obj_id,pz_sep,pz_type,pz_mag_r,pz_mag_z,z_phot,z_phot_std,z_spec,pz_n_gal,status
ZTF22abzhahz,4.058581708377561,SER,20.515867,21.050985,0.061459,0.044696,,14.0,ok_dr9
ZTF23aaqmveu,,,,,,,,,empty
ZTF18adazbol,0.07693158918475586,SER,17.834408,17.208326,0.091218784,0.010718089,,32.0,ok_dr10
ZTF18aaqfziz,6.111235006829673,DEV,14.081197,13.321984,0.03476274,0.010546478,0.053826064,10.0,ok_dr10
ZTF25acctbaz,4.631604265898616,EXP,15.186409,,,,,6.0,ok_dr9
ZTF24aasvscv,15.728351722724955,EXP,20.640163,,0.038372,0.115313,,13.0,ok_dr9
ZTF19acvdzfq,1.3141980751191524,SER,16.270523,15.52668,0.041109815,0.014065185,0.02361253,13.0,ok_dr10
ZTF24aauuovk,,,,,,,,,empty
ZTF21aagtoic,4.1423367342506445,DUP,,,,,,14.0,ok_dr9
ZTF20aascwar,7.232265813645834,DUP,,,,,,19.0,ok_dr9
ZTF19aakiwxx,0.5521752276285439,REX,23.439972,21.246418,0.931766,0.107327,,15.0,ok_dr9
ZTF24aafnwpr,2.417657115926595,EXP,20.98429,20.668364,0.260278,0.21988,,11.0,ok_dr9
ZTF25abxotzn,3.2380451985625376,SER,15.951655,15.164632,0.075936,0.011007,,14.0,ok_dr9
ZTF24abtalyw,5.715361685790839,SER,16.460997,16.041517,0.044683855,0.010102099,,17.0,ok_dr10
ZTF24abmvicj,7.56545234248477,REX,21.96777,,0.047313,0.300971,,14.0,ok_dr9
ZTF21aalrkqr,1.6588382669391546,REX,21.681347,20.346586,0.837565,0.055017,,31.0,ok_dr9
ZTF19acjfhom,,,,,,,,,empty
ZTF20acgremo,,,,,,,,,empty
ZTF22aakbzzl,1.0906648280121929,SER,19.569443,19.00747,0.14553088,0.050005257,,15.0,ok_dr10
ZTF21aagmqic,,,,,,,,,empty
ZTF21aajfpwk,19.764102002211818,REX,22.516018,21.661575,0.74026,0.155402,,8.0,ok_dr9
ZTF23aavugvk,3.1620339432052513,SER,16.939066,16.318462,0.095557235,0.015960172,,11.0,ok_dr10
ZTF22aaafbrd,5.694637098232599,SER,16.81907,16.237844,0.079553425,0.013331908,,14.0,ok_dr10
ZTF21abmdgyx,8.203734450031883,REX,23.73002,23.050102,0.90271723,0.28520393,,34.0,ok_dr10
ZTF21abhtaiv,0.3296484765486907,SER,17.529295,16.975727,0.072461,0.011834,,13.0,ok_dr9
ZTF18achmxsx,5.485030930034867,SER,16.031204,15.330935,0.07548183,0.010983601,0.084044166,11.0,ok_dr10
ZTF21abhrmrv,2.1155367165419077,SER,18.323837,17.689512,0.055033013,0.019716071,,10.0,ok_dr10
ZTF22abyivoq,2.743301855556406,SER,17.703901,17.549267,0.033594318,0.03149548,,13.0,ok_dr10
ZTF25aajsaas,3.910112713197098,REX,23.323706,22.412355,1.034519,0.200863,,13.0,ok_dr9
ZTF23aavmcbq,0.25767337852285505,SER,19.572954,19.391655,0.083659,0.027917,,6.0,ok_dr9
ZTF24aautbcb,1.6733010626303695,SER,15.695768,15.061682,0.03521137,0.006821731,0.038304105,23.0,ok_dr10
ZTF23aacceix,0.15406046875350704,REX,,18.532225,,,,2.0,ok_dr10
ZTF25abihgig,1.1053321605439512,DEV,16.224873,15.600433,0.0727,0.011188,,10.0,ok_dr9
ZTF24abefrsz,,,,,,,,,empty
ZTF18acbzvpg,5.762739869761653,SER,13.895161,13.455964,0.015647,0.007581,0.02525,7.0,ok_dr9
ZTF18abltdkd,3.229508332449043,SER,20.955015,20.676094,0.10696691,0.090310216,,9.0,ok_dr10
ZTF19acqehbt,7.172839745222439,DUP,,,,,,9.0,ok_dr10
ZTF20aaaxerd,0.8865249953999416,REX,17.531725,17.15906,0.052963275,0.012959815,,25.0,ok_dr10
ZTF19aakljys,0.5686400708503174,REX,16.159409,15.85071,0.045746,0.008192,0.043973,11.0,ok_dr9
ZTF23abrqzjb,3.67268867593005,SER,17.872139,17.290232,0.06514814,0.012470171,,13.0,ok_dr10
ZTF25aajfyvr,1.0677123537734319,REX,18.935686,18.728561,0.05531635,0.026542302,,16.0,ok_dr10
ZTF23abfglcy,6.131813212674815,SER,16.272652,15.919656,0.034054,0.005244,,13.0,ok_dr9
ZTF21aakildf,1.0556012830704222,EXP,22.089087,,0.3529,0.415153,,13.0,ok_dr9
ZTF20abvtybi,2.049441122708791,REX,23.409603,23.175058,0.874831,0.320746,,17.0,ok_dr9
ZTF24ablvhhd,,,,,,,,,empty
ZTF18absdxpk,9.931508671495893,EXP,21.91306,21.563038,0.4100862,0.14528072,,10.0,ok_dr10
ZTF19abvgnxg,,,,,,,,,empty
ZTF20acogywb,10.030570767228738,SER,13.123346,12.647449,0.034292,0.015873164,,1.0,ok_dr10
ZTF19abylcik,,,,,,,,,empty
ZTF25abzyzac,0.23952901906497764,REX,23.23085,23.13204,0.62920046,0.50747234,,20.0,ok_dr10
ZTF22aahhgue,0.32333477788309267,REX,20.218708,20.01955,0.150245,0.063776,,16.0,ok_dr9
ZTF24aaypock,0.7882252249866889,SER,17.260569,16.8987,0.072694,0.011729,,19.0,ok_dr9
ZTF19aafljiq,0.24643514764221455,SER,19.292063,18.993114,0.10830355,0.06041163,,26.0,ok_dr10
ZTF25abupdae,1.6943310643145753,SER,17.862404,17.928827,0.011666,0.009093,,10.0,ok_dr9
ZTF19aalafip,12.079611837744375,DUP,,,,,,16.0,ok_dr10
ZTF22aagyuao,0.022355571051733907,SER,17.78481,17.121122,0.119513,0.008184,,8.0,ok_dr9
ZTF25aatclux,0.3752158168644533,REX,19.031775,18.879261,0.048308305,0.05961673,,19.0,ok_dr10
ZTF19aakpfax,1.4164709653251937,SER,16.90605,16.054142,0.095614,0.015691,0.079942,9.0,ok_dr9
ZTF20aajjxwc,2.9452993846224427,DEV,21.618906,,0.635117,0.295677,,8.0,ok_dr9
ZTF25abwlkze,3.2768347632539125,SER,20.463427,20.372702,0.058642,0.048971,,19.0,ok_dr9
ZTF21abowsub,4.253200176771296,SER,16.619738,15.900507,0.066291,0.013717,0.075855,13.0,ok_dr9
ZTF21abqvykn,0.8674452715358933,EXP,21.458366,21.198204,0.12182598,0.060571488,,22.0,ok_dr10
ZTF18abhqdpv,1.2412431534718333,SER,17.162561,16.823027,0.033375707,0.012906726,,11.0,ok_dr10
ZTF25aatqacd,1.1038557950097743,SER,20.971447,21.32702,0.047453836,0.1459637,,33.0,ok_dr10
ZTF18aczergg,0.02893610140912238,REX,18.324255,17.357893,0.35869938,0.61834526,,24.0,ok_dr10
ZTF19abzulhk,,,,,,,,,empty
ZTF24abyatmu,6.987419618354278,SER,14.937247,14.272287,0.058789,0.004688,0.057986,24.0,ok_dr9
ZTF24abljlca,0.7074513413695528,SER,17.13971,16.631027,0.05405865,0.014864773,,12.0,ok_dr10
ZTF23abhzfww,0.33908232174184355,EXP,19.612005,19.508204,0.02629336,0.17912054,,28.0,ok_dr10
ZTF24aaopngg,1.6848865111467843,SER,13.959579,13.104898,0.030067109,0.013953587,0.04366223,11.0,ok_dr10
ZTF21abuibjs,,,,,,,,,empty
ZTF20aazgtmp,0.8771516139087578,SER,16.624067,16.107666,0.028415883,0.0067369337,0.023708215,28.0,ok_dr10
ZTF21abdahjc,11.24352961648695,REX,23.12462,22.108648,0.94471526,0.19721083,,13.0,ok_dr10
ZTF22aaypvib,0.1250861770830423,SER,17.105928,16.350912,0.11222168,0.009598845,,14.0,ok_dr10
ZTF22abaxtfy,3.0745749062939622,SER,16.933609,16.314873,0.06119549,0.008329043,0.056185856,49.0,ok_dr10
ZTF19aaxqsbn,1.7981791771579967,SER,15.196358,14.392902,0.036089,0.013984,,8.0,ok_dr9
ZTF19aboudfp,10.338938690176345,SER,15.849599,15.216073,0.08033062,0.0050159907,,11.0,ok_dr10
ZTF19aanxrkt,0.559575568586248,SER,19.196312,18.868784,0.086871214,0.022723699,,19.0,ok_dr10
ZTF24abvevzs,1.5918742679063813,REX,22.532873,23.369318,0.599176,0.374184,,16.0,ok_dr9
ZTF19adavzew,2.1631048427440116,SER,17.933504,17.564548,0.06940444,0.018078027,,19.0,ok_dr10
ZTF24abdirzu,1.8091963502469552,EXP,21.160368,20.928722,0.11306403,0.08398581,,13.0,ok_dr10
ZTF18abxqemv,0.2432741829256161,EXP,21.548702,21.501999,0.12728749,0.33232,,32.0,ok_dr10
ZTF25aavguaf,0.6201173621120785,REX,19.223219,18.820168,0.12168194,0.019959355,,17.0,ok_dr10
ZTF19abzmoov,7.3604512683622465,DUP,,,,,,18.0,ok_dr10
ZTF20aavvzlw,1.2980474996687934,SER,16.901056,16.438412,0.03665382,0.010060098,,7.0,ok_dr10
ZTF18acxyarg,1.1344694334721435,SER,17.24337,16.885002,0.04172,0.010386,0.040832,11.0,ok_dr9
ZTF21aaqmoof,0.6899626241484524,SER,19.42987,18.96762,0.11190951,0.1499173,,15.0,ok_dr10
ZTF24aarxtma,0.90574469889291,REX,18.840607,18.472027,0.109307,0.034048,,9.0,ok_dr9
ZTF24aagupsf,8.596944420605423,SER,14.49847,14.069897,0.03001,0.004656,0.031608,8.0,ok_dr9
ZTF18adaldgc,0.06772588745689889,REX,18.589027,17.842237,0.41852856,0.33023086,,17.0,ok_dr10
ZTF25abuvlkk,,,,,,,,,empty
ZTF19aakpcfi,0.7466205464184904,EXP,22.029665,22.436749,0.092374526,0.29051495,,21.0,ok_dr10
ZTF20aaormnl,0.06872275866432778,SER,17.700697,17.43277,0.021381792,0.012537752,,16.0,ok_dr10
ZTF18aclieva,1.3552659577722543,SER,14.374205,13.871647,0.028008,0.004524,,9.0,ok_dr9
ZTF19abfqhis,1.9238957967472865,EXP,22.487013,22.313337,0.6043252,0.5215894,,29.0,ok_dr10
ZTF20abnbilr,,,,,,,,,empty
ZTF19abpzuzd,1.1784397552613899,EXP,20.332964,19.826803,0.26223326,0.048582703,,6.0,ok_dr10
ZTF24abdakwo,,,,,,,,,empty
ZTF22aavakpj,3.1151495967324605,REX,,19.667782,,,,16.0,ok_dr10
ZTF20aatzwgk,12.326464327977034,DUP,,,,,,5.0,ok_dr10
ZTF22abpxxil,5.067671852904594,EXP,18.328163,17.957575,0.07357058,0.05988582,,7.0,ok_dr10
ZTF18abjkryl,,,,,,,,,empty
ZTF19acyitga,2.0676023270146553,DEV,22.262636,21.917444,0.3762481,0.28964135,,24.0,ok_dr10
ZTF25acfwyhj,4.45302117669807,DUP,,,,,,8.0,ok_dr9
ZTF22aaemvhi,1.822011319077175,SER,,,,,,9.0,ok_dr10
ZTF23abjpcza,,,,,,,,,empty
ZTF22abembaz,2.6230121995409847,REX,22.34693,21.301418,0.93725604,0.2946243,,27.0,ok_dr10
ZTF23aaqcaeo,2.804004647777763,SER,20.580494,21.265568,0.048692565,0.0848281,,17.0,ok_dr10
ZTF18acbznkf,0.09290199348599923,SER,18.88815,18.416832,0.072566,0.026757,,16.0,ok_dr9
ZTF23aazwytj,7.1437755304808155,SER,12.962409,12.330546,0.023936965,0.00427953,0.029573437,6.0,ok_dr10
ZTF23abjfrbi,0.5174902128352525,REX,22.389963,26.389914,0.17977285,0.37601727,,22.0,ok_dr10
ZTF20achoqvb,5.515763504453377,SER,15.697083,15.182292,0.025738074,0.004621529,0.030598093,22.0,ok_dr10
ZTF20abxyayj,0.1685926745807216,SER,17.821457,17.453888,0.21041687,0.039242495,,40.0,ok_dr10
ZTF20aafdzfo,3.7507994051624527,SER,17.688543,16.766695,0.28601924,0.018674785,,26.0,ok_dr10
ZTF21aarzgql,2.522472761204062,SER,20.138231,19.823435,0.10720498,0.051670797,,15.0,ok_dr10
ZTF20aatqgeo,1.6689218691810337,SER,14.400472,13.837778,0.025965603,0.0051962873,0.03192566,12.0,ok_dr10
ZTF18aavohdq,0.17454960490590724,SER,16.91433,16.367746,0.12135507,0.028593028,,39.0,ok_dr10
ZTF22abveefy,,,,,,,,,empty
ZTF25abxxkod,2.8281413906568327,DUP,,,,,,38.0,ok_dr9
ZTF18aaybfsd,6.235085029679239,SER,15.027057,14.440891,0.041523,0.010437,0.040133,9.0,ok_dr9
ZTF23aadjqvm,4.687795158119947,SER,17.214922,16.584293,0.05811673,0.01249442,0.044635467,38.0,ok_dr10
ZTF22abulusd,21.21377890390469,REX,21.316576,20.011738,0.5794502,0.10095159,,3.0,ok_dr10
ZTF21abxowzx,0.3458803622418876,REX,19.939117,19.289736,0.36792603,0.05230497,,12.0,ok_dr10
ZTF21aaxjiii,,,,,,,,,empty
ZTF25aaaalin,0.8313474159615458,EXP,21.747345,21.726065,0.13311982,0.3563536,,20.0,ok_dr10
ZTF23aaftnvx,0.37549379351210765,REX,21.04677,20.778845,0.11676054,0.09072978,,10.0,ok_dr10
ZTF23abvbwys,6.6000268086774785,EXP,23.556635,22.41873,0.8718534,0.17415775,,19.0,ok_dr10
ZTF19acyjzbe,1.335771721794959,REX,,22.10405,,,,9.0,ok_dr9
ZTF21aapvoqy,19.081443095483262,REX,21.943132,21.11352,,,,3.0,ok_dr10
ZTF20acvbcrd,,,,,,,,,empty
ZTF20aacbgvj,,,,,,,,,empty
ZTF19aacwjfb,0.1835066167358896,DEV,14.400307,13.829104,0.042630784,0.006802019,0.0301221,10.0,ok_dr10
ZTF19abgmjtu,0.5311226431011944,SER,18.383469,18.137238,0.07175188,0.037206408,,23.0,ok_dr10
ZTF22aarwpcf,1.3359386613993476,REX,,,,,,15.0,ok_dr10
ZTF21aaabzap,3.828138952833386,SER,22.164629,22.2872,0.11712017,0.5282048,,20.0,ok_dr10
ZTF19abitljz,1.8912304748053692,EXP,19.622637,19.126986,0.17591593,0.044722185,,14.0,ok_dr10
ZTF19acfsjcu,1.650897373465841,SER,14.450759,13.993829,0.02065396,0.006881177,,34.0,ok_dr10
ZTF20aazhzna,2.966356790270216,DUP,,,,,,18.0,ok_dr10
ZTF21acdbcxy,,,,,,,,,empty
ZTF20aamhocj,1.5015709985764285,REX,19.400522,19.052488,0.081844,0.041653,,7.0,ok_dr9
ZTF23abobwsd,,,,,,,,,empty
ZTF20aavofki,1.2909184409785277,REX,20.450481,19.737652,0.488265,0.045408,,7.0,ok_dr9
ZTF20aaurjbj,0.29240962527855596,SER,17.263235,17.162476,0.015048,0.014319,,20.0,ok_dr9
ZTF25aajobsh,2.123744438921276,SER,17.724354,17.294971,0.054736,0.013034,,14.0,ok_dr9
ZTF19acjifxp,3.2599353435926024,SER,13.719633,13.216206,0.022563303,0.006925293,0.01365656,21.0,ok_dr10
ZTF24aahnefg,0.9391253190279286,SER,16.233679,15.62673,0.047990955,0.010340028,,9.0,ok_dr10
ZTF21abtfogg,13.311988162801354,REX,24.093807,23.265497,1.0611103,0.29954657,,12.0,ok_dr10
ZTF20aappgod,1.9809148852235918,REX,22.457533,22.072031,0.243026,0.31691137,,24.0,ok_dr10
ZTF19aaxfcpq,6.118006462847444,DUP,,,,,,20.0,ok_dr9
ZTF23abayogx,3.540156357389245,REX,22.384558,22.098354,0.47447142,0.05849967,,24.0,ok_dr10
ZTF21aaabvit,3.2759557953708143,SER,9.927917,9.255832,0.0064426195,0.004945541,,13.0,ok_dr10
ZTF18adbadqp,0.5599250342731769,REX,21.193108,20.77513,0.95414376,0.3351949,,23.0,ok_dr10
ZTF25aaxegmh,0.1829129571771118,REX,21.327568,21.277325,0.212642,0.10651837,,48.0,ok_dr10
ZTF22abqxkhd,4.751241723059825,EXP,16.861498,16.699175,0.020923069,0.19952044,,18.0,ok_dr10
ZTF22aadeurv,1.6225296706293977,REX,19.744343,19.616451,0.133197,0.162473,,13.0,ok_dr9
ZTF19aatgwhs,5.301639685255315,REX,21.183014,,0.132982,0.213876,,21.0,ok_dr9
ZTF23abnyvka,1.932759795108062,SER,17.191221,16.822882,0.06838677,0.009505949,,31.0,ok_dr10
ZTF21aabhqng,1.371314295122605,REX,22.482073,22.45173,0.6521325,0.6610927,,8.0,ok_dr10
ZTF19abceftq,0.12085577102106713,SER,,,,,,7.0,ok_dr10
ZTF23abvgvab,0.5126692336203951,EXP,19.856123,19.768932,0.06101,0.096125,,3.0,ok_dr9
ZTF22abyiqfa,2.3019291407039186,EXP,20.82069,21.1723,0.04061624,0.0253053,,26.0,ok_dr10
ZTF23abgnkrr,3.8938544580398777,SER,16.486652,15.938617,0.082230434,0.01660024,,36.0,ok_dr10
ZTF22abjrqxz,2.9550897303720007,EXP,19.72262,19.259739,0.12747401,0.033612438,,8.0,ok_dr10
ZTF21aajvukh,7.486478164315653,DUP,,,,,,20.0,ok_dr10
ZTF25aarxine,4.231302242388007,SER,17.51216,17.02167,0.104772,0.016544,,10.0,ok_dr9
ZTF23abjpakq,6.918910056299646,DUP,,,,,,20.0,ok_dr10
ZTF21aaqhqke,0.11585866493413542,SER,18.40401,17.885292,0.09951255,0.018530414,,17.0,ok_dr10
ZTF25abxfsza,13.796702275113663,EXP,22.033262,21.935986,0.255838,0.121379,,11.0,ok_dr9
ZTF18aajrwju,8.583549064384211,REX,21.137169,22.124111,0.286485,0.388045,,13.0,ok_dr9
ZTF18acisruf,0.08901494696795903,EXP,21.233915,21.048138,0.16165076,0.10748161,,11.0,ok_dr10
ZTF21aabvqlo,8.297242568142803,REX,16.233398,15.652905,0.087019,0.011945,0.080125,13.0,ok_dr9
ZTF22abfwign,0.2957538437403998,REX,19.40972,19.03828,0.096444,0.051404,,7.0,ok_dr9
ZTF23aamgeom,13.160780909546084,DUP,,,,,,18.0,ok_dr10
ZTF20aczsjzc,5.872505782328464,SER,16.404306,15.993358,0.069224,0.010597,0.077108,19.0,ok_dr9
ZTF19acykaae,2.3193111634265455,SER,19.10555,18.892893,0.07497092,0.049715288,,23.0,ok_dr10
ZTF22aaabnan,9.771042657799748,SER,14.888018,14.39787,0.04507,0.009188,0.053124,15.0,ok_dr9
ZTF18aayivoq,0.487663930934768,SER,15.635925,14.958896,0.072457,0.005542,0.079248,7.0,ok_dr9
ZTF19abfjjbi,0.16532684174831352,SER,15.808016,15.178869,0.074054,0.016853,,9.0,ok_dr9
ZTF22aaacwcc,1.2837064042113056,EXP,22.30236,26.11105,0.057534,0.134101,,17.0,ok_dr9
ZTF22aaambwy,,,,,,,,,empty
ZTF19acykjad,0.24124804850803389,SER,17.249802,16.59276,0.055346552,0.010964502,,14.0,ok_dr10
ZTF19acbhvgi,0.8992403705336895,EXP,20.788275,20.124376,0.84276825,0.18355939,,19.0,ok_dr10
ZTF24aajplyg,2.2732001831594286,SER,19.191797,19.053453,0.08098387,0.03680969,,26.0,ok_dr10
ZTF19aafltef,0.4195495846778349,DUP,,,,,,17.0,ok_dr10
ZTF25aaprgjx,4.4960293812319785,REX,23.803581,23.929598,1.0328791,0.55090016,,20.0,ok_dr10
ZTF23aaatrek,,,,,,,,,empty
ZTF23abbczlg,1.145701725120722,SER,21.330687,20.70042,0.5893224,0.16704209,,18.0,ok_dr10
ZTF20actquzl,4.521597953836041,SER,17.54379,17.292795,0.032612,0.006586,0.042182,12.0,ok_dr9
ZTF21aaaokyp,0.05988472408029856,REX,19.638874,19.151402,0.14216717,0.039397098,,16.0,ok_dr10
ZTF20abzvxyk,0.32294006252010904,SER,16.708946,16.340433,0.080742255,0.021116436,,23.0,ok_dr10
ZTF23aazrbus,1.7751140412778572,REX,,22.732122,,,,13.0,ok_dr10
ZTF19aandjiw,,,,,,,,,empty
ZTF21abufayv,1.6590001395236162,EXP,19.289217,18.882074,0.11698393,0.026218409,,10.0,ok_dr10
ZTF23abjxqwr,0.5359193129040852,SER,17.29729,16.834581,0.055389732,0.031988993,,40.0,ok_dr10
ZTF20abpuijn,8.084696448450561,REX,24.044132,23.4148,1.1736882,0.44041765,,26.0,ok_dr10
ZTF25abwlocm,11.93645856314102,DUP,,,,,,15.0,ok_dr9
ZTF19abxiqve,,,,,,,,,empty
ZTF25acgxbpg,,,,,,,,,empty
ZTF20abzjcdg,3.2335882356210424,SER,,14.490824,,,,16.0,ok_dr10
ZTF25abuzfte,0.032399434242280506,REX,17.805075,17.19355,0.114963,0.013606,,10.0,ok_dr9
ZTF18abzbkby,3.6433864488177954,SER,17.213406,16.79994,0.0285541,0.008251062,0.025885608,10.0,ok_dr10
ZTF18adazgdh,1.1583125756361001,SER,17.082891,16.59143,0.08251676,0.009438761,0.07670116,22.0,ok_dr10
ZTF24abzfqtk,2.134197078013077,SER,17.824947,17.363756,0.10563574,0.013695298,,25.0,ok_dr10
ZTF24aavttjp,0.8694429628128936,REX,,,,,,6.0,ok_dr10
ZTF19aanhdwf,4.330915819698963,REX,18.05562,17.619028,0.10773273,0.021029508,,20.0,ok_dr10
ZTF19abegxob,8.664292486321242,DEV,21.020197,21.767677,0.26507512,0.19590826,,12.0,ok_dr10
ZTF21abrzsol,1.3298381173328657,SER,15.230281,14.595336,0.036790226,0.0039336663,,46.0,ok_dr10
ZTF20acauthg,,,,,,,,,empty
ZTF21abvicne,13.371406051522955,SER,13.374149,12.623043,0.0393114,0.007587975,,11.0,ok_dr10
ZTF17aaahrni,7.159318317216533,REX,,,,,,17.0,ok_dr10
ZTF21aapnlfx,0.18984509413356315,EXP,22.219057,21.90823,0.55049103,0.50425273,,11.0,ok_dr10
ZTF22abyergl,0.4197576221521949,SER,16.446074,16.17335,0.038532346,0.01509812,,20.0,ok_dr10
ZTF18abdjmfh,12.63200858236754,REX,24.745323,23.8109,1.1400933,0.43354395,,10.0,ok_dr10
ZTF19abdzehg,3.195397608716723,EXP,22.163239,22.163565,0.14836001,0.3687745,,47.0,ok_dr10
ZTF19acgaxej,2.0131000965275994,SER,22.047688,22.670387,0.11730568,0.33179724,,105.0,ok_dr10
ZTF23abnrtcb,0.21430810797652916,SER,19.810194,19.647236,0.068068005,0.031134507,,27.0,ok_dr10
ZTF20actjbaf,,,,,,,,,empty
ZTF18abrfccm,0.49899779421522755,DUP,,,,,,31.0,ok_dr10
ZTF21acbxtir,2.238246054039227,SER,16.365744,16.09445,0.031074,0.0057,0.02735,16.0,ok_dr9
ZTF23aaqxjta,6.235918428798032,REX,21.836075,21.631693,0.41504538,0.39686614,,16.0,ok_dr10
ZTF19aamqlyl,1.5333226028125155,SER,18.889524,18.703684,0.028807636,0.016746454,,27.0,ok_dr10
ZTF19aatgrxv,1.1890726245546737,SER,18.59888,18.310549,0.04330623,0.028467802,,8.0,ok_dr10
ZTF22abygkts,1.7523473254279007,EXP,24.138647,,0.3660943,0.45560652,,31.0,ok_dr10
ZTF21aaaewsb,1.264149853874295,SER,18.31586,17.858366,0.07057959,0.014140506,,20.0,ok_dr10
ZTF19aavhzsc,12.875293970091878,DEV,21.67914,21.583275,0.476809,0.200694,,10.0,ok_dr9
ZTF19aazdroc,9.534999146417656,REX,24.609594,23.492067,1.3498446,0.40515304,,33.0,ok_dr10
ZTF25aaurzyo,1.3601369311372162,SER,18.704891,18.271336,0.105043,0.025185,,18.0,ok_dr9
ZTF21abfjlxb,2.3202793881836685,REX,22.52682,22.49961,0.22404906,0.51007825,,34.0,ok_dr10
ZTF18achaqmd,5.32568286697976,SER,18.830069,18.621674,0.02212092,0.023249898,,16.0,ok_dr10
ZTF23aacztqb,,,,,,,,,empty
ZTF23abcdorg,1.8117719649417117,EXP,22.815384,22.752417,0.29517683,0.533459,,15.0,ok_dr10
ZTF24aaiehwu,4.4096415224584025,REX,,23.587173,,,,12.0,ok_dr10
ZTF25acgfdia,,,,,,,,,empty
ZTF19abqyoxt,0.6958564532935742,SER,21.37983,21.49065,0.06635,0.093345,,21.0,ok_dr9
ZTF22aapenmy,31.279391539982697,REX,,21.070923,,,,2.0,ok_dr10
ZTF23abjehlx,,,,,,,,,empty
ZTF22aalizik,0.14346323289424903,REX,22.955198,22.515911,0.45665145,0.22839387,,12.0,ok_dr10
ZTF25acitiuq,8.147161680306198,REX,24.062208,22.806713,1.0472476,0.198871,,25.0,ok_dr10
ZTF24abkjtsn,3.2388688852803518,DUP,,,,,,25.0,ok_dr10
ZTF22abnwpmq,2.099868103909313,SER,17.975332,17.373293,0.1922245,0.05368899,,3.0,ok_dr10
ZTF23abauhqr,0.9501505582372323,SER,18.683216,18.342813,0.114451,0.027918,,14.0,ok_dr9
ZTF18acclexy,0.5692633353337753,SER,16.985424,16.291931,0.08133121,0.006894603,,12.0,ok_dr10
ZTF20aagewqr,2.835692891511549,DUP,,,,,,26.0,ok_dr10
ZTF19acpmuwu,,,,,,,,,empty
ZTF19aauisdr,4.905045773241169,SER,17.322683,16.974077,0.039785527,0.0090854755,0.043277044,10.0,ok_dr10
ZTF20abliiex,,,,,,,,,empty
ZTF22abjeeqt,2.5432473182315083,SER,19.783913,19.110008,0.25037894,0.12803498,,21.0,ok_dr10
ZTF18abcdzyc,0.3503495697125249,SER,16.251822,15.671329,0.049599,0.004858,0.055724,5.0,ok_dr9
ZTF24aahggdt,0.7498342882418458,REX,20.305126,20.183628,0.085674,0.058811,,9.0,ok_dr9
ZTF18aaroihe,9.44340480265578,SER,14.475965,13.916809,0.045165,0.006466,0.048253,6.0,ok_dr9
ZTF22aauiabm,,,,,,,,,empty
ZTF18abhhnnv,9.09214125595426,REX,22.730972,22.215979,0.54700756,0.5438294,,21.0,ok_dr10
ZTF20aciugdl,6.7911873950022335,REX,23.335653,22.321974,1.1082829,0.20882301,,16.0,ok_dr10
ZTF20aauhbvu,,,,,,,,,empty
ZTF25abtaiij,0.7838547724331701,SER,18.952085,18.673365,0.10515685,0.07047935,,13.0,ok_dr10
ZTF20aazcnnw,11.063397899170788,REX,23.717436,23.258541,1.037045,0.39703226,,8.0,ok_dr10
ZTF22aajryew,2.5437503656193194,SER,14.602808,13.949165,0.052586,0.004524,,12.0,ok_dr9
ZTF22aajakms,0.207376468847425,SER,17.549664,17.224102,0.052301,0.013728,,4.0,ok_dr9
ZTF21abedvkp,2.6487118812621424,SER,19.520805,19.375141,0.070562,0.03578,,7.0,ok_dr9
ZTF19aatgrpm,3.1278604970311035,SER,18.081223,17.519718,0.044424504,0.024324697,,20.0,ok_dr10
ZTF21acjeegy,4.550210175840032,SER,13.036462,12.388865,0.020688357,0.0044258526,,2.0,ok_dr10
ZTF24abcubkx,10.920586648189628,SER,15.877407,15.157946,0.0782473,0.011656485,,22.0,ok_dr10
ZTF22aavqlzi,,,,,,,,,empty
ZTF23abndgbw,6.937587563012374,DUP,,,,,,6.0,ok_dr10
ZTF24abxvxpa,,,,,,,,,empty
ZTF20actfoxr,,,,,,,,,empty
ZTF23abffvrm,,,,,,,,,empty
ZTF25aanbnfj,0.25430527913496653,SER,16.573086,16.292696,0.07409854,0.016693383,,25.0,ok_dr10
ZTF21ablxfwc,,,,,,,,,empty
ZTF21abjciip,5.761975458076617,SER,16.89718,16.391415,0.087667,0.017729,0.066872,18.0,ok_dr9
ZTF23aaejvsg,6.523304150722134,SER,14.410382,13.578569,0.057655998,0.007720376,,27.0,ok_dr10
ZTF22aaslkoa,,,,,,,,,empty
ZTF21aappkns,2.8631451684597096,EXP,18.134735,18.397001,0.020830698,0.21645246,,66.0,ok_dr10
ZTF22absdier,,,,,,,,,empty
ZTF25abghevu,1.3532289788258,SER,17.98036,17.62398,0.056571,0.023729,,18.0,ok_dr9
ZTF20abpuwxl,7.330141403021457,REX,24.01416,23.179739,0.9580809,0.26006708,,15.0,ok_dr10
ZTF25aabzbve,1.1040050597134612,REX,22.938675,22.882687,0.5567689,0.4646766,,21.0,ok_dr10
ZTF18acbudzo,16.3653373127864,REX,24.885351,23.991188,1.1343772,0.4724085,,11.0,ok_dr10
ZTF25aboyusb,7.101840939786573,SER,15.600827,15.142377,0.027874,0.006907,0.021455,9.0,ok_dr9
ZTF19abzqkdz,0.9745530742704713,REX,19.013744,18.507988,0.14669669,0.024730673,,16.0,ok_dr10
ZTF22abivkuq,1.9326828889101537,EXP,19.165215,19.237595,0.016608,0.020472,,14.0,ok_dr9
ZTF19aauhwbp,5.70478550649103,SER,14.176926,13.622797,0.037992,0.003389,0.039417,14.0,ok_dr9
ZTF24absgzvv,0.9280275916968506,SER,18.764706,18.496075,0.05573876,0.018581133,,22.0,ok_dr10
ZTF21abyqrli,1.4340033607240439,EXP,19.92918,19.853113,0.034584,0.076335,,14.0,ok_dr9
ZTF21aaabtyq,3.7445054219362137,EXP,21.010761,21.20978,0.018263,0.028427,,16.0,ok_dr9
ZTF24aascytf,0.5330730534076386,SER,19.1009,18.944681,0.038417,0.032323,,20.0,ok_dr9
ZTF25aafifqa,1.9765158072761164,EXP,19.07336,18.634907,0.105883,0.03346,,12.0,ok_dr9
ZTF20aafclqz,0.9838500539440399,SER,17.603724,17.512085,0.017129,0.010455,0.03278,14.0,ok_dr9
ZTF21abpryuv,9.492436283884256,REX,,21.97249,,,,23.0,ok_dr10
ZTF18acvjnst,2.946952287192429,REX,23.012264,21.556055,0.89835286,0.17181651,,32.0,ok_dr10
ZTF18aasxvsg,0.5627814441830526,SER,16.43815,16.052883,0.024632,0.004861,0.024803,10.0,ok_dr9
ZTF20aayrobw,2.3437706117090085,EXP,19.355827,19.228092,0.069705,0.039235,,7.0,ok_dr9
ZTF21aaglgcb,,,,,,,,,empty
ZTF24aacivdo,6.376942620614488,REX,20.52219,20.334166,0.098140314,0.10518543,,17.0,ok_dr10
ZTF23abkhajf,10.878927048705288,SER,15.966111,15.670514,0.027384,0.006148,0.025203,10.0,ok_dr9
ZTF18acakwsu,5.358148354167219,REX,15.553928,15.152686,0.064991966,0.07916182,,20.0,ok_dr10
ZTF23aamgmay,3.168139284455564,DUP,,,,,,12.0,ok_dr9
ZTF22abkkhao,,,,,,,,,empty
ZTF21abicabp,4.24355704786092,SER,16.98053,16.43498,0.06703824,0.010534862,,8.0,ok_dr10
ZTF19achvpik,1.8376892950372126,REX,,22.505026,,,,18.0,ok_dr10
ZTF24abjjeet,,,,,,,,,empty
ZTF22abtnuch,0.37723521813735916,SER,16.829731,16.11465,0.11713703,0.014310117,,26.0,ok_dr10
ZTF18absqhza,8.934554859881409,REX,24.342861,22.9317,1.000859,0.19816163,,13.0,ok_dr10
ZTF24aatdjua,0.3137016640547545,DUP,,,,,,6.0,ok_dr10
ZTF23aajfere,2.6027197871889465,EXP,22.282513,23.44434,0.0984398,0.40640047,,23.0,ok_dr10
ZTF20acpjcoe,0.1625233522694246,SER,19.811747,19.42857,0.08500123,0.05053614,,19.0,ok_dr10
ZTF18abpmwfx,,,,,,,,,empty
ZTF22aajjdkr,9.088043420582535,DUP,,,,,,14.0,ok_dr10
ZTF19aatihek,,,,,,,,,empty
ZTF19aailepg,2.1808739770037984,DEV,21.955761,20.9781,0.817411,0.12241127,,28.0,ok_dr10
ZTF21aaxwnlr,4.073470745606354,SER,,,,,,8.0,ok_dr10
ZTF24aawhjnm,5.776845299138902,DUP,,,,,,4.0,ok_dr10
ZTF18aahpbal,0.11255833228121223,DUP,,,,,,11.0,ok_dr10
ZTF19acytidb,1.0401747512644952,DUP,,,,,,11.0,ok_dr10
ZTF19abegizf,1.8950342474635782,SER,,,,,,8.0,ok_dr10
ZTF21aalydkl,0.2616130535852458,REX,23.91247,24.460857,1.108412,0.57193136,,33.0,ok_dr10
ZTF23abbaqbs,,,,,,,,,empty
ZTF23aawtmcf,5.942473595778133,REX,17.621407,17.372696,0.008890412,0.16195363,,10.0,ok_dr10
ZTF22aaoemmz,10.877367867970749,REX,23.764818,22.990322,0.8589405,0.25435728,,19.0,ok_dr10
ZTF20aclxbwk,4.18968010913281,SER,16.728117,16.088121,0.06490413,0.023601446,,70.0,ok_dr10
ZTF25abjqeok,0.9329387753192342,EXP,21.400171,21.243187,0.17688188,0.09892495,,13.0,ok_dr10
ZTF18abzmujj,,,,,,,,,empty
ZTF21aayrbnn,1.0580680643840596,REX,19.929102,19.71768,0.090678,0.042878,,15.0,ok_dr9
ZTF21aareexg,0.13139364076185583,SER,17.71854,17.116676,0.0929649,0.013967815,,19.0,ok_dr10
ZTF20aawjbsf,0.5805715544541418,REX,17.68167,17.295532,0.12218738,0.06859545,0.022197843,24.0,ok_dr10
ZTF25abxhgoi,4.760872441573649,SER,16.315842,15.975955,0.06078505,0.011466162,,29.0,ok_dr10
ZTF23absjgww,9.564117066133885,REX,19.81231,20.08901,0.036551,0.076391,,21.0,ok_dr9
ZTF25abwpbqb,14.335960645389813,DUP,,,,,,19.0,ok_dr10
ZTF21abwzpgf,2.8919412788016112,REX,17.213335,17.061682,0.019343583,0.010131556,,5.0,ok_dr10
ZTF20aabqkxs,10.759913131281154,SER,10.378204,9.644477,0.020861493,0.008803099,,4.0,ok_dr10
ZTF25aceixir,,,,,,,,,empty
ZTF19aavidqf,4.649325029059392,SER,16.301048,15.622697,0.09584,0.011816,,7.0,ok_dr9
ZTF20abvycao,2.0051200392099697,SER,18.871397,18.611866,0.06501609,0.03693877,,5.0,ok_dr10
ZTF20aafmdzj,2.5397810173963564,EXP,23.201687,22.784386,0.6569886,0.3472922,,40.0,ok_dr10
ZTF22aahjayr,1.7749852072453352,SER,17.432497,17.001331,0.043473,0.011043,,13.0,ok_dr9
ZTF23abgnvsh,6.614785319776731,SER,13.358391,12.842117,0.022571051,0.0050120386,0.013185478,11.0,ok_dr10
ZTF19aabgncx,0.6442051657581408,SER,16.127987,15.330095,0.04333494,0.059840802,,20.0,ok_dr10
ZTF19aaajarm,1.3855319926278604,SER,17.605179,17.06959,0.18033743,0.052694622,,21.0,ok_dr10
ZTF25abilyro,0.12790381767089584,EXP,20.89607,20.451899,0.351287,0.108981,,4.0,ok_dr9
ZTF19aarhhfx,1.3912914320281793,EXP,21.016441,20.661907,0.11906765,0.23086458,,22.0,ok_dr10
ZTF25acfzcip,0.22736495234286314,REX,22.014662,21.833563,0.14638594,0.10481248,,27.0,ok_dr10
ZTF22abnoofs,0.14158771474659762,SER,14.281548,13.322659,0.038312458,0.009542241,,5.0,ok_dr10
ZTF23abdshyr,3.040965226064583,SER,16.349173,15.61765,0.038418,0.012335,,16.0,ok_dr9
ZTF23aasrkck,,,,,,,,,empty
ZTF25abbslda,1.046174349399669,EXP,,,,,,13.0,ok_dr10
ZTF19acudiph,3.487596593864268,SER,17.03962,16.650654,0.06824866,0.012813468,,21.0,ok_dr10
ZTF24abbiqob,12.886587125264821,SER,,,,,,5.0,ok_dr10
ZTF20acurrzb,0.2996106507187201,SER,16.858139,16.355455,0.07060509,0.014401343,,12.0,ok_dr10
ZTF19acqypso,,,,,,,,,empty
ZTF19acennqf,9.062602129907683,REX,23.24399,22.869366,1.0089184,0.50540954,,20.0,ok_dr10
ZTF19acanzwg,0.09826235234721296,REX,22.785263,22.318333,0.77864766,0.30505967,,16.0,ok_dr10
ZTF22abyrqec,2.4510654950583,SER,17.433409,17.069082,0.04914676,0.02043544,,18.0,ok_dr10
ZTF22abjzweh,0.6641631022919313,SER,18.390486,18.031557,0.113695,0.025539,,10.0,ok_dr9
ZTF25abvcnay,1.5926650975642702,DEV,20.836351,19.504028,0.30698,0.13571486,,28.0,ok_dr10
ZTF19aaaicmw,5.774364282164712,SER,20.446976,19.501434,0.71020293,0.1138211,,32.0,ok_dr10
ZTF18aaivnak,0.44034616429813345,SER,15.600861,14.883819,0.10357558,0.011065749,0.08450537,23.0,ok_dr10
ZTF20aagzqsb,0.4159164438637553,SER,18.023643,17.599081,0.04595666,0.011192553,,27.0,ok_dr10
ZTF23aaiwvdh,0.0816480996496884,SER,19.083553,18.81543,0.055562,0.032888,,6.0,ok_dr9
ZTF25accsisb,5.52124766170594,REX,17.751238,17.570953,0.019472156,0.011632787,,43.0,ok_dr10
ZTF20abzgegm,,,,,,,,,empty
ZTF19acjnaxa,0.3247340314532656,SER,17.433643,16.843098,0.10410302,0.018785965,0.08943632,22.0,ok_dr10
ZTF25aaaszhh,1.1169657961381811,SER,20.794977,20.182686,0.28345582,0.14047441,,19.0,ok_dr10
ZTF19aaozpew,2.0224457794895097,SER,18.396297,18.288626,0.044704597,0.020295346,,32.0,ok_dr10
ZTF20aawqywr,3.4419289059653355,SER,14.678909,13.975544,0.057308,0.018506,0.050006,8.0,ok_dr9
ZTF22abjrcte,5.9700566124911205,SER,16.05054,15.779342,0.025725,0.006799,,9.0,ok_dr9
ZTF21aagnqnz,9.621913815154091,DUP,,,,,,9.0,ok_dr10
ZTF18aaermez,0.24284764418113114,DUP,,,,,,2.0,ok_dr9
ZTF18abmrhom,0.6315138241252861,DEV,15.142781,14.474919,0.069107175,0.011669136,,19.0,ok_dr10
ZTF19acdulhn,,,,,,,,,empty
ZTF21abjaksr,0.6559597587302939,SER,19.921865,19.682127,0.099698246,0.021160683,,8.0,ok_dr10
ZTF25accwqaq,0.8829086897852007,SER,20.587801,20.414501,0.06723631,0.15463538,,16.0,ok_dr10
ZTF21aagolqa,2.8508328005988206,DEV,22.811825,21.526146,0.767309,0.128489,,19.0,ok_dr9
ZTF18abskoyh,0.11346108513483717,EXP,23.127008,23.158764,0.1678119,0.38382813,,35.0,ok_dr10
ZTF20aaqepvb,,,,,,,,,empty
ZTF22abtdbnx,9.80592342411535,EXP,21.516281,,0.0619016,0.19637391,,12.0,ok_dr10
ZTF19acbwjue,1.632018978284438,EXP,21.297297,21.515347,0.186911,0.163663,,35.0,ok_dr9
ZTF20abdsunu,7.911225217463723,REX,18.824862,18.84301,0.014459,0.021365,,7.0,ok_dr9
ZTF23aaabpao,0.8076063442932445,REX,24.191172,24.05073,0.9330459,0.55208737,,24.0,ok_dr10
ZTF21aaabubo,6.603141716644347,REX,15.419498,14.995067,0.055739,0.008604,,16.0,ok_dr9
ZTF20abychpb,,,,,,,,,empty
ZTF18aatiffa,2.7382157041307633,SER,17.509626,17.040321,0.056626,0.011589,0.064298,12.0,ok_dr9
ZTF19adcfsad,5.030630895522201,SER,14.355211,13.847502,0.021832757,0.0055888966,0.025471352,17.0,ok_dr10
ZTF19acbykmk,1.098996341215502,SER,20.225685,20.030668,0.17126882,0.047849648,,17.0,ok_dr10
ZTF25aaplvcd,3.8079031192771886,SER,15.313678,14.870151,0.040479,0.007184,0.044744,9.0,ok_dr9
ZTF19acgxbwo,,,,,,,,,empty
ZTF22aaafbma,3.4264219462389387,DUP,,,,,,9.0,ok_dr9
ZTF20acusqsp,1.5978882876467888,SER,19.05861,18.843447,0.11759297,0.047339447,,17.0,ok_dr10
ZTF19abvgwvp,3.850542629419708,REX,23.329226,22.688066,0.97215855,0.28687686,,15.0,ok_dr10
ZTF20acoxtxr,9.744974702166916,DUP,,,,,,10.0,ok_dr9
ZTF22aakpwqf,0.5462339829859889,SER,19.389414,19.6908,0.23009083,0.57374984,,32.0,ok_dr10
ZTF23aagpjyp,2.221639466285108,EXP,21.902397,21.837854,0.142333,0.31535,,18.0,ok_dr9
ZTF19abcejsg,1.6120352388343364,SER,18.453613,17.804173,0.14706154,0.033960123,0.13418062,40.0,ok_dr10
ZTF19aclobbu,,,,,,,,,empty
ZTF23aaebopi,2.622702922863598,SER,15.796094,15.152238,0.055572532,0.0056271367,0.048224393,24.0,ok_dr10
ZTF24aamiomv,6.1137118044901255,EXP,,,,,,13.0,ok_dr10
ZTF18actacux,0.2720945033151835,EXP,21.894814,20.89471,0.6656994,0.13026221,,16.0,ok_dr10
ZTF19acgmkrt,0.6219719843953903,SER,15.691198,15.10807,0.050327033,0.013496792,,18.0,ok_dr10
ZTF22aaecoej,0.511740892213564,REX,23.887188,23.74379,1.1245148,0.43318138,,35.0,ok_dr10
ZTF19abxiqqm,,,,,,,,,empty
ZTF19abfwtkw,0.0715715240663223,REX,22.999987,22.89763,0.445075,0.257046,,8.0,ok_dr9
ZTF22abyohff,3.647492931480614,EXP,18.594881,18.584473,0.015764069,0.04624189,,34.0,ok_dr10
ZTF20acypdlh,0.1780504043650375,REX,23.605173,22.96839,1.030888,0.407962,,6.0,ok_dr9
ZTF25aaggpqs,0.4330040709815573,SER,16.341911,15.639227,0.07701646,0.005230331,,22.0,ok_dr10
ZTF18abrwwzs,,,,,,,,,empty
ZTF20acnwgtl,0.3345472996518065,SER,17.857508,17.142664,0.13373792,0.013408296,,17.0,ok_dr10
ZTF23aaiwxqy,0.4589220875284427,SER,15.981195,15.342667,0.044373516,0.00775879,,27.0,ok_dr10
ZTF23abgvtxr,17.20904661670054,REX,23.232193,22.302479,1.005881,0.260311,,10.0,ok_dr9
ZTF18acsxvrp,0.7792784185578406,DEV,22.503466,20.693718,0.902441,0.10887969,,26.0,ok_dr10
ZTF20abbrptu,0.16623135626122765,REX,20.992178,20.686382,0.155366,0.11965,,7.0,ok_dr9
ZTF24aamtwya,2.1009011905721016,SER,18.474829,18.17059,0.063722715,0.029078834,,20.0,ok_dr10
ZTF25acffkdr,3.122228720315892,SER,19.052616,19.428198,0.023924928,0.013185268,,20.0,ok_dr10
ZTF19abcfzdy,4.9814256873147125,SER,17.217775,16.679249,0.072859,0.015518,0.087511,8.0,ok_dr9
ZTF23aaefqrs,,,,,,,,,empty
ZTF22abqbqty,1.3408845206011166,EXP,23.483004,23.913275,0.10568717,0.3621114,,29.0,ok_dr10
ZTF18abvlchy,0.6225561787809601,DEV,21.553638,21.811575,0.3473483,0.26035145,,39.0,ok_dr10
ZTF23aadwitm,2.069057179468545,REX,24.64183,25.587397,0.74067235,0.7576863,,17.0,ok_dr10
ZTF25abiwauq,10.823949577811653,REX,22.195658,23.99626,0.583777,0.372879,,19.0,ok_dr9
ZTF19abpvbzf,4.716450210289729,SER,,,,,,8.0,ok_dr10
ZTF19abnoxud,7.513440347305832,SER,15.232857,14.505898,0.06170985,0.009492583,0.05677167,14.0,ok_dr10
ZTF19aarflsx,0.10658832376686617,SER,17.204033,16.637623,0.12316024,0.028778791,,15.0,ok_dr10
ZTF20abqvsik,6.139434790392547,DEV,20.083433,,0.032236,0.116571,,48.0,ok_dr9
ZTF21aanyfqu,3.456758700173031,SER,15.744914,15.064981,0.06707,0.010676,0.067175,7.0,ok_dr9
ZTF24aamtvxb,12.568762576170116,SER,20.416489,20.017735,0.20638631,0.09833086,,5.0,ok_dr10
ZTF18adathpb,,,,,,,,,empty
ZTF19acygjmg,0.7588454762382295,SER,18.244122,17.907747,0.060118,0.018742,,10.0,ok_dr9
ZTF19acllsbq,0.21100868254878466,REX,21.299517,21.023962,0.26627383,0.14242372,,14.0,ok_dr10
ZTF21acguqsc,1.0006572782186043,SER,17.927845,17.038548,0.10758632,0.021624574,,4.0,ok_dr10
ZTF20abffaxl,1.36184094594163,SER,15.809298,15.268762,0.07840673,0.020845711,,16.0,ok_dr10
ZTF25aaoxxlf,,,,,,,,,empty
ZTF20abyxuky,0.19263488738294973,DEV,18.71353,18.148596,0.09764869,0.023229875,,19.0,ok_dr10
ZTF20abweedo,1.524709126587106,SER,14.909353,14.577812,0.025077343,0.0065862704,,13.0,ok_dr10
ZTF24aawktlo,0.5000103648857115,DEV,18.009804,17.51526,0.058999177,0.019370176,,35.0,ok_dr10
ZTF19abmolyr,8.704497050137581,SER,17.894533,17.615156,0.00955192,0.018549275,,22.0,ok_dr10
ZTF25abbgajq,,,,,,,,,empty
ZTF19aansyyn,9.891901706001942,SER,17.976774,17.271948,0.177916,0.019531,,8.0,ok_dr9
ZTF22aankymj,10.71653121347671,SER,15.008394,14.458593,0.03180846,0.008213051,,12.0,ok_dr10
ZTF21abmspzt,0.2512028252495781,SER,16.50875,15.840742,0.09907,0.012544,,20.0,ok_dr9
ZTF21aagyhax,0.7834511551007544,SER,17.066189,16.503063,0.074358426,0.018819446,0.077419266,35.0,ok_dr10
ZTF22aaagvdj,,,,,,,,,empty
ZTF21aaqizwm,2.09495849070929,SER,18.637785,18.310207,0.09790283,0.03434056,,13.0,ok_dr10
ZTF20abvycvf,,,,,,,,,empty
ZTF19aalztms,5.538644364727767,SER,15.562396,15.182923,0.033103,0.005199,0.037864,8.0,ok_dr9
ZTF25abuvoav,,,,,,,,,empty
ZTF19abxgmzr,4.905267022508026,REX,,,,,,4.0,ok_dr10
ZTF24abhgjqn,16.137441768457702,REX,21.981876,21.78289,0.4186197,0.10353671,,9.0,ok_dr10
ZTF24abvkpjr,,,,,,,,,empty
ZTF23aaeeugd,4.824603094315479,REX,23.629427,22.618397,1.2404258,0.2803322,,14.0,ok_dr10
ZTF20achaxsk,1.5553163133561245,SER,19.172237,18.884758,0.07146931,0.049987677,,19.0,ok_dr10
ZTF18aavjcpf,3.5545546197792777,REX,19.18138,18.78502,0.082395,0.039927,,18.0,ok_dr9
ZTF21acdalyp,1.053849526215345,SER,15.267736,14.965817,0.035694987,0.008321808,0.037435547,24.0,ok_dr10
ZTF22abxhvfb,0.537590376403458,REX,20.109314,19.703375,0.198372,0.088552,,12.0,ok_dr9
ZTF18aaeqjmc,0.3284705463150688,DUP,,,,,,26.0,ok_dr10
ZTF21aaarmti,1.538104356882994,SER,18.85998,18.428982,0.16765076,0.034102157,,14.0,ok_dr10
ZTF18aabicqe,0.35401303754447133,SER,17.50873,16.547045,0.291081,0.083976,,16.0,ok_dr9
ZTF18abeecwe,3.1649231185677995,SER,15.529475,14.790876,0.055327173,0.012274168,,14.0,ok_dr10
ZTF18acdvrfu,2.235974899518241,EXP,22.8386,22.352331,0.8481403,0.41166353,,31.0,ok_dr10
ZTF23aaeuaci,6.065902936092681,SER,15.50659,14.945699,0.059777,0.016243,0.068416,6.0,ok_dr9
ZTF18abgqkpc,0.717292379630433,SER,16.936142,16.141794,0.114007,0.021781,0.108243,9.0,ok_dr9
ZTF19abexfad,2.937332813542443,DEV,,,,,,17.0,ok_dr10
ZTF22absqxti,2.4742090043367977,REX,21.944265,,,,,6.0,ok_dr9
ZTF21aatvqcl,0.4218365756075432,EXP,22.46754,22.083328,0.6814091,0.3576095,,17.0,ok_dr10
ZTF25aavdmzf,2.3127623630105454,SER,15.664411,14.953501,0.04962164,0.013682064,,14.0,ok_dr10
ZTF24aadsehp,,,,,,,,,empty
ZTF20actddoh,6.360212634613953,DEV,20.806509,19.856157,0.42375833,0.1434705,,33.0,ok_dr10
ZTF20aabrydh,4.443442264737257,DUP,,,,,,25.0,ok_dr10
ZTF21abyvjeq,0.7271879940419483,REX,17.161457,16.690216,0.07625271,0.018885305,,30.0,ok_dr10
ZTF26aaabexn,0.39289250185663077,SER,20.217394,19.938103,0.48636374,0.24346074,,13.0,ok_dr10
ZTF23aadcgak,,,,,,,,,empty
ZTF21acfabut,2.8000203878796346,SER,16.046995,15.406167,0.071007,0.005444,0.073204,11.0,ok_dr9
ZTF19acjerdh,,,,,,,,,empty
ZTF25abwgpjb,,,,,,,,,empty
ZTF22aaafqzd,1.8868537270316947,REX,22.990664,,0.101426,0.336042,,17.0,ok_dr9
ZTF24abgweei,0.3182600902291181,EXP,22.330124,22.34759,0.20929126,0.5541621,,20.0,ok_dr10
ZTF25aareirf,1.449651683875954,SER,16.637669,15.987289,0.084530585,0.013949821,0.07370726,24.0,ok_dr10
ZTF19aavhvkd,25.147434080042956,REX,21.208912,20.17765,0.474847,0.055541,,3.0,ok_dr9
ZTF20aabqiti,0.49875242701634825,REX,20.236387,19.830969,0.138208,0.043717,,14.0,ok_dr9
ZTF20abazekd,,,,,,,,,empty
ZTF20acovdho,,,,,,,,,empty
ZTF22aahyqck,,,,,,,,,empty
ZTF24abhluet,0.535710103575951,SER,17.98044,17.452293,0.094668,0.021393,,13.0,ok_dr9
ZTF23aakbjqx,1.5073778632693082,DUP,,,,,,28.0,ok_dr10
ZTF24aacluoy,12.107332856812352,EXP,21.80699,21.118208,0.36828962,0.14429802,,11.0,ok_dr10
ZTF23aabrsiv,3.553434388856501,SER,21.718338,22.308964,0.061632793,0.14836994,,17.0,ok_dr10
ZTF20acpvxmk,,,,,,,,,empty
ZTF23aazjwtl,3.0271651726918534,DUP,,,,,,7.0,ok_dr9
ZTF19aculypc,9.956149186255146,REX,21.84286,21.506683,0.5138986,0.6105958,,15.0,ok_dr10
ZTF24abinhbc,2.3305246909852224,SER,16.754232,15.993352,0.065141104,0.013717221,0.04463272,12.0,ok_dr10
ZTF24aahybvf,2.1336008839308995,EXP,18.654293,18.499964,0.07183822,0.08428819,,20.0,ok_dr10
ZTF19aanujan,,,,,,,,,empty
ZTF22aanesux,0.8565464148657985,EXP,20.630667,20.3924,0.105417,0.051753,,21.0,ok_dr9
ZTF19abxzumq,,,,,,,,,empty
ZTF23aansctq,0.6215883418434048,REX,20.945498,20.993868,0.06743792,0.4082508,,14.0,ok_dr10
ZTF19aampqcq,16.876402582538688,REX,23.906397,23.068558,0.823843,0.20053,,17.0,ok_dr9
ZTF22aamgpzz,9.77745224208249,REX,,22.587791,,,,4.0,ok_dr10
ZTF18acdvvej,1.6430932846016817,SER,19.860378,19.694075,0.05838559,0.03622925,,18.0,ok_dr10
ZTF20aalbjpf,0.17317899265586756,SER,21.087786,20.930061,0.07940321,0.3807755,,15.0,ok_dr10
ZTF25abugbyo,1.1816753915624674,SER,17.30138,17.136084,0.045658,0.016663,0.050825,13.0,ok_dr9
ZTF23aagphxh,1.125533640505131,REX,22.694403,22.27758,1.015366,0.390965,,8.0,ok_dr9
ZTF22abhcrfy,3.935790612629884,SER,17.52044,16.9682,0.087455,0.021115,,13.0,ok_dr9
ZTF22abfspdz,1.018912773109828,REX,22.317612,22.38673,0.17468327,0.3258857,,21.0,ok_dr10
ZTF18abyxwrf,,,,,,,,,empty
ZTF25abghdgt,0.8585984993717023,SER,17.238766,16.846405,0.031351335,0.013120433,,17.0,ok_dr10
ZTF22abykahf,3.079293084897216,REX,23.070906,25.578941,0.571529,0.432633,,13.0,ok_dr9
ZTF18aczuooo,1.9962441498888686,SER,18.202232,18.012224,0.06920164,0.038345784,,21.0,ok_dr10
ZTF24abxxltd,12.702707008248703,SER,11.939388,11.419554,0.012504,0.004088,0.018323,14.0,ok_dr9
ZTF24aayjrde,,,,,,,,,empty
ZTF18abdpvnd,1.7987006660507696,EXP,20.837639,20.340633,0.58264565,0.67177564,,17.0,ok_dr10
ZTF22aaemhwl,3.8780658070147718,EXP,16.303635,16.29145,0.025061,0.020516,,7.0,ok_dr9
ZTF25aadfkug,4.077130866428364,EXP,20.712286,21.032867,0.084127866,0.13836004,,26.0,ok_dr10
ZTF19aayjien,0.21445878719553957,SER,,,,,,16.0,ok_dr10
ZTF18acxcttu,0.06246051299494797,DUP,,,,,,33.0,ok_dr10
ZTF18aakpnyt,0.18511116122454246,DUP,,,,,,7.0,ok_dr9
ZTF22aaagrce,0.36377618944157714,EXP,21.629038,21.41984,0.08159888,0.09857306,,14.0,ok_dr10
ZTF20acgnrqu,1.631003183580485,SER,14.812353,14.248211,0.037863,0.010068,,15.0,ok_dr9
ZTF23abbpswf,,,,,,,,,empty
ZTF18aczemzj,7.231407219809728,DEV,14.917679,14.270905,0.048085984,0.008427756,0.049885176,10.0,ok_dr10
ZTF23abluzif,1.3484271842170032,SER,20.257029,19.975662,0.12172925,0.054011952,,19.0,ok_dr10
ZTF18abdbuty,1.5205869517454058,SER,16.446966,15.86883,0.062909,0.025657,,7.0,ok_dr9
ZTF21acipmgw,1.5395089351882416,SER,17.03256,16.469395,0.049266312,0.011557362,0.06715489,33.0,ok_dr10
ZTF20aauvbez,2.8135321450251047,SER,16.11577,15.618371,0.042246,0.009934,,19.0,ok_dr9
ZTF24abtrbqi,5.6931628258495115,DUP,,,,,,8.0,ok_dr9
ZTF23aawokan,5.877668761723921,DUP,,,,,,14.0,ok_dr9
ZTF22absmrdt,10.188650758480675,REX,23.120623,22.723675,0.7205041,0.4433433,,24.0,ok_dr10
ZTF22aahibvx,3.0181878752518436,REX,23.638424,,0.34845483,0.36372125,,31.0,ok_dr10
ZTF21abraccv,2.3496954503842313,SER,,17.927309,,,,7.0,ok_dr10
ZTF19abnhegb,0.919334911784073,SER,16.32317,15.677909,0.07206022,0.009420705,0.06737511,25.0,ok_dr10
ZTF18abuesai,0.9003620582451913,SER,17.169027,16.422089,0.21040139,0.012939459,,12.0,ok_dr10
ZTF24ablsxza,1.913914787506348,SER,15.147074,14.873748,0.022387182,0.0055602253,,27.0,ok_dr10
ZTF22aboisvs,4.37699316320666,SER,14.488603,13.842129,0.038421318,0.008029272,0.051454227,21.0,ok_dr10
ZTF21ablwehd,,,,,,,,,empty
ZTF19aanwwlo,3.914703691246833,REX,15.692942,15.078548,0.07971324,0.01499409,0.079046,19.0,ok_dr10
ZTF18aaqskoy,0.37347294840950007,REX,22.303516,22.705444,0.660384,0.354539,,9.0,ok_dr9
ZTF20abupbub,,,,,,,,,empty
ZTF24aalubmp,0.21459566965769583,REX,19.118454,18.784285,0.042585,0.036871,,12.0,ok_dr9
ZTF24aagiwoi,10.85897313999913,EXP,22.024157,22.726566,0.09761606,0.061278738,,28.0,ok_dr10
ZTF19abnkrcd,1.4795642110073843,SER,16.40253,15.737327,0.06519105,0.025637668,,20.0,ok_dr10
ZTF21aapjmda,7.937917849697591,EXP,21.732922,20.940563,0.37973136,0.07824851,,26.0,ok_dr10
ZTF22abfzaed,,,,,,,,,empty
ZTF24ablmzkk,5.163695777502135,REX,18.90975,18.497728,0.11064754,0.21085744,,44.0,ok_dr10
ZTF25acgprsb,2.64189789983942,DUP,,,,,,8.0,ok_dr9
ZTF21acjxiqw,1.1622231039678164,EXP,19.106617,19.353771,0.03066799,0.01729872,,30.0,ok_dr10
ZTF18aaxokeg,0.7176615427781777,SER,15.684033,15.253181,0.038873475,0.009913011,,27.0,ok_dr10
ZTF21aaaytny,0.38224846162254394,DUP,,,,,,12.0,ok_dr10
ZTF24abpdzvm,5.892247712709706,SER,15.828137,15.438346,0.036091276,0.0076204413,,13.0,ok_dr10
ZTF23aacjeou,5.189396078477643,SER,15.665956,15.096432,0.067219,0.007713,0.070823,9.0,ok_dr9
ZTF19aapxocr,3.7923624149320863,SER,16.898937,16.284536,0.078693,0.018139,,13.0,ok_dr9
ZTF21abahiow,8.665288304699011,SER,15.635658,15.182003,0.02712307,0.0048183803,,12.0,ok_dr10
ZTF22aadkocy,0.28619348884175716,DUP,,,,,,8.0,ok_dr10
ZTF20aansktb,0.2527192249916325,SER,18.088627,17.767496,0.098361276,0.019691765,0.098605946,22.0,ok_dr10
ZTF19aawmkja,1.603418674139914,DUP,,,,,,22.0,ok_dr9
ZTF21aakvroo,1.2353507971795656,REX,20.10797,21.369003,0.06196727,0.062131237,,13.0,ok_dr10
ZTF25abwpmrd,1.4379795134310167,EXP,21.301493,21.172451,0.06980345,0.067212515,,26.0,ok_dr10
ZTF24abernvw,2.1077236740021634,SER,16.675283,16.234705,0.050789293,0.012894144,,16.0,ok_dr10
ZTF20abpqdgh,1.772553775382873,EXP,22.672525,,0.15573978,0.086182915,,12.0,ok_dr10
ZTF21abmpnui,2.6325386019078576,SER,,16.259216,,,,10.0,ok_dr10
ZTF20abxyajd,3.0202211727764836,SER,15.98522,15.727533,0.019725041,0.005090661,,55.0,ok_dr10
ZTF24abrorvi,0.17931004903467443,EXP,22.201536,21.979252,0.16020401,0.24927288,,16.0,ok_dr10
ZTF19aawhniz,2.68957600166937,SER,15.531657,14.918085,0.071473,0.005345,0.071327,11.0,ok_dr9
ZTF18acbxkop,0.1786621336824889,DUP,,,,,,14.0,ok_dr10
ZTF20acwyoxc,1.3920391309436766,DUP,,,,,,26.0,ok_dr10
ZTF21abeeewf,2.8507890490655723,REX,24.181353,23.004988,1.198705,0.27372634,,18.0,ok_dr10
ZTF23abhshea,1.8711750925020394,SER,17.597197,17.223003,0.06503325,0.012855949,,14.0,ok_dr10
ZTF23aafwykt,1.822953687600813,EXP,17.712938,17.188463,0.117869,0.021481,,17.0,ok_dr9
ZTF20aavzlxm,3.4660013003788572,SER,20.896723,20.7762,0.35264,0.336649,,17.0,ok_dr9
ZTF22aaliywk,3.2798108962189394,EXP,15.835679,15.312856,0.060318,0.011697,,9.0,ok_dr9
ZTF22abeskuc,4.741916010122642,REX,22.668375,21.633688,0.8780927,0.18867204,,20.0,ok_dr10
ZTF19aamgjtz,0.5661861176641477,REX,21.798515,21.608591,0.11453144,0.10347017,,17.0,ok_dr10
ZTF19abovstj,8.742582503679971,SER,17.028728,16.713371,0.041884,0.009218,0.044647,11.0,ok_dr9
ZTF24abfuwoh,0.3469995190149058,SER,,17.053312,,,,11.0,ok_dr10
ZTF24aazkvzi,0.46393129146600204,SER,17.243849,16.535229,0.08432072,0.018516732,,9.0,ok_dr10
ZTF25aaafxvn,1.0994774773155898,SER,15.924182,15.252161,0.05459513,0.009300796,,10.0,ok_dr10
ZTF24aahdigc,1.3237181539211211,SER,16.206089,15.496435,0.086646,0.018054,0.058512,17.0,ok_dr9
ZTF22aapjbix,0.8105903331571241,SER,15.773514,15.197062,0.056138,0.017641,,12.0,ok_dr9
ZTF20acphbem,,,,,,,,,empty
ZTF22aamssbr,2.1728111425920194,REX,20.863384,20.854662,0.171674,0.060859,,4.0,ok_dr9
ZTF21aaufthj,2.029708424548038,SER,17.978203,17.609358,0.067371,0.060655855,,19.0,ok_dr10
ZTF24aanmrts,1.598906458751385,EXP,20.54561,20.240578,0.10407017,0.050477028,,11.0,ok_dr10
ZTF23aamwpmg,1.777349037366372,REX,,22.629055,,,,8.0,ok_dr10
ZTF22aajnffd,1.6196968706684751,SER,17.290861,16.734692,0.06711331,0.018861802,0.06068465,11.0,ok_dr10
ZTF23aaaifls,6.41129809912312,EXP,21.862488,23.407385,0.09158007,0.07267297,,20.0,ok_dr10
ZTF24aatyini,1.7472860051303016,EXP,22.174564,22.125147,0.15981874,0.22430222,,19.0,ok_dr10
ZTF18aamftst,3.5681907573450182,SER,17.007381,16.643038,0.052822217,0.021265173,0.03780425,11.0,ok_dr10
ZTF23abscohj,1.9595559499044646,REX,20.832153,20.698536,0.066213,0.222185,,8.0,ok_dr9
ZTF24abeppdw,,,,,,,,,empty
ZTF20aahtral,5.056716844532209,SER,15.14812,14.486915,0.050644256,0.010368031,,32.0,ok_dr10
ZTF20acpgnsn,6.26348703791667,SER,14.448112,13.945225,0.03143608,0.0066673635,,17.0,ok_dr10
ZTF24abasrjx,4.906945035026369,EXP,22.317677,24.453077,0.1342687,0.4676773,,28.0,ok_dr10
ZTF20aaxablt,1.38560060793642,EXP,18.240402,17.833317,0.078131564,0.013931219,,12.0,ok_dr10
ZTF18abuqugw,0.6169712330551895,SER,16.827293,16.435495,0.03797,0.008628,0.031041,5.0,ok_dr9
ZTF25abxjgzg,1.3671396294676346,EXP,22.43808,22.409252,0.2236429,0.31185403,,20.0,ok_dr10
ZTF19aarfksi,1.0087710152376128,SER,22.277931,23.35379,0.13167709,0.41797963,,33.0,ok_dr10
ZTF19abzkexb,3.460638617052328,SER,18.255154,17.851032,0.0803461,0.013965757,,11.0,ok_dr10
ZTF23abhxbjo,0.29416807744909984,EXP,,20.877424,,,,25.0,ok_dr10
ZTF25acgeibe,3.3642157025910344,SER,14.094306,13.302879,0.020905731,0.005897757,,18.0,ok_dr10
ZTF21abfxjik,3.60635541773436,EXP,21.20756,20.911566,0.30261412,0.10725733,,11.0,ok_dr10
ZTF20abexyxk,,,,,,,,,empty
ZTF21aaygchh,,,,,,,,,empty
ZTF22aaaffxq,1.2964361196315088,SER,20.018097,21.45876,0.087743,0.146009,,13.0,ok_dr9
ZTF18acgsdvk,,,,,,,,,empty
ZTF23abcegak,0.12381154501645274,SER,17.436169,16.813513,0.06538428,0.013929137,0.07438945,14.0,ok_dr10
ZTF22abgiout,,,,,,,,,empty
ZTF25abawltx,17.836828036235136,REX,18.677208,18.619873,0.02383,0.018428,,17.0,ok_dr9
ZTF19adbkvnr,,,,,,,,,empty
ZTF21acaohjl,8.241669097129307,EXP,20.255674,19.573128,0.18875752,0.02742748,,36.0,ok_dr10
ZTF20adaplsj,0.38914412532183734,SER,15.153306,14.617408,0.04383672,0.013351062,0.046091355,15.0,ok_dr10
ZTF22aabgazg,9.720242064308522,SER,15.551522,15.135392,0.028013332,0.011449977,,9.0,ok_dr10
ZTF19aamowaf,10.132243034304803,SER,14.777302,14.220758,0.022685796,0.015814316,,9.0,ok_dr10
ZTF20aammhli,7.5027692130381345,SER,16.070175,15.470012,0.03557,0.017509,,18.0,ok_dr9
ZTF19abclykm,,,,,,,,,empty
ZTF18aauuzmf,0.33901657381240663,DEV,15.662025,15.215631,0.023012081,0.0032404007,0.01810485,39.0,ok_dr10
ZTF24ablflcx,2.503780522899206,SER,18.374638,18.424095,0.023134,0.026385,,19.0,ok_dr9
ZTF23aajjzml,6.521137710071461,SER,16.179518,15.761915,0.025031626,0.0049869064,,10.0,ok_dr10
ZTF20aafcnem,1.8402005139201243,EXP,22.058414,,0.094453,0.334221,,7.0,ok_dr9
ZTF19abdoznh,5.478866090085533,EXP,18.439209,18.029104,0.07244519,0.034175407,,14.0,ok_dr10
ZTF21aavuqzr,,,,,,,,,empty
ZTF23abnprwj,2.6202446903109005,SER,17.578897,17.273998,0.042948097,0.037691798,,4.0,ok_dr10
ZTF24absxhcd,1.496679507506647,SER,16.354889,15.659207,0.09208061,0.02228167,,16.0,ok_dr10
ZTF18abaxlpi,2.270109030928696,EXP,21.625488,22.126863,0.063379,0.142009,,16.0,ok_dr9
ZTF21aanuyro,0.27238347571582894,SER,19.327003,19.141693,0.101052,0.036831,,11.0,ok_dr9
ZTF19acftude,1.0305879944391547,REX,22.634653,22.756266,0.58680797,0.5603924,,14.0,ok_dr10
ZTF18aaaniwu,6.370171454253355,REX,22.659222,21.354954,1.053479,0.168848,,17.0,ok_dr9
ZTF24abqlxaf,,,,,,,,,empty
ZTF25aawpfbf,,,,,,,,,empty
ZTF18abvglon,6.581384437178591,REX,24.402134,21.764603,0.983354,0.525692,,7.0,ok_dr9
ZTF21abdxhgv,4.543841732728133,REX,22.059975,22.108463,0.5705381,0.6026823,,14.0,ok_dr10
ZTF24aaqgmxz,4.354958324526976,DEV,,19.207586,,,,17.0,ok_dr10
ZTF24aarjcbz,0.2601647315611545,SER,16.00229,15.314926,0.08517636,0.005864174,0.0967048,37.0,ok_dr10
ZTF25aahrlwa,11.926489226542992,REX,22.149624,24.301739,0.091952,0.352514,,18.0,ok_dr9
ZTF21abrghol,4.543173045699152,DUP,,,,,,17.0,ok_dr9
ZTF19abdkgns,,,,,,,,,empty
ZTF19ababmsi,13.873026891631012,REX,24.037119,23.31616,0.9894379,0.3712923,,9.0,ok_dr10
ZTF22aagvxjc,6.512695225792309,SER,15.685192,15.348257,0.032658,0.004563,0.029308,5.0,ok_dr9
ZTF22abbsbys,2.0770964411855086,DEV,19.912857,19.060093,0.4669577,0.24604513,,8.0,ok_dr10
ZTF23aaftebr,3.6747790744531796,SER,17.613693,16.873953,0.0762172,0.011406812,0.074253276,18.0,ok_dr10
ZTF21aaaigfg,0.7195737302366757,REX,20.639856,20.342428,0.19571032,0.09739524,,8.0,ok_dr10
ZTF23abclpxs,0.9444585898753516,REX,21.19797,20.698433,0.30338165,0.30567536,,35.0,ok_dr10
ZTF22aakdwiu,3.9569849983896916,REX,16.912636,16.32139,0.035746,0.012419,,11.0,ok_dr9
ZTF25aajlsss,0.19264592695964017,SER,,16.112604,,,,9.0,ok_dr10
ZTF20aarbget,7.258015783029731,SER,16.743252,16.503418,0.022845069,0.014354304,,9.0,ok_dr10
ZTF18acbvgtu,1.3203331379065975,SER,13.345196,12.67548,0.029580006,0.0030659013,,12.0,ok_dr10
ZTF25abvqhcq,1.558233106384912,EXP,21.693079,24.835373,0.07170394,0.91443413,,15.0,ok_dr10
ZTF24aawjwxx,1.1050048519428968,SER,16.089518,15.799528,0.037629,0.007615,,16.0,ok_dr9
ZTF20abegirf,3.4562458596315766,SER,16.572437,16.045925,0.03800609,0.010934281,,9.0,ok_dr10
ZTF20aahqbsr,3.4951299462866863,EXP,18.088226,18.123566,0.01172909,0.01298546,,8.0,ok_dr10
ZTF24abihpmn,17.216530519886025,EXP,21.016197,,0.04478,0.171813,,5.0,ok_dr9
ZTF21abkoccb,6.853117747196233,SER,15.559893,15.28109,0.036875,0.006997,,3.0,ok_dr9
ZTF18acqighv,0.27402804527999985,SER,16.15258,15.60071,0.089460105,0.030550517,,18.0,ok_dr10
ZTF20aasfhia,0.471800329694141,REX,22.499617,22.874784,0.640335,0.350299,,17.0,ok_dr9
ZTF18acusbyf,7.873705400790714,REX,25.018248,22.849852,1.046193,0.189984,,10.0,ok_dr9
ZTF19aawqcgy,5.113186494800213,SER,12.918996,12.261045,0.020582,0.006936,,12.0,ok_dr9
ZTF20abjwuju,3.088590768511065,EXP,,,,,,6.0,ok_dr10
ZTF23abavpyk,0.9953185146326422,REX,,21.970707,,,,14.0,ok_dr10
ZTF22aajlzbs,2.8268808411286015,SER,16.731834,16.088943,0.045814,0.005629,,16.0,ok_dr9
ZTF20abapvvq,0.1215380234170373,SER,18.018496,,,,,9.0,ok_dr10
ZTF19abjbtbm,2.9484240925814533,SER,19.119057,18.948748,0.053031094,0.050631285,,12.0,ok_dr10
ZTF23aavxtvg,,,,,,,,,empty
ZTF18acqxcga,1.043581026290961,DEV,20.514563,20.694798,0.064563,0.061073,,12.0,ok_dr9
ZTF21abhtkiy,1.5730515629214665,EXP,,,,,,21.0,ok_dr10
ZTF18acbvnen,3.421426191509943,SER,15.133684,14.418301,0.05524,0.004786,,19.0,ok_dr9
ZTF18abxftqm,0.07759773573564951,SER,18.336012,17.852346,0.077363566,0.034695547,,8.0,ok_dr10
ZTF24aahxokj,2.757610773306382,SER,17.036701,16.683773,0.02420023,0.010743632,,14.0,ok_dr10
ZTF23aaxfnwp,0.6263637396292487,SER,15.758008,15.00134,0.116619,0.016376,,9.0,ok_dr9
ZTF23abtjkql,6.447714787468246,EXP,17.451626,17.013947,0.047003,0.011182,0.065398,6.0,ok_dr9
ZTF22abwlapx,4.067619289104956,EXP,21.965076,21.925863,0.12687182,0.2525538,,21.0,ok_dr10
ZTF19abfpupe,0.4788827183129857,EXP,,,,,,19.0,ok_dr10
ZTF21aarguvb,0.4914124028985951,SER,15.791181,15.196927,0.041655954,0.01531963,,28.0,ok_dr10
ZTF21abljmmv,1.6364305872462563,SER,,14.495243,,,,15.0,ok_dr10
ZTF24aaifila,0.13112099466640292,SER,18.883673,18.543314,0.080218,0.031084,,11.0,ok_dr9
ZTF18adalgmc,5.730329068370708,SER,15.910933,15.347385,0.033977434,0.008799161,0.035031956,15.0,ok_dr10
ZTF22abayewb,6.827141076601365,EXP,22.748919,22.977583,0.13631223,0.365457,,31.0,ok_dr10
ZTF25absvroj,2.6570883003211776,DEV,20.155907,18.254595,0.29706368,0.32126778,,5.0,ok_dr10
ZTF22aaoqfsm,0.645827153456239,SER,16.58876,15.980601,0.096953,0.025087,,6.0,ok_dr9
ZTF19ababigc,1.251635804681621,SER,18.404903,18.148792,0.05245882,0.021121118,,28.0,ok_dr10
ZTF22aadljkb,0.856910385596548,REX,19.595179,20.117481,0.2570021,0.32868326,,27.0,ok_dr10
ZTF22aausjcd,2.0288127454038096,REX,21.73156,22.116703,0.041687176,0.43091333,,27.0,ok_dr10
ZTF20actpqgc,12.367911186021457,REX,21.813114,21.607224,0.57785463,0.48153964,,14.0,ok_dr10
ZTF20aanadlu,,,,,,,,,empty
ZTF21abvcxel,,,,,,,,,empty
ZTF20aamksoq,0.12612359748818866,SER,21.646357,21.718388,0.4345028,0.3766979,,77.0,ok_dr10
ZTF20abvtozi,,,,,,,,,empty
ZTF22acablwr,2.314702338564256,SER,16.008812,15.616964,0.032477207,0.010768877,,27.0,ok_dr10
ZTF19acjjwsy,,,,,,,,,empty
ZTF22aalsabr,6.261344097540212,DUP,,,,,,12.0,ok_dr10
ZTF21aanortq,3.1744319928543985,EXP,22.799849,23.445805,0.37018123,0.40416738,,13.0,ok_dr10
ZTF19ablrkfz,0.3996386398367024,REX,21.053673,20.698496,0.34870028,0.2941648,,17.0,ok_dr10
ZTF20aaeuxqk,3.5888981347411826,SER,14.544852,13.986373,0.046397,0.005579,,9.0,ok_dr9
ZTF21abgxudc,1.157077210204104,SER,13.151016,12.611608,0.026726,0.004419,,6.0,ok_dr9
ZTF19aarnqzw,8.029306119298441,REX,23.935997,21.710154,1.0691818,0.10746319,,23.0,ok_dr10
ZTF24aaupoba,9.829865106082881,DUP,,,,,,13.0,ok_dr10
ZTF22aakquvw,3.854926192045184,SER,14.913512,13.878534,0.042225868,0.009850831,,33.0,ok_dr10
ZTF21abgjdtt,4.361732743303771,REX,19.092691,18.551718,0.129088,0.026746,,4.0,ok_dr9
ZTF23absephc,1.5534773998499745,EXP,23.277424,23.325272,0.40676513,0.5489477,,39.0,ok_dr10
ZTF18aaezzww,0.8769472946463523,SER,15.836758,15.408399,0.043023374,0.011429868,0.025202705,29.0,ok_dr10
ZTF21aagyewh,1.5560346331096537,EXP,17.737696,18.270233,0.025885643,0.029621663,,20.0,ok_dr10
ZTF18ablerlf,,,,,,,,,empty
ZTF22aamdxkj,2.3734168894761294,SER,15.462488,14.982772,0.026657429,0.004847243,,15.0,ok_dr10
ZTF24abyatjx,12.902490549305194,REX,18.41477,19.212597,0.002568,0.005598,,7.0,ok_dr9
ZTF24abhsqly,0.16382038393124018,DUP,,,,,,12.0,ok_dr10
ZTF22aabiyjw,0.362801026790367,SER,16.881512,16.252356,0.10444178,0.018574772,,19.0,ok_dr10
ZTF20aclwclm,,,,,,,,,empty
ZTF25aaylqqq,5.39253463055534,DUP,,,,,,14.0,ok_dr10
ZTF19aatvljp,13.120530815400112,SER,20.472176,20.316526,0.3063485,0.4630468,,18.0,ok_dr10
ZTF22aahndul,6.056049225992869,REX,16.415237,15.913238,0.06817801,0.011909626,0.08450276,10.0,ok_dr10
ZTF24abmtnee,,,,,,,,,empty
ZTF23aarvjaf,1.6202780711871525,SER,12.835483,12.273161,0.018857,0.00544,,8.0,ok_dr9
ZTF19abglmpf,,,,,,,,,empty
ZTF21abvtfxn,0.3995629948583872,SER,,17.62218,,,,21.0,ok_dr10
ZTF20aazewhe,0.6804966993596823,EXP,17.614565,17.160526,0.10172786,0.018515866,,12.0,ok_dr10
ZTF19abdkbwy,18.060322993348528,DEV,,19.213629,,,,5.0,ok_dr10
ZTF25abfnszm,0.3073114651714093,SER,19.327541,19.104935,0.094816,0.055634,,13.0,ok_dr9
ZTF23abtjdtm,1.0555462670503557,REX,19.13969,19.090023,0.017712,0.029788,,24.0,ok_dr9
ZTF18aasuray,0.07005502393948994,SER,14.240642,13.817751,0.038558,0.007888,0.039678,4.0,ok_dr9
ZTF21aaxwytv,4.758079319522614,SER,15.778095,15.36935,0.03356509,0.008681278,0.031259306,44.0,ok_dr10
ZTF23aaemepn,1.857404904417556,SER,17.11413,17.025576,0.037308,0.033024,0.051274,8.0,ok_dr9
ZTF25aawaobl,6.134175984661696,DUP,,,,,,7.0,ok_dr10
ZTF18abuncpe,,,,,,,,,empty
ZTF19aabyheu,3.645211428724547,SER,15.104145,14.467763,0.024894094,0.0053014075,0.02107332,18.0,ok_dr10
ZTF19aavnuur,3.2703551306868817,SER,15.673708,15.232099,0.029174907,0.0055161347,0.025921257,7.0,ok_dr10
ZTF21abalnud,1.2641728950726585,EXP,20.859968,20.560396,0.27494,0.148195,,14.0,ok_dr9
ZTF24aaemydm,7.810988522311171,SER,11.965503,11.346075,0.04545965,0.055525906,,1.0,ok_dr10
ZTF19abqwtfu,0.2179297056937721,REX,22.87959,23.026587,0.29782772,0.6238349,,11.0,ok_dr10
ZTF19abyjgal,0.22271678470761672,SER,17.196453,16.441565,0.07537,0.017961,,10.0,ok_dr9
ZTF25abbdvqe,,,,,,,,,empty
ZTF21acjmvhx,0.4297945631150681,DEV,,17.481379,,,,18.0,ok_dr10
ZTF23abaeeae,6.524613519730788,SER,13.757775,13.186751,0.020536464,0.0051873773,,30.0,ok_dr10
ZTF22aadepkk,0.8199457031163381,EXP,21.3491,21.24084,0.127609,0.117781,,7.0,ok_dr9
ZTF21aahzspd,0.41935506201577016,EXP,19.689564,19.412144,0.10789019,0.024095964,,15.0,ok_dr10
ZTF18aaqqoqs,2.5736760223534656,EXP,19.184345,19.042498,0.092241,0.041841,,14.0,ok_dr9
ZTF23aaphnyz,0.8844009606589279,EXP,16.958927,16.95784,0.021184,0.016551,,10.0,ok_dr9
ZTF19abkhmcv,0.9536904468508716,REX,18.255629,17.668266,0.27700773,0.06602091,,33.0,ok_dr10
ZTF25abansec,2.4907221339939905,DUP,,,,,,5.0,ok_dr9
ZTF24aalbwpz,4.875723511362052,DUP,,,,,,12.0,ok_dr9
ZTF24ablkvvn,3.5323221067462702,EXP,19.293335,19.144632,0.046388,0.057651,,7.0,ok_dr9
ZTF21abvrfsr,,,,,,,,,empty
ZTF19acvijnj,7.189416007716506,REX,21.38235,20.492128,0.39387,0.08843799,,22.0,ok_dr10
ZTF22aagyrlp,6.893299404600784,EXP,21.17845,20.187656,0.48942426,0.10948357,,19.0,ok_dr10
ZTF25aafdwin,0.3267044238186936,DUP,,,,,,18.0,ok_dr9
ZTF18abnuexr,2.3695677493007645,EXP,22.422422,22.998863,0.13083845,0.27325127,,17.0,ok_dr10
ZTF18acqxwgl,0.7728354602507659,EXP,20.523054,20.326975,0.100128,0.057367,,11.0,ok_dr9
ZTF20aamttiw,3.522576863886788,SER,19.717182,19.561256,0.039313,0.051443,,7.0,ok_dr9
ZTF23aaaepzi,2.873253520344172,DUP,,,,,,5.0,ok_dr9
ZTF19acyogvo,,,,,,,,,empty
ZTF19aafnecv,2.4468006693828226,SER,20.36981,19.77659,0.20395154,0.2486218,,19.0,ok_dr10
ZTF24abjftxl,0.8409244887497432,EXP,23.192663,23.453548,0.16647594,0.3015112,,33.0,ok_dr10
ZTF21abfjrjy,0.7331678483093731,DUP,,,,,,19.0,ok_dr10
ZTF21aanjejr,0.19056796360077494,SER,14.117676,13.504456,0.03841738,0.008637501,,23.0,ok_dr10
ZTF19achcdju,,,,,,,,,empty
ZTF25abdcdwd,,,,,,,,,empty
ZTF18acwzyor,4.830004918605321,REX,23.63485,,0.44094342,0.5345145,,20.0,ok_dr10
ZTF19acduqvr,,,,,,,,,empty
ZTF24aboinfr,,,,,,,,,empty
ZTF18aacnlxz,0.3724363058279053,SER,18.77862,18.836817,0.04323,0.05471,,14.0,ok_dr9
ZTF25aacaxkg,6.532293486552107,EXP,20.012674,19.61366,0.36759365,0.31455776,,23.0,ok_dr10
ZTF19aanircs,1.9686698707523143,EXP,19.071915,18.851896,0.052631,0.027805,,9.0,ok_dr9
ZTF21abiewrh,3.6733133739104145,EXP,,18.613308,,,,13.0,ok_dr10
ZTF21aaabrpu,5.148408167537621,SER,16.104677,16.054695,0.007012,0.006242,,15.0,ok_dr9
ZTF22absxaxv,0.4687503199026737,SER,17.602804,17.06652,0.06425769,0.015062552,,14.0,ok_dr10
ZTF18aaheszr,0.027527885365373792,DUP,,,,,,6.0,ok_dr10
ZTF20aatpqps,6.301099104148306,REX,23.822012,23.8766,1.0436223,0.63718295,,13.0,ok_dr10
ZTF24aaejkyp,9.743754692614113,SER,14.842576,14.449695,0.023067744,0.005033575,0.024862885,18.0,ok_dr10
ZTF22abzkgja,7.784124907609594,EXP,16.561316,16.121187,0.06764505,0.025946734,,26.0,ok_dr10
ZTF24aaekbmc,0.748876832712007,DUP,,,,,,9.0,ok_dr10
ZTF18aayigdr,0.10029800885704719,DUP,,,,,,10.0,ok_dr9
ZTF22abggmuu,4.11195045289716,REX,25.288225,22.845963,1.0494503,0.40116465,,18.0,ok_dr10
ZTF18aawxlxf,8.443717560301035,DEV,15.778252,15.23499,0.071252,0.02044,0.08213,14.0,ok_dr9
ZTF22aafracj,1.239276066592486,EXP,22.861605,22.86851,0.12829408,0.34856585,,36.0,ok_dr10
ZTF18acvwmpw,0.8518666063633256,EXP,21.614841,21.588362,0.09884489,0.08261801,,20.0,ok_dr10
ZTF18abmqrwk,,,,,,,,,empty
ZTF23abmzebo,4.152214711934442,SER,16.45777,15.921308,0.08599082,0.011849346,,17.0,ok_dr10
ZTF25abiknny,,,,,,,,,empty
ZTF19aalzmiu,12.20760628160779,REX,23.87392,21.82529,0.970361,0.120695,,12.0,ok_dr9
ZTF22aakqvzc,1.3255120957322457,SER,15.437905,14.732535,0.070215054,0.013173694,,19.0,ok_dr10
ZTF18aafpfwr,,,,,,,,,empty
ZTF20acwyoqx,0.09045036587103245,SER,14.493263,14.08651,0.08029054,0.18240726,,15.0,ok_dr10
ZTF21acdoyqt,,,,,,,,,empty
ZTF20acqntkr,8.276627425185069,DEV,13.142526,12.50323,0.016837198,0.0038737594,,6.0,ok_dr10
ZTF21acmwjza,,,,,,,,,empty
ZTF18aajkcdn,1.7518424957492509,SER,16.062254,15.535495,0.062638626,0.010570121,0.06818425,13.0,ok_dr10
ZTF20abnvdem,,,,,,,,,empty
ZTF20aauuiri,2.3892009183348044,REX,23.307245,25.20889,0.2572804,0.34355932,,16.0,ok_dr10
ZTF20acvcxkz,0.4362929170594002,SER,20.756569,20.659462,0.08062159,0.10068014,,20.0,ok_dr10
ZTF24abnpnbn,1.329532334800258,EXP,20.81535,20.392195,0.14541452,0.040918373,,26.0,ok_dr10
ZTF24aadplte,1.3312313118094614,SER,15.180292,14.365053,0.04085398,0.018262379,0.051114995,23.0,ok_dr10
ZTF24aakzive,4.641642192318181,SER,19.742794,19.832249,0.030966114,0.024835061,0.029381137,33.0,ok_dr10
ZTF24aacbpej,0.11566512009670374,REX,19.456995,19.09848,0.15996887,0.06911002,,20.0,ok_dr10
ZTF19acenveq,11.36931359347367,SER,,16.407358,,,,13.0,ok_dr10
ZTF23aanzbtf,0.882803940122325,SER,20.365274,20.233686,0.061165266,0.029279515,,21.0,ok_dr10
ZTF21abwxhje,1.7247851966197711,SER,,,,,,12.0,ok_dr10
ZTF25aapafwq,3.4369570737484434,SER,15.586318,15.055144,0.03014148,0.0070216297,,14.0,ok_dr10
ZTF18acbvkwl,0.04883930406371833,SER,15.848038,15.209509,0.0768508,0.020419748,,19.0,ok_dr10
ZTF22aaagvyp,13.824368893297299,REX,23.114449,22.558805,0.734887,0.234148,,9.0,ok_dr9
ZTF22aaddvbe,1.1378173059767438,EXP,19.695919,19.585981,0.046614,0.037454,,9.0,ok_dr9
ZTF19aapqqrb,1.6553839481793498,SER,16.381977,15.861652,0.058249,0.015091,0.048167,7.0,ok_dr9
ZTF19abuclhk,,,,,,,,,empty
ZTF22aaemgsl,0.5710600654630045,SER,15.532101,15.011139,0.058879174,0.013151367,0.06260138,15.0,ok_dr10
ZTF18accndxn,2.0712314710315236,SER,16.952885,16.426577,0.046994,0.014403,,9.0,ok_dr9
ZTF20abxawtg,1.584624824361902,SER,16.825045,16.135912,0.054745,0.014864,0.056359,21.0,ok_dr9
ZTF18acbxmvy,0.6239210287168397,EXP,20.945015,20.709873,0.18513438,0.063304104,,9.0,ok_dr10
ZTF23abcnhzq,,,,,,,,,empty
ZTF20aamgdkb,0.6178419751313763,EXP,20.967463,20.83318,0.129911,0.316467,,8.0,ok_dr9
ZTF23aabrson,2.042355178697913,SER,16.06113,15.670268,0.027311709,0.0069615315,0.03525086,18.0,ok_dr10
ZTF25aazkont,8.472629982641322,DEV,20.996923,21.888775,0.04308036,0.0995614,,17.0,ok_dr10
ZTF21aceqrju,0.6804269078969692,REX,21.802336,20.645441,0.66954976,0.10937933,,23.0,ok_dr10
ZTF18acbxhua,0.04895179386958328,SER,,17.958271,,,,17.0,ok_dr10
ZTF20aafrjqw,5.791752001514781,DUP,,,,,,16.0,ok_dr10
ZTF18adbadic,5.008998800735914,REX,22.326239,22.176666,0.567123,0.220049,,24.0,ok_dr9
ZTF24aavdxwf,1.4929424549697148,SER,18.177647,17.900206,0.07769707,0.016076196,,47.0,ok_dr10
ZTF24aairune,2.3955702484064405,SER,16.12115,15.74567,0.043074,0.01482,,14.0,ok_dr9
ZTF19aazgdvh,0.09418910140425989,DEV,17.32878,16.650948,0.07998841,0.0070153135,0.08218821,21.0,ok_dr10
ZTF23aaalcjc,2.195476058650279,SER,16.273584,15.576528,0.0667298,0.01843547,0.05063132,25.0,ok_dr10
ZTF22abcsiqk,0.35558878607104155,SER,17.249561,16.601223,0.11886048,0.022779843,,31.0,ok_dr10
ZTF23abivscl,0.6787818454557102,SER,,14.253988,,,,17.0,ok_dr10
ZTF25aachzhd,,,,,,,,,no_gal
ZTF19acbiwjk,2.240475425611105,REX,18.773159,18.38559,0.097913,0.020165,,14.0,ok_dr9
ZTF23aaapgxe,2.8122965705967964,SER,16.372883,15.977592,0.042258404,0.010087745,,12.0,ok_dr10
ZTF19acccyyt,,,,,,,,,empty
ZTF23absscow,,,,,,,,,empty
ZTF23abccwbx,2.5661245353345348,REX,20.441883,20.149977,0.12184209,0.09031372,,52.0,ok_dr10
ZTF19aapnzde,2.0226765702125378,REX,16.803177,16.516014,0.061462,0.013834,0.070868,18.0,ok_dr9
ZTF22abfyqmh,11.964085322742228,SER,19.08056,18.811857,0.070272185,0.03994119,,19.0,ok_dr10
ZTF19acojuzv,4.762719696153545,REX,21.406075,21.086124,0.317001,0.115011,,19.0,ok_dr9
ZTF18ablqehq,8.444776693221002,EXP,21.568438,21.802744,0.239081,0.202656,,14.0,ok_dr9
ZTF24aakdmwg,16.607307214643434,REX,24.009842,24.67073,0.743502,0.394228,,8.0,ok_dr9
ZTF20aamazzl,2.1474840359894016,EXP,22.563034,23.110258,0.135957,0.399328,,12.0,ok_dr9
ZTF20abtsecq,3.1736151214878774,SER,17.826616,17.5433,0.068881474,0.022223048,,11.0,ok_dr10
ZTF22aacrugz,6.849075423969437,REX,22.928946,22.959414,0.6585129,0.4645593,,20.0,ok_dr10
ZTF21aalekwo,,,,,,,,,empty
ZTF24abzvnik,2.6302835217288525,EXP,,18.745811,,,,4.0,ok_dr10
ZTF18abqarng,8.381372576321478,REX,22.89498,21.897377,1.037199,0.23739374,,31.0,ok_dr10
ZTF23aavecfo,0.4983727963489214,SER,19.940018,19.874552,0.020300401,0.08388079,,21.0,ok_dr10
ZTF21achzpyc,1.198966449229925,SER,16.162333,15.666953,0.0597,0.010779,,27.0,ok_dr9
ZTF19aanydko,0.18552141953856102,DEV,,,,,,5.0,ok_dr10
ZTF19acawgrs,11.100119671087418,REX,22.503983,21.488592,0.953852,0.11976,,4.0,ok_dr9
ZTF20acxqxyw,3.682302339936384,SER,21.37635,21.872993,0.059346136,0.11419015,,21.0,ok_dr10
ZTF22aaywnyg,10.840208699009116,EXP,19.452908,,0.036287,0.122533,,31.0,ok_dr9
ZTF24ablkjdd,5.8621698573181575,REX,21.772152,21.107372,0.6414845,0.25452548,,19.0,ok_dr10
ZTF21aarycyl,1.0014102272178775,SER,17.834267,17.405312,0.0951394,0.019129077,,12.0,ok_dr10
ZTF23aaahuzb,3.1690203239192645,EXP,20.68193,20.730627,0.067471,0.06405,,14.0,ok_dr9
ZTF22abbiwrr,3.720246661431435,REX,21.95632,21.978096,0.08205539,0.37479392,,28.0,ok_dr10
ZTF19aaxptsd,6.774661720079309,SER,16.304943,15.8553,0.056079,0.015056,,14.0,ok_dr9
ZTF18aarnbhk,0.7519213815111069,SER,17.976334,17.808233,0.048752137,0.01546995,,22.0,ok_dr10
ZTF20acqvwzb,3.4112642884330073,EXP,16.865524,16.474146,0.074966006,0.07929663,,40.0,ok_dr10
ZTF23aabtgej,12.866423087245701,REX,23.685543,24.1579,0.9661163,0.6372471,,14.0,ok_dr10
ZTF24aakaiha,0.13106878346744014,SER,15.520263,15.049201,0.039239157,0.012515992,,29.0,ok_dr10
ZTF24abqqoww,0.18296243729502404,SER,15.110679,14.752757,0.031570144,0.007177878,0.026344523,18.0,ok_dr10
ZTF21acfmxeu,0.8327558961000471,SER,16.43128,15.866136,0.05352056,0.014656484,,18.0,ok_dr10
ZTF19abidbqp,6.519091109089605,EXP,19.597137,19.536943,0.042027693,0.30889907,,24.0,ok_dr10
ZTF19aavjzrz,,,,,,,,,empty
ZTF21acjjxww,14.918607994736453,REX,,21.84761,,,,12.0,ok_dr10
ZTF25aacdjzo,0.9023609793828077,EXP,20.890661,20.86881,0.032994,0.076459,,13.0,ok_dr9
ZTF23abgyyvj,3.5068900340866236,SER,20.424671,20.032501,0.052300327,0.25582454,,26.0,ok_dr10
ZTF22abfvibh,10.983323545567155,SER,13.793653,13.015565,0.029811459,0.00752885,,7.0,ok_dr10
ZTF18abhpzig,,,,,,,,,empty
ZTF19aazlpqy,1.942166741748433,SER,,,,,,26.0,ok_dr10
ZTF21aaxkckg,0.4456220542174895,SER,19.629625,19.472815,0.138578,0.036321,,13.0,ok_dr9
ZTF18abadjhx,1.3148651793232315,REX,17.11432,16.558102,0.073676,0.013582259,,15.0,ok_dr10
ZTF23abjtozz,,,,,,,,,empty
ZTF22abyskhb,1.479731103666355,SER,20.266346,20.009518,0.08708531,0.05081838,,36.0,ok_dr10
ZTF24aatxshz,0.03726033839499066,SER,18.934845,18.300962,0.129735,0.020512,,18.0,ok_dr9
ZTF22abyaood,4.904982873360461,DUP,,,,,,18.0,ok_dr10
ZTF20acsesce,3.4452428584184833,SER,14.73962,13.975588,0.062832065,0.023475865,,29.0,ok_dr10
ZTF21abwcnpe,0.11717093546816422,REX,24.086533,24.597198,0.8409821,0.5917141,,11.0,ok_dr10
ZTF20abasxmb,4.377341012287041,SER,15.40104,14.809351,0.028342,0.005439,0.024737,9.0,ok_dr9
ZTF25abmhmbk,,,,,,,,,empty
ZTF20acumxrh,5.912243011046548,EXP,21.280865,21.19651,0.14601538,0.39696923,,26.0,ok_dr10
ZTF21ackqbow,1.9641831245051413,DUP,,,,,,9.0,ok_dr10
ZTF18aafzers,1.420537709638999,SER,14.341902,13.655987,0.029764114,0.0062791286,0.04868623,14.0,ok_dr10
ZTF24aaidazw,1.1138625075220059,SER,15.558043,14.900361,0.057356797,0.012462469,0.051566962,13.0,ok_dr10
ZTF20aaerxsd,0.3745467654183149,SER,18.767332,18.351686,0.084047,0.033186,,12.0,ok_dr9
ZTF19acbmddl,2.19354516356309,SER,14.947939,14.148272,0.044835843,0.012210797,,6.0,ok_dr10
ZTF19aamsoze,0.21566154232197757,SER,,17.132479,,,,24.0,ok_dr10
ZTF20abjatqy,,,,,,,,,empty
ZTF19abomiel,1.615480888122374,SER,17.102434,16.417753,0.080667,0.009807,,10.0,ok_dr9
ZTF25abioepd,2.3237853437415303,EXP,17.90129,17.29069,0.09565988,0.016413692,,14.0,ok_dr10
ZTF22abkpgpa,10.086563931805319,REX,18.529112,18.649357,0.012859767,0.019667123,,12.0,ok_dr10
ZTF20aajcdad,4.273331375610507,EXP,18.43128,18.603413,0.010999,0.017212,,15.0,ok_dr9
ZTF25abvcnys,5.110043911184939,DEV,21.096727,20.994967,0.11233,0.368403,,14.0,ok_dr9
ZTF21aaikpnj,0.521348553169465,DUP,,,,,,19.0,ok_dr9
ZTF18abvfecb,1.6832418121085087,REX,23.80853,23.163164,1.0886456,0.50914544,,13.0,ok_dr10
ZTF19acwrujg,,,,,,,,,empty
ZTF23abomtjc,1.3518461188862638,EXP,17.45465,17.335196,0.014972818,0.009928575,,24.0,ok_dr10
ZTF22aajhsbn,14.523752148963242,DUP,,,,,,2.0,ok_dr10
ZTF20aanyxvu,10.462185023556367,DEV,14.993402,14.44875,0.047346,0.009818,,13.0,ok_dr9
ZTF21abcixor,0.44731614090649013,EXP,21.052181,20.877474,0.11967088,0.09884456,,13.0,ok_dr10
ZTF22aaibhya,1.9872653468808743,EXP,20.615267,21.499203,0.067471,0.035726,,20.0,ok_dr9
ZTF18abmxatl,4.6519482883978975,REX,24.663162,24.86795,1.2994708,0.64633876,,13.0,ok_dr10
ZTF20aciievv,9.662787099910641,REX,22.490835,21.712954,0.8314957,0.16773205,,7.0,ok_dr10
ZTF19aavxikq,4.6847637179250325,REX,24.968298,23.633183,1.1112648,0.37923408,,27.0,ok_dr10
ZTF19abdjsss,1.0505136864364977,SER,,,,,,8.0,ok_dr10
ZTF21aasctwo,3.716783721282399,SER,16.343716,15.615481,0.071049,0.006595,,24.0,ok_dr9
ZTF22abafbzv,5.145735633925726,EXP,19.969582,19.907284,0.054908,0.056363,,14.0,ok_dr9
ZTF22aamfwtc,,,,,,,,,empty
ZTF25abitgrj,1.004667086921529,SER,17.418816,17.095276,0.04517372,0.011642947,,40.0,ok_dr10
ZTF18abuxjrd,0.13629343977848818,SER,16.278694,15.693106,0.06228942,0.014477998,0.07132095,21.0,ok_dr10
ZTF25aanitpo,0.8017490139435368,SER,18.455456,17.873032,0.055951275,0.018989412,,11.0,ok_dr10
ZTF23aakidwn,7.664176627109702,SER,14.863438,14.193122,0.061617695,0.009455853,,8.0,ok_dr10
ZTF21abxjcdc,1.3277307320195533,SER,17.59467,17.240482,0.056112282,0.015227668,,24.0,ok_dr10
ZTF23aaeqonb,3.154320287939886,EXP,22.7157,22.671618,0.34138867,0.582907,,17.0,ok_dr10
ZTF19aanhlxe,5.0403217871037596,EXP,22.123865,21.763176,0.5885653,0.34782037,,32.0,ok_dr10
ZTF23aazodoj,0.7417175943859459,EXP,21.50312,21.24192,0.139765,0.1677569,,15.0,ok_dr10
ZTF20aclnqle,1.9291161787187467,REX,22.777075,22.689636,0.567388,0.292129,,19.0,ok_dr9
ZTF19abjpkdz,10.697675103533355,SER,13.340611,12.527909,0.057287052,0.021421503,,11.0,ok_dr10
ZTF20acvdqtg,1.6532808956396676,REX,16.159817,15.561206,0.093392394,0.014768536,,51.0,ok_dr10
ZTF21achiyue,0.6536883704593038,SER,18.477953,18.081818,0.11935169,0.03350691,,19.0,ok_dr10
ZTF22aaajuya,5.062526747113573,SER,14.312437,13.773967,0.044081,0.007512,,12.0,ok_dr9
ZTF22aatgiuw,2.077039771410801,DUP,,,,,,17.0,ok_dr10
ZTF20acgrwej,1.5965474572272431,DEV,20.05811,19.860336,0.066985056,0.16732277,,16.0,ok_dr10
ZTF21aawyyha,1.623012163700426,SER,17.36044,17.059622,0.039543,0.010352,,11.0,ok_dr9
ZTF22absphlp,1.4150248645776258,EXP,22.489965,,0.14816362,0.44281158,,9.0,ok_dr10
ZTF22aattfmb,8.56053626536238,SER,17.301952,17.380032,0.016751,0.013258,,18.0,ok_dr9
ZTF25aadobka,3.714297423679608,EXP,18.393276,17.997797,0.09930392,0.022638269,,15.0,ok_dr10
ZTF25abbwsqe,1.7036224610254431,SER,15.361655,14.748753,0.056438,0.011889,,11.0,ok_dr9
ZTF24ablngnq,,,,,,,,,empty
ZTF21acjosix,0.9521095322398047,REX,21.114124,20.797289,0.279682,0.406325,,9.0,ok_dr9
ZTF24aaejwxv,5.311892821550318,SER,14.489025,13.881223,0.043876,0.011445,,29.0,ok_dr9
ZTF21aagtceu,4.162679699063423,REX,20.78967,20.012774,0.598499,0.087522,,18.0,ok_dr9
ZTF20acfasbq,9.292458637017527,SER,14.607524,14.020036,0.040147,0.008506,,4.0,ok_dr9
ZTF21abvrlup,0.30320232768656835,EXP,21.56729,,0.08039676,0.28744906,,13.0,ok_dr10
ZTF23absbyol,16.31669070732654,REX,23.471504,22.989971,0.905874,0.227033,,11.0,ok_dr9
ZTF22abgepyb,,,,,,,,,empty
ZTF23aaeinqq,6.6858026852439085,SER,16.359987,15.823153,0.046686854,0.012547441,0.046520356,10.0,ok_dr10
ZTF23aaqmauw,1.058442270584778,SER,16.724726,16.381556,0.025720727,0.0061983094,0.038043365,14.0,ok_dr10
ZTF22abxlqol,6.985123530761028,SER,20.784388,21.793594,0.03102768,0.027258556,,17.0,ok_dr10
ZTF20aazymxi,9.039774820997343,REX,22.361094,,0.497999,0.301206,,17.0,ok_dr9
ZTF22aahoxbx,5.009411914211129,SER,20.44869,20.106497,0.2478044,0.32724562,,19.0,ok_dr10
ZTF20aaaxghv,2.713678111315408,EXP,19.64145,19.35023,0.1399931,0.11896934,,47.0,ok_dr10
ZTF24abnsdev,3.091323920992757,SER,19.69536,20.21471,0.02947488,0.060306046,,28.0,ok_dr10
ZTF25aavilsy,0.6270287864375453,SER,18.15434,17.670374,0.083475985,0.012451397,,14.0,ok_dr10
ZTF23abjarpv,8.248680504699673,REX,,22.001019,,,,21.0,ok_dr10
ZTF18aamyexb,0.09796944726732468,DUP,,,,,,16.0,ok_dr9
ZTF22abgdjwt,1.4351106614576343,SER,,15.444271,,,,7.0,ok_dr10
ZTF18aawuzxa,0.07358955951899357,SER,17.657938,17.027073,0.188321,0.031714,,16.0,ok_dr9
ZTF25acgklik,10.67752851706638,DUP,,,,,,60.0,ok_dr10
ZTF18abryqnn,1.3762951161654267,SER,16.61676,16.141954,0.067017026,0.017268348,,12.0,ok_dr10
ZTF21abhymom,0.9908699631923422,SER,17.204237,16.699436,0.07385756,0.015160074,0.08009168,28.0,ok_dr10
ZTF20abqaqgv,4.058860619395548,SER,15.449069,14.78557,0.030611224,0.005899481,,17.0,ok_dr10
ZTF20aatvsjw,5.226381270191782,REX,22.689348,22.220057,0.73521614,0.36570758,,26.0,ok_dr10
ZTF22aaklhfg,3.0450755306818493,SER,18.861795,18.640713,0.0542778,0.02934205,,12.0,ok_dr10
ZTF21achlshg,1.5580705092993816,SER,18.378984,18.067907,0.0402408,0.02260245,,9.0,ok_dr10
ZTF18adachkc,0.038983472347402855,DEV,18.769552,17.983034,0.289607,0.05886412,,12.0,ok_dr10
ZTF22aaoiddx,2.0035281049893263,REX,24.51844,25.745283,0.9375494,0.69776964,,38.0,ok_dr10
ZTF23aamseob,4.487918883543819,REX,18.000788,17.843023,0.0074988883,0.019267172,,18.0,ok_dr10
ZTF20abyzprl,2.619025717620841,SER,15.342607,14.655794,0.044585884,0.012000149,,13.0,ok_dr10
ZTF22aaokitb,,,,,,,,,empty
ZTF24abeuxkq,4.102982637885249,EXP,23.77217,24.102097,0.3425207,0.5028026,,16.0,ok_dr10
ZTF19aawfkeg,0.5670234652680205,REX,,,,,,9.0,ok_dr10
ZTF19aapdkza,0.4248896997559869,SER,17.703583,17.137753,0.061237223,0.015012359,,17.0,ok_dr10
ZTF22ablviyf,,,,,,,,,empty
ZTF23aadjwkw,2.06725546092235,SER,18.484543,18.146727,0.056521,0.023904,,14.0,ok_dr9
ZTF19aamgypy,6.8632256568920695,SER,19.368713,18.657312,0.28765836,0.022686861,,13.0,ok_dr10
ZTF19aafwrhf,0.1295077624446342,SER,16.84801,16.14495,0.06695959,0.009307399,0.0526719,20.0,ok_dr10
ZTF22aalwbgz,3.767362281522755,DEV,22.316803,20.445972,0.9328304,0.24237525,,19.0,ok_dr10
ZTF18abnurff,,,,,,,,,empty
ZTF18abwkzuc,3.955811189926744,SER,15.59958,14.910679,0.053483,0.009631,,14.0,ok_dr9
ZTF25aauurnj,1.7318733792461665,SER,21.652231,21.372652,0.274603,0.14198145,,17.0,ok_dr10
ZTF21aahfjbs,0.06544416230128926,SER,17.682798,17.131544,0.05298716,0.009296535,0.07337902,14.0,ok_dr10
ZTF25abvuktq,3.158904290610525,REX,23.697683,21.345133,0.97672355,0.08402655,,11.0,ok_dr10
ZTF19acbwrsu,,,,,,,,,empty
ZTF23abavxmm,7.294353399995484,SER,16.1726,15.311239,0.064175315,0.011907841,,18.0,ok_dr10
ZTF25abxqslz,,,,,,,,,empty
ZTF20acflmyv,3.6539833066100447,EXP,21.712652,21.795374,0.13496806,0.10527987,,20.0,ok_dr10
ZTF19aariwfe,8.658542063038189,SER,14.200674,13.628888,0.037142158,0.0077761183,,13.0,ok_dr10
ZTF19aavwbpc,1.0573497745289873,SER,18.774664,18.523827,0.050043277,0.024533153,,14.0,ok_dr10
ZTF19aaojnrx,0.6299746124623238,SER,15.257277,14.627783,0.055109773,0.0060441424,0.05081615,16.0,ok_dr10
ZTF25abyfbss,2.0778475486068753,SER,19.15269,18.807095,0.084543,0.032093,,18.0,ok_dr9
ZTF22abdtpru,2.50466906586367,EXP,23.30176,24.47153,0.18709067,0.29343778,,20.0,ok_dr10
ZTF25aadcylv,1.9373618291628627,SER,15.299218,14.509908,0.056362,0.015183,0.055488,22.0,ok_dr9
ZTF20acpzaoa,3.9269798235368008,DUP,,,,,,9.0,ok_dr9
ZTF18aatlfus,0.059715072562473485,SER,18.871603,19.940258,0.013188437,0.07698782,,19.0,ok_dr10
ZTF22aatuatn,0.5181162102700053,SER,16.185171,15.568384,0.058383,0.011529,,13.0,ok_dr9
ZTF24aaiahlv,,,,,,,,,empty
ZTF23abdefkq,2.5546802754336886,SER,16.052578,15.314086,,,,18.0,ok_dr10
ZTF19aaqxcfs,0.9305076101282245,SER,20.078253,19.822775,0.114597,0.061908,,17.0,ok_dr9
ZTF22abtjcbg,0.3870710140424341,SER,16.197,15.355487,0.055688184,0.013997744,,26.0,ok_dr10
ZTF21aaydwzt,3.058887077302817,EXP,23.33338,,0.3387877,0.4830242,,17.0,ok_dr10
ZTF18aceyjco,2.3441344038675798,DEV,17.760292,17.306608,0.062481,0.019784,,20.0,ok_dr9
ZTF24aaoumhw,9.022220436414448,REX,23.638968,,0.76255643,0.8230596,,21.0,ok_dr10
ZTF23aaaprnb,2.9417087690983585,SER,20.434483,20.683031,0.17667682,0.14075448,,14.0,ok_dr10
ZTF19acyggzu,,,,,,,,,empty
ZTF22abgteub,,,,,,,,,empty
ZTF21aabjesm,,,,,,,,,empty
ZTF19acngsnb,0.19283682868788884,SER,21.630232,21.447422,0.29460973,0.5123374,,28.0,ok_dr10
ZTF20abzettb,,,,,,,,,empty
ZTF22aasyitj,1.3349360231683502,EXP,,,,,,22.0,ok_dr10
ZTF22aarqzls,,,,,,,,,empty
ZTF24ablthst,0.6909087103235371,REX,22.362068,22.067913,0.3307117,0.11471719,,27.0,ok_dr10
ZTF18aazppgf,0.14687924903566688,DUP,,,,,,19.0,ok_dr10
ZTF19aatudsq,10.543034022999834,EXP,,,,,,12.0,ok_dr10
ZTF19acnxvkp,,,,,,,,,empty
ZTF25acbsugc,7.390594250370465,SER,13.938384,13.430371,0.016701547,0.005955243,,17.0,ok_dr10
ZTF19aalvaxt,5.368865289575342,SER,15.283821,14.83383,0.022155,0.00537,0.024442,17.0,ok_dr9
ZTF21abfaohe,5.673890355348202,REX,15.434844,15.179306,0.023241471,0.0073522744,,7.0,ok_dr10
ZTF24aahzfwk,0.7942180162744091,SER,17.991543,17.6064,0.0985031,0.01786635,,37.0,ok_dr10
ZTF20acmzoxo,1.6400908851255374,SER,16.207575,15.745991,0.0345338,0.008371724,,14.0,ok_dr10
ZTF24aawrofs,3.3371682063189514,SER,,,,,,20.0,ok_dr10
ZTF23aabbrdb,,,,,,,,,empty
ZTF25aadnsyh,3.463104866089306,SER,15.511369,14.949391,0.05501294,0.010871191,0.06117921,18.0,ok_dr10
ZTF24aaaibep,9.210600650885752,SER,18.90256,19.200874,0.028794467,0.033727758,,17.0,ok_dr10
ZTF22abnehge,1.6540412091741643,SER,20.975859,21.30401,0.041964915,0.14706239,,28.0,ok_dr10
ZTF21abrzdqx,0.16133596980514459,SER,16.56269,16.004738,0.08528761,0.011558632,,28.0,ok_dr10
ZTF24abllcax,,,,,,,,,empty
ZTF20abmbxrq,5.566448405873335,SER,16.644836,16.02266,0.07843812,0.01643901,,16.0,ok_dr10
ZTF25aanilxe,2.011353853542648,SER,15.932523,15.175913,0.043103557,0.014932528,0.06352105,14.0,ok_dr10
ZTF23abjieca,1.3247553252714384,SER,19.126158,18.794693,0.1041358,0.02690197,,13.0,ok_dr10
ZTF22abybwdz,2.3730877914505535,DEV,21.99247,21.577257,0.44040936,0.08551262,,21.0,ok_dr10
ZTF20abehvas,11.5632403711864,DUP,,,,,,11.0,ok_dr10
ZTF21achauvx,4.569178173477681,SER,18.73963,18.87235,0.022501,0.040244,,9.0,ok_dr9
ZTF18abixrei,0.25664704507136393,SER,16.711954,15.995558,0.10085561,0.0065915785,0.1133161,18.0,ok_dr10
ZTF23aacyylg,4.711055956148502,EXP,19.503984,18.976328,0.24897991,0.3160252,,55.0,ok_dr10
ZTF22aahgvlx,1.9136130078808191,SER,18.928007,18.607141,0.08798137,0.041899983,,14.0,ok_dr10
ZTF20aavptjf,0.7416886924754345,REX,17.75046,17.807852,0.02034,0.013562,,10.0,ok_dr9
ZTF25aakrsbo,3.351867673399531,SER,16.59438,16.052547,0.050074074,0.010288769,,16.0,ok_dr10
ZTF21abrapmf,3.400188232775458,DUP,,,,,,8.0,ok_dr10
ZTF20acpgokr,10.650511830252848,EXP,20.726173,20.289757,0.2477049,0.18808186,,16.0,ok_dr10
ZTF25aavahfn,10.791228361189152,DUP,,,,,,12.0,ok_dr10
ZTF20aacbyec,1.5627638408545623,SER,17.838858,18.027885,0.01939934,0.01131176,,19.0,ok_dr10
ZTF20aakyoez,3.5682358260865716,SER,18.542261,18.52372,0.024356,0.012981,,23.0,ok_dr9
ZTF21abowrey,,,,,,,,,empty
ZTF21abbodsc,1.6814051111796893,REX,22.259476,22.059788,0.33451802,0.23193179,,22.0,ok_dr10
ZTF24aaxdojc,2.151635241294198,SER,20.513817,20.370304,0.061451517,0.30841208,,43.0,ok_dr10
ZTF19aaillan,10.094978547906974,REX,23.865255,23.839417,1.0249076,0.48647073,,27.0,ok_dr10
ZTF19abycslo,1.4707311318344298,SER,18.087189,17.679396,0.05870715,0.013209112,,33.0,ok_dr10
ZTF25aagezfh,3.869302841281825,SER,15.746264,15.127947,0.065664,0.012117,0.066966,11.0,ok_dr9
ZTF25abfmbhf,0.2834923817739785,DUP,,,,,,17.0,ok_dr10
ZTF25aapsieb,6.466961517508394,REX,23.86321,24.342293,0.56862724,0.4610958,,14.0,ok_dr10
ZTF22aaaffer,3.956208919652794,SER,17.164886,16.4504,0.075683,0.016407,0.074735,14.0,ok_dr9
ZTF20acorjop,1.9946751436003223,EXP,20.608631,20.272812,0.19209482,0.11889497,,15.0,ok_dr10
ZTF21aciuhqw,6.997268375392565,REX,19.72975,19.643368,0.0419356,0.14457516,,16.0,ok_dr10
ZTF22abkpkej,1.660199574717106,SER,15.510774,14.889943,0.06264725,0.020675998,,43.0,ok_dr10
ZTF25aafdxjr,4.187915102591335,REX,23.400053,22.884327,0.537116,0.28023207,,23.0,ok_dr10
ZTF25abyevmr,2.927757442988866,SER,18.049109,18.169212,0.040184,0.056558,,15.0,ok_dr9
ZTF19aatvmbo,1.992230817128563,DEV,22.165535,22.563951,0.14526445,0.21798384,,17.0,ok_dr10
ZTF20acobvxk,1.5238805554458932,SER,18.832876,18.683657,0.04661933,0.034834336,,36.0,ok_dr10
ZTF24aasgaac,2.189708443037227,EXP,18.175714,17.85525,0.019900903,0.013121187,,12.0,ok_dr10
ZTF18abxyutn,,,,,,,,,empty
ZTF19aatvlfl,3.6175713044628313,REX,16.414545,15.873104,0.10267037,0.12147915,,15.0,ok_dr10
ZTF24aagtqam,0.8259900551813456,SER,19.631773,19.32692,0.07620529,0.08214019,,29.0,ok_dr10
ZTF22aauexsq,11.824186669014761,SER,19.518024,18.65379,0.16687527,0.10539781,,13.0,ok_dr10
ZTF20aazjwgh,3.706603182137491,SER,15.762478,15.276816,0.044662,0.010826,0.055723,11.0,ok_dr9
ZTF21abuvury,15.3016401769301,SER,15.812511,15.238142,0.072966,0.01385,,13.0,ok_dr9
ZTF25aaiwalj,11.782276545956641,SER,12.615486,12.087653,0.013835875,0.0046544606,,11.0,ok_dr10
ZTF25aafejer,5.878099405557283,SER,18.807241,18.525667,0.027614,0.020015,,12.0,ok_dr9
ZTF20ablvukx,0.44086131916344756,SER,,16.57883,,,,10.0,ok_dr10
ZTF19acygjgx,16.10076852489875,DEV,16.374222,15.653782,0.077366,0.008174,,9.0,ok_dr9
ZTF18aarikzk,0.24942363207847107,SER,16.172388,15.508202,0.06682736,0.0049695843,0.056340612,18.0,ok_dr10
ZTF23aadaypx,0.8356769009831057,SER,20.059893,19.943792,0.047863744,0.037969504,,20.0,ok_dr10
ZTF19acitkzs,1.5046365577178131,SER,19.421177,19.176517,0.050873,0.027152,,10.0,ok_dr9
ZTF20achksbc,0.6999320843312629,EXP,20.075924,19.74273,0.093703,0.029858,,8.0,ok_dr9
ZTF21abglcxm,9.10153585021954,SER,14.572299,14.038391,0.009376131,0.003813476,,18.0,ok_dr10
ZTF20acyrhbo,0.7892918275523444,REX,20.788612,20.597452,0.12893535,0.57395434,,15.0,ok_dr10
ZTF20aascwvz,7.9070384355651,DUP,,,,,,35.0,ok_dr10
ZTF23abmodbf,0.26822250350058235,REX,19.0807,18.830917,0.08770419,0.031115388,,34.0,ok_dr10
ZTF24abbsuhu,1.0836820451225844,SER,23.075794,,0.19068971,0.28858793,,25.0,ok_dr10
ZTF18aazjflo,0.023797450848804788,SER,14.842703,14.453481,0.037056,0.006301,0.044142,22.0,ok_dr9
ZTF21abrssvd,2.0240292661278994,SER,15.884908,15.181138,0.084050484,0.01432644,,19.0,ok_dr10
ZTF25aaabnwi,,,,,,,,,empty
ZTF20acqvgav,19.46507201785512,REX,22.696983,22.286062,0.539054,0.212833,,12.0,ok_dr9
ZTF22aajivyw,5.113711479591171,SER,15.83227,15.362673,0.035758235,0.010827822,0.039800234,42.0,ok_dr10
ZTF21abtsoky,0.4596359372229712,SER,17.295757,16.831245,0.067377,0.017594,,7.0,ok_dr9
ZTF19abvdbyx,6.672139628065838,SER,19.052866,18.88428,0.039164387,0.036841627,,17.0,ok_dr10
ZTF24ablnmez,,,,,,,,,empty
ZTF18abthqde,,,,,,,,,empty
ZTF18acbzojv,21.88553058222288,SER,13.499029,12.933613,0.024476,0.004586,,5.0,ok_dr9
ZTF20abelnha,,,,,,,,,empty
ZTF23aaawixk,,,,,,,,,empty
ZTF18acuimze,1.2644476959543807,SER,,14.205926,,,,16.0,ok_dr10
ZTF18aauenwu,,,,,,,,,empty
ZTF23aacfiuv,11.158609962487297,DUP,,,,,,3.0,ok_dr10
ZTF21acqbnkt,2.031130459323813,DEV,16.947855,16.13197,0.071235,0.012715,,15.0,ok_dr9
ZTF22abteetl,11.756849571675911,EXP,16.441647,15.778644,0.039634854,0.03474454,,15.0,ok_dr10
ZTF20aaporoa,4.816865297052255,SER,16.834888,16.346666,0.024456855,0.010960534,,26.0,ok_dr10
ZTF18abjhbss,,,,,,,,,empty
ZTF23aajhosl,2.8324911616622948,EXP,22.609941,23.036724,0.16083112,0.27728274,,27.0,ok_dr10
ZTF21abrpdwb,0.5626080305828665,SER,17.603983,17.291256,0.00867358,0.0052348217,,9.0,ok_dr10
ZTF22aaaehzd,1.9174772668111648,EXP,21.317356,21.015678,0.1647658,0.2279334,,15.0,ok_dr10
ZTF23abrqyby,0.31617525090909787,SER,18.9231,18.834436,0.062592484,0.021916896,,19.0,ok_dr10
ZTF25aaqyaob,,,,,,,,,empty
ZTF22aaabpkx,4.800805612379739,SER,14.712819,14.142946,0.040633,0.005491,,6.0,ok_dr9
ZTF18accnnyu,0.5355594444824759,SER,15.517188,15.219541,0.023141824,0.011690548,0.028907785,9.0,ok_dr10
ZTF19abasxmh,6.935423909686774,REX,,21.697283,,,,17.0,ok_dr10
ZTF19acxnemy,1.353491294991529,SER,19.911783,19.750511,0.049154,0.04658,,8.0,ok_dr9
ZTF24abqlrdc,1.1114289094580982,SER,17.090427,16.711359,0.050085936,0.013902034,,18.0,ok_dr10
ZTF22aamhfyu,,,,,,,,,empty
ZTF22abvmfpq,1.0520199626042936,SER,15.88991,15.455791,0.025577808,0.0071841194,,20.0,ok_dr10
ZTF19acshkft,0.9347517207584312,SER,19.70091,19.362223,0.15565638,0.037028126,,6.0,ok_dr10
ZTF24abnpugu,2.525258719047949,SER,15.928158,15.273534,0.08506592,0.014404981,,15.0,ok_dr10
ZTF19abozuxh,0.7933754224389576,SER,17.164614,16.496243,0.09147949,0.012581968,,13.0,ok_dr10
ZTF23abdhvou,0.46922509383667016,SER,21.837101,22.10503,0.06833536,0.28926724,,15.0,ok_dr10
ZTF18ablqkud,0.561199271146742,EXP,22.054384,22.593084,0.0685909,0.6441579,,30.0,ok_dr10
ZTF20abcxnbb,2.1642991896818793,REX,22.107891,22.310602,0.07978461,0.11361517,,39.0,ok_dr10
ZTF23abmpuhp,4.190347993136626,SER,20.435959,20.511124,0.1165367,0.2890139,,12.0,ok_dr10
ZTF20acmafkf,3.4261932894532325,SER,19.397423,19.029884,0.1400004,0.030767959,,28.0,ok_dr10
ZTF24abuyefl,0.494529158594823,SER,16.422094,15.703109,0.051179,0.009451,,20.0,ok_dr9
ZTF21acionva,1.5120910216301024,EXP,20.02628,19.826923,0.03749,0.03338,,21.0,ok_dr9
ZTF19aanijpu,0.7948264425358341,EXP,22.732683,,0.1564925,0.11316364,,29.0,ok_dr10
ZTF20abcqpdj,0.7522963774846038,REX,17.28518,16.853045,0.063405,0.017716,0.053303,6.0,ok_dr9
ZTF19aawethv,0.5095065523613445,EXP,20.834425,20.960346,0.02876563,0.03466132,,14.0,ok_dr10
ZTF22abivrnq,5.550586303139816,REX,21.703606,20.80846,0.771517,0.056159,,9.0,ok_dr9
ZTF25acgxfng,4.650901097069087,SER,17.445917,16.873695,0.08985724,0.012310267,,24.0,ok_dr10
ZTF23abjhvzr,4.764662351811571,SER,17.595522,16.995033,0.06749021,0.010977973,,21.0,ok_dr10
ZTF18acqsztr,0.9066454334653627,SER,16.794529,16.1848,0.081630915,0.013355386,0.08353106,18.0,ok_dr10
ZTF21aaswtok,3.857195904318329,DUP,,,,,,17.0,ok_dr10
ZTF19acaqoef,1.4726042305847362,SER,17.724916,17.480831,0.046305,0.013464,0.010826,13.0,ok_dr9
ZTF19aadyoqz,6.014235319735102,SER,16.752941,16.028,0.10411765,0.016773473,0.07133296,15.0,ok_dr10
ZTF20aaomeaa,,,,,,,,,empty
ZTF24abpvqxe,1.07994294259638,SER,18.108925,17.710135,0.088178,0.029427,,19.0,ok_dr9
ZTF25aaortzp,7.15516380518016,REX,23.091072,22.347597,0.89976,0.225305,,18.0,ok_dr9
ZTF24abzlfhf,1.4323404803776214,SER,16.825924,16.637096,0.009913029,0.0053510517,,37.0,ok_dr10
ZTF21acaszik,1.8141089746468282,SER,18.336653,18.067564,0.049357135,0.015149286,,26.0,ok_dr10
ZTF23aanptpp,0.8113025496871334,REX,17.96058,17.172255,0.1141,0.015031,,23.0,ok_dr9
ZTF24abnpelc,0.6983392330388721,SER,17.158607,16.502861,0.053764,0.009148,,10.0,ok_dr9
ZTF20aceyolc,,,,,,,,,empty
ZTF18aaxsioa,2.311610416150885,REX,22.705845,23.13752,0.454027,0.21954,,16.0,ok_dr9
ZTF21aarqkes,4.642553104165867,REX,18.396864,19.50463,0.002519,0.003881,,7.0,ok_dr9
ZTF22aahefxi,8.800467271057567,SER,15.577459,15.189402,0.045636237,0.011273239,0.060123198,20.0,ok_dr10
ZTF22abiflfo,,,,,,,,,no_gal
ZTF21aaqwfqe,7.689676802339053,EXP,18.191605,18.252874,0.020928329,0.037806038,,17.0,ok_dr10
ZTF21acaqdee,0.5903711110388978,REX,19.391773,19.518581,0.01727368,0.011188818,,16.0,ok_dr10
ZTF19aazyvub,5.894547171152927,EXP,22.476677,23.186417,0.17188264,0.1723226,,33.0,ok_dr10
ZTF20aausxam,2.6490289239049596,SER,15.97706,15.619616,0.05915,0.010223,0.070991,9.0,ok_dr9
ZTF21aaxycms,8.928774764438968,REX,23.248116,22.4586,1.0631552,0.3267002,,16.0,ok_dr10
ZTF20aavvjie,0.7182278008435188,EXP,22.656046,22.00624,1.0759425,0.28604376,,17.0,ok_dr10
ZTF19acmbekd,0.6447346203486524,REX,24.12641,25.892586,0.5938839,0.49267432,,17.0,ok_dr10
ZTF20aaznpor,1.2625031751255007,DEV,14.271383,13.613084,0.035343,0.006466,,19.0,ok_dr9
ZTF22abinbxm,8.415325471238951,SER,14.994509,14.476591,0.031886,0.005029,0.032276,4.0,ok_dr9
ZTF23aaelwoi,0.2583528121590867,DEV,22.300478,21.94344,0.30728376,0.19600722,,46.0,ok_dr10
ZTF21aavodtn,3.3014331762859395,DEV,20.801107,21.4377,0.06769041,0.07798329,,23.0,ok_dr10
ZTF18acrdmmw,2.202271839074035,EXP,21.760021,22.510715,0.058257,0.066374,,14.0,ok_dr9
ZTF19acjuomg,0.7415789832829529,DEV,21.204268,20.856565,0.421866,0.16369,,16.0,ok_dr9
ZTF25aairncf,0.6644662983507338,SER,16.334215,16.14545,0.033709,0.007278,,18.0,ok_dr9
ZTF21abfionl,0.2838968821529207,SER,19.937721,19.66342,0.091082,0.034506,,8.0,ok_dr9
ZTF23abtttrl,2.0878291740654413,EXP,21.835289,22.10145,0.06677406,0.099745385,,34.0,ok_dr10
ZTF18abjijwk,0.9653448412300975,SER,17.137184,16.482952,0.082284,0.009515,,10.0,ok_dr9
ZTF25aajcusp,8.121802621011618,DUP,,,,,,10.0,ok_dr9
ZTF24aaoosca,0.1809997276296507,REX,22.389843,22.219893,0.44716,0.196638,,9.0,ok_dr9
ZTF19abafmwj,8.82568220351695,SER,14.263551,13.836287,0.028262,0.004563,,5.0,ok_dr9
ZTF18acsxwdi,1.568650963491992,SER,17.546253,17.020061,0.10303384,0.026021441,,21.0,ok_dr10
ZTF23abiearq,2.3477146042730026,SER,17.638214,17.29574,0.058189876,0.012293425,0.051986314,14.0,ok_dr10
ZTF25aalycqc,4.148468086678617,SER,18.598343,18.018847,0.13118,0.030867,,9.0,ok_dr9
ZTF24abfwmpi,1.567192847725431,EXP,19.198593,18.853481,0.06555429,0.028316617,,12.0,ok_dr10
ZTF22aaygzdb,3.507043995530443,SER,15.912951,15.488532,0.057999138,0.012688119,,23.0,ok_dr10
ZTF22aajpgof,0.6115669999477062,SER,18.651102,18.22577,0.10702895,0.029334154,,9.0,ok_dr10
ZTF20acqucpz,2.4718295750073276,EXP,21.548183,21.0488,0.39888766,0.086999826,,19.0,ok_dr10
ZTF19abadskf,3.8050447200509394,SER,20.12579,19.45594,0.3733349,0.08394413,,11.0,ok_dr10
ZTF22aaiiikj,3.239413148457236,SER,,14.200128,,,,13.0,ok_dr10
ZTF21aagmzio,,,,,,,,,empty
ZTF20aayjyhp,3.3607834245103407,REX,20.836046,,0.098521,0.178375,,20.0,ok_dr9
ZTF22abyivov,1.4931411387977274,SER,22.029009,22.115679,0.1113264,0.22295421,,23.0,ok_dr10
ZTF20aautzif,2.4783249756663817,SER,21.338732,21.6283,0.088527,0.226626,,7.0,ok_dr9
ZTF23abahmgm,0.4306760974864136,SER,17.107449,16.807602,0.05081618,0.030479897,,31.0,ok_dr10
ZTF22aaaeibb,0.24764461978834407,EXP,19.92458,19.704374,0.08333928,0.03609877,,12.0,ok_dr10
ZTF19acspfcb,0.0842657448199951,SER,16.377277,15.745964,0.068262,0.010236,0.071399,19.0,ok_dr9
ZTF20aaimqhh,9.820417163350992,EXP,22.89745,22.288322,0.91823006,0.35619897,,14.0,ok_dr10
ZTF22abcfics,,,,,,,,,empty
ZTF24abdndji,,,,,,,,,empty
ZTF18acptgzz,1.8876722373973585,SER,18.183413,17.667332,0.13209015,0.021321641,,14.0,ok_dr10
ZTF19aayogzn,1.5400978661010307,SER,17.479523,17.076742,0.067588,0.013338,0.069654,9.0,ok_dr9
ZTF20abrgzfn,,,,,,,,,empty
ZTF21aabpszb,8.116610438461867,DEV,21.235367,22.346542,0.043866087,0.15405422,,46.0,ok_dr10
ZTF21abfqvjb,12.889957249528486,REX,,,,,,9.0,ok_dr10
ZTF22abxonqa,,,,,,,,,empty
ZTF22aaddtiu,0.554876827445744,EXP,21.914152,22.469416,0.08837918,0.3744195,,11.0,ok_dr10
ZTF25aalvbwm,26.555156056669823,REX,22.095533,21.41622,0.7837907,0.40855527,,3.0,ok_dr10
ZTF22abghgca,4.959227053880388,EXP,20.881126,20.848118,0.287355,0.165187,,10.0,ok_dr9
ZTF23abcdfwg,6.863643811950489,DUP,,,,,,11.0,ok_dr9
ZTF18abjdjge,8.230831812273529,REX,21.128149,20.557447,0.547311,0.143958,,5.0,ok_dr9
ZTF22abkisoc,2.225046037605279,SER,21.706915,21.763573,0.08996522,0.48999816,,16.0,ok_dr10
ZTF24aaijpcp,1.4146291633195107,REX,,,,,,7.0,ok_dr10
ZTF18abyfcns,0.1508649005114621,DUP,,,,,,20.0,ok_dr9
ZTF20acnvprg,0.1145890998958763,SER,17.352232,16.674969,0.09499449,0.00792002,0.10284735,9.0,ok_dr10
ZTF24abbmixl,5.931696575812097,EXP,22.482058,21.977041,0.51652473,0.2847915,,33.0,ok_dr10
ZTF19acgzzea,,,,,,,,,empty
ZTF22aaaiyzf,6.480951855680705,EXP,21.320194,21.150839,0.1576817,0.51685923,,15.0,ok_dr10
ZTF21aagrbpi,2.4689697782848268,SER,17.376696,17.055832,0.035313055,0.015872022,,26.0,ok_dr10
ZTF18acuring,0.5681416176102293,SER,16.848906,16.41143,0.035034236,0.013527223,,22.0,ok_dr10
ZTF23abovvas,0.7282083630060857,SER,15.972508,15.179168,0.056286674,0.0063168025,,31.0,ok_dr10
ZTF21aapkfjx,7.44371540421449,REX,22.409994,22.666683,0.60924673,0.4514294,,35.0,ok_dr10
ZTF19aayvpbf,0.24289440330185236,REX,,16.797556,,,,10.0,ok_dr10
ZTF22abiwpck,0.35338370506356814,SER,14.346076,13.679157,0.034244657,0.008133322,,12.0,ok_dr10
ZTF20aaifybu,21.94662314855199,REX,24.805914,22.511791,1.112941,0.216827,,5.0,ok_dr9
ZTF22aaajife,2.2484674471828057,EXP,21.518562,21.267931,0.13769004,0.10939649,,12.0,ok_dr10
ZTF18aadzfso,0.19820900316340498,DUP,,,,,,13.0,ok_dr9
ZTF21aateglh,0.33297272778332954,REX,22.256529,21.80977,0.62084085,0.29895666,,9.0,ok_dr10
ZTF19adaxzax,0.3345751418971282,SER,18.38546,18.40395,0.03105749,0.023988498,,23.0,ok_dr10
ZTF19abiqwtf,,,,,,,,,empty
ZTF21abmsppx,3.603643993661533,DUP,,,,,,20.0,ok_dr9
ZTF20aarkdoj,8.51000435500895,DEV,15.375051,14.696145,0.07429442,0.010800703,0.061759293,13.0,ok_dr10
ZTF20abxpzxg,2.9552613773070484,EXP,21.011988,20.283783,0.37890166,0.21564564,,15.0,ok_dr10
ZTF18abquher,0.28176746934137364,SER,15.303628,14.729495,0.03861102,0.012354241,,10.0,ok_dr10
ZTF18abpaywm,3.945123089930811,SER,15.914491,15.417704,0.048959,0.011142,,12.0,ok_dr9
ZTF18abmwnov,,,,,,,,,empty
ZTF25abdkrgt,,,,,,,,,empty
ZTF24aaiegxv,6.579222631612574,SER,19.117634,18.423616,0.270019,0.04858,,17.0,ok_dr9
ZTF23abudnet,2.2865444369495953,SER,18.349558,18.103275,0.050696,0.023918,,15.0,ok_dr9
ZTF21abowpnd,1.4741120082210133,SER,17.338497,16.76174,0.095089845,0.014242551,0.061306432,23.0,ok_dr10
ZTF18aauhxce,11.510562170722915,DEV,15.754839,15.196424,0.09683,0.016563,0.083081,12.0,ok_dr9
ZTF19abdkdoz,4.870783466171024,EXP,21.141241,21.755138,0.045241665,0.10184851,,18.0,ok_dr10
ZTF25aaqqjud,,,,,,,,,empty
ZTF22aahhrks,1.6854230365341616,SER,21.404518,21.18917,0.13038296,0.4876355,,10.0,ok_dr10
ZTF22aaozpun,0.5441726201058578,SER,19.889502,19.436363,0.13223885,0.07322363,,16.0,ok_dr10
ZTF21aapvsxv,11.105738887478898,DEV,22.562992,21.331047,0.65628946,0.057424102,,23.0,ok_dr10
ZTF19acmbkmr,0.768872387815532,SER,19.692863,19.329504,0.116565,0.029368,,21.0,ok_dr9
ZTF21aapkcmr,5.376699431414022,SER,13.983549,13.273419,0.08500266,0.02520731,0.030609509,7.0,ok_dr10
ZTF20acizliy,2.618764145758635,SER,16.046314,15.382667,0.12809609,0.021310357,,14.0,ok_dr10
ZTF20abjbgjj,1.7250305839029108,SER,19.119825,18.836159,0.1015106,0.04010034,,10.0,ok_dr10
ZTF23aaqajsw,0.8713050467337254,SER,18.85477,18.725609,0.097103,0.04428,,14.0,ok_dr9
ZTF19abqgzea,,,,,,,,,empty
ZTF25aawvjbd,5.663583635622115,SER,14.566834,13.991255,0.042031,0.007983,,8.0,ok_dr9
ZTF21achgfbk,1.816128119824396,EXP,20.19977,20.019104,0.049106,0.079342,,12.0,ok_dr9
ZTF24aatccmo,0.7430421736752323,EXP,,,,,,6.0,ok_dr10
ZTF22aaskqqq,1.7935538427485886,SER,19.582762,19.186388,0.11297847,0.024781406,,12.0,ok_dr10
ZTF20aamiwbp,,,,,,,,,empty
ZTF22aahgubb,3.505295807820082,REX,21.01266,21.300001,0.02691285,0.24050002,,37.0,ok_dr10
ZTF25aadjmcf,6.963465642824823,SER,19.27231,19.30606,0.06053473,0.07470221,,26.0,ok_dr10
ZTF24abtvopb,0.8345983955384584,DUP,,,,,,10.0,ok_dr10
ZTF20aaiftgi,1.7737675033328064,SER,18.77704,18.719692,0.03593035,0.030407494,,17.0,ok_dr10
ZTF18aamtrdu,1.2020329030648025,SER,15.96489,15.57652,0.05608,0.014338,,23.0,ok_dr9
ZTF20abjuxoy,2.8849016205479323,SER,20.2504,,,,,21.0,ok_dr9
ZTF19aadgimr,5.667186250860297,REX,21.072111,20.01672,0.492395,0.102904,,12.0,ok_dr9
ZTF21aaxtije,6.845527189683337,DEV,14.233672,13.623205,0.039031,0.011607,,12.0,ok_dr9
ZTF20abbpory,,,,,,,,,empty
ZTF23abjacqc,2.824390037217908,DUP,,,,,,18.0,ok_dr10
ZTF20acqksdi,5.221694740862678,SER,15.016519,14.551158,0.033520997,0.006516849,,22.0,ok_dr10
ZTF19abopflp,1.3458924243276835,EXP,22.401869,22.09526,0.23636231,0.23496707,,27.0,ok_dr10
ZTF24abquyel,5.0543061989421645,SER,19.607931,19.962175,0.06870855,0.06376623,,19.0,ok_dr10
ZTF21aceehxt,1.8756312194630111,SER,14.709046,13.875386,0.037342,0.007544,,11.0,ok_dr9
ZTF20abbplei,6.356070384851042,DUP,,,,,,7.0,ok_dr10
ZTF19abuzpmr,1.13233504711218,EXP,21.380146,21.11248,0.384071,0.141618,,15.0,ok_dr9
ZTF19ablfdwt,4.122857238252812,EXP,21.858295,21.63024,0.7506496,0.43080598,,22.0,ok_dr10
ZTF18aaqcugm,8.998636165849087,DEV,21.82555,21.517538,0.646736,0.263308,,10.0,ok_dr9
ZTF21abkquhv,7.17769635969363,DUP,,,,,,22.0,ok_dr10
ZTF22abxlfpl,1.4108242920826803,SER,15.278492,15.046482,0.01662753,0.0053961948,0.023498084,21.0,ok_dr10
ZTF18acqnzso,0.6199550219615442,SER,14.097802,13.446671,0.059111,0.013965,0.058749,8.0,ok_dr9
ZTF22aarwwyy,1.5075939255319804,EXP,19.026405,18.619055,0.06107291,0.026803369,,4.0,ok_dr10
ZTF22abfrbnl,0.40899316936746655,REX,20.714378,20.355093,0.26245815,0.06452197,,13.0,ok_dr10
ZTF21abvfacx,,,,,,,,,empty
ZTF21abwxaht,0.48832312078443096,DUP,,,,,,17.0,ok_dr10
ZTF18absspcp,1.3224314210388162,SER,16.238255,15.526831,0.039858602,0.02054634,,20.0,ok_dr10
ZTF22abaadbc,,,,,,,,,empty
ZTF21acgumps,5.012832947491377,SER,15.784067,15.351048,0.048409853,0.0074623567,0.04089858,17.0,ok_dr10
ZTF21aauuybx,0.0797168263984573,REX,19.878464,19.501123,0.16114242,0.14779368,,19.0,ok_dr10
ZTF23aajkisd,0.31800456960483975,REX,18.87721,18.787771,0.015915912,0.023925468,,15.0,ok_dr10
ZTF21abfxlvo,0.11767088289676596,SER,,19.084532,,,,23.0,ok_dr10
ZTF23abbzhug,8.252562112327785,REX,23.665947,,0.61646616,0.79660803,,14.0,ok_dr10
ZTF23aaczpmh,0.2465958733126992,SER,15.830551,15.202423,0.09165937,0.009843602,0.04998626,18.0,ok_dr10
ZTF19abgqvyr,1.9995197159424933,SER,18.653364,18.175,0.09897088,0.019734599,,33.0,ok_dr10
ZTF24abhhzrp,0.1985732819922978,SER,16.745901,16.72641,0.02974984,0.025190601,,31.0,ok_dr10
ZTF25aboruxa,,,,,,,,,empty
ZTF22abipidm,4.725445722510891,EXP,22.79484,21.99753,0.6304896,0.13312308,,11.0,ok_dr10
ZTF20abmcxct,2.6101219377063622,SER,,15.256721,,,,25.0,ok_dr10
ZTF18adaruzw,0.26071430729157175,REX,19.87357,18.997187,0.22944404,0.12140248,,8.0,ok_dr10
ZTF22abatqod,1.7523660857235386,SER,14.814574,14.148489,0.029632496,0.0027988036,0.036880087,14.0,ok_dr10
ZTF20acgoxns,6.587325749346777,DEV,19.496908,18.851484,0.18514071,0.11270874,,15.0,ok_dr10
ZTF22aamiomf,10.740302929479995,REX,21.07546,20.611286,0.4509667,0.2219608,,36.0,ok_dr10
ZTF25ablihfx,11.948965710736935,REX,,,,,,10.0,ok_dr10
ZTF18aailmnv,2.0650799001662508,SER,17.484701,17.103989,0.083351,0.071247,,8.0,ok_dr9
ZTF22abegteh,0.4201471173611397,DUP,,,,,,29.0,ok_dr10
ZTF18aaiwzie,0.3719333317857586,SER,18.168743,17.782698,0.09487554,0.018598039,,11.0,ok_dr10
ZTF22aajluly,,,,,,,,,empty
ZTF22abjhwce,,,,,,,,,empty
ZTF19aadooun,2.470803691328971,DEV,19.924591,20.343876,0.128642,0.078541,,17.0,ok_dr9
ZTF22abbtqmf,9.129208601140617,DUP,,,,,,24.0,ok_dr10
ZTF22abghdno,4.114722751987768,SER,17.626274,16.994118,0.06498734,0.010580215,,17.0,ok_dr10
ZTF21abrxgiv,,,,,,,,,empty
ZTF19aamfxby,2.409525797420499,EXP,18.17231,17.789396,0.084823,0.024337,,6.0,ok_dr9
ZTF19abxfunp,,,,,,,,,empty
ZTF18aaaibml,0.4630994886476646,REX,16.377607,16.17703,0.043358374,0.017987605,0.0348281,12.0,ok_dr10
ZTF23abcufxh,1.4240406744336909,REX,22.14483,21.687761,0.85056716,0.5689413,,18.0,ok_dr10
ZTF23aamfmqm,9.382329242762069,REX,23.873672,22.815023,0.76097655,0.20462418,,5.0,ok_dr10
ZTF19aadwtoe,3.5539891142793003,SER,14.70683,14.390688,0.038457975,0.011110529,0.015306241,7.0,ok_dr10
ZTF22abddvec,0.1374805635165709,SER,17.90923,17.54545,0.033616003,0.013893947,,8.0,ok_dr10
ZTF21abdbodg,0.30710464600927734,REX,,20.465008,,,,17.0,ok_dr10
ZTF21acjnzdh,0.3497198871305676,SER,17.198902,16.548956,0.140346,0.029398,,8.0,ok_dr9
ZTF23aazfapq,0.9970219293766758,SER,16.449694,16.104378,0.04173947,0.010344706,,21.0,ok_dr10
ZTF22aasdtcq,,,,,,,,,empty
ZTF21abaxaqq,0.08504490058319406,REX,18.784864,18.233263,0.06781249,0.023041021,,15.0,ok_dr10
ZTF25abwkmwj,3.9754677988019345,SER,19.54613,19.233976,0.081261896,0.077886425,,32.0,ok_dr10
ZTF25abxcktl,1.222065372305417,EXP,18.9301,19.24793,0.007781,0.008473,,10.0,ok_dr9
ZTF19abcoosk,,,,,,,,,empty
ZTF24aagkwfe,0.388723405938381,SER,16.086386,15.869705,0.022431284,0.008283468,,18.0,ok_dr10
ZTF24aakrsww,0.20824839692458844,SER,17.266968,16.544077,0.09357792,0.011918517,0.096447065,27.0,ok_dr10
ZTF24aaartcf,4.878093872481859,SER,15.801261,15.372302,0.030741,0.007842,,6.0,ok_dr9
ZTF20acfvqjl,3.134807702290071,SER,12.799684,12.154716,0.01398,0.005361,0.008928,21.0,ok_dr9
ZTF23abvbqrz,4.6935697988140355,SER,18.980787,18.717915,0.025804726,0.027591197,,22.0,ok_dr10
ZTF24abjledk,4.72807678067275,DUP,,,,,,33.0,ok_dr10
ZTF19abylxyt,,,,,,,,,empty
ZTF25abidcdj,0.1256590156542455,SER,,,,,,45.0,ok_dr10
ZTF18aczdtgn,0.398837236313401,SER,17.091303,16.427637,0.08088091,0.011039576,,28.0,ok_dr10
ZTF23aadtwfs,0.16707583255750305,EXP,20.077553,19.91906,0.054607183,0.041547354,,13.0,ok_dr10
ZTF19aatqzim,5.50036565099552,REX,22.871338,21.96021,0.884987,0.171083,,10.0,ok_dr9
ZTF20acxdawc,0.8374247467663584,DUP,,,,,,17.0,ok_dr10
ZTF18acpfwmm,1.5485498117632785,SER,15.595303,14.911839,0.07592,0.009601,,23.0,ok_dr9
ZTF22aaevnvp,1.8585699619749723,SER,19.32716,18.772392,0.24211015,0.13841173,,23.0,ok_dr10
ZTF22abhwlnm,0.8674968847503984,EXP,21.659885,21.385773,0.3772806,0.10923804,,12.0,ok_dr10
ZTF20aczhajq,9.454794380365612,DUP,,,,,,12.0,ok_dr9
ZTF23aaqtcxl,1.3826241125051004,EXP,22.61923,,0.12440106,0.23133563,,13.0,ok_dr10
ZTF20acgnenc,2.18021585582639,SER,17.544939,17.12629,0.083899714,0.01633116,,40.0,ok_dr10
ZTF20aciudrr,6.26953593165345,DUP,,,,,,19.0,ok_dr10
ZTF22abuqitl,1.722003713026662,SER,20.782112,20.554094,0.12939358,0.11550035,,38.0,ok_dr10
ZTF21aaublej,4.2169285857187395,REX,19.6235,20.278532,0.041513,0.072294,,27.0,ok_dr9
ZTF20abqlawg,0.18530961640758659,DUP,,,,,,14.0,ok_dr10
ZTF23aacgjgl,,,,,,,,,empty
ZTF19aaeopqn,3.025709800363678,SER,16.643658,16.07017,0.036302,0.008831,0.037994,11.0,ok_dr9
ZTF22aaokebo,2.2004122619891113,REX,,,,,,11.0,ok_dr10
ZTF18acsyaye,4.161162836449935,SER,22.199223,21.496315,0.4947175,0.077104986,,44.0,ok_dr10
ZTF20aaezgkg,6.275001215442476,SER,18.987568,18.468637,0.14124441,0.12230143,,9.0,ok_dr10
ZTF23aandvzg,4.323945689612959,SER,16.764893,16.365652,0.031786438,0.0064635775,,11.0,ok_dr10
ZTF22aasojye,,,,,,,,,empty
ZTF21abcnkbe,5.258353425747248,SER,15.386176,14.749208,0.049919,0.005473,,9.0,ok_dr9
ZTF23abfmlft,7.164691661334007,SER,15.333687,14.903707,0.028752852,0.004787527,,16.0,ok_dr10
ZTF23aacyfpi,4.411734017866393,SER,15.989384,15.563224,0.036907475,0.0074918815,,10.0,ok_dr10
ZTF19adajqcq,1.5357899654777547,EXP,19.099499,18.844004,0.064836,0.028563,,8.0,ok_dr9
ZTF24aappkyo,4.184598402703784,EXP,22.044079,22.391525,0.11013,0.22432,,20.0,ok_dr9
ZTF23abaxtlq,,,,,,,,,empty
ZTF24aaoaega,,,,,,,,,empty
ZTF22aaosjja,0.44891228518814547,SER,20.260456,20.193428,0.06835871,0.030238247,,11.0,ok_dr10
ZTF25acibvls,0.8731969652038479,EXP,22.60843,22.30327,0.3906871,0.39481437,,13.0,ok_dr10
ZTF18achbllm,0.14063761832688512,EXP,21.683853,21.414293,0.2972799,0.10556513,,10.0,ok_dr10
ZTF24abzbdqw,1.5070090293938911,EXP,19.795359,19.892174,0.027541043,0.023349218,,24.0,ok_dr10
ZTF19aarfnto,1.496411100527131,SER,16.232262,15.567055,0.08359256,0.015699517,0.08522581,16.0,ok_dr10
ZTF22abggmae,10.430787033569906,EXP,20.851583,20.183794,0.8334882,0.487529,,21.0,ok_dr10
ZTF21aarrwdu,11.441605416809628,EXP,16.74896,16.512495,0.020176584,0.010674613,,11.0,ok_dr10
ZTF21abmxiuf,,,,,,,,,empty
ZTF21aapowty,5.583859500643267,SER,21.590477,20.986032,0.44923055,0.17647865,,30.0,ok_dr10
ZTF20aanafwi,1.0676442157605337,EXP,21.997004,22.319881,0.08315554,0.14907792,,24.0,ok_dr10
ZTF20aclnplo,0.49321956728292843,SER,15.870818,15.376094,0.045920722,0.010923173,0.03467741,26.0,ok_dr10
ZTF25aafpooi,0.5759179764620294,REX,24.08481,23.743689,1.0838655,0.5568444,,42.0,ok_dr10
ZTF24abpzvky,1.8304406880173227,EXP,22.125622,22.041641,0.1280392,0.24571574,,10.0,ok_dr10
ZTF24aagjqcx,0.15481500644646295,SER,17.071325,16.804367,0.026075125,0.005886034,,14.0,ok_dr10
ZTF21abezlqc,6.730980444974571,SER,16.043283,15.46244,0.03924749,0.014456831,,14.0,ok_dr10
ZTF22aaialae,6.101582780432452,EXP,23.009598,21.858013,1.0181442,0.20104393,,19.0,ok_dr10
ZTF20aasvmbk,0.5792550238134468,EXP,22.064135,21.982079,1.1650531,0.6684978,,17.0,ok_dr10
ZTF19acdtmwh,2.5967096401956073,DUP,,,,,,10.0,ok_dr10
ZTF21acgmvhs,,,,,,,,,empty
ZTF18abjsdwi,8.232351404307748,REX,24.955833,22.38086,0.9878528,0.20525776,,18.0,ok_dr10
ZTF23aaczaua,3.7716077797428107,DUP,,,,,,21.0,ok_dr10
ZTF18aawpcel,0.7658374851823381,REX,22.388794,,0.797348,0.351149,,11.0,ok_dr9
ZTF21acolmss,3.849152515473536,REX,24.508303,24.430338,1.1201973,0.632816,,37.0,ok_dr10
ZTF18abujcwj,3.920154893057265,REX,22.844482,22.023956,0.418617,0.116251,,12.0,ok_dr9
ZTF18acbwavp,1.5985737849705512,SER,17.990858,17.694292,0.05922,0.0175,,6.0,ok_dr9
ZTF22abrboyl,5.554573423989215,DUP,,,,,,14.0,ok_dr9
ZTF25abadtsx,2.5593784078852493,DUP,,,,,,34.0,ok_dr10
ZTF22abfwthv,0.9564308059335362,DEV,15.820243,15.179113,0.079233706,0.01495606,0.075264186,20.0,ok_dr10
ZTF23absgcqv,0.6671769523394993,SER,15.97237,15.369704,0.064850636,0.012949191,,30.0,ok_dr10
ZTF25abwkieo,0.2888699609694498,SER,20.728378,20.74624,0.09545439,0.064682156,,22.0,ok_dr10
ZTF25abrpnbo,,,,,,,,,empty
ZTF19abqxhhr,2.1833671911203227,DUP,,,,,,33.0,ok_dr10
ZTF19abqimia,0.5584850663822115,SER,20.030853,19.849953,0.0731741,0.027632063,,13.0,ok_dr10
ZTF21acdkydg,0.4292951190958926,REX,23.240103,23.14719,0.9868969,0.5330322,,12.0,ok_dr10
ZTF20acfnuee,1.522295964288499,SER,16.80352,16.143646,0.053369578,0.006018074,,25.0,ok_dr10
ZTF23aadqalu,14.025682590446593,SER,13.097753,12.436507,0.02334199,0.012153796,,7.0,ok_dr10
ZTF25aapdivq,5.001104342712512,SER,14.882928,14.27765,0.062316,0.010148,0.062407,19.0,ok_dr9
ZTF21aafepon,20.899646100933847,REX,19.649559,18.771494,0.21055645,0.049042054,,9.0,ok_dr10
ZTF22abtciik,,,,,,,,,empty
ZTF18acecqjl,,,,,,,,,empty
ZTF20abushtf,,,,,,,,,empty
ZTF24ablkgwk,,,,,,,,,empty
ZTF18aawglif,1.3592360164526966,SER,17.72174,17.250568,0.07032923,0.015686296,0.07190624,28.0,ok_dr10
ZTF22aaekgxv,2.591223933921119,SER,18.986748,18.836622,0.03447,0.039862,,7.0,ok_dr9
ZTF21aaabuoj,1.594567887550545,SER,17.093855,16.50717,0.08014286,0.035678994,,12.0,ok_dr10
ZTF20achwpvs,0.14663028706858128,SER,17.204622,16.499134,0.06563551,0.008349208,,33.0,ok_dr10
ZTF19adgooar,0.06329351689419607,DUP,,,,,,24.0,ok_dr10
ZTF21aaaadmo,4.349750900113098,EXP,17.650423,16.782967,0.10828853,0.094027534,0.04402336,16.0,ok_dr10
ZTF19acetwqh,3.8839269989311433,EXP,22.454918,21.976246,0.8388316,0.45860213,,24.0,ok_dr10
ZTF19aanbpus,0.4399522273104433,DEV,13.762203,13.436016,0.021801,0.006341,,11.0,ok_dr9
ZTF22abeltic,,,,,,,,,empty
ZTF20abbozif,0.594064793027455,SER,18.275305,17.920412,0.086579,0.026567,,10.0,ok_dr9
ZTF22aaezjuu,4.044613135631278,SER,16.822601,16.477964,0.061877,0.013573,,27.0,ok_dr9
ZTF25ababepu,0.879905998279403,SER,17.105425,16.515617,0.07019963,0.015466558,,19.0,ok_dr10
ZTF21aaqupdt,0.5942179023807803,SER,16.712658,15.810092,0.08318829,0.019469706,0.08051954,23.0,ok_dr10
ZTF21aahdqrg,14.156329648869937,DUP,,,,,,20.0,ok_dr10
ZTF24aaqkwby,3.9320533986265356,SER,17.0637,16.764359,0.028560081,0.008681228,,28.0,ok_dr10
ZTF20aautscv,3.537219277617805,SER,15.066981,14.454152,0.046635475,0.0069424906,0.059217885,20.0,ok_dr10
ZTF22aaofdht,8.68417678899441,REX,,,,,,9.0,ok_dr10
ZTF18aaqehoc,0.26950362730676164,SER,16.722889,16.135187,0.062121,0.010787,0.062158,12.0,ok_dr9
ZTF25aafofmu,0.38252209904992274,SER,15.383187,14.720024,0.082409,0.014825,0.063733,16.0,ok_dr9
ZTF25abjiyiz,2.601324541364563,SER,,19.995459,,,,11.0,ok_dr10
ZTF24aatakmz,2.409332046869545,SER,16.90712,16.168003,0.07646594,0.008367894,0.069973625,22.0,ok_dr10
ZTF20acumrio,6.875200615799495,SER,16.015196,15.310658,0.036968,0.010306,,8.0,ok_dr9
ZTF19aaairqh,,,,,,,,,empty
ZTF21aaopqyt,9.774393618227872,REX,24.60014,22.30428,1.05981,0.193104,,8.0,ok_dr9
ZTF20aafdeza,5.17832832584139,DUP,,,,,,11.0,ok_dr10
ZTF20aaulzvl,0.6491314252042039,EXP,21.55802,21.529715,0.355319,0.197468,,4.0,ok_dr9
ZTF21abplgag,1.050106944412216,REX,19.951857,19.893236,0.02326697,0.045334008,,14.0,ok_dr10
ZTF19aawscqd,0.19426146031682778,SER,17.512371,16.97016,0.15753832,0.03544624,,17.0,ok_dr10
ZTF22abyszwg,1.6624315535369472,SER,15.671615,15.125412,0.029663,0.007181,0.018382,11.0,ok_dr9
ZTF25aactdcs,2.974312330013006,REX,23.034523,23.67432,0.18106078,0.34042245,,36.0,ok_dr10
ZTF24aaugxzp,1.3733409374691852,DEV,21.444777,22.693892,0.06356615,0.37984973,,54.0,ok_dr10
ZTF19abfdsbu,0.44270326268133364,REX,22.577015,23.472754,0.050719,0.327975,,16.0,ok_dr9
ZTF24aauyupk,4.407730887473845,DUP,,,,,,18.0,ok_dr10
ZTF24abesffh,1.4440282846159325,SER,,,,,,5.0,ok_dr10
ZTF22abmxzxm,0.8922510788505967,SER,16.263397,15.546484,0.050005846,0.007045048,,11.0,ok_dr10
ZTF20acfvqdz,5.774844494915935,SER,14.808401,14.148067,0.02998682,0.0067889993,,32.0,ok_dr10
ZTF24abtzpka,1.5229653192627597,SER,18.306154,17.94397,0.09706862,0.019737478,,9.0,ok_dr10
ZTF25abzmbay,0.4285913865496428,REX,21.901045,21.718164,0.30189952,0.1651951,,11.0,ok_dr10
ZTF19abbnamr,1.258127116761745,REX,17.608376,17.66254,0.010052902,0.0068381177,,14.0,ok_dr10
ZTF20aaewban,1.8659263556121257,SER,17.701044,17.177095,0.11227666,0.015355376,,23.0,ok_dr10
ZTF22aalyfii,7.354304621739468,DUP,,,,,,10.0,ok_dr10
ZTF24abejmqz,,,,,,,,,empty
ZTF24aauvgjm,0.4383071960493429,REX,19.109655,18.809181,0.11289003,0.04676599,,8.0,ok_dr10
ZTF23aarjxfj,2.1251925401713443,EXP,21.388779,21.15972,0.11547377,0.23100212,,6.0,ok_dr10
ZTF19abdkecj,4.337655909496174,REX,23.64675,,0.36194244,0.47592163,,24.0,ok_dr10
ZTF25abkxdfp,6.829491981887774,SER,14.848599,14.262442,0.033023,0.00564,0.030088,15.0,ok_dr9
ZTF19aadnxog,8.539757390800329,SER,14.023595,13.636977,0.01439843,0.004238002,0.020142281,16.0,ok_dr10
ZTF22aakyrye,1.1057431614903883,EXP,21.476103,21.349985,0.17696482,0.11843906,,13.0,ok_dr10
ZTF20abwyyjc,,,,,,,,,empty
ZTF21abfoxwp,2.1361442042311585,SER,17.779394,17.007988,0.05598487,0.012922915,,28.0,ok_dr10
ZTF22aaknrtp,0.22958690764630751,SER,18.408092,,,,,7.0,ok_dr10
ZTF20abefzfc,0.5398951943487938,REX,22.891306,22.82745,0.54353917,0.44200355,,16.0,ok_dr10
ZTF23aaemgsd,0.9178024204289928,DUP,,,,,,6.0,ok_dr10
ZTF19abdznxo,0.6145793336788025,SER,19.682236,19.318762,0.12482749,0.033186413,,22.0,ok_dr10
ZTF23aaejwfe,6.078434155496605,REX,18.025059,17.75443,0.034346,0.022938,,14.0,ok_dr9
ZTF22abgvnle,4.397311407375225,SER,14.662702,14.328229,0.026148,0.006934,0.030431,25.0,ok_dr9
ZTF23abgkmxh,,,,,,,,,empty
ZTF25acczblu,0.18277473481285367,SER,20.186203,19.649612,0.15922464,0.03612587,,6.0,ok_dr10
ZTF24aajhxqs,0.2063361461783722,SER,19.731094,19.644327,0.095545,0.092837,,21.0,ok_dr9
ZTF23aabsicf,,,,,,,,,empty
ZTF20acusneh,5.317921772719001,EXP,23.589508,23.473854,0.5593919,0.4873424,,18.0,ok_dr10
ZTF20aaydgsu,1.5880037684921675,REX,17.243973,16.536901,0.08657372,0.014349164,,30.0,ok_dr10
ZTF18accnmri,1.9244750209697596,DEV,21.000324,19.989262,0.46803892,0.10677989,,28.0,ok_dr10
ZTF22aamglev,2.502021323232497,EXP,23.609303,23.748785,0.555912,0.48154324,,23.0,ok_dr10
ZTF19aavbkly,6.100905789153176,DUP,,,,,,16.0,ok_dr9
ZTF20abmxovj,1.4993976702766183,SER,16.568468,15.988833,0.073541,0.018261,,22.0,ok_dr9
ZTF21acaegsr,0.5847898759961607,SER,15.788262,15.090548,0.027399331,0.0035017547,,29.0,ok_dr10
ZTF19aailqli,2.591179522772317,SER,18.728966,18.57271,0.052631,0.025994,,12.0,ok_dr9
ZTF21aasgcve,0.6489121351807865,EXP,18.734364,18.374586,0.09836471,0.018166807,0.09296,19.0,ok_dr10
ZTF23aaejvzv,1.1878928841110958,EXP,20.984932,20.836077,0.1555,0.17823,,12.0,ok_dr9
ZTF22absmdsy,7.554266838773153,DEV,15.033652,14.476746,0.044472,0.009768,,8.0,ok_dr9
ZTF18aaakpoh,,,,,,,,,empty
ZTF22abyagmy,,,,,,,,,empty
ZTF21aaigdly,12.739367494895736,EXP,21.717056,21.708117,0.09164761,0.23896977,,22.0,ok_dr10
ZTF23aangpza,,,,,,,,,empty
ZTF22aajrdad,0.5944318443599321,SER,16.411049,15.727931,0.07963171,0.017662916,0.07094151,18.0,ok_dr10
ZTF20abfemvr,2.192784791018253,EXP,21.019758,20.709953,0.10600448,0.20009908,,16.0,ok_dr10
ZTF20aavqfli,2.343182379267439,EXP,23.143847,,0.22712965,0.33617768,,28.0,ok_dr10
ZTF24aaitxdn,1.8120872167334579,SER,15.31093,14.719939,0.023901472,0.004948724,0.033778034,9.0,ok_dr10
ZTF20aaurknv,8.527384606860144,DUP,,,,,,8.0,ok_dr10
ZTF21aaejeyu,1.7646969615454902,SER,21.03577,20.518002,0.4665499,0.20430076,,6.0,ok_dr10
ZTF18aankxqv,1.2363985235868045,SER,16.338253,15.599965,0.10901,0.013515,,9.0,ok_dr9
ZTF24abzklro,6.106477030903808,DUP,,,,,,35.0,ok_dr10
ZTF20aadcdzj,1.1534259081266962,EXP,20.871843,21.157257,0.050593,0.072653,,21.0,ok_dr9
ZTF20aayknlo,1.5218426816974273,SER,14.397302,13.85835,0.020977985,0.0066059036,0.019778783,7.0,ok_dr10
ZTF25aabpoxz,5.742942040514866,DUP,,,,,,24.0,ok_dr10
ZTF23aaawcvx,0.9462513598103055,REX,20.8588,22.018202,0.051634,0.109549,,20.0,ok_dr9
ZTF25aanmfji,,,,,,,,,empty
ZTF23aaavyag,1.9674748696713462,SER,19.396717,18.585232,0.214462,0.041421,,10.0,ok_dr9
ZTF18acbwaax,0.3641518318215399,EXP,21.208845,21.022331,0.117388,0.133867,,12.0,ok_dr9
ZTF21aazazvw,2.049775881389528,SER,15.706483,14.765081,0.05234,0.016162,,8.0,ok_dr9
ZTF25aaexcaf,0.2289850574119306,REX,21.918818,21.602419,0.26666048,0.13419078,,27.0,ok_dr10
ZTF20abrgylo,,,,,,,,,empty
ZTF23aafvstn,19.27582492416085,REX,23.20882,21.778425,1.074664,0.144749,,10.0,ok_dr9
ZTF20abvdtgl,0.8280233022733645,SER,15.813348,15.114046,0.09198887,0.0047000297,0.092243806,19.0,ok_dr10
ZTF22aacwsjl,0.25495156016977466,DUP,,,,,,21.0,ok_dr10
ZTF22aadkxfy,0.3606908447570897,REX,19.669691,19.425947,0.06893873,0.059263133,,19.0,ok_dr10
ZTF19acrenwk,,,,,,,,,empty
ZTF18abbvsiv,3.9143275783402576,DEV,15.104025,14.389096,0.051127,0.008851,,22.0,ok_dr9
ZTF19abinjcy,0.41922443370475526,EXP,22.368216,21.939991,0.810254,0.274,,9.0,ok_dr9
ZTF22abmucza,8.086980459146112,EXP,,15.890768,,,,12.0,ok_dr10
ZTF23aadjsyj,4.0346069480214615,SER,17.028692,16.405966,0.04032856,0.010943483,,26.0,ok_dr10
ZTF24abtzczp,1.6413388559321849,SER,18.469938,18.146288,0.072443165,0.021928418,,15.0,ok_dr10
ZTF20aazsyvu,0.13441773750989483,EXP,21.086226,20.810215,0.115364,0.138986,,8.0,ok_dr9
ZTF25aajupcd,3.5432702078633582,REX,21.448862,21.176577,0.27573317,0.2276813,,26.0,ok_dr10
ZTF25abbshoi,4.137771411816464,SER,16.542614,16.076984,0.040276,0.014792,,17.0,ok_dr9
ZTF20aamovgw,,,,,,,,,empty
ZTF25abekolv,3.854742699861246,EXP,,,,,,15.0,ok_dr10
ZTF21abctmnb,0.871743376795254,REX,20.144653,,0.024261,0.070887,,11.0,ok_dr9
ZTF22abmjdfo,2.892936369477481,REX,19.444742,20.751863,0.024036,0.030255,,25.0,ok_dr9
ZTF25acbcfzr,7.909275397073988,REX,24.771801,22.858074,1.3991746,0.2268086,,21.0,ok_dr10
ZTF20achdcni,1.985179261679569,REX,19.582848,19.013714,0.105032,0.057035,,11.0,ok_dr9
ZTF20aauompx,,,,,,,,,empty
ZTF19abqrhvt,5.212413535988301,EXP,21.189556,21.554953,0.023971098,0.29486945,,24.0,ok_dr10
ZTF21aaoqvzv,,,,,,,,,empty
ZTF20acfqngt,,,,,,,,,empty
ZTF18aavoyoq,8.500025549439973,REX,23.791199,22.861765,0.801201,0.185774,,9.0,ok_dr9
ZTF21abqpwpu,3.2841511324614734,REX,22.688528,21.072758,0.9063665,0.07756783,,31.0,ok_dr10
ZTF22aawdqfp,8.199646154243394,DUP,,,,,,10.0,ok_dr10
ZTF24abxpkhb,,,,,,,,,empty
ZTF24aagijmg,1.7482904444121976,SER,19.7142,19.675396,0.105453,0.1085,,10.0,ok_dr9
ZTF21abqqcxf,4.292348305059779,SER,19.711462,19.29151,0.18262587,0.045275304,,22.0,ok_dr10
ZTF24ablvbgb,1.5001514454037874,DEV,17.664087,17.046526,0.07526,0.011573,,17.0,ok_dr9
ZTF22abyrlaw,0.8384074754956968,SER,15.934286,15.330406,0.035750292,0.01689713,,22.0,ok_dr10
ZTF18abfhaji,1.2525555029184297,REX,22.958319,23.68532,0.542153,0.489924,,13.0,ok_dr9
ZTF21aagoliy,7.423941653772481,SER,15.946973,15.165212,0.058326,0.011569,0.074803,6.0,ok_dr9
ZTF25aaqfvek,0.9039694912900957,EXP,20.313108,20.154436,0.076935,0.052525,,10.0,ok_dr9
ZTF19acxqaot,4.02747278040596,SER,18.683115,18.339273,0.10403246,0.040191554,,37.0,ok_dr10
ZTF18acpeesd,1.2083389594926917,SER,18.01695,17.703024,0.10167967,0.01819208,,15.0,ok_dr10
ZTF22aadesjc,0.348569113374438,REX,19.623865,19.33268,0.078291,0.098303,,11.0,ok_dr9
ZTF24abszjmr,0.23226785888870785,REX,23.048159,22.971178,0.956986,0.354806,,13.0,ok_dr9
ZTF25abskgbv,6.859530562750656,REX,23.549137,22.491434,0.86438,0.141198,,15.0,ok_dr9
ZTF23aaxoybh,3.123100525587146,REX,,,,,,12.0,ok_dr10
ZTF25aacgxjf,,,,,,,,,empty
ZTF20abaknoz,1.7082481449383264,EXP,21.996475,22.078777,0.07420596,0.14468075,,27.0,ok_dr10
ZTF20aacedmi,0.801758341964451,SER,16.613884,15.924735,0.044971146,0.0064437487,,33.0,ok_dr10
ZTF19abpxcaf,0.9176306454756521,EXP,21.854992,22.297255,0.029363858,0.2034358,,35.0,ok_dr10
ZTF22aajiynq,2.732334253407766,SER,15.867113,15.341967,0.070246,0.011467,,13.0,ok_dr9
ZTF25abpzwne,0.1373746568108639,SER,18.474314,18.301939,0.08039819,0.08658261,,30.0,ok_dr10
ZTF22abkaaje,0.7257644684971812,SER,18.608774,17.938282,0.148713,0.02865,,15.0,ok_dr9
ZTF20acpksoc,0.37855082460651784,SER,20.299877,19.876667,0.23372349,0.064132534,,26.0,ok_dr10
ZTF23aavmthe,0.1695511060028046,SER,,15.808796,,,,16.0,ok_dr10
ZTF21aaaodzf,12.869688543574545,SER,12.941634,12.413209,0.023251,0.005409,,4.0,ok_dr9
ZTF22aaslyzj,2.8675458073437894,DUP,,,,,,9.0,ok_dr10
ZTF19abuxhqc,2.8763655849179512,DEV,22.03916,22.250898,0.14602953,0.6204483,,17.0,ok_dr10
ZTF18acxwtyx,,,,,,,,,empty
ZTF19acmblbi,0.6284961767848961,SER,14.894241,14.430063,0.0317776,0.0049945014,0.03239733,17.0,ok_dr10
ZTF25acellum,1.744376757383204,SER,16.873775,16.297777,0.04602,0.007659,0.050398,16.0,ok_dr9
ZTF21aazsgyr,,,,,,,,,empty
ZTF19aanirdx,0.09875507925358852,REX,18.991518,18.680712,0.118232,0.034352,,19.0,ok_dr9
ZTF22aaohmcv,1.4485130625100704,SER,17.346355,16.6617,0.061226964,0.011879751,0.051562145,13.0,ok_dr10
ZTF21abjbnhh,1.6980276597422264,DUP,,,,,,6.0,ok_dr10
ZTF19abwsagv,2.821861914862552,SER,17.342928,16.917202,0.029802542,0.00541747,,19.0,ok_dr10
ZTF19aanpgdu,7.522431191643778,REX,,,,,,14.0,ok_dr10
ZTF25aawnphj,6.180673711386467,SER,15.164843,14.542012,0.060832,0.009861,,14.0,ok_dr9
ZTF20abawgdl,7.494564549594572,SER,14.384675,13.816566,0.022994235,0.0053025996,0.022905836,16.0,ok_dr10
ZTF19abiqfxi,1.0867110017978807,SER,21.926931,22.247763,0.091050275,0.09962023,,14.0,ok_dr10
ZTF20acounxo,9.031641526217859,EXP,18.689507,18.165894,0.14275753,0.1607425,,13.0,ok_dr10
ZTF24abnldrb,1.215418435214002,SER,17.359571,16.99792,0.08184801,0.019329201,,17.0,ok_dr10
ZTF23aagjkww,2.2469241438431493,EXP,24.629093,23.549482,0.932617,0.50453347,,25.0,ok_dr10
ZTF22aabwfss,1.3296422930422218,EXP,19.918087,19.745478,0.139549,0.051899,,13.0,ok_dr9
ZTF21acngvxd,1.9461731352211238,EXP,16.82311,16.320168,0.06338291,0.010165215,0.06973051,15.0,ok_dr10
ZTF23aaamjwv,12.827781575099607,REX,23.256319,22.082155,0.8546186,0.19370121,,7.0,ok_dr10
ZTF23aaxftlt,1.8516530875873807,SER,16.55061,15.835913,0.068217,0.017518,,10.0,ok_dr9
ZTF25aadavqf,12.568430991667329,DEV,13.997483,13.350674,0.032896522,0.006952215,,6.0,ok_dr10
ZTF23abaalvd,,,,,,,,,empty
ZTF20acxsxac,10.686283568769603,SER,16.120789,15.928729,0.022155,0.016645,,13.0,ok_dr9
ZTF18acuixmb,1.035254644949136,EXP,22.65442,,0.11563727,0.09811414,,19.0,ok_dr10
ZTF20aatppnn,3.072278663405632,REX,22.892181,22.623379,0.603898,0.222817,,20.0,ok_dr9
ZTF18abtrknw,3.11500330177104,REX,22.72524,23.569897,0.5809997,0.6446204,,24.0,ok_dr10
ZTF18acbvahw,7.691679544461327,DUP,,,,,,12.0,ok_dr10
ZTF23aaptflh,5.431763255616587,DUP,,,,,,11.0,ok_dr10
ZTF20acgpqqr,9.642676220407509,SER,16.76993,16.377535,0.04625156,0.008637227,0.059510633,20.0,ok_dr10
ZTF18adiaqui,4.989043445080347,REX,21.604578,20.656273,0.68263614,0.055269957,,9.0,ok_dr10
ZTF25ackyjjn,0.8749821546431281,REX,21.993252,21.866486,0.753708,0.5047262,,17.0,ok_dr10
ZTF19abdkdir,3.8804387895578523,EXP,23.362265,22.759962,0.6510775,0.24835329,,25.0,ok_dr10
ZTF21acipvuz,0.3703834568699639,EXP,22.2099,23.060572,0.13608328,0.1878036,,21.0,ok_dr10
ZTF24abqttfy,,,,,,,,,empty
ZTF20accagnf,,,,,,,,,empty
ZTF21abtcgoh,2.634584363676469,SER,16.46312,16.092602,0.028383274,0.010933354,,40.0,ok_dr10
ZTF23aahfxpr,10.307242154648213,SER,18.359785,18.928879,0.015856,0.009081,,12.0,ok_dr9
ZTF25achvrzd,3.054935317645407,SER,21.658747,21.860304,0.122886,0.1332618,,16.0,ok_dr10
ZTF25acavlfh,0.7388279944344981,EXP,22.8265,22.521322,0.34909108,0.2478183,,36.0,ok_dr10
ZTF19aavweum,2.297961402711344,SER,16.858238,16.465456,0.044889595,0.009372775,0.043829788,23.0,ok_dr10
ZTF18abvptts,,,,,,,,,empty
ZTF21aaxhzru,2.3704036906094683,EXP,19.80889,19.405773,0.115091,0.047021,,12.0,ok_dr9
ZTF20abdxoeu,0.37348298696846627,SER,14.875897,14.312966,0.042493,0.00946,0.027524,9.0,ok_dr9
ZTF23aaaqdcr,,,,,,,,,empty
ZTF22abuygtu,1.463893645205586,EXP,22.552534,23.630009,0.20720012,0.2530527,,13.0,ok_dr10
ZTF21accgsbf,0.6941096994186614,REX,19.419651,19.064459,0.11681567,0.022655206,,24.0,ok_dr10
ZTF18acbwkso,,,,,,,,,empty
ZTF19aailsge,9.540078908837286,SER,14.286463,13.842025,0.0306,0.004762,0.035008,7.0,ok_dr9
ZTF25aaiyxzl,3.634922607208939,EXP,19.95684,19.706577,0.11774185,0.03174069,,18.0,ok_dr10
ZTF23abnqbkx,,,,,,,,,empty
ZTF19aaciohh,0.14850936762498776,SER,17.679356,17.03145,0.088696,0.020112,,7.0,ok_dr9
ZTF20acrqeje,2.7399433692759794,EXP,,16.619432,,,,8.0,ok_dr10
ZTF23abhvlji,2.474469229447294,SER,16.251587,15.626789,0.054286,0.006381,,4.0,ok_dr9
ZTF23abaslfm,19.47742926716208,REX,22.674236,21.73507,0.49942258,0.12228698,,8.0,ok_dr10
ZTF20aaqvzko,4.335213931548843,REX,19.406918,19.784342,0.045252,0.119987,,15.0,ok_dr9
ZTF24aasvdze,1.2923684423993078,SER,19.252481,19.294613,0.075895764,0.041720405,,13.0,ok_dr10
ZTF19abcndvf,0.4373152331156754,DUP,,,,,,20.0,ok_dr9
ZTF24abocnoi,0.06335727927586733,SER,19.52413,19.11315,0.137078,0.060581,,8.0,ok_dr9
ZTF19aavmlqh,0.6915772899692159,REX,19.621822,19.26442,0.14184542,0.035050556,,8.0,ok_dr10
ZTF22abgveih,1.9756813592695939,EXP,22.074532,22.135017,0.26191333,0.36737385,,24.0,ok_dr10
ZTF21aaaadvr,0.7333902043693137,REX,15.959421,15.700121,,,,5.0,ok_dr10
ZTF18aaxavsk,0.7042768688346754,REX,19.06739,18.949034,0.062683,0.043179,,11.0,ok_dr9
ZTF19aasszud,7.029402508139342,SER,15.9768,15.498531,0.06079441,0.022085683,,26.0,ok_dr10
ZTF21aamcpte,,,,,,,,,empty
ZTF19aaqdkrm,4.196625597445485,REX,21.384724,22.423752,0.016631,0.080371,,9.0,ok_dr9
ZTF19abupned,2.7224699925222,SER,22.111214,22.20077,0.11838977,0.14869457,,15.0,ok_dr10
ZTF19abeloei,2.4313975667021723,REX,20.417347,20.045774,0.225395,0.100669,,23.0,ok_dr9
ZTF22abtbijr,1.7316886726298002,SER,16.036165,15.56673,0.0317,0.005948,0.035025,15.0,ok_dr9
ZTF25aajbcmc,0.8780304288032917,SER,18.490305,18.056232,0.10622,0.026543,,20.0,ok_dr9
ZTF19aczjyre,1.4897068206474844,SER,16.437748,16.015747,0.03097307,0.010515998,,18.0,ok_dr10
ZTF21aciiaio,0.29495416630816423,REX,21.516985,22.42261,0.09795543,0.12542185,,29.0,ok_dr10
ZTF24aaedpbn,0.31836877468768815,SER,20.240744,20.224611,0.09097974,0.080639884,,81.0,ok_dr10
ZTF18acbxsap,2.3734449205490447,SER,19.99874,20.060953,0.040017135,0.080803946,,28.0,ok_dr10
ZTF25aaftthw,,,,,,,,,empty
ZTF21aavhlok,3.436284983214265,DEV,22.19913,23.864834,0.14642583,0.33685288,,11.0,ok_dr10
ZTF25abbanem,2.5704021854462327,REX,23.407314,28.62812,0.33577526,0.39354452,,19.0,ok_dr10
ZTF24aadfmaf,0.2809158055864302,REX,20.942852,20.694016,0.07903271,0.04480222,,16.0,ok_dr10
ZTF19abocled,,,,,,,,,empty
ZTF25acfokdq,2.97677412934356,REX,21.043509,20.658533,0.54772335,0.16727762,,16.0,ok_dr10
ZTF25aaadxsn,1.5281874048802448,EXP,21.309814,20.905592,0.31073183,0.18011063,,27.0,ok_dr10
ZTF20abawtpy,2.3888476407208796,SER,15.098608,14.574224,0.049065,0.011884,,9.0,ok_dr9
ZTF25acfgklb,5.457451987980154,EXP,18.292788,18.406408,0.011961289,0.007382439,,11.0,ok_dr10
ZTF22aadqgoa,7.100015579320442,REX,23.215513,23.143991,0.831867,0.38427,,22.0,ok_dr9
ZTF21aaglscz,7.98034376602954,EXP,22.312487,21.778553,0.52860177,0.082580276,,16.0,ok_dr10
ZTF20ablxtlp,1.4218625390783024,DUP,,,,,,8.0,ok_dr10
ZTF25abkqros,,,,,,,,,empty
ZTF22aakzsrj,11.216722212044935,EXP,,,,,,7.0,ok_dr10
ZTF18aaupmks,0.13481031276444463,SER,15.46389,15.114422,0.048542,0.021587,,18.0,ok_dr9
ZTF22abbtmdv,2.00017669822131,EXP,23.15717,23.455938,0.17956316,0.3489631,,21.0,ok_dr10
ZTF20aautzig,3.8719467476000577,DUP,,,,,,17.0,ok_dr9
ZTF20acwfanr,1.5069884322903122,SER,14.681239,14.121508,0.038572,0.009513858,0.055851273,14.0,ok_dr10
ZTF21abvyxfs,5.381450757364762,SER,16.293344,15.575397,0.06589,0.0186,,10.0,ok_dr9
ZTF24aahalmb,0.30850806534041747,SER,18.929337,19.045334,0.03089212,0.23219031,,37.0,ok_dr10
ZTF20aaekkuv,2.5250649029069834,EXP,18.355045,18.083311,0.036688384,0.011570913,,23.0,ok_dr10
ZTF22aaejlrf,0.641196246263102,REX,,19.722845,,,,10.0,ok_dr10
ZTF25aawjnuz,0.9172298991691871,DEV,15.628406,15.16871,0.05635,0.011351,,28.0,ok_dr9
ZTF22abjpfpl,1.5268479419273289,DUP,,,,,,21.0,ok_dr10
ZTF22aajvkrd,2.2416196827307844,EXP,19.15135,18.566444,0.254405,0.030534,,9.0,ok_dr9
ZTF22aaaoiaz,0.31224107730257794,SER,16.600445,15.952337,0.074278116,0.015740426,,26.0,ok_dr10
ZTF25aalylco,0.24499742545533937,SER,17.254988,16.650719,0.08649178,0.01763382,0.06290936,21.0,ok_dr10
ZTF19aabyuze,2.945948063345243,SER,19.300163,19.07911,0.09924,0.048734,,9.0,ok_dr9
ZTF25abvepyj,3.441949444070971,REX,23.181072,22.550625,0.82437503,0.29582158,,22.0,ok_dr10
ZTF22abgbbez,2.4871911332841843,SER,14.53333,13.843069,0.033986,0.003835,,19.0,ok_dr9
ZTF20aavhqvo,1.1615578211551232,SER,17.838945,17.308804,0.06143128,0.015562859,,13.0,ok_dr10
ZTF24abnoldv,1.5759997522706497,SER,16.246819,15.576103,0.042793,0.004912,0.041379,19.0,ok_dr9
ZTF23abokhwf,3.6314930069645075,EXP,23.838371,25.761322,0.21989042,0.3875958,,22.0,ok_dr10
ZTF21acdwvwo,1.9996559773357816,SER,16.212948,15.839799,0.031175,0.006151,,8.0,ok_dr9
ZTF22abihtsn,4.853327588062222,DUP,,,,,,6.0,ok_dr10
ZTF20aapcbmc,19.678085228055245,REX,22.787931,21.953897,0.96295273,0.21710289,,16.0,ok_dr10
ZTF24aacrfok,3.454946689937499,DUP,,,,,,6.0,ok_dr10
ZTF19adcbxkw,2.126891072153188,DUP,,,,,,27.0,ok_dr10
ZTF18aczeesl,0.8517499158735822,EXP,20.235294,20.032724,0.122151,0.03933,,12.0,ok_dr9
ZTF24aawyrsn,,,,,,,,,empty
ZTF25acgyaed,2.841091517613219,REX,,17.203835,,,,2.0,ok_dr10
ZTF19aakozyp,4.5524194879461675,SER,16.183481,15.835244,0.029168801,0.010677082,0.042959627,42.0,ok_dr10
ZTF18acefxko,1.5667812710388949,EXP,20.945955,20.712769,0.09450092,0.18323873,,14.0,ok_dr10
ZTF21aaoexjt,0.4865198615287911,SER,19.075562,18.650503,0.09839442,0.022001835,,12.0,ok_dr10
ZTF22abtlaew,0.7904860609770611,SER,16.049114,15.382721,0.07290514,0.008129508,,16.0,ok_dr10
ZTF20abwcnhm,1.089957169377764,REX,20.380733,20.204708,0.068832956,0.04099024,,18.0,ok_dr10
ZTF22aakmhas,,,,,,,,,empty
ZTF21aajtsba,0.27251126565480205,SER,19.455868,20.00673,0.20795771,0.2344603,,27.0,ok_dr10
ZTF25acfxvcu,5.647848060408991,DUP,,,,,,20.0,ok_dr10
ZTF21aapriwm,0.941939947924598,SER,17.20892,16.725267,0.07020388,0.016717829,0.07959062,69.0,ok_dr10
ZTF23aaeyqoa,1.7863170891860485,EXP,20.604223,20.73736,0.33308396,0.19487104,,18.0,ok_dr10
ZTF19abxdnzt,0.3813927869180046,SER,18.761541,18.302258,0.060973,0.024734,,7.0,ok_dr9
ZTF24aawwzqz,2.3195466531701485,REX,21.88394,21.210077,0.75132346,0.31730142,,49.0,ok_dr10
ZTF20acsfdnn,1.0456584959263568,SER,19.115667,18.830635,0.091451,0.030821,,15.0,ok_dr9
ZTF22abiozoc,0.770223087099431,SER,18.922081,18.610865,0.068234,0.027669,,2.0,ok_dr9
ZTF20aaghnxd,0.7228172724584032,REX,19.518213,19.239637,0.14370811,0.031031752,,21.0,ok_dr10
ZTF21abicckd,9.93401869680476,SER,,16.137224,,,,10.0,ok_dr10
ZTF21aasfseg,9.825009478277945,EXP,18.528837,,0.00351,0.028963,,18.0,ok_dr9
ZTF19aartuev,13.807646437456809,DUP,,,,,,10.0,ok_dr10
ZTF21aatsafx,1.4368161344032808,SER,18.547855,18.242178,0.077686474,0.02678036,,9.0,ok_dr10
ZTF18abnvwgk,,,,,,,,,empty
ZTF18aczuwxb,1.5070167046191147,SER,15.910479,15.19797,0.07909124,0.014356171,,14.0,ok_dr10
ZTF18abtgkdo,9.24862881499434,DUP,,,,,,19.0,ok_dr10
ZTF23aavpzil,6.836127832721638,DUP,,,,,,25.0,ok_dr10
ZTF19aakssnv,7.177212396692224,EXP,19.321928,19.448486,0.069812,0.11112,,13.0,ok_dr9
ZTF18acnmifq,0.10950514686984548,REX,19.971333,23.495913,0.369535,0.193338,,7.0,ok_dr9
ZTF18abkojhi,,,,,,,,,empty
ZTF18acbufud,4.5569021776094685,SER,16.27045,15.37452,0.08721089,0.013354483,0.08419741,29.0,ok_dr10
ZTF20abyosmd,1.7779149695697254,EXP,17.580793,17.604292,0.014688874,0.009387487,,15.0,ok_dr10
ZTF19abqgwuy,8.13127904301877,REX,21.064432,21.225016,0.053569257,0.25945112,,23.0,ok_dr10
ZTF19acihgng,5.629364212660695,DUP,,,,,,9.0,ok_dr9
ZTF23aabmbdj,,,,,,,,,empty
ZTF23aapfyou,3.666570505537666,SER,15.269369,14.857226,0.029581636,0.005313346,0.032443438,17.0,ok_dr10
ZTF22aabwrov,3.36926599100767,DEV,20.200556,19.260038,0.36223128,0.061341785,,15.0,ok_dr10
ZTF22aajsqug,,,,,,,,,empty
ZTF21abbwajr,7.177668537079232,REX,14.619532,14.149283,0.021460056,0.0048941,,13.0,ok_dr10
ZTF23abprqjx,3.862192916420314,SER,19.43169,19.157682,0.06841597,0.0628655,,31.0,ok_dr10
ZTF18aczexlh,0.3272138381872013,SER,13.615807,12.62219,,,,34.0,ok_dr10
ZTF19aapafqd,11.522534388169252,EXP,20.456795,21.135414,0.035555,0.066516,,13.0,ok_dr9
ZTF19achajnc,0.895232567720514,SER,19.824635,19.344185,0.122678,0.05978,,11.0,ok_dr9
ZTF25absklbq,2.153097519444543,SER,19.661903,19.684212,0.05405589,0.11951237,,40.0,ok_dr10
ZTF23aadpbvm,3.7028958415544677,DUP,,,,,,7.0,ok_dr10
ZTF19aaynsyd,1.6312948440301536,SER,15.974195,15.417132,0.033932064,0.005857733,0.027424613,31.0,ok_dr10
ZTF22aadmgan,5.493906137807664,SER,16.883205,16.957094,0.008967253,0.006436369,,12.0,ok_dr10
ZTF23aarhuik,1.5719510693766938,SER,20.043877,20.76899,0.01542,0.021858,,11.0,ok_dr9
ZTF18aceathd,3.2571123091310756,SER,16.614082,16.202131,0.04013954,0.011682488,0.059923768,26.0,ok_dr10
ZTF25aapsisw,0.147576288839746,SER,17.701773,17.188417,0.1407297,0.014630808,0.11763696,20.0,ok_dr10
ZTF24absrpsn,0.4475284560394618,EXP,20.512106,20.138758,0.165241,0.0512,,8.0,ok_dr9
ZTF24abtartn,4.2717376052637235,SER,15.468236,15.164333,0.016088635,0.0062550274,,40.0,ok_dr10
ZTF22aaafkvn,5.128325570777406,SER,13.494294,13.127037,0.009684,0.004817,,7.0,ok_dr9
ZTF19aaflhah,1.1004355050695838,SER,17.606777,16.922476,0.13332358,0.02585382,,28.0,ok_dr10
ZTF23abojjkh,4.560882363900033,SER,,15.640231,,,,15.0,ok_dr10
ZTF19acyiqnw,4.851228015005439,SER,14.376524,13.762624,0.02986,0.003816,,7.0,ok_dr9
ZTF20acrrssy,3.105164098418916,SER,18.247744,18.462358,0.033096,0.060564,,25.0,ok_dr9
ZTF21acgxypn,17.261160373908535,SER,14.545652,14.172983,0.019865887,0.0063037616,,13.0,ok_dr10
ZTF21acowrme,6.915858950173258,DUP,,,,,,10.0,ok_dr10
ZTF18abcecfi,4.310728324083224,EXP,20.824492,21.561317,0.017927,0.080209,,7.0,ok_dr9
ZTF23abazdqu,1.371789673971796,REX,25.523243,,0.78744537,0.8108064,,20.0,ok_dr10
ZTF20acoaqpm,2.5236261989566042,SER,16.989454,16.310513,0.065957,0.011047,,9.0,ok_dr9
ZTF24abnyruv,1.0005212518875828,SER,17.301336,17.061863,0.035851654,0.009590401,,17.0,ok_dr10
ZTF22aazuotw,1.0448993145100292,SER,21.083199,24.277445,0.035814866,0.053844176,,21.0,ok_dr10
ZTF21aceejop,2.612929383927114,DEV,20.725061,19.818535,0.379401,0.032519,,17.0,ok_dr9
ZTF21acinvvh,0.28898886058082124,SER,19.727667,19.14959,0.092583306,0.04146771,,37.0,ok_dr10
ZTF18acefuhk,4.687465388579427,SER,17.688444,17.561161,0.039987,0.014633,0.058006,10.0,ok_dr9
ZTF22abyokjo,1.962732656792577,EXP,19.400486,19.180216,0.117021,0.055557,,5.0,ok_dr9
ZTF18aaqcqvr,1.443565154244059,SER,17.87754,17.420599,0.106403,0.020368,,21.0,ok_dr9
ZTF19aamvfmx,,,,,,,,,empty
ZTF21abjpphz,2.94130103806219,DEV,19.426243,18.788864,0.29383728,0.18917084,,23.0,ok_dr10
ZTF18abpamut,2.338649246499062,SER,18.078476,17.761868,0.053326,0.01786,,12.0,ok_dr9
ZTF25abgahjn,6.692677662070452,REX,24.337358,24.541634,0.978206,0.5631402,,20.0,ok_dr10
ZTF25abiqcvi,0.6679769693394035,SER,19.386236,19.10933,0.084,0.068631,,18.0,ok_dr9
ZTF22aahxaiv,2.197369690486991,SER,15.778838,15.355162,0.0651,0.010073,0.072267,10.0,ok_dr9
ZTF24abflhlp,2.042687099822473,SER,18.940746,18.754538,0.06850717,0.03168706,,13.0,ok_dr10
ZTF20acuosvy,12.363074098778435,EXP,17.40207,17.087885,0.048643537,0.12864685,,5.0,ok_dr10
ZTF25aacrydo,1.5643506075347908,DEV,19.381084,19.327465,0.076492,0.061283,,14.0,ok_dr9
ZTF20achfdib,,,,,,,,,empty
ZTF24absuydh,1.3696377924337078,EXP,22.174759,22.042103,0.13681158,0.34442893,,13.0,ok_dr10
ZTF20acouofb,10.696292859771694,EXP,20.581013,20.024075,0.66339964,0.44149894,,18.0,ok_dr10
ZTF24aahaanm,2.0141502765040147,SER,18.096573,17.783392,0.031250827,0.016842302,,12.0,ok_dr10
ZTF19acignlo,0.3982594418896389,SER,20.211697,20.664597,0.07754487,0.026262905,,16.0,ok_dr10
ZTF20aalyeut,1.831340619758075,EXP,21.858473,21.817741,0.1965125,0.22561836,,18.0,ok_dr10
ZTF25abiwbsb,0.2809421491915423,EXP,20.78118,20.843496,0.053004,0.022034,,7.0,ok_dr9
ZTF18abqxaqe,0.32710545311827655,SER,17.174828,16.537394,0.08580668,0.009414043,,34.0,ok_dr10
ZTF19acqupbp,,,,,,,,,empty
ZTF19aaydpiq,3.6162917522082316,REX,20.375273,20.413818,0.14780517,0.35939968,,21.0,ok_dr10
ZTF19adaiyrd,4.996972358664932,SER,15.900546,15.396505,0.07364975,0.009440111,,17.0,ok_dr10
ZTF18abecbks,4.438782833087745,SER,14.926752,14.51817,0.031088,0.006684,,4.0,ok_dr9
ZTF22abmolve,,,,,,,,,empty
ZTF21aawxdbc,2.6870426526513747,SER,18.692142,18.170515,0.0970996,0.024427323,,30.0,ok_dr10
ZTF19abjacdu,,,,,,,,,empty
ZTF19aaqasrq,,,,,,,,,empty
ZTF24aahgaov,,,,,,,,,empty
ZTF21aaufvpg,9.342640075095783,REX,23.741196,22.999939,0.6883998,0.25289533,,17.0,ok_dr10
ZTF23aamsavc,0.7152358574847352,SER,15.442687,14.717904,0.06273066,0.0062778126,,27.0,ok_dr10
ZTF22abmvmyh,0.9657324957659725,REX,22.262398,22.292524,0.32062,0.1698544,,20.0,ok_dr10
ZTF22abngjlt,3.6293257923185975,SER,14.853442,14.20784,0.039952032,0.0074458374,,20.0,ok_dr10
ZTF25acldgpg,3.019115368468536,SER,16.486393,16.032183,0.025712116,0.0052499194,0.03659338,13.0,ok_dr10
ZTF20acxooam,1.5511847959447742,SER,18.605251,17.853998,0.10447106,0.023224445,,16.0,ok_dr10
ZTF25aagvkqj,1.0885778678086908,SER,17.020042,16.643362,0.049419,0.014609,,15.0,ok_dr9
ZTF21aahtmlu,,,,,,,,,empty
ZTF18adbadfz,6.165077806547347,DUP,,,,,,12.0,ok_dr10
ZTF20aatwisu,2.158312702432864,SER,17.265669,16.989511,0.021679,0.007433,0.033843,12.0,ok_dr9
ZTF23abhzcbs,3.196963608003979,DUP,,,,,,17.0,ok_dr9
ZTF22aadfrjm,1.3740619021155844,SER,21.457071,21.079075,0.18037544,0.32688782,,12.0,ok_dr10
ZTF22aawfeov,0.9768776587969475,SER,19.130222,18.86866,0.054658737,0.032588918,,24.0,ok_dr10
ZTF18acbwopo,0.09756276430747741,SER,17.209377,16.937298,0.057014,0.019876,,14.0,ok_dr9
ZTF21aclcfej,4.1018853828639115,SER,16.621407,16.299067,0.026679637,0.006986703,0.02963452,15.0,ok_dr10
ZTF25aatnwif,5.388512987171485,SER,18.538153,18.427025,0.035094,0.024529,,5.0,ok_dr9
ZTF21acdnnfg,0.3407806888201334,EXP,18.909203,18.356672,0.082803726,0.01874016,,24.0,ok_dr10
ZTF23aapogvn,1.8749949238001755,REX,17.136887,16.675806,0.058813,0.011825,,19.0,ok_dr9
ZTF25aatmfzy,1.910889880899709,REX,17.419907,16.972313,0.100148,0.014782,0.09671,7.0,ok_dr9
ZTF21aalodzw,,,,,,,,,empty
ZTF19abjpntj,4.893636803389325,EXP,19.49186,19.57647,0.03175056,0.026749918,,14.0,ok_dr10
ZTF21abtcgdo,0.16124735066908494,REX,22.148623,22.616234,0.06083619,0.2963631,,52.0,ok_dr10
ZTF20abrcnbr,6.619326617266833,REX,14.577776,14.066895,0.032473803,0.007122113,,24.0,ok_dr10
ZTF21acfkkad,5.842005559819044,EXP,22.204485,21.133007,0.573511,0.117017,,14.0,ok_dr9
ZTF21aakijia,1.312941986649966,REX,18.152548,17.916466,0.019427361,0.013984507,,16.0,ok_dr10
ZTF21acdezwk,6.308440815317357,REX,,,,,,11.0,ok_dr10
ZTF19aamkfxb,1.816016820159425,EXP,21.377728,21.505535,0.027079,0.100635,,26.0,ok_dr9
ZTF25aavsycu,0.09820667844175802,SER,16.239122,15.54104,0.06874415,0.010524057,,15.0,ok_dr10
ZTF21aazybsh,0.8671623198143582,SER,16.731705,16.181433,0.043463,0.009729,0.042867,13.0,ok_dr9
ZTF21abpapvy,1.9064687689896986,EXP,23.043242,24.691895,0.17866167,0.18291026,,20.0,ok_dr10
ZTF24aaagezy,,,,,,,,,empty
ZTF19aaxbzqp,0.30444973284235827,REX,22.988058,23.385786,0.4744535,0.5353526,,12.0,ok_dr10
ZTF19aclthzj,,,,,,,,,empty
ZTF19aawbsek,,,,,,,,,empty
ZTF20achatyv,2.4999827076212284,SER,20.019224,19.874971,0.049266517,0.037218694,,26.0,ok_dr10
ZTF24abmybnp,0.05631415370264596,DUP,,,,,,26.0,ok_dr10
ZTF24aahvyso,2.531604053658399,SER,20.276052,20.111914,0.037896,0.063381,,8.0,ok_dr9
ZTF23aapsuva,0.4976056852836796,EXP,22.633932,22.335663,0.31307283,0.27832144,,14.0,ok_dr10
ZTF18acpefgk,1.0940025150935502,SER,19.081856,18.841154,0.11379237,0.02148355,,13.0,ok_dr10
ZTF19ablujxj,,,,,,,,,empty
ZTF19aarioci,0.06740742913234898,DEV,18.45958,17.987644,0.058473,0.042974,,7.0,ok_dr9
ZTF19acfxbki,1.7431569188356066,SER,15.361619,14.805849,0.0533768,0.011093976,0.05780858,64.0,ok_dr10
ZTF22abnvmzz,,,,,,,,,empty
ZTF25aaizxrf,,,,,,,,,empty
ZTF18aaisyyp,2.564649855671105,DEV,20.753527,20.17337,0.246804,0.086417,,4.0,ok_dr9
ZTF20acwytxn,0.11304587077035366,DEV,19.569164,18.73253,0.31655014,0.016796516,,22.0,ok_dr10
ZTF24aaczfve,2.8540561746958963,EXP,17.973173,17.960121,0.0087383,0.0036686244,,23.0,ok_dr10
ZTF19acxxwrs,9.242724394302785,EXP,20.083614,,0.046999,0.120028,,18.0,ok_dr9
ZTF22abswuoz,1.0086356195897206,REX,18.00174,17.410404,0.080189,0.020243,,9.0,ok_dr9
ZTF20aaghpdc,5.204799331004422,SER,19.65662,19.480413,0.04487,0.039265,,15.0,ok_dr9
ZTF20abbvnpr,,,,,,,,,empty
ZTF21abcgrcj,,,,,,,,,empty
ZTF24abqzvao,1.1864838843305305,DUP,,,,,,22.0,ok_dr10
ZTF24aaihwaq,0.17370323739022905,DUP,,,,,,16.0,ok_dr10
ZTF21abhyukx,0.7601994284575827,SER,19.553421,19.444246,0.023627315,0.028079538,,27.0,ok_dr10
ZTF23abvpeqs,4.382736137244057,SER,18.327536,17.978643,0.045203,0.021485,,12.0,ok_dr9
ZTF25acfhiob,1.766340527258237,SER,18.760355,18.462004,0.078277275,0.020278249,,11.0,ok_dr10
ZTF23abanqhu,,,,,,,,,empty
ZTF23abiixsk,4.98200575731928,REX,23.72206,,0.71163166,0.62497365,,44.0,ok_dr10
ZTF20aaosoct,1.1727897463627261,SER,18.126627,17.965553,0.06171706,0.027212795,,16.0,ok_dr10
ZTF19aaocbes,,,,,,,,,empty
ZTF19acexijn,0.8439050651818915,SER,21.498405,21.598122,0.08155913,0.16429722,,38.0,ok_dr10
ZTF25acbyhbm,3.895002144299865,DUP,,,,,,9.0,ok_dr9
ZTF25aantell,5.331635620123963,SER,14.453942,13.83044,0.03833434,0.008534393,,39.0,ok_dr10
ZTF21aamiukc,0.06225289054458884,REX,24.182762,24.192823,1.2104746,0.62246186,,21.0,ok_dr10
ZTF22abrreei,0.4285005725219775,REX,20.475092,20.271679,0.13148,0.070506,,15.0,ok_dr9
ZTF18abcysdx,4.077483276348807,SER,16.111269,15.619367,0.06106981,0.008740457,,13.0,ok_dr10
ZTF18abtkqkb,3.4078585989702526,SER,,15.565038,,,,10.0,ok_dr10
ZTF20acywefl,0.6237007194748699,SER,15.930984,15.277186,0.06129361,0.0073550576,0.058594685,16.0,ok_dr10
ZTF24ablkeoh,1.9361657131743888,SER,15.232159,14.456919,0.038492,0.01109,,20.0,ok_dr9
ZTF22aasyada,6.655827065676274,REX,23.456423,21.899351,0.900823,0.140946,,9.0,ok_dr9
ZTF21achltea,,,,,,,,,empty
ZTF21abuuzrk,3.779096056651208,SER,15.574826,15.018107,0.032834075,0.011914683,,10.0,ok_dr10
ZTF24aaoasjl,,,,,,,,,empty
ZTF20abyptpc,4.4510508792862105,SER,11.862548,11.010866,0.02698208,0.012637249,0.013354947,3.0,ok_dr10
ZTF18aaxjuwy,0.9274332823765369,REX,17.136065,16.708853,0.08090057,0.008662446,0.08277824,20.0,ok_dr10
ZTF25aajgoqd,0.30089784231769034,SER,19.339754,19.132051,0.060340267,0.026197163,,14.0,ok_dr10
ZTF20aahzyml,0.7089403696958158,EXP,21.635153,21.471857,0.24576983,0.30340368,,13.0,ok_dr10
ZTF20abrcsdn,15.343367960144493,DEV,22.358528,21.253136,0.620415,0.107034,,9.0,ok_dr9
ZTF23abbanlv,2.8789409281400995,EXP,14.220429,14.257349,,,,8.0,ok_dr10
ZTF23aaaihae,,,,,,,,,empty
ZTF19acftaml,1.250118980541368,SER,18.621988,18.075203,0.1343977,0.027858019,,40.0,ok_dr10
ZTF25acegmcy,6.544904945972603,SER,12.571047,12.163829,0.014017,0.005039,0.008881,8.0,ok_dr9
ZTF19acvlycr,4.265808853589292,SER,17.939045,17.4069,0.06285,0.023229,,10.0,ok_dr9
ZTF18abcbwnd,,,,,,,,,empty
ZTF25acemaph,0.051301997894863574,DEV,21.873451,22.067032,0.5530734,0.6208348,,22.0,ok_dr10
ZTF22aalqzkz,6.323737757308574,REX,23.868252,22.715738,1.0094358,0.16488634,,21.0,ok_dr10
ZTF22abfzaqd,,,,,,,,,empty
ZTF25acewrgw,,,,,,,,,empty
ZTF24aaekboj,4.20752878223768,SER,16.566654,16.16524,0.054816753,0.016293414,0.039925788,23.0,ok_dr10
ZTF18abmjija,,,,,,,,,empty
ZTF20abpuxna,,,,,,,,,empty
ZTF24aaugavy,0.7726304896706929,REX,19.85756,19.444962,0.18539824,0.058890343,,22.0,ok_dr10
ZTF21abzxxic,,,,,,,,,empty
ZTF18aaiwsqa,0.07755551095562403,SER,15.407282,14.839386,0.059532087,0.012318561,,24.0,ok_dr10
ZTF22abtctfn,3.199599055191233,SER,14.906933,14.585211,0.029747838,0.005969118,0.026806526,17.0,ok_dr10
ZTF21acmrdga,8.689745422837605,REX,23.371622,,0.48701242,0.70906645,,20.0,ok_dr10
ZTF23abvtzdz,,,,,,,,,empty
ZTF19abqqcyo,1.8242538421573236,SER,17.640142,17.32884,0.053672478,0.016754737,0.06934073,39.0,ok_dr10
ZTF19aauguzk,4.977883222022017,DUP,,,,,,26.0,ok_dr9
ZTF22aasoali,,,,,,,,,empty
ZTF24ablkvjn,2.586498404194148,SER,16.936218,16.488129,0.029528,0.010763,,9.0,ok_dr9
ZTF19abixauz,1.045776816535282,SER,17.38475,16.560225,0.14013794,0.025538638,,16.0,ok_dr10
ZTF22abivqkc,2.0096622290075277,SER,16.381634,15.995911,0.05093042,0.016653204,,12.0,ok_dr10
ZTF24aabuisb,3.634055974021654,SER,14.944723,14.339059,0.051102,0.009271,0.05437,6.0,ok_dr9
ZTF25aaxnchn,,,,,,,,,empty
ZTF18abuyrgo,,,,,,,,,empty
ZTF19aanfrmq,0.17292740741804147,SER,16.615353,15.93037,0.11009151,0.02480263,,31.0,ok_dr10
ZTF21aaahyjj,0.40804599137966313,REX,23.332352,23.048859,1.1386387,0.5263214,,19.0,ok_dr10
ZTF19ablpwta,,,,,,,,,empty
ZTF19aarmtgu,0.05132586315284824,DUP,,,,,,14.0,ok_dr10
ZTF19aatheus,7.217222392171825,SER,13.119514,12.470047,0.012396,0.00628,,9.0,ok_dr9
ZTF21abrskvb,0.11050711677235404,SER,16.227982,15.520123,0.05604506,0.0066264216,,28.0,ok_dr10
ZTF20abyqdyg,1.9355176815046722,SER,19.319042,18.95705,0.09032615,0.018976267,,10.0,ok_dr10
ZTF21aaxgzln,2.9570855092546604,SER,15.12244,14.516197,0.031611,0.00356,0.027578,4.0,ok_dr9
ZTF20acnznms,0.07100476363935816,SER,19.444098,18.963097,0.26218927,0.10913422,,16.0,ok_dr10
ZTF25aanlfdo,1.6681880157829625,SER,20.275404,19.981728,0.08359166,0.040038884,,14.0,ok_dr10
ZTF21aamnngb,,,,,,,,,empty
ZTF23aanbdib,3.426682686808157,SER,19.783863,19.627346,0.10113295,0.15286918,,16.0,ok_dr10
ZTF18acdwohd,0.889280994085994,SER,17.78159,17.412413,0.034701016,0.015832191,,19.0,ok_dr10
ZTF20accsfkt,1.3024445218032432,SER,17.99258,17.646461,0.08752812,0.036575783,,34.0,ok_dr10
ZTF22abftrwv,0.07131945296356204,SER,17.77777,17.551592,0.035139,0.012874,,17.0,ok_dr9
ZTF18abupiap,4.1819096538571845,SER,17.15733,16.61548,0.099700905,0.015759349,,32.0,ok_dr10
ZTF24aavsmbp,4.53420940517758,SER,16.84306,16.411041,0.047734715,0.015463208,,45.0,ok_dr10
ZTF25acglarj,8.108610898393012,DUP,,,,,,15.0,ok_dr9
ZTF22abhclyh,,,,,,,,,empty
ZTF20aammbrw,0.14530005222344788,SER,17.472897,17.22601,0.02839363,0.013769477,0.062972695,21.0,ok_dr10
ZTF20acixidp,,,,,,,,,empty
ZTF19abqkpoi,0.25977980013685553,SER,16.280886,15.523621,0.07610731,0.008923662,,38.0,ok_dr10
ZTF20aayvymx,2.2296900542755527,EXP,21.654444,22.296698,0.097389445,0.05845015,,30.0,ok_dr10
ZTF19acckggd,0.16771974498465686,REX,20.227678,19.91951,0.11065426,0.029990375,,13.0,ok_dr10
ZTF19aaurstb,3.583525504441732,SER,15.452846,14.806984,0.043837,0.007294,,11.0,ok_dr9
ZTF19aceifef,12.093098440703299,REX,22.702528,21.92476,0.79125,0.19455,,18.0,ok_dr9
ZTF20acqlfwb,2.2387268455220926,EXP,22.993004,23.265118,0.14699388,0.22608998,,13.0,ok_dr10
ZTF25abxjtsp,5.700652561828181,REX,21.618687,22.317945,0.06604066,0.13149925,,30.0,ok_dr10
ZTF24abhbrcs,,,,,,,,,empty
ZTF22aagzcai,8.749010483285998,EXP,23.429852,,0.309309,0.415028,,9.0,ok_dr9
ZTF21abwycli,0.3542737740005805,EXP,21.6941,21.72162,0.20452845,0.15136416,,5.0,ok_dr10
ZTF23aaedrzc,2.011140307935458,REX,22.843729,,0.071895,0.236059,,10.0,ok_dr9
ZTF22abfvzqg,4.475191090091938,SER,17.17671,16.54419,0.058090545,0.00850001,,25.0,ok_dr10
ZTF20abrempf,1.56138343526496,SER,16.916256,16.565483,0.044102605,0.01508873,0.07316611,15.0,ok_dr10
ZTF22aaafbjo,1.2789826511304456,SER,15.714698,15.289956,0.039799,0.007478,0.036911,19.0,ok_dr9
ZTF22aavbdfn,0.6711939808619265,DUP,,,,,,6.0,ok_dr10
ZTF20aclvtnk,6.764244686138689,DEV,21.285372,20.488491,0.380891,0.095353,,19.0,ok_dr9
ZTF25aauczue,4.824018242901317,REX,21.335173,21.039974,0.15679537,0.11113399,,14.0,ok_dr10
ZTF20acuzjqk,0.4018525139599793,EXP,20.829681,,0.068214,0.069627,,14.0,ok_dr9
ZTF23abciuka,5.585902071210902,EXP,17.772234,17.38506,0.034245282,0.031663842,,12.0,ok_dr10
ZTF19abwnpus,15.540562807128929,REX,24.653858,23.384933,1.0373383,0.1954855,,16.0,ok_dr10
ZTF23aaavxzf,4.103046556800898,SER,15.393729,14.658048,0.07110055,0.011584464,0.06624001,13.0,ok_dr10
ZTF22aboaiim,0.7454882075758359,SER,21.174793,20.979534,0.0958279,0.12541871,,25.0,ok_dr10
ZTF19aapcoqg,6.44103877534298,REX,22.970146,,0.478646,0.383461,,16.0,ok_dr9
ZTF22abobhmn,,,,,,,,,empty
ZTF21abcgaln,,,,,,,,,empty
ZTF25abikqrb,4.468494929358371,EXP,21.893085,22.825743,0.07500643,0.06517853,,31.0,ok_dr10
ZTF19abwsecm,4.527945727968431,DUP,,,,,,21.0,ok_dr10
ZTF25aaamyjq,0.4463774313211647,REX,,21.259623,,,,5.0,ok_dr10
ZTF18abyjgcx,1.1034265208080216,EXP,21.53562,17.909172,0.299389,0.421069,,11.0,ok_dr9
ZTF22abxxyup,3.6705859149471993,SER,17.548944,17.185629,0.064872935,0.01430745,0.07370612,45.0,ok_dr10
ZTF21abcmtev,2.8944302268896602,SER,15.635245,15.14385,0.02289397,0.0054676803,,19.0,ok_dr10
ZTF19achqzdy,3.1184128188207354,EXP,23.263788,26.191732,0.74968284,0.5919234,,33.0,ok_dr10
ZTF19abfibel,3.94149126342762,SER,21.092245,20.80186,0.5652364,0.11212531,,22.0,ok_dr10
ZTF18ablhvfr,2.980568125639059,SER,19.284258,19.19705,0.083674,0.089369,,20.0,ok_dr9
ZTF19aapemqu,0.8048936105807759,REX,23.57563,23.943956,0.79078466,0.47183335,,28.0,ok_dr10
ZTF20acvamwo,0.25875497488234006,SER,15.075188,14.52482,0.04352442,0.02879592,,13.0,ok_dr10
ZTF22aahiyfc,10.681716723814244,SER,,,,,,7.0,ok_dr10
ZTF25aafwxov,14.397752182812289,REX,25.144024,23.452095,1.083035,0.308469,,7.0,ok_dr9
ZTF22aajspto,11.416032442985662,SER,16.321863,15.5359,,,,6.0,ok_dr10
ZTF19aahjhoy,10.259222437141629,SER,12.346811,11.813745,0.012917,0.003169,0.013701,1.0,ok_dr9
ZTF22abakwxh,0.1536241292457984,SER,16.778275,16.11552,0.0724,0.014976,,8.0,ok_dr9
ZTF22abtkkxz,2.3953141012809187,REX,21.466805,21.683311,0.48446918,0.6209185,,27.0,ok_dr10
ZTF21abcrhbt,3.1871027275437607,SER,18.435629,17.758095,0.06728892,0.027903013,,22.0,ok_dr10
ZTF21ackcxql,1.0465404988347675,REX,18.350323,17.848995,0.09710469,0.022659328,,14.0,ok_dr10
ZTF20abhrmxh,,,,,,,,,empty
ZTF18abwdcdv,8.036223215235857,SER,14.892638,14.4108,0.046349,0.00829,,6.0,ok_dr9
ZTF19aamhhey,2.72622946377917,SER,17.106382,16.743143,0.037994,0.011463,0.044767,14.0,ok_dr9
ZTF21ackwihz,1.441396362619824,EXP,20.665482,20.42062,0.089597076,0.062022086,,15.0,ok_dr10
ZTF23aadwfed,1.4704180991552627,SER,17.199286,16.6693,0.039601203,0.01014885,,17.0,ok_dr10
ZTF19aaerbzy,,,,,,,,,empty
ZTF25aavikep,0.0389548206544098,SER,17.06893,16.482939,0.052438058,0.018652566,,13.0,ok_dr10
ZTF20acpevli,5.52559253635074,SER,14.741405,14.146358,0.034283,0.008166,,14.0,ok_dr9
ZTF19aanrrqu,0.03022483714418457,EXP,19.57935,19.753653,0.014317258,0.29344016,,18.0,ok_dr10
ZTF20abywydb,0.7984676130492674,REX,24.433418,24.494722,1.0794597,0.5561466,,40.0,ok_dr10
ZTF21aaeeuqz,9.396894045211084,REX,21.855759,21.672401,0.48070318,0.22627813,,6.0,ok_dr10
ZTF19aayjsty,7.068794340877263,DEV,15.899907,15.212917,0.08257059,0.007453802,,18.0,ok_dr10
ZTF20acphcdv,0.08864509101799872,REX,23.034122,22.58639,0.51344454,0.21631536,,18.0,ok_dr10
ZTF23abogwmg,,,,,,,,,empty
ZTF22abtprtn,0.49112575107090384,SER,14.79127,14.277641,0.043361157,0.009983188,,21.0,ok_dr10
ZTF24abbwztk,0.6156430717576513,SER,18.654778,18.33713,0.087982275,0.020674538,,13.0,ok_dr10
ZTF23aaqmbar,0.4729928539081877,SER,20.354542,20.216827,0.09346084,0.19133301,,13.0,ok_dr10
ZTF25aakgmne,1.643925196148874,REX,24.332825,25.567507,0.699236,0.6143483,,12.0,ok_dr10
ZTF22abakeha,0.4904650304720874,SER,16.743757,16.091259,0.06507338,0.009082067,0.07080603,26.0,ok_dr10
ZTF21aaahliy,1.3075737161734056,SER,16.789402,16.148773,0.099113464,0.010911495,0.10579132,50.0,ok_dr10
ZTF20abyyfmw,11.204045240476464,REX,21.803877,20.787844,0.61371195,0.06664676,,8.0,ok_dr10
ZTF19aawgopm,12.869631140550979,REX,22.885988,23.497374,0.29236695,0.30114388,,20.0,ok_dr10
ZTF24aaoyfpn,13.53266489109228,SER,13.021251,12.300076,0.01981746,0.0044357283,,14.0,ok_dr10
ZTF24aackkba,7.027786598915868,SER,15.635244,15.290916,0.020802,0.0030886238,,27.0,ok_dr10
ZTF22aankzby,2.9224742375435007,SER,16.539331,16.097727,0.059654836,0.010783439,,15.0,ok_dr10
ZTF24abvbzbd,8.510168549809398,SER,15.056561,14.501073,0.036220007,0.012794483,,9.0,ok_dr10
ZTF21abtorlk,0.9219203149115387,SER,,18.814997,,,,9.0,ok_dr10
ZTF21aapzzgf,0.9645931614036857,DUP,,,,,,15.0,ok_dr10
ZTF19adalouc,1.8848018947108744,SER,16.041002,15.428418,0.054533273,0.0061567016,,36.0,ok_dr10
ZTF20aahidaa,0.5464721969035592,REX,18.06572,17.754066,0.0669106,0.02334468,,24.0,ok_dr10
ZTF20abquppg,2.6188933395977005,REX,21.81781,20.74701,0.9413677,0.07667395,,17.0,ok_dr10
ZTF21acmnpqa,2.0851461532473423,SER,18.770771,19.171688,0.02667,0.071496,,12.0,ok_dr9
ZTF22aaymjam,0.7162168348250909,SER,17.07629,16.802715,0.030686006,0.015225795,,20.0,ok_dr10
ZTF25acdjiob,1.2845496463172763,SER,16.219233,15.645216,0.050046,0.015816,,13.0,ok_dr9
ZTF19acbmxxh,2.172357220446733,SER,17.462885,16.865774,0.069289334,0.01170259,,18.0,ok_dr10
ZTF24abcqasv,3.7042472263091417,SER,13.765824,13.389007,0.009241,0.004862,,11.0,ok_dr9
ZTF25aagrfgg,11.112316351736071,REX,24.108055,22.505451,0.8267442,0.18093334,,12.0,ok_dr10
ZTF18acmxkzj,7.9260064036272055,REX,23.912355,22.84373,0.7946249,0.20907292,,12.0,ok_dr10
ZTF20aalkcea,6.188971234491831,SER,19.317162,19.421072,0.025699954,0.014667252,,39.0,ok_dr10
ZTF19aavvvrc,3.778300320343492,REX,22.229687,21.645554,0.5993223,0.1823872,,36.0,ok_dr10
ZTF22aavxkto,3.566504000918102,EXP,21.08464,20.677502,0.7283996,0.6776803,,11.0,ok_dr10
ZTF19aaynskj,1.2527162263150562,EXP,20.377764,19.598026,0.3753703,0.044815455,,34.0,ok_dr10
ZTF18adbbhww,,,,,,,,,empty
ZTF21absbrag,6.908554857478814,REX,17.159882,16.736238,0.0848589,0.010100378,0.07430629,22.0,ok_dr10
ZTF18abckutn,3.393963863548551,SER,19.454721,20.407242,0.048654,0.084644,,28.0,ok_dr9
ZTF20abgfekk,0.3472379821424906,SER,18.612503,18.310455,0.056948833,0.028643278,,14.0,ok_dr10
ZTF25aafeedj,1.9849590549262264,SER,21.227245,20.902761,0.12211189,0.20408806,,29.0,ok_dr10
ZTF20actkulc,6.390181018957637,SER,16.997133,16.544914,0.045460742,0.016587993,0.075699374,20.0,ok_dr10
ZTF23abbkvxe,3.0468032131392193,DUP,,,,,,23.0,ok_dr10
ZTF18abfzfcv,8.978589098204006,SER,15.207393,14.875994,0.029121,0.004903,0.036955,11.0,ok_dr9
ZTF21acjotbf,1.1977662533393165,REX,20.875143,20.823542,0.192152,0.132626,,10.0,ok_dr9
ZTF20abwftit,1.1324392582975913,EXP,19.29765,19.117754,0.036995586,0.028961567,,23.0,ok_dr10
ZTF19aaprzcr,3.0945525148076034,SER,19.255865,19.026289,0.035763886,0.0593972,,36.0,ok_dr10
ZTF19acbpwwg,1.1499319294209194,SER,16.186255,15.803815,0.053385,0.014254,,8.0,ok_dr9
ZTF25acargjq,,,,,,,,,empty
ZTF21absbujl,2.7885975087975936,SER,19.64817,19.455898,0.089089,0.043049,,8.0,ok_dr9
ZTF24aazsigv,9.694333631201353,DUP,,,,,,5.0,ok_dr10
ZTF22abubrek,1.4609402927969548,SER,17.918581,17.747988,0.057372805,0.029851072,0.08328865,28.0,ok_dr10
ZTF18acqsfxh,2.2338737042122174,SER,15.967605,15.557431,0.053099,0.009088,0.041843,14.0,ok_dr9
ZTF19abdmdow,2.634065969939003,SER,18.090572,17.582409,0.08659768,0.015841529,,16.0,ok_dr10
ZTF20abjorou,,,,,,,,,empty
ZTF22aadesap,0.06822158956173795,DEV,17.865602,17.27536,0.118541,0.016231,,13.0,ok_dr9
ZTF21abwcned,1.5106641092064033,EXP,21.752016,21.664822,0.33508652,0.10797869,,21.0,ok_dr10
ZTF21acisqde,8.204176371918019,SER,,,,,,11.0,ok_dr10
ZTF20aahidph,2.547117285927933,EXP,19.888144,19.308765,0.5782707,0.3834505,,39.0,ok_dr10
ZTF20abgwgqj,1.6980173071209728,SER,20.122879,19.899912,0.09141961,0.03439605,,8.0,ok_dr10
ZTF20abdxzlz,,,,,,,,,empty
ZTF20abyfgri,4.139601629338013,SER,19.265932,18.97453,0.06593861,0.02891967,,17.0,ok_dr10
ZTF25absdyqi,6.8461164884076675,REX,,18.437027,,,,14.0,ok_dr10
ZTF20aagvvnr,1.9680554166018531,DEV,23.417952,,0.5688983,0.72489774,,28.0,ok_dr10
ZTF24aaknuqh,9.735771903921277,SER,14.519361,14.048646,0.027829,0.005289,0.027185,11.0,ok_dr9
ZTF22aapmmtu,0.3270754464026209,EXP,21.15619,20.839647,0.259463,0.078928,,8.0,ok_dr9
ZTF18adalarn,0.2502804513369268,EXP,16.236603,15.968696,0.03246755,0.009201263,0.027445707,15.0,ok_dr10
ZTF20aaullwp,24.40709604551298,EXP,22.289349,21.932638,0.41541547,0.13065057,,5.0,ok_dr10
ZTF24aahsupm,2.5864471745677373,EXP,21.620129,21.499825,0.2607729,0.43559876,,28.0,ok_dr10
ZTF20acqgklx,,,,,,,,,empty
ZTF21aalcsng,2.123345856179242,SER,14.828985,14.155886,0.058021106,0.009356499,0.05361396,8.0,ok_dr10
ZTF19aavjzwm,,,,,,,,,empty
ZTF19aahygro,8.18131573187843,EXP,19.116718,18.965828,0.043184478,0.024893196,,11.0,ok_dr10
ZTF22aaaedvr,2.77655039802425,EXP,23.455065,21.641212,0.9314698,0.1306203,,16.0,ok_dr10
ZTF24aagolgy,4.108962647750831,SER,18.904314,18.353909,0.06745,0.031657,,18.0,ok_dr9
ZTF19abiahik,,,,,,,,,empty
ZTF19abzrdup,3.1376342257236596,REX,23.41011,22.788626,1.098053,0.208752,,11.0,ok_dr9
ZTF23aagqyym,1.9228688590787826,SER,15.460636,15.243655,0.023409,0.007382,0.030296,9.0,ok_dr9
ZTF25aafofcs,0.16143317139551255,REX,18.282309,17.709318,0.07823759,0.014115986,,21.0,ok_dr10
ZTF19aanuipr,0.8296142071593593,SER,21.427847,21.412575,0.09441,0.175155,,12.0,ok_dr9
ZTF25aafihgk,2.381350078671413,REX,17.876406,17.380001,0.10905094,0.018460339,,30.0,ok_dr10
ZTF24abdzyyc,2.445144180545165,SER,15.47955,14.861627,0.044868466,0.0074906196,,10.0,ok_dr10
ZTF20abxyaaf,18.535052584994077,SER,12.429158,11.84804,0.05184753,0.017057687,,2.0,ok_dr10
ZTF18abvrzqj,2.735064813652412,SER,19.917873,19.587646,0.11253727,0.019098053,,34.0,ok_dr10
ZTF24aaosmwq,0.2454250381500609,SER,17.499529,16.870293,0.09152,0.015525117,,12.0,ok_dr10
ZTF23abpedpu,0.9430985687337635,REX,18.950596,18.405771,0.070252605,0.015249035,,18.0,ok_dr10
ZTF22aarrbne,,,,,,,,,empty
ZTF20acjzzyr,,,,,,,,,empty
ZTF21aagmryd,17.964411102901437,REX,23.679811,23.194487,1.031794,0.263221,,11.0,ok_dr9
ZTF20achncxi,3.405782141805941,SER,17.886591,17.538366,0.072181,0.018198,,14.0,ok_dr9
ZTF23aanxepa,0.11037817436310578,REX,18.052542,17.772488,0.0781419,0.019576887,,34.0,ok_dr10
ZTF21aapjmgf,0.6935507786794438,EXP,18.623636,18.43404,0.04743813,0.020379597,,15.0,ok_dr10
ZTF19acgjnfz,1.8950204977871214,SER,16.045353,15.686045,0.057634,0.007247,,8.0,ok_dr9
ZTF23aadvxih,2.701509286767313,DEV,21.344036,20.881733,0.363778,0.144115,,19.0,ok_dr9
ZTF22aaafjir,8.00436792934632,SER,14.619391,13.939738,0.036499,0.00957,,4.0,ok_dr9
ZTF25acfjqjb,0.622957489150631,SER,19.56365,19.363607,0.077483,0.514253,,21.0,ok_dr9
ZTF24aajvldc,0.8446774452199806,SER,15.835486,15.258555,0.06714615,0.018654328,,13.0,ok_dr10
ZTF19aamsetj,6.888701535698918,REX,20.419691,21.566505,0.019765,0.063506,,23.0,ok_dr9
ZTF25abwwabv,10.48025839478883,SER,15.468053,15.028181,0.038518142,0.0076868134,,12.0,ok_dr10
ZTF24aajibzs,0.323882982487218,SER,21.973223,22.168785,0.08098187,0.12376295,,20.0,ok_dr10
ZTF20acezpem,,,,,,,,,empty
ZTF25aankqhe,4.042677731303469,REX,22.571787,22.788153,0.33284986,0.43050164,,23.0,ok_dr10
ZTF20acggzxc,1.423722839905354,EXP,,19.726461,,,,19.0,ok_dr10
ZTF24aaygegk,3.393502740245116,DUP,,,,,,5.0,ok_dr10
ZTF21aatlesr,3.178000522592886,REX,22.979546,22.516188,0.5189705,0.14967622,,8.0,ok_dr10
ZTF25abcznka,0.5006602947956574,DEV,19.184309,18.753443,0.13208966,0.026800442,,17.0,ok_dr10
ZTF25achktzx,12.343981894827783,SER,14.504819,14.193352,0.028763,0.005223,0.032469,8.0,ok_dr9
ZTF20accmtgu,0.12746598509096546,REX,24.566467,26.065218,1.1561067,0.71179163,,14.0,ok_dr10
ZTF22aaspkif,0.4838455745375653,EXP,20.880878,20.669533,0.15481228,0.28600642,,22.0,ok_dr10
ZTF18aaoecso,0.05519130153476717,DUP,,,,,,19.0,ok_dr9
ZTF23aaritkm,,,,,,,,,empty
ZTF19adcecwu,11.37839860187822,SER,12.571047,12.163829,0.014017,0.005039,0.008881,9.0,ok_dr9
ZTF21abaiono,0.40752138323589077,REX,22.4367,22.704058,0.517696,0.326496,,11.0,ok_dr9
ZTF19abhibzk,,,,,,,,,empty
ZTF20abxyggc,3.3336128602743966,SER,18.361528,18.427807,0.022836426,0.062361743,,15.0,ok_dr10
ZTF21aanrvcq,10.774784377359829,SER,15.653625,15.064044,0.050576746,0.014203553,,14.0,ok_dr10
ZTF18aaqkcso,0.15093212936140857,SER,17.53489,17.168943,0.05818,0.014376,,15.0,ok_dr9
ZTF21aaufwyh,7.128521673589706,SER,15.140409,14.68014,0.040659986,0.012267703,0.028453074,9.0,ok_dr10
ZTF23aadvtxf,7.709123768310057,SER,15.180891,14.438163,0.03923,0.0081,0.026532,6.0,ok_dr9
ZTF19acrwyyb,0.9434625535769945,EXP,18.114262,17.962063,0.033719,0.013934,,8.0,ok_dr9
ZTF21abuguyw,4.333213916425249,SER,15.246344,14.467322,0.056394074,0.011982295,,11.0,ok_dr10
ZTF19aajwhse,0.5187724720868396,EXP,16.908228,16.808828,0.027230892,0.030794324,,13.0,ok_dr10
ZTF25aadngyo,0.2122755223642063,SER,19.230562,18.764208,0.09894748,0.02183836,,22.0,ok_dr10
ZTF22abfyrxh,0.5655963513178952,DUP,,,,,,21.0,ok_dr10
ZTF21abulrsl,13.412690296218127,EXP,22.343681,21.51617,1.0187101,0.23444657,,27.0,ok_dr10
ZTF22abtondh,,,,,,,,,empty
ZTF18acdvvgx,0.32813740349932213,REX,23.053465,23.170383,0.9658417,0.65166944,,18.0,ok_dr10
ZTF23aarktow,4.862813913753884,SER,14.57643,14.094031,0.023727033,0.0075462884,,5.0,ok_dr10
ZTF19abimkwn,,,,,,,,,empty
ZTF21aaphjyn,3.29580596111579,REX,23.760418,23.022284,0.8701681,0.29700515,,12.0,ok_dr10
ZTF22aaaehzu,5.804130989426504,REX,21.97163,21.549877,0.5134047,0.13471301,,9.0,ok_dr10
ZTF20abtnpwt,0.7467809647889341,EXP,20.55689,20.168833,0.10415641,0.14711119,,16.0,ok_dr10
ZTF21abdosld,,,,,,,,,empty
ZTF23aabmevr,,,,,,,,,empty
ZTF20aamdhut,2.627691614708049,SER,16.098404,15.587078,,,,24.0,ok_dr10
ZTF22aahhocd,4.775686664432337,DEV,21.727333,20.682339,0.529765,0.078219,,16.0,ok_dr9
ZTF22aamzzjw,,,,,,,,,empty
ZTF20aadcaop,1.2895946655634796,SER,22.233307,21.673134,0.54994524,0.2302322,,34.0,ok_dr10
ZTF18aasufva,2.9283621410947758,SER,17.842306,17.54748,0.065329,0.015607,,10.0,ok_dr9
ZTF21aasafkl,2.352915339273006,SER,17.367794,16.852345,0.0774758,0.015884874,0.07535456,18.0,ok_dr10
ZTF19abhiayh,4.193249118710478,DUP,,,,,,11.0,ok_dr10
ZTF20aalbjqh,0.07115591235833166,SER,19.998135,20.365711,0.1234766,0.4190302,,22.0,ok_dr10
ZTF21aaxstzy,0.3831358251190265,SER,19.23715,19.827436,0.20321347,0.23217143,,21.0,ok_dr10
ZTF21abilrxd,1.3201142350822375,DUP,,,,,,7.0,ok_dr9
ZTF18adjoimi,0.7171012695954122,DUP,,,,,,7.0,ok_dr9
ZTF21aaxlbad,0.1832712232016618,EXP,20.94564,20.7567,0.172268,0.129273,,10.0,ok_dr9
ZTF22aaweukv,0.7500403042216457,EXP,20.170052,19.958862,0.26336,0.19741704,,14.0,ok_dr10
ZTF21abcrhpk,0.617260883618993,EXP,20.514301,20.377445,0.059325866,0.10652649,,18.0,ok_dr10
ZTF22aaafomy,2.653167092413104,REX,16.327776,15.84059,0.056864105,0.01081827,,36.0,ok_dr10
ZTF20abhjghg,,,,,,,,,empty
ZTF24aafqxyz,1.2578834843589752,DEV,15.920465,15.08008,0.09663703,0.015350851,0.07033522,25.0,ok_dr10
ZTF19abkrlew,1.0675004331163667,SER,16.375982,15.643528,0.059259,0.010847,,15.0,ok_dr9
ZTF22aaaoqer,0.5949467648551277,SER,20.413774,20.220863,0.10792361,0.039655264,,13.0,ok_dr10
ZTF22aamxszf,3.303501346140446,EXP,21.400333,,,,,15.0,ok_dr10
ZTF19aavnwxf,2.7222159931011927,DEV,14.969437,14.44662,0.047968,0.009045,0.046921,6.0,ok_dr9
ZTF21aaahzpr,0.5503092269526678,SER,20.2084,19.73275,0.27805883,0.04872322,,22.0,ok_dr10
ZTF24abdkfqu,1.9528315900839266,DEV,21.160423,20.990955,0.7123612,0.9176467,,7.0,ok_dr10
ZTF20aacdfyv,4.7530162159176506,DUP,,,,,,7.0,ok_dr10
ZTF20abgbxvb,,,,,,,,,empty
ZTF22aantrtp,4.277249459965354,SER,13.077885,12.530718,0.022388,0.003949,0.029761,11.0,ok_dr9
ZTF21abbxnbm,,,,,,,,,empty
ZTF19acbjlnt,0.8797487233037623,SER,15.486887,14.764606,0.053522844,0.014191371,,15.0,ok_dr10
ZTF18aannern,1.027386991411804,SER,12.965318,12.375315,0.028005,0.003615,0.033563,7.0,ok_dr9
ZTF24abuonfe,5.3820829310170435,SER,16.321552,15.823226,0.043377183,0.011995348,,14.0,ok_dr10
ZTF21abgyxmv,4.317251301566305,SER,,13.881597,,,,6.0,ok_dr10
ZTF22aajjlin,0.1442026812936378,EXP,22.740046,23.66616,0.1170271,0.21822608,,25.0,ok_dr10
ZTF24aasnamf,12.121153837087808,REX,23.668863,26.77169,0.54090106,0.54359186,,19.0,ok_dr10
ZTF23aaaplbq,7.938848327888453,SER,16.693857,16.258219,0.06433819,0.010462693,,18.0,ok_dr10
ZTF24aavbrtq,1.8225774303975613,SER,,16.346447,,,,13.0,ok_dr10
ZTF19aclofmz,,,,,,,,,empty
ZTF20aasiwcu,2.0302067478702965,DEV,22.11818,,0.666474,0.314136,,23.0,ok_dr9
ZTF18abolvoh,2.5313913607290535,REX,23.30973,22.840073,0.5704413,0.27797198,,27.0,ok_dr10
ZTF22aakhqrd,10.6729679775688,REX,,,,,,8.0,ok_dr10
ZTF20acpmgdz,4.239682694832675,EXP,17.068115,16.906595,0.032784563,0.033192027,,11.0,ok_dr10
ZTF23aazrtdy,0.7953044535336063,EXP,21.789042,21.532387,0.15139526,0.16221252,,11.0,ok_dr10
ZTF18aadsuxd,0.2684364606636082,SER,16.865503,16.667673,0.028301097,0.022246325,0.031113137,16.0,ok_dr10
ZTF25acgyzdb,2.754132885780624,EXP,23.547716,23.613705,0.5530691,0.6190916,,28.0,ok_dr10
ZTF20acgokbj,0.06641740014328885,SER,19.987303,19.283539,0.133749,0.028959,,12.0,ok_dr9
ZTF21aazsylk,,,,,,,,,empty
ZTF20abgbfyk,0.12149040660356919,REX,,,,,,5.0,ok_dr10
ZTF22aalmrqp,3.8554557985809144,REX,23.372505,22.684864,0.751573,0.17871,,11.0,ok_dr9
ZTF23aapbrrq,0.11891389429687191,REX,22.78484,23.105656,0.443609,0.407575,,12.0,ok_dr9
ZTF23absbzfi,2.1638272468149227,DEV,21.4024,,0.204247,0.34425,,9.0,ok_dr9
ZTF19aanuhox,0.3217605665800104,EXP,22.005587,22.433174,0.01579,0.078867,,7.0,ok_dr9
ZTF22aaowhti,2.8476606822003414,REX,21.603598,21.412794,0.5943638,0.6761393,,16.0,ok_dr10
ZTF20abeolsw,3.2599825715761086,SER,17.677273,17.050062,0.06449232,0.011258082,0.06405327,17.0,ok_dr10
ZTF20abeffoq,,,,,,,,,empty
ZTF22abntdem,,,,,,,,,empty
ZTF20abkgypx,,,,,,,,,empty
ZTF23aamtyjs,7.489034633703775,DUP,,,,,,6.0,ok_dr10
ZTF19abhdqlq,10.548849947919969,REX,,,,,,8.0,ok_dr10
ZTF25abtahaz,0.8855080420718018,SER,15.825935,15.25062,0.060554,0.012893,,9.0,ok_dr9
ZTF22absqhkw,0.6454906091780019,REX,20.80794,21.160496,0.089956574,0.14058399,,40.0,ok_dr10
ZTF20abxlham,6.815847807107664,EXP,21.024252,20.633127,0.312352,0.125234,,10.0,ok_dr9
ZTF20aasmdec,18.83259594727246,DUP,,,,,,5.0,ok_dr10
ZTF22aaafgdl,10.054954579058476,SER,16.707762,16.004946,0.04471,0.008481,0.032726,4.0,ok_dr9
ZTF20abmzfql,1.2037290403495327,EXP,21.659916,21.410225,0.20792563,0.08616682,,16.0,ok_dr10
ZTF20aafdglk,,,,,,,,,empty
ZTF21aaqzqaa,10.27492144551556,SER,17.938072,17.662624,0.039187,0.021554,,9.0,ok_dr9
ZTF23aajsjon,4.466285161064276,SER,14.733751,14.479914,0.029182,0.011297,,6.0,ok_dr9
ZTF19aadyiao,0.7037124690177209,SER,19.325686,19.261786,0.036526415,0.018100496,0.032588862,32.0,ok_dr10
ZTF24abkegqp,0.2158451117428627,REX,22.475008,22.102629,0.401783,0.170001,,7.0,ok_dr9
ZTF19abahjuv,,,,,,,,,empty
ZTF24aaotmdk,1.5658941975759222,EXP,20.571226,20.504362,0.082172275,0.06940272,,32.0,ok_dr10
ZTF23abhvsbo,7.648155492441405,SER,,,,,,5.0,ok_dr10
ZTF18aazvajy,0.1732553153726167,DEV,20.903551,20.388641,1.5431185,0.6365965,,19.0,ok_dr10
ZTF23aaaytvp,2.7928687474074705,SER,18.863564,18.988728,0.030603435,0.01802186,,17.0,ok_dr10
ZTF20aattqye,1.5713708559560051,SER,19.747087,19.43181,0.08361299,0.026537808,,8.0,ok_dr10
ZTF25aayxsry,3.4498377945914465,REX,22.710695,23.903694,0.26641256,0.34762138,,19.0,ok_dr10
ZTF18aaiykoz,0.6073216860142041,SER,14.662702,14.328229,0.026148,0.006934,0.030431,25.0,ok_dr9
ZTF21abuyyxi,,,,,,,,,empty
ZTF19aaywazj,,,,,,,,,empty
ZTF23aboywdj,1.2733635934767733,EXP,22.259647,22.660913,0.09515532,0.16308735,,11.0,ok_dr10
ZTF19achtewn,3.1539057312834706,SER,15.905415,15.268322,0.08887,0.01002,0.096173,15.0,ok_dr9
ZTF17aadlxmv,0.6009029508115148,DUP,,,,,,19.0,ok_dr9
ZTF20abywpkl,,,,,,,,,empty
ZTF21acjotip,0.682847852407004,REX,21.163723,20.451096,0.261834,0.149211,,15.0,ok_dr9
ZTF20abefaya,0.02183188597867195,SER,17.719118,17.101938,0.1754164,0.035550166,,10.0,ok_dr10
ZTF24aamtpla,,,,,,,,,empty
ZTF25abqsbxy,0.8086810422850192,SER,,,,,,18.0,ok_dr10
ZTF18acrcogn,6.892093135930275,REX,14.902861,14.619642,0.046323266,0.044190615,,5.0,ok_dr10
ZTF24aabqfbn,0.7367472953344434,EXP,22.115026,21.963402,0.12955378,0.21099661,,34.0,ok_dr10
ZTF24aawshuy,0.9819041804247391,EXP,19.99906,21.116343,0.018617,0.051157,,15.0,ok_dr9
ZTF19abpbopt,0.8774089984812653,EXP,23.069925,24.07779,0.200903,0.429008,,10.0,ok_dr9
ZTF20aajbsxt,3.913399397111263,REX,17.958076,17.758705,0.042782,0.021252,,15.0,ok_dr9
ZTF18abhhxcp,1.7560863800479878,SER,15.553399,14.898472,0.059975,0.004279,,16.0,ok_dr9
ZTF20acxpvhu,1.7278519963981926,EXP,,,,,,7.0,ok_dr10
ZTF21acigjrl,1.4597493533330228,REX,22.907188,26.159313,0.25003046,0.33599657,,16.0,ok_dr10
ZTF21abmqpja,2.7611676625473565,EXP,,,,,,9.0,ok_dr10
ZTF25abieqtz,19.509366452081267,REX,,20.313044,,,,7.0,ok_dr10
ZTF18acbwppb,0.4008457751698553,REX,19.519297,19.176394,0.15945983,0.034296986,,51.0,ok_dr10
ZTF21abhtlrj,,,,,,,,,empty
ZTF20acjjkhr,4.407035382530699,SER,16.092787,15.684099,0.036164,0.005897,0.039006,11.0,ok_dr9
ZTF19aavybbf,15.654916899945432,EXP,,,,,,1.0,ok_dr10
ZTF19abcyqqg,2.0009550321371328,SER,,,,,,9.0,ok_dr10
ZTF20aamamnp,0.26414324548445883,EXP,20.383715,20.489391,0.22534086,0.05848074,,24.0,ok_dr10
ZTF20acoyvdg,0.888032876098881,SER,16.817144,16.102493,0.072089516,0.017675133,,13.0,ok_dr10
ZTF21acdoydr,6.538885929877446,DEV,20.789488,20.188705,0.14579517,0.08500594,,11.0,ok_dr10
ZTF22abymzuk,0.4014019288117619,DEV,21.173672,20.953365,0.2368394,0.20596273,,31.0,ok_dr10
ZTF18aawfqax,1.6097651004015827,SER,20.927519,21.292933,0.013693,0.021136,,14.0,ok_dr9
ZTF21abhzicj,1.251328711254883,SER,17.600296,17.384224,0.030586,0.008419,0.039412,14.0,ok_dr9
ZTF25abceqol,4.716588725716236,SER,15.595867,15.151838,0.03555,0.016762,,16.0,ok_dr9
ZTF24aaekazg,13.842029632799616,SER,14.149168,13.567266,0.022669856,0.015290448,,4.0,ok_dr10
ZTF22abxkfjy,1.512392977090728,EXP,18.376116,18.191086,0.062096,0.021402,,21.0,ok_dr9
ZTF25abbpvih,,,,,,,,,empty
ZTF23aahfzhm,13.192635488582747,SER,16.076809,15.868619,0.02718,0.005819,0.025961,8.0,ok_dr9
ZTF22abuafhn,0.69230346922151,SER,16.475697,15.808643,0.061472297,0.017591057,0.05060238,21.0,ok_dr10
ZTF22abqiyik,0.7109772034487525,REX,20.187456,19.786623,0.11550753,0.04649681,,17.0,ok_dr10
ZTF21aacufip,2.453132720965681,REX,18.272724,17.972624,0.033602,0.02356,,20.0,ok_dr9
ZTF18aanjzkp,2.6693918573482835,SER,15.011518,14.307337,0.037258,0.010491,,9.0,ok_dr9
ZTF23absjheu,5.20189179216769,DEV,19.804474,20.133799,0.013436871,0.023848584,,27.0,ok_dr10
ZTF24aasbtjr,2.3198645799361666,EXP,17.493687,17.084806,0.028408434,0.007347173,,15.0,ok_dr10
ZTF19abxvksn,,,,,,,,,empty
ZTF18aaqgbju,1.3791026240231368,SER,18.99218,18.75267,0.076468125,0.023274858,,22.0,ok_dr10
ZTF19acwrrvg,,,,,,,,,empty
ZTF19abkfxfb,0.1918478907885864,SER,19.020939,18.6623,0.05134109,0.042674948,,14.0,ok_dr10
ZTF19abyreuq,9.61476713911758,EXP,,,,,,4.0,ok_dr10
ZTF25aajlrlk,2.5574470722698406,EXP,22.658947,22.780622,0.48704016,0.29924935,,30.0,ok_dr10
ZTF20acufmrl,,,,,,,,,empty
ZTF25aaapgir,0.6946108927747726,DEV,19.384073,19.103848,0.098916,0.060419,,9.0,ok_dr9
ZTF23aazqmwp,4.639275544763992,EXP,15.98009,15.811968,0.012960887,0.0051697935,,12.0,ok_dr10
ZTF25abtzltn,3.435714234569113,EXP,,18.039696,,,,37.0,ok_dr10
ZTF19abandzh,1.5357829099268456,REX,23.382523,24.110119,0.43406677,0.57887214,,16.0,ok_dr10
ZTF18aahfbqp,0.46039659293934027,SER,13.813961,13.188222,0.030694317,0.004122936,0.04114499,10.0,ok_dr10
ZTF23absbkhe,0.6048533231865826,SER,20.888424,21.1097,0.054077365,0.17564669,,19.0,ok_dr10
ZTF19abgrcxs,0.8659873564621403,SER,16.872858,16.296806,0.09309966,0.012518359,,14.0,ok_dr10
ZTF25abyzhlr,2.9875621491248614,REX,22.592293,,0.12366299,0.27609178,,26.0,ok_dr10
ZTF23aaczpey,9.448947685209031,DUP,,,,,,20.0,ok_dr10
ZTF20achmgee,,,,,,,,,empty
ZTF20acowpur,1.2389627384053532,REX,19.599222,19.295658,0.0536017,0.025637873,,20.0,ok_dr10
ZTF19abulzhy,0.03416567036210337,SER,17.877949,17.221403,0.113964,0.023641,,19.0,ok_dr9
ZTF20aansmsj,3.100954532955096,SER,19.114813,18.83498,0.06515382,0.033750627,,11.0,ok_dr10
ZTF20aavnnzx,1.5232744053446803,SER,17.823118,17.751894,0.025429,0.011408,,15.0,ok_dr9
ZTF23aabkxss,0.1657536254533878,SER,17.64055,17.005156,0.17446367,0.031406846,,26.0,ok_dr10
ZTF18aaqlblz,0.1523922937927394,SER,16.023605,15.574199,0.070763,0.029941,,13.0,ok_dr9
ZTF22abikqri,1.747398984036046,SER,20.637218,21.206377,0.19448541,0.12996794,,46.0,ok_dr10
ZTF20aazdxlx,3.5259358938052476,REX,22.01714,21.559763,0.42589,0.190736,,20.0,ok_dr9
ZTF23aakanao,0.4106347035133063,SER,,15.140626,,,,12.0,ok_dr10
ZTF24abcjovt,,,,,,,,,empty
ZTF21acpkzcc,9.691951119821216,EXP,19.073084,19.22352,0.0058353595,0.012337631,,22.0,ok_dr10
ZTF24aaqzpcv,2.0823649542929386,SER,15.165321,14.626121,0.039994135,0.013406595,0.048554722,28.0,ok_dr10
ZTF18aansqov,0.8602243278167919,DUP,,,,,,20.0,ok_dr9
ZTF21abvbhul,1.661141025486656,SER,16.13835,15.333905,0.057688847,0.0064798403,,11.0,ok_dr10
ZTF18abufgdj,0.2165765852700694,SER,,14.426259,,,,9.0,ok_dr10
ZTF25aahtbjr,5.184976663043408,EXP,,19.813028,,,,9.0,ok_dr10
ZTF23abexebx,6.68820822805478,SER,14.772269,14.081408,0.04964057,0.007401484,,12.0,ok_dr10
ZTF20abgbxfm,9.062483128286749,SER,19.376068,19.053856,0.08933916,0.047077596,,15.0,ok_dr10
ZTF20aavcvrm,1.634892278394896,REX,22.350447,22.444477,0.25724894,0.36466378,,19.0,ok_dr10
ZTF21abtzlnh,3.327919974999617,SER,15.764754,15.655144,0.018224,0.008617,,12.0,ok_dr9
ZTF19abhcefa,6.566499755350765,SER,17.383856,17.102266,0.03163156,0.009343675,0.041680228,12.0,ok_dr10
ZTF24abqexho,,,,,,,,,empty
ZTF23aaelbgl,9.227930759898232,SER,15.761163,15.260622,0.066345,0.009294,0.066494,14.0,ok_dr9
ZTF25absfiyt,6.847958422865941,SER,22.280443,21.768984,1.4619013,0.59598696,,29.0,ok_dr10
ZTF23abnevza,0.03468286995962137,EXP,22.798407,23.147322,0.22034648,0.4095717,,14.0,ok_dr10
ZTF19aauishy,3.694440669417194,SER,16.286585,16.005075,0.027257,0.006825,,12.0,ok_dr9
ZTF22abjpcjy,3.278204033024387,REX,20.571138,23.11604,0.4183541,0.35614583,,21.0,ok_dr10
ZTF23aailjjs,15.007532166398857,EXP,20.949223,23.117287,0.022258,0.073462,,6.0,ok_dr9
ZTF23abijmzk,4.849592726978239,EXP,23.012135,24.302673,0.354702,0.442351,,11.0,ok_dr9
ZTF22abfyzir,,,,,,,,,empty
ZTF22aavzfwp,3.1590169933902144,SER,15.113142,14.256941,0.041912,0.012317,,5.0,ok_dr9
ZTF18acwwkyl,,,,,,,,,empty
ZTF20acwpfvq,0.14115046514998078,DEV,23.742228,23.334097,1.1461697,0.5838323,,30.0,ok_dr10
ZTF24aanbjel,2.389400237238062,EXP,22.814394,20.961641,1.060515,0.227919,,26.0,ok_dr9
ZTF23aaynddf,0.2520361921452991,SER,20.266977,20.381308,0.07834343,0.15338157,,17.0,ok_dr10
ZTF21aavutkm,11.567260791612656,DUP,,,,,,5.0,ok_dr10
ZTF20acpguww,0.3794008875394413,DUP,,,,,,13.0,ok_dr10
ZTF21aapduck,6.6967377446900525,DEV,15.233923,14.640789,0.054206,0.010752,,18.0,ok_dr9
ZTF20aattrld,1.4999148768666353,SER,20.644793,20.3598,0.11058695,0.3089668,,19.0,ok_dr10
ZTF25acgorke,0.2927007097470995,REX,18.648535,18.16238,0.15526518,0.01972279,,53.0,ok_dr10
ZTF24aaidlza,8.848394806624464,REX,20.459385,20.284996,0.163041,0.14047,,7.0,ok_dr9
ZTF24aaaimkm,1.7904835484810189,DEV,21.454285,20.407545,0.71426237,0.050100517,,56.0,ok_dr10
ZTF20abowpvf,1.0978419284324648,REX,18.382402,17.98292,0.0842614,0.018825369,,15.0,ok_dr10
ZTF18aaqkjuw,0.032751122637932235,SER,16.523579,15.824012,0.100195,0.011632,0.096564,15.0,ok_dr9
ZTF20actnzzk,4.254708629761306,REX,18.48681,18.167437,0.13355936,0.16803636,,10.0,ok_dr10
ZTF20abqnctf,4.302754638564514,SER,17.215101,16.473846,0.051358737,0.013039747,,8.0,ok_dr10
ZTF21abtxglm,6.892099102037158,DUP,,,,,,37.0,ok_dr10
ZTF25aazqbmd,4.406994712809554,SER,15.016539,14.546095,0.033589363,0.00542514,,42.0,ok_dr10
ZTF25aanmrqp,0.43306349130638366,EXP,21.616535,21.314865,0.11141991,0.21358286,,21.0,ok_dr10
ZTF24abhvotc,,,,,,,,,empty
ZTF22abaegxq,22.180079195443614,DUP,,,,,,9.0,ok_dr10
ZTF21ablqsnv,6.764545491073025,SER,15.409879,14.684472,0.067889296,0.025067983,0.049290143,16.0,ok_dr10
ZTF19aamggmk,7.533856357843544,SER,14.65454,14.341812,0.026355,0.006467,,6.0,ok_dr9
ZTF21acdvkcj,3.4656376523630783,SER,15.396742,14.996265,0.0192,0.003323,0.019802,5.0,ok_dr9
ZTF22aasxgjp,11.132204801931595,REX,18.163027,18.554712,0.004225,0.008719,,5.0,ok_dr9
ZTF25aavikwq,1.1494135951835336,EXP,21.346113,,,,,23.0,ok_dr10
ZTF20aamdqiz,2.5217523410359277,REX,21.72542,21.234344,0.5552023,0.28800157,,40.0,ok_dr10
ZTF23aadxxrd,1.7831681016858754,DUP,,,,,,23.0,ok_dr10
ZTF19abqjypm,0.13811127563290687,REX,,,,,,6.0,ok_dr10
ZTF20abeyvwv,5.626820711403541,REX,21.159,20.370537,0.91295826,0.23066147,,22.0,ok_dr10
ZTF24ablmayf,,,,,,,,,empty
ZTF25aabowed,2.827929676792622,SER,14.822019,14.155668,0.052909993,0.0049281623,,20.0,ok_dr10
ZTF23aaesmsf,,,,,,,,,empty
ZTF20accdijx,1.832968806403334,SER,17.46331,17.139704,0.040407404,0.012008198,,28.0,ok_dr10
ZTF19acykqyr,10.534343444250352,SER,20.398493,19.394093,0.4143237,0.0425446,,8.0,ok_dr10
ZTF19adalarj,,,,,,,,,empty
ZTF20abkiarz,2.68188222672233,DUP,,,,,,4.0,ok_dr10
ZTF22aaoolua,14.016280076527286,DUP,,,,,,6.0,ok_dr10
ZTF18abrzeym,0.4411976894231149,SER,17.656546,17.144142,0.084212184,0.036358673,,22.0,ok_dr10
ZTF20acpcuwx,7.360493634545837,SER,14.619997,13.945768,0.045112204,0.010005891,,16.0,ok_dr10
ZTF24aahsuoj,1.9453410299972764,SER,19.441574,19.151855,0.082919,0.037773,,15.0,ok_dr9
ZTF19acbpqvc,,,,,,,,,empty
ZTF24aamvzfc,2.2216270365453465,SER,16.269543,15.935079,0.032535,0.008199,0.031453,12.0,ok_dr9
ZTF21aaobkmg,,,,,,,,,empty
ZTF22abwtqeb,2.158106618353235,EXP,,,1.1228905,0.83727396,,28.0,ok_dr10
ZTF20abcqkts,1.776690038154065,SER,18.39256,17.80049,0.11484309,0.021551847,,22.0,ok_dr10
ZTF23aaznifc,0.4032918242579035,REX,,,,,,16.0,ok_dr10
ZTF21aadkhte,0.6504424251824324,EXP,23.559025,23.819868,0.27124476,0.5361313,,27.0,ok_dr10
ZTF19acuyvtl,1.723144041345811,REX,18.725328,18.445,0.070825,0.026349,,17.0,ok_dr9
ZTF23aamhlcu,1.9953563582466498,EXP,19.912268,20.090569,0.12167864,0.10129349,,12.0,ok_dr10
ZTF25abhngxo,0.07396878886799513,DEV,18.321842,17.661854,0.09382015,0.013356878,,28.0,ok_dr10
ZTF19abmtpvz,6.232787161124984,SER,14.80368,14.247126,0.03416636,0.009401996,,5.0,ok_dr10
ZTF20acnyxln,1.8897890721938184,SER,20.691235,20.648777,0.08327919,0.5368767,,17.0,ok_dr10
ZTF23aajahua,1.6628141940770766,REX,23.30676,,0.356523,0.444245,,11.0,ok_dr9
ZTF20aaqshoz,6.692031683986071,EXP,21.639492,20.82521,0.88456637,0.16140917,,11.0,ok_dr10
ZTF19acyfhnn,,,,,,,,,empty
ZTF22abfviis,1.4888852657188558,EXP,22.474506,22.420456,0.14038372,0.2690271,,14.0,ok_dr10
ZTF18abulkrl,,,,,,,,,empty
ZTF23aawkjdx,0.392639277172301,REX,19.560417,19.258566,0.076796286,0.03476363,,11.0,ok_dr10
ZTF20acehyxd,,,,,,,,,empty
ZTF18abjvhec,3.1583226552325807,REX,19.785902,19.320242,0.23268913,0.10886019,,12.0,ok_dr10
ZTF21aarmkuj,4.219617608076374,REX,23.677011,22.675453,0.71090895,0.15035836,,18.0,ok_dr10
ZTF24aantppw,1.4565049070516873,SER,19.634665,19.301779,0.08216046,0.032091696,,19.0,ok_dr10
ZTF23abefecu,0.9281255994807442,DEV,22.699768,22.796825,0.5049691,0.6127312,,24.0,ok_dr10
ZTF19aaumvig,1.1138435679182244,SER,18.664062,18.447182,0.06348171,0.024406081,,7.0,ok_dr10
ZTF23aacbziz,3.0122053626434226,SER,17.70747,17.188295,0.074641645,0.01491995,0.057255663,13.0,ok_dr10
ZTF21abourqt,,,,,,,,,empty
ZTF24abvkugf,,,,,,,,,empty
ZTF21acpqqgu,5.5936790555668265,EXP,20.228596,19.996626,0.075525895,0.092226885,,34.0,ok_dr10
ZTF19abpnrqa,,,,,,,,,empty
ZTF23absdqly,0.6902796222402676,EXP,21.826948,21.78416,0.15885885,0.24145527,,16.0,ok_dr10
ZTF25abhkdne,2.172591139572188,REX,17.810698,17.789272,0.0062133046,0.005506605,,21.0,ok_dr10
ZTF25abtgvqq,2.3300570509042444,REX,23.56994,23.941732,0.53046227,0.50392056,,19.0,ok_dr10
ZTF25acivwpw,0.32064501995607864,EXP,18.461845,18.22633,0.07720255,0.02570692,,11.0,ok_dr10
ZTF21aayggyo,0.5531903267138516,SER,17.484936,16.785213,0.10255566,0.012629255,,19.0,ok_dr10
ZTF19abaeyln,5.722055734471983,DUP,,,,,,19.0,ok_dr10
ZTF24abqaesu,3.19263076396002,EXP,15.937102,15.330999,0.04589158,0.008502043,,23.0,ok_dr10
ZTF19aahsnmq,0.13536897369347478,EXP,21.43444,20.924355,0.34788,0.090593,,14.0,ok_dr9
ZTF20aayvuwu,0.33600646945678675,DEV,16.124363,15.503108,0.065434,0.017142,,21.0,ok_dr9
ZTF22abawyul,0.23183586222696467,REX,,18.21707,,,,9.0,ok_dr10
ZTF23aadakub,2.17455168924777,EXP,21.318434,21.062521,0.71454245,0.6054276,,31.0,ok_dr10
ZTF20abyiohf,0.24539803687856135,DEV,22.082098,21.6034,0.6717484,0.22848481,,8.0,ok_dr10
ZTF24aavkhwi,0.6103458247421323,EXP,21.978691,23.677757,0.1015282,0.1040165,,40.0,ok_dr10
ZTF20aadxvfj,0.30183731192933444,SER,20.359224,20.093782,0.1039528,0.42468497,,24.0,ok_dr10
ZTF22aankxcq,0.8699453077520432,SER,21.069933,21.017937,0.04569506,0.042133447,,35.0,ok_dr10
ZTF24aakftxp,8.994719195315586,REX,19.887918,19.073534,0.26140887,0.060954254,,14.0,ok_dr10
ZTF23aabasoe,3.2393463116125156,SER,16.46658,16.022161,0.058033504,0.010781475,0.059643537,13.0,ok_dr10
ZTF17aabtvsy,0.6880759812866728,DUP,,,,,,21.0,ok_dr9
ZTF25acfcmnb,,,,,,,,,empty
ZTF20abmbycd,,,,,,,,,empty
ZTF19aclyezb,6.651226173337932,SER,16.012459,15.311303,0.078887,0.007101,,11.0,ok_dr9
ZTF25abqxnbr,,,,,,,,,empty
ZTF21abcnpnk,0.10061456724683171,SER,17.976381,17.28055,0.094223045,0.012427365,,5.0,ok_dr10
ZTF20aaxxhib,,,,,,,,,empty
ZTF25aatoasz,,,,,,,,,empty
ZTF19abzqywg,1.2372363844332943,SER,18.284887,18.34248,0.023796579,0.034396417,,25.0,ok_dr10
ZTF22aaeaqmz,1.3161638610068402,EXP,20.800413,20.660591,0.087484,0.06385,,8.0,ok_dr9
ZTF20abafjtw,23.139563285856934,EXP,21.036615,19.984974,0.434495,0.060431,,11.0,ok_dr9
ZTF21accyxid,,,,,,,,,empty
ZTF23aaczpkm,1.961870264707645,REX,17.904049,17.542664,0.08746889,0.015255698,,26.0,ok_dr10
ZTF18aasprui,2.2969412177105615,DUP,,,,,,12.0,ok_dr9
ZTF21acixxub,0.28170248354373373,DEV,21.211563,20.998913,0.13765182,0.14703862,,27.0,ok_dr10
ZTF20abahhml,,,,,,,,,empty
ZTF19acvgjme,0.08526470729253771,SER,17.337362,16.52702,0.07384637,0.019630602,,15.0,ok_dr10
ZTF25aasrzlo,0.12254780277181036,SER,,,,,,12.0,ok_dr10
ZTF21abviabc,0.11040346200948342,SER,15.342424,14.695684,0.08901,0.017242843,,19.0,ok_dr10
ZTF19abmzord,1.7975957001693341,SER,15.868553,15.158415,0.07455876,0.013536345,,17.0,ok_dr10
ZTF20abeqsrm,1.8980021966164808,EXP,,,,,,15.0,ok_dr10
ZTF24aadkwni,1.1016275392037385,DUP,,,,,,34.0,ok_dr10
ZTF22aadeqxu,9.755084152160006,SER,15.453732,15.246769,0.018416,0.005142,,9.0,ok_dr9
ZTF25aafpqvd,1.5358593907429103,SER,19.521269,19.352259,0.070485,0.033632,,16.0,ok_dr9
ZTF19abucvhz,4.519418241723712,SER,16.39516,15.716868,0.052943174,0.010122182,,14.0,ok_dr10
ZTF19abcnpkt,3.2193065619973362,SER,16.901966,16.203762,0.10052244,0.024291575,,9.0,ok_dr10
ZTF25acayrnp,3.830158874134097,REX,22.307537,21.752735,0.58915305,0.36579612,,16.0,ok_dr10
ZTF18abmmdif,3.8026257233573317,EXP,20.618483,22.010094,0.018555,0.032733,,9.0,ok_dr9
ZTF23aahxppo,4.877829629280302,SER,17.202671,16.854898,0.047363,0.010674,,9.0,ok_dr9
ZTF25abusgsz,2.8707129535685536,SER,14.99581,14.355105,0.02502012,0.0046638027,,11.0,ok_dr10
ZTF18aaqznkg,23.18243893316038,REX,,,,,,4.0,ok_dr10
ZTF22abpusrt,5.042099793272954,SER,16.859705,16.449688,0.071775,0.011544,0.075022,6.0,ok_dr9
ZTF23abvzhwa,14.548545818951853,REX,22.596708,22.237928,0.472539,0.155719,,11.0,ok_dr9
ZTF18aauqdyb,0.9973907570709301,REX,17.596613,17.096827,0.144649,0.029948,,15.0,ok_dr9
ZTF20aatxmcd,0.6298018482090301,REX,20.602104,20.451488,0.070657134,0.15919462,,27.0,ok_dr10
ZTF18abkhcwl,5.159705748194058,REX,23.850325,24.041151,0.713994,0.71447116,,24.0,ok_dr10
ZTF20abgzvff,,,,,,,,,empty
ZTF23abhwhho,,,,,,,,,empty
ZTF20aatsjyu,0.5271334329248775,REX,24.327885,23.433672,1.011484,0.235397,,15.0,ok_dr9
ZTF18abclfee,1.739874663304797,EXP,17.619268,17.459236,0.010206,0.00762,,22.0,ok_dr9
ZTF23aapuknd,1.112530571800357,EXP,20.696102,19.951036,0.11646,0.172742,,6.0,ok_dr9
ZTF24aafroqa,6.105260006361832,SER,15.236876,14.497195,0.04164808,0.010056309,,30.0,ok_dr10
ZTF19accczao,,,,,,,,,empty
ZTF24aaijqso,2.113748434643974,DUP,,,,,,10.0,ok_dr10
ZTF25aaxfkwe,1.3270801647867203,EXP,21.074926,20.878485,0.06382051,0.30675173,,41.0,ok_dr10
ZTF21aagvmqr,4.38308506254917,SER,14.259258,13.616217,0.041655,0.006086,,7.0,ok_dr9
ZTF25abfntiq,8.974756908533623,DUP,,,,,,6.0,ok_dr9
ZTF25abeqaoy,,,,,,,,,empty
ZTF22aadmbfq,1.8880026412135011,REX,22.881548,22.530222,0.801178,0.47075605,,26.0,ok_dr10
ZTF24ablucio,4.386339166374675,REX,21.50556,25.831425,0.768596,0.354816,,18.0,ok_dr9
ZTF22acaexru,9.771987072818863,SER,12.554586,12.186596,0.013103557,0.005121734,,20.0,ok_dr10
ZTF23aahnmag,3.9309510561389454,SER,16.849443,16.257082,0.049034,0.014491,0.03839,10.0,ok_dr9
ZTF22aajjojx,,,,,,,,,empty
ZTF24aaqxajf,1.8697949174682074,SER,18.500944,17.959858,0.12579557,0.019653264,,9.0,ok_dr10
ZTF23aacggqz,4.8538759891557275,EXP,22.383692,22.703238,0.14578585,0.30235472,,15.0,ok_dr10
ZTF22abynlvk,0.08825773623350747,REX,21.67565,21.592651,0.10990047,0.14848007,,18.0,ok_dr10
ZTF22abgibib,1.584184147883257,SER,22.253666,,0.28215176,0.64288145,,69.0,ok_dr10
ZTF22abtdzyw,2.0306011503311896,SER,20.82386,22.584196,0.04758956,0.2812754,,11.0,ok_dr10
ZTF25aajfjhm,0.13999246860722975,SER,16.611004,16.13022,0.09181403,0.02467046,,23.0,ok_dr10
ZTF19aamqfxq,1.3040085501605365,SER,15.323911,14.652033,0.044453,0.01024,,10.0,ok_dr9
ZTF25ablvccx,1.549186794739824,SER,19.555975,18.916662,0.18469407,0.12439235,,14.0,ok_dr10
ZTF22aaafgwq,10.323264098850029,SER,13.23554,12.719502,0.025889,0.005253,,20.0,ok_dr9
ZTF23aarqyio,0.9401946811622933,SER,,,,,,12.0,ok_dr10
ZTF24aadykqs,1.3039805714735675,REX,17.447643,17.116938,0.135538,0.03076,0.146721,10.0,ok_dr9
ZTF24abgzsnd,,,,,,,,,empty
ZTF24abljlku,,,,,,,,,empty
ZTF20accxqqo,,,,,,,,,empty
ZTF20acpujxl,,,,,,,,,empty
ZTF21aaphzsw,0.8177833792471756,REX,22.538006,22.342218,0.6718707,0.586419,,14.0,ok_dr10
ZTF19aavbjfp,1.635348374717505,SER,17.92836,17.696465,0.031064,0.012738,,14.0,ok_dr9
ZTF25aaprfzh,6.506365772765509,SER,13.91279,13.433047,0.024102,0.006626,,8.0,ok_dr9
ZTF23aaqmxxo,0.6485998469828678,REX,23.027248,22.507196,0.821824,0.286665,,15.0,ok_dr9
ZTF24abeqjgr,,,,,,,,,empty
ZTF18adaifep,1.7331988403404524,REX,,,,,,6.0,ok_dr10
ZTF19aaqyvdn,,,,,,,,,empty
ZTF22abvasxc,9.011207000513048,DEV,21.752218,22.766298,0.053858936,0.10365785,,16.0,ok_dr10
ZTF22aavskaa,1.8076856187525738,SER,17.737453,17.419054,0.053043127,0.016336204,,22.0,ok_dr10
ZTF21abcbwke,2.529569387304883,SER,13.038837,12.516296,0.021598022,0.0033597136,,17.0,ok_dr10
ZTF21aatnxwt,1.1801599719462783,EXP,22.527061,22.960287,0.09718828,0.10609016,,23.0,ok_dr10
ZTF22aadfecx,,,,,,,,,empty
ZTF22aaahewf,,,,,,,,,empty
ZTF20aafsnpp,1.935070525318614,SER,16.0207,15.701554,0.040463,0.008272,0.044133,12.0,ok_dr9
ZTF23abqbtam,,,,,,,,,empty
ZTF25abjkphq,1.2946658403314817,DEV,21.229883,25.639305,0.084719785,0.15292315,,31.0,ok_dr10
ZTF24aalbxfh,0.6328555825677151,EXP,22.008615,21.581362,0.370713,0.167931,,11.0,ok_dr9
ZTF22abggmtd,,,,,,,,,empty
ZTF18abtrvkm,,,,,,,,,empty
ZTF20abfklsy,2.20392569503886,EXP,21.813711,18.730593,,,,15.0,ok_dr10
ZTF19abkgbul,8.110248389378006,REX,,13.521479,,,,11.0,ok_dr10
ZTF25acftcra,0.7990293694338851,EXP,21.482384,21.81006,0.018130356,0.16532242,,17.0,ok_dr10
ZTF21acgunkr,2.6532734536318983,REX,17.127348,16.79228,0.02481221,0.03829264,0.026047273,28.0,ok_dr10
ZTF19abzzhgx,4.121672234646378,SER,15.978729,15.263393,0.085711,0.021055,,9.0,ok_dr9
ZTF24abagjgq,2.1704017720539155,SER,18.292734,17.678097,0.1845788,0.022658927,,16.0,ok_dr10
ZTF21aagqcnl,20.750589713141228,DUP,,,,,,7.0,ok_dr9
ZTF24abhbvwm,,,,,,,,,empty
ZTF18abcrxoj,5.012658103136675,DUP,,,,,,19.0,ok_dr9
ZTF23aabfyfn,1.3113975068031638,SER,16.53444,15.899976,0.10465449,0.014986988,,37.0,ok_dr10
ZTF18aajqcue,0.9502491545103908,SER,18.22431,17.66935,0.11664,0.028387,,19.0,ok_dr9
ZTF23aaqknaw,15.197569084445702,SER,12.07309,11.325611,0.016905867,0.006337088,,4.0,ok_dr10
ZTF18adachwf,9.55916417134899,SER,12.557323,11.982128,0.019398,0.007074,0.02905,1.0,ok_dr9
ZTF19abcejoa,0.26215999089791003,REX,19.646143,19.169733,0.20460339,0.039040506,,25.0,ok_dr10
ZTF22abgawhn,8.834964686293914,EXP,19.649446,20.577951,0.011866917,0.056752536,,6.0,ok_dr10
ZTF19aarjfqe,7.615682302875468,REX,20.86849,20.62663,0.38532606,0.5917673,,14.0,ok_dr10
ZTF25ackmpgh,2.6231567887673566,DUP,,,,,,29.0,ok_dr10
ZTF20abqkbfx,2.2107622874685497,REX,20.494234,19.665258,0.360349,0.12143,,8.0,ok_dr9
ZTF24aaheedw,27.895631826876294,SER,12.417815,11.815608,0.011545,0.006986,,2.0,ok_dr9
ZTF25abyojpd,0.5243196629280893,EXP,21.22212,20.939392,0.19556089,0.077999964,,10.0,ok_dr10
ZTF21aanhvpo,5.572383578699177,SER,15.338691,14.63857,0.030703524,0.006292606,0.022744661,19.0,ok_dr10
ZTF22abykjae,1.5418871760821051,REX,21.302015,21.619629,0.03751,0.246,,24.0,ok_dr9
ZTF24abijcdx,1.9541943178805739,SER,16.711458,16.243769,0.023037348,0.005574401,,21.0,ok_dr10
ZTF19acchink,4.512666055755755,SER,19.01543,18.17658,0.27979517,0.0923442,0.08592,25.0,ok_dr10
ZTF19achjqbk,0.8300510386534612,SER,19.26718,19.073675,0.069902495,0.03711198,,32.0,ok_dr10
ZTF21abcxner,0.18944377752465655,SER,18.283257,18.02003,0.11787064,0.07247337,,15.0,ok_dr10
ZTF24aaervkt,2.7896037914849656,REX,23.340464,23.156319,0.58677906,0.537201,,10.0,ok_dr10
ZTF20aayjxdv,1.9036673617376996,SER,18.365017,18.036491,0.063174,0.020866,,23.0,ok_dr9
ZTF20abpuxcc,4.1888546958441895,SER,,14.878126,,,,13.0,ok_dr10
ZTF20aaswbty,5.807646230723224,DUP,,,,,,23.0,ok_dr10
ZTF19aavnzti,0.9393106403937254,DUP,,,,,,13.0,ok_dr9
ZTF20abkrwdu,,,,,,,,,empty
ZTF24aatsmxc,2.427097885717649,SER,,16.809675,,,,19.0,ok_dr10
ZTF18aaqxbvf,0.07651204626650131,REX,19.87918,19.150597,0.603777,0.135827,,6.0,ok_dr9
ZTF24aabsmvc,5.5209513362788085,EXP,17.735172,18.142572,0.004247,0.006874,,9.0,ok_dr9
ZTF18acyxnyw,0.16423425253931598,REX,19.939634,19.623457,0.125821,0.038633,,12.0,ok_dr9
ZTF22abunrdy,1.2704930270711283,SER,18.097496,18.278952,0.007867914,0.011684026,,39.0,ok_dr10
ZTF20acmaaan,9.561571340778238,DUP,,,,,,7.0,ok_dr10
ZTF23aajkejg,0.4206652599692644,SER,17.54837,16.999418,0.07817655,0.0096871555,,15.0,ok_dr10
ZTF19aakjbej,1.057810086492564,EXP,18.590818,18.33724,0.082366,0.021367,,13.0,ok_dr9
ZTF20aattyuz,6.462693029631912,REX,24.709574,22.809587,0.9267272,0.23060074,,16.0,ok_dr10
ZTF23aamfqxc,6.813590897675364,REX,20.384401,19.206984,0.43592167,0.1401308,,32.0,ok_dr10
ZTF20acwxbyr,14.443981476055164,REX,23.666527,23.05249,0.95689,0.213107,,14.0,ok_dr9
ZTF22abttupc,1.2398793500356957,EXP,21.33699,21.068937,0.1696559,0.1038469,,11.0,ok_dr10
ZTF24aavhseb,7.812016843021135,REX,22.42573,22.198893,0.7132122,0.6065678,,22.0,ok_dr10
ZTF24abyzbkt,5.126372288217639,EXP,18.46118,18.58843,0.0067659263,0.010486578,,24.0,ok_dr10
ZTF22abadzpo,13.298097348307891,DEV,,,,,,3.0,ok_dr10
ZTF23abpqklj,1.0561727242180732,EXP,21.752493,21.426733,0.18100241,0.092706874,,30.0,ok_dr10
ZTF23aaxcdfm,0.578620550314238,DUP,,,,,,37.0,ok_dr10
ZTF23abawvxd,3.402726281418909,SER,17.780146,17.625257,0.062703006,0.028120326,,18.0,ok_dr10
ZTF23aatdcey,0.5002723564174738,EXP,,20.733557,,,,6.0,ok_dr10
ZTF19abujhgm,,,,,,,,,empty
ZTF21aamttit,2.4033489421444956,DUP,,,,,,14.0,ok_dr10
ZTF21acfcgnk,1.1554821697621713,REX,20.453928,20.213037,0.11749749,0.07408453,,16.0,ok_dr10
ZTF25abqkiqr,1.6872349298797547,SER,16.515944,15.768358,0.04986269,0.010035082,0.054334603,9.0,ok_dr10
ZTF20abjgfac,,,,,,,,,empty
ZTF22abqqepp,2.98150173120498,SER,16.522001,15.682894,0.10689291,0.02426573,,14.0,ok_dr10
ZTF24aaekbjb,9.348362509612143,SER,14.162874,13.502858,0.030536903,0.0061840825,0.034571838,21.0,ok_dr10
ZTF23aajkfls,,,,,,,,,empty
ZTF24abnfuyr,9.153055772724462,EXP,19.134132,18.992384,0.020101905,0.18640186,,13.0,ok_dr10
ZTF20aauomaf,3.745410563593467,SER,15.729553,15.078858,0.078384005,0.008356328,0.085209936,17.0,ok_dr10
ZTF25acgqhjx,0.10648377582532012,SER,18.319044,17.749342,0.081175,0.028533,,14.0,ok_dr9
ZTF24aakaiqs,7.97981886250048,REX,22.105145,,0.1754937,0.557041,,7.0,ok_dr10
ZTF20abeldyn,,,,,,,,,empty
ZTF21abrmefg,,,,,,,,,empty
ZTF19aafnfyc,2.1137476479161235,DEV,20.108063,19.866913,0.13691409,0.11601851,,18.0,ok_dr10
ZTF21abcmcuq,2.1131753686874237,EXP,18.819931,18.52884,0.095682204,0.0219038,,24.0,ok_dr10
ZTF23abhtkba,3.8232023920822042,SER,15.130496,14.586653,0.043978516,0.0102562,,13.0,ok_dr10
ZTF25aagbelb,3.0758676708931927,SER,19.363737,18.988434,0.10209499,0.026743643,,13.0,ok_dr10
ZTF25abogfap,5.485648175880139,SER,14.947266,14.29086,0.03540116,0.008617866,,7.0,ok_dr10
ZTF21aakiqbm,0.14470060237083962,SER,17.588806,16.884462,0.19101079,0.040204134,,24.0,ok_dr10
ZTF25aahmdjb,4.626269612940372,DUP,,,,,,7.0,ok_dr10
ZTF22abamnmb,2.651791023499727,SER,21.109758,22.055733,0.02480368,0.191731,,13.0,ok_dr10
ZTF21abmwghp,1.547413456090583,SER,,,,,,17.0,ok_dr10
ZTF21aaquhqr,3.186387282155354,EXP,19.36088,19.0781,0.09500539,0.46267098,,21.0,ok_dr10
ZTF24aayshhu,,,,,,,,,empty
ZTF20aciouqw,,,,,,,,,empty
ZTF23abcegjv,5.756678818403931,EXP,22.448208,,0.17224115,0.5432843,,18.0,ok_dr10
ZTF24aadlwsg,,,,,,,,,empty
ZTF22aaedrzw,2.263629383995743,SER,16.557074,16.002829,0.07195773,0.009223068,0.069441475,34.0,ok_dr10
ZTF19abrdnty,,,,,,,,,empty
ZTF25abyakba,,,,,,,,,empty
ZTF25ablgfxf,1.105229165042738,SER,16.010296,15.569615,0.031766552,0.010189819,,17.0,ok_dr10
ZTF23absbmfw,7.708863335145805,REX,23.20902,22.503866,0.8775645,0.26259655,,23.0,ok_dr10
ZTF21ackhddc,11.484129338042477,DUP,,,,,,23.0,ok_dr10
ZTF20aasitqe,0.8265087654699393,EXP,22.208925,21.942024,0.13341248,0.14772657,,13.0,ok_dr10
ZTF20achaxvo,2.598787260259886,DUP,,,,,,17.0,ok_dr10
ZTF23abavrya,,,,,,,,,empty
ZTF22abmfmng,0.6288513527703695,DUP,,,,,,15.0,ok_dr10
ZTF21achpqlr,,,,,,,,,empty
ZTF18acqwdla,,,,,,,,,empty
ZTF19aamwyzl,3.208601392265343,DEV,21.715483,22.132149,0.09324417,0.17184125,,20.0,ok_dr10
ZTF22aajcupz,2.393290056210685,SER,16.286673,15.939001,0.044658,0.00908,0.074811,11.0,ok_dr9
ZTF22abubnqs,3.442497955523544,SER,16.215626,15.71293,0.07699473,0.014532955,0.08594766,12.0,ok_dr10
ZTF21abuffew,,,,,,,,,empty
ZTF20actpatx,0.5523676363804877,REX,16.331604,15.937248,0.05040256,0.016304487,,50.0,ok_dr10
ZTF23abspaqj,5.073352088172557,DUP,,,,,,17.0,ok_dr10
ZTF25abtaydf,4.76775813240632,SER,16.202236,15.746364,0.062459,0.009408,0.071727,4.0,ok_dr9
ZTF23aaetxdd,1.6611430943901364,SER,18.924858,18.597292,0.09521838,0.020263737,,12.0,ok_dr10
ZTF19aclhohd,9.574346507912166,DUP,,,,,,34.0,ok_dr10
ZTF21aasgffc,3.003423071523464,SER,19.29073,18.92009,0.098557,0.044391,,8.0,ok_dr9
ZTF20aamknxn,1.221657087861031,SER,18.750574,18.450134,0.091941,0.025375,,19.0,ok_dr9
ZTF24acacfds,5.888362030280754,EXP,19.687548,19.530313,0.270084,0.125784,,13.0,ok_dr9
ZTF22abwuaru,2.775758963719995,SER,18.882658,18.521069,0.0687345,0.024911916,,17.0,ok_dr10
ZTF19aciuhwi,7.366758829186822,REX,23.998804,23.249838,1.1469406,0.2585352,,12.0,ok_dr10
ZTF21aaabaey,5.9654095655270405,REX,17.18023,16.842764,0.056053,0.012175,0.065694,5.0,ok_dr9
ZTF21aaukcog,3.9125184453232538,SER,15.625143,15.193872,0.034719,0.006379,,6.0,ok_dr9
ZTF19acnqsui,2.5877792056390994,REX,23.43898,22.339449,0.879342,0.235192,,12.0,ok_dr9
ZTF18abmmkaz,2.5883281081119494,EXP,22.664692,,0.11547299,0.073003024,,11.0,ok_dr10
ZTF21abjrysr,,,,,,,,,empty
ZTF24aaifvcs,6.7458685339872435,SER,16.504393,15.865247,0.045483746,0.0094215,,11.0,ok_dr10
ZTF20aaxicpu,1.6018349234932392,REX,22.965654,23.01413,0.882966,0.375768,,12.0,ok_dr9
ZTF24aaekphr,11.656200608877022,SER,15.895281,14.787267,0.020403206,0.006046201,,13.0,ok_dr10
ZTF20aabcouv,1.3267940942197751,EXP,,20.354265,,,,7.0,ok_dr10
ZTF20aaszzez,1.6300422248503619,REX,23.374561,25.421389,0.21635062,0.31598985,,26.0,ok_dr10
ZTF18abhqaxd,,,,,,,,,empty
ZTF20abthxfr,,,,,,,,,empty
ZTF20ablklei,6.9913761136499915,REX,21.80264,22.48046,0.5170785,0.6818714,,18.0,ok_dr10
ZTF21abkkuja,4.698559617724817,SER,15.264232,14.55444,0.06228887,0.007158892,,16.0,ok_dr10
ZTF25aafwfof,0.10457319383868742,SER,,,,,,18.0,ok_dr10
ZTF25aceeneu,2.217338870012725,EXP,21.465784,21.896906,0.306473,0.384461,,14.0,ok_dr9
ZTF18acrcyqw,1.670948354418801,SER,20.33475,19.645035,0.310299,0.138667,,19.0,ok_dr9
ZTF24aadecbb,0.7655658399547213,DEV,22.113445,21.739983,0.62012774,0.48236853,,29.0,ok_dr10
ZTF22aaafnvl,2.242364424341163,SER,20.747484,20.288616,0.14554524,0.2652444,,13.0,ok_dr10
ZTF21abxnulm,3.2199635567432434,DUP,,,,,,10.0,ok_dr9
ZTF23abnpoqp,6.878154753403867,SER,13.914944,13.388132,0.027714157,0.006779928,,4.0,ok_dr10
ZTF20abmtaya,4.412318729213572,SER,14.87767,14.420105,0.033072066,0.0074926373,0.03010452,17.0,ok_dr10
ZTF21aaluoym,1.2803675303108284,SER,14.813687,14.157355,0.044734243,0.008469103,,19.0,ok_dr10
ZTF24aaahxwr,0.07682345027788201,SER,17.993954,17.547625,0.07053515,0.019523002,,15.0,ok_dr10
ZTF22abepfmn,0.22465903065194825,REX,23.245136,22.591318,1.004225,0.33353117,,15.0,ok_dr10
ZTF18acyarki,18.599762392249794,DUP,,,,,,9.0,ok_dr9
ZTF21aalnyny,2.6108459364118084,SER,17.626854,17.106817,0.039623,0.007754,0.041536,16.0,ok_dr9
ZTF25abogteg,1.9707777780214923,EXP,20.042114,19.679781,0.13054174,0.26596504,,29.0,ok_dr10
ZTF21aarjczf,8.760541917999491,REX,22.922394,22.517817,1.0164417,0.42872438,,19.0,ok_dr10
ZTF22abyivor,7.308876383325676,SER,14.774004,14.182785,0.043152418,0.008780938,,20.0,ok_dr10
ZTF21aapyiku,4.593963757933853,EXP,16.0412,15.073933,0.06077202,0.03740105,,10.0,ok_dr10
ZTF19acgkead,0.373024557525637,SER,,,,,,20.0,ok_dr10
ZTF19acdubmt,1.1607288291531017,REX,21.168203,20.976374,0.089307845,0.11620171,,28.0,ok_dr10
ZTF24aaabybk,1.478629504747116,SER,17.258495,16.898754,0.031257883,0.007164064,0.03353695,15.0,ok_dr10
ZTF25aaynaqk,,,,,,,,,empty
ZTF21abcdtoi,,,,,,,,,empty
ZTF20abmihnc,0.7220803645865912,SER,18.614164,18.593117,0.060933754,0.025136577,,38.0,ok_dr10
ZTF21abtuutw,0.3171995383979723,SER,16.89003,16.336678,0.07095446,0.019175928,,42.0,ok_dr10
ZTF19aadtqcd,3.056235949465554,SER,15.264085,14.932173,0.027679501,0.008297428,,22.0,ok_dr10
ZTF25accgpkr,15.1263995454416,SER,14.403679,13.804617,0.040886,0.005999,0.044054,5.0,ok_dr9
ZTF19aamsnhu,0.5414369606471783,DEV,21.607998,21.801935,0.302438,0.186896,,13.0,ok_dr9
ZTF22abfvshc,1.6736074626052686,EXP,20.88389,20.314482,0.687403,0.180176,,17.0,ok_dr9
ZTF22abjqztl,3.128846226850938,SER,16.561203,16.171583,0.063933,0.022624,,16.0,ok_dr9
ZTF24abaiddj,0.48583571322120567,EXP,22.45481,21.41108,0.68257904,0.07680609,,21.0,ok_dr10
ZTF21acdvfjr,,,,,,,,,empty
ZTF21abvdikq,7.2217439996956365,SER,14.777193,14.233589,0.020134,0.005746,,6.0,ok_dr9
ZTF24aaieino,8.298493253698826,DUP,,,,,,31.0,ok_dr10
ZTF22abkwdhr,2.6790802169139187,SER,20.667524,21.989353,0.039795775,0.028899707,,12.0,ok_dr10
ZTF25aayxhar,1.7975916365834272,SER,,17.281824,,,,15.0,ok_dr10
ZTF22aadfgpu,2.9902574015727765,DEV,15.536982,14.872437,0.06654829,0.013045549,0.0666888,17.0,ok_dr10
ZTF19aadyioa,4.384487604059317,SER,17.472841,17.233608,0.025958,0.010374,0.053409,11.0,ok_dr9
ZTF22abbgyvi,1.0287078209713776,SER,15.62,14.894563,0.03061069,0.0050498536,,27.0,ok_dr10
ZTF24abllcml,2.50012252126657,REX,22.07316,,0.63378,0.303773,,9.0,ok_dr9
ZTF19acdisjm,,,,,,,,,empty
ZTF20aarbktd,4.163350965471692,DUP,,,,,,27.0,ok_dr10
ZTF23aapmokr,,,,,,,,,empty
ZTF21aaocibg,1.1254211731922326,EXP,19.086895,18.554926,0.082281,0.022761,,9.0,ok_dr9
ZTF25aauvber,5.960392307248715,DUP,,,,,,38.0,ok_dr10
ZTF19acyfoha,5.040540527762235,DUP,,,,,,7.0,ok_dr10
ZTF25abghglc,2.611304645188071,SER,17.43445,16.988235,0.069275,0.01092,,11.0,ok_dr9
ZTF25abmwwga,,,,,,,,,empty
ZTF23aamzucf,1.3567390220560023,SER,16.846582,16.215368,0.052567717,0.016148262,,18.0,ok_dr10
ZTF19adcfsoc,2.918282221632465,REX,24.744781,22.875624,1.2266687,0.21689562,,23.0,ok_dr10
ZTF18acbvcmw,7.349276049805111,SER,17.12119,16.508327,0.06881567,0.0159073,,31.0,ok_dr10
ZTF25abvejtn,11.443989325441317,REX,23.91566,22.092957,0.790512,0.233031,,5.0,ok_dr9
ZTF25abczmes,0.5878478503042419,SER,16.056042,15.370818,0.06942867,0.005490479,,25.0,ok_dr10
ZTF21aadrtqz,0.8942920086523606,REX,18.547634,18.371935,0.08689517,0.10231026,,18.0,ok_dr10
ZTF25aatruwp,0.24034039465843907,REX,,,,,,7.0,ok_dr10
ZTF20acllntr,2.731770008485117,EXP,20.822681,20.433834,0.19965959,0.10701718,,17.0,ok_dr10
ZTF19abpgggu,0.559726545993029,SER,16.172014,15.239264,0.07099773,0.016160091,0.049054228,16.0,ok_dr10
ZTF24aaizdbb,0.5871066179067789,DEV,20.736473,20.337818,0.25013384,0.079828456,,20.0,ok_dr10
ZTF23aanxrjm,3.737311057748449,SER,19.585361,19.273373,0.05993331,0.03126302,,19.0,ok_dr10
ZTF24aahahuu,0.1407041233196078,REX,22.852594,22.379423,0.6909917,0.2951677,,15.0,ok_dr10
ZTF23aaawbsc,4.791008276367694,DEV,20.13051,19.914257,0.097835,0.075509,,11.0,ok_dr9
ZTF21aasufxv,3.108827062309449,DUP,,,,,,8.0,ok_dr10
ZTF21aarybxo,1.761542900623931,SER,18.736647,18.444225,0.09242399,0.018135719,,41.0,ok_dr10
ZTF25abmpomc,9.234747069472958,SER,,,,,,7.0,ok_dr10
ZTF24abnoozs,6.34485481962747,SER,17.207924,16.938263,0.035736,0.008773,0.040432,5.0,ok_dr9
ZTF20abgdtmv,5.543982903315674,DEV,21.722456,21.416044,0.23273103,0.30969542,,14.0,ok_dr10
ZTF22aaudftc,0.37478700297663997,SER,15.565926,14.670164,0.042796392,0.009145145,,15.0,ok_dr10
ZTF18aatyqds,8.226794619187359,SER,15.433501,15.181967,0.016904,0.004737,,8.0,ok_dr9
ZTF22abynjkd,3.1364647593000554,SER,16.251339,15.727302,0.039251,0.0114,,16.0,ok_dr9
ZTF25acgqfpt,0.2674695449284939,EXP,22.430607,22.651018,0.504505,0.34963,,18.0,ok_dr9
ZTF21ablwdur,7.985295864341809,REX,23.837835,23.145866,0.569153,0.36298302,,15.0,ok_dr10
ZTF19abyuzch,5.241798516577001,SER,16.207888,15.793728,0.048893,0.014513,,9.0,ok_dr9
ZTF18abokyfk,,,,,,,,,empty
ZTF22abtknum,5.0817704744178345,DUP,,,,,,19.0,ok_dr10
ZTF19aadolpe,0.0906460429572104,REX,,20.052979,1.2388476,0.57531255,,17.0,ok_dr10
ZTF24aabwuok,6.664487642423086,SER,14.609112,13.991508,0.036548924,0.007263839,,18.0,ok_dr10
ZTF22abylrge,0.219852661565193,SER,17.79647,17.145271,0.0937286,0.011277191,,16.0,ok_dr10
ZTF19aarxrem,0.17532130827156578,REX,23.504984,24.599857,0.16355813,0.45753503,,20.0,ok_dr10
ZTF18aazndjw,,,,,,,,,empty
ZTF24abgjkys,5.936394462377542,EXP,21.938353,21.314438,0.7544721,0.15585458,,12.0,ok_dr10
ZTF21aaqyifh,9.947328429398175,REX,25.73143,,1.3714874,0.9126207,,18.0,ok_dr10
ZTF24aaeikvz,0.1837748856515204,SER,19.052689,18.752794,0.10075731,0.0467501,,33.0,ok_dr10
ZTF19abxtdgh,0.05296984610759746,DUP,,,,,,16.0,ok_dr10
ZTF23aaelbbq,2.4154167446335553,SER,15.153434,14.54265,0.038683,0.005334,0.039456,14.0,ok_dr9
ZTF21aclyyfm,13.909315719762779,SER,16.682856,16.406958,0.049609,0.06047,,11.0,ok_dr9
ZTF24aaahwjj,2.8836215537922483,SER,22.005938,22.86828,0.05367667,0.14664254,,42.0,ok_dr10
ZTF24abgvkxx,,,,,,,,,empty
ZTF25aageefz,5.654669340129131,EXP,19.499628,18.817465,0.27730665,0.0704038,,29.0,ok_dr10
ZTF25abiqcie,,,,,,,,,empty
ZTF20acxtgek,0.5220741011768882,EXP,21.205194,21.016636,0.054243583,0.2044433,,47.0,ok_dr10
ZTF21aaupkow,,,,,,,,,empty
ZTF22aajhkpo,9.886098410547019,SER,15.62761,15.264946,0.02937,0.005243,0.03324,12.0,ok_dr9
ZTF20aabqisb,4.7388064107900005,SER,17.646658,17.080524,0.058368,0.012054,,13.0,ok_dr9
ZTF22aaaovio,2.7367487383841786,REX,21.988556,22.839064,0.16731694,0.16399662,,22.0,ok_dr10
ZTF25acauqtp,,,,,,,,,empty
ZTF23aaabzea,0.25779955060258913,SER,17.393768,16.688524,0.10492284,0.028645629,,13.0,ok_dr10
ZTF23aabnyfa,1.922636326503266,EXP,16.93778,16.510618,0.052456,0.010723,0.054427,19.0,ok_dr9
ZTF19aaywash,,,,,,,,,empty
ZTF20aaazjwc,5.310546189246308,REX,27.357145,23.473476,0.83565295,0.63837886,,13.0,ok_dr10
ZTF18aaakpbx,,,,,,,,,empty
ZTF20absvwdh,8.30912001125415,REX,23.083433,22.652237,0.5433992,0.39114872,,13.0,ok_dr10
ZTF25aarutux,3.534960764425259,SER,18.653648,18.595516,0.023506,0.018432,,15.0,ok_dr9
ZTF19aazpkyv,,,,,,,,,empty
ZTF20acumcrz,0.3752868563019393,DUP,,,,,,28.0,ok_dr10
ZTF23aaohfxx,1.4026409229772063,SER,16.734392,16.303589,0.053521,0.011679,,8.0,ok_dr9
ZTF19aaniore,5.613196689095757,SER,17.827595,17.312517,0.065091,0.051737,,8.0,ok_dr9
ZTF25aafedas,3.6865994462822247,SER,20.172287,19.643408,0.245614,0.104848,,12.0,ok_dr9
ZTF21aarwlht,1.6319553105898963,REX,21.13436,20.771559,0.164962,0.278267,,10.0,ok_dr9
ZTF21abrlslx,7.947034416338924,REX,23.944336,22.932398,1.0072006,0.48163122,,19.0,ok_dr10
ZTF24aaijsxa,3.526466158221549,EXP,21.207758,21.032436,0.125526,0.161991,,15.0,ok_dr9
ZTF19aaoikti,1.6376019263781625,SER,20.602732,20.36895,0.103778,0.119626,,13.0,ok_dr9
ZTF21accwcrh,,,,,,,,,empty
ZTF24aakzgnd,,,,,,,,,empty
ZTF21aaphvyi,3.0075675778936914,SER,16.146912,15.617532,0.0622249,0.014421633,0.0813093,15.0,ok_dr10
ZTF21abhyqlv,6.0490131250352634,DEV,15.207653,14.766115,0.044969,0.010547,0.049229,9.0,ok_dr9
ZTF19aanhlzi,3.1537710603349693,SER,17.822521,18.067972,0.008311507,0.009969277,,28.0,ok_dr10
ZTF23abayagw,2.0424144780664486,EXP,20.049631,19.83811,0.09703,0.059812,,7.0,ok_dr9
ZTF18abklbam,0.5697832629181558,EXP,20.528986,19.7479,0.880887,0.57117313,,15.0,ok_dr10
ZTF21aaprfkc,0.23331506996655638,DEV,,16.266165,,,,18.0,ok_dr10
ZTF20acugxbm,4.904822348868276,EXP,20.950579,20.065681,0.37636107,0.0377637,,29.0,ok_dr10
ZTF22aaettxg,,,,,,,,,empty
ZTF20acynaba,2.4416899054450174,SER,18.616354,17.975636,0.087061346,0.015256168,,31.0,ok_dr10
ZTF23aacopzi,5.099435605572504,SER,14.81753,14.047316,0.053772934,0.016898332,0.04924718,18.0,ok_dr10
ZTF18accnbgw,1.1359220706726407,EXP,19.11441,18.738752,0.078877,0.02315,,8.0,ok_dr9
ZTF22abnemvx,3.2257867101127427,SER,19.115921,18.757719,0.090615,0.028444,,8.0,ok_dr9
ZTF18acszaiy,1.917090772241902,SER,15.936358,15.194108,0.0560795,0.013121679,0.02982,40.0,ok_dr10
ZTF24abtpmhk,0.7555626090465764,SER,21.0396,22.19837,0.0450501,0.03725132,,18.0,ok_dr10
ZTF19aapwnmb,3.1622087947744904,EXP,18.416218,17.89135,0.133163,0.029382,,14.0,ok_dr9
ZTF19aavnxwj,0.26878964095364527,SER,17.597374,16.98057,0.099438,0.026033,0.075424,12.0,ok_dr9
ZTF23aaajtqn,0.3497431391436854,REX,23.653929,23.32625,1.0950599,0.5239351,,28.0,ok_dr10
ZTF22aahedwz,3.3127349484963893,SER,16.304853,15.644959,0.078900866,0.013393838,,10.0,ok_dr10
ZTF23abjyups,7.992587730911285,SER,14.415133,13.9373,0.029861,0.004623,,6.0,ok_dr9
ZTF23abgtmzs,5.573096004292243,DEV,,14.83156,,,,9.0,ok_dr10
ZTF20adadrdh,,,,,,,,,empty
ZTF22abbdxho,7.402676797352609,SER,14.414429,13.85146,0.022266,0.006169,,10.0,ok_dr9
ZTF21aaxlhyl,1.319397063071396,REX,21.818443,21.425613,0.21794775,0.16811253,,15.0,ok_dr10
ZTF19aakoese,1.537639646760327,DUP,,,,,,19.0,ok_dr9
ZTF24aahdikd,5.02394836524658,REX,21.211035,24.071514,0.009408,0.106046,,7.0,ok_dr9
ZTF19aaxfzao,4.8535335106392585,DUP,,,,,,29.0,ok_dr10
ZTF23abjhwem,,,,,,,,,empty
ZTF20aamdloh,2.804275234173605,REX,23.317118,22.923012,0.7838335,0.4031449,,15.0,ok_dr10
ZTF20acxzkkf,6.872467488133379,SER,20.012445,19.432247,0.2013995,0.3079196,,18.0,ok_dr10
ZTF23aaiyjbk,10.254460827372265,DUP,,,,,,10.0,ok_dr10
ZTF20acioekr,,,,,,,,,empty
ZTF24aaugudk,1.3392215228695408,SER,18.548134,18.074005,0.07481772,0.031341992,,14.0,ok_dr10
ZTF19aakpcfy,6.711188089166763,SER,17.082045,16.683922,0.050092556,0.013035737,0.07829923,18.0,ok_dr10
ZTF18abntsgz,0.57190714127037,SER,21.068153,20.694738,0.13293663,0.30234218,,32.0,ok_dr10
ZTF24aadkvnv,0.19225953832013765,SER,14.708239,14.131249,0.02968326,0.009551824,,15.0,ok_dr10
ZTF21aavuprl,1.8360987038122267,EXP,20.608078,20.419304,0.113424,0.277019,,19.0,ok_dr9
ZTF24acahvpc,2.2778056820978305,DUP,,,,,,13.0,ok_dr10
ZTF25aaprtxj,5.626900773502876,REX,24.05615,23.282738,0.98503,0.223549,,8.0,ok_dr9
ZTF25aabreke,2.227793770883855,SER,16.897888,16.525858,0.03170103,0.0075585195,,14.0,ok_dr10
ZTF24abtdiyn,3.3108191024048246,REX,21.023466,21.00898,0.03335,0.159141,,18.0,ok_dr9
ZTF23aaqanze,3.2670653965401626,REX,22.310911,22.53477,0.5580462,0.32925463,,21.0,ok_dr10
ZTF19aawafvn,1.3350942796773575,SER,18.706133,18.469154,0.093091324,0.026134834,,10.0,ok_dr10
ZTF18acaqdaa,0.09389803273343074,SER,18.622793,17.905006,0.20724365,0.0079771755,,28.0,ok_dr10
ZTF24aarryoz,2.897902748023937,EXP,20.091925,19.880707,0.1390725,0.068425834,,15.0,ok_dr10
ZTF19aarixue,1.8905045427007126,SER,20.015533,19.840694,0.073048264,0.037483633,,6.0,ok_dr10
ZTF21aagyscx,4.26070074096299,SER,14.447887,13.873591,0.048699,0.009282,,8.0,ok_dr9
ZTF19acxowwt,0.6625580953723776,SER,16.091423,15.487907,0.079238,0.010898,0.059304,10.0,ok_dr9
ZTF19acaqqke,0.5291495193065477,SER,17.740385,17.556927,0.0237522,0.017767502,0.02618744,16.0,ok_dr10
ZTF23aawyiyk,0.12480890331907024,EXP,,21.942972,,,,10.0,ok_dr10
ZTF22aafqaew,0.23610235381772315,DEV,21.29728,20.926233,0.128488,0.238996,,21.0,ok_dr9
ZTF20acwphqb,1.0479031410987025,EXP,19.359467,19.092361,0.11525492,0.048107874,,13.0,ok_dr10
ZTF23aauytqw,3.123937091536918,DUP,,,,,,12.0,ok_dr10
ZTF19aafmyow,0.32076308276256316,SER,19.072231,18.918756,0.061421,0.033234,,12.0,ok_dr9
ZTF24abqcqkt,3.0858204133609703,SER,16.561104,16.112196,0.04938782,0.01288656,,38.0,ok_dr10
ZTF19aceshib,2.2710388006749724,EXP,21.067099,21.061893,0.06335335,0.23267223,,13.0,ok_dr10
ZTF21abtxxjk,,,,,,,,,empty
ZTF24aasokij,12.315350628653338,DEV,14.710876,14.123077,0.06557,0.003798,0.065906,9.0,ok_dr9
ZTF25acbyrqc,1.8135794543018136,EXP,23.664742,23.34264,0.7544328,0.49301934,,22.0,ok_dr10
ZTF23aaqhzwu,2.8566766926579907,SER,17.212547,17.051773,0.03531576,0.014089189,0.05662473,10.0,ok_dr10
ZTF20abxkwbi,0.49939365559642607,SER,18.177113,17.717058,0.044916,0.029204,,12.0,ok_dr9
ZTF19abcejfo,0.5042223182376123,DEV,22.496746,22.803234,0.11029422,0.52342075,,20.0,ok_dr10
ZTF25abtlmgv,0.4901922590888939,SER,18.46676,18.288286,0.021015871,0.013378073,,19.0,ok_dr10
ZTF20aaupolv,4.39497996910529,EXP,20.757019,20.68553,0.058642,0.064624,,13.0,ok_dr9
ZTF20abuusst,4.225778393843014,EXP,19.933472,19.443504,,,,8.0,ok_dr10
ZTF24abbgjue,,,,,,,,,empty
ZTF23aaldzxz,4.785619478055623,EXP,20.347965,19.86913,0.18821926,0.13506067,,18.0,ok_dr10
ZTF18ablqlzp,4.217462204754942,SER,14.255839,13.729096,0.034758,0.007372,,4.0,ok_dr9
ZTF18acaipdc,2.8549038668549387,SER,16.445934,15.975172,0.055271458,0.010145164,,6.0,ok_dr10
ZTF21aatpsky,0.09468733042975747,REX,21.893015,21.911234,0.25710455,0.568117,,14.0,ok_dr10
ZTF22abjrpmv,4.2608007949622,REX,23.71727,22.803247,1.0216448,0.27799544,,10.0,ok_dr10
ZTF20abyzbxa,4.086396471591712,SER,16.419044,15.801871,0.060447,0.006649,,10.0,ok_dr9
ZTF19absymnz,1.7217828602903786,DUP,,,,,,22.0,ok_dr10
ZTF20abmxtnh,,,,,,,,,empty
ZTF21absvlrr,0.883498841998312,REX,22.173523,21.81499,0.34991777,0.3599965,,22.0,ok_dr10
ZTF22abehuah,5.247965701465974,SER,15.632073,15.14729,0.06305,0.008824,0.054169,6.0,ok_dr9
ZTF22aaqwdjw,0.1814428293014903,SER,16.463348,15.832088,0.09235553,0.012210888,,11.0,ok_dr10
ZTF22abjrctf,3.4802089730065653,SER,16.143595,15.934533,0.045999,0.008798,0.055352,12.0,ok_dr9
ZTF24abrirtr,11.077286097575977,EXP,18.10284,17.887854,0.011053818,0.025984982,,14.0,ok_dr10
ZTF22abdondo,7.621907590735135,SER,15.136253,14.906014,0.023172,0.006827,,12.0,ok_dr9
ZTF21abmwgdf,0.27291353577567184,SER,,,,,,11.0,ok_dr10
ZTF23aaijgnu,1.4356612155647377,SER,17.431128,17.081036,0.062356,0.017325,,11.0,ok_dr9
ZTF22aasppdz,3.6706064319912093,SER,15.409905,14.87689,0.06697826,0.009280684,,12.0,ok_dr10
ZTF19acvwllm,,,,,,,,,empty
ZTF20aaurfhs,3.794977442725691,SER,15.649259,14.877311,0.031720277,0.00940154,0.035224844,13.0,ok_dr10
ZTF21aaqftpz,,,,,,,,,empty
ZTF21abkdpnw,,,,,,,,,empty
ZTF25aajqewt,19.551819315860076,REX,23.692684,22.932013,0.896828,0.277143,,11.0,ok_dr9
ZTF21acjdwfe,,,,,,,,,empty
ZTF18adbcqwv,,,,,,,,,empty
ZTF24abcrkus,3.460020867999033,SER,15.013554,14.49022,0.03164397,0.008663583,0.03618131,14.0,ok_dr10
ZTF20actzmzp,7.210027512820271,REX,23.26461,22.067873,0.859541,0.210447,,7.0,ok_dr9
ZTF25aaompnz,11.438539442507013,EXP,20.261238,19.381865,0.389763,0.082104,,20.0,ok_dr9
ZTF23aavygyn,7.5083468624950385,REX,22.548414,21.938879,0.593906,0.2566768,,12.0,ok_dr10
ZTF22aallgci,1.8484044441990028,SER,16.609991,16.239075,0.033218756,0.01890861,,23.0,ok_dr10
ZTF25aaldcfz,3.8802986557881827,REX,20.650394,20.593307,0.092723,0.084139,,12.0,ok_dr9
ZTF25aatoqiw,1.0251447544837373,SER,20.779432,20.135136,0.41836986,0.16754144,,23.0,ok_dr10
ZTF19abrcvzz,,,,,,,,,empty
ZTF22abemaki,4.678339087743236,SER,16.819403,16.316793,0.05002687,0.012210282,,15.0,ok_dr10
ZTF21aapfime,5.420068723412073,SER,21.331139,21.345692,0.08410748,0.13466226,,14.0,ok_dr10
ZTF18acrflch,3.50997753349719,SER,15.263501,14.859286,0.021607162,0.003900617,,18.0,ok_dr10
ZTF19acxgxcu,5.789100681297642,DEV,22.782585,21.000652,0.8283925,0.073558405,,28.0,ok_dr10
ZTF25abdezjn,,,,,,,,,empty
ZTF19acxmmys,0.3466063227927865,SER,14.917735,14.334272,0.054051,0.010414,,17.0,ok_dr9
ZTF20aabqihu,0.12171095977466766,SER,17.71377,17.192894,0.073698,0.019213,,10.0,ok_dr9
ZTF18adallcx,9.591358710924009,REX,22.281555,20.633036,0.8400884,0.09447886,,9.0,ok_dr10
ZTF24abvftmi,1.385918330197215,EXP,21.730413,21.277945,0.3151722,0.17751054,,16.0,ok_dr10
ZTF19aaladlt,2.7366364354246575,EXP,19.487835,19.176783,0.054645,0.033742,,13.0,ok_dr9
ZTF20aaiawlj,1.9558027610402728,SER,14.695333,14.095052,0.026095044,0.006575801,,15.0,ok_dr10
ZTF18abeajml,1.2392941864868068,SER,15.539886,15.158463,0.04152526,0.0064885234,0.036505513,19.0,ok_dr10
ZTF25aarrwlq,0.17185666621752074,SER,,,,,,22.0,ok_dr10
ZTF21abmdfyi,2.8104916587559137,EXP,18.03702,18.30154,0.025173437,0.00866949,,18.0,ok_dr10
ZTF22aadfbim,1.9792438846693967,SER,17.906927,17.650139,0.045701,0.020187,,9.0,ok_dr9
ZTF19abgsyrp,,,,,,,,,empty
ZTF19aazlpel,18.216309662206406,REX,,,,,,7.0,ok_dr10
ZTF22aaedebi,8.128002117306066,EXP,20.190334,20.42101,0.036413,0.095144,,6.0,ok_dr9
ZTF21abccaue,2.6558379985939697,SER,14.516963,14.089733,0.038021,0.007836,0.039748,10.0,ok_dr9
ZTF20abyxcib,1.0320236680589172,DUP,,,,,,11.0,ok_dr10
ZTF19aamjvie,2.011316719998807,REX,23.021,22.826113,0.812148,0.33172,,14.0,ok_dr9
ZTF19abymhad,0.5229613400594795,SER,17.150726,16.856192,0.044337638,0.014989211,,26.0,ok_dr10
ZTF21aciobmz,,,,,,,,,empty
ZTF24acacfhu,0.27666898309938315,EXP,19.036198,18.850203,0.08956052,0.043796808,,9.0,ok_dr10
ZTF21aarasky,1.274161528173962,DUP,,,,,,3.0,ok_dr9
ZTF24aaqzycc,,,,,,,,,empty
ZTF19aaxibpz,1.4369218259439946,SER,16.38702,15.724451,0.08870625,0.011268433,,29.0,ok_dr10
ZTF19acapech,,,,,,,,,empty
ZTF18accwjiu,6.824564958921197,EXP,20.42606,21.111328,0.029456686,0.079422414,,23.0,ok_dr10
ZTF22abykdbm,2.547522183567112,SER,14.590733,13.946998,0.024616128,0.0063124583,0.03124454,31.0,ok_dr10
ZTF22aaagxuu,,,,,,,,,empty
ZTF19aaoaaap,6.635820409367672,REX,22.521105,21.793612,0.586096,0.150816,,10.0,ok_dr9
ZTF20acgsvwb,,,,,,,,,empty
ZTF22aanczjk,1.6303172485111463,SER,16.174847,15.503427,0.060921,0.005769,0.069789,11.0,ok_dr9
ZTF23aadvpwt,3.394587544508051,SER,17.33934,17.01806,0.0092456415,0.007906288,,18.0,ok_dr10
ZTF20aaxagnm,0.10730934421025146,SER,13.935406,13.236614,0.03484986,0.005852896,,4.0,ok_dr10
ZTF20abhfrxt,,,,,,,,,empty
ZTF23aavtugd,0.9279452545924238,EXP,18.763763,18.199888,0.058796927,0.039726667,,20.0,ok_dr10
ZTF18acbuemc,2.6543730743005582,SER,14.73783,14.16293,0.040865354,0.0068993648,,11.0,ok_dr10
ZTF22abyknqk,3.077650869310807,SER,16.273735,15.813167,0.061359,0.010652,0.075968,12.0,ok_dr9
ZTF21aagycrc,0.2343133064672534,EXP,20.461807,20.105972,0.17201184,0.060724355,,10.0,ok_dr10
ZTF23aacosic,2.748081287629583,EXP,21.4185,21.491364,0.20398395,0.13897963,,23.0,ok_dr10
ZTF22aadlmgg,9.61531069524805,REX,22.410145,21.813618,0.6096333,0.11445719,,10.0,ok_dr10
ZTF24abgviom,0.7609563165498953,SER,19.874111,19.499249,0.10986149,0.026839212,,24.0,ok_dr10
ZTF23aaxldkr,0.8367791929240633,REX,21.297785,21.123755,0.12207393,0.070906475,,22.0,ok_dr10
ZTF20acbttnt,0.2151995934298785,SER,19.53782,19.283962,0.10647648,0.0301348,,39.0,ok_dr10
ZTF21acqstfo,9.831143270883683,SER,13.265167,12.873219,0.019451,0.004277,,16.0,ok_dr9
ZTF21achzfpg,,,,,,,,,empty
ZTF18aagkwgz,0.3247971324002555,DEV,,14.152387,,,,8.0,ok_dr10
ZTF18aacfonx,0.1015135230113549,DUP,,,,,,10.0,ok_dr9
ZTF23aamskdj,,,,,,,,,empty
ZTF20aattrkw,0.5468293446011311,DEV,21.845858,20.852041,1.0982099,0.1384876,,25.0,ok_dr10
ZTF19aazdiwq,0.508114045423148,REX,19.622673,19.368544,0.13183033,0.0470346,,18.0,ok_dr10
ZTF22abtekni,6.646722292970418,EXP,21.405033,20.99277,0.5415412,0.30591565,,32.0,ok_dr10
ZTF19acyflhv,,,,,,,,,empty
ZTF24abxvvfi,1.8273428745962526,REX,17.983908,17.64702,0.057167042,0.01194639,,34.0,ok_dr10
ZTF22aaoelte,3.2235088271768464,EXP,21.269123,21.97792,0.07721912,0.12836549,,16.0,ok_dr10
ZTF24aahxgoa,0.5736748023090881,SER,18.494799,18.511547,0.037944,0.03909,,6.0,ok_dr9
ZTF19aaynsws,2.9392878606071533,SER,16.718248,16.02853,0.065061286,0.023729997,,7.0,ok_dr10
ZTF21abbkefe,6.756244631209065,REX,23.093401,23.701572,0.5303773,0.52796316,,18.0,ok_dr10
ZTF22abvpklt,,,,,,,,,empty
ZTF20acbekkx,1.5561842308985923,EXP,21.785824,21.490314,0.13706091,0.21309273,,4.0,ok_dr10
ZTF18aatrllk,1.6105057730087708,SER,14.686395,14.029339,0.035975,0.007974,,10.0,ok_dr9
ZTF24abhwvrb,10.669358514328627,SER,14.690251,14.179125,0.019885752,0.0036952237,0.01715,8.0,ok_dr10
ZTF24abhidcc,,,,,,,,,empty
ZTF19aacxrzt,3.3120738352660757,SER,15.548908,14.944974,0.073244065,0.013999533,0.07264404,20.0,ok_dr10
ZTF25aafibim,1.9179521375694826,SER,17.179256,16.865576,0.03803267,0.010159549,0.036271546,28.0,ok_dr10
ZTF18acqppuj,2.3617683223239596,SER,16.610054,16.288519,0.022767149,0.0055100434,0.02639329,19.0,ok_dr10
ZTF24aaajtzg,5.199927676501418,SER,14.307325,13.617126,0.048055876,0.008369903,0.047622,60.0,ok_dr10
ZTF20abjfufv,35.514256363773896,REX,,20.725508,,,,1.0,ok_dr10
ZTF20aayxdse,1.9069083826264366,SER,19.343807,19.134974,0.08798127,0.4089257,,7.0,ok_dr10
ZTF25aaxwrva,,,,,,,,,empty
ZTF24abfnkzm,0.47574161028656947,SER,18.11956,17.49379,0.080587044,0.018662,,25.0,ok_dr10
ZTF25aadnxae,1.8501208435875522,SER,16.505013,15.94852,0.08119089,0.013306613,,31.0,ok_dr10
ZTF20aaumsrr,7.0617436058772824,DUP,,,,,,14.0,ok_dr10
ZTF19aaphifl,,,,,,,,,empty
ZTF22abhodtl,2.1853820298830815,SER,17.95718,17.633312,0.08576654,0.023831552,,17.0,ok_dr10
ZTF23abndgcq,2.287450504606525,REX,25.161072,23.87261,1.0448118,0.5668867,,17.0,ok_dr10
ZTF22aadksbz,4.211500988684988,SER,14.677897,14.362955,0.021810975,0.0054006996,0.011993801,12.0,ok_dr10
ZTF20abrffom,14.365586011314438,SER,14.280166,13.79475,0.023321,0.004849,,8.0,ok_dr9
ZTF22aakrimd,1.820000748930679,EXP,19.512255,19.46026,0.04491,0.060477,,10.0,ok_dr9
ZTF21acefcnp,0.7970875139543607,REX,24.044405,23.503927,0.7931192,0.50310534,,20.0,ok_dr10
ZTF21abmwgow,15.607305426426402,REX,,20.9634,,,,11.0,ok_dr10
ZTF19abwsdic,1.266187989242303,REX,23.322065,,,,,10.0,ok_dr10
ZTF25aaluvkb,7.380880757859176,DUP,,,,,,31.0,ok_dr10
ZTF23abbimnx,,,,,,,,,empty
ZTF24abizspq,7.877634600762117,EXP,20.58902,,0.057056,0.133017,,7.0,ok_dr9
ZTF25abecbib,5.645841027475645,REX,19.104641,18.319113,0.3899302,0.19586988,0.03147403,20.0,ok_dr10
ZTF21aaqvuyf,1.352430858685432,SER,17.69855,17.216578,0.044614,0.011806,,10.0,ok_dr9
ZTF23aaqhvds,0.4975454625200881,SER,20.057714,19.895582,0.090662,0.068159,,15.0,ok_dr9
ZTF20aagnbpw,4.706154766522168,SER,14.879487,14.506928,0.043965,0.006902,0.052359,9.0,ok_dr9
ZTF25aaaawig,,,,,,,,,empty
ZTF22aalsbwt,0.21110695113926067,EXP,,22.25806,,,,30.0,ok_dr10
ZTF25aagdrsk,5.2019914829841225,SER,15.286479,14.534737,0.078279,0.013753,0.078509,13.0,ok_dr9
ZTF22aadeslb,0.2583484839796007,SER,17.975258,17.534725,0.0669,0.020963,,6.0,ok_dr9
ZTF25aajitmc,6.799432910340825,DUP,,,,,,9.0,ok_dr10
ZTF20aauqrpe,,,,,,,,,empty
ZTF23aajjxso,6.009547734007355,SER,,,,,,7.0,ok_dr10
ZTF19abuonnx,4.0485142250097175,SER,16.367609,15.650731,0.06731544,0.015242602,0.08976769,21.0,ok_dr10
ZTF23aatihwk,1.7361116853419576,REX,23.288748,,0.52614975,0.66443276,,20.0,ok_dr10
ZTF23aaaasrd,3.450220381632405,DUP,,,,,,9.0,ok_dr10
ZTF19aauhhjy,0.9399817645828233,SER,17.381887,16.982098,0.057115,0.01328,0.068152,14.0,ok_dr9
ZTF24aaidwhg,0.6756733203038133,SER,20.525085,20.92429,0.05156104,0.11147918,0.053130828,25.0,ok_dr10
ZTF19abtnftd,,,,,,,,,empty
ZTF21abgzpii,,,,,,,,,empty
ZTF18abwktmm,1.424974688481518,SER,16.020897,15.373569,0.05630803,0.009162388,,18.0,ok_dr10
ZTF21abtwvyl,1.0839253748274662,SER,16.057781,15.589401,0.032165147,0.006306691,,6.0,ok_dr10
ZTF25aaggkxk,0.7584084127412588,REX,22.86193,23.519464,0.53100824,0.5567983,,23.0,ok_dr10
ZTF25aalycbc,2.7758064611364546,SER,16.46266,15.724977,0.09795379,0.013204655,0.09068908,13.0,ok_dr10
ZTF21aawzsew,2.2227201336380906,SER,17.41581,16.976107,0.051370718,0.009702796,0.04927164,19.0,ok_dr10
ZTF19aangier,0.7512558890290434,EXP,20.887589,20.788725,0.123641,0.148547,,12.0,ok_dr9
ZTF24abyystl,12.325568684776918,REX,21.482584,21.16153,0.389715,0.126577,,10.0,ok_dr9
ZTF22aatuxpc,0.8217158839816241,EXP,22.926348,23.563276,0.17503563,0.21526365,,20.0,ok_dr10
ZTF19aawrpwn,,,,,,,,,empty
ZTF19aarhrru,0.28162461043211195,SER,15.743133,15.403792,0.046187,0.012246,,12.0,ok_dr9
ZTF18acnnxor,2.0074623387360067,EXP,20.36779,20.42737,0.12108671,0.19787945,,38.0,ok_dr10
ZTF22abzadkd,5.5221244650742936,DUP,,,,,,18.0,ok_dr10
ZTF20aaxxcms,12.480492025937558,SER,20.445042,19.812868,0.254657,0.076947,,7.0,ok_dr9
ZTF23aafwsuu,,,,,,,,,empty
ZTF19aayqait,,,,,,,,,empty
ZTF20abedyov,,,,,,,,,empty
ZTF19abctxhf,0.6788578123190109,EXP,21.74657,21.946669,0.04379862,0.26804227,,25.0,ok_dr10
ZTF20abgevcw,1.487241515704802,SER,20.321194,20.99282,0.598113,0.7099124,,23.0,ok_dr10
ZTF18abcyues,4.151960361619625,REX,21.423025,20.60644,0.34968764,0.12494237,,23.0,ok_dr10
ZTF22aasycgf,3.359603001331574,SER,,14.112436,,,,18.0,ok_dr10
ZTF21abboibr,1.9574439787895812,SER,15.459648,14.910132,0.044562265,0.009648241,,11.0,ok_dr10
ZTF19aaputrv,0.2449561029049418,SER,15.929064,15.686513,0.038179,0.010259,0.03498,12.0,ok_dr9
ZTF22aapqaqe,1.3961129144967628,SER,14.529565,14.221209,0.022394,0.006063,,14.0,ok_dr9
ZTF20abefbpl,0.22610293783715188,DUP,,,,,,15.0,ok_dr10
ZTF20aaxvzja,0.06591040454246254,SER,17.543606,17.540768,0.02074298,0.007162868,,10.0,ok_dr10
ZTF21abmwzxt,0.15721503773885395,SER,19.911518,19.635883,0.09911082,0.033609618,,21.0,ok_dr10
ZTF23aabtrno,8.786227155717667,DUP,,,,,,13.0,ok_dr9
ZTF25aacnour,,,,,,,,,empty
ZTF20acnywhz,1.0850821847735623,SER,20.279373,20.03817,0.09766665,0.0325201,,36.0,ok_dr10
ZTF23abieafn,0.7006406777610702,SER,21.32022,22.085981,0.06937944,0.03242442,,20.0,ok_dr10
ZTF20acigusw,1.1789424164667586,SER,21.564167,21.119514,0.3110844,0.40424508,,28.0,ok_dr10
ZTF23aacunui,0.5043687404495133,REX,,26.159393,,,,21.0,ok_dr10
ZTF22aacgcwv,0.06179596937277405,SER,16.295567,15.724274,0.058828525,0.011518146,0.07204934,13.0,ok_dr10
ZTF18aawgrxz,0.9891365864463145,SER,16.90234,16.525938,0.049234,0.025338,0.026705,14.0,ok_dr9
ZTF18abtcikd,,,,,,,,,empty
ZTF20aaemtgw,6.789378964610127,REX,22.43312,21.013872,1.0104502,0.12133317,,28.0,ok_dr10
ZTF21aauapli,7.071056991267299,REX,,,,,,5.0,ok_dr10
ZTF18aaxcntm,8.077863646290355,SER,13.162793,12.648444,0.023725,0.004174,0.026795,6.0,ok_dr9
ZTF20acordqz,1.718335372977319,SER,15.790132,14.979903,0.05199581,0.016604057,,45.0,ok_dr10
ZTF21abqsysj,3.723852853911984,REX,18.091955,17.77212,0.0323841,0.018993914,,19.0,ok_dr10
ZTF20abpmqnr,3.8055114228693987,SER,15.602774,14.869304,0.038215447,0.011824507,,31.0,ok_dr10
ZTF23aadqctr,1.0100716899063578,DUP,,,,,,37.0,ok_dr10
ZTF23aaedsfn,2.5787976869332696,SER,16.556404,15.859552,0.067276,0.007876,,10.0,ok_dr9
ZTF25aabxywm,11.953019542997685,DUP,,,,,,16.0,ok_dr9
ZTF25aaipwch,3.1456776077212876,EXP,22.793648,22.98603,0.37618434,0.4774066,,24.0,ok_dr10
ZTF19aabyppp,0.1630474074007731,EXP,19.212809,18.986504,0.041014746,0.025163185,,17.0,ok_dr10
ZTF19aavnotr,,,,,,,,,empty
ZTF23abkoshi,1.5023298778617753,EXP,17.197401,16.811346,0.065333515,0.013045008,,29.0,ok_dr10
ZTF23absjede,6.747123613507347,SER,14.764352,14.471223,0.029598,0.005698,,5.0,ok_dr9
ZTF22aadolby,19.30561007802329,SER,14.662457,14.281322,0.025188,0.00773,,6.0,ok_dr9
ZTF20achusux,3.7658905242576832,SER,18.763933,18.854523,0.020267943,0.022776691,0.025555443,30.0,ok_dr10
ZTF25achwsgj,4.199030193734404,EXP,21.93094,,0.032239,0.10716,,17.0,ok_dr9
ZTF19abuejud,10.280496952830275,SER,13.922133,13.383007,0.028324,0.004247,0.025983,4.0,ok_dr9
ZTF21aceztiz,22.309930751080664,DUP,,,,,,12.0,ok_dr10
ZTF18aatpqxq,1.5539873544112552,SER,17.401573,17.163692,0.063279,0.014141,0.057717,12.0,ok_dr9
ZTF22aaagqvw,0.37237455768267197,REX,20.926403,20.64045,0.10507844,0.09941219,,29.0,ok_dr10
ZTF19aavnwtf,1.9018581058383526,SER,17.636198,17.29838,0.048839,0.01089,0.051465,15.0,ok_dr9
ZTF21abuetwv,,,,,,,,,empty
ZTF22aadevoi,1.9873936551357951,DUP,,,,,,14.0,ok_dr10
ZTF23aakbqgc,1.1557822351585938,SER,17.273611,16.900223,0.07062714,0.02339228,0.070777416,21.0,ok_dr10
ZTF20abxyifx,6.787207426996484,REX,21.185623,21.701136,0.076057,0.147995,,12.0,ok_dr9
ZTF20aagzzbi,,,,,,,,,empty
ZTF21abaiicy,2.886803958144451,DUP,,,,,,28.0,ok_dr10
ZTF20aboytzr,2.0969288201808536,SER,16.805515,16.394062,0.06326966,0.011616617,0.06778281,15.0,ok_dr10
ZTF21aapvxnf,0.25446222055865236,SER,15.963198,15.249347,0.074591,0.005122,,20.0,ok_dr9
ZTF25acdesme,0.6157610139815619,SER,17.20305,16.8495,0.043368943,0.017626407,,42.0,ok_dr10
ZTF24aatwwpj,3.192531979690903,SER,19.830324,19.366894,0.13166,0.03902,,6.0,ok_dr9
ZTF19abiszoe,10.146831091188814,DUP,,,,,,10.0,ok_dr10
ZTF19abaejrh,0.510307258969639,SER,17.26529,16.927486,0.07343171,0.016750475,,29.0,ok_dr10
ZTF20acuaqlf,1.7415346219469283,SER,16.497242,16.239166,0.023881318,0.010622876,,18.0,ok_dr10
ZTF19aaptzar,7.26818796352229,SER,19.14724,19.22902,0.0095848115,0.007999493,,12.0,ok_dr10
ZTF21aayqycm,2.0329002031133045,SER,19.834177,19.316833,0.15708046,0.080411606,,20.0,ok_dr10
ZTF21aakymbv,,,,,,,,,empty
ZTF19abcekty,3.6423019052198033,SER,19.593071,19.46947,0.0591232,0.36217207,,50.0,ok_dr10
ZTF22abaette,0.6181811272866192,EXP,21.432865,22.112936,0.071978,0.212681,,15.0,ok_dr9
ZTF23abahief,3.943385714308466,REX,19.364641,18.740011,,,,12.0,ok_dr10
ZTF23aalftvv,3.165696101205359,EXP,20.635824,20.446276,0.05682,0.034424,,9.0,ok_dr9
ZTF23aajaygo,1.154139486884518,REX,19.380262,19.303057,0.067851,0.046282,,15.0,ok_dr9
ZTF25abjvflp,5.5973978006883955,REX,16.591003,16.145164,0.05224769,0.01210436,0.0628097,14.0,ok_dr10
ZTF23abjikaf,0.6572272162702052,SER,19.750263,19.497059,0.064368516,0.050460752,,12.0,ok_dr10
ZTF23aabksje,0.9720165933095214,REX,,18.042667,,,,29.0,ok_dr10
ZTF21achxlkq,,,,,,,,,empty
ZTF23aaoihto,,,,,,,,,empty
ZTF22abyhxlt,7.818118346925856,REX,20.22829,20.392094,0.014210817,0.6477719,,19.0,ok_dr10
ZTF22aabvetw,7.4235766786228075,DUP,,,,,,15.0,ok_dr10
ZTF18aaqkoyr,2.8569715507155853,REX,21.782452,,0.032304,0.229813,,19.0,ok_dr9
ZTF19aapreis,,,,,,,,,empty
ZTF21abqueax,2.016851352420316,SER,19.05647,18.550095,0.12764241,0.044854198,,11.0,ok_dr10
ZTF19abrogbl,4.277043309379282,SER,15.051786,14.24579,0.04786459,0.0055381786,0.035787996,8.0,ok_dr10
ZTF25abzklfa,1.6166018604152137,EXP,18.863049,18.796995,0.037441768,0.014261133,,20.0,ok_dr10
ZTF23ablpfnb,0.21807066991637586,EXP,18.008055,17.761238,0.043665364,0.013154016,,11.0,ok_dr10
ZTF22aaahhbo,1.0349543137725274,REX,22.463364,23.899424,0.01571,0.175055,,12.0,ok_dr9
ZTF21aawlwoy,1.4724169624551326,SER,16.183203,15.846627,0.04932215,0.009583073,0.050281484,25.0,ok_dr10
ZTF23aaeebxm,5.16738403764289,DUP,,,,,,7.0,ok_dr10
ZTF19ablqnuw,4.06340077648615,SER,15.869571,15.243752,0.03706451,0.013366246,0.041367557,40.0,ok_dr10
ZTF21aacxung,16.574788041598474,DEV,21.858372,21.941849,0.406611,0.150341,,10.0,ok_dr9
ZTF21aadkgpm,0.14339010721280018,SER,18.44038,18.24694,0.09783411,0.11150022,,15.0,ok_dr10
ZTF24abnfurd,1.3650508350941362,EXP,21.476494,21.397423,0.09326222,0.12338967,,22.0,ok_dr10
ZTF25aaazubi,1.1509492203317486,DUP,,,,,,30.0,ok_dr10
ZTF23aadnpbq,12.292022577896248,DUP,,,,,,12.0,ok_dr10
ZTF23aaeklqg,13.286142908999668,SER,14.744369,14.038616,0.041613627,0.005393044,,7.0,ok_dr10
ZTF24abyfijk,3.5936037149071294,SER,,12.937299,,,,8.0,ok_dr10
ZTF23aafxfeu,,,,,,,,,empty
ZTF25aafkxdu,4.102962405005709,REX,21.69836,,0.09823505,0.7474859,,67.0,ok_dr10
ZTF19abcncdg,1.1948895371246264,SER,19.022348,18.636045,0.097393185,0.018559998,,33.0,ok_dr10
ZTF24aahgncc,4.92029675366086,REX,21.703478,21.560276,0.55273324,0.46924615,,11.0,ok_dr10
ZTF25achlrsy,,,,,,,,,empty
ZTF24abryzhm,1.5916308489072697,SER,20.365295,20.4004,0.061459,0.068438,,24.0,ok_dr9
ZTF22abmiohu,1.1271526363765325,SER,15.312335,14.85653,0.034402546,0.008575149,,24.0,ok_dr10
ZTF18abgmcmv,9.578572009731067,EXP,13.694363,13.167802,0.015236,0.005392,,9.0,ok_dr9
ZTF19abnacvf,5.848943899140937,REX,23.668663,22.590044,0.91852164,0.27056363,,12.0,ok_dr10
ZTF25absqinr,,,,,,,,,empty
ZTF23abjzkmx,10.022176226448426,DUP,,,,,,1.0,ok_dr10
ZTF22aanzset,2.4921702822417773,SER,14.247696,13.692221,0.023619,0.003128,,27.0,ok_dr9
ZTF24ablxkvj,,,,,,,,,empty
ZTF21aaqftuq,1.5405160685460286,DEV,18.925041,19.159908,0.06673364,0.09528513,,31.0,ok_dr10
ZTF25aazxxqi,0.6759805874933181,REX,23.224121,23.05489,0.72944,0.319347,,12.0,ok_dr9
ZTF18abygcwk,5.786182616926941,REX,23.255703,23.093033,0.59420955,0.4639518,,17.0,ok_dr10
ZTF19aavkvpw,1.7050907237941617,SER,18.474817,18.369783,0.029890079,0.019358251,,16.0,ok_dr10
ZTF19abjibet,2.494477402819369,SER,16.74068,16.157171,0.049944,0.010924,,28.0,ok_dr9
ZTF22aadionf,,,,,,,,,empty
ZTF22aavdiim,34.52596449223578,REX,,,,,,1.0,ok_dr10
ZTF23aaclyrt,1.2358580663050922,EXP,20.93981,20.740168,0.13706131,0.10875299,,16.0,ok_dr10
ZTF21achplgf,,,,,,,,,empty
ZTF18aaxdrjn,14.592260583897117,SER,13.862362,13.310667,0.034356,0.002998,0.033914,5.0,ok_dr9
ZTF21aappktx,1.009460259380518,EXP,19.77229,19.574284,0.09233315,0.029158965,,13.0,ok_dr10
ZTF19abjarhj,0.8580761401534854,REX,23.432726,23.060097,1.0483408,0.42677957,,17.0,ok_dr10
ZTF24aagtgij,1.7855068728045778,SER,16.66466,16.033709,0.06697081,0.017368106,,47.0,ok_dr10
ZTF19aamvape,0.1815149744529637,EXP,22.162182,21.79662,0.3537026,0.2102858,,15.0,ok_dr10
ZTF19abpbbxx,1.6610000271256635,EXP,22.08947,22.509306,0.11135784,0.33895886,,23.0,ok_dr10
ZTF21aaxxjen,1.1198365946025017,SER,16.42884,15.756402,0.10949932,0.018653236,0.093024276,28.0,ok_dr10
ZTF18aawmxdx,0.96031776212541,DEV,16.000246,15.429063,0.04577249,0.0150677,0.04252644,23.0,ok_dr10
ZTF25aalsxks,0.7895141514162125,REX,22.522034,21.404243,0.914879,0.299073,,14.0,ok_dr9
ZTF25aaqyssy,0.9795847409173032,SER,18.445297,18.161108,0.12577744,0.026747609,,19.0,ok_dr10
ZTF20aayvqhl,1.0959749214325034,SER,21.757355,22.55683,0.078945346,0.09790339,,23.0,ok_dr10
ZTF21abhqqfa,2.0562579441184012,SER,14.892281,14.3785,0.029625801,0.009500037,,13.0,ok_dr10
ZTF19acruaaa,5.010542593532639,REX,23.369478,23.356405,0.4442842,0.27485576,,24.0,ok_dr10
ZTF19aamfupg,,,,,,,,,empty
ZTF18accnoli,14.01326578569799,REX,23.354275,25.073114,0.606137,0.467473,,10.0,ok_dr9
ZTF23aaavxye,4.587291024433117,SER,18.879835,19.331263,0.019081,0.030313,,26.0,ok_dr9
ZTF22abeioig,1.842349794320991,EXP,20.734184,20.447342,0.12055723,0.05576537,,13.0,ok_dr10
ZTF18abtzzka,5.076076242700052,SER,16.646599,16.222881,0.038795,0.012688,,6.0,ok_dr9
ZTF23abankfn,2.5135958950108583,EXP,20.291618,20.347555,0.026286,0.039616,,12.0,ok_dr9
ZTF24abxylal,4.659935348359464,SER,15.469317,14.923108,0.038815,0.006276,0.036271,9.0,ok_dr9
ZTF21aaaubig,3.3266599772912517,REX,19.896517,18.988613,0.657836,0.263732,,7.0,ok_dr9
ZTF20acjutba,0.21600626429376402,SER,16.436663,15.815175,0.075150475,0.015718909,,31.0,ok_dr10
ZTF23abhyssf,0.14591412577531296,REX,18.28686,18.093216,0.03836491,0.027471678,,20.0,ok_dr10
ZTF18aaqfqaa,6.523349598738497,EXP,18.32739,19.251713,0.012458,0.010264,,19.0,ok_dr9
ZTF25ablmtlg,2.3539672189042387,SER,17.829988,17.394262,0.098782346,0.019157082,,14.0,ok_dr10
ZTF23abrrdxz,2.619612094814713,SER,18.880598,18.554754,0.05713109,0.03009078,,17.0,ok_dr10
ZTF19aakxogv,0.7054299413883137,SER,16.526857,15.83613,0.107945,0.017677,0.103015,20.0,ok_dr9
ZTF20abgtvhl,0.701212079352633,DUP,,,,,,8.0,ok_dr10
ZTF19ablfcjr,1.674656348968326,SER,16.593073,16.013245,0.1239967,0.021669399,0.08314648,23.0,ok_dr10
ZTF22abfunyc,1.7024705267546787,SER,17.702036,17.40096,0.064725,0.024561092,,12.0,ok_dr10
ZTF19acxlcdz,0.2690694454630042,SER,16.559488,15.869755,0.047733,0.010155,0.036902,10.0,ok_dr9
ZTF19abpztlw,1.0442805975981162,SER,18.776157,18.474955,0.067332536,0.020897536,,34.0,ok_dr10
ZTF20accovje,1.1318843849036535,EXP,21.350946,21.005323,0.11548699,0.17762358,,23.0,ok_dr10
ZTF20abisvtr,0.16224427186196957,REX,20.373951,19.95206,0.184739,0.052733,,6.0,ok_dr9
ZTF20aandwrl,3.20824970852401,SER,20.495409,20.378435,0.18844363,0.096347645,,13.0,ok_dr10
ZTF25aalzmga,1.2217226436476762,SER,19.580442,19.656294,0.01203405,0.020101424,,24.0,ok_dr10
ZTF20aawbodq,2.0696374809936025,EXP,22.146412,21.713339,0.551102,0.20993,,8.0,ok_dr9
ZTF25aaylgpw,,,,,,,,,empty
ZTF25aavhjcz,2.736775481974718,SER,18.792692,18.636106,0.023961,0.023689,,4.0,ok_dr9
ZTF24aaotzpd,1.0934010668449106,SER,17.475735,17.109009,0.053542,0.016441,,7.0,ok_dr9
ZTF19adannbl,2.1400685721965154,EXP,22.040428,22.369787,0.07673957,0.22105491,,23.0,ok_dr10
ZTF23aajfdxf,2.143489211763825,EXP,23.03614,23.792807,0.568719,0.439464,,6.0,ok_dr9
ZTF23abfpegt,16.431849945791395,DUP,,,,,,6.0,ok_dr9
ZTF19abzipjc,,,,,,,,,empty
ZTF20aabqbxm,3.571224638681165,SER,14.738206,14.107331,0.052240737,0.009057495,,12.0,ok_dr10
ZTF19abisbgx,0.7964284371875873,SER,16.110197,15.51924,0.066003144,0.013158054,0.080315664,27.0,ok_dr10
ZTF22aaaeiag,0.3460035578459182,SER,14.475184,13.695576,0.033355,0.008517,,18.0,ok_dr9
ZTF21aagbeah,3.753881989239163,EXP,19.290203,19.334982,0.033344295,0.059755825,,16.0,ok_dr10
ZTF23abjexnw,,,,,,,,,empty
ZTF22abzvyku,1.9657336856220846,EXP,22.85912,22.937748,0.24952845,0.35810873,,31.0,ok_dr10
ZTF19abrtjsf,9.774708210381874,SER,,14.609489,,,,15.0,ok_dr10
ZTF25ablufrt,1.8215818651055846,SER,19.652977,19.169796,0.12193914,0.0510682,,13.0,ok_dr10
ZTF24aarecvo,0.40510598825370586,SER,15.152957,14.497409,0.053454,0.011728,,7.0,ok_dr9
ZTF25acibrgc,5.553120889782766,SER,17.056906,16.435919,0.05957583,0.013636699,,12.0,ok_dr10
ZTF25aadlcbi,4.972287401611936,EXP,19.19548,21.990091,0.01343,0.051433,,13.0,ok_dr9
ZTF22abllclb,4.736192147166255,REX,20.111298,19.503946,0.14927255,0.25460887,,16.0,ok_dr10
ZTF24aaerzgo,,,,,,,,,empty
ZTF25aabjdvo,6.650822463289441,SER,15.231194,14.644194,0.061503742,0.008947601,0.06568931,18.0,ok_dr10
ZTF22aadnqsf,26.25302703978263,REX,22.776936,22.409594,0.47674742,0.09727561,,3.0,ok_dr10
ZTF25aaqvrbi,1.8874711249786988,SER,16.846067,16.297855,0.12102334,0.02229172,,23.0,ok_dr10
ZTF21abxdcmp,1.6384816259965556,SER,17.555624,16.9767,0.07449293,0.014613746,,12.0,ok_dr10
ZTF25aaqylva,2.5852520541210198,EXP,22.46587,22.274942,0.68685263,0.5776361,,19.0,ok_dr10
ZTF18ablwafp,,,,,,,,,empty
ZTF19aaxyukr,0.9442936101689005,SER,21.621124,21.982664,0.081120655,0.09028197,,8.0,ok_dr10
ZTF20aahcslg,,,,,,,,,empty
ZTF25aaspxly,0.1390312686311639,DUP,,,,,,9.0,ok_dr10
ZTF25aaqoukg,1.3848579317766976,SER,15.15059,14.772773,0.015893882,0.005917831,0.016072283,70.0,ok_dr10
ZTF25aaittqc,12.415962270667055,DUP,,,,,,10.0,ok_dr10
ZTF18adcdcrd,,,,,,,,,empty
ZTF19abqviuy,4.822091804530323,DEV,19.908382,18.770044,0.5175765,0.018186266,,13.0,ok_dr10
ZTF21abmwmnp,0.6596636000913031,EXP,22.816936,,0.12427489,0.10561225,,13.0,ok_dr10
ZTF20acynlkj,1.5808867946503269,SER,17.156754,16.544428,0.065563485,0.0065072095,,39.0,ok_dr10
ZTF24abrossu,5.688346486948325,SER,17.78991,17.139763,0.08140089,0.015927425,,12.0,ok_dr10
ZTF20aaactgu,,,,,,,,,empty
ZTF22abybbud,1.1655579644376686,SER,13.031671,12.427286,0.013495,0.005462,0.013344,9.0,ok_dr9
ZTF23aaaatee,,,,,,,,,empty
ZTF23abarweh,0.7416595155858808,DUP,,,,,,66.0,ok_dr10
ZTF18acnncve,2.5248331732311566,EXP,18.857254,18.565966,0.05746,0.029872,,13.0,ok_dr9
ZTF22abiwwyf,1.4224210202181578,EXP,20.697203,20.421528,0.09865464,0.08014526,,5.0,ok_dr10
ZTF19abwswzb,0.5335292414916771,REX,15.258484,14.901107,0.025082877,0.009539115,,14.0,ok_dr10
ZTF20acvkqxy,0.9305762685773058,DUP,,,,,,8.0,ok_dr9
ZTF18acyctqi,1.8495579752730467,SER,19.403303,19.140633,0.09880206,0.026400244,,23.0,ok_dr10
ZTF19abpxttd,,,,,,,,,empty
ZTF19acsbxgw,10.575302862451919,DUP,,,,,,8.0,ok_dr9
ZTF23aaemgto,5.0943136557766,REX,24.319563,23.049192,1.0742612,0.23998304,,27.0,ok_dr10
ZTF22abcckha,0.47076409107490597,REX,20.108646,19.727201,0.11252601,0.068356685,,12.0,ok_dr10
ZTF21abrluay,1.8742355912097224,SER,16.491545,16.047405,0.04257224,0.009071292,,26.0,ok_dr10
ZTF21acjxjpu,1.863510736961256,SER,21.784119,21.991196,0.08922316,0.09908905,,15.0,ok_dr10
ZTF24aaejwkz,0.4238715817992311,REX,24.022005,25.37171,0.22166304,0.43386546,,26.0,ok_dr10
ZTF24aasqeih,0.7103516694383023,SER,19.196411,18.811659,0.1294464,0.021042354,,13.0,ok_dr10
ZTF21abjbrrj,1.3187214117877428,SER,16.063343,15.804641,0.03576,0.007794,0.032728,13.0,ok_dr9
ZTF19aakyxsq,2.1938262795775945,EXP,20.896128,21.34167,0.048374217,0.034783,,27.0,ok_dr10
ZTF20aaawbxl,2.1723501090140984,DEV,20.245855,19.86729,0.10703904,0.368982,,20.0,ok_dr10
ZTF22aawfjnt,1.0486681718480881,REX,21.178007,20.986631,0.08389968,0.061360262,,14.0,ok_dr10
ZTF24aawxpeu,0.6278973852597316,EXP,22.218493,21.943993,0.19801,0.332137,,7.0,ok_dr9
ZTF21abpvssa,,,,,,,,,empty
ZTF22aaohzok,1.681346907802121,SER,14.984303,,,,,14.0,ok_dr10
ZTF23abawdgm,3.1165791749966494,SER,17.87794,17.692978,0.021493444,0.011878415,,37.0,ok_dr10
ZTF19aaknign,4.185922875290949,REX,21.382357,21.796608,0.110476,0.304839,,30.0,ok_dr9
ZTF21abplypq,1.8697715201675198,SER,,15.0508,,,,5.0,ok_dr10
ZTF19aamaeve,1.1891650374522393,EXP,21.873224,23.604418,0.06428828,0.18553093,,36.0,ok_dr10
ZTF20aaumlmu,3.690059307418543,SER,15.966703,15.613776,0.038944438,0.009800531,,33.0,ok_dr10
ZTF24abvzghz,,,,,,,,,empty
ZTF18acdzzyf,6.579018744238503,SER,14.58986,14.109412,0.033037893,0.0074680587,0.04049838,44.0,ok_dr10
ZTF21aamfcji,3.3410055069843114,DEV,17.1526,16.84498,0.036532715,0.009327648,0.046070453,16.0,ok_dr10
ZTF25aafoang,0.913272801645468,SER,20.026697,19.568111,0.5413648,0.28957054,,36.0,ok_dr10
ZTF19acxpkpv,0.22809043448866448,EXP,21.3109,21.09181,0.152676,0.262097,,14.0,ok_dr9
ZTF25aauijjd,,,,,,,,,empty
ZTF23abkornc,,,,,,,,,empty
ZTF22abyrovo,,,,,,,,,empty
ZTF24aarrkmj,8.930835486472574,DUP,,,,,,9.0,ok_dr10
ZTF23aaaahln,8.181002918614055,SER,14.300191,13.450556,0.023078695,0.0049604974,,25.0,ok_dr10
ZTF25acehbsy,4.561605326230855,REX,16.522081,16.097557,0.04164576,0.015124655,,13.0,ok_dr10
ZTF20actnzxm,4.058001353591231,SER,15.782537,15.324101,0.022289593,0.012455646,0.0211381,26.0,ok_dr10
ZTF19abxihut,2.3222557791930156,SER,17.05446,16.555882,0.0806583,0.01743429,,29.0,ok_dr10
ZTF19abfvhlx,0.7190210361538769,SER,15.788561,15.120733,0.053395554,0.0061018853,,19.0,ok_dr10
ZTF23abjrdne,1.906800355348268,SER,16.56082,15.99106,0.089605,0.016877,0.090874,11.0,ok_dr9
ZTF21aaespww,,,,,,,,,empty
ZTF23aaxvgor,1.2985449773987958,SER,17.75758,17.207375,0.05480714,0.015583728,0.069516346,8.0,ok_dr10
ZTF21acbjxhr,0.4763011785648793,SER,19.536572,18.974134,0.096758746,0.033077314,,12.0,ok_dr10
ZTF18abncdhd,,,,,,,,,empty
ZTF24aaupoie,12.410042829765597,SER,13.907073,13.229613,0.02734008,0.005439786,,26.0,ok_dr10
ZTF25aadlhzw,0.47832618129289234,EXP,20.160309,19.78995,0.10286622,0.039440226,,10.0,ok_dr10
ZTF25abmsmeg,15.191219158300466,SER,19.588198,19.413193,0.057216205,0.047549143,,8.0,ok_dr10
ZTF22aajltzm,,,,,,,,,empty
ZTF23aaabbwj,6.864673447028584,SER,22.51553,,0.22187282,0.49810773,,16.0,ok_dr10
ZTF22aagvtzz,,,,,,,,,empty
ZTF22abzqwmp,4.762151117585689,SER,16.260597,16.087864,0.030343,0.005825,0.030558,21.0,ok_dr9
ZTF19acyfkbf,9.325376331164918,EXP,16.49145,15.821265,0.047214217,0.008904751,0.05947632,8.0,ok_dr10
ZTF18acpeemg,0.900059746427662,SER,17.394758,16.748373,0.08418137,0.008394705,0.07904774,8.0,ok_dr10
ZTF19aaqtyku,1.5690199535676579,DEV,14.793817,14.303685,0.037069,0.008816,,5.0,ok_dr9
ZTF20absvtnc,0.9874732933195622,SER,19.756187,19.581234,0.072603785,0.037312046,,25.0,ok_dr10
ZTF21abcgnql,4.823272999309841,SER,16.565317,16.129152,0.025471,0.017934,0.017463,25.0,ok_dr9
ZTF19aaoiawb,0.19175456532981364,REX,18.92187,18.276804,0.4013234,0.051067017,0.39458913,15.0,ok_dr10
ZTF21aagtqug,5.376970233452278,EXP,20.791988,,0.362042,0.223691,,29.0,ok_dr9
ZTF24abqncdb,,,,,,,,,empty
ZTF20acggxac,2.9940555954763863,REX,22.716774,22.504082,0.5367002,0.15679279,,16.0,ok_dr10
ZTF23aazjqov,3.6019719370477534,DEV,,,,,,5.0,ok_dr10
ZTF24abipjoh,1.7757120988962263,EXP,22.426418,22.104504,0.31367528,0.30535442,,18.0,ok_dr10
ZTF20acntqoh,,,,,,,,,empty
ZTF23abofyzh,15.340075568527855,SER,14.571888,13.978843,0.044850755,0.00903101,,12.0,ok_dr10
ZTF21abjeyoh,3.0537367076828876,SER,20.18142,20.141562,0.043204,0.035141,,8.0,ok_dr9
ZTF22aaevwec,2.6439029451507206,SER,14.42037,14.023762,0.027708,0.005559,,7.0,ok_dr9
ZTF24aaadjyb,3.6941165638009177,EXP,20.90614,,0.03491506,0.42463872,,37.0,ok_dr10
ZTF21acgyzel,0.5771983161516074,SER,16.297966,15.824376,0.054634105,0.013747383,,32.0,ok_dr10
ZTF22abdibiz,8.101000713613209,REX,21.864021,23.004316,0.703339,0.28979,,20.0,ok_dr9
ZTF22aandlod,,,,,,,,,empty
ZTF24abzkfuo,10.26127665500641,DUP,,,,,,14.0,ok_dr9
ZTF20acvezdt,4.452327921454055,SER,15.534348,15.277665,0.024103785,0.0067509934,0.028924217,19.0,ok_dr10
ZTF23abgwvkv,6.051991617755439,EXP,,,,,,23.0,ok_dr10
ZTF25aaudpzv,1.2877014288274564,EXP,21.603865,21.616308,0.10572594,0.32709256,,9.0,ok_dr10
ZTF22abdvqqn,7.403327220005571,EXP,17.047285,16.897108,0.013154968,0.009656884,,14.0,ok_dr10
ZTF23abhyxpr,7.961017400919794,REX,22.220222,22.32791,0.21043521,0.6362525,,10.0,ok_dr10
ZTF19acecluy,6.634838434662415,REX,24.450085,26.138674,1.0217822,0.63530385,,30.0,ok_dr10
ZTF22abmpqbq,9.558271967064737,REX,23.23917,22.635372,1.2272297,0.30386817,,23.0,ok_dr10
ZTF22aayfpso,,,,,,,,,empty
ZTF21abdlrpr,11.589299493821036,SER,15.857856,15.329708,0.070811,0.014071,,10.0,ok_dr9
ZTF25aaglicm,17.237076446279765,REX,23.325663,23.023054,1.1486207,0.48442927,,12.0,ok_dr10
ZTF23aapkxkq,2.111557174913181,DEV,21.251719,22.21561,0.16849433,0.5444086,,20.0,ok_dr10
ZTF18acbwxgn,0.8989604875056014,EXP,22.686396,,0.06917069,0.21343611,,16.0,ok_dr10
ZTF21abrpdjh,4.19501030227973,SER,,13.665358,,,,4.0,ok_dr10
ZTF19aapcvxi,2.3636770373985603,SER,16.944368,16.305515,0.065284416,0.0074669416,0.063279234,18.0,ok_dr10
ZTF20aavpyxo,1.872243109867257,REX,23.945528,22.857174,0.962187,0.169756,,12.0,ok_dr9
ZTF22aazuowq,4.345971888538192,SER,14.634848,13.992215,0.04136472,0.010663559,,47.0,ok_dr10
ZTF22abgbbec,2.2836588748548796,SER,17.484943,16.88718,0.075784,0.014115,0.074959,13.0,ok_dr9
ZTF24aatbbmg,6.353487660331975,DUP,,,,,,28.0,ok_dr10
ZTF23aaarwbd,2.837720827888517,SER,17.08001,16.759813,0.044817,0.012609,,7.0,ok_dr9
ZTF22abfytlh,2.1656166738292097,SER,15.831279,15.182018,0.078481935,0.017165221,0.07579467,14.0,ok_dr10
ZTF21acpfndw,7.88698002660181,SER,17.918526,17.760376,0.038979,0.025686,,4.0,ok_dr9
ZTF25aaqkhyr,0.11427173388116497,SER,16.25624,15.404551,,,,4.0,ok_dr10
ZTF23abjvuwc,,,,,,,,,empty
ZTF21abexhlq,2.8437838462505596,EXP,20.258423,20.045557,0.113686,0.035308,,7.0,ok_dr9
ZTF20aahqbib,5.698384399943877,REX,21.182121,20.931446,0.5547,0.2873564,,20.0,ok_dr10
ZTF21abngbrl,1.9076094204409433,REX,21.791712,21.928726,0.064532146,0.17225954,,19.0,ok_dr10
ZTF19ackjtfm,3.349066963606128,SER,17.106737,17.06758,0.02428,0.007215,0.043227,20.0,ok_dr9
ZTF24aaoudyz,7.731532218563838,REX,21.52676,21.299662,0.649609,0.21145,,19.0,ok_dr9
ZTF22abevcjl,4.535295694813558,DEV,21.654821,19.847303,0.552668,0.34082,,12.0,ok_dr9
ZTF22abwqedu,4.222686927091048,SER,17.578106,17.11019,0.08758465,0.015721688,,28.0,ok_dr10
ZTF19acbwhqc,4.617869827544982,SER,20.67287,20.973993,0.31370154,0.2216311,,10.0,ok_dr10
ZTF24abrhwmu,,,,,,,,,empty
ZTF18adbclkd,8.494594684309348,EXP,22.08668,21.410696,0.97543454,0.33891082,,23.0,ok_dr10
ZTF18abfzixe,0.16416241991923577,SER,18.735256,18.548466,0.049325872,0.048750296,,9.0,ok_dr10
ZTF22aajhtpy,8.24973840426181,REX,22.62537,21.651932,0.53712106,0.13651432,,28.0,ok_dr10
ZTF24aauhawc,2.0165767415044256,EXP,19.217329,18.879133,0.10424183,0.029033044,,16.0,ok_dr10
ZTF20abjbiqf,0.3439861383788741,SER,18.151556,17.54348,0.074122,0.026762,,11.0,ok_dr9
ZTF23aatvksz,0.7890082577659406,EXP,,19.7767,,,,7.0,ok_dr10
ZTF22aaszlph,0.1985620350687718,EXP,22.13989,22.102581,0.13530816,0.54251873,,32.0,ok_dr10
ZTF20aadcbux,0.5292848596069751,EXP,18.89277,18.644781,0.08752346,0.031795263,,15.0,ok_dr10
ZTF21aaaecrv,1.4814402185180993,EXP,23.054811,23.794508,0.16657057,0.1271922,,44.0,ok_dr10
ZTF25aanmgrm,,,,,,,,,empty
ZTF23aaahmyn,3.1069517204731905,EXP,16.664364,16.319143,0.027887737,0.0060796654,0.042968225,16.0,ok_dr10
ZTF23aalklzg,0.3076888052927138,SER,,18.44847,,,,7.0,ok_dr10
ZTF20aaprrgg,0.1589876502526684,SER,16.77552,16.186127,0.06437436,0.017739402,0.086890444,38.0,ok_dr10
ZTF21acjgqjl,,,,,,,,,empty
ZTF25acgnldr,,,,,,,,,empty
ZTF22abynpmq,,,,,,,,,empty
ZTF25acamzgr,0.7371683974381745,SER,19.260998,18.993542,0.082048,0.037273,,11.0,ok_dr9
ZTF18aatzygk,0.17486068910377295,DEV,17.389427,16.750261,0.080756,0.009718,,13.0,ok_dr9
ZTF19aarstfg,5.617612433546294,REX,21.720184,,0.14693,0.356022,,15.0,ok_dr9
ZTF24aaisnlp,2.8450581913959443,SER,16.208662,15.558521,0.060098,0.011554,0.051652,14.0,ok_dr9
ZTF22abxsocn,2.7195817658895103,SER,16.498447,15.840253,0.061338,0.012249,0.060775,10.0,ok_dr9
ZTF22aaabjxi,2.76263721929652,REX,23.657475,28.516657,0.68900466,0.47993323,,12.0,ok_dr10
ZTF24aaaieeg,4.5154567853036,SER,15.972722,15.686638,0.023661,0.007343,,12.0,ok_dr9
ZTF22abbausm,0.7452425418988698,SER,19.48186,19.431551,0.061400183,0.049707767,,26.0,ok_dr10
ZTF20abeezca,0.616206284792198,REX,20.376495,20.166885,0.162789,0.057291,,12.0,ok_dr9
ZTF19aailqir,4.238272440140269,SER,15.540242,14.920356,0.052635,0.011242,0.054345,12.0,ok_dr9
ZTF22abtcsar,0.36920502289157237,DUP,,,,,,8.0,ok_dr10
ZTF21abkzgae,1.416046198657644,SER,20.408184,20.492817,0.060947,0.152146,,25.0,ok_dr9
ZTF21abnlhxs,0.34209335248276995,SER,14.216347,13.693322,0.007675501,0.0030217986,0.012953117,6.0,ok_dr10
ZTF24aaarwvd,3.706124192652426,DEV,18.14678,18.443857,0.0069099925,0.0078054504,,20.0,ok_dr10
ZTF21aazgkjf,0.18720791482421492,REX,19.25584,18.63571,0.16292407,0.030217512,,40.0,ok_dr10
ZTF20actekrw,2.6031624022494086,SER,19.78874,19.264591,0.18907814,0.17939879,,32.0,ok_dr10
ZTF20acgkbjz,9.168794854583771,DEV,14.972333,14.328367,0.067434,0.009875,0.0446,8.0,ok_dr9
ZTF18abjgzxw,,,,,,,,,empty
ZTF25aabotnk,1.1842568824734814,SER,22.153812,22.108818,0.060060076,0.068512194,,23.0,ok_dr10
ZTF21aafgljq,4.409231276170434,DUP,,,,,,8.0,ok_dr9
ZTF21abibhpm,10.288777819448555,REX,,19.599949,,,,7.0,ok_dr10
ZTF19aagnhug,0.23330521383402453,SER,16.453281,15.844661,0.13486293,0.027765417,,27.0,ok_dr10
ZTF21achaxze,1.0832885312713871,SER,,16.995743,,,,11.0,ok_dr10
ZTF21abjzkjf,6.283331745989682,EXP,21.594759,20.532753,0.89235157,0.08044308,,19.0,ok_dr10
ZTF19achjpyc,2.1234702060499044,SER,20.895802,20.821106,0.06900636,0.03228792,,25.0,ok_dr10
ZTF19acyltbi,2.4019898389350667,EXP,20.205961,19.911715,0.08882573,0.032072205,,27.0,ok_dr10
ZTF21aaekkbv,0.9417032911333217,EXP,21.090132,20.971966,0.08062,0.161511,,13.0,ok_dr9
ZTF23aaqqfks,5.882378290319589,REX,22.2223,20.806412,0.62331736,0.04358153,,19.0,ok_dr10
ZTF18acrhfbk,0.10928828516045416,SER,16.094856,15.449121,0.08857946,0.024259835,0.13645008,42.0,ok_dr10
ZTF20aaepsqa,13.542740124741071,REX,,20.67156,,,,13.0,ok_dr10
ZTF19abgncfz,0.585272371356606,SER,18.182735,17.845316,0.080942,0.025228,,9.0,ok_dr9
ZTF23aaabctl,1.0275220005495325,SER,19.056202,18.792313,0.06688264,0.047302775,,15.0,ok_dr10
ZTF20achvere,,,,,,,,,empty
ZTF20aaezaxk,1.2032728655850733,SER,15.129479,14.415972,0.04952229,0.0139827,,12.0,ok_dr10
ZTF18abkwfxq,,,,,,,,,empty
ZTF19aazxcvl,1.5156210587562726,SER,17.99816,17.755226,0.062193,0.01611,,13.0,ok_dr9
ZTF25acgtjkh,0.5179826390633859,REX,19.790937,19.477512,0.07984016,0.042662922,,8.0,ok_dr10
ZTF20abnmahn,0.7223282730578077,SER,16.639011,15.950124,0.08290253,0.010819434,0.07953299,12.0,ok_dr10
ZTF20aazpapu,,,,,,,,,empty
ZTF24aaupozr,7.959739060518523,DEV,19.326859,19.651836,0.0364322,0.18593502,,31.0,ok_dr10
ZTF20aasctts,11.999530053664012,SER,16.250206,15.638809,0.04337666,0.00821877,0.04566319,12.0,ok_dr10
ZTF23aadcltm,7.426966034398619,SER,19.781431,20.208466,0.06930862,0.032508135,,16.0,ok_dr10
ZTF18abixkdo,8.477739880730814,REX,23.396318,23.47522,0.90754163,0.65009767,,21.0,ok_dr10
ZTF25aboscbc,1.9180435007703232,SER,17.000244,16.436308,0.067392774,0.014704946,,13.0,ok_dr10
ZTF19abdrwsz,5.447639802430121,REX,23.549194,24.134962,0.7090142,0.774809,,29.0,ok_dr10
ZTF25aatzejc,1.2795550823213664,SER,16.501074,15.710268,0.071654,0.016875,,19.0,ok_dr9
ZTF23abavewn,0.4177177069842376,SER,17.559591,16.791292,0.09515539,0.022776935,,24.0,ok_dr10
ZTF18aawyjjq,4.853163857815233,DUP,,,,,,17.0,ok_dr9
ZTF23abjrolk,3.239320464359263,EXP,18.186478,17.94335,0.028607178,0.02055483,,12.0,ok_dr10
ZTF18abxrngw,0.22897857485842657,SER,17.539656,17.226044,0.16927502,0.041548684,,45.0,ok_dr10
ZTF20acoyyly,,,,,,,,,empty
ZTF21abylukk,2.216310425523211,SER,19.182234,18.829655,0.04493579,0.023584977,,16.0,ok_dr10
ZTF19aafncsv,4.865304571754878,SER,15.038291,14.458076,0.043027308,0.013434208,,16.0,ok_dr10
ZTF23aacaftn,4.670766671609905,SER,15.001937,14.265555,0.06541767,0.007738512,,22.0,ok_dr10
ZTF22aademuj,2.127920563144508,EXP,21.384752,21.34153,0.09939848,0.09917974,,29.0,ok_dr10
ZTF21aciluqg,1.9816771851501986,DUP,,,,,,17.0,ok_dr10
ZTF19abjmnlw,0.28017268547304536,SER,16.877073,16.422546,0.14828661,0.033904776,,43.0,ok_dr10
ZTF22aakynop,,,,,,,,,empty
ZTF21aaxtsqe,0.8845380456062183,SER,16.189955,15.47994,0.08096157,0.023922186,0.06577386,9.0,ok_dr10
ZTF21acknxoo,0.27677780680460673,SER,17.945286,17.298016,0.10587543,0.016022192,,44.0,ok_dr10
ZTF22abfzdkz,0.7895227355939255,DEV,21.679045,20.995747,1.2140012,0.3329113,,27.0,ok_dr10
ZTF18acahvwm,1.1813143192601676,EXP,22.471968,23.228874,0.168944,0.29561248,,17.0,ok_dr10
ZTF19abulzlj,1.947268067902537,REX,18.850061,18.55331,0.104351,0.03439,,11.0,ok_dr9
ZTF18acckoil,2.514657251382282,SER,15.013695,14.274148,0.043793492,0.012534375,,12.0,ok_dr10
ZTF21aazebgh,2.4791451349065805,SER,16.619696,16.041798,0.088099,0.013967,,16.0,ok_dr9
ZTF19abuhlxk,,,,,,,,,empty
ZTF20aazhyrs,1.2032130263943632,SER,16.904938,16.673658,0.038851447,0.019942863,,17.0,ok_dr10
ZTF24aahnutv,1.2472588287716915,EXP,21.654005,21.403675,0.1332689,0.092688404,,14.0,ok_dr10
ZTF18abqtnbk,0.44272549631175684,SER,18.002207,17.856615,0.05904312,0.027058002,,27.0,ok_dr10
ZTF18aasszwr,0.08724476336669379,SER,17.062468,16.503136,0.130708,0.034612,0.167948,14.0,ok_dr9
ZTF19acgpqxt,0.716088603525509,EXP,21.530693,21.358053,0.14141159,0.1308129,,20.0,ok_dr10
ZTF18aaunfqq,1.0912410852616559,SER,17.432196,17.008945,0.070459,0.012584,0.071087,12.0,ok_dr9
ZTF24aahlvgk,8.915748835568007,DEV,,14.901969,,,,8.0,ok_dr10
ZTF24abllesy,1.530609000183651,REX,19.852627,20.20931,0.076057,0.110483,,13.0,ok_dr9
ZTF22absxxub,0.3380861562519191,DEV,20.013636,19.724329,0.124462,0.048763,,13.0,ok_dr9
ZTF21aamsiqk,,,,,,,,,empty
ZTF20aapycrh,0.35287982463759254,EXP,20.58479,20.52627,0.111969,0.110988,,9.0,ok_dr9
ZTF24abwsaxu,6.863014069567335,EXP,19.576267,19.825687,0.036549985,0.02113386,,24.0,ok_dr10
ZTF19acfrntd,3.035660660727151,EXP,21.966038,22.204489,0.590975,0.311674,,15.0,ok_dr9
ZTF21aamzuxi,0.6510913714967743,SER,19.99414,20.09381,0.12903,0.115688,,26.0,ok_dr9
ZTF23aaenexu,1.0754775284048257,REX,17.027897,16.64427,0.059122,0.009325,0.055385,13.0,ok_dr9
ZTF24aaejvcx,12.95943562682993,SER,,12.362581,,,,3.0,ok_dr10
ZTF19abaosan,3.5109550470583377,SER,15.256472,14.797528,0.033511896,0.0069608465,,15.0,ok_dr10
ZTF22abnelse,5.416137056856242,EXP,18.318893,18.362474,0.010475,0.024171,,11.0,ok_dr9
ZTF24abzasaz,,,,,,,,,empty
ZTF19aaqhmju,0.4455389870401647,DUP,,,,,,2.0,ok_dr10
ZTF22aaookol,7.18114316324705,SER,17.38857,16.780912,0.07123313,0.015069501,,27.0,ok_dr10
ZTF20acpkprl,1.756009811094309,REX,17.912676,17.463367,0.10566783,0.01668469,,26.0,ok_dr10
ZTF18ablpmiy,,,,,,,,,empty
ZTF19aazrnvw,,,,,,,,,empty
ZTF24aavzglr,2.021743540141781,EXP,,,,,,12.0,ok_dr10
ZTF19adbricc,0.3516660332936052,REX,19.701822,19.248924,0.08970644,0.048524454,,16.0,ok_dr10
ZTF24abqxfrq,1.6153284097806964,SER,18.795147,18.183132,0.10450144,0.021569682,,24.0,ok_dr10
ZTF24aaxlnuv,,,,,,,,,empty
ZTF25abakxkw,0.8842530049094721,SER,21.125885,22.34806,0.018394,0.031179,,9.0,ok_dr9
ZTF22aajpdbs,3.796140189007658,DUP,,,,,,16.0,ok_dr9
ZTF18accjqzu,,,,,,,,,empty
ZTF20aahtjat,4.2404204680053255,EXP,22.326675,22.326265,0.1098033,0.1273487,,8.0,ok_dr10
ZTF22aadknec,0.21374375975971716,SER,16.677675,16.164772,0.051770482,0.013085588,,22.0,ok_dr10
ZTF22aamtomc,0.47097933703057554,REX,19.681643,19.415237,0.117499,0.051967,,8.0,ok_dr9
ZTF25aadvjal,0.3734784737643216,REX,22.0636,22.03113,0.32704,0.165866,,5.0,ok_dr9
ZTF23aaaasoh,5.023160518996992,SER,15.062173,14.43747,0.031272,0.003415,,21.0,ok_dr9
ZTF23aamshoi,3.432661879058138,SER,18.864576,18.40133,0.16053835,0.24105652,,32.0,ok_dr10
ZTF25aagacqk,2.344681111671789,SER,15.67531,14.893852,0.06751166,0.01395383,,15.0,ok_dr10
ZTF23aazskaz,1.9698195821681352,SER,19.124016,18.862516,0.08516319,0.026330195,,18.0,ok_dr10
ZTF24abbcmal,,,,,,,,,empty
ZTF20acbjgoa,3.409832622238487,SER,14.023604,13.677029,0.017500386,0.0037467554,0.015136886,8.0,ok_dr10
ZTF22abfutah,2.465299041846958,EXP,19.357166,18.971817,0.077489,0.040348,,6.0,ok_dr9
ZTF22abppdqh,2.391914584904711,EXP,21.119505,21.27933,0.08809459,0.2700298,,15.0,ok_dr10
ZTF21acfjeqk,0.22211812839487396,DEV,19.600927,18.990482,0.26541486,0.36385435,,24.0,ok_dr10
ZTF19abcegvm,0.27297723333867546,REX,,18.013174,,,,15.0,ok_dr10
ZTF25abjlntp,2.4905399809921698,EXP,20.457502,21.385813,0.22594261,0.12605649,,17.0,ok_dr10
ZTF21aagtuzm,3.0516598564909927,SER,18.530195,18.137678,0.07106609,0.019062247,,13.0,ok_dr10
ZTF23aaeozef,0.33495480929587157,EXP,20.873262,20.585192,0.11338431,0.13620076,0.07503,11.0,ok_dr10
ZTF19aavrcew,7.812299610877875,SER,14.62202,14.295311,0.019827338,0.0048214104,0.01940175,15.0,ok_dr10
ZTF22abodqjf,0.5392887800790691,SER,17.927668,17.2312,0.10478226,0.029244775,,13.0,ok_dr10
ZTF23aadmwpn,0.33731125736092177,SER,16.622643,16.142101,0.10757411,0.0334042,0.06062372,4.0,ok_dr10
ZTF24aarxxmm,0.1335314244095815,SER,19.350592,19.224243,0.08619173,0.023878234,0.07590247,29.0,ok_dr10
ZTF21abychwq,2.8230600884161983,REX,21.247173,21.925583,0.26529443,0.44620466,,28.0,ok_dr10
ZTF24aadknte,1.261376374913485,SER,18.202253,17.680756,0.083635,0.023806,,5.0,ok_dr9
ZTF20acjsazw,11.005727864015427,DUP,,,,,,8.0,ok_dr10
ZTF20abqcvtk,,,,,,,,,empty
ZTF24aaczgax,3.84947681853319,SER,17.431593,17.196453,0.02164081,0.0062043206,0.021247776,19.0,ok_dr10
ZTF20acrheie,0.2731969145566567,SER,15.127678,14.328815,0.037862957,0.007819096,,40.0,ok_dr10
ZTF25aaaauxw,,,,,,,,,empty
ZTF24aagiouv,2.0883555158647464,SER,15.791843,15.132878,0.05388409,0.008897848,0.044185776,14.0,ok_dr10
ZTF21aanehlz,8.83164742309505,REX,23.45138,22.462414,0.7587644,0.23412707,,10.0,ok_dr10
ZTF21aawqpuf,3.235867480557655,EXP,17.505539,16.975758,0.095328,0.019066,,10.0,ok_dr9
ZTF22aavcfed,3.3929637544793962,SER,16.364664,15.786252,0.04140624,0.0068694525,0.041277323,13.0,ok_dr10
ZTF20acrhrcy,5.013352013032953,SER,15.725157,15.024846,0.090043,0.007296,,10.0,ok_dr9
ZTF24abfmniy,,,,,,,,,empty
ZTF21aappehx,0.13421529978360042,DUP,,,,,,12.0,ok_dr10
ZTF20acpgnej,5.415636797803082,SER,13.94962,13.674778,0.025211,0.006281,0.032174,13.0,ok_dr9
ZTF20aawmlfq,4.959987295192447,SER,13.862267,13.025559,0.034304354,0.009192032,0.03170066,10.0,ok_dr10
ZTF21achyvno,4.037682961993715,SER,16.304497,15.885563,0.052378,0.010295,0.06146,15.0,ok_dr9
ZTF22aasthma,0.49454170783670803,SER,16.826399,16.243196,0.04683979,0.013643811,0.051640112,30.0,ok_dr10
ZTF19acoxgqw,3.565516568233663,DUP,,,,,,1.0,ok_dr10
ZTF18abcfdzu,1.5390511201250143,EXP,19.730371,19.139027,0.202332,0.053854,,9.0,ok_dr9
ZTF18aaqjovh,2.8076305731097397,EXP,22.914587,23.13799,0.21891198,0.45228317,,19.0,ok_dr10
ZTF19aafnend,0.10718497529289445,REX,21.009281,20.778246,0.204442,0.184717,,18.0,ok_dr9
ZTF19aahsgka,,,,,,,,,empty
ZTF22abrexqa,,,,,,,,,empty
ZTF22abnvncn,0.8984969288335007,EXP,19.448292,19.291466,0.093887,0.057433,,12.0,ok_dr9
ZTF21aaunadg,2.4766181226432926,SER,20.026646,20.142,0.062281,0.034147,,10.0,ok_dr9
ZTF24abcbmug,,,,,,,,,empty
ZTF21abqikvn,,,,,,,,,empty
ZTF19acxzmck,0.22823114839376415,DUP,,,,,,23.0,ok_dr10
ZTF22aadepde,1.0760924741016178,SER,15.326477,14.799898,0.045143,0.008265,0.053489,8.0,ok_dr9
ZTF18abucxcj,2.9549085262193384,DUP,,,,,,8.0,ok_dr9
ZTF18acwyqeg,0.06905493405331439,EXP,23.013903,23.559673,0.08952011,0.3465258,,36.0,ok_dr10
ZTF22aaptzap,2.896039122899673,DUP,,,,,,1.0,ok_dr10
ZTF21aaksblr,2.6389378536735757,EXP,20.17464,20.101673,0.049154,0.061175,,12.0,ok_dr9
ZTF25aaixrfr,2.52494784582795,EXP,22.304483,22.138895,0.2379419,0.12051756,,5.0,ok_dr10
ZTF18abupgps,0.5353533429577464,SER,17.266035,16.663204,0.090775415,0.012874844,,27.0,ok_dr10
ZTF21acioiha,0.03613230058030407,DUP,,,,,,10.0,ok_dr9
ZTF21abrthyb,,,,,,,,,empty
ZTF25ablxhsq,0.37528057793711667,SER,17.95196,17.181866,0.21009888,0.0051228725,,22.0,ok_dr10
ZTF18aatrkga,3.7051780337112956,SER,14.849458,14.45533,0.035635,0.007599,,5.0,ok_dr9
ZTF18abvfjwt,1.6545692872836146,SER,19.364939,19.072742,0.097275,0.046016,,11.0,ok_dr9
ZTF20acqpkxj,5.140603244017175,REX,,23.491259,,,,23.0,ok_dr10
ZTF22aaijrul,1.0393363776086044,SER,19.513327,19.332832,0.06434492,0.031959005,,11.0,ok_dr10
ZTF18absldfl,0.13426433657654838,SER,18.012173,17.852253,0.07269178,0.33221754,,23.0,ok_dr10
ZTF19aatnfvj,0.3735329109688118,SER,16.120626,15.465415,0.074330166,0.007039546,0.08348653,17.0,ok_dr10
ZTF24abcnhxx,2.4690030476250326,SER,14.659102,14.010893,0.046054427,0.010055957,,11.0,ok_dr10
ZTF23aahqvtz,5.601418382507555,SER,19.491257,19.261295,0.0643722,0.30564246,,21.0,ok_dr10
ZTF19abbwfgp,7.702699048221035,SER,13.484,12.855844,0.020386,0.007897,,4.0,ok_dr9
ZTF21acfflog,1.758158903931679,DUP,,,,,,19.0,ok_dr10
ZTF21abamotd,1.0217048295796238,REX,23.183393,23.128094,0.73462486,0.6510444,,32.0,ok_dr10
ZTF22aaoxhuh,1.7676661652200147,SER,15.670065,15.275118,0.026485,0.00438,,4.0,ok_dr9
ZTF23abvokyz,0.2584131461668751,SER,21.92792,23.13125,0.10105471,0.3861138,,20.0,ok_dr10
ZTF24aavzwkd,1.413709760354243,EXP,20.770378,20.320889,0.128202,0.060886,,15.0,ok_dr9
ZTF20aawxsit,,,,,,,,,empty
ZTF24ablssfw,,,,,,,,,empty
ZTF22abfuyqr,0.32695207166206064,SER,16.07493,15.493072,0.07457999,0.013283991,0.07804916,35.0,ok_dr10
ZTF20acggvnn,0.36813973748976037,SER,,,,,,17.0,ok_dr10
ZTF24aboqfdy,0.2847698559858732,REX,20.520176,20.822023,0.019043446,0.09075405,,11.0,ok_dr10
ZTF23aaavzeq,1.649367386273065,SER,17.130037,16.610073,0.07734521,0.011479929,,13.0,ok_dr10
ZTF23aaxadel,6.879323482578641,DUP,,,,,,10.0,ok_dr10
ZTF24aaztbct,0.43608950662604096,REX,18.689781,18.55502,0.009066446,0.05664087,,24.0,ok_dr10
ZTF21abidrcn,2.1730894423620386,REX,23.483719,24.170555,0.86163723,0.55643666,,12.0,ok_dr10
ZTF25aafhecq,4.614931631728981,REX,16.135626,15.942862,0.023276482,0.009921304,,15.0,ok_dr10
ZTF22aadiujq,,,,,,,,,empty
ZTF20abkfkze,,,,,,,,,empty
ZTF18adbckox,4.189542366522626,REX,23.460552,23.14396,1.1887332,0.49631366,,34.0,ok_dr10
ZTF19acvtvlo,3.390274788049551,DUP,,,,,,25.0,ok_dr9
ZTF23absguth,2.300654047481323,SER,13.308799,12.694848,0.020746,0.004918,,15.0,ok_dr9
ZTF20aalxlis,1.1332913923620862,REX,19.593037,20.170637,0.005495,0.056006,,18.0,ok_dr9
ZTF24abimnpm,1.2927465480835434,REX,20.283403,19.855934,0.18924865,0.049811546,,26.0,ok_dr10
ZTF24absdppq,0.5682456579057099,SER,17.234917,16.750137,0.065357,0.013915,0.055904,8.0,ok_dr9
ZTF22abaxmks,0.11766990710296037,EXP,22.254938,21.98875,0.24628177,0.11139024,,49.0,ok_dr10
ZTF22aabnonm,2.8960773257887977,REX,21.726635,21.912125,0.670142,0.474178,,13.0,ok_dr9
ZTF21aakjhcb,6.987040395654015,SER,15.922935,14.51209,0.33919626,0.058311373,0.041838907,22.0,ok_dr10
ZTF22aarynsk,,,,,,,,,empty
ZTF24abbbttv,0.2780133595729118,SER,15.709596,15.09786,0.044644,0.013007,,17.0,ok_dr9
ZTF24aaisoke,1.0083734113833214,SER,19.871073,19.568802,0.159149,0.055284,,9.0,ok_dr9
ZTF23abrzezc,,,,,,,,,empty
ZTF23aafwvek,1.898509449566178,SER,21.303808,22.713902,0.059665,0.060463,,19.0,ok_dr9
ZTF19acbwejj,2.678035797243894,REX,21.583397,21.424904,0.8514296,0.6652774,,17.0,ok_dr10
ZTF19acewuwn,,,,,,,,,empty
ZTF19acxphhl,2.76888382367332,EXP,21.070223,21.731886,0.028051,0.058286,,14.0,ok_dr9
ZTF23aaejvro,2.897973499565116,SER,17.22958,16.689926,0.053901,0.017753,,15.0,ok_dr9
ZTF24aahmyct,12.825233956362553,REX,21.97179,20.857834,0.499059,0.125964,,5.0,ok_dr9
ZTF19abqxibq,0.9775308664492408,SER,17.26662,16.981909,0.079327635,0.022150379,,38.0,ok_dr10
ZTF22aakejxf,0.2988618776277912,SER,16.393393,15.958518,0.037417285,0.016002899,0.06868887,13.0,ok_dr10
ZTF21aaquiwu,10.868482307340358,REX,21.67688,21.181187,0.545695,0.223283,,18.0,ok_dr9
ZTF19abgnuri,2.7525900336058093,REX,18.725468,18.339386,0.102714,0.064551,,21.0,ok_dr9
ZTF20aahqcup,7.506794140721134,REX,21.938255,,0.443357,0.32745,,13.0,ok_dr9
ZTF25aafkcir,0.8420927454120699,SER,18.480331,18.07846,0.036727987,0.024854649,,16.0,ok_dr10
ZTF24abnxrvh,3.986065313813205,SER,15.760428,15.298967,0.064950705,0.011071906,,18.0,ok_dr10
ZTF18acbvhfl,1.3784224421428217,SER,18.231255,18.348734,0.038493577,0.057039116,,16.0,ok_dr10
ZTF23aadwaiz,7.679329487459724,REX,15.595514,15.104511,0.034569763,0.017853681,,11.0,ok_dr10
ZTF19aapreza,,,,,,,,,empty
ZTF19abhphah,0.9023027694098164,EXP,19.555405,19.071438,0.125157,0.046135,,10.0,ok_dr9
ZTF19aapcxiy,0.46392721392476455,SER,21.403557,21.241203,0.15955788,0.380643,,44.0,ok_dr10
ZTF24aainaay,5.787150724160311,SER,15.488444,14.878134,0.071595,0.014524,0.079445,8.0,ok_dr9
ZTF25abowvko,2.9821898578435544,EXP,,20.904045,,,,6.0,ok_dr10
ZTF23aaiyexs,1.2649781223339973,REX,22.17643,21.9316,0.3982587,0.5255461,,36.0,ok_dr10
ZTF19adaiibn,0.09667794222800971,SER,15.689384,15.006001,0.09656265,0.023537472,,22.0,ok_dr10
ZTF24aaceash,,,,,,,,,empty
ZTF20acfviac,,,,,,,,,empty
ZTF22aaydcsb,15.31765055410419,DUP,,,,,,5.0,ok_dr9
ZTF18abtmbaz,0.33673265032064653,REX,18.522278,17.907917,0.10469589,0.044047605,,21.0,ok_dr10
ZTF23aapgswu,1.712826359794567,SER,19.125479,19.152157,0.05091971,0.026773136,,15.0,ok_dr10
ZTF24abtddls,0.16349876550376757,SER,16.639828,15.995088,0.051882,0.014454,,13.0,ok_dr9
ZTF21aarohyu,0.3095285623279913,SER,18.940079,18.538445,0.103305,0.033724,,16.0,ok_dr9
ZTF23aamsddm,2.932247484969808,DUP,,,,,,16.0,ok_dr10
ZTF25aanvpit,0.8052178559363345,SER,21.199923,22.98089,0.057351533,0.0396736,,43.0,ok_dr10
ZTF25abxedzr,11.64295634850256,SER,13.452799,12.750004,0.035142954,0.0058301548,,5.0,ok_dr10
ZTF20acwfcfs,3.2603452267626767,EXP,16.661716,16.327776,0.031883672,0.009627895,0.035517234,15.0,ok_dr10
ZTF20abpglei,,,,,,,,,empty
ZTF20acptdpf,2.768669933462097,SER,21.326952,21.44678,0.1446364,0.10954673,,25.0,ok_dr10
ZTF20abzcsbt,,,,,,,,,empty
ZTF21abfoace,1.8830862656945975,SER,18.360964,18.1253,0.041888,0.022849,,7.0,ok_dr9
ZTF21aagycmk,9.354976266826723,SER,15.229021,14.596206,0.079085,0.003916,,14.0,ok_dr9
ZTF21acdmwae,16.312988064083633,REX,24.088987,22.271448,0.8986425,0.1597747,,13.0,ok_dr10
ZTF23aaylkdm,5.056118586389213,SER,16.070427,15.320744,0.061027713,0.004802449,0.061695028,15.0,ok_dr10
ZTF24aadkslj,1.1850562350454215,SER,17.695791,17.475662,0.015374805,0.009465229,0.03479,19.0,ok_dr10
ZTF22abbiqoi,5.260647895689588,EXP,21.490427,21.69529,0.09839292,0.11174911,,20.0,ok_dr10
ZTF20acberbd,,,,,,,,,empty
ZTF21aaabxbd,0.44364469337064644,EXP,21.620672,21.801147,0.137542,0.150791,,12.0,ok_dr9
ZTF20abxwreg,,,,,,,,,empty
ZTF25aacfbem,0.9800882985395494,EXP,20.250975,19.91875,0.11504205,0.030215515,,7.0,ok_dr10
ZTF19acgouje,0.30024981010671914,SER,18.992401,18.67308,0.10019788,0.028223725,,59.0,ok_dr10
ZTF19acmbiad,1.8343984675509362,SER,19.817482,19.675013,0.06093,0.033154,,22.0,ok_dr9
ZTF25abzudli,1.611944392597613,SER,14.769471,14.250133,0.029869026,0.0070244223,,16.0,ok_dr10
ZTF21aclzodp,6.4776356698970625,SER,17.003653,16.664291,0.053614423,0.011864571,0.05270203,35.0,ok_dr10
ZTF18accbppp,8.950266226723594,REX,22.955118,22.031496,0.557445,0.17722213,,18.0,ok_dr10
ZTF24aaxyrrd,0.8959020381637703,REX,22.783506,25.34029,0.5886774,0.47865137,,21.0,ok_dr10
ZTF18aajjhkq,1.9549969049318656,SER,17.41479,16.725012,0.091298,0.009157,0.076836,13.0,ok_dr9
ZTF21abatolf,0.0701799061272556,SER,15.810013,15.268493,0.051161792,0.014690394,0.04491152,16.0,ok_dr10
ZTF22abyjfgt,2.928485054589498,REX,23.403297,24.681759,0.754787,0.42174,,11.0,ok_dr9
ZTF20abisrhp,2.5799357527244364,REX,19.378521,19.0417,0.10312872,0.10272929,,11.0,ok_dr10
ZTF22abzsylr,1.6368181624767777,DUP,,,,,,25.0,ok_dr10
ZTF22aaynpda,10.375565672566147,REX,22.07718,21.690426,0.38489586,0.58680606,,9.0,ok_dr10
ZTF20abgoocl,0.1516702429012058,EXP,21.374334,21.223438,0.16278571,0.12251633,,17.0,ok_dr10
ZTF21abyonuw,0.5357518990920261,SER,17.152445,16.387947,0.12469909,0.01217495,,8.0,ok_dr10
ZTF18abuhzfc,0.06108626676426242,DUP,,,,,,19.0,ok_dr10
ZTF19aakzwao,3.5441227916448055,SER,15.103939,14.765347,0.021710573,0.0032741742,0.019482723,16.0,ok_dr10
ZTF18acrxnme,1.4064751287354154,SER,15.836745,15.314055,0.055525538,0.013950502,0.07821,45.0,ok_dr10
ZTF18aaqpeoq,0.2826039975589201,SER,16.8533,16.271507,0.056065,0.011707,0.075445,14.0,ok_dr9
ZTF20acpkses,11.58391909027175,EXP,21.771063,21.892475,0.027948191,0.098579116,,19.0,ok_dr10
ZTF25abyndsj,5.561964697643162,SER,13.986609,13.182194,0.039373703,0.005813907,,8.0,ok_dr10
ZTF20aauqhka,2.5438772361099593,SER,16.40943,16.116154,0.045642,0.011377,0.038634,18.0,ok_dr9
ZTF22abemgfd,1.815079651406749,SER,18.25077,17.740286,0.079691,0.024901,,10.0,ok_dr9
ZTF22abrbpyh,2.320778058755089,SER,15.289755,14.649768,0.037728213,0.004253238,,22.0,ok_dr10
ZTF20acoqlrd,1.7405044670494167,SER,16.497158,15.883834,0.041111875,0.009585544,,14.0,ok_dr10
ZTF20acyrodl,2.199515403271933,SER,14.844898,14.253484,0.044084,0.005194,0.049014,6.0,ok_dr9
ZTF21acjoorl,0.48355327216596955,REX,,,,,,5.0,ok_dr10
ZTF19abcejlb,0.2192283469243481,SER,18.283611,18.171312,0.025044004,0.019310407,,14.0,ok_dr10
ZTF25acepuxi,10.529120516409654,SER,14.307922,13.901004,0.033858,0.006346,,10.0,ok_dr9
ZTF25abflwya,13.512515064970232,REX,,22.364946,,,,11.0,ok_dr10
ZTF21aaetnfe,6.036297533973825,REX,19.38151,18.980734,0.1317953,0.24565609,,19.0,ok_dr10
ZTF25aapenxt,2.357736774805568,SER,,18.723173,,,,4.0,ok_dr10
ZTF21achkgap,0.9372719000262346,SER,21.670057,21.989393,0.059637237,0.46053705,,24.0,ok_dr10
ZTF24absvzdo,,,,,,,,,empty
ZTF19abxqppy,5.318261312114069,SER,17.72844,17.338722,0.036109515,0.07588007,,13.0,ok_dr10
ZTF22abcesfo,0.1165391811201222,SER,15.815732,15.142256,0.07233834,0.026829455,,18.0,ok_dr10
ZTF19abwrzqb,,,,,,,,,empty
ZTF18aarxzmv,0.4364303824498021,EXP,20.666435,20.180544,0.311499,0.121702,,10.0,ok_dr9
ZTF19acmbhvv,0.9151585044215332,SER,15.761218,15.172644,0.049077,0.014973,,14.0,ok_dr9
ZTF21abxnghi,2.2119749758851412,SER,16.0582,15.533137,0.050222,0.012404,,23.0,ok_dr9
ZTF22aadlnaf,0.08501029616453619,REX,19.605513,19.26784,0.08221625,0.053141803,,14.0,ok_dr10
ZTF19aarkpif,3.9064474704513596,EXP,22.14754,21.587795,0.868452,0.177236,,10.0,ok_dr9
ZTF22aanrqje,2.0067516142803505,EXP,16.199,15.778222,0.008441602,0.014617858,,11.0,ok_dr10
ZTF18abotthj,0.21496133904165782,DUP,,,,,,16.0,ok_dr10
ZTF23aaikcdx,12.40593389433699,SER,14.520644,13.876532,0.02327487,0.00870044,,7.0,ok_dr10
ZTF20abwkqxd,,,,,,,,,empty
ZTF25abseeos,0.4145646276502297,SER,16.264574,15.369392,0.069953054,0.01972432,0.055528045,10.0,ok_dr10
ZTF22abemgir,,,,,,,,,empty
ZTF20abonvte,5.12039832878355,EXP,21.153425,21.175161,0.021042,0.135689,,8.0,ok_dr9
ZTF25acgqggy,0.1993576423738674,REX,22.069517,21.846813,0.306414,0.212279,,11.0,ok_dr9
ZTF21achdxdn,2.544343516949802,DUP,,,,,,19.0,ok_dr10
ZTF19aaxhysx,24.779935220419407,REX,21.626741,20.980421,0.32575607,0.08482249,,4.0,ok_dr10
ZTF20abuqali,1.9808728746953495,EXP,19.488361,19.273558,0.08273106,0.53370374,,20.0,ok_dr10
ZTF20aaivvwa,0.05989646631632693,SER,16.688986,16.069853,0.11359309,0.025623323,,45.0,ok_dr10
ZTF21aaagzee,1.7547008802585493,SER,19.952753,19.726566,0.099907495,0.03423655,,22.0,ok_dr10
ZTF23abbakmt,0.578780475408472,REX,22.324654,,,,,23.0,ok_dr10
ZTF24ablroer,3.749076037015741,REX,16.36229,15.841307,0.055394325,0.011521009,,29.0,ok_dr10
ZTF21acefkpy,3.210521381805908,SER,15.759072,15.0567,0.04293,0.008301,0.055327,10.0,ok_dr9
ZTF25acinunl,1.243941947040968,DUP,,,,,,17.0,ok_dr9
ZTF21aaagypx,2.795551268295476,SER,13.912531,13.369393,0.026233327,0.002809332,0.027057618,24.0,ok_dr10
ZTF23abtopsg,,,,,,,,,empty
ZTF21aalyvyw,9.655305205034919,REX,20.723902,,0.060575,0.146842,,11.0,ok_dr9
ZTF20aamenwg,0.27940216878783647,REX,20.45729,20.136942,0.1167748,0.1758181,,33.0,ok_dr10
ZTF22aadoihx,6.44239128114872,SER,11.881724,11.485037,0.008045,0.002283,,4.0,ok_dr9
ZTF19ablpfhz,,,,,,,,,empty
ZTF20aclggpx,0.7671136113837865,SER,17.044987,16.308947,0.09850355,0.010287242,0.083370164,7.0,ok_dr10
ZTF25acikmpq,,,,,,,,,empty
ZTF23abprvfl,3.9164707332057427,SER,17.905067,17.3962,0.05980734,0.012430286,,10.0,ok_dr10
ZTF22aaajuiz,0.7226291326048003,EXP,19.432594,19.103209,0.10744,0.046065,,14.0,ok_dr9
ZTF19abopyyu,1.6041094644999263,SER,18.218306,17.773928,0.098258026,0.018806307,,20.0,ok_dr10
ZTF20acxzqyp,5.008156712414652,EXP,21.69228,20.881699,0.484896,0.066012,,15.0,ok_dr9
ZTF19abhzewi,6.021426437857116,SER,13.879061,13.371149,0.031226,0.003607,0.036916,6.0,ok_dr9
ZTF21abchdql,1.790347742337823,EXP,22.80607,23.625572,0.19443336,0.21580921,,13.0,ok_dr10
ZTF19aafmfxg,1.3068314157271124,SER,17.739113,17.36724,0.06354329,0.014892496,,22.0,ok_dr10
ZTF20acpyldh,4.68073655329667,REX,24.159357,24.165682,1.0522892,0.5670243,,10.0,ok_dr10
ZTF23aaazbsu,3.327945654626988,EXP,22.893461,23.197456,0.1278186,0.19570602,,22.0,ok_dr10
ZTF21acgpjbx,4.548875243560696,EXP,20.904428,22.822292,0.023041623,0.07464274,,20.0,ok_dr10
ZTF19aaphmto,10.19611479555757,REX,19.885807,19.091133,0.40632,0.049259,,16.0,ok_dr9
ZTF22abyuxlw,2.9249007365267317,REX,22.679258,22.06736,0.807207,0.161676,,12.0,ok_dr9
ZTF20abqfgee,,,,,,,,,empty
ZTF21aafnunh,1.2904630901250354,SER,19.24246,19.106794,0.069990106,0.037419934,,9.0,ok_dr10
ZTF25aapwsyj,1.867359203507003,DUP,,,,,,31.0,ok_dr10
ZTF25acdcysh,,,,,,,,,empty
ZTF22aahebcu,3.0063740341516,EXP,20.3932,20.43734,0.031597,0.029953,,14.0,ok_dr9
ZTF19acwbhih,3.1054821650673756,REX,20.909117,19.032333,0.10647003,0.18093765,,14.0,ok_dr10
ZTF21aarmuxl,0.23186771440899687,SER,16.92668,16.338972,0.058328,0.013172,0.047532,22.0,ok_dr9
ZTF18acbwawc,7.5004017243973555,SER,14.924002,14.352793,0.04126,0.01016,,8.0,ok_dr9
ZTF20abixkpg,1.5933287640567881,EXP,19.749622,19.416218,0.108341,0.027419,,15.0,ok_dr9
ZTF22aazuuin,4.5235732398559705,SER,19.074566,19.190536,0.019540524,0.038454294,,56.0,ok_dr10
ZTF18abtswjk,0.24372366801798043,SER,16.50304,15.941714,0.08609399,0.027725032,,38.0,ok_dr10
ZTF19abzsjpn,3.3452906120108232,REX,21.371288,20.73356,1.1659939,0.3973831,,14.0,ok_dr10
ZTF21aabxjqr,5.373618487250412,SER,14.173153,13.814825,0.027823,0.006391,0.033178,8.0,ok_dr9
ZTF23aaoanrl,4.995432987336034,REX,23.765574,23.884192,0.54116595,0.4016156,,13.0,ok_dr10
ZTF23aaduhkq,0.20588876417047217,SER,15.538693,15.007064,0.06931558,0.017897913,0.061393518,23.0,ok_dr10
ZTF19aapbgty,1.0211650503789416,REX,22.40677,21.963148,0.536757,0.271274,,12.0,ok_dr9
ZTF18aceijsp,0.05981519270766849,DUP,,,,,,11.0,ok_dr9
ZTF22aajrfqn,3.1767401080760505,SER,15.775715,15.182822,0.080997,0.007625,0.088326,6.0,ok_dr9
ZTF24aaxqnbe,1.8295661918598465,SER,17.459316,17.719591,0.0164579,0.022760998,,25.0,ok_dr10
ZTF24aadmryr,0.5378312935851822,SER,21.318079,21.19195,0.1373179,0.13281947,,14.0,ok_dr10
ZTF25aaremst,1.0213928529329148,SER,21.14683,21.07735,0.17361069,0.52407664,,23.0,ok_dr10
ZTF19acxozhr,6.093879402414568,EXP,21.256205,21.366251,0.06810505,0.17755249,,17.0,ok_dr10
ZTF25acgnqom,3.2489933226772054,SER,14.69039,14.010797,0.0314095,0.003398056,,13.0,ok_dr10
ZTF22aafoqrd,3.204091495529409,REX,17.219435,17.195372,0.006829781,0.005681156,,11.0,ok_dr10
ZTF21abizmnw,0.33454171418692513,SER,,,,,,7.0,ok_dr10
ZTF24ablnplh,1.0654857579509747,SER,19.310892,19.11009,0.089332,0.048813,,8.0,ok_dr9
ZTF20aaxmtxg,3.5978161726047686,SER,16.919,16.332582,0.091773584,0.009923755,0.099976204,10.0,ok_dr10
ZTF21abiblpl,3.3677649947833257,REX,19.491426,18.971127,0.17446855,0.042237002,,15.0,ok_dr10
ZTF22abysshb,11.479243304104667,DUP,,,,,,3.0,ok_dr10
ZTF22aasrmim,1.9630084310276197,EXP,21.372437,21.531185,0.080506,0.227853,,13.0,ok_dr9
ZTF19abgczul,,,,,,,,,empty
ZTF25abghcuc,4.2634346745945,SER,15.683437,15.389254,0.025535624,0.0070024575,0.038044546,34.0,ok_dr10
ZTF20abqgsah,,,,,,,,,empty
ZTF22aadltbv,3.719509839979761,SER,18.738077,18.329828,0.058017,0.02721,,12.0,ok_dr9
ZTF21abtaxou,,,,,,,,,empty
ZTF23abjjrwv,1.672616852895485,EXP,20.587627,20.751223,0.088071,0.068282,,7.0,ok_dr9
ZTF19abwamby,0.42399311752590074,REX,20.978981,20.787565,0.157959,0.083698,,9.0,ok_dr9
ZTF21abulpnc,13.33054288504136,DUP,,,,,,19.0,ok_dr10
ZTF22aaasqwx,10.359325965951156,SER,,15.076573,,,,9.0,ok_dr10
ZTF21acpompz,3.2656576664737145,EXP,20.738523,20.821785,0.059779,0.04460612,,27.0,ok_dr10
ZTF18aauxzle,0.1262236117521066,EXP,19.14976,20.239964,0.005312,0.010334,,12.0,ok_dr9
ZTF21abouuow,,,,,,,,,empty
ZTF23aajrmfh,15.281025569177306,EXP,18.514036,19.176775,0.0098341005,0.07904547,,7.0,ok_dr10
ZTF22aaijnqy,2.053265085219663,SER,19.573153,19.400383,0.060425,0.029806,,9.0,ok_dr9
ZTF19acgdxel,0.10896631779532244,SER,17.473576,16.811768,0.12065652,0.00737826,0.10237119,15.0,ok_dr10
ZTF22aakjjjj,1.8552658041464245,SER,17.169266,16.660755,0.039749883,0.012607868,,42.0,ok_dr10
ZTF24abzgggz,0.12440732077047316,REX,23.217405,22.398174,0.915151,0.211259,,24.0,ok_dr9
ZTF24abtbalq,0.12344021344687595,SER,19.370087,19.14466,0.03109872,0.01963899,,35.0,ok_dr10
ZTF19acvdyyn,0.8693844098277234,SER,19.558434,18.779648,0.13514385,0.09099071,,28.0,ok_dr10
ZTF21aciustc,6.133007079298373,SER,,,,,,5.0,ok_dr10
ZTF25aaqsuda,0.34075030502571274,SER,15.196524,14.709082,0.026818652,0.005191169,,19.0,ok_dr10
ZTF20aclwowi,2.153443347174168,REX,,,,,,16.0,ok_dr10
ZTF24aagoljl,5.875489519241182,REX,19.970098,20.082474,0.02504752,0.023154866,,16.0,ok_dr10
ZTF18acybdar,0.12365824839564186,EXP,19.402897,19.057283,0.105943,0.033055,,8.0,ok_dr9
ZTF24aapadbb,1.0525380005809124,EXP,23.5991,,0.428689,0.321339,,19.0,ok_dr9
ZTF23aavmycb,1.27726660676615,SER,22.399038,,0.19170363,0.49127564,,51.0,ok_dr10
ZTF18abtqevs,,,,,,,,,empty
ZTF18aansqun,0.7220823830564149,SER,15.822288,15.335425,0.06233,0.011875,0.059645,12.0,ok_dr9
ZTF21abameyr,5.419054126624988,SER,16.358671,15.732968,0.056364693,0.0073286365,0.059750814,17.0,ok_dr10
ZTF22abftfug,1.9371014536392317,SER,16.101463,15.725522,0.05888112,0.008205387,,19.0,ok_dr10
ZTF18adbacli,0.10424258610208717,DUP,,,,,,25.0,ok_dr10
ZTF21aapjcqb,1.4882561247398343,EXP,20.301163,19.90103,0.4311694,0.23380804,,21.0,ok_dr10
ZTF21aaahtln,3.996116518887365,SER,16.30404,15.721865,0.060234,0.013827,0.07634,11.0,ok_dr9
ZTF20acwobku,9.348124157845342,SER,13.537741,12.940126,0.029415406,0.0070369425,0.034649998,23.0,ok_dr10
ZTF18abumflq,,,,,,,,,empty
ZTF22abitewv,0.16363556858075953,REX,,16.490376,,,,8.0,ok_dr10
ZTF21aceqgbv,0.44386061723855197,SER,19.556644,19.078539,0.146022,0.033451,,17.0,ok_dr9
ZTF22abvmasw,4.708232735540917,REX,21.390667,21.15315,0.61581707,0.5123541,,20.0,ok_dr10
ZTF19acbvrhb,4.826418048192338,REX,21.973967,21.642239,0.44145924,0.07693184,,37.0,ok_dr10
ZTF22aaafjoc,1.4246091213313468,EXP,18.599308,18.352434,0.061248,0.027189,,15.0,ok_dr9
ZTF22abqaqnn,11.502529038014067,DEV,,11.922823,,,,2.0,ok_dr10
ZTF18acsovsw,5.100146108580326,REX,21.672728,21.001356,0.8144492,0.33869126,,11.0,ok_dr10
ZTF19aailltc,0.6441812979255018,EXP,20.79562,20.661976,0.08494,0.086048,,21.0,ok_dr9
ZTF25aabvekt,,,,,,,,,empty
ZTF20aaezizk,2.9828542882379585,EXP,21.419994,21.258783,0.082645,0.184965,,7.0,ok_dr9
ZTF25abmjfcf,0.22682623393474188,DEV,22.47622,22.243326,0.6423083,0.47834235,,20.0,ok_dr10
ZTF18aachojf,0.2015346170295918,DUP,,,,,,14.0,ok_dr9
ZTF22abgndif,0.8608516820048295,SER,14.668886,13.973355,0.0324869,0.007633731,,8.0,ok_dr10
ZTF22aalrcmn,2.114319796388011,SER,,17.781204,,,,22.0,ok_dr10
ZTF21acimjvp,5.990391086878533,EXP,22.563435,21.33682,1.0854731,0.24154083,,7.0,ok_dr10
ZTF18acuqskr,1.1174757213585076,SER,16.780987,16.154554,0.050196107,0.01471342,0.04455124,20.0,ok_dr10
ZTF25aatxnic,3.5982419663185903,SER,19.584072,20.57908,0.012418428,0.015156545,,21.0,ok_dr10
ZTF19ablzora,5.730712644053296,EXP,19.069462,18.62942,0.12335198,0.060259067,,10.0,ok_dr10
ZTF24aaffjrc,2.986690447697883,SER,17.272833,16.995337,0.042236,0.010115,,20.0,ok_dr9
ZTF22abqrdqq,2.7177875080939606,REX,22.77022,22.183077,0.5117017,0.16069354,,20.0,ok_dr10
ZTF22aaksdvi,1.153157426768522,DEV,,,,,,12.0,ok_dr10
ZTF22aagtrsh,1.8989923344387512,SER,19.916569,20.357548,0.032865603,0.026543437,,15.0,ok_dr10
ZTF21abujejr,0.07272211173529071,DEV,16.679836,16.04595,0.072994,0.01153,,18.0,ok_dr9
ZTF22abfzdjj,1.3835375612896372,SER,21.187613,22.253874,0.039772864,0.09850212,,27.0,ok_dr10
ZTF25aboxset,,,,,,,,,empty
ZTF19acbwilc,3.7168078071385353,SER,16.412945,15.936629,0.043724827,0.012809165,,22.0,ok_dr10
ZTF23absqicj,9.861592835851644,DUP,,,,,,11.0,ok_dr10
ZTF24aahlvez,0.2495316571174945,DUP,,,,,,5.0,ok_dr10
ZTF18acebssa,0.9019190072967517,REX,21.191168,21.293633,0.23802307,0.54681206,,37.0,ok_dr10
ZTF22aaegxpa,5.133611515861747,DUP,,,,,,21.0,ok_dr10
ZTF23aafsglu,5.864957208684645,REX,23.751299,23.25792,1.0784997,0.42500898,,25.0,ok_dr10
ZTF24aashinc,6.2702959858852125,SER,16.58798,15.985882,0.09203132,0.013569838,,15.0,ok_dr10
ZTF22abhjdlx,0.5500785627361339,REX,17.630222,17.156147,0.041828,0.012619,,21.0,ok_dr9
ZTF24aasntvs,4.330475033459542,EXP,20.292103,,0.063011,0.068562,,17.0,ok_dr9
ZTF24abnregl,7.911921843309533,SER,19.144165,18.945326,0.06070749,0.08455758,,54.0,ok_dr10
ZTF24abikzjx,1.7483212044648575,REX,23.131779,23.535145,0.6722231,0.48207167,,21.0,ok_dr10
ZTF25abjjlgl,0.0882142561646043,DEV,21.194687,22.347795,0.31473112,0.19311056,,35.0,ok_dr10
ZTF19acxpwil,10.421121570097483,REX,24.177654,23.118858,1.0304748,0.2393076,,14.0,ok_dr10
ZTF24abpzxep,2.574101468649446,SER,14.108785,13.320208,0.03401859,0.018192878,,17.0,ok_dr10
ZTF25aaymwcj,2.2188553497481642,DUP,,,,,,7.0,ok_dr10
ZTF25abhrbjt,2.5508399525793157,SER,14.415599,13.587651,0.028523,0.006136,,14.0,ok_dr9
ZTF21achjwus,5.9699884137329695,DUP,,,,,,9.0,ok_dr9
ZTF21aaabvkj,3.8196621071692705,SER,15.471479,14.880556,0.062801,0.009886,0.077159,17.0,ok_dr9
ZTF24aaijpbj,1.5502690327677546,REX,21.714378,21.259474,0.7255291,0.45429295,,39.0,ok_dr10
ZTF19adcddzk,9.602241770285902,REX,23.51418,22.610445,0.860957,0.227817,,15.0,ok_dr9
ZTF25abztvud,2.16299779022379,SER,17.150297,16.833094,0.05461,0.017118,0.034441,13.0,ok_dr9
ZTF20abvvnqh,1.2717172864306037,SER,16.930973,16.569786,0.045578,0.012502,,21.0,ok_dr9
ZTF18aaizerg,1.232228391844708,SER,16.359392,15.772202,0.061601,0.009339,0.068534,6.0,ok_dr9
ZTF21aatklhw,3.3035713544883345,SER,16.85064,16.21053,0.075017,0.009545,0.06687,4.0,ok_dr9
ZTF21abhqhqb,0.9408537910747126,SER,17.090944,16.835665,0.041227,0.012317,0.051644,10.0,ok_dr9
ZTF21aamwqim,3.51067932203678,SER,19.241875,19.309835,0.034660015,0.026689366,,23.0,ok_dr10
ZTF21aarasvn,1.0936912516378743,SER,17.289062,17.058004,0.011448381,0.007143031,,10.0,ok_dr10
ZTF19abdviwl,0.6129417136993022,SER,19.983425,19.80193,0.033337843,0.027667038,,11.0,ok_dr10
ZTF21aaevrjl,0.7606001742305333,SER,17.54486,17.498482,0.020059744,0.015717017,,19.0,ok_dr10
ZTF25abiwxpf,,,,,,,,,empty
ZTF18abrlljc,1.3188252784625896,REX,19.423975,19.580078,0.024607,0.021836,,13.0,ok_dr9
ZTF22abdstgi,0.986311395704547,SER,,18.171392,,,,17.0,ok_dr10
ZTF23abbcycg,0.350960915284295,SER,15.755472,15.329126,0.026727922,0.005946722,,13.0,ok_dr10
ZTF22aahfuaa,0.2531052509430926,REX,24.160555,24.854427,0.6401707,0.5211013,,23.0,ok_dr10
ZTF21aatwlhj,1.5566887879216809,SER,19.810213,19.77778,0.08066402,0.037341032,,16.0,ok_dr10
ZTF25aaytlnf,1.227143466882474,EXP,22.668587,23.873459,0.026629,0.283699,,14.0,ok_dr9
ZTF24ablflur,0.43218539082308693,SER,19.6442,19.520723,0.041582,0.029804,,14.0,ok_dr9
ZTF22abakcfy,1.953559103365092,SER,,,,,,11.0,ok_dr10
ZTF25aajawti,6.228361575932105,EXP,21.083035,,0.036551,0.124477,,11.0,ok_dr9
ZTF22aakkmri,0.5257742264285832,EXP,21.857702,21.712042,0.11548845,0.16818336,,9.0,ok_dr10
ZTF20abmcyox,3.1092161536846956,SER,19.242735,19.486374,0.023737112,0.07126972,,19.0,ok_dr10
ZTF21aawogdl,5.242273226150732,DUP,,,,,,24.0,ok_dr10
ZTF20abvqibv,0.6690960160881007,SER,20.385582,19.566977,1.3653123,0.7108532,,15.0,ok_dr10
ZTF22abytupz,1.6594140228546634,SER,16.87863,16.431536,0.074896,0.012038,0.060409,17.0,ok_dr9
ZTF19acyndpl,2.4230384908400624,EXP,21.245653,20.91308,0.12017276,0.28130552,,12.0,ok_dr10
ZTF22abtoqfj,4.747133176994292,REX,21.29503,,0.311258,0.311608,,20.0,ok_dr9
ZTF18abpttky,0.28503803488003043,SER,17.897797,17.431662,0.093839,0.020374,,18.0,ok_dr9
ZTF23aawqydv,0.20981688267631857,SER,16.225924,15.514703,0.06650371,0.011904704,0.05903135,61.0,ok_dr10
ZTF23aajkjxm,0.30442712855680343,SER,17.497902,17.224531,0.024198735,0.015622416,,11.0,ok_dr10
ZTF18abmjvpb,12.24933067641239,REX,24.412094,23.427721,1.0577104,0.3499646,,14.0,ok_dr10
ZTF18aarbgdn,1.2649779031365795,SER,14.428174,13.864722,0.039358515,0.011624264,0.04449056,8.0,ok_dr10
ZTF18acqxsyi,0.889455974812543,SER,15.58396,15.089682,0.057982188,0.009350235,0.0635812,16.0,ok_dr10
ZTF19acyjzeo,2.692203886813661,EXP,18.781569,18.640825,0.041822575,0.03410676,,20.0,ok_dr10
ZTF20abjwvdh,2.2898767181204573,REX,,14.322257,,,,11.0,ok_dr10
ZTF25abzbzom,1.908038319254233,SER,16.927485,16.182522,,,,7.0,ok_dr10
ZTF24aaheprj,3.1609661557215376,SER,16.441196,16.287426,0.035866,0.007088,,8.0,ok_dr9
ZTF18abuicad,0.09986353858660979,SER,20.550022,21.032572,0.033292226,0.0278316,,20.0,ok_dr10
ZTF24abigauq,10.37790141271839,SER,14.091848,13.615097,0.023973482,0.0032993262,0.025761588,14.0,ok_dr10
ZTF24aajqsti,4.144581499206689,SER,16.519947,15.754917,0.075445,0.018594,,20.0,ok_dr9
ZTF19abqysic,,,,,,,,,empty
ZTF23aajbejz,9.246580896265453,REX,15.814639,15.331167,0.052371792,0.0071375826,,15.0,ok_dr10
ZTF20abwavab,,,,,,,,,empty
ZTF20aadvunl,0.2356446383106539,SER,18.803267,18.428226,0.058857,0.02787,,14.0,ok_dr9
ZTF25aamrath,6.16155314314226,SER,16.724531,16.016783,0.04436364,0.012766499,0.04975149,7.0,ok_dr10
ZTF23aaahuzc,2.327270252113754,SER,17.5869,17.034992,0.090612,0.01636,,14.0,ok_dr9
ZTF23abawgqs,2.792903920601401,SER,13.111334,12.45987,0.023161,0.006524,,10.0,ok_dr9
ZTF21abxniow,1.6836329478900773,SER,20.199856,19.629032,0.2812167,0.10576767,,17.0,ok_dr10
ZTF20abedydu,1.3698306667073679,EXP,21.399803,20.546026,0.638167,0.094193,,8.0,ok_dr9
ZTF25abbzfjz,8.808488561661616,REX,,,,,,10.0,ok_dr10
ZTF23abbtkrv,3.6261050743569583,SER,13.799371,13.400513,0.024789,0.005982,0.025215,25.0,ok_dr9
ZTF20abjwuuv,0.6438619948019751,EXP,22.034544,21.581827,0.23199555,0.27777818,,16.0,ok_dr10
ZTF24ablozqg,8.37015233069792,REX,22.706268,22.42719,0.32050675,0.28749004,,11.0,ok_dr10
ZTF22aaudjgc,3.7813636985634136,SER,14.495989,13.800633,0.03804893,0.007266349,0.027196975,7.0,ok_dr10
ZTF18acvgnil,3.2456821186476947,SER,15.109254,14.379504,0.06504071,0.012142505,0.07343815,21.0,ok_dr10
ZTF18abxmxbh,1.1681918157531694,SER,18.53282,18.375748,0.025706511,0.025263244,,38.0,ok_dr10
ZTF22aaooldm,6.596150203058997,SER,20.782984,20.509605,0.097619824,0.25400436,,16.0,ok_dr10
ZTF20abyzgzj,16.232296008292565,REX,,,,,,2.0,ok_dr10
ZTF19adcetym,1.2553484107568216,DUP,,,,,,17.0,ok_dr9
ZTF19aatvvvu,,,,,,,,,empty
ZTF20acviwgj,,,,,,,,,empty
ZTF20abefbnz,0.023688837576213182,SER,19.461658,19.138725,0.06945414,0.053167015,,14.0,ok_dr10
ZTF24abvyngn,1.3674192322046899,SER,16.164654,15.62271,0.06346208,0.008786078,0.058153525,15.0,ok_dr10
ZTF23aaehsgs,7.505032269259316,EXP,19.386127,19.608183,0.069387,0.082549,,13.0,ok_dr9
ZTF22aanzrlh,4.190318388281911,DEV,13.073079,12.492174,0.023524,0.003485,,12.0,ok_dr9
ZTF22aatnyqk,5.787485592525738,DUP,,,,,,17.0,ok_dr10
ZTF22aaajhkj,1.1721509800191963,EXP,22.454018,23.37624,0.15009487,0.08250226,,18.0,ok_dr10
ZTF23abkbieh,1.3446958993364306,DUP,,,,,,9.0,ok_dr10
ZTF25abimrij,0.31744821211556357,REX,,20.361685,,,,6.0,ok_dr10
ZTF24abuqxjx,5.600280471012502,SER,,14.722932,,,,11.0,ok_dr10
ZTF20acpyaap,2.3060899038521434,SER,21.608995,21.142256,0.41315836,0.09651857,,27.0,ok_dr10
ZTF23aasovdv,0.2511560201921643,REX,23.393333,22.836855,0.7902023,0.4581476,,12.0,ok_dr10
ZTF21aagqcfs,5.0403998147943,SER,13.312341,12.681562,0.024475317,0.0046637505,0.02331089,22.0,ok_dr10
ZTF23aaqmfgs,0.7019860862903802,EXP,20.800358,20.476452,0.16893998,0.08528332,,13.0,ok_dr10
ZTF20aaifsri,2.714606996054222,EXP,23.141926,23.02552,0.6502249,0.5061079,,14.0,ok_dr10
ZTF25aantruy,1.7360256435988353,EXP,19.183233,19.017134,0.054802,0.042796,,13.0,ok_dr9
ZTF18abgzkmf,,,,,,,,,empty
ZTF21abjhiqp,1.076521151344949,SER,19.188293,18.994173,0.09159685,0.034258775,,8.0,ok_dr10
ZTF19abjslyw,1.6508838497820733,SER,16.315176,15.98472,0.045104,0.009535,0.044348,7.0,ok_dr9
ZTF24abfsxul,3.34410762124836,SER,21.864418,,0.05294406,0.45094934,,16.0,ok_dr10
ZTF21aapzgtu,0.677991695914049,EXP,20.863287,20.611822,0.1212363,0.07673391,,11.0,ok_dr10
ZTF23aberpzw,11.883196857372873,REX,21.862864,,,,,19.0,ok_dr10
ZTF24aahsyhe,1.7283398963464447,EXP,21.268885,22.193401,0.065463,0.114157,,22.0,ok_dr9
ZTF22abzkion,4.584690206033543,SER,17.598637,17.19975,0.057794165,0.011347458,,22.0,ok_dr10
ZTF22aaffaah,0.12670760681697982,DEV,17.133509,16.455997,0.09446018,0.014479288,0.077495545,25.0,ok_dr10
ZTF23aazuzip,7.90475216769425,SER,14.486598,13.760449,0.033041783,0.005460025,,6.0,ok_dr10
ZTF24aaimzkp,5.47785166023414,SER,15.328412,14.999692,0.01451777,0.006855685,0.015243337,14.0,ok_dr10
ZTF23aafhfwx,0.11596628421845079,SER,17.311419,16.741974,0.06124931,0.009612813,0.06672431,12.0,ok_dr10
ZTF25aapvizs,8.210472808235291,SER,20.550404,20.242327,0.12919602,0.24963772,,15.0,ok_dr10
ZTF20acmhpvd,,,,,,,,,empty
ZTF19abafrvy,0.21005767175927684,REX,18.107706,17.5615,0.086751506,0.016091289,,8.0,ok_dr10
ZTF22aaqlfwe,2.4881640361227393,SER,17.967058,17.428076,0.1232212,0.013670764,0.11690734,29.0,ok_dr10
ZTF25aalufla,0.5654101136349161,EXP,19.505995,19.273937,0.17634343,0.12964612,,13.0,ok_dr10
ZTF19aaynnae,0.9748212243191512,REX,,18.29822,,,,22.0,ok_dr10
ZTF20acumekm,6.106177056320185,DUP,,,,,,34.0,ok_dr10
ZTF24abmksiy,2.451162851861207,SER,17.421452,17.140799,0.045183,0.011139,,12.0,ok_dr9
ZTF22abyiisu,6.225084747673433,SER,16.270975,15.854017,0.018505955,0.006754954,,13.0,ok_dr10
ZTF25acgctjf,7.230920329153864,SER,16.523886,16.135874,0.052067365,0.018121976,,7.0,ok_dr10
ZTF22aaobkbh,,,,,,,,,empty
ZTF23abnymxl,10.776378324044659,DUP,,,,,,8.0,ok_dr10
ZTF25acgqgrv,4.172756579423152,SER,14.858018,14.203669,0.07413,0.006597,0.079671,9.0,ok_dr9
ZTF24aavhyax,7.1331698933156185,SER,14.271494,13.254803,0.037790786,0.024454398,,17.0,ok_dr10
ZTF22abgcigh,,,,,,,,,empty
ZTF21abtbygc,3.293088273603604,SER,15.800652,15.137738,0.06348391,0.0059938384,0.06341063,15.0,ok_dr10
ZTF24abtzsno,0.8963245361329221,DEV,21.570337,,0.61044,0.303227,,19.0,ok_dr9
ZTF19aanramr,3.8536131055526583,SER,16.586075,15.906816,0.047013,0.009942,0.044009,25.0,ok_dr9
ZTF20aavhixe,4.444894181245116,SER,19.610632,19.348242,0.08433012,0.13753664,,37.0,ok_dr10
ZTF21aadoizf,,,,,,,,,empty
ZTF20aasmueu,5.868838891222554,DUP,,,,,,6.0,ok_dr10
ZTF18abbodly,,,,,,,,,empty
ZTF19abywduc,,,,,,,,,empty
ZTF24aaymkrs,6.3171543600718,EXP,20.296974,20.43748,0.029132836,0.021551335,,5.0,ok_dr10
ZTF19abzvyew,0.04603608867366894,SER,17.0315,16.399872,0.080086395,0.019899936,,19.0,ok_dr10
ZTF25ackrgcs,2.2177344387667204,SER,16.917944,16.598757,0.043636,0.011041,0.045792,12.0,ok_dr9
ZTF21aajvtsq,4.115544802236347,SER,17.425882,16.801773,0.122317,0.02132,0.107068,7.0,ok_dr9
ZTF20abirxmf,0.22007435017952398,DEV,,,,,,16.0,ok_dr10
ZTF21aarskup,2.2200888600647923,EXP,20.49105,19.70015,0.660986,0.154619,,11.0,ok_dr9
ZTF19acxndsk,8.341466878987644,REX,21.133,20.61256,0.681893,0.086163,,19.0,ok_dr9
ZTF21acasrer,1.8127574877184887,REX,16.897434,16.524448,0.067658,0.011856,,25.0,ok_dr9
ZTF20aayvmyh,0.40846274720984876,REX,22.8712,22.489323,0.809497,0.36762598,,21.0,ok_dr10
ZTF19abmzmom,2.659557083617724,EXP,,16.532991,,,,15.0,ok_dr10
ZTF19aamkywr,1.3453323975662361,SER,14.13439,13.382437,0.024332138,0.0073413574,,18.0,ok_dr10
ZTF18abuhyjv,1.1855914390530116,EXP,22.323263,21.751202,0.3786258,0.11205206,,23.0,ok_dr10
ZTF21aaglamm,2.579522633765447,DEV,14.595751,14.075781,0.048995752,0.010887569,,12.0,ok_dr10
ZTF23aajucmw,0.8830832753751057,REX,21.720604,21.381357,0.21285044,0.2185105,,6.0,ok_dr10
ZTF18acurlbt,0.46949236475086825,SER,20.7782,21.2236,0.045773324,0.18639909,,15.0,ok_dr10
ZTF22abaxqlk,2.775738466506402,DEV,20.915783,19.881733,0.50137955,0.093651764,,24.0,ok_dr10
ZTF23aaeskhd,1.8950500687876914,REX,23.558733,23.302507,1.030088,0.334253,,14.0,ok_dr9
ZTF24aatzgua,5.954653116827906,REX,22.646828,21.68868,0.88825583,0.12152413,,19.0,ok_dr10
ZTF20abxyaje,3.460877106483282,EXP,22.829191,,0.15777667,0.31918606,,13.0,ok_dr10
ZTF18aawurud,0.6503859964194102,SER,15.137999,14.576961,0.032593,0.008648,,19.0,ok_dr9
ZTF22aaknhja,1.242156605516637,SER,17.84607,16.982565,0.095153645,0.019043656,,14.0,ok_dr10
ZTF24ablnstl,0.7057934305158386,REX,,,,,,17.0,ok_dr10
ZTF20abeoicg,2.2747960104916887,SER,17.458344,16.905247,0.06297321,0.013118994,0.039225005,17.0,ok_dr10
ZTF18aceexmi,1.628648836636019,EXP,22.433542,23.215214,0.18543237,0.15347975,,14.0,ok_dr10
ZTF21abjvtxq,,,,,,,,,empty
ZTF22aafjjuq,,,,,,,,,empty
ZTF23aaasblk,2.334433734032442,REX,24.178692,23.547823,1.0955219,0.39998206,,50.0,ok_dr10
ZTF25aaehohz,1.4987552180886148,REX,21.985943,21.807655,0.51234955,0.6620422,,32.0,ok_dr10
ZTF20aazoqmh,4.283005660422181,SER,15.324504,14.706268,0.043562,0.012681,,12.0,ok_dr9
ZTF18aahjafd,0.09388101079486756,DEV,17.341463,16.805807,0.03911795,0.01106996,0.0358346,10.0,ok_dr10
ZTF21aaoiaar,,,,,,,,,empty
ZTF19acjwqvo,,,,,,,,,empty
ZTF22aabwxnp,2.388998965705071,SER,17.650412,17.114428,0.070881,0.01245,0.077947,12.0,ok_dr9
ZTF19aczmnqy,1.064122392809498,EXP,21.116041,21.294125,0.04831949,0.12144169,,16.0,ok_dr10
ZTF22aajijjf,0.41600788721736714,EXP,21.654335,21.399055,0.13165791,0.17180099,,8.0,ok_dr10
ZTF22aakpvbx,0.9275072610763118,SER,20.824831,20.312912,0.29778302,0.1380196,,16.0,ok_dr10
ZTF21abvbdyr,11.059758340115756,SER,,15.1685,,,,4.0,ok_dr10
ZTF19ackjmge,1.3775474173100977,REX,21.07934,20.816042,0.10050782,0.30810857,,34.0,ok_dr10
ZTF22aaijrci,2.7943336896011517,REX,19.974106,19.495718,0.12616603,0.3550523,0.030100256,17.0,ok_dr10
ZTF22aafpbbu,7.099724586092526,REX,21.37556,21.266003,0.28303346,0.67504877,,17.0,ok_dr10
ZTF23abbbhak,8.232694786795804,SER,,,,,,9.0,ok_dr10
ZTF25abbzcps,,,,,,,,,empty
ZTF25acjnfef,3.638812577448682,REX,24.52132,23.600857,1.0437095,0.47412753,,37.0,ok_dr10
ZTF20achdwmq,1.0731645796782263,SER,18.453571,18.069244,0.070246,0.022336,,8.0,ok_dr9
ZTF25absindv,10.193355476060242,REX,20.333961,20.517128,0.032694,0.116398,,9.0,ok_dr9
ZTF25abptfih,2.316052630576773,EXP,21.287775,20.842577,0.23872973,0.25844362,,24.0,ok_dr10
ZTF21abzcplo,2.689590432675989,DUP,,,,,,18.0,ok_dr10
ZTF19abyjhpz,9.892778836653484,REX,22.608587,21.298359,0.626667,0.08614,,10.0,ok_dr9
ZTF23aamamlv,1.079454193447686,DUP,,,,,,15.0,ok_dr9
ZTF20acgzjje,4.717750167802787,DUP,,,,,,16.0,ok_dr10
ZTF19acmywjc,10.60592570222011,REX,23.781815,23.046144,1.0074596,0.25979063,,17.0,ok_dr10
ZTF20abovoji,,,,,,,,,empty
ZTF18acurfxn,8.071806105942786,EXP,16.735353,16.177675,0.089904,0.011426,0.10805,11.0,ok_dr9
ZTF19acgfvvi,2.9802907638764298,REX,,,,,,7.0,ok_dr10
ZTF18abyzksx,1.6651144510276619,SER,19.855839,19.485962,0.1125268,0.03730148,,9.0,ok_dr10
ZTF18acebefc,,,,,,,,,empty
ZTF21aarucpz,12.142833971498693,DEV,21.866968,20.77241,0.508037,0.234552,,7.0,ok_dr9
ZTF25abkpyds,0.2606729122507275,DUP,,,,,,14.0,ok_dr10
ZTF23aaixdcm,0.9392396834682383,SER,21.329493,21.616352,0.13251223,0.49863663,,16.0,ok_dr10
ZTF20acqvwzm,3.6035508897479995,SER,12.865798,12.387633,0.013253,0.009861,,6.0,ok_dr9
ZTF20aaetrle,,,,,,,,,empty
ZTF19adcdgca,0.5084081030203726,SER,16.023228,15.332456,0.057381,0.008767,0.046777,13.0,ok_dr9
ZTF20acvevsn,5.350744502276009,REX,18.458464,18.574873,0.0066410843,0.007255122,,24.0,ok_dr10
ZTF19acpfnth,4.2136258849357855,DUP,,,,,,31.0,ok_dr10
ZTF20abfcszi,,,,,,,,,empty
ZTF25abhjxpt,0.36300598503567905,SER,18.90462,18.656069,0.0779383,0.0279502,,24.0,ok_dr10
ZTF22aaaoyme,0.2575971683853011,SER,19.01798,18.729624,0.09018808,0.026192222,,12.0,ok_dr10
ZTF22aambeqv,23.59621926629128,REX,,,,,,5.0,ok_dr10
ZTF21aapdxxs,,,,,,,,,empty
ZTF23aaxufrf,2.911564314591634,DEV,19.640457,19.254679,0.09297393,0.09569002,,26.0,ok_dr10
ZTF22aaejjtb,5.726789087307333,DUP,,,,,,26.0,ok_dr10
ZTF21abfxjkq,8.447176083514524,EXP,20.490936,20.909,0.029326154,0.1500581,,30.0,ok_dr10
ZTF19aazpvyr,1.7304856894962934,SER,,21.007923,,,,18.0,ok_dr10
ZTF18acemhyb,3.3744851065592183,DUP,,,,,,36.0,ok_dr10
ZTF24abluezl,23.12847749954984,REX,,20.935905,,,,3.0,ok_dr10
ZTF20aaesewy,15.29885053128616,DUP,,,,,,5.0,ok_dr10
ZTF21aannoix,10.344253333891523,EXP,21.053669,21.578867,0.033313543,0.04645135,,18.0,ok_dr10
ZTF21aclhsxb,10.976126224545315,SER,12.923633,12.219221,0.028883142,0.0066298856,,12.0,ok_dr10
ZTF19abaukyt,0.5691529441909958,SER,15.759442,15.032481,0.060649,0.011742,0.071478,26.0,ok_dr9
ZTF19acvrjzd,1.6267005233113636,REX,24.091808,24.350597,0.779837,0.431398,,9.0,ok_dr9
ZTF22aaujqll,1.749720875822493,REX,21.497398,21.668468,0.14652833,0.13707994,,31.0,ok_dr10
ZTF23aaeauii,1.8999457891261244,REX,23.959732,23.629107,0.847433,0.45721397,,31.0,ok_dr10
ZTF22aaaxkar,1.1854926849605982,SER,,,,,,15.0,ok_dr10
ZTF19accczvs,6.317062526619054,EXP,22.871809,21.868696,0.9371778,0.1659215,,5.0,ok_dr10
ZTF20acphdbu,1.7404446706710712,SER,15.914844,15.485363,0.044995,0.011325,0.041358,10.0,ok_dr9
ZTF21abcimwb,5.414046845016323,REX,22.152824,22.029234,0.442875,0.16735,,17.0,ok_dr9
ZTF21abdiymf,,,,,,,,,empty
ZTF21aalimya,5.23808839938374,SER,18.213478,17.952585,0.040493,0.031168,,12.0,ok_dr9
ZTF19acaiylt,0.22915218162208387,EXP,21.210745,21.057621,0.197517,0.154322,,13.0,ok_dr9
ZTF24aazszfd,1.6042484182425791,SER,21.448423,21.981743,0.08683141,0.18992588,,32.0,ok_dr10
ZTF19acjtmjp,,,,,,,,,empty
ZTF18aayjyub,1.2958597812836206,DEV,21.57229,21.4289,0.173934,0.122657,,14.0,ok_dr9
ZTF20acxpurh,1.4200869728440109,SER,16.546082,16.080273,0.042186003,0.021610739,,16.0,ok_dr10
ZTF25abecxkt,2.3991748930306267,SER,14.645658,13.927657,0.03682353,0.0048628924,,10.0,ok_dr10
ZTF23aaqdjhi,0.07394157806148709,REX,16.824594,16.328306,0.05419625,0.015612319,0.04819881,10.0,ok_dr10
ZTF18abqyaix,1.3088519658278537,SER,16.609203,16.023237,0.050198454,0.011401472,0.05816889,24.0,ok_dr10
ZTF24absbvbs,1.6692926347122259,SER,17.011574,16.694715,0.019869253,0.010849353,,14.0,ok_dr10
ZTF20acwqlpq,4.667840575358314,DEV,16.139555,15.35615,0.081313,0.008635,0.071949,10.0,ok_dr9
ZTF22aakyeps,0.5573106394973582,SER,16.677027,15.97131,0.089761846,0.009815943,,11.0,ok_dr10
ZTF19acmwkul,4.089280608304588,SER,17.131266,16.776754,0.057711843,0.013399811,0.074418455,22.0,ok_dr10
ZTF20aawxpru,7.651105342476077,SER,14.551605,14.023417,0.030810647,0.0073709204,,24.0,ok_dr10
ZTF18acqpqph,2.843082128729482,REX,16.082869,15.841722,0.033958,0.007299,0.023164,10.0,ok_dr9
ZTF19abidfsb,0.2784108862432926,SER,,17.159472,,,,19.0,ok_dr10
ZTF18abnuhuy,0.10373907893616366,DUP,,,,,,11.0,ok_dr10
ZTF22aaahklt,0.7788206488909195,SER,18.470173,18.048538,0.09048975,0.018660096,,18.0,ok_dr10
ZTF24aaistkr,29.857274976303483,REX,22.212744,21.894613,0.41338,0.15106,,1.0,ok_dr9
ZTF23absddkf,14.386500263642663,EXP,22.189024,21.798489,0.48297274,0.068162076,,12.0,ok_dr10
ZTF19aboxjlj,,,,,,,,,empty
ZTF24abiiepg,0.972818383565181,SER,,14.524831,,,,11.0,ok_dr10
ZTF25aafsvgy,5.407487402247412,REX,21.255142,20.47108,0.812841,0.151237,,8.0,ok_dr9
ZTF21acfcthx,1.2792906676364497,EXP,,21.405178,,,,19.0,ok_dr10
ZTF19aaknvlv,1.427256454833506,SER,15.684122,15.132274,0.056611538,0.016028086,0.07767852,16.0,ok_dr10
ZTF19aadgftj,3.9200043576195487,SER,19.689106,19.982183,0.07064863,0.02719053,,17.0,ok_dr10
ZTF19aathllr,1.433852417665564,EXP,19.025272,18.731962,0.07405485,0.029219322,,11.0,ok_dr10
ZTF22aaogyhz,1.7772476712278937,SER,21.705194,21.229015,0.35002893,0.15896785,,11.0,ok_dr10
ZTF23abrynqp,0.5802089537275923,REX,20.639875,20.360884,0.11234067,0.05663507,,11.0,ok_dr10
ZTF19ackjsys,4.1616458815592114,EXP,17.51742,17.702406,0.02202119,0.0081483,,10.0,ok_dr10
ZTF20abxxvzp,2.21540178618561,SER,15.961352,15.394477,0.05018,0.007897,,11.0,ok_dr9
ZTF20aasitrr,3.0087156726429676,REX,21.720694,21.920126,0.33392757,0.5850284,,22.0,ok_dr10
ZTF22abhhxuv,0.24850320350252525,REX,19.309622,19.123732,0.059421718,0.030374967,,24.0,ok_dr10
ZTF19acordoi,0.3759688226334654,SER,17.283741,16.657194,0.096884,0.010718,,10.0,ok_dr9
ZTF19aapcvdi,8.00152157281681,SER,16.204779,15.665191,0.069618724,0.008901393,0.076706715,18.0,ok_dr10
ZTF22abfrbzi,5.350071218396537,REX,22.107418,21.692858,0.47609097,0.3259473,,12.0,ok_dr10
ZTF23abrrcgd,4.6489437490426,REX,22.309063,21.215982,1.0908608,0.25143945,,19.0,ok_dr10
ZTF22abqdmwt,6.588864910876712,EXP,23.809252,23.156408,1.0509923,0.22454023,,31.0,ok_dr10
ZTF24abhexdw,2.4931431397238266,SER,21.128862,21.02051,0.09791461,0.22898227,,12.0,ok_dr10
ZTF24abokdhw,1.6505540445716558,SER,19.631567,19.426054,0.11763493,0.050128024,,36.0,ok_dr10
ZTF23abkphfu,6.886200432574854,DUP,,,,,,13.0,ok_dr9
ZTF21aagqdvr,3.9982167930368204,REX,25.143894,23.595783,1.1231517,0.40207854,,13.0,ok_dr10
ZTF24abvtjkg,1.6421427015328438,SER,,16.25295,,,,11.0,ok_dr10
ZTF24abnsdfm,1.003146396719501,SER,21.012665,20.976646,0.10800255,0.18146156,,15.0,ok_dr10
ZTF20acpklpq,,,,,,,,,empty
ZTF20abavxpk,3.239740442766535,DUP,,,,,,10.0,ok_dr10
ZTF25aclcowb,0.4659450140918145,REX,18.937883,18.582695,0.10873704,0.030443123,,19.0,ok_dr10
ZTF20aaurucm,0.38074422079642434,SER,19.695726,19.408617,0.1544,0.047591,,17.0,ok_dr9
ZTF22aawavtx,,,,,,,,,empty
ZTF18abwqbxc,,,,,,,,,empty
ZTF20abbihor,0.35070342092929685,REX,16.27959,15.97694,0.036515,0.008687,,25.0,ok_dr9
ZTF20aaghlkv,7.231600983512715,REX,24.027716,23.34519,1.0036173,0.32978678,,17.0,ok_dr10
ZTF25abuvvga,3.2746681752120916,SER,,13.390776,,,,12.0,ok_dr10
ZTF20abipuee,1.3555848641125956,SER,16.285677,15.624722,0.057257,0.006166,,9.0,ok_dr9
ZTF23aalwuua,2.2217475913433917,EXP,22.546652,22.867035,0.13396823,0.38021514,,26.0,ok_dr10
ZTF19acxmpnz,3.982777890369573,EXP,22.318153,21.826025,0.51581895,0.3084502,,19.0,ok_dr10
ZTF19abqyoxh,11.50271187092692,REX,23.541613,22.660381,0.899329,0.23747,,8.0,ok_dr9
ZTF22aayjsro,1.7553722456692744,SER,17.037884,16.605833,0.029113675,0.008149078,,48.0,ok_dr10
ZTF25aaqondx,2.9555068789441297,REX,21.83489,21.690144,0.576464,0.391571,,8.0,ok_dr9
ZTF21aaxuywf,,,,,,,,,empty
ZTF19aaupkev,1.320808653857108,REX,20.680243,20.464378,0.190695,0.058452,,10.0,ok_dr9
ZTF18aajiwdu,0.9127711381803165,SER,18.731451,18.33744,0.514094,0.195132,,10.0,ok_dr9
ZTF19aavlfvn,1.2070842929951884,SER,16.326517,15.588446,0.050831426,0.013788574,0.02768253,21.0,ok_dr10
ZTF18acauwik,,,,,,,,,empty
ZTF20abeezqx,1.8618546869387633,REX,18.555649,18.216759,0.07039937,0.020636056,,33.0,ok_dr10
ZTF20abefbiq,6.21633001121413,DUP,,,,,,16.0,ok_dr10
ZTF19aaleptm,3.2798565750071926,SER,17.385406,16.94149,0.09001,0.030763,0.075694,17.0,ok_dr9
ZTF22aanvuvq,1.5575851770742226,EXP,22.480017,22.878038,0.12033476,0.2039664,,21.0,ok_dr10
ZTF21aawtewf,2.341174859951096,EXP,20.708872,20.90716,0.021042,0.039642,,11.0,ok_dr9
ZTF20aaqtlwo,0.8947727727210188,SER,16.640345,16.354942,0.033504,0.009126,0.03364,12.0,ok_dr9
ZTF21aatdzmt,1.0419201828345372,SER,18.53508,18.16738,0.082229,0.035095,,22.0,ok_dr9
ZTF18aalcxig,2.827133157021014,SER,17.372307,17.149889,0.053817,0.013498,,18.0,ok_dr9
ZTF20abejvpr,3.4496933102729175,REX,18.190395,17.968002,0.055829,0.02233,,15.0,ok_dr9
ZTF21acafqtj,8.829473723532205,EXP,19.323677,,0.012055666,0.09970375,,18.0,ok_dr10
ZTF20aafzcab,,,,,,,,,empty
ZTF20acnezne,7.5974838663062485,SER,16.280231,15.746197,0.041483,0.005969,0.047049,7.0,ok_dr9
ZTF22aaajima,0.3811005379227003,REX,24.73189,,1.2415407,0.91032624,,13.0,ok_dr10
ZTF18abojpnr,1.5251599660751158,SER,18.477694,18.100328,0.060684,0.021337,,9.0,ok_dr9
ZTF20aadccda,0.24576096662167632,EXP,20.446188,20.262226,0.10280868,0.049505364,,20.0,ok_dr10
ZTF18adbacqi,0.13737645453089134,DUP,,,,,,2.0,ok_dr10
ZTF25aahxijy,3.3733600564202812,SER,15.655492,15.336313,0.052028,0.015685,,12.0,ok_dr9
ZTF20aavgmli,6.0732159882417704,REX,14.746535,14.303894,0.03651667,0.017016323,,14.0,ok_dr10
ZTF19aacjbsj,5.567449582014232,DEV,18.96536,18.653173,0.131083,0.044294,,10.0,ok_dr9
ZTF25abqfrkp,0.49758661654327113,REX,21.426544,21.333471,0.1261835,0.17081974,,14.0,ok_dr10
ZTF24aaocmqx,2.749117142809204,DUP,,,,,,13.0,ok_dr10
ZTF19aamqebl,0.6735190159973272,SER,21.480904,21.191616,0.36172846,0.10905984,,22.0,ok_dr10
ZTF22aaahghb,2.665047536863998,SER,21.776344,22.416147,0.1423479,0.14082718,,18.0,ok_dr10
ZTF24abxvoop,0.5786725969829483,SER,17.726486,17.070303,0.060500078,0.013161955,,13.0,ok_dr10
ZTF19abfvnns,,,,,,,,,empty
ZTF18acnbenl,3.275177289391316,EXP,21.618282,21.985817,0.058905,0.086826,,11.0,ok_dr9
ZTF20abeyqmx,8.8180205948654,REX,23.098927,23.295895,0.4519796,0.1991621,,20.0,ok_dr10
ZTF19acgcdas,3.71385366730549,EXP,21.191076,21.892553,0.046750374,0.23429501,,29.0,ok_dr10
ZTF20aauwhyi,1.7339049841734706,DEV,16.74255,16.103304,0.071123,0.007715,0.073208,20.0,ok_dr9
ZTF18aaojsvk,0.16749771172278796,SER,14.417913,14.044133,0.031681,0.011917,,9.0,ok_dr9
ZTF18aahtkze,0.8159322537850726,SER,17.188711,16.672665,0.071046,0.024208,,12.0,ok_dr9
ZTF23abcsrwv,1.2181726698134543,DUP,,,,,,3.0,ok_dr10
ZTF24abwmzop,,,,,,,,,empty
ZTF22aadghdv,5.615991867285406,REX,15.967797,15.551138,0.049294382,0.009371017,,20.0,ok_dr10
ZTF22aaycdbt,0.6791807883802878,EXP,,20.069828,,,,13.0,ok_dr10
ZTF24aavyicb,0.9722791210142491,REX,18.724792,18.352581,0.080925,0.023269,,4.0,ok_dr9
ZTF19abhztqq,0.3860905760619005,EXP,21.083405,21.020437,0.145851,0.087501,,18.0,ok_dr9
ZTF23aanptmz,0.7699760843343303,REX,21.645206,21.936499,0.381362,0.266037,,14.0,ok_dr9
ZTF24abljmgf,,,,,,,,,empty
ZTF18aarkwgc,1.4080618218422267,SER,14.851648,14.21699,0.071486,0.00538,0.070118,17.0,ok_dr9
ZTF19abwscog,0.8387470032862757,SER,15.416811,14.776262,0.06523359,0.0060473024,,23.0,ok_dr10
ZTF20abccixp,0.382774093104897,REX,23.211893,23.243158,0.8550632,0.54577947,,21.0,ok_dr10
ZTF22abtdoxf,1.8989614031132471,DEV,21.428547,21.852629,0.09114129,0.1315304,,26.0,ok_dr10
ZTF24abuhlzm,0.9697381533186541,EXP,22.291332,22.700373,0.11111851,0.5166475,,17.0,ok_dr10
ZTF20aavrukn,0.28832929891857184,EXP,22.474548,23.650045,0.11195261,0.1370735,,23.0,ok_dr10
ZTF24aaskhrq,,,,,,,,,empty
ZTF21abukrln,3.371884752204087,EXP,23.727095,22.418324,0.67768586,0.10498449,,33.0,ok_dr10
ZTF19aamkmxv,1.2445664011138338,SER,15.570203,15.080215,0.039052,0.012823,,12.0,ok_dr9
ZTF23aaglprc,3.378264825117754,SER,16.917673,16.47919,0.06435876,0.015643729,0.07521123,4.0,ok_dr10
ZTF22aacdlkc,1.230763805522648,SER,18.88225,18.521917,0.096609406,0.02949643,,20.0,ok_dr10
ZTF21acqdedy,,,,,,,,,empty
ZTF25aacawpa,1.4419232678752172,DUP,,,,,,18.0,ok_dr9
ZTF20acpkqhq,1.1496463965225,SER,19.642561,19.245562,0.14083466,0.043913487,,29.0,ok_dr10
ZTF18abimsyv,1.3635009426914146,DEV,22.669685,23.748817,0.245473,0.386067,,30.0,ok_dr9
ZTF24abrpqhh,,,,,,,,,empty
ZTF22abmtwml,,,,,,,,,empty
ZTF23abshiqq,0.2780796679984365,EXP,19.299889,19.145386,0.02797438,0.01707035,,19.0,ok_dr10
ZTF21abbkwhn,0.16920068991809178,DEV,21.84121,21.285288,0.87631756,0.3190045,,20.0,ok_dr10
ZTF19aaycomi,0.8861899431628331,EXP,21.175842,20.771961,0.33205625,0.11642101,,15.0,ok_dr10
ZTF22aamfvrs,2.7566328745182638,EXP,20.17553,19.762278,0.158219,0.041827,,12.0,ok_dr9
ZTF22abfjlue,,,,,,,,,empty
ZTF24abglarx,1.197973551897289,SER,,,,,,12.0,ok_dr10
ZTF21aafkwtk,13.21157647560422,SER,13.954297,13.31431,0.03073316,0.006333769,0.026856283,4.0,ok_dr10
ZTF21abfmuun,2.1645045189111314,SER,15.694363,15.16982,0.039213836,0.01675256,0.06985826,29.0,ok_dr10
ZTF21aciqyqo,,,,,,,,,empty
ZTF21acguaen,1.7848779675512259,REX,18.37009,18.302177,0.053004,0.037321,,17.0,ok_dr9
ZTF19ackjszs,17.97950875825013,REX,23.174328,22.458853,0.5591248,0.15116207,,4.0,ok_dr10
ZTF21abcgufz,,,,,,,,,empty
ZTF20abeljuj,8.904940338419307,SER,17.252201,16.762424,0.048698,0.012779,,7.0,ok_dr9
ZTF20acnznol,7.03870412207861,EXP,20.918423,20.797647,0.24454421,0.5558725,,33.0,ok_dr10
ZTF19abqrrto,,,,,,,,,empty
ZTF21aanzcuj,1.0755478499670854,SER,19.208475,19.821398,0.03543,0.075911,,27.0,ok_dr9
ZTF19aamkdtq,3.333825615002154,DUP,,,,,,50.0,ok_dr10
ZTF20abjxrhg,,,,,,,,,empty
ZTF19acitnck,9.979053363866651,SER,,15.386233,,,,6.0,ok_dr10
ZTF23aahngej,5.089377983568743,DEV,19.81936,19.185282,0.180944,0.042024,,18.0,ok_dr9
ZTF20acrerzb,0.7761737399950056,REX,21.054386,21.177462,0.10204595,0.221655,,35.0,ok_dr10
ZTF19achtifr,1.3947438814953226,REX,15.230089,14.858442,0.025393577,0.0060286964,,11.0,ok_dr10
ZTF23abnpddd,3.1821551978685787,SER,16.165274,15.418093,0.09091918,0.011274669,,33.0,ok_dr10
ZTF22abevczq,,,,,,,,,empty
ZTF18aaqkqxi,0.06935108994679087,SER,16.95656,16.351976,0.078482,0.010894,0.076099,14.0,ok_dr9
ZTF20abucjsa,,,,,,,,,empty
ZTF19aclhpiz,0.26442104231108826,SER,13.853397,13.216653,0.026301762,0.0054425583,,5.0,ok_dr10
ZTF23abnpjlt,2.0000575422033715,EXP,22.598171,22.59415,0.12008452,0.29592088,,14.0,ok_dr10
ZTF21acirmcv,0.5398106381112335,EXP,21.387358,21.250418,0.09256946,0.07538222,,20.0,ok_dr10
ZTF23aainpnc,3.1706386461942433,DUP,,,,,,18.0,ok_dr10
ZTF20acioiem,,,,,,,,,empty
ZTF20aavtfxl,0.0823147168987843,REX,23.431206,23.12615,1.090737,0.30023,,15.0,ok_dr9
ZTF21aaqldsk,9.818948609607668,SER,15.011331,14.511251,0.033755,0.005407,0.036326,10.0,ok_dr9
ZTF20abyfmjr,,,,,,,,,empty
ZTF23abascqa,,,,,,,,,empty
ZTF23aawgkqa,,,,,,,,,empty
ZTF19aawhzsh,1.070271958582362,SER,16.408842,16.036118,0.026995,0.004525,0.025142,6.0,ok_dr9
ZTF20abxyfye,4.254088100440412,SER,16.722656,16.16664,0.039950017,0.0103182,,12.0,ok_dr10
ZTF24abepnpq,,,,,,,,,empty
ZTF24aaormag,12.40538688661924,SER,14.68374,14.102891,0.034360625,0.006462113,0.040417913,17.0,ok_dr10
ZTF22abjafpr,,,,,,,,,empty
ZTF18adbikdz,3.9216972197719677,REX,18.469618,18.995186,0.006411295,0.011621834,,15.0,ok_dr10
ZTF21aaqvhgk,,,,,,,,,empty
ZTF20acufmte,0.9009668829462091,EXP,19.509094,19.210999,0.07556295,0.032322608,,25.0,ok_dr10
ZTF20acgdycd,,,,,,,,,empty
ZTF25aabqdqc,0.40501958468645405,EXP,21.79224,21.066803,0.25258863,0.159335,,8.0,ok_dr10
ZTF24aadxdqn,2.068133682019691,SER,19.09198,18.991055,0.07920311,0.060101073,,34.0,ok_dr10
ZTF18aaxqyki,2.2682961595370785,REX,21.876566,21.510057,0.44481,0.113115,,12.0,ok_dr9
ZTF22aaolzrj,3.7224880091159096,EXP,20.869282,20.096111,0.3696592,0.12787451,,19.0,ok_dr10
ZTF19ackjrru,8.902974688508552,REX,22.602629,22.354218,0.736654,0.297506,,8.0,ok_dr9
ZTF24aalcflg,0.4395830817341589,REX,23.47515,23.797695,0.5723502,0.523255,,16.0,ok_dr10
ZTF23abeuope,,,,,,,,,empty
ZTF20aafxftu,3.9269029937984934,EXP,22.825615,22.854122,0.7150363,0.671443,,28.0,ok_dr10
ZTF18abqyvzy,,,,,,,,,empty
ZTF24aagkuss,4.873083200255057,EXP,18.85241,20.190447,0.0254612,0.14238037,,48.0,ok_dr10
ZTF21aapkhsc,0.464300593265,SER,20.098484,19.858349,0.09103546,0.035383537,,16.0,ok_dr10
ZTF23aafumlg,3.746172777043518,SER,19.764366,19.201588,0.15928572,0.11374336,,21.0,ok_dr10
ZTF18abtmeds,0.19174549043322156,DUP,,,,,,16.0,ok_dr10
ZTF22aakqruk,0.7802739262625626,SER,15.736053,15.108059,0.076691,0.005721,0.080193,9.0,ok_dr9
ZTF24aaaefgv,,,,,,,,,empty
ZTF22aaoqlos,2.8876641905721407,SER,15.583579,14.875867,0.043574,0.008723,,8.0,ok_dr9
ZTF24aajvmgm,1.2364144443934892,SER,17.352627,17.03489,0.07157374,0.015539044,0.07143133,18.0,ok_dr10
ZTF21aagyxhz,4.728719380842496,SER,17.0269,16.579216,0.039533813,0.009473449,,35.0,ok_dr10
ZTF18abdkkwa,6.396169935654781,SER,14.870603,14.430523,0.02894,0.004779,,10.0,ok_dr9
ZTF22aboloxt,0.5101257926870364,EXP,20.53906,20.299337,0.06488593,0.14780347,,17.0,ok_dr10
ZTF22aayprcr,5.552328368099271,SER,16.117477,15.369008,0.033140898,0.009030455,,20.0,ok_dr10
ZTF20acpjapi,5.263022414385011,REX,18.778084,18.88635,0.024657,0.020345,,18.0,ok_dr9
ZTF20aahzyep,0.553876159329782,REX,22.10182,21.752262,0.36639822,0.18745045,,16.0,ok_dr10
ZTF24aaekkjv,1.1852227526578085,SER,18.869,18.44599,0.105868,0.03306,,10.0,ok_dr9
ZTF18acbzitw,10.940876616483514,REX,22.904455,22.23664,0.664189,0.224478,,13.0,ok_dr9
ZTF18aawxahl,0.6383139857962479,SER,15.268507,14.744731,0.048807967,0.012256077,0.04227662,20.0,ok_dr10
ZTF19acbihyi,5.566634704352391,SER,15.920728,15.228968,0.034558,0.008194,0.033498,4.0,ok_dr9
ZTF24abdhylt,1.8080200614882107,EXP,22.338873,23.9145,0.1544114,0.057871614,,17.0,ok_dr10
ZTF19aatzlmw,6.076718602257494,DUP,,,,,,15.0,ok_dr10
ZTF22aaafnry,1.2045795103978407,SER,16.147255,15.481886,0.059244,0.007201,0.069138,10.0,ok_dr9
ZTF18accjecm,0.3323702001904671,SER,17.542105,17.209759,0.13420522,0.069116205,,26.0,ok_dr10
ZTF21abcgxwy,4.93036345777745,SER,14.229932,13.595038,0.048093,0.006761,,11.0,ok_dr9
ZTF23abiwnpj,,,,,,,,,empty
ZTF25abibtdm,9.60130869471208,REX,20.517286,19.745644,0.38157123,0.11681457,,20.0,ok_dr10
ZTF23abjqxbe,0.19074887898374976,EXP,22.853107,22.543179,0.37385005,0.2934441,,28.0,ok_dr10
ZTF18abilofa,0.8254318429159184,EXP,23.857328,,0.6651815,0.4842457,,22.0,ok_dr10
ZTF24abqkkqz,0.7115465528550945,SER,17.802578,17.191769,0.083051406,0.019033864,,20.0,ok_dr10
ZTF19acfejbj,6.603196233129483,EXP,18.181515,18.60205,0.00796001,0.013056159,,46.0,ok_dr10
ZTF21abaakwd,9.455790956419385,DUP,,,,,,8.0,ok_dr9
ZTF19adbnlki,,,,,,,,,empty
ZTF24aaydpre,2.793079248640462,DUP,,,,,,13.0,ok_dr9
ZTF18aczdetm,7.8612561481923935,REX,23.573288,22.619225,1.089546,0.172114,,16.0,ok_dr9
ZTF24aaxnrue,1.050142135982194,DUP,,,,,,34.0,ok_dr10
ZTF20acedqis,1.9074293687916095,SER,,16.560055,,,,4.0,ok_dr10
ZTF22aaaihgr,0.21086885103343492,SER,18.293713,17.729115,0.10418293,0.019968092,,14.0,ok_dr10
ZTF22abfvjeg,3.750025679986943,SER,18.090698,17.603752,0.08814458,0.013388171,,12.0,ok_dr10
ZTF18aauvnhh,0.9536314925037365,SER,16.711079,16.29035,0.065269,0.008185162,0.05830778,25.0,ok_dr10
ZTF23abetodb,4.329855708973573,SER,16.888155,16.515787,0.040059157,0.009077307,,17.0,ok_dr10
ZTF23abodvms,7.998179698289217,REX,20.710754,23.051025,0.338676,0.227201,,13.0,ok_dr9
ZTF19acazbqm,,,,,,,,,empty
ZTF22aazjgoi,0.16733159697065766,REX,19.148384,18.48499,0.11547212,0.014087245,,16.0,ok_dr10
ZTF22abhsrll,3.730351037719453,SER,16.514181,15.853939,0.055282634,0.01271523,,11.0,ok_dr10
ZTF23aanexof,1.5231172647383826,REX,19.089777,19.150576,0.031556,0.019171,,52.0,ok_dr9
ZTF18aarlukc,0.10130451822406265,SER,16.262619,15.724738,0.05179,0.006786,0.062582,18.0,ok_dr9
ZTF20aczacag,,,,,,,,,empty
ZTF25aaprgxk,5.415575478546708,SER,15.746206,15.569076,0.027129,0.004201,0.025525,12.0,ok_dr9
ZTF20acoplqe,5.462758099065879,SER,15.46472,14.828825,0.066964515,0.013672695,0.05633467,24.0,ok_dr10
ZTF20abxyiqi,0.2602187498221279,SER,17.553783,17.161917,0.083588,0.028984,,8.0,ok_dr9
ZTF19aakpcuw,8.174309942702948,REX,21.62532,,0.020957,0.250102,,14.0,ok_dr9
ZTF18aakitiq,0.7914410753345053,SER,14.873483,14.331341,0.03508,0.004807,0.036713,9.0,ok_dr9
ZTF24abtdiyv,0.2279545543344233,SER,17.307096,16.722527,0.068925,0.016979,,9.0,ok_dr9
ZTF18abokpvh,3.1994745183334947,EXP,21.30028,20.891144,0.697356,0.285434,,4.0,ok_dr9
ZTF22abvebdc,6.881859112546766,SER,16.110039,15.458492,0.08332221,0.015988506,,9.0,ok_dr10
ZTF21aaqldsj,0.9722379362531375,SER,18.73363,18.6578,0.02316,0.01549,,22.0,ok_dr9
ZTF18aajswer,0.025957865289869653,SER,14.834455,14.272099,0.041803,0.012366,,12.0,ok_dr9
ZTF22aatlhve,0.4138532541796861,SER,17.029781,16.45863,0.05418751,0.011354926,0.04864935,16.0,ok_dr10
ZTF19aailpwl,0.0729226546598769,REX,19.115742,18.542147,0.37715328,0.08888771,,26.0,ok_dr10
ZTF18aawlfnj,,,,,,,,,empty
ZTF21abdmevk,0.2700148851186966,SER,16.669703,16.511013,0.036369,0.009089,0.028325,5.0,ok_dr9
ZTF18aaytovs,2.7676398741663255,EXP,16.98448,16.422277,0.09155726,0.014200778,,17.0,ok_dr10
ZTF25acinfar,6.433556450443208,DUP,,,,,,5.0,ok_dr9
ZTF24aaorlki,3.0368267690528365,REX,25.163008,24.057865,0.9349603,0.5688503,,51.0,ok_dr10
ZTF24aahpcfe,2.82129815779859,EXP,21.490135,21.373577,0.12152077,0.0936607,,16.0,ok_dr10
ZTF20acwkvgj,0.5281748799218906,SER,,16.121984,,,,6.0,ok_dr10
ZTF24aamilir,1.1866529316021177,SER,15.972748,15.350198,0.071926,0.004724,0.073567,8.0,ok_dr9
ZTF20aawgrcu,,,,,,,,,empty
ZTF21aaateuz,2.1044326317065396,SER,,,,,,11.0,ok_dr10
ZTF22aaptyed,3.487963930735645,SER,15.873698,15.438141,0.036284745,0.0084181065,,28.0,ok_dr10
ZTF19aaknvuh,0.671980019679609,EXP,17.90591,17.677874,0.034963,0.013199,,11.0,ok_dr9
ZTF21acipdhn,14.0868081291218,DEV,15.316884,14.657928,0.074323,0.006245,,11.0,ok_dr9
ZTF20aabqiav,1.0916033628379607,SER,18.829514,18.5042,0.083839454,0.056306142,,13.0,ok_dr10
ZTF24abqpbas,,,,,,,,,empty
ZTF24aadnhsl,,,,,,,,,empty
ZTF25ablhwja,0.5370102424027127,EXP,22.529297,22.690733,0.22102323,0.18234241,,21.0,ok_dr10
ZTF23aacdkme,10.536028975231009,SER,15.629261,15.085287,0.041298,0.006588,0.039963,5.0,ok_dr9
ZTF19aafcgif,0.19329424105923745,DUP,,,,,,11.0,ok_dr10
ZTF23aaeaptm,6.016581889922934,SER,15.495628,15.074015,0.032477,0.005633,0.03303,11.0,ok_dr9
ZTF22aatnyuo,0.817615314018226,REX,19.245405,18.88512,0.18360315,0.033781573,,5.0,ok_dr10
ZTF18acapyww,11.465148305229576,REX,22.695492,21.565432,0.840303,0.102611,,6.0,ok_dr9
ZTF21abyslhz,0.24004853006410112,SER,18.040283,17.433805,0.102026,0.018386,,13.0,ok_dr9
ZTF18abxcues,,,,,,,,,empty
ZTF24aaouput,0.42226466351965514,EXP,21.185863,20.685194,0.2764911,0.08591283,,46.0,ok_dr10
ZTF18abvvmdf,3.2273453772327243,REX,14.402999,14.007715,0.031464,0.007131,,17.0,ok_dr9
ZTF23aakawpn,9.174280817009432,REX,23.450367,23.858644,0.48800385,0.2829359,,12.0,ok_dr10
ZTF22aagtxzo,1.8427846545372502,DUP,,,,,,11.0,ok_dr10
ZTF25acddazz,,,,,,,,,empty
ZTF25aaqwcvn,,,,,,,,,empty
ZTF22aaafdwm,6.997120188150152,DUP,,,,,,33.0,ok_dr10
ZTF19abhdlxp,0.8331429900340832,SER,16.854918,16.446632,0.0663458,0.010176223,,37.0,ok_dr10
ZTF23abrzrcq,1.9144303705114052,DUP,,,,,,21.0,ok_dr10
ZTF21aatwkkg,0.1244000967999428,REX,20.250652,20.288038,0.048480533,0.39699513,,20.0,ok_dr10
ZTF22abafcrf,10.679996782275518,SER,16.85259,16.475645,0.036778525,0.008264797,,11.0,ok_dr10
ZTF22abfweew,1.5194130559601347,SER,17.477621,17.091087,0.066553,0.014835,,10.0,ok_dr9
ZTF24abnshco,0.5679157039740531,REX,17.74104,17.1466,0.11808,0.020362,,9.0,ok_dr9
ZTF18abucvbf,1.2156811332663238,DEV,18.698622,18.12113,0.076775,0.035709,,18.0,ok_dr9
ZTF25abmhxft,0.9403210322573539,SER,17.580511,16.883667,0.084882,0.012251,,8.0,ok_dr9
ZTF20acjfimy,,,,,,,,,empty
ZTF24abxvcyp,4.791915839497595,SER,16.235342,15.678636,0.097377494,0.030658266,0.077103265,19.0,ok_dr10
ZTF23aaelqpq,2.277281291973891,SER,17.937738,17.777533,0.021531492,0.008199973,,28.0,ok_dr10
ZTF22aaygscd,,,,,,,,,empty
ZTF22abbkhja,6.022631697584556,REX,18.776073,19.242249,0.004369,0.008684,,17.0,ok_dr9
ZTF18aahjdnz,0.22853843520054037,SER,18.033253,17.281702,0.155516,0.034615,,11.0,ok_dr9
ZTF20aadzfzy,0.6409374391525777,REX,24.508162,22.685696,1.057375,0.18393672,,12.0,ok_dr10
ZTF19acawqlu,,,,,,,,,empty
ZTF24abltheg,,,,,,,,,empty
ZTF25aaytfvv,1.1966006433693563,SER,,16.885109,,,,28.0,ok_dr10
ZTF21abjwvzu,11.723731472219137,REX,12.381871,11.979236,0.0064515686,0.0027222503,,21.0,ok_dr10
ZTF21aceqhth,4.293990991956255,SER,18.401066,18.094465,0.09300149,0.039087333,,30.0,ok_dr10
ZTF19aasekcx,0.44891580075692844,DEV,21.531555,21.409,0.11831165,0.40092188,,12.0,ok_dr10
ZTF18acvbpcv,,,,,,,,,empty
ZTF25aairhqk,2.372111755031897,SER,18.494396,18.20353,0.0760096,0.031705014,0.05582,43.0,ok_dr10
ZTF25aaaoxjm,0.9538483698119167,SER,20.542377,20.243681,0.1239776,0.079180986,,48.0,ok_dr10
ZTF21abouuat,,,,,,,,,empty
ZTF21aagvmtk,6.651188888130349,REX,23.854374,23.25558,0.978542,0.237616,,7.0,ok_dr9
ZTF21aaydxoo,5.965441893264024,DUP,,,,,,4.0,ok_dr10
ZTF22aahaufu,4.7274852425901335,REX,22.683779,22.258774,0.5394831,0.27720743,,12.0,ok_dr10
ZTF20aahirkk,1.449966861819384,SER,17.917622,17.608479,0.044474114,0.019709675,,22.0,ok_dr10
ZTF20acikzzn,,,,,,,,,empty
ZTF20abzoaas,,,,,,,,,empty
ZTF24aaacpsp,5.744981580162241,SER,18.091066,17.953894,0.010241338,0.0038134714,,15.0,ok_dr10
ZTF18aaqduja,0.0538096487143781,DUP,,,,,,5.0,ok_dr9
ZTF22aaoolfh,0.25765868172802003,EXP,22.053347,21.90189,0.17315072,0.15701608,,17.0,ok_dr10
ZTF25abixhdc,0.6770733090584548,EXP,22.616993,22.39163,0.55831164,0.24047379,,4.0,ok_dr10
ZTF19aanxnkd,0.935985410560881,SER,20.190968,20.562256,0.053727,0.137319,,8.0,ok_dr9
ZTF21ackonrq,0.8382711721063597,EXP,21.429502,20.766768,0.8809582,0.29283893,,14.0,ok_dr10
ZTF20abmmkyv,,,,,,,,,empty
ZTF23aakaqht,0.5124633157359256,EXP,19.88409,19.778751,0.16415013,0.7099502,,12.0,ok_dr10
ZTF20acwncbd,0.6532601866314866,REX,18.820225,18.539192,0.11907019,0.037917923,,12.0,ok_dr10
ZTF25aalpzgd,1.1376295426269636,SER,18.214508,17.96289,0.028389342,0.016850727,,42.0,ok_dr10
ZTF19acwqvvn,,,,,,,,,empty
ZTF25aadkeon,3.9031824127810957,SER,15.25886,14.774286,0.043348294,0.0061499206,,8.0,ok_dr10
ZTF19aapfktd,0.45977589077838416,EXP,19.994566,19.44883,0.12993833,0.060583938,,23.0,ok_dr10
ZTF21abxzzys,1.057082258937292,SER,17.46834,16.888042,0.101437,0.017455,0.098876,13.0,ok_dr9
ZTF23aamzcfe,18.53716496902214,SER,13.37879,12.728914,0.027424,0.004988,0.029081,3.0,ok_dr9
ZTF22aavbezc,0.12118532327268698,SER,16.657228,16.03544,0.08350881,0.010300162,,14.0,ok_dr10
ZTF19abpnrrf,0.11580928506214663,DEV,20.820772,20.157152,0.77859277,0.13577542,,17.0,ok_dr10
ZTF22abstdmf,2.457217668790396,DUP,,,,,,9.0,ok_dr10
ZTF22aadqkuv,0.9074020722398403,SER,19.068405,18.66491,0.17585397,0.26600593,,11.0,ok_dr10
ZTF21aalkltz,0.9116149958294189,EXP,19.732859,19.5539,0.09452,0.036567,,18.0,ok_dr9
ZTF24aaeopqq,1.1066970039548651,EXP,21.565382,24.19345,0.08104232,0.35253012,,27.0,ok_dr10
ZTF24abkcder,8.614168195459452,SER,16.067503,15.597592,0.02977233,0.005288323,,13.0,ok_dr10
ZTF19acxzafe,,,,,,,,,empty
ZTF21acdtosh,7.898607494852112,SER,19.68732,19.993061,0.01956053,0.021923799,,19.0,ok_dr10
ZTF22abmiuan,2.3729966151903508,SER,17.096666,16.46405,0.13942373,0.015249165,,12.0,ok_dr10
ZTF19abcejrr,0.5917508387702036,SER,19.15141,19.197247,0.06600715,0.14193621,,25.0,ok_dr10
ZTF22abvcnnl,0.08601100839744122,REX,22.562817,22.145086,0.39440405,0.32082897,,16.0,ok_dr10
ZTF20abaunmw,6.8583674785202415,DEV,18.44441,18.89699,0.0055906577,0.011797944,,11.0,ok_dr10
ZTF19aaurhox,1.0800263755022865,EXP,20.065958,19.824848,0.141379,0.054333,,6.0,ok_dr9
ZTF21aaheulr,8.643529194805351,SER,15.704943,14.055148,,,,7.0,ok_dr10
ZTF22aapjrvz,0.6976289780508539,EXP,23.380413,,0.22340786,0.3599772,,15.0,ok_dr10
ZTF24abmntgy,1.0429891425263118,REX,23.367239,23.78763,0.8683778,0.5966249,,27.0,ok_dr10
ZTF24aaeanrr,2.2654074617807938,SER,16.507103,16.089523,0.040407863,0.009260225,,42.0,ok_dr10
ZTF19aadnxcw,5.348899452838832,SER,16.790564,16.387644,0.054167,0.009682,0.054261,14.0,ok_dr9
ZTF22abizgac,0.18294773555693286,SER,19.125357,18.77505,0.09298898,0.027147638,,13.0,ok_dr10
ZTF21abxlmuw,0.9361255736276662,SER,19.760235,19.532438,0.09051133,0.03465734,,7.0,ok_dr10
ZTF25acfxytw,5.003428904327201,SER,15.307885,14.670791,0.045358665,0.009994391,0.04022722,28.0,ok_dr10
ZTF25acfhaoj,0.2944983468107805,REX,19.039837,18.632795,0.1321014,0.031772632,,12.0,ok_dr10
ZTF24aatlqae,21.05367662974566,REX,18.389994,,,,,13.0,ok_dr9
ZTF23aabzrgo,0.4863527425316454,SER,15.33807,14.879285,0.03971124,0.011291706,0.053764474,34.0,ok_dr10
ZTF23aaaziou,,,,,,,,,empty
ZTF25aanbdft,5.46796079936997,DUP,,,,,,9.0,ok_dr10
ZTF19adcbpcj,1.3084806447891715,SER,15.630867,14.958331,0.07183929,0.010669545,0.073975585,29.0,ok_dr10
ZTF19adaylqy,2.479686781667589,SER,20.40791,20.02793,0.09063077,0.037585977,,16.0,ok_dr10
ZTF22aajlsrh,,,,,,,,,empty
ZTF21aaaovua,0.2885251838341653,DEV,22.121607,21.660023,0.5543864,0.27454382,,17.0,ok_dr10
ZTF25aapnvqx,2.5716962688240534,SER,15.840274,15.115303,0.06553926,0.007230005,,10.0,ok_dr10
ZTF25abghnwv,17.118808935837517,DEV,,,,,,3.0,ok_dr10
ZTF24aapeorz,5.543000951896484,REX,23.818298,23.64664,0.916978,0.303708,,17.0,ok_dr9
ZTF19acruqph,5.7325015051708625,SER,17.567842,17.066372,0.045501053,0.011254245,,11.0,ok_dr10
ZTF20aclkcuu,,,,,,,,,empty
ZTF20aabqiiy,4.105321294554268,SER,18.579687,18.249699,0.08078741,0.016917026,,10.0,ok_dr10
ZTF25acgeyus,0.6039067650353502,REX,23.540483,25.596418,0.44532445,0.4339394,,27.0,ok_dr10
ZTF21abjvwdj,4.036888945899661,SER,14.929946,14.386165,0.031742424,0.008273548,,38.0,ok_dr10
ZTF24aaqugzv,0.8030373961965481,REX,21.124367,20.997255,0.154404,0.190566,,10.0,ok_dr9
ZTF23aawbwbu,2.8186763039284966,SER,13.765078,13.297512,0.01720325,0.0062385434,0.020911163,27.0,ok_dr10
ZTF18aaviawx,3.003158774137245,SER,17.093138,17.147615,0.02780104,0.03878938,0.0747469,27.0,ok_dr10
ZTF19aaacdto,,,,,,,,,empty
ZTF19acchjle,4.077051159416439,EXP,19.432812,19.657917,0.006904828,0.01791937,,18.0,ok_dr10
ZTF20aawadcp,,,,,,,,,empty
ZTF24aahszxf,1.8321790922142844,DEV,22.101141,22.506315,0.08733944,0.25434136,,24.0,ok_dr10
ZTF21aatnpnl,,,,,,,,,empty
ZTF22abuhfdv,2.6733529096126216,SER,14.686288,14.03181,0.062867,0.007023,,14.0,ok_dr9
ZTF18abshmro,1.5256257813782477,SER,15.234889,14.629885,0.04972303,0.009334161,0.05430928,27.0,ok_dr10
ZTF20acqqdkl,0.4230577246942301,EXP,21.41038,21.609621,0.042231306,0.4292695,,13.0,ok_dr10
ZTF20abdxouw,2.8100898136815826,SER,18.587172,18.542595,0.021353,0.013925,,13.0,ok_dr9
ZTF24aanppvy,0.9257620641793275,SER,17.027283,16.757332,0.02805146,0.010633753,,21.0,ok_dr10
ZTF20achncvv,0.4363181442931787,DEV,21.665749,21.641615,0.572961,0.376844,,15.0,ok_dr9
ZTF19abpavsn,0.41304179507913696,REX,20.89334,20.405302,0.18850103,0.1546795,,14.0,ok_dr10
ZTF21acfajbc,2.289142046374793,EXP,21.257114,21.902431,0.065391,0.058293,,15.0,ok_dr9
ZTF22abtsypf,0.4115585835197577,REX,22.697905,22.500725,0.619326,0.371818,,8.0,ok_dr9
ZTF20abzcefc,4.171312195787775,REX,23.282883,23.36127,0.42343068,0.44250792,,27.0,ok_dr10
ZTF24aaktjyo,3.1882712279514234,DUP,,,,,,20.0,ok_dr10
ZTF21abmjivk,14.472466045756917,DUP,,,,,,6.0,ok_dr10
ZTF18ablwtkf,2.2462218411578405,SER,16.33642,15.761287,0.034025,0.005443,,16.0,ok_dr9
ZTF26aaaadal,4.038050280472009,REX,20.58927,21.189034,0.038082026,0.09094708,,33.0,ok_dr10
ZTF22abyjttn,8.325476686347567,EXP,22.260239,21.756895,0.560489,0.174325,,12.0,ok_dr9
ZTF23abhublj,1.8752065093924226,SER,15.671801,15.049435,0.068891004,0.010210676,,19.0,ok_dr10
ZTF23abvyqwv,2.7818130237351997,SER,15.066957,14.303238,0.040894,0.010888,,17.0,ok_dr9
ZTF24abrzgil,1.3208879125268298,EXP,21.067371,21.573126,0.02229017,0.060566142,,23.0,ok_dr10
ZTF25aatdgae,9.559076414337923,SER,19.780573,20.368776,0.060947597,0.15328129,,16.0,ok_dr10
ZTF25abwlkls,0.6272823567464885,SER,19.153173,18.818682,0.100756,0.048582,,13.0,ok_dr9
ZTF20achbkud,1.1210283286765848,SER,17.590036,17.044275,0.1049961,0.01755616,,25.0,ok_dr10
ZTF18acdyypo,0.40867573264697404,DUP,,,,,,17.0,ok_dr10
ZTF23aaynwdt,1.8015042120305549,SER,16.081875,15.358699,0.048384,0.007441,,7.0,ok_dr9
ZTF19acmxidf,,,,,,,,,empty
ZTF18abktphg,0.45146627599936884,DEV,19.519999,21.02584,0.24686256,0.11946455,,9.0,ok_dr10
ZTF22aadkowq,11.249943497071532,SER,14.954036,14.459767,0.03174493,0.004829756,,22.0,ok_dr10
ZTF19abymvpq,1.0221651452478668,SER,18.336136,18.399109,0.01755,0.017003,,11.0,ok_dr9
ZTF18ablwvcy,,,,,,,,,empty
ZTF23aacrvqj,2.0859918890869453,SER,19.523403,19.248484,0.07786212,0.039113414,,11.0,ok_dr10
ZTF22aacilhr,3.1363584777657185,DUP,,,,,,20.0,ok_dr10
ZTF24ablzmbm,10.554382050776491,DUP,,,,,,3.0,ok_dr10
ZTF23aaakoaa,2.280845090201827,SER,21.031553,21.816174,0.055925637,0.6597899,,28.0,ok_dr10
ZTF21aazcune,2.7085075577340376,SER,,18.178093,,,,6.0,ok_dr10
ZTF20aapcmur,10.597397052040654,REX,23.135765,21.879803,0.9543911,0.14473182,,8.0,ok_dr10
ZTF23abcvqkd,1.8572943918678566,SER,19.882097,19.674839,0.08991785,0.053116545,,16.0,ok_dr10
ZTF19abxvtmn,0.20416377823910956,REX,23.24339,23.7409,0.674531,0.405452,,10.0,ok_dr9
ZTF24abiesnr,1.2930388922370675,SER,20.303156,20.495956,0.076614164,0.09764361,,24.0,ok_dr10
ZTF21aaeoqxf,6.271050991367263,DUP,,,,,,6.0,ok_dr10
ZTF21aahnkut,0.1089282929092449,SER,,21.785704,,,,31.0,ok_dr10
ZTF19aawudku,6.684742396455759,REX,24.07957,23.22678,0.83683884,0.25731847,,28.0,ok_dr10
ZTF23aagkgnz,6.285471750783282,SER,14.653646,14.070354,0.040329,0.007026,0.047259,3.0,ok_dr9
ZTF23abjazdg,3.93646166445141,EXP,21.130148,21.001049,0.63949955,0.38756856,,27.0,ok_dr10
ZTF18adaimlf,,,,,,,,,empty
ZTF20acaczen,5.069069433516214,SER,16.91841,16.471216,0.07308122,0.013515197,,16.0,ok_dr10
ZTF24aavhdqy,,,,,,,,,empty
ZTF20aatulug,1.5650252390969435,REX,18.040606,17.565569,0.115606,0.01977,,15.0,ok_dr9
ZTF20aaullwz,0.7968976973314753,SER,17.101665,16.94156,0.019113483,0.0070415214,,35.0,ok_dr10
ZTF19aazdsgo,2.455201086758411,SER,15.780602,15.185439,0.036248315,0.009952592,,19.0,ok_dr10
ZTF21aaxstsv,0.32660503379773415,SER,16.396685,15.83998,0.10189471,0.01786242,,19.0,ok_dr10
ZTF24abmqdcc,0.2366307436108609,REX,,21.328741,,,,9.0,ok_dr10
ZTF20abjlaim,1.782192267928482,EXP,21.059793,20.829569,0.08516077,0.2915243,,30.0,ok_dr10
ZTF18achszwx,0.43247701051037707,SER,17.976162,17.299055,0.23619905,0.13038889,,21.0,ok_dr10
ZTF25aalocpf,3.110344407853105,SER,15.445263,14.636284,0.048926022,0.015592865,0.03536431,14.0,ok_dr10
ZTF20abqetet,,,,,,,,,empty
ZTF25abmxakq,,,,,,,,,empty
ZTF23abbccir,13.364764897608556,EXP,18.631172,18.452625,0.035823327,0.026448572,,16.0,ok_dr10
ZTF20ackhzba,0.07346384914756228,SER,17.675386,17.185152,0.057216,0.009382,0.064096,13.0,ok_dr9
ZTF22aaabpqn,8.083482165705462,DUP,,,,,,11.0,ok_dr9
ZTF18aarmnnd,1.285068515003958,SER,16.044573,15.512047,0.058176,0.012159,,22.0,ok_dr9
ZTF19acdihrz,3.1564250508381093,DEV,22.16407,22.053564,0.14036888,0.35657197,,33.0,ok_dr10
ZTF19abfaqqo,14.118368138873503,REX,25.622108,22.205496,1.046322,0.261821,,9.0,ok_dr9
ZTF25abvuopa,1.6008470165420599,REX,22.734882,22.036572,1.1061852,0.26329717,,25.0,ok_dr10
ZTF21abgjldn,10.386646962270069,EXP,21.44896,21.383131,0.0274696,0.20339556,,18.0,ok_dr10
ZTF22aaoskwd,0.7518289957452453,EXP,20.672215,20.788143,0.079057,0.119735,,10.0,ok_dr9
ZTF19abeytzv,0.9776612282203445,SER,17.015982,16.712017,0.036334705,0.008418014,,12.0,ok_dr10
ZTF20acyvzbr,2.3626118859869423,REX,16.15715,15.843068,0.04442,0.007662,0.054559,13.0,ok_dr9
ZTF25aastkua,11.922525934084591,REX,22.722082,21.79304,0.704459,0.165368,,7.0,ok_dr9
ZTF25acehjpc,6.109582934316199,EXP,,19.652391,,,,6.0,ok_dr10
ZTF20aavnnqo,1.1288662970061099,SER,15.361655,14.748753,0.056438,0.011889,,10.0,ok_dr9
ZTF24aawlhdv,1.3835033300971649,DUP,,,,,,12.0,ok_dr10
ZTF23aacjetk,2.4625162775551797,EXP,19.044912,19.165182,0.038122,0.048062,,13.0,ok_dr9
ZTF21aabpnlm,,,,,,,,,empty
ZTF21aasuazz,1.5005119436693293,DEV,15.020534,14.162618,0.06263655,0.015475526,,12.0,ok_dr10
ZTF21aayfnjz,1.5159841806695276,SER,18.296131,18.201347,0.02942741,0.017659133,,13.0,ok_dr10
ZTF23aaeygvh,2.682249167735486,DUP,,,,,,23.0,ok_dr10
ZTF19aanesxt,3.9380798159271837,REX,22.741806,22.469501,0.707726,0.42058,,16.0,ok_dr9
ZTF20abccojn,0.4369364421771681,EXP,21.446014,21.245754,0.241604,0.134826,,8.0,ok_dr9
ZTF21aarhnwn,0.7011537735103471,SER,17.250553,16.73049,0.09459144,0.018609839,,19.0,ok_dr10
ZTF25aaxiwgb,,,,,,,,,empty
ZTF23aaeeawl,5.179041267164043,DUP,,,,,,5.0,ok_dr9
ZTF23abolkiw,0.11595675390757125,SER,20.221598,20.381245,0.10595778,0.07585579,,27.0,ok_dr10
ZTF23aajaraz,3.5161893694537736,REX,23.252178,22.934237,0.9437206,0.39922243,,13.0,ok_dr10
ZTF19acnzkph,7.975092266067499,SER,14.571738,13.872224,0.029088702,0.010005866,,30.0,ok_dr10
ZTF23abivaby,,,,,,,,,empty
ZTF19aawgxdn,10.448467287080327,EXP,17.684727,17.518734,0.047478,0.029487,,20.0,ok_dr9
ZTF21aaqytjr,2.3897930956899684,EXP,18.484213,18.941034,0.008160192,0.012235118,,39.0,ok_dr10
ZTF25aaduxhj,,,,,,,,,empty
ZTF20acbakkg,2.0249006296226613,SER,16.745167,16.059189,0.046764,0.00589,,8.0,ok_dr9
ZTF20abyznqs,8.468824627597698,SER,15.609956,15.142069,0.032383896,0.0068884045,,17.0,ok_dr10
ZTF21acfgjiw,0.1218431169483407,EXP,23.045168,23.878048,0.095985554,0.14749256,,17.0,ok_dr10
ZTF25aavggqd,3.2414055759858713,SER,17.389645,16.923489,0.053866,0.01716,0.035021,10.0,ok_dr9
ZTF21abvqrln,0.15308717770405544,DUP,,,,,,25.0,ok_dr10
ZTF19abetjcx,8.17517345084698,SER,15.20362,14.460795,0.046438668,0.0052991807,,25.0,ok_dr10
ZTF25abllldx,,,,,,,,,empty
ZTF22aaudeny,1.0057445793302529,EXP,19.402979,19.188133,0.05696133,0.029664218,,29.0,ok_dr10
ZTF21aceaiqm,2.4700423397138374,SER,18.628525,18.327534,0.08511925,0.018739466,,34.0,ok_dr10
ZTF23ablaxwm,9.12662310137337,SER,15.921879,15.40656,0.041149538,0.007739019,0.05528,24.0,ok_dr10
ZTF20acchxpm,0.8553701140714021,DEV,20.52438,20.195557,0.20567754,0.36282906,,28.0,ok_dr10
ZTF20aarblcr,6.607798453661884,SER,14.650231,14.183211,0.041989,0.011289,,8.0,ok_dr9
ZTF19actnwtn,7.582420577246536,SER,13.909138,13.390176,0.025297,0.004346,0.025458,10.0,ok_dr9
ZTF18abkudjo,3.374237733422174,SER,16.954407,16.403618,0.095331,0.00999,0.092157,11.0,ok_dr9
ZTF24abybsoa,5.1368237911841,EXP,20.48235,20.72746,0.023686014,0.11593882,0.016538763,23.0,ok_dr10
ZTF24abcwqil,,,,,,,,,empty
ZTF24abofwql,2.0686369708244423,SER,16.569227,15.901333,0.050790727,0.005954087,,18.0,ok_dr10
ZTF20aagloch,0.9260714059772305,SER,14.589522,13.873826,0.065588,0.012384,0.048324,7.0,ok_dr9
ZTF18abotdef,0.2153189760681204,REX,21.451838,21.318548,0.09538834,0.06434474,,24.0,ok_dr10
ZTF19abqhikf,1.5711700907664152,EXP,19.102268,18.89343,0.040127,0.036669,,12.0,ok_dr9
ZTF21abkggoa,,,,,,,,,empty
ZTF20abopngr,,,,,,,,,empty
ZTF22abdoehm,0.15917171861544827,SER,19.196514,18.94337,0.072491616,0.031686205,,25.0,ok_dr10
ZTF21acjoskd,2.3538445159624968,SER,18.657412,18.287806,0.00943,0.030433,,5.0,ok_dr9
ZTF18abrfchj,0.3699887754427913,SER,13.773668,13.358541,0.030500263,0.008803756,,24.0,ok_dr10
ZTF20aakodyh,5.987161885582937,SER,16.750982,16.395872,0.037069295,0.009870684,0.047768526,17.0,ok_dr10
ZTF25aaazugo,4.103812037114549,REX,23.967081,23.61388,0.61960703,0.42819694,,42.0,ok_dr10
ZTF21aafjjee,3.4190228326445755,SER,16.236364,15.821107,0.0432,0.007907,0.049182,11.0,ok_dr9
ZTF23aatukpx,4.174062989243152,SER,14.489393,13.861504,0.046251,0.012504,,12.0,ok_dr9
ZTF18aakzliv,11.020002944596039,EXP,21.26887,20.809746,0.26465148,0.14234343,,12.0,ok_dr10
ZTF19abguzsx,2.255878233416242,DEV,15.806374,15.153178,0.10291103,0.013943824,0.09082857,26.0,ok_dr10
ZTF22aaddorn,5.924692730908034,SER,13.144025,12.393024,0.028180804,0.0072997645,0.021103391,5.0,ok_dr10
ZTF22abnqzle,0.3704404288545744,EXP,22.703156,22.434713,0.4547454,0.40133673,,17.0,ok_dr10
ZTF25abflvtk,8.380604845306157,EXP,21.09586,21.167904,0.2550188,0.14656405,,50.0,ok_dr10
ZTF23abccimv,0.11603495075922532,SER,16.939308,16.625553,0.023744166,0.012071154,,11.0,ok_dr10
ZTF18aajvqye,0.7940891388978647,SER,16.471495,15.722075,0.072613,0.006985,0.064771,12.0,ok_dr9
ZTF18ablrljh,0.08337013936517232,SER,17.493692,16.860142,0.08169674,0.013859611,0.093959205,11.0,ok_dr10
ZTF24abmfgxy,,,,,,,,,empty
ZTF20aamkyyx,2.0477662462885675,DUP,,,,,,12.0,ok_dr10
ZTF20aamrreb,,,,,,,,,empty
ZTF24absfzkh,0.2662368412731788,SER,19.65346,19.62282,0.07423559,0.14783919,,27.0,ok_dr10
ZTF21aakilyd,3.2162086022661986,SER,18.026644,17.680998,0.098254204,0.02088904,,20.0,ok_dr10
ZTF22acahury,2.1135368229830243,SER,14.067208,13.777191,0.014622,0.007697,,8.0,ok_dr9
ZTF19aaknate,21.297353002164407,REX,23.191818,21.55768,0.93736106,0.13091302,,6.0,ok_dr10
ZTF25abitcpd,1.9437260754454653,SER,19.29168,19.057802,0.042670712,0.02201768,,30.0,ok_dr10
ZTF25aarhgtc,9.326973836561868,SER,14.324354,13.61276,0.034775037,0.0057206703,,8.0,ok_dr10
ZTF19abgndlf,9.088251772562096,SER,16.190979,15.736534,0.031972,0.01117,,15.0,ok_dr9
ZTF24aaughlb,1.7196358966117467,SER,15.639194,15.043438,0.05988771,0.014142091,,21.0,ok_dr10
ZTF19abvhduf,4.182680625604567,REX,19.84184,19.578445,0.121299,0.025607,,7.0,ok_dr9
ZTF20acfkyll,1.0859951033904678,SER,14.531516,14.144505,0.023856,0.006306,,20.0,ok_dr9
ZTF22abtztxv,,,,,,,,,empty
ZTF18abrzbum,1.0287658972885712,REX,23.8599,26.37393,0.648936,0.39821,,9.0,ok_dr9
ZTF22aaahuly,0.08585205674562826,REX,21.132671,21.06683,0.10910696,0.11968589,,50.0,ok_dr10
ZTF25acglaha,3.530160329581887,SER,15.510591,14.988344,0.06377,0.019354,,13.0,ok_dr9
ZTF21aaaosmn,0.9985059563777936,SER,16.091158,15.522116,0.038346,0.011208,0.037405,5.0,ok_dr9
ZTF25aaqiijt,3.7958461025268635,SER,16.022263,15.453382,0.045798,0.012201,,14.0,ok_dr9
ZTF21accwovq,1.1514601097637818,SER,21.800154,,0.035797905,0.16582331,,39.0,ok_dr10
ZTF22ablhftq,1.8181186447471032,SER,20.770113,21.76506,0.018394,0.028447,,5.0,ok_dr9
ZTF19abmugyh,0.5461365368141314,REX,16.106487,15.715103,0.05306848,0.018481871,,20.0,ok_dr10
ZTF21acdkbai,4.061752261935931,REX,22.405996,22.66334,0.10628173,0.30005518,,31.0,ok_dr10
ZTF23aadjpsn,2.6550216907226734,SER,20.05883,20.052896,0.02362201,0.02872927,,44.0,ok_dr10
ZTF20achmmex,10.713749392578102,EXP,15.308094,14.887435,0.0284459,0.00541619,,24.0,ok_dr10
ZTF22abneima,0.27400065878599905,SER,16.226156,15.433085,0.076959,0.010782,,19.0,ok_dr9
ZTF23abjthou,3.331122654935632,SER,18.695412,18.405283,0.041504,0.019169,,13.0,ok_dr9
ZTF25aakbbof,0.22367422692567804,DUP,,,,,,11.0,ok_dr10
ZTF25aabobjw,6.293712190547018,SER,15.368459,15.105083,0.0077419756,0.0047382116,,13.0,ok_dr10
ZTF24aaynaot,2.2222453131607884,DUP,,,,,,13.0,ok_dr10
ZTF18aagrkwn,0.08536279546144354,SER,17.450586,17.021427,0.1958431,0.06725043,,20.0,ok_dr10
ZTF18aagtwyh,0.17737251917130517,SER,16.814644,16.14261,0.05930567,0.009155612,0.06608249,37.0,ok_dr10
ZTF25abbnidh,,,,,,,,,empty
ZTF24aamlalc,6.590267337852643,DUP,,,,,,2.0,ok_dr9
ZTF24abihiaw,3.632845160908134,SER,18.913412,18.492891,0.10951776,0.0274105,,42.0,ok_dr10
ZTF25aceeppc,12.820216430565786,REX,21.920563,21.442669,0.487071,0.103277,,12.0,ok_dr9
ZTF23aapwlkh,2.5292794000783014,SER,17.358505,17.006916,0.043558672,0.018298106,,16.0,ok_dr10
ZTF20aadyukn,1.250274408207331,DUP,,,,,,9.0,ok_dr9
ZTF18acvgjqv,0.14699873607665673,REX,22.118431,21.86313,0.568298,0.306489,,11.0,ok_dr9
ZTF20aapjiwl,9.3215275733385,SER,17.5158,17.327831,0.030051,0.008855,0.042321,9.0,ok_dr9
ZTF25ackdapv,4.492562239884627,DEV,21.074497,20.813557,0.29681942,0.21378963,,28.0,ok_dr10
ZTF25acekiok,2.846580330399566,SER,16.503975,15.866929,0.057364,0.008534,,10.0,ok_dr9
ZTF24abhrlfz,5.082802159449513,EXP,20.082287,19.984056,0.09223497,0.3056,,9.0,ok_dr10
ZTF19aamvmer,1.890482401566285,SER,17.136084,16.271189,0.082725,0.014856,0.08773,11.0,ok_dr9
ZTF22aatuxjc,0.5446805905081615,SER,17.804476,17.106451,0.11062679,0.0071942713,,16.0,ok_dr10
ZTF25acgmisi,12.703743411716296,DUP,,,,,,7.0,ok_dr10
ZTF22abtextj,3.7447751464979526,DUP,,,,,,21.0,ok_dr10
ZTF20abjonjs,,,,,,,,,empty
ZTF24aazqavh,0.39786451289672026,REX,21.122536,21.286688,0.090595,0.152275,,20.0,ok_dr9
ZTF22abvmfrq,7.917698339871795,SER,12.746216,12.157127,0.02016301,0.021628391,,6.0,ok_dr10
ZTF20abzpxxu,,,,,,,,,empty
ZTF20abywzvj,3.037808412159385,SER,17.989716,17.692501,0.05277946,0.014793646,0.038748395,51.0,ok_dr10
ZTF25aafqyhb,,,,,,,,,empty
ZTF22abtfczg,0.4143254137677747,SER,17.651491,17.38606,0.026228145,0.012626604,,17.0,ok_dr10
ZTF19abhpvfq,1.8724037983472186,SER,,13.111616,,,,8.0,ok_dr10
ZTF21aalkknw,1.7251345521373749,REX,22.277617,22.00617,0.2320151,0.35851353,,13.0,ok_dr10
ZTF20abmdplx,,,,,,,,,empty
ZTF25aadfajb,0.7710519392719274,REX,22.169918,21.939493,0.1953545,0.1715828,,39.0,ok_dr10
ZTF18acaktuk,,,,,,,,,empty
ZTF19aanfnvl,6.595674076947467,DUP,,,,,,10.0,ok_dr10
ZTF20acvejem,,,,,,,,,empty
ZTF20aaurfnl,2.2920210898092415,SER,15.352864,14.845882,0.041722108,0.008231194,0.033642758,28.0,ok_dr10
ZTF21abmemav,1.0436440062454386,SER,20.619377,20.159988,0.23073688,0.18713748,,14.0,ok_dr10
ZTF21acgudgo,,,,,,,,,empty
ZTF18abdfaqi,3.195715970330527,EXP,21.263586,21.517399,0.3081398,0.30912608,,18.0,ok_dr10
ZTF18abmnrgb,,,,,,,,,empty
ZTF19abgppki,1.3303952908162444,DUP,,,,,,14.0,ok_dr10
ZTF22aaakran,0.07651874464434608,SER,18.142483,17.561827,0.21955723,0.034117203,,11.0,ok_dr10
ZTF22aabzsqo,2.6967052189292073,SER,21.740547,23.210123,0.15426376,0.35809514,,32.0,ok_dr10
ZTF20abzayoe,6.839200917222946,SER,,15.732244,,,,12.0,ok_dr10
ZTF22aaqfuhm,4.153001925719648,SER,16.34549,16.065193,,,,9.0,ok_dr9
ZTF25aaoxrmn,6.74623781131345,REX,,20.438583,,,,14.0,ok_dr10
ZTF22abqwahz,7.260032109885692,SER,15.565784,14.940087,0.055105913,0.0058476496,0.04938965,16.0,ok_dr10
ZTF21aaaalaf,,,,,,,,,empty
ZTF23aauubqu,,,,,,,,,empty
ZTF22aakdqqg,5.389308926868953,SER,14.778278,14.274606,0.022367632,0.0056182593,0.019910036,11.0,ok_dr10
ZTF21abjvukz,,,,,,,,,empty
ZTF22aaafetg,11.199207950937943,SER,16.517101,15.857028,0.105653,0.014214,0.077478,21.0,ok_dr9
ZTF25abvqjxe,4.323955935949595,REX,24.467714,24.44658,0.63114,0.48713055,,30.0,ok_dr10
ZTF18abvzdvj,0.8934414079905385,SER,18.79931,18.593113,0.06656034,0.027874433,,31.0,ok_dr10
ZTF22aaektkm,4.960436799001604,SER,17.816097,17.4057,0.092052534,0.020507822,,21.0,ok_dr10
ZTF21aaezixn,2.961537742103897,DUP,,,,,,10.0,ok_dr10
ZTF25abkeyrv,2.456561540943005,DUP,,,,,,13.0,ok_dr9
ZTF21aamhtui,,,,,,,,,empty
ZTF19aauplxw,3.0645708916900034,EXP,22.814707,23.061241,0.12374033,0.3327114,,28.0,ok_dr10
ZTF22aaphdzl,2.5787306781379753,SER,16.056894,15.387402,0.058317,0.006018,0.061628,21.0,ok_dr9
ZTF24aagwnen,,,,,,,,,empty
ZTF22abtootl,9.490979477299748,REX,22.136171,22.791458,0.624489,0.279116,,15.0,ok_dr9
ZTF18adaadmh,1.497547697129954,SER,16.678488,16.4368,0.031981643,0.00963745,,31.0,ok_dr10
ZTF21abidikc,2.5595619756001966,REX,23.01434,23.728432,0.402537,0.296143,,12.0,ok_dr9
ZTF20acmyxdb,,,,,,,,,empty
ZTF23abomeiu,3.010378358693954,SER,14.699096,14.048954,0.050104,0.00604,,35.0,ok_dr9
ZTF22abdjqlm,0.06464240631731515,SER,18.676437,18.263586,0.07077,0.028101,,11.0,ok_dr9
ZTF20achlced,8.963492006710325,REX,17.935314,17.911257,0.0069460752,0.0076324283,,12.0,ok_dr10
ZTF19aapfmki,15.993664488617602,SER,14.78188,14.278307,0.040204022,0.010930691,0.054690447,7.0,ok_dr10
ZTF20achncqp,0.5035466055219566,REX,22.247488,21.81647,0.432128,0.151697,,11.0,ok_dr9
ZTF20abkdpsy,,,,,,,,,empty
ZTF24absfubu,4.443947689326376,SER,15.260627,,,,,8.0,ok_dr10
ZTF22abytwjj,,,,,,,,,empty
ZTF24ablsajd,,,,,,,,,empty
ZTF24aahtdhb,1.1059688115057036,REX,23.814001,,0.1709349,0.35228503,,13.0,ok_dr10
ZTF25acjpdld,2.506889378918094,EXP,21.982582,22.163656,0.12772267,0.21410064,,36.0,ok_dr10
ZTF19acykbce,0.7004964629010692,SER,17.399767,16.884706,0.12596622,0.02093784,,26.0,ok_dr10
ZTF19aathcvn,3.85231586404127,EXP,17.62262,17.237503,0.02700757,0.0063027735,,12.0,ok_dr10
ZTF24aaopnuy,5.069412424429231,SER,14.795528,14.357096,0.027439,0.004346,0.036513,9.0,ok_dr9
ZTF24ablgasd,0.7980113383078739,EXP,,,,,,9.0,ok_dr10
ZTF20acnvniw,3.515311837380633,SER,16.100807,15.918101,0.016222293,0.007593466,0.021743683,16.0,ok_dr10
ZTF19aaarhtg,0.5522254513315608,SER,15.861644,15.160938,0.02926535,0.0041567245,,30.0,ok_dr10
ZTF19aakswwb,0.1718468093447565,DUP,,,,,,25.0,ok_dr10
ZTF20abegopd,2.265617465873582,SER,15.195876,14.571127,0.034288,0.005225,,11.0,ok_dr9
ZTF19aavnwyt,0.33315170036161246,REX,20.893538,21.136572,0.0242,0.01374,,9.0,ok_dr9
ZTF25aaizniw,4.71590483231936,EXP,23.330822,24.693098,0.277617,0.402786,,11.0,ok_dr9
ZTF23aamaeks,21.934806741085467,DUP,,,,,,4.0,ok_dr10
ZTF23aabwfkc,2.5167416402958382,SER,16.643436,16.14701,0.039244,0.011456,0.039149,10.0,ok_dr9
ZTF22aayvaoa,0.6603773508573372,SER,17.673481,17.313684,0.042187154,0.013348341,,24.0,ok_dr10
ZTF22aafnqfz,0.8883325345344607,REX,17.233501,17.06191,0.053364,0.014111,0.05447,9.0,ok_dr9
ZTF20aaummmc,10.88502699465725,REX,22.52137,21.903782,0.6831039,0.32396898,,19.0,ok_dr10
ZTF22abtjefa,2.9446959930751997,REX,16.89284,16.920208,0.010267,0.02604,,17.0,ok_dr9
ZTF23aaitimz,4.327141468084177,SER,16.976831,16.288261,0.055533994,0.010883556,0.061758995,11.0,ok_dr10
ZTF25abdhyhr,13.631334948005511,SER,,,,,,4.0,ok_dr10
ZTF19abajuqh,1.1914148614464386,SER,17.247866,16.550613,0.07169341,0.009369265,,10.0,ok_dr10
ZTF21aaafgmv,0.2811336579082779,SER,17.139538,16.367184,0.087871,0.010104,,8.0,ok_dr9
ZTF21aapdphm,,,,,,,,,empty
ZTF21aaffxdt,0.8473421437617232,EXP,19.938347,19.700901,0.09423341,0.023916861,,25.0,ok_dr10
ZTF19aadnxat,1.2331106787786008,EXP,20.191423,20.52556,0.053938,0.068868,,17.0,ok_dr9
ZTF20acpgolz,0.1139749229801502,SER,17.600508,16.986208,0.18490146,0.040624026,,33.0,ok_dr10
ZTF22aaagxev,,,,,,,,,empty
ZTF24abizyga,,,,,,,,,empty
ZTF18abwkczr,,,,,,,,,empty
ZTF22aadliib,1.5135388074602223,REX,22.174582,21.880047,0.5280842,0.5020556,,19.0,ok_dr10
ZTF22abtcyhv,4.480228351860521,REX,19.549751,20.918613,0.025494,0.064473,,20.0,ok_dr9
ZTF19aczjytt,12.69478932745238,DUP,,,,,,5.0,ok_dr10
ZTF21aantxma,1.922165289947191,DUP,,,,,,10.0,ok_dr9
ZTF24abyhjvc,0.16757913946842806,SER,18.035229,17.458447,0.080347806,0.011940364,,17.0,ok_dr10
ZTF23aaxyawz,13.558130907979166,REX,23.232983,22.108133,0.97087413,0.11468038,,19.0,ok_dr10
ZTF19aauxmqj,2.525554408034852,SER,19.003284,18.47677,0.080109,0.029595,,10.0,ok_dr9
ZTF22aajsqdv,,,,,,,,,empty
ZTF21aaampui,6.918267112941539,EXP,21.046877,20.51674,0.6101772,0.11572495,,11.0,ok_dr10
ZTF18acrtvmm,5.142122671234581,EXP,18.095896,18.199373,0.005880196,0.006785554,,5.0,ok_dr10
ZTF22aalxyqn,0.3536894914327827,DUP,,,,,,19.0,ok_dr10
ZTF19adajqwl,0.4504476936650733,EXP,20.74028,20.520102,0.17085217,0.06510635,,20.0,ok_dr10
ZTF24abnqqmr,,,,,,,,,empty
ZTF20abvykmy,0.6745371958064366,REX,23.436476,23.23514,0.67168295,0.35605094,,33.0,ok_dr10
ZTF24abnpdmk,2.4578743782141026,SER,,,0.5112895,0.96826315,,20.0,ok_dr10
ZTF21acafsjy,1.4628065655888218,REX,23.094215,23.11124,0.37572,0.222424,,9.0,ok_dr9
ZTF19abzzgus,,,,,,,,,empty
ZTF25acelamc,0.8740902890468724,REX,19.576302,19.350033,0.109742,0.03089,,10.0,ok_dr9
ZTF21abkezqs,0.9632642955729587,EXP,19.278837,18.952085,0.08943421,0.017813403,,11.0,ok_dr10
ZTF20aadcbvz,5.736980887560996,REX,27.066158,25.759716,1.333475,0.78041965,,29.0,ok_dr10
ZTF25abwvuln,0.13301279411024572,SER,16.786222,16.275667,0.06541685,0.01704058,,19.0,ok_dr10
ZTF23aavmguj,,,,,,,,,empty
ZTF24aahzezk,0.05679509851487989,SER,17.280684,16.598988,0.08267231,0.010092674,,20.0,ok_dr10
ZTF25aadnogd,4.963982496571818,SER,16.417192,16.032572,0.029443344,0.009250723,0.021832813,42.0,ok_dr10
ZTF21aclzvgz,0.4300804794781065,REX,17.533844,17.15348,0.069516,0.02479,,13.0,ok_dr9
ZTF18aapictz,1.2200833635233808,EXP,20.975332,20.785639,0.089722574,0.058415547,,12.0,ok_dr10
ZTF24abfpdbe,2.885004527525892,SER,18.182379,17.833704,0.038699415,0.01458049,,14.0,ok_dr10
ZTF18aaakpsa,0.16902626453199734,DUP,,,,,,9.0,ok_dr10
ZTF24aakbqjh,2.032911244453029,REX,21.320765,21.1761,0.083825,0.338713,,15.0,ok_dr9
ZTF24abtcetf,,,,,,,,,empty
ZTF22aadkxhp,0.1130020618877662,REX,19.997019,19.64737,0.118655,0.055581,,19.0,ok_dr9
ZTF19aadmjtn,7.578787972089253,SER,,19.906342,,,,12.0,ok_dr10
ZTF22aamgjeh,,,,,,,,,empty
ZTF22aaetqzk,0.1048254237001344,REX,17.138548,16.615986,0.177427,0.017228,,11.0,ok_dr9
ZTF19abatvit,0.1529803756302131,SER,16.373362,15.734662,0.08666368,0.014590212,,10.0,ok_dr10
ZTF22abtcpig,,,,,,,,,empty
ZTF19aapqrsh,,,,,,,,,empty
ZTF22aaafpbi,0.15138604445060194,REX,18.380835,18.083885,0.09038584,0.21937558,,13.0,ok_dr10
ZTF20aazffau,,,,,,,,,empty
ZTF22aaaxjln,21.12005526610198,REX,25.157658,22.579748,1.0295498,0.36831927,,2.0,ok_dr10
ZTF19ackjjwf,10.521510984787684,EXP,19.460045,20.03432,0.011657379,0.012389337,,14.0,ok_dr10
ZTF25abzqhgf,,,,,,,,,empty
ZTF21abiwpjm,8.884132931401169,REX,22.23934,21.566818,0.66092014,0.07381024,,17.0,ok_dr10
ZTF19aadnhdo,9.609817946112987,SER,14.405536,13.756686,0.030702,0.006395,,4.0,ok_dr9
ZTF21acjnajt,0.4218961770405328,REX,18.561296,18.19864,0.107282,0.04129,,15.0,ok_dr9
ZTF19aakswrb,0.08119963924795118,REX,18.23572,17.60513,0.15067059,0.018987581,,15.0,ok_dr10
ZTF21abjamta,8.747247463278054,SER,14.877642,14.502306,0.034340683,0.012080325,,6.0,ok_dr10
ZTF21abnuldi,,,,,,,,,empty
ZTF23absjgsh,4.368198393051184,SER,17.19714,16.791473,0.025201838,0.006208118,0.02132368,12.0,ok_dr10
ZTF19acxxxec,0.4610486266748852,DEV,16.037241,15.59364,0.071962,0.009018,0.06779,18.0,ok_dr9
ZTF20aaelulu,3.2161208260840075,EXP,16.331926,16.310514,0.013873167,0.030247964,,6.0,ok_dr10
ZTF22abhxptt,,,,,,,,,empty
ZTF23aahvmpq,6.579192582739049,SER,16.060684,15.347208,0.038576413,0.010395532,0.041527595,26.0,ok_dr10
ZTF20abrgyhd,4.2476813138827225,SER,21.243114,20.907454,0.3729383,0.17366235,,53.0,ok_dr10
ZTF23abjfpng,,,,,,,,,empty
ZTF21abvajfq,1.5148470206822438,SER,17.742538,17.110924,0.09912774,0.015016335,,21.0,ok_dr10
ZTF19abzwaen,5.0877449904510765,SER,16.888601,16.377687,0.044909786,0.011385454,0.028496493,18.0,ok_dr10
ZTF18abscyji,8.7941241930512,SER,16.85445,16.586126,0.031645,0.007435,0.039916,12.0,ok_dr9
ZTF20aauyhea,0.11246447790339117,SER,15.515506,14.834805,0.065688744,0.013034505,,25.0,ok_dr10
ZTF23aavxxef,,,,,,,,,empty
ZTF20acxtdcm,2.228477012626064,SER,19.368061,19.109493,0.06932726,0.027302913,,33.0,ok_dr10
ZTF25absdrsu,0.965449616424278,SER,17.991129,17.563389,0.0535309,0.015021564,,10.0,ok_dr10
ZTF20abxyaqc,4.082264541650975,SER,16.11043,15.622184,0.042777546,0.0094611095,,23.0,ok_dr10
ZTF22aadeqoe,1.5055582659437685,SER,16.401524,15.742555,0.066065,0.014896,,10.0,ok_dr9
ZTF20aakzbfh,0.3969653380985518,SER,14.302423,13.700221,0.039243586,0.009190927,,6.0,ok_dr10
ZTF22aazbxmi,0.07141485589704243,REX,19.070522,18.835245,0.062672,0.027646,,3.0,ok_dr9
ZTF23abmtzcg,1.254388869023216,DEV,,21.260378,,,,15.0,ok_dr10
ZTF22aauurbv,10.88543517496288,EXP,18.110073,17.611153,0.080904,0.064821,,5.0,ok_dr9
ZTF19aaklbok,4.443867508592154,REX,19.24761,18.762949,0.164198,0.077067,,14.0,ok_dr9
ZTF20acrbpqd,6.4496759611632655,SER,15.97932,15.467518,0.049283866,0.016837673,0.06784761,19.0,ok_dr10
ZTF21acchwaw,,,,,,,,,empty
ZTF20acplhku,,,,,,,,,empty
ZTF18ablmflp,9.938358031296637,EXP,19.897049,20.162954,0.054296,0.063412,,8.0,ok_dr9
ZTF20abmsqaa,2.0913017449824927,SER,17.138584,16.757002,0.07619325,0.015719822,,32.0,ok_dr10
ZTF24aaoupgb,2.362287931471018,SER,19.102283,18.887478,0.029484872,0.01899131,,13.0,ok_dr10
ZTF24aahmqzq,7.835006431960462,DUP,,,,,,10.0,ok_dr10
ZTF22aaaokni,1.9458975352751773,EXP,17.127659,16.707642,0.050794788,0.013399013,0.07028209,23.0,ok_dr10
ZTF24abvtoyo,,,,,,,,,empty
ZTF20acsdykp,1.1671563216524226,SER,17.860481,17.315525,0.08550443,0.020640882,,18.0,ok_dr10
ZTF19aamggnw,0.38961613597669426,REX,21.654648,,0.027694,0.259836,,10.0,ok_dr9
ZTF25aalwadw,,,,,,,,,empty
ZTF22aafsqud,5.384751887435824,REX,20.483448,20.579649,0.05577518,0.37330282,,18.0,ok_dr10
ZTF22abkhrkd,,,,,,,,,empty
ZTF23absdibx,,,,,,,,,empty
ZTF23aantmqa,0.4195426867069432,REX,18.805351,18.583683,0.098173,0.033386,,5.0,ok_dr9
ZTF25aalqkaf,,,,,,,,,empty
ZTF22abbmgdo,,,,,,,,,empty
ZTF17aabvong,0.31729379858427464,SER,14.82214,14.232264,0.02881971,0.005760116,,11.0,ok_dr10
ZTF19abjnwcy,1.9311884215032666,REX,22.23215,21.537859,0.89730394,0.25979266,,37.0,ok_dr10
ZTF18acnnevs,0.3916674137923381,DEV,19.801908,19.577866,0.125193,0.056608,,17.0,ok_dr9
ZTF24aathzox,0.47113352062823194,REX,21.109392,20.835958,0.365122,0.180949,,5.0,ok_dr9
ZTF24abhtybk,,,,,,,,,empty
ZTF23aaanyts,2.8563383789046553,SER,16.610064,15.938689,0.067447,0.008263,0.071171,12.0,ok_dr9
ZTF20acxbbaj,3.481567432859595,SER,17.870644,17.362995,0.10475732,0.022890726,,17.0,ok_dr10
ZTF24ablxiwv,3.801328736616159,EXP,17.499346,16.985712,0.009156121,0.018510623,,22.0,ok_dr10
ZTF21aacwleg,,,,,,,,,empty
ZTF24aaoauvb,1.7011648255116605,SER,15.963299,15.36337,0.05723326,0.012656774,,28.0,ok_dr10
ZTF25aacbhct,,,,,,,,,empty
ZTF25aaggugu,0.06594957260976915,SER,17.320175,16.693848,0.074314,0.013942,,18.0,ok_dr9
ZTF20aafclxb,6.2649398284363125,SER,14.063116,13.804326,0.008719645,0.004042785,,27.0,ok_dr10
ZTF24abhzshd,15.71803114851084,REX,,,,,,13.0,ok_dr10
ZTF20aauowam,6.196221203230707,REX,16.549747,16.177832,0.057803,0.010827,0.064228,14.0,ok_dr9
ZTF18acfwmqj,1.1771959436954396,DEV,16.433455,15.742908,0.06515208,0.0053098495,,21.0,ok_dr10
ZTF20aaqhtcd,0.890918726967442,REX,18.393723,18.005117,0.080253,0.023381,,10.0,ok_dr9
ZTF24aawjctx,4.518120228440752,EXP,21.321627,21.070019,0.14202826,0.09143487,,8.0,ok_dr10
ZTF22abnuakd,,,,,,,,,empty
ZTF20aauwjmw,3.7390319117793656,DUP,,,,,,24.0,ok_dr10
ZTF24abzwudv,0.6069896822488617,EXP,18.311617,17.854921,0.1173804,0.03936256,,13.0,ok_dr10
ZTF22aameoxg,6.037286534399829,SER,15.052136,14.453298,0.05109131,0.0141862,0.03297615,10.0,ok_dr10
ZTF20abavnaw,10.127712903210892,SER,16.218973,15.552543,0.079296,0.007669,0.084058,11.0,ok_dr9
ZTF19aacijie,14.620263506890291,REX,22.780905,22.731434,0.610625,0.241868,,15.0,ok_dr9
ZTF24acahvpo,1.7844190828742348,REX,23.015854,22.973372,0.49605015,0.2881646,,14.0,ok_dr10
ZTF25aanpvix,1.1924216108968457,SER,15.197284,14.786113,0.022253986,0.006560796,0.026503602,18.0,ok_dr10
ZTF23aaohqcn,6.366493607146038,SER,16.463495,16.121965,0.06435845,0.015202213,,14.0,ok_dr10
ZTF20aattqcv,1.0907534361116593,SER,18.898733,18.595848,0.10365016,0.06418469,,11.0,ok_dr10
ZTF18acqsqrg,7.524372846911766,SER,18.470545,18.463305,0.007099805,0.015972428,,41.0,ok_dr10
ZTF23aaawatw,1.459555033700209,EXP,18.811274,18.304207,0.083433345,0.034592517,,12.0,ok_dr10
ZTF19ablesob,0.2514039572811186,REX,21.50747,21.559208,0.07880282,0.25393674,,9.0,ok_dr10
ZTF22aatbtqn,,,,,,,,,empty
ZTF25aajygin,4.696384568547044,SER,15.951509,15.768476,0.012754,0.005745,0.020222,9.0,ok_dr9
ZTF21aavsbkt,4.062121224033043,REX,20.620657,20.750582,0.09208,0.129088,,14.0,ok_dr9
ZTF19aapszzy,8.69214109715366,SER,14.56041,14.088125,0.031482,0.00756,,20.0,ok_dr9
ZTF24abribze,4.664567626221572,EXP,20.839142,22.150381,0.374825,0.193547,,19.0,ok_dr9
ZTF24abdzqra,6.657756080169022,SER,14.148422,13.388912,0.020077,0.005405,,10.0,ok_dr9
ZTF18abvejqt,0.5309391183627064,REX,21.860794,21.546726,0.254823,0.2869949,,11.0,ok_dr10
ZTF25abopkmq,,,,,,,,,empty
ZTF23aaqnhjp,1.123654482905807,DUP,,,,,,7.0,ok_dr9
ZTF24abyityc,0.1864410764934878,SER,17.163618,16.540617,0.057881214,0.01373843,,14.0,ok_dr10
ZTF21aaxzczy,,,,,,,,,empty
ZTF18acrknyn,,,,,,,,,empty
ZTF20acgpngg,4.861766561406293,DUP,,,,,,11.0,ok_dr10
ZTF25aaqhkyi,16.180433188050248,SER,,19.547861,,,,8.0,ok_dr10
ZTF25aavmyql,,,,,,,,,empty
ZTF25abmtiec,2.2603467439208194,REX,22.491442,22.004402,0.9883297,0.40602177,,39.0,ok_dr10
ZTF19aanjlwx,1.9961168380748724,SER,21.749043,21.31525,0.46209338,0.20959243,,33.0,ok_dr10
ZTF19aatgxjy,1.6876850364813143,REX,23.574759,,0.519692,0.363285,,18.0,ok_dr9
ZTF24aakbptu,1.3006754413903188,EXP,20.469904,20.233385,0.090308,0.048059,,22.0,ok_dr9
ZTF19actfpmy,7.016103340629602,SER,16.26265,15.816009,0.034211714,0.010355633,,24.0,ok_dr10
ZTF18abdiwpt,3.2547960089058665,SER,17.680687,17.439484,0.055365,0.06323,,9.0,ok_dr9
ZTF20aaurjzv,9.152441850912076,SER,14.971901,14.361421,0.043041,0.007045,0.039576,17.0,ok_dr9
ZTF22aanzbru,18.527170620181572,REX,17.682589,17.309292,0.02998025,0.020128623,,9.0,ok_dr10
ZTF23abjdrvd,4.669035100988031,SER,14.95048,14.19231,0.02642709,0.007027534,,11.0,ok_dr10
ZTF22abcknjm,1.8905758044539,SER,17.01962,16.400993,0.08040319,0.018345973,,26.0,ok_dr10
ZTF20abzcokk,,,,,,,,,empty
ZTF18aaeipng,1.85986032698075,SER,17.661764,17.620283,0.027835,0.012556,,8.0,ok_dr9
ZTF20aacexgb,0.5588655266663927,SER,16.903246,16.330938,0.050373096,0.011072567,,30.0,ok_dr10
ZTF22abyknqs,1.9991669889658357,SER,17.062437,16.82014,0.037477,0.010792,,12.0,ok_dr9
ZTF22abmxtqr,0.8207164630507698,REX,24.0693,24.145493,0.6024337,0.5246657,,30.0,ok_dr10
ZTF18absnqyo,,,,,,,,,empty
ZTF20adadlqm,,,,,,,,,empty
ZTF25aanfaxg,0.2610835860801697,SER,18.367016,18.025482,0.09421061,0.026709886,,24.0,ok_dr10
ZTF25aaktazi,2.277660331212061,SER,16.020533,15.396053,0.043518,0.0087,0.049358,8.0,ok_dr9
ZTF23abmoxlu,1.319188622709633,REX,18.175419,18.07461,0.007695,0.009216,,7.0,ok_dr9
ZTF20actvpyc,0.3254232376020379,REX,20.059061,19.82468,0.12325948,0.3049944,,27.0,ok_dr10
ZTF21aaovdlh,0.6161720883160744,SER,19.11955,19.081821,0.11462357,0.09579624,,23.0,ok_dr10
ZTF22abyjtmn,4.143563271715204,REX,23.145569,22.14706,0.862027,0.164049,,12.0,ok_dr9
ZTF20abtjjhb,0.6903073800166073,SER,18.321121,18.053448,0.04439977,0.01903478,,10.0,ok_dr10
ZTF24aayyqub,,,,,,,,,empty
ZTF24aaumgko,1.358633121148817,SER,19.102098,18.741133,0.10410982,0.025000082,,20.0,ok_dr10
ZTF20acveadu,0.2891655287793666,SER,14.719243,13.983178,0.024855582,0.0033612943,,29.0,ok_dr10
ZTF23absiytp,3.864487182286689,SER,17.625874,17.397802,0.06426072,0.026025139,,19.0,ok_dr10
ZTF19acbpxwt,2.3484582647628134,SER,16.490625,15.802958,0.092443,0.013925,,12.0,ok_dr9
ZTF21aaasirb,,,,,,,,,empty
ZTF20abqgbum,13.558550923551014,REX,23.682903,22.941994,1.041326,0.253964,,8.0,ok_dr9
ZTF18abckujg,1.1531964379392527,EXP,22.70692,23.21617,0.749267,0.456461,,14.0,ok_dr9
ZTF19abdkbcx,6.5437975292186925,DEV,,20.494368,,,,14.0,ok_dr10
ZTF24abcixyi,5.053703558837161,SER,17.161478,16.586365,0.07044417,0.015286503,0.084879495,18.0,ok_dr10
ZTF25abiwxmw,,,,,,,,,empty
ZTF21aaxylga,7.208065933986765,REX,16.251331,15.924253,0.031925727,0.009224375,0.033857208,18.0,ok_dr10
ZTF21acilvjb,1.5428714286373675,SER,18.024256,17.609453,0.0854283,0.022491978,,20.0,ok_dr10
ZTF23aatajah,1.826846534176826,SER,18.696365,18.198906,0.160389,0.03351,,14.0,ok_dr9
ZTF22aayplsv,4.125178829582023,SER,,16.103611,,,,14.0,ok_dr10
ZTF20abgtran,1.22746202290703,DUP,,,,,,20.0,ok_dr10
ZTF21aatyplr,6.994747457959868,DUP,,,,,,12.0,ok_dr9
ZTF18abvgivy,2.556768475426101,SER,17.811434,17.393993,0.07490453,0.016817208,0.06464898,13.0,ok_dr10
ZTF24aagomqx,0.839679519323578,SER,19.095196,18.823605,0.099492,0.022273,,3.0,ok_dr9
ZTF19abtsrup,1.1381506813838287,SER,20.648148,20.544418,0.05308171,0.03798383,,27.0,ok_dr10
ZTF23aadcben,8.758936478704799,SER,14.491226,14.200857,0.025508,0.006477,,12.0,ok_dr9
ZTF21abbuylk,1.4702976785331106,REX,22.096012,23.003262,0.5835073,0.37750542,,17.0,ok_dr10
ZTF24abamger,0.715114935344168,SER,19.21764,18.89744,0.11310874,0.032660972,,30.0,ok_dr10
ZTF23aaucaqp,1.1746121423589542,REX,18.233402,18.00581,0.040032,0.019798,,16.0,ok_dr9
ZTF25aafvqth,2.857487624580989,SER,21.14146,21.599794,0.08262847,0.06322042,,21.0,ok_dr10
ZTF19adbryab,5.599457147020829,EXP,14.753996,14.052444,0.036094923,0.019814804,,12.0,ok_dr10
ZTF23abnivuj,2.448045519821443,REX,22.98518,22.328346,0.65672624,0.13325448,,30.0,ok_dr10
ZTF25abjeuls,0.14901729727158944,REX,21.668344,21.604647,0.059390076,0.12533809,,7.0,ok_dr10
ZTF23aacnkyh,15.383878515623715,SER,16.077852,15.667758,0.044966,0.007768,0.059846,8.0,ok_dr9
ZTF21aamesud,1.7474546245102267,SER,14.823449,14.315271,0.037623916,0.007473977,0.036837317,22.0,ok_dr10
ZTF20aauwjla,17.98705405931372,EXP,21.538654,20.66485,0.3990119,0.06200694,,10.0,ok_dr10
ZTF18abrzcgl,4.665594206746109,SER,,17.238731,,,,4.0,ok_dr10
ZTF20aahqbun,3.888396680486517,EXP,20.382824,,0.038851,0.119966,,21.0,ok_dr9
ZTF22aakcnxq,0.6197185063056299,SER,15.528926,14.896544,0.07393179,0.011393175,0.07199341,39.0,ok_dr10
ZTF25aaggdnf,3.180850813942713,SER,15.924062,15.260448,0.06675906,0.0067817806,,19.0,ok_dr10
ZTF22abgaymw,1.3197588000161997,REX,24.120953,,0.8292307,0.6352842,,35.0,ok_dr10
ZTF20aacbtgq,5.684201079571898,EXP,17.285036,17.154778,0.038768,0.00852,0.062882,15.0,ok_dr9
ZTF24aakfltk,5.321668439778232,SER,16.067472,15.360509,0.07113,0.006399,,17.0,ok_dr9
ZTF20abxjefm,1.470017184060706,SER,16.93165,16.548256,0.06464509,0.013809751,,17.0,ok_dr10
ZTF22abnqpwe,3.3573770976693798,SER,16.503689,15.836622,0.071750134,0.0076527493,0.08077378,19.0,ok_dr10
ZTF19acbkczc,0.38316320463833325,DEV,,12.964252,,,,8.0,ok_dr10
ZTF19abjgdko,,,,,,,,,empty
ZTF20abcdrsm,8.636401019494562,REX,23.238544,21.792627,1.0998422,0.14738987,,5.0,ok_dr10
ZTF25acegaon,,,,,,,,,empty
ZTF25aasfogb,8.543597575100362,SER,,,,,,9.0,ok_dr10
ZTF19aamooex,3.1928109674139264,REX,21.400345,20.746895,0.688104,0.115044,,10.0,ok_dr9
ZTF23abnpdod,0.6733787693722679,EXP,21.74637,21.223423,0.57447815,0.22722782,,11.0,ok_dr10
ZTF20acrinvz,5.423061754064163,SER,17.272442,16.940409,0.035735115,0.008124986,0.050877232,15.0,ok_dr10
ZTF20abpucsd,3.569230554296759,EXP,,,,,,10.0,ok_dr10
ZTF21aagpymw,1.3480853584458938,SER,19.287643,18.978197,0.1505321,0.049911145,,12.0,ok_dr10
ZTF23aaqkpwb,6.175023018855463,EXP,,,,,,13.0,ok_dr10
ZTF19aapfnym,7.949052172385881,SER,,14.750419,,,,10.0,ok_dr10
ZTF19aaqcqkv,5.393342138079119,SER,18.0108,17.761515,0.062095,0.020536,,14.0,ok_dr9
ZTF19acryurj,18.519226600015152,DUP,,,,,,4.0,ok_dr10
ZTF19abzmmvz,,,,,,,,,empty
ZTF20acodsyb,0.4631751673864681,SER,13.887043,13.187326,0.034962825,0.008786142,,7.0,ok_dr10
ZTF23aadbbxv,,,,,,,,,empty
ZTF22abeyzcl,4.717797522093067,SER,14.654396,14.15842,0.041863,0.007978,,7.0,ok_dr9
ZTF19abwaohs,21.950591642449986,DEV,20.184027,19.928078,0.431209,0.226779,,4.0,ok_dr9
ZTF24abcfiff,10.800250883788488,SER,14.340674,13.489065,0.03187793,0.015993029,0.031851318,10.0,ok_dr10
ZTF18absdddn,3.918308658855719,REX,23.235481,22.288975,0.65539265,0.22368985,,8.0,ok_dr10
ZTF22aaabzju,1.7729870577074416,REX,23.368507,23.372618,1.167059,0.50263584,,17.0,ok_dr10
ZTF19abgiwkt,,,,,,,,,empty
ZTF25achxmlx,0.8546120011323862,SER,15.264127,14.602153,0.047764577,0.008755633,0.046474874,21.0,ok_dr10
ZTF20aavfwdo,1.9692928983808837,SER,16.034315,15.476816,0.041729,0.010189,0.067791,22.0,ok_dr9
ZTF20aaurfwa,0.36200740058162634,REX,16.52118,15.94953,0.10153668,0.014216007,0.09347289,13.0,ok_dr10
ZTF21aaeoxfd,0.9225171312082523,REX,18.538158,18.210907,0.08432998,0.02498188,,22.0,ok_dr10
ZTF22aayobas,,,,,,,,,empty
ZTF21aalofsw,6.957245260531421,SER,15.781157,15.166683,0.036388025,0.012435236,,8.0,ok_dr10
ZTF18acsyzca,8.636961869888781,REX,23.930365,22.33529,0.96796614,0.11803045,,13.0,ok_dr10
ZTF19acbjddp,3.0220242408045457,REX,20.396748,19.948088,0.255815,0.041869,,11.0,ok_dr9
ZTF19aafndot,8.085562524508521,SER,14.481192,13.867545,0.027925575,0.0071610734,0.034319375,14.0,ok_dr10
ZTF23aatabje,0.12316295210825973,SER,18.33904,18.10811,0.093221,0.025045,,12.0,ok_dr9
ZTF19acmwfli,8.358458120526835,REX,22.246166,21.431528,0.871456,0.098919,,15.0,ok_dr9
ZTF21abizxkw,0.0805423417476393,SER,16.27636,15.593834,0.09767564,0.01689079,0.09470801,14.0,ok_dr10
ZTF21abuxuxj,2.079241794132372,EXP,16.112753,15.693583,0.026629955,0.011479698,,17.0,ok_dr10
ZTF25aabwjuw,10.475462475363967,SER,14.995092,14.435594,0.043028917,0.01208296,0.063511685,13.0,ok_dr10
ZTF19acduaik,1.6065368205683035,REX,22.406229,,0.589,0.294963,,7.0,ok_dr9
ZTF24aasigoj,0.42248654043341166,SER,16.545542,16.08023,0.040542874,0.010854593,,38.0,ok_dr10
ZTF24aaxjbcd,1.2053508561237083,REX,21.003298,22.885416,,,,21.0,ok_dr10
ZTF24aacjcwl,,,,,,,,,empty
ZTF24aangsva,1.579180720398269,SER,15.68261,15.095982,0.045810588,0.009502859,0.03633155,16.0,ok_dr10
ZTF20acggqfs,10.476150847775804,SER,13.665515,13.414613,0.008041,0.002495,0.008385,8.0,ok_dr9
ZTF20abgrory,,,,,,,,,empty
ZTF25aasctdu,,,,,,,,,empty
ZTF21acisemu,0.7783929685448523,SER,15.91548,15.204574,0.04044915,0.009452918,,8.0,ok_dr10
ZTF25abwjtwc,0.6965404187347063,EXP,18.232168,18.242685,0.019384697,0.025881484,,15.0,ok_dr10
ZTF19acdxkek,10.447685524955428,SER,15.523221,15.023314,0.038133,0.00803695,,26.0,ok_dr10
ZTF25acateof,4.42951689265668,REX,22.19081,22.10996,0.636739,0.221211,,13.0,ok_dr9
ZTF23aadtrzd,2.6360511174256445,REX,18.03546,17.74028,0.060981,0.022057,,10.0,ok_dr9
ZTF25aagbrpb,0.236098570177941,REX,21.727667,21.442966,0.12148202,0.21637383,,24.0,ok_dr10
ZTF24abgvkwg,6.387093721483935,DEV,14.379011,13.904334,0.035809,0.007831,0.031603,25.0,ok_dr9
ZTF21aaqhhfu,7.451374135172924,SER,17.615654,17.30232,0.06743595,0.040335428,,12.0,ok_dr10
ZTF21aabfson,4.046039469286309,DUP,,,,,,10.0,ok_dr9
ZTF18acwugwx,,,,,,,,,empty
ZTF20acpjfln,2.136251695777296,SER,15.805677,15.089441,0.04100195,0.012480622,,22.0,ok_dr10
ZTF19adlbofr,8.391900791875427,SER,15.274846,14.824947,0.04079214,0.017721491,,20.0,ok_dr10
ZTF23absvnkc,,,,,,,,,empty
ZTF19abhvryy,1.0442783199635326,SER,,17.465265,,,,24.0,ok_dr10
ZTF24aatytqv,,,,,,,,,empty
ZTF18actuhrs,13.067856362502551,DUP,,,,,,7.0,ok_dr10
ZTF25aavyqag,5.456671049889277,EXP,17.442173,17.232327,0.009325555,0.01443413,,20.0,ok_dr10
ZTF23aashxqa,0.09887040112252346,SER,16.09228,15.355351,0.045880634,0.0059008575,,16.0,ok_dr10
ZTF23aahnabd,0.30627266380576745,EXP,22.013924,,0.012352,0.088413,,20.0,ok_dr9
ZTF23abjjqxf,2.448556284880218,SER,20.589218,20.64253,0.04276179,0.06881609,,22.0,ok_dr10
ZTF19aauoulb,7.736098724428213,SER,20.490725,,0.085743,0.155451,,4.0,ok_dr9
ZTF20abjaapj,5.13331457745586,SER,19.326168,18.922255,0.04851835,0.031639207,,24.0,ok_dr10
ZTF24abszbeu,4.144738063839476,DUP,,,,,,46.0,ok_dr10
ZTF20acvbrbv,2.1209019834412355,DEV,15.117176,14.380064,0.045519263,0.009952763,,14.0,ok_dr10
ZTF22aahhlnd,0.1262886868022339,REX,19.261316,18.991436,0.10891423,0.03418137,,23.0,ok_dr10
ZTF25acatfer,1.3072537674227005,DUP,,,,,,22.0,ok_dr10
ZTF22aacdfsw,6.127348065878907,SER,15.136128,14.522612,0.066658,0.008844,0.063798,14.0,ok_dr9
ZTF21abhhbmd,0.5467421240502319,REX,17.385033,16.838327,0.053561572,0.022205107,,14.0,ok_dr10
ZTF20acuhren,,,,,,,,,empty
ZTF18abmjyvo,9.061677806542953,REX,21.597511,22.078949,0.598879,0.284471,,10.0,ok_dr9
ZTF23aaelxbd,2.3253225792177026,EXP,22.541626,22.492132,0.14535458,0.36420235,,28.0,ok_dr10
ZTF19abymvoy,3.680191803571177,EXP,16.986814,16.761204,0.023196,0.006173,0.024399,6.0,ok_dr9
ZTF18abjrbza,,,,,,,,,empty
ZTF25aafqxkt,20.66023742637793,DEV,18.344828,17.68471,0.12449135,0.015983405,,13.0,ok_dr10
ZTF23abeudve,0.9154322720225374,SER,19.757923,19.337183,0.10209304,0.04365724,,19.0,ok_dr10
ZTF25aaohuyd,,,,,,,,,empty
ZTF19aariwpf,0.21020471358373205,DEV,18.843245,18.199821,0.08858415,0.026802856,,45.0,ok_dr10
ZTF19adcfsdr,2.7412647791160234,DUP,,,,,,22.0,ok_dr10
ZTF23aabutwh,4.96051541931999,SER,14.84139,14.370115,0.045477454,0.009178299,0.045386884,13.0,ok_dr10
ZTF18abdrbqp,6.172420051271693,REX,19.88817,20.337673,0.038851,0.070228,,13.0,ok_dr9
ZTF23abiahyg,3.2970285258076246,EXP,21.218977,,,,,13.0,ok_dr10
ZTF21acizlcg,3.704923841803009,EXP,21.697968,,0.059665196,0.46509683,,25.0,ok_dr10
ZTF19abzkiuv,2.4428509542053742,SER,19.50257,19.240326,0.060576927,0.0926197,,17.0,ok_dr10
ZTF18aajpjdi,0.9532163856497469,REX,17.725119,17.458216,0.07190354,0.015472028,,16.0,ok_dr10
ZTF25aaftdla,5.682000691950683,REX,21.532658,21.09197,0.381444,0.084158,,20.0,ok_dr9
ZTF21acoqbfm,5.7801801094642675,REX,22.531494,22.493029,0.358841,0.266178,,11.0,ok_dr9
ZTF24abvehrj,4.510501759387141,EXP,18.784498,17.952402,0.11772766,0.019925049,,13.0,ok_dr10
ZTF21abzithf,0.10870486760912432,REX,18.364136,17.79376,0.1090974,0.021874726,,18.0,ok_dr10
ZTF23aaemnzd,0.24273462022835732,SER,17.500134,17.139093,0.036636416,0.014878101,,30.0,ok_dr10
ZTF21acjtxgr,,,,,,,,,empty
ZTF19acigwcg,,,,,,,,,empty
ZTF19aacipwt,1.7639222123688574,SER,17.905306,17.352655,0.1428809,0.021940453,,18.0,ok_dr10
ZTF23aadbait,0.7204423084256026,SER,15.49428,14.944828,0.022025354,0.013892889,,10.0,ok_dr10
ZTF23abbejvg,2.883146373069686,SER,17.408226,17.164343,0.02297189,0.0071213646,,39.0,ok_dr10
ZTF24aapenbt,0.6750474128647544,DUP,,,,,,16.0,ok_dr10
ZTF21abujgmr,0.45376983952796557,SER,17.921425,17.41471,0.095828,0.017859,,5.0,ok_dr9
ZTF18acdwuhy,1.023130175202322,SER,16.944487,16.37848,0.098302,0.016789,,13.0,ok_dr9
ZTF21abzadod,2.4390308602265316,EXP,22.118015,,0.12803654,0.21066077,,3.0,ok_dr10
ZTF22aaikzzr,5.002512499119479,REX,22.141077,21.63298,0.8514296,0.6670845,,26.0,ok_dr10
ZTF23aadjssg,14.581447146883049,SER,14.575625,14.11643,0.032128,0.006886,,12.0,ok_dr9
ZTF23aamixrh,3.3575142378437284,SER,21.557219,22.410275,0.110476,0.315787,,12.0,ok_dr9
ZTF19acvtrxj,11.936306285115512,SER,13.476249,12.88509,0.025827205,0.0030394315,0.025210664,32.0,ok_dr10
ZTF21abjxbxn,0.7858273696119962,EXP,24.036875,24.635061,0.24925427,0.390396,,33.0,ok_dr10
ZTF24abutkox,2.2964474974038103,DEV,20.450994,19.543657,0.351464,0.069883,,26.0,ok_dr9
ZTF21aamwyql,,,,,,,,,empty
ZTF18aaripcr,0.9369663413051497,REX,21.03702,20.179953,0.34164318,0.03364796,,19.0,ok_dr10
ZTF23aaakutq,1.6456586222659768,SER,17.32288,16.924768,0.084378,0.017445,0.068037,4.0,ok_dr9
ZTF25aajlyns,0.43180457335537775,REX,22.266657,22.061258,0.732396,0.349031,,13.0,ok_dr9
ZTF20aanrdek,0.15257580099554433,EXP,24.134619,,0.3176461,0.540831,,28.0,ok_dr10
ZTF19aboueif,,,,,,,,,empty
ZTF19aayfhtc,,,,,,,,,empty
ZTF21acdjasw,,,,,,,,,empty
ZTF21acjxzsa,2.8970013349530808,DEV,18.983128,19.581577,0.007255,0.009937,,12.0,ok_dr9
ZTF21aafnabs,5.635334324782877,SER,15.357428,14.798912,0.053355906,0.013936779,0.08763983,17.0,ok_dr10
ZTF22aaafbww,1.136782581481082,SER,18.232925,17.922895,0.06452961,0.018815717,,19.0,ok_dr10
ZTF19abpyjqx,4.8828992388968215,SER,20.446596,20.643545,0.04098249,0.041517336,,14.0,ok_dr10
ZTF18acbvgqw,2.01797023593419,SER,11.084203,10.41431,0.012198035,0.004724949,,6.0,ok_dr10
ZTF23abqohgc,2.927295239037111,DUP,,,,,,18.0,ok_dr10
ZTF20abnnftk,7.8801352933017,REX,24.238092,22.367561,0.9750854,0.16423765,,11.0,ok_dr10
ZTF22abdlnkm,,,,,,,,,empty
ZTF22abmygmc,1.6283435674794133,SER,14.435368,13.919427,0.019363375,0.0065946486,,55.0,ok_dr10
ZTF18acpuxuh,0.9262879841274362,SER,16.810505,16.041477,0.095569454,0.008676476,,17.0,ok_dr10
ZTF24aayxdbn,5.413359513398248,DUP,,,,,,24.0,ok_dr10
ZTF22aapmawo,0.3150259563469393,EXP,22.237177,21.803102,0.778759,0.254934,,5.0,ok_dr9
ZTF18acrvakb,0.2197673855126897,SER,15.947049,15.398756,0.054884907,0.017751377,,20.0,ok_dr10
ZTF20aammdfk,1.9237775540154947,REX,23.949997,,0.36238477,0.44922018,,22.0,ok_dr10
ZTF20aauooag,,,,,,,,,empty
ZTF23aaenlmq,3.4342049783193116,DEV,20.950731,21.119625,0.053750876,0.10214597,,21.0,ok_dr10
ZTF18acrxnfr,2.086720006036066,REX,,21.11785,,,,8.0,ok_dr10
ZTF20absyium,8.457040071440565,EXP,18.758135,19.020777,0.012212,0.022467,,10.0,ok_dr9
ZTF22aabhtsw,0.04453511300915544,REX,22.311337,22.023094,0.363853,0.207822,,20.0,ok_dr9
ZTF18acbvgry,0.354215062261096,SER,19.293322,18.948921,0.095176905,0.023553668,,34.0,ok_dr10
ZTF23aaeayer,20.334028669318656,DUP,,,,,,2.0,ok_dr10
ZTF19ackjnuq,1.0050681206995749,REX,19.153198,18.959883,0.061135303,0.040064715,,15.0,ok_dr10
ZTF21aaxtrlt,1.9404635265283194,SER,15.846288,15.347803,0.07601639,0.01504912,0.0819944,26.0,ok_dr10
ZTF18aawqjjj,0.506947401610273,DEV,18.76829,18.181557,0.110166,0.026084,,11.0,ok_dr9
ZTF21aapdumx,4.839688842302959,SER,20.111095,,0.028421,0.10856,,8.0,ok_dr9
ZTF23aavyhbo,6.1917333377842425,SER,17.037943,16.623095,0.06748842,0.011703447,,28.0,ok_dr10
ZTF25aahfvex,,,,,,,,,empty
ZTF21abouexm,,,,,,,,,empty
ZTF20aaffgwg,4.874754532946797,SER,15.171739,14.506136,0.040334,0.007728,,9.0,ok_dr9
ZTF25acemdgn,1.0550159412061273,SER,16.477463,15.746903,0.08616312,0.018094199,0.051683113,22.0,ok_dr10
ZTF22aadephk,0.4649159517109349,SER,18.22639,17.621025,0.105,0.026877,,15.0,ok_dr9
ZTF23aapnnuq,,,,,,,,,empty
ZTF24abbbdqs,4.077645260079033,EXP,22.77236,20.81808,0.919741,0.110048,,20.0,ok_dr9
ZTF23absevxk,1.701390440030301,DEV,21.189133,21.845545,0.24824917,0.5304329,,39.0,ok_dr10
ZTF20abyleyk,,,,,,,,,empty
ZTF20aazdsty,2.8520051254172816,REX,22.005268,21.966099,0.542148,0.355645,,8.0,ok_dr9
ZTF18aavvnzu,0.37812253206586655,SER,16.695896,16.39662,0.027839,0.010227,,15.0,ok_dr9
ZTF21aaflcbk,0.1605242373302828,DEV,21.690432,21.189043,0.75231004,0.25052896,,15.0,ok_dr10
ZTF19abyihtb,0.09432915900950435,SER,13.970484,13.223821,0.04129635,0.00717374,,15.0,ok_dr10
ZTF22abfskre,0.612610327380384,SER,16.695894,16.290455,0.054824878,0.010069702,,18.0,ok_dr10
ZTF25aaizkhw,4.321158943429424,SER,19.89013,19.265112,0.29046434,0.12028896,,13.0,ok_dr10
ZTF21aalenaa,7.174733389891032,SER,18.885336,18.538294,0.08949804,0.09280425,,31.0,ok_dr10
ZTF22aavcyar,1.311385331443943,REX,20.335476,22.22511,0.252936,0.218527,,18.0,ok_dr9
ZTF18abxbhov,4.491684825008313,DUP,,,,,,11.0,ok_dr9
ZTF18aaydbyc,,,,,,,,,empty
ZTF19acfmwlh,1.1919115983549722,SER,20.860193,21.875607,0.081220575,0.40906274,,26.0,ok_dr10
ZTF23aazysgv,0.6732592668917584,SER,18.744678,18.180061,0.0931277,0.019835465,,23.0,ok_dr10
ZTF25abxfpgs,1.6883613056429407,EXP,19.663025,19.480951,0.075458,0.033751,,4.0,ok_dr9
ZTF22aahhywm,7.8343710054659885,REX,24.235798,,0.90742046,0.58955646,,13.0,ok_dr10
ZTF24abrimib,,,,,,,,,empty
ZTF24aacrbua,1.9745627656414686,SER,17.478561,17.12922,0.03479585,0.014803261,,19.0,ok_dr10
ZTF23aadozop,1.4559085974640729,DEV,20.285004,20.04893,0.174253,0.045393,,20.0,ok_dr9
ZTF21abebgfr,1.8205940942020975,DUP,,,,,,13.0,ok_dr10
ZTF24aaxvjcx,3.9401926498945192,SER,17.255384,16.742502,0.067459114,0.010589557,,12.0,ok_dr10
ZTF19abipmfl,0.12151533221703409,SER,17.909903,17.28989,0.06134228,0.009954487,,18.0,ok_dr10
ZTF21abzgzvs,6.313211067364139,SER,,15.04406,,,,6.0,ok_dr10
ZTF21acjrfhr,1.9047195466773978,REX,18.41191,18.068071,0.07406873,0.029413622,,22.0,ok_dr10
ZTF18adpdhal,0.6946380900098613,SER,15.677222,15.03242,0.069758005,0.006241039,0.07158575,28.0,ok_dr10
ZTF19aczrmvs,2.8633980677918633,REX,24.484957,23.395208,0.799829,0.6840084,,21.0,ok_dr10
ZTF20acgcpuu,,,,,,,,,empty
ZTF18acsyanq,0.5931886931180625,SER,18.326881,17.7584,0.07406997,0.01995972,,8.0,ok_dr10
ZTF20acpilio,20.658273676938705,REX,24.883215,23.166258,1.0973059,0.41260195,,4.0,ok_dr10
ZTF23aaencty,1.0964539484215097,SER,18.181173,17.852764,0.0458541,0.014639396,,17.0,ok_dr10
ZTF18abmjvuf,7.332948110069413,DEV,22.872385,20.977041,1.0831772,0.11676367,,39.0,ok_dr10
ZTF25aadlqhw,1.0385074681661401,EXP,19.651606,20.448048,0.067314,0.094316,,16.0,ok_dr9
ZTF23aaawcpz,1.8325046079545537,REX,21.65883,23.498861,0.017899,0.128488,,14.0,ok_dr9
ZTF23aacdggx,3.5228353638384813,SER,18.13354,17.493685,0.09612955,0.026927777,,21.0,ok_dr10
ZTF22absphuu,0.8256590868867103,SER,21.684645,22.34884,0.04037463,0.03573092,,35.0,ok_dr10
ZTF25acgqfpv,8.91158456524609,SER,16.181229,15.239985,0.051628,0.009836,0.05051,8.0,ok_dr9
ZTF21abflmkk,4.821624354155104,EXP,23.607044,,0.20879734,0.30756104,,17.0,ok_dr10
ZTF18acwwowy,5.621988589977262,SER,16.224028,15.821386,0.050774,0.007617,0.055062,8.0,ok_dr9
ZTF21aaabwfu,2.096407267440012,SER,14.036917,13.416996,0.019918,0.007018,0.010624,4.0,ok_dr9
ZTF24aaoniol,6.231101447113721,DUP,,,,,,5.0,ok_dr10
ZTF23aaexcmm,9.380257589195367,DEV,15.607249,14.908722,0.062826,0.007473,0.062732,8.0,ok_dr9
ZTF23aaaizts,2.4065423566221966,REX,23.261654,23.118488,0.828082,0.390697,,18.0,ok_dr9
ZTF22abfypms,0.786374438855018,REX,21.075792,20.827314,0.13661575,0.12170072,,30.0,ok_dr10
ZTF20acbiwri,0.9737738429681699,SER,17.564732,17.266352,0.044229854,0.010995495,0.02964705,16.0,ok_dr10
ZTF21abghumo,1.2500064653578578,EXP,21.46646,21.309294,0.152525,0.115416,,11.0,ok_dr9
ZTF20abojvde,,,,,,,,,empty
ZTF22abqbljk,12.155716378219072,SER,21.669714,20.69314,1.0070659,0.24132702,,38.0,ok_dr10
ZTF22aaafeiu,5.900923230629007,SER,16.102789,15.915153,0.024351,0.005168,0.030077,12.0,ok_dr9
ZTF24aathuwg,10.638933593388852,EXP,21.446758,,0.05503944,0.06730729,,11.0,ok_dr10
ZTF21achhwdz,0.8034432385079888,EXP,18.201164,17.834911,0.06395667,0.013922425,,8.0,ok_dr10
ZTF25abxqxhs,2.334889785229521,SER,16.374634,15.716094,0.07109828,0.017729616,0.08323848,11.0,ok_dr10
ZTF19aanhgqg,12.394728059569456,SER,13.788971,13.120759,0.033036,0.008092,0.027773,2.0,ok_dr9
ZTF21abmcori,0.4041272325100549,SER,,16.62845,,,,24.0,ok_dr10
ZTF19aawnqoj,0.8631535600460387,REX,17.944921,17.595898,0.058863096,0.032689035,,16.0,ok_dr10
ZTF19acuybzx,,,,,,,,,empty
ZTF21abmzpmc,1.0925650093515682,SER,18.978039,18.677906,0.0869925,0.028000662,,13.0,ok_dr10
ZTF22abtokxg,10.80306991078708,EXP,20.782124,21.101799,0.20898592,0.5365636,,18.0,ok_dr10
ZTF19abahsgg,4.948378751469714,SER,16.325037,15.77794,0.07457406,0.011979504,0.06949196,25.0,ok_dr10
ZTF18acrgunw,1.3417896047610207,SER,17.231329,16.861624,0.073773,0.013651,0.065248,14.0,ok_dr9
ZTF20acxvvnf,,,,,,,,,empty
ZTF19aajxhwa,,,,,,,,,empty
ZTF24aanvvqn,5.766618186473502,SER,13.753087,13.394494,0.024808,0.005725,,23.0,ok_dr9
ZTF18abgosbg,,,,,,,,,empty
ZTF20achbekh,1.313312532451098,EXP,21.594778,21.735727,0.10809836,0.069678254,,19.0,ok_dr10
ZTF22abebxpb,,,,,,,,,empty
ZTF23abfubfc,0.16226872893330896,SER,17.464146,16.812456,0.07174616,0.011391202,,13.0,ok_dr10
ZTF21abimeun,,,,,,,,,empty
ZTF23abprwou,,,,,,,,,empty
ZTF23aaawcwq,3.8155885171358785,EXP,18.798246,19.124971,0.008103904,0.005499486,,28.0,ok_dr10
ZTF24aabwvws,,,,,,,,,empty
ZTF21acjomly,,,,,,,,,empty
ZTF20abpqbgi,,,,,,,,,empty
ZTF19aavoweu,2.7268494264434744,DUP,,,,,,7.0,ok_dr9
ZTF18aadkjmo,,,,,,,,,empty
ZTF19acgdfjt,1.2339875134290557,SER,15.236853,14.522479,0.044334,0.004042,,28.0,ok_dr9
ZTF23aastndi,1.5805322015232326,EXP,19.294323,19.095882,0.055692,0.032798,,17.0,ok_dr9
ZTF25abyrwhz,8.516758644072048,REX,24.692986,22.707798,1.139825,0.187874,,16.0,ok_dr9
ZTF25acgdfwz,,,,,,,,,empty
ZTF19aauivtj,0.8215274105820858,SER,18.465479,18.144825,0.08482881,0.016445098,,25.0,ok_dr10
ZTF19acbwaah,7.057689217591845,REX,23.60391,23.092682,0.80682784,0.44983625,,25.0,ok_dr10
ZTF19abudlps,7.550822766643109,SER,14.311578,14.004261,0.016515,0.005697,,17.0,ok_dr9
ZTF19aamhhgu,0.9635081089485955,SER,16.081198,15.530551,0.036114,0.005699,,8.0,ok_dr9
ZTF18abgxvra,2.7973270155864887,REX,23.176722,22.503588,0.763798,0.218444,,11.0,ok_dr9
ZTF19aawfcgp,17.082854847433918,SER,,12.563791,,,,10.0,ok_dr10
ZTF18abtfvsk,2.138776186295249,SER,18.771769,18.48025,0.030071277,0.014045976,,31.0,ok_dr10
ZTF18abjyime,0.5812805038467579,REX,22.652994,22.472765,0.38074595,0.25703952,,14.0,ok_dr10
ZTF18abskzjm,3.4324378460665756,REX,24.669998,23.52595,0.87703,0.2490203,,31.0,ok_dr10
ZTF25acapohj,2.1347262477068205,SER,16.544338,15.759919,0.07205098,0.014402682,,21.0,ok_dr10
ZTF20aahdwze,0.9717246682494671,SER,17.060297,16.853924,0.04777,0.009614,0.049013,11.0,ok_dr9
ZTF24aaumfvx,3.960604619562858,REX,19.72141,19.081236,0.27109239,0.13277893,,20.0,ok_dr10
ZTF24abiwsvi,2.0549418361222065,SER,19.18721,18.63485,0.09983912,0.020121379,,12.0,ok_dr10
ZTF20abmcwtd,1.7140105040129288,REX,24.093456,,0.42439878,0.4313177,,30.0,ok_dr10
ZTF22abhsxph,,,,,,,,,empty
ZTF25aattqgf,9.533250795538265,DUP,,,,,,5.0,ok_dr10
ZTF20aawwcgb,,,,,,,,,empty
ZTF21acjjtmh,13.58249435232767,EXP,21.223913,20.171532,0.627866,0.061139,,20.0,ok_dr9
ZTF25abmhpuo,12.227667491689997,SER,14.899015,14.31076,0.04663492,0.008024054,0.04611907,7.0,ok_dr10
ZTF19aaeoqkk,0.8601815378720509,SER,19.00146,18.79089,0.054128,0.034887,,14.0,ok_dr9
ZTF20acijssu,0.2500037590871322,REX,,,1.9262333,0.71532935,,24.0,ok_dr10
ZTF22aajkpen,2.899573929879878,SER,17.07295,16.853142,0.014662068,0.0050199307,,36.0,ok_dr10
ZTF20acrdemq,,,,,,,,,empty
ZTF24aawruhq,14.058380300178897,REX,23.634462,24.26215,0.73819774,0.6124827,,24.0,ok_dr10
ZTF21aacscvb,5.011749631166373,SER,16.472527,15.946447,0.045278,0.010516,,9.0,ok_dr9
ZTF24aargoer,1.3024473295579821,SER,16.962029,16.513933,0.051911,0.013157,,11.0,ok_dr9
ZTF21aawtazf,0.10231781616405225,DUP,,,,,,17.0,ok_dr10
ZTF19acgfowd,1.7774723293352719,DEV,,19.967787,,,,8.0,ok_dr10
ZTF21acheiti,4.877359667598148,SER,20.266523,20.054941,0.078932844,0.10716723,,22.0,ok_dr10
ZTF18acnbgrb,3.864638954059514,SER,14.988894,14.251101,0.032376,0.00761,0.03353,16.0,ok_dr9
ZTF21aaxtdrs,3.0051768128303875,SER,18.938755,19.282106,0.06642441,0.16958293,,30.0,ok_dr10
ZTF21abaputv,,,,,,,,,empty
ZTF24aanmitt,0.04091751185189929,SER,17.17992,16.53541,0.060561,0.012427,0.079473,14.0,ok_dr9
ZTF20acoqlav,,,,,,,,,empty
ZTF23aaxpfpa,12.21009353722992,SER,15.410138,14.711954,0.06627259,0.013229287,0.089709215,22.0,ok_dr10
ZTF22aaoippk,,,,,,,,,empty
ZTF20actrwym,1.0657753820487312,EXP,21.162842,20.9994,0.073251426,0.061014067,,11.0,ok_dr10
ZTF22abfavpu,,,,,,,,,empty
ZTF25abopybc,3.601546200616099,SER,12.339259,11.53465,0.02591553,0.013441412,,6.0,ok_dr10
ZTF23aaatixf,,,,,,,,,empty
ZTF25abevfgb,13.826508265481404,REX,,23.19909,,,,11.0,ok_dr10
ZTF20acobamg,0.8873126691521177,EXP,19.694551,19.37747,0.20403978,0.056386117,,21.0,ok_dr10
ZTF24aaehvnx,3.66594417774651,SER,13.895662,13.269415,0.028246213,0.004427149,,5.0,ok_dr10
ZTF25aarodyp,0.6707682858537601,SER,18.477562,18.236256,0.082828,0.024203,,13.0,ok_dr9
ZTF19aazpvdy,0.8892023143159647,EXP,23.618954,23.577705,0.4391821,0.49296436,,20.0,ok_dr10
ZTF20abvaida,5.1821612307444544,SER,16.999071,15.937673,0.04086199,0.008178538,,5.0,ok_dr10
ZTF18abbpyvk,6.343391816110302,SER,14.531777,14.13922,0.021955835,0.0048809466,0.02217629,17.0,ok_dr10
ZTF18acjxyak,,,,,,,,,empty
ZTF20aahpwym,0.6845010396436191,EXP,20.04198,19.73023,0.11259,0.039145,,15.0,ok_dr9
ZTF20aamnvij,2.982409195780547,SER,18.092388,17.779612,0.08567387,0.019009218,,16.0,ok_dr10
ZTF18acbudzh,11.225420293951043,DUP,,,,,,8.0,ok_dr10
ZTF20acbeanu,0.2671720879223414,DEV,17.418629,16.798326,0.06404113,0.0068604825,,24.0,ok_dr10
ZTF25acegczg,3.9469041213082963,EXP,19.849144,,,,,28.0,ok_dr9
ZTF18acrygtk,10.10893846426281,DEV,,20.21879,,,,7.0,ok_dr10
ZTF20abbbumr,1.1575069852381596,SER,20.271074,20.114397,0.07589169,0.06381563,,23.0,ok_dr10
ZTF20acnzkxb,6.554349471627375,SER,15.384676,14.942187,0.027707,0.004342,0.026904,15.0,ok_dr9
ZTF22abnejmu,4.506438030425904,DUP,,,,,,22.0,ok_dr10
ZTF23aakstht,0.8720245614182711,REX,20.460815,20.187132,0.125273,0.060582,,15.0,ok_dr9
ZTF24abkiblx,,,,,,,,,empty
ZTF20acjetyf,1.4280843058640549,DEV,14.696779,14.132517,0.05589484,0.015935097,,8.0,ok_dr10
ZTF25aceilra,0.17190875030007602,SER,17.933992,17.345148,0.07523885,0.014364855,,15.0,ok_dr10
ZTF24abyhmba,8.518512121783845,REX,21.066677,22.437395,0.028051,0.109148,,19.0,ok_dr9
ZTF21aaewexx,,,,,,,,,empty
ZTF24abgqgdy,,,,,,,,,empty
ZTF21aaaotku,1.6513895624883594,SER,17.318378,16.690477,0.089809954,0.016782433,0.0878785,17.0,ok_dr10
ZTF20achvmoj,8.921072708822335,SER,14.12433,13.463041,0.04564683,0.010849146,,11.0,ok_dr10
ZTF23abomtge,0.6022227077285587,EXP,21.058329,20.742672,0.18814246,0.08698463,,24.0,ok_dr10
ZTF25acgoxlz,,,,,,,,,empty
ZTF20aattriw,2.1912282390713,SER,17.513826,17.006712,0.062671505,0.011593846,0.058101464,19.0,ok_dr10
ZTF21aarxsfm,1.4983149038272152,SER,16.706808,16.16446,0.084532,0.01073,0.08895,15.0,ok_dr9
ZTF24abtblmg,3.8512800247386654,SER,16.942497,16.397566,0.035429396,0.010639607,,32.0,ok_dr10
ZTF20aavhire,2.2142121352444337,SER,15.924253,15.322924,0.049526647,0.009468485,0.037366312,37.0,ok_dr10
ZTF20ablyczu,,,,,,,,,empty
ZTF23absbzli,4.799835474332391,EXP,,16.42445,,,,7.0,ok_dr10
ZTF23abbhuoa,0.3665328513626871,SER,15.807045,15.11914,0.0788702,0.00828692,,20.0,ok_dr10
ZTF21aafdxca,,,,,,,,,empty
ZTF18acvgyst,1.9373720344912446,SER,15.386008,14.770834,0.02577658,0.0048130383,0.03397743,29.0,ok_dr10
ZTF23aajscgu,6.461222150610013,SER,16.073486,15.605541,0.085549,0.011956,0.091963,11.0,ok_dr9
ZTF25acbeqrz,6.8522747312922485,SER,15.506326,14.92311,0.05317053,0.012957355,0.059975937,18.0,ok_dr10
ZTF24abvgqpr,2.2491571358503286,REX,22.008556,21.593237,0.5051998,0.49016947,,42.0,ok_dr10
ZTF20aahggbm,0.11843316254828264,SER,18.345913,17.787046,0.075132154,0.014124545,,22.0,ok_dr10
ZTF25acgaiba,12.670301814681002,EXP,21.184889,20.661673,0.312746,0.139983,,12.0,ok_dr9
ZTF19acxowrr,3.70767140967421,SER,14.638834,14.060176,0.03275326,0.0070403595,0.050492544,19.0,ok_dr10
ZTF19accjnpz,0.2594515685192369,EXP,21.026646,20.725723,0.10958292,0.049216084,,10.0,ok_dr10
ZTF19aampokl,,,,,,,,,empty
ZTF19acuymeu,,,,,,,,,empty
ZTF23aaqhtiq,1.8599924514266777,REX,22.064451,21.688124,0.681465,0.234493,,16.0,ok_dr9
ZTF20aazpaki,0.15859429672325687,REX,19.50666,19.168661,0.130314,0.034471,,16.0,ok_dr9
ZTF21abqxmpa,2.4382376800968215,DEV,21.141964,21.100702,0.286662,0.180121,,14.0,ok_dr9
ZTF20abgpksj,3.0921934654306296,REX,17.687843,17.178072,0.0636175,0.014059476,,8.0,ok_dr10
ZTF20aaomtwl,1.283483956922993,EXP,20.382496,20.115429,0.09123437,0.05542389,,10.0,ok_dr10
ZTF22aapuvqy,1.3853073759178098,EXP,23.780035,23.611181,0.6048396,0.521555,,21.0,ok_dr10
ZTF18absbgqd,,,,,,,,,empty
ZTF18adbacau,7.903158631305451,SER,14.675976,14.16409,0.037203,0.005569,0.036995,5.0,ok_dr9
ZTF23aausgkl,1.088634362176779,REX,25.210794,,1.3514379,0.8568182,,29.0,ok_dr10
ZTF19aakpccq,4.908615355406451,REX,18.831848,18.775751,0.027791401,0.019659003,,19.0,ok_dr10
ZTF23aajjddh,8.755070627787015,REX,23.242374,23.170586,0.3839643,0.3255002,,24.0,ok_dr10
ZTF19abvbrve,,,,,,,,,empty
ZTF23aafqzkn,,,,,,,,,empty
ZTF19abiietd,0.9558155051907429,SER,14.673485,14.282287,0.019356893,0.004713674,0.016089521,14.0,ok_dr10
ZTF20aanaeev,,,,,,,,,empty
ZTF22aashqrd,,,,,,,,,empty
ZTF25abuvxsy,1.2970393821811805,EXP,20.914078,20.590162,0.083811544,0.07653969,,8.0,ok_dr10
ZTF24abqpshs,0.21328478901341266,EXP,18.718996,18.296947,0.107376,0.028009,,11.0,ok_dr9
ZTF20abzcokv,,,,,,,,,empty
ZTF18acsremz,0.44136331826915204,DUP,,,,,,20.0,ok_dr9
ZTF24aaibcrw,0.30112275438746566,EXP,23.448002,24.048622,0.35941705,0.4769252,,16.0,ok_dr10
ZTF19abrsssx,4.879919097262511,SER,,,,,,11.0,ok_dr10
ZTF20abixkhh,2.053082544418052,SER,16.006742,15.422301,0.045202,0.011578,,6.0,ok_dr9
ZTF18accrorf,4.012292988934292,SER,14.850636,14.349613,0.04319827,0.009867749,,13.0,ok_dr10
ZTF21aamxduf,0.18408932959339308,SER,16.684774,16.084532,0.0801473,0.011692326,0.10002861,13.0,ok_dr10
ZTF22aartmuz,1.0335072628536077,SER,16.086988,15.418814,0.060986158,0.009286419,0.069182895,6.0,ok_dr10
ZTF20abcxnkh,2.9966906819879493,SER,19.031788,18.526674,0.026473192,0.014804389,,16.0,ok_dr10
ZTF22aafrsmk,10.126546183862555,DUP,,,,,,8.0,ok_dr10
ZTF21abvddpq,1.3779443112039576,SER,20.295868,19.797255,0.36678866,0.3176826,,11.0,ok_dr10
ZTF23abjhbcr,0.6913918341047218,SER,19.167305,18.44138,0.17671473,0.015852492,,43.0,ok_dr10
ZTF22aakfzqz,2.5392846587232953,SER,16.208456,15.693386,0.033516865,0.008556693,,23.0,ok_dr10
ZTF19accobqx,0.7233424863073802,SER,17.07931,16.76081,0.043770045,0.015373629,,37.0,ok_dr10
ZTF25aargzjz,,,,,,,,,empty
ZTF21aahaksd,0.20427395489405684,DUP,,,,,,49.0,ok_dr10
ZTF22abfxmvf,0.661529691421583,EXP,21.747667,21.268358,0.23028962,0.18508086,,20.0,ok_dr10
ZTF24aahgidl,,,,,,,,,empty
ZTF25acberoe,0.17398236958722565,DUP,,,,,,33.0,ok_dr10
ZTF24aaybeda,12.602909469669408,REX,21.89412,21.986635,0.318747,0.338578,,8.0,ok_dr9
ZTF22abdtcki,0.9779579754617178,SER,20.083693,19.867273,0.09297492,0.05447744,,17.0,ok_dr10
ZTF21aapkvrd,0.11643198864635995,SER,16.831512,16.154644,0.09874518,0.024049519,,9.0,ok_dr10
ZTF21abvhxyk,0.5651900867604739,EXP,22.806147,22.375011,1.1586741,0.47860867,,27.0,ok_dr10
ZTF24aaiaaxr,4.163898042419195,DUP,,,,,,10.0,ok_dr10
ZTF23aamqtel,1.347852331964957,SER,18.239252,17.982336,0.027835641,0.014231976,,24.0,ok_dr10
ZTF18acbvhit,7.838922570434866,REX,20.85306,21.012766,0.016482828,0.10262413,,7.0,ok_dr10
ZTF22abkjegi,,,,,,,,,empty
ZTF19aaupkrl,1.7921382755832682,SER,14.321228,13.895491,0.027147,0.006548,,17.0,ok_dr9
ZTF23abetwwi,1.1148936483514833,EXP,19.91715,20.130095,0.06289138,0.24597563,,14.0,ok_dr10
ZTF22abfvxlz,0.14968748666038764,SER,17.763002,17.1911,0.09153628,0.033406362,0.11777338,13.0,ok_dr10
ZTF23aaeyugg,0.7674124446207866,EXP,21.168118,20.71988,0.5181911,0.5279634,,10.0,ok_dr10
ZTF18abqlpgq,8.186779593662864,SER,16.648287,15.758132,0.10051678,0.014756369,0.095270045,15.0,ok_dr10
ZTF23aajenxf,7.754035791728165,REX,24.034203,23.456015,1.0003885,0.36084887,,19.0,ok_dr10
ZTF25abfqfnj,,,,,,,,,empty
ZTF24aavzrue,1.0757306500148995,DEV,20.81851,,0.1181022,0.76872116,,18.0,ok_dr10
ZTF23aaaboss,0.39425897724481285,SER,16.392248,15.883253,0.046542052,0.016808767,,41.0,ok_dr10
ZTF23aauqmys,0.1490978561638599,SER,15.987882,15.551055,0.037591,0.008082,,16.0,ok_dr9
ZTF18aaydmkh,0.4391286400168792,SER,17.680143,16.874338,0.143068,0.032457,,13.0,ok_dr9
ZTF22aajtaem,2.195179198886161,SER,15.670783,15.205775,0.03375857,0.007610079,0.0258141,17.0,ok_dr10
ZTF20acwlsro,0.6734172092416086,SER,19.349455,19.015314,0.14518057,0.049698032,,22.0,ok_dr10
ZTF22aatunnt,1.539499641081019,SER,19.507639,19.112925,0.09897654,0.033907868,,19.0,ok_dr10
ZTF20aagmrid,5.4724977212338715,REX,21.799025,22.562452,0.0859285,0.084371634,,22.0,ok_dr10
ZTF22aaafmzj,4.592384035322039,EXP,20.274128,21.620396,0.331019,0.160059,,17.0,ok_dr9
ZTF24abmummp,1.3808025289974475,SER,16.946383,16.398342,0.079708,0.014669,,17.0,ok_dr9
ZTF19aatnfci,7.057181034106595,DUP,,,,,,26.0,ok_dr10
ZTF25aadeltq,5.1371644693267235,EXP,18.6915,18.888004,0.03482448,0.028838016,,43.0,ok_dr10
ZTF20acviwcr,,,,,,,,,empty
ZTF22aaolwsd,0.8700916646513478,SER,18.90677,20.000187,0.02620497,0.04819762,,26.0,ok_dr10
ZTF24aaekbzn,2.293323499698526,REX,23.846262,23.981009,0.772554,0.422356,,7.0,ok_dr9
ZTF23aaazdla,4.824528794574377,DEV,19.991701,20.597439,0.012169258,0.013492341,,10.0,ok_dr10
ZTF22abiqxao,8.11495725526169,SER,15.043928,14.487704,0.047108535,0.011136848,,13.0,ok_dr10
ZTF19abqqrgy,2.0778797713749073,SER,15.933113,15.507679,0.027340695,0.011292339,0.029555215,11.0,ok_dr10
ZTF19abrsuah,1.802783149921456,REX,,,,,,29.0,ok_dr10
ZTF19acxhkvc,,,,,,,,,empty
ZTF20aaiqiti,5.7314243388944135,SER,14.379771,13.904288,0.025779,0.005343,0.025108,9.0,ok_dr9
ZTF23abphqjk,12.183597932113654,DUP,,,,,,15.0,ok_dr10
ZTF20acxncha,4.240493022794501,REX,22.810665,22.484505,0.44111723,0.23671548,,20.0,ok_dr10
ZTF24abcxfhy,0.19046800240308678,REX,21.069254,20.773827,0.366775,0.265488,,7.0,ok_dr9
ZTF22aaacmxt,1.793658441778112,REX,,22.933233,1.3498617,0.56097317,,27.0,ok_dr10
ZTF19abfdszw,5.957531494011879,SER,13.80847,13.265126,0.03058,0.004014,,11.0,ok_dr9
ZTF24aaxlnut,0.41679165021934045,SER,18.390924,17.891872,0.19005314,0.03902647,,22.0,ok_dr10
ZTF23aavshwi,,,,,,,,,empty
ZTF21aaabxln,2.098779442252952,REX,23.319826,23.525816,0.3220098,0.52077585,,21.0,ok_dr10
ZTF21abaaipx,4.62639244443049,SER,22.315039,22.169739,0.29955974,0.46610582,,15.0,ok_dr10
ZTF22abgawib,0.1980237778769903,REX,21.0116,20.76687,0.094931364,0.08849906,,36.0,ok_dr10
ZTF20aanvpzo,10.491814007806937,DUP,,,,,,24.0,ok_dr10
ZTF22abscvex,2.640455485301079,REX,,,,,,15.0,ok_dr10
ZTF19abvhkst,,,,,,,,,empty
ZTF22aahnvmo,,,,,,,,,empty
ZTF18acmznfc,1.0285919180163279,SER,,16.548384,,,,5.0,ok_dr10
ZTF20aaifyfx,0.6452055828924828,SER,15.960883,15.35789,0.07143162,0.011758082,0.059967,11.0,ok_dr10
ZTF21aadatfg,0.5765445563829716,SER,18.853878,18.596302,0.053152,0.022324,,12.0,ok_dr9
ZTF23aadjhyj,9.067751645300872,DUP,,,,,,22.0,ok_dr10
ZTF21aavxruq,2.6404240252796014,SER,17.202984,16.772018,0.04721182,0.011266703,0.0361571,23.0,ok_dr10
ZTF20acwfftd,18.25503291908738,DUP,,,,,,4.0,ok_dr10
ZTF19aanxufb,4.848433836126619,DUP,,,,,,12.0,ok_dr10
ZTF20abxpoxd,,,,,,,,,empty
ZTF25aaoefsh,7.636558949216708,SER,15.037201,14.357127,0.034548,0.004608,,9.0,ok_dr9
ZTF21abhvquj,1.1634284826548074,REX,,,,,,14.0,ok_dr10
ZTF23aaahegu,0.9767344829027536,DEV,16.787174,16.149414,0.07286101,0.010904207,0.06632813,21.0,ok_dr10
ZTF20aaogrqe,,,,,,,,,empty
ZTF22aazjvid,0.16839923605596302,EXP,21.010262,20.669672,0.18829603,0.11652064,,24.0,ok_dr10
ZTF25ackyyzk,,,,,,,,,empty
ZTF18adhzhfw,4.899291609609667,REX,24.00527,22.91362,1.056574,0.2042759,,14.0,ok_dr10
ZTF19aailmfm,4.784949440821998,SER,16.864344,16.55105,0.06943382,0.026673036,,43.0,ok_dr10
ZTF24abtlppf,,,,,,,,,empty
ZTF18abfdupq,1.0162559735788936,SER,15.945913,15.090016,0.082528,0.018523,,16.0,ok_dr9
ZTF18acrlmvt,,,,,,,,,empty
ZTF23abecphw,5.296223618844267,EXP,16.262615,15.975499,0.038541622,0.007609402,,34.0,ok_dr10
ZTF19abqrhvy,0.6487071286691828,REX,23.379576,,0.62229514,0.65637326,,20.0,ok_dr10
ZTF21abwxext,,,,,,,,,empty
ZTF19acgjnis,2.6391885930340733,SER,16.569983,16.25475,0.039272,0.008179,,8.0,ok_dr9
ZTF23aaedrcn,2.4508884773257984,SER,14.112882,13.644119,0.034369,0.007438,0.052971,13.0,ok_dr9
ZTF20acqelhh,4.192196785449817,DUP,,,,,,33.0,ok_dr10
ZTF20abqlgtv,0.5676249477849538,EXP,22.46202,22.13334,0.2832889,0.21441571,,39.0,ok_dr10
ZTF21abceehu,10.089796908228106,EXP,18.30284,18.005827,0.06644,0.046046,,7.0,ok_dr9
ZTF23aakfysp,2.753881616011565,SER,17.578144,17.187984,0.062133826,0.011367061,0.0767334,18.0,ok_dr10
ZTF23abvrjdu,3.4962677236801123,SER,18.106688,17.539644,0.130239,0.037368,,21.0,ok_dr9
ZTF20acxmxth,0.1828761613502271,SER,17.986227,17.386902,0.03883764,0.011926022,,13.0,ok_dr10
ZTF25aauhsoe,3.0489681841045484,DEV,20.778215,20.977245,0.052507084,0.2055392,,17.0,ok_dr10
ZTF18aatgdph,1.540540663215989,SER,15.908632,15.702236,0.034321,0.005364,0.035866,17.0,ok_dr9
ZTF21acaeoms,1.3954837298636436,SER,17.016466,16.278368,0.060389,0.018834,,12.0,ok_dr9
ZTF20acxcxkz,2.694306308549673,SER,18.526493,18.144104,0.09009592,0.015276899,,44.0,ok_dr10
ZTF25abiksod,3.1782364943257266,SER,18.593449,18.177372,0.068169475,0.023490233,,15.0,ok_dr10
ZTF19aarphwc,11.215369366460411,REX,23.485199,22.50856,1.000603,0.159936,,6.0,ok_dr9
ZTF19aaohyqj,4.878924605555498,REX,21.706463,20.783665,0.7351677,0.04744565,,15.0,ok_dr10
ZTF19abdkgwo,,,,,,,,,empty
ZTF25abikaaq,,,,,,,,,empty
ZTF22abbirsn,2.735512282658455,EXP,21.797968,21.876371,0.074039906,0.1087165,,7.0,ok_dr10
ZTF21ackwgzm,2.3566985926833723,SER,17.668259,17.312109,0.115618,0.01228,0.110755,8.0,ok_dr9
ZTF19aawmqtd,0.7904304086769653,EXP,21.849033,22.093348,0.069263265,1.2008299,,11.0,ok_dr10
ZTF25aaurwnn,4.30784612501674,SER,20.811539,20.89839,0.24585645,0.15972617,,25.0,ok_dr10
ZTF22abrredj,8.352165444306156,DUP,,,,,,10.0,ok_dr10
ZTF19acyplkt,1.0120581090731917,DEV,21.383211,21.189137,0.81321234,0.8302964,,15.0,ok_dr10
ZTF22aapjqpn,,,,,,,,,empty
ZTF19abzrhgq,0.08227715599925677,DUP,,,,,,6.0,ok_dr10
ZTF24abpqghw,2.7556169170631213,DUP,,,,,,6.0,ok_dr10
ZTF21acafwof,6.154283023280692,REX,20.63478,20.687069,0.019367,0.06347,,6.0,ok_dr9
ZTF18acetnxh,0.06873842673043815,SER,16.890968,16.29311,0.07538813,0.024052568,,17.0,ok_dr10
ZTF23aaboynz,2.2295165315422367,SER,19.287848,19.653564,0.013322749,0.011081805,,31.0,ok_dr10
ZTF24aaaenwq,1.5065300841819613,REX,23.6976,23.318005,0.51059544,0.31308508,,25.0,ok_dr10
ZTF20achbejn,2.0314932978011964,SER,16.482203,16.140152,0.035616957,0.0070241047,,32.0,ok_dr10
ZTF19aawblge,,,,,,,,,empty
ZTF20acnvtxy,2.236827664647009,EXP,22.029352,21.977753,0.10378916,0.313061,,20.0,ok_dr10
ZTF21aarigsr,0.6485050806723037,REX,20.885685,20.667425,0.12998481,0.09507881,,24.0,ok_dr10
ZTF20acgided,,,,,,,,,empty
ZTF21abvvivq,0.6714289016596776,SER,15.983912,15.389101,0.05262981,0.01255499,,24.0,ok_dr10
ZTF25aafezal,,,,,,,,,empty
ZTF19aaprvar,,,,,,,,,empty
ZTF18acqqyah,5.333706357379786,REX,19.356913,19.930906,0.019367,0.04098,,10.0,ok_dr9
ZTF21aagqbvp,6.328962193401603,SER,15.330964,14.949651,0.029528,0.007242,,9.0,ok_dr9
ZTF19acbpnii,0.4659538099258384,EXP,,21.980618,,,,13.0,ok_dr10
ZTF19abrlvij,1.6438059073187734,SER,18.810656,18.493763,0.072574,0.025157,,13.0,ok_dr9
ZTF24aaqiqpw,14.584381606829158,EXP,19.237736,20.491282,0.022504,0.063986,,11.0,ok_dr9
ZTF25acgqhry,14.684435826136252,REX,,21.390253,,,,6.0,ok_dr10
ZTF18aahtnlt,0.29692239448688407,REX,16.514605,15.861061,0.11873765,0.019128006,,20.0,ok_dr10
ZTF21acdontl,3.6416129279360425,SER,16.733162,16.533981,0.017656319,0.005443395,0.010169963,35.0,ok_dr10
ZTF23aavvckk,1.7323534913729672,REX,23.838213,,0.2950534,0.36179793,,38.0,ok_dr10
ZTF21aapjqdl,14.825793032961101,REX,,22.79683,,,,19.0,ok_dr10
ZTF20abjapox,0.15975804430940535,SER,14.697266,14.084021,0.052665,0.01126,0.060383,14.0,ok_dr9
ZTF25aavddzo,6.057007519840527,SER,14.337467,13.570601,0.020525,0.005453,,6.0,ok_dr9
ZTF22aarycqo,,,,,,,,,empty
ZTF20aapadwx,2.801325539534259,SER,14.686865,14.044759,0.03694516,0.0039865584,0.03752329,9.0,ok_dr10
ZTF20aatpoef,3.558126426777477,EXP,16.93436,16.438766,0.084399,0.013945,0.071109,8.0,ok_dr9
ZTF25abbaljx,2.8878997634130585,SER,15.263205,14.646783,0.041713648,0.013462761,,31.0,ok_dr10
ZTF24aawajih,,,,,,,,,empty
ZTF18absgmhg,0.13746232537259512,DUP,,,,,,8.0,ok_dr10
ZTF19aapocyd,4.777133543309811,DEV,15.329986,14.904766,0.052414,0.011178,,4.0,ok_dr9
ZTF22aacagjm,3.2918452497968715,SER,19.984749,20.399214,0.06929807,0.038734805,,28.0,ok_dr10
ZTF18acspjqd,1.7985174560877093,SER,16.480452,15.759451,0.090419,0.015413,,22.0,ok_dr9
ZTF22abaucrh,1.2280472841072998,DUP,,,,,,12.0,ok_dr10
ZTF19acetxvq,8.652112524786569,DUP,,,,,,14.0,ok_dr10
ZTF18abktmfz,6.882950712161624,REX,18.157934,18.148489,0.029992143,0.039195497,,23.0,ok_dr10
ZTF20abqmtsh,,,,,,,,,empty
ZTF20abgaovd,2.1446348313231467,SER,16.569437,,,,,15.0,ok_dr10
ZTF19ackbjtf,1.8317638471794406,SER,20.969606,20.876196,0.086619824,0.21526487,,41.0,ok_dr10
ZTF19abcneik,2.9059598633859998,EXP,21.384407,21.70826,0.440272,0.439416,,14.0,ok_dr9
ZTF19acjtkha,,,,,,,,,empty
ZTF24abqbyxd,7.425421561213932,SER,14.80368,14.247126,0.03416636,0.009401996,,8.0,ok_dr10
ZTF19abyzuos,,,,,,,,,empty
ZTF25aazgkhd,24.418264951051093,SER,13.144587,12.433986,0.023558415,0.007390472,,6.0,ok_dr10
ZTF22aataizc,1.0086177929692428,EXP,20.841969,20.589788,0.11168477,0.06154759,,16.0,ok_dr10
ZTF20acctbbw,,,,,,,,,empty
ZTF20acoqpbg,7.914434536862705,REX,22.929667,22.442432,0.4769181,0.13560016,,26.0,ok_dr10
ZTF20aattqle,0.6665131593667748,SER,19.080357,19.060532,0.019117486,0.016593745,,18.0,ok_dr10
ZTF24acaeozu,,,,,,,,,empty
ZTF21abpmlxu,2.4700455360229503,DUP,,,,,,42.0,ok_dr10
ZTF22abhxptj,,,,,,,,,empty
ZTF23aanyiwk,3.622368684613447,EXP,20.116571,19.143164,0.36177,0.232352,,9.0,ok_dr9
ZTF18acvwhaz,0.3036392060200434,SER,17.531364,17.159153,0.09335669,0.01567804,0.10736475,12.0,ok_dr10
ZTF19accstol,14.311596571364415,SER,20.559332,19.27687,0.6900926,0.031440813,,11.0,ok_dr10
ZTF19acdjiml,0.8569545356535267,EXP,21.287748,20.955847,0.265974,0.101822,,4.0,ok_dr9
ZTF25aaoyfil,0.4019335701948756,SER,16.014997,15.286242,0.065214,0.008489,0.062438,11.0,ok_dr9
ZTF19abegxfs,2.502538563754734,REX,25.455873,25.917053,1.3869689,0.78518546,,29.0,ok_dr10
ZTF22aaabovl,0.07679951891695092,REX,18.931753,18.367584,0.131181,0.03025,,6.0,ok_dr9
ZTF24aayagxg,6.074644411688142,SER,14.891479,14.287013,0.03026414,0.008446817,,22.0,ok_dr10
ZTF20acknpig,,,,,,,,,empty
ZTF23aaqujvz,1.660028996712858,SER,,18.050434,,,,16.0,ok_dr10
ZTF25abxgmpf,,,,,,,,,empty
ZTF23aarfblz,1.6504699127592346,SER,17.72623,17.250156,0.071342595,0.016904142,,12.0,ok_dr10
ZTF25acczido,1.1441994584039932,REX,23.954115,22.933407,1.2095628,0.22109918,,20.0,ok_dr10
ZTF24abluyoy,1.5964185823281916,SER,19.27319,19.202658,0.033478,0.046814,,11.0,ok_dr9
ZTF21aazfkyj,1.1828975096779262,EXP,,19.643429,,,,11.0,ok_dr10
ZTF19aazdirb,0.4133541523981544,EXP,22.030731,21.685364,0.34212723,0.20533694,,9.0,ok_dr10
ZTF19abwztsb,7.597580625491652,REX,20.12932,19.820724,,,,34.0,ok_dr10
ZTF20acgnbvv,1.4435691473733376,SER,17.462288,16.792143,0.10705248,0.017632438,,51.0,ok_dr10
ZTF25aaqvwgk,13.148055829917823,REX,,,,,,5.0,ok_dr10
ZTF20abxtiyh,1.6977866178902106,DUP,,,,,,45.0,ok_dr10
ZTF20aaynrrh,4.252241120375523,SER,17.376425,17.2656,0.007421022,0.008329186,,17.0,ok_dr10
ZTF24aaaisri,2.6248666605028164,REX,22.58353,22.02158,0.57402545,0.09002299,,34.0,ok_dr10
ZTF20aaavvlv,6.222212658453399,DEV,23.310513,21.208572,0.9541013,0.08429444,,11.0,ok_dr10
ZTF20abjkvyt,,,,,,,,,empty
ZTF23abmewfr,,,,,,,,,empty
ZTF20aayvubx,8.379296115767424,SER,15.332679,15.027305,0.036316,0.006685,0.040683,9.0,ok_dr9
ZTF19adjvjqi,1.5308084868439666,SER,14.679432,14.005426,0.042639643,0.00911572,,9.0,ok_dr10
ZTF20abygigy,1.9780801936549037,SER,17.36609,16.858728,0.06887883,0.011292198,,11.0,ok_dr10
ZTF20abgfvav,1.9542687682019586,EXP,19.396257,19.194143,0.07198061,0.05745187,,19.0,ok_dr10
ZTF21aagtpyw,1.366366963999645,EXP,21.203815,20.807293,0.1206082,0.1768625,,11.0,ok_dr10
ZTF18acwyvet,1.968129758247534,SER,16.751492,16.454184,0.040772,0.009655,0.028137,9.0,ok_dr9
ZTF19acgemqj,,,,,,,,,empty
ZTF24abwbjpg,2.4654271916323376,DUP,,,,,,12.0,ok_dr10
ZTF20acdafau,8.079109908295257,SER,15.982426,15.354796,0.05697793,0.012839695,,19.0,ok_dr10
ZTF21aaxwcof,11.994804618576218,SER,13.744022,13.068373,0.020773202,0.0042599016,,21.0,ok_dr10
ZTF24abgvscf,7.029795325522025,DUP,,,,,,11.0,ok_dr9
ZTF23aavwpbn,8.110548694376874,SER,,,,,,8.0,ok_dr10
ZTF25aashgjy,15.247830009913276,DUP,,,,,,16.0,ok_dr10
ZTF18acnnxzz,1.8114236098709278,SER,17.519995,17.108862,0.13328052,0.01793138,0.07661485,28.0,ok_dr10
ZTF23aaaigqy,,,,,,,,,empty
ZTF23aboemfi,0.4963037987234657,REX,23.697615,23.267704,1.024807,0.4424686,,20.0,ok_dr10
ZTF21aabxztv,6.385755409584911,REX,22.966728,23.133047,0.53893,0.227236,,17.0,ok_dr9
ZTF18aasycpd,8.43548577873507,EXP,17.42699,17.333252,0.034073543,0.016780406,,18.0,ok_dr10
ZTF24abchpnc,14.430985236701806,EXP,14.808563,14.29033,0.029669818,0.01186162,,2.0,ok_dr10
ZTF25abyobbm,0.43620624115137263,SER,15.882995,15.329322,0.032591,0.007877111,,28.0,ok_dr10
ZTF21aalkjbl,3.028399524575163,EXP,21.400587,21.110456,0.4929064,0.08010054,,23.0,ok_dr10
ZTF23aaqnjej,0.6375099717792234,REX,19.525133,19.342436,0.078207,0.033188,,13.0,ok_dr9
ZTF22aaqzqzk,0.7419528935859802,SER,17.140417,16.55012,0.06231,0.010447,0.063275,7.0,ok_dr9
ZTF19acfqtej,0.3834380765523047,SER,14.950667,14.271961,0.04671496,0.0077957576,0.035016883,15.0,ok_dr10
ZTF21aarejnt,1.4654578806662901,SER,18.41133,18.27841,0.07269117,0.10160927,,13.0,ok_dr10
ZTF20abuojuw,,,,,,,,,empty
ZTF19aaljeup,0.1586885455300993,REX,21.079708,21.745045,0.05711784,0.042487722,,22.0,ok_dr10
ZTF21abfflmp,2.5410196073639426,REX,18.402372,18.051426,0.10579322,0.022411535,,8.0,ok_dr10
ZTF22aboapcj,2.922246473042354,SER,15.385311,14.724587,0.072683,0.010821,0.077357,6.0,ok_dr9
ZTF22aaoolrn,0.19949742516007699,SER,16.812057,16.19701,0.1077767,0.014923706,,24.0,ok_dr10
ZTF23aapxvut,,,,,,,,,empty
ZTF20abrnklh,0.5081255870071315,SER,17.88402,17.394428,0.05112995,0.013806935,,30.0,ok_dr10
ZTF22ablvnwa,5.503716440963476,SER,16.44831,16.016195,0.036061566,0.008938818,0.04522875,13.0,ok_dr10
ZTF25abimmqu,,,,,,,,,empty
ZTF22abtsybt,0.5450588944888886,REX,24.927664,26.611351,1.0173094,0.8056849,,48.0,ok_dr10
ZTF25aabmhdd,1.0637059579517123,SER,18.917267,18.719488,0.04623252,0.040176988,,8.0,ok_dr10
ZTF22aalwnzj,0.606792197072883,SER,17.998919,17.59458,0.066623,0.023791,,16.0,ok_dr9
ZTF19acygbye,0.23264626336205646,REX,22.1469,22.095253,0.39309162,0.8578472,,24.0,ok_dr10
ZTF21aanefkx,2.1793607325226243,EXP,21.801416,21.35778,0.3728944,0.17175211,,12.0,ok_dr10
ZTF19aarmznp,0.972327218417795,SER,19.724936,19.519579,0.1387341,0.083735004,,17.0,ok_dr10
ZTF24aaejwvu,1.0406036596612394,SER,18.998875,18.590723,0.132096,0.033582,,10.0,ok_dr9
ZTF22aamgumi,7.298746427983668,REX,22.015285,,,,,12.0,ok_dr9
ZTF19aaugoig,3.1752461911715444,DUP,,,,,,19.0,ok_dr10
ZTF20acyroke,3.093048296295406,DEV,18.00592,17.355886,0.120778,0.01717,,16.0,ok_dr9
ZTF25aadltat,3.4451299380975073,SER,15.233413,14.26479,0.027724909,0.0031560445,,20.0,ok_dr10
ZTF21acjgafq,4.787984624663636,SER,16.51138,15.87857,0.042360082,0.0063111624,,18.0,ok_dr10
ZTF19abkdrir,2.390212332783455,SER,20.000196,19.694563,0.35646504,0.3096895,,61.0,ok_dr10
ZTF22aajhlaj,4.230208361939149,DUP,,,,,,12.0,ok_dr9
ZTF21aagkvqa,7.295390722162861,DEV,15.309941,14.563218,0.07369778,0.006401514,,24.0,ok_dr10
ZTF25abjlnnh,19.21844368307135,EXP,20.150911,20.213453,0.12581515,0.065973796,,14.0,ok_dr10
ZTF19abqgxpt,6.547786505746982,DUP,,,,,,10.0,ok_dr10
ZTF21abfnfdw,6.483842892598835,REX,20.21177,19.33482,0.33237997,0.083462976,,9.0,ok_dr10
ZTF21acdwhtf,0.9303802010448317,REX,24.72103,26.163534,0.9516378,0.6537463,,9.0,ok_dr10
ZTF21abpyauz,5.320952645288682,REX,25.075117,23.556393,1.166042,0.43396926,,14.0,ok_dr10
ZTF24abdebfm,5.39589640885515,SER,18.002176,17.7302,0.034346,0.011653,,12.0,ok_dr9
ZTF18aaovbiy,1.072914407090704,SER,16.880852,16.226622,0.077446505,0.027774127,0.07743099,15.0,ok_dr10
ZTF22aavcvgd,0.6764106108464075,SER,14.86977,14.457504,0.030365,0.005004,,8.0,ok_dr9
ZTF20acyqzeu,3.580752347663595,SER,14.48615,14.03331,0.019444,0.006374,,7.0,ok_dr9
ZTF23aachsdv,12.139505963191647,SER,13.097505,12.271111,0.014334,0.004555,0.016916,8.0,ok_dr9
ZTF25abggutl,1.9208019494262871,REX,19.807116,19.429409,0.12125764,0.028953379,,17.0,ok_dr10
ZTF23aadcbfw,0.6727333833970032,SER,19.200447,18.909029,0.085942,0.026925,,9.0,ok_dr9
ZTF23aagaiju,16.77949939419374,REX,22.511717,22.168947,0.671699,0.310206,,13.0,ok_dr9
ZTF23ablnqxh,,,,,,,,,empty
ZTF22abarhid,1.5099829640395672,SER,19.976042,20.605137,0.07326487,0.030365009,,19.0,ok_dr10
ZTF25aanikpq,1.3070871694263706,REX,23.661062,22.582626,1.0860159,0.17106989,,20.0,ok_dr10
ZTF21abnudtb,,,,,,,,,empty
ZTF24abxwbfy,2.6550692676307124,EXP,22.088383,22.476618,0.11626003,0.085903384,,12.0,ok_dr10
ZTF21aaczpca,5.634018475689806,REX,24.17302,,1.3050702,1.0247027,,25.0,ok_dr10
ZTF24aaahwrm,1.533742398493579,EXP,21.9407,21.258963,0.47591233,0.10986698,,17.0,ok_dr10
ZTF19abcejlc,2.0394367130360687,SER,16.889933,16.13266,0.08385343,0.015344792,,21.0,ok_dr10
ZTF24aabvczs,8.243270363676748,REX,20.079874,19.329813,0.24886487,0.020370593,,11.0,ok_dr10
ZTF22abfxwkm,3.145199391205407,DUP,,,,,,14.0,ok_dr10
ZTF25aboyxot,,,,,,,,,empty
ZTF21abbzjeq,0.30628750580517267,SER,19.033527,18.754524,0.075608,0.036158,,7.0,ok_dr9
ZTF22aajjqti,0.0782150954678905,DEV,21.670485,21.978256,0.08980076,0.5811724,,14.0,ok_dr10
ZTF21abqtckk,0.016040929255726567,REX,19.508564,19.052738,0.096814,0.053603,,15.0,ok_dr9
ZTF22abmcnmz,,,,,,,,,empty
ZTF19acxpuql,5.908061168055464,DEV,14.7965,14.257296,0.049790062,0.009123219,0.02788563,8.0,ok_dr10
ZTF19abxnycf,1.0318416410515692,SER,18.128565,18.31229,0.08279152,0.05166515,,35.0,ok_dr10
ZTF22aadpuwe,11.803096789303074,REX,18.642235,19.253859,0.004818,0.021915,,15.0,ok_dr9
ZTF23aawmbkn,1.3468813368496377,DUP,,,,,,11.0,ok_dr9
ZTF18aajarpg,0.10361719530274441,SER,17.907099,17.33731,0.141688,0.034055,,8.0,ok_dr9
ZTF24abrkybg,,,,,,,,,empty
ZTF23aaclqtq,7.338680521270331,SER,18.117373,18.089098,0.0071335286,0.012071088,,22.0,ok_dr10
ZTF18acepwhb,0.3293179321560407,REX,21.171883,23.089273,0.566666,0.170382,,13.0,ok_dr9
ZTF21aaswvyc,0.35481664227541404,EXP,19.83493,19.489601,0.171315,0.075916,,12.0,ok_dr9
ZTF21abubpng,11.56810585390859,DUP,,,,,,15.0,ok_dr10
ZTF21abpxuss,,,,,,,,,empty
ZTF19actfxcd,1.1995061603257724,SER,17.389275,17.39053,0.02541,0.009753,0.040135,16.0,ok_dr9
ZTF21abrofrx,,,,,,,,,empty
ZTF24abeivan,5.936679151244125,EXP,22.471962,22.055597,0.8514296,0.6730035,,13.0,ok_dr10
ZTF19aazudta,3.0712450953734396,SER,18.092007,18.137209,0.011603756,0.017246412,,27.0,ok_dr10
ZTF22aaxbape,3.829352091289711,SER,17.384727,17.122736,0.034715146,0.008734918,,79.0,ok_dr10
ZTF24abkiwns,1.9355379831695199,SER,21.555223,22.380121,0.06374635,0.12687483,,28.0,ok_dr10
ZTF25aanxtou,,,,,,,,,empty
ZTF23absqqnj,9.88104421789121,REX,22.249441,21.687572,0.513945,0.211414,,11.0,ok_dr9
ZTF21abmjgwf,0.2074167371055288,SER,17.808598,17.451313,0.029598631,0.010193809,,23.0,ok_dr10
ZTF23abntqpx,0.873713967026938,REX,18.273544,17.837234,0.086932495,0.021322561,,28.0,ok_dr10
ZTF21aacvupj,1.3664815148046712,SER,20.629658,21.314144,0.08267527,0.12224174,,12.0,ok_dr10
ZTF21aahargb,,,,,,,,,empty
ZTF19adbpulv,,,,,,,,,empty
ZTF24aazkzkl,0.7497869471829736,SER,,15.519709,,,,10.0,ok_dr10
ZTF19adbmewx,7.352592218454969,REX,23.80924,22.81756,1.0453169,0.18142496,,13.0,ok_dr10
ZTF18acxgoki,0.14829129259530993,EXP,18.153963,17.768745,0.10300181,0.07974694,,14.0,ok_dr10
ZTF20aapcjjo,20.41985560796519,REX,20.302124,19.572088,0.147645,0.055417,,9.0,ok_dr9
ZTF19abucwzt,5.382763909722989,EXP,18.15017,18.363737,0.008761387,0.02659372,,24.0,ok_dr10
ZTF22aacrwal,2.2705870831380404,EXP,18.286568,17.973553,0.067546345,0.03407205,,15.0,ok_dr10
ZTF24aazpqhq,0.7800698858701752,SER,17.036442,16.797733,0.026907839,0.012004573,0.029148012,47.0,ok_dr10
ZTF21acdxhuv,3.957450979822569,SER,17.775133,17.717178,0.018909687,0.036399066,,8.0,ok_dr10
ZTF24aaudlat,1.1883011838313908,REX,,,,,,8.0,ok_dr10
ZTF21aanrhag,6.484023357109788,SER,14.716247,14.434018,0.034093,0.006809,0.039981,10.0,ok_dr9
ZTF25abvrbqg,,,,,,,,,empty
ZTF25aaadqsi,,,,,,,,,empty
ZTF20aasivxr,10.565398450136612,DUP,,,,,,26.0,ok_dr9
ZTF21aaradzm,3.237237372818123,EXP,19.737745,20.077312,0.132982,0.086882,,11.0,ok_dr9
ZTF20acpbboa,1.3700378819713088,SER,16.084227,15.5004,0.05521134,0.01661752,0.0475488,33.0,ok_dr10
ZTF21abulsgn,0.432492989265,SER,17.215334,16.553053,0.105698,0.032043,,10.0,ok_dr9
ZTF19abucvgu,3.0154398083895617,SER,19.6323,19.79077,0.07866426,0.10412777,,36.0,ok_dr10
ZTF23abgspys,0.06966756571413596,SER,18.424644,18.15688,0.06391102,0.049954392,,37.0,ok_dr10
ZTF21aayquba,1.2695155668512514,EXP,19.524292,19.33166,0.086897,0.034719,,14.0,ok_dr9
ZTF24aadmaqm,4.761676770067341,REX,22.89829,23.334417,0.44880947,0.5416625,,14.0,ok_dr10
ZTF21acjosnd,2.663974421310273,SER,17.827318,17.497963,0.065855,0.015355,0.066197,12.0,ok_dr9
ZTF22aajhyin,1.6666002292240794,REX,20.585611,20.240334,0.17025323,0.092186175,,21.0,ok_dr10
ZTF23absdgcj,16.23392334462822,DUP,,,,,,12.0,ok_dr10
ZTF19aalxsfe,,,,,,,,,empty
ZTF24abxvulk,,,,,,,,,empty
ZTF22aakdbia,11.288400671202508,EXP,18.372623,18.76669,0.006558,0.014547,,6.0,ok_dr9
ZTF19aaweqnm,0.11669617955932485,SER,17.841335,17.362833,0.23204441,0.033887465,,23.0,ok_dr10
ZTF24aahhtgq,4.3040473069147795,EXP,22.656082,22.833061,0.12703739,0.25181922,,25.0,ok_dr10
ZTF20acgpigm,2.0114367916857825,REX,22.78898,21.538952,0.664402,0.168892,,13.0,ok_dr9
ZTF22aawxlpc,15.496966947986039,REX,,,,,,12.0,ok_dr10
ZTF21achaudk,10.11054831957343,DUP,,,,,,8.0,ok_dr10
ZTF21abifrsi,0.28731463620313263,SER,19.13859,18.868797,0.077356346,0.030622218,0.0606,40.0,ok_dr10
ZTF24abmpzmg,1.650475697409789,SER,18.036745,17.62833,0.065216176,0.020655943,,8.0,ok_dr10
ZTF20aclnsts,1.5231961940599301,EXP,22.231102,,0.1762476,0.9985111,,12.0,ok_dr10
ZTF21aassamj,0.5613629941001229,SER,19.118773,18.537737,0.027212922,0.032366928,,20.0,ok_dr10
ZTF21aagyvtq,1.9353684095531556,DUP,,,,,,13.0,ok_dr10
ZTF20aclkvjy,2.274973163326108,EXP,22.714094,22.773201,0.529957,0.49605533,,25.0,ok_dr10
ZTF21abfxfqu,6.58810527857333,DUP,,,,,,7.0,ok_dr10
ZTF23aafarxf,9.544285336302146,REX,20.448307,20.499496,0.16148204,0.11300245,,8.0,ok_dr10
ZTF20accbsxa,2.5717307457664362,EXP,19.192059,18.845537,0.04746777,0.05336598,,29.0,ok_dr10
ZTF24abzwsfk,1.0125860071192083,REX,18.213446,17.84781,0.062656,0.019391,,4.0,ok_dr9
ZTF24abgzvlk,1.1864282797619103,REX,20.60665,20.297068,0.15682203,0.150948,,12.0,ok_dr10
ZTF19aadyijk,5.047235370359374,DUP,,,,,,12.0,ok_dr10
ZTF20aczgvcg,7.2127310225444985,DUP,,,,,,15.0,ok_dr9
ZTF25aaazuaw,1.1852705514996074,SER,21.325026,21.79673,0.06435857,0.077088565,,25.0,ok_dr10
ZTF21acgrrnl,6.758127455409656,REX,22.5142,23.190466,0.209745,0.316418,,20.0,ok_dr9
ZTF18aamvfeb,0.741227798139852,SER,15.372423,14.781986,0.031077,0.003131,0.031492,11.0,ok_dr9
ZTF21aakvhtz,2.858487545622284,SER,18.470587,18.161654,0.06400579,0.018320492,,9.0,ok_dr10
ZTF20acynllu,1.556084155629506,EXP,22.0234,21.387478,0.38776225,0.10427023,,40.0,ok_dr10
ZTF19abdoior,7.099604288197602,SER,16.005611,15.381624,0.045554,0.010324,,8.0,ok_dr9
ZTF20abxmwwd,,,,,,,,,empty
ZTF20aamcvyp,0.11290914960284243,SER,16.542633,15.922729,0.05242967,0.0102626,,27.0,ok_dr10
ZTF21aaxxoei,8.991461044797502,SER,14.444244,13.827131,0.042791944,0.009198931,0.034872893,22.0,ok_dr10
ZTF21aazqkeq,1.512029734870235,SER,20.710592,21.322037,0.046618324,0.036883537,,16.0,ok_dr10
ZTF24ablkziv,,,,,,,,,empty
ZTF25abtsusb,1.4368559529341018,REX,23.286871,21.284407,0.933813,0.081649,,13.0,ok_dr9
ZTF18abuqkdh,,,,,,,,,empty
ZTF19acynije,,,,,,,,,empty
ZTF22abmxsoc,3.1663106355187707,REX,17.844978,17.642828,0.0069422266,0.0034858629,,7.0,ok_dr10
ZTF21aaedpyk,,,,,,,,,empty
ZTF19abqmurd,4.644580998751346,SER,15.486096,15.01005,0.028507,0.007701,,8.0,ok_dr9
ZTF18ablfqxm,,,,,,,,,empty
ZTF18accpjkb,,,,,,,,,empty
ZTF19aadnxgj,3.96649784574093,SER,15.191803,14.596662,0.04579158,0.011972936,0.034223586,36.0,ok_dr10
ZTF20aaetvkh,2.9968342298274515,EXP,,19.478857,,,,19.0,ok_dr10
ZTF25abdzkae,1.150120692587554,EXP,22.368958,22.196985,0.27049482,0.1819252,,18.0,ok_dr10
ZTF23aansgpp,2.991910818624738,SER,16.938707,16.315607,0.064045,0.009526,0.066305,17.0,ok_dr9
ZTF24aaxqhje,1.3903344121806853,SER,18.887545,18.150827,0.1729978,0.022908857,,11.0,ok_dr10
ZTF22abfuoce,1.4032515594377089,DUP,,,,,,9.0,ok_dr9
ZTF25aatxnwx,6.852477143731202,DUP,,,,,,10.0,ok_dr10
ZTF25aaozpsn,2.310406757684933,SER,15.252234,14.689775,0.035889488,0.00918759,,34.0,ok_dr10
ZTF21abultbr,10.108294319213462,DUP,,,,,,15.0,ok_dr9
ZTF22aaabmmc,4.6996423545142445,REX,19.541893,19.348705,0.050088,0.030842,,8.0,ok_dr9
ZTF24acabxwm,0.9139909555276643,REX,18.961697,18.836782,0.038070895,0.029659458,,18.0,ok_dr10
ZTF21acekmmm,0.47942424688574037,EXP,24.576849,,0.4777252,0.6872364,,14.0,ok_dr10
ZTF21aavbrwr,2.2996369296408687,SER,17.561142,16.949379,0.09373844,0.017690722,0.09840052,19.0,ok_dr10
ZTF23aadbzfq,4.518376923517478,SER,15.391893,14.904788,0.04461506,0.011560404,,14.0,ok_dr10
ZTF20abchhuw,2.1099073716288226,EXP,21.69008,21.969912,0.06239478,0.1069682,,15.0,ok_dr10
ZTF25aaptvbh,2.078477852775387,SER,19.984404,19.79102,0.06243132,0.03359476,,25.0,ok_dr10
ZTF23aadgdnv,3.8289679537286134,SER,14.369103,13.68336,0.023802878,0.0062133563,0.02093326,10.0,ok_dr10
ZTF25ackwrun,0.7133711572690589,REX,22.369957,22.246984,0.170132,0.237388,,15.0,ok_dr9
ZTF24aaredhj,,,,,,,,,empty
ZTF19acyjviz,2.4088097449627344,SER,15.838705,15.450463,0.026585175,0.006833592,0.021567572,27.0,ok_dr10
ZTF22abquwiv,,,,,,,,,empty
ZTF21aagxmcs,0.6926966635048488,SER,19.646252,19.37011,0.10443407,0.039325558,,34.0,ok_dr10
ZTF22aazprmk,0.7926917164358953,REX,19.16289,18.698402,0.1097,0.024487512,,17.0,ok_dr10
ZTF19abqmpsr,,,,,,,,,empty
ZTF24abrfsap,9.0105252167857,REX,,22.333382,,,,17.0,ok_dr10
ZTF20aaeoqqd,4.352731831832369,DUP,,,,,,20.0,ok_dr10
ZTF24aaxxegw,7.684808495100395,SER,17.355137,16.934126,0.07103321,0.010383791,,15.0,ok_dr10
ZTF20acexvcz,2.0480867217956864,DUP,,,,,,30.0,ok_dr10
ZTF19abvjdfc,0.4081828429995713,DEV,19.60568,19.178251,0.10599034,0.028123897,,18.0,ok_dr10
ZTF18adbyxua,0.47749826669425216,EXP,21.838676,20.754799,0.9298246,0.10264821,,12.0,ok_dr10
ZTF18adaslwa,1.3648880074878171,SER,,18.643875,,,,8.0,ok_dr10
ZTF18abrebsb,0.29325699675982436,SER,16.29671,15.676143,0.09253395,0.01475629,,28.0,ok_dr10
ZTF18acbxsgy,1.6707537730902275,EXP,20.404255,20.059187,0.13098234,0.06754906,,17.0,ok_dr10
ZTF20aasapko,0.12952237629297572,SER,17.511816,16.887712,0.069767,0.014058,,15.0,ok_dr9
ZTF25abpwasj,1.4659038121800827,SER,20.541697,21.37727,0.016062,0.026811,,12.0,ok_dr9
ZTF24abkpuna,3.463464195617927,DEV,11.968925,11.444806,0.010612268,0.004261512,,20.0,ok_dr10
ZTF19aaezale,1.5150427268136188,REX,19.107788,18.72013,0.16167419,0.025055328,,10.0,ok_dr10
ZTF19acifuyf,,,,,,,,,empty
ZTF20acvjagm,0.9462081441879241,SER,18.984444,18.664705,0.14924082,0.056555673,,20.0,ok_dr10
ZTF18acwutbr,,,,,,,,,empty
ZTF18abquyqj,0.44158945724916276,SER,16.058285,15.404683,0.072558984,0.015074846,0.01902482,11.0,ok_dr10
ZTF19aapbfot,1.542287649980546,SER,18.360977,18.096844,0.055911925,0.039425023,,29.0,ok_dr10
ZTF25abbjgbd,,,,,,,,,empty
ZTF25abzovlx,,,,,,,,,empty
ZTF25abgwfju,13.150509271760763,EXP,20.998152,20.493855,0.247646,0.153089,,7.0,ok_dr9
ZTF24aakghyl,0.24037439933431917,SER,19.02733,18.69654,0.066443,0.021406,,20.0,ok_dr9
ZTF19aasmkhn,2.600489073790275,SER,17.583529,16.954012,0.08011169,0.016387727,,10.0,ok_dr10
ZTF22abtpsco,1.2570478643188316,SER,,15.836413,,,,11.0,ok_dr10
ZTF18aawjywv,2.8747527457646043,SER,14.282829,13.694684,0.039861,0.00585,,14.0,ok_dr9
ZTF20achvmjr,,,,,,,,,empty
ZTF24aaltyyy,,,,,,,,,empty
ZTF20acuspji,4.519519211908779,DUP,,,,,,3.0,ok_dr10
ZTF21aaxzbrn,0.4313541322791373,SER,19.012249,18.849709,0.06018061,0.06771391,,16.0,ok_dr10
ZTF21abjbfpg,9.641279746333062,SER,15.737682,15.581158,0.020058,0.006315,0.031514,6.0,ok_dr9
ZTF23abshmtt,1.1701581126161336,REX,23.650461,23.003017,1.0144488,0.3344425,,13.0,ok_dr10
ZTF20acudkao,2.0892611641716234,SER,15.416446,14.847247,0.051654767,0.011815102,0.038266547,19.0,ok_dr10
ZTF20aabqwtz,0.7694315407936572,REX,21.354033,,0.036364,0.296159,,13.0,ok_dr9
ZTF20aaophpu,4.495432466511403,DUP,,,,,,25.0,ok_dr10
ZTF25abjpgmo,,,,,,,,,empty
ZTF18aaybtnt,0.08984152540999266,REX,23.283562,22.718838,1.8648152,0.4975768,,11.0,ok_dr10
ZTF19acyldun,10.282290680865716,SER,,,,,,6.0,ok_dr10
ZTF24abprtdf,3.6086077681306885,DUP,,,,,,25.0,ok_dr10
ZTF25abnqqtq,6.843244348347925,DUP,,,,,,9.0,ok_dr10
ZTF25aabovpf,2.978216941512326,DUP,,,,,,14.0,ok_dr10
ZTF21abrpoaq,2.060997540807514,EXP,20.327087,20.018848,0.10370938,0.03739034,,20.0,ok_dr10
ZTF22aaqrflg,1.38550543610269,SER,17.27548,16.569588,0.07260293,0.011844371,,16.0,ok_dr10
ZTF18aawigkf,0.8995627725577499,SER,18.181192,18.060022,0.028836,0.015092,,12.0,ok_dr9
ZTF20aawoojh,0.5770307299484218,SER,14.766141,14.423877,0.030284,0.005553,,14.0,ok_dr9
ZTF21aarnjyd,2.8412144771047294,SER,15.36266,14.974004,0.019471,0.007514,,5.0,ok_dr9
ZTF24abcyfru,4.815027901247209,SER,16.835464,16.324434,0.028056,0.013309,,15.0,ok_dr9
ZTF20abisysx,0.11432077434342434,SER,16.473852,15.855844,0.09717622,0.019826459,,29.0,ok_dr10
ZTF21abgcgem,,,,,,,,,empty
ZTF20abywspv,1.4546991024932248,EXP,22.867374,22.765394,0.58326393,0.45300317,,10.0,ok_dr10
ZTF20aclftuo,0.7113302507626262,SER,17.755589,17.863123,0.015247152,0.009735519,,18.0,ok_dr10
ZTF24aalbzkr,2.7583333635363823,DUP,,,,,,34.0,ok_dr10
ZTF19aavhypb,2.6556483768113446,EXP,22.163656,,0.017485,0.165388,,15.0,ok_dr9
ZTF21abpivbd,8.687661201557507,SER,15.191262,14.674777,0.051312,0.007823,0.06098,10.0,ok_dr9
ZTF20abybeex,2.703562860251722,EXP,22.04386,21.94484,0.807041,0.340624,,18.0,ok_dr9
ZTF22abhfwmr,,,,,,,,,empty
ZTF19aczlldp,0.2738837288630504,SER,18.875652,18.767862,0.058801293,0.023698265,,25.0,ok_dr10
ZTF25abkopax,0.7541486678219266,SER,17.402113,16.79722,0.11963,0.032706,0.071242,7.0,ok_dr9
ZTF22aajpzwm,,,,,,,,,empty
ZTF24abzadka,8.437682480332372,REX,24.025286,23.63299,0.7614037,0.40869763,,19.0,ok_dr10
ZTF22aasjwqv,1.1560275971463077,SER,19.918102,19.604055,0.10947879,0.037231177,,31.0,ok_dr10
ZTF22abhvfmz,2.006108121179164,REX,18.908396,18.685858,0.12007289,0.03419833,,53.0,ok_dr10
ZTF22aaorjov,3.8381364386593475,SER,,,,,,12.0,ok_dr10
ZTF20aapnqbw,4.11938196589518,SER,16.01678,15.674741,0.046369933,0.008678949,,25.0,ok_dr10
ZTF22aabimec,0.022600461516883066,SER,18.707758,18.240463,0.13651673,0.034957808,,13.0,ok_dr10
ZTF23abhafym,,,,,,,,,empty
ZTF24abtmueg,,,,,,,,,empty
ZTF23aaraamx,1.5596765925882194,REX,16.839968,16.479084,0.047763936,0.010259,0.05322844,11.0,ok_dr10
ZTF24aavapoe,9.007458689570312,REX,22.647,21.807455,0.89277554,0.43163925,,24.0,ok_dr10
ZTF23aavshmk,,,,,,,,,empty
ZTF19acryaon,0.11457375808524178,DUP,,,,,,36.0,ok_dr10
ZTF21abujefa,0.09109575498743704,SER,18.131392,17.53776,0.066305,0.019269,,10.0,ok_dr9
ZTF20accrldu,1.1101430564521817,REX,19.593122,19.278065,0.18395306,0.19468768,,22.0,ok_dr10
ZTF20aatzhhl,6.401739008892236,SER,15.959841,15.571609,0.009297244,0.007528873,,17.0,ok_dr10
ZTF19abnimpq,2.0550373839668206,REX,18.716118,18.370224,0.1196725,0.034808405,,19.0,ok_dr10
ZTF23abfmkep,5.424541988520062,REX,24.696611,24.131422,1.0832907,0.63461643,,20.0,ok_dr10
ZTF23abkixfb,,,,,,,,,empty
ZTF21abcympb,,,,,,,,,empty
ZTF21abkiefj,2.387843877186362,SER,,,,,,12.0,ok_dr10
ZTF19accjfgv,0.8062233548013503,SER,16.234362,15.819275,0.042027,0.020156,,19.0,ok_dr9
ZTF20aaeipdz,2.135367448059719,SER,16.891523,16.565233,0.048982,0.011719,,16.0,ok_dr9
ZTF23abnfram,1.7217828602903786,DUP,,,,,,22.0,ok_dr10
ZTF23abjbkau,3.0706564917085224,SER,14.250765,13.550512,0.05878717,0.008844612,,14.0,ok_dr10
ZTF24abysvxz,2.6672504737426044,SER,18.803404,18.51279,0.065055,0.028316,,11.0,ok_dr9
ZTF22ablcybb,0.2831698426208539,REX,22.7655,22.450356,0.627343,0.335926,,13.0,ok_dr9
ZTF19aaujiwc,1.7498933840029685,SER,15.175754,14.585207,0.024070434,0.009030588,0.03301995,15.0,ok_dr10
ZTF18aaemivw,0.44598286353156585,SER,15.893796,15.341528,0.077557,0.023568,0.068063,26.0,ok_dr9
ZTF20aakndsn,0.4126350492093509,SER,14.169186,13.513274,0.0312862,0.005875645,,11.0,ok_dr10
ZTF21aagmoqw,2.988541353982734,SER,21.927675,21.72414,0.4793916,0.44749606,,28.0,ok_dr10
ZTF20aaxndzx,21.005339351741508,REX,23.743769,23.828783,0.918045,0.405435,,7.0,ok_dr9
ZTF19acxmiyh,,,,,,,,,empty
ZTF19aavounq,5.124641371023251,SER,16.385704,15.82552,0.0826668,0.013254955,0.07630302,26.0,ok_dr10
ZTF25acfbplr,0.12096630025788503,REX,24.161535,24.504553,0.684588,0.6487038,,29.0,ok_dr10
ZTF22aahwmww,4.4386398064089425,SER,15.449677,15.200615,0.011054,0.004691,,11.0,ok_dr9
ZTF21acioxcf,,,,,,,,,empty
ZTF21aahdpvi,7.4518318968029496,REX,16.32476,15.966388,0.03570585,0.013560684,,13.0,ok_dr10
ZTF20acmfacr,,,,,,,,,empty
ZTF23abtooan,1.6995191843577389,REX,23.013763,,0.16495854,0.34099573,,19.0,ok_dr10
ZTF21aaafrnh,0.884504549634122,SER,17.63997,17.322428,0.05637311,0.01093703,,25.0,ok_dr10
ZTF21aapegtd,5.175688388440413,SER,17.008535,16.650501,0.0236,0.007416,,7.0,ok_dr9
ZTF20abrmmah,0.8655313101379972,SER,19.970999,19.894793,0.087993234,0.081343256,,7.0,ok_dr10
ZTF21aaqyuun,0.7119629136517813,EXP,19.030153,19.011383,0.010890294,0.015972452,,16.0,ok_dr10
ZTF23aafratn,1.1834429733018361,SER,17.206758,16.69452,0.1246159,0.02348674,,12.0,ok_dr10
ZTF21aaglrzc,0.11269694452217519,REX,20.556091,20.12317,0.21792173,0.06556207,,17.0,ok_dr10
ZTF22abblogu,3.730257139725334,DEV,21.373243,,0.545228,0.351779,,17.0,ok_dr9
ZTF20abmcwll,19.30846076439503,DUP,,,,,,5.0,ok_dr10
ZTF22abstbym,1.476329225795125,EXP,22.077948,22.146563,0.254378,0.12763554,,20.0,ok_dr10
ZTF24absznoi,6.690716944315161,REX,22.122358,20.971235,0.540319,0.085621,,11.0,ok_dr9
ZTF21aasyzkt,0.6464182146046918,SER,19.091476,18.824717,0.096823,0.02883,,11.0,ok_dr9
ZTF20abasqfx,1.1799722710371774,REX,22.503798,22.814735,0.337142,0.261615,,11.0,ok_dr9
ZTF22aazgaus,1.675118359603021,EXP,19.666094,19.369587,0.06575809,0.14760956,,6.0,ok_dr10
ZTF25aajrlbu,0.6530211144047032,REX,21.12179,20.628933,0.4362075,0.4292259,,28.0,ok_dr10
ZTF21acbnfos,9.614774618091907,DEV,13.218034,12.467295,0.040444367,0.11662529,,5.0,ok_dr10
ZTF22aanppbi,4.010415876241068,DUP,,,,,,23.0,ok_dr10
ZTF22aakkfre,2.134913191901183,EXP,22.036205,22.029522,0.16540141,0.18422483,,23.0,ok_dr10
ZTF22aaaifcx,1.0398065132016805,SER,15.997395,15.605695,0.0348817,0.008429183,0.043123882,54.0,ok_dr10
ZTF19aaykugs,2.3326675817826836,SER,16.536425,15.86564,0.050193,0.010109,0.045041,15.0,ok_dr9
ZTF20abjtavx,11.339856725113801,SER,13.417675,12.922956,0.011245097,0.0062761633,,5.0,ok_dr10
ZTF21aazeugz,0.7758135603964799,EXP,,,,,,4.0,ok_dr10
ZTF22aatemqx,4.762483332765464,SER,16.768051,16.159195,0.076344,0.012422,0.094196,13.0,ok_dr9
ZTF20acopmey,0.2303798140972716,REX,21.700329,21.310528,0.19982901,0.34860095,,28.0,ok_dr10
ZTF22abnxoji,3.107714276329022,SER,19.46133,19.204788,0.0780616,0.027646102,,30.0,ok_dr10
ZTF25acefezu,5.647197341457911,SER,15.970511,15.586751,0.020930158,0.006667726,,16.0,ok_dr10
ZTF20abjyoty,2.0345195154414215,SER,14.963372,14.154732,0.027019503,0.009168972,,38.0,ok_dr10
ZTF23abtxmmt,,,,,,,,,empty
ZTF20aazhtvi,0.5871877720033358,REX,23.36098,24.796577,0.6369816,0.47728,,13.0,ok_dr10
ZTF21aaiaeri,8.115182795367588,SER,14.483327,13.922146,0.03593338,0.00832779,0.042561036,25.0,ok_dr10
ZTF20abqmmhn,1.7480725308472598,SER,19.274752,18.969595,0.093874,0.030842,,8.0,ok_dr9
ZTF19aaokist,6.223825771139663,SER,15.158471,14.515269,0.061089505,0.010816718,0.07458895,9.0,ok_dr10
ZTF23aadwlhl,11.201207293459147,REX,22.203798,,0.15519851,0.30405527,,14.0,ok_dr10
ZTF24abutwuz,2.0523276270814534,REX,19.799988,19.303915,0.22756818,0.044060975,,7.0,ok_dr10
ZTF25aciguje,,,,,,,,,empty
ZTF18abfgygp,1.2990358491600318,EXP,18.440287,18.028013,0.108765,0.024635,,6.0,ok_dr9
ZTF24aakprsy,6.405021391701111,EXP,,,,,,8.0,ok_dr10
ZTF19acclzaw,,,,,,,,,empty
ZTF19aalsnbp,1.0890228989747326,SER,19.914497,20.105398,0.066045,0.030655,,14.0,ok_dr9
ZTF25acafswd,,,,,,,,,empty
ZTF25abweiaq,6.702124109357339,SER,14.603809,14.074931,0.033675,0.00633,0.028765,10.0,ok_dr9
ZTF18aaaqexr,0.6634485945057281,SER,15.021188,14.434614,0.046111763,0.009758586,0.07022749,30.0,ok_dr10
ZTF20aazewcq,2.2159947122190222,SER,15.767624,15.081879,0.035688292,0.013877418,0.051547308,37.0,ok_dr10
ZTF17aaajnki,6.602317392403782,REX,18.393791,17.091087,0.136193,0.174985,,34.0,ok_dr9
ZTF18acbwtnh,0.1521990857129327,EXP,21.039663,20.682913,0.13262776,0.08101719,,12.0,ok_dr10
ZTF19abgbdcp,1.3229303735309133,SER,17.841814,17.610275,0.040695302,0.011391141,,16.0,ok_dr10
ZTF23aahxsrk,0.7826616712501403,SER,20.335644,20.07825,0.1026405,0.043755047,,12.0,ok_dr10
ZTF24aahsukk,0.15729987243519963,SER,17.549692,17.237265,0.061836492,0.016869904,0.050959688,10.0,ok_dr10
ZTF25aaqfhvh,1.2446277913695232,EXP,20.001749,19.475079,0.182144,0.037403,,4.0,ok_dr9
ZTF25acdgvvd,9.331421455312189,REX,20.288618,,0.074072,0.155823,,8.0,ok_dr9
ZTF19aanmdsr,0.5602574076053409,SER,19.660782,19.531979,0.075458,0.031348,,20.0,ok_dr9
ZTF21aavoqpl,6.676785454902048,SER,12.614285,12.168792,0.014555,0.004687,,5.0,ok_dr9
ZTF25aairfin,3.2713479973306003,SER,15.357896,14.842488,0.059728056,0.009820887,0.06101601,14.0,ok_dr10
ZTF18acvilwk,3.0599109845907253,SER,16.254753,15.831815,0.024068367,0.004952963,0.01537881,24.0,ok_dr10
ZTF22aaonqcc,,,,,,,,,empty
ZTF20acmddof,,,,,,,,,empty
ZTF23abndxzj,,,,,,,,,empty
ZTF22abgbfsb,11.178561461387854,REX,,,,,,8.0,ok_dr10
ZTF20acjbzrh,1.6576705307015498,SER,16.59084,16.301609,0.02013638,0.0056749466,,31.0,ok_dr10
ZTF22abtsttg,2.928694921394334,SER,18.05479,17.680687,0.091838084,0.018562479,,18.0,ok_dr10
ZTF23aabrftw,1.728838393864697,SER,16.298193,15.688096,0.035366,0.006002,,10.0,ok_dr9
ZTF20aalrptc,2.29879921200312,DUP,,,,,,12.0,ok_dr10
ZTF21aayddkn,5.5764064443305,SER,15.425146,15.095006,0.035972,0.007714,0.052022,15.0,ok_dr9
ZTF21aavozbk,1.3072182079192618,SER,17.34811,17.03413,0.054296687,0.010687949,,31.0,ok_dr10
ZTF19abtnbtt,,,,,,,,,empty
ZTF21abisowq,1.0355421226779944,EXP,22.9276,22.358168,0.950944,0.44519708,,15.0,ok_dr10
ZTF22abgbffy,2.465078766283126,SER,17.264732,17.090649,0.019252243,0.007024323,0.026798304,23.0,ok_dr10
ZTF18abomklq,1.9898994871439277,SER,14.317771,13.609257,0.030272642,0.0053486666,,32.0,ok_dr10
ZTF19aarykkb,,,,,,,,,empty
ZTF20acwytht,3.8199606010163483,SER,16.486738,16.141314,0.031310365,0.006479679,0.033872806,8.0,ok_dr10
ZTF20abzgfhl,,,,,,,,,empty
ZTF18aawrmvo,,,,,,,,,empty
ZTF20aaukudw,2.9300703854094743,REX,17.42273,16.971296,0.034751613,0.023165457,,12.0,ok_dr10
ZTF22abiymsf,3.7532739247156517,SER,23.03923,24.769917,0.21654724,0.44959334,,55.0,ok_dr10
ZTF20abawntz,0.15492457273811072,SER,16.171352,15.473598,0.07429187,0.0057609007,0.07775197,30.0,ok_dr10
ZTF19aarprog,2.977318684676297,DUP,,,,,,5.0,ok_dr10
ZTF18acqvqpi,,,,,,,,,empty
ZTF25aatxsfd,,,,,,,,,empty
ZTF20acwomqh,6.182173813706139,SER,17.961784,17.47122,0.06467621,0.03819034,,22.0,ok_dr10
ZTF20acgynyw,0.6076621039322317,SER,19.60852,19.357674,0.119825,0.090706,,13.0,ok_dr9
ZTF22aarrawv,,,,,,,,,empty
ZTF20acjlkpe,0.493454550774207,SER,15.896111,15.231183,0.059631,0.009056,,8.0,ok_dr9
ZTF23aaggwfh,0.5880521700572667,SER,19.487556,19.516838,0.0072046765,0.043665692,,31.0,ok_dr10
ZTF20acqfssi,,,,,,,,,empty
ZTF19abqmsnk,7.27711305415258,SER,16.665417,16.384233,0.022296997,0.008106225,0.035619996,10.0,ok_dr10
ZTF24aapikyr,5.838321634655498,REX,23.282757,22.611551,0.6196192,0.21484187,,14.0,ok_dr10
ZTF22aaahfyi,,,,,,,,,empty
ZTF22aaaivxh,2.2421019178587667,SER,20.806168,21.24547,0.10119671,0.3554073,,25.0,ok_dr10
ZTF21aantsla,6.621743831610604,SER,14.520671,14.030272,0.023753,0.005237,0.020686,8.0,ok_dr9
ZTF20adadrhw,4.109729894931831,SER,14.296864,13.981979,0.0067921854,0.0033271508,0.007438774,6.0,ok_dr10
ZTF20aarucek,1.4727883489897768,SER,17.893772,17.459389,0.063824,0.018699,,7.0,ok_dr9
ZTF22abtkkgo,1.9060432388792377,SER,18.014063,17.697613,0.05555062,0.012993484,,21.0,ok_dr10
ZTF23aayocyn,1.2267417244406484,SER,16.832705,16.112055,0.065025,0.009828,,13.0,ok_dr9
ZTF20aboyujf,4.193205220776473,SER,17.170088,16.654789,0.07240406,0.014840427,,15.0,ok_dr10
ZTF18abskbng,,,,,,,,,empty
ZTF19aaeoqst,3.9462949395583253,SER,17.897354,17.400066,0.08284613,0.016929949,,21.0,ok_dr10
ZTF20acqnhci,,,,,,,,,empty
ZTF23absizez,2.664170946429051,SER,17.105806,16.406027,0.07006784,0.019177243,,17.0,ok_dr10
ZTF20aammtwx,11.18659669520533,REX,22.053322,23.052534,0.23094018,0.4919502,,18.0,ok_dr10
ZTF18accnlji,0.238684894298481,SER,18.176497,17.876385,0.088046,0.024813,,4.0,ok_dr9
ZTF21abdahai,0.2598595672263711,SER,20.194746,19.97908,0.07513107,0.156553,,21.0,ok_dr10
ZTF21aaylweu,1.3854865324087027,SER,20.947077,20.0201,0.072699204,0.16314393,,15.0,ok_dr10
ZTF24abysvaz,5.595599483497997,SER,14.790286,14.314283,0.051557,0.009119,0.058679,5.0,ok_dr9
ZTF20aamdsjv,2.3965932095487554,SER,15.170409,14.584828,0.037499145,0.008675056,0.06087746,13.0,ok_dr10
ZTF18aavnvmp,0.09209964572196172,DEV,18.926195,18.385992,0.07072857,0.023201462,,17.0,ok_dr10
ZTF22abbkxor,3.743704582391143,REX,23.83166,25.619263,0.26473638,0.41130063,,12.0,ok_dr10
ZTF21aceepnp,,,,,,,,,empty
ZTF19abbthwy,7.128796821831262,SER,16.592567,15.46279,0.3639396,0.28238168,,12.0,ok_dr10
ZTF24aaqxwvt,3.9198366231958603,SER,21.057156,23.009674,0.06364564,0.07506867,,34.0,ok_dr10
ZTF19aaileug,0.6536654432175737,SER,20.787771,,0.068882,0.108902,,20.0,ok_dr9
ZTF19aavmgtv,1.6205333576587986,SER,13.981435,13.368925,0.025349384,0.0058192806,0.029234597,12.0,ok_dr10
ZTF24abdtszn,0.49575248428791685,SER,15.925362,15.526624,0.021837562,0.0054329876,,11.0,ok_dr10
ZTF21abprzfg,3.3972976756447686,EXP,19.950668,19.679924,0.15662356,0.049875505,,25.0,ok_dr10
ZTF25abwnnkt,0.3337330488633002,SER,16.453098,15.829776,0.09324,0.008227,,23.0,ok_dr9
ZTF20abyppuk,,,,,,,,,empty
ZTF23aaxcriv,2.2156282656545248,SER,19.764978,19.933128,0.057752,0.028248,,12.0,ok_dr9
ZTF24aancgyl,0.1808787390811154,REX,,20.163082,,,,11.0,ok_dr10
ZTF24aamilxy,1.7869703778388109,DUP,,,,,,12.0,ok_dr9
ZTF20aazooyu,0.33251161835134185,SER,18.043362,17.590916,0.14465678,0.03220871,,12.0,ok_dr10
ZTF19aabimbg,,,,,,,,,empty
ZTF23aaazegi,11.875151291719352,REX,23.185638,21.62502,0.85769725,0.1110067,,21.0,ok_dr10
ZTF19aanfyey,0.3625532467321564,SER,17.15148,16.595234,0.061938476,0.010687631,0.08490184,23.0,ok_dr10
ZTF24abihuzi,,,,,,,,,empty
ZTF24abgeiva,3.214174128518109,SER,16.339008,15.770646,0.056361496,0.01945037,,45.0,ok_dr10
ZTF21aaaoviv,1.7694025361157235,EXP,20.81561,20.889618,0.085684285,0.1990071,,19.0,ok_dr10
ZTF22aahygkd,1.5243584184714034,SER,17.315561,16.868109,0.08331516,0.015387379,0.07548524,19.0,ok_dr10
ZTF21aaabucr,13.008361414111949,REX,22.87467,23.354445,0.453493,0.226478,,10.0,ok_dr9
ZTF19acbqzvu,,,,,,,,,empty
ZTF21ablducj,,,,,,,,,empty
ZTF25aaekcfy,1.3101184753994537,DEV,,18.828735,,,,2.0,ok_dr10
ZTF21aaluqkp,9.191124454225193,DEV,21.716318,21.382336,0.41944999,0.4555352,,19.0,ok_dr10
ZTF20acitoie,1.9844009889772198,SER,14.412599,13.89852,0.024670271,0.0040424257,0.022090184,6.0,ok_dr10
ZTF25abgpuno,,,,,,,,,empty
ZTF25aapqpbo,0.637149227192994,SER,16.383533,15.822751,0.07007462,0.04041862,,22.0,ok_dr10
ZTF18aahjbii,8.874908359531837,SER,19.437294,18.902342,0.82368004,0.28192797,,19.0,ok_dr10
ZTF22aahftli,0.7609718875508773,REX,18.54624,18.235945,0.064447,0.024513,,18.0,ok_dr9
ZTF20abxezim,0.4017821229000887,SER,17.19524,16.648247,0.07165202,0.012980814,0.076813444,51.0,ok_dr10
ZTF18aaumeys,6.575771737656251,EXP,20.968245,21.145018,0.030541,0.020203,,9.0,ok_dr9
ZTF22abegjtx,0.6393557131961148,SER,16.022875,15.467183,0.044724997,0.009902278,,8.0,ok_dr10
ZTF21abizpri,0.7091987814124595,SER,16.679369,16.2168,0.047638856,0.010816256,,17.0,ok_dr10
ZTF18acctdhp,,,,,,,,,empty
ZTF22aahwcya,0.7403763913076947,SER,15.942174,15.261815,0.09047,0.006908,0.065393,19.0,ok_dr9
ZTF24aajzrsq,6.490912106585879,EXP,22.552269,21.035128,0.5669148,0.26569125,,4.0,ok_dr10
ZTF21ababatx,,,,,,,,,empty
ZTF19aaipqls,0.25084409083645576,DUP,,,,,,9.0,ok_dr10
ZTF20aavtdxj,,,,,,,,,empty
ZTF23aatxeki,0.4321963793314437,REX,19.557373,19.213469,0.12111323,0.0890613,,7.0,ok_dr10
ZTF22aaafdrn,0.1671220998982077,REX,20.686691,20.352884,0.09995449,0.08811683,,11.0,ok_dr10
ZTF21aarcldd,1.676760244864528,SER,17.64648,17.307327,0.067075,0.015386,0.084054,14.0,ok_dr9
ZTF19acekbyz,1.9217815558004472,SER,16.293941,15.665257,0.06644819,0.009585897,,8.0,ok_dr10
ZTF24abzsmux,0.6315350212391917,REX,17.637943,17.1561,0.09501363,0.01761139,,25.0,ok_dr10
ZTF23abbmnsq,1.7506341943814339,REX,17.779707,17.59073,0.077013,0.024582,,14.0,ok_dr9
ZTF22abtcyos,1.354047525694498,SER,17.172735,16.549456,0.0713599,0.008525835,,23.0,ok_dr10
ZTF19abujuex,0.33969333520032924,REX,20.745583,20.298054,0.30385178,0.08059782,,41.0,ok_dr10
ZTF21acctrsp,7.192512842421284,SER,17.091635,16.371689,0.07216429,0.01570755,,24.0,ok_dr10
ZTF19abnagzk,,,,,,,,,empty
ZTF22aaecsvn,0.6676197421336096,SER,15.158237,14.379783,0.040681668,0.0041429484,,18.0,ok_dr10
ZTF22abkybyq,,,,,,,,,empty
ZTF19acbmojx,1.4696106159826603,SER,16.329113,15.888337,0.032078,0.0066,,11.0,ok_dr9
ZTF18acsvogv,,,,,,,,,empty
ZTF20abfcsnk,2.9545827518728447,SER,17.227243,16.760355,0.08463617,0.012573486,,15.0,ok_dr10
ZTF21achujxq,1.610641788405996,REX,19.776308,20.19401,0.013245207,0.025289496,,24.0,ok_dr10
ZTF22aaqclvg,0.46838454025644916,SER,16.884447,16.38045,0.066375844,0.016446903,0.078816146,16.0,ok_dr10
ZTF23aakmewi,6.146852380170537,REX,23.428566,21.703772,1.2256658,0.57888556,,25.0,ok_dr10
ZTF18aaqiivp,0.06322718397720109,SER,15.51787,15.067561,0.051091,0.016591,,17.0,ok_dr9
ZTF24abfxing,18.49884659589858,REX,23.879984,24.013458,0.585216,0.43067536,,9.0,ok_dr10
ZTF25aaittoe,1.8434476311879995,SER,17.213213,16.59412,0.09355741,0.017228726,0.0750941,16.0,ok_dr10
ZTF18aaqpowv,0.6304031382154582,SER,15.463078,15.171802,0.038866956,0.0077667874,,17.0,ok_dr10
ZTF19acgjohb,8.926431686915251,REX,21.880445,21.483892,0.47626573,0.069308445,,9.0,ok_dr10
ZTF19abydagb,,,,,,,,,empty
ZTF23aawwcuu,,,,,,,,,empty
ZTF25aaqgddb,0.21728764778956236,SER,17.767855,17.059748,0.0781471,0.010767456,,23.0,ok_dr10
ZTF23aangpoz,,,,,,,,,empty
ZTF20abnrdse,2.0812351067621386,REX,19.115955,18.543003,0.083173,0.027788,,17.0,ok_dr9
ZTF18acnbpkq,2.8699647437011713,SER,19.21958,19.259518,0.015526894,0.011381341,,15.0,ok_dr10
ZTF25aahtica,3.148439604426209,REX,22.025745,22.994265,0.268316,0.347482,,15.0,ok_dr9
ZTF24aabpeat,3.509500575215016,REX,21.420347,22.751064,0.321486,0.342984,,16.0,ok_dr9
ZTF23aajadng,3.087645256802544,SER,21.55837,22.0822,0.052050363,0.20204806,,36.0,ok_dr10
ZTF25abufvlf,2.90643301751964,SER,16.000439,15.387029,0.05934,0.011857,,12.0,ok_dr9
ZTF25abuovxv,,,,,,,,,empty
ZTF21acbuwgu,2.4125433413161295,DUP,,,,,,23.0,ok_dr10
ZTF20abusrwm,0.6095681365461002,SER,19.721035,19.323195,0.24146286,0.03174354,,13.0,ok_dr10
ZTF18abauprj,13.761748340923736,EXP,22.177185,21.04705,0.497444,0.172263,,10.0,ok_dr9
ZTF24abjsdsv,0.619418252248551,SER,16.299763,15.679051,0.089447245,0.016374364,,26.0,ok_dr10
ZTF23abkgdei,3.5875923545683563,SER,15.278718,14.623957,0.03448299,0.0031430335,,50.0,ok_dr10
ZTF21abqvzjy,0.4698441506675568,EXP,,19.273811,,,,4.0,ok_dr10
ZTF23aadwhmn,4.647535977852003,SER,17.076887,16.509083,0.069542,0.010257,0.071703,13.0,ok_dr9
ZTF20aauombk,1.9588368361299993,SER,17.549976,17.194065,0.033923987,0.0091692135,0.038868703,18.0,ok_dr10
ZTF22aaaltnx,1.851794201621747,SER,17.984964,17.486973,0.04988,0.021679,,10.0,ok_dr9
ZTF19abqsojs,4.849073307066665,EXP,20.217876,19.983522,0.127575,0.058128,,12.0,ok_dr9
ZTF22aaahull,0.3599669311665812,EXP,22.582497,22.450193,0.2636987,0.25848287,,21.0,ok_dr10
ZTF19abccbee,,,,,,,,,empty
ZTF22abzgbtq,,,,,,,,,empty
ZTF21acfccil,0.8815782419011571,SER,16.615791,16.284023,0.033394612,0.008580572,,25.0,ok_dr10
ZTF20aafwbcs,0.8630545620199813,SER,19.842455,19.384544,0.20416705,0.07381984,,12.0,ok_dr10
ZTF19abdgpuv,0.28806943968326953,REX,23.884695,23.572964,0.94574714,0.44224837,,10.0,ok_dr10
ZTF21aasaxdk,1.8399968853119415,EXP,21.548948,21.25727,0.15145,0.18253866,,21.0,ok_dr10
ZTF20aaoldej,4.789552249037567,SER,15.345735,14.988381,0.031991,0.006566,0.025785,11.0,ok_dr9
ZTF21abqmrtm,7.0601928785703425,DUP,,,,,,22.0,ok_dr10
ZTF20abndxzn,,,,,,,,,empty
ZTF19abtsnyy,,,,,,,,,empty
ZTF24aaunxxm,3.2769184478222764,EXP,17.858131,17.5212,0.022663059,0.008674638,,13.0,ok_dr10
ZTF25aavgfqk,7.69955477787108,SER,12.992332,12.445594,0.020056494,0.008319744,0.015108615,7.0,ok_dr10
ZTF20acpmxdg,,,,,,,,,empty
ZTF23aahxdhe,6.461253347966222,SER,14.7382,14.001863,0.04635469,0.0059623653,,11.0,ok_dr10
ZTF20aaieyup,4.104243110528425,EXP,12.663675,12.400062,0.034615602,0.011791907,,4.0,ok_dr10
ZTF18abuatfp,1.868977056952145,REX,18.196142,17.832304,0.12685,0.022877,,9.0,ok_dr9
ZTF22abgyfnv,1.3390557917154438,REX,23.98883,23.974092,0.7990844,0.51260495,,28.0,ok_dr10
ZTF20acfaonm,9.369560466632459,SER,16.619686,15.796556,0.086631,0.017366,0.073627,6.0,ok_dr9
ZTF19acjutrw,7.9901062203724385,SER,14.839525,,,,,24.0,ok_dr10
ZTF22abnqomh,7.9951220402093925,EXP,21.30479,20.456026,0.415442,0.06773,,4.0,ok_dr9
ZTF20aaerzvi,2.379415520866996,SER,20.290398,20.20758,0.19578364,0.22980736,,44.0,ok_dr10
ZTF18aapgrxo,0.4892814904584678,REX,22.515894,22.38252,0.432452,0.164899,,8.0,ok_dr9
ZTF22abfviaz,0.05660520707574358,SER,17.067142,16.351307,0.10469498,0.014030367,,16.0,ok_dr10
ZTF24abowptn,3.395731110969424,SER,18.762846,18.53448,0.04466438,0.01708459,,41.0,ok_dr10
ZTF22abvaggn,4.481626019550916,REX,22.847464,22.382273,0.54178256,0.09830677,,15.0,ok_dr10
ZTF24aajvvhj,0.1362994627482746,SER,19.094587,18.63862,0.080826,0.030369,,6.0,ok_dr9
ZTF22abvnonf,0.9521821021437532,EXP,21.014622,20.660902,0.16677272,0.053169385,,8.0,ok_dr10
ZTF21abwgpgt,1.3677413708780153,EXP,19.441313,19.09578,0.11391,0.025885,,7.0,ok_dr9
ZTF18abcrzfz,0.44436233313334084,REX,18.90398,18.593119,0.06917338,0.052016985,,13.0,ok_dr10
ZTF23absbjtt,,,,,,,,,empty
ZTF22abzdzek,,,,,,,,,empty
ZTF25aaitagy,2.4729123791974437,EXP,21.519947,22.66964,0.062046,0.160256,,14.0,ok_dr9
ZTF24abwsvpv,1.1111286303149666,SER,16.895544,16.853819,0.020711,0.008119,,24.0,ok_dr9
ZTF22aaafkpf,2.474562727057999,EXP,19.786783,19.321657,0.142649,0.035674,,19.0,ok_dr9
ZTF21aardybv,0.7877811135483046,SER,15.877554,15.457161,0.04264092,0.014743906,,24.0,ok_dr10
ZTF20acjpvyd,1.6232606421500002,SER,19.452532,19.295275,0.062375065,0.28170362,,13.0,ok_dr10
ZTF20aadvaoi,5.984484192402242,SER,16.796158,16.040258,0.092869,0.00775,,21.0,ok_dr9
ZTF25abmhchv,6.0110975730646246,SER,18.4492,18.24703,0.057764,0.026743,,11.0,ok_dr9
ZTF25abxdhkl,3.8503117023222924,SER,14.78429,14.219689,0.030001597,0.0060087265,0.02769995,31.0,ok_dr10
ZTF20aalrksw,2.1027480432022885,EXP,21.058413,20.82137,0.10588728,0.06626459,,21.0,ok_dr10
ZTF19acjqecl,1.2372806735368473,SER,19.913012,19.661694,0.111726,0.03768,,7.0,ok_dr9
ZTF22aanumko,6.815797865346875,REX,22.204288,21.89708,0.2707668,0.22362515,,13.0,ok_dr10
ZTF18abiiqdl,4.800272269330607,SER,16.785715,16.418304,0.050342,0.009304,,13.0,ok_dr9
ZTF24aajydvw,2.7785179702263925,REX,22.878183,22.204002,0.65051174,0.14091814,,31.0,ok_dr10
ZTF19aajwdqt,0.7159171040277784,SER,19.955751,19.703777,0.1080775,0.12974258,,20.0,ok_dr10
ZTF21abxdibe,0.7761881559881405,SER,16.259722,15.554243,0.096976936,0.0055569154,,50.0,ok_dr10
ZTF21abwprfg,1.8741771220874068,EXP,22.395256,22.303679,0.393642,0.153115,,10.0,ok_dr9
ZTF22abvciba,1.5620456965365053,EXP,21.681631,21.808,0.15084065,0.13430513,,29.0,ok_dr10
ZTF19aaqhelq,0.22603504390898993,DEV,14.458342,13.831248,0.054129,0.00707,0.056605,9.0,ok_dr9
ZTF19aaxeetj,1.8964328077059998,SER,16.517893,16.259829,0.042426,0.007968,0.055085,12.0,ok_dr9
ZTF25aavcgfk,,,,,,,,,empty
ZTF22abmzete,4.921260219566358,DUP,,,,,,17.0,ok_dr10
ZTF19aaprdox,0.22675252011994096,SER,,16.059511,,,,24.0,ok_dr10
ZTF20aavnpug,13.139093649056827,EXP,22.385801,21.630363,0.9589485,0.18274425,,8.0,ok_dr10
ZTF19aceuacu,0.26265209436991355,SER,18.07257,17.45407,0.150298,0.031632,,15.0,ok_dr9
ZTF18aaeauzu,0.05733543355517274,SER,14.507826,14.254025,0.023648,0.018533,,26.0,ok_dr9
ZTF22aadpffd,1.7855868592916466,DUP,,,,,,6.0,ok_dr9
ZTF18aaybvhx,0.06637999816795455,DUP,,,,,,9.0,ok_dr9
ZTF24aagtmbq,6.625400338743813,SER,14.843777,14.465285,0.028468056,0.006842722,0.0308044,21.0,ok_dr10
ZTF19aatlmbo,22.60669421942774,REX,20.63595,,0.04084,0.114564,,13.0,ok_dr9
ZTF22aaacswh,3.475358233198012,SER,16.673292,16.0304,0.043999,0.009213,0.048916,7.0,ok_dr9
ZTF19abajrpw,7.415195129425059,SER,14.507552,13.927661,0.034165937,0.007093801,,11.0,ok_dr10
ZTF24abxypih,5.436828118379776,REX,22.774483,22.744947,0.6788888,0.4125298,,18.0,ok_dr10
ZTF21aaazieb,3.6826273118612356,REX,23.774658,23.46733,0.9107033,0.44861403,,25.0,ok_dr10
ZTF24abltbed,7.194901962631138,REX,19.224707,19.267488,0.01747846,0.016132997,,10.0,ok_dr10
ZTF24abyiwhq,4.279559248391091,REX,24.135511,24.176746,1.0066003,0.55707294,,30.0,ok_dr10
ZTF19abzpkss,,,,,,,,,empty
ZTF20aaertpj,4.74096120740116,SER,15.972744,15.655013,0.031548,0.005169,0.028751,13.0,ok_dr9
ZTF22abahzeh,11.090789623710673,SER,14.100186,,,,,11.0,ok_dr10
ZTF22aaboeex,5.752763086006715,REX,20.180603,19.992424,0.094871,0.073222,,7.0,ok_dr9
ZTF21acaspdb,3.359019409493837,SER,15.402512,14.719489,0.07297815,0.008599178,,22.0,ok_dr10
ZTF24abgoksi,1.2774911628653014,EXP,23.231287,23.461107,0.3627255,0.4548841,,29.0,ok_dr10
ZTF23abihzbq,4.376624277435139,EXP,22.72163,25.217333,0.17211929,0.4503655,,10.0,ok_dr10
ZTF22abzaijw,13.049622179560835,REX,24.055954,24.336683,0.79104936,0.5844241,,38.0,ok_dr10
ZTF23aabsice,,,,,,,,,empty
ZTF24aarygdq,1.2365922028273908,EXP,19.157093,19.07607,0.026860107,0.023232307,,10.0,ok_dr10
ZTF20acgnelh,0.47711242639917417,SER,20.867691,21.332163,0.059589364,0.22173166,,22.0,ok_dr10
ZTF24abxvpre,0.5060561263777674,REX,23.680452,24.17451,0.88666916,0.62380826,,19.0,ok_dr10
ZTF22aaacdfe,1.843197994711921,EXP,22.028133,23.101265,0.12467574,0.20325339,,24.0,ok_dr10
ZTF20actfeym,,,,,,,,,empty
ZTF22aacmgor,1.091178081713631,SER,,15.571911,,,,5.0,ok_dr10
ZTF25aanepai,0.06676881232744225,REX,23.521074,23.63416,0.53970003,0.5434438,,44.0,ok_dr10
ZTF18aakfabl,1.0555015871701114,SER,14.14214,13.769764,0.02384,0.006769,0.035323,28.0,ok_dr9
ZTF23aamumyw,3.9673640470070564,DUP,,,,,,12.0,ok_dr10
ZTF22abbzucj,0.9439746941362928,SER,,,,,,8.0,ok_dr10
ZTF20acvebcu,1.9074390367466243,SER,16.975824,16.774546,0.019309,0.011284,0.063047,13.0,ok_dr9
ZTF20aazswwk,1.6390022886715774,EXP,20.224873,20.007921,0.0925,0.052106,,13.0,ok_dr9
ZTF22abpulqo,,,,,,,,,empty
ZTF20abpyxja,,,,,,,,,empty
ZTF23abdspgp,1.7245324141974208,SER,17.506113,17.103357,0.066103,0.016447,0.061754,15.0,ok_dr9
ZTF20aayubpi,,,,,,,,,empty
ZTF18acrxppd,1.864642226067575,SER,16.518042,16.344835,0.036296,0.014179,0.036786,9.0,ok_dr9
ZTF18acbzpag,4.092846611126902,REX,22.750826,21.889769,0.42827,0.14293,,23.0,ok_dr9
ZTF22aazuqah,,,,,,,,,empty
ZTF18acwwonp,11.052832439889142,REX,16.71012,16.523905,0.033281,0.007216,0.031278,6.0,ok_dr9
ZTF22aaqhirm,1.0452523518448704,SER,16.725677,16.000713,0.099878214,0.008921146,,17.0,ok_dr10
ZTF20aamqslk,0.9935689860682186,SER,15.536294,14.837818,0.078037,0.018618,0.086362,16.0,ok_dr9
ZTF22ablnrcv,4.286654862018328,DUP,,,,,,26.0,ok_dr10
ZTF21aayqdwk,1.3323083420189161,SER,16.060266,15.530865,0.066369645,0.012603529,,34.0,ok_dr10
ZTF18abqbuaj,1.109935639402667,SER,17.762453,17.394089,0.057372674,0.019038837,,38.0,ok_dr10
ZTF23aamanim,1.1145180728221304,SER,18.41936,18.773256,0.007334,0.008042,,6.0,ok_dr9
ZTF25aagjcul,1.6743246016953548,SER,15.421467,14.830519,0.047698,0.006956,0.051652,7.0,ok_dr9
ZTF20aabconi,0.31704168117683884,REX,23.48347,23.137276,1.3459758,0.51199347,,51.0,ok_dr10
ZTF19aalxcyo,0.8984267083051237,DUP,,,,,,13.0,ok_dr10
ZTF20aavdcxo,0.3154749704777536,SER,16.98244,16.562723,0.057731,0.01188,,15.0,ok_dr9
ZTF25abweqoj,1.3627909131440563,SER,15.44164,15.048141,0.0420669,0.008103874,0.03889392,28.0,ok_dr10
ZTF18acrtwlx,3.2871225697227615,SER,15.118869,14.384425,0.022281265,0.0077686575,0.016776528,25.0,ok_dr10
ZTF20acgmvsn,,,,,,,,,empty
ZTF24aauypjo,0.1332863707686939,SER,16.796526,16.039198,0.11163133,0.014266926,,10.0,ok_dr10
ZTF20abzaknn,5.208861365671306,SER,15.572072,15.038283,0.048050616,0.011962443,,22.0,ok_dr10
ZTF20aazpyhy,0.37936550009890174,EXP,20.38234,20.31425,0.07072074,0.04169667,,31.0,ok_dr10
ZTF25aagtjfn,1.3178920600033586,SER,18.359636,17.995642,0.087778464,0.016513726,,17.0,ok_dr10
ZTF23abgfwhj,0.9942670981818559,REX,21.62681,21.090391,0.8338888,0.22894989,,17.0,ok_dr10
ZTF25abhkhny,,,,,,,,,empty
ZTF19abzmpku,0.09034648390950106,REX,20.651405,20.468124,0.121523,0.046306,,21.0,ok_dr9
ZTF22aalfezf,1.029418923739253,EXP,18.335226,18.403708,0.017085,0.016257,,15.0,ok_dr9
ZTF20ablagfg,0.8264311143613922,SER,,17.518854,,,,16.0,ok_dr10
ZTF24aaheeel,13.686691975995712,REX,23.206995,28.383148,0.501777,0.472449,,13.0,ok_dr9
ZTF23aaabcgx,0.6460852312867305,SER,19.269985,18.905125,0.076121464,0.030512007,,13.0,ok_dr10
ZTF19acnskyy,0.2062714009526213,SER,15.139826,14.584364,0.03145298,0.0059168665,0.023901114,14.0,ok_dr10
ZTF19aaomkvl,2.916259198010079,REX,20.933374,21.472872,0.01550736,0.30760458,,19.0,ok_dr10
ZTF24abhupjy,,,,,,,,,empty
ZTF19aalzrrz,3.414131266456586,SER,16.279524,15.351636,0.051743,0.012037,0.056285,16.0,ok_dr9
ZTF19aanhlzn,0.1765980073455737,REX,21.319212,21.049358,0.11801931,0.08729842,,20.0,ok_dr10
ZTF22abyngnw,1.4272986861381898,SER,13.981646,13.380424,0.025515836,0.005258209,,14.0,ok_dr10
ZTF24abitshb,2.977414286616049,REX,23.30392,23.773893,0.22349277,0.4867868,,16.0,ok_dr10
ZTF19abrirmk,0.09144901250331845,SER,21.051634,21.243866,0.134318,0.9219269,,23.0,ok_dr10
ZTF25acfxgpq,1.6336938984953153,SER,17.480297,17.148535,0.036703,0.019064,,10.0,ok_dr9
ZTF20aatzfin,2.1531698474222525,REX,17.626001,17.347414,0.036026,0.01355,0.066816,17.0,ok_dr9
ZTF21abegynu,,,,,,,,,empty
ZTF22aaxgujq,,,,,,,,,empty
ZTF22acbacvy,0.2566886024094009,REX,,18.175642,,,,24.0,ok_dr10
ZTF18abnbxsy,,,,,,,,,empty
ZTF23aaahtnj,13.066685688709278,DUP,,,,,,7.0,ok_dr10
ZTF23aacyeaq,5.384878945265263,DUP,,,,,,19.0,ok_dr10
ZTF19aavnwzv,7.935286921811249,SER,15.736813,15.201194,0.070575,0.007988,0.064271,12.0,ok_dr9
ZTF25acfxafr,,,,,,,,,empty
ZTF21aaodljj,1.7846761869054357,SER,17.220146,16.741817,0.064498,0.016994,,17.0,ok_dr9
ZTF23aahxdsi,2.3529414919244918,DEV,17.636177,16.880587,0.1634433,0.017304225,,19.0,ok_dr10
ZTF24abubygj,2.826185548280627,EXP,22.580076,22.589127,0.42322224,0.53929424,,19.0,ok_dr10
ZTF19abzyxgz,,,,,,,,,empty
ZTF22aaagxnb,3.639367726178566,REX,23.814558,25.052011,0.3683506,0.43066594,,17.0,ok_dr10
ZTF20abylbuf,4.584386338025911,SER,20.225231,19.859592,0.3272496,0.2395371,,20.0,ok_dr10
ZTF21abimejj,,,,,,,,,empty
ZTF23abscvhv,5.024396778819818,DUP,,,,,,13.0,ok_dr10
ZTF24abyipps,1.6304160867599518,REX,17.383343,16.921524,0.075235106,0.00931662,,44.0,ok_dr10
ZTF23abkixdb,0.05755980875535775,SER,17.22299,16.520401,0.07087675,0.015329215,,7.0,ok_dr10
ZTF20aazvump,,,,,,,,,empty
ZTF23aabqqsl,5.2417403433007355,REX,23.322315,22.6425,0.7152684,0.21136452,,15.0,ok_dr10
ZTF21abqvyyz,0.6210269153828096,EXP,21.918135,21.622969,0.16778655,0.15291454,,24.0,ok_dr10
ZTF21abbjybk,0.7876899972305508,REX,20.966345,20.670504,0.1962231,0.119233,,7.0,ok_dr10
ZTF20actoakx,0.2702939860056752,SER,19.057001,18.772585,0.071433604,0.03485269,,17.0,ok_dr10
ZTF19aalcyfd,3.181186007871102,REX,20.198366,20.709337,0.02646,0.022222,,15.0,ok_dr9
ZTF19aavhxby,3.336453493662607,SER,14.032094,13.519718,0.02302356,0.0075426907,0.023124103,19.0,ok_dr10
ZTF23aabbsdi,11.33314934832484,SER,16.140837,15.282439,0.05838,0.048608,,5.0,ok_dr9
ZTF25aafdnuf,0.6675015346578899,SER,16.65766,16.362263,0.035152074,0.019934068,0.027571917,30.0,ok_dr10
ZTF24aagfeti,14.20628743825352,SER,15.920444,15.388568,0.039273422,0.009198508,0.053788196,9.0,ok_dr10
ZTF19aazdcmj,1.6550922230544125,REX,19.343931,18.899956,0.11212052,0.034894224,,8.0,ok_dr10
ZTF24abtazxs,2.9731002822229065,DUP,,,,,,18.0,ok_dr10
ZTF19abhzdjp,0.7117826541568792,REX,19.606277,19.31989,0.13939,0.032776,,11.0,ok_dr9
ZTF19acgemzm,,,,,,,,,empty
ZTF22aalwghb,0.5007204634465644,SER,,,,,,17.0,ok_dr10
ZTF23abndrow,6.231059819581545,DUP,,,,,,19.0,ok_dr10
ZTF23abqqixn,14.297198864738743,REX,22.638681,22.0167,0.49306834,0.1267048,,21.0,ok_dr10
ZTF20acojxtb,1.378242400523378,SER,16.15365,15.723422,0.058867205,0.009405315,,27.0,ok_dr10
ZTF19abpxmgt,0.7833198274112402,SER,16.445856,15.872008,0.093610615,0.02859565,0.055182144,16.0,ok_dr10
ZTF21aciqppd,,,,,,,,,no_gal
ZTF20aalcyih,0.3464632416246513,EXP,,16.250639,,,,9.0,ok_dr10
ZTF23abvoynt,4.828678487128966,SER,16.34092,15.844471,0.050536085,0.011671053,,40.0,ok_dr10
ZTF24aaxadom,,,,,,,,,empty
ZTF21aaowaxx,0.6713448697601898,SER,19.932625,19.769876,0.077615,0.04928,,10.0,ok_dr9
ZTF23aaizmza,0.24629112801024716,SER,18.200636,17.680132,0.07560615,0.012090294,,18.0,ok_dr10
ZTF23aagmbuf,5.144039128934082,REX,,,,,,10.0,ok_dr9
ZTF20abgijph,,,,,,,,,empty
ZTF20abfyriw,10.932986147952967,SER,13.248592,12.601921,0.029245233,0.0066819997,0.0360391,8.0,ok_dr10
ZTF18aatmlsy,0.47500566561828317,SER,16.372526,16.07578,0.037081,0.01815,,10.0,ok_dr9
ZTF20aammnnm,1.8988077309077893,SER,16.215775,15.661459,0.083465,0.015511,0.100637,18.0,ok_dr9
ZTF21achaubw,,,,,,,,,empty
ZTF22aanyggd,1.284631075078101,SER,17.397585,16.853437,0.037459113,0.0075642015,,9.0,ok_dr10
ZTF21abjdqbo,0.6981465619260396,SER,17.30306,16.514145,0.075725,0.017877,0.080632,5.0,ok_dr9
ZTF22abobobs,3.8745436039570316,SER,15.214751,14.503707,0.048526086,0.004125241,,21.0,ok_dr10
ZTF21abqqbfz,4.57934421372982,SER,16.427153,15.95725,0.05441902,0.010309025,,64.0,ok_dr10
ZTF22aazjiam,0.5005355082877837,SER,18.492008,18.046806,0.06291089,0.030279184,,38.0,ok_dr10
ZTF20aaggyef,,,,,,,,,empty
ZTF22aajjasl,2.703890838666162,SER,16.449083,15.782005,0.0487206,0.006201488,0.03786715,9.0,ok_dr10
ZTF18abhbqbh,0.24351471290887888,SER,15.486999,14.853232,0.057427,0.011926,,9.0,ok_dr9
ZTF20abazeye,9.204002518038102,REX,21.369598,,0.037116,0.26854,,12.0,ok_dr9
ZTF19adbnfne,3.5898469616733255,REX,16.92463,16.545033,0.05175652,0.02167191,,12.0,ok_dr10
ZTF19aakjesi,0.7586993845052087,SER,18.188683,17.990477,0.03906605,0.021095438,,13.0,ok_dr10
ZTF23aaizgvi,1.8528936302188268,SER,,14.517176,,,,14.0,ok_dr10
ZTF20aaurwih,4.647409996483048,SER,15.740294,15.204029,0.069436,0.00873,0.067466,15.0,ok_dr9
ZTF19aaptwpu,1.6247238730314293,EXP,18.300444,17.89746,0.0595,0.020837,,12.0,ok_dr9
ZTF25aapjruy,4.45213920121702,EXP,18.295677,18.175364,0.025792,0.020229,,10.0,ok_dr9
ZTF21abzxkyv,4.968495398833121,SER,17.21482,16.849897,0.09463278,0.025606118,0.08571733,20.0,ok_dr10
ZTF23aaeavsh,0.23779309797007286,SER,17.745901,17.250914,0.13984035,0.032903478,,11.0,ok_dr10
ZTF25aazivum,1.739524157297788,EXP,18.57717,18.152882,0.079461,0.024228,,15.0,ok_dr9
ZTF22aadfjze,0.9446614430164177,SER,16.845055,16.263968,0.076344,0.016274,0.051871,11.0,ok_dr9
ZTF21aabgdda,3.391359773645414,REX,16.454432,15.936193,0.128472,0.02024,0.095622,7.0,ok_dr9
ZTF20aaifkyj,3.0698253231372568,SER,16.070005,15.492675,0.053344354,0.014724996,0.07320919,21.0,ok_dr10
ZTF21abzlujs,3.26438197681151,EXP,20.914167,21.010794,0.06464679,0.0827235,,14.0,ok_dr10
ZTF23aadbrdk,15.511864878053201,DUP,,,,,,12.0,ok_dr10
ZTF20adaghdo,4.61648173927958,DUP,,,,,,54.0,ok_dr10
ZTF21abfqisi,1.1391959485525234,EXP,20.950016,20.661982,0.15766442,0.08582202,,9.0,ok_dr10
ZTF19acrwzqs,1.9558358703817176,SER,18.871817,17.983025,0.282451,0.2238,,18.0,ok_dr9
ZTF21achakto,1.2494873718669648,EXP,20.902409,20.60429,0.11295198,0.10798049,,21.0,ok_dr10
ZTF23aaizygy,3.028104803466446,SER,14.8209,14.448171,0.02612,0.004823,,8.0,ok_dr9
ZTF23aaeqhrg,8.33209713175434,DEV,21.00691,20.372015,0.700292,0.091499,,17.0,ok_dr9
ZTF21abtxqza,13.470916547519293,REX,23.77598,22.750738,0.7675717,0.20060062,,11.0,ok_dr10
ZTF18acenqto,0.3252599676025563,REX,24.226967,24.524548,0.8558706,0.6024263,,22.0,ok_dr10
ZTF21abbzqvv,1.8307308119684396,EXP,21.799255,22.09476,0.07902386,0.13283215,,13.0,ok_dr10
ZTF24aacapby,4.9168785789525336,SER,15.642955,15.033681,0.030426137,0.008418433,0.053526595,33.0,ok_dr10
ZTF23aaayzbm,0.4800318908683965,DUP,,,,,,14.0,ok_dr10
ZTF21aamokak,2.1052367377323935,SER,14.360522,13.840434,0.015642993,0.0055238814,0.012697927,35.0,ok_dr10
ZTF24aaofopg,8.79810184081156,REX,22.631697,22.255346,0.533999,0.180869,,7.0,ok_dr9
ZTF20abwdwoa,0.7900453557456066,SER,17.491486,16.962006,0.10391558,0.012209068,,10.0,ok_dr10
ZTF23aavujng,,,,,,,,,empty
ZTF20aazstdx,2.8887929618672024,SER,15.411378,14.819072,0.068858,0.008208,,9.0,ok_dr9
ZTF18aaiwewk,0.18109482564075174,SER,16.734001,16.36738,0.056132,0.012086,0.087461,8.0,ok_dr9
ZTF21aasbkrl,2.3324843043059307,SER,19.684977,19.31409,0.10743262,0.035353325,,10.0,ok_dr10
ZTF25acfkoue,,,,,,,,,empty
ZTF25aarwoeg,4.668727437421837,SER,15.204635,14.840268,0.022685237,0.008679285,,16.0,ok_dr10
ZTF24abqtpoy,2.1663391890572967,SER,15.178528,14.535117,0.059295595,0.008974205,,15.0,ok_dr10
ZTF24abnpwcx,13.990500840964897,SER,15.438453,14.922534,0.05203327,0.009027387,,16.0,ok_dr10
ZTF18aahatvc,0.043802258414737824,SER,17.60636,17.24306,0.036934786,0.012967657,0.07784651,11.0,ok_dr10
ZTF19acjdwqv,3.2789743286875215,EXP,,18.977661,,,,9.0,ok_dr10
ZTF25abwjmwj,3.7725585392710124,SER,15.603218,15.381944,0.03073,0.004687,,7.0,ok_dr9
ZTF25aapwsub,1.0351716244141855,SER,15.82181,15.399389,0.036681343,0.0066344105,0.045430757,19.0,ok_dr10
ZTF21aanswls,,,,,,,,,empty
ZTF25abuvsvz,,,,,,,,,empty
ZTF23aavdzpd,0.3589292789366903,SER,19.010242,18.672478,0.08062973,0.034420032,,12.0,ok_dr10
ZTF19acszmgx,3.558712752096265,SER,20.716442,,,,,18.0,ok_dr10
ZTF20aciaxil,3.9021259052289112,SER,16.776272,16.22091,0.05101836,0.013255096,,18.0,ok_dr10
ZTF21abxfyaw,,,,,,,,,empty
ZTF22aaajrdf,7.500239561959146,EXP,21.656345,21.086174,0.335577,0.166269,,11.0,ok_dr9
ZTF21aamucom,0.7708233673346345,SER,18.29024,17.847454,0.07404214,0.019096436,,11.0,ok_dr10
ZTF25aaowwja,2.3506522751738665,SER,16.159903,15.481332,0.08629645,0.0084184185,,23.0,ok_dr10
ZTF19abgafkt,0.45318291670665106,REX,17.640186,17.118824,0.07488436,0.017326057,,17.0,ok_dr10
ZTF23aaaprhz,8.476232896791263,REX,22.694157,,0.11040635,0.32294148,,11.0,ok_dr10
ZTF25acchxhv,0.49557535281277776,DEV,20.22878,20.422915,0.029366383,0.019315435,,29.0,ok_dr10
ZTF20aadxrvb,13.103480488611757,REX,22.869377,21.54905,0.9703799,0.18199427,,13.0,ok_dr10
ZTF20aannodx,1.0466219979296263,EXP,21.601791,21.226192,0.305236,0.211254,,4.0,ok_dr9
ZTF18aangpkx,1.2016311216799824,DUP,,,,,,24.0,ok_dr9
ZTF18abujbio,2.7509755064122423,SER,18.1119,17.582464,0.088231,0.027417,,15.0,ok_dr9
ZTF24aarafaw,,,,,,,,,empty
ZTF25abtoptp,12.33370741606661,REX,,22.637415,,,,13.0,ok_dr10
ZTF21acchbmn,0.9368022659251443,SER,18.480318,18.138899,0.06392461,0.014404015,,15.0,ok_dr10
ZTF22aaxtysg,,,,,,,,,empty
ZTF19acapeun,,,,,,,,,empty
ZTF22aaaepmu,1.9785336555711108,SER,19.664515,19.425777,0.05897574,0.06334482,,15.0,ok_dr10
ZTF20acpylns,0.5672171961780038,SER,16.070078,15.321243,0.07853303,0.011968349,0.07634463,14.0,ok_dr10
ZTF18acvwchp,5.338642510679089,SER,17.75361,17.446613,0.044178,0.013057,0.051425,6.0,ok_dr9
ZTF21abmlldj,2.8491203005604158,EXP,21.357616,21.013609,0.13187948,0.12087366,,12.0,ok_dr10
ZTF18acbyyff,1.6673487633966333,SER,15.676112,15.013306,0.07496684,0.0044438746,,46.0,ok_dr10
ZTF20actodrq,1.3573136367467664,EXP,22.081636,22.632542,0.06810443,0.4786258,,25.0,ok_dr10
ZTF18abltaxf,7.646417223553053,DUP,,,,,,6.0,ok_dr9
ZTF24abpzvqo,5.2732710546794594,SER,19.627428,19.660637,0.0747188,0.18388021,,11.0,ok_dr10
ZTF18aazjztm,1.689149400041939,SER,16.740969,16.14592,0.071549,0.015032,0.07207,17.0,ok_dr9
ZTF18abdrmin,3.8445633677258493,DUP,,,,,,6.0,ok_dr9
ZTF24aaekclg,7.963034901495058,REX,20.687326,21.05019,0.015945,0.032787,,7.0,ok_dr9
ZTF20aaawbkz,0.40707256907198724,SER,16.727064,16.130281,0.083438344,0.015139373,0.09244463,74.0,ok_dr10
ZTF23aaashjq,2.189338340851305,SER,19.152752,18.855286,0.08095657,0.04519791,,35.0,ok_dr10
ZTF21aajgdeu,1.5004172802324787,DUP,,,,,,11.0,ok_dr9
ZTF24aandhbr,1.1516071372024241,SER,18.453417,18.179012,0.047689013,0.018605512,,8.0,ok_dr10
ZTF19acpgaet,,,,,,,,,empty
ZTF23abjwegr,,,,,,,,,empty
ZTF20aaurexl,0.5256405298335787,EXP,20.861904,20.713623,0.122694,0.081796,,16.0,ok_dr9
ZTF24abllowj,3.3424736391497483,REX,23.002457,22.017664,0.98833084,0.11408493,,38.0,ok_dr10
ZTF23abqkppm,,,,,,,,,empty
ZTF23aasrcyv,1.0013338753354044,EXP,17.84631,17.930227,0.011293458,0.010566301,,28.0,ok_dr10
ZTF22abfxkdm,22.00150826561045,DUP,,,,,,17.0,ok_dr10
ZTF21aacpasn,,,,,,,,,empty
ZTF20aaxbvkt,6.712467635089459,SER,16.677246,15.880424,0.036180876,0.012041083,,7.0,ok_dr10
ZTF22abtctvo,0.7502820732922159,SER,16.303524,15.648306,0.053912,0.014203,0.043928,18.0,ok_dr9
ZTF21acdvban,0.015875661010996443,SER,19.246761,18.802612,0.10182692,0.023641896,,35.0,ok_dr10
ZTF20aamdyal,1.0463779185423336,EXP,22.371323,22.348248,0.131687,0.37306,,8.0,ok_dr9
ZTF21aacsuwx,3.456842342099971,SER,18.283155,17.892927,0.06435549,0.019109974,,15.0,ok_dr10
ZTF19acbihxh,7.065275141549482,SER,16.579996,16.302536,0.019648023,0.022133602,0.022463813,12.0,ok_dr10
ZTF18abxdkni,,,,,,,,,empty
ZTF22aafapdd,,,,,,,,,empty
ZTF22abtpejn,2.3092812650420553,EXP,21.03153,20.521366,0.098025,0.286381,,14.0,ok_dr9
ZTF21abnvlnj,1.26692049657007,REX,22.653358,,0.12898871,0.23670323,,19.0,ok_dr10
ZTF20abhvnzc,3.5848613706669896,SER,13.37167,12.756416,0.028981,0.003352,0.027845,15.0,ok_dr9
ZTF24aaxizpd,0.20510236568402196,REX,20.06409,19.595232,0.11547252,0.06510837,,18.0,ok_dr10
ZTF19aadpxek,,,,,,,,,empty
ZTF20acvziuf,,,,,,,,,empty
ZTF22aavobvq,6.8927388945542685,REX,20.88011,21.30476,0.01927228,0.22191729,,14.0,ok_dr10
ZTF25abadcvl,16.025129268084253,REX,22.731365,22.549494,0.670466,0.225319,,5.0,ok_dr9
ZTF21aagnbev,4.813182280060101,REX,23.621151,22.790848,1.0509034,0.23931214,,12.0,ok_dr10
ZTF21aceenyc,,,,,,,,,empty
ZTF19abhzelh,8.381006422571401,REX,22.404509,22.063223,0.750171,0.29445,,11.0,ok_dr9
ZTF23abaxlrz,,,,,,,,,empty
ZTF25ackzsok,1.635201559359187,SER,18.442,18.038275,0.0740089,0.015442145,,23.0,ok_dr10
ZTF22aabdvnv,0.18735244702444212,SER,14.436293,14.222225,0.037373204,0.03029293,,12.0,ok_dr10
ZTF23aaeardk,0.6599350461038802,SER,18.621817,18.210806,0.09772201,0.019446244,,13.0,ok_dr10
ZTF21aahkvem,2.071801409440417,REX,21.91443,22.273626,0.027079,0.21587,,16.0,ok_dr9
ZTF21aaasxel,0.24980661115217206,REX,20.343855,19.94584,0.256897,0.233611,,14.0,ok_dr9
ZTF23abvvkcc,7.740913993677941,DEV,21.248322,20.421474,0.48335594,0.07167347,,18.0,ok_dr10
ZTF23aazltms,6.548494565223113,SER,14.589017,14.120252,0.023307106,0.006231879,0.021527013,7.0,ok_dr10
ZTF21aacvhsc,,,,,,,,,empty
ZTF18aajnqmp,0.9659281208216733,REX,17.221834,16.420868,0.11504393,0.039834604,,29.0,ok_dr10
ZTF23abadhsw,,,,,,,,,empty
ZTF20acuoclk,0.5566518821356553,SER,19.087399,18.476383,0.073543,0.041208,,14.0,ok_dr9
ZTF21abfyxpf,2.76015295566409,SER,14.923793,14.291055,0.068314,0.012277,,11.0,ok_dr9
ZTF21accteto,2.3821347563929507,EXP,21.645063,,0.13350557,0.299998,,14.0,ok_dr10
ZTF25aaxmmyx,2.9168343133468024,SER,19.564552,19.271816,0.079302,0.038101,,7.0,ok_dr9
ZTF21acajcyb,0.5820397536398328,REX,22.694666,23.594149,,,,18.0,ok_dr10
ZTF18aabkrky,5.439747558199665,REX,17.997627,17.884817,0.008103,0.012065,,18.0,ok_dr9
ZTF22abueufz,2.669298501457362,SER,20.783382,20.692238,0.10194171,0.05131078,,22.0,ok_dr10
ZTF21aapqzxr,0.8109035306905104,EXP,22.165703,22.55172,0.1377837,0.1130185,,18.0,ok_dr10
ZTF24aatieok,1.0042886260999893,REX,21.831137,22.438925,0.041006,0.206009,,19.0,ok_dr9
ZTF25aaiushx,7.2687195730743595,DEV,22.627104,22.003283,0.7443913,0.31760225,,16.0,ok_dr10
ZTF21abczjhy,12.142880902925569,SER,14.681011,14.007164,0.06715949,0.01064316,0.0644593,11.0,ok_dr10
ZTF21aciouwz,0.5128568892201409,SER,16.197823,15.521545,0.061593153,0.0057221567,0.054756753,19.0,ok_dr10
ZTF23aaazssj,0.6281702227064015,REX,20.744675,20.484207,0.1145807,0.09469041,,4.0,ok_dr10
ZTF19acyjjni,4.2811260433901825,SER,13.659188,13.15827,0.027992,0.003974,0.027545,5.0,ok_dr9
ZTF25aafiibc,21.063290124271788,SER,20.32043,19.565744,0.303613,0.136482,,2.0,ok_dr9
ZTF20aanvsds,2.381748954577691,SER,17.037374,16.490232,0.143672,0.028974,,10.0,ok_dr9
ZTF18acusbdy,2.1295291864722694,SER,17.269747,16.895704,0.05107,0.011244,,13.0,ok_dr9
ZTF25abigwgh,4.893729071326253,DEV,21.732002,21.873951,0.397697,0.127805,,14.0,ok_dr9
ZTF18abdfazk,1.9536371470076797,SER,18.440224,18.216015,0.088864,0.025657,,12.0,ok_dr9
ZTF21acgupte,0.8805994189262529,SER,17.35256,16.709085,0.06507871,0.012451284,,13.0,ok_dr10
ZTF18acuscrr,4.3591653904747085,SER,17.39724,17.118025,0.060311,0.014029,0.07962,16.0,ok_dr9
ZTF23aauzfbi,4.240043108286524,SER,16.010286,15.419263,0.04936371,0.010785158,,19.0,ok_dr10
ZTF23aaiwunc,1.1750416592759112,REX,16.093708,15.628039,0.056625,0.010731,,16.0,ok_dr9
ZTF20actvfgr,3.4988911874499684,SER,20.03384,19.88351,0.08547848,0.098641805,,15.0,ok_dr10
ZTF25abbevau,4.83616607286921,REX,23.385891,22.19554,0.9675327,0.10429128,,41.0,ok_dr10
ZTF19aanbojt,0.3043059259876176,DUP,,,,,,8.0,ok_dr9
ZTF20acnviht,1.5245257571612116,SER,18.35745,17.54911,0.30625844,0.049647685,,36.0,ok_dr10
ZTF18abckxfb,4.260912868976251,REX,23.672176,21.849337,1.0104423,0.14586198,,33.0,ok_dr10
ZTF23aawieyi,5.158000306727718,DUP,,,,,,11.0,ok_dr10
ZTF24abpqeun,1.7417031971124042,DEV,19.95128,19.521961,0.14764906,0.059265845,,26.0,ok_dr10
ZTF20aahfobk,5.142087043875751,EXP,15.074712,14.736959,0.034892,0.006661,0.033006,4.0,ok_dr9
ZTF19abjgbmo,7.199363811182633,REX,22.354824,21.942455,0.5854857,0.23091842,,25.0,ok_dr10
ZTF21abvajfr,4.535797063545747,SER,17.156393,16.751162,0.053675726,0.010317512,0.06452502,10.0,ok_dr10
ZTF22aabzjge,1.6604859806419863,SER,18.27754,17.795004,0.082954,0.019813,,10.0,ok_dr9
ZTF24abrpedj,1.360007934749816,EXP,21.976723,20.889704,0.47278,0.125791,,21.0,ok_dr9
ZTF24aahhanf,0.9120291180382167,EXP,19.224895,19.435337,0.027421493,0.015591363,,10.0,ok_dr10
ZTF20achtzug,,,,,,,,,empty
ZTF20abqdqyh,4.486887894123376,REX,19.148912,19.214746,0.015652496,0.017582512,,10.0,ok_dr10
ZTF25aadevqv,8.465128682916754,SER,16.750519,16.44588,0.026987666,0.006680811,0.029418333,12.0,ok_dr10
ZTF24aaywvsf,0.576222757517255,REX,18.213718,17.819218,0.053492017,0.019789424,,42.0,ok_dr10
ZTF19abrhdui,4.466511003934067,REX,23.188328,22.32514,0.973957,0.157079,,14.0,ok_dr9
ZTF23abptnaj,1.0172893320117198,SER,16.434874,15.960021,0.05366137,0.019382419,0.056175344,16.0,ok_dr10
ZTF19abqyouo,0.10172490505381646,EXP,20.193422,19.716589,0.209528,0.051625,,18.0,ok_dr9
ZTF23aaiwlzm,0.7991743032753009,SER,16.850285,16.512787,0.051593,0.011284,0.064646,13.0,ok_dr9
ZTF20aaycmhl,,,,,,,,,empty
ZTF25aachzjr,0.726584105602673,EXP,19.556581,19.052212,0.275171,0.1723,,9.0,ok_dr9
ZTF21abezcph,,,,,,,,,empty
ZTF25abacnxx,,,,,,,,,empty
ZTF19abqanpy,,,,,,,,,empty
ZTF22abnmpwx,0.3418219793057388,SER,16.954811,16.339718,0.06847642,0.015515005,0.06517993,9.0,ok_dr10
ZTF20abxmgny,0.1653715516090376,DEV,17.85924,17.154663,0.079186,0.009557,,21.0,ok_dr9
ZTF23abauieq,4.559910051024394,SER,17.334007,16.89449,0.077041,0.012501,0.082266,20.0,ok_dr9
ZTF23aaqjuux,3.251713724591366,REX,21.758457,21.548515,0.17358987,0.18805093,,18.0,ok_dr10
ZTF25aaugeio,2.6478644889680463,EXP,19.217684,17.630281,0.647715,0.254387,,8.0,ok_dr9
ZTF18abfeyey,0.11961350688629264,SER,17.898596,17.267567,0.076283,0.014604,,16.0,ok_dr9
ZTF18acuepcb,0.258807723016309,DUP,,,,,,29.0,ok_dr10
ZTF23aaawbhh,1.2255759229688024,REX,20.849226,20.727661,0.068856,0.042982,,10.0,ok_dr9
ZTF19abhxllw,10.118589441610178,DUP,,,,,,31.0,ok_dr10
ZTF25aasrort,1.0132358419756864,REX,19.654148,19.530724,0.0417,0.038758,,7.0,ok_dr9
ZTF19aakphow,8.809828455525091,REX,22.786942,21.758606,0.826146,0.117626,,12.0,ok_dr9
ZTF24aahgkhh,4.38705236354442,SER,15.299965,14.864821,0.031078,0.005878,,11.0,ok_dr9
ZTF20abwcxio,13.450591979770866,REX,23.164639,22.013676,0.9159446,0.13302541,,7.0,ok_dr10
ZTF22abfutmm,,,,,,,,,empty
ZTF25absblvn,2.626084878048183,SER,18.20983,17.88372,0.073635,0.021957,,12.0,ok_dr9
ZTF18acahuph,2.629594346686826,EXP,21.353369,21.056517,0.09503159,0.19836757,,6.0,ok_dr10
ZTF22aaagtej,0.7947612290745328,EXP,21.587662,21.877428,0.027051808,0.40995038,,12.0,ok_dr10
ZTF25accmopr,,,,,,,,,empty
ZTF18abckujq,7.394432598473748,SER,15.618421,15.039776,0.051908,0.009419,0.063827,11.0,ok_dr9
ZTF20aciubfx,8.913970955200707,SER,14.984004,14.32102,0.028337099,0.005204921,,32.0,ok_dr10
ZTF21abfxhrn,1.6121396987328835,SER,15.414178,14.587433,0.054090906,0.012726328,,28.0,ok_dr10
ZTF24aahoihk,1.690282226938057,DUP,,,,,,8.0,ok_dr10
ZTF23aaqmddq,,,,,,,,,no_gal
ZTF23aaquolj,4.395929703458598,SER,14.770381,14.249769,,,,5.0,ok_dr10
ZTF25aavapev,3.0463314697653727,SER,15.174781,14.822157,0.023292769,0.006441774,0.030257255,18.0,ok_dr10
ZTF18acszuad,0.21561459013629886,DUP,,,,,,12.0,ok_dr9
ZTF20aaglivt,4.4647287832654765,REX,24.165438,22.462843,1.0355189,0.17039387,,24.0,ok_dr10
ZTF19acfduxa,0.2991340086804194,SER,,,,,,11.0,ok_dr10
ZTF25abeclqx,7.240268067550673,REX,16.498291,16.038645,0.039026614,0.012266001,0.042236287,15.0,ok_dr10
ZTF21aafkktu,1.2815404378421837,EXP,19.496035,19.326944,0.036705773,0.025246857,,31.0,ok_dr10
ZTF18abtnfmp,0.052869410660022584,DUP,,,,,,15.0,ok_dr9
ZTF20abxxzxy,1.0585682346536365,EXP,19.136778,18.748,0.15369658,0.03391995,,9.0,ok_dr10
ZTF23aapgxic,10.696368378482639,SER,12.803244,12.228992,0.01888772,0.004691288,,7.0,ok_dr10
ZTF18aczzrkn,2.152778041939269,REX,,20.841343,,,,12.0,ok_dr10
ZTF24aaismud,1.6814605317963898,SER,15.831473,15.23556,0.07786454,0.020636084,0.084766895,16.0,ok_dr10
ZTF20abcsbux,0.21299205285947273,EXP,20.68915,20.37779,0.127931,0.301954,,14.0,ok_dr10
ZTF24abnappq,0.5424657164178658,REX,22.843767,23.355692,0.56503767,0.484529,,11.0,ok_dr10
ZTF25aalbnkr,0.7146396560892287,SER,19.319283,19.10788,0.063167,0.053982,,7.0,ok_dr9
ZTF21aanwfjk,4.8972312738695205,SER,16.389423,15.641865,0.056175,0.014916,0.064999,16.0,ok_dr9
ZTF21abzcpiw,0.3434648339834628,SER,16.635815,15.995376,0.058661915,0.012567891,,12.0,ok_dr10
ZTF23aajfoed,,,,,,,,,empty
ZTF18abolvzu,0.059117495241615026,REX,18.477007,17.539038,0.3057893,0.31054467,,16.0,ok_dr10
ZTF22abaqzcm,0.4856310659725434,REX,20.539043,20.091288,0.14492916,0.059977245,,16.0,ok_dr10
ZTF23aaciosd,2.999340538525364,DEV,19.717075,19.659216,0.12310978,0.11794353,,14.0,ok_dr10
ZTF20abkloyg,1.6582334872948117,EXP,20.37292,20.519112,0.068786,0.026702,,8.0,ok_dr9
ZTF21absbwyz,0.3365956371723349,SER,18.093258,17.437988,0.09457149,0.010761821,,12.0,ok_dr10
ZTF22aauvfay,6.330580773590331,SER,15.196884,14.630233,0.073697,0.008908,,9.0,ok_dr9
ZTF25aafvgfi,,,,,,,,,empty
ZTF25aaxikcw,0.3083336879628424,EXP,22.581684,23.662107,0.08605886,0.3707165,,13.0,ok_dr10
ZTF21abccdld,0.10940867896758844,SER,14.713864,14.223512,0.032035,0.009452,,6.0,ok_dr9
ZTF22abkxbeo,2.186791975675474,SER,16.45227,15.835455,0.029695744,0.009980786,0.017666068,39.0,ok_dr10
ZTF19aalzmmt,3.057814162702102,SER,17.838217,17.406395,0.04757276,0.017839478,,23.0,ok_dr10
ZTF19achticg,3.3883459487649095,REX,23.191051,23.604898,0.5703057,0.5446619,,23.0,ok_dr10
ZTF21aapehpx,7.1791064100895055,REX,20.057346,19.17554,0.403717,0.027943,,15.0,ok_dr9
ZTF20acocohy,13.66929565079712,EXP,23.538216,23.115908,0.8100083,0.652429,,17.0,ok_dr10
ZTF18aauotcv,0.08708645314516107,SER,16.690874,16.129261,0.093813,0.019707,0.093535,12.0,ok_dr9
ZTF18aamfrvy,6.2109433352813515,REX,21.567953,22.560774,0.044030707,0.11855896,,23.0,ok_dr10
ZTF19abxfeln,0.8989467728262883,DEV,17.696339,17.237196,0.19062248,0.064629145,,22.0,ok_dr10
ZTF23aaekkai,,,,,,,,,empty
ZTF25aalvqbq,,,,,,,,,empty
ZTF25aafpsjf,7.0641337104097826,SER,16.38452,15.52894,0.079615,0.017255,,6.0,ok_dr9
ZTF23aaptfsu,1.3128817838180327,SER,17.612274,17.046291,0.07538303,0.010856926,0.068051726,7.0,ok_dr10
ZTF20aaqpxtm,5.935256099933948,REX,16.410528,16.046785,0.044537,0.011003,0.052296,11.0,ok_dr9
ZTF20aawdjlp,6.745984945759282,SER,18.640305,18.89727,0.031929,0.054841,,13.0,ok_dr9
ZTF19abgitjn,,,,,,,,,empty
ZTF20actdeqw,0.8754077963654722,SER,16.695168,16.367779,0.034705136,0.008757785,,29.0,ok_dr10
ZTF18abzscns,0.3939401088447942,SER,17.517963,16.960777,0.07692702,0.022836056,,28.0,ok_dr10
ZTF23absbqun,,,,,,,,,empty
ZTF23abpbdfm,2.5837179394669674,SER,18.893837,18.945303,0.028772,0.044757,,16.0,ok_dr9
ZTF19abxfhrq,0.7593024286632869,SER,15.614879,14.699142,0.037332,0.006256,,15.0,ok_dr9
ZTF21abzkgvc,0.1422200655779351,SER,17.327589,16.70603,0.07706396,0.015023389,,34.0,ok_dr10
ZTF25achiqqs,2.4843988526664758,EXP,19.184868,18.689014,0.116231,0.026184,,13.0,ok_dr9
ZTF21abkkwie,5.951822815182308,SER,14.180034,13.429208,0.04943979,0.009021122,,27.0,ok_dr10
ZTF18aahxamc,0.24638950528927675,DUP,,,,,,21.0,ok_dr9
ZTF20acqjmzk,0.5335917133524989,SER,17.836733,17.124268,0.09116827,0.018031467,,17.0,ok_dr10
ZTF21abienbe,2.6747463539326928,SER,14.102514,13.307,0.02307326,0.0050774845,,19.0,ok_dr10
ZTF20acxznai,1.7538648557631935,SER,15.989452,15.395557,0.07807067,0.019421339,0.068981856,42.0,ok_dr10
ZTF19acvmfeg,4.277785483437828,REX,24.175226,23.269701,0.91879624,0.22050607,,17.0,ok_dr10
ZTF24abipyia,1.428570387473269,SER,15.788568,15.081903,0.07315893,0.014241977,,24.0,ok_dr10
ZTF19acgbkzr,7.836304462341914,REX,23.591385,24.088367,0.9055867,0.56483907,,27.0,ok_dr10
ZTF22aajrrzz,0.5615550263011668,DUP,,,,,,17.0,ok_dr10
ZTF18aagtevs,0.07286832849188579,DUP,,,,,,16.0,ok_dr9
ZTF19abgprpq,6.594079807767249,DUP,,,,,,18.0,ok_dr10
ZTF20ackitai,0.25861379861425254,EXP,21.381239,21.119951,0.14188439,0.07097631,,30.0,ok_dr10
ZTF18aakkrjm,0.2177616102257163,SER,16.039286,15.501838,0.049033076,0.012363152,0.020857656,21.0,ok_dr10
ZTF24aaecxun,7.0833864801675785,SER,14.207616,13.529217,0.031725,0.00874,,4.0,ok_dr9
ZTF21aagtpro,0.7533254176386762,EXP,,,,,,9.0,ok_dr10
ZTF22aazpfxt,4.600192511351461,EXP,19.980282,20.043398,0.06951996,0.09801151,,37.0,ok_dr10
ZTF25aayxghj,0.7173907590954323,SER,,,,,,3.0,ok_dr10
ZTF23aaqxlpn,5.42130102539638,DUP,,,,,,4.0,ok_dr10
ZTF20achtpbn,2.6917471405402047,EXP,19.013144,18.763796,0.077530995,0.024171872,,34.0,ok_dr10
ZTF18aagtcxj,2.0808770495055917,EXP,15.427726,14.548048,0.041982,0.012428,0.032353,7.0,ok_dr9
ZTF21aazqtor,0.9444351261894873,SER,18.526163,17.977213,0.11219142,0.015680244,,19.0,ok_dr10
ZTF19aaydtur,0.36044742527992824,EXP,23.152227,,0.2820185,0.4890075,,19.0,ok_dr10
ZTF20aclflxd,1.3837273043444933,SER,16.199219,15.538376,0.089656,0.02479,,10.0,ok_dr9
ZTF23aadayxh,1.1955980484613715,EXP,20.257053,19.924433,0.12164618,0.034382083,,18.0,ok_dr10
ZTF21abhshmt,0.8363710320825064,SER,19.634514,19.358032,0.08588,0.039403,,9.0,ok_dr9
ZTF24aahxyrp,4.395460037733242,REX,23.628893,21.752722,0.895148,0.108455,,20.0,ok_dr9
ZTF19abjamgc,0.3599365036386092,EXP,,22.841686,,,,16.0,ok_dr10
ZTF19abgcbey,0.1372245220864948,SER,17.550653,16.923853,0.061363,0.013898,,27.0,ok_dr9
ZTF23aaymoki,,,,,,,,,empty
ZTF20abotkfn,2.3823062785245717,REX,19.019993,19.237898,0.014489,0.03124,,12.0,ok_dr9
ZTF20achadaa,2.1509915624890277,DUP,,,,,,3.0,ok_dr10
ZTF21aavqphe,8.121750434078054,EXP,20.030167,20.592354,0.030171866,0.017309336,,5.0,ok_dr10
ZTF24abbcrsy,0.6729210753575178,REX,,,,,,26.0,ok_dr10
ZTF19aawscnp,2.4488663074916333,DUP,,,,,,49.0,ok_dr10
ZTF23aadtzse,1.2466926768258466,SER,19.75267,20.11987,0.06787963,0.03356439,,20.0,ok_dr10
ZTF20abvyare,6.857784335984689,SER,15.59997,15.219658,0.04551123,0.008175117,,21.0,ok_dr10
ZTF23abdubpv,3.415881031884204,DUP,,,,,,25.0,ok_dr10
ZTF21abjbukd,0.6554265819815932,SER,19.4516,19.379251,0.08176947,0.030532109,,29.0,ok_dr10
ZTF21aaixlfe,0.44748572049699403,SER,13.722466,13.064329,0.027633151,0.006844969,,12.0,ok_dr10
ZTF24aakfycl,4.579865396086061,DUP,,,,,,25.0,ok_dr10
ZTF24aajznoi,2.0851249059199857,SER,19.564453,19.638205,0.0727243,0.038629375,,33.0,ok_dr10
ZTF23aajduvy,2.1296780553333403,EXP,21.296074,20.426466,0.454191,0.099928,,22.0,ok_dr9
ZTF22abudhzo,,,,,,,,,empty
ZTF20aboquuv,,,,,,,,,empty
ZTF23absaexv,,,,,,,,,empty
ZTF22abfoiaa,2.547443423320769,REX,23.524647,24.557333,0.72088,0.407738,,11.0,ok_dr9
ZTF21abdlyrc,1.2032810586724647,REX,22.377436,21.993998,0.492804,0.15923,,11.0,ok_dr9
ZTF19achaspq,11.560686662484953,REX,17.888826,17.690865,0.03348512,0.017784297,,15.0,ok_dr10
ZTF19abttstb,4.775294007502433,DUP,,,,,,27.0,ok_dr10
ZTF24abciekd,,,,,,,,,empty
ZTF24aajvqre,17.202022613364186,DUP,,,,,,2.0,ok_dr10
ZTF20aahqabk,6.291558149101668,SER,16.655653,16.123789,0.05052325,0.023637705,0.073265165,22.0,ok_dr10
ZTF18abnyktn,,,,,,,,,empty
ZTF21achqzub,0.22498938211805344,REX,20.378479,20.905363,0.06319817,0.07138507,,18.0,ok_dr10
ZTF23absbjlp,8.644222760948342,SER,15.738212,15.330084,0.033081807,0.0056672357,,19.0,ok_dr10
ZTF22aalzyzl,0.20752059656701188,SER,16.892006,16.25272,0.084849,0.025112,0.077487,15.0,ok_dr9
ZTF19acazaug,,,,,,,,,empty
ZTF23ablutgq,6.634923238062003,DUP,,,,,,4.0,ok_dr10
ZTF25aajixgi,0.7178540689097914,SER,19.505753,19.03907,0.0838432,0.032262444,,17.0,ok_dr10
ZTF18achxcsh,1.4081922212199809,DUP,,,,,,12.0,ok_dr9
ZTF21aceqmyz,2.4687121993802226,REX,,20.153875,,,,15.0,ok_dr10
ZTF23aarglpk,11.537734328850297,SER,14.304052,13.709419,0.023005577,0.0031889984,,10.0,ok_dr10
ZTF21acasloo,2.215603928623797,REX,22.341675,22.297312,0.12803464,0.26199472,,43.0,ok_dr10
ZTF19acblzux,6.439109545115786,SER,13.72807,13.000025,0.029897423,0.0051890663,,17.0,ok_dr10
ZTF18abqjvyl,0.5290458526234654,EXP,19.599037,19.38527,0.097249,0.048209,,12.0,ok_dr9
ZTF22aajhiri,1.8176514605627194,DUP,,,,,,65.0,ok_dr10
ZTF21aavhnpk,0.042745809529673134,REX,20.513313,20.546774,0.19011109,0.76266575,,11.0,ok_dr10
ZTF25abiiuxz,3.1187473967204196,SER,15.604959,15.005227,0.0497,0.014062,,12.0,ok_dr9
ZTF25abxrfik,4.659097646630909,EXP,22.171227,21.387695,0.57728475,0.13343176,,20.0,ok_dr10
ZTF19abxtcio,2.358659903716632,REX,22.971462,,,,,11.0,ok_dr10
ZTF20achvdtx,,,,,,,,,empty
ZTF19aailcgs,11.335727045415542,DUP,,,,,,7.0,ok_dr10
ZTF19aanesgt,0.6410208367869714,REX,22.195017,22.007893,0.357214,0.116918,,10.0,ok_dr9
ZTF22abyopkf,2.741891108102126,EXP,21.417995,21.337097,0.032749433,0.18791208,,29.0,ok_dr10
ZTF19aatvkrn,9.867826692290661,REX,24.058784,23.254951,0.7814256,0.33018273,,8.0,ok_dr10
ZTF20aasfaxj,1.5790687396706566,EXP,22.260855,22.418816,0.12949403,0.39232728,,34.0,ok_dr10
ZTF20acfvltv,5.880241459561092,SER,16.054676,15.409979,0.059381,0.006425,,6.0,ok_dr9
ZTF21abbxdcm,0.45045980583234235,SER,16.357862,15.910596,0.035598785,0.0088843545,0.04997193,11.0,ok_dr10
ZTF21aadzuil,2.3652125290130397,SER,20.913158,20.441853,0.360743,0.157843,,10.0,ok_dr9
ZTF22abtmrfr,2.130613791891704,SER,20.241034,20.0634,0.11758374,0.27822503,,38.0,ok_dr10
ZTF24abfxhta,6.502146408018739,EXP,22.266447,21.015594,0.5822661,0.06462734,,17.0,ok_dr10
ZTF21abvcxid,,,,,,,,,empty
ZTF18acnbeuu,6.862634942617346,SER,16.182148,15.701803,0.099635,0.008351,0.102186,5.0,ok_dr9
ZTF25aafuzcr,,,,,,,,,empty
ZTF21abpxsck,0.35586746281230225,SER,19.243242,19.20243,0.069449306,0.05424408,,42.0,ok_dr10
ZTF18acrdlrp,0.6061977183241075,EXP,17.565132,17.38218,0.06821334,0.060059663,,10.0,ok_dr10
ZTF19aclljyq,2.1858155654055986,REX,17.802052,17.562315,0.09437244,0.026444482,,12.0,ok_dr10
ZTF22abnfjsm,0.05944555572517143,SER,17.618872,17.094933,0.147672,0.041366,,7.0,ok_dr9
ZTF19aaziick,0.8725701430052425,SER,16.941849,16.357632,0.077233955,0.010167937,0.076306194,14.0,ok_dr10
ZTF20aaxccrm,2.2002642704984274,SER,18.955547,18.67975,0.07165431,0.02444653,,11.0,ok_dr10
ZTF23abhzwll,2.5735933982985895,SER,,17.792435,,,,7.0,ok_dr10
ZTF20abnlsww,0.937241449528088,SER,,16.831177,,,,19.0,ok_dr10
ZTF19aambfxc,0.45501537692165284,SER,16.133955,15.513717,0.064506,0.019609,,14.0,ok_dr9
ZTF23abjunlm,0.9466113000563221,SER,19.869913,19.928764,0.052884202,0.10735513,,20.0,ok_dr10
ZTF18acbyeid,0.22891140065895163,SER,15.564007,14.933631,0.057848737,0.012473101,,13.0,ok_dr10
ZTF23abihavc,,,,,,,,,empty
ZTF20aanvliy,0.44287609725075694,SER,16.612762,15.972341,0.08121803,0.008934949,0.082998656,14.0,ok_dr10
ZTF19acjtpmm,3.6146286759014705,EXP,21.333622,23.060793,0.025599,0.110201,,24.0,ok_dr9
ZTF22aadgefj,0.13659577707497214,SER,17.601164,16.96921,0.09451369,0.012991507,,12.0,ok_dr10
ZTF19aavouyw,3.427580529464316,EXP,23.923788,,0.55267173,0.67168665,,20.0,ok_dr10
ZTF22aaknczk,0.5487915106239594,EXP,21.4314,21.428568,0.112295,0.107238,,13.0,ok_dr9
ZTF21abbsbov,6.762157023143452,SER,15.47869,14.756902,0.03726672,0.009928762,0.042034388,7.0,ok_dr10
ZTF21abbkglo,2.509689509174285,REX,22.578176,22.484917,0.37880126,0.37633005,,35.0,ok_dr10
ZTF20abdzrxo,6.823382056611781,SER,12.712096,12.026545,0.022053663,0.0064214305,0.030276746,10.0,ok_dr10
ZTF20aavdoqi,0.3068911213514737,DUP,,,,,,13.0,ok_dr10
ZTF25aauhbec,0.5605393102588432,SER,16.999416,16.528452,0.0650042,0.021096284,0.038824428,70.0,ok_dr10
ZTF25aapzvrh,5.2185965304123,SER,13.88363,13.475224,0.015823605,0.0058786348,0.012686897,6.0,ok_dr10
ZTF21aasxgne,17.384549621970287,REX,,,,,,10.0,ok_dr10
ZTF19acmwipq,2.339095110649502,REX,23.059095,22.915615,0.922481,0.319586,,9.0,ok_dr9
ZTF25aapvrng,1.7028613654084517,EXP,21.378922,21.100388,0.11268853,0.18216738,,24.0,ok_dr10
ZTF19abpbqor,6.1945252017584105,DUP,,,,,,10.0,ok_dr10
ZTF20actnuls,8.58811332103455,SER,13.741639,13.216994,0.027462,0.004391,0.030359,5.0,ok_dr9
ZTF18aagrdcs,5.621052612509934,SER,16.55788,16.650318,0.013299,0.008665,,23.0,ok_dr9
ZTF21aagxmfv,3.522870804556142,REX,23.238495,22.650242,0.58203334,0.54542875,,22.0,ok_dr10
ZTF25aacbtmd,6.380946083042562,EXP,20.83677,,0.060575,0.122036,,18.0,ok_dr9
ZTF25aakoamh,3.6599491827098074,EXP,21.625643,21.657215,0.06094377,0.05953748,,17.0,ok_dr10
ZTF19acqdbad,7.634591274478802,REX,24.118422,23.222252,0.902948,0.33695778,,16.0,ok_dr10
ZTF19acaxcwg,1.3576461469801473,EXP,21.189869,20.995752,0.096379645,0.04478564,,14.0,ok_dr10
ZTF19aaywlmi,2.9890026537541883,EXP,17.28117,16.934664,0.074384,0.015799,,11.0,ok_dr9
ZTF20aceokvr,1.693898199100852,SER,18.520206,17.952324,0.12617882,0.014954701,,15.0,ok_dr10
ZTF23aarvrvd,0.4327199381627356,SER,,,,,,18.0,ok_dr10
ZTF24aapexhw,0.5347288656176892,EXP,21.143425,20.914843,0.116908,0.123407,,21.0,ok_dr9
ZTF25achxzkb,2.806196829763335,SER,17.54347,16.978407,0.071005516,0.013578629,0.08778891,10.0,ok_dr10
ZTF22aaobnru,,,,,,,,,empty
ZTF19acsfvog,0.7747428199755663,SER,18.339788,18.012863,0.097725,0.03380789,,21.0,ok_dr10
ZTF19aarfyvc,0.1823578867395598,REX,22.67052,22.282461,0.76841,0.298111,,12.0,ok_dr9
ZTF22abfxmiu,,,,,,,,,empty
ZTF25aapwxhm,1.5018008009559576,EXP,21.278442,21.216856,0.101206,0.116971,,10.0,ok_dr9
ZTF21aascwrr,1.2354296980931638,SER,21.084663,20.909359,0.262345,0.12505,,11.0,ok_dr9
ZTF25abvpmki,,,,,,,,,empty
ZTF24aakajtn,25.652772780232993,EXP,18.562765,18.877686,0.007435,0.008455,,1.0,ok_dr9
ZTF22aaacnmh,1.0951073468227488,EXP,20.848564,21.134792,0.027292022,0.15961568,,18.0,ok_dr10
ZTF23abnreud,6.543553288231743,DUP,,,,,,29.0,ok_dr10
ZTF23aaecgwh,0.7184106545743588,REX,18.360195,18.114086,0.06304684,0.017499369,,8.0,ok_dr10
ZTF18aaaecnk,,,,,,,,,empty
ZTF19acctwpz,3.5976197505918184,EXP,19.340258,19.023285,0.056148447,0.07024169,,24.0,ok_dr10
ZTF18abpmmpo,1.68551417801278,SER,20.005825,19.72755,0.117077,0.045143,,15.0,ok_dr9
ZTF23abhzxwm,0.1397313795658414,SER,15.694955,,,,,29.0,ok_dr9
ZTF24abvgtut,12.600364692570992,SER,12.72885,12.031453,0.01926012,0.0040073167,,9.0,ok_dr10
ZTF23aaedvtn,0.6187936187387592,SER,18.337576,18.043682,0.048026,0.021945,,13.0,ok_dr9
ZTF20aattoch,2.39464018611333,SER,14.881379,14.349945,0.026200129,0.006365498,0.02626133,19.0,ok_dr10
ZTF22aaeviey,1.5214561973647716,SER,15.505424,15.28445,0.028883,0.004054,0.030057,16.0,ok_dr9
ZTF20adadsgm,5.783719587138291,SER,14.550788,13.830873,0.033823,0.006139,0.04371,11.0,ok_dr9
ZTF21aaxxmvs,0.37933222216034523,SER,19.426863,19.274387,0.088393,0.040881,,13.0,ok_dr9
ZTF20abykfsr,,,,,,,,,empty
ZTF24abchcrp,2.471168851713414,DUP,,,,,,4.0,ok_dr9
ZTF19abmylxw,,,,,,,,,empty
ZTF19aauqwna,,,,,,,,,empty
ZTF22aapaavr,1.255333112731144,DEV,18.011139,17.589624,0.12128009,0.028449455,,13.0,ok_dr10
ZTF21aaplfah,16.151412451125672,EXP,19.210947,19.12863,0.054296,0.127448,,13.0,ok_dr9
ZTF23aascppn,2.179781470600098,SER,,,,,,18.0,ok_dr10
ZTF21aaxubqf,4.950379214434965,SER,16.925636,16.268673,0.076984,0.011131,0.073735,12.0,ok_dr9
ZTF22aboawxv,3.611065895836537,EXP,18.065634,,0.003885,0.046293,,24.0,ok_dr9
ZTF22abhrjld,5.893223257543507,DUP,,,,,,6.0,ok_dr10
ZTF18abquopi,0.6066509267754325,DUP,,,,,,49.0,ok_dr10
ZTF24aalepin,2.8276245949321885,SER,16.13039,15.596645,0.043177925,0.0070781293,0.041892946,13.0,ok_dr10
ZTF21abicajm,,,,,,,,,empty
ZTF21abchjer,6.770373115800397,SER,13.564961,12.954949,0.036100384,0.04859195,,18.0,ok_dr10
ZTF25ababeev,16.765672557866466,SER,13.634402,13.030389,0.019288829,0.0029235918,,12.0,ok_dr10
ZTF20aattztb,1.1784059509846965,EXP,18.347075,17.984932,0.115279,0.028532043,,14.0,ok_dr10
ZTF18abkhcrj,0.2858936206235785,SER,16.692194,16.022635,0.05923969,0.013161257,0.0382303,19.0,ok_dr10
ZTF18abcsgvj,1.811656311593726,SER,16.60485,15.934089,0.062334,0.006316,,14.0,ok_dr9
ZTF22aamwznx,14.235944746149864,SER,12.12806,11.478971,0.014171609,0.0030785252,,6.0,ok_dr10
ZTF24aaomuhe,,,,,,,,,empty
ZTF25abnzacu,1.0234493596676035,SER,17.718067,17.694464,0.015324155,0.013534689,,18.0,ok_dr10
ZTF24aabqihk,2.5907127202479088,REX,23.561302,23.453913,0.5906414,0.43907058,,18.0,ok_dr10
ZTF25aciofxo,1.075685218033911,SER,18.855923,18.8655,0.041324243,0.027364157,,22.0,ok_dr10
ZTF20aamttmo,3.259823292822817,EXP,21.376255,21.07352,0.09266742,0.19020191,,12.0,ok_dr10
ZTF20abxidyb,1.3683222744417938,EXP,19.80925,19.59379,0.09919988,0.02407738,,11.0,ok_dr10
ZTF23abnmdqn,,,,,,,,,empty
ZTF22aazqoey,10.757584798188839,EXP,18.253489,17.780529,0.08139,0.180461,,4.0,ok_dr9
ZTF21aaiimkv,2.4173611406180235,SER,14.717846,14.154819,0.03261345,0.008835549,,31.0,ok_dr10
ZTF18abcrtnq,6.033843590144413,REX,23.480928,22.164246,1.0013055,0.11739519,,13.0,ok_dr10
ZTF18acqxyiq,8.854034276484908,SER,16.014996,15.401203,0.03852,0.008573,0.038491,14.0,ok_dr9
ZTF25aalthwc,7.540117996060739,REX,21.343054,19.850554,0.6034255,0.13911954,,24.0,ok_dr10
ZTF20acfvsze,2.924246852975285,DUP,,,,,,15.0,ok_dr10
ZTF25abkeqdq,0.628458899252226,SER,18.324223,17.705647,0.071583,0.013429,,14.0,ok_dr9
ZTF19acshfvz,4.635315439960607,EXP,19.584259,18.831907,0.12952138,0.10210921,,15.0,ok_dr10
ZTF24aahipde,1.6507763311404002,SER,16.696398,16.35815,0.063942,0.013335,0.070351,19.0,ok_dr9
ZTF23aaapouh,3.3987256024513353,REX,16.62658,16.197687,0.08051625,0.010332364,0.07824638,17.0,ok_dr10
ZTF19actldas,8.191711104163787,SER,14.66651,13.950021,0.04066,0.00939,,12.0,ok_dr9
ZTF19aapbsne,10.96327002504011,REX,24.607725,23.222956,1.105011,0.28684163,,27.0,ok_dr10
ZTF22abyjewt,8.981253043942601,REX,21.595564,20.664043,0.3951456,0.14106712,,15.0,ok_dr10
ZTF20aavgcnu,3.116227658083828,SER,,17.53789,,,,32.0,ok_dr10
ZTF23abjstcg,2.2060634357577573,SER,21.99483,22.34769,0.025557017,0.067700416,,39.0,ok_dr10
ZTF21aaskyvp,,,,,,,,,empty
ZTF19accmxtw,2.78419076108965,SER,15.891501,15.258134,0.061764956,0.011811151,,26.0,ok_dr10
ZTF19aculczm,0.5490096905647213,SER,17.934156,17.638569,0.099315666,0.021734418,,40.0,ok_dr10
ZTF20acuowxj,0.06551412597125401,REX,21.988918,21.917608,0.29669523,0.4540778,,10.0,ok_dr10
ZTF25aapqvqk,2.884808021201964,DEV,21.683483,21.261227,0.5027437,0.12158415,,19.0,ok_dr10
ZTF20aalrqbu,0.09714737945398395,REX,23.187069,23.013231,0.639088,0.317785,,23.0,ok_dr9
ZTF23aamsfav,,,,,,,,,empty
ZTF25aakbssn,1.4035804650277515,EXP,20.45023,20.51787,0.1096011,0.071844034,,21.0,ok_dr10
ZTF22absstju,1.0776987918852992,SER,17.891909,17.550478,0.04563495,0.015079098,,9.0,ok_dr10
ZTF22abtybkh,7.4925551352741,REX,,20.070618,,,,3.0,ok_dr10
ZTF19abahvdh,2.7376341490129126,SER,19.878944,19.552807,0.13477626,0.24049899,,17.0,ok_dr10
ZTF25abuoijl,0.5972560561889642,DEV,19.696556,19.314428,0.124596,0.099287,,7.0,ok_dr9
ZTF21aaloalc,0.7346509125732272,SER,17.687075,17.399464,0.058106314,0.012872646,0.05938689,16.0,ok_dr10
ZTF22aatghyo,,,,,,,,,empty
ZTF18accnlhl,0.1361292705929887,SER,16.863283,16.233656,0.11509728,0.0174335,0.22567442,18.0,ok_dr10
ZTF18acvweal,0.8583898323450351,REX,20.85104,20.575163,0.10249844,0.10141959,,24.0,ok_dr10
ZTF21aapdulz,2.35915671422356,SER,16.193865,15.407727,0.070272,0.022864,,12.0,ok_dr9
ZTF19acjnatv,1.3046994551846272,SER,15.946974,15.307714,0.09135778,0.013674932,0.09796035,14.0,ok_dr10
ZTF21aagkhwf,0.3842689258344838,EXP,21.73608,21.347849,0.17013422,0.17761394,,31.0,ok_dr10
ZTF24aboucqs,1.30549201814621,SER,19.490505,20.673574,0.017837005,0.025773767,,29.0,ok_dr10
ZTF23aapksof,12.015448285541797,REX,22.005217,,0.201682,0.386877,,14.0,ok_dr9
ZTF24aakdffc,5.91743343797635,DUP,,,,,,12.0,ok_dr10
ZTF19acfsqjx,2.132181953609195,SER,17.901955,17.265394,0.082467,0.014759,,11.0,ok_dr9
ZTF22abqyiaa,0.6199454961523863,SER,17.13032,16.578264,0.08337846,0.013256309,,32.0,ok_dr10
ZTF23abpznvm,3.643108536997791,SER,14.001029,13.641737,0.026198,0.005705,0.036904,19.0,ok_dr9
ZTF23aaazffe,4.04585391680651,SER,16.779524,16.310457,0.023573503,0.0064150956,,16.0,ok_dr10
ZTF19aaeicsm,9.576806938932924,SER,15.411255,14.641052,0.061682533,0.01417086,,8.0,ok_dr10
ZTF25aawmdtp,,,,,,,,,empty
ZTF20accmtgt,11.409603332884986,SER,15.075449,14.520297,0.033457298,0.0061031682,,15.0,ok_dr10
ZTF21aanfuuk,0.856098941031106,EXP,20.767605,20.336578,0.2371551,0.43841034,,20.0,ok_dr10
ZTF24aarqmlc,2.629195593974623,REX,19.361689,18.829689,0.13785157,0.21291223,,43.0,ok_dr10
ZTF19aanmeyw,2.1843087642145775,SER,18.90307,18.28991,0.0911541,0.017769767,,21.0,ok_dr10
ZTF19aaluprf,0.6168314819310687,SER,16.55128,15.93835,0.06301299,0.008205207,,13.0,ok_dr10
ZTF21aapffqd,3.0841201998771215,SER,18.806055,18.735228,0.024717249,0.25022674,,22.0,ok_dr10
ZTF25aadtdef,2.466132476183456,DUP,,,,,,8.0,ok_dr9
ZTF22abxgnre,6.328004373485157,SER,15.653308,15.22698,0.022073736,0.007563239,,23.0,ok_dr10
ZTF22abylryw,1.7089224041884128,REX,19.016544,18.735767,0.04937018,0.028605735,,43.0,ok_dr10
ZTF25aavozkg,0.24154587825546764,SER,16.679302,16.257206,0.027573563,0.008757041,,37.0,ok_dr10
ZTF25aancloh,0.24607872812242293,REX,22.11113,21.810665,0.5891869,0.4045569,,15.0,ok_dr10
ZTF21aasyydo,2.442346097381041,DUP,,,,,,13.0,ok_dr9
ZTF19abpypvc,20.797532011090897,EXP,21.376236,,,,,2.0,ok_dr10
ZTF18aawpwlf,0.6156863532851937,SER,16.100592,15.606893,0.035614196,0.005630597,0.02343767,23.0,ok_dr10
ZTF24aaekofc,1.1431646981834227,SER,17.842728,17.642124,0.03585,0.012595,,19.0,ok_dr9
ZTF22aajeyek,2.338351222494051,REX,22.654934,,0.095449,0.352081,,13.0,ok_dr9
ZTF20abzbfct,2.9379580781315426,SER,15.961509,15.645753,0.027653031,0.028961735,,17.0,ok_dr10
ZTF20abjkxwa,0.9159076122429378,REX,17.98233,17.619486,0.058811378,0.016905518,,20.0,ok_dr10
ZTF23aaizjbj,1.346060386740531,SER,17.195908,16.875538,0.039662644,0.010269048,0.06126102,11.0,ok_dr10
ZTF23aamqzyz,1.4201055706635262,SER,18.113224,17.877598,0.048236,0.026825,,12.0,ok_dr9
ZTF21abahyyj,1.2429177089172299,SER,19.353075,18.910233,0.12812068,0.019219905,,22.0,ok_dr10
ZTF21acjosti,6.007781648520088,REX,21.950674,21.54431,0.514949,0.122869,,23.0,ok_dr9
ZTF25aboftol,3.9697512117608285,DEV,20.871542,20.50485,0.4867874,0.19679281,,41.0,ok_dr10
ZTF23abhvuft,,,,,,,,,empty
ZTF25aalughb,0.7180951835143191,SER,13.290487,12.579606,0.030715117,0.006891792,,13.0,ok_dr10
ZTF20abmsxxr,2.015745355300138,EXP,22.21838,21.901594,0.28926566,0.4661682,,40.0,ok_dr10
ZTF24abbtigi,2.955430526801442,DUP,,,,,,39.0,ok_dr10
ZTF18aazsabq,2.234627667136457,SER,17.773125,17.010157,0.063351,0.013836,,17.0,ok_dr9
ZTF20aappghn,1.7507608514706123,SER,17.036999,16.363026,0.09068867,0.008558175,0.09861009,28.0,ok_dr10
ZTF20abzjvse,,,,,,,,,empty
ZTF21ablvtrn,0.2393914148042223,REX,22.146006,21.860598,0.19597599,0.21017411,,24.0,ok_dr10
ZTF20aauoipy,1.125891470213185,REX,21.959606,21.679823,0.6039175,0.45515728,,20.0,ok_dr10
ZTF23aavvdix,,,,,,,,,empty
ZTF25abqzeqy,,,,,,,,,empty
ZTF18acuatde,,,,,,,,,empty
ZTF22abajudi,0.2105392386901866,SER,16.271059,15.734015,0.036091503,0.0069281897,,41.0,ok_dr10
ZTF19aademoc,0.06332177831655209,SER,16.809673,16.240969,0.12365051,0.024278587,,11.0,ok_dr10
ZTF19acbjagc,,,,,,,,,empty
ZTF19abuayqg,8.296668468597396,REX,23.669151,22.725838,0.99653834,0.23647892,,19.0,ok_dr10
ZTF24aaymouy,0.6951015719069054,EXP,22.23339,23.850708,0.11028939,0.053528912,,27.0,ok_dr10
ZTF25aazqavg,6.217826919644714,DEV,23.003473,22.803734,0.47814542,0.24069104,,31.0,ok_dr10
ZTF22aaknmzk,0.9896653004086515,EXP,19.761805,20.5065,0.023284,0.181276,,10.0,ok_dr9
ZTF21abbqeea,1.0345007675626017,EXP,19.794622,19.16975,0.246204,0.048019,,15.0,ok_dr9
ZTF23aajkeia,0.9208815054129182,REX,19.697237,19.424479,0.27234653,0.5450628,,27.0,ok_dr10
ZTF22abjaqoq,,,,,,,,,empty
ZTF19abqqmui,7.342932467578325,DUP,,,,,,16.0,ok_dr10
ZTF21abovblm,0.776194920547391,SER,16.53615,15.936061,0.080560826,0.012326364,0.06782549,36.0,ok_dr10
ZTF23aavzyit,17.602831469903833,DEV,,20.464275,,,,2.0,ok_dr10
ZTF22abmdqzf,0.49367303080650304,DUP,,,,,,19.0,ok_dr10
ZTF25abxlcab,0.20291129819559098,REX,22.746964,22.6163,0.88634807,0.53302765,,14.0,ok_dr10
ZTF19aanlekq,10.251619493477758,SER,17.494452,17.28077,0.030004,0.00641,0.036774,21.0,ok_dr9
ZTF23aaaymxr,3.5021257077479624,SER,15.868403,15.438073,0.029343171,0.008250986,,35.0,ok_dr10
ZTF25abmsodq,4.214327737423943,SER,20.52369,19.903425,0.34679592,0.12814352,,11.0,ok_dr10
ZTF25aagbifh,6.28794842678773,SER,15.388609,14.776764,0.073551,0.011676,0.064183,16.0,ok_dr9
ZTF20acjrytv,6.914114257097454,DUP,,,,,,18.0,ok_dr10
ZTF20aaispgr,0.4117474834508912,SER,15.748236,15.079499,0.0757,0.004526,,10.0,ok_dr9
ZTF23aavugjj,,,,,,,,,empty
ZTF24aaegskb,,,,,,,,,empty
ZTF23aapthmh,1.0276465206952379,EXP,22.669277,23.09977,0.12829408,0.15850732,,10.0,ok_dr10
ZTF18acbwghc,2.766793547218082,SER,18.865538,18.617064,0.05206995,0.021681832,,17.0,ok_dr10
ZTF21aavdqgf,0.3348139037132108,SER,19.415089,19.0992,0.18088233,0.03570376,,17.0,ok_dr10
ZTF25aaiokdh,1.7917577048815505,REX,22.738934,22.280088,0.7958365,0.46847385,,15.0,ok_dr10
ZTF23abizggb,0.8985728825943547,SER,16.254097,15.404059,0.090389,0.030009,,19.0,ok_dr9
ZTF20aasuiks,0.10037279085904083,SER,17.987728,17.431576,0.19481707,0.04931994,,13.0,ok_dr10
ZTF18abbpeqo,3.5157847084556715,DUP,,,,,,11.0,ok_dr9
ZTF18abxdker,,,,,,,,,empty
ZTF18abjtgdo,1.7085069408794844,SER,16.37413,15.715835,0.102467,0.011569,0.073928,11.0,ok_dr9
ZTF22abcvfgs,0.054330409582529174,DEV,18.625471,18.088833,0.07259833,0.018716386,,12.0,ok_dr10
ZTF19aaobwpx,0.8728717953525138,EXP,19.840483,19.490616,0.332293,0.105714,,11.0,ok_dr9
ZTF24abwtpan,,,,,,,,,empty
ZTF24absznsg,1.7193131057387054,EXP,20.025772,20.1801,0.050593,0.09616,,18.0,ok_dr9
ZTF21aaxtjvm,8.956662524131755,REX,23.990295,22.50754,1.031133,0.134688,,9.0,ok_dr9
ZTF19aaujzqh,3.1431822726506944,DUP,,,,,,18.0,ok_dr9
ZTF23aaejwkh,0.7170410296097204,REX,16.831379,16.319874,0.103731,0.016857,,9.0,ok_dr9
ZTF21acbpbia,9.395578251054859,EXP,22.6831,21.276072,0.6832071,0.06563612,,14.0,ok_dr10
ZTF20acnwjwp,2.1474973929235355,SER,16.73256,16.096304,0.09544385,0.023661625,,16.0,ok_dr10
ZTF24aaheqkp,,,,,,,,,empty
ZTF20abmectx,,,,,,,,,empty
ZTF25aapclig,6.185670936265349,SER,16.512026,15.957353,0.08248334,0.013283009,,51.0,ok_dr10
ZTF22aangixh,,,,,,,,,empty
ZTF22abpzyzz,4.293643322383942,SER,15.021497,14.34665,0.068854,0.006476,0.076165,6.0,ok_dr9
ZTF19abxigfc,0.5680583247126425,SER,,19.187439,,,,8.0,ok_dr10
ZTF20abpscln,,,,,,,,,empty
ZTF22abgheca,,,,,,,,,empty
ZTF22abaseoc,9.928336877930624,DEV,22.003307,20.210464,,,,10.0,ok_dr10
ZTF18aakecej,12.179204776068621,REX,22.292862,23.25318,0.417982,0.227152,,10.0,ok_dr9
ZTF25abudaqa,,,,,,,,,empty
ZTF19acerhgs,,,,,,,,,empty
ZTF22aahmbwn,2.3144449146934396,SER,16.23474,15.739275,0.082515,0.024172,,11.0,ok_dr9
ZTF19aailuvj,3.864622455419876,EXP,20.603786,20.237654,0.11290395,0.17150395,,19.0,ok_dr10
ZTF19ackjene,0.9705950961241705,EXP,20.10433,20.535723,0.051634,0.092461,,8.0,ok_dr9
ZTF18abffdpa,10.013335460720356,REX,23.01861,22.37461,1.135564,0.238102,,9.0,ok_dr9
ZTF22aaahesb,1.914316739252537,SER,17.980076,18.1718,0.011372,0.0157,,10.0,ok_dr9
ZTF22abnfsjo,,,,,,,,,empty
ZTF21aaqjmps,1.6587281319169331,EXP,18.51559,18.270956,0.058594454,0.057646614,,13.0,ok_dr10
ZTF25aadhuhm,2.17907661925208,SER,18.68137,18.522038,0.089444116,0.043961313,,23.0,ok_dr10
ZTF21aajmkrd,1.9905408223533911,REX,22.780258,22.307634,0.47724628,0.22381732,,22.0,ok_dr10
ZTF21aalezap,0.27031784477111204,DEV,21.664444,21.28862,0.30273625,0.26895374,,24.0,ok_dr10
ZTF20adaduxg,0.8436970345943364,SER,,,,,,18.0,ok_dr10
ZTF20acxkfrm,6.502474223678511,SER,16.58711,16.358099,0.020788819,0.0092712315,,9.0,ok_dr10
ZTF21aavhsdw,,,,,,,,,empty
ZTF23abjzkqu,1.808937589555234,EXP,20.03862,19.75763,0.1071162,0.07426053,,9.0,ok_dr10
ZTF21aagsysd,2.7515626002723526,EXP,19.648869,19.79668,0.13058558,0.06828375,,6.0,ok_dr10
ZTF20abeeyrs,0.18195363118767802,REX,21.226898,21.07101,0.213931,0.122981,,13.0,ok_dr9
ZTF21aapxogj,0.6901900252133574,SER,15.799727,15.362827,0.05018,0.009189,0.060073,10.0,ok_dr9
ZTF18abffyqp,9.770331690065284,REX,20.98581,,0.030869,0.107621,,17.0,ok_dr9
ZTF21aagtqkc,0.09374952407861953,SER,16.459904,15.814768,0.12107325,0.0135842,,15.0,ok_dr10
ZTF19abimlck,,,,,,,,,empty
ZTF22aaylnhq,,,,,,,,,empty
ZTF21acoqbuo,,,,,,,,,empty
ZTF22aaohpmz,4.032636711546227,SER,17.309435,16.67398,0.104509,0.022921,0.087951,12.0,ok_dr9
ZTF19aakiyly,1.9012554741719272,EXP,22.217005,22.829529,0.098844774,0.2378777,,19.0,ok_dr10
ZTF20aarcpql,4.075606679711002,DUP,,,,,,14.0,ok_dr10
ZTF19acdtpow,0.5015159125560104,SER,18.66283,18.230083,0.0956,0.032282,,11.0,ok_dr9
ZTF25aaiylpu,,,,,,,,,empty
ZTF24abuuyen,2.023184773685685,SER,17.51701,17.10481,0.047312,0.012657,0.07413,11.0,ok_dr9
ZTF21aavhlry,3.813447963889858,EXP,15.581703,15.141661,0.030541766,0.0050723795,0.038522165,9.0,ok_dr10
ZTF25aarutzn,0.8380751429915505,SER,19.473541,19.264206,0.107807,0.044229,,10.0,ok_dr9
ZTF18aaxkjmm,0.5678609861258467,SER,19.765043,19.208908,0.262477,0.046623,,17.0,ok_dr9
ZTF19achagst,11.291751401561847,SER,14.787031,14.033222,0.0678,0.009267,0.068803,6.0,ok_dr9
ZTF21abothvq,0.36099705292507656,REX,23.003735,23.181826,0.59652185,0.48307994,,11.0,ok_dr10
ZTF21aanvncv,4.296535683452515,REX,20.876997,19.42453,0.45470956,0.12634213,,17.0,ok_dr10
ZTF23aarytnu,,,,,,,,,empty
ZTF20abglyot,2.915655653572374,REX,22.34702,22.332647,0.48913333,0.3807216,,30.0,ok_dr10
ZTF20aaifzfk,9.603055230449087,SER,14.629787,14.025599,0.030056112,0.006033396,0.03180646,16.0,ok_dr10
ZTF21aakyqkb,8.957748064883274,SER,16.126654,15.482512,0.041742515,0.013475087,,8.0,ok_dr10
ZTF25aatkssj,2.20970179962472,DUP,,,,,,31.0,ok_dr10
ZTF19aavkhuy,3.9820174795290155,REX,22.466644,20.969917,0.99771,0.100394,,18.0,ok_dr9
ZTF22aajhlat,1.8680618780693725,SER,17.834517,17.32805,0.083651,0.020352,,9.0,ok_dr9
ZTF24abxwizt,1.668165061410053,SER,15.515669,14.882642,0.063276,0.007236,,13.0,ok_dr9
ZTF22aazgmum,4.021069673540698,REX,23.395967,22.798819,0.5903884,0.25743675,,21.0,ok_dr10
ZTF19aabbnzo,,,,,,,,,empty
ZTF19acbrzzr,0.7446192423296303,SER,19.06967,18.867283,0.055787247,0.054987077,,5.0,ok_dr10
ZTF22aawzdti,,,,,,,,,empty
ZTF23aabtfho,9.538924057500106,REX,22.48384,23.868832,0.29214615,0.3847014,,21.0,ok_dr10
ZTF19aavhblr,0.6924457287275873,SER,18.659752,18.309961,0.08046713,0.018416038,,7.0,ok_dr10
ZTF17aacpbmv,0.2804340534499671,DEV,16.893377,16.644363,0.032497883,0.010250924,0.023157034,13.0,ok_dr10
ZTF20aairvsi,0.13645625745390294,REX,24.002495,23.083565,0.919346,0.167556,,13.0,ok_dr9
ZTF21acgqhru,3.52364038285113,DEV,23.58989,23.927546,1.2515588,0.6359172,,42.0,ok_dr10
ZTF20aakxwgy,1.8033612065247582,SER,15.123737,14.449108,0.04200884,0.0059956275,,14.0,ok_dr10
ZTF21acgyywa,0.15517714830168183,SER,18.077208,18.026054,0.041280806,0.035839766,,24.0,ok_dr10
ZTF22aalpfln,3.6131264216869785,SER,16.507353,15.676879,0.095886,0.020739,0.086288,16.0,ok_dr9
ZTF23aaqixha,9.629191091610956,DUP,,,,,,11.0,ok_dr10
ZTF18abchinz,0.04744198766796192,SER,14.608543,14.085099,0.03467,0.009394,,8.0,ok_dr9
ZTF20aagzchj,4.021947431873756,SER,16.393663,15.75846,0.03590198,0.010225048,,13.0,ok_dr10
ZTF19aarhxgn,1.9367721886020028,SER,15.280979,14.762141,0.034772,0.007597,,13.0,ok_dr9
ZTF19aarfkch,0.9395775197529835,EXP,22.97057,23.95398,0.083333,0.338561,,10.0,ok_dr9
ZTF24abcrgam,0.13584024457091964,DEV,16.989445,16.31731,0.09706,0.015739,0.059904,18.0,ok_dr9
ZTF24aajhlhf,2.1242849192357816,SER,16.752527,16.405039,0.06585508,0.014039426,0.06966359,25.0,ok_dr10
ZTF18acsofdh,1.854396239812607,SER,16.630827,16.011219,0.086383,0.0144,,6.0,ok_dr9
ZTF19abyflzw,,,,,,,,,empty
ZTF23abhzoyw,2.3277175032511863,SER,16.556751,15.701243,0.0786407,0.015171486,0.065657176,16.0,ok_dr10
ZTF19adfuzrc,0.5823484948271765,SER,15.926758,15.566635,0.023410177,0.015149008,,22.0,ok_dr10
ZTF19adafqoe,14.527934450731511,REX,23.134935,21.553701,0.73751,0.376854,,7.0,ok_dr9
ZTF25abjecux,4.762633646864166,SER,15.620331,15.397825,0.014982,0.005551,,17.0,ok_dr9
ZTF19aaezwmr,,,,,,,,,empty
ZTF23aadudtr,1.643348804342475,REX,22.946012,,0.46814775,0.62402517,,22.0,ok_dr10
ZTF22aakaygk,0.058636617017359574,DEV,20.966696,20.910315,0.48262253,0.66121566,,47.0,ok_dr10
ZTF23aaaehem,1.6679295988674399,EXP,,15.627786,,,,7.0,ok_dr10
ZTF24abwsvdz,7.3946904729453635,SER,16.815502,16.608042,0.04257015,0.02504833,,15.0,ok_dr10
ZTF23ababkmo,3.4591532814612687,REX,23.063036,22.864939,1.1042364,0.56807303,,13.0,ok_dr10
ZTF25aasnrmc,0.7944987147839566,SER,18.799276,18.332361,0.07857234,0.023356862,,63.0,ok_dr10
ZTF20abmspyz,6.844903466171469,EXP,22.04439,20.549973,0.674864,0.10267119,,14.0,ok_dr10
ZTF18abtogdl,0.18834711118758027,EXP,19.776596,19.439344,0.109811,0.036355,,16.0,ok_dr9
ZTF25aaluerd,1.4135745728102684,DUP,,,,,,12.0,ok_dr10
ZTF20aabqkla,2.0899699789479946,EXP,22.183565,23.696695,0.15366313,0.6570441,,35.0,ok_dr10
ZTF22abfvsbt,1.957296227110558,DUP,,,,,,5.0,ok_dr9
ZTF24abiktwr,4.552397062546299,DUP,,,,,,46.0,ok_dr10
ZTF19aayfaum,10.251513516478067,REX,22.672483,22.320433,0.599394,0.388115,,11.0,ok_dr9
ZTF20abxyjtx,8.8305631372264,EXP,18.08273,18.133032,0.008281811,0.0050436053,,15.0,ok_dr10
ZTF24abcnnlb,0.28707748651582665,SER,,18.219238,,,,13.0,ok_dr10
ZTF24abnafgr,0.49946582739872725,SER,15.782816,15.185236,0.039956,0.006961,0.038826,11.0,ok_dr9
ZTF19aailvhf,1.1732061343408082,SER,16.28063,15.482557,0.06492624,0.019210216,0.029596113,20.0,ok_dr10
ZTF19aapafit,6.131286999884296,SER,15.250779,15.095426,0.017329,0.004547,0.018346,11.0,ok_dr9
ZTF19acbmjrp,4.096474204865355,REX,23.474922,22.451796,0.93487525,0.14402448,,25.0,ok_dr10
ZTF25aatupjy,1.1632843287024268,SER,19.058077,19.04569,0.04617,0.148548,,5.0,ok_dr9
ZTF23aaqqjxv,,,,,,,,,empty
ZTF23aaapldg,,,,,,,,,empty
ZTF24abydqbu,3.483333614326295,SER,14.726508,14.043251,0.05557157,0.0065366207,,11.0,ok_dr10
ZTF24abzkdil,0.7411740616733182,SER,14.946866,14.29896,0.079346,0.005785,,18.0,ok_dr9
ZTF21acermmd,1.5192627920705182,SER,16.624886,16.02073,0.029475,0.006358,,5.0,ok_dr9
ZTF22aaimbfz,0.06521697079102522,SER,16.078611,15.536772,0.071749,0.012951,,21.0,ok_dr9
ZTF22abcuctb,2.7941013276399036,REX,17.64395,17.3168,0.086035,0.013757,0.092454,8.0,ok_dr9
ZTF22aativsd,,,,,,,,,empty
ZTF18aarszsc,0.11480936280035314,SER,16.015633,15.538656,0.056154,0.03547,,15.0,ok_dr9
ZTF23aamwiqd,,,,,,,,,empty
ZTF19abgbkwv,1.5096516789243661,REX,24.13874,23.394918,0.74054325,0.288704,,31.0,ok_dr10
ZTF20abegate,0.797112418137194,SER,15.616112,15.137206,0.044395,0.00972,,7.0,ok_dr9
ZTF21abcwsho,1.3023128155096464,SER,16.43559,15.720647,0.07436563,0.0051093902,0.074101746,17.0,ok_dr10
ZTF20abgxlut,0.05941947609831468,REX,17.419008,19.747072,,,,22.0,ok_dr10
ZTF18aaxmhvk,1.0756809387322832,REX,22.864517,22.774948,0.5695,0.330985,,14.0,ok_dr9
ZTF19acyqdxa,1.4520079790161344,REX,21.78882,21.533428,0.17371303,0.11176043,,24.0,ok_dr10
ZTF24abmuwqd,4.066709976667525,EXP,17.007801,16.496841,0.084045,0.015536,,5.0,ok_dr9
ZTF18aaaorhy,0.05536923802213928,SER,17.9184,17.190697,0.111665,0.041161,,14.0,ok_dr9
ZTF24abxzhim,5.998569890222206,REX,23.800861,22.672752,0.9598595,0.17461185,,10.0,ok_dr10
ZTF18acbzoyh,0.5962465177781108,DEV,21.663157,21.545303,0.152994,0.301136,,8.0,ok_dr9
ZTF20aasijew,0.2953822689243844,REX,18.839884,19.24481,0.004489,0.004923,,18.0,ok_dr9
ZTF18abwlupf,0.37221393550291165,SER,18.827877,18.240122,0.141157,0.034245,,17.0,ok_dr9
ZTF20acwkwqn,0.5617643034119522,SER,,16.333788,,,,7.0,ok_dr10
ZTF20abqnztv,,,,,,,,,empty
ZTF23ablkbom,,,,,,,,,empty
ZTF23abauhvi,1.309341992003188,EXP,19.895048,19.739246,0.043706,0.042551,,18.0,ok_dr9
ZTF24aakajby,,,,,,,,,empty
ZTF23aaiytpy,5.672060902639685,DUP,,,,,,21.0,ok_dr10
ZTF18acahbqb,8.438360430350112,REX,23.6674,23.670708,0.7600079,0.49865636,,21.0,ok_dr10
ZTF23absdvtp,1.863227533200481,SER,21.347107,21.161589,0.18275267,0.12860754,,22.0,ok_dr10
ZTF20abajdvf,1.561517005624964,SER,19.168833,18.634825,0.145403,0.069148,,10.0,ok_dr9
ZTF20acaapwk,,,,,,,,,empty
ZTF21acdenty,,,,,,,,,empty
ZTF20aacewxb,1.1362804275353842,EXP,23.214014,22.875523,0.87545943,0.72054803,,21.0,ok_dr10
ZTF22abeijrg,5.981895844922566,EXP,21.98519,20.643797,0.93960977,0.09326139,,34.0,ok_dr10
ZTF20abgbiet,,,,,,,,,empty
ZTF19abrbmvt,3.0042605816383983,EXP,21.264536,23.095556,0.08387149,0.06312847,,22.0,ok_dr10
ZTF19acgjosf,6.363654909203923,REX,16.020882,15.438332,0.078487344,0.0072204834,0.07049208,17.0,ok_dr10
ZTF22aajowwt,0.3449549103515005,DUP,,,,,,11.0,ok_dr10
ZTF19aanonjt,9.295351468230121,REX,22.288256,21.63128,0.5967347,0.06442233,,17.0,ok_dr10
ZTF23aaotvsl,7.111143291987968,SER,15.510629,14.693579,0.058966,0.014653,,9.0,ok_dr9
ZTF21abahgst,1.252627664466677,EXP,19.244041,18.856161,0.10603207,0.11957179,,16.0,ok_dr10
ZTF23aaekejj,,,,,,,,,empty
ZTF19abgrchq,3.2275189636175505,SER,16.767815,16.436514,0.039976038,0.009884943,0.0297,25.0,ok_dr10
ZTF21aaxksct,2.189920978419356,EXP,17.565924,17.087488,0.096038,0.012752,,14.0,ok_dr9
ZTF20acrdadi,4.323728670004483,SER,15.944246,15.264653,0.06125213,0.0064378157,,11.0,ok_dr10
ZTF21aakybgi,2.420607598058609,DUP,,,,,,11.0,ok_dr10
ZTF22abfuosd,6.4380070975942365,REX,19.760157,,0.063128,0.039252,,11.0,ok_dr9
ZTF25abmnhes,,,,,,,,,empty
ZTF19acardcs,0.5249626532802937,SER,15.597362,14.936759,0.07679591,0.009342795,,18.0,ok_dr10
ZTF25acembpx,4.200870906497325,EXP,22.100676,22.127935,0.10452772,0.21217202,,35.0,ok_dr10
ZTF23absbygq,0.22905011446749335,SER,17.549055,17.14458,0.074789,0.015627,0.080792,12.0,ok_dr9
ZTF21aaqwjlz,9.626641783015591,REX,24.60047,24.36008,1.1745882,0.559696,,9.0,ok_dr10
ZTF23abvryfw,5.499194820657464,REX,20.208681,21.387999,0.034156,0.088573,,24.0,ok_dr9
ZTF20aaaddgy,,,,,,,,,empty
ZTF22aadexro,3.7722446289992524,SER,17.591974,17.319036,0.08302198,0.2688448,,19.0,ok_dr10
ZTF20acpxvez,1.3040408783163089,SER,16.720839,16.3859,0.054906,0.014136,0.050804,15.0,ok_dr9
ZTF20aacevxq,,,,,,,,,empty
ZTF19abueupg,4.31629405419732,EXP,21.14199,,0.016072,0.157754,,23.0,ok_dr9
ZTF21aatjavc,1.3902207298521339,EXP,21.274965,21.379345,0.22786622,0.4219971,,36.0,ok_dr10
ZTF25abkrljh,0.8425278700142207,EXP,19.826607,19.582586,0.076880515,0.04286536,,17.0,ok_dr10
ZTF18aavqdyq,1.0592392962972181,EXP,22.897848,25.271807,0.096327,0.400609,,18.0,ok_dr9
ZTF23aaoxngr,0.996391866853339,EXP,21.006916,21.260479,0.089027,0.176883,,13.0,ok_dr9
ZTF23aaaaiuc,,,,,,,,,empty
ZTF19aaloqmd,6.423793312769917,SER,17.234888,16.92139,0.02529087,0.012796122,0.033501,12.0,ok_dr10
ZTF21ablrhtk,2.101177720124482,SER,17.006584,16.286835,0.06662315,0.018056324,0.058086477,10.0,ok_dr10
ZTF21abmdnft,1.7400782034104345,EXP,21.058294,21.422531,0.07099636,0.20311426,,41.0,ok_dr10
ZTF20abmgzuf,9.090858713735303,REX,23.652334,21.67277,0.836359,0.246303,,3.0,ok_dr9
ZTF19accmboe,0.1931284978979601,SER,16.670115,16.1738,0.029207,0.007342,,18.0,ok_dr9
ZTF23aadrttb,3.364690309300779,SER,17.16517,16.86064,0.0744668,0.012143556,0.07484448,15.0,ok_dr10
ZTF23aackdba,0.5915577874085748,DUP,,,,,,22.0,ok_dr10
ZTF25acgfksh,6.606469151751108,DUP,,,,,,19.0,ok_dr10
ZTF21abaphri,1.4281890287873058,SER,15.865802,15.28133,0.068509,0.01512,,20.0,ok_dr9
ZTF25acgmrgz,2.4521113468078894,EXP,24.035866,21.766994,1.1884094,0.20211034,,24.0,ok_dr10
ZTF21abmxkcq,3.1129937081295203,DUP,,,,,,27.0,ok_dr10
ZTF21aauzzny,3.2461356186737005,SER,,,,,,14.0,ok_dr10
ZTF23abqiykq,0.5709674553656011,SER,19.42559,19.16971,0.09006803,0.046888873,,28.0,ok_dr10
ZTF20ackdkva,,,,,,,,,empty
ZTF24aavydau,10.69824373608764,SER,16.362679,15.77013,0.033765,0.019527,0.049818,5.0,ok_dr9
ZTF21abwunpp,,,,,,,,,empty
ZTF18accngfb,7.805664139041555,REX,23.388865,22.459513,0.8981739,0.2116887,,15.0,ok_dr10
ZTF21aaoqcnh,,,,,,,,,empty
ZTF21aazfmxb,,,,,,,,,empty
ZTF20acpqbfu,,,,,,,,,empty
ZTF22abmsaxp,4.366351041816092,SER,12.197419,11.745656,0.008001408,0.003618427,,8.0,ok_dr10
ZTF19aanovps,0.4135752568959787,SER,18.195648,17.886509,0.098006,0.031014,,6.0,ok_dr9
ZTF22abyokkf,2.413857034825175,SER,17.222908,17.005068,0.016152127,0.006807746,,20.0,ok_dr10
ZTF25abxvhmk,9.203220143126671,SER,17.962816,17.384235,0.18630978,0.20210548,,22.0,ok_dr10
ZTF19acjwdnu,0.31066280759800885,REX,21.986725,21.823666,0.1185265,0.28952736,,25.0,ok_dr10
ZTF23aanpuwv,1.2385369683929977,SER,18.95432,18.661732,0.09859594,0.028491389,,31.0,ok_dr10
ZTF20ablqbvc,0.7814102902785405,SER,18.03737,17.495281,0.067783296,0.009793818,0.04900465,27.0,ok_dr10
ZTF19aaljcsu,0.7302349558887924,SER,18.22127,17.744314,0.07101992,0.015730292,,14.0,ok_dr10
ZTF19aaktpns,0.7129016315291051,SER,17.417692,16.733511,0.06285378,0.007273975,,25.0,ok_dr10
ZTF20acuimtq,2.9419394785247626,SER,19.061415,18.803352,0.061675,0.024494,,10.0,ok_dr9
ZTF24abhptym,14.437258827248685,DUP,,,,,,8.0,ok_dr10
ZTF19acrcupt,,,,,,,,,empty
ZTF25aapuyuf,,,,,,,,,empty
ZTF21abqzays,3.5671881697469945,DEV,,,,,,28.0,ok_dr10
ZTF24aabbxvs,0.7995806939685828,SER,18.663908,17.994099,0.23253903,0.062340897,,12.0,ok_dr10
ZTF25acilyrg,3.2337217807228784,SER,13.84992,13.104578,0.02159267,0.006202668,,18.0,ok_dr10
ZTF21abotose,0.23399111824196756,SER,17.970535,17.558247,0.053479884,0.018146755,,16.0,ok_dr10
ZTF20aadyyvk,0.16216037827493504,EXP,21.900925,21.602541,0.267498,0.24041,,13.0,ok_dr9
ZTF22abfvvpv,1.320441235976652,SER,15.101223,14.622204,0.043591574,0.01050331,,33.0,ok_dr10
ZTF20abcgjvq,2.4443840337963985,REX,20.67209,20.525745,0.0757057,0.3825688,,28.0,ok_dr10
ZTF24aahefwy,,,,,,,,,empty
ZTF22abakwvc,7.167654303823281,DEV,15.15164,14.478432,0.035248,0.006866,,11.0,ok_dr9
ZTF18acxijqw,1.2962466621582198,SER,17.38173,16.779873,0.11121612,0.031653523,,17.0,ok_dr10
ZTF19abppewc,,,,,,,,,empty
ZTF21aamobbh,,,,,,,,,empty
ZTF23aapcllu,1.6882928509418142,EXP,19.167301,18.730728,0.042851463,0.020980295,,19.0,ok_dr10
ZTF20ackzfvn,0.5002580118556543,DUP,,,,,,41.0,ok_dr10
ZTF25aaoruek,6.021688725909627,REX,21.481712,21.5974,0.378818,0.277887,,26.0,ok_dr9
ZTF23aaqniyk,,,,,,,,,empty
ZTF24aatsiox,3.721091526267587,REX,20.978382,21.002686,0.059225224,0.3192484,,20.0,ok_dr10
ZTF19acrbyzj,5.181732402225877,SER,14.169856,13.721417,0.025397452,0.00411577,,24.0,ok_dr10
ZTF19aanxgrz,11.185295672917949,SER,12.269835,11.669702,0.01234,0.004857,,8.0,ok_dr9
ZTF25aaipveb,0.32435882152190265,EXP,20.647694,20.203613,0.15471444,0.29481873,,10.0,ok_dr10
ZTF21acjxsrf,4.880719366983524,REX,24.187523,22.431349,0.9703535,0.15799075,,12.0,ok_dr10
ZTF19abkgjmj,0.11121202283223078,EXP,23.523123,20.58371,1.0029678,0.19590251,,16.0,ok_dr10
ZTF20aamoaim,1.6769234580742627,REX,19.491348,19.480883,0.049417,0.049655,,22.0,ok_dr9
ZTF22abtoves,0.1351217413552477,REX,23.907482,23.800585,1.1984054,0.56587374,,16.0,ok_dr10
ZTF25aajqkss,1.0084516666053631,SER,17.972599,17.529848,0.07737467,0.013528362,,13.0,ok_dr10
ZTF20abzjpsv,0.9015294994405502,SER,17.555103,17.146936,0.07574156,0.013917865,,17.0,ok_dr10
ZTF24abxvqao,2.3689604703496356,SER,18.77219,18.347921,0.11709598,0.03687857,,24.0,ok_dr10
ZTF22aagvrlq,0.02295502410383679,DEV,20.853712,19.815853,0.45350373,0.02543021,,19.0,ok_dr10
ZTF24abdjago,2.0532869812372194,EXP,20.065517,20.11879,0.01222679,0.17602678,,12.0,ok_dr10
ZTF22aaajbnz,0.1326351096312529,SER,16.228836,15.801227,0.03724048,0.01175359,,33.0,ok_dr10
ZTF20abndzyc,0.7091244623884437,REX,17.2601,16.609028,0.067407,0.013768,,13.0,ok_dr9
ZTF21aaxswlc,0.5664278989639729,SER,19.213823,19.054089,0.078207,0.045696,,9.0,ok_dr9
ZTF20aadxcsc,0.0900332631251428,DUP,,,,,,15.0,ok_dr10
ZTF21abhrchb,9.09234361475403,SER,15.501675,14.632415,,,,15.0,ok_dr10
ZTF20abyzomt,4.853972572549335,SER,14.703672,14.453695,0.027736317,0.0054240404,,16.0,ok_dr10
ZTF21abplsmq,,,,,,,,,empty
ZTF24abkauuv,7.636562732600432,SER,15.777488,15.004624,0.061981767,0.0060259644,,11.0,ok_dr10
ZTF24aawlglu,0.20670306859355278,EXP,,19.891502,,,,16.0,ok_dr10
ZTF18abucnqk,,,,,,,,,empty
ZTF21abpjpxr,0.6306371879525299,DEV,17.237698,16.653614,0.071894914,0.010452267,,9.0,ok_dr10
ZTF19aaknqmp,0.9894096096271798,SER,20.196365,20.145191,0.16816033,0.09464663,,13.0,ok_dr10
ZTF18acrncou,6.408027728736557,SER,18.86522,18.589483,0.08486498,0.037398685,,12.0,ok_dr10
ZTF23ablimhl,1.7784596915566795,SER,16.809511,16.082664,0.08068357,0.009824149,,29.0,ok_dr10
ZTF20acwujgz,1.178302226028798,EXP,21.622593,21.203333,0.29840863,0.13272294,,28.0,ok_dr10
ZTF20abbjwgc,3.0788828436806486,SER,15.76787,15.501316,0.028387893,0.005236123,0.046641387,16.0,ok_dr10
ZTF25aairaww,2.875943960917379,SER,21.052982,19.918467,0.6670233,0.044101365,,23.0,ok_dr10
ZTF23abeoblh,2.7174985099600852,REX,19.461388,19.14657,0.09227771,0.028336681,,15.0,ok_dr10
ZTF24abmkoqc,0.28748703278415433,REX,23.476429,23.094162,1.1768725,0.37665138,,7.0,ok_dr10
ZTF20acwofhd,2.1628979723862938,REX,16.650774,16.807692,0.005817,0.014598,,10.0,ok_dr9
ZTF24abuvmuo,3.28304374330095,SER,20.275284,20.23412,0.08326378,0.18379876,,17.0,ok_dr10
ZTF25aagbsgv,1.0103329180306544,SER,16.209219,15.825107,0.056124,0.010113,0.056906,22.0,ok_dr9
ZTF24aaqajrc,3.460197636610617,SER,17.67234,17.262966,0.037729956,0.010453413,,14.0,ok_dr10
ZTF22aakpyqw,9.891640848916278,SER,13.65245,13.189061,0.023997597,0.0045015435,0.029754635,12.0,ok_dr10
ZTF19aabvfwn,2.9530695342159268,SER,20.018871,18.92564,0.4457179,0.21159771,,18.0,ok_dr10
ZTF25ablgkgi,1.3316813393445308,SER,20.823118,20.011784,0.3898708,0.10595877,,32.0,ok_dr10
ZTF25abwkiga,6.00402006107088,REX,23.00231,23.666422,0.17579313,0.35236418,,33.0,ok_dr10
ZTF20aaspvan,,,,,,,,,empty
ZTF24aahjhtv,2.041440903756639,REX,15.822577,15.388184,0.05999,0.009588,0.067396,16.0,ok_dr9
ZTF18abtfrbf,5.978517589765453,SER,21.125816,22.04969,0.052352,0.11186687,,21.0,ok_dr10
ZTF22aadeuwu,12.131306599869797,EXP,21.757761,20.799961,0.633243,0.082812,,10.0,ok_dr9
ZTF19abdduix,0.4246048652797001,EXP,22.70611,22.319878,0.908852,0.347704,,8.0,ok_dr9
ZTF25aaoxgwp,0.3854579302926118,REX,22.737083,21.948837,0.529038,0.248096,,16.0,ok_dr9
ZTF23aabyiby,1.8017225217877095,SER,17.550625,16.77366,0.063493244,0.013366455,,12.0,ok_dr10
ZTF20aatvdwr,4.421349887665617,REX,23.664461,23.804472,1.0131738,0.59406096,,27.0,ok_dr10
ZTF19acbonaa,,,,,,,,,empty
ZTF19abgmkef,1.1840146427174503,SER,18.906542,18.552464,0.08444988,0.02240895,,11.0,ok_dr10
ZTF25abyqaky,,,,,,,,,empty
ZTF24aaumhmm,0.19204477476268547,EXP,20.888746,20.682545,0.12096921,0.07311725,,13.0,ok_dr10
ZTF24aahhlmp,4.725483345685522,REX,23.782211,,0.498484,0.459547,,25.0,ok_dr9
ZTF21aaekmoy,0.40827782053748124,SER,17.299828,16.70374,0.07914226,0.012395995,0.07990446,24.0,ok_dr10
ZTF20abxcycq,6.90969005484932,DUP,,,,,,17.0,ok_dr10
ZTF21abhibro,3.5817358470446647,SER,,,,,,17.0,ok_dr10
ZTF25aaapkzn,0.17697965971727733,REX,21.791647,21.51729,0.11511666,0.47526467,,35.0,ok_dr10
ZTF20aahbfmf,14.829106770302106,REX,23.997154,22.680271,0.99023604,0.11500645,,18.0,ok_dr10
ZTF21abshszs,,,,,,,,,empty
ZTF24aampakt,1.0595658506563004,SER,16.73519,16.389036,0.031136204,0.007982091,0.025106523,15.0,ok_dr10
ZTF22aabomyi,0.9992295852097118,SER,18.490416,18.008541,0.17234623,0.02014716,,19.0,ok_dr10
ZTF22abgwgsv,3.652170369336732,REX,18.802883,18.934074,0.014469724,0.013178407,,21.0,ok_dr10
ZTF20abgbwmt,6.162654543179933,REX,19.10238,19.134138,0.012545475,0.01421181,,8.0,ok_dr10
ZTF19aatgznl,2.1439885826726415,SER,16.412209,15.852651,0.048769,0.022128,0.067137,14.0,ok_dr9
ZTF22aaacvyy,5.615134312553407,EXP,18.594385,18.070112,0.152343,0.030201,,6.0,ok_dr9
ZTF22aasvuof,2.8697386213825067,SER,14.132069,13.582519,0.03215249,0.005611038,,15.0,ok_dr10
ZTF19adbsblp,1.4779716248914385,DUP,,,,,,10.0,ok_dr10
ZTF20acxnafa,6.256063570816775,SER,16.387825,15.914831,0.057728898,0.00940495,,9.0,ok_dr10
ZTF20aaxunbm,10.15059371001532,SER,16.595953,16.12267,0.043563,0.010034,0.054654,10.0,ok_dr9
ZTF23aaagncz,0.4748270918411064,SER,16.13415,15.492809,0.035271,0.004618,0.031049,21.0,ok_dr9
ZTF22abfyqsc,0.8249336963828459,SER,19.620934,19.267206,0.071117476,0.037686776,,17.0,ok_dr10
ZTF24aapzzfc,10.878475600040309,SER,,,,,,12.0,ok_dr10
ZTF25acdbsrg,4.098438215233591,DUP,,,,,,7.0,ok_dr10
ZTF18achdidy,0.3424221843984466,REX,22.755196,22.72245,0.5180597,0.22077139,,13.0,ok_dr10
ZTF19aamoqxy,4.28892186306971,SER,16.294443,15.81987,0.054150485,0.009382227,0.080988914,25.0,ok_dr10
ZTF25aaddfzb,7.453612260384084,REX,25.101942,23.915466,1.1229262,0.51965004,,47.0,ok_dr10
ZTF21abvctva,0.866288163966656,SER,16.075802,15.503104,0.058732077,0.007994569,,23.0,ok_dr10
ZTF19aauxxgk,,,,,,,,,empty
ZTF19abqhobb,2.7727930616105327,SER,15.77201,15.45845,0.016504,0.004881,0.018154,11.0,ok_dr9
ZTF19acxxwiz,0.08683805084294488,REX,22.99305,22.35713,0.6617935,0.11674174,,7.0,ok_dr10
ZTF21aalxurs,7.661831726292313,DEV,16.178024,15.514045,0.085134,0.006792,0.079261,8.0,ok_dr9
ZTF23abrydus,1.4012593424953217,SER,18.740501,18.259233,0.11471536,0.022972923,,11.0,ok_dr10
ZTF19aaippyv,0.03271846504072622,SER,16.470482,15.926307,0.095189214,0.027438624,,11.0,ok_dr10
ZTF20abtfnpl,0.8845244826085172,SER,17.206194,16.789728,0.048017938,0.021249652,,12.0,ok_dr10
ZTF21aayqrgx,0.22330330636660034,REX,18.01863,17.649008,0.084663,0.022229,,12.0,ok_dr9
ZTF20acngnrs,4.629987736766479,SER,20.479792,20.347162,0.14666103,0.3393397,,32.0,ok_dr10
ZTF20aafjjqj,1.1609852122676978,SER,14.643379,14.313053,0.03389,0.006197,0.040759,13.0,ok_dr9
ZTF20aaswzdm,3.3417102750538064,SER,16.050896,15.662474,0.035496,0.006594,,14.0,ok_dr9
ZTF21aaabzsj,0.7908740087878842,DUP,,,,,,12.0,ok_dr10
ZTF21acmtqzi,0.8063808463269027,SER,15.488721,14.786765,0.051862523,0.008294656,0.04644904,10.0,ok_dr10
ZTF18acbxudr,,,,,,,,,empty
ZTF20acoredl,7.016283866792355,SER,14.73466,14.079888,0.053198628,0.0041162386,,24.0,ok_dr10
ZTF25aaqsnsq,1.3801199242223792,SER,16.68089,16.000341,0.060837403,0.006035359,,19.0,ok_dr10
ZTF19aayjqpa,9.232266520468047,DUP,,,,,,12.0,ok_dr9
ZTF22aaybwtp,,,,,,,,,empty
ZTF24aaxmpne,1.9568168960106787,EXP,21.695356,21.616522,0.1578953,0.5470001,,34.0,ok_dr10
ZTF22aapubaf,15.853409291754774,EXP,20.167837,20.37399,0.03875389,0.059559166,,4.0,ok_dr10
ZTF18aagrtxs,8.006273084161473,SER,13.871971,13.30485,0.027578,0.003914,0.029709,10.0,ok_dr9
ZTF22aaknmbw,0.5799343362293524,SER,19.284575,19.155027,0.048364,0.039691,,12.0,ok_dr9
ZTF21aackkcp,2.851779758180953,EXP,20.24283,19.799122,0.18712312,0.045877922,,16.0,ok_dr10
ZTF18acyyhgi,2.1466084451192162,REX,15.161341,14.647395,0.042960882,0.008182005,0.037039373,22.0,ok_dr10
ZTF22abeipbi,,,,,,,,,empty
ZTF19aanqzhm,1.1506403608400366,EXP,18.067863,17.828611,0.051775,0.022228,,19.0,ok_dr9
ZTF19aakiyed,2.0371152689254406,REX,17.399105,17.046488,0.08369,0.024934,0.044902,13.0,ok_dr9
ZTF22aagvgwl,0.60848429429098,SER,19.936422,20.327988,0.015711488,0.13029253,,28.0,ok_dr10
ZTF18aayxupv,1.1952929651545234,SER,17.913313,17.31882,0.10103334,0.020317143,,11.0,ok_dr10
ZTF19abtslqm,5.5351813774597485,SER,15.193618,14.872082,0.030565476,0.007200158,,22.0,ok_dr10
ZTF25aahmecj,0.2234681213673931,SER,19.115505,18.794563,0.090533,0.038461,,11.0,ok_dr9
ZTF20abyyvrw,6.00709110381171,REX,23.014107,20.981539,0.785089,0.342765,,14.0,ok_dr9
ZTF25aciomvg,2.1953841178742968,SER,18.686823,18.335276,0.073409,0.025193,,14.0,ok_dr9
ZTF24aaguphd,2.225816214496565,EXP,21.446474,22.422598,0.093153,0.382912,,10.0,ok_dr9
ZTF23aacfkak,9.532491443290056,DUP,,,,,,23.0,ok_dr10
ZTF20aarbvub,4.824185587651248,REX,20.777042,,0.016888,0.139311,,22.0,ok_dr9
ZTF20abjucyd,,,,,,,,,empty
ZTF21aaazjia,0.7151640009123689,REX,22.074173,22.227821,0.23095241,0.16719633,,17.0,ok_dr10
ZTF22abfwihc,,,,,,,,,empty
ZTF19abraqpf,,,,,,,,,empty
ZTF21aazwtoz,2.924974136555407,SER,19.524088,19.189718,0.10789906,0.02797509,,20.0,ok_dr10
ZTF19acmyacs,8.761810933952809,SER,18.611046,18.433327,0.010662538,0.07625239,0.008691199,19.0,ok_dr10
ZTF24abihsvi,11.050276081879419,REX,23.569271,22.502813,0.89226174,0.20331427,,24.0,ok_dr10
ZTF21aaqmqyp,14.434429057827252,REX,,21.974499,,,,6.0,ok_dr10
ZTF25abbzctu,,,,,,,,,empty
ZTF23abkfsny,1.7847678181043471,SER,22.952667,22.67218,0.34441924,0.3530259,,47.0,ok_dr10
ZTF22abtdarf,0.6543267331464131,DUP,,,,,,10.0,ok_dr10
ZTF24aabuaij,,,,,,,,,empty
ZTF22aahgxbx,0.04320563853026186,SER,14.874702,14.515627,0.03468398,0.009947119,,14.0,ok_dr10
ZTF21abcgnqn,0.18991826142732318,SER,16.805574,16.205767,0.051998,0.006927,0.046768,10.0,ok_dr9
ZTF22abgiayt,0.08692603311676239,REX,19.269955,,,,,19.0,ok_dr10
ZTF19abaejto,3.23728571532237,SER,16.117954,15.632189,0.05292301,0.009400575,,21.0,ok_dr10
ZTF18aaqvuhl,0.30133073308531155,SER,16.508982,15.854873,0.034567,0.025095,0.031138,9.0,ok_dr9
ZTF25acgytsy,0.9282971310257309,REX,22.000992,22.360638,0.2222275,0.14383215,,40.0,ok_dr10
ZTF22aasxakz,3.413249554972105,EXP,,18.805817,,,,11.0,ok_dr10
ZTF21abzywja,1.4705822565048101,SER,16.529503,15.838508,0.073795,0.009539,0.084094,15.0,ok_dr9
ZTF24abdphgu,5.021369408474506,EXP,18.07039,18.01198,0.008645399,0.017065449,,13.0,ok_dr10
ZTF22aahecwj,9.92816823452082,REX,24.333963,24.162699,1.0458543,0.5247472,,15.0,ok_dr10
ZTF23aabntjw,4.553514957927437,REX,22.449324,22.535067,0.42728573,0.5619465,,13.0,ok_dr10
ZTF21aacvrzy,0.41914688793951943,EXP,21.25335,21.006308,0.11437446,0.19754216,,30.0,ok_dr10
ZTF20achtxbi,1.0778613266171546,REX,22.630985,22.49853,0.7808733,0.56556755,,11.0,ok_dr10
ZTF20abchbds,,,,,,,,,empty
ZTF23aaiecnn,1.9118176164556064,DUP,,,,,,23.0,ok_dr9
ZTF18abvsvjs,0.1564679786078446,DEV,19.272156,19.583178,0.05617492,0.06390172,,14.0,ok_dr10
ZTF19aamhlnl,10.828368930399746,REX,24.05607,23.53338,0.9601218,0.39940923,,21.0,ok_dr10
ZTF25acfyeke,0.03787690040183253,REX,20.124964,19.187878,0.40476283,0.030994248,,8.0,ok_dr10
ZTF21abqfttg,,,,,,,,,empty
ZTF25acldfsf,2.985677846229304,EXP,16.715002,16.515032,0.011624797,0.011012457,,28.0,ok_dr10
ZTF22aadlpkc,6.40959030300334,DUP,,,,,,14.0,ok_dr10
ZTF20abciflj,0.5209825740011491,REX,17.296227,16.998672,0.043211,0.015633,,7.0,ok_dr9
ZTF20acowata,2.9488799012383766,EXP,19.3493,19.280489,0.009403547,0.0325524,,26.0,ok_dr10
ZTF24abdjuga,3.9576325558063887,SER,17.932814,17.613178,0.08637506,0.31579357,,43.0,ok_dr10
ZTF21abvtikp,2.502166828601361,SER,,,,,,7.0,ok_dr10
ZTF25aaqksiw,17.97228411794174,DUP,,,,,,11.0,ok_dr10
ZTF20abpsbyg,9.462690285500948,SER,15.492465,14.873301,0.061484,0.004602,,9.0,ok_dr9
ZTF20abpvolc,0.20868644264370592,SER,18.684244,18.331768,0.08195564,0.023535559,,7.0,ok_dr10
ZTF24abpynxw,0.17884908793183782,EXP,,,,,,5.0,ok_dr10
ZTF24abajmau,,,,,,,,,empty
ZTF21aaqgrrf,0.11306626996796208,SER,20.434559,20.112251,0.12125251,0.042768538,,33.0,ok_dr10
ZTF25aanezba,6.382415566696298,SER,11.66599,11.093913,0.012841,0.0095,,2.0,ok_dr9
ZTF25acfwpoa,,,,,,,,,empty
ZTF21abdcauj,0.11914110837112875,SER,17.163197,16.590591,0.1508949,0.025194248,0.097781286,27.0,ok_dr10
ZTF21acaqdnb,10.425052756400241,DEV,15.211573,14.523292,0.06557968,0.017875595,,21.0,ok_dr10
ZTF22aavwyfw,3.8949900231878045,EXP,20.970875,20.73894,0.077166274,0.2272413,,31.0,ok_dr10
ZTF25aanmuym,0.9944303733673112,REX,23.118963,23.552738,0.5600471,0.5221097,,14.0,ok_dr10
ZTF18acxcokz,0.10006579484629567,DUP,,,,,,10.0,ok_dr10
ZTF19abzplvm,,,,,,,,,empty
ZTF19abxvtmy,2.4559313070026874,SER,15.075535,14.751664,0.01749,0.007182,,21.0,ok_dr9
ZTF21abasxdp,2.4788447954409336,SER,15.83622,15.219343,0.069477,0.005371,0.072067,12.0,ok_dr9
ZTF18abfhryc,1.5633059039587316,REX,22.077576,26.293184,0.63378,0.320879,,15.0,ok_dr9
ZTF22abyanxw,0.31206940659680876,DUP,,,,,,29.0,ok_dr10
ZTF22aaemoot,13.606245381575144,SER,12.791661,12.069603,0.03463511,0.02844595,,7.0,ok_dr10
ZTF20actocyw,5.217930050925089,SER,13.831988,13.205799,0.023783272,0.005346472,,14.0,ok_dr10
ZTF21ackeofr,0.2035844344044265,SER,18.448542,17.913677,0.07650975,0.023084072,,27.0,ok_dr10
ZTF22aaketce,2.0650990956955995,REX,17.086134,16.64499,0.048006475,0.012790323,0.07123622,18.0,ok_dr10
ZTF19aaxzdtw,1.3835528165800992,SER,17.5194,17.460442,0.032428,0.012215,,11.0,ok_dr9
ZTF18abcptmt,1.028915760245108,SER,18.017374,17.768867,0.047323,0.017905,,8.0,ok_dr9
ZTF25aaaecsu,0.16304440712752538,REX,22.770235,23.444885,0.285634,0.251879,,12.0,ok_dr9
ZTF24aatifzm,7.174159091323926,DUP,,,,,,25.0,ok_dr10
ZTF21aapfdqw,4.077066563283588,SER,15.955844,15.480109,0.035519224,0.009037807,,24.0,ok_dr10
ZTF22aaojcoc,3.1847927411899146,SER,17.59484,17.21166,0.099191114,0.012886642,0.09257257,24.0,ok_dr10
ZTF20ackhoov,,,,,,,,,empty
ZTF25aasfkmy,0.3758629259278016,SER,,15.992236,,,,19.0,ok_dr10
ZTF21aagrjag,3.5399826929476568,SER,16.695473,16.250029,0.046510987,0.011981732,0.078704596,53.0,ok_dr10
ZTF20abmxstg,5.054673752122915,REX,21.419458,20.274807,0.544604,0.049577,,8.0,ok_dr9
ZTF19aczkjxn,3.3616192161521785,DUP,,,,,,14.0,ok_dr10
ZTF25abaqwxu,0.5498125394435813,SER,19.70221,19.433393,0.13322103,0.030786512,,17.0,ok_dr10
ZTF23aamzljd,1.7483001003063634,EXP,16.717627,16.433567,0.02617574,0.018688684,,26.0,ok_dr10
ZTF18adayxxz,,,,,,,,,empty
ZTF25abeprnk,3.2396399432829432,SER,15.413448,14.709938,0.09310074,0.011379668,,20.0,ok_dr10
ZTF25aailxex,,,,,,,,,empty
ZTF22abmcfrc,1.7688772227470453,SER,17.517227,17.056036,0.056863,0.011599481,,9.0,ok_dr10
ZTF20aauzoca,0.9897124424265653,EXP,20.51655,20.183107,0.134073,0.056858,,14.0,ok_dr9
ZTF23aajmpsa,1.2492136217937024,DEV,19.650549,19.310553,0.1120057,0.0576722,,15.0,ok_dr10
ZTF23abtlnrc,2.741499852481364,DUP,,,,,,11.0,ok_dr10
ZTF19aavkptg,5.7339263229231605,SER,16.810556,16.204685,0.058971,0.019634,0.037874,17.0,ok_dr9
ZTF18accnyyz,,,,,,,,,empty
ZTF21aaxbgul,0.8906736811375591,EXP,,21.170103,,,,18.0,ok_dr10
ZTF19abzfmak,1.0824467049314401,REX,23.937206,24.304796,1.0532192,0.513228,,23.0,ok_dr10
ZTF25acerukf,10.225059617014857,EXP,18.953976,19.111841,0.009246227,0.008474303,,29.0,ok_dr10
ZTF20aatvzmm,1.7485997408048772,EXP,20.037552,,0.099582,0.168878,,12.0,ok_dr9
ZTF19aacxrab,3.186374134018654,EXP,23.144518,24.267107,0.14141878,0.20431016,,61.0,ok_dr10
ZTF23aaqaasr,1.8405419097349296,REX,18.43177,17.573532,0.14884543,0.03143255,0.0852051,27.0,ok_dr10
ZTF24aahtqlp,,,,,,,,,empty
ZTF21acqtevy,1.007635722691655,EXP,20.532124,20.335333,0.082242,0.04593,,10.0,ok_dr9
ZTF23aaojwkb,3.6698172316626945,REX,17.167648,16.71096,0.076670945,0.010444126,0.07550648,19.0,ok_dr10
ZTF24ablstem,,,,,,,,,empty
ZTF19aamrdmm,,,,,,,,,empty
ZTF20aajystl,6.713472336919721,EXP,20.985847,,0.061143417,0.073741876,,29.0,ok_dr10
ZTF23aawavgx,7.7358618319677275,EXP,17.722342,17.192848,0.057177234,0.023937024,,9.0,ok_dr10
ZTF21aaqqwln,11.232760055277575,SER,15.101961,14.390234,0.055349007,0.010806874,,7.0,ok_dr10
ZTF20aahjymt,0.8833958355434978,SER,19.330528,18.996622,0.08874085,0.031965237,,18.0,ok_dr10
ZTF19aapeime,2.8882737283586635,SER,14.207616,13.529217,0.031725,0.00874,,3.0,ok_dr9
ZTF20abxgwjr,3.7746568747140095,SER,15.276112,14.607827,0.027157,0.021177,,9.0,ok_dr9
ZTF20acwqkuz,1.1101079102202254,DEV,21.385689,21.152288,0.18749,0.141309,,8.0,ok_dr9
ZTF24aaejjps,4.556346749092194,SER,15.995716,15.676056,0.027024943,0.007431376,0.02127087,15.0,ok_dr10
ZTF19abowcic,4.462701303963916,SER,20.454966,21.661215,0.024036,0.053722,,16.0,ok_dr9
ZTF19aaqtcmy,0.22835839499262164,SER,16.779493,16.175394,0.055798,0.007133,,12.0,ok_dr9
ZTF23aafuhtr,0.11186598952643273,SER,15.44154,14.918982,0.02435897,0.0037132658,0.026562214,39.0,ok_dr10
ZTF24aahsmhu,5.062347657832376,DUP,,,,,,18.0,ok_dr10
ZTF19acmgyka,,,,,,,,,empty
ZTF20abmudrv,4.870233630368342,SER,15.837548,15.326999,0.04553756,0.014049064,,42.0,ok_dr10
ZTF21aaoekcj,4.505801584055891,DUP,,,,,,4.0,ok_dr10
ZTF20acpjqxp,1.8936720961789424,SER,14.864487,14.410431,0.021530012,0.004792774,,36.0,ok_dr10
ZTF21aarenhl,0.6544440761370057,REX,20.551682,20.305487,0.104267,0.052219,,14.0,ok_dr9
ZTF19abzyvfi,,,,,,,,,empty
ZTF18abwkrbl,8.64946095457334,SER,17.896872,18.247255,0.005512353,0.004044706,,23.0,ok_dr10
ZTF19aauvjws,0.9600540773873127,SER,16.827562,16.167463,0.095228,0.008044,0.093512,16.0,ok_dr9
ZTF25aajoapm,2.995618978690976,DEV,21.682568,22.206673,0.63378,0.297157,,13.0,ok_dr9
ZTF19abcsyho,0.1575342801216915,SER,,16.159891,,,,5.0,ok_dr10
ZTF19aalubxw,1.2732523271551572,EXP,19.56574,19.236141,0.09535882,0.084158234,,16.0,ok_dr10
ZTF23aagfpxq,1.2622862418289904,SER,17.148548,16.643568,0.032126963,0.01492229,,16.0,ok_dr10
ZTF22abystdy,1.6153413941002557,SER,21.123947,20.813107,0.11061243,0.11893839,,19.0,ok_dr10
ZTF23aanpqba,3.4014878340001884,SER,15.02909,14.422631,0.039702926,0.006770827,0.034624748,17.0,ok_dr10
ZTF21ackmjip,,,,,,,,,empty
ZTF18aatwqed,1.6310153639523084,EXP,17.109331,16.820602,0.04259,0.012122,0.029481,11.0,ok_dr9
ZTF24abtnkbi,6.252920142254992,SER,14.36755,13.991734,0.024599,0.005599,,6.0,ok_dr9
ZTF21acpuooz,4.290827953566249,REX,23.907518,23.03335,0.8295272,0.23847851,,34.0,ok_dr10
ZTF20aajvyja,3.5473241830100712,EXP,21.90143,,0.3529,0.408348,,23.0,ok_dr9
ZTF22aaxzzoc,2.2864609011120027,SER,,,,,,23.0,ok_dr10
ZTF21aaqugxm,2.877865609809763,SER,15.644566,15.41504,0.018833,0.00632,0.018594,6.0,ok_dr9
ZTF19aavjukt,1.5962467882019564,SER,16.236315,15.992226,0.038636,0.009625,,17.0,ok_dr9
ZTF25abqdqzc,0.9309344826873529,SER,17.408403,16.706312,0.11884952,0.027562922,,22.0,ok_dr10
ZTF21aaoexgy,0.9304850869604011,REX,23.252062,23.679724,0.46068323,0.5445903,,21.0,ok_dr10
ZTF19aadnmgf,0.2910681963340237,DEV,21.020023,20.734215,0.258463,0.11568327,,7.0,ok_dr10
ZTF24aamdfll,0.3017075260194152,SER,17.435833,16.69477,0.087856784,0.009334232,,40.0,ok_dr10
ZTF22abkfgrt,0.937911908501405,SER,21.990108,23.25311,0.08465772,0.24468762,,34.0,ok_dr10
ZTF26aaaaary,5.177138033645701,SER,15.936841,15.525227,0.02777326,0.0053728363,,31.0,ok_dr10
ZTF22abyoczz,1.7439333788323774,EXP,22.342997,23.038393,0.10824446,0.17897274,,16.0,ok_dr10
ZTF21abjtqyq,3.188984510008743,SER,19.327246,19.03345,0.09238,0.027075,,12.0,ok_dr9
ZTF22aajidyk,0.42116972313362105,SER,20.279337,19.99748,0.08459293,0.21877076,,21.0,ok_dr10
ZTF23aaphpnk,0.3903631024298112,REX,19.116468,18.868208,0.075746,0.040409,,7.0,ok_dr9
ZTF21aasbxng,3.3358406520020973,SER,16.27395,15.893985,0.03347246,0.0072026467,,18.0,ok_dr10
ZTF20acoyfpk,,,,,,,,,empty
ZTF20abjcuep,0.2889807890670069,REX,18.720316,18.478344,0.052591942,0.024953432,,24.0,ok_dr10
ZTF22aaafdpd,8.334629598611066,SER,14.986265,14.346155,0.047319278,0.0062911096,0.0559502,18.0,ok_dr10
ZTF20abswjae,0.2532573836974722,SER,17.072165,16.395548,0.070898905,0.0074386974,,44.0,ok_dr10
ZTF19abzhfjj,1.25199854049453,SER,15.362793,14.765629,0.049221393,0.01329105,,42.0,ok_dr10
ZTF25aaowtpy,1.2781326859787905,DUP,,,,,,10.0,ok_dr9
ZTF19abiszzn,0.6970690926638008,EXP,16.857769,16.743717,0.011064,0.011637,0.049415,24.0,ok_dr9
ZTF22aabbfre,1.9266022801576543,EXP,18.493437,18.235718,0.08006,0.024235,,9.0,ok_dr9
ZTF22aaorbxb,2.0687749899970727,SER,16.008522,15.456874,0.052275065,0.012850523,,11.0,ok_dr10
ZTF24abkghje,2.709178801521107,SER,18.136015,17.73796,0.08542233,0.014111305,0.07945975,33.0,ok_dr10
ZTF19acfecsg,1.1448811416705207,SER,15.45088,14.779775,0.057701185,0.013427965,,11.0,ok_dr10
ZTF21achptrd,,,,,,,,,empty
ZTF18aapzqup,,,,,,,,,empty
ZTF18abtslka,,,,,,,,,empty
ZTF18aaflcyp,1.1834286306556976,SER,16.540112,16.581635,0.033403367,0.04471157,,26.0,ok_dr10
ZTF19abjrjdw,1.5886157855168805,SER,13.818352,12.766643,0.023894694,0.005814028,,7.0,ok_dr10
ZTF19aaoyech,3.9373928489609167,SER,16.92717,16.628605,0.06095114,0.014070663,0.08359737,31.0,ok_dr10
ZTF24aahxmmu,0.30215188261378834,SER,19.631178,19.374144,0.069329,0.031132,,12.0,ok_dr9
ZTF22aaahtqz,0.05463485468949475,SER,15.114417,14.599403,0.03544891,0.007292948,0.037817016,19.0,ok_dr10
ZTF25aavoysc,0.42595522479388076,DEV,21.718891,21.970814,0.17292371,0.5895099,,17.0,ok_dr10
ZTF19abornyn,2.459853724049299,EXP,20.659134,20.370998,0.06886737,0.3384136,,18.0,ok_dr10
ZTF20aartnkv,0.13062248987222105,SER,17.079796,16.592638,0.083005,0.017626,0.069535,12.0,ok_dr9
ZTF19aacilht,10.848598316574668,DEV,21.584583,21.027437,0.6044544,0.17446126,,46.0,ok_dr10
ZTF22abyhvtk,2.555896594998232,EXP,21.030762,20.89061,0.13613507,0.11636895,,10.0,ok_dr10
ZTF25acepqhk,6.055729169566357,EXP,19.107044,18.683435,0.09442779,0.015912881,,16.0,ok_dr10
ZTF23abbbygf,0.7228165086352366,REX,19.364298,19.051586,0.10738376,0.033265263,,39.0,ok_dr10
ZTF22aalunvy,11.299970024648346,DUP,,,,,,11.0,ok_dr10
ZTF20aaivjce,,,,,,,,,empty
ZTF23abcvbqq,,,,,,,,,empty
ZTF22absiyyk,1.9965001689054331,EXP,20.901031,21.087864,0.05301839,0.08250122,,22.0,ok_dr10
ZTF20aamntsk,6.348979161804668,REX,18.877462,,0.005085,0.030411,,16.0,ok_dr9
ZTF24abhzzoq,2.647312539874827,REX,,20.970177,,,,9.0,ok_dr10
ZTF22aamewfd,2.213119841755752,SER,14.515815,13.994141,0.032881863,0.015530714,,19.0,ok_dr10
ZTF18abmefij,,,,,,,,,empty
ZTF21abczimc,4.671534601470999,DUP,,,,,,13.0,ok_dr10
ZTF24aasodig,0.8765789952486267,SER,20.044456,19.822504,0.0828905,0.026330143,,15.0,ok_dr10
ZTF23aacdlsh,6.356560016529039,DUP,,,,,,12.0,ok_dr9
ZTF18aajtlbf,6.699545635124991,SER,13.821451,13.304941,0.028011,0.003384,0.027835,10.0,ok_dr9
ZTF19aamhjlk,1.8651525063062766,SER,16.596493,16.463804,0.034885,0.02662,,9.0,ok_dr9
ZTF20acitbmh,4.983402813537603,SER,19.930063,19.851166,0.295302,0.166067,,12.0,ok_dr9
ZTF21aalhtgv,0.06742784427020589,REX,22.715,23.228922,0.4690915,0.39794612,,12.0,ok_dr10
ZTF19aaozsuh,1.5937152892424675,REX,24.206034,24.01032,1.0609863,0.49267212,,9.0,ok_dr10
ZTF25aafqepo,,,,,,,,,empty
ZTF25acgaueu,5.122844149373474,DUP,,,,,,7.0,ok_dr9
ZTF24abqtlxj,1.7684822134170102,SER,18.048615,17.290712,0.08777444,0.021019097,,14.0,ok_dr10
ZTF19acasuyp,,,,,,,,,empty
ZTF23abgfxqn,2.2273371443117402,DEV,21.332222,21.56854,0.11514761,0.10284717,,23.0,ok_dr10
ZTF19adbqznr,1.7410669405053565,DEV,20.363272,19.030708,0.607122,0.04799,,8.0,ok_dr9
ZTF24aaxnvou,0.8025019945686661,SER,16.851385,16.350275,0.041421,0.010365,,7.0,ok_dr9
ZTF20aaawmxq,0.9320768870406879,EXP,19.046658,18.726698,0.081906,0.026489,,12.0,ok_dr9
ZTF23aaomzth,11.505322147716987,SER,14.516326,13.973222,0.018793,0.005044,,14.0,ok_dr9
ZTF24aahoxay,6.339433831957187,REX,20.51688,19.910162,0.83831877,0.37661937,,14.0,ok_dr10
ZTF21aakjkec,,,,,,,,,empty
ZTF21aanwmxn,3.4204122807943222,SER,19.947912,19.590914,0.298323,0.154593,,10.0,ok_dr9
ZTF21aapdmnr,,,,,,,,,empty
ZTF18aatjfoe,1.3878933500526245,SER,16.0306,15.501703,0.076503,0.009868,0.080072,6.0,ok_dr9
ZTF17aaaukqn,,,,,,,,,empty
ZTF22abelwtb,,,,,,,,,empty
ZTF25aajqtfg,28.827661976354104,DUP,,,,,,3.0,ok_dr10
ZTF25aahmbwa,1.3492619485943018,EXP,21.20733,20.864584,0.09610403,0.19471109,,19.0,ok_dr10
ZTF22aaimgvi,9.571070608259697,SER,15.560863,14.942891,0.071848415,0.010153318,0.07463576,12.0,ok_dr10
ZTF18abbovuc,1.704356357169887,REX,17.700588,17.436234,0.04189138,0.058224745,,8.0,ok_dr10
ZTF18abjrfqx,5.558232042074682,SER,16.39533,15.892188,0.031058503,0.006845231,,15.0,ok_dr10
ZTF23aapvrkk,0.873192226265037,EXP,22.035852,21.944998,0.1340564,0.19605513,,18.0,ok_dr10
ZTF21aaabvoj,0.6353862743173565,DUP,,,,,,18.0,ok_dr10
ZTF23abgnfdv,4.303978898443043,REX,24.266558,22.892551,0.8141381,0.36057034,,24.0,ok_dr10
ZTF21abcmlzt,1.5543220449032957,SER,18.342484,17.86598,0.100915,0.024961,,14.0,ok_dr9
ZTF21abouznj,4.539162084933641,SER,16.193747,15.782437,0.061235663,0.009120336,,41.0,ok_dr10
ZTF21aayyxum,2.1337104508168383,SER,17.608397,17.268433,0.070449,0.018267,0.064252,15.0,ok_dr9
ZTF20abwxywy,10.175544554293216,DUP,,,,,,16.0,ok_dr10
ZTF24aasktmr,3.8966407303537465,SER,19.657549,20.279228,0.023068361,0.023252046,,9.0,ok_dr10
ZTF19acjdufa,3.561116830837732,EXP,22.886965,,0.066096,0.292306,,12.0,ok_dr9
ZTF19acxgwid,0.3428800249064819,SER,17.276632,16.706758,0.05937225,0.011880152,0.074597485,58.0,ok_dr10
ZTF22abfwbgr,1.0519441811878623,REX,22.972279,22.720976,0.9906502,0.480511,,10.0,ok_dr10
ZTF25abgkhcw,1.0436492270183,EXP,19.15341,18.587399,0.16900915,0.032968067,,12.0,ok_dr10
ZTF19abwouqp,0.41962087328735515,EXP,21.052567,20.748198,0.11953393,0.09960889,,3.0,ok_dr10
ZTF18abccqmd,,,,,,,,,empty
ZTF23abvommm,0.35544977978175135,REX,23.891678,25.478487,0.48149344,0.5247861,,30.0,ok_dr10
ZTF21ackdwjm,1.5891056484101225,REX,22.66495,22.339933,0.54950446,0.33587328,,3.0,ok_dr10
ZTF22acaucqb,0.7364147445328569,EXP,19.277252,19.207901,0.024289144,0.02271075,,19.0,ok_dr10
ZTF24aakfgvg,3.038091485887473,SER,15.073891,14.436201,0.029014,0.007785,,10.0,ok_dr9
ZTF19abwsxug,0.36638164900102604,SER,16.91722,16.217884,0.07270212,0.017089395,,11.0,ok_dr10
ZTF25aaqvqvd,0.18286873001131074,REX,20.03219,19.317284,0.25630426,0.031370502,,9.0,ok_dr10
ZTF22aapucey,1.0510604730246005,REX,17.43778,17.332209,0.020903822,0.009947642,,16.0,ok_dr10
ZTF20aamfpcj,1.1608445071460989,SER,20.648884,20.427786,0.22007827,0.096188314,,20.0,ok_dr10
ZTF24aaaczuf,4.546811570883901,SER,15.528204,15.007611,0.04507404,0.009652886,0.058217835,21.0,ok_dr10
ZTF19abpnpcy,,,,,,,,,empty
ZTF25abimrke,1.1627492896425613,SER,17.163708,16.719093,0.030431794,0.006356832,0.034323733,41.0,ok_dr10
ZTF19aauvbqv,10.032038777795446,REX,20.39386,20.384293,0.027231,0.109334,,13.0,ok_dr9
ZTF23aaczunw,1.6907762802657642,EXP,21.01316,20.986038,0.071749,0.075612,,12.0,ok_dr9
ZTF19abdkfqe,14.01055441588311,SER,14.898688,14.357468,0.0362999,0.006881733,,15.0,ok_dr10
ZTF19acctlps,5.712202308377295,SER,15.359431,14.960388,0.034620248,0.005074394,0.03877168,6.0,ok_dr10
ZTF22aaohilj,0.8251790909208856,EXP,21.980045,21.698523,0.3750992,0.66072524,,13.0,ok_dr10
ZTF22aabtqob,0.3345724765997358,EXP,20.32307,20.07406,0.11641795,0.04135564,,19.0,ok_dr10
ZTF25aafrgdv,17.115715972795975,REX,23.831879,23.141768,0.98964846,0.3665768,,6.0,ok_dr10
ZTF24aamipnt,5.793585987827127,SER,15.525088,15.010875,0.034903,0.008052,0.032187,12.0,ok_dr9
ZTF19abirbpd,1.6087142650376607,EXP,22.683489,23.519817,0.1180887,0.15423936,,10.0,ok_dr10
ZTF20abzjads,0.7080228759557504,EXP,23.18844,23.334759,0.15405488,0.51209617,,20.0,ok_dr10
ZTF18acrnfww,5.204050785915208,SER,15.279405,14.683719,0.063137,0.003686,0.064683,15.0,ok_dr9
ZTF19acyndbj,20.521313864474727,REX,23.719913,23.051035,0.889995,0.245312,,2.0,ok_dr9
ZTF18abxdtyz,0.04398392187436327,SER,16.651876,16.094597,0.052110597,0.017552242,,14.0,ok_dr10
ZTF21acceboj,12.947757666229677,REX,23.940836,21.954086,0.88081163,0.218163,,8.0,ok_dr10
ZTF24ablvmmq,,,,,,,,,empty
ZTF25aaymnha,0.22616467345999575,SER,18.065477,17.412178,0.08659712,0.0107665,,12.0,ok_dr10
ZTF24abmliep,3.040710022143448,SER,17.308487,16.656147,0.11459891,0.017362239,0.074624114,17.0,ok_dr10
ZTF25aagzocg,,,,,,,,,empty
ZTF25acbypmg,,,,,,,,,empty
ZTF18abixkjh,2.1506953171452587,SER,19.38741,19.153103,0.0785544,0.02609078,,22.0,ok_dr10
ZTF21acehvay,0.24155049892283173,SER,16.046722,15.500281,0.0544935,0.01640088,,17.0,ok_dr10
ZTF20abodgpt,,,,,,,,,empty
ZTF25aapsdaj,1.4860130922968415,EXP,21.296717,21.170816,0.08849829,0.1650549,,9.0,ok_dr10
ZTF18absoomk,16.9437076121328,REX,22.850302,21.165073,0.8377723,0.16870454,,6.0,ok_dr10
ZTF21abxngcz,0.15401571601218875,SER,19.658274,18.832125,0.291151,0.034175,,16.0,ok_dr9
ZTF19abrhyqs,0.8928094316765015,REX,,22.481228,,,,25.0,ok_dr10
ZTF22abewvtv,,,,,,,,,empty
ZTF25aafydrq,0.8925054487234508,SER,16.064684,15.42798,0.07678605,0.0066033504,0.073399134,21.0,ok_dr10
ZTF20abjubmm,2.64214155022398,SER,16.685255,16.135912,0.072278,0.013765,0.082695,14.0,ok_dr9
ZTF24ablvaac,,,,,,,,,empty
ZTF22abizuah,,,,,,,,,empty
ZTF25abikqkb,10.50547102408673,EXP,18.716042,18.599848,0.04311942,0.06137489,,23.0,ok_dr10
ZTF20accodxy,0.41679498494488315,REX,20.294506,19.746487,0.2737831,0.068638265,,21.0,ok_dr10
ZTF25aceneuf,,,,,,,,,empty
ZTF20aavtaib,8.623652195676966,REX,23.523008,21.851402,0.82223,0.087831,,10.0,ok_dr9
ZTF22abzfotk,0.25368604109570914,EXP,21.25639,20.924904,0.12086713,0.11059868,,13.0,ok_dr10
ZTF20absfrbq,0.4617578951972009,SER,16.455599,15.826506,0.054903068,0.01363221,,40.0,ok_dr10
ZTF25abvbczt,,,,,,,,,empty
ZTF24absoxlw,,,,,,,,,empty
ZTF20acpkled,,,,,,,,,empty
ZTF25aaakkzs,1.6809126665110425,SER,21.702282,22.004349,0.07124524,0.14265452,,41.0,ok_dr10
ZTF18ablvxdg,0.10339988943091423,SER,16.138613,15.385009,0.091741696,0.023859221,,32.0,ok_dr10
ZTF21aalxpnl,1.8573173294088772,SER,16.488642,15.747821,0.06889238,0.01637958,0.08182167,12.0,ok_dr10
ZTF20aanvqhk,2.025520833873016,REX,24.519556,23.436932,1.0664924,0.2866272,,27.0,ok_dr10
ZTF25aapdkvl,0.49171502659058014,DEV,20.267487,20.305456,0.063443,0.056681,,9.0,ok_dr9
ZTF20aavrloz,15.619235762535075,SER,14.989922,14.246715,0.064573,0.016688,0.043321,15.0,ok_dr9
ZTF18aczenvx,0.8980739486227299,SER,16.48395,16.008852,0.10314635,0.02456784,0.11810495,25.0,ok_dr10
ZTF25aacautg,6.049649449106119,DUP,,,,,,16.0,ok_dr9
ZTF23aaepuao,3.87665956215039,SER,16.190067,15.627416,0.11084779,0.23504412,,13.0,ok_dr10
ZTF21aaxgwtb,1.8150730033715599,REX,20.28731,20.227083,0.095271036,0.28507924,,38.0,ok_dr10
ZTF25aanellf,0.1571662570200188,SER,16.926014,16.231127,0.0880198,0.007689134,,33.0,ok_dr10
ZTF19ackjlrd,0.4187696792322847,EXP,21.116495,20.770895,0.246693,0.100453,,14.0,ok_dr9
ZTF20aazdsjr,,,,,,,,,empty
ZTF25acdheca,2.939171709076168,SER,15.210068,14.684366,0.058024142,0.014109479,0.036171593,14.0,ok_dr10
ZTF19aawwlxc,1.006791874373001,SER,16.9863,16.697538,0.0375,0.006977,0.05571,11.0,ok_dr9
ZTF24aahswbd,0.49081878279024366,SER,18.701805,18.267744,0.0894979,0.024813341,,13.0,ok_dr10
ZTF22aadfnrx,3.0571028747811497,SER,20.023607,19.873037,0.09841009,0.07439302,,12.0,ok_dr10
ZTF20aavzffg,,,,,,,,,no_gal
ZTF20abatdly,0.7476260265182622,REX,22.600874,22.823366,0.239115,0.353354,,10.0,ok_dr9
ZTF21acgyciq,1.5802510184472032,EXP,23.452566,,0.22783506,0.3201869,,42.0,ok_dr10
ZTF22abdxjhr,1.4231926074875447,SER,16.507511,15.802634,0.12273531,0.017287197,,25.0,ok_dr10
ZTF20acrudzk,1.2726452612304522,SER,18.793602,18.545736,0.04889105,0.020473925,,29.0,ok_dr10
ZTF20acajvrj,2.0361532585065083,SER,19.71264,19.004166,0.22067893,0.039436024,,13.0,ok_dr10
ZTF18abmkaps,0.6003284171427317,SER,21.189005,20.389555,0.61044365,0.23198844,,23.0,ok_dr10
ZTF18aafdigb,0.6248172748291132,SER,,15.409831,,,,4.0,ok_dr10
ZTF24aaosrdt,5.706937813254669,SER,15.748048,15.570113,0.015638,0.007416,,29.0,ok_dr9
ZTF20aaghoqz,0.49240983165562874,SER,16.44456,15.893273,0.06906963,0.010981005,0.076062806,15.0,ok_dr10
ZTF20abmarcv,0.7030899952895072,EXP,19.962324,19.549616,0.13573368,0.026724992,,19.0,ok_dr10
ZTF19acgjojy,6.559510961194522,SER,15.92935,15.45386,0.058144752,0.016138393,0.07641502,9.0,ok_dr10
ZTF19abpmetl,,,,,,,,,empty
ZTF24acacfgw,1.869791013099562,EXP,22.097916,21.046844,0.77211696,0.12957081,,20.0,ok_dr10
ZTF25abrggxu,0.8909826889334984,EXP,,21.834856,,,,14.0,ok_dr10
ZTF25acgfiwd,2.9802369151489025,EXP,18.465181,18.224358,0.030827377,0.013446646,,34.0,ok_dr10
ZTF22aayrhvp,2.598468502710492,SER,20.20476,19.815422,0.12524822,0.023293626,,21.0,ok_dr10
ZTF19abauzma,4.701753776760174,REX,20.427063,19.426989,0.5711004,0.06526223,,17.0,ok_dr10
ZTF20ablygyy,7.549599893617086,SER,13.704522,13.213229,0.021965,0.005432,0.016861,15.0,ok_dr9
ZTF22abtsqjo,1.8620071110649201,EXP,18.570887,18.306353,0.11469522,0.034096494,,12.0,ok_dr10
ZTF23abnoilr,12.554726533670928,EXP,21.667782,21.68515,0.338687,0.109013,,6.0,ok_dr9
ZTF25abpuuql,0.16769842158240045,SER,17.74897,17.086594,0.07290474,0.009134696,,20.0,ok_dr10
ZTF20abguygh,0.37732626649434814,SER,17.0346,16.355106,0.09730036,0.008918448,0.095272355,22.0,ok_dr10
ZTF21acbmxgn,5.699167518534659,SER,19.415482,19.86235,0.057192,0.098252,,31.0,ok_dr9
ZTF24aagozfg,6.391575136844843,SER,15.716377,15.242464,0.03079775,0.004721876,0.02847339,17.0,ok_dr10
ZTF23abnogui,11.231034192819445,REX,19.663494,20.308598,0.012001,0.01509,,6.0,ok_dr9
ZTF23aanpxyp,2.392689422570545,EXP,21.971148,21.946302,0.1641761,0.12938543,,20.0,ok_dr10
ZTF19acxovyh,6.5356195297512025,DUP,,,,,,24.0,ok_dr10
ZTF18adacicy,7.7821695116090845,SER,15.652758,15.247648,0.03349,0.005911,,10.0,ok_dr9
ZTF20acxmxtu,1.3264907953752167,SER,19.733881,19.053385,0.23490563,0.10161678,,26.0,ok_dr10
ZTF25aawlldt,0.3197406342509884,REX,23.754416,23.875566,0.839521,0.400084,,13.0,ok_dr9
ZTF25aavmvqg,2.5474511233385684,EXP,,15.377192,,,,16.0,ok_dr10
ZTF19acukucu,2.394941237480377,SER,17.641685,17.31822,0.06394442,0.01565762,,16.0,ok_dr10
ZTF21aalnhby,1.0239826653410413,SER,20.433208,20.610195,0.154618,0.079725,,11.0,ok_dr9
ZTF22abreusl,0.9686491165800566,SER,16.565985,15.894791,0.071669,0.01276,,15.0,ok_dr9
ZTF23aacdnjz,0.3725568529679967,REX,23.35213,23.29103,0.54826695,0.36113942,,16.0,ok_dr10
ZTF23aaeieqk,3.5616078868960552,EXP,18.902117,18.957005,0.037657373,0.023770174,,26.0,ok_dr10
ZTF21abpvrhn,,,,,,,,,empty
ZTF19actzjrf,1.9983404733595875,REX,22.208841,22.091959,0.62820065,0.2705513,,42.0,ok_dr10
ZTF22aajrwmu,5.5724796599487085,DUP,,,,,,8.0,ok_dr10
ZTF22abfoehf,1.6079215446275812,SER,20.305676,21.10949,0.015761,0.027262,,13.0,ok_dr9
ZTF20acpiywu,9.193604945167904,SER,16.957857,16.72929,0.039594766,0.011271217,,20.0,ok_dr10
ZTF24abycwdb,3.69079094365485,SER,15.91041,15.543866,0.03534,0.006829,0.032026,10.0,ok_dr9
ZTF24abmngxg,4.345857222113088,EXP,,,,,,11.0,ok_dr10
ZTF19aavhwxs,0.3963607318663218,EXP,18.421236,18.149038,0.086453974,0.027593497,0.07821,26.0,ok_dr10
ZTF19acmvrsw,4.648107420053054,SER,14.299644,13.67548,0.023554258,0.0078247385,0.041475892,21.0,ok_dr10
ZTF22abwvcwq,3.7448633830087164,EXP,21.82148,21.298262,0.5219158,0.19881226,,33.0,ok_dr10
ZTF24aaqtode,5.934064492505493,EXP,20.323757,20.356974,0.03147,0.040399,,6.0,ok_dr9
ZTF21abvbihc,7.709274754887292,SER,13.73431,13.087275,0.040275,0.005603,,15.0,ok_dr9
ZTF20achnfaa,12.00654692775446,EXP,22.476393,20.749306,0.74477345,0.056350105,,11.0,ok_dr10
ZTF25abwcrqw,1.268863663377963,REX,22.896349,22.787888,0.70347863,0.46232232,,17.0,ok_dr10
ZTF24aaxqsey,,,,,,,,,empty
ZTF24abfpeiw,1.869601193107559,SER,18.283598,18.013462,0.067092,0.020332,,17.0,ok_dr9
ZTF19aceckmm,10.044662300971138,SER,14.531352,13.89201,0.031955,0.005446,0.032862,9.0,ok_dr9
ZTF23aasbvab,3.6902774090343557,SER,19.543554,19.539871,0.067888625,0.07551726,,23.0,ok_dr10
ZTF23aaawbre,3.9720579040706725,SER,15.216113,14.691826,0.034724,0.005125,,8.0,ok_dr9
ZTF18aaqkdwu,0.5105509085922332,SER,17.342358,17.119461,0.077793,0.023919,0.060375,10.0,ok_dr9
ZTF24absojni,0.7154334130159321,SER,19.081806,18.75356,0.08831549,0.024556782,,27.0,ok_dr10
ZTF22aauuxul,2.0636478859655116,SER,17.688854,17.025091,0.113941,0.020048,0.084925,16.0,ok_dr9
ZTF24aaegbrh,,,,,,,,,empty
ZTF20acquetr,6.00953326120592,SER,13.397981,12.854807,0.03266,0.004906,,4.0,ok_dr9
ZTF24abtjjsg,1.9816744468456557,EXP,18.778978,18.8014,0.013951419,0.071451046,,24.0,ok_dr10
ZTF25aavdsoh,5.520852378023414,DUP,,,,,,15.0,ok_dr10
ZTF25aapjaog,1.5909617219660375,REX,20.9519,21.450253,0.042094,0.187212,,25.0,ok_dr9
ZTF20aaosuzy,1.9592221850049139,SER,19.551214,19.19132,0.1195,0.045507,,10.0,ok_dr9
ZTF21abicgai,0.837960108326941,SER,16.70364,16.038273,0.056138106,0.016468087,,20.0,ok_dr10
ZTF23aaixaqp,2.460103204181241,SER,20.94962,20.03202,0.30486754,0.05862595,,15.0,ok_dr10
ZTF22aaafmec,0.9533300865748189,SER,20.505167,20.257076,0.08524744,0.04094896,,23.0,ok_dr10
ZTF23aaawbmy,0.1422338400695644,EXP,18.815428,18.456106,0.082746,0.026187,,17.0,ok_dr9
ZTF21aatlbsi,,,,,,,,,empty
ZTF18aatezaj,0.22328313861455876,SER,14.438532,14.090291,0.029901,0.00437,0.03419,10.0,ok_dr9
ZTF20aczacou,,,,,,,,,empty
ZTF24aaeczdw,2.027758698765279,SER,16.747156,16.48296,0.027912,0.006011,0.029652,15.0,ok_dr9
ZTF24aabpzuz,3.0848390293352943,SER,16.051168,15.832894,0.011107,0.004387,,15.0,ok_dr9
ZTF20aaczkyw,,,,,,,,,empty
ZTF22aamgjba,,,,,,,,,empty
ZTF22acaxuzp,1.3736030857620998,SER,18.273016,18.015984,0.11423388,0.05971517,,32.0,ok_dr10
ZTF25acjmhbr,,,,,,,,,empty
ZTF20aahapgw,,,,,,,,,empty
ZTF20aaidnku,0.10548858258055907,REX,23.207348,23.216284,1.0160564,0.6551042,,12.0,ok_dr10
ZTF19aatlqdf,1.8117639856469234,SER,18.537872,18.176981,0.06355258,0.016139098,,25.0,ok_dr10
ZTF18abtnlik,5.070127549254404,SER,17.688128,16.987959,0.086134,0.007432,,10.0,ok_dr9
ZTF19acekreh,2.694077832447387,REX,23.337204,23.890425,0.698612,0.366434,,12.0,ok_dr9
ZTF21aatgisc,2.491169521858438,REX,23.112617,27.888672,0.556605,0.454373,,12.0,ok_dr9
ZTF25aarmzhx,,,,,,,,,empty
ZTF22aayjsls,0.8644633543050153,EXP,21.11588,20.904778,0.10002325,0.1079134,,34.0,ok_dr10
ZTF21aatkdcw,6.665033464832892,SER,21.002651,21.052393,0.070717864,0.14519659,,19.0,ok_dr10
ZTF21aahsqng,2.24728011084641,SER,15.346297,14.717814,0.071419485,0.013406057,,12.0,ok_dr10
ZTF22abmnhau,0.11921330570715731,SER,18.426645,17.719893,0.06253356,0.012819267,,4.0,ok_dr10
ZTF24abzatfh,0.8022534317814274,SER,17.918367,17.34597,0.057706855,0.03237797,,17.0,ok_dr10
ZTF21abjyiiw,,,,,,,,,empty
ZTF22aalfmec,10.551472821079601,SER,12.692035,11.966588,0.021626731,0.0056162374,,18.0,ok_dr10
ZTF21abvxguf,0.4055422905818609,SER,19.064398,,0.025636947,0.07036018,,52.0,ok_dr10
ZTF22ablxcrh,0.26888632554239317,REX,23.4566,23.359118,0.5993479,0.3366283,,20.0,ok_dr10
ZTF22aaknfly,3.3817130890304012,DEV,21.419672,21.396563,0.664642,0.207432,,19.0,ok_dr9
ZTF23aadwjtg,6.217971795097336,SER,14.211629,13.59318,0.03174085,0.0067254575,0.04429935,21.0,ok_dr10
ZTF21abcpsjy,11.205755695814904,REX,22.724628,21.33975,0.899351,0.130908,,11.0,ok_dr9
ZTF20acfkkyf,,,,,,,,,empty
ZTF19aaryexs,0.5122035939635864,SER,15.393272,14.718713,0.06266747,0.013354646,,14.0,ok_dr10
ZTF21acbntop,3.986685396342912,SER,14.862013,14.197561,0.05738373,0.0070882062,,18.0,ok_dr10
ZTF25abdhnor,2.843680074899262,SER,,18.274582,,,,13.0,ok_dr10
ZTF19acenkuz,,,,,,,,,empty
ZTF20abeeyre,4.928026661449851,SER,15.592747,15.104015,0.050497,0.007642,0.053362,10.0,ok_dr9
ZTF23aagnpbz,2.6795070595764545,DUP,,,,,,10.0,ok_dr9
ZTF20aaymbjk,,,,,,,,,empty
ZTF18acqsroy,3.106629609641915,SER,17.157215,16.898212,0.025146337,0.0077842656,0.03337518,15.0,ok_dr10
ZTF23abghttj,1.7260817400888768,SER,16.344147,15.666595,0.059321042,0.051499106,,49.0,ok_dr10
ZTF20abgbvgl,2.494105796360933,EXP,23.60817,24.32825,0.28400669,0.33770096,,25.0,ok_dr10
ZTF24abcwvki,0.8666620036311867,SER,19.592478,19.294682,0.11735295,0.031273734,,16.0,ok_dr10
ZTF19aapvogv,0.13882141149673874,EXP,21.654926,19.638754,0.98658234,0.6724662,,24.0,ok_dr10
ZTF21aaqecpl,8.045391525308924,DUP,,,,,,7.0,ok_dr10
ZTF20aciuakv,6.28762844127936,SER,13.874821,13.216831,0.025664572,0.0094714025,,15.0,ok_dr10
ZTF18abktleu,,,,,,,,,empty
ZTF20abqofgc,,,,,,,,,empty
ZTF25abqimds,1.6638393288039601,SER,19.928867,19.891705,0.063446,0.149785,,10.0,ok_dr9
ZTF24abjflpz,5.481670295758066,EXP,20.036755,20.311117,0.054296,0.06834,,15.0,ok_dr9
ZTF19abrmlxu,1.2214275175689524,SER,16.999294,16.378252,0.05065731,0.015152157,,41.0,ok_dr10
ZTF22aalmqrv,2.7451360970629892,SER,17.070269,16.682024,0.070951,0.01026,0.074181,10.0,ok_dr9
ZTF21aalinof,3.3916566883502637,SER,15.812326,15.259788,0.022163374,0.0039570616,0.020138498,24.0,ok_dr10
ZTF19aainjpz,2.7058134632118263,REX,19.669357,20.192104,0.0065335957,0.015308043,,15.0,ok_dr10
ZTF18acuscgc,0.321632177997434,DEV,18.788555,18.073715,0.067125,0.018316,,5.0,ok_dr9
ZTF25aapuibm,2.661318756031489,EXP,22.07898,22.867628,0.608094,0.255179,,11.0,ok_dr9
ZTF22aakjlau,1.404900089316266,EXP,21.791584,21.299139,0.46257758,0.18127385,,24.0,ok_dr10
ZTF20acwpixx,1.0320689258207412,SER,16.620802,16.138771,0.066005975,0.013561167,0.0774164,22.0,ok_dr10
ZTF18aaqikyu,,,,,,,,,empty
ZTF18aczqtpt,,,,,,,,,empty
ZTF21abyazip,,,,,,,,,empty
ZTF20abywsut,7.247234421636751,DUP,,,,,,27.0,ok_dr10
ZTF19aceckdq,2.1615496407152923,SER,15.510193,15.164524,0.033069,0.007767,0.024607,14.0,ok_dr9
ZTF22aadpgmo,7.940760048521899,SER,16.61615,16.185421,0.076485,0.010819,0.078896,7.0,ok_dr9
ZTF23aapvsqz,2.106608926745755,SER,17.597902,17.19777,0.038967963,0.014114564,,36.0,ok_dr10
ZTF23aadtfgp,2.0817934036160586,SER,19.306316,18.907236,0.06793656,0.024700692,,8.0,ok_dr10
ZTF21abdkojo,5.701310850716644,DUP,,,,,,21.0,ok_dr10
ZTF25acggpbd,0.5180144821324224,SER,18.586994,18.25853,0.0433373,0.017090587,,38.0,ok_dr10
ZTF24aatzgha,0.4005477551299669,REX,21.081955,20.991228,0.081224054,0.15716244,,36.0,ok_dr10
ZTF19abguqsi,1.8047429043541046,REX,,,1.1228905,0.8392777,,22.0,ok_dr10
ZTF19abvalfd,6.392015754660386,SER,13.321297,12.754019,0.031164,0.004568,,4.0,ok_dr9
ZTF18acrdwag,7.834000025068756,REX,24.688412,25.21644,1.1496587,0.7550001,,23.0,ok_dr10
ZTF25aagbkad,0.34504805241578773,DUP,,,,,,13.0,ok_dr10
ZTF19acgeabh,0.2673200472065617,REX,24.033287,24.028769,0.768428,0.6221376,,4.0,ok_dr10
ZTF20acwozwz,,,,,,,,,no_gal
ZTF21aazhegf,0.507586330649119,SER,21.11255,22.593,0.047460206,0.030077226,,18.0,ok_dr10
ZTF25abvmqke,2.9621359714080615,SER,20.498451,20.592373,0.032835,0.073781,,8.0,ok_dr9
ZTF21abcmzvk,17.125035482153486,REX,23.052343,24.242584,0.67385304,0.5077328,,26.0,ok_dr10
ZTF21abhfzzs,,,,,,,,,empty
ZTF23aaqasrd,7.100106698873687,DUP,,,,,,13.0,ok_dr10
ZTF19aauqywe,1.3470462803758476,SER,15.728148,15.078057,0.074693,0.013425,,13.0,ok_dr9
ZTF20abgfljj,5.093309005471909,SER,15.3913,14.948207,0.05875,0.009191,0.061736,18.0,ok_dr9
ZTF25aalqrrk,4.730830239129393,SER,17.398262,17.039385,0.058916017,0.013245639,0.051050846,28.0,ok_dr10
ZTF19aaoyjoz,2.5628115790784523,SER,16.451525,15.828197,0.056782827,0.017738964,0.06154829,28.0,ok_dr10
ZTF21aagtekf,10.65811647856696,SER,15.607532,14.988576,0.068629,0.009865,0.073839,5.0,ok_dr9
ZTF21aaynlsf,0.4035303502746214,EXP,22.218927,21.59649,0.8525,0.233453,,13.0,ok_dr9
ZTF21aaavhbu,7.379790351821811,REX,23.204996,22.348206,0.7406193,0.18563637,,33.0,ok_dr10
ZTF18abvtrnc,,,,,,,,,empty
ZTF19aaldqvh,1.627902774795203,SER,16.277395,15.751451,0.090643,0.010729,0.099497,16.0,ok_dr9
ZTF24aasmghi,0.6086881255238095,SER,18.323027,17.85292,0.11053728,0.039927714,,13.0,ok_dr10
ZTF19abgfuhh,,,,,,,,,empty
ZTF21abezono,,,,,,,,,empty
ZTF23aaicagr,,,,,,,,,empty
ZTF23aabctje,10.290600734512507,SER,14.11711,13.520585,0.033403,0.0050527453,0.045910686,19.0,ok_dr10
ZTF19aakrawk,0.5036573878303748,SER,16.550417,15.893056,0.0780959,0.010144998,,12.0,ok_dr10
ZTF23abdgswy,1.9635124675207398,SER,17.558506,17.259901,0.039455,0.01028149,,27.0,ok_dr10
ZTF24abunuon,6.173850813359472,SER,19.695637,19.264559,0.15005,0.07414641,,17.0,ok_dr10
ZTF22abbaqil,0.8327499477477417,REX,17.915943,17.337303,0.0773993,0.014256164,,9.0,ok_dr10
ZTF19acbvisk,3.1068662746188074,SER,16.683355,16.299526,0.051558394,0.010271749,0.036894124,14.0,ok_dr10
ZTF20acuhgar,7.0205798126438665,EXP,19.37286,19.696165,0.128642,0.079799,,13.0,ok_dr9
ZTF23abbteqg,13.560306489649195,DUP,,,,,,6.0,ok_dr9
ZTF20abwzqzo,8.354692466782748,REX,18.232224,18.049917,0.012478385,0.032015,,15.0,ok_dr10
ZTF24aadauao,,,,,,,,,empty
ZTF22aaebkwd,1.6338877664078406,SER,15.953844,15.385901,0.049574733,0.009655437,0.03563057,18.0,ok_dr10
ZTF20acwcqnv,0.17007529485210712,DEV,21.983072,21.189154,0.81125957,0.18576603,,11.0,ok_dr10
ZTF22abibgsa,1.3779157078561168,SER,18.378893,18.269299,0.060926616,0.029706115,,22.0,ok_dr10
ZTF21aadalct,4.230822203044282,DUP,,,,,,10.0,ok_dr10
ZTF21acenkuf,4.677969991851463,DUP,,,,,,28.0,ok_dr10
ZTF25aazjqwa,3.938173971066165,REX,20.136225,19.85557,0.10872095,0.038168047,,17.0,ok_dr10
ZTF22aaxnxer,0.23930309952595363,REX,,,,,,4.0,ok_dr10
ZTF20aahapsq,0.5361338349232354,SER,15.495424,14.951104,0.047248032,0.016551783,,20.0,ok_dr10
ZTF20aaaxacu,12.758504899591324,DUP,,,,,,17.0,ok_dr10
ZTF19aadoocn,2.1959492763362682,DUP,,,,,,30.0,ok_dr10
ZTF24aaupnbu,1.854986583476316,EXP,22.121765,21.942343,0.19303818,0.4252486,,20.0,ok_dr10
ZTF24abcqauy,0.7290311848926491,SER,20.563492,21.59324,0.03642468,0.023969244,,28.0,ok_dr10
ZTF22aahhvqj,3.989905639159736,EXP,20.883953,20.21284,0.40247467,0.097294934,,35.0,ok_dr10
ZTF25aavmwrf,5.071890817192076,SER,15.587144,14.880876,0.05862283,0.014498862,0.08078671,19.0,ok_dr10
ZTF18abdefet,1.5785983835743926,SER,17.48747,16.898685,0.057142,0.017244,,12.0,ok_dr9
ZTF25aasltmi,3.46741546569165,SER,15.269207,14.792165,0.029875,0.006944,0.027655,9.0,ok_dr9
ZTF22aaolexr,2.9754357419029667,REX,20.844494,,0.042834,0.101697,,12.0,ok_dr9
ZTF25abghcmh,0.29056430446824666,DEV,21.893978,21.647102,1.4259561,0.63872963,,12.0,ok_dr10
ZTF22ablbvag,1.461614072436762,EXP,22.23784,23.03924,0.12360457,0.6688906,,31.0,ok_dr10
ZTF18acbvbox,0.6972651132503401,SER,15.278872,14.552856,0.037916455,0.010918029,,36.0,ok_dr10
ZTF19aamtwwv,1.0071520966070717,SER,16.443075,15.864175,0.108885,0.028471,0.068591,14.0,ok_dr9
ZTF20abyjoxb,2.46300157746232,REX,22.6999,21.483486,0.65146375,0.10915394,,7.0,ok_dr10
ZTF18aaxwjmp,0.35698123039845125,EXP,19.496239,19.2646,0.077667,0.035943,,9.0,ok_dr9
ZTF21aaxzkfe,2.4803948826348843,SER,16.46968,15.901167,0.03838844,0.008818469,,10.0,ok_dr10
ZTF19acgqjln,,,,,,,,,empty
ZTF19aaugaam,0.9240400321317772,SER,20.276583,20.200499,0.09629838,0.20656826,,24.0,ok_dr10
ZTF23aaznfqc,,,,,,,,,empty
ZTF23aanzmoz,0.2542091244811674,EXP,,19.08953,,,,20.0,ok_dr10
ZTF19aavsahh,0.41849195827328123,DUP,,,,,,47.0,ok_dr10
ZTF18aboebsg,2.065450757632992,REX,19.97976,19.666998,0.11922949,0.020102307,,46.0,ok_dr10
ZTF24abpfzww,1.373002557949426,SER,15.714376,15.245995,0.06137465,0.011895635,,46.0,ok_dr10
ZTF25aavsjkg,0.9344044571430002,DEV,21.317556,21.061115,0.182719,0.168242,,11.0,ok_dr9
ZTF20abzhwtq,5.7472316614603765,SER,,14.625171,,,,9.0,ok_dr10
ZTF22abhldat,2.040396231846818,SER,17.019667,16.67975,0.035124082,0.010756559,,19.0,ok_dr10
ZTF20aafcgca,1.8887197858687073,SER,18.693182,18.35185,0.10326,0.024608,,16.0,ok_dr9
ZTF20acrzwvx,10.857654442819415,DUP,,,,,,5.0,ok_dr10
ZTF24abtqrea,4.276887610570895,SER,21.280478,21.790745,0.057705134,0.033199318,,35.0,ok_dr10
ZTF20abkcril,6.870237132311558,REX,21.496414,21.237871,0.5570187,0.52623963,,28.0,ok_dr10
ZTF19aanbfaw,0.3822172773691264,EXP,21.1003,20.688847,0.286234,0.08205,,4.0,ok_dr9
ZTF22aadthro,2.150721391914686,SER,16.059834,15.656527,0.02293101,0.0045342743,,10.0,ok_dr10
ZTF21aarhzdh,2.8376658662602448,REX,19.913738,19.894136,0.17779797,0.14633168,,31.0,ok_dr10
ZTF21acjurqj,5.063955800890837,EXP,17.919573,17.649002,0.044676,0.017986,,10.0,ok_dr9
ZTF20aaqrddh,2.0746482263301957,REX,22.827969,25.451168,0.16202,0.370932,,11.0,ok_dr9
ZTF22abfyynm,0.3910075225928439,SER,18.679241,18.372719,0.11002185,0.01883853,0.10153,41.0,ok_dr10
ZTF18acehilk,1.847033286445489,SER,14.605151,13.733718,0.04193171,0.008299828,,16.0,ok_dr10
ZTF18acbvpzj,0.8153540014658653,SER,21.662235,21.326612,0.3128069,0.21085465,,30.0,ok_dr10
ZTF23aayngqr,3.5514486259143787,SER,14.358412,13.70322,0.044987205,0.0053630886,,15.0,ok_dr10
ZTF23abtjrbz,15.043187799776103,SER,16.617426,16.067774,0.029479096,0.0287983,,17.0,ok_dr10
ZTF20aavdgib,1.3180149376768353,SER,19.864122,19.47201,0.106034,0.031047,,17.0,ok_dr9
ZTF23absouua,1.6044353281737327,SER,15.110947,14.444103,0.06904093,0.012232229,0.05232567,19.0,ok_dr10
ZTF25aaitagu,1.067101134354088,SER,16.896063,16.526388,0.067341,0.018776,,11.0,ok_dr9
ZTF22aaotgrc,,,,,,,,,empty
ZTF20aclkyjg,0.4997842110783369,REX,22.165539,21.889427,0.16708364,0.19064026,,45.0,ok_dr10
ZTF21abnabtv,1.0394067783989533,DUP,,,,,,12.0,ok_dr9
ZTF21abtgbwr,0.15708039937632814,SER,19.642103,19.011507,0.17726755,0.08910871,,15.0,ok_dr10
ZTF23abaebbd,2.0839087668270424,DUP,,,,,,23.0,ok_dr10
ZTF25acdxdbq,3.506094593325995,SER,14.929946,14.386165,0.031742424,0.008273548,,37.0,ok_dr10
ZTF20actiymd,4.919428651331172,SER,,14.136496,,,,9.0,ok_dr10
ZTF19aaejtof,2.0406474619816106,EXP,22.221851,22.803963,0.12516682,0.26175952,,18.0,ok_dr10
ZTF21aaihala,2.3554055146751716,REX,,,,,,6.0,ok_dr10
ZTF21aabjfbc,0.10272471145070061,REX,23.497747,23.410196,0.6535243,0.6437804,,23.0,ok_dr10
ZTF18acrcizr,0.2430816457559443,SER,16.599098,16.025183,0.04629558,0.01000927,,17.0,ok_dr10
ZTF24aasqcng,3.9958775935148525,SER,15.892093,15.505859,0.04340677,0.006567027,,16.0,ok_dr10
ZTF24aawkujt,,,,,,,,,empty
ZTF19aapceyj,5.137179118971871,SER,16.082174,15.623675,0.02741,0.005999,,8.0,ok_dr9
ZTF19acgrbeb,0.2771259279343585,REX,21.058521,20.759495,0.11277317,0.13121283,,19.0,ok_dr10
ZTF19abjpelp,4.632299732315975,SER,,16.683151,,,,14.0,ok_dr10
ZTF24abteeyt,1.0626327487078584,SER,,,,,,17.0,ok_dr10
ZTF20acowddo,1.6791428261795027,SER,16.604315,16.17926,0.05615973,0.009019645,,17.0,ok_dr10
ZTF24aaloeiz,2.523630596957349,DEV,23.095045,,0.21725975,0.3875562,,37.0,ok_dr10
ZTF21acdcxfz,3.351703817584732,SER,18.809853,18.502779,0.07576212,0.026141154,,32.0,ok_dr10
ZTF18acbznvp,0.16208545512236805,REX,19.882082,20.041157,0.021835,0.050727,,15.0,ok_dr9
ZTF22abatsyj,3.8467275828245358,REX,17.383554,16.958357,0.069342,0.015474,,17.0,ok_dr9
ZTF22aaknvcz,12.921255630862715,REX,22.25387,21.74015,0.681276,0.203314,,7.0,ok_dr9
ZTF25acgclhz,1.5041127577296072,SER,16.779608,16.482948,0.021959808,0.006277308,0.023732962,22.0,ok_dr10
ZTF20abrnavu,0.18345626496829875,REX,22.561398,22.132448,0.5000118,0.24731652,,20.0,ok_dr10
ZTF20acusecr,0.7141169533736698,SER,17.550352,17.491547,0.030216,0.010066,0.030874,12.0,ok_dr9
ZTF19aaaiosa,,,,,,,,,empty
ZTF20aahbamv,3.8456849239845887,SER,17.292189,16.835049,0.055147782,0.012266801,0.045207087,15.0,ok_dr10
ZTF25aanbcou,0.7559424880629313,REX,20.135244,19.80032,0.15906404,0.05174219,,7.0,ok_dr10
ZTF23aarjsik,9.691576616998562,DUP,,,,,,17.0,ok_dr10
ZTF20abmapla,4.8514912714104765,EXP,21.728968,23.505358,0.07530602,0.13238272,,19.0,ok_dr10
ZTF24aahicbz,0.6295312487770072,SER,17.4574,17.130405,0.028441932,0.006279577,,14.0,ok_dr10
ZTF24abcyajd,,,,,,,,,empty
ZTF19adaivcf,10.094951274548713,REX,23.019106,20.98701,0.900599,0.065897,,15.0,ok_dr9
ZTF24abgsvwh,1.9236061056874296,SER,17.951635,17.287514,0.06936435,0.0427791,,6.0,ok_dr10
ZTF21aaskwgm,4.2944233737771444,REX,22.34603,,,,,9.0,ok_dr10
ZTF25aabnwba,,,,,,,,,empty
ZTF25aaptbyd,1.5456726297740992,SER,20.954212,23.228958,0.07856857,0.08402166,,13.0,ok_dr10
ZTF20acithxf,13.170709397549407,SER,13.96882,13.373296,0.068083,0.012265,,8.0,ok_dr9
ZTF20aaideho,0.1600903566949638,EXP,22.151608,22.360355,0.26071438,0.37153798,,19.0,ok_dr10
ZTF18acgvhxo,0.15764744370350783,DUP,,,,,,2.0,ok_dr10
ZTF19acaqyjp,2.1069979965828565,SER,18.88706,18.753727,0.029277,0.017257,,16.0,ok_dr9
ZTF22abzdcar,2.149931176725934,REX,17.776724,17.566143,0.027898265,0.013659467,,35.0,ok_dr10
ZTF22aaljyqw,3.8747838558698966,REX,22.40428,21.770657,1.012395,0.237521,,15.0,ok_dr9
ZTF25aakgfpu,1.3400422436018684,DUP,,,,,,16.0,ok_dr10
ZTF19abdvpfj,4.860737259353184,SER,18.321035,17.86571,0.094899,0.019743,,14.0,ok_dr9
ZTF19aarqmjs,11.263871467859715,DUP,,,,,,6.0,ok_dr10
ZTF21aaoghxv,0.33277795482779626,SER,16.77567,16.13808,0.095163,0.018132,0.080035,12.0,ok_dr9
ZTF22aaafbka,2.684156836813036,SER,18.785011,18.09996,0.133263,0.021858,,13.0,ok_dr9
ZTF22abvmgtl,11.869355710204246,SER,11.294044,10.689617,0.007671,0.004656,,3.0,ok_dr9
ZTF22aaacxkp,9.282728380571962,REX,20.495539,20.370693,0.28317896,0.47677547,,30.0,ok_dr10
ZTF24abckhke,,,,,,,,,empty
ZTF22abuslkt,3.734239937837882,EXP,23.534937,23.834927,0.384195,0.443289,,16.0,ok_dr9
ZTF22abnvmgu,2.3490117957615726,EXP,23.350622,22.351406,0.666113,0.17528072,,22.0,ok_dr10
ZTF19aanxosu,0.5916725508430088,REX,19.978344,19.802454,0.071946,0.054868,,11.0,ok_dr9
ZTF19aakrsuo,16.510533616611866,REX,23.242155,23.203539,0.4901846,0.39396286,,2.0,ok_dr10
ZTF21aajuerd,0.16644820939785143,SER,15.8817,15.249619,0.06117122,0.0051077134,0.06918371,19.0,ok_dr10
ZTF19acykjcw,3.3500520858296303,DEV,22.2796,,0.36088789,0.60903823,,31.0,ok_dr10
ZTF21aaqzkhx,3.8310541418357458,DUP,,,,,,10.0,ok_dr9
ZTF23aajgpos,6.412488859691208,SER,14.388146,13.738432,0.04949366,0.009275446,0.05558595,35.0,ok_dr10
ZTF23aaniabv,13.551489840712483,SER,14.056841,13.364526,0.04318086,0.005793952,0.0436325,11.0,ok_dr10
ZTF21aavoete,0.762074356591619,EXP,22.321514,24.297815,0.14724547,0.7186259,,17.0,ok_dr10
ZTF20aamerev,1.1034740550635982,SER,17.465956,16.837177,0.071642,0.01372,,13.0,ok_dr9
ZTF20aatqidk,1.32415274657831,SER,17.406038,17.05836,0.050260507,0.009718926,0.033936635,16.0,ok_dr10
ZTF25acadteh,,,,,,,,,empty
ZTF23aakmsiy,,,,,,,,,empty
ZTF24aaskxde,3.43870648174462,SER,14.304405,13.680462,0.040569168,0.005951084,0.053038232,28.0,ok_dr10
ZTF18abjrdzt,,,,,,,,,empty
ZTF20aahgejq,1.541474812879737,SER,17.280315,16.992987,0.060055,0.011797,0.046328,23.0,ok_dr9
ZTF19aapbgmp,,,,,,,,,empty
ZTF24aaonrzo,12.119924428754409,REX,21.284899,21.159006,0.2782745,0.63468766,,26.0,ok_dr10
ZTF23absohlp,,,,,,,,,empty
ZTF18abfchzq,0.5702661720681207,SER,18.185814,17.873777,0.059387,0.032652,,11.0,ok_dr9
ZTF19aaraxhh,1.345473207231266,SER,17.16227,16.724731,0.046389,0.01004,0.041289,8.0,ok_dr9
ZTF19aargqez,6.5739380764471935,SER,15.286038,14.592169,0.023945892,0.0052024457,,18.0,ok_dr10
ZTF23aaquhaz,,,,,,,,,empty
ZTF22abstcjq,1.434234524188637,SER,18.950678,18.763382,,,,7.0,ok_dr10
ZTF22abivebe,1.8508218889384611,SER,16.123058,15.844396,0.046720143,0.010824207,,14.0,ok_dr10
ZTF18abywcnl,5.351633642868642,REX,22.839169,21.926281,0.902831,0.139196,,15.0,ok_dr9
ZTF23abgspvs,1.3589217596562142,REX,23.849644,21.39591,0.91817194,0.083820395,,18.0,ok_dr10
ZTF24aakskvp,6.293635923746078,EXP,19.297636,18.969194,0.10871007,0.068851784,,8.0,ok_dr10
ZTF24abugvux,2.757609218684232,SER,21.092243,19.069664,0.7533757,0.5062728,,16.0,ok_dr10
ZTF20abyxnjo,,,,,,,,,empty
ZTF19aamljom,9.071870424051664,SER,15.951694,15.635042,0.022638,0.008203,,3.0,ok_dr9
ZTF19abkjbur,,,,,,,,,empty
ZTF20abzetdf,0.6220101243123441,SER,16.743967,,,,,17.0,ok_dr10
ZTF18abeyqpr,1.707709587633947,REX,15.831817,15.571413,0.028447,0.013173,,13.0,ok_dr9
ZTF21aaizyqc,1.062082978787961,SER,20.345215,20.450722,0.039937,0.045135,,14.0,ok_dr9
ZTF19abfwfei,17.847886554080294,DEV,20.134743,19.91589,0.169348,0.09453,,9.0,ok_dr9
ZTF20aafrihv,0.738803062232782,EXP,21.097368,20.985128,0.083929,0.111179,,10.0,ok_dr9
ZTF24aaaidva,0.5181946986745488,EXP,21.98057,21.975822,0.18223792,0.12376013,,14.0,ok_dr10
ZTF20acyvzef,0.765193805931473,DUP,,,,,,17.0,ok_dr9
ZTF21abbytmm,0.3791860111281424,SER,17.771145,17.247412,0.04914737,0.017788138,,23.0,ok_dr10
ZTF25aafoflc,4.547420906614875,REX,23.064684,21.799667,0.96430796,0.14626348,,26.0,ok_dr10
ZTF24aahgqwk,4.035503027950109,EXP,21.034777,20.381327,0.86770684,0.2013102,,24.0,ok_dr10
ZTF23abhshdk,3.733575179405079,DUP,,,,,,8.0,ok_dr10
ZTF23abgnvhq,3.5008484739614567,SER,16.372622,15.948283,0.07405,0.014187,0.049094,19.0,ok_dr9
ZTF24abeywka,,,,,,,,,empty
ZTF19abqsvgf,5.629903587996091,SER,14.446902,13.89859,0.033092,0.005831,,22.0,ok_dr9
ZTF21ackmfgz,1.897561169581444,SER,,17.236933,,,,9.0,ok_dr10
ZTF22abztcly,,,,,,,,,empty
ZTF25aamqhpc,0.5554628927183586,SER,18.96239,18.504265,0.056924,0.030304,,22.0,ok_dr9
ZTF20abyiycy,4.665454657928938,DUP,,,,,,6.0,ok_dr10
ZTF22aabwemz,0.6289081260154131,SER,17.343184,16.873528,0.0336018,0.013653063,0.03589711,20.0,ok_dr10
ZTF22aawetbp,1.0280449386282924,REX,,19.88522,,,,12.0,ok_dr10
ZTF20aaifyab,5.732573744581961,SER,15.413606,14.782574,0.061822,0.012657,,12.0,ok_dr9
ZTF25aceglik,3.9822699270135464,SER,17.369358,17.036123,0.08662,0.013426,0.09048,14.0,ok_dr9
ZTF19abasxkg,,,,,,,,,empty
ZTF25aaetvgk,4.593285679689019,EXP,20.428547,20.184645,0.07477701,0.21286838,,23.0,ok_dr10
ZTF20abfcshg,0.9356481937143177,DEV,21.584631,22.449451,0.15217684,0.238476,,15.0,ok_dr10
ZTF19abqmsbk,0.06727623840587044,SER,15.935816,15.543846,0.04084968,0.023725923,,17.0,ok_dr10
ZTF23abioirc,1.3849160667420595,SER,,19.295233,,,,7.0,ok_dr10
ZTF18abtmtfy,0.16421098230690556,REX,18.646635,19.02531,0.09685322,0.5614508,,11.0,ok_dr10
ZTF19aafmvdb,8.806576640186277,REX,22.289095,23.712896,0.6575637,0.6671059,,27.0,ok_dr10
ZTF18acqsqry,1.5289803599094764,SER,17.101765,16.598768,0.09787838,0.04623568,,24.0,ok_dr10
ZTF23abkkajk,7.696487168674692,REX,23.668346,23.668991,0.8219069,0.49123105,,13.0,ok_dr10
ZTF19abqwsuf,1.4734830671779344,REX,16.404268,15.948,0.040509455,0.008553234,,18.0,ok_dr10
ZTF21aawgzda,0.26412033296825205,EXP,22.216007,21.921124,0.291785,0.26548,,12.0,ok_dr9
ZTF21aaigqir,6.03857595759934,DUP,,,,,,29.0,ok_dr10
ZTF24abodqaj,8.503639510002788,SER,15.510317,15.037362,0.05481,0.015429,0.063469,5.0,ok_dr9
ZTF20abhzgly,0.2285376272204845,REX,19.706568,19.457987,0.0870154,0.03912584,,6.0,ok_dr10
ZTF20aagfjlj,2.615288850515396,SER,14.733004,14.052547,0.05059379,0.006382181,,17.0,ok_dr10
ZTF25aaabezb,0.3219630764731117,REX,20.859411,20.564787,0.14267352,0.085409,,23.0,ok_dr10
ZTF19aamkfvy,3.683475196771249,SER,19.905624,19.096045,0.40406,0.031453,,20.0,ok_dr9
ZTF19aaeopgw,0.8914008546103935,EXP,19.42303,19.078781,0.30452,0.21686,,11.0,ok_dr9
ZTF18aawzens,0.7885782055877729,SER,17.907927,17.555159,0.08703114,0.020517085,,7.0,ok_dr10
ZTF20aaknzba,0.24934399118256337,REX,22.00663,21.851429,0.20597324,0.18162288,,9.0,ok_dr10
ZTF25aauscfu,,,,,,,,,empty
ZTF25aawnctx,,,,,,,,,empty
ZTF20abajtzc,1.6940148663221322,EXP,18.828579,18.539463,0.077875,0.025198,,6.0,ok_dr9
ZTF19aarlefl,5.218095430001343,SER,18.454538,18.094856,0.1159631,0.23711191,,26.0,ok_dr10
ZTF25aautevd,0.5842894003015497,EXP,20.710892,20.504284,0.131709,0.062091,,7.0,ok_dr9
ZTF23aajdtbw,3.4811576147757917,SER,14.993835,14.142999,0.0351401,0.008492665,0.024480883,27.0,ok_dr10
ZTF25aaadytl,0.34282704905060474,SER,18.094402,17.938059,0.024473,0.021803,,13.0,ok_dr9
ZTF22aavpkwo,1.223284371775393,SER,19.70647,19.399881,0.09835249,0.031961013,,9.0,ok_dr10
ZTF25aaceybo,,,,,,,,,empty
ZTF23aampyvc,,,,,,,,,empty
ZTF22aakcvbr,15.607700685065804,EXP,20.28736,19.546751,0.58846104,0.3833696,,22.0,ok_dr10
ZTF22aarlppe,8.303019723398403,SER,15.787329,14.964722,0.085603,0.01711,,9.0,ok_dr9
ZTF18aawiilg,2.9685356673919943,SER,15.655492,15.336313,0.052028,0.015685,,12.0,ok_dr9
ZTF21abcjpnm,3.1423924756300123,SER,16.655432,16.516113,0.031648,0.008277,0.037971,16.0,ok_dr9
ZTF20abehuki,,,,,,,,,empty
ZTF19acytcsg,5.146635013412848,SER,15.738927,15.355526,0.033364,0.005229,0.031922,13.0,ok_dr9
ZTF21abkrteb,4.564796753538619,SER,20.246538,20.45191,0.041231,0.165633,,12.0,ok_dr9
ZTF20abafzxx,1.2580577299021867,SER,15.940048,15.577601,0.032,0.010761,,17.0,ok_dr9
ZTF23aahzyls,0.16954561638888033,REX,20.652933,20.507309,0.075947955,0.08989275,,24.0,ok_dr10
ZTF22abqpflu,4.671373387589021,SER,,,,,,6.0,ok_dr10
ZTF22abexkqi,4.468416034479235,DEV,18.20268,17.826029,0.099556,0.028765,,12.0,ok_dr9
ZTF25abogvjf,,,,,,,,,empty
ZTF20abatfzl,1.0834928293947566,SER,19.85766,19.61689,0.091215,0.030715,,8.0,ok_dr9
ZTF25acffprp,0.07814916530246385,SER,18.971497,18.583855,0.085938,0.033911,,20.0,ok_dr9
ZTF22aarwtqp,0.5433576471098583,SER,16.670168,16.05054,0.059012566,0.02818517,,19.0,ok_dr10
ZTF22absqvgm,2.0102048213983372,SER,19.22354,18.954195,0.12359518,0.040009942,,7.0,ok_dr10
ZTF19aazzpje,2.6710255172418282,SER,18.260492,17.61906,0.08456946,0.013386513,,14.0,ok_dr10
ZTF18aarunfu,1.006958280353624,SER,16.25209,15.620553,0.056668,0.008426,0.059692,13.0,ok_dr9
ZTF23aaltnze,3.9979734800722784,EXP,21.926657,,0.12213331,0.8308965,,12.0,ok_dr10
ZTF25abpdxzo,0.3334721239806679,DEV,,,,,,20.0,ok_dr10
ZTF21acgrlmz,,,,,,,,,empty
ZTF21acjbcqw,1.0461717074619197,SER,20.266611,20.622398,0.09575513,0.5457137,,20.0,ok_dr10
ZTF19abzvvkb,1.4635045770836175,SER,18.350054,17.75452,0.09282511,0.014791537,,15.0,ok_dr10
ZTF20abyjopm,,,,,,,,,empty
ZTF18acsvycn,,,,,,,,,empty
ZTF18aaisaqo,1.7272161859854873,SER,16.201042,15.64375,0.06747988,0.019397855,0.07978668,12.0,ok_dr10
ZTF22aafnqtw,6.269799363604335,EXP,21.580374,21.440279,0.20670727,0.0955852,,18.0,ok_dr10
ZTF25abqzdbd,0.6186570707192475,REX,18.598145,18.258793,0.15192792,0.018938905,,25.0,ok_dr10
ZTF23aasyvbf,5.074585582916531,SER,18.290712,18.568943,0.025755404,0.009762048,,72.0,ok_dr10
ZTF24abbinrr,2.233819481638577,SER,18.905243,18.51393,0.13512,0.066931,,16.0,ok_dr9
ZTF21aautijg,0.7926881220190908,EXP,20.987587,20.564516,0.5368171,0.28947398,,13.0,ok_dr10
ZTF21aapjphz,3.6930520237109272,SER,18.284405,17.976316,0.06615189,0.041072346,,26.0,ok_dr10
ZTF24absvygp,1.5096975313924657,REX,23.582195,23.218973,0.85710174,0.48016813,,26.0,ok_dr10
ZTF20aagqrbx,6.0685612168120935,REX,23.086143,22.47485,0.84803,0.249343,,13.0,ok_dr9
ZTF21abieuta,7.147709647285249,DUP,,,,,,26.0,ok_dr10
ZTF24aawxqjl,0.48749936982647224,SER,17.313625,16.892723,0.059360377,0.016466739,0.07059399,10.0,ok_dr10
ZTF25abpxqho,0.6655658400274607,SER,18.898066,18.529325,0.10774969,0.033343986,,34.0,ok_dr10
ZTF21achaxmt,,,,,,,,,empty
ZTF22abhvfio,5.215281929575998,SER,15.693731,15.012509,0.041374236,0.011760188,,14.0,ok_dr10
ZTF20aakbtyz,2.6613301190666956,SER,18.342922,17.845264,0.102824,0.019806,,5.0,ok_dr9
ZTF19abovtfk,3.3011089757156142,REX,21.731524,,0.272152,0.321926,,17.0,ok_dr9
ZTF19acaqqxo,5.819850704329394,SER,14.451246,14.391872,0.013881,0.004993,0.017558,13.0,ok_dr9
ZTF19acvrgde,0.2486485736454466,REX,20.121544,19.879066,0.10954171,0.038151097,,14.0,ok_dr10
ZTF24aahuulq,1.7068381588041857,SER,18.073816,17.754185,0.058109317,0.024596032,,11.0,ok_dr10
ZTF19aavissk,,,,,,,,,empty
ZTF24aagssbr,8.613759537237408,REX,21.840202,,0.619299,0.324276,,17.0,ok_dr9
ZTF24aaekmnz,4.66414730892984,SER,16.208723,15.681572,0.03334683,0.013122723,,13.0,ok_dr10
ZTF20aaichor,3.811171239967298,REX,23.38955,23.85858,0.839959,0.369357,,5.0,ok_dr9
ZTF25aatvtvy,4.64692842912005,REX,25.45833,24.005743,1.1856534,0.56414,,18.0,ok_dr10
ZTF20abrnvnn,0.5297190688068877,SER,22.011967,24.152014,0.055938642,0.39377436,,69.0,ok_dr10
ZTF22aasytpm,1.4691856787555593,EXP,,20.790405,,,,13.0,ok_dr10
ZTF20acwijiy,2.018548614899558,SER,22.362799,22.597778,0.30714422,0.3647514,,35.0,ok_dr10
ZTF19abjozed,1.3888932461909593,SER,21.653057,21.398672,0.2619027,0.08415086,,26.0,ok_dr10
ZTF22aauwyuq,12.8948103881243,REX,23.25237,22.89399,0.7701467,0.35325363,,7.0,ok_dr10
ZTF20aafciit,2.65023069000573,SER,17.95967,17.545366,0.070111,0.016963,,11.0,ok_dr9
ZTF22abfrkoh,0.8012770386618943,SER,20.36177,20.816477,0.06988372,0.33263877,,31.0,ok_dr10
ZTF24abpwing,,,,,,,,,empty
ZTF22abnmngf,7.650926744528336,SER,13.931991,13.321951,0.032137,0.005003,,4.0,ok_dr9
ZTF19acxgwvo,0.3039468933633834,SER,15.922763,15.861183,0.03512618,0.022935271,0.014591525,16.0,ok_dr10
ZTF25acdqtea,,,,,,,,,empty
ZTF20aaurhzc,15.491842702743643,REX,23.098,22.339228,0.5349375,0.21574074,,18.0,ok_dr10
ZTF21acgxwlz,3.7809204775443903,EXP,,,,,,10.0,ok_dr10
ZTF25aaawpmf,0.514055294256672,EXP,20.667728,20.44874,0.14756463,0.08100067,,14.0,ok_dr10
ZTF18accsawg,2.079453896300139,SER,18.837711,18.368542,0.13081402,0.07299127,,15.0,ok_dr10
ZTF21aavgnld,0.7853456257842817,EXP,19.738632,19.174623,0.15291597,0.03695052,,13.0,ok_dr10
ZTF23abshzag,0.5948004892631358,SER,22.167925,,0.26510987,0.9422148,,23.0,ok_dr10
ZTF19abddqhy,7.272776231099535,REX,19.98611,19.827475,0.058340564,0.051642932,,8.0,ok_dr10
ZTF19abqmjdq,7.77046340876592,DEV,22.002079,,0.06257509,0.3215317,,30.0,ok_dr10
ZTF19aadggnt,0.9927175529921838,SER,19.763939,19.170902,0.25109875,0.17188033,,19.0,ok_dr10
ZTF23ablavhx,0.751815646035466,SER,17.976803,17.620846,0.10689545,0.017987737,,8.0,ok_dr10
ZTF21accyvil,5.770086190687705,SER,16.431417,15.748986,0.07502782,0.017949915,,26.0,ok_dr10
ZTF23abiljba,5.4641887566568705,DEV,19.91496,19.619219,0.22620896,0.36465067,,27.0,ok_dr10
ZTF19acnjwgm,2.7688660226797848,SER,21.527735,21.42159,0.068592586,0.19792295,,38.0,ok_dr10
ZTF25aacljcu,13.821336641488527,EXP,21.337646,20.618711,0.5384169,0.11441135,,11.0,ok_dr10
ZTF20abnnfpv,0.881894967723247,SER,16.846376,16.558758,0.028963711,0.009269543,,28.0,ok_dr10
ZTF18acvwdkk,0.5200901914081024,EXP,20.98848,20.949202,0.04561451,0.044420093,,12.0,ok_dr10
ZTF19abqlrtb,1.7306752627893205,SER,19.711197,19.419247,0.0854901,0.03997377,,10.0,ok_dr10
ZTF18abjyjdz,0.4667183776592101,SER,18.25076,17.820496,0.09873263,0.020729229,,14.0,ok_dr10
ZTF22abqqjih,1.6579312294317772,EXP,22.417473,23.17952,0.15493645,0.19880939,,18.0,ok_dr10
ZTF23absdnmt,4.392056410963903,REX,20.241455,19.93756,0.130625,0.051467,,14.0,ok_dr9
ZTF24aaicquq,4.876508528297302,SER,15.858407,15.20072,0.057666,0.014474,,10.0,ok_dr9
ZTF24aaypjcj,,,,,,,,,empty
ZTF22aamfjun,1.2237008528245523,EXP,22.835487,23.689358,0.4200845,0.51164794,,17.0,ok_dr10
ZTF19abpxiff,2.282307395778983,SER,19.232258,18.992325,0.06598286,0.042909678,,32.0,ok_dr10
ZTF23aaqqeez,3.5717084287267222,SER,16.282183,15.541665,0.043456297,0.013995567,,49.0,ok_dr10
ZTF24abygyka,,,,,,,,,empty
ZTF19abgqwed,1.4096757168386969,SER,15.872723,15.315303,0.07629777,0.013741314,0.07864602,35.0,ok_dr10
ZTF20aciwrpn,,,,,,,,,empty
ZTF23aausgtp,3.8111593657759446,EXP,23.102129,23.731117,0.13679177,0.35178408,,17.0,ok_dr10
ZTF20acurtpj,4.311730074515161,SER,19.501562,19.269865,0.053895,0.066337,,4.0,ok_dr9
ZTF23aagklwb,0.4704778623748818,SER,20.371878,20.07153,0.10387377,0.03968287,,22.0,ok_dr10
ZTF21abjrwhq,7.726263391228486,DUP,,,,,,54.0,ok_dr10
ZTF23aaquhcv,0.32020964627842424,REX,19.094723,,,,,7.0,ok_dr10
ZTF23abtdizt,0.836774291387362,EXP,18.353067,17.998207,0.04094459,0.0157982,,33.0,ok_dr10
ZTF22aayaemx,1.152218538071243,EXP,22.100874,22.198498,0.11967877,0.2267691,,13.0,ok_dr10
ZTF24aaieled,3.1980389932375557,SER,14.771685,14.200407,0.05342178,0.010395187,0.087836355,21.0,ok_dr10
ZTF20aaflaug,8.603692316162505,EXP,22.034142,22.098589,0.461815,0.269537,,6.0,ok_dr9
ZTF19abxjimu,,,,,,,,,empty
ZTF23aacdlvr,1.6303032434767621,DEV,21.358688,21.18001,0.233674,0.127575,,15.0,ok_dr9
ZTF22abmzdzr,0.2366307066668994,SER,16.009626,15.390179,0.029988132,0.00770858,,37.0,ok_dr10
ZTF24aagxdol,0.4211648433100311,REX,22.874537,22.535397,0.9538245,0.43397027,,29.0,ok_dr10
ZTF25acelvvz,0.5194460583841705,SER,18.563316,18.026106,0.118534,0.023638,,10.0,ok_dr9
ZTF18aasrlze,0.030293213907766993,DUP,,,,,,13.0,ok_dr9
ZTF20abdxyae,0.3947346947473791,SER,,17.166426,,,,4.0,ok_dr9
ZTF23aalcvlh,4.212158811319211,SER,13.815824,13.201769,0.026694601,0.0053244703,0.019961232,62.0,ok_dr10
ZTF20aciubjh,1.7717025015461314,REX,19.738605,19.659071,0.049045,0.037353,,4.0,ok_dr9
ZTF21abowqqa,0.7366565752903527,REX,20.33832,19.845423,0.17996523,0.048341528,,26.0,ok_dr10
ZTF19aallimd,0.08410533257087237,DEV,21.96409,21.924358,0.088392444,0.20977207,,32.0,ok_dr10
ZTF23aaawcyt,7.20958456832131,SER,17.00866,16.652235,0.065662235,0.013570293,0.04935258,9.0,ok_dr10
ZTF19abzzuyl,4.958686181437822,SER,13.911155,13.390032,0.02553122,0.004379099,0.029102825,6.0,ok_dr10
ZTF18acbzpxx,1.9560381856344367,SER,17.436527,17.093416,0.05152847,0.015486609,0.08834532,13.0,ok_dr10
ZTF21abkavmp,6.376035011985405,REX,20.690657,19.838367,0.38137606,0.08172357,,10.0,ok_dr10
ZTF19adbmwto,0.32009891452768946,DEV,21.294731,21.150824,0.42681396,0.74994665,0.09119291,84.0,ok_dr10
ZTF25aafjpdg,2.019959370131303,REX,14.683156,14.234512,0.03372429,0.006899761,0.02683264,22.0,ok_dr10
ZTF22abecbbd,3.124156944675858,SER,18.231577,17.845354,0.04274,0.03443389,,25.0,ok_dr10
ZTF25aafywpr,0.43976019865966787,EXP,20.628948,20.36596,0.23469986,0.067712374,,15.0,ok_dr10
ZTF24abqxfih,1.0554190164911452,SER,18.094133,17.753033,0.04060578,0.018027915,,12.0,ok_dr10
ZTF21acjgmiy,,,,,,,,,empty
ZTF20aatuwib,2.8889167744617015,REX,22.528254,21.131357,0.6324909,0.066955,,14.0,ok_dr10
ZTF20abeolig,2.2513320127718424,SER,15.722064,15.059844,0.06810091,0.0052595777,0.062378723,12.0,ok_dr10
ZTF20acpkzxq,1.9405777460261175,SER,16.526115,15.752141,0.10079782,0.006707733,,20.0,ok_dr10
ZTF19aanuuen,1.6928447469245096,REX,16.84762,16.368614,0.06986162,0.010153253,0.07009692,9.0,ok_dr10
ZTF21aadebss,,,,,,,,,empty
ZTF20aaeopvv,1.821870149312616,SER,15.11626,14.358211,0.06822617,0.010031669,,18.0,ok_dr10
ZTF21abiyyob,4.99289608444396,REX,20.987583,20.285315,0.59252036,0.4026783,,7.0,ok_dr10
ZTF20actawpa,0.527219844185527,REX,19.077213,18.898062,0.083086,0.034324,,6.0,ok_dr9
ZTF20aattqbi,2.022279154558017,DEV,16.27633,15.689539,0.07230932,0.012809938,0.058475457,14.0,ok_dr10
ZTF21abyakea,,,,,,,,,empty
ZTF18acbwasc,4.740964789380712,SER,13.263837,12.860641,0.019105,0.004506,0.019996,6.0,ok_dr9
ZTF20ackijbs,0.16204593575503512,SER,16.15377,15.66929,0.07205039,0.024035776,,69.0,ok_dr10
ZTF19abidbya,0.1409867953979378,SER,19.265064,18.751404,0.08276926,0.021896007,,13.0,ok_dr10
ZTF24aaerzgz,,,,,,,,,empty
ZTF24abihkka,11.353054512693824,REX,15.288642,14.560383,0.062394,0.012593,,24.0,ok_dr9
ZTF20aasfdfr,1.149717356530193,REX,16.095146,15.69057,0.058648,0.006564,0.055245,13.0,ok_dr9
ZTF22aaaivqj,5.831043427109388,REX,16.186914,15.624082,0.051364932,0.016773181,,15.0,ok_dr10
ZTF18abrcvbu,0.1991173236772721,SER,17.658169,17.004128,0.086177364,0.0091649005,0.09349115,21.0,ok_dr10
ZTF21abgywux,3.5145778646161023,SER,15.249047,14.810997,0.02883661,0.0064457483,,20.0,ok_dr10
ZTF21acirtph,2.1360732685566703,SER,19.750708,19.067865,0.13177012,0.03305583,,46.0,ok_dr10
ZTF19acnfjyw,2.813501076967229,SER,17.419098,16.958393,0.04062065,0.013104167,,11.0,ok_dr10
ZTF22aabjlih,2.917126733683152,SER,18.883331,18.462278,0.08477,0.026003,,5.0,ok_dr9
ZTF21aanyyde,1.9058304332971538,EXP,18.87712,18.531326,0.09579642,0.035056636,,17.0,ok_dr10
ZTF20abswdbg,,,,,,,,,empty
ZTF25aaizkcc,,,,,,,,,empty
ZTF21aamwvhr,2.51904805451272,REX,23.613155,23.03362,0.9178212,0.35447574,,17.0,ok_dr10
ZTF24aatgvrs,,,,,,,,,empty
ZTF24aazjdml,3.8041057085658867,SER,14.98833,14.677851,0.029732,0.004899,,5.0,ok_dr9
ZTF24aakocjx,5.137753572284706,SER,19.820309,19.307108,0.28006893,0.2288696,,23.0,ok_dr10
ZTF19acwsajh,,,,,,,,,empty
ZTF25acidxig,,,,,,,,,empty
ZTF18accmkud,0.4865690306717396,REX,23.241877,22.617966,0.689001,0.204975,,14.0,ok_dr9
ZTF18abvkmgw,3.7137742285793034,SER,15.947056,15.283305,0.042546187,0.01379944,0.038466897,12.0,ok_dr10
ZTF23abrrlrf,,,,,,,,,empty
ZTF24aahewml,,,,,,,,,empty
ZTF19abacxod,9.812625840897638,DEV,18.540497,18.852274,0.021538295,0.028135028,,23.0,ok_dr10
ZTF22ablhldn,,,,,,,,,empty
ZTF24abfaake,0.07442457501623402,SER,18.38505,17.75987,0.13385917,0.030076617,,41.0,ok_dr10
ZTF19achejoc,1.3702058033979938,SER,15.821651,15.470687,0.027208561,0.005135991,,14.0,ok_dr10
ZTF18abwlsoi,1.039529084555222,REX,22.250088,23.589668,0.007718,0.105672,,14.0,ok_dr9
ZTF19aakjcxs,3.532651561634934,EXP,21.903795,,0.077809535,0.31661075,,20.0,ok_dr10
ZTF20achkgng,9.379502548864988,REX,22.529985,22.249668,0.6351332,0.6056269,,3.0,ok_dr10
ZTF20acuofwe,4.270768835644086,REX,23.813068,22.06309,0.924163,0.164005,,19.0,ok_dr9
ZTF18aafjeeu,1.1339518252491234,SER,18.53599,17.44745,0.189758,0.147292,,6.0,ok_dr9
ZTF20abblqtl,0.43698537892745487,REX,21.639647,21.479548,0.481606,0.294087,,6.0,ok_dr9
ZTF20acklcyp,0.1563704052449152,REX,20.803032,20.591722,0.19069552,0.0880916,,10.0,ok_dr10
ZTF18abvgghe,,,,,,,,,empty
ZTF21aaipypa,10.039204892162303,SER,15.026182,14.682137,0.02042205,0.005823985,0.025451606,15.0,ok_dr10
ZTF21acjateh,2.0816685581168954,REX,21.831131,20.83092,1.04859,0.4479197,,35.0,ok_dr10
ZTF20abyjpxx,,,,,,,,,empty
ZTF21aagydmn,1.4175110591273303,SER,20.310656,20.311104,0.20616879,0.39078286,,46.0,ok_dr10
ZTF21acdajtx,,,,,,,,,empty
ZTF19ablpxtf,,,,,,,,,empty
ZTF22aaavmst,6.750111467284088,SER,16.672028,15.777994,0.077423,0.014149,,11.0,ok_dr9
ZTF22aaafmxf,5.761633012333164,SER,22.240767,20.320627,0.882993,0.30501398,,23.0,ok_dr10
ZTF20aaodkvl,9.300851109163558,SER,14.052344,13.331985,0.039801,0.011352,,5.0,ok_dr9
ZTF20abaszgh,9.684663910689206,SER,12.52724,11.983859,0.018921,0.005616,0.022165,8.0,ok_dr9
ZTF19aaurxsa,6.156050329735512,REX,23.593176,23.337946,0.45835325,0.204335,,37.0,ok_dr10
ZTF24abkbhzk,1.6035576024318015,SER,14.865824,14.430273,0.024104176,0.0073842644,0.032030407,27.0,ok_dr10
ZTF24aaejsaf,1.6433229306869033,EXP,20.905748,21.03275,0.094031,0.053771,,13.0,ok_dr9
ZTF24abccaua,2.275164216757944,DUP,,,,,,7.0,ok_dr9
ZTF20acitpfz,0.08894027933775489,SER,16.551222,16.051714,0.029554,0.006133,0.02738,10.0,ok_dr9
ZTF25abxlbva,9.237990950221217,REX,,23.23423,,,,18.0,ok_dr10
ZTF25aacaoby,0.18278779555612243,REX,21.53831,21.369135,0.153789,0.229545,,10.0,ok_dr9
ZTF19abzsitm,10.204469728125924,REX,23.731052,23.029207,1.0853441,0.35769913,,13.0,ok_dr10
ZTF23aaubzzz,0.19231943240431562,REX,18.560905,17.908245,0.097647,0.02394,,17.0,ok_dr9
ZTF23aadbtou,3.791825945689856,SER,15.858526,15.304115,0.032891802,0.0065706745,0.033150617,9.0,ok_dr10
ZTF19aceqjqw,1.4917084592754744,DUP,,,,,,23.0,ok_dr10
ZTF19aaycrgf,,,,,,,,,empty
ZTF25aaqkvza,0.5679218070510255,SER,17.562107,16.978657,0.09047407,0.037430473,,18.0,ok_dr10
ZTF20acfkzcg,2.189153443282306,SER,15.05829,14.676774,0.021349,0.00472,0.018708,6.0,ok_dr9
ZTF25acipypu,8.871015187498292,EXP,24.883541,,1.6104228,0.85638195,,21.0,ok_dr10
ZTF21abimnii,0.2673641947985362,SER,,16.630352,,,,13.0,ok_dr10
ZTF19aagmsrr,10.494997783241836,SER,12.818513,12.217784,0.024415,0.006862,0.02314,1.0,ok_dr9
ZTF25abiptzd,0.5106610391264562,EXP,19.39503,19.19604,0.115911,0.027225,,9.0,ok_dr9
ZTF23abvnahb,3.4712355111502373,DUP,,,,,,8.0,ok_dr10
ZTF22aayrxbb,2.3399013237873834,REX,20.512062,19.059624,0.20504628,0.09126833,,16.0,ok_dr10
ZTF19aanpcep,5.225660992039185,REX,21.606388,21.601858,0.033601,0.31092,,15.0,ok_dr9
ZTF19aartylj,2.0212164535627353,SER,16.255999,15.622643,0.07426336,0.013542428,,28.0,ok_dr10
ZTF23abjrdem,0.9687004562130436,REX,22.196692,22.711676,0.323927,0.297325,,12.0,ok_dr9
ZTF25aanxgnn,0.7911241088087431,REX,22.432125,22.1691,0.48623973,0.1866354,,13.0,ok_dr10
ZTF19abqyoxj,0.8522826138534585,SER,17.233973,16.754885,0.046285,0.012733,,12.0,ok_dr9
ZTF20ackkejs,4.234700444786711,SER,17.313826,16.536425,0.12817185,0.027084224,0.09170565,40.0,ok_dr10
ZTF21aaptnwj,0.3148225106990254,SER,18.6966,18.47586,0.043649003,0.025414784,,22.0,ok_dr10
ZTF25aacaxre,6.556892828937261,SER,14.119367,13.518564,0.026732342,0.0051309145,0.031560972,9.0,ok_dr10
ZTF19aavivbl,,,,,,,,,empty
ZTF20abkzhpk,0.7653739098402595,SER,18.721025,18.325823,0.115617,0.028653,,14.0,ok_dr9
ZTF22aakzred,1.5882503503882808,SER,18.955124,18.662737,0.10248038,0.019763758,,17.0,ok_dr10
ZTF20aazxvox,3.576798996159361,SER,19.07415,19.187372,0.03694055,0.028107218,,28.0,ok_dr10
ZTF21aadktwq,0.3361485561159542,SER,15.830268,15.183716,0.07974601,0.011935315,0.0652255,16.0,ok_dr10
ZTF20acztnts,6.05956770816875,DUP,,,,,,27.0,ok_dr10
ZTF19aamhhyo,2.251821631007842,EXP,19.413876,19.11198,0.086732,0.030478,,8.0,ok_dr9
ZTF20aauodrj,,,,,,,,,empty
ZTF21acbgcma,0.5890015187539449,SER,16.33281,15.693721,0.054863,0.01388,0.05239,12.0,ok_dr9
ZTF25aafulfd,0.5450174036952473,REX,20.39478,20.582125,0.02195448,0.38749444,,15.0,ok_dr10
ZTF22aaoewrn,0.04240845888704087,REX,19.575066,19.029268,0.09027272,0.044844925,,30.0,ok_dr10
ZTF18acbwchi,,,,,,,,,empty
ZTF25aadgckg,3.1112707003541553,EXP,22.868338,22.797607,0.60010254,0.5216463,,19.0,ok_dr10
ZTF20abtctgr,7.529965054417553,REX,22.559734,21.882318,0.7481071,0.32347664,,14.0,ok_dr10
ZTF22aazjqtu,,,,,,,,,empty
ZTF19aawevyv,,,,,,,,,empty
ZTF25aauhbwo,0.2813540809708217,SER,16.640568,16.007332,0.0643937,0.014720498,,29.0,ok_dr10
ZTF20actljfs,0.3147460920937938,REX,25.019432,,1.48255,0.794494,,16.0,ok_dr10
ZTF20aaxfzhw,3.3790917035597636,REX,24.880701,23.241938,1.1797446,0.29629728,,29.0,ok_dr10
ZTF20aaywban,4.158693591337796,DUP,,,,,,7.0,ok_dr9
ZTF21abflnze,1.8057524817970931,REX,,24.647842,,,,14.0,ok_dr10
ZTF22aakemmo,0.2767427505001554,SER,16.654366,16.074915,0.055937,0.00933,0.057239,8.0,ok_dr9
ZTF18aceynvm,3.801155068848441,DUP,,,,,,15.0,ok_dr9
ZTF24abtsprb,1.1245725536154443,EXP,21.723604,21.508041,0.30569723,0.2642733,,15.0,ok_dr10
ZTF21aanwbhk,3.8953651532821922,REX,17.895954,17.634954,0.058985393,0.01629524,0.08411,33.0,ok_dr10
ZTF18acvjhht,0.0380953843806355,SER,16.865877,16.083445,0.13762161,0.045298275,,34.0,ok_dr10
ZTF25aarsdkv,1.4986045276922908,EXP,21.097717,20.923702,0.26887867,0.62251824,,23.0,ok_dr10
ZTF20acgchsp,2.5988943102619513,SER,15.89395,15.629496,0.0328174,0.006847699,0.045625545,20.0,ok_dr10
ZTF25aaruuln,2.6970288469398658,SER,18.888435,18.578722,0.09169212,0.023329528,0.0833204,14.0,ok_dr10
ZTF19aceckht,3.269967789895037,REX,22.496561,23.487906,0.560982,0.451729,,20.0,ok_dr9
ZTF18acbwvsp,,,,,,,,,empty
ZTF23aaaknoj,8.87392960018809,DUP,,,,,,27.0,ok_dr10
ZTF19aavitlq,,,,,,,,,empty
ZTF21acdkxcr,0.6373677982913247,EXP,21.185831,21.27129,0.06622594,0.06148269,,13.0,ok_dr10
ZTF23abbkulr,0.6304618981293502,EXP,21.808134,22.146215,0.156474,0.3604,,13.0,ok_dr9
ZTF21aagteny,3.1789057562373566,EXP,20.183638,19.87004,0.111125,0.044754,,21.0,ok_dr9
ZTF23abdshvl,3.6213238258456486,SER,20.74468,,0.01456,0.055526,,14.0,ok_dr9
ZTF21aatwkkt,0.6651312763016987,EXP,22.202211,22.60365,0.13315007,0.2868558,,31.0,ok_dr10
ZTF21abjcliz,1.7068547131829985,SER,16.522293,16.085598,0.03351293,0.0057037757,0.031461358,8.0,ok_dr10
ZTF24aapzmzb,8.707622395329071,EXP,21.196894,19.703562,0.39090216,0.12171593,,17.0,ok_dr10
ZTF23abuitpw,,,,,,,,,empty
ZTF22abfvrcb,0.4461620519002662,SER,16.215153,15.453587,0.090429306,0.0097745005,,31.0,ok_dr10
ZTF22aaagxsz,,,,,,,,,empty
ZTF21aafdvxz,0.28013022516521446,REX,21.178223,20.897203,0.1280733,0.12215406,,21.0,ok_dr10
ZTF19aarinmw,0.3801353002408577,DUP,,,,,,9.0,ok_dr10
ZTF24abiiivs,,,,,,,,,empty
ZTF24abncuhj,0.9742618977752577,SER,20.923449,21.056805,0.06626806,0.054266512,,33.0,ok_dr10
ZTF20aaiihky,5.232593214581889,EXP,18.427423,17.966997,0.13259625,0.031970616,,22.0,ok_dr10
ZTF21aagocky,1.3805010345861204,SER,18.022627,17.808685,0.074621625,0.021306185,,19.0,ok_dr10
ZTF20acowuix,2.8995382702311705,SER,17.820185,17.490974,0.063587,0.017361,,21.0,ok_dr9
ZTF20aaspiic,0.09194738491306526,DUP,,,,,,28.0,ok_dr10
ZTF25abcgeot,7.064575671547771,SER,15.799623,15.177441,0.05112314,0.027496396,,13.0,ok_dr10
ZTF25abmkbaa,0.48217647768530586,REX,23.699501,22.917812,1.1903253,0.23868932,,9.0,ok_dr10
ZTF24abzsvbq,1.9024887465572857,SER,17.270372,16.560972,0.135868,0.033689,,22.0,ok_dr9
ZTF20aayeims,2.6067061629822716,EXP,21.636139,21.963343,0.27773505,0.5256513,,26.0,ok_dr10
ZTF20aaxahpk,4.480887879145497,SER,15.847637,15.386376,0.073367,0.015818,0.070454,9.0,ok_dr9
ZTF23aaelkos,3.500507295384824,SER,16.944483,16.557863,0.02828164,0.011089771,0.0375284,18.0,ok_dr10
ZTF23abngbvw,1.967144451384095,EXP,19.841747,19.484896,0.09766134,0.0402748,,19.0,ok_dr10
ZTF18acszayr,2.5307725413159345,REX,25.188868,23.005276,0.9859978,0.21830162,,17.0,ok_dr10
ZTF19ablusdf,,,,,,,,,empty
ZTF23aaijkwo,20.840803691916364,EXP,21.617098,21.326485,0.39583334,0.13435781,,3.0,ok_dr10
ZTF19aburnqh,3.0838506083853794,REX,21.237688,,0.238565,0.219077,,16.0,ok_dr9
ZTF19acbunmk,2.220126098663462,SER,13.990672,13.374701,0.023784708,0.0061986297,,2.0,ok_dr10
ZTF22abfuwel,1.0921920840076265,SER,17.350111,17.06541,0.030091738,0.008193927,,10.0,ok_dr10
ZTF21aaqsprr,0.7174137408586589,REX,23.714195,24.294594,0.67286664,0.52412707,,11.0,ok_dr10
ZTF22abanshu,0.23961213153020794,SER,16.799826,16.20227,0.133409,0.026283,0.110248,14.0,ok_dr9
ZTF20acrufey,,,,,,,,,empty
ZTF24abyaspl,7.625565859596819,DUP,,,,,,4.0,ok_dr10
ZTF20aaerqjd,1.1278669105886692,EXP,21.722572,21.21949,0.675239,0.223705,,22.0,ok_dr9
ZTF18acsxusq,5.0033112398873945,SER,16.15665,15.796369,0.063828856,0.010785583,0.056018025,12.0,ok_dr10
ZTF23abfxxod,9.70213524210699,EXP,20.367561,20.043503,0.12235,0.1147,,13.0,ok_dr9
ZTF25aakcjgj,0.4582277716313352,SER,20.734306,16.984217,,,,19.0,ok_dr10
ZTF20acytfkf,,,,,,,,,empty
ZTF24abdjezn,,,,,,,,,empty
ZTF22abmwjev,0.44576318537173604,DEV,20.414425,20.885302,0.036169305,0.04710968,,12.0,ok_dr10
ZTF24aboeilj,0.016528171280347833,SER,15.213655,14.544326,0.051641,0.013096,,28.0,ok_dr9
ZTF22abmcono,3.984305309802463,SER,,16.83431,,,,11.0,ok_dr10
ZTF18accnlml,0.13749910594356465,SER,14.0235,13.391273,0.03515018,0.006316766,0.032894693,15.0,ok_dr10
ZTF21aagocor,0.7866280200570666,SER,18.170414,17.851477,0.073191956,0.013728341,,10.0,ok_dr10
ZTF18acsohut,0.18394303758944486,SER,17.94145,17.27532,0.083923,0.015743,,12.0,ok_dr9
ZTF24aakudig,1.884543756873203,SER,16.140802,15.430159,0.052372687,0.011718567,0.04334478,22.0,ok_dr10
ZTF21achutpj,,,,,,,,,empty
ZTF23aajiucf,1.5539609647462864,REX,23.239098,22.903036,0.8612677,0.44914466,,26.0,ok_dr10
ZTF22aausgkx,0.6057084183551169,DEV,,16.79133,,,,20.0,ok_dr10
ZTF24abrnllc,4.2102690363422886,DUP,,,,,,26.0,ok_dr10
ZTF21abrxoir,10.41392651989917,SER,15.985125,15.62261,0.044566438,0.008810239,,18.0,ok_dr10
ZTF21abbwbja,0.48032479144181944,SER,18.169306,17.728943,0.08241031,0.012207334,,27.0,ok_dr10
ZTF23aboicxj,1.1116935123814695,DEV,18.884361,19.227262,0.007809342,0.004909285,,26.0,ok_dr10
ZTF21aaxwpyv,6.388669289788736,REX,,22.894955,,,,12.0,ok_dr10
ZTF25acfkvbq,9.581686303306665,SER,19.19936,19.093098,0.029644832,0.021242028,,32.0,ok_dr10
ZTF25abyguri,3.8711324683719814,DUP,,,,,,15.0,ok_dr10
ZTF23aabngtm,,,,,,,,,empty
ZTF18absliyc,1.116457248283976,EXP,21.110672,20.819887,0.09946362,0.17784564,,32.0,ok_dr10
ZTF22aabnzsk,6.688035760106362,REX,23.866209,26.610329,1.2530782,0.73918784,,26.0,ok_dr10
ZTF21aaquyqa,2.3742065469540767,SER,16.865097,16.606785,0.016012123,0.008634087,,10.0,ok_dr10
ZTF22aadfbbs,0.7400000624999994,SER,15.817705,15.543091,0.030503076,0.0045769284,0.023956407,33.0,ok_dr10
ZTF21ackzyzj,,,,,,,,,empty
ZTF22aapargp,10.682257743347138,SER,15.463794,14.919367,0.029821008,0.007081868,0.03287226,15.0,ok_dr10
ZTF21acipofv,2.810350476528094,SER,15.266687,14.515218,0.063769534,0.0109829,0.058142815,16.0,ok_dr10
ZTF25aauvaxd,4.3790347608304705,SER,16.127344,15.745253,0.066263,0.012303,0.067597,7.0,ok_dr9
ZTF25abakvtg,,,,,,,,,no_gal
ZTF24abqaeat,3.6978278487485254,EXP,21.691324,21.959318,0.05365561,0.076810144,,10.0,ok_dr10
ZTF23aaflnok,7.89548666328394,REX,23.127958,,0.42587227,0.45488113,,55.0,ok_dr10
ZTF22aajrjrc,15.613748154722972,REX,19.21698,18.556557,0.29693738,0.024812633,,6.0,ok_dr10
ZTF22abpydmh,,,,,,,,,empty
ZTF22aahieds,0.11448398743981454,SER,14.544882,13.829013,0.049193405,0.003340782,0.05114049,17.0,ok_dr10
ZTF24aaijmct,11.058035394177166,REX,23.523794,22.870024,0.9862698,0.4218137,,12.0,ok_dr10
ZTF20aaivego,0.18534954852955038,SER,19.622976,19.203842,0.12353349,0.05056662,,12.0,ok_dr10
ZTF22aakethm,2.942815026457843,SER,15.654604,14.884824,0.057641927,0.007962372,0.054396007,16.0,ok_dr10
ZTF22abfwxsk,,,,,,,,,empty
ZTF24abgscdq,2.40956826771832,SER,16.286585,15.702737,0.06150508,0.01650976,,14.0,ok_dr10
ZTF18abobkii,0.13909348431070945,SER,17.227064,16.583727,0.09554,0.025748,0.059745,16.0,ok_dr9
ZTF20ackrqfi,1.8433133564063684,SER,19.673018,19.412748,0.077634,0.03867,,23.0,ok_dr9
ZTF20abwrcmq,2.460257081320304,DUP,,,,,,51.0,ok_dr10
ZTF19acasiwm,0.11694125487842398,SER,15.9366,15.198731,0.10107449,0.009302822,,15.0,ok_dr10
ZTF18aaceepu,0.37807317309770555,SER,17.008942,16.874352,0.038143,0.009834,0.040778,7.0,ok_dr9
ZTF22abvrtgj,4.538607520585038,SER,17.831293,17.442081,0.03063498,0.012126685,,26.0,ok_dr10
ZTF22aaeasul,1.3009036812114483,SER,16.720675,16.348812,0.044327606,0.025573757,,21.0,ok_dr10
ZTF20aascvvo,4.069838866506411,SER,18.572378,18.432018,0.026123,0.01602,,19.0,ok_dr9
ZTF18aabfxpw,,,,,,,,,empty
ZTF25aacldzw,3.759563794891304,DEV,15.660091,15.175528,0.03896108,0.014969423,0.041048206,30.0,ok_dr10
ZTF21aaydfro,0.2940100098304401,DEV,17.597319,16.966679,0.05578836,0.038353533,,30.0,ok_dr10
ZTF21abvrrmy,,,,,,,,,empty
ZTF20abrnvwf,0.7910972256877413,EXP,21.211744,20.977833,0.10539578,0.063089944,,18.0,ok_dr10
ZTF22abvaetz,7.179389344897897,SER,14.436162,13.959436,0.017236898,0.00593056,0.015733786,11.0,ok_dr10
ZTF24aafyxpj,2.2431997587422092,DUP,,,,,,11.0,ok_dr10
ZTF19aazodnk,,,,,,,,,empty
ZTF24abdfuqr,9.883677577705852,REX,,,,,,4.0,ok_dr10
ZTF23aaczrwr,0.7550549775279178,SER,17.417545,16.984276,0.06165543,0.018867854,0.03282461,40.0,ok_dr10
ZTF25aabsqgk,1.0733116585900115,EXP,16.906363,16.680166,0.022638,0.008304,,15.0,ok_dr9
ZTF21abousyu,,,,,,,,,empty
ZTF25aakatwx,1.15500748799383,REX,22.791359,22.975828,0.740313,0.380519,,9.0,ok_dr9
ZTF25acgchna,1.3039287828753692,SER,18.849377,18.574234,0.050342225,0.020165255,,15.0,ok_dr10
ZTF21abqgrqd,4.348035957496733,SER,16.788975,16.506525,0.021573944,0.009172433,,9.0,ok_dr10
ZTF21aaopqqk,0.10103865756900816,SER,18.707691,18.354803,0.106561,0.047262,,12.0,ok_dr9
ZTF19acbmqpu,1.8604119590625698,REX,22.956497,23.027233,0.4872629,0.4477067,,18.0,ok_dr10
ZTF25abeuvaa,0.9114440060392084,EXP,,,,,,11.0,ok_dr10
ZTF20achsfcq,0.7567060590617916,SER,21.416504,21.975546,0.228309,0.097721756,,51.0,ok_dr10
ZTF21abhzboh,0.8969201072606565,DUP,,,,,,12.0,ok_dr10
ZTF23aalgqsq,0.392195640541009,EXP,,20.400982,,,,7.0,ok_dr10
ZTF21ackrvob,1.4776714547060894,SER,15.416241,14.588535,0.063813545,0.0077599543,,9.0,ok_dr10
ZTF19abimzvh,,,,,,,,,empty
ZTF23aaaypgq,1.5912806831373405,SER,17.261873,16.81804,0.0733757,0.020032069,0.08067129,6.0,ok_dr10
ZTF23aafvgyf,3.6429441355898606,SER,15.678002,15.083601,0.04420812,0.010167417,,10.0,ok_dr10
ZTF18aaxiuyp,6.615847184861572,DUP,,,,,,20.0,ok_dr9
ZTF19abmqasg,,,,,,,,,empty
ZTF18aaylbyr,0.240433782871074,SER,16.841244,16.392326,0.073631026,0.025631644,,25.0,ok_dr10
ZTF22abhcqrr,33.51609744611282,REX,,19.718712,,,,3.0,ok_dr10
ZTF19aaaojck,,,,,,,,,empty
ZTF21abdthxn,3.1303351606350542,SER,15.816911,15.147665,0.090491,0.006997,,9.0,ok_dr9
ZTF18abmdpwe,,,,,,,,,empty
ZTF21aagojfe,10.106239576864201,REX,21.01119,21.811098,0.010573,0.080949,,8.0,ok_dr9
ZTF21aagofnn,,,,,,,,,empty
ZTF21aagpbkj,1.8445112819010625,SER,16.529608,16.005459,0.07989834,0.012581816,0.087198615,21.0,ok_dr10
ZTF22abcuiht,3.291362850455542,REX,21.583954,22.026035,0.155078,0.303221,,22.0,ok_dr9
ZTF18abzqsxk,0.2810597562085826,REX,15.39662,15.020123,0.026198,0.008051,,11.0,ok_dr9
ZTF19acbmwtc,0.5186217924322976,SER,16.991425,16.234364,0.09737983,0.016907899,,16.0,ok_dr10
ZTF19acxyfkf,4.614219140616386,SER,15.915433,15.480045,0.035941,0.006707,,6.0,ok_dr9
ZTF18aamsgjq,0.8224371684138323,SER,15.106645,14.517179,0.06353,0.006756,0.060022,16.0,ok_dr9
ZTF20abgbxzn,0.08117950866529962,SER,19.172577,18.604313,0.071291946,0.026434865,,8.0,ok_dr10
ZTF22abipthl,0.9901200380361829,EXP,,20.355726,,,,8.0,ok_dr10
ZTF18acutfne,6.276948563629882,DUP,,,,,,11.0,ok_dr10
ZTF22abylpnv,1.702134648354237,EXP,22.784508,22.527775,0.47338814,0.30966374,,29.0,ok_dr10
ZTF22absxatm,4.233911956915108,DEV,19.380045,19.76759,0.02958034,0.016185666,,34.0,ok_dr10
ZTF22aatcpoo,,,,,,,,,empty
ZTF20abgfegv,9.419140134510489,REX,23.97256,21.923805,1.2631774,0.224478,,12.0,ok_dr10
ZTF20acobxlz,3.244779189223004,SER,16.545696,15.941832,0.09465585,0.02085956,,26.0,ok_dr10
ZTF19abjrkqn,1.5985564816085258,SER,19.182688,19.143064,0.034524,0.085245,,8.0,ok_dr9
ZTF21abhuoyz,0.9293078715960499,SER,17.195208,16.742907,0.11095584,0.011477844,,13.0,ok_dr10
ZTF20aagjpmt,1.407332249579073,REX,16.153194,15.974262,0.016634952,0.008965916,,25.0,ok_dr10
ZTF21aabavaz,2.0826316696587646,SER,16.539536,16.065361,0.05893706,0.01526295,,36.0,ok_dr10
ZTF23aaaahhb,14.527428952194354,REX,18.961061,19.012476,0.02304005,0.023709496,,15.0,ok_dr10
ZTF19adcdrng,1.4159312053573159,SER,19.77042,19.56072,0.07264837,0.071480185,,14.0,ok_dr10
ZTF19acxysob,0.46991769885084156,REX,19.995237,19.533022,0.170856,0.057544,,10.0,ok_dr9
ZTF25aaaprdb,6.0488712121543395,SER,13.300253,12.85295,0.015581,0.005334,0.02005,13.0,ok_dr9
ZTF20abmdacd,8.121997344849696,EXP,16.628988,16.348276,0.022737665,0.0050820173,0.01959261,31.0,ok_dr10
ZTF21abdhetx,,,,,,,,,empty
ZTF19aanejfr,3.488426549473465,SER,15.548334,14.828839,0.041901764,0.015355054,0.042836666,25.0,ok_dr10
ZTF18abceakp,1.9877440912739468,EXP,20.539097,20.498716,0.10975,0.076533,,15.0,ok_dr9
ZTF18aaisybp,0.23958842678532005,SER,15.909456,15.267259,0.071677,0.007594,0.062231,22.0,ok_dr9
ZTF21abuxitb,0.8187061596834492,EXP,22.248146,22.108946,0.21587716,0.12451895,,29.0,ok_dr10
ZTF20aadfyjl,,,,,,,,,empty
ZTF24abgmtsu,9.756051451906826,REX,23.566051,23.015154,0.8726769,0.40760037,,18.0,ok_dr10
ZTF24aaxhomn,0.46748244212685186,REX,20.574366,20.361195,0.09000667,0.030493675,,19.0,ok_dr10
ZTF24aayncet,,,,,,,,,empty
ZTF21acgxzha,1.4812587052533017,DEV,21.11113,20.789158,0.13828939,0.27319387,,11.0,ok_dr10
ZTF22aaefjef,1.8741157947016183,SER,20.972101,21.223957,0.139757,0.208387,,12.0,ok_dr9
ZTF25aafkily,2.074666014580412,EXP,21.256933,20.92757,0.1906759,0.15341789,,24.0,ok_dr10
ZTF19aattvhh,,,,,,,,,empty
ZTF22aadqlhy,2.2606715193225373,EXP,13.178633,12.911148,0.021522138,0.03966279,,11.0,ok_dr10
ZTF21abzbuvf,0.19013626569994083,SER,17.268242,16.660887,0.086439714,0.014886019,,32.0,ok_dr10
ZTF18abifioh,0.37354550020768856,SER,17.30572,16.656685,0.10195529,0.016314395,0.10330758,13.0,ok_dr10
ZTF23absgdom,5.221827714972777,SER,18.158386,17.743181,0.052815,0.024014,,12.0,ok_dr9
ZTF25abbzsku,18.068095797376053,REX,15.328498,14.8393,0.026965436,0.007369271,,24.0,ok_dr10
ZTF18abmfpyr,,,,,,,,,empty
ZTF25abozezv,1.0419943116354957,DUP,,,,,,20.0,ok_dr10
ZTF21ackbbfs,1.490407020616273,EXP,,,,,,14.0,ok_dr10
ZTF22abssiet,0.5480714063792561,SER,14.566961,14.39093,0.010841,0.004186,0.01449,11.0,ok_dr9
ZTF19acbveqm,0.10478002414533533,REX,19.923494,18.83549,0.49589223,0.11583184,,24.0,ok_dr10
ZTF22abyivxh,2.36402787749261,SER,19.874163,20.24088,0.06860872,0.034694772,,17.0,ok_dr10
ZTF20acwnqcy,,,,,,,,,empty
ZTF21aawmtug,4.257518685680068,DUP,,,,,,13.0,ok_dr10
ZTF24aarxwyd,6.911038305399398,DUP,,,,,,10.0,ok_dr10
ZTF25acepwip,1.732730075742186,SER,19.01081,18.749416,0.06809366,0.04190188,,26.0,ok_dr10
ZTF24abculqd,3.7719807439472928,SER,18.920357,18.490795,0.09992869,0.01979571,,44.0,ok_dr10
ZTF20aaxuwuh,3.764319122670488,SER,15.488985,14.786119,0.08256,0.009162,,12.0,ok_dr9
ZTF21abwtybk,11.802287271670663,SER,15.619565,14.963248,0.05154406,0.008008856,,21.0,ok_dr10
ZTF25abuomiz,5.752528212903747,SER,16.321737,15.753809,0.040047,0.008177,0.044941,16.0,ok_dr9
ZTF21abaevgu,2.146525885719421,DEV,20.664213,,0.07301908,0.6250909,,33.0,ok_dr10
ZTF21aagtqdu,10.408229067600182,REX,,,,,,7.0,ok_dr10
ZTF19acyjysk,3.706946685998515,EXP,16.994774,16.587482,0.068366,0.012879,,12.0,ok_dr9
ZTF24ablhsxr,,,,,,,,,empty
ZTF21abyjydm,0.19677201564081453,REX,22.78481,22.348633,0.583103,0.2553,,5.0,ok_dr9
ZTF23aawzdxd,0.26056332815659383,SER,,,,,,12.0,ok_dr10
ZTF21abubxmc,,,,,,,,,empty
ZTF22aaailga,1.7527755758851702,SER,20.10998,19.819115,0.10809426,0.039256804,,17.0,ok_dr10
ZTF22aafiwtv,,,,,,,,,empty
ZTF22abdfjjo,1.550287243828481,REX,23.40384,25.668608,0.534792,0.45642805,,24.0,ok_dr10
ZTF20abydkrl,3.7121811629590895,SER,17.713806,17.824347,0.04945247,0.051921606,,11.0,ok_dr10
ZTF18abwcgrm,,,,,,,,,empty
ZTF18aahfohe,0.404970675609243,DUP,,,,,,8.0,ok_dr9
ZTF24aaugyhc,4.2532016829337405,REX,18.06988,17.63988,0.10141392,0.021719772,,46.0,ok_dr10
ZTF20acqzjqz,2.4300370422632454,EXP,23.828321,,0.54895973,0.5201133,,77.0,ok_dr10
ZTF20acgnzhj,0.1986642625734355,REX,23.795887,23.958742,0.83320194,0.5958105,,10.0,ok_dr10
ZTF18acrheel,3.3454736119616126,REX,22.014084,21.242912,0.753257,0.090729,,16.0,ok_dr9
ZTF24abnsght,0.8256205170360683,SER,,17.234966,,,,17.0,ok_dr10
ZTF20abeimho,0.2849744931299117,EXP,21.599081,21.521114,0.15036571,0.07181539,,23.0,ok_dr10
ZTF19abfvpkq,,,,,,,,,empty
ZTF23aaqusyq,1.5901754827951795,SER,16.779516,16.09658,0.0713037,0.018538894,,15.0,ok_dr10
ZTF20abqferm,1.9781932733781602,SER,22.63542,23.437853,0.14879534,0.074297756,,28.0,ok_dr10
ZTF22abmicob,,,,,,,,,empty
ZTF22absygcs,4.298675025720941,DUP,,,,,,9.0,ok_dr10
ZTF21aaygmiu,,,,,,,,,empty
ZTF25aacedrs,,,,,,,,,empty
ZTF20actrovz,0.6532765130129377,SER,16.151403,15.569054,0.09569528,0.010195763,,14.0,ok_dr10
ZTF21acmresp,7.043240423786298,DEV,16.042707,15.564444,0.041895326,0.012058437,0.06811204,15.0,ok_dr10
ZTF22aajigho,0.029084501959307226,SER,17.199253,16.569324,0.07183781,0.008049236,0.07086472,16.0,ok_dr10
ZTF20acgznau,1.3238977363655553,DEV,23.113466,22.888998,1.3088446,0.65202266,,12.0,ok_dr10
ZTF18ablongw,1.5261617612041456,DEV,15.557045,15.0005,0.054768,0.013504,0.081812,6.0,ok_dr9
ZTF19abnmrqt,0.4995177975604014,SER,16.998629,16.457033,0.053574,0.015577,,10.0,ok_dr9
ZTF19aavrswr,6.01684130332277,REX,23.479897,,0.76799566,0.48627847,,20.0,ok_dr10
ZTF21aaabvjk,2.1310032122768288,SER,14.319306,13.602924,0.024371,0.006814,0.016453,35.0,ok_dr9
ZTF23aamlodm,1.744112471412575,SER,14.357244,13.784442,0.038932,0.005769,0.03765,11.0,ok_dr9
ZTF21aagrhot,1.931321218865563,SER,16.88942,16.20134,0.11008678,0.008404981,,15.0,ok_dr10
ZTF20aafcmfi,0.2588026695020946,SER,18.18135,17.666399,0.073964596,0.016129967,,19.0,ok_dr10
ZTF24aahuzig,0.32745763583193016,REX,20.983747,20.851015,0.308586,0.260446,,5.0,ok_dr9
ZTF21aawiwqh,1.0017885519253527,SER,15.06538,14.371673,0.047395114,0.013179179,0.06347887,16.0,ok_dr10
ZTF19aceqlxc,3.908215287509981,REX,,17.949476,,,,9.0,ok_dr10
ZTF24absbhfe,2.7388827666382483,SER,16.560102,16.243462,0.01569,0.007183,0.022735,3.0,ok_dr9
ZTF19aailteb,1.2038713452229932,EXP,22.11299,22.071869,0.059955,0.237827,,12.0,ok_dr9
ZTF21acphsgr,0.7666039734573329,SER,16.803705,16.268084,0.058279335,0.012603895,,12.0,ok_dr10
ZTF18abgxkzx,0.4952297172661828,SER,16.096033,15.461293,0.068448,0.008236,,10.0,ok_dr9
ZTF23aaarvxj,6.1788936819011955,REX,19.813532,19.172184,0.422871,0.038164,,17.0,ok_dr9
ZTF22aaajlae,3.094315809569666,EXP,21.518015,24.92411,0.047837906,0.054973956,,31.0,ok_dr10
ZTF21abbtgsa,1.439514258008491,DEV,23.489315,24.256536,0.57926583,0.7003937,,31.0,ok_dr10
ZTF20aczfwjj,4.585419944144944,SER,16.852118,16.489372,0.03872992,0.010119141,,5.0,ok_dr10
ZTF23aarzbzn,,,,,,,,,empty
ZTF20aasivtu,,,,,,,,,empty
ZTF25aawscge,,,,,,,,,empty
ZTF18abmwszl,,,,,,,,,empty
ZTF23aackdlm,0.5521095559661807,REX,17.23296,16.855705,0.07070525,0.021795575,,12.0,ok_dr10
ZTF19abdmfgf,2.2738880768886123,DUP,,,,,,50.0,ok_dr10
ZTF20acywbes,0.12080544455933073,DUP,,,,,,11.0,ok_dr9
ZTF25abpgjdk,2.338416542734169,EXP,21.03802,20.96334,0.072478,0.07683,,15.0,ok_dr9
ZTF20acgcgnf,7.4136550501500675,DUP,,,,,,14.0,ok_dr10
ZTF22aaaqwar,0.5753290390504993,EXP,16.606346,16.056679,0.0501054,0.039334677,,44.0,ok_dr10
ZTF24aaoaghn,8.3512779484971,REX,,,,,,3.0,ok_dr10
ZTF18abjtger,1.771262888912594,REX,17.778072,17.364874,0.074932,0.018816,,11.0,ok_dr9
ZTF24abdxlus,0.5180674816336268,SER,19.448774,19.022839,0.08175026,0.025414769,,21.0,ok_dr10
ZTF19aayvyfa,,,,,,,,,empty
ZTF23aabtarg,0.4210441509785566,REX,20.497034,20.239351,0.132944,0.045295,,8.0,ok_dr9
ZTF20ababkom,0.22294060891964151,EXP,21.302046,20.66573,0.3289821,0.17246838,,25.0,ok_dr10
ZTF24abzwwli,1.4567980916827623,SER,17.211723,16.748417,0.06590088,0.010095321,0.075436465,47.0,ok_dr10
ZTF25abyhgdc,2.947381543084376,EXP,19.564766,19.183441,0.16029881,0.17507963,,14.0,ok_dr10
ZTF22abdxbyh,,,,,,,,,empty
ZTF20aakfofq,6.194782290374583,REX,19.360611,19.094278,0.10984773,0.06576835,,13.0,ok_dr10
ZTF23aagkutf,4.035152237182823,SER,15.073891,14.436201,0.029014,0.007785,,10.0,ok_dr9
ZTF18abehrdw,,,,,,,,,empty
ZTF21acjjwmj,2.8619861739419825,REX,20.681503,20.200897,0.164064,0.06419,,9.0,ok_dr9
ZTF19abukakm,8.965467722645773,SER,15.810896,15.190284,0.038947154,0.009068295,,8.0,ok_dr10
ZTF19abxvjzn,1.0779078940926752,SER,15.982571,15.359848,0.058224745,0.013265966,,28.0,ok_dr10
ZTF21absjlur,,,,,,,,,empty
ZTF24abykwsz,9.591083553175295,EXP,20.969278,20.430086,0.27703485,0.17809068,,12.0,ok_dr10
ZTF18abjovdz,8.144924191341058,DUP,,,,,,30.0,ok_dr10
ZTF21abfrbsj,2.038327183244669,EXP,20.91581,21.137197,0.06760161,0.13680826,,22.0,ok_dr10
ZTF21aagnvvk,6.0039001497078175,EXP,23.561365,,0.24010283,0.43418205,,29.0,ok_dr10
ZTF21aaygkfw,,,,,,,,,empty
ZTF21aahgspm,,,,,,,,,empty
ZTF20abtcijp,0.15317247325683675,SER,17.024149,16.442856,0.076317,0.016394,,6.0,ok_dr9
ZTF24aaekblj,6.013101873903076,SER,14.922907,14.428236,0.028843647,0.011513995,,14.0,ok_dr10
ZTF25aarefui,0.8976619315034934,SER,18.867483,18.646557,0.0657782,0.024484098,,9.0,ok_dr10
ZTF19aamgttu,0.6601189411303389,SER,16.12114,15.535463,0.032541342,0.0066300016,0.030782355,26.0,ok_dr10
ZTF20abrjmgi,3.0500598035431197,REX,20.3352,20.841152,0.007045,0.058627,,18.0,ok_dr9
ZTF22abvasuw,3.1218932908031567,REX,23.498386,21.430302,1.0079863,0.10044515,,21.0,ok_dr10
ZTF22acaeaok,1.0400012418473965,SER,17.613762,17.179976,0.07006129,0.010800727,0.07067021,9.0,ok_dr10
ZTF24aboafrj,1.687696639722608,SER,18.911304,18.476856,0.059658237,0.029161014,,13.0,ok_dr10
ZTF18adiqzzp,0.08705083653742703,SER,17.210363,16.755333,0.1466985,0.035096273,,33.0,ok_dr10
ZTF19abzmpvb,0.17264508058321623,SER,17.546036,17.018785,0.05147,0.011511,0.075804,9.0,ok_dr9
ZTF20acovrzx,2.3994030435272173,REX,22.983076,22.279148,0.8197475,0.3050266,,43.0,ok_dr10
ZTF21aabyifm,3.292559611159669,EXP,20.135677,19.7773,0.11790983,0.1458329,,16.0,ok_dr10
ZTF23ablvlrz,11.72236059795156,SER,15.352502,15.079151,0.027772,0.003762,0.026592,6.0,ok_dr9
ZTF19abyhxzp,9.490235119544362,EXP,16.449747,15.904778,0.071221665,0.031154782,,6.0,ok_dr10
ZTF19abkrbjt,1.0251241038456704,DUP,,,,,,12.0,ok_dr9
ZTF25acfswkq,9.203681196415202,SER,14.826386,14.353971,0.028442,0.003894,0.02544,8.0,ok_dr9
ZTF23aanuvih,23.840891295649115,SER,17.587036,17.272083,0.05602,0.039417,,6.0,ok_dr9
ZTF21aahptas,0.07213110118615568,SER,16.724215,16.10946,0.08580211,0.013615998,0.07615708,16.0,ok_dr10
ZTF22abfyyew,2.121121379127099,SER,17.314295,16.809147,0.059452306,0.010187596,,15.0,ok_dr10
ZTF21acfjxdx,2.8642290924207434,SER,15.909476,15.485021,0.03930921,0.011410804,0.061737448,51.0,ok_dr10
ZTF23abapoiv,5.657272330604422,EXP,16.968428,16.601997,0.05367298,0.011998546,,18.0,ok_dr10
ZTF21abxknvv,0.17707592453921195,SER,19.237558,19.009985,0.11904182,0.056488253,,40.0,ok_dr10
ZTF25aavqrpc,10.095136930237626,REX,,24.774609,,,,11.0,ok_dr10
ZTF25abuvvtw,3.209726631091994,SER,18.762348,18.68246,0.03942272,0.09252159,,21.0,ok_dr10
ZTF24aaqxkuz,0.3630516489575305,SER,16.788973,16.092184,0.12532088,0.014477617,0.08256,18.0,ok_dr10
ZTF24abdoosm,0.47176215738627614,DUP,,,,,,23.0,ok_dr10
ZTF22aaxtias,,,,,,,,,empty
ZTF21abbcsfu,1.7689056073561615,REX,19.491175,18.967697,0.1379906,0.047827482,,21.0,ok_dr10
ZTF23aadcbay,,,,,,,,,empty
ZTF22aajlruz,0.28697434784646214,REX,21.10953,20.882446,0.186593,0.136544,,9.0,ok_dr9
ZTF24aagozyk,5.027082091060254,SER,14.585476,14.268593,0.022403,0.004955,0.026749,8.0,ok_dr9
ZTF21aazcjbh,2.824687240269847,EXP,19.197178,18.85334,0.11149393,0.019538742,,8.0,ok_dr10
ZTF24aaqpnyq,,,,,,,,,empty
ZTF18aazixbw,6.871766113674209,DEV,15.129912,14.666062,0.066023,0.010629,,10.0,ok_dr9
ZTF20aapchqy,11.220318917304233,REX,17.564226,17.502401,0.020954,0.008373,,8.0,ok_dr9
ZTF18abwisaz,0.1381903450418594,SER,16.132006,15.728391,0.023791194,0.036736388,,14.0,ok_dr10
ZTF19aawtnqd,4.628649103104583,SER,15.442217,14.668746,0.036419,0.011342,0.030336,11.0,ok_dr9
ZTF20acvfraq,0.2078467377628533,REX,19.347866,18.840805,0.27214226,0.045222163,,24.0,ok_dr10
ZTF24aagterj,1.858070724837834,SER,17.781704,17.35698,0.13565597,0.013104122,,28.0,ok_dr10
ZTF24aaekccp,0.8589326095960638,SER,19.004932,18.817955,0.023123,0.022268,,7.0,ok_dr9
ZTF24abrophb,14.821510520764358,REX,22.85218,,0.291878,0.400669,,21.0,ok_dr9
ZTF24abhxooe,3.2183559741809185,SER,16.215433,15.55897,0.051360637,0.0067171548,0.051410004,16.0,ok_dr10
ZTF24aajqtjc,0.9780313175040384,EXP,21.761995,21.792439,0.186911,0.137111,,15.0,ok_dr9
ZTF18abespgb,0.6055374590664763,SER,17.769255,17.492916,0.06534715,0.024602562,,20.0,ok_dr10
ZTF24abtczwt,6.382360592302139,SER,18.79389,18.564678,0.0894,0.02411,,9.0,ok_dr9
ZTF22aattwsv,0.664072758902359,DUP,,,,,,10.0,ok_dr10
ZTF20acpumut,3.412803225129619,SER,21.531334,22.41481,0.059665,0.102669,,14.0,ok_dr9
ZTF19acxxwvi,3.040345808379174,DUP,,,,,,6.0,ok_dr9
ZTF21aawfybf,3.1197708863152043,SER,16.937506,16.468157,0.07918354,0.009034809,,14.0,ok_dr10
ZTF19aayabqe,20.52874313588205,REX,23.205122,21.664083,0.773238,0.084706,,13.0,ok_dr9
ZTF22abzrrpn,0.10540315707348506,SER,18.291698,17.711119,0.08108495,0.010909399,,18.0,ok_dr10
ZTF21acfiqtd,1.6025283087263253,EXP,21.524744,21.599699,0.314286,0.130463,,9.0,ok_dr9
ZTF23aaqfdby,2.5416262003197363,REX,23.982677,22.49666,0.9833256,0.24612021,,11.0,ok_dr10
ZTF21aagogqj,,,,,,,,,empty
ZTF19abxvjkn,3.0732783157731327,DEV,20.016596,20.06463,0.0435741,0.04615791,,30.0,ok_dr10
ZTF25aaipaml,0.6023464270121154,SER,16.102283,15.563445,0.047423,0.011807,,22.0,ok_dr9
ZTF18acpdwoa,1.020956581655251,REX,14.470996,13.89442,0.033414792,0.02351955,,41.0,ok_dr10
ZTF20aabcemq,0.15435149922090355,SER,17.988554,17.372168,0.1163916,0.019916594,,42.0,ok_dr10
ZTF19abgrmfu,1.9439038436811884,SER,18.582878,18.297346,0.06168,0.03811,,10.0,ok_dr9
ZTF23abqbpob,,,,,,,,,empty
ZTF20acfdmex,,,,,,,,,empty
ZTF23aadtqlt,9.54527390073514,SER,13.965887,13.345234,0.01765651,0.004021519,0.020428391,23.0,ok_dr10
ZTF21aakzmaq,0.1469160718928164,REX,20.769855,,1.1534426,0.22393133,,36.0,ok_dr10
ZTF24ablfyfu,4.338794992100159,SER,18.770298,18.434624,0.062536,0.022321,,12.0,ok_dr9
ZTF19abangws,2.0069380148199993,EXP,18.339441,17.991217,0.093902335,0.056020353,,15.0,ok_dr10
ZTF24aaoviqs,0.2951189519925587,EXP,21.166264,21.007496,0.090656705,0.095937714,,12.0,ok_dr10
ZTF20aczgjdx,13.310455776724785,SER,14.72145,14.06083,0.04435744,0.0092766695,,10.0,ok_dr10
ZTF21aalgqsv,0.7047055638791907,DUP,,,,,,12.0,ok_dr10
ZTF18aawrotg,1.9502326236721028,SER,17.226767,16.634106,0.065196,0.013457,0.071769,11.0,ok_dr9
ZTF21aaxxihx,0.0725965832855929,EXP,21.06163,20.873707,0.11056269,0.43891117,,6.0,ok_dr10
ZTF21aaqztcg,1.2455235658127084,SER,17.29029,16.842432,0.05749267,0.011167456,0.05766923,12.0,ok_dr10
ZTF19accloxh,2.9324519081571,DUP,,,,,,24.0,ok_dr10
ZTF23aaqqeri,,,,,,,,,empty
ZTF21acbpdlz,15.52903161690898,SER,14.491009,,,,,7.0,ok_dr10
ZTF22aacmgox,4.047704521557875,DUP,,,,,,6.0,ok_dr9
ZTF21abklnfg,9.000188493123293,SER,16.259884,15.69224,0.049400903,0.013892114,,6.0,ok_dr10
ZTF22aasfzzf,5.379811784232052,SER,16.514997,16.05855,0.070354,0.015842,0.05881,17.0,ok_dr9
ZTF25acblpes,0.23361560835793255,REX,23.246223,22.599508,0.73463774,0.3090056,,11.0,ok_dr10
ZTF20aabqjht,0.5688942354110667,EXP,20.925867,20.744463,0.134869,0.116748,,11.0,ok_dr9
ZTF23absdcgi,4.077454149937211,REX,18.68251,18.945242,0.01876026,0.08422969,,23.0,ok_dr10
ZTF22abgbhub,6.7000249403052345,SER,14.315288,13.97089,0.015805,0.004815,0.01938,21.0,ok_dr9
ZTF18abkifng,0.981726723970593,DUP,,,,,,14.0,ok_dr9
ZTF22aausixa,7.952520762090624,SER,13.529963,12.76652,0.020957658,0.00539784,0.03430422,11.0,ok_dr10
ZTF18accnfrz,0.1421769625504174,SER,19.581688,19.18853,0.114861,0.053745665,,16.0,ok_dr10
ZTF23abavosd,4.001948716857641,SER,20.85709,22.184458,0.07435055,0.032410648,,28.0,ok_dr10
ZTF19acfwynw,0.12861911620377328,EXP,21.76555,22.117907,0.07609624,0.07602786,,16.0,ok_dr10
ZTF19acxyumq,0.5548316041244052,EXP,21.423643,21.410141,0.303182,0.129157,,8.0,ok_dr9
ZTF18abunlhk,0.04752536031750725,SER,14.64722,14.079989,0.036502443,0.007105863,,9.0,ok_dr10
ZTF23aazmkjh,1.077789311612662,SER,18.418344,17.743984,0.11094,0.024819,,7.0,ok_dr9
ZTF21abephjt,3.7805290263140265,SER,15.125403,14.41903,0.036565013,0.005327032,,12.0,ok_dr10
ZTF19aayejww,3.6997380434865788,SER,18.89338,18.735147,0.078594,0.038847,,9.0,ok_dr9
ZTF24abrfcqd,1.0457168575264224,SER,17.549768,17.059982,0.03985958,0.008837236,,40.0,ok_dr10
ZTF20aahkgcz,0.6924857141961541,DEV,20.466806,19.50853,0.15804,0.088525,,13.0,ok_dr9
ZTF22aaohkqz,2.526195540050737,SER,20.882992,20.384068,0.47711915,0.1770541,,14.0,ok_dr10
ZTF19abhbiqq,12.496585287362125,REX,23.123117,22.468792,0.7113975,0.25466365,,7.0,ok_dr10
ZTF22aaaiyip,10.83985875409352,DUP,,,,,,19.0,ok_dr10
ZTF22aahhubz,1.2216112959028937,EXP,22.724474,22.395393,0.37543774,0.22647218,,19.0,ok_dr10
ZTF24abyizjg,0.11430651177260795,DUP,,,,,,25.0,ok_dr10
ZTF20aazkjfv,4.734778057392427,SER,16.790443,16.619942,0.02357579,0.00656838,,26.0,ok_dr10
ZTF23abhyroo,0.39054307710962394,DUP,,,,,,22.0,ok_dr10
ZTF19aaklquv,2.4438245791706645,EXP,16.903475,16.72228,0.030235024,0.009320175,0.048569012,13.0,ok_dr10
ZTF23aajbkan,1.7397008961189409,EXP,22.17343,22.748728,0.0985202,0.3179766,,24.0,ok_dr10
ZTF18aavrwhu,2.9171927530766193,SER,16.576874,16.287834,0.053883,0.013292,0.062014,14.0,ok_dr9
ZTF18abojrnv,,,,,,,,,empty
ZTF21aazieut,11.546024725342638,DUP,,,,,,7.0,ok_dr10
ZTF20aanaibf,,,,,,,,,empty
ZTF25aafkowl,5.21888821540633,SER,16.547302,15.888251,0.11836788,0.012166309,0.08780439,16.0,ok_dr10
ZTF23abankea,2.1861092836821046,SER,18.393362,18.181507,0.045669,0.024097,,9.0,ok_dr9
ZTF20aawcjrx,2.6829378524451446,SER,16.632069,16.048399,0.052906,0.008017,0.050813,13.0,ok_dr9
ZTF19abyigib,0.38154000099321644,SER,16.057743,15.461436,0.087210074,0.015616641,,20.0,ok_dr10
ZTF22aaaepob,1.620092927778908,SER,19.641512,19.351063,0.070562966,0.037355244,,27.0,ok_dr10
ZTF22aakoxtx,,,,,,,,,empty
ZTF23aaeqsvb,0.1961245342816181,SER,17.85485,17.343613,0.079465955,0.01852581,,13.0,ok_dr10
ZTF22abtdbdt,1.754077754282889,SER,19.270271,19.0079,0.1559946,0.04692462,,14.0,ok_dr10
ZTF22aabfuju,2.0861967235427894,SER,16.814783,16.233915,0.053574,0.010549,0.068548,8.0,ok_dr9
ZTF19abcvrpm,0.5855214892464695,REX,21.709976,21.656343,0.124574,0.162078,,15.0,ok_dr9
ZTF19abfiqjg,0.1574783556634113,REX,17.133196,16.696562,0.04800947,0.024183095,0.08877297,26.0,ok_dr10
ZTF22abqajav,21.594544162583276,REX,22.24188,23.044722,0.404143,0.21937,,6.0,ok_dr9
ZTF25acaypgx,,,,,,,,,empty
ZTF21aaoqbbw,2.32295835380763,SER,19.91259,19.895332,0.082973644,0.19345836,,13.0,ok_dr10
ZTF20aawfnro,5.058823428502006,DUP,,,,,,8.0,ok_dr10
ZTF23abaqzym,1.3097319672939136,SER,17.11802,16.770592,0.04170464,0.011503662,,21.0,ok_dr10
ZTF20aatqesi,4.146227805080361,SER,16.761515,16.397993,0.037318,0.010621,,9.0,ok_dr9
ZTF25aadfktz,4.917473073821258,SER,17.08084,16.546623,0.063830785,0.010575819,0.06297758,60.0,ok_dr10
ZTF20abatows,3.473120821146062,SER,21.878925,,0.10334719,0.8773151,,13.0,ok_dr10
ZTF18aahqkbt,0.08869726225903064,DUP,,,,,,9.0,ok_dr9
ZTF25acgdelc,,,,,,,,,empty
ZTF21aavodst,,,,,,,,,empty
ZTF22abpyder,,,,,,,,,empty
ZTF21aazvrjy,1.9750992213752376,EXP,25.394838,,0.94458544,0.8766899,,17.0,ok_dr10
ZTF21abcpazz,12.75285189191371,REX,22.938179,22.623663,0.87732923,0.44174832,,13.0,ok_dr10
ZTF21aaaawur,1.7404202819904588,REX,22.949854,22.723837,0.40299973,0.47535262,,13.0,ok_dr10
ZTF20acwtqim,1.6199159525884936,SER,13.210274,12.762164,0.018836662,0.004811397,0.02198579,18.0,ok_dr10
ZTF24aawvybe,17.872989957271226,REX,,,,,,12.0,ok_dr10
ZTF21aaxjvyl,4.391449840004716,REX,23.48349,23.238615,0.937164,0.307392,,7.0,ok_dr9
ZTF18acnbgpw,0.7187463501195122,REX,19.414473,19.147089,0.169267,0.049906,,9.0,ok_dr9
ZTF24aaneoyr,2.6365592777217763,REX,16.643427,16.11158,0.100148,0.011262,0.098705,18.0,ok_dr9
ZTF18abmxfrc,1.161656188391509,EXP,18.96415,18.657236,0.033780724,0.038065996,,13.0,ok_dr10
ZTF19aadnwvc,10.982444471450144,REX,23.075726,22.070017,0.94134116,0.29008484,,23.0,ok_dr10
ZTF22aaslyzf,0.3755577834654915,EXP,21.9052,22.163813,0.04476045,0.074188754,,23.0,ok_dr10
ZTF23aaynmrz,0.4429012582245471,SER,15.926773,15.426367,0.047651753,0.014273409,,45.0,ok_dr10
ZTF22abttbmf,0.9507970566635303,SER,16.012772,15.502623,0.032822862,0.010369446,,25.0,ok_dr10
ZTF25abshxur,,,,,,,,,empty
ZTF24abbtmqs,9.000856677075218,DEV,18.988213,17.93022,0.33448893,0.15480386,,13.0,ok_dr10
ZTF20actskcf,3.304583112493576,DEV,,16.873304,,,,9.0,ok_dr10
ZTF20aazcnrv,7.2848607167217185,SER,15.365685,14.748167,0.031163493,0.0077231773,,46.0,ok_dr10
ZTF23aayngri,0.2797339960548014,REX,22.748398,22.863214,0.5773857,0.45479262,,27.0,ok_dr10
ZTF24aaosgwr,1.8619697467664984,SER,19.962515,19.433937,0.23331623,0.049371827,0.21878,22.0,ok_dr10
ZTF21aaxgowh,10.725274881857805,REX,22.647688,21.529379,1.0133407,0.22274251,,24.0,ok_dr10
ZTF23aamsekn,18.496864778285353,REX,23.72085,24.426912,0.8271963,0.55533534,,11.0,ok_dr10
ZTF23aalsied,3.02467643964597,SER,19.709446,20.32373,0.016062,0.024126,,10.0,ok_dr9
ZTF20acotwur,0.1313949167108424,SER,15.662192,14.989408,0.06395203,0.007413775,,9.0,ok_dr10
ZTF23abndank,1.7026763950874202,REX,,,,,,12.0,ok_dr10
ZTF18acchzkf,1.6245250790650878,EXP,17.290983,16.561096,0.0771534,0.014288763,,31.0,ok_dr10
ZTF21aajdbhw,6.0537230310512875,DUP,,,,,,15.0,ok_dr10
ZTF22abqfekp,2.650892058837604,SER,18.13439,17.777964,0.07205676,0.019889869,,50.0,ok_dr10
ZTF18abfwuwn,6.880304106600447,SER,18.70873,18.414717,0.084674,0.027478,,12.0,ok_dr9
ZTF22abjvyib,4.391200522545374,SER,13.166944,12.538642,0.019499226,0.005485102,,10.0,ok_dr10
ZTF25acbxwck,10.542440699496982,DUP,,,,,,4.0,ok_dr10
ZTF18abfzhct,4.130620951725034,EXP,20.62598,,0.038851,0.107151,,24.0,ok_dr9
ZTF23abhvkby,4.148282182604249,SER,,15.528769,,,,6.0,ok_dr10
ZTF23aawyvgl,2.2907622113735844,EXP,22.06343,21.868652,0.93210304,0.8250463,,15.0,ok_dr10
ZTF25acelzgr,0.2045637292441229,EXP,19.8765,19.61937,0.12554236,0.024386065,,24.0,ok_dr10
ZTF19acewotx,2.38304214551946,SER,16.457966,15.713937,0.093536764,0.008582815,0.07640414,10.0,ok_dr10
ZTF19aaticbv,,,,,,,,,empty
ZTF23aafvqat,0.4861943937616968,SER,18.063604,17.6885,0.072132,0.042229,,12.0,ok_dr9
ZTF24abzable,4.061497102055278,SER,16.023697,15.430183,0.046710275,0.007254823,0.046550676,19.0,ok_dr10
ZTF18abmxahs,2.6619337513291996,SER,14.921311,14.578699,0.019010346,0.0040062396,0.014786267,22.0,ok_dr10
ZTF19abxvtiy,4.45918203802321,SER,16.25149,15.426685,0.04728,0.009066,0.054239,8.0,ok_dr9
ZTF19abiahko,2.7926957196390747,DEV,,,,,,3.0,ok_dr10
ZTF24abnsgpy,,,,,,,,,empty
ZTF24aalsuwb,5.636190665118893,REX,,,,,,16.0,ok_dr10
ZTF19aavsyhq,6.549182286574749,EXP,,,,,,11.0,ok_dr10
ZTF17aacldgo,0.6974194656657947,SER,17.363348,16.758802,0.07974303,0.018442314,,16.0,ok_dr10
ZTF18acrxpxd,0.7063843491192728,SER,20.078835,19.735899,0.153524,0.039582,,12.0,ok_dr9
ZTF20accxzmn,,,,,,,,,empty
ZTF20aanahbq,4.421059744134025,SER,,,,,,18.0,ok_dr10
ZTF24aaleeji,3.323892288040135,SER,17.163876,17.038288,0.019935,0.007975,,17.0,ok_dr9
ZTF24aauekes,7.922110858088009,EXP,21.765772,21.619907,0.254458,0.397698,,13.0,ok_dr9
ZTF20acrxrfv,11.045162836533766,SER,19.867464,19.590508,0.09890133,0.026778722,,7.0,ok_dr10
ZTF18achcpwu,3.8906867197240778,EXP,21.31961,,0.04393,0.075605,,21.0,ok_dr9
ZTF25aardatq,0.5954011986762967,EXP,23.128899,25.071274,0.13336253,0.24984348,,12.0,ok_dr10
ZTF19adbsfpf,,,,,,,,,empty
ZTF20abcwuwg,,,,,,,,,empty
ZTF19actfqhp,3.775899886081095,REX,19.252556,18.720594,0.15797226,0.066168524,,20.0,ok_dr10
ZTF20acnigox,,,,,,,,,empty
ZTF21abqmrun,2.8174576872696275,EXP,21.833998,21.277195,0.6411792,0.37193862,,15.0,ok_dr10
ZTF21acnfoqn,1.3070849538994997,SER,14.680687,14.242984,0.027624832,0.0082902685,0.02767786,23.0,ok_dr10
ZTF21aahjlqc,7.4524063714465285,REX,19.92225,19.18262,0.225175,0.05202,,11.0,ok_dr9
ZTF21aallfyn,1.3284451628342555,SER,16.667547,16.063248,0.06580256,0.02070286,,21.0,ok_dr10
ZTF20aclgnds,2.7759619676887244,SER,17.982012,17.56209,0.082808,0.017238,,8.0,ok_dr9
ZTF21aciuriu,3.306156106932735,DEV,,13.628287,,,,8.0,ok_dr10
ZTF24abstuin,0.6579574467857146,REX,22.880865,23.401295,,,,5.0,ok_dr10
ZTF22abiupzw,8.360543647370045,DUP,,,,,,14.0,ok_dr10
ZTF24aazqcuz,2.097073145317832,SER,17.475636,17.201624,0.043675564,0.011672038,0.061010513,13.0,ok_dr10
ZTF21abcfgub,1.6115861486144722,REX,19.848886,19.725296,0.090662,0.086963,,12.0,ok_dr9
ZTF18abxucht,1.2451162739128696,SER,17.447845,17.382101,0.025216775,0.017530099,,41.0,ok_dr10
ZTF20aavrkxw,2.099099649289845,SER,17.836231,17.564064,0.099928,0.016071,,7.0,ok_dr9
ZTF24aaqajjb,0.6956913681164572,EXP,20.4548,21.385336,0.033104327,0.08176543,,12.0,ok_dr10
ZTF24abrchsb,0.9136719860806933,SER,19.274971,18.947472,0.085942,0.033043,,17.0,ok_dr9
ZTF19aawfbtg,2.989885861437768,EXP,22.59202,22.352161,0.41247487,0.4744198,,17.0,ok_dr10
ZTF24abaczqu,0.6423571017893714,SER,17.223164,16.383327,0.13664775,0.0354874,,11.0,ok_dr10
ZTF19acyogrm,,,,,,,,,empty
ZTF22aajsdkt,,,,,,,,,empty
ZTF23abokzba,1.6446152293503389,SER,16.693266,16.087353,0.05664233,0.015426201,,13.0,ok_dr10
ZTF20aajvcwd,0.3894872826588589,SER,16.019642,15.347677,0.07122906,0.004643629,0.066427924,57.0,ok_dr10
ZTF23aaxzhor,,,,,,,,,empty
ZTF25abdpshz,,,,,,,,,empty
ZTF25aaizyki,7.418096222740975,SER,15.644976,15.147746,0.038993455,0.01089712,,4.0,ok_dr10
ZTF19abheamc,2.6525626168343943,DEV,17.176855,16.900795,0.035522163,0.010605721,0.03329302,19.0,ok_dr10
ZTF25aalpjxp,1.3365919887172864,REX,21.69232,21.328865,0.40571678,0.16690552,,35.0,ok_dr10
ZTF20abxfiev,4.388764278683234,SER,16.980064,16.310982,0.1106891,0.01623938,,24.0,ok_dr10
ZTF24aalbkdo,0.9986552854186225,SER,20.122166,19.839863,0.42281052,0.30025882,,8.0,ok_dr10
ZTF18acslpba,3.6516695519444293,DUP,,,,,,12.0,ok_dr10
ZTF22abdlohy,,,,,,,,,empty
ZTF22aaowkts,6.740566258097031,REX,22.786087,22.305574,0.683793,0.267191,,6.0,ok_dr9
ZTF22abqkzuq,7.482672220318558,SER,15.032568,14.73876,0.021890784,0.0045399573,,30.0,ok_dr10
ZTF24absmmua,11.473128737330855,DEV,21.012274,21.682121,0.035000913,0.020276079,,19.0,ok_dr10
ZTF21acjalue,3.2415798654271986,SER,16.189562,15.708866,0.055977374,0.009630371,0.068922766,13.0,ok_dr10
ZTF24abpvane,1.5912150405203935,SER,,,,,,12.0,ok_dr10
ZTF24abkbany,5.6626356967874525,SER,15.190232,14.705396,0.017546525,0.0060892594,,15.0,ok_dr10
ZTF19aaxhzol,0.17139473144837758,DUP,,,,,,12.0,ok_dr10
ZTF20abpuyau,,,,,,,,,empty
ZTF22abbozja,3.232231500102292,SER,14.058835,13.541636,0.02922,0.004286,,12.0,ok_dr9
ZTF20acvagdq,11.727590756551049,DUP,,,,,,12.0,ok_dr10
ZTF22abswzyp,1.267980269449292,EXP,20.241133,20.09311,0.1166203,0.10383506,,10.0,ok_dr10
ZTF23abtcveg,,,,,,,,,empty
ZTF19aazgpar,6.930438668297613,EXP,19.044804,18.408672,0.22183463,0.2631769,,16.0,ok_dr10
ZTF25abphhyk,5.6900422844865695,SER,18.492268,18.807524,0.009835689,0.01135788,,5.0,ok_dr10
ZTF21aapejbx,3.3285337850658063,SER,15.105946,14.608469,0.054642,0.009172,0.072197,8.0,ok_dr9
ZTF21abqgbau,,,,,,,,,empty
ZTF24abqwuyx,6.2736372938624365,EXP,19.262466,19.218605,0.42187577,0.3776785,,29.0,ok_dr10
ZTF21aaplnxw,1.3450661199148275,EXP,20.870432,20.630482,0.194502,0.106274,,9.0,ok_dr9
ZTF22aaaepck,5.255060462374104,SER,15.444938,15.093431,0.0402561,0.00650166,0.038552955,18.0,ok_dr10
ZTF25aaisnsy,10.989811983899534,SER,15.600823,15.119208,0.048373,0.014407,,10.0,ok_dr9
ZTF24aaqaroi,3.4737128068618275,REX,24.026028,23.452982,0.774289,0.33429632,,16.0,ok_dr10
ZTF24aaeecuf,1.5432919301338013,EXP,19.581333,19.615965,0.025956,0.021661,,19.0,ok_dr9
ZTF24abdumvs,,,,,,,,,empty
ZTF19abvjcii,0.8022412641048393,DUP,,,,,,17.0,ok_dr9
ZTF20acuoxrx,8.347019383940346,SER,19.028252,18.967093,0.0425405,0.06539676,,19.0,ok_dr10
ZTF22abszapf,2.466380062524745,DEV,18.093502,17.463259,0.098420896,0.014824153,,19.0,ok_dr10
ZTF19aaksrlb,2.4387848766097506,EXP,21.066664,20.051977,0.46269622,0.1346637,,10.0,ok_dr10
ZTF20acberfr,2.9496673686825403,REX,18.514526,18.02282,0.098826,0.023654,,12.0,ok_dr9
ZTF25aasaydc,2.7263080401703657,SER,15.641921,14.910187,0.068346806,0.006505281,,13.0,ok_dr10
ZTF24aagtgln,9.551869039000866,DUP,,,,,,21.0,ok_dr10
ZTF24aamyrwl,5.8461798712972675,REX,24.133406,21.968946,1.0823567,0.12472823,,22.0,ok_dr10
ZTF19aaulzvc,1.6339469323310938,EXP,20.934868,20.753902,0.170132,0.150658,,15.0,ok_dr9
ZTF23abhxvly,,,,,,,,,empty
ZTF23aaccacy,1.8014778974727803,DEV,21.59593,20.66728,0.423181,0.105424,,16.0,ok_dr9
ZTF18abcflnz,,,,,,,,,empty
ZTF22aadewot,2.1401001726218793,SER,18.451408,18.362705,0.028076056,0.018733593,,16.0,ok_dr10
ZTF20acyzsol,7.462979123057612,REX,20.839563,20.69732,0.25183976,0.14963084,,27.0,ok_dr10
ZTF23aaalvut,9.949175048722521,SER,12.876503,12.212238,0.016001273,0.0033449733,,12.0,ok_dr10
ZTF20aciowcm,0.18357916653757164,REX,,19.055122,,,,28.0,ok_dr10
ZTF22aajezaq,18.915034249894315,DEV,20.786665,22.461946,0.387166,0.179939,,12.0,ok_dr9
ZTF24abifpxn,9.624876339091491,REX,23.275051,23.07248,0.704612,0.260515,,9.0,ok_dr9
ZTF23aawyhqa,2.3361066965155914,REX,21.059105,21.214392,0.27632037,0.41699037,,27.0,ok_dr10
ZTF20actlvpy,0.5207064025264255,SER,18.313454,18.056149,0.07867021,0.022797007,,22.0,ok_dr10
ZTF19aapzbjr,1.3874697492700512,SER,18.438038,18.281742,0.05319931,0.2791732,,17.0,ok_dr10
ZTF20aavpnqt,2.4660278882704083,EXP,20.419735,19.957577,0.14919023,0.088276364,,13.0,ok_dr10
ZTF20abjrror,24.881569113131633,REX,22.278069,21.310555,0.622633,0.195422,,6.0,ok_dr9
ZTF24absdolw,0.32093436534847786,SER,18.351358,18.369656,0.030645275,0.031858955,,20.0,ok_dr10
ZTF25acgztnh,2.8184992210979707,SER,19.21368,18.816225,0.12325334,0.04189854,,22.0,ok_dr10
ZTF25acgatak,2.2500359975027093,EXP,21.868832,20.817636,0.9088942,0.10317454,,13.0,ok_dr10
ZTF25aaahknq,3.833661710879726,SER,16.394825,16.037306,0.034696214,0.0077274335,,16.0,ok_dr10
ZTF21abbxtwv,,,,,,,,,empty
ZTF22aaajazi,2.4968611940288694,SER,20.274504,20.538202,0.07415755,0.03303248,,16.0,ok_dr10
ZTF25aacerkv,2.8193912452061887,SER,18.215607,18.133493,0.023172,0.019248,,20.0,ok_dr9
ZTF21abwqopp,1.0407949693169956,SER,17.517775,16.782343,0.083523,0.019976,,20.0,ok_dr9
ZTF23aavxvsz,,,,,,,,,empty
ZTF20aanadof,6.921252442841403,REX,21.041494,22.01407,0.012628,0.066204,,10.0,ok_dr9
ZTF20acitojm,,,,,,,,,empty
ZTF19aatesgp,19.146438991949456,DUP,,,,,,10.0,ok_dr10
ZTF24aazloim,2.3906602701111974,SER,17.652235,17.197355,0.15524136,0.031823475,,9.0,ok_dr10
ZTF25aagbdyg,0.4625788374541029,SER,20.729654,20.44495,0.098941535,0.10269935,,11.0,ok_dr10
ZTF25abqiaaj,16.224714553413612,REX,20.651588,20.060574,0.38014638,0.096112385,,8.0,ok_dr10
ZTF19abxekxi,1.6350054175308275,SER,19.154854,,,,,24.0,ok_dr10
ZTF18absclsr,,,,,,,,,empty
ZTF25aavivut,0.24340908522352772,SER,16.385725,16.0279,0.042624716,0.01689504,,17.0,ok_dr10
ZTF18aazcoob,4.6761913356085145,SER,16.46196,15.7886,0.088079,0.011914,,12.0,ok_dr9
ZTF20acdqjeq,,,,,,,,,empty
ZTF24abuvlqg,0.360404496877819,SER,18.660007,18.329775,0.088808626,0.046500083,,22.0,ok_dr10
ZTF20aclzegl,2.0550286746850963,REX,17.99187,17.359959,0.05780368,0.018804627,,11.0,ok_dr10
ZTF22abvuybj,3.4331796274866906,SER,17.75301,17.218771,0.0652521,0.01287759,0.06946159,11.0,ok_dr10
ZTF21aapecxb,1.4148625392951801,EXP,,18.089426,,,,4.0,ok_dr10
ZTF22aalzeui,0.7245112074360175,EXP,19.129484,18.873285,0.029121647,0.019635389,,18.0,ok_dr10
ZTF22abgbbal,5.074477848320959,DUP,,,,,,1.0,ok_dr10
ZTF19acrichx,4.677336876623417,DUP,,,,,,8.0,ok_dr10
ZTF21abplhpw,4.4269803475869605,REX,23.197174,22.410536,0.9857828,0.1750138,,30.0,ok_dr10
ZTF19acjtpqd,4.683094412241925,REX,19.673092,19.395185,0.366922,0.246578,,6.0,ok_dr9
ZTF18abquxjv,0.4412522375708117,SER,15.484653,14.853894,0.07208909,0.01481419,0.06900813,35.0,ok_dr10
ZTF19abuzinv,,,,,,,,,empty
ZTF19abdqhzt,2.322811752906007,REX,23.601099,22.884556,1.2322991,0.35539213,,8.0,ok_dr10
ZTF20aatpwaf,0.6443283486010135,REX,20.177118,19.877132,0.102241,0.080531,,6.0,ok_dr9
ZTF18aayivxm,1.4366951415135396,EXP,20.977976,21.572721,0.018394,0.02899,,17.0,ok_dr9
ZTF20abpwtmi,15.439510056057584,REX,22.94919,22.176956,0.687675,0.188654,,6.0,ok_dr9
ZTF21abdonkp,0.43266416265851493,SER,,,,,,10.0,ok_dr10
ZTF24aahgkxm,0.35797448335253634,REX,20.3481,20.527021,0.06439,0.077019,,11.0,ok_dr9
ZTF20acoawtj,0.3688574667114901,EXP,23.130424,22.49281,0.7958704,0.30823594,,15.0,ok_dr10
ZTF23abgncdh,5.408119754444553,SER,17.445137,17.060389,0.045892,0.016519,,6.0,ok_dr9
ZTF19ackzvdp,2.7658569152062493,EXP,23.0737,21.986826,1.0189396,0.20094396,,37.0,ok_dr10
ZTF21acjglei,9.521348566726514,SER,14.099759,13.678631,0.017384201,0.0069170212,,11.0,ok_dr10
ZTF19ablwwox,5.200954291048055,REX,23.675562,22.875172,0.98186344,0.28847885,,18.0,ok_dr10
ZTF24abyaowk,,,,,,,,,empty
ZTF24abyhkxw,1.4285501282329718,DEV,22.563515,22.340816,0.606817,0.465534,,15.0,ok_dr9
ZTF23abaxkvy,,,,,,,,,empty
ZTF19abggnnp,5.493337328020443,REX,17.567621,17.305939,0.068274,0.015319,,11.0,ok_dr9
ZTF22ablcjkn,0.20241375938640943,REX,,21.798298,,,,10.0,ok_dr10
ZTF23aasfkpz,4.482394911444361,SER,16.530107,15.758264,0.06481763,0.0127482,0.080101945,23.0,ok_dr10
ZTF20abgakbv,5.19805768863946,SER,17.582428,17.255165,0.020369625,0.010639457,,10.0,ok_dr10
ZTF21abtxnir,6.776501336725481,REX,,21.058147,,,,11.0,ok_dr10
ZTF25aabsnwc,,,,,,,,,empty
ZTF24abttoau,2.1311616142876604,EXP,21.524271,21.717628,0.062018,0.369231,,16.0,ok_dr9
ZTF24absshbg,0.6574257974332619,SER,17.814024,17.324238,0.03862361,0.013449842,,11.0,ok_dr10
ZTF20actkmks,11.213676618329405,SER,14.250669,13.727924,0.023620086,0.0048830993,0.028132213,10.0,ok_dr10
ZTF22aaaedas,0.04649529475842168,DEV,19.82058,19.279385,0.13042,0.047349,,11.0,ok_dr9
ZTF24aakykbz,9.24789461437117,EXP,23.30005,,0.21302807,0.38167733,,9.0,ok_dr10
ZTF19abakjao,1.203046348693779,SER,19.549423,19.400267,0.05179,0.036549,,14.0,ok_dr9
ZTF23aaavsyk,1.1639303153034668,REX,20.930897,20.709677,0.09813086,0.11664404,,18.0,ok_dr10
ZTF20acjbhhp,1.618415879703829,SER,15.528434,15.218378,0.050887812,0.02318228,,9.0,ok_dr10
ZTF20abazgfi,1.6906629722047857,EXP,22.615421,20.397186,0.245201,0.34757,,7.0,ok_dr9
ZTF20aafckit,1.5384786346416595,REX,16.939041,16.690863,0.02081994,0.008811658,0.031011375,12.0,ok_dr10
ZTF22aagetzx,17.993568378334928,SER,13.716838,13.039501,0.03548541,0.005954366,,3.0,ok_dr10
ZTF20abekbzp,1.596138744849518,EXP,21.131996,21.235422,0.090535305,0.35519966,,17.0,ok_dr10
ZTF19acoaoty,,,,,,,,,empty
ZTF23aaaahuy,2.996753164109726,SER,15.028255,14.383134,0.032830622,0.004468254,,21.0,ok_dr10
ZTF23aamqycj,9.64996046578934,SER,14.197703,13.756027,0.026554096,0.0043465956,0.02506815,16.0,ok_dr10
ZTF23absjgxb,0.4141749258503222,SER,17.653713,17.654827,0.011276,0.014754,,9.0,ok_dr9
ZTF24abxyblh,1.1974764887072529,EXP,19.653782,19.372984,0.09592534,0.02497912,,8.0,ok_dr10
ZTF22aalvmic,0.4845816251945185,SER,18.154234,17.717934,0.07060767,0.010682124,,7.0,ok_dr10
ZTF19acsvqrx,0.30385172272816524,DEV,21.69206,21.457174,0.26876023,0.11202549,,14.0,ok_dr10
ZTF23abqbjjb,5.157218978513413,EXP,19.593788,19.703995,0.040474933,0.25664115,,18.0,ok_dr10
ZTF19acmwszk,0.8553502020620134,SER,18.131693,17.357244,0.14515486,0.021338059,,19.0,ok_dr10
ZTF20aammicx,1.2675552350491275,DUP,,,,,,16.0,ok_dr9
ZTF19acchtyp,,,,,,,,,empty
ZTF18abmasep,,,,,,,,,empty
ZTF21aaqujke,12.29921747432005,SER,15.953581,15.313716,0.069866,0.005483,0.065759,11.0,ok_dr9
ZTF18achfdlr,,,,,,,,,empty
ZTF21abxdact,4.397802495846628,SER,16.361046,15.478074,0.06230298,0.019577047,,9.0,ok_dr10
ZTF21aapliyn,1.8050623365226224,SER,18.69146,,0.005124,0.028558,,13.0,ok_dr9
ZTF20acgmqgv,4.054667826035139,REX,,16.336128,,,,19.0,ok_dr10
ZTF24abnrdua,1.8594343261876045,SER,17.417492,17.112265,0.073799,0.017184,0.082499,17.0,ok_dr9
ZTF24abbenwl,5.260455746830372,SER,18.331524,18.429989,0.0072018933,0.0071128504,,18.0,ok_dr10
ZTF25aaqyygm,,,,,,,,,empty
ZTF21abepqyt,1.2817637596450413,SER,17.15114,16.604921,0.048014674,0.016154634,,11.0,ok_dr10
ZTF21aaomuka,9.05793549443385,DUP,,,,,,12.0,ok_dr10
ZTF21abbvkpr,2.305926694324509,SER,17.947056,17.769367,0.017647,0.009807,,9.0,ok_dr9
ZTF25aaqgorp,0.8490459806213217,SER,17.412994,17.156181,0.06915771,0.016481984,0.08220035,16.0,ok_dr10
ZTF20acjhhqx,9.665662535877821,REX,23.501673,22.61535,0.8943,0.203624,,11.0,ok_dr9
ZTF23abbcdlp,3.9151175524915773,REX,22.447166,22.732748,0.35135984,0.53931993,,30.0,ok_dr10
ZTF19aawtqdv,5.683380040921742,SER,15.467366,14.991793,0.068567,0.012494,0.067422,7.0,ok_dr9
ZTF23abijnsm,8.157906108444074,REX,22.702917,22.645205,0.282526,0.243346,,13.0,ok_dr9
ZTF22abnperq,4.3095621389690475,SER,17.67846,17.16837,0.115184,0.025983,,13.0,ok_dr9
ZTF25aaoxequ,1.8158788609256875,REX,22.25088,21.810991,0.5566721,0.13546789,,9.0,ok_dr10
ZTF20abxzwuc,1.9678554531082748,DEV,16.290413,15.526867,0.09135838,0.00612841,0.07864492,14.0,ok_dr10
ZTF25aaxjzpf,0.3647593419077835,DEV,20.45285,20.106146,0.10427941,0.14900981,,20.0,ok_dr10
ZTF22aaldrem,1.450519170065152,SER,16.602818,15.929535,0.07372004,0.007593422,,12.0,ok_dr10
ZTF19aayckwk,1.4131152772429676,SER,15.874169,15.142991,0.08057837,0.017265517,,16.0,ok_dr10
ZTF21acoshvy,,,,,,,,,empty
ZTF24aaooxcd,1.7755930123151826,EXP,22.407036,,0.13647892,0.3303393,,21.0,ok_dr10
ZTF21aaocrlm,6.828452871144117,SER,,14.707808,,,,8.0,ok_dr10
ZTF24aaaewiv,0.189333521609194,SER,18.088865,17.324074,0.104353,0.014185,,18.0,ok_dr9
ZTF21aaxwcgj,0.7296318916145406,SER,16.292196,15.98196,0.022529826,0.0059627346,0.032761924,15.0,ok_dr10
ZTF23aaqqdhs,2.0316615877428172,SER,16.884172,16.487888,0.04647061,0.016190127,,16.0,ok_dr10
ZTF23aaajcbm,0.9230173271760587,SER,18.096758,17.874496,0.0811742,0.042123232,,18.0,ok_dr10
ZTF20actowqe,,,,,,,,,empty
ZTF23aaekebt,,,,,,,,,empty
ZTF25aburdzc,,,,,,,,,empty
ZTF24aauoakx,8.099308593802856,EXP,22.686338,21.407812,0.62719434,0.08013755,,10.0,ok_dr10
ZTF19aamwhat,24.10424370140416,SER,13.022511,12.207734,0.019333985,0.0053757317,,8.0,ok_dr10
ZTF22acaipkl,0.709516293620994,REX,22.423845,22.155304,0.31774396,0.25693873,,23.0,ok_dr10
ZTF20acfvgdp,2.055050031815511,SER,17.973824,17.766512,0.036213584,0.013370397,,47.0,ok_dr10
ZTF23aafgazi,11.090204665543409,REX,23.891855,22.949253,1.0888894,0.17259471,,20.0,ok_dr10
ZTF24abxxfzd,0.2675221489352579,SER,19.901731,19.566975,0.114459,0.037208,,9.0,ok_dr9
ZTF20actvlbq,1.4865662898402736,REX,17.654568,17.285679,0.060480848,0.01850107,0.08302945,14.0,ok_dr10
ZTF23aahkmbj,0.5335611784224813,REX,19.737715,19.298767,0.09635542,0.054350827,,19.0,ok_dr10
ZTF19acchaza,,,,,,,,,empty
ZTF21aaqyetj,,,,,,,,,empty
ZTF21abklcjq,4.252941965956879,REX,14.909966,14.585378,0.033943,0.005517,,8.0,ok_dr9
ZTF19acaotrk,1.091547634503093,SER,16.549706,16.051115,0.046173725,0.01660308,,17.0,ok_dr10
ZTF21abgdngg,0.3725762635814062,REX,23.895573,23.71488,1.2860546,0.4903117,,32.0,ok_dr10
ZTF18abrqfjs,8.81657733655321,REX,24.685495,23.060051,0.836651,0.197255,,18.0,ok_dr9
ZTF20aavhyel,0.4975523144971869,SER,17.604855,17.304285,0.057895303,0.021502657,0.025238823,10.0,ok_dr10
ZTF22aayjzmc,0.9386870463129435,DEV,17.842556,17.218794,0.060179558,0.012130723,,28.0,ok_dr10
ZTF25absffwy,9.012937787397451,REX,17.865599,17.579102,0.07161558,0.02272231,,26.0,ok_dr10
ZTF20acppsay,0.6078129693405813,REX,19.331144,19.05323,0.10643605,0.033683892,,16.0,ok_dr10
ZTF19aauoiow,9.896135758789235,REX,20.769325,20.063639,0.9246427,0.20956247,,32.0,ok_dr10
ZTF18aaszvfn,2.5921078083167224,SER,14.659654,14.138693,0.035235,0.007741,0.026889,11.0,ok_dr9
ZTF23abqygjv,4.418686518573431,REX,23.587273,23.47532,0.49620286,0.47885543,,35.0,ok_dr10
ZTF22aawzgcx,0.34142832195121425,REX,22.420683,22.309505,0.36243516,0.12582073,,8.0,ok_dr10
ZTF25aakeqyr,5.819224955783779,SER,18.26921,17.809359,0.077815,0.017289,,13.0,ok_dr9
ZTF21abhuqpe,4.312009306558184,DUP,,,,,,15.0,ok_dr9
ZTF25aajqkdo,1.0165798296017536,REX,14.287338,13.804379,0.026212,0.005264,,30.0,ok_dr9
ZTF18acbxsge,1.173355218781585,SER,17.045828,16.714634,0.023232855,0.008169405,,32.0,ok_dr10
ZTF19aclkbqc,,,,,,,,,empty
ZTF25abqixdv,,,,,,,,,empty
ZTF21aalgszc,0.28178990442168744,DEV,18.39552,17.506779,0.071372375,0.18590176,,36.0,ok_dr10
ZTF20abgwffm,2.513890411403506,EXP,20.665688,20.353191,0.1141881,0.08939124,,19.0,ok_dr10
ZTF20abdajyr,1.461666672767598,SER,18.054111,17.344166,0.074329,0.023039,,10.0,ok_dr9
ZTF24aaprkyz,,,,,,,,,empty
ZTF19aamgghn,3.8159970981346456,SER,17.737194,17.330786,0.033179,0.008951,0.029675,12.0,ok_dr9
ZTF23aaeogik,8.995931973880408,REX,22.181026,21.623316,0.47964,0.152627,,13.0,ok_dr9
ZTF19abhduuo,7.799795519749561,SER,14.353733,13.81894,0.022027055,0.007439257,0.018047057,52.0,ok_dr10
ZTF21acafsqe,1.4980581376767041,EXP,19.769655,19.250233,0.119109,0.046375,,12.0,ok_dr9
ZTF21acgnagk,0.015299885983843318,DUP,,,,,,12.0,ok_dr10
ZTF20abtkjfw,,,,,,,,,empty
ZTF19aacgslb,8.73229465031708,REX,21.18736,21.318977,0.15723838,0.3710062,,5.0,ok_dr10
ZTF20aausahr,8.190865264418882,SER,15.535711,15.113253,0.050523,0.010657,0.043142,18.0,ok_dr9
ZTF23aaxuvkn,0.09102234129816192,SER,,16.584358,,,,5.0,ok_dr10
ZTF19aaqtsky,,,,,,,,,empty
ZTF21aamgrxm,0.8678671468896304,SER,16.0491,15.514863,0.031265207,0.004890774,0.040067423,23.0,ok_dr10
ZTF24aagpxan,,,,,,,,,empty
ZTF21acoqncy,7.065387705667092,REX,17.108675,16.695395,0.0677554,0.012852206,,15.0,ok_dr10
ZTF18aczqzrj,2.349846373434614,SER,17.048681,16.68896,0.037151,0.008992,0.042923,12.0,ok_dr9
ZTF19acfrhnq,12.186868826032867,REX,22.403244,21.754164,0.7411087,0.09087042,,13.0,ok_dr10
ZTF20acpwjus,0.8607246877299523,DUP,,,,,,27.0,ok_dr10
ZTF22abxomzd,13.626307148019277,SER,20.209059,20.917755,0.033134773,0.038779076,,11.0,ok_dr10
ZTF22abqseiq,0.7453830435113346,EXP,23.100508,,0.15003556,0.29196846,,19.0,ok_dr10
ZTF21aapomdb,0.3837666011565804,EXP,20.133583,19.669468,0.101575,0.040019,,5.0,ok_dr9
ZTF23abjfuhi,1.028190474619496,DEV,21.822111,21.692617,0.43180412,0.14849333,,44.0,ok_dr10
ZTF21aaqgmjt,5.309260899673374,SER,16.635511,16.764542,0.010475,0.040327,,8.0,ok_dr9
ZTF19acblhxc,5.068668880942717,SER,15.043727,14.716141,0.024427501,0.0049369093,,37.0,ok_dr10
ZTF25aaakjsi,0.2062416290366055,SER,16.56312,16.25218,0.062338803,0.01143327,,18.0,ok_dr10
ZTF24aavpxsr,0.8030102181841079,SER,15.74221,15.489989,0.017946,0.007188,,9.0,ok_dr9
ZTF22abbmgne,,,,,,,,,empty
ZTF18acbwasl,1.7092664629172865,SER,17.424456,16.873222,0.127861,0.020367,,16.0,ok_dr9
ZTF20aawihxz,19.382253995661106,DUP,,,,,,4.0,ok_dr10
ZTF19abotfag,5.949709856616272,REX,,,,,,17.0,ok_dr10
ZTF19abjioie,0.046231901157317144,SER,17.846676,17.439894,0.075447,0.016155,,12.0,ok_dr9
ZTF24abgocjp,9.418322432033595,REX,24.251036,23.5691,1.0030423,0.34630653,,42.0,ok_dr10
ZTF20accoccp,5.06626465847244,REX,19.585197,19.004702,0.41272274,0.23650046,,21.0,ok_dr10
ZTF23aaahuzf,4.329699841089778,SER,15.424741,14.883225,0.043,0.01091,,21.0,ok_dr9
ZTF20abpyplw,2.6372756852748225,SER,16.761822,16.365015,0.053376816,0.009706825,,31.0,ok_dr10
ZTF25abbpjct,1.1711935638369844,SER,,18.03598,,,,10.0,ok_dr10
ZTF24abrezqh,0.29037133580699015,SER,16.00229,15.314926,0.08517636,0.005864174,0.0967048,37.0,ok_dr10
ZTF25acelgwl,0.05283231094032634,EXP,21.53747,21.222006,0.33590895,0.22085007,,13.0,ok_dr10
ZTF19acyksfd,0.5508780936184762,SER,15.714936,15.217553,0.035717085,0.006325913,,9.0,ok_dr10
ZTF22aadnjsh,8.38524928169594,SER,15.54508,14.957444,0.052002,0.01691,,9.0,ok_dr9
ZTF24aaigbbv,1.8012428099072355,EXP,22.488115,23.053806,0.14032148,0.11226323,,17.0,ok_dr10
ZTF22aaecdin,1.6398879743894363,SER,17.645823,17.485977,0.018445943,0.0055916943,,18.0,ok_dr10
ZTF25abijxtr,4.598487257877818,DUP,,,,,,19.0,ok_dr10
ZTF19abcttsc,,,,,,,,,empty
ZTF24aarnmsp,,,,,,,,,empty
ZTF18acvguyi,1.5825893392584018,EXP,21.444897,21.652843,0.13008298,0.41109768,,24.0,ok_dr10
ZTF22abtcphd,,,,,,,,,empty
ZTF19aawsday,0.11516138381915979,DUP,,,,,,14.0,ok_dr10
ZTF19aatgsdl,2.52145198044015,SER,19.409101,19.077682,0.10875029,0.032539338,,21.0,ok_dr10
ZTF25aaqhnsd,15.530013234733815,EXP,18.12828,18.106173,0.011985153,0.0307001,,13.0,ok_dr10
ZTF22abxltfq,0.5065592364742414,REX,,,1.0077966,0.91586906,,19.0,ok_dr10
ZTF19abgpgyp,0.047281196753366526,REX,19.969461,19.566233,0.175547,0.126819,,11.0,ok_dr9
ZTF23aaiyuae,11.717769835734648,DUP,,,,,,4.0,ok_dr10
ZTF20aayprqz,0.9569990257423512,EXP,21.299465,21.514406,0.059955,0.187057,,30.0,ok_dr9
ZTF21abmdhes,3.2254897295181806,REX,23.991486,23.419546,0.82696074,0.9657073,,16.0,ok_dr10
ZTF22aaaikzg,6.379141555505378,SER,15.969395,15.427254,0.058432207,0.013292208,0.053512324,19.0,ok_dr10
ZTF23abkhwgb,0.4451998069932481,EXP,18.342686,18.252712,0.019972,0.013871,,27.0,ok_dr9
ZTF18abebzog,,,,,,,,,empty
ZTF24aajxpmq,,,,,,,,,empty
ZTF20abwktfx,3.8458170569349996,SER,13.832483,13.277911,0.032141,0.003165,,6.0,ok_dr9
ZTF24abuvnmi,3.214633999166032,EXP,21.228569,21.52813,0.058904793,0.24164246,,14.0,ok_dr10
ZTF25aavcbih,,,,,,,,,empty
ZTF21aafhftg,,,,,,,,,empty
ZTF25aafdwph,2.0322657996930125,EXP,17.570457,17.19341,0.062013,0.013949,0.060335,6.0,ok_dr9
ZTF20aczgmai,6.85094967071096,DUP,,,,,,12.0,ok_dr10
ZTF24abagndi,0.5373604489978556,REX,19.502834,19.17694,0.153619,0.03673189,,18.0,ok_dr10
ZTF24abtnery,,,,,,,,,empty
ZTF23abnbgfb,,,,,,,,,empty
ZTF24abrfiya,0.7793505801297772,REX,21.357378,21.29379,0.06561421,0.10913417,,12.0,ok_dr10
ZTF22aawptbl,,,,,,,,,empty
ZTF20abhmnom,0.5205041333413707,EXP,20.190464,19.853067,0.10477684,0.022851365,,9.0,ok_dr10
ZTF18abqdadp,9.857253283563724,DUP,,,,,,19.0,ok_dr10
ZTF22aauhism,,,,,,,,,empty
ZTF20acqoxod,,,,,,,,,empty
ZTF21aagolae,20.08717176384674,DEV,19.73747,19.25145,0.111178,0.040753,,8.0,ok_dr9
ZTF23aasocjj,1.5911683878393543,SER,18.35999,18.145912,0.040424533,0.019503517,,17.0,ok_dr10
ZTF19abecaca,2.738310485447296,SER,20.707226,20.886324,0.036551,0.159543,,21.0,ok_dr9
ZTF25aagevje,0.10481804825605158,SER,18.174194,17.62696,0.0962179,0.02357694,,22.0,ok_dr10
ZTF24aaowjlw,0.26027795805868825,REX,23.06312,23.17059,0.47657907,0.47037333,,27.0,ok_dr10
ZTF23aaarwea,3.511211874983164,SER,17.156298,16.59245,0.053425,0.011839,0.048756,9.0,ok_dr9
ZTF20aamsjws,7.532384073731093,DUP,,,,,,11.0,ok_dr10
ZTF19abdqaao,0.6584940929620808,SER,16.278662,15.482793,0.071370885,0.012384988,,22.0,ok_dr10
ZTF18abxoqkd,0.9589193375315954,SER,17.086668,16.471876,0.0534678,0.015735986,,20.0,ok_dr10
ZTF22aaaxiru,5.854072373921079,SER,19.504831,19.108328,0.07871047,0.054019485,,8.0,ok_dr10
ZTF24abnmxnl,3.007343450722007,EXP,23.341211,23.988575,0.65087223,0.7234673,,24.0,ok_dr10
ZTF25aajiutj,1.3037568579651109,SER,17.432234,17.134048,0.027819032,0.009149694,0.03918337,15.0,ok_dr10
ZTF20acpeldz,,,,,,,,,empty
ZTF24abhstjv,2.1465398096356187,EXP,18.36198,17.959112,0.08755353,0.019631576,,18.0,ok_dr10
ZTF22abhsxkn,,,,,,,,,empty
ZTF18acmzpbf,0.6569799071006248,SER,16.92783,16.810709,0.024565,0.009459,,19.0,ok_dr9
ZTF25aafjphe,3.8036900961875264,SER,15.438329,15.101702,0.020903783,0.0053023305,0.022680556,28.0,ok_dr10
ZTF20acbovrt,4.550569523993766,SER,20.918987,21.90898,0.023943547,0.11912794,,19.0,ok_dr10
ZTF20acnviyk,1.2732967607444714,DEV,19.072071,18.81356,0.10427409,0.023073945,,14.0,ok_dr10
ZTF19acyqwlm,0.2236757608614377,SER,16.276108,15.652318,0.040464,0.013021,,10.0,ok_dr9
ZTF18aarwxum,0.19972334495892016,SER,18.47659,18.103825,0.078932,0.022716,,7.0,ok_dr9
ZTF21aaaosoq,2.019339259502257,SER,17.780027,17.575521,0.035492,0.012801,0.031479,7.0,ok_dr9
ZTF20aabqdbo,6.738015498754025,EXP,22.716022,21.174927,0.849437,0.09179531,,28.0,ok_dr10
ZTF24aaiiwby,6.90757458269812,SER,15.345048,14.883644,0.02394143,0.004547519,,20.0,ok_dr10
ZTF21abkaoxe,5.969568508892081,DEV,17.279312,16.688007,0.063959,0.018902,0.054303,14.0,ok_dr9
ZTF24abltcrf,,,,,,,,,empty
ZTF20actpuan,,,,,,,,,empty
ZTF23aaiuzpc,10.916352468543066,SER,17.031689,16.99009,0.0060675903,0.0052780644,,11.0,ok_dr10
ZTF23aaweqva,0.20351152421463228,SER,18.466852,17.845043,0.073951125,0.017747886,,25.0,ok_dr10
ZTF22aaacnbw,3.306413529347537,SER,12.014497,11.279437,0.017264776,0.006138138,0.006685563,28.0,ok_dr10
ZTF20acqzpta,0.5784493711592514,SER,16.38,15.591623,0.07696344,0.010967677,0.071353704,18.0,ok_dr10
ZTF21aaflcai,0.5478908675554145,SER,17.536871,16.922838,0.10188615,0.028289555,0.06875992,24.0,ok_dr10
ZTF23aadjoew,9.463997271650332,SER,12.275688,11.921664,0.036316298,0.024672601,,2.0,ok_dr10
ZTF22abxlqvc,1.97233220672625,SER,16.36798,15.973272,0.040605836,0.014313128,0.053553287,6.0,ok_dr10
ZTF18abujubn,0.41472796814330437,SER,16.20789,16.319757,0.01193,0.010295,,11.0,ok_dr9
ZTF25abecvml,0.10424873815647617,REX,20.803612,20.557522,0.097674355,0.042021483,,13.0,ok_dr10
ZTF25aajesph,5.304604902382758,EXP,18.809402,18.49602,0.06895768,0.022530831,,22.0,ok_dr10
ZTF23abvnmam,0.35988126815676175,SER,18.321285,17.975695,0.030917084,0.014077708,,16.0,ok_dr10
ZTF23aazpvbm,4.498295894011616,DUP,,,,,,17.0,ok_dr10
ZTF20acpvbbh,,,,,,,,,empty
ZTF22abswuyy,1.6728572568154332,SER,20.44939,21.447958,0.069355994,0.08106772,,50.0,ok_dr10
ZTF25aanxipy,0.02552268737617985,EXP,20.89507,20.325392,0.170477,0.108055,,8.0,ok_dr9
ZTF25aaacrjj,4.271359620942454,REX,21.543612,20.997345,0.5203143,0.25549835,,49.0,ok_dr10
ZTF23aaldwgw,1.5056737893411998,EXP,21.001614,20.672396,0.23026368,0.07407795,,16.0,ok_dr10
ZTF24aaiehiv,20.533292357268778,DUP,,,,,,11.0,ok_dr9
ZTF21abjdiok,1.4050701697950105,SER,18.057686,17.743692,0.05281556,0.012336783,,9.0,ok_dr10
ZTF18acrtykk,,,,,,,,,empty
ZTF19abhhocz,0.1790413000579082,REX,,,1.8620414,0.8386383,,14.0,ok_dr10
ZTF20abvowvw,0.6729706588246646,REX,20.709568,20.481604,0.12105668,0.09483419,,15.0,ok_dr10
ZTF25aafifce,3.059461779463702,DUP,,,,,,34.0,ok_dr10
ZTF24aaekmks,3.482362143434658,SER,15.828857,15.189875,0.025122885,0.0037166905,,19.0,ok_dr10
ZTF22aagzmcz,8.019108441557357,DUP,,,,,,9.0,ok_dr10
ZTF23aaxtmrr,,,,,,,,,empty
ZTF25aabrowo,1.3467762067543305,REX,22.462244,22.044329,0.689038,0.49629855,,30.0,ok_dr10
ZTF21aadezmh,1.748770282027506,SER,16.228872,15.717786,0.063576,0.023552,0.062131,7.0,ok_dr9
ZTF24abqfgcu,8.825898634165226,REX,24.198866,22.660885,1.010269,0.22567472,,29.0,ok_dr10
ZTF21aazyjlz,1.4943156026839017,REX,22.464827,22.171394,0.42450774,0.1627066,,21.0,ok_dr10
ZTF24aaxmacd,2.1796374380876635,SER,,18.995085,,,,15.0,ok_dr10
ZTF19acbvujw,7.543689693519652,DUP,,,,,,7.0,ok_dr9
ZTF18abrxrms,,,,,,,,,empty
ZTF20abobpcb,0.2914565856936785,EXP,21.676071,21.981825,0.322588,0.249214,,10.0,ok_dr9
ZTF19ablovot,0.08076132815907144,DUP,,,,,,28.0,ok_dr10
ZTF21aaaekuh,2.0106429099007608,EXP,22.25172,22.455076,0.13042165,0.15751499,,38.0,ok_dr10
ZTF24abltxth,0.8457582236454052,SER,16.460682,15.889316,0.069621,0.01175,0.067985,14.0,ok_dr9
ZTF23aavxosl,1.2357648157374737,SER,18.009726,17.512432,0.07355992,0.019138383,,11.0,ok_dr10
ZTF25abxqnqr,2.493481113313381,SER,16.524343,15.815255,0.055757,0.018278,0.076919,11.0,ok_dr9
ZTF19aadnxbh,12.198640057343946,REX,19.722176,20.315828,0.02767,0.016935,,28.0,ok_dr9
ZTF21abpamxn,,,,,,,,,empty
ZTF19acfvzmr,,,,,,,,,empty
ZTF25aawngni,,,,,,,,,empty
ZTF19acbpzir,3.1218376167126745,SER,16.48322,16.044718,0.059688,0.009925,,7.0,ok_dr9
ZTF21abybnni,0.5368015877655954,DEV,17.47622,16.821766,0.08354701,0.0053550215,0.07481926,13.0,ok_dr10
ZTF18abuykiu,4.9278942418816465,DUP,,,,,,22.0,ok_dr10
ZTF18aahrzkb,5.190698104415576,SER,14.765695,14.291883,0.01753939,0.002724212,,17.0,ok_dr10
ZTF18abkjnqy,5.33199977829994,DUP,,,,,,12.0,ok_dr10
ZTF18acgphfu,,,,,,,,,empty
ZTF19aczeomw,,,,,,,,,empty
ZTF20acogesf,1.0762675984115917,DEV,18.896666,18.72601,0.061255045,0.04440763,,15.0,ok_dr10
ZTF22aaaiykj,4.352693199115612,DEV,23.14616,22.51454,1.0728751,0.3917245,,29.0,ok_dr10
ZTF21abtxxdq,,,,,,,,,empty
ZTF18acpscso,2.7065509228066116,REX,19.167633,19.31921,0.023765633,0.016312761,0.07147627,20.0,ok_dr10
ZTF20abkacis,4.940752183491634,SER,20.743023,21.163683,0.01726,0.023723,,15.0,ok_dr9
ZTF18acwyowc,4.519167928619245,DEV,21.541916,20.348667,0.733043,0.061943,,18.0,ok_dr9
ZTF24abrmdti,3.5627531197985123,EXP,21.90192,21.617573,0.20914263,0.3975415,,8.0,ok_dr10
ZTF24aabvugo,0.8936922174516169,SER,18.009352,17.80725,0.019375758,0.01121592,,14.0,ok_dr10
ZTF19acokufi,3.2256404377060814,SER,20.888395,20.611574,0.11703584,0.11499257,,34.0,ok_dr10
ZTF19abctnpk,0.3582825026378749,SER,17.940962,17.452667,0.07367299,0.014645422,,20.0,ok_dr10
ZTF18aamigmk,5.557369247785127,EXP,21.050926,22.043816,0.026991,0.065778,,19.0,ok_dr9
ZTF23aaghvkj,9.913297094590853,DUP,,,,,,14.0,ok_dr10
ZTF23abegkob,,,,,,,,,empty
ZTF19aaneugz,0.3569883218485177,SER,15.658875,15.054893,0.07042923,0.019369062,0.054526456,18.0,ok_dr10
ZTF23aamsbpu,,,,,,,,,empty
ZTF23aamzuca,10.01392991145747,REX,21.78606,20.865696,0.450049,0.066566,,16.0,ok_dr9
ZTF21abiacoi,0.4849516354448805,EXP,22.445963,24.26055,0.18462995,0.13685103,,10.0,ok_dr10
ZTF24aawklme,5.845779788943621,SER,16.197657,15.69945,0.02958755,0.01442509,,19.0,ok_dr10
ZTF20acplqek,3.499913485347911,EXP,21.054668,21.0887,0.056448344,0.074926406,,26.0,ok_dr10
ZTF24abhpyvf,0.251860919056712,EXP,21.271198,21.803652,0.047809,0.073343,,14.0,ok_dr9
ZTF19abztknu,,,,,,,,,empty
ZTF21abhtafw,1.4233129296288898,DUP,,,,,,20.0,ok_dr9
ZTF19aaxffum,1.3763636708012135,SER,16.656971,16.190868,0.05329532,0.008636344,0.05495348,12.0,ok_dr10
ZTF21aaljjvt,3.4213181052299526,DEV,22.023632,20.787056,0.6714253,0.048507653,,49.0,ok_dr10
ZTF23abbdbsh,2.5186034385550866,SER,14.42528,14.022744,0.029313346,0.0048509175,,60.0,ok_dr10
ZTF22abgvdis,7.274537090158695,DUP,,,,,,6.0,ok_dr10
ZTF21abskgap,,,,,,,,,empty
ZTF20acpkpla,1.18776780217125,REX,17.236952,16.929413,0.06770899,0.014268575,,35.0,ok_dr10
ZTF22aalzjdc,0.11995643674846215,REX,23.869509,24.04529,0.8833318,0.5083754,,19.0,ok_dr10
ZTF23aaftouh,0.039202897662743576,REX,22.667017,22.30776,0.94171846,0.46487448,,16.0,ok_dr10
ZTF20aaqtebg,1.6470268348467079,SER,14.50665,13.939848,0.031947695,0.008366068,0.03552331,19.0,ok_dr10
ZTF19acfthre,6.87109648995357,DUP,,,,,,10.0,ok_dr10
ZTF23aansrmz,1.5232263020458197,DUP,,,,,,18.0,ok_dr9
ZTF25aboqxdx,0.41518466525306,SER,19.705048,20.164038,0.05018718,0.036677107,,32.0,ok_dr10
ZTF21abistmz,1.2750136172520359,REX,,,,,,26.0,ok_dr10
ZTF21aabhxxj,4.9409529067165225,SER,15.102929,14.432158,0.037332255,0.0087126605,,20.0,ok_dr10
ZTF23aaltxkt,4.7839623458101705,SER,,,,,,2.0,ok_dr10
ZTF19abangub,1.7229929857580324,REX,24.300837,23.370218,1.0672504,0.35039768,,20.0,ok_dr10
ZTF23aavolri,1.441146959629026,REX,22.905867,23.376482,0.335919,0.271666,,22.0,ok_dr9
ZTF20aahaxjl,1.1382346510135484,SER,16.418913,15.811297,0.04140759,0.008128008,,7.0,ok_dr10
ZTF25abqamzb,0.7329266221652895,REX,19.401064,18.966717,0.20118147,0.057817586,,14.0,ok_dr10
ZTF20abeeyrn,10.296537531893039,DUP,,,,,,9.0,ok_dr9
ZTF22aaiiiho,,,,,,,,,empty
ZTF23aaanxbm,12.968619251971312,REX,21.340038,19.93301,0.625108,0.045236,,10.0,ok_dr9
ZTF23aawrcrb,8.543279469194978,EXP,22.524897,23.066872,0.13046607,0.30739278,,24.0,ok_dr10
ZTF20abdxffu,0.1502000745095854,SER,15.34546,14.682009,0.05826692,0.004850629,0.059674684,14.0,ok_dr10
ZTF20acwdnbw,3.0967821221915184,EXP,17.952705,17.542612,0.08414733,0.0213243,,22.0,ok_dr10
ZTF21aaqdxzv,10.504370502521176,DUP,,,,,,24.0,ok_dr10
ZTF21aaygqkb,1.6287722229654515,SER,16.598738,16.618572,0.020521263,0.008403846,,22.0,ok_dr10
ZTF25aanbchm,3.3736735473185457,REX,24.767414,23.861889,1.3170958,0.42646345,,48.0,ok_dr10
ZTF18absdgon,0.9291715486216268,EXP,21.45752,21.190804,0.60167,0.223053,,18.0,ok_dr9
ZTF21abfjgwr,3.32536521914139,EXP,21.656757,22.00827,0.085575,0.09669948,,11.0,ok_dr10
ZTF22aalyumh,0.8886818755954232,SER,19.93646,20.10454,0.022971172,0.5757925,0.07929272,23.0,ok_dr10
ZTF25acejaxg,8.84447526616008,EXP,21.15587,21.395828,0.031074088,0.13455607,,25.0,ok_dr10
ZTF21aamuniy,0.08499897783499803,REX,23.162205,23.964857,0.39281398,0.5093244,,14.0,ok_dr10
ZTF19aavxufb,6.790786432600743,SER,,15.76445,,,,19.0,ok_dr10
ZTF23absjgzg,0.1481255581892574,SER,15.454037,14.852512,0.06595,0.01172,0.072691,11.0,ok_dr9
ZTF25aaasxhh,1.1811829098297564,SER,20.215345,20.473219,0.0404577,0.02316332,,21.0,ok_dr10
ZTF22abyzmlx,3.363443131657463,EXP,19.645784,19.29806,0.1130278,0.02000412,,12.0,ok_dr10
ZTF20acoxmsr,0.14224293836753701,SER,18.172588,17.558683,0.08141101,0.011921148,,24.0,ok_dr10
ZTF24aajhotx,1.7836874935572697,REX,24.166128,,0.46457,0.426324,,24.0,ok_dr9
ZTF22aaafedw,3.227620914112335,EXP,22.641459,23.048368,0.10952324,0.20260438,,20.0,ok_dr10
ZTF19acctpgd,0.3767469571317776,SER,16.948864,16.314606,0.07691198,0.017019305,,11.0,ok_dr10
ZTF22abmnzfh,0.5634588689853332,SER,23.281052,23.242535,0.33980608,0.52396566,,51.0,ok_dr10
ZTF19acmelor,6.012619875714647,EXP,19.7994,20.016405,0.04057418,0.033441223,,28.0,ok_dr10
ZTF20acnvlgg,6.865516043849408,REX,21.348778,20.954432,0.338945,0.096285,,11.0,ok_dr9
ZTF18aavnxar,0.2549584042554177,SER,17.36106,16.604038,0.10987855,0.026655136,0.08523334,14.0,ok_dr10
ZTF20aauqtcp,,,,,,,,,empty
ZTF24aaovokk,2.149563038687459,SER,17.257961,16.9904,0.027806,0.009978,0.040258,12.0,ok_dr9
ZTF25aadfsmz,3.1238900045311686,DEV,21.81912,23.136559,0.23710667,0.6545919,,46.0,ok_dr10
ZTF20abwynwj,0.7984057146827125,SER,17.130512,16.750715,0.046600215,0.0112508,,13.0,ok_dr10
ZTF25aaqfffi,4.918439511890778,SER,16.600344,15.923141,0.05239923,0.01105567,,12.0,ok_dr10
ZTF23aabyhrz,3.6574706400745067,REX,20.278465,20.6185,0.4794531,0.3996523,,24.0,ok_dr10
ZTF19acspeuw,0.39910869546859123,REX,18.556612,18.12861,0.083841,0.031712,,12.0,ok_dr9
ZTF21aakbgpf,,,,,,,,,no_gal
ZTF20aawbxmt,0.14509338698216698,REX,19.686586,19.11522,0.602832,0.090672,,17.0,ok_dr9
ZTF22aaaeibc,0.8715583555839009,SER,19.209429,18.75075,0.13115,0.051246,,8.0,ok_dr9
ZTF23aabxqtq,0.45037903159421805,SER,19.164345,18.933254,0.088400654,0.02449122,,19.0,ok_dr10
ZTF19abymukc,11.148139627212135,REX,20.470352,20.893158,0.039434537,0.2112613,,10.0,ok_dr10
ZTF24aajemkb,2.6764295899998456,DUP,,,,,,10.0,ok_dr10
ZTF21aabcyvd,,,,,,,,,empty
ZTF18aarbaba,,,,,,,,,empty
ZTF19acxmnkc,1.7178685017850202,DEV,20.929234,21.906212,0.008707,0.062178,,17.0,ok_dr9
ZTF25abvbjre,,,,,,,,,empty
ZTF20aazycgy,1.5920991118885792,SER,14.923982,14.370399,0.041889466,0.010461335,0.029487172,8.0,ok_dr10
ZTF20aaolusw,0.3114538914466554,SER,17.065735,16.536781,0.037350558,0.012037786,,21.0,ok_dr10
ZTF21abbzcxe,5.257205126862066,DUP,,,,,,19.0,ok_dr10
ZTF19abwtgqb,0.13991299334906604,SER,16.86281,16.26527,0.09662588,0.076853186,,35.0,ok_dr10
ZTF23aadwiyy,0.8642406100121299,REX,21.673065,21.258528,0.59933686,0.31646731,,18.0,ok_dr10
ZTF25aaxjntk,,,,,,,,,empty
ZTF20abatmsa,10.530209976163187,REX,24.109581,22.382238,0.819837,0.153935,,13.0,ok_dr9
ZTF24aayimjt,,,,,,,,,empty
ZTF22aayxdkd,2.039925028611583,SER,17.12421,16.542696,0.067252,0.012019,0.076392,18.0,ok_dr9
ZTF23aanlmst,0.848631553818167,SER,20.69038,20.508554,0.091073,0.072878,,20.0,ok_dr9
ZTF22aaaepgu,2.4395656982188285,EXP,20.169775,19.9641,0.102478,0.039134,,7.0,ok_dr9
ZTF20aaifyvz,1.4269725174009074,SER,18.325218,17.723751,0.07947888,0.014496181,,13.0,ok_dr10
ZTF19aatgrxl,0.7379220301654978,SER,17.814482,17.290321,0.12121601,0.020586073,,18.0,ok_dr10
ZTF22aadizjf,4.1448702501586405,SER,16.245354,15.501051,0.063247,0.019778,,11.0,ok_dr9
ZTF22aaezdtd,0.4179382758743823,SER,17.613148,17.168285,0.07581352,0.022615006,0.08880805,49.0,ok_dr10
ZTF18aarlpzd,12.232176989600914,SER,11.881724,11.485037,0.008045,0.002283,,7.0,ok_dr9
ZTF18acxgqxq,,,,,,,,,empty
ZTF21acfigoo,5.458697625094171,SER,15.343421,14.60824,0.05637156,0.0054141516,,22.0,ok_dr10
ZTF19aaxibby,4.134504653102632,SER,21.468016,21.18025,0.1701151,0.17245592,,28.0,ok_dr10
ZTF22aaahbrf,0.4984024034129824,SER,,15.875004,,,,11.0,ok_dr10
ZTF24abbdtfp,0.4054215444664969,REX,21.615969,21.402716,0.13473938,0.2731232,,21.0,ok_dr10
ZTF18abjgyyr,3.378970346592475,SER,,15.266624,,,,11.0,ok_dr10
ZTF24abkiexn,0.18920592781939755,REX,19.328434,18.829178,0.16660972,0.042016976,,24.0,ok_dr10
ZTF19acdgwhq,,,,,,,,,empty
ZTF21abcmvci,3.103934141075014,DUP,,,,,,22.0,ok_dr10
ZTF24aaindpx,2.813860239736449,EXP,21.46933,21.454426,0.066100895,0.07337014,,18.0,ok_dr10
ZTF25acakezk,,,,,,,,,empty
ZTF24abkfmfr,2.3139035393875265,SER,16.967333,16.65298,0.06497287,0.014743992,0.070185624,13.0,ok_dr10
ZTF23abbekte,2.2377488342531393,SER,19.229883,18.76502,0.10786651,0.016990915,,10.0,ok_dr10
ZTF25abbgziu,6.604535369152746,EXP,18.797009,18.992619,0.016939038,0.017821552,,13.0,ok_dr10
ZTF21acljfzt,1.227561092692859,SER,21.55957,21.237913,0.32916677,0.22191721,,38.0,ok_dr10
ZTF20aauonld,0.07906214398869288,SER,15.699878,14.91738,0.06753073,0.013668764,,13.0,ok_dr10
ZTF18aboerpp,0.020269533522764213,DUP,,,,,,10.0,ok_dr9
ZTF21aahfbkh,3.444048796454126,SER,15.26102,14.613923,0.03976544,0.0041194833,0.041546006,19.0,ok_dr10
ZTF20abfybms,4.226206968075494,SER,18.095526,17.345984,0.09506007,0.019235922,,16.0,ok_dr10
ZTF18adasisj,6.132857391779315,SER,15.448092,14.767333,0.03766243,0.011167919,,9.0,ok_dr10
ZTF25absbohn,0.032929815807872485,SER,17.881685,17.259308,0.07861359,0.011731467,,24.0,ok_dr10
ZTF19aadnxnl,8.206319689454926,REX,23.354143,,0.429163,0.469108,,11.0,ok_dr9
ZTF25aakbqpl,14.328247330308646,SER,14.383319,13.85305,0.047711,0.0065,0.051769,9.0,ok_dr9
ZTF21abcnsaa,0.1983550509158361,DEV,21.642328,21.745268,0.27162504,0.15251833,,27.0,ok_dr10
ZTF25abpawqx,0.7211748224398833,SER,16.351974,15.68621,0.064621,0.011186,,7.0,ok_dr9
ZTF19aatfqzb,,,,,,,,,empty
ZTF18acynmcp,0.6500627699062187,SER,18.955181,18.791117,0.08331636,0.031676818,0.06856417,48.0,ok_dr10
ZTF24aaoxbth,0.3811534450062281,SER,18.656923,18.11129,0.1110217,0.025612814,,21.0,ok_dr10
ZTF22aadedjt,6.146380812672102,SER,16.423515,15.797477,0.043441974,0.006736281,,18.0,ok_dr10
ZTF23aaafclb,8.939712974739063,REX,21.944864,20.785976,0.8040618,0.06390877,,13.0,ok_dr10
ZTF24aahdfdo,0.5450576084018128,SER,17.333029,16.701252,0.10637928,0.014649584,0.08729129,21.0,ok_dr10
ZTF25abxjtkv,1.0488743322718217,SER,20.640747,20.420721,0.2561473,0.30320466,,34.0,ok_dr10
ZTF22aadolze,11.450627839842067,EXP,21.007765,22.967928,0.044032,0.105593,,18.0,ok_dr9
ZTF18acbujhw,,,,,,,,,empty
ZTF23abhzlbh,0.9762318552965656,REX,21.36878,21.11654,0.13755444,0.15731749,,10.0,ok_dr10
ZTF22abijxly,3.5311049235933853,SER,14.220196,13.604021,0.028232584,0.0058982912,,22.0,ok_dr10
ZTF24abbvpge,,,,,,,,,empty
ZTF24abuclbj,2.2561512558150474,SER,16.918013,16.665308,0.02480177,0.0062316773,,31.0,ok_dr10
ZTF24aafqard,0.4034634733781811,REX,24.7512,23.87324,1.1119592,0.45958617,,25.0,ok_dr10
ZTF21aagnzjy,14.27954858787454,SER,11.956763,11.374453,0.011035,0.004215,0.014817,5.0,ok_dr9
ZTF21aamgrtx,0.8635080577650588,SER,16.734125,16.168552,0.0650702,0.017418832,,20.0,ok_dr10
ZTF24abpiwwi,0.47672520099652504,EXP,20.706635,20.156567,0.23119882,0.18765682,,26.0,ok_dr10
ZTF21abzciqh,0.09440154865076728,SER,18.073788,17.62398,0.07475152,0.021559125,,12.0,ok_dr10
ZTF22aadfkzb,2.6430222792238927,SER,17.253992,16.797035,0.079383,0.013865,,15.0,ok_dr9
ZTF24aaoebqp,2.6060827847135863,SER,15.207393,14.875994,0.029121,0.004903,0.036955,15.0,ok_dr9
ZTF23aasnwva,1.0146174393574294,SER,20.488594,20.309498,0.09080242,0.04486128,,19.0,ok_dr10
ZTF25acfwfen,1.7285117679723192,SER,17.96696,17.60568,0.047427922,0.012182926,,26.0,ok_dr10
ZTF21acbcjwa,,,,,,,,,empty
ZTF21acdphro,,,,,,,,,empty
ZTF19abxvmid,0.08968892042407853,SER,15.70116,15.055462,0.089649245,0.025004331,,36.0,ok_dr10
ZTF20aamqxyi,6.395085922326519,EXP,21.363543,22.345173,0.06689069,0.1156263,,24.0,ok_dr10
ZTF18abnygkb,1.3361776759621775,SER,16.735605,16.08391,0.05394422,0.00724698,,14.0,ok_dr10
ZTF18abjsjyx,,,,,,,,,empty
ZTF18aahijwe,1.4428532963620193,DUP,,,,,,7.0,ok_dr9
ZTF25abuoqgq,7.049628464805986,SER,15.528145,15.167893,0.029139224,0.005465574,,30.0,ok_dr10
ZTF21abbewsz,0.5383665383004002,SER,20.413555,19.60399,0.19128111,0.21124476,,14.0,ok_dr10
ZTF23aaaalsf,0.29327774654174554,SER,20.638052,20.490854,0.08083755,0.157144,,26.0,ok_dr10
ZTF24aadkwol,4.094417198449789,EXP,20.582603,20.715694,0.024332637,0.032094866,,17.0,ok_dr10
ZTF22aarvtbb,2.1246247715619524,EXP,20.851553,22.607573,0.059037,0.185426,,17.0,ok_dr9
ZTF22abteujl,7.560388875045419,SER,14.82214,14.232264,0.02881971,0.005760116,,11.0,ok_dr10
ZTF20achptde,1.2097684376592885,SER,20.163778,20.379522,0.047558103,0.03533358,,37.0,ok_dr10
ZTF23abqimmw,0.92421262726063,SER,17.906206,17.462585,0.11221669,0.013854579,,24.0,ok_dr10
ZTF20abzoeiw,1.747398102075258,REX,20.20113,20.366737,0.066109,0.159288,,10.0,ok_dr9
ZTF19aakppnj,1.3284451628342555,SER,16.667547,16.063248,0.06580256,0.02070286,,21.0,ok_dr10
ZTF19acihlft,1.089577241411624,DUP,,,,,,15.0,ok_dr10
ZTF21aarcobt,0.9179442584264742,SER,18.735153,18.396143,0.093546,0.03689,,12.0,ok_dr9
ZTF19aaoxvfe,4.510211498110976,REX,22.040892,21.435085,0.71424365,0.23313527,,18.0,ok_dr10
ZTF18acmvcme,,,,,,,,,empty
ZTF21abifxhe,5.185217165502544,SER,16.261002,15.658512,0.060676,0.010858,0.06914,13.0,ok_dr9
ZTF18aavmrqy,12.948644221426568,REX,23.36933,22.110788,0.9342816,0.13066484,,13.0,ok_dr10
ZTF22abulmbx,4.481063987434567,DUP,,,,,,10.0,ok_dr9
ZTF23aakrkjt,0.2444574516095896,DUP,,,,,,34.0,ok_dr10
ZTF22abbmemk,1.0865989559946774,SER,18.412464,18.051182,0.121176,0.025858,,16.0,ok_dr9
ZTF22abmmvxz,4.164041097397168,DUP,,,,,,42.0,ok_dr10
ZTF25aanmnao,,,,,,,,,empty
ZTF23aaapokf,0.20969967829105696,SER,18.917517,18.770271,0.020378,0.0171,,6.0,ok_dr9
ZTF21aaprevg,0.25816688158105294,DEV,21.529987,,0.16962662,0.68954223,,27.0,ok_dr10
ZTF22abfyukg,4.387455422281672,SER,15.50458,14.806676,0.053575467,0.012081645,,11.0,ok_dr10
ZTF18aaxnkos,4.079354468289416,SER,15.655579,15.273158,0.064444,0.008149,0.062821,15.0,ok_dr9
ZTF23aaenctz,7.790881063194677,SER,17.919931,17.545128,0.041044578,0.021871641,,18.0,ok_dr10
ZTF20aaurern,,,,,,,,,empty
ZTF22aaaepao,0.5739257174372075,EXP,20.160095,20.421736,0.02228822,0.01838987,,17.0,ok_dr10
ZTF18abfbbyh,0.17005750968621608,SER,16.16404,15.508467,0.070986,0.015341,,11.0,ok_dr9
ZTF18abeegsl,2.16155706747931,EXP,21.001158,20.436785,0.271484,0.074734,,14.0,ok_dr9
ZTF18acslbve,0.4059421636296154,SER,18.746563,18.317656,0.07122645,0.03254699,,14.0,ok_dr10
ZTF20aanvqbi,3.4827679735177495,SER,15.324574,15.065774,0.02270942,0.0056638843,,8.0,ok_dr10
ZTF18acurlbj,1.2848939350357134,SER,21.346872,21.586376,0.04928442,0.059510615,,31.0,ok_dr10
ZTF22abolsys,2.0525369113982532,EXP,21.180283,20.753635,0.6343386,0.6363412,,29.0,ok_dr10
ZTF25aadhlrs,4.81496770659789,DUP,,,,,,18.0,ok_dr10
ZTF23aadjoiv,14.742402121572663,SER,15.370284,14.646756,0.02920675,0.0071056937,,13.0,ok_dr10
ZTF19aaafica,7.1769298015706955,DEV,21.247263,20.94807,0.20941265,0.3150227,,15.0,ok_dr10
ZTF18aakrnvd,1.6314605561424034,SER,17.15608,16.859913,0.034451388,0.006766371,0.045344457,19.0,ok_dr10
ZTF21aciwkzc,2.02943302265643,SER,16.315447,15.653242,0.06792351,0.00622993,0.06009396,34.0,ok_dr10
ZTF18abltdfj,7.264236707498025,DUP,,,,,,8.0,ok_dr9
ZTF20abbhrrt,1.4835591085812705,SER,,15.304434,,,,21.0,ok_dr10
ZTF24aaiigrt,1.7074411018707618,REX,19.416466,18.975069,0.161363,0.05348763,,21.0,ok_dr10
ZTF20abxyadt,,,,,,,,,empty
ZTF21aceujob,0.5877327738834898,REX,,20.450968,,,,2.0,ok_dr10
ZTF21acempzi,1.7352967658406335,SER,,,,,,10.0,ok_dr10
ZTF22aanwibf,0.39578041054652674,EXP,20.993202,21.934694,0.015242345,0.06341081,,19.0,ok_dr10
ZTF22aaahbyx,3.858443532265178,DEV,20.074095,19.473198,0.11864615,0.039989583,,12.0,ok_dr10
ZTF25aanpulo,5.815515770501326,SER,21.11895,,0.097063,0.312423,,13.0,ok_dr9
ZTF22abhencl,,,,,,,,,empty
ZTF25acevirm,0.6178287678700818,EXP,23.242176,24.679878,0.24457934,0.31763276,,33.0,ok_dr10
ZTF24abzjfdz,6.605944647241612,EXP,22.601175,22.253098,0.716577,0.286865,,9.0,ok_dr9
ZTF22aaznbmz,2.164878974192569,EXP,20.60791,20.095201,0.42240697,0.28581312,,9.0,ok_dr10
ZTF25aazufyf,8.760992841965399,SER,,,,,,6.0,ok_dr10
ZTF24aaskjim,2.6864672693872405,SER,14.078398,13.548495,0.019926598,0.0061785495,,25.0,ok_dr10
ZTF19adcdzjm,3.700908296006312,SER,19.963814,20.12881,0.08437753,0.06082355,,17.0,ok_dr10
ZTF22aalorla,4.175363741156751,SER,15.71995,15.223081,0.060388,0.009401,0.06804,9.0,ok_dr9
ZTF19aafmhcl,1.6379287461770216,SER,21.650352,21.3968,0.24631892,0.17820778,,34.0,ok_dr10
ZTF21aaflzqy,1.1329778694073034,SER,18.73632,18.606203,0.027975723,0.0247132,,14.0,ok_dr10
ZTF18abxxssh,3.3468339347119365,EXP,21.496992,21.606579,0.337216,0.440642,,15.0,ok_dr9
ZTF18aasdted,6.509412309378419,SER,15.77201,15.45845,0.016504,0.004881,0.018154,11.0,ok_dr9
ZTF20acpknjk,0.646454939813682,SER,18.247078,17.700115,0.06419885,0.012997908,,29.0,ok_dr10
ZTF19aamhhae,0.7887619107816274,SER,19.187723,19.026167,0.058771,0.043479,,13.0,ok_dr9
ZTF23aavqyaf,,,,,,,,,empty
ZTF24aauekwz,0.42579926250143846,DUP,,,,,,9.0,ok_dr10
ZTF24aaqdgat,,,,,,,,,empty
ZTF20acwoamm,1.3022213457339138,SER,21.646738,21.365755,0.12527952,0.42522496,,15.0,ok_dr10
ZTF20aaaxrad,1.6451629232901868,EXP,19.804241,,0.248202,0.173486,,24.0,ok_dr9
ZTF22aalwbqe,2.890881072162296,DUP,,,,,,18.0,ok_dr9
ZTF20achsoln,0.7070053947109605,SER,14.7705,14.012959,0.07996572,0.008976123,,16.0,ok_dr10
ZTF21abrxwvv,1.794695674926782,SER,18.985134,18.668356,0.06897417,0.023893781,,18.0,ok_dr10
ZTF22abgbcef,2.8041983669744486,SER,17.110338,16.688452,0.071421,0.013796,,16.0,ok_dr9
ZTF20aabbvcx,3.6410382169470767,REX,23.652838,23.434572,1.2755333,0.52626854,,23.0,ok_dr10
ZTF24abqndnz,,,,,,,,,empty
ZTF22aafffpq,1.484101733969998,SER,15.653114,14.868923,0.0683849,0.017271673,,28.0,ok_dr10
ZTF20abgwfek,0.055569396077758015,SER,17.5452,17.163517,0.043405037,0.012662511,0.06202157,21.0,ok_dr10
ZTF21aarrplo,4.370696897085729,SER,16.887117,16.698927,0.040139,0.00691,0.046186,9.0,ok_dr9
ZTF21acgzwsc,,,,,,,,,empty
ZTF22aanjyae,,,,,,,,,empty
ZTF19abkfqqp,5.826655975760331,REX,18.420338,18.325146,0.051777884,0.035268296,,15.0,ok_dr10
ZTF22abmonux,0.5764956649555458,SER,,14.199334,,,,6.0,ok_dr10
ZTF20acrcewc,1.8656844561333294,SER,16.718819,16.567228,0.022140753,0.008089178,0.02385709,29.0,ok_dr10
ZTF23aaintny,3.3424907703461773,EXP,22.3711,,0.025385,0.150991,,15.0,ok_dr9
ZTF23aadchqd,,,,,,,,,empty
ZTF19aazfvhh,,,,,,,,,empty
ZTF22aazeagq,0.35301882559639036,EXP,19.537844,19.147133,0.08203326,0.034560267,,18.0,ok_dr10
ZTF22aasmgbb,0.6786803455926493,SER,15.631716,15.099979,0.067572,0.007311,0.070654,10.0,ok_dr9
ZTF19abbvzgr,7.967238862646875,REX,21.624874,,0.363357,0.344637,,25.0,ok_dr9
ZTF20aceqoer,0.15858310450744656,SER,16.687613,15.985704,0.10941781,0.01254424,,20.0,ok_dr10
ZTF22abhvyyw,1.6111447147255678,EXP,20.465229,20.188696,0.29610154,0.14329767,,20.0,ok_dr10
ZTF18aabssth,4.303759710965624,SER,16.264868,15.935045,0.024730526,0.0041017453,0.022902625,14.0,ok_dr10
ZTF21abrgbex,1.3093576326847147,REX,21.280922,,0.044282,0.176119,,21.0,ok_dr9
ZTF21abvwuxm,6.777234526044559,REX,23.105047,21.48283,0.75359935,0.10383905,,12.0,ok_dr10
ZTF22aaxfqka,0.7271097285882301,DUP,,,,,,13.0,ok_dr10
ZTF21aciuhyy,0.512281581357493,SER,18.02982,17.54643,0.09216167,0.01505867,,21.0,ok_dr10
ZTF24abmhrjk,0.5478360893244922,EXP,22.319736,22.306038,0.15966687,0.19685757,,32.0,ok_dr10
ZTF23aagdebl,3.9830329694818856,DUP,,,,,,9.0,ok_dr10
ZTF20acynjjo,20.808033117472284,SER,11.917002,11.215752,0.019866746,0.0062941615,,2.0,ok_dr10
ZTF20ablqacl,6.581257676720327,SER,17.358799,17.92368,0.005232164,0.0022682247,,8.0,ok_dr10
ZTF21aajtszm,4.707570692509856,EXP,20.912209,20.400476,0.28538597,0.13342717,,28.0,ok_dr10
ZTF22abfvjky,,,,,,,,,empty
ZTF25abtieic,,,,,,,,,empty
ZTF23aapnixu,,,,,,,,,empty
ZTF22aahwlcv,3.608172451655334,SER,15.643013,14.99695,0.057852,0.00937,0.061573,9.0,ok_dr9
ZTF18acxhvkv,3.668222293665467,SER,16.283884,15.902869,0.02741687,0.006853163,,19.0,ok_dr10
ZTF21abwurky,7.9154488247533825,DUP,,,,,,15.0,ok_dr10
ZTF25aaktqzg,22.747414260544364,REX,22.548666,,0.12077652,0.32479793,,4.0,ok_dr10
ZTF19abyfbik,1.5925244601866233,SER,18.13081,17.89161,0.06871895,0.024988303,,23.0,ok_dr10
ZTF18abgladq,6.705932573086616,DUP,,,,,,11.0,ok_dr10
ZTF25aalpqkg,3.4557518809859675,SER,16.746246,16.124214,0.040003564,0.010089939,0.034768585,18.0,ok_dr10
ZTF18abcxyjp,14.975757378163523,EXP,19.828487,20.33309,0.018531244,0.02726019,,15.0,ok_dr10
ZTF21aakvrgb,8.002039038645458,SER,15.270926,14.598438,0.052058633,0.0048220675,0.04928043,12.0,ok_dr10
ZTF20acbnwyb,,,,,,,,,empty
ZTF25aarodfq,5.135362110585976,REX,20.856852,19.894388,0.8465228,0.37400436,,22.0,ok_dr10
ZTF21aclypvs,6.705992355146513,DEV,22.258316,20.933481,0.9008855,0.07642742,,29.0,ok_dr10
ZTF25abwlscr,0.5142099458676873,REX,21.076864,20.872145,0.120209,0.116765,,16.0,ok_dr9
ZTF23aasguud,3.1336442897039505,SER,17.087173,16.386677,0.08684532,0.0071848133,,15.0,ok_dr10
ZTF18accngee,2.530820781693768,SER,16.55791,16.038713,0.06136313,0.010001169,0.083232395,12.0,ok_dr10
ZTF22abtspsw,3.15754229159377,SER,13.793048,13.521977,0.012322912,0.006120346,0.004921931,59.0,ok_dr10
ZTF18abmjjfu,,,,,,,,,empty
ZTF25acfgjhk,4.984178762500725,SER,15.02667,14.448904,0.048777,0.01118,0.059603,7.0,ok_dr9
ZTF20abedygm,2.0793118958536296,SER,19.164776,18.85674,0.09661,0.025847,,13.0,ok_dr9
ZTF20abdtiti,0.36729225205635,DEV,22.329794,22.335299,0.43504,0.38199478,,12.0,ok_dr10
ZTF23aaazgtw,,,,,,,,,empty
ZTF21aaplnef,3.483219476782005,EXP,19.238455,19.015194,0.088717,0.037535,,11.0,ok_dr9
ZTF24aalndou,,,,,,,,,empty
ZTF19abdkcib,2.3539514062966136,EXP,22.164885,,0.11826836,0.58613646,,11.0,ok_dr10
ZTF25aaixenf,0.31529004164334007,SER,15.869694,15.201079,0.047805,0.01119,,18.0,ok_dr9
ZTF21aapjmpq,0.413952340560009,REX,21.217783,20.806528,0.23545861,0.11040118,,25.0,ok_dr10
ZTF21aagoeny,0.7169706922454597,REX,21.185633,20.513994,0.3302257,0.16448717,,28.0,ok_dr10
ZTF24aahkglt,6.939507468363404,SER,15.73281,15.319462,0.038601,0.006225,,9.0,ok_dr9
ZTF18aanlzzf,0.155843685558433,SER,17.785364,17.64621,0.173549,0.263824,,12.0,ok_dr9
ZTF24ablkerb,7.323953394487195,SER,15.349345,14.719633,0.032362,0.006703,0.034237,10.0,ok_dr9
ZTF20aazquhc,4.685291821025759,SER,16.31262,15.693656,0.033801,0.0074,0.034443,5.0,ok_dr9
ZTF25aankptu,0.05043940946203605,REX,16.39953,15.853328,0.083124,0.011873,0.086289,30.0,ok_dr9
ZTF22abkbjsb,11.129053600153341,REX,22.97006,23.088102,0.4206943,0.13153519,,33.0,ok_dr10
ZTF21abdfdwi,8.378156091095697,DUP,,,,,,11.0,ok_dr10
ZTF22abtctzp,0.18026452107464142,SER,17.652143,17.3496,0.068036,0.023722,,12.0,ok_dr9
ZTF24abgvrdl,1.5918865831117506,EXP,20.277754,20.027988,0.104116,0.047208,,13.0,ok_dr9
ZTF20aavrzha,17.45978429291764,SER,13.176311,12.354758,0.020102,0.011585,,5.0,ok_dr9
ZTF21abiuvdk,6.334591326639128,SER,10.298239,9.390372,0.019248087,0.013800606,,3.0,ok_dr10
ZTF18acvrfvv,,,,,,,,,empty
ZTF25abovgwv,17.639788917312302,REX,22.861649,21.58239,0.725567,0.091439,,8.0,ok_dr9
ZTF24aaknlar,5.249329785545888,SER,15.136603,14.859069,0.021492306,0.0045865243,0.025629736,37.0,ok_dr10
ZTF21accuexh,0.5916942540912511,SER,18.582954,18.197323,0.088380545,0.031167075,,20.0,ok_dr10
ZTF23abfvoig,0.9465050053124083,DUP,,,,,,13.0,ok_dr10
ZTF19abkfmjp,0.7988559249008217,SER,17.51762,17.103119,0.13680953,0.044080976,,43.0,ok_dr10
ZTF24abbsboo,4.036197847100703,DUP,,,,,,8.0,ok_dr10
ZTF21abidtrd,,,,,,,,,empty
ZTF25aambvjr,1.004452494886223,EXP,21.46935,21.069588,0.34027112,0.4298183,,19.0,ok_dr10
ZTF19acblnop,13.884151531877865,REX,23.074114,21.51998,0.9254986,0.09764039,,17.0,ok_dr10
ZTF20accmutv,2.6878829169329204,SER,20.654192,20.306883,0.10679564,0.20816058,,36.0,ok_dr10
ZTF21aaprgdh,0.04589679506097285,REX,19.43116,18.841047,0.10057253,0.02746523,,46.0,ok_dr10
ZTF23aavneat,3.7811289373671295,SER,15.330583,14.604257,0.08556315,0.005109365,,12.0,ok_dr10
ZTF18adaylyq,0.11906706813882692,SER,17.171154,16.500435,0.05704464,0.016645212,0.056162417,14.0,ok_dr10
ZTF18aadmssd,0.1255746414274181,DUP,,,,,,5.0,ok_dr9
ZTF22abrcivs,6.327847328243649,DUP,,,,,,20.0,ok_dr10
ZTF24aapgvir,,,,,,,,,empty
ZTF18absnibc,,,,,,,,,empty
ZTF18aansqom,0.16490983005328608,DUP,,,,,,26.0,ok_dr9
ZTF22abgbywx,,,,,,,,,empty
ZTF20abeeahl,0.3483712113232906,SER,16.711855,16.078203,0.051492,0.011417,0.048779,15.0,ok_dr9
ZTF24abmuhbu,6.885562625679658,SER,16.59091,16.277924,0.035725027,0.0093533,0.039462905,10.0,ok_dr10
ZTF20aaurfcm,5.97099292052628,DUP,,,,,,8.0,ok_dr10
ZTF19abzzhsa,1.2910125921324016,SER,15.323107,14.633723,0.081579,0.025169,,19.0,ok_dr9
ZTF20aacwxut,7.501306713247091,REX,23.345173,23.221653,0.7502021,0.45080608,,35.0,ok_dr10
ZTF23abghfyg,0.4947370031933065,REX,19.70466,19.225046,0.09701463,0.056905027,,10.0,ok_dr10
ZTF23aafggjj,11.436270041613078,SER,17.535007,17.27304,0.039531544,0.021772187,,15.0,ok_dr10
ZTF21acbvwej,0.2149725392085955,DEV,19.215979,18.821678,0.10110208,0.037058927,0.08662075,48.0,ok_dr10
ZTF19abauylg,0.22205920579846808,SER,19.358387,19.09632,0.12383578,0.04656928,,20.0,ok_dr10
ZTF21aagogqe,2.6873110516544463,EXP,22.753212,22.512411,0.6808633,0.5755728,,40.0,ok_dr10
ZTF24abineem,3.280107344017481,EXP,23.05636,23.242985,0.060558908,0.21412963,,27.0,ok_dr10
ZTF18acbwtmf,1.7196677440972967,SER,17.126394,16.738802,0.04138659,0.011010795,,11.0,ok_dr10
ZTF20abvquuo,,,,,,,,,empty
ZTF22abrborz,0.5195505879073616,SER,19.091234,18.720427,0.046274,0.019235,,7.0,ok_dr9
ZTF19abxjrge,,,,,,,,,empty
ZTF19ablpnmk,3.352126581894777,SER,15.318492,14.836736,0.03965862,0.009149869,,19.0,ok_dr10
ZTF18aazabmh,12.831106983233548,EXP,22.06142,21.937359,0.397514,0.103648,,7.0,ok_dr9
ZTF18abuoilc,1.5526350341156072,SER,18.495745,17.922037,0.14796156,0.03118087,,29.0,ok_dr10
ZTF20aacdfep,7.893251315280558,DUP,,,,,,17.0,ok_dr9
ZTF20acgkuay,4.080819051109696,SER,14.81284,13.869486,0.029759,0.012961,,10.0,ok_dr9
ZTF22abunjts,19.800837406360056,SER,14.142579,13.45603,0.02658266,0.003168724,0.027214084,3.0,ok_dr10
ZTF21aabvdjw,0.7553358049592378,SER,17.132622,16.5987,0.098055,0.016017,,8.0,ok_dr9
ZTF23absirul,0.6692140821351795,EXP,19.8778,19.665873,0.10211464,0.19891231,,53.0,ok_dr10
ZTF24abqldco,,,,,,,,,empty
ZTF22abmmhdm,,,,,,,,,empty
ZTF24abizbpc,0.46994712096796426,EXP,19.927279,19.765598,0.080266,0.037253413,,12.0,ok_dr10
ZTF23aajsemu,3.123511718656364,SER,20.708529,20.37313,0.1628966,0.1231994,,15.0,ok_dr10
ZTF18abmbdbg,7.162894882302925,REX,23.89242,22.727903,0.76181006,0.20810838,,13.0,ok_dr10
ZTF21abbliav,0.23566185335699996,SER,18.292572,17.774273,0.050695624,0.020675674,,11.0,ok_dr10
ZTF21aauvmck,6.597811833972875,REX,21.40526,21.732939,0.050375056,0.20570959,,41.0,ok_dr10
ZTF22abiysva,1.4786140577348745,SER,19.227678,18.964502,0.064101525,0.030082062,,21.0,ok_dr10
ZTF22aaucozn,11.125654522941842,SER,15.436743,15.1002,0.033103,0.006399,,10.0,ok_dr9
ZTF18acusegd,6.532139355091395,REX,20.224253,20.776726,0.02943,0.050417,,11.0,ok_dr9
ZTF25abmtjsr,1.9913164265721757,SER,19.041637,19.119055,0.019576866,0.016275538,,27.0,ok_dr10
ZTF21aaabviz,3.0804694542642777,REX,24.030787,24.23651,0.43331593,0.5288484,,19.0,ok_dr10
ZTF24abptzoh,4.641182963380037,SER,14.514283,13.827004,0.03628873,0.008295549,,12.0,ok_dr10
ZTF19abyjmei,0.17016703333494998,SER,16.515535,15.863002,0.11270475,0.028021108,,18.0,ok_dr10
ZTF19aazuqyt,1.3669461522371646,SER,19.96372,19.546566,0.13037495,0.04044023,,9.0,ok_dr10
ZTF24aaiowju,,,,,,,,,empty
ZTF25aakhmwn,,,,,,,,,empty
ZTF22aaaowlo,6.50614351733225,REX,17.847815,18.240185,0.005824552,0.0036316018,,7.0,ok_dr10
ZTF22abegjkl,2.4125545632094814,EXP,21.399786,21.121836,0.13632773,0.14194873,,10.0,ok_dr10
ZTF21acdykpb,,,,,,,,,empty
ZTF23abdsecb,,,,,,,,,empty
ZTF24abbwkci,,,,,,,,,empty
ZTF24abifqbz,15.971631390576903,DUP,,,,,,1.0,ok_dr10
ZTF22aaeaktc,0.21522080094411106,EXP,21.95806,21.730871,0.20198537,0.14462872,,10.0,ok_dr10
ZTF19aatgopg,1.2814334875708777,SER,15.36059,14.737575,0.07926682,0.015666792,0.073221035,21.0,ok_dr10
ZTF24aaugbew,2.3730313081061714,SER,17.336449,16.693579,0.045025583,0.008944227,,22.0,ok_dr10
ZTF18abzrgim,5.675942245864341,SER,17.631634,17.696512,0.0053410493,0.0034354376,,32.0,ok_dr10
ZTF20aattsxa,3.494487700377341,REX,22.05429,21.603085,0.86535,0.39954,,13.0,ok_dr9
ZTF25abklmje,0.7600841580470717,REX,18.78209,18.600384,0.052456,0.03937,,26.0,ok_dr9
ZTF20aczgoml,1.201989474991049,SER,20.417006,20.508924,0.068214,0.137162,,15.0,ok_dr9
ZTF20actvgsy,0.14705951355680166,SER,17.775438,17.209814,0.09426238,0.01474693,,23.0,ok_dr10
ZTF23abncsdu,4.745354594018822,EXP,17.430077,17.27146,0.008335043,0.036999173,,4.0,ok_dr10
ZTF24aaqgfrp,4.6580634095799995,SER,16.467512,16.013357,0.067363374,0.010640506,0.07462851,17.0,ok_dr10
ZTF20aaidnyk,3.474627799210912,SER,20.417961,20.362787,0.08512217,0.24887669,,17.0,ok_dr10
ZTF24aabwvcl,4.966994713177697,SER,20.984375,21.946665,0.054623473,0.043288045,,32.0,ok_dr10
ZTF21abhthvj,1.3894942434372726,SER,16.306913,15.852239,0.061876114,0.009385527,,14.0,ok_dr10
ZTF21acgrero,,,,,,,,,empty
ZTF20abmoans,0.12879567019079843,DUP,,,,,,26.0,ok_dr10
ZTF23aaixylr,7.496500367683612,SER,15.047516,14.412378,0.072201,0.00542,0.066041,11.0,ok_dr9
ZTF25aagbene,1.3295192130021272,DUP,,,,,,54.0,ok_dr10
ZTF21abscohx,,,,,,,,,empty
ZTF21abjtncs,2.153806809120941,EXP,20.510681,20.649757,0.09014928,0.3561928,,25.0,ok_dr10
ZTF20acqikeh,,,,,,,,,empty
ZTF19abormur,4.328522581333522,SER,18.108074,17.87893,0.033801,0.01274,,9.0,ok_dr9
ZTF24aagfewl,15.14205432760153,DUP,,,,,,11.0,ok_dr10
ZTF23aajeunk,0.4984775549288689,REX,23.002703,23.448183,0.81743467,0.663715,,28.0,ok_dr10
ZTF22aaajaxq,11.107226452009852,EXP,23.049147,22.927835,0.7089702,0.47457385,,16.0,ok_dr10
ZTF21abqymzg,,,,,,,,,empty
ZTF19aawgfnn,1.4590598821406806,DUP,,,,,,18.0,ok_dr10
ZTF24aacayhd,5.585207291204603,REX,22.105032,,0.024329,0.237655,,10.0,ok_dr9
ZTF25acgsoal,8.1802664341724,DUP,,,,,,16.0,ok_dr10
ZTF25acjthqu,,,,,,,,,empty
ZTF22abtvkgk,,,,,,,,,empty
ZTF18aaxcxih,0.9631799061206716,DEV,20.363844,20.028706,0.158479,0.072595,,7.0,ok_dr9
ZTF19aapadxs,2.702002197416412,SER,14.838337,14.402087,0.035085,0.007674,,13.0,ok_dr9
ZTF22aaparwk,1.7310585687819033,EXP,20.684221,20.640854,0.035646,0.106296,,14.0,ok_dr9
ZTF19abxvtxk,3.752344881017507,SER,18.1752,17.905348,0.080182,0.024775,,14.0,ok_dr9
ZTF21abnfgff,0.9089684398930482,DUP,,,,,,22.0,ok_dr10
ZTF19aaknemm,,,,,,,,,empty
ZTF21abjhxqg,9.412001435405342,REX,20.837772,20.512299,0.097777195,0.09876796,,16.0,ok_dr10
ZTF20acyybwo,4.054549388770668,SER,15.207481,14.599168,0.06583,0.003752,0.071356,10.0,ok_dr9
ZTF25accmunu,10.40486759701308,SER,14.469452,13.888898,0.040193073,0.013938292,,6.0,ok_dr10
ZTF20aabqamf,2.5924762405138626,SER,16.326263,16.005959,0.037175648,0.007898068,0.04601245,44.0,ok_dr10
ZTF24abvbcxs,7.548988969846354,EXP,18.441471,17.985836,0.0756431,0.07925978,,8.0,ok_dr10
ZTF19aaywatq,,,,,,,,,empty
ZTF19abzgdfu,1.8861108104442077,DUP,,,,,,5.0,ok_dr10
ZTF22absqpsa,0.6809801308241497,EXP,21.230392,21.091433,0.099176,0.126777,,13.0,ok_dr9
ZTF23abvoqio,2.6083254568754577,SER,17.283432,16.902145,0.06316431,0.013590528,,31.0,ok_dr10
ZTF18ablvxkh,,,,,,,,,empty
ZTF20aaunfpj,4.785274975555325,SER,13.416183,12.960485,0.02619181,0.009665112,,13.0,ok_dr10
ZTF23aacxofz,,,,,,,,,empty
ZTF24aaahwzj,0.719705575497286,SER,19.349277,19.102749,0.06856518,0.025206223,,38.0,ok_dr10
ZTF22abjbvnv,0.7956980441351778,SER,20.95484,20.828123,0.06689377,0.1194602,,23.0,ok_dr10
ZTF21aadtkki,,,,,,,,,empty
ZTF22aacruke,4.076496274939748,SER,16.207104,15.644822,0.048543606,0.008717188,,15.0,ok_dr10
ZTF21abybgjx,6.594354070789521,DUP,,,,,,9.0,ok_dr10
ZTF24abfuscm,3.9264916030529227,SER,15.444011,14.890886,0.035449684,0.009195216,,18.0,ok_dr10
ZTF22abmifhv,,,,,,,,,empty
ZTF22aaddsxu,0.24129631233657536,SER,18.390606,17.75888,0.0923675,0.015193655,,17.0,ok_dr10
ZTF20acgprcg,2.0272476619569564,SER,17.371344,16.932337,0.08041374,0.012139568,,22.0,ok_dr10
ZTF19abxequc,,,,,,,,,empty
ZTF21abnvsic,0.07785138572127512,SER,18.382715,17.778713,0.103535,0.025071,,10.0,ok_dr9
ZTF24abzsuck,0.35662304062512745,SER,18.243298,17.884394,0.05435,0.01978,,15.0,ok_dr9
ZTF18acaszeh,,,,,,,,,empty
ZTF23aaozatq,1.212161121737765,REX,19.724508,19.007051,0.231779,0.152177,,22.0,ok_dr9
ZTF21aagsfzc,0.6768369876867608,EXP,21.973778,22.356468,0.26294756,0.15093757,,11.0,ok_dr10
ZTF19aaksrgj,2.1425565681119365,DUP,,,,,,21.0,ok_dr10
ZTF24aaoodsh,2.009746392927002,SER,16.1761,15.666284,0.04273576,0.011435382,0.045885123,18.0,ok_dr10
ZTF24aahhwwq,2.2505417651247135,SER,16.72069,16.170788,0.08873246,0.01354182,0.06978835,25.0,ok_dr10
ZTF19aanjjhk,1.192426930780102,REX,22.421871,24.962152,0.15034202,0.25519422,,20.0,ok_dr10
ZTF19aaksxgp,1.897778816091046,SER,15.995846,15.479786,0.075417094,0.013345338,0.046666946,21.0,ok_dr10
ZTF23abrzukd,14.192892699693553,SER,17.304684,16.729702,0.079491444,0.03813896,,21.0,ok_dr10
ZTF19acbnhkd,,,,,,,,,empty
ZTF23aabutcv,6.523729691821266,SER,15.053069,14.736423,0.029225,0.004583,0.032314,13.0,ok_dr9
ZTF19acbwmqd,0.6946306349256013,SER,19.727654,19.676674,0.03287,0.029108,,13.0,ok_dr9
ZTF20acvdfmw,5.694172330145396,EXP,21.633945,20.668718,0.56535155,0.061038706,,22.0,ok_dr10
ZTF25abaefwo,0.7803784068352525,SER,,,,,,12.0,ok_dr10
ZTF24aankvcy,4.27219807998718,SER,16.75437,16.528688,0.014867098,0.0070477496,0.0032956097,21.0,ok_dr10
ZTF22aaoxiux,6.938576361104726,SER,18.48451,18.570263,0.013095,0.03186,,9.0,ok_dr9
ZTF24aambaia,,,,,,,,,empty
ZTF19aavoiyc,3.281001195070944,SER,15.802465,15.136916,0.044326667,0.011644714,0.04654339,31.0,ok_dr10
ZTF20aafcjln,1.04521840295913,SER,17.459953,17.240473,0.027753323,0.01023644,0.020284044,31.0,ok_dr10
ZTF25aatrvpg,3.1270045591999502,SER,16.177187,15.376263,0.07857152,0.007139145,0.06595689,44.0,ok_dr10
ZTF25aadhuav,,,,,,,,,empty
ZTF21aciwixf,2.8497434545384586,REX,23.86339,23.118315,0.9986723,0.34108067,,26.0,ok_dr10
ZTF22abqpxyn,3.36588321763994,DUP,,,,,,10.0,ok_dr10
ZTF20aawiicr,2.140708536226227,SER,,,,,,18.0,ok_dr10
ZTF25aaprggu,11.579148541693202,SER,13.602937,12.936194,0.019882625,0.0042425585,0.030214254,12.0,ok_dr10
ZTF20aamqmhj,2.567617351021832,DUP,,,,,,13.0,ok_dr9
ZTF21abotuqo,2.967585863198653,SER,16.551384,16.166416,0.053511,0.01408,,21.0,ok_dr9
ZTF19aamggua,6.238382097412782,EXP,18.711416,18.620905,0.030659,0.021386,,9.0,ok_dr9
ZTF22aaoirkj,,,,,,,,,empty
ZTF23aaetxqb,2.8226672808286803,SER,21.69533,21.512653,0.10874724,0.1484224,,16.0,ok_dr10
ZTF23aaijdwl,0.8096434994754735,REX,20.416677,20.039312,0.166904,0.052821,,22.0,ok_dr9
ZTF24aaplfkj,2.029863552469267,DUP,,,,,,18.0,ok_dr10
ZTF20acnsgdb,3.9208387624455154,SER,19.061768,18.979633,0.021668,0.01804,,9.0,ok_dr9
ZTF20acgyulx,6.3811735233512294,DUP,,,,,,14.0,ok_dr10
ZTF18ablovbj,10.565512806241433,REX,23.61742,23.911087,0.93156075,0.47240117,,5.0,ok_dr10
ZTF19acyupee,3.999250797826127,REX,23.608316,22.338318,1.071198,0.157625,,14.0,ok_dr9
ZTF24abhtxit,,,,,,,,,empty
ZTF18aaygwqd,0.11815417718767658,REX,18.811733,20.486284,0.015058,0.034823,,18.0,ok_dr9
ZTF18acyybvg,12.787458444506152,DUP,,,,,,15.0,ok_dr10
ZTF24aaueuzb,3.8467948095218953,SER,17.82047,17.371248,0.03886344,0.022259176,0.0631114,7.0,ok_dr10
ZTF23abgovnz,0.21529508456387078,SER,18.014677,17.242825,0.105809,0.012133,,23.0,ok_dr9
ZTF18acpdvos,0.1100630444130593,SER,16.867405,16.478155,0.027777826,0.007904594,0.045710426,62.0,ok_dr10
ZTF19aaywtoc,0.9086265253248725,EXP,19.80476,19.51493,0.11848,0.032135,,10.0,ok_dr9
ZTF24aacavku,9.88356124211663,EXP,14.222007,13.881393,0.033739198,0.019421427,,8.0,ok_dr10
ZTF25acgggyl,,,,,,,,,empty
ZTF24aahgtjt,2.2180069647544687,EXP,23.382479,23.414131,0.4162168,0.5667545,,24.0,ok_dr10
ZTF20abpvhqv,2.4593572510560664,SER,18.28133,18.364151,0.010389484,0.0077524087,,13.0,ok_dr10
ZTF19aczllns,2.3802308728150363,SER,17.481684,17.182114,0.03612676,0.018990621,,24.0,ok_dr10
ZTF23aafarif,3.8055745252628927,EXP,22.597706,21.567827,0.4847793,0.1228217,,15.0,ok_dr10
ZTF18aacemcn,0.7848200370177751,EXP,17.894222,17.727562,0.027244,0.010065,,9.0,ok_dr9
ZTF19abkftvd,0.34215839396850994,SER,18.191616,17.915201,0.05290452,0.013212118,,21.0,ok_dr10
ZTF19aavyvbn,10.493140794850394,REX,21.636581,,0.112359,0.308383,,14.0,ok_dr9
ZTF23aapyidj,0.472029018247528,DUP,,,,,,21.0,ok_dr10
ZTF20aattotq,4.025517333652677,DUP,,,,,,2.0,ok_dr10
ZTF18abcpmwh,4.188115344021381,REX,17.58769,17.550396,0.014072,0.009804,,7.0,ok_dr9
ZTF20actpavu,1.243003440323164,EXP,22.428707,22.511276,0.13837294,0.45700467,,16.0,ok_dr10
ZTF22aayjqzc,1.2531615156861624,EXP,23.233072,25.258802,0.12436199,0.2403572,,23.0,ok_dr10
ZTF23aamqonh,14.191303982314482,REX,22.95948,22.65008,0.979281,0.319038,,16.0,ok_dr9
ZTF19abyrano,,,,,,,,,empty
ZTF20acytgxf,,,,,,,,,empty
ZTF20aasxerr,0.7926351663329413,REX,22.720661,22.361292,0.41046125,0.27662522,,12.0,ok_dr10
ZTF20ablkswc,0.06514985584393297,SER,17.405664,16.776062,0.072304696,0.010357962,,15.0,ok_dr10
ZTF20abcbxpj,4.703143535313438,EXP,22.41935,21.831743,0.731093,0.160305,,17.0,ok_dr9
ZTF21abmspkq,0.9819580891495673,DUP,,,,,,20.0,ok_dr10
ZTF25aaocnsp,9.782612202193265,SER,13.840244,13.197363,0.02633615,0.0055340496,,12.0,ok_dr10
ZTF19abuazly,0.5039482839226094,REX,20.167421,19.873629,0.10724236,0.05631432,,13.0,ok_dr10
ZTF21ackmlae,0.38879374102070124,REX,18.536041,18.181929,0.099145964,0.021999909,0.078020506,13.0,ok_dr10
ZTF25aalyfoi,0.7604322924189688,SER,14.017258,13.781886,0.011256,0.00681,,13.0,ok_dr9
ZTF21abqixak,1.8788906579917497,EXP,20.86318,20.578377,0.11777145,0.0766442,,19.0,ok_dr10
ZTF22aaolvwv,1.2836389140144795,REX,21.811571,21.649338,0.11570154,0.063225344,,24.0,ok_dr10
ZTF25abbsaee,29.502347634402447,REX,,21.933659,,,,1.0,ok_dr10
ZTF23aadvjqb,,,,,,,,,empty
ZTF19aaqxosb,1.2446307796561342,SER,20.841232,21.81506,0.025476398,0.02983797,,14.0,ok_dr10
ZTF24abcgrbl,0.3028326833654973,DUP,,,,,,16.0,ok_dr10
ZTF25aaqiwar,2.464734236672504,REX,22.628162,22.307402,0.45188576,0.12176421,,19.0,ok_dr10
ZTF22aaerfpk,2.8758043601032126,SER,17.223526,16.563866,0.07737815,0.005460212,0.075709045,18.0,ok_dr10
ZTF23absjgik,25.614427950788077,SER,12.941733,12.357149,0.06517716,0.027594848,,3.0,ok_dr10
ZTF24abyvmsm,2.2235261237285684,SER,17.822704,17.456049,0.0576465,0.012896167,,25.0,ok_dr10
ZTF21acefbte,1.0155591928430778,SER,15.902199,15.570039,0.042921,0.010234,0.041323,12.0,ok_dr9
ZTF19aamgokq,0.869663027149483,SER,19.93145,20.148142,0.30669776,0.11411619,,47.0,ok_dr10
ZTF18abltfho,16.728881199676568,REX,23.467491,23.000095,1.026363,0.279034,,11.0,ok_dr9
ZTF21aavotzn,0.3343411273874041,SER,18.481846,18.043858,0.087929,0.030764,,19.0,ok_dr9
ZTF20aaetsrw,0.17682051001145055,REX,20.056654,19.386292,0.542392,0.090445,,9.0,ok_dr9
ZTF24aaumzhf,0.6264600849532026,SER,22.829136,,0.31041804,0.4564877,,22.0,ok_dr10
ZTF21aaxtctv,4.719789158903614,SER,15.57509,15.300355,0.02100048,0.004420205,0.013544162,17.0,ok_dr10
ZTF24aabplhb,2.1366592599192042,SER,17.01489,16.61003,0.0436,0.011224,,13.0,ok_dr9
ZTF18aaslhxt,5.5479161636321805,EXP,21.948223,23.281473,0.057267,0.112028,,14.0,ok_dr9
ZTF21abyfxqr,1.087013703408096,SER,19.902042,19.620552,0.09614257,0.03456445,,11.0,ok_dr10
ZTF24absvlru,1.7143947441062997,SER,17.277262,17.022755,0.04229,0.009708,0.051529,17.0,ok_dr9
ZTF21aaxzdxd,,,,,,,,,empty
ZTF22aasygdq,4.300812816368797,SER,15.939779,15.420552,0.072996,0.010926,,10.0,ok_dr9
ZTF20acjpwdk,0.38469519250716455,SER,16.314123,15.67326,0.04360654,0.008995976,,42.0,ok_dr10
ZTF20abbpkpa,4.376748926653794,SER,17.252947,16.868137,0.033118542,0.009154776,0.033053502,14.0,ok_dr10
ZTF20acxffhe,0.46085542067940016,SER,14.775184,14.303366,0.054797746,0.027477661,,13.0,ok_dr10
ZTF24aaygtcf,3.389951612685475,EXP,21.512436,21.163162,0.441713,0.391707,,20.0,ok_dr9
ZTF23aavzgjg,10.350129219005941,REX,24.801682,24.54018,1.1347029,0.62016857,,38.0,ok_dr10
ZTF22abnfgcn,1.4737960175335267,SER,18.30191,18.02125,0.07797703,0.028608875,,10.0,ok_dr10
ZTF25aapqzzl,5.530513527779709,EXP,19.19899,18.939775,0.20763373,0.23144309,,18.0,ok_dr10
ZTF19aczjyuf,15.391742790889035,REX,13.223771,12.744136,0.017452724,0.004623617,,5.0,ok_dr10
ZTF25aadlslh,10.221436952657767,SER,15.936172,15.508102,0.05613344,0.014353243,,10.0,ok_dr10
ZTF22abnakti,0.11803509048478968,REX,19.214123,18.488436,0.15990287,0.040247828,,24.0,ok_dr10
ZTF24aadxyvz,21.195198257089764,REX,23.051083,21.905914,0.86137885,0.15817767,,9.0,ok_dr10
ZTF23abqbuft,,,,,,,,,empty
ZTF20aahklzo,,,,,,,,,empty
ZTF21aaabzdr,3.753105051575558,SER,14.839746,14.527011,0.01832272,0.0072272075,0.031473886,23.0,ok_dr10
ZTF22aaafcvd,2.0363132779779667,EXP,20.65071,20.303423,0.13075012,0.12884235,,16.0,ok_dr10
ZTF18aaqjqqc,0.5066928935153107,DUP,,,,,,16.0,ok_dr10
ZTF25aaluemf,4.056644831592709,SER,19.850714,20.386492,0.047785867,0.18925206,,30.0,ok_dr10
ZTF24abyhkwl,3.3360196864272473,EXP,19.537031,20.257767,0.036287,0.063365,,7.0,ok_dr9
ZTF23aabkubg,2.2589853045035544,SER,19.382864,19.196198,0.050323475,0.026291126,,23.0,ok_dr10
ZTF22aayrixx,2.317952065638715,REX,19.974852,19.287834,0.3989551,0.380257,,20.0,ok_dr10
ZTF21abeokcr,3.478668727341493,REX,16.602646,16.22197,0.056894638,0.011429999,0.07019628,23.0,ok_dr10
ZTF24aancjzy,,,,,,,,,empty
ZTF20abyylgi,10.400097048580983,EXP,19.670546,19.240349,0.23065881,0.3224392,,17.0,ok_dr10
ZTF20aaowuim,0.15882397687253016,DUP,,,,,,9.0,ok_dr10
ZTF22abmnxim,0.8703724784058766,DEV,15.74373,15.045313,0.075676,0.007155,0.081599,16.0,ok_dr9
ZTF24aaofamr,1.9129857110544193,SER,19.620874,19.295645,0.125962,0.024944,,14.0,ok_dr9
ZTF21achpehw,12.272770760147592,REX,23.47948,22.450598,1.0371586,0.3288989,,15.0,ok_dr10
ZTF25aagbtlp,5.810539323079587,REX,21.029604,22.279783,0.225572,0.229107,,23.0,ok_dr9
ZTF21abgywtg,0.6437773642617967,SER,21.06348,20.74539,0.12646152,0.17506802,,15.0,ok_dr10
ZTF22aaanfjh,13.605474301494821,DEV,12.525509,11.859782,0.027495759,0.004974565,,2.0,ok_dr10
ZTF23aablgzj,0.5418971805493539,SER,16.654772,16.885088,0.008316107,0.0050144587,,25.0,ok_dr10
ZTF20acectxy,3.353611803563447,SER,15.145111,14.642179,0.048807,0.010111,,14.0,ok_dr9
ZTF21aaiaqhh,0.8227371656510012,SER,20.377567,20.428455,0.059654847,0.2591741,,16.0,ok_dr10
ZTF21abiatkr,,,,,,,,,empty
ZTF25aaikmwc,1.5288484486794778,SER,16.838476,16.52101,0.040045,0.010122,,18.0,ok_dr9
ZTF22absibqa,,,,,,,,,empty
ZTF20aaurmtf,,,,,,,,,empty
ZTF25abajquu,,,,,,,,,empty
ZTF23aaeaxgr,0.7768961477255514,SER,20.45662,20.136307,0.25423467,0.22133288,,16.0,ok_dr10
ZTF24abytspv,1.8251179136500957,SER,20.520857,20.215183,0.10370488,0.3850185,,19.0,ok_dr10
ZTF23aansdlc,0.5039150767045341,REX,21.009615,20.927645,0.059772436,0.064001314,,28.0,ok_dr10
ZTF18aaxvpsw,0.2999718330614388,SER,16.835318,16.109592,0.097296,0.00909,0.091562,11.0,ok_dr9
ZTF22aaecenq,4.050379449133782,SER,19.567871,19.391373,0.041816354,0.17711113,,33.0,ok_dr10
ZTF18abdkimx,1.2001956738014312,EXP,18.333796,17.755314,0.091347,0.023654,,14.0,ok_dr9
ZTF21aagyrvh,3.357946867574368,DUP,,,,,,13.0,ok_dr10
ZTF25abgoqzv,3.7279210038423414,SER,18.654524,18.213234,0.14393377,0.0210235,,31.0,ok_dr10
ZTF24abnpqkp,1.9445861472543986,SER,19.204588,18.364063,0.12261183,0.025437374,,13.0,ok_dr10
ZTF25abclliu,,,,,,,,,empty
ZTF19aalzmio,0.7593551580466492,SER,18.965094,18.652515,0.09811813,0.037630916,,20.0,ok_dr10
ZTF19abvanim,3.6873882142024894,REX,21.253767,,0.026981,0.101768,,11.0,ok_dr9
ZTF20abupxie,2.5119323657847263,SER,15.111895,14.712136,0.02234094,0.003933505,,14.0,ok_dr10
ZTF21acissla,4.616143700013044,SER,14.923481,14.52846,0.031915013,0.012415618,,18.0,ok_dr10
ZTF19aalbrgu,7.28732491606113,SER,21.118305,20.719778,0.148039,0.16529,,11.0,ok_dr9
ZTF21aaaaddl,1.2107242364966084,SER,16.9001,16.306133,0.079661675,0.02960715,0.07458627,22.0,ok_dr10
ZTF19abxivpg,,,,,,,,,empty
ZTF21acfgfuy,3.538095932141137,SER,18.437574,17.84024,0.081788,0.023316,,8.0,ok_dr9
ZTF18abcicrq,2.241626146320568,SER,16.565193,15.889373,0.10413089,0.015757196,,19.0,ok_dr10
ZTF25aafrcem,1.5545627271701974,SER,18.26874,18.241781,0.029422,0.016459,,21.0,ok_dr9
ZTF19abnishu,0.394014503310969,REX,21.414896,21.234282,0.17780308,0.11882324,,24.0,ok_dr10
ZTF24aavovrp,0.07852598397898573,SER,17.565945,17.137363,0.04954277,0.012792472,0.06870233,25.0,ok_dr10
ZTF20acucbek,8.78716459325504,SER,14.59144,14.200801,0.0318,0.004772,0.038887,8.0,ok_dr9
ZTF20acwgxhk,2.4061921239067914,SER,15.027554,14.782391,0.01825959,0.005713936,,35.0,ok_dr10
ZTF20abmoakx,0.7633246147975573,EXP,17.727942,17.753067,0.019614728,0.013759013,,9.0,ok_dr10
ZTF19aanjjgr,2.003332604763587,SER,20.219587,19.718803,0.15403904,0.073069856,,14.0,ok_dr10
ZTF21abrfvax,0.7007488550687027,EXP,19.849073,19.59003,0.08879543,0.04700096,,21.0,ok_dr10
ZTF22abzbqxx,1.7921601568686074,EXP,22.650242,,0.13743922,0.08007331,,20.0,ok_dr10
ZTF23aaekiqe,9.641133000145636,EXP,,18.12057,,,,10.0,ok_dr10
ZTF22abyhqkt,7.117083632340748,REX,23.803532,23.274694,0.6363354,0.23106115,,34.0,ok_dr10
ZTF21abwprfj,1.0061356209349657,REX,18.564592,17.990368,0.0751402,0.01786775,,23.0,ok_dr10
ZTF20aamknna,1.0381744980175243,SER,20.73112,20.398014,0.09670596,0.08441524,,35.0,ok_dr10
ZTF19acftfav,3.677665471217096,SER,19.30226,19.08962,0.08617584,0.075258896,,17.0,ok_dr10
ZTF22abxdrsl,0.13946054846993067,SER,15.890703,15.276978,0.05327313,0.008183132,,17.0,ok_dr10
ZTF20aambbfn,0.9278371727789664,DUP,,,,,,10.0,ok_dr9
ZTF24abszcqd,2.407612006437915,SER,17.528076,17.307005,0.028825637,0.012913289,,19.0,ok_dr10
ZTF20aatuqps,6.258211281348221,SER,16.533401,15.986065,0.081774,0.012848,0.085608,7.0,ok_dr9
ZTF20acyvbhj,10.358778291709147,SER,17.211128,17.022429,0.036567,0.009892,0.078479,15.0,ok_dr9
ZTF20aaayaet,6.674996826529978,REX,22.837503,22.405148,0.485904,0.157145,,16.0,ok_dr9
ZTF24abetsjy,0.17673383184388544,SER,16.672176,15.912724,0.07172753,0.00959955,,46.0,ok_dr10
ZTF19aanuipj,5.323414635072715,SER,15.526314,14.857315,0.046662,0.005923,,9.0,ok_dr9
ZTF20abdxuew,1.7415557380530862,EXP,21.913244,23.442495,0.01579,0.098541,,16.0,ok_dr9
ZTF19aamrais,1.2255230664069376,REX,18.748432,18.28119,0.12416578,0.019481212,,23.0,ok_dr10
ZTF24aahfknz,6.766963612081893,SER,15.511653,14.838468,0.055978,0.007615,,12.0,ok_dr9
ZTF22aaafdna,1.3865491981843243,SER,18.465551,18.214819,0.09936212,0.022497404,,16.0,ok_dr10
ZTF19acbswdq,1.7553244307955622,SER,16.707916,16.25058,0.07106349,0.011284469,0.06672269,33.0,ok_dr10
ZTF23aacdlst,0.8353894841973569,SER,17.185678,16.669083,0.03987,0.032164,,16.0,ok_dr9
ZTF22abbtjlb,0.90836382535399,SER,20.999084,20.912634,0.12003221,0.24451616,,47.0,ok_dr10
ZTF22aaijrcl,5.636439870314667,SER,15.110802,14.469003,0.044310376,0.009526265,0.04908821,8.0,ok_dr10
ZTF22abekkwn,3.5226952426196596,SER,19.242437,18.848711,0.07391447,0.024746025,,20.0,ok_dr10
ZTF24abcugcf,10.509774322460457,SER,,14.79289,,,,7.0,ok_dr10
ZTF24aaekbou,4.62845456935569,SER,17.174536,16.819708,0.071323,0.014908,0.086717,11.0,ok_dr9
ZTF22abaiyaf,8.514486786937995,EXP,21.9944,21.670101,0.44528642,0.35111433,,19.0,ok_dr10
ZTF18aaadtdc,0.17440579742909496,SER,14.590725,13.961717,0.036444183,0.008826987,,20.0,ok_dr10
ZTF25aaklxxk,0.11503954650553214,REX,18.809189,18.423695,0.103237,0.034612,,9.0,ok_dr9
ZTF19aaktorq,1.1826993226871996,SER,18.131256,17.555212,0.29853123,0.04701347,,32.0,ok_dr10
ZTF21acdcxaf,6.4029803562994365,EXP,16.66643,16.522562,0.0075341924,0.01994435,,31.0,ok_dr10
ZTF24abpwwcs,,,,,,,,,empty
ZTF23aazlimw,1.9198059132059464,SER,19.801195,19.37289,0.105655,0.043457,,9.0,ok_dr9
ZTF19achahea,10.360412061167816,SER,15.007688,14.261574,0.053626,0.006016,0.045348,7.0,ok_dr9
ZTF22abyuxix,1.4710918938607758,REX,21.728249,22.436403,0.050382458,0.2746709,,8.0,ok_dr10
ZTF20aaiovoy,4.453919132596321,SER,15.83758,15.520473,0.024007957,0.006134881,,18.0,ok_dr10
ZTF21abhqirx,3.1956291565670103,SER,12.188884,11.550097,0.022020876,0.003805227,,5.0,ok_dr10
ZTF21abfoyac,,,,,,,,,empty
ZTF23aaprwrn,8.989910279620819,SER,14.47413,13.786662,0.072702,0.014586,,16.0,ok_dr9
ZTF24aajioip,6.986672483841664,SER,13.309478,12.661346,0.020977,0.005303,,24.0,ok_dr9
ZTF23aavzjjp,1.239056815255216,EXP,22.138569,22.4194,0.12937249,0.13244167,,15.0,ok_dr10
ZTF24aawlotq,1.1344532782122168,SER,16.891554,16.242582,0.06398368,0.02273996,0.053829793,29.0,ok_dr10
ZTF20achstwk,1.4277546730436994,EXP,21.296787,21.126074,0.08047046,0.11916678,,27.0,ok_dr10
ZTF20aawijco,11.62315637209357,SER,,,,,,8.0,ok_dr10
ZTF22aapkbkl,0.03840012112205627,REX,19.209425,18.476324,0.12175065,0.014015844,,22.0,ok_dr10
ZTF23aaxauuk,0.8962659780351503,REX,19.234095,19.070858,0.07507488,0.065468185,,14.0,ok_dr10
ZTF19aayvylv,0.7080765117888764,SER,21.649324,23.606157,0.052920047,0.13422187,,13.0,ok_dr10
ZTF25ackyfnb,1.2702460895055943,SER,17.35186,17.165052,0.043448366,0.040294383,,22.0,ok_dr10
ZTF25acdqaff,0.7957309634491306,EXP,21.168497,21.153442,0.1224895,0.5670528,,10.0,ok_dr10
ZTF18acbwtng,1.0668821081772377,DUP,,,,,,29.0,ok_dr10
ZTF22abxmdxh,2.4855405624880302,SER,18.292048,18.129847,0.057116587,0.02497554,0.04950674,23.0,ok_dr10
ZTF21aauamtx,2.7476953356372262,SER,18.0407,17.56383,0.074815,0.029184,,16.0,ok_dr9
ZTF25abacyxb,0.6805945024577534,SER,19.372011,19.143251,0.07306925,0.08319281,,12.0,ok_dr10
ZTF24aaxtoch,4.856900875185357,REX,,,,,,6.0,ok_dr10
ZTF20aatqief,0.17015116988799395,SER,19.886276,19.608389,0.1160131,0.02289323,,15.0,ok_dr10
ZTF23aalfofn,0.7210834593702995,DUP,,,,,,20.0,ok_dr10
ZTF22aaorkwk,0.5801632625233104,SER,16.416653,15.716458,0.08108899,0.009933368,,12.0,ok_dr10
ZTF23aaeufns,1.9302456784889395,EXP,23.497519,23.692335,0.43688717,0.57622707,,21.0,ok_dr10
ZTF22aaaoxsl,0.49650504970211884,SER,18.809673,,,,,11.0,ok_dr10
ZTF22aarntxu,20.8201154122811,REX,23.208742,21.864456,1.0344179,0.15298107,,4.0,ok_dr10
ZTF25aafqvot,0.6339796891950499,SER,17.752892,17.351612,0.034114953,0.008915103,,22.0,ok_dr10
ZTF21ackbhmm,0.3518503105025252,SER,18.332413,17.690239,0.099995375,0.01487859,,45.0,ok_dr10
ZTF20acisbek,5.1693804844287365,SER,19.893942,19.184952,0.3990221,0.03904052,,49.0,ok_dr10
ZTF21abqfpsc,,,,,,,,,empty
ZTF24abjixuq,,,,,,,,,empty
ZTF23aafrhew,,,,,,,,,empty
ZTF23aaecexq,1.543515463960227,EXP,21.401655,20.95513,0.310777,0.185784,,16.0,ok_dr9
ZTF19acbkyma,0.5193355296552663,SER,18.892307,18.584158,0.08474074,0.022760153,,9.0,ok_dr10
ZTF19abpbmli,1.9446074683061279,SER,15.634658,15.003877,0.03524376,0.0071599153,0.037043553,13.0,ok_dr10
ZTF21abwjibi,0.44811309878237054,SER,16.788315,16.27774,0.0816646,0.037363216,,17.0,ok_dr10
ZTF21absyjff,7.657085467554735,REX,23.540453,22.469202,0.846432,0.148943,,15.0,ok_dr9
ZTF25aaofuee,6.711281663475255,EXP,22.462019,21.837292,0.79553837,0.14357835,,26.0,ok_dr10
ZTF24ablkqwu,0.911789605664858,SER,17.995945,17.585049,0.09087462,0.021303575,,39.0,ok_dr10
ZTF21aaygmrl,1.6818330500217424,EXP,20.125559,20.331844,0.015236,0.026139,,19.0,ok_dr9
ZTF22abtslvh,0.3788109397666185,SER,17.434841,16.720879,0.081185,0.013555,0.080009,10.0,ok_dr9
ZTF19aajxwnz,1.664286823666736,EXP,14.440777,13.982367,0.022721,0.009817,,9.0,ok_dr9
ZTF21abhhrpj,4.887015374295052,SER,16.289125,15.514896,0.04216607,0.009138288,,13.0,ok_dr10
ZTF21ackbkoy,8.520465087515007,REX,22.110798,21.62082,0.532883,0.136555,,23.0,ok_dr9
ZTF19acvmcdd,,,,,,,,,empty
ZTF22aaolcan,0.11085134459074096,SER,18.40138,17.902464,0.10171,0.032262,,9.0,ok_dr9
ZTF23aavzvmp,0.3889532000926045,EXP,19.945812,19.677586,0.087226,0.097187,,17.0,ok_dr9
ZTF22aaaivuk,2.244999280921725,EXP,22.480152,22.41619,0.1946074,0.35495773,,21.0,ok_dr10
ZTF19abhjhes,0.8512744537412574,SER,17.444265,16.734543,0.077811584,0.006251674,,6.0,ok_dr10
ZTF22aakndny,4.032312795762659,SER,16.736237,16.072739,0.087675,0.015614,,13.0,ok_dr9
ZTF23aaiuadl,7.025361971775463,DUP,,,,,,6.0,ok_dr10
ZTF24aaxmalj,4.4685110486032995,SER,19.228302,18.996973,0.1555659,0.56530696,,10.0,ok_dr10
ZTF24aaejrzs,6.670555037266623,SER,14.578105,14.203807,0.017286,0.00859,0.017541,9.0,ok_dr9
ZTF21aagsypp,0.9920721878436208,SER,15.468745,15.164392,0.02087587,0.0035921608,0.018185109,10.0,ok_dr10
ZTF25abhoijc,2.222098815025772,SER,16.880808,16.277708,0.081032366,0.009830341,,16.0,ok_dr10
ZTF19acbwccr,9.019542213005026,DUP,,,,,,5.0,ok_dr9
ZTF19aadypig,2.7326668499753106,SER,17.75563,17.459133,0.032873478,0.011242709,,36.0,ok_dr10
ZTF19abgcnzi,8.32644787718918,REX,21.158276,20.380306,0.30979633,0.058287576,,15.0,ok_dr10
ZTF20aborzxc,0.06339005653497277,SER,14.865336,14.364729,0.054309506,0.011873329,,7.0,ok_dr10
ZTF22aajsbbl,,,,,,,,,empty
ZTF22abseymh,,,,,,,,,empty
ZTF20aazkxcw,1.161383718120769,SER,14.131845,13.22689,0.03561437,0.008027548,0.035152305,19.0,ok_dr10
ZTF21acjbedo,0.448015464182906,REX,21.967579,21.455187,0.6387974,0.32584968,,5.0,ok_dr10
ZTF20abyzoof,8.595668074308053,EXP,19.77327,20.510925,0.011284651,0.017831068,,14.0,ok_dr10
ZTF24abyksvh,4.554052980466786,REX,23.382053,23.872839,0.5323608,0.41913643,,15.0,ok_dr10
ZTF20actlumf,,,,,,,,,empty
ZTF21aacudxe,0.8881470129590574,SER,17.85027,17.33577,0.08230406,0.023367824,,29.0,ok_dr10
ZTF25aajgcvv,0.4028163945071082,REX,21.59445,21.495882,0.208004,0.09974,,8.0,ok_dr9
ZTF19acgphsf,5.672414110163275,SER,17.97103,17.909327,0.019343706,0.014196054,,23.0,ok_dr10
ZTF23aadndfn,1.5774088535744528,EXP,22.860819,23.277458,0.05597231,0.24298632,,20.0,ok_dr10
ZTF20aazpwen,1.0195678788579348,SER,21.235603,,0.08001539,0.6167694,,23.0,ok_dr10
ZTF22aabwfvz,3.8390053056794,REX,19.156136,18.799679,0.090615,0.03347,,8.0,ok_dr9
ZTF24abxxniy,2.0071710272246692,SER,14.215867,13.680964,0.018130213,0.0030175413,,22.0,ok_dr10
ZTF18abptzkg,,,,,,,,,empty
ZTF22abksuwt,5.421489017586975,REX,19.899769,19.901392,0.056714743,0.18289906,,22.0,ok_dr10
ZTF18aagstdc,0.17830634326301512,REX,20.83748,20.49022,0.241008,0.093805,,12.0,ok_dr9
ZTF23abgqzhi,3.087731204262847,SER,17.256445,16.734318,0.051425565,0.013107982,,13.0,ok_dr10
ZTF24aakyqxt,0.6650336233137102,SER,16.698858,16.007101,0.10918251,0.012301696,,21.0,ok_dr10
ZTF23aapbsmr,3.9719926850822747,DUP,,,,,,6.0,ok_dr10
ZTF24abualfb,1.5285102672499267,SER,17.163095,16.68237,0.048252188,0.011541113,,12.0,ok_dr10
ZTF18abuwcul,1.523372216103679,SER,18.257479,17.59631,0.19347733,0.042443186,,25.0,ok_dr10
ZTF24abxvcrm,2.690787820412497,SER,12.167532,11.563113,0.056286313,0.018528173,,2.0,ok_dr10
ZTF21abrqria,,,,,,,,,empty
ZTF19abamqxo,0.2541592937995228,EXP,22.21559,24.387897,0.17293297,0.73879135,,17.0,ok_dr10
ZTF20acyybvq,3.835397180726975,EXP,21.922544,20.970493,0.387583,0.110587,,18.0,ok_dr9
ZTF25aazuxfi,,,,,,,,,empty
ZTF19aapcnzi,0.43308233174798133,EXP,20.157633,19.97062,0.09842706,0.034531884,,14.0,ok_dr10
ZTF21aazlxiw,0.5744495212860156,SER,18.226807,17.632689,0.11517239,0.019850962,,14.0,ok_dr10
ZTF22aadfstk,1.6595236902681914,EXP,19.748524,19.737642,0.4093253,0.23207207,,28.0,ok_dr10
ZTF25abxrmqc,6.706837172750616,SER,17.957212,17.373428,0.14200106,0.020229356,,9.0,ok_dr10
ZTF20abkwvgc,1.3711696584137818,REX,23.304396,23.759422,0.7538419,0.52278304,,15.0,ok_dr10
ZTF23abgnxri,1.7641806556877495,SER,16.860703,16.308825,0.09582101,0.015439712,0.087650016,26.0,ok_dr10
ZTF23abijopy,2.0574396121719114,EXP,21.405752,21.289713,0.148488,0.102127,,15.0,ok_dr9
ZTF22abvaxqi,0.6313682397495923,SER,18.192614,17.95009,0.072399,0.028278,,11.0,ok_dr9
ZTF20acvchhw,,,,,,,,,empty
ZTF20abegoix,,,,,,,,,empty
ZTF21aagtqna,7.970553247699153,SER,17.981426,17.882355,0.027367,0.016194,,17.0,ok_dr9
ZTF24abloann,5.584173205910482,DUP,,,,,,5.0,ok_dr9
ZTF20acvkjrm,9.242851897555886,REX,22.937614,22.389034,0.709312,0.227472,,16.0,ok_dr9
ZTF23aaxvsjq,0.5786802004049041,SER,18.406773,17.80446,0.114897,0.02546,,16.0,ok_dr9
ZTF23aaappsd,2.5509140603702005,REX,24.46118,23.361563,1.0651768,0.3476663,,20.0,ok_dr10
ZTF20acmbhgy,1.0677339989189303,EXP,22.42987,21.999262,0.41630328,0.17901768,,26.0,ok_dr10
ZTF19abzhzet,16.175177258649896,REX,23.020073,23.207876,0.462763,0.193873,,14.0,ok_dr9
ZTF23abuwrzn,22.40766668833064,DUP,,,,,,3.0,ok_dr10
ZTF19aailvgo,1.5886046955354425,EXP,20.629335,20.412788,0.11771381,0.12360473,,12.0,ok_dr10
ZTF25acdgvbx,2.1230419789473842,REX,15.838523,15.373539,0.05832967,0.012891631,,19.0,ok_dr10
ZTF25aatdvzt,,,,,,,,,empty
ZTF21abgzlyi,4.908525755510193,SER,16.136677,15.72412,0.040764768,0.00956452,,15.0,ok_dr10
ZTF24abkgfqo,,,,,,,,,empty
ZTF24abydvcs,1.3982206959314651,SER,21.268768,,0.050382458,0.13146077,,21.0,ok_dr10
ZTF23aadbswn,9.846001059651659,EXP,21.623827,20.885994,0.43366256,0.078646556,,10.0,ok_dr10
ZTF22abcbses,,,,,,,,,empty
ZTF24aahdpki,2.844930424680574,REX,23.86929,22.155294,1.0887818,0.14693078,,23.0,ok_dr10
ZTF22aabjpii,0.5776964099359658,SER,19.473953,19.267414,0.08529128,0.051240385,,14.0,ok_dr10
ZTF22aaidexe,4.241351724238687,DUP,,,,,,64.0,ok_dr10
ZTF19abyjjxp,,,,,,,,,empty
ZTF25acaswtp,0.175392057197709,SER,16.623135,16.034014,0.08913407,0.023208873,,24.0,ok_dr10
ZTF21abrpdsp,1.0619276695905961,DUP,,,,,,11.0,ok_dr10
ZTF21acindcq,3.7501574249747023,REX,23.838324,22.11695,1.1304475,0.3870305,,5.0,ok_dr10
ZTF18abykswp,8.225408374518675,DEV,20.67957,24.298792,0.031597,0.115809,,7.0,ok_dr9
ZTF19aaafqfi,0.1312632379425184,SER,16.293741,15.626045,0.0718271,0.027357878,,16.0,ok_dr10
ZTF21acjosgg,0.6406229259229999,SER,17.053524,16.4097,0.110644,0.010791,0.105811,16.0,ok_dr9
ZTF21abdvcaf,12.258328065483568,SER,,15.454687,,,,7.0,ok_dr10
ZTF21abdpgua,1.3614121417763094,SER,20.189775,19.894022,0.1154342,0.048953716,,30.0,ok_dr10
ZTF19aakzash,2.5330534939179024,REX,24.478725,25.035467,0.87047225,0.5592133,,40.0,ok_dr10
ZTF18acaeous,0.31196212518532723,REX,22.662037,22.637753,0.6349395,0.50911635,,16.0,ok_dr10
ZTF25aaohnzw,,,,,,,,,empty
ZTF24aayqrow,0.2958238402798315,SER,19.815197,19.243662,0.13344923,0.025701921,,23.0,ok_dr10
ZTF25aambsqu,,,,,,,,,empty
ZTF22aadfcnz,0.4092903422543439,DEV,21.303106,23.289684,0.601918,0.322979,,11.0,ok_dr9
ZTF19aawgolt,1.2935764609655083,EXP,22.361902,,0.16848978,0.6847962,,19.0,ok_dr10
ZTF24aakymro,3.306952707332276,SER,17.56772,17.148468,0.044164687,0.010434923,,19.0,ok_dr10
ZTF20aahirqq,1.0987643420497117,SER,16.156794,15.687238,0.051791474,0.03051703,,23.0,ok_dr10
ZTF19aavqoyu,1.1216846383897996,EXP,20.689352,20.695919,0.034513,0.069489,,9.0,ok_dr9
ZTF24aaqzkpr,10.226968079223898,EXP,20.161303,,0.128642,0.118727,,12.0,ok_dr9
ZTF25acbxksi,3.4215769768107087,DUP,,,,,,19.0,ok_dr10
ZTF21acciklh,9.726378924866573,DUP,,,,,,18.0,ok_dr10
ZTF19aatmkll,3.9651561376900273,SER,14.817537,14.44628,0.027968,0.006144,,14.0,ok_dr9
ZTF21aaarmhs,6.629518060561507,REX,24.406483,23.364992,0.9299508,0.48709852,,21.0,ok_dr10
ZTF19abpuyvi,9.813654578253374,REX,23.193678,21.746101,0.96780354,0.1132297,,9.0,ok_dr10
ZTF19aavjlkx,5.879325324038185,SER,15.510993,14.792502,0.08370163,0.010775165,0.08349277,19.0,ok_dr10
ZTF24abbggnw,0.6852645388255539,EXP,22.657497,22.604038,0.3999615,0.14923726,,31.0,ok_dr10
ZTF18acrdciw,1.801902296961788,SER,,15.894794,,,,7.0,ok_dr10
ZTF18aazcuno,,,,,,,,,empty
ZTF22abwmnow,,,,,,,,,empty
ZTF21abnfdqg,,,,,,,,,empty
ZTF20abjxwga,1.917282634650342,DEV,19.101368,19.549751,0.025910715,0.013219429,,25.0,ok_dr10
ZTF24aaysiig,5.710857171030029,SER,15.589259,15.049189,0.066500105,0.010360592,,14.0,ok_dr10
ZTF24abfpcjv,14.618011718631136,REX,21.95842,21.605507,0.46091563,0.11706676,,5.0,ok_dr10
ZTF19acvrigb,7.798889280767935,SER,15.897826,15.630634,0.030669,0.005028,0.028048,7.0,ok_dr9
ZTF25abuorhl,3.344417774845633,SER,19.896168,19.36364,0.32770404,0.13584675,,25.0,ok_dr10
ZTF25aakatxm,0.06832110540418507,REX,21.43486,21.158062,0.146607,0.17341,,9.0,ok_dr9
ZTF18abvftig,3.354599329358399,REX,22.983662,22.039988,0.843698,0.169544,,4.0,ok_dr9
ZTF20aazgxgk,1.002435385681736,REX,22.435143,23.505598,0.582933,0.388515,,14.0,ok_dr9
ZTF22abtowei,5.334917146968924,REX,15.884334,15.5676,0.023652388,0.008314659,0.027844464,13.0,ok_dr10
ZTF22aaaeeva,1.37304328058566,SER,19.13695,18.926086,0.06732283,0.028902462,,22.0,ok_dr10
ZTF18acyawjf,0.07229203694113777,EXP,21.17853,22.17351,0.035668124,0.12875944,,30.0,ok_dr10
ZTF21abwtnzp,1.1355248216510778,SER,21.037848,22.02463,0.12907301,0.6283585,,26.0,ok_dr10
ZTF21aatvcdl,0.2906384337841495,DEV,20.48538,20.459366,0.091564,0.068686,,13.0,ok_dr9
ZTF23aaznywn,3.702480131592624,EXP,20.579998,20.340618,0.09318389,0.074937694,,13.0,ok_dr10
ZTF21accibae,0.8790899147600553,DEV,17.85708,17.282324,0.09175731,0.01699904,,35.0,ok_dr10
ZTF24acaccrk,22.581370257010956,EXP,23.885042,22.26021,0.9475155,0.19544835,,8.0,ok_dr10
ZTF19acccyxx,,,,,,,,,empty
ZTF20abndopb,16.990064328513586,DUP,,,,,,2.0,ok_dr10
ZTF21abdpios,0.28006367258516396,EXP,19.863049,19.912237,0.34245,0.124846,,15.0,ok_dr9
ZTF25acahppo,,,,,,,,,empty
ZTF25aalqsel,0.5489666172041487,SER,16.569939,15.937707,0.087982535,0.010275846,,22.0,ok_dr10
ZTF19aaojljx,0.09191401142307576,SER,17.858131,17.55088,0.211728,0.061363,,15.0,ok_dr9
ZTF23aaaifdk,2.133183584949739,SER,15.791203,15.217382,0.05570201,0.019899722,,17.0,ok_dr10
ZTF20abqbzuv,1.9531748733264702,DUP,,,,,,11.0,ok_dr9
ZTF21aclmgzk,2.856825126281359,EXP,17.818996,17.79268,0.018300314,0.017899951,,8.0,ok_dr10
ZTF24abbrvli,1.0577797322862441,SER,16.737694,16.056908,0.07682115,0.018330166,,14.0,ok_dr10
ZTF22aaarcds,2.729467711628419,DUP,,,,,,32.0,ok_dr10
ZTF20abqefja,2.404376842920102,SER,15.65041,15.039694,0.073358,0.011831,0.08024,9.0,ok_dr9
ZTF19aanhhal,4.63138528165332,EXP,17.232758,17.135506,0.006891,0.009227,,12.0,ok_dr9
ZTF22abrahwy,2.1583977106032006,SER,15.012296,15.067163,0.017614467,0.0085640205,,35.0,ok_dr10
ZTF24abdxiah,2.8877307210547993,EXP,19.155512,18.802078,0.07172,0.031428,,10.0,ok_dr9
ZTF24abfawev,0.662895776263901,EXP,21.368153,21.070194,0.1670396,0.07479372,,13.0,ok_dr10
ZTF21aaxvnjy,1.5492013957305395,EXP,21.652748,21.14554,0.593931,0.29845,,9.0,ok_dr9
ZTF20acpprmy,11.548376968901337,EXP,20.431553,19.994682,0.1367568,0.15762846,,23.0,ok_dr10
ZTF24aavdccv,12.827618690104886,SER,12.420915,11.964859,0.013618,0.00474,,5.0,ok_dr9
ZTF24abnxfrq,20.60944164972839,DUP,,,,,,1.0,ok_dr10
ZTF24abiltvb,,,,,,,,,empty
ZTF18abaeawz,0.24395093748561586,SER,19.62142,21.879078,0.064956,0.050596,,18.0,ok_dr9
ZTF23aakcbfv,,,,,,,,,empty
ZTF25abigyri,1.3747036069922443,SER,17.543213,16.987267,0.06198488,0.013823746,0.07833311,14.0,ok_dr10
ZTF23aaasden,0.6643278232067699,SER,,18.845497,,,,25.0,ok_dr10
ZTF25acfkgdg,2.1054316343900514,REX,22.72477,23.237007,0.59947336,0.45593202,,21.0,ok_dr10
ZTF25aangnvu,0.24445555276096634,SER,19.610676,19.235495,0.13897556,0.038061567,,16.0,ok_dr10
ZTF20abfadah,0.1523521933866539,REX,22.47847,22.34657,0.172836,0.381133,,10.0,ok_dr9
ZTF25achwzws,0.3402769343044157,REX,21.387045,21.346363,0.13555406,0.09104572,,17.0,ok_dr10
ZTF23aaaznjk,,,,,,,,,empty
ZTF25aceopyo,13.426266702751068,DUP,,,,,,1.0,ok_dr10
ZTF21abbvvmf,2.9780847104863684,SER,16.750324,16.655186,0.013523,0.007757,0.010898,14.0,ok_dr9
ZTF20aazrxef,9.410204484674482,EXP,16.837877,16.645409,0.03246,0.022394,,6.0,ok_dr9
ZTF21acapxdf,,,,,,,,,empty
ZTF22aaojclr,8.665615798366636,SER,15.363695,14.615997,0.043037638,0.013010531,0.035027456,13.0,ok_dr10
ZTF24aabvtdh,1.14183568911096,EXP,22.050512,22.370182,0.055301372,0.36647958,,21.0,ok_dr10
ZTF23abktfjr,2.870934295337871,DUP,,,,,,12.0,ok_dr10
ZTF23aaqekiu,0.11320540541899227,REX,20.142378,19.839464,0.12376329,0.0556669,,7.0,ok_dr10
ZTF20aastgns,0.11773629240857583,SER,16.531857,16.028088,0.10255866,0.023898814,,13.0,ok_dr10
ZTF20aaieyuw,0.6535469293798195,SER,17.987083,17.91705,0.024981854,0.015416074,,16.0,ok_dr10
ZTF21abutpwh,3.666728355282294,SER,18.27959,17.903093,0.050992616,0.016600685,,14.0,ok_dr10
ZTF20acgiglu,,,,,,,,,empty
ZTF21abtdlno,2.391832359664086,SER,19.197702,19.648827,0.008696,0.016921,,38.0,ok_dr9
ZTF20aatpxkq,3.9401628418483248,SER,15.372582,14.737176,0.064108044,0.015222959,0.068697,13.0,ok_dr10
ZTF25aboyxea,9.685633838451011,SER,13.649302,12.916051,0.04022387,0.010011742,,41.0,ok_dr10
ZTF25aafvbeq,2.8351594841929444,REX,14.71909,14.285219,0.039882,0.007949,0.041433,8.0,ok_dr9
ZTF21aaqzrat,14.764286433869673,REX,23.680534,22.252815,1.014821,0.144456,,12.0,ok_dr9
ZTF25ackyhla,4.445016882966936,SER,,19.74126,,,,25.0,ok_dr10
ZTF22aaqyiqm,5.972511898770793,SER,15.828707,15.4123,0.05203225,0.008186483,0.07907653,14.0,ok_dr10
ZTF22aatfjcy,2.4127443581127763,SER,20.011463,20.036144,0.022943122,0.03359882,,8.0,ok_dr10
ZTF18abmxdhb,0.5316898057863451,EXP,21.249567,21.22498,0.163127,0.142851,,15.0,ok_dr9
ZTF24aawruen,17.234416833839116,REX,21.3772,20.971056,0.20869975,0.34258235,,18.0,ok_dr10
ZTF25aauvser,,,,,,,,,empty
ZTF24abavoif,0.6766530851715661,REX,19.53553,19.374952,0.08330775,0.044588726,,14.0,ok_dr10
ZTF22aahgxdt,6.843514062918931,REX,25.351614,23.411623,1.1129448,0.44456157,,21.0,ok_dr10
ZTF19abvvpoh,1.4748081937575255,SER,18.580473,18.441586,0.069894776,0.10107468,,22.0,ok_dr10
ZTF23aagjylc,1.5767190852266346,SER,19.871363,19.51539,0.1017027,0.026248483,,38.0,ok_dr10
ZTF23aaelgnd,0.5537957286688622,SER,17.349468,16.92162,0.045292784,0.01114406,0.047692914,22.0,ok_dr10
ZTF21abbzhvg,0.06895031214594208,DUP,,,,,,20.0,ok_dr10
ZTF21aaqafcf,3.378658705147817,SER,14.625457,13.964186,0.033128,0.006903,0.043192,9.0,ok_dr9
ZTF25abtoiqa,2.5000616008762666,SER,,21.272629,,,,11.0,ok_dr10
ZTF20abfhzhm,1.9040747243255987,EXP,21.322023,21.129597,0.145966,0.267737,,30.0,ok_dr9
ZTF19acyfkzd,8.73295680143155,SER,20.029564,19.794666,0.10516555,0.28942117,,18.0,ok_dr10
ZTF19abyikbv,,,,,,,,,empty
ZTF19acxlylb,0.6473244964135009,DUP,,,,,,14.0,ok_dr9
ZTF24aahkesn,0.9360546404484833,REX,23.061474,22.49319,1.3987286,0.53432435,,16.0,ok_dr10
ZTF24aabwuul,1.1873217524133284,EXP,22.778028,22.914392,0.12421968,0.51390195,,22.0,ok_dr10
ZTF23aadbzqx,2.499555464139461,SER,15.328904,14.744981,0.03068948,0.0082458295,,21.0,ok_dr10
ZTF19aaplpaa,6.02270875308967,SER,15.827125,15.477056,0.02541014,0.0032152142,0.024784097,16.0,ok_dr10
ZTF19acgjpgh,0.6530572636033143,REX,22.91283,22.784716,0.47605947,0.43066245,,61.0,ok_dr10
ZTF24aawtoiv,0.5111430185237734,SER,16.697935,16.283213,0.025007661,0.006443965,,16.0,ok_dr10
ZTF25ackwqbt,1.3918344116286723,SER,16.677107,16.14223,0.062448,0.012594,,13.0,ok_dr9
ZTF23abhtsna,,,,,,,,,empty
ZTF20acqoiyt,0.1788234069911656,SER,16.774721,16.249681,0.04457015,0.012559118,,16.0,ok_dr10
ZTF23abhailb,0.744259686866012,REX,23.289415,23.272722,0.34154117,0.49160948,,19.0,ok_dr10
ZTF20acoxdas,1.7880545943566881,EXP,23.675514,24.31037,0.86899555,0.61433005,,19.0,ok_dr10
ZTF25accaqyn,8.325656953162564,DUP,,,,,,8.0,ok_dr10
ZTF25abmlhkf,2.8218806203538316,SER,17.779142,17.61351,0.019257115,0.014815611,,14.0,ok_dr10
ZTF19abattvp,0.34506339657206414,SER,17.378695,16.691664,0.08285826,0.014878406,,29.0,ok_dr10
ZTF24abevlcq,0.9339867476863989,SER,16.370453,15.688291,0.08415853,0.0051961336,0.07643167,37.0,ok_dr10
ZTF25aaidlpx,6.934555383942134,REX,23.838457,,1.0127599,0.6030145,,17.0,ok_dr10
ZTF20aayuyak,2.0224642406027296,SER,15.561882,14.856268,0.07018783,0.023447799,0.030442508,28.0,ok_dr10
ZTF20abypkpz,0.2346871023991587,SER,16.091503,15.437419,0.06789256,0.009347887,,14.0,ok_dr10
ZTF20acyyavb,4.2493781776224955,SER,15.872187,15.319149,0.041423403,0.008906797,0.048066504,22.0,ok_dr10
ZTF21aaylpht,30.66688622160502,REX,,21.410316,,,,1.0,ok_dr10
ZTF20abxrsjb,3.519885394643508,SER,18.17701,17.782358,0.070523,0.02579,,9.0,ok_dr9
ZTF21abxtfwo,3.7095564195208888,SER,,13.798232,,,,6.0,ok_dr10
ZTF19aailsfh,4.479395457643055,SER,19.59041,19.468708,0.08492005,0.24532288,,17.0,ok_dr10
ZTF25abkeofy,0.5518669321319035,SER,19.842312,19.92967,0.013615252,0.033902887,,27.0,ok_dr10
ZTF18aayjvve,12.305563724957818,SER,15.361632,14.591314,0.050473,0.014901,0.047266,10.0,ok_dr9
ZTF19abtulak,2.235081571603121,REX,17.696144,17.083393,0.091253,0.017638,,12.0,ok_dr9
ZTF22abanxam,0.556256345438251,SER,16.250206,15.638809,0.04337666,0.00821877,0.04566319,22.0,ok_dr10
ZTF20abxgxjd,4.42573386045079,SER,18.842056,18.517008,0.12967242,0.09050667,,26.0,ok_dr10
ZTF24aagtesv,4.264590087174876,SER,16.70068,16.427694,0.014437355,0.007703708,,32.0,ok_dr10
ZTF22abtcsyd,9.42617166626362,EXP,22.204237,24.157305,0.007154,0.065242,,6.0,ok_dr9
ZTF23abjwgre,3.7086390053787563,SER,14.449899,13.850978,0.033270072,0.005329723,,15.0,ok_dr10
ZTF25aacmgnn,4.699395049399467,SER,,13.045135,,,,6.0,ok_dr10
ZTF23aavmarm,5.043376666828673,SER,16.023642,15.539759,0.06785,0.008655,,5.0,ok_dr9
ZTF24aahtnpc,2.5311237030973497,SER,17.561148,16.956738,0.09071208,0.011448708,0.08165577,12.0,ok_dr10
ZTF20aaxckge,12.494100263247189,REX,23.42026,23.441208,,,,9.0,ok_dr10
ZTF25ablvnyr,1.1115020075207136,SER,20.20015,19.930265,0.09447442,0.045003753,,15.0,ok_dr10
ZTF19acxzdht,3.1218780377515296,SER,18.203085,17.738241,0.091135904,0.015030083,,8.0,ok_dr10
ZTF21abhkeak,,,,,,,,,empty
ZTF25aacdilx,8.485107987600399,EXP,19.701029,19.920618,0.030862,0.038773,,10.0,ok_dr9
ZTF18abdcudb,,,,,,,,,empty
ZTF21aagydov,0.6441872748102531,SER,16.115028,15.385486,0.06701992,0.019674517,0.06466388,10.0,ok_dr10
ZTF20aaevbvv,0.6266769002140585,EXP,20.489923,20.130081,0.125001,0.058756,,10.0,ok_dr9
ZTF25aalpmfp,5.95383407435794,DUP,,,,,,28.0,ok_dr10
ZTF22aafqamd,6.791792065857681,REX,21.815159,23.291035,0.697575,0.258456,,9.0,ok_dr9
ZTF22abbbwtl,2.7054375210346753,DUP,,,,,,8.0,ok_dr10
ZTF20aamttni,6.020377140313114,EXP,16.407808,15.904554,0.046326086,0.01120587,0.053508427,15.0,ok_dr10
ZTF25abskhhq,11.645035501874563,DUP,,,,,,1.0,ok_dr10
ZTF22aaokiud,,,,,,,,,empty
ZTF18aaxhcam,0.7036445875467852,SER,15.274094,14.600368,0.035242,0.009103,,12.0,ok_dr9
ZTF19abidfxd,4.709831217441097,SER,16.403265,16.012514,0.062109377,0.011626247,,14.0,ok_dr10
ZTF21aamkxbl,0.09551529758117101,SER,15.180239,14.548961,0.04470519,0.007690786,0.057144284,22.0,ok_dr10
ZTF24aaekbxi,1.3143779021437112,SER,17.014555,16.498108,0.032705,0.007532,0.033259,5.0,ok_dr9
ZTF18abnnnzk,0.15911551467620094,DUP,,,,,,31.0,ok_dr10
ZTF19accvbkv,8.01791725147236,REX,23.05227,22.692448,0.567933,0.295214,,9.0,ok_dr9
ZTF21aagtqpn,4.027781541971741,SER,20.148838,,0.046677,0.115718,,13.0,ok_dr9
ZTF24abiihsz,0.6323857409107791,SER,17.239027,16.529716,0.09684944,0.012211531,,19.0,ok_dr10
ZTF23abbzdoj,,,,,,,,,empty
ZTF23aakrngt,1.5510912063517248,SER,16.295673,15.604958,0.08011681,0.0073907063,0.068437524,28.0,ok_dr10
ZTF19aaekvhn,1.201525499428701,SER,18.554134,18.406229,0.059683,0.03108,,10.0,ok_dr9
ZTF24abzxalv,1.1171605665788575,SER,16.189468,15.813351,0.027634826,0.010315314,,67.0,ok_dr10
ZTF20aanxcpf,,,,,,,,,empty
ZTF20actpbck,4.756054055766491,SER,14.970831,14.263241,0.058952708,0.005949825,,10.0,ok_dr10
ZTF20aaaweke,0.8956076984029766,SER,17.28853,16.677618,0.092902355,0.014756866,0.10832646,10.0,ok_dr10
ZTF22aaagrex,,,,,,,,,empty
ZTF19abzlmwn,,,,,,,,,empty
ZTF18adjkwyk,0.28291342118648033,SER,15.890733,15.486937,0.075262,0.036045,,16.0,ok_dr9
ZTF18aasyjhd,0.5686140163711324,DEV,18.81411,18.270336,0.15415639,0.024098925,,23.0,ok_dr10
ZTF24aazagzl,8.676513779708996,SER,13.613287,12.764215,0.01837163,0.003652936,,25.0,ok_dr10
ZTF19acbwouf,1.7055867890125451,REX,21.0357,21.14138,0.062516674,0.15661678,,10.0,ok_dr10
ZTF22aajhkvu,0.48645127164076885,REX,22.16239,21.573431,0.81676996,0.2261343,,15.0,ok_dr10
ZTF24aaekaby,1.8010862237520409,SER,17.289022,17.069344,0.014569613,0.009122151,,17.0,ok_dr10
ZTF20acpjodk,6.683762966185013,REX,15.928286,15.420983,0.045868773,0.009075396,,9.0,ok_dr10
ZTF18abnxhmc,4.647300010579738,SER,21.457817,21.331938,0.286924,0.10046733,,11.0,ok_dr10
ZTF18abdiqdh,4.285213854328073,DUP,,,,,,8.0,ok_dr9
ZTF21abugfqj,13.103925533042057,REX,,22.145842,,,,11.0,ok_dr10
ZTF18abupgql,6.770836862426221,REX,20.812904,20.249954,0.23074938,0.08828733,0.21598326,27.0,ok_dr10
ZTF21abtucck,,,,,,,,,empty
ZTF22aaynvgi,0.47829180490400736,REX,19.55477,19.249813,0.09612279,0.040950768,,11.0,ok_dr10
ZTF24ablvshn,0.35492214930010746,DUP,,,,,,8.0,ok_dr10
ZTF22abnmpty,2.37875947814429,SER,17.446795,16.949953,0.06964505,0.011955087,,19.0,ok_dr10
ZTF20aculruc,0.960455295308384,DUP,,,,,,13.0,ok_dr10
ZTF22aaavods,,,,,,,,,empty
ZTF19abwsfsl,,,,,,,,,empty
ZTF24abuvjgs,0.17363595027578166,SER,18.315407,17.767221,0.079661325,0.019843142,,10.0,ok_dr10
ZTF25aavykre,3.6251894895061954,SER,16.116512,15.322856,0.09151305,0.023581639,,17.0,ok_dr10
ZTF19aalouag,2.591038487545278,SER,19.82334,19.723598,0.081155,0.204754,0.054909,16.0,ok_dr9
ZTF19abqykei,14.013192817461668,DUP,,,,,,14.0,ok_dr10
ZTF18aabkjfv,0.06167010897074112,DUP,,,,,,17.0,ok_dr9
ZTF19acjurot,0.5245537259660984,EXP,,,,,,13.0,ok_dr10
ZTF25abqkwce,,,,,,,,,empty
ZTF20acnrphs,6.9048083754878835,REX,21.801329,,0.420574,0.383167,,19.0,ok_dr9
ZTF23abahmkx,1.0819211372546995,REX,,,,,,17.0,ok_dr10
ZTF23abigzke,5.556676692687625,DUP,,,,,,35.0,ok_dr10
ZTF21aciqcge,5.573699916696676,SER,15.29248,14.718136,0.023346592,0.004051769,,10.0,ok_dr10
ZTF25aanqbbl,8.771096888703731,SER,15.99813,15.395699,0.124781,0.01063,0.138613,17.0,ok_dr9
ZTF25acegldm,4.615824305180409,EXP,20.096184,20.120602,0.008955,0.087684,,31.0,ok_dr9
ZTF21aagygzv,4.019240615095446,SER,16.87004,16.201557,0.08036412,0.015687501,,14.0,ok_dr10
ZTF25abikjqa,4.87624242901226,SER,17.615444,17.26624,0.038316302,0.011124091,,21.0,ok_dr10
ZTF24aauelbz,4.318332300729587,DUP,,,,,,15.0,ok_dr10
ZTF19aaeflme,,,,,,,,,empty
ZTF24abakgyn,5.279305835150404,REX,21.38709,21.095348,0.25543806,0.14460066,,14.0,ok_dr10
ZTF21abghxht,,,,,,,,,empty
ZTF21achbgdo,4.952611681761462,DUP,,,,,,16.0,ok_dr9
ZTF24abgoeuh,2.2562125241284083,EXP,19.354242,19.035255,0.125676,0.030218,,10.0,ok_dr9
ZTF20acphdcg,0.022703020378480095,REX,23.638681,23.494194,0.9920366,0.6469215,,27.0,ok_dr10
ZTF23aabvcmb,1.7481844389764052,REX,20.710537,19.739138,0.5805295,0.07890236,,30.0,ok_dr10
ZTF24abtuxkj,,,,,,,,,empty
ZTF25abkwytp,4.01011212924295,SER,15.708169,15.456523,0.02525118,0.005722918,,47.0,ok_dr10
ZTF25aaixhxe,,,,,,,,,empty
ZTF25acgsxcb,2.300860706694222,SER,17.819122,17.491463,0.042269,0.018928,,21.0,ok_dr9
ZTF21abctnoh,2.69610954907613,SER,16.683418,16.288055,0.06649819,0.010196606,0.06445406,22.0,ok_dr10
ZTF22abcklkb,,,,,,,,,empty
ZTF22aaaepjq,3.444305755656859,DUP,,,,,,15.0,ok_dr9
ZTF19aacivvy,0.8086050212076604,SER,18.585968,18.388214,0.051715735,0.023749601,,26.0,ok_dr10
ZTF23abvdonl,3.5490298734699004,REX,22.089201,,0.09702672,0.62349194,,13.0,ok_dr10
ZTF21achjcui,5.665379215579876,DUP,,,,,,10.0,ok_dr10
ZTF23aboebgh,2.7302829386670497,EXP,22.265242,22.396767,0.28080878,0.46585837,,34.0,ok_dr10
ZTF21aahccrk,2.760311476511826,SER,16.561026,15.973733,0.097068,0.01134,0.097834,13.0,ok_dr9
ZTF24aapebzb,0.3707065046546578,SER,18.462162,18.179855,0.070867,0.02324,,10.0,ok_dr9
ZTF22aaahglh,1.372312779188223,REX,17.157549,16.670534,0.0811074,0.019748263,0.058069833,18.0,ok_dr10
ZTF23aarxtro,3.069024243030021,SER,15.24489,14.575409,0.026731834,0.010960424,0.05251931,11.0,ok_dr10
ZTF24abtejwy,0.3365100093322417,EXP,22.859083,22.94891,0.3711887,0.3479792,,27.0,ok_dr10
ZTF24abriexo,0.17304422211159212,EXP,20.156916,19.910759,0.14544842,0.05490136,,28.0,ok_dr10
ZTF24aanngpp,6.4349564395168635,SER,15.023789,14.646181,0.02061386,0.00426178,,12.0,ok_dr10
ZTF19aclhnkd,1.400272256689857,SER,21.840761,23.296791,0.08119509,0.24073322,,16.0,ok_dr10
ZTF21aapxtqg,2.3039225110506165,EXP,22.7588,23.225157,0.11958041,0.1987301,,24.0,ok_dr10
ZTF24abnepdg,1.508161821651217,SER,16.659708,16.294954,0.027492067,0.0076165376,,16.0,ok_dr10
ZTF20abekcdt,6.558711950218903,SER,16.24869,15.785922,0.052539237,0.009561332,0.049577653,19.0,ok_dr10
ZTF20abewogd,,,,,,,,,empty
ZTF21abpxquj,6.210738732253738,SER,18.74593,18.918106,0.008289682,0.010508752,,15.0,ok_dr10
ZTF19aapuohr,0.20793179562079997,REX,23.28272,21.513964,1.3191875,0.3890604,,14.0,ok_dr10
ZTF23aaaprxt,0.21236133378256614,EXP,22.929731,25.246965,0.09884504,0.1590882,,22.0,ok_dr10
ZTF25aaggqco,,,,,,,,,empty
ZTF18aavdwmh,0.3580691057611225,SER,16.347368,15.845026,0.079276,0.024714,,21.0,ok_dr9
ZTF19aardunx,5.817181235500612,DUP,,,,,,16.0,ok_dr10
ZTF19aavlnjz,1.7325893100818692,REX,19.865484,19.521559,0.16468662,0.04024279,,12.0,ok_dr10
ZTF23aaiwwgd,10.379685358160383,DUP,,,,,,25.0,ok_dr10
ZTF25abcxtvx,6.149780026809711,REX,,,,,,18.0,ok_dr10
ZTF23aahyznf,2.147280680212379,EXP,23.303259,23.674437,0.425929,0.4724351,,17.0,ok_dr10
ZTF19aajwlap,3.042848424880303,EXP,21.989185,20.8072,0.802554,0.064558,,12.0,ok_dr9
ZTF18abdfwur,0.18118639415946558,DEV,17.89078,17.385212,0.053965,0.025577,,16.0,ok_dr9
ZTF19aauvkxu,2.527606766409825,SER,20.534113,20.662544,0.03426,0.030139,,15.0,ok_dr9
ZTF24aaoupov,,,,,,,,,empty
ZTF19adajivt,0.28237926538377345,EXP,20.882635,20.475315,0.17496559,0.26594067,,14.0,ok_dr10
ZTF21aaprddk,3.430210375225508,EXP,20.809914,20.595205,0.16047023,0.1005984,,25.0,ok_dr10
ZTF21aabqtsd,,,,,,,,,empty
ZTF21abbaerh,3.476436543911697,DUP,,,,,,20.0,ok_dr10
ZTF21abfmbix,14.843421682649453,EXP,19.494314,18.718937,0.37672058,0.307839,,47.0,ok_dr10
ZTF19acyfakk,,,,,,,,,empty
ZTF20aaybvye,1.9619732695258132,EXP,20.760706,19.89759,0.432671,0.083072,,7.0,ok_dr9
ZTF20aakficj,,,,,,,,,empty
ZTF19abxdnhr,2.679851756860934,SER,16.540096,16.108988,0.04943282,0.010390349,0.054989148,17.0,ok_dr10
ZTF23aaxbxlw,,,,,,,,,empty
ZTF24abeiqfc,3.503578465500823,SER,15.076517,14.301817,0.05687101,0.0060859113,,10.0,ok_dr10
ZTF21aadkuko,0.49034181564746243,EXP,24.425518,22.53064,0.89604896,0.27560046,,11.0,ok_dr10
ZTF24aaqxkvr,0.7225325270633508,SER,17.867914,17.615652,0.07457284,0.038045958,,33.0,ok_dr10
ZTF22aaacwup,4.595269675540936,SER,15.55089,14.944434,0.033934,0.007391,0.032027,9.0,ok_dr9
ZTF21abcouxj,9.907559089708988,SER,14.646333,14.113294,0.053302,0.01093,0.062139,14.0,ok_dr9
ZTF22abghrui,6.262693780549144,REX,25.115015,26.045149,1.0511459,0.74610543,,11.0,ok_dr10
ZTF22abmwonm,,,,,,,,,empty
ZTF23abooocr,1.4175457711407657,DUP,,,,,,14.0,ok_dr10
ZTF23aaejumk,2.2440747071804137,SER,14.313995,14.010404,0.02519,0.009834,,18.0,ok_dr9
ZTF20aapdgaw,,,,,,,,,empty
ZTF21abqjjrb,0.39274385454934335,SER,17.869478,17.67381,0.060378294,0.06710225,,15.0,ok_dr10
ZTF20ablnjvp,0.6007767384939292,SER,16.516659,16.246767,0.03787679,0.01001409,0.053831592,41.0,ok_dr10
ZTF24aaiegnl,4.618325895942069,DUP,,,,,,8.0,ok_dr9
ZTF20abnofwd,,,,,,,,,empty
ZTF19acigkma,0.23101629584139394,SER,17.78765,17.094706,0.088499,0.01054,,11.0,ok_dr9
ZTF23abtniaf,4.033184367750644,EXP,18.343975,18.110779,0.013041106,0.026923226,,25.0,ok_dr10
ZTF24aajqamj,5.927990119120164,SER,14.993863,14.485206,0.02070878,0.005797548,,18.0,ok_dr10
ZTF24aagkjca,8.177583058428937,SER,14.201708,13.675608,0.02106,0.006206,0.02008,7.0,ok_dr9
ZTF20ableiem,2.211784737926463,SER,12.42143,,,,,1.0,ok_dr10
ZTF23abscruh,,,,,,,,,empty
ZTF21abpaodi,4.200106759828749,SER,14.895553,14.293251,0.047187857,0.012073215,,6.0,ok_dr10
ZTF24aabpojp,1.277059198082446,SER,19.114489,18.89633,0.10930485,0.043545716,,24.0,ok_dr10
ZTF25abxfixs,2.49200811325538,SER,16.322538,15.745591,0.0832693,0.019916287,0.055797644,6.0,ok_dr10
ZTF20aauvmix,0.07281967811215319,EXP,21.23006,21.008072,0.126696,0.15233,,9.0,ok_dr9
ZTF18aaaehwv,,,,,,,,,empty
ZTF19aaadwfi,0.0736772911647904,REX,22.511137,21.812277,0.763611,0.149836,,12.0,ok_dr9
ZTF18aawseij,0.13247035943824176,DUP,,,,,,9.0,ok_dr9
ZTF24aaosvzx,2.1109500148922358,SER,16.661697,16.127287,0.03591,0.010798,,15.0,ok_dr9
ZTF21abgzyvg,1.3186490504953454,SER,15.862231,15.639551,0.034232,0.014729,,18.0,ok_dr9
ZTF22abvkkgu,13.988074519622964,REX,22.267206,23.403961,0.43586,0.275398,,7.0,ok_dr9
ZTF19achetvw,1.6294723347384692,DUP,,,,,,17.0,ok_dr10
ZTF25acktnvu,0.7135049448767156,DUP,,,,,,18.0,ok_dr10
ZTF20abzumlr,0.9441743675982639,SER,18.128244,18.454569,0.064651,0.048,0.064504,15.0,ok_dr9
ZTF20acqexmr,,,,,,,,,empty
ZTF19acbrola,13.054065519880638,REX,24.00874,23.71329,1.1160219,0.45298794,,7.0,ok_dr10
ZTF21ackbmei,,,,,,,,,empty
ZTF25abzmbdb,3.148993532709292,SER,15.540089,14.799084,0.07159487,0.016222166,,35.0,ok_dr10
ZTF20aclkuqh,3.448619330756273,SER,16.411041,15.708688,0.0531407,0.010417707,,41.0,ok_dr10
ZTF21aapfpod,2.4493049241772917,DUP,,,,,,14.0,ok_dr9
ZTF22abyrvsz,3.9882397894092563,DUP,,,,,,26.0,ok_dr10
ZTF20abyvtds,2.8544236222592136,SER,18.353477,18.074175,0.032595363,0.022916842,,39.0,ok_dr10
ZTF25acgcdtb,,,,,,,,,empty
ZTF22abfzarj,,,,,,,,,empty
ZTF20abeeytg,15.213913578067022,SER,13.425121,12.886814,0.037718,0.004461,0.042735,9.0,ok_dr9
ZTF21aaekeqv,0.8427845059512802,EXP,20.118547,19.90567,0.088443436,0.041338205,,17.0,ok_dr10
ZTF20aciwcuz,5.8293541743401835,EXP,20.086992,20.394348,0.02117,0.034776,,5.0,ok_dr9
ZTF19aawlkjx,9.814684504283012,SER,11.917002,11.215752,0.019866746,0.0062941615,,2.0,ok_dr10
ZTF18absgnbm,0.13717043416832014,SER,20.354313,18.136204,0.137977,0.10397674,,16.0,ok_dr10
ZTF19aaypehm,0.8834925128378703,REX,18.842602,18.468983,0.10539816,0.016682204,,20.0,ok_dr10
ZTF25abibaem,1.8877462866875998,SER,16.054071,15.655784,0.048836306,0.010765663,,19.0,ok_dr10
ZTF20aamaqak,6.308472895058076,DUP,,,,,,22.0,ok_dr10
ZTF20acvmzfv,0.5150429636169299,REX,22.3807,22.284452,0.434178,0.28285235,,15.0,ok_dr10
ZTF19abitbcj,1.2469281670248682,SER,18.590015,18.424051,0.03308,0.014172,,15.0,ok_dr9
ZTF20abywoaa,1.1159029775912306,SER,19.309351,19.002516,0.14778158,0.038253915,,15.0,ok_dr10
ZTF18abukavn,0.612708574229746,SER,18.801916,18.846716,0.028691,0.0208,,16.0,ok_dr9
ZTF23abgpokx,0.873713967026938,REX,18.273544,17.837234,0.086932495,0.021322561,,28.0,ok_dr10
ZTF24aaakprs,1.3466880840767086,REX,17.535252,17.154572,0.08256172,0.013230233,0.08583071,18.0,ok_dr10
ZTF22aambfit,0.9985131831210791,SER,19.059193,18.565996,0.10136057,0.030417085,,5.0,ok_dr10
ZTF22aaqrszt,0.13365992498216145,SER,16.950377,16.32529,0.061492216,0.009353553,,18.0,ok_dr10
ZTF20abfsemq,7.327861316052549,REX,21.629768,21.36888,0.2607269,0.11134963,,19.0,ok_dr10
ZTF22aafoweb,6.024987764194639,SER,15.828154,15.241095,0.073472,0.009315,0.05707,13.0,ok_dr9
ZTF25aatnbdo,0.4237325185753157,DEV,15.992723,15.278696,0.08481579,0.005834351,0.08125478,60.0,ok_dr10
ZTF19aceqxtg,2.698356938014301,EXP,22.208761,22.288939,0.10831674,0.16492991,,17.0,ok_dr10
ZTF20acghodf,14.288479344180539,SER,,12.459407,,,,2.0,ok_dr10
ZTF18abcohew,,,,,,,,,empty
ZTF19adccrca,4.7839944375091275,EXP,17.943518,17.559706,0.05936,0.022864,,13.0,ok_dr9
ZTF19aawyepw,0.2140508581950147,SER,16.437958,15.857775,0.068922,0.016524,,13.0,ok_dr9
ZTF23aaqmwto,0.173060643595608,REX,19.15849,18.781528,0.082682,0.032904,,7.0,ok_dr9
ZTF25aawdpdu,7.249675508066633,SER,,,,,,6.0,ok_dr10
ZTF20acbcfaa,0.16335043768626434,SER,19.45466,18.5383,0.14264043,0.14884588,,30.0,ok_dr10
ZTF23aaabewy,1.2589842780002016,SER,17.263937,16.566702,0.121177,0.024297,,14.0,ok_dr9
ZTF19abzprpk,0.5621682278502794,SER,15.966168,15.279583,0.050871428,0.012059947,,15.0,ok_dr10
ZTF18abeaipj,0.2199710498401553,REX,21.07646,20.699827,0.16211939,0.1407842,,8.0,ok_dr10
ZTF22aaajoxo,1.8237285758611081,SER,17.50579,17.244904,0.069072,0.017874,,14.0,ok_dr9
ZTF20acujaft,0.5371481570415203,SER,17.120762,16.860165,0.060985718,0.021135813,0.07452,44.0,ok_dr10
ZTF23aaqjrsx,7.984450710849628,DUP,,,,,,7.0,ok_dr10
ZTF24aaqvqng,1.4326973810333279,EXP,22.534052,,0.12759492,0.17234838,,10.0,ok_dr10
ZTF19aavxpbx,0.3300356400121513,EXP,18.72545,18.412176,0.059707582,0.06182433,,21.0,ok_dr10
ZTF23aakmqlj,,,,,,,,,empty
ZTF25acjpvvr,1.5506373851443245,SER,20.087502,19.815817,0.09121479,0.039488617,,36.0,ok_dr10
ZTF20abhlncz,3.6784238651893517,SER,15.184131,14.823486,0.026060607,0.005690629,0.0307893,7.0,ok_dr10
ZTF21aaqvsvw,4.034877146672634,SER,13.896311,13.429942,0.027050473,0.0035820226,0.026691277,4.0,ok_dr10
ZTF22aakmtrc,0.42417010262019933,SER,17.466406,16.834671,0.09255532,0.014053741,,20.0,ok_dr10
ZTF24aaplfjd,5.4446931489825126,DUP,,,,,,19.0,ok_dr10
ZTF24abddplf,1.516771400005789,SER,19.989262,19.69383,0.0849674,0.09960788,,13.0,ok_dr10
ZTF20aacgrql,6.513953012420345,SER,15.038489,14.591681,0.03332524,0.0070896056,,28.0,ok_dr10
ZTF22abhyzjq,0.7717197561012775,EXP,19.179352,18.736963,0.11495522,0.030241586,,16.0,ok_dr10
ZTF25acjpwla,2.7873908796509888,SER,16.040352,15.476323,0.07063245,0.01394581,0.052656747,54.0,ok_dr10
ZTF18aasxahh,0.17756078429493305,REX,17.913946,17.66756,0.20633307,0.06317606,,22.0,ok_dr10
ZTF24abmkros,7.18493589757091,SER,13.883783,13.676098,0.013338,0.005372,,26.0,ok_dr9
ZTF20aamlmec,,,,,,,,,empty
ZTF20abzjoxd,5.0888354806827065,EXP,19.236414,18.580523,0.4744289,0.2279133,,9.0,ok_dr10
ZTF21aaraqpr,2.345271131442441,DUP,,,,,,16.0,ok_dr10
ZTF18abiyatb,,,,,,,,,empty
ZTF23abrvauz,11.432141646636392,SER,15.585363,14.88836,0.06494665,0.007661859,,12.0,ok_dr10
ZTF21acdsnsh,0.10415959239473406,REX,20.245613,20.028412,0.07998827,0.065204665,,13.0,ok_dr10
ZTF25abzswyh,8.442117693038485,SER,,14.836439,,,,5.0,ok_dr10
ZTF20acpgzif,6.556884000842154,EXP,19.271967,19.790342,0.023729,0.083693,,17.0,ok_dr9
ZTF20aafvzhu,5.5195656514015905,SER,14.920654,14.191698,0.051265717,0.006904245,,18.0,ok_dr10
ZTF25ablulax,0.41641220843959775,EXP,20.378489,20.126642,0.09332401,0.067290224,,9.0,ok_dr10
ZTF23aarxtku,5.33023771655894,SER,20.977764,22.039682,0.059899826,0.045747247,,25.0,ok_dr10
ZTF23aaetmwj,1.3288264579416018,SER,19.407715,19.059015,0.08358,0.036342,,17.0,ok_dr9
ZTF21abbodnh,3.0858032695499658,EXP,21.311905,21.087893,0.12782723,0.08959619,,9.0,ok_dr10
ZTF25aapqogh,5.6987359925155,SER,17.996508,17.35165,0.08439108,0.058678962,,10.0,ok_dr10
ZTF18abmxmsv,,,,,,,,,empty
ZTF21aaahuox,0.10079751276360577,DEV,23.879957,,0.55215687,0.6001242,,36.0,ok_dr10
ZTF23aasyslb,1.6025239767815074,SER,22.059406,21.997942,0.15951361,0.20343776,,30.0,ok_dr10
ZTF25abiikwy,0.7300881117091941,SER,20.437855,20.12177,0.1059669,0.0745434,,48.0,ok_dr10
ZTF21aaqhwgh,1.8229717895587427,SER,15.764537,15.092294,0.08587098,0.018490778,0.08310745,15.0,ok_dr10
ZTF22aaabnwa,2.808687391845076,SER,15.884918,15.564653,0.035542,0.006117,0.038965,9.0,ok_dr9
ZTF21aaxjpsw,,,,,,,,,empty
ZTF24abokdnf,20.300104549482104,SER,14.737074,14.377289,0.03092558,0.011552453,,3.0,ok_dr10
ZTF25aaddjmx,8.054572712040656,REX,23.529566,22.828247,1.0294453,0.3254206,,16.0,ok_dr10
ZTF20achrklb,0.6710305424073374,DUP,,,,,,24.0,ok_dr10
ZTF24abdounl,1.1944296747015237,EXP,22.804548,24.285679,0.11368465,0.17608032,,42.0,ok_dr10
ZTF22aadetzs,0.9345867145655365,REX,23.54511,22.622946,0.9351338,0.22002554,,21.0,ok_dr10
ZTF20aaknyvm,11.680263112497132,EXP,22.340178,21.60627,0.64496595,0.11919569,,19.0,ok_dr10
ZTF25aadntob,2.8739757310396987,SER,16.007246,15.450649,0.08480632,0.011603081,0.082285,19.0,ok_dr10
ZTF22abmynyd,20.081360340360337,DEV,,,,,,3.0,ok_dr10
ZTF21acizrpw,4.856363645467699,SER,18.224266,17.790565,0.10105824,0.09651744,,6.0,ok_dr10
ZTF24aahaajg,0.6979816719971862,SER,14.729126,14.181457,0.029178537,0.0064226477,0.03537287,15.0,ok_dr10
ZTF20acnvzga,0.7027711736808671,SER,17.08619,16.324556,0.070930175,0.008081461,,16.0,ok_dr10
ZTF24aaozxhx,0.3251718929161811,SER,16.976717,16.747324,0.009930412,0.0038685936,0.005486171,8.0,ok_dr10
ZTF22abyhxlj,0.5005630468290642,SER,18.830645,18.637989,0.086500905,0.05683559,,46.0,ok_dr10
ZTF18abspqsn,,,,,,,,,empty
ZTF18ablqjul,0.11373843650623289,DEV,21.598888,21.541002,0.338333,0.231793,,11.0,ok_dr9
ZTF18abnzocn,,,,,,,,,empty
ZTF25abpfatp,0.4931272164079135,SER,16.90873,16.606678,0.038512643,0.012823692,0.04948821,19.0,ok_dr10
ZTF21aahfjrr,0.6291441950254073,SER,19.068676,18.577171,0.199841,0.026468,,10.0,ok_dr9
ZTF19acxldra,13.453546035238135,REX,23.328869,23.647957,0.689038,0.48582166,,15.0,ok_dr10
ZTF24abqkitr,0.1934361954677617,SER,16.858706,16.118769,0.099321455,0.007459651,,25.0,ok_dr10
ZTF20acgbkji,2.851259272863263,DUP,,,,,,13.0,ok_dr9
ZTF23abpnqng,2.0108771825734726,SER,15.697607,15.199609,0.023247475,0.0051023155,0.018536957,15.0,ok_dr10
ZTF25aaofxjv,1.8851831190570427,SER,20.79747,21.961216,0.07366305,0.09453597,,33.0,ok_dr10
ZTF24abxqumm,1.7419362563546748,SER,18.421413,18.53998,0.011461,0.023432,,13.0,ok_dr9
ZTF22abyktmi,2.947811548084709,SER,20.645384,19.983223,0.61341345,0.17211066,,44.0,ok_dr10
ZTF20abysqxw,4.271889078335437,SER,16.034046,15.515256,0.030496005,0.016520549,,9.0,ok_dr10
ZTF20acfwrln,3.2912825226601883,SER,13.747913,13.209712,0.02184538,0.0046517723,0.0182753,15.0,ok_dr10
ZTF19acdxlns,0.2652416998325991,REX,17.030817,16.583254,0.04160166,0.014674772,,22.0,ok_dr10
ZTF19aaknacv,5.756406574683644,SER,19.570442,19.683775,0.03021733,0.052764755,,35.0,ok_dr10
ZTF18abskove,0.13901051587263255,REX,,,,,,5.0,ok_dr10
ZTF20aaaydnj,1.374044804916828,EXP,18.820364,18.500788,0.151396,0.076575,,5.0,ok_dr9
ZTF22abjrrea,0.39749240604718256,DUP,,,,,,7.0,ok_dr10
ZTF18abvejbm,6.754431132685722,DUP,,,,,,18.0,ok_dr10
ZTF20acwqndp,7.580897023338753,SER,14.572304,13.914442,0.053414937,0.010644034,0.05313143,14.0,ok_dr10
ZTF20acoojba,1.912313123532,EXP,21.095234,20.706116,0.23118885,0.068667226,,36.0,ok_dr10
ZTF21abrhggj,3.00118483165246,SER,16.902231,16.424839,0.083599,0.014896,,15.0,ok_dr9
ZTF25abedagz,,,,,,,,,empty
ZTF24aauprgc,2.536529051754415,EXP,21.791542,21.937708,0.060509667,0.35576886,,32.0,ok_dr10
ZTF24abnqnpw,1.8281694227824858,SER,20.598661,20.678577,0.094358504,0.04765749,,44.0,ok_dr10
ZTF18abesqnb,6.81361047059829,EXP,20.95729,21.87232,0.01456,0.030258,,10.0,ok_dr9
ZTF19aaduufr,0.5761132500890517,REX,21.805752,21.769863,0.404401,0.380462,,18.0,ok_dr9
ZTF25aaxjzzz,4.500945123703477,SER,18.043177,18.459925,0.026598934,0.012009902,,23.0,ok_dr10
ZTF19aadtgxw,4.897564475386517,SER,16.886463,16.549303,0.030845245,0.00905884,,30.0,ok_dr10
ZTF19aavqiuw,8.534637050965367,REX,25.148518,23.148014,0.9672799,0.34792906,,25.0,ok_dr10
ZTF19acxlddi,0.9542380691290954,SER,15.006436,14.413671,0.042569,0.006774,0.052646,13.0,ok_dr9
ZTF22abaiyyz,0.18021850468293107,REX,20.81012,20.531471,0.10872045,0.096071884,,16.0,ok_dr10
ZTF19aabmybj,5.745016927131526,REX,20.80076,21.76788,0.099582,0.195032,,30.0,ok_dr9
ZTF20acusylb,2.739572434826207,EXP,22.096607,24.519375,0.12824813,0.61399066,,19.0,ok_dr10
ZTF20acdnmpv,0.5894128310982807,REX,21.530428,,0.036551,0.256756,,19.0,ok_dr9
ZTF23aajjzbm,4.048538315387519,REX,,,,,,19.0,ok_dr10
ZTF25aaiitra,0.11813817069154865,DEV,17.702501,17.058168,0.067958,0.008091,,15.0,ok_dr9
ZTF20acwtsrd,3.475569575171423,SER,15.136909,14.731806,0.047728896,0.010398439,0.037530616,21.0,ok_dr10
ZTF23aadxrid,0.8785050406168342,SER,16.735426,16.159067,0.054212153,0.016251838,0.06413823,18.0,ok_dr10
ZTF21aaglrfh,,,,,,,,,empty
ZTF20aaeszsm,,,,,,,,,empty
ZTF22aaafrcl,1.9065345094817745,SER,19.6508,19.264048,0.10763712,0.02514333,,15.0,ok_dr10
ZTF19aakthjl,4.233659688197112,REX,19.542599,20.35819,0.009503012,0.029009514,,17.0,ok_dr10
ZTF24abnyans,0.8840496196166325,EXP,21.629671,22.421171,0.271331,0.344039,,18.0,ok_dr9
ZTF19aazlsfj,15.859257576113729,REX,23.876919,22.149565,0.8673091,0.11118993,,25.0,ok_dr10
ZTF19achbhfc,,,,,,,,,empty
ZTF24aazlmpe,,,,,,,,,empty
ZTF21aagtqgz,2.344916492448782,SER,15.360771,14.903546,0.04672,0.009963,0.062406,8.0,ok_dr9
ZTF19abgfrbl,2.6092124394969605,EXP,20.943626,20.994493,0.090957664,0.21856587,,23.0,ok_dr10
ZTF23aacydwa,1.1071712188238372,SER,18.04298,18.481195,0.005506262,0.0063217254,,50.0,ok_dr10
ZTF25aagoicl,0.7222633508849504,SER,19.003422,18.780102,0.067317,0.031013,,8.0,ok_dr9
ZTF24abnhusw,4.685451283215735,EXP,16.775219,16.473476,0.017540185,0.006079768,0.025000783,12.0,ok_dr10
ZTF24abrumcf,1.002818883625602,DEV,20.09443,19.843029,0.8310795,0.35735285,,17.0,ok_dr10
ZTF23abqfuwf,2.1868679098317205,DUP,,,,,,5.0,ok_dr10
ZTF21abmfrad,2.743498011010935,SER,21.252588,20.980606,0.21178363,0.09502343,,13.0,ok_dr10
ZTF20abwdaeo,,,,,,,,,empty
ZTF18adbinya,1.2268302949780148,SER,18.2727,17.400997,0.10220464,0.05335845,,23.0,ok_dr10
ZTF23absjgta,7.016864830498122,EXP,18.64706,18.639961,0.00890865,0.011687034,,9.0,ok_dr10
ZTF18abdgwxn,1.994623460328233,SER,19.874796,23.51078,0.011509148,0.07703794,,13.0,ok_dr10
ZTF24abljkvr,4.349415171814884,SER,15.199152,14.517206,0.0371855,0.01375366,,25.0,ok_dr10
ZTF20abmlxrx,2.0283991717053143,SER,,19.408476,,,,19.0,ok_dr10
ZTF21ablvzhp,1.4826260979894088,EXP,19.825348,20.003086,0.014542673,0.016938528,,33.0,ok_dr10
ZTF19abpelgt,2.3088447270745833,SER,17.196157,16.357456,0.09801104,0.021726873,0.076894,10.0,ok_dr10
ZTF22abfstwn,0.417081309536851,SER,17.057623,16.386265,0.08854208,0.015914394,,33.0,ok_dr10
ZTF20abctyza,0.5085347779013116,EXP,21.038708,20.798992,0.091878,0.075902,,11.0,ok_dr9
ZTF21acjvjyk,2.8223887134920322,SER,14.374205,13.871647,0.028008,0.004524,,8.0,ok_dr9
ZTF20acuzfpk,2.996589804586377,SER,15.163713,14.52776,0.055446856,0.011260452,,25.0,ok_dr10
ZTF25abxdlzo,,,,,,,,,empty
ZTF22aaaehtn,2.392066063329374,EXP,23.11893,22.356087,1.0256114,0.6463155,,22.0,ok_dr10
ZTF20aaurhio,3.0275019196241986,EXP,18.819855,18.341394,0.082998,0.028596,,21.0,ok_dr9
ZTF21abjrptn,1.0914175208958872,SER,17.04745,16.612448,0.039650638,0.013579309,,18.0,ok_dr10
ZTF18aabilqu,0.01796948418344736,DUP,,,,,,15.0,ok_dr9
ZTF20abgbuly,3.651240593034179,SER,16.226439,15.882557,0.020745553,0.005469273,,49.0,ok_dr10
ZTF20acifwef,0.5324499380491045,SER,18.56135,18.220522,0.0643312,0.03447378,,16.0,ok_dr10
ZTF17aadcbei,,,,,,,,,empty
ZTF24aabppgn,16.35437591167673,SER,14.529428,14.022608,0.017781131,0.0041731847,0.013863899,12.0,ok_dr10
ZTF19aaysiwt,0.3613007695775494,REX,20.314764,20.23091,0.069638,0.056899,,14.0,ok_dr9
ZTF19aadttht,22.292476120236238,SER,19.85265,20.27076,0.01986189,0.0352177,,4.0,ok_dr10
ZTF20acwcfvx,5.0139691884546655,REX,23.600603,22.713247,0.6695248,0.18317941,,13.0,ok_dr10
ZTF22aatvdon,9.779476450528223,SER,16.844597,16.476292,0.035965376,0.009424201,,19.0,ok_dr10
ZTF19abzzuin,11.113459001193903,REX,22.890087,22.025959,1.0439034,0.17895742,,9.0,ok_dr10
ZTF20adaftef,0.49501633164398906,SER,16.996042,16.657957,0.044131044,0.015408946,0.08399188,17.0,ok_dr10
ZTF19aarnqys,0.05080179124657643,SER,18.666859,20.480925,0.15976389,0.22236814,,38.0,ok_dr10
ZTF20acoykif,1.2861923850738508,EXP,18.894613,18.467539,0.10903813,0.020984437,,15.0,ok_dr10
ZTF19aayrosj,8.05673211834151,SER,14.302233,13.734853,0.017176062,0.0037324503,,17.0,ok_dr10
ZTF25aahccao,0.14410133672576844,DEV,21.553915,22.2349,0.020993585,0.15832108,,18.0,ok_dr10
ZTF21abdveqn,,,,,,,,,empty
ZTF19abqykyd,,,,,,,,,empty
ZTF18aaqqhis,0.189420185328811,DEV,16.806446,16.332293,0.063276,0.014936,,13.0,ok_dr9
ZTF19aayslow,5.79771861800374,SER,16.676199,16.147284,0.04586417,0.010900413,0.061115947,12.0,ok_dr10
ZTF21absbrbd,1.3934155038881926,EXP,21.950207,21.745966,0.13779706,0.15111324,,15.0,ok_dr10
ZTF18acsjrbc,0.2358931592888073,REX,19.021627,27.226696,0.252864,0.109295,,14.0,ok_dr9
ZTF23abaactr,,,,,,,,,empty
ZTF19abpidqn,,,,,,,,,empty
ZTF18absgnio,0.12415052729654927,SER,16.328074,15.812246,0.06762443,0.017473975,,18.0,ok_dr10
ZTF24aatlsjq,4.896994988785079,SER,16.09048,15.760219,0.016672265,0.0057054036,,13.0,ok_dr10
ZTF19aahulyd,6.053827556333416,DUP,,,,,,11.0,ok_dr9
ZTF19abqgytb,5.310653010351851,SER,15.591162,14.951281,0.033487,0.006184,,11.0,ok_dr9
ZTF24aahestx,2.2764451644189307,SER,16.24326,15.969889,0.032517,0.007028,,9.0,ok_dr9
ZTF20abjnqcj,5.857394021677827,REX,21.995113,21.298529,0.719051,0.099116,,10.0,ok_dr9
ZTF19aalemmz,0.716843132583471,SER,19.20106,18.66703,0.085768804,0.052028168,,17.0,ok_dr10
ZTF22aaafohf,3.848043378222838,DEV,22.291555,21.52435,0.9192188,0.22719201,,22.0,ok_dr10
ZTF24aaadcxh,2.6725963734552236,DUP,,,,,,33.0,ok_dr10
ZTF18aataafd,1.8369048246839876,SER,17.674557,17.294847,0.082468,0.015269,0.076998,21.0,ok_dr9
ZTF25aarutoh,4.054508279119896,DEV,21.679077,21.405874,0.452565,0.114709,,23.0,ok_dr9
ZTF21aawckpe,0.034576696841199635,SER,16.39993,15.945209,0.036017463,0.008398805,0.047443744,26.0,ok_dr10
ZTF18abtgnxs,0.19071091469340506,DEV,12.893732,12.271127,0.019650705,0.004403356,,11.0,ok_dr10
ZTF20acgrvtr,2.677923946549349,SER,20.278168,19.932287,0.13803063,0.050672386,,21.0,ok_dr10
ZTF19aclkofz,,,,,,,,,empty
ZTF24aacxzca,1.1496552216077054,SER,19.390444,19.796282,0.038097147,0.06461298,,25.0,ok_dr10
ZTF24abcqaus,2.1849390580593,SER,15.388288,14.980725,0.038145,0.007191,,10.0,ok_dr9
ZTF20acueziy,0.8027971194747803,DUP,,,,,,40.0,ok_dr10
ZTF21aajgdpo,0.6998772503541553,SER,16.85874,16.582775,0.040648,0.007807,0.036064,16.0,ok_dr9
ZTF21aagofpx,,,,,,,,,empty
ZTF19aartuli,2.0189700044502987,SER,16.037548,15.448236,0.057600718,0.013275985,,37.0,ok_dr10
ZTF18aazrdpr,3.4396750339402176,REX,24.375284,22.70424,0.930833,0.223705,,8.0,ok_dr9
ZTF24aalqscn,2.6701698715551907,EXP,21.856377,,0.03842,0.212444,,21.0,ok_dr9
ZTF22abkbmob,,,,,,,,,empty
ZTF24abefzuh,2.621533600357071,SER,18.231693,17.81879,0.07790322,0.019457076,,23.0,ok_dr10
ZTF20abgdspk,0.5647074206544604,SER,18.569838,17.89569,0.1237179,0.020307088,,66.0,ok_dr10
ZTF24abnvoty,1.790535602345477,SER,15.650673,14.948916,0.07814,0.010443,,21.0,ok_dr9
ZTF25acfybcc,1.3450317668854435,EXP,19.672655,19.404827,0.09559161,0.039416138,,26.0,ok_dr10
ZTF24abugkym,,,,,,,,,empty
ZTF19aaxpjpq,0.8049799878717981,REX,17.514833,17.333408,0.063212,0.013358,0.072862,10.0,ok_dr9
ZTF19accuyyg,1.5307505025136727,DEV,23.671158,23.62039,1.2977406,0.5882667,,53.0,ok_dr10
ZTF18abdfydj,1.3553642650041446,REX,19.583748,19.177437,0.096684,0.03405,,9.0,ok_dr9
ZTF20abqdkne,1.8961955099405825,REX,15.430436,15.131093,0.02002191,0.013658982,,35.0,ok_dr10
ZTF18acbwxou,0.6189804840447494,SER,17.40934,16.720165,0.083387494,0.015649877,,20.0,ok_dr10
ZTF19aavqics,4.880019442877355,SER,14.34911,13.939318,0.022737501,0.0067169303,0.02153142,35.0,ok_dr10
ZTF24aawxtxh,0.785922576015873,EXP,21.13247,20.879911,0.131008,0.123469,,15.0,ok_dr9
ZTF19aakirwj,8.796458347367498,REX,14.69624,14.190064,0.02885691,0.0061223656,0.031649698,32.0,ok_dr10
ZTF19actabny,15.518280725028216,REX,23.773647,22.257595,0.783828,0.17357959,,8.0,ok_dr10
ZTF18aajupnt,0.10769371021312184,SER,14.025105,13.553474,0.032266,0.003874,0.03672,5.0,ok_dr9
ZTF25abhgdkw,3.0834943359472535,SER,15.588543,14.949656,0.0583,0.011697,,5.0,ok_dr9
ZTF18aaqydat,2.5274138355641407,DUP,,,,,,9.0,ok_dr10
ZTF23aacvise,,,,,,,,,empty
ZTF24abgsfib,2.058911493287738,REX,23.306673,22.967447,0.8446939,0.51031595,,16.0,ok_dr10
ZTF19ackjvtl,7.137982296122327,DUP,,,,,,22.0,ok_dr10
ZTF22abatsqa,,,,,,,,,empty
ZTF23aaqwtak,1.508702445951803,SER,19.263395,18.788347,0.102551,0.032443,,15.0,ok_dr9
ZTF25aagbkaj,8.060567734212508,EXP,19.431889,19.320818,0.01703597,0.14404427,,14.0,ok_dr10
ZTF24aayswrc,9.491840465104675,DUP,,,,,,10.0,ok_dr10
ZTF22abtvgfs,2.933617251945723,REX,19.87402,19.529116,0.11999388,0.030392772,,6.0,ok_dr10
ZTF19abzwtiu,,,,,,,,,empty
ZTF25abwophe,,,,,,,,,empty
ZTF21aaxyecd,0.8848725785808916,SER,16.197659,15.598614,0.066067,0.012673,0.061199,9.0,ok_dr9
ZTF19abmpoxa,2.0785530999860744,EXP,19.611937,19.247255,0.13702652,0.045996122,,10.0,ok_dr10
ZTF24abnlxnf,1.1961482637087637,SER,17.941593,17.62595,0.036304,0.025567,,13.0,ok_dr9
ZTF19abegruk,,,,,,,,,empty
ZTF20abefyha,2.389740368725188,DUP,,,,,,9.0,ok_dr10
ZTF22abnxovx,4.53712607733926,SER,17.900507,17.408642,0.11285909,0.017099071,,13.0,ok_dr10
ZTF20abodalh,6.968096646029464,DEV,21.099083,20.447468,0.40757892,0.11963261,,40.0,ok_dr10
ZTF22aakpbbc,,,,,,,,,empty
ZTF23aanqoyo,0.7884747498032368,SER,18.633476,18.384708,0.04239874,0.021173997,,13.0,ok_dr10
ZTF22aawtunt,0.3129660728757194,SER,16.969694,16.453047,0.039907426,0.009563583,0.061376005,21.0,ok_dr10
ZTF25abikgia,8.21709949367441,SER,14.037145,13.274544,0.04273748,0.009557511,,7.0,ok_dr10
ZTF21abdlvxh,9.313179535634601,EXP,19.405035,19.071005,0.1122862,0.034483254,,10.0,ok_dr10
ZTF25acfgotd,7.604170229594165,SER,16.213531,15.87784,0.024611846,0.0069801337,,16.0,ok_dr10
ZTF18aavrzxp,5.359373434032406,SER,15.753212,15.144615,0.08441,0.031231,,23.0,ok_dr9
ZTF22aaipocw,2.5337845939926424,SER,14.035607,13.452985,0.02957,0.007023,0.029787,9.0,ok_dr9
ZTF22abunrnh,2.1081845069642253,SER,18.812574,18.70377,0.01505617,0.025279379,,49.0,ok_dr10
ZTF25aascfmn,1.5230778550689057,SER,18.478676,18.18183,0.054842,0.017865,,10.0,ok_dr9
ZTF19acelcan,1.7458499616968084,EXP,22.99621,23.72642,0.12366349,0.12852629,,13.0,ok_dr10
ZTF24aagtlpi,0.04321575375261806,REX,21.900736,21.559021,0.4255735,0.39141786,,13.0,ok_dr10
ZTF21aagoldn,4.83314616501401,SER,18.63663,18.16063,0.235851,0.026566,,10.0,ok_dr9
ZTF25aaabnxh,1.9465332884349182,SER,18.500896,17.92538,0.06170703,0.0191458,,56.0,ok_dr10
ZTF25aaiouoy,5.7552853139627524,SER,15.632496,15.134153,0.047043,0.010401,0.046864,14.0,ok_dr9
ZTF22abfnfud,12.966629066543945,DUP,,,,,,5.0,ok_dr10
ZTF23aaabztz,1.1398489457361392,REX,22.753761,23.654753,0.259363,0.336455,,27.0,ok_dr9
ZTF19actfpma,7.668748257375854,EXP,21.91976,22.017595,0.035148554,0.36484036,,13.0,ok_dr10
ZTF20ackpjmb,6.12108596418624,EXP,22.63217,22.073915,0.53891987,0.08569676,,28.0,ok_dr10
ZTF18abxnvoz,0.0938482655335569,SER,15.896132,15.390689,0.041924328,0.0076646823,,25.0,ok_dr10
ZTF24aaiervg,0.7904663108893532,REX,23.904371,24.713264,0.64493585,0.49905816,,21.0,ok_dr10
ZTF25aalziig,4.381006223494378,SER,16.505829,15.941221,0.075831,0.020174,0.067619,8.0,ok_dr9
ZTF21acbphas,,,,,,,,,empty
ZTF22abfyjgo,0.3147987626506443,SER,16.150251,15.403298,0.06940888,0.0051035187,0.066522695,19.0,ok_dr10
ZTF20aaiaaoi,0.21920753934459586,SER,20.272123,20.158758,0.07631339,0.034009352,,19.0,ok_dr10
ZTF20aczgvfe,0.8717425587906499,EXP,19.735466,19.803492,0.015236,0.01837,,8.0,ok_dr9
ZTF18abcezmh,1.162608898651443,REX,16.85453,16.583603,0.036769,0.009934,,19.0,ok_dr9
ZTF23abpihew,3.6478413761336377,DUP,,,,,,1.0,ok_dr9
ZTF20abxyjfg,,,,,,,,,empty
ZTF21abyahbi,7.44772234684275,REX,20.951702,20.489538,0.299937,0.077795,,19.0,ok_dr9
ZTF24aasdtkt,2.0694351529329413,REX,12.847841,,,,,36.0,ok_dr9
ZTF19abakjci,1.4647275256230243,REX,21.61592,21.515888,0.271908,0.146509,,11.0,ok_dr9
ZTF25abpopdk,0.9429845801289248,DEV,19.258575,18.846752,0.17628,0.062884,,14.0,ok_dr9
ZTF23aazyntd,,,,,,,,,empty
ZTF20aadchdd,0.31876174201980845,DEV,21.412756,21.524818,0.594995,0.286272,,16.0,ok_dr9
ZTF19aazwnwy,0.49864935579541736,DEV,21.88169,21.7458,0.11607514,0.51944304,,15.0,ok_dr10
ZTF18ablqqqp,1.9437691658495087,SER,19.048439,18.681515,0.088625446,0.033042572,,24.0,ok_dr10
ZTF20aakodiq,5.766237586405535,REX,21.457542,25.761034,0.079655,0.260625,,14.0,ok_dr9
ZTF24aacyttg,2.4271986746514393,SER,17.460014,17.208536,0.043995,0.010268,0.056806,7.0,ok_dr9
ZTF20aatxnxq,1.8391263707205026,EXP,19.767408,19.395277,0.11191334,0.0436359,,18.0,ok_dr10
ZTF24abtglxk,1.861090346117103,SER,16.501867,16.15265,0.0294371,0.0065766308,,21.0,ok_dr10
ZTF24aahmgvr,1.8613788818701196,SER,20.27652,20.168554,0.1042259,0.13626036,,34.0,ok_dr10
ZTF22abfwchw,2.3300348203832653,REX,22.206892,21.849497,0.570185,0.263061,,8.0,ok_dr9
ZTF25absjpon,,,,,,,,,empty
ZTF22acaczle,0.4662603802417535,SER,15.654927,15.028849,0.06732571,0.021847593,,47.0,ok_dr10
ZTF19abjgdhb,3.6730432615379223,EXP,21.378824,21.510748,0.0348574,0.18987246,,15.0,ok_dr10
ZTF21abuyhau,1.5959902982212757,DUP,,,,,,9.0,ok_dr9
ZTF22aajjawt,2.8583765075879013,EXP,18.419884,18.197994,0.028409,0.017181,,12.0,ok_dr9
ZTF20aaljgcp,2.0829532037644407,SER,17.898424,17.251125,0.079499,0.013904,,9.0,ok_dr9
ZTF21aaptouk,1.7925510203104804,SER,18.23429,17.594511,0.10841773,0.01712775,,19.0,ok_dr10
ZTF18aadlaxo,0.36614197186519604,DUP,,,,,,9.0,ok_dr9
ZTF24aateouu,0.4732723897911036,EXP,16.075998,15.36731,0.050955,0.020075,0.028149,8.0,ok_dr9
ZTF20acwnrty,0.2679472496063014,REX,19.750889,19.195251,0.3268305,0.06865726,,15.0,ok_dr10
ZTF20aamdyln,1.2449973904281186,SER,17.667164,17.36015,0.028031986,0.010396712,,22.0,ok_dr10
ZTF21aamwzfi,0.5065778881539791,SER,18.640182,18.080238,0.140147,0.037949,,11.0,ok_dr9
ZTF23aagdamr,2.4925341255925857,SER,20.449505,23.512556,0.013693,0.053138,,11.0,ok_dr9
ZTF20abyxjvm,0.5322772075460546,SER,18.39402,18.06347,0.093986906,0.03297651,0.07872595,25.0,ok_dr10
ZTF21abxlpkc,0.04151931209129752,EXP,21.416203,21.12969,0.11134326,0.17875752,,25.0,ok_dr10
ZTF21aaglxow,0.9242817561636897,REX,16.324528,15.75163,0.031796,0.0083,,10.0,ok_dr9
ZTF22aaxklbk,1.5982598313372203,DUP,,,,,,9.0,ok_dr10
ZTF24aaekobc,0.4286962556508047,REX,17.994978,17.58977,0.078332,0.024684,,16.0,ok_dr9
ZTF19acrdqej,,,,,,,,,empty
ZTF20acpbbqf,1.168632067693125,SER,13.461991,12.880063,0.037766,0.005341,0.044534,10.0,ok_dr9
ZTF21abvuttc,2.1130583081039425,SER,17.94195,17.566488,0.06660071,0.019030344,,17.0,ok_dr10
ZTF21abrylwg,0.5938089353954281,REX,21.371166,20.744501,0.544349,0.20959564,,33.0,ok_dr10
ZTF18acaisao,4.899291609609667,REX,24.00527,22.91362,1.056574,0.2042759,,14.0,ok_dr10
ZTF19aantarc,1.4462243427165342,REX,23.386171,24.065271,0.5946693,0.5577548,,14.0,ok_dr10
ZTF20acyxrez,3.222747955775179,DEV,20.055172,22.476086,0.027540565,0.053456984,,25.0,ok_dr10
ZTF21achutuk,0.1413048922228889,SER,,,,,,3.0,ok_dr10
ZTF20abjpvce,13.950407498886426,DUP,,,,,,6.0,ok_dr9
ZTF20aamuqwn,3.91921950952874,SER,13.060063,12.523245,0.016195972,0.0044429963,,7.0,ok_dr10
ZTF25acinfdh,6.570107919258533,SER,20.0983,,0.017460622,0.42786753,,28.0,ok_dr10
ZTF19acbvpjn,5.898961459587673,EXP,18.488512,18.690807,0.014528,0.011617,,18.0,ok_dr9
ZTF22aafntmb,3.8124235998769684,SER,15.248953,14.612659,0.08007549,0.0066486658,0.07461308,28.0,ok_dr10
ZTF19abcemxn,12.81806883794302,REX,,,,,,2.0,ok_dr10
ZTF24aarqrkn,1.648099171271454,EXP,22.828264,22.910196,0.5331852,0.4911205,,20.0,ok_dr10
ZTF25aawterb,0.44264127583695134,SER,,18.865192,,,,5.0,ok_dr10
ZTF20abeglzu,,,,,,,,,empty
ZTF20acuzlib,1.283552693196103,SER,18.191216,17.852991,0.083157,0.020548,,4.0,ok_dr9
ZTF24aahznij,4.539280335893899,SER,18.024223,17.554731,0.059723984,0.024193104,,9.0,ok_dr10
ZTF19abgueit,,,,,,,,,empty
ZTF24abojqpw,0.08366940784041745,SER,16.603249,,,,,8.0,ok_dr10
ZTF25acgohkl,1.0778980449423126,EXP,21.548922,21.54727,0.06536905,0.10087585,,6.0,ok_dr10
ZTF22abemcpy,5.562145246721135,SER,15.063515,14.672861,0.026553914,0.0057871616,,22.0,ok_dr10
ZTF22aamgkdw,7.002840059154966,DUP,,,,,,22.0,ok_dr10
ZTF22abjagqj,4.814763569133813,EXP,22.268932,23.80069,0.057534,0.100665,,15.0,ok_dr9
ZTF19abpyqog,,,,,,,,,empty
ZTF19acdsqir,,,,,,,,,empty
ZTF24abzwpkx,3.382271113611567,SER,13.810751,13.285129,0.025509516,0.00449195,0.032427277,16.0,ok_dr10
ZTF21aaphlty,10.102415485592223,REX,23.559813,21.940992,0.832471,0.116665,,7.0,ok_dr9
ZTF23aadrume,0.07739364163966946,DUP,,,,,,4.0,ok_dr9
ZTF21aaaldio,,,,,,,,,empty
ZTF21aabfwwl,2.1366590089281114,SER,18.603325,18.70261,0.07185601,0.03201899,,19.0,ok_dr10
ZTF19abkdehm,0.6601148623203245,DEV,20.827797,20.883287,0.10436581,0.48383498,,23.0,ok_dr10
ZTF21aaqpykm,0.0877792697008872,SER,18.403557,17.877892,0.064345576,0.012189934,,17.0,ok_dr10
ZTF22aasaapb,14.048027750086467,REX,20.746613,20.577896,0.123909,0.07641,,8.0,ok_dr9
ZTF20aauvjws,9.990691481717398,SER,19.917635,20.480658,0.022987042,0.031654045,,25.0,ok_dr10
ZTF25acazvii,1.733883664367731,EXP,19.62857,19.781862,0.046458937,0.1054571,,21.0,ok_dr10
ZTF19abbxykm,0.4148387643081178,EXP,22.504396,23.918934,0.12422353,0.24960077,,14.0,ok_dr10
ZTF19abgjlef,0.024668376536415397,SER,19.132229,18.62268,0.12612572,0.027983902,,14.0,ok_dr10
ZTF24abeebbl,3.1760598711135635,EXP,21.538168,21.55828,0.14199743,0.5972184,,23.0,ok_dr10
ZTF18aceqrrs,2.222633872008755,REX,23.141981,28.429121,0.20378792,0.31541708,,24.0,ok_dr10
ZTF18acqpobb,2.8401930101965633,REX,23.101305,23.401224,0.278054,0.38272884,,17.0,ok_dr10
ZTF20acebgre,2.959882137056581,REX,23.875814,22.97018,0.87292,0.194795,,11.0,ok_dr9
ZTF22aavvqyh,0.19878787964350653,SER,18.175385,17.670439,0.08646067,0.019528992,,19.0,ok_dr10
ZTF21abmwwsq,,,,,,,,,empty
ZTF25aacqvcq,0.5905167562639532,REX,21.450987,21.207138,0.1481466,0.16644812,,13.0,ok_dr10
ZTF19aafmwhv,0.21970548488287062,REX,20.609257,20.489761,0.06892659,0.09214215,,14.0,ok_dr10
ZTF21abfnjiu,0.18644654690866733,SER,17.901304,17.608181,0.026448108,0.014069609,,17.0,ok_dr10
ZTF21aabyqps,2.545587274353406,SER,19.519081,19.082373,0.09470077,0.042599738,,12.0,ok_dr10
ZTF20acpqagp,2.6020823761887875,SER,14.989103,14.367226,0.04756197,0.010468699,,48.0,ok_dr10
ZTF23abjuygh,1.4734669479565785,SER,19.213144,19.054386,0.03245676,0.04039554,,21.0,ok_dr10
ZTF25aajuqtp,0.4829240848224858,DUP,,,,,,4.0,ok_dr9
ZTF25abhtpmw,3.935105764301237,REX,23.239109,21.606945,0.87580574,0.09448403,,28.0,ok_dr10
ZTF21abflgpq,5.327598760738319,REX,22.907228,23.277391,0.13156891,0.4184951,,19.0,ok_dr10
ZTF24aaguabz,1.084684716744779,SER,18.569874,18.354443,0.038570255,0.048157766,,27.0,ok_dr10
ZTF20abucvpo,1.2624559582111272,REX,23.098288,22.660366,1.0245805,0.3854218,,8.0,ok_dr10
ZTF19abpveqn,,,,,,,,,empty
ZTF23aavdhtr,0.3895715336984589,SER,15.731935,15.029286,0.05636164,0.0046169893,,23.0,ok_dr10
ZTF23aafsjor,4.712156555604968,REX,19.53407,20.947725,0.126122,0.159568,,11.0,ok_dr9
ZTF20abpeyat,3.155266260358892,SER,18.07577,17.583998,0.074398,0.017207,,8.0,ok_dr9
ZTF19aamhqej,4.255898287011069,SER,13.618349,13.119816,0.027094,0.005728,,7.0,ok_dr9
ZTF24abrhrgp,6.506493585235666,REX,23.442423,22.990396,0.68945277,0.52441615,,19.0,ok_dr10
ZTF22aaahjsi,6.7987774498826825,REX,22.904345,22.660137,0.43819857,0.12722932,,26.0,ok_dr10
ZTF24abhwtud,4.703925717323615,SER,15.643409,14.898681,0.053895,0.011952,0.061005,11.0,ok_dr9
ZTF25aakmhgu,0.16151777708060008,SER,19.462484,18.901638,0.13494836,0.034096632,,19.0,ok_dr10
ZTF18abdhsfc,1.0496704971435078,SER,16.314987,16.018242,0.038028,0.036367,,18.0,ok_dr9
ZTF19aalckuo,3.6884705110017832,SER,18.557848,18.267479,0.047258295,0.026974758,,17.0,ok_dr10
ZTF19aajwjwq,1.6884920521769218,DEV,22.150537,,0.35041603,0.66723627,,25.0,ok_dr10
ZTF22aaaenuc,10.39841147827388,SER,14.921094,14.375847,0.055649,0.014807,,5.0,ok_dr9
ZTF23aaxchnm,2.0733940172635252,EXP,20.949858,,0.050382458,0.24394095,,17.0,ok_dr10
ZTF21abptxfk,14.061634618328096,EXP,21.275743,20.23105,0.637552,0.060484,,7.0,ok_dr9
ZTF23aaakftr,1.284129544830316,SER,19.33411,18.962137,0.10750739,0.049496926,,35.0,ok_dr10
ZTF21abcmepi,0.22676823262278442,SER,20.344862,20.145203,0.08967555,0.05937121,,14.0,ok_dr10
ZTF20abjapav,18.133617495462705,DUP,,,,,,9.0,ok_dr10
ZTF22acaunur,6.5409085409456384,SER,18.352362,17.424852,0.28474578,0.054697104,,31.0,ok_dr10
ZTF25acfwklu,12.189823113514535,DUP,,,,,,6.0,ok_dr10
ZTF19acrwvao,0.22374878430357728,EXP,19.767946,19.61227,0.059981,0.037498,,4.0,ok_dr9
ZTF20abegiry,,,,,,,,,empty
ZTF24aazmqbf,,,,,,,,,empty
ZTF18acdwazf,2.04218347794596,DEV,22.33766,22.759605,0.63378,0.360627,,12.0,ok_dr9
ZTF21abhwnvw,6.733483391643719,DEV,,,,,,6.0,ok_dr10
ZTF25abcfyxt,3.793038128956169,SER,16.233274,15.663844,0.082962826,0.016784282,,42.0,ok_dr10
ZTF24abibcib,12.035811324089126,SER,16.647245,16.114004,0.028344942,0.012478801,,10.0,ok_dr10
ZTF20aaeujsk,,,,,,,,,empty
ZTF20adadlqv,,,,,,,,,empty
ZTF18aceaape,0.18055920232376624,SER,15.892849,15.328269,0.090755016,0.04318526,,9.0,ok_dr10
ZTF23aapgckf,5.015044082795606,EXP,18.63584,18.794811,0.009737682,0.00371916,,5.0,ok_dr10
ZTF21aavqwhh,1.547146806736491,REX,22.222202,22.630386,0.843659,0.297284,,13.0,ok_dr9
ZTF24aataxft,,,,,,,,,empty
ZTF20aayknbc,0.6409937796333538,SER,18.6338,18.649857,0.028660078,0.026645852,,25.0,ok_dr10
ZTF22aaopawk,1.6708341954341144,SER,16.478424,16.263865,0.047611,0.007508,0.050785,11.0,ok_dr9
ZTF25abewmjr,0.7754793294583318,EXP,20.963007,20.689365,0.11051299,0.08265415,,6.0,ok_dr10
ZTF25abwhfuq,7.781561750192885,SER,14.521736,13.95129,0.040821332,0.005204055,,22.0,ok_dr10
ZTF18aawitry,1.229320231621458,SER,15.746697,15.229162,0.077718,0.02331,,20.0,ok_dr9
ZTF19aakrhzj,0.10790652333905656,SER,23.173168,23.858965,0.76600105,0.64108986,,54.0,ok_dr10
ZTF20abfcrzj,2.697722378453374,DEV,,12.243299,,,,2.0,ok_dr10
ZTF19adcdtkw,8.57805115686322,REX,24.53639,23.721024,1.1718181,0.43950984,,21.0,ok_dr10
ZTF22abkfhua,0.1492101138033815,SER,16.197266,15.66306,0.07315183,0.023799678,,25.0,ok_dr10
ZTF19aanetjx,0.1510735125916444,SER,16.402817,15.886046,0.045855552,0.01237744,0.053075943,23.0,ok_dr10
ZTF21aahptim,4.486940067847426,REX,24.57067,,0.52173185,0.7108989,,27.0,ok_dr10
ZTF23aawcatm,,,,,,,,,empty
ZTF21abukwfl,1.5107308782973319,SER,16.872053,16.61787,0.06658318,0.030934222,0.081213914,9.0,ok_dr10
ZTF19aayjhpg,0.028108022982545375,DEV,,,,,,9.0,ok_dr10
ZTF18acqtjcz,0.72949621878208,SER,17.251696,16.542076,0.09638844,0.02157594,0.062681906,17.0,ok_dr10
ZTF21achpuoa,,,,,,,,,empty
ZTF25abmxvln,6.990497413349057,SER,17.076887,16.701515,0.041520026,0.010324919,,25.0,ok_dr10
ZTF19acdabep,15.72139336811899,EXP,22.633043,22.972198,0.324949,0.22203,,14.0,ok_dr9
ZTF24abqvdnb,0.7007601824676857,REX,17.580544,17.229914,0.09718562,0.020161359,,43.0,ok_dr10
ZTF22abytqji,0.4511776838702748,SER,17.004265,16.271776,0.053836,0.006901,,10.0,ok_dr9
ZTF23aazpupj,0.7100886631080714,DUP,,,,,,20.0,ok_dr10
ZTF18aazblzy,7.820868114050677,REX,26.511593,22.15186,1.016982,0.238635,,19.0,ok_dr9
ZTF20acvjlev,2.3490141242513487,SER,16.498274,16.114916,0.041531,0.011454,0.028045,17.0,ok_dr9
ZTF24aaekbim,0.4151805023522727,SER,17.885176,17.51673,0.05446645,0.017374257,,45.0,ok_dr10
ZTF23abcqwkn,0.3093800327638457,SER,16.126858,15.511519,0.04823442,0.008838458,0.03409036,25.0,ok_dr10
ZTF23aadwigb,0.2530176378393353,SER,18.950184,18.669846,0.10303652,0.04252539,,15.0,ok_dr10
ZTF20aaxxepr,5.332011141437092,REX,25.442225,23.219913,1.1595165,0.27761564,,22.0,ok_dr10
ZTF19acbrtbh,2.114514354087076,REX,17.330656,16.941645,0.12145532,0.08121649,,32.0,ok_dr10
ZTF22aadggnb,2.4834485989875725,SER,16.361172,15.613424,0.0903141,0.007611883,,11.0,ok_dr10
ZTF24aaphwtj,0.5773657155989251,SER,20.546051,20.302624,0.22075072,0.18475515,,16.0,ok_dr10
ZTF23aawzyao,3.14298258836665,REX,22.451693,22.675138,0.71633583,0.62054676,,37.0,ok_dr10
ZTF20aafxzej,0.26166735241078787,SER,18.289507,17.657537,0.27810097,0.056036104,,21.0,ok_dr10
ZTF21abpwtde,1.404384857531672,EXP,20.23063,19.94634,0.062704876,0.030489445,,9.0,ok_dr10
ZTF25aceglpp,9.948061594324514,SER,14.652095,14.131469,0.030037064,0.0065626577,0.030736487,10.0,ok_dr10
ZTF18acbwaxk,16.284741315566045,REX,20.970762,22.233393,0.024724,0.092967,,7.0,ok_dr9
ZTF21abrotmc,0.447158481047156,DEV,17.99845,17.269066,0.14015819,0.015845113,,29.0,ok_dr10
ZTF22aaspijs,5.927706421118639,REX,25.122799,23.635857,1.025666,0.41217205,,34.0,ok_dr10
ZTF21aawxqia,1.021262136777446,EXP,21.720806,21.635159,0.0673,0.331112,,15.0,ok_dr9
ZTF20acnsinb,1.137809056785866,SER,18.034807,17.612139,0.095053986,0.016048245,,35.0,ok_dr10
ZTF24aasfxgh,0.4580242894683235,SER,17.120005,16.470665,0.058081556,0.032471348,,19.0,ok_dr10
ZTF21aaglret,,,,,,,,,empty
ZTF25aajghtw,2.6192440701988353,SER,17.105408,16.432655,0.09274588,0.010371725,0.09039983,8.0,ok_dr10
ZTF19acechlg,,,,,,,,,empty
ZTF23abrzfge,,,,,,,,,empty
ZTF25aadkudx,7.770336186238379,REX,20.419691,21.566505,0.019765,0.063506,,23.0,ok_dr9
ZTF23aaabeyy,5.68361995776606,DUP,,,,,,16.0,ok_dr10
ZTF19aaysjah,0.09913531236039501,SER,12.443912,11.839417,0.035125658,0.011360292,,3.0,ok_dr10
ZTF25aapthsg,2.560344992471922,SER,16.200567,15.493382,0.072133,0.005921,0.066759,11.0,ok_dr9
ZTF20abmdfcy,3.3683289317300247,DUP,,,,,,19.0,ok_dr10
ZTF19aavolzm,,,,,,,,,empty
ZTF18accdvrb,0.8507297794797148,SER,12.950522,12.445507,0.015625278,0.004280898,,7.0,ok_dr10
ZTF18abshtdj,11.87419339151425,SER,14.283043,13.663026,0.032754704,0.0071263085,,26.0,ok_dr10
ZTF23abdynfn,11.212707265153156,REX,24.8407,,1.169303,0.7107894,,28.0,ok_dr10
ZTF21aaabwfl,3.0427262827476667,SER,17.902958,17.460163,0.086393535,0.020182477,,18.0,ok_dr10
ZTF18adazblo,4.396136069084847,DEV,21.72292,21.805597,0.37224072,0.40123037,,17.0,ok_dr10
ZTF25acfwksj,3.464095829450983,SER,15.132512,14.621374,0.047718875,0.014575336,,36.0,ok_dr10
ZTF20aclwwhz,1.137809056785866,SER,18.034807,17.612139,0.095053986,0.016048245,,35.0,ok_dr10
ZTF19aalahqa,1.3391748114001525,SER,16.597494,16.264793,0.03171552,0.00745834,,18.0,ok_dr10
ZTF19abpnsck,5.911809198556086,REX,22.971119,22.883718,0.6962636,0.66630405,,21.0,ok_dr10
ZTF18aaxryfw,13.976915057445735,REX,22.919365,23.025934,0.431586,0.206289,,5.0,ok_dr9
ZTF19abjsmmv,5.568095962364737,SER,13.691771,13.215681,0.021784,0.005161,0.018593,9.0,ok_dr9
ZTF20acuhlns,,,,,,,,,empty
ZTF25aacawsr,0.2613931112435604,SER,17.13357,16.553968,0.13229431,0.0294828,,11.0,ok_dr10
ZTF22aafnldl,0.60467130357832,SER,17.809383,17.272583,0.073214,0.014735,,7.0,ok_dr9
ZTF19acrcxri,2.461022022352056,SER,18.993645,18.667316,0.08924965,0.5462306,,20.0,ok_dr10
ZTF25aaymdbo,3.5068058457983904,SER,,14.702387,,,,26.0,ok_dr10
ZTF21aceqpgp,3.012803883586263,EXP,17.05038,16.895287,0.022111993,0.006262786,,17.0,ok_dr10
ZTF19abjswdz,,,,,,,,,empty
ZTF18acrwheu,1.420193818919249,SER,20.264402,20.029922,0.056996323,0.038456883,,17.0,ok_dr10
ZTF20abqkaoc,3.051218191817126,EXP,17.410027,16.905842,0.076741,0.014938,,10.0,ok_dr9
ZTF22aabwuwv,1.7267498571720106,EXP,20.067366,19.719454,0.15456909,0.035250917,,19.0,ok_dr10
ZTF23aaawbsy,0.23998795342080695,REX,22.781065,22.72353,0.485978,0.352405,,10.0,ok_dr9
ZTF20abkfhzy,,,,,,,,,empty
ZTF25aacbbqh,,,,,,,,,empty
ZTF25aceolpx,1.6604297504783398,SER,18.3353,17.990868,0.053956676,0.019138712,,11.0,ok_dr10
ZTF18abcyzsf,,,,,,,,,empty
ZTF22aaskqie,0.09736533293651116,SER,18.939903,18.632467,0.05181276,0.02378001,,16.0,ok_dr10
ZTF24abwniiv,2.9031334305225855,REX,21.267399,21.406826,0.046147294,0.16885012,,19.0,ok_dr10
ZTF21acfaugw,6.664697614770735,REX,22.55814,21.555965,0.7401892,0.12017034,,19.0,ok_dr10
ZTF22abfytal,0.30771919085577737,REX,21.712315,21.421026,0.3243593,0.18471037,,5.0,ok_dr10
ZTF25aamisyt,,,,,,,,,empty
ZTF22abiyeae,1.8969069100439593,SER,18.988747,18.633156,0.08488,0.033178806,,14.0,ok_dr10
ZTF23abnxcty,0.8127494646256075,SER,16.937475,16.41505,0.071561,0.018859,0.070759,11.0,ok_dr9
ZTF25acieizv,8.102113492401163,DUP,,,,,,5.0,ok_dr10
ZTF21achqiue,0.8266609890224517,SER,16.11818,15.754466,0.031493362,0.013350894,,14.0,ok_dr10
ZTF20acaazkt,0.1245361439793476,SER,18.243715,17.877415,0.067443,0.033469,,17.0,ok_dr9
ZTF24aajqwsm,2.8858293109127597,EXP,17.30647,16.856209,0.037387185,0.0073978673,,20.0,ok_dr10
ZTF19aamhqow,1.4933724653368288,SER,15.270363,14.546561,0.085133344,0.008951864,0.057538386,9.0,ok_dr10
ZTF22abygqnq,0.3498291658725617,EXP,20.400152,20.052124,0.19851893,0.048425097,,17.0,ok_dr10
ZTF20aaifyrs,5.4018128142145345,SER,14.606479,13.67605,0.03430776,0.008168782,,23.0,ok_dr10
ZTF19aavvozj,,,,,,,,,empty
ZTF25acbduge,0.20556239084811878,EXP,21.148558,20.90791,0.20344728,0.09151252,,21.0,ok_dr10
ZTF23abovaur,1.0147371521340214,SER,16.972626,16.649584,0.03361249,0.015562266,0.02394087,21.0,ok_dr10
ZTF20abgxuqt,,,,,,,,,empty
ZTF19abdlffo,1.8216897580402003,SER,18.214346,17.518845,0.16564962,0.033386495,,16.0,ok_dr10
ZTF19acxolhu,1.0044764515368891,SER,19.810265,19.568369,0.2512158,0.057935495,,19.0,ok_dr10
ZTF21acfslmr,3.5575175559561703,SER,21.922644,21.026497,0.8439483,0.14427264,,22.0,ok_dr10
ZTF21abduoun,0.3476146483183232,EXP,22.271292,23.886576,0.013236,0.143939,,12.0,ok_dr9
ZTF18acgqweq,0.03371269829453006,REX,18.883587,18.1998,0.3554646,0.051645678,,19.0,ok_dr10
ZTF20abrdvpj,0.4703329856770901,REX,19.832352,19.488607,0.11916,0.023379,,13.0,ok_dr9
ZTF22abspgzy,,,,,,,,,empty
ZTF22aaaooyv,10.42675096971518,SER,16.360985,16.31875,0.0077378512,0.007579104,,9.0,ok_dr10
ZTF22aahaasc,1.5280794603310455,EXP,23.068274,22.084585,0.63029397,0.10226237,,20.0,ok_dr10
ZTF25aabmhly,,,,,,,,,no_gal
ZTF22abvcdmu,2.2476306158617403,DUP,,,,,,11.0,ok_dr10
ZTF25abcbbho,2.8261532475180857,SER,21.229748,21.314064,0.07176842,0.095774315,,13.0,ok_dr10
ZTF22abkabeh,9.068740035467398,DEV,14.764325,14.044551,0.056721,0.013071,,5.0,ok_dr9
ZTF25aaglrlj,,,,,,,,,empty
ZTF22abavsqq,1.6954969019461623,EXP,17.505724,16.85339,0.08310568,0.016742732,,6.0,ok_dr10
ZTF23aadruma,0.5948652618570421,REX,22.647463,22.689169,0.676827,0.405162,,7.0,ok_dr9
ZTF23aanpyeb,22.03782456092368,REX,22.773708,23.374659,0.64875704,0.42506897,,3.0,ok_dr10
ZTF19abfhszx,0.6824248510887537,EXP,,20.300158,,,,8.0,ok_dr10
ZTF20acpbdvm,6.5557745212951755,REX,24.177967,22.759018,0.8235659,0.39484122,,33.0,ok_dr10
ZTF22aamrkns,1.0076080830553207,SER,,16.852303,,,,15.0,ok_dr10
ZTF24aaucrua,,,,,,,,,no_gal
ZTF22aanmbrl,,,,,,,,,empty
ZTF22aaitzvr,0.6596838091820848,SER,17.38879,16.978394,0.03725001,0.026240233,,20.0,ok_dr10
ZTF21abcmjdy,1.295508452171807,EXP,22.576096,22.255306,0.7576059,0.47327742,,40.0,ok_dr10
ZTF21abvcuhk,2.9407987129920983,DEV,19.637707,20.133678,0.029114434,0.016962664,,26.0,ok_dr10
ZTF25aabmjel,3.231079323747238,SER,19.12719,18.722385,0.07827358,0.037395015,,23.0,ok_dr10
ZTF23aadqhae,,,,,,,,,empty
ZTF25aaopvlb,10.385285312703143,SER,14.804688,14.128173,0.048936985,0.010459519,,29.0,ok_dr10
ZTF23abjrolf,0.8377002517968044,SER,18.49671,18.737156,0.006692862,0.014026534,,12.0,ok_dr10
ZTF20acwgnxk,,,,,,,,,empty
ZTF18acmyxfx,0.44918433044766287,EXP,18.69744,18.08837,0.08789504,0.017841082,,16.0,ok_dr10
ZTF21aawlcwh,,,,,,,,,empty
ZTF24abyhunm,0.26372089186619363,SER,16.952425,16.3135,0.07179982,0.007981356,,17.0,ok_dr10
ZTF19ablojrw,,,,,,,,,empty
ZTF22aajtsxd,,,,,,,,,empty
ZTF19aassqix,,,,,,,,,empty
ZTF20abcgkom,3.9709665391853703,DUP,,,,,,25.0,ok_dr10
ZTF21aahdpqu,0.15968846191375424,SER,16.24963,15.643468,0.07857118,0.00925576,,20.0,ok_dr10
ZTF19abqshry,7.53235693062562,SER,15.210333,14.875648,0.029747,0.005066,0.0308,22.0,ok_dr9
ZTF23aapwwak,7.524454137865485,REX,25.625378,,1.5642476,0.8339218,,22.0,ok_dr10
ZTF19abzqwpr,2.4957803996266774,SER,20.399488,20.037811,0.24313179,0.18268715,,17.0,ok_dr10
ZTF21aaobcrz,,,,,,,,,empty
ZTF25abhibmk,2.408758091522648,SER,18.428793,17.771484,0.098576024,0.016839013,,20.0,ok_dr10
ZTF22abnlwjv,3.4408165786124414,SER,15.012581,14.490163,0.048707,0.009116,0.046586,9.0,ok_dr9
ZTF24aaosqgf,1.3138406629196413,REX,17.2187,16.948788,0.015094264,0.009360807,0.018767396,12.0,ok_dr10
ZTF20aaurzce,1.954825281815977,EXP,20.904276,20.388567,0.515367,0.204016,,16.0,ok_dr9
ZTF25aalqrpj,6.352975614412504,DUP,,,,,,21.0,ok_dr10
ZTF20abujoya,,,,,,,,,empty
ZTF22aabxuxf,0.45592419074988283,DEV,22.692106,22.361887,0.5549848,0.44858408,,10.0,ok_dr10
ZTF22aarqrxf,0.12051385281545159,REX,21.907936,21.706776,0.29361653,0.14830516,,10.0,ok_dr10
ZTF22aaczige,2.539622245895944,SER,15.264323,14.65003,0.065852426,0.0077543603,0.07177568,17.0,ok_dr10
ZTF22aaacpav,3.2246652025852844,SER,15.739611,15.088389,0.083094,0.013682,,14.0,ok_dr9
ZTF24aaehfgk,,,,,,,,,empty
ZTF25aabaanf,5.597750247952776,SER,15.14572,14.558179,0.02894778,0.0059013553,,13.0,ok_dr10
ZTF21acidhhs,1.7118138371737426,REX,17.556143,17.323078,0.075552,0.017399,0.076916,10.0,ok_dr9
ZTF25aayvwoc,1.250727926741983,SER,19.391771,21.074112,0.06323267,0.21017414,,16.0,ok_dr10
ZTF21abnujlh,0.247586443629247,DUP,,,,,,13.0,ok_dr10
ZTF22aalyevy,3.7269257208658244,SER,14.468046,13.869543,0.033824164,0.006749666,0.035060335,6.0,ok_dr10
ZTF24abugrwf,1.7227346522419746,EXP,19.896824,19.67025,0.102692,0.044872,,18.0,ok_dr9
ZTF23aaeqhkx,0.9866088525586214,SER,16.021854,15.488455,0.030569281,0.007946232,0.030347366,10.0,ok_dr10
ZTF22aarbard,3.9722856402936717,EXP,,17.27998,,,,10.0,ok_dr10
ZTF19abfvovo,,,,,,,,,empty
ZTF19abfloxk,,,,,,,,,empty
ZTF21acgzgvm,,,,,,,,,empty
ZTF23aaahusn,3.2345654895526224,REX,16.630774,16.05161,0.075119175,0.01588667,0.071480565,16.0,ok_dr10
ZTF19abxhtzs,0.02619061556975814,REX,,17.521637,,,,14.0,ok_dr10
ZTF25aamgkfe,6.037733172326609,SER,20.35455,19.161543,0.396836,0.059765,,13.0,ok_dr9
ZTF20achawym,1.0704392270880856,DUP,,,,,,17.0,ok_dr10
ZTF22abckjon,5.135898960149796,SER,14.964066,14.534853,0.044541284,0.008603871,,16.0,ok_dr10
ZTF20actveqm,0.47149420272067855,EXP,21.241026,20.775064,0.23742417,0.26681688,,24.0,ok_dr10
ZTF22abhuvqj,1.872629752825936,SER,20.95085,20.951145,0.058636032,0.084614,,35.0,ok_dr10
ZTF25abxkwsn,,,,,,,,,empty
ZTF20acxtewc,7.138824663828003,DEV,21.784388,21.506716,0.48294666,0.2352454,,20.0,ok_dr10
ZTF22aawcmcr,,,,,,,,,empty
ZTF20abfhway,6.448880485173452,DUP,,,,,,10.0,ok_dr10
ZTF18aakvxqj,4.580849167004828,REX,23.286453,23.022404,0.681994,0.251172,,6.0,ok_dr9
ZTF25absjvvl,11.417295728570515,REX,22.555798,22.238338,0.43218076,0.17070507,,9.0,ok_dr10
ZTF25aappymi,,,,,,,,,empty
ZTF21aahfizt,0.16960610624774447,REX,22.728203,22.710548,0.5908415,0.5555055,,22.0,ok_dr10
ZTF20acikuon,1.37210968113056,EXP,22.566843,22.01359,0.4961059,0.083349824,,37.0,ok_dr10
ZTF25aaafbbk,1.6590385833358372,REX,21.264282,21.386683,0.302023,0.221577,,24.0,ok_dr9
ZTF18abxygvv,0.14823420020797723,SER,20.327791,19.716255,0.200285,0.045625,,7.0,ok_dr9
ZTF25aaisfid,2.3564084386474513,EXP,18.131979,17.856894,0.09191769,0.03050265,,22.0,ok_dr10
ZTF20aalbtwh,,,,,,,,,empty
ZTF18achtnvk,2.582743752794335,EXP,16.41446,15.846486,0.032072,0.013883,,8.0,ok_dr9
ZTF23aadtvmb,0.06873784006921002,SER,17.119331,16.517344,0.14583,0.02402,,17.0,ok_dr9
ZTF20abtajxq,4.083368176740305,REX,17.606134,17.248638,0.050153,0.018623,0.08179,8.0,ok_dr9
ZTF21aaabwem,7.7908437025047705,SER,15.942208,15.556823,0.036907647,0.0069515845,0.03176597,11.0,ok_dr10
ZTF23aadszza,,,,,,,,,empty
ZTF18aaykjei,1.7152380900685373,SER,18.920355,18.424026,0.101056,0.017891,,16.0,ok_dr9
ZTF20acszhad,8.589235054809587,REX,23.217419,22.47102,0.45270932,0.11633068,,21.0,ok_dr10
ZTF19actnyae,6.092418253537536,SER,16.934258,16.582647,0.045470636,0.011626532,0.031503443,18.0,ok_dr10
ZTF24abcpmak,5.991611867203194,DUP,,,,,,5.0,ok_dr10
ZTF25aadnujq,1.901081697013693,SER,17.040274,16.372929,0.097949184,0.011097305,0.080585085,54.0,ok_dr10
ZTF21acoqfar,9.886902365096864,REX,23.271965,23.85049,0.543167,0.304364,,11.0,ok_dr9
ZTF23aasopeh,3.6641040490301076,SER,17.33687,16.952688,0.02836522,0.01058902,,14.0,ok_dr10
ZTF20aalejtl,1.3554306148083257,SER,17.383873,16.667173,0.137553,0.015045,0.062927,10.0,ok_dr9
ZTF25aajscwm,3.2000517738877363,DUP,,,,,,55.0,ok_dr10
ZTF18aayyxxp,2.619410422560694,SER,15.490148,15.248632,0.019017,0.005952,,5.0,ok_dr9
ZTF24abxgsjr,1.4611070311390468,REX,16.559978,15.908883,0.07339872,0.013019199,,26.0,ok_dr10
ZTF21aagtcgb,0.7494690247939408,SER,17.668182,17.123165,0.051966,0.013137,0.0375,16.0,ok_dr9
ZTF24aarvbxj,2.4663282293059434,SER,,,,,,12.0,ok_dr10
ZTF22abgbhjs,7.459144487210587,EXP,19.679714,19.794943,0.048617378,0.025041703,,18.0,ok_dr10
ZTF20acgyvgs,,,,,,,,,empty
ZTF18acvwbos,0.8244992695358455,SER,18.995289,18.87879,0.020628,0.012376,,10.0,ok_dr9
ZTF21abbuxfm,1.9481222894044306,SER,21.485857,20.67653,0.74626553,0.29896143,,16.0,ok_dr10
ZTF26aaoebni,0.6422840479162538,SER,16.53192,15.970609,0.036751382,0.01783779,,16.0,ok_dr10
ZTF19aavqoop,1.2820066495983926,EXP,19.67481,19.306866,0.118185,0.039063,,10.0,ok_dr9
ZTF23aawwabr,12.765097929620513,REX,23.446157,22.347597,0.9809606,0.13045287,,10.0,ok_dr10
ZTF19aanfukh,0.5280901339928964,EXP,19.412119,19.476282,0.012030667,0.00815659,,12.0,ok_dr10
ZTF18acsxpmp,1.9953162963495537,EXP,20.770294,20.624012,0.07762132,0.27737263,,25.0,ok_dr10
ZTF25acgbahf,19.08059118176869,SER,12.278217,11.646048,0.038220894,0.016174128,,2.0,ok_dr10
ZTF22aadgsdi,10.640462462591993,REX,22.91989,22.49067,0.999151,0.294772,,10.0,ok_dr9
ZTF23abaxkwq,,,,,,,,,empty
ZTF21acclizu,4.789570385931065,SER,16.09597,15.862825,0.038114,0.00672,,15.0,ok_dr9
ZTF21abiawpf,2.2258502696571214,REX,21.867325,21.923687,0.11013,0.214264,,21.0,ok_dr9
ZTF20adadffg,,,,,,,,,empty
ZTF22abgbydx,1.730402939453783,REX,23.421968,22.547916,0.7234384,0.20133932,,11.0,ok_dr10
ZTF22aakanzk,0.9332868175181054,REX,21.872725,21.806944,0.356371,0.199784,,8.0,ok_dr9
ZTF24aaxdooe,0.6992670489159752,SER,20.888714,20.86056,0.05602193,0.0598835,,31.0,ok_dr10
ZTF23aakprat,3.258456120891589,REX,21.18441,21.04456,0.151705,0.178064,,12.0,ok_dr9
ZTF21aadrtcs,0.48760211960618294,SER,16.090683,15.53013,0.05214363,0.015904505,,42.0,ok_dr10
ZTF25abscivt,1.5593098083783288,SER,17.425434,16.756166,0.080855206,0.018181447,0.07748712,22.0,ok_dr10
ZTF22aaolhhl,4.225525134142099,SER,14.978303,14.553711,0.034571387,0.0069851945,,11.0,ok_dr10
ZTF24aanyhwz,7.42919164068877,SER,15.364807,14.933466,0.030108,0.006405,,5.0,ok_dr9
ZTF25aalkyad,1.3677924674454407,EXP,21.031565,21.20514,0.062904,0.04404,,14.0,ok_dr9
ZTF21abvvuhm,1.5677076348895567,SER,16.867563,16.491913,0.079891466,0.01496569,,27.0,ok_dr10
ZTF21abkqkon,0.714581333849662,REX,18.106781,17.713013,0.0769216,0.016615495,,31.0,ok_dr10
ZTF24abzwphv,4.361289689338429,SER,16.250248,15.834767,0.04027749,0.008737379,0.055697203,14.0,ok_dr10
ZTF21abgmyzw,1.3582150451976178,EXP,20.433495,20.145864,0.10999858,0.07324806,,8.0,ok_dr10
ZTF24abfzzhc,1.6684054046748549,SER,18.10414,17.521593,0.08730416,0.020591356,,14.0,ok_dr10
ZTF18aahvndq,2.122048885298225,SER,14.458992,13.769069,0.0293948,0.0070915613,0.015438519,22.0,ok_dr10
ZTF24aaecooj,0.19000786657179267,SER,15.805205,15.243767,0.062643565,0.014010809,,45.0,ok_dr10
ZTF19aagkfvq,0.10069608935276252,SER,16.847317,16.23029,0.056456707,0.011594377,,13.0,ok_dr10
ZTF18aavsilo,0.31926527666271065,SER,14.329404,13.636313,0.04120526,0.0057481737,0.045763455,11.0,ok_dr10
ZTF21aaadiap,1.9859914262863836,SER,15.826836,15.551018,0.039602164,0.008377076,0.04540667,36.0,ok_dr10
ZTF18aayltmt,0.05099236838671726,DUP,,,,,,12.0,ok_dr10
ZTF23aaqvofl,,,,,,,,,empty
ZTF22abfbjem,,,,,,,,,empty
ZTF20abwaoey,1.1141947712815903,REX,20.39646,20.051702,0.140763,0.039887,,6.0,ok_dr9
ZTF22aaigqsr,0.9431793033318104,SER,14.904716,14.194666,0.04612145,0.0044070124,0.044938248,27.0,ok_dr10
ZTF19aakobov,3.366868482190968,REX,16.334917,15.871961,0.057255,0.019362,,7.0,ok_dr9
ZTF23aamsarj,3.1145240252781354,SER,17.651083,17.001087,0.042831652,0.009886684,,19.0,ok_dr10
ZTF25acgngdl,7.64401211057914,REX,23.070942,22.067421,0.87245536,0.14331238,,15.0,ok_dr10
ZTF24aaxkipy,,,,,,,,,empty
ZTF20acwqqjs,9.771410081955734,SER,21.595324,20.46678,0.7659383,0.06614072,,19.0,ok_dr10
ZTF21abtephz,0.8733678232563707,SER,17.249462,16.939363,0.023569595,0.0088275885,0.02277309,15.0,ok_dr10
ZTF24abllaqk,7.862524651724601,DUP,,,,,,15.0,ok_dr10
ZTF18abetehf,3.3811042007484686,DUP,,,,,,11.0,ok_dr10
ZTF21aagsihi,0.34263906062236943,SER,16.860727,16.329315,0.06013519,0.03504851,0.023722304,13.0,ok_dr10
ZTF22abfyvhf,,,,,,,,,empty
ZTF19abpfxfs,,,,,,,,,empty
ZTF19aallvor,1.0999101965185272,SER,19.320072,19.037453,0.094508216,0.062210917,,10.0,ok_dr10
ZTF23abiewbt,0.6047843409420288,SER,18.044828,17.94228,0.009089,0.011156453,,21.0,ok_dr10
ZTF18aasypqx,0.030933284347145883,SER,16.295698,15.946751,0.037590332,0.012249446,0.07277519,11.0,ok_dr10
ZTF23aaoqytf,,,,,,,,,empty
ZTF20aaurgib,7.000213582009991,SER,13.072153,12.584489,0.01972,0.005307,,6.0,ok_dr9
ZTF18aanygjk,0.70922370219024,SER,14.951143,14.388807,0.039976,0.009601,,11.0,ok_dr9
ZTF20aahptds,9.212921663770423,SER,16.062693,15.39924,0.108599,0.017865,0.076558,8.0,ok_dr9
ZTF19acnkeji,,,,,,,,,empty
ZTF19ablekwo,,,,,,,,,empty
ZTF22abnvurz,6.362224410817853,REX,15.576246,15.23204,0.055305056,0.01914905,,13.0,ok_dr10
ZTF18abdfwcy,12.63394331575783,SER,16.356894,16.168259,0.017759,0.007126,0.014025,18.0,ok_dr9
ZTF19abplfxs,1.7381608093470333,SER,21.870834,21.475847,0.5197246,0.4805385,,21.0,ok_dr10
ZTF21aaokvio,0.2261521819515224,REX,23.167696,23.12312,0.4731158,0.3309265,,19.0,ok_dr10
ZTF25aadjukb,2.88465395128418,SER,17.484482,17.404137,0.030442,0.011003,0.042567,11.0,ok_dr9
ZTF22aaajcft,0.1904922355801101,SER,19.307646,18.970573,0.11302245,0.036682174,,16.0,ok_dr10
ZTF22abniami,,,,,,,,,empty
ZTF18aaxkfos,0.4804488789381905,SER,17.830986,17.238342,0.157227,0.026242,,10.0,ok_dr9
ZTF24aahgcwg,2.3646313708676585,SER,16.310005,15.457352,0.062312,0.008922,,8.0,ok_dr9
ZTF23abahlns,1.7500480197855715,SER,,,,,,17.0,ok_dr10
ZTF25abnnpmt,0.48279783666929177,EXP,20.250381,19.77719,0.12152743,0.031719662,,12.0,ok_dr10
ZTF20aavvaup,0.7344969946408166,REX,20.123697,20.507147,0.063128,0.025795,,16.0,ok_dr9
ZTF25abvnrxq,7.002580583624129,DEV,23.663956,22.848444,0.97111595,0.24078833,,38.0,ok_dr10
ZTF25aaupzsu,7.128262469359152,SER,19.513144,19.777372,0.018833147,0.020267205,,30.0,ok_dr10
ZTF20aagnbes,8.006977347586126,EXP,17.887238,17.96362,0.019399,0.010118,,6.0,ok_dr9
ZTF18abakjgq,,,,,,,,,empty
ZTF20abgbdeh,4.244927493316832,SER,,,,,,17.0,ok_dr10
ZTF25abhynnb,7.081677389743392,SER,21.73616,21.777763,0.023828367,0.1543868,,56.0,ok_dr10
ZTF19abdkcts,0.1242375472617445,DEV,,,1.7231864,0.72967446,,43.0,ok_dr10
ZTF25aawvhce,0.3203103870215887,EXP,20.971258,20.481441,0.23433647,0.08287535,,17.0,ok_dr10
ZTF20acpjbgc,,,,,,,,,empty
ZTF25aaoqltj,2.7471308230369105,SER,19.710556,19.47368,0.11010698,0.04958908,,16.0,ok_dr10
ZTF21abvcarc,10.106745511740812,DUP,,,,,,9.0,ok_dr10
ZTF18aanxlcr,0.7615604290705699,SER,15.282042,14.721172,0.059678,0.008964,0.063571,11.0,ok_dr9
ZTF23aarrwwl,2.74872886968921,SER,19.659637,19.326523,0.11905843,0.023610722,,12.0,ok_dr10
ZTF19aavaikm,0.47333870906425035,REX,19.534243,20.311901,0.34678403,0.11319976,,13.0,ok_dr10
ZTF19aanfqug,0.5195861093197067,REX,22.396622,22.545153,0.18469468,0.24232566,,17.0,ok_dr10
ZTF23aaqjumr,1.0215609339256952,SER,17.586731,17.070475,0.10834754,0.016292905,0.08615136,20.0,ok_dr10
ZTF24abqqven,8.427259307790589,REX,22.413332,22.666962,0.16858003,0.602813,,11.0,ok_dr10
ZTF25abwqbxp,,,,,,,,,empty
ZTF25aabegog,1.5287866349904844,SER,21.701439,21.386192,0.44112527,0.19892357,,26.0,ok_dr10
ZTF24abojoup,,,,,,,,,empty
ZTF19acgzwbm,5.411641609436947,DUP,,,,,,4.0,ok_dr10
ZTF23abcglga,,,,,,,,,empty
ZTF23abaeenk,6.16476823930441,EXP,,,,,,13.0,ok_dr10
ZTF20acozxxt,,,,,,,,,no_gal
ZTF25aavjytr,1.1964155621888046,SER,17.484003,17.256683,0.056639,0.011571,,8.0,ok_dr9
ZTF18aahfqbc,14.967137779159124,REX,20.582413,,0.026792,0.14482,,13.0,ok_dr9
ZTF21aamjgfp,1.7886909251212262,SER,19.54595,19.36028,0.088802636,0.07706293,,36.0,ok_dr10
ZTF20abfehpe,1.0724340513473567,EXP,18.893335,18.606787,0.072254814,0.02351213,,9.0,ok_dr10
ZTF22ablbgrl,8.073098370408067,REX,21.339794,20.8657,0.6570386,0.45320606,,29.0,ok_dr10
ZTF23aadcaqo,3.4459081108598575,SER,13.659305,13.120339,0.018428,0.003051,0.016059,8.0,ok_dr9
ZTF19acojxzo,2.832227638310014,SER,16.288626,15.85623,0.063942,0.011617,0.062236,4.0,ok_dr9
ZTF19abbxvlp,1.0636955518715092,SER,19.767159,18.854015,0.41434228,0.15807928,,31.0,ok_dr10
ZTF20acgrvqo,0.5994574393256313,SER,15.795278,15.459391,0.027156256,0.0074907793,,29.0,ok_dr10
ZTF21aaafzwx,,,,,,,,,empty
ZTF25aakhihh,1.09428831174282,EXP,22.542406,22.25162,0.41083068,0.21055262,,14.0,ok_dr10
ZTF21aagtqgq,1.250728868710707,SER,16.471727,15.85221,0.097858,0.010362,0.11013,14.0,ok_dr9
ZTF21aaossxf,15.732687699832741,DUP,,,,,,11.0,ok_dr10
ZTF25aavpdlj,0.06559405373857718,EXP,19.046076,18.75133,0.06662315,0.035179432,,8.0,ok_dr10
ZTF21abqftqr,10.776554853397021,SER,13.859624,13.313004,0.02589,0.00536,,2.0,ok_dr9
ZTF23abpydvb,0.5958854108244719,EXP,22.530117,22.600767,0.30001187,0.30983606,,16.0,ok_dr10
ZTF25achhduc,0.5237666918674035,EXP,22.472273,22.223516,0.719741,0.396575,,15.0,ok_dr9
ZTF23aaajtan,4.808892631472461,REX,,,1.1228905,0.8293034,,35.0,ok_dr10
ZTF22abgawlh,5.804700350982344,DUP,,,,,,28.0,ok_dr10
ZTF20aaoojli,2.1631324831022654,SER,16.396305,15.837227,0.081313185,0.010315847,0.05103637,30.0,ok_dr10
ZTF21abwukki,1.602973808080426,SER,16.60232,15.968682,0.073425114,0.012014514,,16.0,ok_dr10
ZTF25acjddvq,1.1196388634376988,SER,16.953629,16.475428,0.068268,0.012266,0.075002,12.0,ok_dr9
ZTF18acxhvzb,0.09178510069927649,SER,16.770689,16.149738,0.09284389,0.017730642,,19.0,ok_dr10
ZTF19aawsdlq,9.997206809886084,SER,16.436085,15.712429,0.08623021,0.009776521,0.08154036,52.0,ok_dr10
ZTF23aagygjg,1.1993062339595664,EXP,20.01661,,0.053938,0.121241,,21.0,ok_dr9
ZTF22abynxyi,5.063594381994247,SER,14.154995,13.501504,0.03234841,0.0037916945,0.03706918,15.0,ok_dr10
ZTF25aavhxan,17.131877658383754,REX,23.963211,,,,,7.0,ok_dr10
ZTF21acincqb,21.058115974146183,REX,23.72008,24.358099,0.8672965,0.71007454,,15.0,ok_dr10
ZTF21achlxxo,,,,,,,,,empty
ZTF20aauqlwv,0.22996668254313318,SER,19.352585,19.07239,0.14635137,0.29712933,,23.0,ok_dr10
ZTF23aajakys,7.240255394215095,DEV,14.342316,13.920716,0.035078,0.006171,0.032801,21.0,ok_dr9
ZTF19abrvagn,13.39632804959245,DEV,,21.223272,,,,18.0,ok_dr10
ZTF22aaafeil,1.0584701078383203,EXP,18.321836,17.944618,0.091725,0.033067,,14.0,ok_dr9
ZTF24abqtclj,7.742236456846653,SER,14.29442,13.735645,0.03711,0.005336,,3.0,ok_dr9
ZTF23absejyc,5.911422499474612,SER,15.735209,15.322292,0.05190509,0.006958317,,19.0,ok_dr10
ZTF20abvyauy,18.394260969052457,REX,20.019157,20.171192,0.0193747,0.95890796,,8.0,ok_dr10
ZTF24abyzgqo,1.3452509667340404,SER,19.416744,19.289263,0.029047491,0.02727399,,17.0,ok_dr10
ZTF20adadshh,3.0533900543284647,SER,13.825132,13.30193,0.02396,0.008221,,19.0,ok_dr9
ZTF23aalqgpk,12.385895983933377,DUP,,,,,,8.0,ok_dr9
ZTF22abilaka,,,,,,,,,empty
ZTF19aalcwjt,2.6329488489905626,SER,23.021587,,0.23674923,0.42201728,,17.0,ok_dr10
ZTF21aagnwkk,0.31925983092929017,SER,19.330128,18.733511,0.12267753,0.023196341,,14.0,ok_dr10
ZTF19aayveer,,,,,,,,,empty
ZTF20aaurwes,1.5320497400800055,SER,17.47635,17.176136,0.024747,0.009768,,9.0,ok_dr9
ZTF22aauxpfb,5.3231277470420295,EXP,,17.491837,,,,24.0,ok_dr10
ZTF18aavtklk,0.6460146935282687,REX,18.188648,17.152,0.159528,0.044172,,10.0,ok_dr9
ZTF22aaiisww,5.004102387813446,SER,17.355318,16.67775,0.141778,0.02786,0.107876,14.0,ok_dr9
ZTF23aavaaox,1.0089777821995463,SER,15.922935,14.51209,0.33919626,0.058311373,0.041838907,24.0,ok_dr10
ZTF18acbweyd,0.034119563180404336,SER,17.100647,16.484083,0.18073103,0.036946233,0.18939103,30.0,ok_dr10
ZTF20actqnhg,5.179301964719595,SER,15.01637,14.549437,0.017915186,0.005971333,,12.0,ok_dr10
ZTF20aahpxzz,0.4002047897614382,DUP,,,,,,23.0,ok_dr10
ZTF24abvtglw,,,,,,,,,empty
ZTF24ablleoq,3.2901138131640657,SER,14.698024,14.126195,0.015851,0.003853,0.008043,6.0,ok_dr9
ZTF23aaspcfl,0.46626751341556544,EXP,20.361485,20.224823,0.064868,0.049991,,15.0,ok_dr9
ZTF20abeywdn,1.0888325345658125,SER,19.087847,18.937077,0.022179,0.02405,,13.0,ok_dr9
ZTF24aawrszo,4.633123416456792,SER,18.892004,18.499046,0.055034403,0.025492998,,15.0,ok_dr10
ZTF24aaxzjdt,0.3011473417979321,SER,17.534674,16.944578,0.079587854,0.012514462,,15.0,ok_dr10
ZTF18adasopt,,,,,,,,,empty
ZTF19aapcwdq,11.92703951542925,REX,23.69615,23.435717,1.0961843,0.5622638,,5.0,ok_dr10
ZTF19aakoasy,4.042759572815673,SER,15.270459,14.646385,0.035939693,0.004750013,0.033450156,30.0,ok_dr10
ZTF21abconph,6.021660924025453,DUP,,,,,,27.0,ok_dr10
ZTF21aaqqlfw,1.6674782691077172,SER,18.574873,18.299143,0.061061,0.021995,,9.0,ok_dr9
ZTF18acqphpd,1.2373983296439846,EXP,22.564806,22.443537,0.41721532,0.4849743,,16.0,ok_dr10
ZTF25acjtaqb,0.28458382204038646,SER,17.027136,16.271687,0.078136474,0.016640535,,27.0,ok_dr10
ZTF18acusrws,1.986796697248925,REX,22.431734,22.794312,0.017899,0.202036,,19.0,ok_dr9
ZTF20acnserh,1.3652876545705506,SER,14.166924,13.442915,0.031792324,0.0072876336,,5.0,ok_dr10
ZTF18acuefvt,5.25278140981102,SER,15.756984,15.122943,0.07959447,0.009858862,0.07557197,10.0,ok_dr10
ZTF22abyomty,2.3647066695023073,SER,20.858585,20.995913,0.063406,0.06129,,16.0,ok_dr9
ZTF19acgogcm,0.26360869842295065,SER,14.805876,14.198119,0.035480473,0.0053770146,,18.0,ok_dr10
ZTF24aafqyax,2.807649356995785,DUP,,,,,,14.0,ok_dr10
ZTF21abvcugy,5.663791335264566,SER,15.814581,15.549714,0.017739974,0.006312861,,21.0,ok_dr10
ZTF19aatjfny,0.14410972237067043,DUP,,,,,,10.0,ok_dr10
ZTF25abcpjtf,0.9294037652347791,REX,19.650553,19.21566,0.2018162,0.06961603,,28.0,ok_dr10
ZTF19abzmnuk,2.9186033838702654,SER,15.948241,15.278388,0.042413283,0.004607638,0.03953882,24.0,ok_dr10
ZTF25abqopkf,2.7800087428635254,EXP,22.816164,23.41053,0.07407355,0.09349975,,31.0,ok_dr10
ZTF18aawmeiw,1.380652426083916,SER,15.510648,14.842287,0.053815,0.011618,,11.0,ok_dr9
ZTF19acgbzam,0.5179881394689498,SER,20.01219,19.71396,0.13467711,0.045937277,,8.0,ok_dr10
ZTF22abyrurb,1.2961748509442528,DEV,20.598225,20.212196,0.37138957,0.087622724,,9.0,ok_dr10
ZTF25aafsrzj,1.4783484301893837,SER,16.896282,16.528172,0.05476657,0.014007835,0.07799074,5.0,ok_dr10
ZTF25aaraels,0.31872857694421397,SER,15.070716,14.485861,0.06286,0.008172,0.05792,13.0,ok_dr9
ZTF18abvmlow,7.949784338048258,EXP,20.354204,20.248549,0.051600423,0.10700113,,12.0,ok_dr10
ZTF18abtrowl,0.21436498031333798,DUP,,,,,,5.0,ok_dr10
ZTF19aalxlpp,6.37707853735015,REX,21.845854,21.662056,0.13223714,0.23218922,,17.0,ok_dr10
ZTF25acdceqb,17.49606367483431,EXP,21.964134,21.359264,0.679486,0.184484,,4.0,ok_dr9
ZTF19abajxet,10.124474942160745,REX,17.871767,17.69245,0.01466006,0.017916134,,7.0,ok_dr10
ZTF25aagbpag,10.074934512976714,SER,13.904403,13.215258,0.026973,0.003855,,17.0,ok_dr9
ZTF18adatosi,,,,,,,,,empty
ZTF21aaydbtk,3.6998991966524235,SER,15.070348,14.425067,0.05492738,0.00881409,0.05765051,14.0,ok_dr10
ZTF24aahwcei,2.3698370346453252,SER,17.596807,17.36002,0.033244,0.007308,0.032767,11.0,ok_dr9
ZTF19abxvles,0.4160681665983223,EXP,20.712202,20.667206,0.07300654,0.24503988,,26.0,ok_dr10
ZTF19aasfsoi,,,,,,,,,empty
ZTF24aaeahrt,7.093856883713827,DUP,,,,,,49.0,ok_dr10
ZTF21abnspht,3.9815244535848695,SER,16.335709,15.719847,0.063551,0.008927,0.074937,18.0,ok_dr9
ZTF24abcvpyp,1.9625404319736166,SER,16.690916,16.272291,0.030449647,0.009800022,,18.0,ok_dr10
ZTF25aaxbflr,0.596609835683269,DUP,,,,,,18.0,ok_dr9
ZTF25abcydiy,8.333110647018584,EXP,,,,,,12.0,ok_dr10
ZTF19abdyawn,,,,,,,,,empty
ZTF24acahwtt,5.943498549346755,SER,16.768051,16.159195,0.076344,0.012422,0.094196,15.0,ok_dr9
ZTF23aamxuks,,,,,,,,,empty
ZTF21achqhuz,0.5319679700678741,EXP,20.92276,20.96084,0.04440676,0.09326698,,10.0,ok_dr10
ZTF19abflpfn,9.292241926355844,REX,22.676258,,,,,4.0,ok_dr10
ZTF19aayrjnf,1.643120828927024,EXP,22.165026,21.969265,0.49089044,0.23856498,,19.0,ok_dr10
ZTF20aayhacx,,,,,,,,,empty
ZTF25abxublf,10.049644325157267,DUP,,,,,,20.0,ok_dr10
ZTF18aahtjsc,1.2015177837961757,SER,15.801734,15.220989,0.068345,0.013211,0.052933,12.0,ok_dr9
ZTF22aambnsg,5.015302073863242,SER,16.059458,15.392797,0.083677,0.005989,0.078365,21.0,ok_dr9
ZTF25aaluens,8.956315752305244,SER,13.844655,13.175316,0.022434553,0.009835845,0.040180713,20.0,ok_dr10
ZTF18abvxqtp,6.615484688249125,SER,21.698732,,0.09536879,0.7347904,,14.0,ok_dr10
ZTF18acvwcig,4.309710748242346,SER,19.826231,19.509085,0.124211,0.077843,,12.0,ok_dr9
ZTF25aaufltl,2.1683950308399846,EXP,21.217922,21.330643,0.09079433,0.08955941,,17.0,ok_dr10
ZTF18accbwow,2.639864462053064,EXP,16.44082,16.202345,0.03309496,0.008847079,,8.0,ok_dr10
ZTF20acymtcs,12.347381772384395,SER,14.797915,14.120443,0.049001876,0.008375869,,16.0,ok_dr10
ZTF23abjzcde,3.1657565138963197,EXP,21.674347,21.38487,0.508962,0.300761,,19.0,ok_dr9
ZTF22aaputwp,1.7727950897780151,SER,15.903872,15.508883,0.07468804,0.011587442,0.07813159,9.0,ok_dr10
ZTF23aazqikj,2.1931174050477686,EXP,22.37176,21.8792,0.48646766,0.15343891,,14.0,ok_dr10
ZTF24abyqywh,1.6259568306558145,SER,20.6636,20.389061,0.13683711,0.19936728,,26.0,ok_dr10
ZTF24aakzgdx,,,,,,,,,empty
ZTF19aaripqw,8.571745607421272,SER,16.480923,16.342611,0.026586,0.009551,0.041313,5.0,ok_dr9
ZTF22aaaefgq,3.511714954601636,DUP,,,,,,11.0,ok_dr9
ZTF25aaqqfkv,4.399485094420374,REX,23.033974,22.861448,0.41129518,0.20699218,,42.0,ok_dr10
ZTF24aaqkvyl,4.916662484190695,SER,16.554134,16.244564,0.017162478,0.0056705317,,10.0,ok_dr10
ZTF18abshezu,0.4308942746311633,REX,,22.765228,,,,11.0,ok_dr10
ZTF25aablymz,,,,,,,,,empty
ZTF24aadracm,0.27544205578616326,DEV,20.985962,20.73262,0.0966021,0.1301982,,10.0,ok_dr10
ZTF22aaedgbt,1.5893153146653338,EXP,23.008625,23.577341,0.16580886,0.14419885,,36.0,ok_dr10
ZTF22aboixdd,3.6054332743921425,REX,18.394794,18.096968,0.094786,0.027336,,13.0,ok_dr9
ZTF20abqlmwn,,,,,,,,,empty
ZTF20aaerxne,2.7273018868933185,SER,18.496073,18.760918,0.018092,0.012063,,11.0,ok_dr9
ZTF22abynkpz,0.4017110871051683,REX,23.122568,22.909286,0.454364,0.225442,,13.0,ok_dr9
ZTF19abnktws,5.2142919765883,SER,18.065094,17.963827,0.028359856,0.058577795,,21.0,ok_dr10
ZTF23aabutzu,3.071170585021654,EXP,17.982285,17.502617,0.065059,0.025647,,12.0,ok_dr9
ZTF24abjfuew,0.1578773061500635,SER,18.505453,17.963215,0.061260853,0.017487952,,13.0,ok_dr10
ZTF21aartgiv,6.326411324750644,SER,17.318478,17.037094,0.0425441,0.009073358,0.046100534,25.0,ok_dr10
ZTF25acapnze,2.7190423956271097,EXP,22.026524,21.240335,0.7540293,0.25595552,,26.0,ok_dr10
ZTF20acveyyv,0.3310656059345791,REX,23.035872,22.74279,0.736032,0.345032,,15.0,ok_dr9
ZTF20acxqnhn,2.010417693537633,REX,17.91894,17.49251,0.09938903,0.014541878,,10.0,ok_dr10
ZTF20acpkjsn,0.9302585483609128,SER,19.252193,18.729506,0.083524264,0.052050263,,16.0,ok_dr10
ZTF24aaejytl,3.7972426387928424,REX,22.879414,23.678091,0.12176433,0.22025178,,26.0,ok_dr10
ZTF22abyhxkq,0.11957981634798008,DUP,,,,,,39.0,ok_dr10
ZTF19abzzgec,0.19089686892111166,SER,20.302164,20.160734,0.1769995,0.11505415,,15.0,ok_dr10
ZTF24abnbcpd,0.2655747299155705,EXP,,,,,,16.0,ok_dr10
ZTF19abmprjj,1.7138592910425667,REX,22.182888,22.112234,0.16124572,0.3792058,,20.0,ok_dr10
ZTF22aaeigxr,8.427215638341146,DUP,,,,,,17.0,ok_dr10
ZTF20aalmeaj,5.4693590110306545,SER,14.250124,13.612306,0.042390335,0.0062157298,,8.0,ok_dr10
ZTF21aaoppzc,3.936598323835849,SER,17.265083,16.609718,0.049704,0.010947,,9.0,ok_dr9
ZTF23aaelzdb,0.5227878367179138,REX,23.299128,22.42977,0.972409,0.183603,,7.0,ok_dr9
ZTF20abszyjg,23.455776702179858,REX,20.935402,19.898912,0.846846,0.048186,,11.0,ok_dr9
ZTF25aaaqkbi,4.756996299034862,REX,21.831564,21.242508,0.9903716,0.4820896,,14.0,ok_dr10
ZTF23aaazett,5.1450589135303355,SER,14.487088,13.867483,0.032608464,0.008528139,0.05309621,11.0,ok_dr10
ZTF25aahmbaq,1.39974063687445,SER,18.599142,18.311522,0.04055933,0.017658874,,28.0,ok_dr10
ZTF18abeamgv,2.8462128114443423,SER,15.316553,14.922992,0.036579,0.006652,0.035103,9.0,ok_dr9
ZTF21achcwnd,0.6626819511067454,REX,24.451078,24.757946,0.8263926,0.6507646,,25.0,ok_dr10
ZTF23aailodz,1.1695894680521937,SER,15.941617,15.291615,0.066584274,0.00744866,0.07009467,30.0,ok_dr10
ZTF19ackbclh,3.7254844722515483,REX,21.204561,20.030174,0.4804793,0.15303521,,46.0,ok_dr10
ZTF24aafqxmg,3.125573972820496,SER,18.163958,17.861347,0.074718,0.017723,,8.0,ok_dr9
ZTF20abyskia,4.756916732553825,SER,16.436459,15.656101,0.083786,0.009859,,13.0,ok_dr9
ZTF19aaugupw,3.568335514645291,REX,17.171997,16.95822,0.044034,0.010388,0.040579,10.0,ok_dr9
ZTF20abvqilf,0.8654385479570968,EXP,,,,,,6.0,ok_dr10
ZTF25acgmdbm,5.9691768760729005,SER,15.71968,15.157532,0.062977,0.013142,0.060957,13.0,ok_dr9
ZTF20abefdvd,10.817371541523945,DUP,,,,,,15.0,ok_dr10
ZTF18acbwxcc,0.0574196102585445,SER,15.639152,15.160796,0.026076118,0.008358312,,14.0,ok_dr10
ZTF23aaenpcd,5.460662016099738,EXP,22.57539,,0.13077,0.1227048,,14.0,ok_dr10
ZTF19aawupxb,0.38558164145215706,SER,15.9032,15.265,0.059132416,0.008194247,0.055412173,20.0,ok_dr10
ZTF19abvdgqo,1.3080928660625606,SER,18.376648,18.54025,0.065601,0.05063,,52.0,ok_dr9
ZTF20abgxwyt,,,,,,,,,empty
ZTF20aciigcw,2.2893439546438423,SER,15.794436,15.106831,0.041282117,0.004747027,,13.0,ok_dr10
ZTF24aaiahuu,0.9041563642590297,SER,16.833265,16.177416,0.047537,0.010474,,8.0,ok_dr9
ZTF22abfxwub,1.3126636687111548,EXP,,21.952827,,,,13.0,ok_dr10
ZTF21aaifyvi,5.213665857114149,SER,16.527426,15.841081,0.05002131,0.016997362,0.053086758,21.0,ok_dr10
ZTF17aaaobyl,,,,,,,,,empty
ZTF19accbeju,2.46513302701011,SER,15.939479,15.276133,0.058138326,0.01800423,,22.0,ok_dr10
ZTF21abxmxut,3.651393012951784,SER,17.202976,16.898829,0.026142562,0.009312235,,23.0,ok_dr10
ZTF19abzkyjy,1.2986064529020047,SER,16.853739,16.34681,0.13267156,0.017424805,,33.0,ok_dr10
ZTF25aalrvjj,4.954316431633967,DUP,,,,,,22.0,ok_dr10
ZTF20acnagjb,1.5363112915325001,EXP,21.071085,20.660088,0.3785868,0.11291949,,17.0,ok_dr10
ZTF22aabrffl,1.9278793725746433,SER,18.213593,17.832888,0.069943,0.024183,,12.0,ok_dr9
ZTF24aajxqgz,8.831621157962221,DUP,,,,,,3.0,ok_dr10
ZTF18achyqcq,0.9574440793040447,SER,18.84688,18.347837,0.043890696,0.02230826,,10.0,ok_dr10
ZTF20adadmsg,1.1964907011701411,EXP,20.226015,20.665731,0.054024458,0.021552868,,20.0,ok_dr10
ZTF23aakxqrp,2.919204225377163,REX,25.67161,24.344093,1.2121497,0.6065291,,35.0,ok_dr10
ZTF21aappdnv,0.14040790727587585,DEV,21.786854,21.778002,0.3681555,0.24743834,,19.0,ok_dr10
ZTF23aadbxsz,9.274833034042299,DEV,15.671386,15.05703,0.057841,0.015674,,6.0,ok_dr9
ZTF22abfmtdy,0.7679488425806672,SER,18.916916,18.625061,0.093102,0.023019,,11.0,ok_dr9
ZTF24aagnlaw,22.847112505417467,REX,23.399128,22.63079,1.017808,0.189394,,3.0,ok_dr9
ZTF22aaedtvn,1.1149165518083375,SER,16.810238,16.023006,0.06169513,0.012220575,,20.0,ok_dr10
ZTF21aaplooj,1.0123944996872347,SER,15.665592,15.192602,0.053418,0.010891,0.052197,11.0,ok_dr9
ZTF21ablwfcp,,,,,,,,,empty
ZTF19abzlsbl,5.309518050794661,EXP,22.89466,,0.08557946,0.3216418,,12.0,ok_dr10
ZTF23abezmku,6.332490826404665,SER,16.544134,15.782601,0.097097,0.011903,,10.0,ok_dr9
ZTF19aawqckx,0.8746801088962917,SER,19.399227,18.567266,0.228762,0.239986,,7.0,ok_dr9
ZTF22aasthrj,4.007642678069505,REX,22.535004,21.707644,0.9195444,0.41073394,,26.0,ok_dr10
ZTF23aamvyyl,3.763723391791129,SER,16.546173,16.152643,0.045351613,0.009582007,0.046363637,23.0,ok_dr10
ZTF22aahhzqi,5.213931077628408,SER,15.492903,14.874429,0.074688,0.015132,0.068406,14.0,ok_dr9
ZTF25aalrums,1.8771610405826111,SER,16.057678,15.568059,0.037426867,0.017398844,,13.0,ok_dr10
ZTF24aaabljq,0.5031077327243061,EXP,20.685795,20.529884,0.085454464,0.05790237,,7.0,ok_dr10
ZTF24aatjphv,6.653579110265922,SER,15.654883,15.105358,0.062831,0.022,,19.0,ok_dr9
ZTF18abimhfu,1.3677831207536684,EXP,21.439125,21.152285,0.367369,0.43961746,,12.0,ok_dr10
ZTF22aajvhrj,4.584028077275454,REX,16.471046,16.13961,0.043841,0.009202,0.061916,9.0,ok_dr9
ZTF20abbhyxu,7.212395852236492,SER,17.930393,18.048193,0.068666756,0.06603985,,10.0,ok_dr10
ZTF24aaabbse,1.6925320281892409,SER,14.932104,14.481091,0.026255958,0.006133164,0.023200324,10.0,ok_dr10
ZTF25aarzwve,15.875838757673712,DEV,13.048112,12.357878,0.02928564,0.00500961,0.038378064,6.0,ok_dr10
ZTF20abptxls,5.679135986420884,SER,13.975258,13.443779,0.022319334,0.005157929,,49.0,ok_dr10
ZTF23aazmqkn,13.147285547473613,SER,,,,,,8.0,ok_dr10
ZTF19abfsxpw,6.301821398828798,SER,15.864009,15.485722,0.028809318,0.007617584,,18.0,ok_dr10
ZTF23absboby,1.960050606248732,REX,20.3086,20.003365,0.14993249,0.063878976,,33.0,ok_dr10
ZTF25abkoomo,1.3403234151397145,EXP,20.768192,20.474411,0.121798,0.065682,,12.0,ok_dr9
ZTF20acmgsfo,0.08476700959215179,REX,25.386114,27.244843,1.5567739,0.8509135,,25.0,ok_dr10
ZTF21aajaljq,,,,,,,,,empty
ZTF20aaumnfl,2.492981449751548,DUP,,,,,,6.0,ok_dr10
ZTF25aajffqa,0.9632381072990567,EXP,19.99074,19.972824,0.053039,0.060937,,14.0,ok_dr9
ZTF21aaugbus,0.01537243478498575,SER,15.473669,14.908396,0.038639,0.005395,,9.0,ok_dr9
ZTF23aaoygit,4.023183374455516,DUP,,,,,,26.0,ok_dr10
ZTF25abkprmd,0.14964011211325035,SER,16.838423,16.225458,0.06975095,0.013560658,,41.0,ok_dr10
ZTF18aaxkqgy,11.200442637518947,SER,,13.64787,,,,3.0,ok_dr10
ZTF19acgcxop,,,,,,,,,empty
ZTF25abflwiu,0.4825921860404198,DUP,,,,,,34.0,ok_dr10
ZTF18abxyudf,4.694632440531502,SER,16.450607,15.791986,0.09457935,0.011925677,,16.0,ok_dr10
ZTF21abjvwcd,,,,,,,,,empty
ZTF21acfqldh,0.16094123955353698,REX,22.288897,22.306753,0.037606,0.29586,,8.0,ok_dr9
ZTF19aacwljg,2.6445328525736653,SER,16.59922,16.207361,0.040133994,0.015213333,0.05110555,21.0,ok_dr10
ZTF19aapfohi,0.22385136605777448,SER,18.265453,18.143635,0.33552057,0.05465358,,17.0,ok_dr10
ZTF22abhuvug,4.931071740899162,REX,21.955223,22.28178,0.21123539,0.17075734,,44.0,ok_dr10
ZTF23aaxdfya,25.224892362323846,REX,21.228456,,0.028773,0.143145,,5.0,ok_dr9
ZTF20acphccy,,,,,,,,,empty
ZTF24aazszlu,0.8244609724864786,SER,,14.60039,,,,19.0,ok_dr10
ZTF21aabygea,9.830215443636868,REX,18.56016,18.501629,0.024119167,0.03413766,,27.0,ok_dr10
ZTF22abiyjlx,,,,,,,,,empty
ZTF21acnveyk,1.116677745516125,SER,15.741724,15.19911,0.04492711,0.009122527,,39.0,ok_dr10
ZTF18adbntwo,4.750541198689198,EXP,22.456259,22.158758,0.52806544,0.554498,,19.0,ok_dr10
ZTF18adbmrug,,,,,,,,,empty
ZTF22aaajhqk,0.31685039182266317,SER,16.45492,16.124771,0.04449763,0.009915452,0.06182904,22.0,ok_dr10
ZTF21ackcrao,4.45076096249156,SER,,15.597454,,,,9.0,ok_dr10
ZTF22abahblc,2.8667140000169473,REX,,19.776487,,,,31.0,ok_dr10
ZTF23aaojbdj,3.836707086635853,SER,18.298475,17.938223,0.077387094,0.031829715,,18.0,ok_dr10
ZTF25acjpvvv,1.698262615550034,REX,17.039963,16.617413,0.077279314,0.012517558,0.06377708,55.0,ok_dr10
ZTF18acsouxk,0.03172174126053643,REX,,,1.0256281,0.9483791,,14.0,ok_dr10
ZTF22abxacvm,0.5397813047448138,DUP,,,,,,6.0,ok_dr9
ZTF21aagsgit,0.1974585117169097,REX,,23.507793,1.2438979,0.6670047,,22.0,ok_dr10
ZTF18abcvush,0.5166617002047725,DUP,,,,,,25.0,ok_dr10
ZTF22abxzuje,2.549168176523473,REX,23.134314,22.16061,0.8181534,0.15246263,,22.0,ok_dr10
ZTF24aajdqbw,2.6929907013403875,SER,18.279938,17.880793,0.089698,0.028795,,8.0,ok_dr9
ZTF20acxbnjd,1.907452868407457,SER,17.692762,17.1953,0.07349565,0.014134626,,36.0,ok_dr10
ZTF19adcdtyy,0.389826570364342,REX,21.02241,20.784395,0.1065383,0.07977684,,17.0,ok_dr10
ZTF25abkrnxc,9.58009833049139,DUP,,,,,,28.0,ok_dr10
ZTF23aaghvsv,1.4732457401580104,REX,21.43918,21.456465,0.14572713,0.12905249,,41.0,ok_dr10
ZTF20achzugy,0.12204417484882682,DUP,,,,,,10.0,ok_dr10
ZTF21aawihwx,7.635679706613005,REX,24.0994,24.083532,1.1017076,0.54145396,,11.0,ok_dr10
ZTF23abcqzvm,0.18218018466918076,REX,22.428692,22.151388,0.3149261,0.3115563,,20.0,ok_dr10
ZTF25abshatc,2.097164376849051,SER,16.395306,16.161442,0.038806546,0.014341003,,30.0,ok_dr10
ZTF20acbnoqi,1.4987956956342796,SER,16.735346,16.074615,0.09311987,0.021653354,,13.0,ok_dr10
ZTF19acwrqtv,,,,,,,,,empty
ZTF24aahnnsa,0.4703247039201594,DEV,19.381084,19.327465,0.076492,0.061283,,15.0,ok_dr9
ZTF24aalywdn,14.149892215175457,REX,23.782394,22.455338,0.771477,0.172753,,14.0,ok_dr9
ZTF24aagvvun,0.766189670834293,SER,20.056849,19.660624,0.12981127,0.023264868,,11.0,ok_dr10
ZTF21abioeyq,2.1224222869022533,DEV,19.850525,20.054827,0.0454198,0.32260174,,29.0,ok_dr10
ZTF24abzmhtv,,,,,,,,,empty
ZTF21aamgcrv,5.6422989555018,DUP,,,,,,44.0,ok_dr10
ZTF25aaxeojh,1.5220400841979917,SER,18.67544,18.43004,0.034732096,0.041222565,,33.0,ok_dr10
ZTF21abiacmi,2.919549801604474,DUP,,,,,,16.0,ok_dr10
ZTF24abuunge,6.174894601869241,REX,22.220453,21.66495,0.4178,0.27206004,,26.0,ok_dr10
ZTF18abetewu,0.0975316367622762,SER,17.900581,17.457573,0.066478,0.040733,,9.0,ok_dr9
ZTF22aahnkdv,6.270392282012767,REX,22.509916,,0.201661,0.402435,,23.0,ok_dr9
ZTF21abbyhvw,16.05895980813482,SER,13.30889,12.87054,0.020774,0.005218,0.02674,10.0,ok_dr9
ZTF18abhxidv,0.3232635134726477,SER,17.44414,16.836088,0.052186847,0.016025402,,7.0,ok_dr10
ZTF24abokpyn,,,,,,,,,empty
ZTF18aayidfz,5.593457254584398,REX,22.577604,21.066397,0.6978305,0.061222333,,19.0,ok_dr10
ZTF21abpltyn,,,,,,,,,empty
ZTF21abrpeix,16.159486513756622,REX,23.177668,21.793276,0.9412825,0.6289549,,9.0,ok_dr10
ZTF22aadoypp,10.152088812000546,REX,23.753963,23.29261,1.1757488,0.43630743,,10.0,ok_dr10
ZTF18abmoung,1.9963599438067263,SER,16.909344,16.545197,0.062081,0.013569,0.065836,7.0,ok_dr9
ZTF20aayxldg,8.015464514904332,SER,14.29442,13.735645,0.03711,0.005336,,4.0,ok_dr9
ZTF19abanfrn,0.29732041724319563,REX,18.968277,18.675993,0.12006241,0.02032383,,26.0,ok_dr10
ZTF25abrgeib,2.2663567086421037,REX,,,,,,17.0,ok_dr10
ZTF20abaslyx,3.0757973865549024,SER,,18.363533,,,,15.0,ok_dr10
ZTF21aasbjgq,4.2910560304878125,SER,18.431978,17.943237,0.08950969,0.017380025,,15.0,ok_dr10
ZTF23aajpxbm,1.4373174852705997,DEV,21.496077,20.998247,0.59222776,0.37815088,,11.0,ok_dr10
ZTF19ablfaey,2.587615145579341,REX,,16.551826,,,,21.0,ok_dr10
ZTF19abddsvk,4.049571363157892,SER,16.484814,16.266481,0.043813,0.007488,0.058351,7.0,ok_dr9
ZTF25aafpotv,0.27179059575096814,EXP,21.7686,21.575214,0.16294563,0.10568111,,16.0,ok_dr10
ZTF23aanpyuy,8.220351122857057,SER,13.701961,13.070289,0.026337022,0.0047610058,,6.0,ok_dr10
ZTF19aaozplq,1.1487167985063056,EXP,20.293545,20.077635,0.096413,0.031751,,10.0,ok_dr9
ZTF21aafkgvj,,,,,,,,,empty
ZTF23aadaxfn,3.577524090682919,REX,20.76825,19.957499,0.425067,0.217758,,13.0,ok_dr9
ZTF22aaptcfi,10.363845734888224,SER,14.32836,13.626534,0.030034756,0.006878884,,12.0,ok_dr10
ZTF20aadcitq,6.550926218918979,DUP,,,,,,15.0,ok_dr9
ZTF18aaenfaa,18.17335111638107,REX,21.022243,21.022095,0.120002,0.256231,,3.0,ok_dr9
ZTF22abtomri,0.08096523560460106,REX,19.193834,18.874916,0.081829,0.050482,,9.0,ok_dr9
ZTF22aapgtoe,6.583125787815158,EXP,22.661282,22.781065,0.531659,0.283157,,24.0,ok_dr9
ZTF20acqnfzn,,,,,,,,,empty
ZTF19aaphntn,4.4325408154403485,REX,23.468119,23.683886,0.9494835,0.63125974,,9.0,ok_dr10
ZTF18acgvgiq,8.549717658103155,SER,13.867308,13.82485,0.007535,0.003334,0.010238,21.0,ok_dr9
ZTF25aavkgat,1.4793740759909706,REX,23.137363,22.77796,0.703321,0.257663,,10.0,ok_dr9
ZTF18aaxcfbt,1.1538802063560138,SER,16.440327,16.111378,0.050943,0.01164,0.068111,14.0,ok_dr9
ZTF18aajivpr,3.1266748226093233,SER,15.867497,15.355807,0.051883,0.008915,0.051465,11.0,ok_dr9
ZTF18acatuts,8.40864677947692,DEV,14.55214,13.764609,0.040093478,0.013463301,,6.0,ok_dr10
ZTF23aadcavq,0.32813910178243666,REX,19.349808,21.063854,0.054858,0.118955,,18.0,ok_dr9
ZTF21acjvgxg,0.9403156215899772,REX,19.514061,19.153559,0.161007,0.05634,,9.0,ok_dr9
ZTF18abkhbra,1.2898657342983648,EXP,20.6144,20.53406,0.081660725,0.09656644,,12.0,ok_dr10
ZTF18abkxfou,,,,,,,,,empty
ZTF18acbwglb,7.174283687305316,DUP,,,,,,7.0,ok_dr9
ZTF23aaialcw,5.394472919611178,SER,13.991466,13.389603,0.031520993,0.0070544654,0.034554448,26.0,ok_dr10
ZTF21abtcftb,18.195020331550644,SER,10.566876,9.835989,0.009936549,0.006892484,,3.0,ok_dr10
ZTF19acgpkye,1.611297853202086,DUP,,,,,,41.0,ok_dr10
ZTF19acylgic,,,,,,,,,empty
ZTF24aaxmpyh,0.9193909114543938,SER,17.066986,16.340672,0.16924585,0.014418003,,17.0,ok_dr10
ZTF19acgonwy,,,,,,,,,empty
ZTF25aameuts,1.285152870266107,SER,17.887165,17.522211,0.043604,0.016425,,12.0,ok_dr9
ZTF20abeohfn,6.385598332909161,REX,24.436054,26.80335,1.074519,0.8508232,,52.0,ok_dr10
ZTF19aamhgwm,5.837930135878668,SER,14.879373,14.530247,0.034248,0.003887,0.034223,10.0,ok_dr9
ZTF23abolyrl,,,,,,,,,empty
ZTF19acihfxz,1.9150845549058801,DUP,,,,,,19.0,ok_dr9
ZTF20aatwonv,3.5643759029003577,SER,16.435207,16.058239,0.024002884,0.0058027473,0.022646539,8.0,ok_dr10
ZTF20acppruo,0.7882051961816591,SER,16.401176,15.730736,0.11882608,0.006914497,,13.0,ok_dr10
ZTF23aabrsdd,7.246995369589282,REX,20.422083,19.54582,0.26570317,0.061059378,,36.0,ok_dr10
ZTF19aawrumx,3.0294064014504767,SER,17.807186,17.445856,0.071837,0.016523,,9.0,ok_dr9
ZTF20aauoktk,1.3494172915468736,EXP,21.673573,22.105082,0.050857395,0.1779739,,13.0,ok_dr10
ZTF21aaaajfe,3.096538365299965,SER,15.084588,14.440049,0.060086,0.018383,,5.0,ok_dr9
ZTF20abjyorg,8.939102805416434,SER,14.382113,13.740396,0.040185764,0.009300274,,15.0,ok_dr10
ZTF22abfwxtr,2.111225872310141,REX,18.78332,18.995104,0.006337841,0.03637776,,21.0,ok_dr10
ZTF25aaaeykb,3.542992193581351,REX,23.4979,24.37663,0.42934763,0.49219868,,15.0,ok_dr10
ZTF25aabsnyf,1.456057364655427,SER,14.883765,14.213491,0.037124,0.007327,0.031048,14.0,ok_dr9
ZTF25aakhogj,,,,,,,,,empty
ZTF19abxvkvc,,,,,,,,,empty
ZTF19acbmxky,2.8321347992919406,SER,16.08836,15.736077,0.05370153,0.010127662,,13.0,ok_dr10
ZTF21aarmjai,1.1475424454998293,EXP,22.153502,21.843925,0.39662004,0.34247908,,28.0,ok_dr10
ZTF20abcsjtx,1.9456762975557003,SER,15.801737,15.344443,0.03067318,0.0067114667,,9.0,ok_dr10
ZTF22aadtowh,0.8760990086886311,SER,17.32212,17.156475,0.029778404,0.012811244,0.029109789,10.0,ok_dr10
ZTF19absfopz,2.215021339498483,SER,16.089016,15.513815,0.063533,0.011718,,13.0,ok_dr9
ZTF23abtubey,11.486762207767544,SER,14.417573,13.81881,0.036711365,0.005788427,0.04799914,13.0,ok_dr10
ZTF23ablspnz,11.306143183248683,REX,24.620148,22.453066,1.155045,0.167492,,13.0,ok_dr9
ZTF19aamhmsx,2.151120175257198,EXP,22.365149,22.417076,0.12805584,0.4200409,,13.0,ok_dr10
ZTF20aavpnlv,19.8230322008858,EXP,20.256538,19.698833,0.6550254,0.44948664,,9.0,ok_dr10
ZTF19aanevcu,0.730648624498146,SER,16.654541,16.292875,0.030931868,0.011638435,0.047827717,21.0,ok_dr10
ZTF25acgqich,3.2899568962663754,REX,22.7191,22.28458,0.5970422,0.20616585,,6.0,ok_dr10
ZTF22aajuhsi,0.8189872434313109,SER,20.397894,20.230879,0.05846401,0.02959195,,15.0,ok_dr10
ZTF20abapyxl,1.313000780306875,SER,20.93239,20.799364,0.37288693,0.11965378,,19.0,ok_dr10
ZTF18abjsybd,,,,,,,,,empty
ZTF21aazcgof,3.179402173001074,SER,16.29108,15.973522,0.017838065,0.008405036,,8.0,ok_dr10
ZTF23aapiyqi,,,,,,,,,empty
ZTF24aasktkt,0.6635497660986395,SER,18.728754,18.262966,0.07383919,0.033381525,,20.0,ok_dr10
ZTF18abiybfq,,,,,,,,,empty
ZTF20acwmpsj,2.6496020387420693,SER,14.555506,13.914018,0.04666635,0.007715184,,4.0,ok_dr10
ZTF24aadltss,1.101814203200602,EXP,20.868322,20.613228,0.09630974,0.053752113,,12.0,ok_dr10
ZTF22aaveqbx,,,,,,,,,empty
ZTF24abmffvh,3.023217867022635,SER,14.348119,13.902826,0.022362,0.006785,,17.0,ok_dr9
ZTF20aatpoeh,1.8922863489927,EXP,20.374212,20.156784,0.1086,0.037913,,14.0,ok_dr9
ZTF24aardahz,7.103712776430189,SER,15.796356,15.086189,0.07527006,0.011822074,,7.0,ok_dr10
ZTF22acadszu,1.3109885153516831,SER,17.18672,16.635633,0.056155,0.015906,,6.0,ok_dr9
ZTF21abvtuir,5.89506918877295,REX,,,,,,14.0,ok_dr10
ZTF24abosmkt,1.0309483240842032,EXP,18.471622,18.041317,0.072951,0.026854,,12.0,ok_dr9
ZTF19acokzjy,9.262018473482431,DUP,,,,,,11.0,ok_dr10
ZTF19abpangr,,,,,,,,,empty
ZTF20abbpkng,0.09655044896464025,SER,14.031996,13.643749,0.029483,0.005537,0.037358,14.0,ok_dr9
ZTF21acpkdbe,2.848725617378171,SER,13.765824,13.389007,0.009241,0.004862,,15.0,ok_dr9
ZTF22aarsjvn,0.5049372241261663,EXP,21.959383,21.549623,0.44250298,0.25926033,,15.0,ok_dr10
ZTF21aarojxa,5.325623738054206,DUP,,,,,,7.0,ok_dr9
ZTF22abyzzfy,1.6135976633020543,SER,19.566328,19.249142,0.10890486,0.039189503,,17.0,ok_dr10
ZTF21abhaqju,3.298168923850578,SER,16.001705,15.357869,0.056478884,0.02326886,,23.0,ok_dr10
ZTF24aawbgfo,0.9624294143835979,SER,15.329346,14.636566,0.062677406,0.0059396103,,9.0,ok_dr10
ZTF23aarlcue,4.341303429376193,REX,22.689072,20.946331,0.99201363,0.09089235,,45.0,ok_dr10
ZTF24aahesvl,3.0933721875876112,SER,15.754607,15.381313,0.028792864,0.025157938,0.034816932,13.0,ok_dr10
ZTF25acgsnst,3.3133845952315095,DEV,21.697338,21.574219,0.098043084,0.5685002,,18.0,ok_dr10
ZTF20acpwmui,2.479176409925207,SER,20.82484,20.55464,0.10994894,0.39784217,,13.0,ok_dr10
ZTF19abzhvxk,,,,,,,,,empty
ZTF21abfiuqf,1.9725209743355787,REX,19.405146,19.489578,0.044178,0.070619,,10.0,ok_dr9
ZTF24aalbepd,5.573016787147285,SER,21.04046,20.78741,0.12958825,0.11869654,,15.0,ok_dr10
ZTF21abbgkgc,0.44918327239602046,EXP,21.444302,21.038029,0.2494419,0.14477654,,20.0,ok_dr10
ZTF21aakupth,4.179017694156424,EXP,19.032803,19.175804,0.017265093,0.027953845,,19.0,ok_dr10
ZTF23ablrwcj,,,,,,,,,empty
ZTF25aavxepu,7.740790359564965,DUP,,,,,,4.0,ok_dr10
ZTF18aarunub,2.424622897388544,SER,15.218174,14.956179,0.025592,0.002922,0.02913,9.0,ok_dr9
ZTF18abxbmqh,0.15007467539282057,REX,23.161192,22.863941,0.889219,0.29328,,12.0,ok_dr9
ZTF20abqosnh,,,,,,,,,empty
ZTF20abfrdei,0.3868026085164286,SER,16.233845,15.656086,0.069539,0.020377,0.072903,13.0,ok_dr9
ZTF24aavcfby,,,,,,,,,empty
ZTF20acoalxr,0.3683444552099841,SER,15.337593,14.835125,0.040176187,0.01624317,0.044267222,13.0,ok_dr10
ZTF21aastazz,1.6873079513883456,SER,21.139908,20.634693,0.263928,0.158944,,17.0,ok_dr9
ZTF21aaxsnvk,0.6403911198585792,SER,15.180865,14.551476,0.031596,0.005684,0.034488,8.0,ok_dr9
ZTF24aawakwl,0.7542291379076135,SER,15.717104,15.194421,0.028226608,0.012537758,,10.0,ok_dr10
ZTF23abmpqvv,2.792043221851713,SER,15.678325,15.18397,0.04619961,0.007837912,0.049653556,16.0,ok_dr10
ZTF21aahvuvi,1.1317521861961182,EXP,21.179356,21.076103,0.083243,0.173835,,17.0,ok_dr9
ZTF20acwpaov,1.5517107247395034,DUP,,,,,,18.0,ok_dr10
ZTF25aaqojwg,0.9399714063568256,EXP,,21.51271,,,,16.0,ok_dr10
ZTF24aaysowl,2.275870582275876,EXP,21.190535,20.984352,0.08127047,0.1444479,,26.0,ok_dr10
ZTF18aauuohe,1.5066166471342108,SER,18.758078,18.13728,0.98499775,0.7667068,,25.0,ok_dr10
ZTF25abpkect,4.391899180290457,DUP,,,,,,14.0,ok_dr10
ZTF23aaogzgq,0.347861855847372,SER,17.759373,17.000446,0.1339483,0.015843373,0.11732865,29.0,ok_dr10
ZTF24abccoav,,,,,,,,,empty
ZTF20aawigqc,,,,,,,,,empty
ZTF21aagtexi,0.27433835301710774,SER,18.945528,18.249285,0.121156,0.03372,,13.0,ok_dr9
ZTF20acyntiu,1.7961293663077116,SER,21.616869,21.37956,0.42454052,0.08854858,,11.0,ok_dr10
ZTF21acinyte,,,,,,,,,empty
ZTF22aadetzg,1.2773764152544522,EXP,21.528307,,0.09743656,0.21249136,,15.0,ok_dr10
ZTF20aattqnm,2.4392398419331744,SER,18.905828,18.467993,0.11509945,0.026383096,,19.0,ok_dr10
ZTF21abccplz,,,,,,,,,empty
ZTF25aaccmjq,11.505169166094614,DUP,,,,,,4.0,ok_dr10
ZTF21aaabwzx,2.934892929878243,REX,22.32299,23.598703,0.7371568,0.49078828,,17.0,ok_dr10
ZTF22aamjqvc,1.223967050859303,EXP,20.528986,19.7479,0.880887,0.57117313,,16.0,ok_dr10
ZTF19acsghpg,,,,,,,,,empty
ZTF19abudjie,4.340667769345912,REX,22.662909,22.3003,,,,9.0,ok_dr10
ZTF25abewrxj,,,,,,,,,empty
ZTF21abkintm,6.172917153751857,DUP,,,,,,13.0,ok_dr10
ZTF22aauxzqe,,,,,,,,,empty
ZTF24aajxppf,,,,,,,,,empty
ZTF18aaqgadq,2.811322896864289,DUP,,,,,,16.0,ok_dr10
ZTF24aaswnkx,10.059963631255634,REX,23.318882,22.917015,0.5848081,0.35998836,,16.0,ok_dr10
ZTF25abxyxnn,0.10176180049143052,EXP,17.875422,17.49795,0.074134,0.023627,,15.0,ok_dr9
ZTF20aavnnat,11.42511292377669,EXP,21.19266,19.8116,0.621402,0.068903,,12.0,ok_dr9
ZTF20abxzrqw,4.564549660190875,DUP,,,,,,17.0,ok_dr10
ZTF23aaffhua,2.8227273378674282,SER,16.318426,15.750735,0.066791184,0.010056587,,16.0,ok_dr10
ZTF20acnwbuo,6.099605924960823,REX,,19.94436,,,,14.0,ok_dr10
ZTF19aauitks,1.006167873876694,SER,19.172293,18.830399,0.12230014,0.015662353,,6.0,ok_dr10
ZTF25ablfisj,1.9893587817391796,DEV,19.83999,19.859377,0.62177384,0.48399967,,33.0,ok_dr10
ZTF25abxfwqa,1.5222041006938276,REX,,17.875023,,,,18.0,ok_dr10
ZTF20aatvupb,9.846877996455946,SER,14.556408,14.078426,0.03300302,0.0061963983,,21.0,ok_dr10
ZTF22abmcezf,5.822878718795915,SER,16.622452,16.150455,0.036266044,0.008169972,,15.0,ok_dr10
ZTF25aafkubt,0.9015035970197847,SER,,,,,,12.0,ok_dr10
ZTF24aakrqzs,0.23428501897419476,SER,16.663677,16.122482,0.096207,0.015435,0.087442,8.0,ok_dr9
ZTF18abddrhd,1.450605250550081,SER,17.795086,17.569252,0.072871,0.037442,,22.0,ok_dr9
ZTF22aaofpts,1.995397566144023,EXP,22.730377,23.02683,0.43434244,0.30260572,,17.0,ok_dr10
ZTF24aalfntr,3.3417571769213184,SER,17.439758,17.15454,0.050084,0.010327,0.071188,8.0,ok_dr9
ZTF20abfqeef,4.27320648516587,REX,16.342968,15.947138,0.042554,0.010151,0.061118,6.0,ok_dr9
ZTF24abaoemb,5.397670406885465,REX,,20.306885,,,,12.0,ok_dr10
ZTF21abmgxyu,0.42932772786866086,EXP,21.040356,20.699589,0.23661458,0.10195664,,18.0,ok_dr10
ZTF18abotcjv,0.3380132611704349,SER,17.672007,16.530504,0.06739306,0.035286207,,17.0,ok_dr10
ZTF23abtycgb,,,,,,,,,empty
ZTF23abqrshk,1.998106670498793,SER,,16.779583,,,,13.0,ok_dr10
ZTF24abffaqw,0.31944986928272767,REX,21.412106,21.098331,0.10988193,0.250726,,17.0,ok_dr10
ZTF22aafdaai,0.30030449600218584,SER,19.009848,18.456373,0.09400547,0.015525583,,12.0,ok_dr10
ZTF19aalveag,0.779304867331321,SER,17.28007,16.875416,0.056003824,0.017675668,0.050780952,16.0,ok_dr10
ZTF20abqgzhh,0.5964384860021881,SER,16.024883,15.505408,0.06800688,0.013773254,,14.0,ok_dr10
ZTF21aciuvmg,1.4668846305768737,SER,19.821247,19.677488,0.09424384,0.038512543,,21.0,ok_dr10
ZTF19acxyucu,0.10973699046976346,EXP,22.210903,21.885618,0.26371405,0.21218733,,16.0,ok_dr10
ZTF23aaaaxuq,0.2093570667507494,EXP,21.795298,21.69312,0.333678,0.216152,,14.0,ok_dr9
ZTF24aatjgxs,5.65892523450874,SER,18.294497,17.561323,0.15374532,0.062478792,,15.0,ok_dr10
ZTF22aaezyos,0.6785705546110385,SER,18.780653,18.762205,0.029559,0.015187,,14.0,ok_dr9
ZTF19acbacvu,6.445127937992959,DUP,,,,,,29.0,ok_dr10
ZTF19abanayw,0.893466454820928,SER,18.999992,18.83989,0.045766063,0.040081497,,37.0,ok_dr10
ZTF19aamtwiz,2.386568696707853,SER,16.75478,16.555788,0.032498,0.006019,0.043427,11.0,ok_dr9
ZTF25abxdupm,0.07607607723167452,SER,17.943563,17.463457,0.08741773,0.017672509,,24.0,ok_dr10
ZTF25aaugeir,1.6409901345071105,EXP,18.10938,17.746485,0.05488,0.017774,,10.0,ok_dr9
ZTF22aamrhna,1.387020356945819,SER,15.3831,14.724564,0.06391866,0.0052286275,0.059384044,37.0,ok_dr10
ZTF25acfojmo,0.25243184100131455,REX,23.740177,23.737791,0.5618292,0.6429675,,20.0,ok_dr10
ZTF21abwfnru,8.152009000887594,DUP,,,,,,17.0,ok_dr9
ZTF24aankvon,1.6207369475440303,SER,20.380234,25.235485,0.07204607,0.2335564,,17.0,ok_dr10
ZTF20aamxuwl,7.772721712152461,DUP,,,,,,12.0,ok_dr10
ZTF22aadpsxa,0.6760203184531133,SER,18.62205,18.772366,0.011069,0.025288,,13.0,ok_dr9
ZTF24aawktbk,2.5137572816924387,EXP,20.07229,19.825697,0.087117344,0.04446991,,31.0,ok_dr10
ZTF21abwdzio,3.870678834207683,EXP,23.403822,22.910046,0.6339391,0.29026282,,23.0,ok_dr10
ZTF23aapphlk,1.0947584011894176,REX,18.256245,16.919243,0.066464,0.108626,,17.0,ok_dr9
ZTF23aamubjk,,,,,,,,,empty
ZTF25aceiycd,,,,,,,,,empty
ZTF23abfroaw,3.192133933149786,SER,,,,,,17.0,ok_dr10
ZTF18acbwarv,1.9812483772639116,EXP,21.366013,20.93949,0.262988,0.201018,,11.0,ok_dr9
ZTF21aalimtr,0.3960633096024292,DUP,,,,,,12.0,ok_dr9
ZTF24aamtsgz,2.1347652252648346,EXP,22.189253,22.041327,0.24705459,0.09249706,,11.0,ok_dr10
ZTF22aafrjnw,9.727792568209635,EXP,19.269644,19.9617,0.039664,0.063719,,25.0,ok_dr9
ZTF24aaahbvh,3.2679155099178008,SER,17.332788,16.99664,0.05729,0.017672,,16.0,ok_dr9
ZTF23abkdzxh,2.6308498482063354,REX,17.487446,17.026348,0.037701,0.011794,,15.0,ok_dr9
ZTF23abgltid,0.159021502865288,SER,15.57676,15.002777,0.04776681,0.010694911,,27.0,ok_dr10
ZTF24aajzmzf,2.5425671335306044,SER,16.285316,15.624994,0.062874086,0.016820505,0.053016704,18.0,ok_dr10
ZTF24abrpezq,0.2776261466339877,DUP,,,,,,9.0,ok_dr9
ZTF21abflhkz,0.8896438335819754,EXP,23.13017,22.915754,0.84829354,0.61557317,,18.0,ok_dr10
ZTF23aaakcxv,2.387868409686302,EXP,21.93919,23.354708,0.51264715,0.63040906,,20.0,ok_dr10
ZTF20aatxryt,0.24105181696184388,REX,20.17957,20.036339,0.52747273,0.37039283,,8.0,ok_dr10
ZTF25aaozsgb,4.433379135270338,SER,14.604,14.348996,0.012341,0.004851,0.010027,16.0,ok_dr9
ZTF24aagpwsh,0.9468702173721052,SER,17.581718,16.893013,0.085523,0.022557,,8.0,ok_dr9
ZTF23abbbomo,6.260842283081418,EXP,,20.391577,,,,10.0,ok_dr10
ZTF20acobevy,0.18607050264146002,SER,17.53137,16.74933,0.0767111,0.026594957,,16.0,ok_dr10
ZTF25abckwuq,,,,,,,,,empty
ZTF24abhgzjl,4.541633810256873,SER,16.568275,15.796815,0.0743111,0.016675228,0.06367808,32.0,ok_dr10
ZTF22aaryrrl,,,,,,,,,empty
ZTF24aailzom,1.5607565161919794,SER,19.22004,19.114983,0.05498252,0.079178356,,6.0,ok_dr10
ZTF18aagteoy,0.022491616759540922,DUP,,,,,,25.0,ok_dr9
ZTF22aalwnjf,2.2547106183674237,DUP,,,,,,9.0,ok_dr10
ZTF25aazhyde,,,,,,,,,empty
ZTF24aarrxzf,1.676889796735947,SER,19.608328,19.261816,0.11077891,0.05691417,,18.0,ok_dr10
ZTF19aavqotz,0.04526504225940974,REX,18.856546,18.608208,0.045735,0.020364,,8.0,ok_dr9
ZTF20aauqoim,2.080847780334454,REX,20.130522,19.928453,0.06158585,0.051622223,,13.0,ok_dr10
ZTF23abochfb,10.417672297879342,REX,24.45382,23.63676,1.0267166,0.35335836,,21.0,ok_dr10
ZTF24abzkoyr,13.604633018406492,REX,20.06579,,0.301625,0.188473,,17.0,ok_dr9
ZTF18aczbgpm,1.4950048917024932,EXP,22.131598,21.590015,0.56745,0.47482026,,6.0,ok_dr10
ZTF19aarifvr,1.0203603847768385,EXP,20.491613,20.282919,0.088472,0.069688,,9.0,ok_dr9
ZTF21aaqprjz,10.288569041176004,REX,21.306425,20.978895,0.1360978,0.24793297,,22.0,ok_dr10
ZTF20achpcvt,0.21585898313377327,SER,16.269876,15.753403,0.028020602,0.006218728,0.032527573,11.0,ok_dr10
ZTF18acrxpzx,2.5584018585707384,SER,20.118263,20.209375,0.02117,0.012131,,17.0,ok_dr9
ZTF20aavnnkm,,,,,,,,,empty
ZTF21aafkpnp,9.306525975386215,REX,23.465178,22.534857,0.73189,0.213175,,13.0,ok_dr9
ZTF23aadbwtw,6.466304161169355,DUP,,,,,,10.0,ok_dr10
ZTF20abzfoyg,2.8258316469009417,REX,,,,,,7.0,ok_dr10
ZTF20aaxhzhc,2.404538785475923,SER,20.449993,21.158169,0.021149704,0.036296587,,11.0,ok_dr10
ZTF20aagyuvy,2.8212201330669426,SER,16.980305,16.690405,0.03058943,0.008746965,0.044798166,12.0,ok_dr10
ZTF20acdalpf,,,,,,,,,empty
ZTF19aczjsqn,1.5708594419899882,SER,16.70283,16.002142,0.0899821,0.008075265,0.08891585,29.0,ok_dr10
ZTF21abbomrf,5.115928452679566,REX,16.08093,15.879465,0.027323,0.013218,0.031847,9.0,ok_dr9
ZTF20abawhtd,9.376036584504027,REX,22.802126,22.775507,0.413567,0.28639567,,13.0,ok_dr10
ZTF18abrbywo,0.5112885831187786,DUP,,,,,,82.0,ok_dr10
ZTF19acqxoll,4.119802279960761,DUP,,,,,,17.0,ok_dr10
ZTF18abdbysy,18.61413302005372,EXP,17.431606,17.220076,0.008755,0.030509,,2.0,ok_dr9
ZTF25aalyccn,3.1184358263537697,SER,16.959755,16.400677,0.0972112,0.019328073,,25.0,ok_dr10
ZTF22aaanfhy,15.092935184469948,EXP,15.709985,15.471566,0.036822543,0.013215749,,9.0,ok_dr10
ZTF24abbrcrq,,,,,,,,,empty
ZTF20aaevgyr,0.5637204560377879,SER,20.877829,21.042784,0.3076681,0.24636717,,17.0,ok_dr10
ZTF24absvdpn,0.803397217792649,EXP,22.590265,22.566742,0.33630186,0.24159828,,14.0,ok_dr10
ZTF21aahfjlo,0.13195603768183983,EXP,20.74702,20.39195,0.205226,0.059387,,12.0,ok_dr9
ZTF21aaprfqv,21.84793089086006,DUP,,,,,,2.0,ok_dr10
ZTF19abqgtqo,1.6408477055915716,DEV,19.972143,20.051575,0.016730728,0.14670002,,28.0,ok_dr10
ZTF22aajwlug,9.85468079205404,EXP,20.694656,20.35145,0.17442,0.071401,,9.0,ok_dr9
ZTF25abioriw,,,,,,,,,empty
ZTF24abxwjab,3.512096998545698,REX,20.535389,,0.029394,0.142065,,9.0,ok_dr9
ZTF24aahiitr,0.548114370749147,EXP,19.87233,19.666916,0.096529946,0.10018638,,10.0,ok_dr10
ZTF20acwyihb,2.8203202424652125,SER,16.876581,16.429628,0.053648893,0.011370043,0.062109634,18.0,ok_dr10
ZTF21aapkkgx,0.4999215166439403,REX,23.90123,,0.4159113,0.44417048,,20.0,ok_dr10
ZTF19aculgvn,,,,,,,,,empty
ZTF25aaathgi,11.284561101170206,SER,14.039806,13.390965,0.045294,0.010145,,7.0,ok_dr9
ZTF24aaybafr,0.26987957073709806,EXP,20.993069,20.98686,0.08611589,0.046302944,,26.0,ok_dr10
ZTF21abrpkzp,1.3440613127602823,EXP,21.069893,20.809376,0.18661629,0.14246589,,10.0,ok_dr10
ZTF23aaaatjn,,,,,,,,,empty
ZTF18acarupz,,,,,,,,,empty
ZTF21abywdxt,4.503825252505053,EXP,20.98677,20.212597,0.7721471,0.3433028,,9.0,ok_dr10
ZTF19acymzwh,1.3351661295113626,EXP,20.956928,,0.038851,0.137224,,7.0,ok_dr9
ZTF23abjyjpb,5.153422119865071,SER,15.412781,14.904271,0.025925,0.00572,,10.0,ok_dr9
ZTF18abdffeo,1.9475630283622918,SER,12.692452,12.265435,0.012195108,0.005002459,0.014775228,12.0,ok_dr10
ZTF22abfpgcn,11.978522188253704,DEV,21.677048,20.462736,0.66558725,0.14085992,,9.0,ok_dr10
ZTF18abtvgxv,0.0610253041610512,SER,,16.867018,,,,19.0,ok_dr10
ZTF24ablersy,1.936448566152685,SER,20.31817,19.804495,0.25130484,0.11273916,,46.0,ok_dr10
ZTF20aadtarr,0.11719216559669278,REX,21.846954,22.44117,0.03143147,0.2040259,,17.0,ok_dr10
ZTF19acgcshq,,,,,,,,,empty
ZTF20acukxat,11.508235373657332,REX,21.866585,21.448267,0.24752277,0.26174507,,12.0,ok_dr10
ZTF21acbxtqq,0.9682144312736869,SER,17.995132,17.385624,0.077415645,0.012945357,,14.0,ok_dr10
ZTF24absmsee,4.7836703173253445,DUP,,,,,,7.0,ok_dr9
ZTF18acbwazl,11.790879892427206,REX,23.522879,,0.743502,0.398816,,10.0,ok_dr9
ZTF19aaznwze,8.677536038486684,REX,23.309486,24.37033,0.5494232,0.47093192,,8.0,ok_dr10
ZTF17aaapufz,5.507954826490788,SER,17.438719,18.297993,0.008024942,0.01858115,0.0026774374,24.0,ok_dr10
ZTF18acbwfza,4.578107112214666,EXP,16.267872,15.776751,0.094184,0.03816,,3.0,ok_dr9
ZTF18aczbkqp,,,,,,,,,empty
ZTF19aadyppr,5.138040146937871,EXP,15.943304,16.816334,0.015977,0.024398,,13.0,ok_dr9
ZTF19aagqkrq,7.513385769323349,SER,21.464794,22.64169,0.06900088,0.29755098,,17.0,ok_dr10
ZTF19acoaiub,11.876780254068223,SER,18.979218,18.07415,0.39207435,0.1204293,,2.0,ok_dr10
ZTF19acpmbvd,1.488513470695266,SER,17.030794,17.239628,0.017546158,0.010195905,,7.0,ok_dr10
ZTF20aawdwch,,,,,,,,,no_gal
ZTF21aagppzg,5.6239660365528055,DEV,21.145113,22.075039,0.036551,0.140276,,14.0,ok_dr9
ZTF22aadpscu,6.286764766831756,REX,16.70427,16.240396,0.098579,0.031691,,9.0,ok_dr9
ZTF22abbcnay,9.239075888312795,REX,,22.733202,,,,11.0,ok_dr10
ZTF23aajlkxc,2.930942652800858,DEV,20.207314,,0.046999,0.121679,,10.0,ok_dr9
ZTF23aatekmu,,,,,,,,,empty
ZTF18abnuzzt,,,,,,,,,empty
ZTF19abirmkt,,,,,,,,,empty
ZTF19abzsnqm,,,,,,,,,no_gal
ZTF19acbzgog,,,,,,,,,empty
ZTF19acfsteg,,,,,,,,,empty
ZTF19acgfhfd,,,,,,,,,empty
ZTF19acnfsij,,,,,,,,,empty
ZTF19acqprad,,,,,,,,,empty
ZTF19acxrihd,,,,,,,,,empty
ZTF19adakuos,,,,,,,,,empty
ZTF20abqhsxb,,,,,,,,,empty
ZTF20abzbtgm,,,,,,,,,empty
ZTF20aceeeuz,,,,,,,,,no_gal
ZTF20acfucwr,,,,,,,,,empty
ZTF20acgigfo,,,,,,,,,empty
ZTF20acplkub,,,,,,,,,empty
ZTF21aagkzmc,,,,,,,,,empty
ZTF21abjiotr,,,,,,,,,empty
ZTF21acbcfmh,,,,,,,,,empty
ZTF21acbutpl,,,,,,,,,empty
ZTF22aaombjf,,,,,,,,,empty
ZTF22aatixbc,,,,,,,,,empty
ZTF22aazdzyj,,,,,,,,,empty
ZTF22aazmooy,,,,,,,,,empty
ZTF22abfxmpc,,,,,,,,,empty
ZTF22abnrgno,,,,,,,,,empty
ZTF22abrpjxu,,,,,,,,,empty
ZTF22abtltcw,,,,,,,,,empty
ZTF23aaaairl,,,,,,,,,empty
ZTF23aaaatei,4.176619410421197,REX,23.109983,22.780989,0.805901,0.276646,,5.0,ok_dr9
ZTF23aabvpgb,,,,,,,,,empty
ZTF23aapqkvw,,,,,,,,,empty
ZTF23aarlxdf,,,,,,,,,empty
ZTF23aatzhso,,,,,,,,,empty
ZTF23abigaao,,,,,,,,,empty
ZTF23abiwrwo,,,,,,,,,empty
ZTF24abartsb,,,,,,,,,empty
