obj_id,filepath,bts_type,broad,group,n_events,n_g,n_r,passes_quality
ZTF17aaahrni,events/ZTF17aaahrni.npz,CV,CV,core,14,7,7,True
ZTF17aaaikab,events/ZTF17aaaikab.npz,CV,CV,core,4,2,2,False
ZTF17aaajnki,events/ZTF17aaajnki.npz,AGN,AGN,core,15,8,7,True
ZTF17aaaobyl,events/ZTF17aaaobyl.npz,CV,CV,core,9,5,4,True
ZTF17aaaocnx,events/ZTF17aaaocnx.npz,CV,CV,core,4,3,1,False
ZTF17aaaocpq,events/ZTF17aaaocpq.npz,AGN,AGN,core,15,0,15,False
ZTF17aaaukqn,events/ZTF17aaaukqn.npz,CV,CV,core,28,11,17,True
ZTF17aaavjfv,events/ZTF17aaavjfv.npz,CV,CV,core,6,2,4,False
ZTF17aaawgbm,events/ZTF17aaawgbm.npz,CV,CV,core,1,1,0,False
ZTF17aaawgkc,events/ZTF17aaawgkc.npz,CV,CV,core,3,3,0,False
ZTF17aaazdba,events/ZTF17aaazdba.npz,TDE,TDE,core,3,1,2,False
ZTF17aabtvsy,events/ZTF17aabtvsy.npz,SN Ia,SNI,core,23,10,13,True
ZTF17aaburzk,events/ZTF17aaburzk.npz,CV,CV,core,9,9,0,False
ZTF17aabvong,events/ZTF17aabvong.npz,SN Ia,SNI,core,31,23,8,True
ZTF17aacldgo,events/ZTF17aacldgo.npz,SN Ia,SNI,core,16,8,8,True
ZTF17aacpbmv,events/ZTF17aacpbmv.npz,SN Ic,SNI,core,16,7,9,True
ZTF17aactzul,events/ZTF17aactzul.npz,CV,CV,core,1,0,1,False
ZTF17aadcbei,events/ZTF17aadcbei.npz,CV,CV,core,15,5,10,True
ZTF17aadlxmv,events/ZTF17aadlxmv.npz,SN Ia,SNI,core,27,9,18,True
ZTF18aaabltn,events/ZTF18aaabltn.npz,AGN,AGN,core,20,0,20,False
ZTF18aaadtdc,events/ZTF18aaadtdc.npz,AGN,AGN,core,16,9,7,True
ZTF18aaaecnk,events/ZTF18aaaecnk.npz,CV,CV,core,8,3,5,True
ZTF18aaaehwv,events/ZTF18aaaehwv.npz,CV,CV,core,13,5,8,True
ZTF18aaaibml,events/ZTF18aaaibml.npz,SN II,SNII,core,22,10,12,True
ZTF18aaakpbx,events/ZTF18aaakpbx.npz,CV,CV,core,21,8,13,True
ZTF18aaakpoh,events/ZTF18aaakpoh.npz,AGN,AGN,core,14,9,5,True
ZTF18aaakpsa,events/ZTF18aaakpsa.npz,AGN,AGN,core,9,7,2,True
ZTF18aaaniwu,events/ZTF18aaaniwu.npz,AGN,AGN,core,14,9,5,True
ZTF18aaaokus,events/ZTF18aaaokus.npz,AGN,AGN,core,1,0,1,False
ZTF18aaaonon,events/ZTF18aaaonon.npz,SN Ia,SNI,core,1,0,1,False
ZTF18aaaooqj,events/ZTF18aaaooqj.npz,SN Ia,SNI,core,1,0,1,False
ZTF18aaaorhy,events/ZTF18aaaorhy.npz,AGN,AGN,core,11,9,2,True
ZTF18aaaphrw,events/ZTF18aaaphrw.npz,CV,CV,core,5,1,4,False
ZTF18aaapjfq,events/ZTF18aaapjfq.npz,CV,CV,core,50,0,50,False
ZTF18aaaqexr,events/ZTF18aaaqexr.npz,SN Ia,SNI,core,11,9,2,True
ZTF18aabcgyb,events/ZTF18aabcgyb.npz,SN Ia,SNI,core,4,0,4,False
ZTF18aabdajx,events/ZTF18aabdajx.npz,TDE,TDE,core,2,0,2,False
ZTF18aabdgik,events/ZTF18aabdgik.npz,SN Ia,SNI,core,5,0,5,False
ZTF18aabfxpw,events/ZTF18aabfxpw.npz,CV,CV,core,20,6,14,True
ZTF18aabicqe,events/ZTF18aabicqe.npz,AGN,AGN,core,10,2,8,True
ZTF18aabilqu,events/ZTF18aabilqu.npz,AGN,AGN,core,49,16,33,True
ZTF18aabiote,events/ZTF18aabiote.npz,CV,CV,core,2,0,2,False
ZTF18aabiwhf,events/ZTF18aabiwhf.npz,CV,CV,core,4,1,3,False
ZTF18aabkjfv,events/ZTF18aabkjfv.npz,AGN,AGN,core,14,8,6,True
ZTF18aabkrky,events/ZTF18aabkrky.npz,SN Ia,SNI,core,10,8,2,True
ZTF18aabkvpi,events/ZTF18aabkvpi.npz,TDE,TDE,core,1,1,0,False
ZTF18aabssth,events/ZTF18aabssth.npz,SN II,SNII,core,27,6,21,True
ZTF18aabtxvd,events/ZTF18aabtxvd.npz,TDE,TDE,core,1,0,1,False
ZTF18aabvpbb,events/ZTF18aabvpbb.npz,CV,CV,core,4,0,4,False
ZTF18aabxlsv,events/ZTF18aabxlsv.npz,SN Ib,SNI,core,4,0,4,False
ZTF18aacdvmi,events/ZTF18aacdvmi.npz,AGN,AGN,core,13,12,1,False
ZTF18aacdydz,events/ZTF18aacdydz.npz,AGN,AGN,core,6,1,5,False
ZTF18aaceepu,events/ZTF18aaceepu.npz,SN Ia,SNI,core,84,28,56,True
ZTF18aacemcn,events/ZTF18aacemcn.npz,SN II,SNII,core,29,2,27,True
ZTF18aacfonx,events/ZTF18aacfonx.npz,AGN,AGN,core,22,11,11,True
ZTF18aachojf,events/ZTF18aachojf.npz,AGN,AGN,core,8,4,4,True
ZTF18aacnlxz,events/ZTF18aacnlxz.npz,SN II,SNII,core,18,8,10,True
ZTF18aaddhpb,events/ZTF18aaddhpb.npz,AGN,AGN,core,2,0,2,False
ZTF18aadkjmo,events/ZTF18aadkjmo.npz,AGN,AGN,core,14,2,12,True
ZTF18aadlaxo,events/ZTF18aadlaxo.npz,SN Ia,SNI,core,20,11,9,True
ZTF18aadmssd,events/ZTF18aadmssd.npz,SN IIn,SNII,core,23,8,15,True
ZTF18aadnqwz,events/ZTF18aadnqwz.npz,AGN,AGN,core,13,1,12,False
ZTF18aadsuxd,events/ZTF18aadsuxd.npz,SN II,SNII,core,62,26,36,True
ZTF18aadxnul,events/ZTF18aadxnul.npz,SN Ia,SNI,core,3,0,3,False
ZTF18aadzfso,events/ZTF18aadzfso.npz,SN Ia,SNI,core,27,12,15,True
ZTF18aaeauzu,events/ZTF18aaeauzu.npz,AGN,AGN,core,22,4,18,True
ZTF18aaegvyd,events/ZTF18aaegvyd.npz,SN II,SNII,core,1,0,1,False
ZTF18aaeipng,events/ZTF18aaeipng.npz,SN IIb,SNII,core,28,12,16,True
ZTF18aaemivw,events/ZTF18aaemivw.npz,SN Ia,SNI,core,11,4,7,True
ZTF18aaenfaa,events/ZTF18aaenfaa.npz,AGN,AGN,core,28,12,16,True
ZTF18aaeqjmc,events/ZTF18aaeqjmc.npz,SN Ia,SNI,core,12,9,3,True
ZTF18aaeraoq,events/ZTF18aaeraoq.npz,AGN,AGN,core,7,3,4,False
ZTF18aaermez,events/ZTF18aaermez.npz,SN Ia,SNI,core,19,8,11,True
ZTF18aaewdgq,events/ZTF18aaewdgq.npz,SN Ib,SNI,core,7,6,1,False
ZTF18aaezzww,events/ZTF18aaezzww.npz,SN Ia,SNI,core,72,8,64,True
ZTF18aafdigb,events/ZTF18aafdigb.npz,SN Ia,SNI,core,14,6,8,True
ZTF18aafeiiy,events/ZTF18aafeiiy.npz,AGN,AGN,core,4,1,3,False
ZTF18aafjeeu,events/ZTF18aafjeeu.npz,AGN,AGN,core,14,4,10,True
ZTF18aaflcyp,events/ZTF18aaflcyp.npz,AGN,AGN,core,16,5,11,True
ZTF18aafpfwr,events/ZTF18aafpfwr.npz,SN Ia,SNI,core,13,6,7,True
ZTF18aafzers,events/ZTF18aafzers.npz,SN Ia-pec,SNI,core,20,8,12,True
ZTF18aagkwgz,events/ZTF18aagkwgz.npz,SN Ia,SNI,core,26,11,13,True
ZTF18aagpzjk,,SN II,SNII,core,0,0,0,False
ZTF18aagqhrw,events/ZTF18aagqhrw.npz,CV,CV,core,3,1,2,False
ZTF18aagrdcs,events/ZTF18aagrdcs.npz,SN Ib,SNI,core,43,20,23,True
ZTF18aagrkwn,events/ZTF18aagrkwn.npz,AGN,AGN,core,25,12,13,True
ZTF18aagrsry,events/ZTF18aagrsry.npz,AGN,AGN,core,4,0,4,False
ZTF18aagrtxs,events/ZTF18aagrtxs.npz,SN Ia,SNI,core,32,16,16,True
ZTF18aagstdc,events/ZTF18aagstdc.npz,SN Ia,SNI,core,46,21,25,True
ZTF18aagtcxj,events/ZTF18aagtcxj.npz,SN Ia,SNI,core,88,42,46,True
ZTF18aagteoy,events/ZTF18aagteoy.npz,AGN,AGN,core,37,17,20,True
ZTF18aagtevs,events/ZTF18aagtevs.npz,AGN,AGN,core,64,35,29,True
ZTF18aagtwyh,events/ZTF18aagtwyh.npz,SN Ia,SNI,core,19,8,11,True
ZTF18aahatvc,events/ZTF18aahatvc.npz,SN Ia-91T,SNI,core,53,22,31,True
ZTF18aahesrp,,SN Ia,SNI,core,0,0,0,False
ZTF18aaheszr,events/ZTF18aaheszr.npz,AGN,AGN,core,23,2,21,True
ZTF18aahfbqp,events/ZTF18aahfbqp.npz,SN Ia,SNI,core,22,10,12,True
ZTF18aahfeiy,events/ZTF18aahfeiy.npz,SN Ia,SNI,core,5,5,0,False
ZTF18aahfgyz,events/ZTF18aahfgyz.npz,SN Ia-91bg,SNI,core,6,6,0,False
ZTF18aahfjdt,events/ZTF18aahfjdt.npz,AGN,AGN,core,5,0,5,False
ZTF18aahfohe,events/ZTF18aahfohe.npz,AGN,AGN,core,33,11,22,True
ZTF18aahfqbc,events/ZTF18aahfqbc.npz,SN II,SNII,core,25,5,20,True
ZTF18aahfxnn,,SN Ia,SNI,core,0,0,0,False
ZTF18aahfzea,events/ZTF18aahfzea.npz,SN Ia,SNI,core,14,0,14,False
ZTF18aahheaj,events/ZTF18aahheaj.npz,SN Ia,SNI,core,12,0,12,False
ZTF18aahhenr,events/ZTF18aahhenr.npz,SN Ia-91T,SNI,core,3,0,3,False
ZTF18aahhqih,events/ZTF18aahhqih.npz,SN II,SNII,core,4,0,4,False
ZTF18aahhzqn,events/ZTF18aahhzqn.npz,SN Ib/c,SNI,core,3,0,3,False
ZTF18aahijwe,events/ZTF18aahijwe.npz,AGN,AGN,core,8,2,6,True
ZTF18aahjafd,events/ZTF18aahjafd.npz,SN Ia,SNI,core,26,16,10,True
ZTF18aahjbii,events/ZTF18aahjbii.npz,AGN,AGN,core,29,14,15,True
ZTF18aahjdnz,events/ZTF18aahjdnz.npz,AGN,AGN,core,23,13,10,True
ZTF18aahjjuh,events/ZTF18aahjjuh.npz,AGN,AGN,core,7,6,1,False
ZTF18aahmkac,events/ZTF18aahmkac.npz,AGN,AGN,core,6,0,6,False
ZTF18aahpbal,events/ZTF18aahpbal.npz,AGN,AGN,core,12,9,3,True
ZTF18aahpbwz,events/ZTF18aahpbwz.npz,SN Ib,SNI,core,15,15,0,False
ZTF18aahptcq,,SN Ia,SNI,core,0,0,0,False
ZTF18aahpyks,events/ZTF18aahpyks.npz,SN Ia,SNI,core,1,0,1,False
ZTF18aahqkbt,events/ZTF18aahqkbt.npz,TDE,TDE,core,19,17,2,True
ZTF18aahqmsr,events/ZTF18aahqmsr.npz,SN Ia,SNI,core,7,2,5,False
ZTF18aahqrur,events/ZTF18aahqrur.npz,AGN,AGN,core,11,1,10,False
ZTF18aahrzkb,events/ZTF18aahrzkb.npz,SN II,SNII,core,51,22,29,True
ZTF18aahshhp,events/ZTF18aahshhp.npz,SN Ia,SNI,core,1,0,1,False
ZTF18aahtjsc,events/ZTF18aahtjsc.npz,SN Ia,SNI,core,20,12,8,True
ZTF18aahtkze,events/ZTF18aahtkze.npz,AGN,AGN,core,16,2,14,True
ZTF18aahtnlt,events/ZTF18aahtnlt.npz,AGN,AGN,core,32,16,16,True
ZTF18aahuujv,events/ZTF18aahuujv.npz,SN Ic,SNI,core,3,0,3,False
ZTF18aahvcby,events/ZTF18aahvcby.npz,AGN,AGN,core,7,4,3,False
ZTF18aahvkwq,events/ZTF18aahvkwq.npz,SN Ia,SNI,core,1,0,1,False
ZTF18aahvndq,events/ZTF18aahvndq.npz,SN Ia,SNI,core,33,17,16,True
ZTF18aahvpcy,events/ZTF18aahvpcy.npz,SN Ia,SNI,core,4,0,4,False
ZTF18aahwhbk,events/ZTF18aahwhbk.npz,SN Ia,SNI,core,2,0,2,False
ZTF18aahwquy,events/ZTF18aahwquy.npz,AGN,AGN,core,5,0,5,False
ZTF18aahxamc,events/ZTF18aahxamc.npz,AGN,AGN,core,36,16,20,True
ZTF18aaiiigm,events/ZTF18aaiiigm.npz,SN Ia,SNI,core,7,1,6,False
ZTF18aailmnv,events/ZTF18aailmnv.npz,SN Ia,SNI,core,33,15,18,True
ZTF18aailsee,events/ZTF18aailsee.npz,AGN,AGN,core,5,4,1,False
ZTF18aairuad,events/ZTF18aairuad.npz,SN Ia,SNI,core,7,3,4,False
ZTF18aaisqmw,events/ZTF18aaisqmw.npz,SN Ia,SNI,core,7,0,7,False
ZTF18aaisuxz,events/ZTF18aaisuxz.npz,SN Ia,SNI,core,1,1,0,False
ZTF18aaisybp,events/ZTF18aaisybp.npz,SN Ic,SNI,core,17,8,9,True
ZTF18aaisyyp,events/ZTF18aaisyyp.npz,SN Ic,SNI,core,31,14,17,True
ZTF18aaivnak,events/ZTF18aaivnak.npz,SN Ia,SNI,core,12,9,3,True
ZTF18aaiwewk,events/ZTF18aaiwewk.npz,SN Ia,SNI,core,22,8,14,True
ZTF18aaiwsqa,events/ZTF18aaiwsqa.npz,AGN,AGN,core,143,122,21,True
ZTF18aaiwzie,events/ZTF18aaiwzie.npz,SN Ia,SNI,core,25,11,14,True
ZTF18aaixulp,events/ZTF18aaixulp.npz,CV,CV,core,26,1,25,False
ZTF18aaiykoz,events/ZTF18aaiykoz.npz,SN Ia,SNI,core,136,66,70,True
ZTF18aaizerg,events/ZTF18aaizerg.npz,SN Ia,SNI,core,28,10,18,True
ZTF18aajarpg,events/ZTF18aajarpg.npz,AGN,AGN,core,12,7,5,True
ZTF18aajivpr,events/ZTF18aajivpr.npz,SN Ia,SNI,core,26,11,15,True
ZTF18aajiwdu,events/ZTF18aajiwdu.npz,AGN,AGN,core,13,8,5,True
ZTF18aajjhkq,events/ZTF18aajjhkq.npz,SN Ia,SNI,core,31,14,17,True
ZTF18aajkcdn,events/ZTF18aajkcdn.npz,SN Ia,SNI,core,11,7,4,True
ZTF18aajkrxi,events/ZTF18aajkrxi.npz,SN Ia,SNI,core,1,0,1,False
ZTF18aajnqmp,events/ZTF18aajnqmp.npz,AGN,AGN,core,18,10,8,True
ZTF18aajpjdi,events/ZTF18aajpjdi.npz,SN Ia,SNI,core,32,15,17,True
ZTF18aajrwju,events/ZTF18aajrwju.npz,AGN,AGN,core,54,28,26,True
ZTF18aajswer,events/ZTF18aajswer.npz,AGN,AGN,core,34,16,18,True
ZTF18aajtlbf,events/ZTF18aajtlbf.npz,SN Ia,SNI,core,37,24,13,True
ZTF18aajupnt,events/ZTF18aajupnt.npz,AGN,AGN,core,36,21,15,True
ZTF18aajvqye,events/ZTF18aajvqye.npz,SN Ia,SNI,core,27,12,15,True
ZTF18aakaaza,events/ZTF18aakaaza.npz,AGN,AGN,core,1,1,0,False
ZTF18aakaljn,events/ZTF18aakaljn.npz,SN Ia-pec,SNI,core,1,1,0,False
ZTF18aakctzv,events/ZTF18aakctzv.npz,SN IIP,SNII,core,13,0,13,False
ZTF18aakecej,events/ZTF18aakecej.npz,SN Ia,SNI,core,22,12,10,True
ZTF18aakehpc,events/ZTF18aakehpc.npz,AGN,AGN,core,4,2,2,False
ZTF18aakfabl,events/ZTF18aakfabl.npz,SN II,SNII,core,16,6,10,True
ZTF18aakgzwi,events/ZTF18aakgzwi.npz,AGN,AGN,core,17,16,1,False
ZTF18aakitiq,events/ZTF18aakitiq.npz,SN Ia,SNI,core,55,26,29,True
ZTF18aakiwbs,events/ZTF18aakiwbs.npz,SN Ia,SNI,core,1,0,1,False
ZTF18aakkrjm,events/ZTF18aakkrjm.npz,SN Ib,SNI,core,29,14,15,True
ZTF18aakkvea,events/ZTF18aakkvea.npz,AGN,AGN,core,11,0,11,False
ZTF18aaklpdo,events/ZTF18aaklpdo.npz,SN Ia,SNI,core,1,0,1,False
ZTF18aakpnyt,events/ZTF18aakpnyt.npz,AGN,AGN,core,18,10,8,True
ZTF18aakqtwt,events/ZTF18aakqtwt.npz,AGN,AGN,core,2,1,1,False
ZTF18aakrnvd,events/ZTF18aakrnvd.npz,SN IIn,SNII,core,23,5,18,True
ZTF18aakvxqj,events/ZTF18aakvxqj.npz,CV,CV,core,12,3,9,True
ZTF18aakzliv,events/ZTF18aakzliv.npz,SN Ia,SNI,core,18,6,12,True
ZTF18aalataf,events/ZTF18aalataf.npz,CV,CV,core,5,0,5,False
ZTF18aalcxig,events/ZTF18aalcxig.npz,SN Ia,SNI,core,27,14,13,True
ZTF18aalsiji,events/ZTF18aalsiji.npz,AGN,AGN,core,15,14,1,False
ZTF18aamfrvy,events/ZTF18aamfrvy.npz,SN IIP,SNII,core,25,10,15,True
ZTF18aamfsxv,events/ZTF18aamfsxv.npz,AGN,AGN,core,8,1,7,False
ZTF18aamftst,events/ZTF18aamftst.npz,SN IIn,SNII,core,20,2,18,True
ZTF18aamfybf,events/ZTF18aamfybf.npz,SN Ia,SNI,core,7,6,1,False
ZTF18aamgcbt,events/ZTF18aamgcbt.npz,AGN,AGN,core,5,4,1,False
ZTF18aamigmk,events/ZTF18aamigmk.npz,SN Ia,SNI,core,46,24,22,True
ZTF18aammlba,events/ZTF18aammlba.npz,CV,CV,core,5,3,2,False
ZTF18aamsgjq,events/ZTF18aamsgjq.npz,SN Ia,SNI,core,9,2,7,True
ZTF18aamsxfh,events/ZTF18aamsxfh.npz,SN Ia,SNI,core,6,3,3,False
ZTF18aamtiwb,events/ZTF18aamtiwb.npz,SN Ia-91T,SNI,core,5,3,2,False
ZTF18aamtrdu,events/ZTF18aamtrdu.npz,SN Ia,SNI,core,8,3,5,True
ZTF18aamvfeb,events/ZTF18aamvfeb.npz,SN Ia,SNI,core,41,23,18,True
ZTF18aamxads,events/ZTF18aamxads.npz,SN Ia,SNI,core,1,0,1,False
ZTF18aamxzjx,events/ZTF18aamxzjx.npz,AGN,AGN,core,11,10,1,False
ZTF18aamyexb,events/ZTF18aamyexb.npz,AGN,AGN,core,8,4,4,True
ZTF18aamzgzi,events/ZTF18aamzgzi.npz,SN Ia,SNI,core,1,0,1,False
ZTF18aangpkx,events/ZTF18aangpkx.npz,SN Ia,SNI,core,30,24,6,True
ZTF18aanhpii,events/ZTF18aanhpii.npz,SN Ia,SNI,core,1,0,1,False
ZTF18aanjzkp,events/ZTF18aanjzkp.npz,SN Ib,SNI,core,8,4,4,True
ZTF18aankxqv,events/ZTF18aankxqv.npz,SN Ia,SNI,core,18,8,10,True
ZTF18aanlyba,events/ZTF18aanlyba.npz,SN Ia,SNI,core,5,1,4,False
ZTF18aanlzzf,events/ZTF18aanlzzf.npz,AGN,AGN,core,39,22,17,True
ZTF18aannern,events/ZTF18aannern.npz,SN Ia,SNI,core,22,12,10,True
ZTF18aansqom,events/ZTF18aansqom.npz,SN Ia,SNI,core,33,13,20,True
ZTF18aansqov,events/ZTF18aansqov.npz,SN Ia,SNI,core,21,11,10,True
ZTF18aansqun,events/ZTF18aansqun.npz,SN Ia,SNI,core,15,4,11,True
ZTF18aanxlcr,events/ZTF18aanxlcr.npz,SN Ia,SNI,core,20,9,11,True
ZTF18aanygjk,events/ZTF18aanygjk.npz,SN Ia,SNI,core,37,17,20,True
ZTF18aaoecso,events/ZTF18aaoecso.npz,AGN,AGN,core,35,23,12,True
ZTF18aaojsvk,events/ZTF18aaojsvk.npz,AGN,AGN,core,24,20,4,True
ZTF18aaotzhu,events/ZTF18aaotzhu.npz,SN Ia,SNI,core,7,3,4,False
ZTF18aaoufjt,events/ZTF18aaoufjt.npz,SN Ia,SNI,core,1,0,1,False
ZTF18aaovbiy,events/ZTF18aaovbiy.npz,SN Ia,SNI,core,9,3,6,True
ZTF18aaovwbp,events/ZTF18aaovwbp.npz,SN Ia,SNI,core,1,0,1,False
ZTF18aaoxrup,events/ZTF18aaoxrup.npz,SN Ia,SNI,core,1,0,1,False
ZTF18aapgbfm,events/ZTF18aapgbfm.npz,AGN,AGN,core,9,8,1,False
ZTF18aaphzut,events/ZTF18aaphzut.npz,SN Ia,SNI,core,7,2,5,False
ZTF18aapictz,events/ZTF18aapictz.npz,SN Ia-91T,SNI,core,21,6,15,True
ZTF18aapifti,events/ZTF18aapifti.npz,SN IIP,SNII,core,7,0,7,False
ZTF18aapzqup,events/ZTF18aapzqup.npz,AGN,AGN,core,45,23,22,True
ZTF18aaqcdyd,events/ZTF18aaqcdyd.npz,SN Ia,SNI,core,1,0,1,False
ZTF18aaqcqvr,events/ZTF18aaqcqvr.npz,SN Ia,SNI,core,22,8,14,True
ZTF18aaqcugm,events/ZTF18aaqcugm.npz,SN Ia,SNI,core,28,14,14,True
ZTF18aaqdlxt,events/ZTF18aaqdlxt.npz,AGN,AGN,core,8,0,8,False
ZTF18aaqduja,events/ZTF18aaqduja.npz,AGN,AGN,core,31,22,9,True
ZTF18aaqedfj,events/ZTF18aaqedfj.npz,SN Ia,SNI,core,10,0,10,False
ZTF18aaqehoc,events/ZTF18aaqehoc.npz,SN Ia,SNI,core,21,7,14,True
ZTF18aaqfqaa,events/ZTF18aaqfqaa.npz,SN II,SNII,core,37,17,20,True
ZTF18aaqfziz,events/ZTF18aaqfziz.npz,SN Ia,SNI,core,15,4,11,True
ZTF18aaqgadq,events/ZTF18aaqgadq.npz,SN Ia,SNI,core,12,4,8,True
ZTF18aaqgbju,events/ZTF18aaqgbju.npz,SN Ia,SNI,core,18,8,10,True
ZTF18aaqiivp,events/ZTF18aaqiivp.npz,AGN,AGN,core,23,19,4,True
ZTF18aaqikyu,events/ZTF18aaqikyu.npz,CV,CV,core,10,7,3,True
ZTF18aaqjcvv,events/ZTF18aaqjcvv.npz,CV,CV,core,3,1,2,False
ZTF18aaqjhqz,,SN Ia,SNI,core,0,0,0,False
ZTF18aaqjovh,events/ZTF18aaqjovh.npz,SN Ic-BL,SNI,core,18,6,12,True
ZTF18aaqjqqc,events/ZTF18aaqjqqc.npz,SN Ia,SNI,core,9,7,2,True
ZTF18aaqkcso,events/ZTF18aaqkcso.npz,SN Ia,SNI,core,42,19,23,True
ZTF18aaqkdwu,events/ZTF18aaqkdwu.npz,SN II,SNII,core,38,16,22,True
ZTF18aaqkjuw,events/ZTF18aaqkjuw.npz,SN Ia,SNI,core,24,10,14,True
ZTF18aaqkoyr,events/ZTF18aaqkoyr.npz,SN II,SNII,core,19,6,13,True
ZTF18aaqkqxi,events/ZTF18aaqkqxi.npz,SN Ia,SNI,core,10,4,6,True
ZTF18aaqlblz,events/ZTF18aaqlblz.npz,AGN,AGN,core,9,5,4,True
ZTF18aaqldvl,events/ZTF18aaqldvl.npz,SN Ia,SNI,core,1,0,1,False
ZTF18aaqnxjb,events/ZTF18aaqnxjb.npz,SN Ia,SNI,core,1,0,1,False
ZTF18aaqpeoq,events/ZTF18aaqpeoq.npz,SN Ia,SNI,core,23,9,14,True
ZTF18aaqpjja,,SN Ia,SNI,core,0,0,0,False
ZTF18aaqpkvx,,SN Ia,SNI,core,0,0,0,False
ZTF18aaqpowv,events/ZTF18aaqpowv.npz,SN II,SNII,core,18,10,8,True
ZTF18aaqpwht,events/ZTF18aaqpwht.npz,SN Ia,SNI,core,2,2,0,False
ZTF18aaqqhis,events/ZTF18aaqqhis.npz,SN Ia,SNI,core,10,2,8,True
ZTF18aaqqoqs,events/ZTF18aaqqoqs.npz,SN Ia-91T,SNI,core,20,9,11,True
ZTF18aaqskoy,events/ZTF18aaqskoy.npz,SN Ia,SNI,core,23,11,12,True
ZTF18aaquvvq,events/ZTF18aaquvvq.npz,SN II,SNII,core,3,3,0,False
ZTF18aaqvuhl,events/ZTF18aaqvuhl.npz,SN Ia,SNI,core,17,9,8,True
ZTF18aaqxbvf,events/ZTF18aaqxbvf.npz,AGN,AGN,core,9,2,7,True
ZTF18aaqydat,events/ZTF18aaqydat.npz,SN Ia,SNI,core,11,5,6,True
ZTF18aaqznkg,events/ZTF18aaqznkg.npz,CV,CV,core,12,4,8,True
ZTF18aaraifg,events/ZTF18aaraifg.npz,CV,CV,core,6,3,3,False
ZTF18aarasof,events/ZTF18aarasof.npz,SN IIn,SNII,core,17,1,16,False
ZTF18aarbaba,events/ZTF18aarbaba.npz,SN Ia,SNI,core,76,40,36,True
ZTF18aarbgdn,events/ZTF18aarbgdn.npz,SN Ia,SNI,core,17,14,3,True
ZTF18aarbgrh,events/ZTF18aarbgrh.npz,AGN,AGN,core,8,7,1,False
ZTF18aarbify,events/ZTF18aarbify.npz,SN Ia,SNI,core,2,2,0,False
ZTF18aarcygc,,SN Ia,SNI,core,0,0,0,False
ZTF18aarcypa,events/ZTF18aarcypa.npz,SN Ia,SNI,core,4,4,0,False
ZTF18aardpmx,events/ZTF18aardpmx.npz,AGN,AGN,core,2,2,0,False
ZTF18aarhaog,events/ZTF18aarhaog.npz,AGN,AGN,core,1,1,0,False
ZTF18aarikzk,events/ZTF18aarikzk.npz,SN Ia,SNI,core,35,17,18,True
ZTF18aaripcr,events/ZTF18aaripcr.npz,SN Ia,SNI,core,63,19,44,True
ZTF18aarkwgc,events/ZTF18aarkwgc.npz,SN Ia,SNI,core,15,11,4,True
ZTF18aarkwge,events/ZTF18aarkwge.npz,SN Ia,SNI,core,2,1,1,False
ZTF18aarlpzd,events/ZTF18aarlpzd.npz,SN Ib,SNI,core,40,11,29,True
ZTF18aarlukc,events/ZTF18aarlukc.npz,SN Ia,SNI,core,48,22,26,True
ZTF18aarmnnd,events/ZTF18aarmnnd.npz,SN Ia,SNI,core,15,11,4,True
ZTF18aarnbhk,events/ZTF18aarnbhk.npz,SN Ia,SNI,core,25,11,14,True
ZTF18aaroihe,events/ZTF18aaroihe.npz,SN Ia,SNI,core,35,13,22,True
ZTF18aarrwmi,events/ZTF18aarrwmi.npz,AGN,AGN,core,7,7,0,False
ZTF18aarszsc,events/ZTF18aarszsc.npz,AGN,AGN,core,11,9,2,True
ZTF18aartimj,events/ZTF18aartimj.npz,SN II,SNII,core,14,0,14,False
ZTF18aartjmf,events/ZTF18aartjmf.npz,SN Ia,SNI,core,6,4,2,False
ZTF18aarunfu,events/ZTF18aarunfu.npz,SN Ia,SNI,core,33,15,18,True
ZTF18aarunub,events/ZTF18aarunub.npz,SN Ia,SNI,core,12,5,7,True
ZTF18aarwxum,events/ZTF18aarwxum.npz,SN Ia,SNI,core,131,52,79,True
ZTF18aarxzmv,events/ZTF18aarxzmv.npz,SN Ia,SNI,core,21,11,10,True
ZTF18aasdted,events/ZTF18aasdted.npz,SN Ia,SNI,core,54,27,27,True
ZTF18aaslhxt,events/ZTF18aaslhxt.npz,SN Ia,SNI,core,68,32,36,True
ZTF18aaspova,events/ZTF18aaspova.npz,AGN,AGN,core,9,0,9,False
ZTF18aasprui,events/ZTF18aasprui.npz,SN Ia,SNI,core,26,10,16,True
ZTF18aasrlze,events/ZTF18aasrlze.npz,SN Ia,SNI,core,94,47,47,True
ZTF18aasszwr,events/ZTF18aasszwr.npz,AGN,AGN,core,22,8,14,True
ZTF18aasuray,events/ZTF18aasuray.npz,AGN,AGN,core,26,12,14,True
ZTF18aasxahh,events/ZTF18aasxahh.npz,AGN,AGN,core,39,21,18,True
ZTF18aasxvsg,events/ZTF18aasxvsg.npz,SN II,SNII,core,40,16,24,True
ZTF18aasxwhv,events/ZTF18aasxwhv.npz,SN Ia,SNI,core,4,2,2,False
ZTF18aasycak,events/ZTF18aasycak.npz,SN Ia,SNI,core,4,2,2,False
ZTF18aasycpd,events/ZTF18aasycpd.npz,SN IIb,SNII,core,21,5,16,True
ZTF18aasyjhd,events/ZTF18aasyjhd.npz,SN II,SNII,core,91,45,46,True
ZTF18aasypqx,events/ZTF18aasypqx.npz,SN Ia-91T,SNI,core,12,5,7,True
ZTF18aaszvfn,events/ZTF18aaszvfn.npz,SN IIP,SNII,core,40,18,22,True
ZTF18aataafd,events/ZTF18aataafd.npz,SN Ia,SNI,core,14,6,8,True
ZTF18aatezaj,events/ZTF18aatezaj.npz,SN Ia,SNI,core,29,12,17,True
ZTF18aatfujv,events/ZTF18aatfujv.npz,SN Ia-pec,SNI,core,3,0,3,False
ZTF18aatgdph,events/ZTF18aatgdph.npz,SN Ia,SNI,core,73,38,35,True
ZTF18aatiffa,events/ZTF18aatiffa.npz,SN Ia,SNI,core,14,3,11,True
ZTF18aatiudp,events/ZTF18aatiudp.npz,SN Ia,SNI,core,7,5,2,False
ZTF18aatjfoe,events/ZTF18aatjfoe.npz,SN Ia,SNI,core,38,19,19,True
ZTF18aatjlhe,events/ZTF18aatjlhe.npz,SN II,SNII,core,7,3,4,False
ZTF18aatlfus,events/ZTF18aatlfus.npz,SN IIP,SNII,core,24,11,13,True
ZTF18aatmlsy,events/ZTF18aatmlsy.npz,SN Ia,SNI,core,39,15,24,True
ZTF18aatpqxq,events/ZTF18aatpqxq.npz,SN Ia,SNI,core,16,10,6,True
ZTF18aatrkga,events/ZTF18aatrkga.npz,SN Ia,SNI,core,59,25,34,True
ZTF18aatrllk,events/ZTF18aatrllk.npz,SN Ia,SNI,core,8,5,3,True
ZTF18aatrtkc,events/ZTF18aatrtkc.npz,SN Ia,SNI,core,1,0,1,False
ZTF18aatwqed,events/ZTF18aatwqed.npz,SN Ia,SNI,core,30,28,2,True
ZTF18aatxsvu,events/ZTF18aatxsvu.npz,AGN,AGN,core,15,0,15,False
ZTF18aatyqds,events/ZTF18aatyqds.npz,SN IIP,SNII,core,104,54,50,True
ZTF18aatzygk,events/ZTF18aatzygk.npz,SN Ia,SNI,core,21,8,13,True
ZTF18aauenwu,events/ZTF18aauenwu.npz,SN IIn,SNII,core,27,20,7,True
ZTF18aauhley,events/ZTF18aauhley.npz,AGN,AGN,core,7,4,3,False
ZTF18aauhxce,events/ZTF18aauhxce.npz,SN Ia,SNI,core,37,13,24,True
ZTF18aauizcr,events/ZTF18aauizcr.npz,SN Ia,SNI,core,14,0,14,False
ZTF18aaumeys,events/ZTF18aaumeys.npz,SN Ia-91T,SNI,core,40,17,23,True
ZTF18aaunfqq,events/ZTF18aaunfqq.npz,SN Ia,SNI,core,22,8,14,True
ZTF18aauotcv,events/ZTF18aauotcv.npz,SN Ia,SNI,core,26,12,14,True
ZTF18aaupmks,events/ZTF18aaupmks.npz,SN Ia,SNI,core,26,14,12,True
ZTF18aauqdyb,events/ZTF18aauqdyb.npz,SN Ia-91T,SNI,core,33,16,17,True
ZTF18aauuohe,events/ZTF18aauuohe.npz,AGN,AGN,core,10,4,6,True
ZTF18aauuzmf,events/ZTF18aauuzmf.npz,SN Ia,SNI,core,31,28,3,True
ZTF18aauvmnq,events/ZTF18aauvmnq.npz,SN Ia,SNI,core,3,0,3,False
ZTF18aauvnhh,events/ZTF18aauvnhh.npz,SN Ia,SNI,core,28,2,26,True
ZTF18aauworo,events/ZTF18aauworo.npz,SN Ia,SNI,core,15,0,15,False
ZTF18aauxltf,events/ZTF18aauxltf.npz,SN Ia,SNI,core,14,0,14,False
ZTF18aauxzle,events/ZTF18aauxzle.npz,SN II,SNII,core,35,2,33,True
ZTF18aavdwmh,events/ZTF18aavdwmh.npz,SN Ia,SNI,core,11,5,6,True
ZTF18aaviawx,events/ZTF18aaviawx.npz,SN Ia,SNI,core,12,9,3,True
ZTF18aavjnfx,events/ZTF18aavjnfx.npz,SN Ia,SNI,core,12,0,12,False
ZTF18aavjoas,events/ZTF18aavjoas.npz,CV,CV,core,12,0,12,False
ZTF18aavmrqy,events/ZTF18aavmrqy.npz,AGN,AGN,core,36,12,24,True
ZTF18aavnvmp,events/ZTF18aavnvmp.npz,SN Ia,SNI,core,20,8,12,True
ZTF18aavnxar,events/ZTF18aavnxar.npz,SN Ia,SNI,core,15,7,8,True
ZTF18aavohdq,events/ZTF18aavohdq.npz,AGN,AGN,core,8,3,5,True
ZTF18aavoyoq,events/ZTF18aavoyoq.npz,CV,CV,core,11,6,5,True
ZTF18aavqadc,events/ZTF18aavqadc.npz,AGN,AGN,core,7,0,7,False
ZTF18aavqdyq,events/ZTF18aavqdyq.npz,SN II,SNII,core,46,22,24,True
ZTF18aavrmlf,events/ZTF18aavrmlf.npz,SN Ia-91T,SNI,core,1,0,1,False
ZTF18aavrwhu,events/ZTF18aavrwhu.npz,SN Ia,SNI,core,26,11,15,True
ZTF18aavryhc,events/ZTF18aavryhc.npz,SN Ia,SNI,core,5,4,1,False
ZTF18aavrzxp,events/ZTF18aavrzxp.npz,SN Ia,SNI,core,18,9,9,True
ZTF18aavsilo,events/ZTF18aavsilo.npz,SN Ia,SNI,core,13,7,6,True
ZTF18aavskep,events/ZTF18aavskep.npz,SN IIn,SNII,core,17,0,17,False
ZTF18aavskyg,events/ZTF18aavskyg.npz,AGN,AGN,core,15,1,14,False
ZTF18aavtklk,events/ZTF18aavtklk.npz,AGN,AGN,core,27,15,12,True
ZTF18aavtxjk,events/ZTF18aavtxjk.npz,SN Ia,SNI,core,1,0,1,False
ZTF18aavuzhe,events/ZTF18aavuzhe.npz,SN Ia,SNI,core,7,5,2,False
ZTF18aavvnzu,events/ZTF18aavvnzu.npz,SN Ia,SNI,core,65,31,34,True
ZTF18aawczad,events/ZTF18aawczad.npz,SN Ia,SNI,core,7,6,1,False
ZTF18aawdoyf,events/ZTF18aawdoyf.npz,AGN,AGN,core,1,0,1,False
ZTF18aawdpnm,events/ZTF18aawdpnm.npz,SN Ia,SNI,core,16,0,16,False
ZTF18aawfqax,events/ZTF18aawfqax.npz,SN Ia,SNI,core,45,24,19,True
ZTF18aawglif,events/ZTF18aawglif.npz,SN Ia,SNI,core,43,17,25,True
ZTF18aawgrxz,events/ZTF18aawgrxz.npz,SN II,SNII,core,55,21,34,True
ZTF18aawigkf,events/ZTF18aawigkf.npz,SN IIb,SNII,core,24,11,13,True
ZTF18aawiilg,events/ZTF18aawiilg.npz,SN Ia,SNI,core,21,10,11,True
ZTF18aawitoj,events/ZTF18aawitoj.npz,SN Ia,SNI,core,4,4,0,False
ZTF18aawitry,events/ZTF18aawitry.npz,SN Ia,SNI,core,29,15,14,True
ZTF18aawjxgs,events/ZTF18aawjxgs.npz,CV,CV,core,4,1,3,False
ZTF18aawjywv,events/ZTF18aawjywv.npz,SN Ia,SNI,core,17,8,9,True
ZTF18aawlfnj,events/ZTF18aawlfnj.npz,SN Ia,SNI,core,32,17,15,True
ZTF18aawlxls,events/ZTF18aawlxls.npz,SN Ia,SNI,core,1,0,1,False
ZTF18aawmeiw,events/ZTF18aawmeiw.npz,SN Ia,SNI,core,61,29,32,True
ZTF18aawmxdx,events/ZTF18aawmxdx.npz,SN Ia,SNI,core,21,9,12,True
ZTF18aawpbgm,events/ZTF18aawpbgm.npz,SN Ia,SNI,core,2,0,2,False
ZTF18aawpcel,events/ZTF18aawpcel.npz,SN Ia,SNI,core,16,7,9,True
ZTF18aawpwlf,events/ZTF18aawpwlf.npz,SN II,SNII,core,25,13,12,True
ZTF18aawqjjj,events/ZTF18aawqjjj.npz,SN Ia,SNI,core,12,5,7,True
ZTF18aawrmhl,events/ZTF18aawrmhl.npz,CV,CV,core,6,3,3,False
ZTF18aawrmvo,events/ZTF18aawrmvo.npz,CV,CV,core,8,4,4,True
ZTF18aawrotg,events/ZTF18aawrotg.npz,SN Ia,SNI,core,20,12,8,True
ZTF18aawseij,events/ZTF18aawseij.npz,SN Ia,SNI,core,51,25,26,True
ZTF18aawurud,events/ZTF18aawurud.npz,SN Ia,SNI,core,19,6,13,True
ZTF18aawuzxa,events/ZTF18aawuzxa.npz,AGN,AGN,core,47,20,27,True
ZTF18aawxahl,events/ZTF18aawxahl.npz,SN Ia,SNI,core,12,5,7,True
ZTF18aawxlxf,events/ZTF18aawxlxf.npz,SN Ia,SNI,core,11,5,6,True
ZTF18aawyjjq,events/ZTF18aawyjjq.npz,SN II,SNII,core,74,27,47,True
ZTF18aawzens,events/ZTF18aawzens.npz,SN Ia,SNI,core,41,19,22,True
ZTF18aaxavsk,events/ZTF18aaxavsk.npz,SN Ia,SNI,core,26,10,16,True
ZTF18aaxcfbt,events/ZTF18aaxcfbt.npz,SN Ia,SNI,core,12,3,9,True
ZTF18aaxcntm,events/ZTF18aaxcntm.npz,SN Ia,SNI,core,43,22,21,True
ZTF18aaxcxih,events/ZTF18aaxcxih.npz,SN Ia,SNI,core,22,8,14,True
ZTF18aaxdrjn,events/ZTF18aaxdrjn.npz,SN Ia,SNI,core,40,16,24,True
ZTF18aaxeoqk,events/ZTF18aaxeoqk.npz,SN Ia,SNI,core,3,1,2,False
ZTF18aaxgwpl,events/ZTF18aaxgwpl.npz,SN Ia,SNI,core,2,1,1,False
ZTF18aaxhcam,events/ZTF18aaxhcam.npz,SN Ia,SNI,core,69,32,34,True
ZTF18aaxiuyp,events/ZTF18aaxiuyp.npz,SN Ic,SNI,core,16,5,11,True
ZTF18aaxjuwy,events/ZTF18aaxjuwy.npz,SN IIn,SNII,core,8,2,6,True
ZTF18aaxkfos,events/ZTF18aaxkfos.npz,SN Ia,SNI,core,12,8,4,True
ZTF18aaxkjmm,events/ZTF18aaxkjmm.npz,SN Ia,SNI,core,25,8,17,True
ZTF18aaxkqgy,events/ZTF18aaxkqgy.npz,SN IIP,SNII,core,68,25,43,True
ZTF18aaxmhvk,events/ZTF18aaxmhvk.npz,SN Ia,SNI,core,28,9,19,True
ZTF18aaxmixe,events/ZTF18aaxmixe.npz,SN Ia,SNI,core,6,0,6,False
ZTF18aaxnkos,events/ZTF18aaxnkos.npz,SN Ia,SNI,core,11,7,4,True
ZTF18aaxnnev,events/ZTF18aaxnnev.npz,AGN,AGN,core,1,0,1,False
ZTF18aaxnqjb,events/ZTF18aaxnqjb.npz,SN II,SNII,core,13,0,13,False
ZTF18aaxnrhv,events/ZTF18aaxnrhv.npz,AGN,AGN,core,2,1,1,False
ZTF18aaxokeg,events/ZTF18aaxokeg.npz,SN Ia,SNI,core,23,9,14,True
ZTF18aaxqyki,events/ZTF18aaxqyki.npz,SN Ia,SNI,core,21,10,11,True
ZTF18aaxrkqy,events/ZTF18aaxrkqy.npz,AGN,AGN,core,10,9,1,False
ZTF18aaxryfw,events/ZTF18aaxryfw.npz,AGN,AGN,core,11,7,4,True
ZTF18aaxsioa,events/ZTF18aaxsioa.npz,SN Ia,SNI,core,46,22,24,True
ZTF18aaxtcdm,events/ZTF18aaxtcdm.npz,SN Ia,SNI,core,11,1,10,False
ZTF18aaxtmeg,events/ZTF18aaxtmeg.npz,CV,CV,core,3,0,3,False
ZTF18aaxvpsw,events/ZTF18aaxvpsw.npz,SN Ia,SNI,core,17,8,9,True
ZTF18aaxwjmp,events/ZTF18aaxwjmp.npz,SN Ia,SNI,core,44,20,24,True
ZTF18aaxxewy,events/ZTF18aaxxewy.npz,SN Ia,SNI,core,17,0,17,False
ZTF18aaxxfah,events/ZTF18aaxxfah.npz,SN Ia,SNI,core,10,0,10,False
ZTF18aaxxfgs,events/ZTF18aaxxfgs.npz,SN IIn,SNII,core,19,0,19,False
ZTF18aaxxyhp,events/ZTF18aaxxyhp.npz,AGN,AGN,core,6,0,6,False
ZTF18aaxzpyh,events/ZTF18aaxzpyh.npz,AGN,AGN,core,2,2,0,False
ZTF18aaybfsd,events/ZTF18aaybfsd.npz,SN Ia,SNI,core,60,27,33,True
ZTF18aaybtnt,events/ZTF18aaybtnt.npz,CV,CV,core,13,5,8,True
ZTF18aaybvhx,events/ZTF18aaybvhx.npz,AGN,AGN,core,19,5,14,True
ZTF18aaydbyc,events/ZTF18aaydbyc.npz,CV,CV,core,18,9,9,True
ZTF18aaydmkh,events/ZTF18aaydmkh.npz,SN Ia,SNI,core,15,5,10,True
ZTF18aaygwqd,events/ZTF18aaygwqd.npz,SN Ib,SNI,core,40,4,36,True
ZTF18aayiahw,events/ZTF18aayiahw.npz,SN Ia,SNI,core,9,0,9,False
ZTF18aayidfz,events/ZTF18aayidfz.npz,SN Ia,SNI,core,16,9,7,True
ZTF18aayigdr,events/ZTF18aayigdr.npz,AGN,AGN,core,39,19,20,True
ZTF18aayiono,events/ZTF18aayiono.npz,SN Ia,SNI,core,1,0,1,False
ZTF18aayiqyq,events/ZTF18aayiqyq.npz,AGN,AGN,core,3,2,1,False
ZTF18aayivoq,events/ZTF18aayivoq.npz,SN Ia,SNI,core,10,7,3,True
ZTF18aayivxm,events/ZTF18aayivxm.npz,SN Ia,SNI,core,16,8,8,True
ZTF18aayjvve,events/ZTF18aayjvve.npz,SN Ia,SNI,core,33,15,18,True
ZTF18aayjyub,events/ZTF18aayjyub.npz,SN Ia,SNI,core,52,24,28,True
ZTF18aaykjei,events/ZTF18aaykjei.npz,SN Ia-pec,SNI,core,43,15,28,True
ZTF18aaykmzg,events/ZTF18aaykmzg.npz,SN Ia-91bg,SNI,core,4,0,4,False
ZTF18aaylbjm,events/ZTF18aaylbjm.npz,SN Ia,SNI,core,10,0,10,False
ZTF18aaylbyr,events/ZTF18aaylbyr.npz,AGN,AGN,core,15,2,13,True
ZTF18aaylcgr,events/ZTF18aaylcgr.npz,AGN,AGN,core,15,0,15,False
ZTF18aaylcvo,events/ZTF18aaylcvo.npz,SN Ia,SNI,core,9,0,9,False
ZTF18aayltmt,events/ZTF18aayltmt.npz,AGN,AGN,core,16,4,12,True
ZTF18aaytovs,events/ZTF18aaytovs.npz,SN Ia-91T,SNI,core,29,12,17,True
ZTF18aayxupv,events/ZTF18aayxupv.npz,SN Ia,SNI,core,11,5,6,True
ZTF18aayyqia,events/ZTF18aayyqia.npz,SN Ia,SNI,core,1,0,1,False
ZTF18aayyxxp,events/ZTF18aayyxxp.npz,SN IIP,SNII,core,20,5,15,True
ZTF18aazabmh,events/ZTF18aazabmh.npz,SN Ia,SNI,core,22,9,13,True
ZTF18aazblzy,events/ZTF18aazblzy.npz,SN Ia,SNI,core,45,18,27,True
ZTF18aazcoob,events/ZTF18aazcoob.npz,SN Ia,SNI,core,25,10,15,True
ZTF18aazcuno,events/ZTF18aazcuno.npz,AGN,AGN,core,53,24,29,True
ZTF18aazgfkq,events/ZTF18aazgfkq.npz,SN Ia,SNI,core,5,0,5,False
ZTF18aazhkfk,events/ZTF18aazhkfk.npz,CV,CV,core,4,0,4,False
ZTF18aazhklh,events/ZTF18aazhklh.npz,SN Ib,SNI,core,9,0,9,False
ZTF18aazhwnh,events/ZTF18aazhwnh.npz,SN Ia,SNI,core,6,1,5,False
ZTF18aazijke,events/ZTF18aazijke.npz,SN Ia,SNI,core,3,0,3,False
ZTF18aazixbw,events/ZTF18aazixbw.npz,SN Ia,SNI,core,23,7,16,True
ZTF18aazjflo,events/ZTF18aazjflo.npz,SN II,SNII,core,75,35,40,True
ZTF18aazjqil,events/ZTF18aazjqil.npz,SN Ia,SNI,core,1,1,0,False
ZTF18aazjztm,events/ZTF18aazjztm.npz,SN Ia,SNI,core,15,6,9,True
ZTF18aazndjw,events/ZTF18aazndjw.npz,CV,CV,core,184,89,95,True
ZTF18aazppgf,events/ZTF18aazppgf.npz,AGN,AGN,core,9,7,2,True
ZTF18aazrdpr,events/ZTF18aazrdpr.npz,CV,CV,core,23,20,3,True
ZTF18aazsabq,events/ZTF18aazsabq.npz,SN Ia,SNI,core,27,10,17,True
ZTF18aazvajy,events/ZTF18aazvajy.npz,CV,CV,core,98,51,47,True
ZTF18aazxthg,events/ZTF18aazxthg.npz,SN Ia,SNI,core,5,5,0,False
ZTF18abadjhx,events/ZTF18abadjhx.npz,SN Ia,SNI,core,19,10,9,True
ZTF18abaeawz,events/ZTF18abaeawz.npz,SN Ia,SNI,core,15,4,11,True
ZTF18abaelhi,events/ZTF18abaelhi.npz,SN II,SNII,core,6,0,6,False
ZTF18abakjgq,events/ZTF18abakjgq.npz,SN Ia,SNI,core,85,43,42,True
ZTF18abakunn,events/ZTF18abakunn.npz,SN Ia,SNI,core,1,0,1,False
ZTF18abauprj,events/ZTF18abauprj.npz,SN Ia-91T,SNI,core,56,27,29,True
ZTF18abavruc,events/ZTF18abavruc.npz,SN Ia,SNI,core,3,0,3,False
ZTF18abaxlpi,events/ZTF18abaxlpi.npz,SN Ia,SNI,core,24,10,14,True
ZTF18abbhlxk,events/ZTF18abbhlxk.npz,AGN,AGN,core,6,4,2,False
ZTF18abbikrz,events/ZTF18abbikrz.npz,SN Ia,SNI,core,1,0,1,False
ZTF18abbodly,events/ZTF18abbodly.npz,SN Ia,SNI,core,99,45,54,True
ZTF18abbovuc,events/ZTF18abbovuc.npz,SN Ic,SNI,core,17,8,9,True
ZTF18abbpeqo,events/ZTF18abbpeqo.npz,SN Ia,SNI,core,56,21,35,True
ZTF18abbpxik,events/ZTF18abbpxik.npz,SN II,SNII,core,22,0,22,False
ZTF18abbpyvk,events/ZTF18abbpyvk.npz,SN IIP,SNII,core,15,5,10,True
ZTF18abbqjds,events/ZTF18abbqjds.npz,SN Ia,SNI,core,17,0,17,False
ZTF18abbvsiv,events/ZTF18abbvsiv.npz,SN Ia,SNI,core,22,8,14,True
ZTF18abcbwnd,events/ZTF18abcbwnd.npz,AGN,AGN,core,14,11,3,True
ZTF18abccqmd,events/ZTF18abccqmd.npz,CV,CV,core,8,4,4,True
ZTF18abcdzte,events/ZTF18abcdzte.npz,AGN,AGN,core,6,3,3,False
ZTF18abcdzyc,events/ZTF18abcdzyc.npz,SN Ia,SNI,core,13,5,8,True
ZTF18abceakp,events/ZTF18abceakp.npz,SN II,SNII,core,40,16,24,True
ZTF18abcecfi,events/ZTF18abcecfi.npz,SN Ia,SNI,core,18,7,11,True
ZTF18abcezmh,events/ZTF18abcezmh.npz,SN II,SNII,core,19,7,12,True
ZTF18abcfdzu,events/ZTF18abcfdzu.npz,SN IIP,SNII,core,94,43,51,True
ZTF18abcflnz,events/ZTF18abcflnz.npz,SN Ia,SNI,core,54,26,28,True
ZTF18abchinz,events/ZTF18abchinz.npz,AGN,AGN,core,75,38,37,True
ZTF18abcicrq,events/ZTF18abcicrq.npz,SN Ia,SNI,core,11,7,4,True
ZTF18abckujg,events/ZTF18abckujg.npz,SN Ia,SNI,core,27,12,15,True
ZTF18abckujq,events/ZTF18abckujq.npz,SN Ia,SNI,core,10,3,7,True
ZTF18abckutn,events/ZTF18abckutn.npz,SN IIP,SNII,core,46,22,24,True
ZTF18abckxfb,events/ZTF18abckxfb.npz,CV,CV,core,10,5,5,True
ZTF18abcleke,events/ZTF18abcleke.npz,CV,CV,core,26,25,1,False
ZTF18abcohew,events/ZTF18abcohew.npz,AGN,AGN,core,11,9,2,True
ZTF18abcpmwh,events/ZTF18abcpmwh.npz,SN IIP,SNII,core,14,7,7,True
ZTF18abcpolh,events/ZTF18abcpolh.npz,SN Ia,SNI,core,9,0,9,False
ZTF18abcptmt,events/ZTF18abcptmt.npz,SN II,SNII,core,39,14,25,True
ZTF18abcrtnq,events/ZTF18abcrtnq.npz,SN Ia,SNI,core,15,7,8,True
ZTF18abcrxoj,events/ZTF18abcrxoj.npz,SN Ia,SNI,core,38,16,22,True
ZTF18abcryxz,events/ZTF18abcryxz.npz,SN Ia,SNI,core,2,0,2,False
ZTF18abcrzfz,events/ZTF18abcrzfz.npz,SN Ia,SNI,core,13,7,6,True
ZTF18abcsgvj,events/ZTF18abcsgvj.npz,SN Ia,SNI,core,16,9,7,True
ZTF18abcvush,events/ZTF18abcvush.npz,SN Ia,SNI,core,16,5,11,True
ZTF18abcxyjp,events/ZTF18abcxyjp.npz,SN Ia,SNI,core,26,10,16,True
ZTF18abcyhju,events/ZTF18abcyhju.npz,SN II,SNII,core,6,2,4,False
ZTF18abcyilc,events/ZTF18abcyilc.npz,SN Ia-pec,SNI,core,8,1,7,False
ZTF18abcysck,events/ZTF18abcysck.npz,CV,CV,core,5,3,2,False
ZTF18abcysdx,events/ZTF18abcysdx.npz,SN Ia,SNI,core,18,9,9,True
ZTF18abcyues,events/ZTF18abcyues.npz,SN II,SNII,core,13,6,7,True
ZTF18abcyzsf,events/ZTF18abcyzsf.npz,CV,CV,core,11,6,5,True
ZTF18abdbgza,events/ZTF18abdbgza.npz,CV,CV,core,7,2,5,False
ZTF18abdbuty,events/ZTF18abdbuty.npz,SN Ia,SNI,core,22,10,12,True
ZTF18abdbysy,events/ZTF18abdbysy.npz,SN II,SNII,core,37,14,23,True
ZTF18abdcfgz,events/ZTF18abdcfgz.npz,SN Ia,SNI,core,6,0,6,False
ZTF18abdcudb,events/ZTF18abdcudb.npz,SN Ia,SNI,core,70,25,45,True
ZTF18abddrhd,events/ZTF18abddrhd.npz,SN Ia,SNI,core,10,3,7,True
ZTF18abdefet,events/ZTF18abdefet.npz,SN Ia,SNI,core,16,7,9,True
ZTF18abdfaqi,events/ZTF18abdfaqi.npz,SN Ia,SNI,core,30,13,17,True
ZTF18abdfazk,events/ZTF18abdfazk.npz,SN Ia,SNI,core,17,8,9,True
ZTF18abdffeo,events/ZTF18abdffeo.npz,SN Ib/c,SNI,core,15,4,11,True
ZTF18abdfwcy,events/ZTF18abdfwcy.npz,SN IIP,SNII,core,12,6,6,True
ZTF18abdfwur,events/ZTF18abdfwur.npz,SN Ia,SNI,core,42,18,24,True
ZTF18abdfydj,events/ZTF18abdfydj.npz,SN Ia,SNI,core,28,11,17,True
ZTF18abdgwxn,events/ZTF18abdgwxn.npz,SN Ia,SNI,core,13,7,6,True
ZTF18abdhsfc,events/ZTF18abdhsfc.npz,SN Ia-91T,SNI,core,34,10,24,True
ZTF18abdiqdh,events/ZTF18abdiqdh.npz,SN Ia,SNI,core,9,5,4,True
ZTF18abdiwpt,events/ZTF18abdiwpt.npz,SN Ia,SNI,core,42,19,23,True
ZTF18abdjmfh,events/ZTF18abdjmfh.npz,SN IIP,SNII,core,24,6,18,True
ZTF18abdkimx,events/ZTF18abdkimx.npz,SN Ia,SNI,core,24,12,12,True
ZTF18abdkkwa,events/ZTF18abdkkwa.npz,SN Ic,SNI,core,38,21,17,True
ZTF18abdmlya,events/ZTF18abdmlya.npz,SN IIb,SNII,core,7,4,3,False
ZTF18abdnffn,events/ZTF18abdnffn.npz,SN Ia,SNI,core,2,0,2,False
ZTF18abdnihj,events/ZTF18abdnihj.npz,SN Ia,SNI,core,1,0,1,False
ZTF18abdolfe,events/ZTF18abdolfe.npz,SN Ia,SNI,core,2,0,2,False
ZTF18abdpvnd,events/ZTF18abdpvnd.npz,SN Ia,SNI,core,95,41,54,True
ZTF18abdrbqp,events/ZTF18abdrbqp.npz,SN IIP,SNII,core,12,7,5,True
ZTF18abdrmin,events/ZTF18abdrmin.npz,SN Ia,SNI,core,18,8,10,True
ZTF18abeaipj,events/ZTF18abeaipj.npz,SN Ia,SNI,core,14,6,8,True
ZTF18abeajml,events/ZTF18abeajml.npz,SN II,SNII,core,54,21,33,True
ZTF18abeamgv,events/ZTF18abeamgv.npz,SN Ib,SNI,core,12,3,9,True
ZTF18abeaytd,events/ZTF18abeaytd.npz,CV,CV,core,2,1,1,False
ZTF18abebzog,events/ZTF18abebzog.npz,SN Ia,SNI,core,82,35,47,True
ZTF18abecbks,events/ZTF18abecbks.npz,SN Ic,SNI,core,32,14,18,True
ZTF18abedgvo,events/ZTF18abedgvo.npz,AGN,AGN,core,1,0,1,False
ZTF18abeecwe,events/ZTF18abeecwe.npz,SN Ia,SNI,core,31,12,19,True
ZTF18abeegsl,events/ZTF18abeegsl.npz,SN Ia,SNI,core,16,8,8,True
ZTF18abehrdw,events/ZTF18abehrdw.npz,CV,CV,core,48,24,24,True
ZTF18abespgb,events/ZTF18abespgb.npz,SN Ia,SNI,core,9,3,6,True
ZTF18abesqnb,events/ZTF18abesqnb.npz,SN II,SNII,core,23,12,11,True
ZTF18abetehf,events/ZTF18abetehf.npz,SN Ia,SNI,core,19,10,9,True
ZTF18abetejo,events/ZTF18abetejo.npz,SN Ia,SNI,core,4,3,1,False
ZTF18abetewu,events/ZTF18abetewu.npz,SN Ia,SNI,core,16,7,9,True
ZTF18abeyqpr,events/ZTF18abeyqpr.npz,SN Ic,SNI,core,24,9,15,True
ZTF18abfbbyh,events/ZTF18abfbbyh.npz,SN Ia,SNI,core,28,14,14,True
ZTF18abfchzq,events/ZTF18abfchzq.npz,SN Ia,SNI,core,31,14,17,True
ZTF18abfcmjw,events/ZTF18abfcmjw.npz,SN Ib,SNI,core,7,3,4,False
ZTF18abfcsjs,events/ZTF18abfcsjs.npz,SN Ia-91T,SNI,core,1,0,1,False
ZTF18abfdupq,events/ZTF18abfdupq.npz,SN Ia,SNI,core,10,2,8,True
ZTF18abfdxbt,events/ZTF18abfdxbt.npz,SN Ia,SNI,core,1,0,1,False
ZTF18abfeyey,events/ZTF18abfeyey.npz,SN Ia,SNI,core,27,14,13,True
ZTF18abffdjl,events/ZTF18abffdjl.npz,SN Ia,SNI,core,1,1,0,False
ZTF18abffdpa,events/ZTF18abffdpa.npz,SN Ia,SNI,core,59,28,31,True
ZTF18abffyqp,events/ZTF18abffyqp.npz,SN II,SNII,core,37,18,19,True
ZTF18abfgtcf,events/ZTF18abfgtcf.npz,AGN,AGN,core,1,1,0,False
ZTF18abfgygp,events/ZTF18abfgygp.npz,SN Ia,SNI,core,53,24,29,True
ZTF18abfhaji,events/ZTF18abfhaji.npz,SN Ia,SNI,core,37,18,19,True
ZTF18abfhryc,events/ZTF18abfhryc.npz,SN Ia,SNI,core,40,16,24,True
ZTF18abfsess,events/ZTF18abfsess.npz,CV,CV,core,4,3,1,False
ZTF18abfwuwn,events/ZTF18abfwuwn.npz,SN Ia,SNI,core,25,12,13,True
ZTF18abfzfcv,events/ZTF18abfzfcv.npz,SN IIb,SNII,core,47,17,30,True
ZTF18abfzhct,events/ZTF18abfzhct.npz,SN Ic,SNI,core,32,16,16,True
ZTF18abfzixe,events/ZTF18abfzixe.npz,SN IIP,SNII,core,21,6,15,True
ZTF18abgkjff,events/ZTF18abgkjff.npz,SN Ia,SNI,core,7,0,7,False
ZTF18abgladq,events/ZTF18abgladq.npz,SN IIP,SNII,core,31,9,22,True
ZTF18abgledy,events/ZTF18abgledy.npz,SN Ia,SNI,core,10,0,10,False
ZTF18abgmcmv,events/ZTF18abgmcmv.npz,SN Ia-91T,SNI,core,66,35,31,True
ZTF18abgosbg,events/ZTF18abgosbg.npz,SN Ia,SNI,core,28,14,14,True
ZTF18abgqbsh,events/ZTF18abgqbsh.npz,AGN,AGN,core,1,0,1,False
ZTF18abgqkpc,events/ZTF18abgqkpc.npz,SN Ia,SNI,core,8,5,3,True
ZTF18abgrbjb,events/ZTF18abgrbjb.npz,SN IIb,SNII,core,6,4,2,False
ZTF18abgxkzx,events/ZTF18abgxkzx.npz,SN Ia,SNI,core,16,9,7,True
ZTF18abgxvra,events/ZTF18abgxvra.npz,SN Ia,SNI,core,24,13,11,True
ZTF18abgxyfz,events/ZTF18abgxyfz.npz,CV,CV,core,7,7,0,False
ZTF18abgzkmf,events/ZTF18abgzkmf.npz,SN II,SNII,core,39,12,27,True
ZTF18abhbjyy,events/ZTF18abhbjyy.npz,AGN,AGN,core,3,0,3,False
ZTF18abhbqbh,events/ZTF18abhbqbh.npz,SN Ia,SNI,core,43,16,27,True
ZTF18abhdxwz,events/ZTF18abhdxwz.npz,CV,CV,core,1,0,1,False
ZTF18abhgrff,events/ZTF18abhgrff.npz,SN Ia-91T,SNI,core,1,0,1,False
ZTF18abhhnnv,events/ZTF18abhhnnv.npz,SN Ic-BL,SNI,core,11,3,8,True
ZTF18abhhxcp,events/ZTF18abhhxcp.npz,SN Ia,SNI,core,17,7,10,True
ZTF18abhpyqs,events/ZTF18abhpyqs.npz,CV,CV,core,1,1,0,False
ZTF18abhpzig,events/ZTF18abhpzig.npz,SN Ia,SNI,core,24,19,5,True
ZTF18abhqaxd,events/ZTF18abhqaxd.npz,CV,CV,core,16,8,8,True
ZTF18abhqcfi,events/ZTF18abhqcfi.npz,CV,CV,core,5,4,1,False
ZTF18abhqdpv,events/ZTF18abhqdpv.npz,SN Ia,SNI,core,30,10,20,True
ZTF18abhxidv,events/ZTF18abhxidv.npz,SN Ia,SNI,core,25,9,16,True
ZTF18abiczpm,events/ZTF18abiczpm.npz,SN Ia,SNI,core,1,0,1,False
ZTF18abifioh,events/ZTF18abifioh.npz,SN Ia,SNI,core,9,5,4,True
ZTF18abiinnl,events/ZTF18abiinnl.npz,SN Ia,SNI,core,20,20,0,False
ZTF18abiiqdl,events/ZTF18abiiqdl.npz,SN II,SNII,core,15,8,7,True
ZTF18abiirfq,events/ZTF18abiirfq.npz,SN Ia,SNI,core,5,2,3,False
ZTF18abilofa,events/ZTF18abilofa.npz,SN Ia,SNI,core,18,15,3,True
ZTF18abimhfu,events/ZTF18abimhfu.npz,SN II,SNII,core,18,8,10,True
ZTF18abimsyv,events/ZTF18abimsyv.npz,SN Ia,SNI,core,45,20,25,True
ZTF18abixkdo,events/ZTF18abixkdo.npz,SN Ia,SNI,core,16,4,12,True
ZTF18abixkjh,events/ZTF18abixkjh.npz,SN Ia,SNI,core,22,9,13,True
ZTF18abixrei,events/ZTF18abixrei.npz,SN Ia,SNI,core,10,5,5,True
ZTF18abiyatb,events/ZTF18abiyatb.npz,CV,CV,core,13,6,7,True
ZTF18abiybfq,events/ZTF18abiybfq.npz,SN Ia,SNI,core,16,8,8,True
ZTF18abjcyha,events/ZTF18abjcyha.npz,CV,CV,core,16,1,15,False
ZTF18abjdjge,events/ZTF18abjdjge.npz,SN Ia-91T,SNI,core,20,9,11,True
ZTF18abjdnoh,events/ZTF18abjdnoh.npz,AGN,AGN,core,5,5,0,False
ZTF18abjgyyr,events/ZTF18abjgyyr.npz,SN Ia,SNI,core,30,13,17,True
ZTF18abjgzxw,events/ZTF18abjgzxw.npz,AGN,AGN,core,27,11,16,True
ZTF18abjhbss,events/ZTF18abjhbss.npz,AGN,AGN,core,60,38,22,True
ZTF18abjijwk,events/ZTF18abjijwk.npz,SN Ia,SNI,core,22,12,10,True
ZTF18abjkryl,events/ZTF18abjkryl.npz,SN II,SNII,core,20,12,8,True
ZTF18abjlyzc,events/ZTF18abjlyzc.npz,CV,CV,core,2,2,0,False
ZTF18abjndhh,events/ZTF18abjndhh.npz,SN II,SNII,core,5,2,3,False
ZTF18abjovdz,events/ZTF18abjovdz.npz,SN II,SNII,core,17,7,10,True
ZTF18abjqaxg,events/ZTF18abjqaxg.npz,CV,CV,core,1,1,0,False
ZTF18abjqmqt,events/ZTF18abjqmqt.npz,SN Ia,SNI,core,5,0,5,False
ZTF18abjrbza,events/ZTF18abjrbza.npz,SN Ic,SNI,core,24,19,5,True
ZTF18abjrdzt,events/ZTF18abjrdzt.npz,CV,CV,core,22,12,10,True
ZTF18abjrfqx,events/ZTF18abjrfqx.npz,SN Ia,SNI,core,35,14,21,True
ZTF18abjrznx,events/ZTF18abjrznx.npz,SN Ia-91bg,SNI,core,6,3,3,False
ZTF18abjsdwi,events/ZTF18abjsdwi.npz,CV,CV,core,8,4,4,True
ZTF18abjsjyx,events/ZTF18abjsjyx.npz,CV,CV,core,9,4,5,True
ZTF18abjsrdz,events/ZTF18abjsrdz.npz,CV,CV,core,7,3,4,False
ZTF18abjstcm,events/ZTF18abjstcm.npz,SN Ia,SNI,core,5,2,3,False
ZTF18abjsybd,events/ZTF18abjsybd.npz,CV,CV,core,9,4,5,True
ZTF18abjtgdo,events/ZTF18abjtgdo.npz,SN Ia,SNI,core,25,11,14,True
ZTF18abjtger,events/ZTF18abjtger.npz,SN Ia,SNI,core,15,6,9,True
ZTF18abjvhec,events/ZTF18abjvhec.npz,SN Ia,SNI,core,21,9,12,True
ZTF18abjvzxx,events/ZTF18abjvzxx.npz,SN Ia,SNI,core,13,0,13,False
ZTF18abjwahi,events/ZTF18abjwahi.npz,SN Ia,SNI,core,10,0,10,False
ZTF18abjyime,events/ZTF18abjyime.npz,SN Ia,SNI,core,10,3,7,True
ZTF18abjyjdz,events/ZTF18abjyjdz.npz,SN Ib,SNI,core,8,2,6,True
ZTF18abjyjfe,events/ZTF18abjyjfe.npz,AGN,AGN,core,1,0,1,False
ZTF18abjyuoj,events/ZTF18abjyuoj.npz,SN Ia,SNI,core,12,1,11,False
ZTF18abjzaic,events/ZTF18abjzaic.npz,CV,CV,core,6,3,3,False
ZTF18abkhbra,events/ZTF18abkhbra.npz,SN Ia,SNI,core,11,5,6,True
ZTF18abkhcrj,events/ZTF18abkhcrj.npz,SN Ia,SNI,core,33,15,18,True
ZTF18abkhcwl,events/ZTF18abkhcwl.npz,SN Ia,SNI,core,44,21,23,True
ZTF18abkhqhk,events/ZTF18abkhqhk.npz,CV,CV,core,2,1,1,False
ZTF18abkifng,events/ZTF18abkifng.npz,SN Ia,SNI,core,11,7,4,True
ZTF18abkijlr,events/ZTF18abkijlr.npz,CV,CV,core,6,3,3,False
ZTF18abkjnqy,events/ZTF18abkjnqy.npz,SN Ic,SNI,core,11,3,8,True
ZTF18abklaoj,events/ZTF18abklaoj.npz,SN Ia,SNI,core,2,0,2,False
ZTF18abklarx,events/ZTF18abklarx.npz,SN Ic-BL,SNI,core,3,1,2,False
ZTF18abklbam,events/ZTF18abklbam.npz,SN II,SNII,core,9,5,4,True
ZTF18abkojhi,events/ZTF18abkojhi.npz,AGN,AGN,core,32,17,15,True
ZTF18abktleu,events/ZTF18abktleu.npz,CV,CV,core,23,20,3,True
ZTF18abktmfz,events/ZTF18abktmfz.npz,SN Ib,SNI,core,80,37,43,True
ZTF18abktphg,events/ZTF18abktphg.npz,SN Ia,SNI,core,17,14,3,True
ZTF18abkudjo,events/ZTF18abkudjo.npz,SN Ia,SNI,core,18,7,11,True
ZTF18abkwfxq,events/ZTF18abkwfxq.npz,AGN,AGN,core,11,6,5,True
ZTF18abkxfou,events/ZTF18abkxfou.npz,CV,CV,core,27,15,12,True
ZTF18ablerlf,events/ZTF18ablerlf.npz,CV,CV,core,8,2,6,True
ZTF18ablfqxm,events/ZTF18ablfqxm.npz,CV,CV,core,25,13,12,True
ZTF18ablgnrw,events/ZTF18ablgnrw.npz,CV,CV,core,3,3,0,False
ZTF18ablgqyq,events/ZTF18ablgqyq.npz,CV,CV,core,2,2,0,False
ZTF18ablgtdi,events/ZTF18ablgtdi.npz,CV,CV,core,1,1,0,False
ZTF18ablhvfr,events/ZTF18ablhvfr.npz,SN Ia,SNI,core,22,10,12,True
ZTF18abllrvn,events/ZTF18abllrvn.npz,CV,CV,core,3,0,3,False
ZTF18ablmflp,events/ZTF18ablmflp.npz,SN Ia,SNI,core,12,4,8,True
ZTF18ablongw,events/ZTF18ablongw.npz,SN Ia,SNI,core,19,8,11,True
ZTF18ablookq,events/ZTF18ablookq.npz,CV,CV,core,2,1,1,False
ZTF18ablovbj,events/ZTF18ablovbj.npz,CV,CV,core,27,10,17,True
ZTF18ablpcfv,events/ZTF18ablpcfv.npz,CV,CV,core,3,0,3,False
ZTF18ablpmiy,events/ZTF18ablpmiy.npz,CV,CV,core,10,5,5,True
ZTF18ablqehq,events/ZTF18ablqehq.npz,SN IIn,SNII,core,10,6,4,True
ZTF18ablqhqx,events/ZTF18ablqhqx.npz,SN Ia,SNI,core,3,1,2,False
ZTF18ablqjul,events/ZTF18ablqjul.npz,SN Ia,SNI,core,14,6,8,True
ZTF18ablqkud,events/ZTF18ablqkud.npz,SN Ia,SNI,core,19,5,14,True
ZTF18ablqlzp,events/ZTF18ablqlzp.npz,SN Ia,SNI,core,18,7,11,True
ZTF18ablqqqp,events/ZTF18ablqqqp.npz,SN Ia,SNI,core,20,8,12,True
ZTF18ablrlbm,events/ZTF18ablrlbm.npz,AGN,AGN,core,12,12,0,False
ZTF18ablrljh,events/ZTF18ablrljh.npz,SN Ia,SNI,core,49,20,29,True
ZTF18ablrlog,events/ZTF18ablrlog.npz,CV,CV,core,3,3,0,False
ZTF18ablsaka,events/ZTF18ablsaka.npz,CV,CV,core,4,2,2,False
ZTF18abltaxf,events/ZTF18abltaxf.npz,SN Ia,SNI,core,21,12,9,True
ZTF18abltdfj,events/ZTF18abltdfj.npz,SN Ia-91bg,SNI,core,16,6,10,True
ZTF18abltdkd,events/ZTF18abltdkd.npz,SN Ia,SNI,core,13,8,5,True
ZTF18abltfho,events/ZTF18abltfho.npz,SN IIn,SNII,core,32,16,16,True
ZTF18ablusuz,events/ZTF18ablusuz.npz,CV,CV,core,3,0,3,False
ZTF18ablvazp,events/ZTF18ablvazp.npz,CV,CV,core,2,1,1,False
ZTF18ablvxdg,events/ZTF18ablvxdg.npz,AGN,AGN,core,15,12,3,True
ZTF18ablvxkh,events/ZTF18ablvxkh.npz,CV,CV,core,20,9,11,True
ZTF18ablwgop,events/ZTF18ablwgop.npz,SN Ia-91T,SNI,core,8,8,0,False
ZTF18ablwhde,events/ZTF18ablwhde.npz,CV,CV,core,6,6,0,False
ZTF18ablwqqf,events/ZTF18ablwqqf.npz,CV,CV,core,3,2,1,False
ZTF18ablwrch,events/ZTF18ablwrch.npz,CV,CV,core,4,2,2,False
ZTF18ablwtkf,events/ZTF18ablwtkf.npz,SN Ia,SNI,core,13,6,7,True
ZTF18ablwvcy,events/ZTF18ablwvcy.npz,CV,CV,core,13,3,10,True
ZTF18abmanuy,events/ZTF18abmanuy.npz,CV,CV,core,4,3,1,False
ZTF18abmbdbg,events/ZTF18abmbdbg.npz,CV,CV,core,17,7,10,True
ZTF18abmdoni,events/ZTF18abmdoni.npz,CV,CV,core,2,2,0,False
ZTF18abmdpwe,events/ZTF18abmdpwe.npz,SN II,SNII,core,30,17,13,True
ZTF18abmeehs,events/ZTF18abmeehs.npz,CV,CV,core,6,4,2,False
ZTF18abmefij,events/ZTF18abmefij.npz,AGN,AGN,core,19,11,8,True
ZTF18abmfmpk,events/ZTF18abmfmpk.npz,CV,CV,core,3,3,0,False
ZTF18abmfpyr,events/ZTF18abmfpyr.npz,CV,CV,core,19,8,11,True
ZTF18abmiqsz,events/ZTF18abmiqsz.npz,CV,CV,core,2,1,1,False
ZTF18abmiwau,events/ZTF18abmiwau.npz,CV,CV,core,7,2,5,False
ZTF18abmjija,events/ZTF18abmjija.npz,AGN,AGN,core,12,7,5,True
ZTF18abmjjfu,events/ZTF18abmjjfu.npz,CV,CV,core,9,4,5,True
ZTF18abmjvpb,events/ZTF18abmjvpb.npz,SN Ia,SNI,core,11,2,9,True
ZTF18abmjvuf,events/ZTF18abmjvuf.npz,SN Ia,SNI,core,13,5,8,True
ZTF18abmjyvo,events/ZTF18abmjyvo.npz,SN Ia,SNI,core,18,6,12,True
ZTF18abmkaps,events/ZTF18abmkaps.npz,SN Ia-91T,SNI,core,17,7,10,True
ZTF18abmlyil,events/ZTF18abmlyil.npz,CV,CV,core,3,3,0,False
ZTF18abmmdif,events/ZTF18abmmdif.npz,SN Ia,SNI,core,26,11,15,True
ZTF18abmmkaz,events/ZTF18abmmkaz.npz,SN Ia,SNI,core,24,12,12,True
ZTF18abmnrgb,events/ZTF18abmnrgb.npz,SN Ia,SNI,core,14,10,4,True
ZTF18abmogag,events/ZTF18abmogag.npz,SN Ia,SNI,core,11,11,0,False
ZTF18abmoung,events/ZTF18abmoung.npz,SN Ia,SNI,core,24,8,16,True
ZTF18abmqrwk,events/ZTF18abmqrwk.npz,CV,CV,core,16,6,10,True
ZTF18abmrhom,events/ZTF18abmrhom.npz,SN Ia,SNI,core,15,9,6,True
ZTF18abmsaqj,events/ZTF18abmsaqj.npz,CV,CV,core,2,1,1,False
ZTF18abmsxzs,events/ZTF18abmsxzs.npz,CV,CV,core,2,1,1,False
ZTF18abmwnov,events/ZTF18abmwnov.npz,SN Ia,SNI,core,35,15,20,True
ZTF18abmwszl,events/ZTF18abmwszl.npz,AGN,AGN,core,16,12,4,True
ZTF18abmxahs,events/ZTF18abmxahs.npz,SN Ia,SNI,core,23,9,14,True
ZTF18abmxatl,events/ZTF18abmxatl.npz,CV,CV,core,18,7,11,True
ZTF18abmxdhb,events/ZTF18abmxdhb.npz,SN Ia,SNI,core,47,22,25,True
ZTF18abmxfrc,events/ZTF18abmxfrc.npz,SN Ia,SNI,core,21,6,15,True
ZTF18abmxmsv,events/ZTF18abmxmsv.npz,SN Ia,SNI,core,14,7,7,True
ZTF18abnbnoa,events/ZTF18abnbnoa.npz,CV,CV,core,1,1,0,False
ZTF18abnbxsy,events/ZTF18abnbxsy.npz,CV,CV,core,13,5,8,True
ZTF18abncdhd,events/ZTF18abncdhd.npz,SN Ia,SNI,core,15,13,2,True
ZTF18abncimo,events/ZTF18abncimo.npz,SN Ia,SNI,core,10,10,0,False
ZTF18abnnnzk,events/ZTF18abnnnzk.npz,AGN,AGN,core,32,17,15,True
ZTF18abnonwz,events/ZTF18abnonwz.npz,SN Ia,SNI,core,3,2,1,False
ZTF18abnoonq,events/ZTF18abnoonq.npz,CV,CV,core,4,2,2,False
ZTF18abnoplg,events/ZTF18abnoplg.npz,CV,CV,core,1,0,1,False
ZTF18abnouoo,events/ZTF18abnouoo.npz,CV,CV,core,1,0,1,False
ZTF18abntsgz,events/ZTF18abntsgz.npz,SN Ia,SNI,core,47,18,29,True
ZTF18abnuark,events/ZTF18abnuark.npz,CV,CV,core,9,9,0,False
ZTF18abnuexr,events/ZTF18abnuexr.npz,SN II,SNII,core,12,7,5,True
ZTF18abnuhuy,events/ZTF18abnuhuy.npz,AGN,AGN,core,31,15,16,True
ZTF18abnurff,events/ZTF18abnurff.npz,CV,CV,core,23,5,18,True
ZTF18abnvuya,events/ZTF18abnvuya.npz,CV,CV,core,5,3,2,False
ZTF18abnvwgk,events/ZTF18abnvwgk.npz,CV,CV,core,13,5,8,True
ZTF18abnxhmc,events/ZTF18abnxhmc.npz,SN Ia,SNI,core,23,9,14,True
ZTF18abnygkb,events/ZTF18abnygkb.npz,SN Ia,SNI,core,24,15,9,True
ZTF18abnyktn,events/ZTF18abnyktn.npz,CV,CV,core,16,12,4,True
ZTF18abnytkt,events/ZTF18abnytkt.npz,CV,CV,core,3,3,0,False
ZTF18abnzlai,events/ZTF18abnzlai.npz,SN IIP,SNII,core,15,15,0,False
ZTF18abnzocn,events/ZTF18abnzocn.npz,SN Ia,SNI,core,21,10,11,True
ZTF18aboabxv,events/ZTF18aboabxv.npz,SN Ic,SNI,core,5,2,3,False
ZTF18abobkii,events/ZTF18abobkii.npz,SN Ia,SNI,core,24,9,15,True
ZTF18abobvym,events/ZTF18abobvym.npz,CV,CV,core,2,1,1,False
ZTF18aboebsg,events/ZTF18aboebsg.npz,SN Ia,SNI,core,13,8,5,True
ZTF18aboerpp,events/ZTF18aboerpp.npz,AGN,AGN,core,19,6,13,True
ZTF18abojong,events/ZTF18abojong.npz,CV,CV,core,5,0,5,False
ZTF18abojpnr,events/ZTF18abojpnr.npz,SN IIb,SNII,core,16,10,6,True
ZTF18abojrnv,events/ZTF18abojrnv.npz,CV,CV,core,11,2,9,True
ZTF18abokhip,events/ZTF18abokhip.npz,CV,CV,core,7,4,3,False
ZTF18abokpvh,events/ZTF18abokpvh.npz,SN Ia,SNI,core,42,17,25,True
ZTF18abokyfk,events/ZTF18abokyfk.npz,SN II,SNII,core,37,16,21,True
ZTF18abolvoh,events/ZTF18abolvoh.npz,SN Ia,SNI,core,22,13,9,True
ZTF18abolvzu,events/ZTF18abolvzu.npz,AGN,AGN,core,21,12,9,True
ZTF18abomklq,events/ZTF18abomklq.npz,SN Ia-91T,SNI,core,18,11,7,True
ZTF18aboqykf,events/ZTF18aboqykf.npz,SN Ia,SNI,core,13,0,13,False
ZTF18aboshoe,events/ZTF18aboshoe.npz,CV,CV,core,1,1,0,False
ZTF18abosrco,events/ZTF18abosrco.npz,SN Ia,SNI,core,18,17,1,False
ZTF18abotcjv,events/ZTF18abotcjv.npz,SN Ia,SNI,core,25,10,15,True
ZTF18abotdef,events/ZTF18abotdef.npz,SN Ia,SNI,core,18,10,8,True
ZTF18abotthj,events/ZTF18abotthj.npz,AGN,AGN,core,15,11,4,True
ZTF18abotzrm,events/ZTF18abotzrm.npz,CV,CV,core,2,1,1,False
ZTF18aboztku,events/ZTF18aboztku.npz,SN Ia,SNI,core,8,1,7,False
ZTF18abpamut,events/ZTF18abpamut.npz,SN Ia,SNI,core,25,12,13,True
ZTF18abpaywm,events/ZTF18abpaywm.npz,SN Ia,SNI,core,45,20,25,True
ZTF18abpmmpo,events/ZTF18abpmmpo.npz,SN Ia,SNI,core,19,9,10,True
ZTF18abpmwfx,events/ZTF18abpmwfx.npz,CV,CV,core,13,8,5,True
ZTF18abpmwlt,events/ZTF18abpmwlt.npz,CV,CV,core,7,2,5,False
ZTF18abpttky,events/ZTF18abpttky.npz,SN Ia,SNI,core,14,6,8,True
ZTF18abptzkg,events/ZTF18abptzkg.npz,CV,CV,core,18,7,11,True
ZTF18abqarng,events/ZTF18abqarng.npz,AGN,AGN,core,31,13,18,True
ZTF18abqcsdq,events/ZTF18abqcsdq.npz,CV,CV,core,7,3,4,False
ZTF18abqdadp,events/ZTF18abqdadp.npz,SN Ia,SNI,core,17,10,7,True
ZTF18abqjurg,events/ZTF18abqjurg.npz,SN Ia,SNI,core,6,3,3,False
ZTF18abqjvyl,events/ZTF18abqjvyl.npz,SN Ia,SNI,core,16,7,9,True
ZTF18abqlpgq,events/ZTF18abqlpgq.npz,SN Ia,SNI,core,18,7,11,True
ZTF18abqtnbk,events/ZTF18abqtnbk.npz,SN Ic-BL,SNI,core,12,6,6,True
ZTF18abquher,events/ZTF18abquher.npz,SN Ia,SNI,core,46,23,23,True
ZTF18abquopi,events/ZTF18abquopi.npz,SN Ia,SNI,core,14,7,7,True
ZTF18abquxjv,events/ZTF18abquxjv.npz,SN Ia,SNI,core,17,10,7,True
ZTF18abquyqj,events/ZTF18abquyqj.npz,SN Ia,SNI,core,21,8,13,True
ZTF18abqxaqe,events/ZTF18abqxaqe.npz,SN Ia,SNI,core,18,10,8,True
ZTF18abqyaix,events/ZTF18abqyaix.npz,SN Ia,SNI,core,46,32,14,True
ZTF18abqycit,events/ZTF18abqycit.npz,SN Ia,SNI,core,1,1,0,False
ZTF18abqyvzy,events/ZTF18abqyvzy.npz,SN II,SNII,core,37,17,20,True
ZTF18abqzouu,events/ZTF18abqzouu.npz,AGN,AGN,core,1,0,1,False
ZTF18abrbywo,events/ZTF18abrbywo.npz,SN Ia,SNI,core,12,6,6,True
ZTF18abrcvbu,events/ZTF18abrcvbu.npz,SN Ia,SNI,core,17,9,8,True
ZTF18abrebsb,events/ZTF18abrebsb.npz,SN Ia,SNI,core,28,11,17,True
ZTF18abrfccm,events/ZTF18abrfccm.npz,SN Ia,SNI,core,35,16,19,True
ZTF18abrfchj,events/ZTF18abrfchj.npz,SN Ic,SNI,core,9,2,7,True
ZTF18abrlljc,events/ZTF18abrlljc.npz,SN IIP,SNII,core,15,7,8,True
ZTF18abrnttt,events/ZTF18abrnttt.npz,CV,CV,core,2,0,2,False
ZTF18abrqedj,events/ZTF18abrqedj.npz,SN Ia,SNI,core,24,1,23,False
ZTF18abrqfjs,events/ZTF18abrqfjs.npz,CV,CV,core,15,8,7,True
ZTF18abrwwzs,events/ZTF18abrwwzs.npz,CV,CV,core,44,22,22,True
ZTF18abrxhun,events/ZTF18abrxhun.npz,CV,CV,core,1,0,1,False
ZTF18abrxrms,events/ZTF18abrxrms.npz,CV,CV,core,9,4,5,True
ZTF18abryqnn,events/ZTF18abryqnn.npz,SN Ia,SNI,core,17,13,4,True
ZTF18abrytwr,events/ZTF18abrytwr.npz,SN Ia,SNI,core,5,5,0,False
ZTF18abrzbtb,events/ZTF18abrzbtb.npz,SN IIP,SNII,core,26,1,25,False
ZTF18abrzbum,events/ZTF18abrzbum.npz,SN II,SNII,core,23,5,18,True
ZTF18abrzbyt,events/ZTF18abrzbyt.npz,SN Ia,SNI,core,13,0,13,False
ZTF18abrzcgl,events/ZTF18abrzcgl.npz,SN Ia,SNI,core,21,6,15,True
ZTF18abrzevn,events/ZTF18abrzevn.npz,AGN,AGN,core,4,3,1,False
ZTF18abrzeym,events/ZTF18abrzeym.npz,SN Ia,SNI,core,23,9,14,True
ZTF18absbgqd,events/ZTF18absbgqd.npz,SN II,SNII,core,18,6,12,True
ZTF18absclsr,events/ZTF18absclsr.npz,SN II,SNII,core,33,17,16,True
ZTF18abscyji,events/ZTF18abscyji.npz,SN II,SNII,core,15,2,13,True
ZTF18abscyjj,events/ZTF18abscyjj.npz,SN II,SNII,core,30,0,30,False
ZTF18absdbvf,events/ZTF18absdbvf.npz,SN Ia,SNI,core,3,1,2,False
ZTF18absdddn,events/ZTF18absdddn.npz,CV,CV,core,8,4,4,True
ZTF18absdgon,events/ZTF18absdgon.npz,SN Ia,SNI,core,17,9,8,True
ZTF18absdxpk,events/ZTF18absdxpk.npz,SN Ia,SNI,core,9,5,4,True
ZTF18absewls,events/ZTF18absewls.npz,AGN,AGN,core,3,2,1,False
ZTF18absgmhg,events/ZTF18absgmhg.npz,AGN,AGN,core,22,16,6,True
ZTF18absgnbm,events/ZTF18absgnbm.npz,SN II,SNII,core,53,37,16,True
ZTF18absgnio,events/ZTF18absgnio.npz,SN Ia,SNI,core,34,19,15,True
ZTF18absgzlq,events/ZTF18absgzlq.npz,CV,CV,core,2,1,1,False
ZTF18abshmro,events/ZTF18abshmro.npz,SN Ia,SNI,core,8,3,5,True
ZTF18abshnzy,events/ZTF18abshnzy.npz,CV,CV,core,1,0,1,False
ZTF18abshtdj,events/ZTF18abshtdj.npz,SN Ia,SNI,core,18,10,8,True
ZTF18absibtp,events/ZTF18absibtp.npz,AGN,AGN,core,5,5,0,False
ZTF18absiejw,events/ZTF18absiejw.npz,CV,CV,core,5,3,2,False
ZTF18absioqj,events/ZTF18absioqj.npz,CV,CV,core,2,1,1,False
ZTF18absjiej,events/ZTF18absjiej.npz,CV,CV,core,5,3,2,False
ZTF18abskbng,events/ZTF18abskbng.npz,CV,CV,core,8,4,4,True
ZTF18abskove,events/ZTF18abskove.npz,SN Ia,SNI,core,8,2,6,True
ZTF18abskoyh,events/ZTF18abskoyh.npz,SN II,SNII,core,13,2,11,True
ZTF18abskzjm,events/ZTF18abskzjm.npz,SN Ia,SNI,core,14,8,6,True
ZTF18absldfl,events/ZTF18absldfl.npz,SN II,SNII,core,34,14,20,True
ZTF18absliyc,events/ZTF18absliyc.npz,SN Ic,SNI,core,17,7,10,True
ZTF18absltuj,events/ZTF18absltuj.npz,AGN,AGN,core,16,1,15,False
ZTF18absmdtd,events/ZTF18absmdtd.npz,CV,CV,core,4,2,2,False
ZTF18absmoql,events/ZTF18absmoql.npz,CV,CV,core,2,1,1,False
ZTF18absmpcp,events/ZTF18absmpcp.npz,AGN,AGN,core,1,1,0,False
ZTF18absnibc,events/ZTF18absnibc.npz,CV,CV,core,17,9,8,True
ZTF18absnqyo,events/ZTF18absnqyo.npz,SN Ia,SNI,core,15,7,8,True
ZTF18absoomk,events/ZTF18absoomk.npz,SN Ia,SNI,core,27,14,13,True
ZTF18abspqsn,events/ZTF18abspqsn.npz,SN Ia,SNI,core,31,13,18,True
ZTF18absqhza,events/ZTF18absqhza.npz,SN Ia,SNI,core,21,18,3,True
ZTF18absqkfg,events/ZTF18absqkfg.npz,AGN,AGN,core,20,20,0,False
ZTF18absrffm,events/ZTF18absrffm.npz,CV,CV,core,5,2,3,False
ZTF18absrlhv,events/ZTF18absrlhv.npz,AGN,AGN,core,1,0,1,False
ZTF18abssoen,events/ZTF18abssoen.npz,CV,CV,core,13,0,13,False
ZTF18absspcp,events/ZTF18absspcp.npz,SN Ia,SNI,core,18,10,8,True
ZTF18absstyb,events/ZTF18absstyb.npz,SN Ia,SNI,core,6,4,2,False
ZTF18abssuxz,events/ZTF18abssuxz.npz,SN Ia,SNI,core,7,3,4,False
ZTF18absunxx,events/ZTF18absunxx.npz,CV,CV,core,2,2,0,False
ZTF18absxczg,events/ZTF18absxczg.npz,CV,CV,core,1,1,0,False
ZTF18absyyig,events/ZTF18absyyig.npz,SN Ia,SNI,core,13,12,1,False
ZTF18abtcikd,events/ZTF18abtcikd.npz,AGN,AGN,core,17,13,4,True
ZTF18abtfrbf,events/ZTF18abtfrbf.npz,SN Ia,SNI,core,16,9,7,True
ZTF18abtfvsk,events/ZTF18abtfvsk.npz,SN Ia,SNI,core,29,13,16,True
ZTF18abtgkdo,events/ZTF18abtgkdo.npz,SN Ia,SNI,core,13,8,5,True
ZTF18abtgnxs,events/ZTF18abtgnxs.npz,AGN,AGN,core,11,8,3,True
ZTF18abthqde,events/ZTF18abthqde.npz,CV,CV,core,10,5,5,True
ZTF18abthvpk,events/ZTF18abthvpk.npz,CV,CV,core,9,9,0,False
ZTF18abtizrj,events/ZTF18abtizrj.npz,CV,CV,core,3,2,1,False
ZTF18abtjakn,events/ZTF18abtjakn.npz,CV,CV,core,7,7,0,False
ZTF18abtkqkb,events/ZTF18abtkqkb.npz,SN Ia,SNI,core,13,6,7,True
ZTF18abtlwvs,events/ZTF18abtlwvs.npz,AGN,AGN,core,5,3,2,False
ZTF18abtmbaz,events/ZTF18abtmbaz.npz,SN Ia,SNI,core,14,10,4,True
ZTF18abtmeds,events/ZTF18abtmeds.npz,AGN,AGN,core,13,5,8,True
ZTF18abtmhfz,events/ZTF18abtmhfz.npz,CV,CV,core,4,3,1,False
ZTF18abtmtfy,events/ZTF18abtmtfy.npz,SN Ia,SNI,core,14,9,5,True
ZTF18abtnfmp,events/ZTF18abtnfmp.npz,AGN,AGN,core,23,4,19,True
ZTF18abtnlik,events/ZTF18abtnlik.npz,SN Ia,SNI,core,15,9,6,True
ZTF18abtogdl,events/ZTF18abtogdl.npz,SN Ia,SNI,core,10,7,3,True
ZTF18abtoued,events/ZTF18abtoued.npz,AGN,AGN,core,1,1,0,False
ZTF18abtprnb,events/ZTF18abtprnb.npz,CV,CV,core,2,0,2,False
ZTF18abtqevs,events/ZTF18abtqevs.npz,SN Ia,SNI,core,17,9,8,True
ZTF18abtrknw,events/ZTF18abtrknw.npz,SN II,SNII,core,33,17,16,True
ZTF18abtrowl,events/ZTF18abtrowl.npz,AGN,AGN,core,13,8,5,True
ZTF18abtrvkm,events/ZTF18abtrvkm.npz,SN Ia,SNI,core,37,18,19,True
ZTF18abtrvrj,events/ZTF18abtrvrj.npz,CV,CV,core,1,1,0,False
ZTF18abtslka,events/ZTF18abtslka.npz,AGN,AGN,core,12,10,2,True
ZTF18abtswjk,events/ZTF18abtswjk.npz,SN IIn,SNII,core,29,13,16,True
ZTF18abtuzwc,events/ZTF18abtuzwc.npz,CV,CV,core,3,2,1,False
ZTF18abtvbct,events/ZTF18abtvbct.npz,CV,CV,core,3,2,1,False
ZTF18abtvgxv,events/ZTF18abtvgxv.npz,SN Ia,SNI,core,9,6,3,True
ZTF18abtvhef,events/ZTF18abtvhef.npz,SN Ia,SNI,core,4,4,0,False
ZTF18abtvlxd,events/ZTF18abtvlxd.npz,CV,CV,core,4,4,0,False
ZTF18abtvstb,events/ZTF18abtvstb.npz,SN IIb,SNII,core,3,0,3,False
ZTF18abtxvhy,events/ZTF18abtxvhy.npz,SN Ia,SNI,core,10,9,1,False
ZTF18abtzzka,events/ZTF18abtzzka.npz,SN Ia-91T,SNI,core,44,26,18,True
ZTF18abucnqk,events/ZTF18abucnqk.npz,CV,CV,core,11,8,3,True
ZTF18abucoyd,events/ZTF18abucoyd.npz,CV,CV,core,8,7,1,False
ZTF18abucvbf,events/ZTF18abucvbf.npz,SN Ia,SNI,core,14,7,7,True
ZTF18abucxcj,events/ZTF18abucxcj.npz,SN IIn,SNII,core,9,6,3,True
ZTF18abuegjm,events/ZTF18abuegjm.npz,AGN,AGN,core,12,11,1,False
ZTF18abuesai,events/ZTF18abuesai.npz,AGN,AGN,core,12,9,3,True
ZTF18abufgdj,events/ZTF18abufgdj.npz,AGN,AGN,core,9,7,2,True
ZTF18abugthp,events/ZTF18abugthp.npz,SN Ia,SNI,core,1,0,1,False
ZTF18abuhyjv,events/ZTF18abuhyjv.npz,SN Ia,SNI,core,26,11,15,True
ZTF18abuhzfc,events/ZTF18abuhzfc.npz,SN Ia,SNI,core,24,11,13,True
ZTF18abujbio,events/ZTF18abujbio.npz,SN Ia,SNI,core,17,10,7,True
ZTF18abujcwj,events/ZTF18abujcwj.npz,CV,CV,core,32,17,15,True
ZTF18abujnlz,events/ZTF18abujnlz.npz,SN Ia,SNI,core,12,0,12,False
ZTF18abujubn,events/ZTF18abujubn.npz,AGN,AGN,core,9,4,5,True
ZTF18abukavn,events/ZTF18abukavn.npz,SN Ic-BL,SNI,core,12,7,5,True
ZTF18abulkrl,events/ZTF18abulkrl.npz,SN Ia,SNI,core,44,19,25,True
ZTF18abumflq,events/ZTF18abumflq.npz,CV,CV,core,13,8,5,True
ZTF18abumssq,events/ZTF18abumssq.npz,CV,CV,core,3,2,1,False
ZTF18abuncpe,events/ZTF18abuncpe.npz,SN Ia,SNI,core,17,12,5,True
ZTF18abunlhk,events/ZTF18abunlhk.npz,AGN,AGN,core,11,8,3,True
ZTF18abuoilc,events/ZTF18abuoilc.npz,AGN,AGN,core,10,6,4,True
ZTF18abupgps,events/ZTF18abupgps.npz,SN Ia-91T,SNI,core,9,4,5,True
ZTF18abupgql,events/ZTF18abupgql.npz,SN Ia,SNI,core,16,7,9,True
ZTF18abupiap,events/ZTF18abupiap.npz,SN Ia,SNI,core,13,7,6,True
ZTF18abuqhje,events/ZTF18abuqhje.npz,SN II,SNII,core,4,0,4,False
ZTF18abuqkdh,events/ZTF18abuqkdh.npz,AGN,AGN,core,11,5,6,True
ZTF18abuqugw,events/ZTF18abuqugw.npz,SN Ia,SNI,core,13,7,6,True
ZTF18abuwcul,events/ZTF18abuwcul.npz,AGN,AGN,core,13,7,6,True
ZTF18abuxjrd,events/ZTF18abuxjrd.npz,SN Ia,SNI,core,15,7,8,True
ZTF18abuykiu,events/ZTF18abuykiu.npz,SN Ia,SNI,core,16,7,9,True
ZTF18abuyrgo,events/ZTF18abuyrgo.npz,CV,CV,core,8,5,3,True
ZTF18abuzxek,events/ZTF18abuzxek.npz,CV,CV,core,6,6,0,False
ZTF18abvarea,events/ZTF18abvarea.npz,CV,CV,core,1,1,0,False
ZTF18abvassm,events/ZTF18abvassm.npz,CV,CV,core,4,3,1,False
ZTF18abvbesl,events/ZTF18abvbesl.npz,CV,CV,core,7,4,3,False
ZTF18abvbpku,events/ZTF18abvbpku.npz,SN Ia,SNI,core,8,8,0,False
ZTF18abvejbm,events/ZTF18abvejbm.npz,SN Ia,SNI,core,10,6,4,True
ZTF18abvejqt,events/ZTF18abvejqt.npz,SN II,SNII,core,12,5,7,True
ZTF18abvfecb,events/ZTF18abvfecb.npz,SN II,SNII,core,30,14,16,True
ZTF18abvfjwt,events/ZTF18abvfjwt.npz,SN Ic-BL,SNI,core,12,5,7,True
ZTF18abvftig,events/ZTF18abvftig.npz,CV,CV,core,43,22,21,True
ZTF18abvgghe,events/ZTF18abvgghe.npz,CV,CV,core,15,7,8,True
ZTF18abvgivy,events/ZTF18abvgivy.npz,SN II,SNII,core,18,5,13,True
ZTF18abvgjft,events/ZTF18abvgjft.npz,SN II,SNII,core,35,1,34,False
ZTF18abvgjgb,events/ZTF18abvgjgb.npz,SN IIn,SNII,core,25,0,25,False
ZTF18abvglon,events/ZTF18abvglon.npz,SN Ia,SNI,core,27,10,17,True
ZTF18abvklbt,events/ZTF18abvklbt.npz,AGN,AGN,core,6,5,1,False
ZTF18abvkmgw,events/ZTF18abvkmgw.npz,SN Ib,SNI,core,9,4,5,True
ZTF18abvlchy,events/ZTF18abvlchy.npz,SN Ia-91T,SNI,core,15,7,8,True
ZTF18abvlgyt,events/ZTF18abvlgyt.npz,CV,CV,core,1,1,0,False
ZTF18abvmlow,events/ZTF18abvmlow.npz,SN II,SNII,core,11,8,3,True
ZTF18abvnsmh,events/ZTF18abvnsmh.npz,AGN,AGN,core,1,0,1,False
ZTF18abvoyen,events/ZTF18abvoyen.npz,CV,CV,core,1,1,0,False
ZTF18abvpiim,events/ZTF18abvpiim.npz,CV,CV,core,4,3,1,False
ZTF18abvptts,events/ZTF18abvptts.npz,SN Ia-pec,SNI,core,22,12,10,True
ZTF18abvrzqj,events/ZTF18abvrzqj.npz,SN Ia,SNI,core,10,6,4,True
ZTF18abvsvjs,events/ZTF18abvsvjs.npz,SN Ia,SNI,core,11,7,4,True
ZTF18abvtrnc,events/ZTF18abvtrnc.npz,SN Ia,SNI,core,25,6,19,True
ZTF18abvvmdf,events/ZTF18abvvmdf.npz,SN II,SNII,core,9,5,4,True
ZTF18abvvvsi,events/ZTF18abvvvsi.npz,CV,CV,core,3,3,0,False
ZTF18abvvyro,events/ZTF18abvvyro.npz,CV,CV,core,4,3,1,False
ZTF18abvwpnt,events/ZTF18abvwpnt.npz,CV,CV,core,4,4,0,False
ZTF18abvwqtp,events/ZTF18abvwqtp.npz,AGN,AGN,core,7,7,0,False
ZTF18abvxoty,events/ZTF18abvxoty.npz,SN II,SNII,core,7,7,0,False
ZTF18abvxqtp,events/ZTF18abvxqtp.npz,SN Ia,SNI,core,10,4,6,True
ZTF18abvzdvj,events/ZTF18abvzdvj.npz,SN II,SNII,core,18,7,11,True
ZTF18abwbaim,events/ZTF18abwbaim.npz,SN Ia,SNI,core,5,5,0,False
ZTF18abwcgrm,events/ZTF18abwcgrm.npz,AGN,AGN,core,16,3,13,True
ZTF18abwckzf,events/ZTF18abwckzf.npz,SN Ia,SNI,core,4,0,4,False
ZTF18abwclem,events/ZTF18abwclem.npz,SN Ia,SNI,core,4,0,4,False
ZTF18abwcooy,events/ZTF18abwcooy.npz,SN II,SNII,core,5,1,4,False
ZTF18abwdcdv,events/ZTF18abwdcdv.npz,SN Ia,SNI,core,10,5,5,True
ZTF18abwdnml,events/ZTF18abwdnml.npz,CV,CV,core,7,3,4,False
ZTF18abwerpm,events/ZTF18abwerpm.npz,SN Ia,SNI,core,2,2,0,False
ZTF18abwisaz,events/ZTF18abwisaz.npz,SN II,SNII,core,58,20,38,True
ZTF18abwitkf,events/ZTF18abwitkf.npz,SN Ia,SNI,core,4,1,3,False
ZTF18abwjzpq,events/ZTF18abwjzpq.npz,CV,CV,core,4,4,0,False
ZTF18abwkczr,events/ZTF18abwkczr.npz,SN Ia,SNI,core,25,17,8,True
ZTF18abwkrbl,events/ZTF18abwkrbl.npz,SN IIb,SNII,core,24,10,14,True
ZTF18abwktmm,events/ZTF18abwktmm.npz,SN Ia,SNI,core,13,7,6,True
ZTF18abwkzuc,events/ZTF18abwkzuc.npz,SN Ia,SNI,core,8,5,3,True
ZTF18abwlonm,events/ZTF18abwlonm.npz,SN Ia,SNI,core,9,0,9,False
ZTF18abwlopg,events/ZTF18abwlopg.npz,SN Ia-91T,SNI,core,9,0,9,False
ZTF18abwlsoi,events/ZTF18abwlsoi.npz,SN II,SNII,core,11,6,5,True
ZTF18abwmuua,events/ZTF18abwmuua.npz,SN Ia,SNI,core,4,3,1,False
ZTF18abwnpri,events/ZTF18abwnpri.npz,CV,CV,core,3,2,1,False
ZTF18abwqbxc,events/ZTF18abwqbxc.npz,CV,CV,core,29,14,15,True
ZTF18abwugyc,events/ZTF18abwugyc.npz,CV,CV,core,5,3,2,False
ZTF18abwwfyo,events/ZTF18abwwfyo.npz,SN Ia,SNI,core,6,4,2,False
ZTF18abwwuug,events/ZTF18abwwuug.npz,SN Ia,SNI,core,10,10,0,False
ZTF18abwxhjo,events/ZTF18abwxhjo.npz,SN Ia,SNI,core,5,5,0,False
ZTF18abwztji,events/ZTF18abwztji.npz,SN Ia,SNI,core,3,0,3,False
ZTF18abxbhov,events/ZTF18abxbhov.npz,SN IIn,SNII,core,17,8,9,True
ZTF18abxbmcl,events/ZTF18abxbmcl.npz,SN IIP,SNII,core,21,0,21,False
ZTF18abxbugc,events/ZTF18abxbugc.npz,SN Ia,SNI,core,4,0,4,False
ZTF18abxbwwf,events/ZTF18abxbwwf.npz,SN Ia,SNI,core,6,4,2,False
ZTF18abxcues,events/ZTF18abxcues.npz,CV,CV,core,16,10,6,True
ZTF18abxdker,events/ZTF18abxdker.npz,CV,CV,core,11,8,3,True
ZTF18abxdkni,events/ZTF18abxdkni.npz,SN Ia,SNI,core,12,6,6,True
ZTF18abxdquf,events/ZTF18abxdquf.npz,CV,CV,core,1,0,1,False
ZTF18abxdtyz,events/ZTF18abxdtyz.npz,SN II,SNII,core,9,4,5,True
ZTF18abxftqm,events/ZTF18abxftqm.npz,TDE,TDE,core,30,14,16,True
ZTF18abxhaop,events/ZTF18abxhaop.npz,SN Ia,SNI,core,1,0,1,False
ZTF18abxhsyn,events/ZTF18abxhsyn.npz,SN Ia,SNI,core,1,0,1,False
ZTF18abxhyqv,events/ZTF18abxhyqv.npz,AGN,AGN,core,1,0,1,False
ZTF18abxjekh,events/ZTF18abxjekh.npz,SN II,SNII,core,12,0,12,False
ZTF18abxmbfq,events/ZTF18abxmbfq.npz,CV,CV,core,4,3,1,False
ZTF18abxmxbh,events/ZTF18abxmxbh.npz,SN Ia,SNI,core,11,9,2,True
ZTF18abxnvoz,events/ZTF18abxnvoz.npz,TDE,TDE,core,59,32,27,True
ZTF18abxoqkd,events/ZTF18abxoqkd.npz,SN Ia,SNI,core,13,6,7,True
ZTF18abxqemv,events/ZTF18abxqemv.npz,SN II,SNII,core,16,8,8,True
ZTF18abxrngw,events/ZTF18abxrngw.npz,AGN,AGN,core,12,9,3,True
ZTF18abxroxl,events/ZTF18abxroxl.npz,SN Ia,SNI,core,4,4,0,False
ZTF18abxrqod,events/ZTF18abxrqod.npz,SN Ia,SNI,core,1,1,0,False
ZTF18abxtoqz,events/ZTF18abxtoqz.npz,SN Ia,SNI,core,1,0,1,False
ZTF18abxtvqc,events/ZTF18abxtvqc.npz,SN Ia,SNI,core,1,0,1,False
ZTF18abxucht,events/ZTF18abxucht.npz,SN II,SNII,core,36,15,21,True
ZTF18abxvolr,events/ZTF18abxvolr.npz,CV,CV,core,2,0,2,False
ZTF18abxxhqq,events/ZTF18abxxhqq.npz,CV,CV,core,6,3,3,False
ZTF18abxxhta,events/ZTF18abxxhta.npz,CV,CV,core,2,2,0,False
ZTF18abxxngn,events/ZTF18abxxngn.npz,CV,CV,core,2,1,1,False
ZTF18abxxssh,events/ZTF18abxxssh.npz,SN Ia,SNI,core,10,4,6,True
ZTF18abxygvv,events/ZTF18abxygvv.npz,SN Ia,SNI,core,18,8,10,True
ZTF18abxyudf,events/ZTF18abxyudf.npz,SN Ia,SNI,core,28,14,14,True
ZTF18abxyutn,events/ZTF18abxyutn.npz,CV,CV,core,15,8,7,True
ZTF18abxywlg,events/ZTF18abxywlg.npz,CV,CV,core,3,3,0,False
ZTF18abxznky,events/ZTF18abxznky.npz,CV,CV,core,6,3,3,False
ZTF18abyfcns,events/ZTF18abyfcns.npz,AGN,AGN,core,36,13,23,True
ZTF18abygcwk,events/ZTF18abygcwk.npz,CV,CV,core,8,4,4,True
ZTF18abyjgcx,events/ZTF18abyjgcx.npz,AGN,AGN,core,16,10,6,True
ZTF18abykswp,events/ZTF18abykswp.npz,SN Ia,SNI,core,39,16,23,True
ZTF18abymchm,events/ZTF18abymchm.npz,CV,CV,core,4,3,1,False
ZTF18abyukaz,events/ZTF18abyukaz.npz,CV,CV,core,4,2,2,False
ZTF18abyvbat,events/ZTF18abyvbat.npz,CV,CV,core,4,2,2,False
ZTF18abyvbmj,events/ZTF18abyvbmj.npz,CV,CV,core,3,1,2,False
ZTF18abyvenk,events/ZTF18abyvenk.npz,SN II,SNII,core,7,4,3,False
ZTF18abywcnl,events/ZTF18abywcnl.npz,SN Ia,SNI,core,15,7,8,True
ZTF18abyxlas,events/ZTF18abyxlas.npz,CV,CV,core,2,2,0,False
ZTF18abyxwrf,events/ZTF18abyxwrf.npz,SN Ia,SNI,core,25,18,7,True
ZTF18abyxwrs,events/ZTF18abyxwrs.npz,CV,CV,core,8,8,0,False
ZTF18abyyzdp,events/ZTF18abyyzdp.npz,CV,CV,core,3,3,0,False
ZTF18abyzdoo,events/ZTF18abyzdoo.npz,CV,CV,core,5,2,3,False
ZTF18abyzkeq,events/ZTF18abyzkeq.npz,CV,CV,core,4,2,2,False
ZTF18abyzksx,events/ZTF18abyzksx.npz,SN Ia,SNI,core,11,5,6,True
ZTF18abyzlhn,events/ZTF18abyzlhn.npz,SN Ia,SNI,core,3,3,0,False
ZTF18abyzmsb,events/ZTF18abyzmsb.npz,CV,CV,core,6,3,3,False
ZTF18abzbkby,events/ZTF18abzbkby.npz,SN Ia,SNI,core,28,14,14,True
ZTF18abzboft,events/ZTF18abzboft.npz,AGN,AGN,core,4,3,1,False
ZTF18abzbukt,events/ZTF18abzbukt.npz,CV,CV,core,1,0,1,False
ZTF18abzmujj,events/ZTF18abzmujj.npz,CV,CV,core,10,4,6,True
ZTF18abzmxax,events/ZTF18abzmxax.npz,CV,CV,core,3,2,1,False
ZTF18abznndg,events/ZTF18abznndg.npz,CV,CV,core,3,3,0,False
ZTF18abzpbpi,events/ZTF18abzpbpi.npz,SN Ia,SNI,core,7,1,6,False
ZTF18abzpliv,events/ZTF18abzpliv.npz,CV,CV,core,2,1,1,False
ZTF18abzpxel,events/ZTF18abzpxel.npz,CV,CV,core,3,2,1,False
ZTF18abzqsxk,events/ZTF18abzqsxk.npz,SN Ia,SNI,core,74,38,36,True
ZTF18abzrgim,events/ZTF18abzrgim.npz,SN II,SNII,core,23,12,11,True
ZTF18abzscns,events/ZTF18abzscns.npz,SN II,SNII,core,13,6,7,True
ZTF18abzsdju,events/ZTF18abzsdju.npz,CV,CV,core,5,5,0,False
ZTF18abzsflf,events/ZTF18abzsflf.npz,SN Ia,SNI,core,4,1,3,False
ZTF18abzsimu,events/ZTF18abzsimu.npz,AGN,AGN,core,1,0,1,False
ZTF18abzwdsj,events/ZTF18abzwdsj.npz,SN Ia,SNI,core,2,2,0,False
ZTF18abzylls,events/ZTF18abzylls.npz,AGN,AGN,core,4,2,2,False
ZTF18abzysaj,events/ZTF18abzysaj.npz,CV,CV,core,3,3,0,False
ZTF18abzzkyg,events/ZTF18abzzkyg.npz,SN Ia,SNI,core,1,0,1,False
ZTF18acacnmr,events/ZTF18acacnmr.npz,SN Ia,SNI,core,4,4,0,False
ZTF18acaeous,events/ZTF18acaeous.npz,SN Ia,SNI,core,24,11,13,True
ZTF18acaezsx,events/ZTF18acaezsx.npz,SN Ia,SNI,core,11,10,1,False
ZTF18acafztq,events/ZTF18acafztq.npz,SN Ia-91T,SNI,core,8,0,8,False
ZTF18acahbqb,events/ZTF18acahbqb.npz,AGN,AGN,core,29,13,16,True
ZTF18acahncf,events/ZTF18acahncf.npz,CV,CV,core,3,2,1,False
ZTF18acahuph,events/ZTF18acahuph.npz,SN Ia-91T,SNI,core,15,6,9,True
ZTF18acahvwm,events/ZTF18acahvwm.npz,SN IIb,SNII,core,9,5,4,True
ZTF18acaimrb,events/ZTF18acaimrb.npz,SN Ic-BL,SNI,core,4,1,3,False
ZTF18acaipdc,events/ZTF18acaipdc.npz,SN Ia-pec,SNI,core,9,4,5,True
ZTF18acaisao,events/ZTF18acaisao.npz,CV,CV,core,8,5,3,True
ZTF18acajosk,events/ZTF18acajosk.npz,CV,CV,core,2,2,0,False
ZTF18acajzuh,events/ZTF18acajzuh.npz,SN Ia,SNI,core,1,1,0,False
ZTF18acaktuk,events/ZTF18acaktuk.npz,CV,CV,core,15,8,7,True
ZTF18acakwsu,events/ZTF18acakwsu.npz,SN II,SNII,core,41,16,25,True
ZTF18acaobkv,events/ZTF18acaobkv.npz,AGN,AGN,core,2,1,1,False
ZTF18acapkod,events/ZTF18acapkod.npz,CV,CV,core,1,1,0,False
ZTF18acaptmo,events/ZTF18acaptmo.npz,CV,CV,core,1,1,0,False
ZTF18acaqbvs,events/ZTF18acaqbvs.npz,SN Ia,SNI,core,6,3,3,False
ZTF18acaqcdg,events/ZTF18acaqcdg.npz,SN Ia,SNI,core,6,3,3,False
ZTF18acaqdaa,events/ZTF18acaqdaa.npz,TDE,TDE,core,10,5,5,True
ZTF18acarupz,events/ZTF18acarupz.npz,SN Ia,SNI,core,22,13,9,True
ZTF18acaszeh,events/ZTF18acaszeh.npz,SN Ia,SNI,core,14,5,9,True
ZTF18acatuts,events/ZTF18acatuts.npz,SN Ia,SNI,core,9,6,3,True
ZTF18acaucsw,events/ZTF18acaucsw.npz,SN Ia,SNI,core,1,1,0,False
ZTF18acauijl,events/ZTF18acauijl.npz,CV,CV,core,2,2,0,False
ZTF18acaujas,events/ZTF18acaujas.npz,CV,CV,core,2,2,0,False
ZTF18acauwik,events/ZTF18acauwik.npz,AGN,AGN,core,21,13,8,True
ZTF18acawxza,events/ZTF18acawxza.npz,CV,CV,core,2,1,1,False
ZTF18acayrgz,events/ZTF18acayrgz.npz,AGN,AGN,core,3,3,0,False
ZTF18acbudzh,events/ZTF18acbudzh.npz,SN Ia,SNI,core,11,6,5,True
ZTF18acbudzo,events/ZTF18acbudzo.npz,SN Ia,SNI,core,19,8,11,True
ZTF18acbuemc,events/ZTF18acbuemc.npz,SN II,SNII,core,16,5,11,True
ZTF18acbufud,events/ZTF18acbufud.npz,SN Ia,SNI,core,11,5,6,True
ZTF18acbujhw,events/ZTF18acbujhw.npz,SN Ia,SNI,core,51,23,28,True
ZTF18acbvahw,events/ZTF18acbvahw.npz,SN Ib,SNI,core,23,7,16,True
ZTF18acbvbox,events/ZTF18acbvbox.npz,SN Ia,SNI,core,15,4,11,True
ZTF18acbvcmw,events/ZTF18acbvcmw.npz,SN Ia,SNI,core,21,6,15,True
ZTF18acbvczr,events/ZTF18acbvczr.npz,CV,CV,core,1,0,1,False
ZTF18acbvgqw,events/ZTF18acbvgqw.npz,SN Ia,SNI,core,28,12,16,True
ZTF18acbvgry,events/ZTF18acbvgry.npz,SN Ia-pec,SNI,core,11,5,6,True
ZTF18acbvgtu,events/ZTF18acbvgtu.npz,SN Ia,SNI,core,10,4,6,True
ZTF18acbvhit,events/ZTF18acbvhit.npz,SN II,SNII,core,31,16,15,True
ZTF18acbvkwl,events/ZTF18acbvkwl.npz,AGN,AGN,core,33,16,17,True
ZTF18acbvmhq,events/ZTF18acbvmhq.npz,CV,CV,core,1,0,1,False
ZTF18acbvnen,events/ZTF18acbvnen.npz,SN Ia,SNI,core,16,9,7,True
ZTF18acbvpzj,events/ZTF18acbvpzj.npz,SN Ic-BL,SNI,core,9,4,5,True
ZTF18acbvuli,events/ZTF18acbvuli.npz,CV,CV,core,7,4,3,False
ZTF18acbwaax,events/ZTF18acbwaax.npz,SN Ia,SNI,core,18,8,10,True
ZTF18acbwarv,events/ZTF18acbwarv.npz,SN Ia,SNI,core,40,16,24,True
ZTF18acbwasc,events/ZTF18acbwasc.npz,SN IIP,SNII,core,24,9,15,True
ZTF18acbwasl,events/ZTF18acbwasl.npz,SN Ia,SNI,core,15,6,9,True
ZTF18acbwavp,events/ZTF18acbwavp.npz,SN Ia-91T,SNI,core,9,3,6,True
ZTF18acbwawc,events/ZTF18acbwawc.npz,SN Ia,SNI,core,12,7,5,True
ZTF18acbwaxk,events/ZTF18acbwaxk.npz,SN II,SNII,core,125,67,58,True
ZTF18acbwchi,events/ZTF18acbwchi.npz,SN Ia,SNI,core,25,8,17,True
ZTF18acbweyd,events/ZTF18acbweyd.npz,AGN,AGN,core,18,2,16,True
ZTF18acbwgfc,events/ZTF18acbwgfc.npz,AGN,AGN,core,1,0,1,False
ZTF18acbwghc,events/ZTF18acbwghc.npz,SN Ia,SNI,core,45,24,21,True
ZTF18acbwglb,events/ZTF18acbwglb.npz,SN II,SNII,core,22,11,11,True
ZTF18acbwglw,events/ZTF18acbwglw.npz,SN Ia,SNI,core,6,3,3,False
ZTF18acbwiic,events/ZTF18acbwiic.npz,SN Ia-91T,SNI,core,7,3,4,False
ZTF18acbwjyx,events/ZTF18acbwjyx.npz,CV,CV,core,4,3,1,False
ZTF18acbwkjw,events/ZTF18acbwkjw.npz,CV,CV,core,4,3,1,False
ZTF18acbwkqu,events/ZTF18acbwkqu.npz,CV,CV,core,2,1,1,False
ZTF18acbwkso,events/ZTF18acbwkso.npz,CV,CV,core,8,4,4,True
ZTF18acbwlpj,events/ZTF18acbwlpj.npz,SN Ia,SNI,core,6,2,4,False
ZTF18acbwnsh,events/ZTF18acbwnsh.npz,SN Ia,SNI,core,5,3,2,False
ZTF18acbwopo,events/ZTF18acbwopo.npz,SN II,SNII,core,11,6,5,True
ZTF18acbwppb,events/ZTF18acbwppb.npz,SN Ia,SNI,core,8,3,5,True
ZTF18acbwtmf,events/ZTF18acbwtmf.npz,SN Ia,SNI,core,11,5,6,True
ZTF18acbwtng,events/ZTF18acbwtng.npz,SN II,SNII,core,13,7,6,True
ZTF18acbwtnh,events/ZTF18acbwtnh.npz,SN Ia,SNI,core,11,7,4,True
ZTF18acbwvsp,events/ZTF18acbwvsp.npz,SN IIn,SNII,core,41,23,18,True
ZTF18acbwxcc,events/ZTF18acbwxcc.npz,SN Ic-BL,SNI,core,21,12,9,True
ZTF18acbwxgn,events/ZTF18acbwxgn.npz,SN Ia,SNI,core,18,8,10,True
ZTF18acbwxou,events/ZTF18acbwxou.npz,SN Ia-91T,SNI,core,9,3,6,True
ZTF18acbwyjt,events/ZTF18acbwyjt.npz,CV,CV,core,5,4,1,False
ZTF18acbwymh,events/ZTF18acbwymh.npz,SN Ia,SNI,core,4,1,3,False
ZTF18acbxhua,events/ZTF18acbxhua.npz,SN Ia,SNI,core,9,5,4,True
ZTF18acbxhui,events/ZTF18acbxhui.npz,SN Ia,SNI,core,6,3,3,False
ZTF18acbxkop,events/ZTF18acbxkop.npz,SN II,SNII,core,30,13,17,True
ZTF18acbxkpa,events/ZTF18acbxkpa.npz,SN Ia,SNI,core,6,3,3,False
ZTF18acbxmvy,events/ZTF18acbxmvy.npz,SN Ia,SNI,core,18,7,11,True
ZTF18acbxphq,events/ZTF18acbxphq.npz,CV,CV,core,6,3,3,False
ZTF18acbxrdw,events/ZTF18acbxrdw.npz,SN Ia,SNI,core,7,5,2,False
ZTF18acbxrrx,events/ZTF18acbxrrx.npz,SN Ia,SNI,core,6,4,2,False
ZTF18acbxsap,events/ZTF18acbxsap.npz,SN Ia,SNI,core,14,3,11,True
ZTF18acbxsge,events/ZTF18acbxsge.npz,SN Ia,SNI,core,22,9,13,True
ZTF18acbxsgy,events/ZTF18acbxsgy.npz,SN Ia,SNI,core,12,7,5,True
ZTF18acbxshd,events/ZTF18acbxshd.npz,SN II,SNII,core,6,4,2,False
ZTF18acbxudr,events/ZTF18acbxudr.npz,SN II,SNII,core,18,10,8,True
ZTF18acbyeid,events/ZTF18acbyeid.npz,AGN,AGN,core,32,14,18,True
ZTF18acbygcu,events/ZTF18acbygcu.npz,SN Ia,SNI,core,1,0,1,False
ZTF18acbyyff,events/ZTF18acbyyff.npz,SN Ia,SNI,core,9,5,4,True
ZTF18acbzitw,events/ZTF18acbzitw.npz,CV,CV,core,21,8,13,True
ZTF18acbznkf,events/ZTF18acbznkf.npz,SN Ia,SNI,core,13,6,7,True
ZTF18acbznvp,events/ZTF18acbznvp.npz,SN Ia,SNI,core,12,6,6,True
ZTF18acbzojv,events/ZTF18acbzojv.npz,SN Ia,SNI,core,30,11,19,True
ZTF18acbzoyh,events/ZTF18acbzoyh.npz,SN IIb,SNII,core,14,5,9,True
ZTF18acbzpag,events/ZTF18acbzpag.npz,SN Ia,SNI,core,14,7,7,True
ZTF18acbzpxx,events/ZTF18acbzpxx.npz,SN Ia,SNI,core,24,12,12,True
ZTF18acbzvpg,events/ZTF18acbzvpg.npz,SN IIb,SNII,core,21,7,14,True
ZTF18accaqrr,events/ZTF18accaqrr.npz,SN Ib,SNI,core,5,3,2,False
ZTF18accbppp,events/ZTF18accbppp.npz,SN Ia,SNI,core,11,5,6,True
ZTF18accbwow,events/ZTF18accbwow.npz,SN II,SNII,core,20,6,14,True
ZTF18accdrut,events/ZTF18accdrut.npz,AGN,AGN,core,5,2,3,False
ZTF18accdvrb,events/ZTF18accdvrb.npz,SN Ia,SNI,core,14,5,9,True
ZTF18accdvur,events/ZTF18accdvur.npz,AGN,AGN,core,6,0,6,False
ZTF18accdxpa,events/ZTF18accdxpa.npz,SN Ia,SNI,core,6,3,3,False
ZTF18accdzeo,events/ZTF18accdzeo.npz,SN Ia,SNI,core,5,3,2,False
ZTF18accdzju,events/ZTF18accdzju.npz,SN IIn,SNII,core,6,3,3,False
ZTF18acceaem,events/ZTF18acceaem.npz,SN Ib/c,SNI,core,3,1,2,False
ZTF18acceprh,events/ZTF18acceprh.npz,SN Ia,SNI,core,3,0,3,False
ZTF18accfjmp,events/ZTF18accfjmp.npz,SN II,SNII,core,7,3,4,False
ZTF18acchvwh,events/ZTF18acchvwh.npz,SN Ia,SNI,core,6,5,1,False
ZTF18acchzkf,events/ZTF18acchzkf.npz,SN Ia,SNI,core,14,6,8,True
ZTF18accjdgs,events/ZTF18accjdgs.npz,SN Ia,SNI,core,1,0,1,False
ZTF18accjecm,events/ZTF18accjecm.npz,SN Ia,SNI,core,11,4,7,True
ZTF18accjqzu,events/ZTF18accjqzu.npz,SN Ia,SNI,core,28,11,17,True
ZTF18acckoil,events/ZTF18acckoil.npz,SN Ia,SNI,core,16,7,9,True
ZTF18acckpzv,events/ZTF18acckpzv.npz,AGN,AGN,core,3,3,0,False
ZTF18acclexy,events/ZTF18acclexy.npz,SN Ia,SNI,core,19,8,11,True
ZTF18accmkud,events/ZTF18accmkud.npz,SN II,SNII,core,39,12,27,True
ZTF18accnbgw,events/ZTF18accnbgw.npz,SN Ia-91T,SNI,core,57,22,35,True
ZTF18accndxn,events/ZTF18accndxn.npz,SN Ia,SNI,core,35,15,20,True
ZTF18accnfrz,events/ZTF18accnfrz.npz,SN IIn,SNII,core,42,9,33,True
ZTF18accngee,events/ZTF18accngee.npz,SN Ia-91T,SNI,core,18,4,14,True
ZTF18accngfb,events/ZTF18accngfb.npz,SN Ia,SNI,core,20,5,15,True
ZTF18accngxc,events/ZTF18accngxc.npz,SN II,SNII,core,10,0,10,False
ZTF18accnlhl,events/ZTF18accnlhl.npz,AGN,AGN,core,22,12,10,True
ZTF18accnlji,events/ZTF18accnlji.npz,SN Ia,SNI,core,26,14,12,True
ZTF18accnlml,events/ZTF18accnlml.npz,AGN,AGN,core,16,3,13,True
ZTF18accnmri,events/ZTF18accnmri.npz,SN IIP,SNII,core,31,6,25,True
ZTF18accnnyu,events/ZTF18accnnyu.npz,SN Ia,SNI,core,36,11,25,True
ZTF18accnoli,events/ZTF18accnoli.npz,SN II,SNII,core,29,14,15,True
ZTF18accnyyz,events/ZTF18accnyyz.npz,CV,CV,core,10,4,6,True
ZTF18accpjkb,events/ZTF18accpjkb.npz,SN Ia,SNI,core,9,4,5,True
ZTF18accqcab,events/ZTF18accqcab.npz,SN Ia,SNI,core,6,5,1,False
ZTF18accrorf,events/ZTF18accrorf.npz,SN Ia,SNI,core,14,5,9,True
ZTF18accsawg,events/ZTF18accsawg.npz,SN Ia,SNI,core,12,6,6,True
ZTF18acctdhp,events/ZTF18acctdhp.npz,SN Ia,SNI,core,8,5,3,True
ZTF18accwjiu,events/ZTF18accwjiu.npz,SN Ia,SNI,core,45,5,40,True
ZTF18accxhhd,events/ZTF18accxhhd.npz,AGN,AGN,core,2,0,2,False
ZTF18acdvrfu,events/ZTF18acdvrfu.npz,SN II,SNII,core,31,6,25,True
ZTF18acdvvej,events/ZTF18acdvvej.npz,SN Ia,SNI,core,40,18,22,True
ZTF18acdvvgx,events/ZTF18acdvvgx.npz,SN II,SNII,core,41,14,27,True
ZTF18acdvvnc,events/ZTF18acdvvnc.npz,AGN,AGN,core,2,0,2,False
ZTF18acdvwvx,events/ZTF18acdvwvx.npz,CV,CV,core,3,0,3,False
ZTF18acdwazf,events/ZTF18acdwazf.npz,SN Ia,SNI,core,32,17,15,True
ZTF18acdwmsx,events/ZTF18acdwmsx.npz,AGN,AGN,core,7,3,4,False
ZTF18acdwohd,events/ZTF18acdwohd.npz,SN Ia,SNI,core,11,6,5,True
ZTF18acdwuhy,events/ZTF18acdwuhy.npz,SN Ia,SNI,core,22,9,13,True
ZTF18acdxhus,events/ZTF18acdxhus.npz,SN Ia,SNI,core,6,3,3,False
ZTF18acdyypo,events/ZTF18acdyypo.npz,SN Ia,SNI,core,15,5,10,True
ZTF18acdzpgs,events/ZTF18acdzpgs.npz,SN Ia,SNI,core,1,0,1,False
ZTF18acdzzyf,events/ZTF18acdzzyf.npz,SN Ia,SNI,core,15,4,11,True
ZTF18aceaape,events/ZTF18aceaape.npz,AGN,AGN,core,47,22,25,True
ZTF18acealtv,events/ZTF18acealtv.npz,CV,CV,core,1,0,1,False
ZTF18aceathd,events/ZTF18aceathd.npz,SN Ia,SNI,core,19,8,11,True
ZTF18acebefc,events/ZTF18acebefc.npz,SN Ia,SNI,core,36,21,15,True
ZTF18acebssa,events/ZTF18acebssa.npz,SN II,SNII,core,29,11,18,True
ZTF18acecpja,events/ZTF18acecpja.npz,CV,CV,core,6,2,4,False
ZTF18acecqjl,events/ZTF18acecqjl.npz,CV,CV,core,13,4,9,True
ZTF18aceexmi,events/ZTF18aceexmi.npz,SN Ia,SNI,core,21,7,14,True
ZTF18acefhxx,events/ZTF18acefhxx.npz,SN Ia,SNI,core,10,0,10,False
ZTF18acefuhk,events/ZTF18acefuhk.npz,SN II,SNII,core,60,27,33,True
ZTF18acefxko,events/ZTF18acefxko.npz,SN Ia,SNI,core,22,2,20,True
ZTF18acehilk,events/ZTF18acehilk.npz,SN Ia,SNI,core,10,4,6,True
ZTF18aceijsp,events/ZTF18aceijsp.npz,AGN,AGN,core,8,6,2,True
ZTF18aceisbk,events/ZTF18aceisbk.npz,SN Ia-91T,SNI,core,7,4,3,False
ZTF18acejejm,events/ZTF18acejejm.npz,AGN,AGN,core,1,1,0,False
ZTF18acemhyb,events/ZTF18acemhyb.npz,SN Ia,SNI,core,11,4,7,True
ZTF18acepwhb,events/ZTF18acepwhb.npz,SN Ia,SNI,core,15,4,11,True
ZTF18aceqrrs,events/ZTF18aceqrrs.npz,SN Ic,SNI,core,22,6,16,True
ZTF18acerdie,events/ZTF18acerdie.npz,SN Ia,SNI,core,1,0,1,False
ZTF18acertvf,events/ZTF18acertvf.npz,SN Ia,SNI,core,1,0,1,False
ZTF18acetnxh,events/ZTF18acetnxh.npz,AGN,AGN,core,10,5,5,True
ZTF18aceyjco,events/ZTF18aceyjco.npz,SN Ia,SNI,core,10,4,6,True
ZTF18aceynvm,events/ZTF18aceynvm.npz,SN Ia,SNI,core,19,6,13,True
ZTF18acezsyi,events/ZTF18acezsyi.npz,SN Ia-91T,SNI,core,2,1,1,False
ZTF18acfvhko,events/ZTF18acfvhko.npz,AGN,AGN,core,2,2,0,False
ZTF18acfwmqj,events/ZTF18acfwmqj.npz,SN Ia,SNI,core,27,8,19,True
ZTF18acgdepq,events/ZTF18acgdepq.npz,CV,CV,core,7,4,3,False
ZTF18acgphfu,events/ZTF18acgphfu.npz,AGN,AGN,core,21,9,12,True
ZTF18acgqweq,events/ZTF18acgqweq.npz,AGN,AGN,core,34,18,16,True
ZTF18acgsdvk,events/ZTF18acgsdvk.npz,CV,CV,core,17,7,10,True
ZTF18acgusct,events/ZTF18acgusct.npz,CV,CV,core,1,0,1,False
ZTF18acgvgiq,events/ZTF18acgvgiq.npz,SN II,SNII,core,25,12,13,True
ZTF18acgvhxo,events/ZTF18acgvhxo.npz,AGN,AGN,core,28,11,17,True
ZTF18achaqmd,events/ZTF18achaqmd.npz,SN Ia,SNI,core,14,8,6,True
ZTF18achbllm,events/ZTF18achbllm.npz,SN Ia,SNI,core,16,6,10,True
ZTF18achbuhn,events/ZTF18achbuhn.npz,AGN,AGN,core,8,0,8,False
ZTF18achcpwu,events/ZTF18achcpwu.npz,SN Ic,SNI,core,23,4,19,True
ZTF18achfdlr,events/ZTF18achfdlr.npz,CV,CV,core,8,4,4,True
ZTF18achjcwv,events/ZTF18achjcwv.npz,SN Ia,SNI,core,6,3,3,False
ZTF18achkbum,events/ZTF18achkbum.npz,CV,CV,core,4,2,2,False
ZTF18achmxsx,events/ZTF18achmxsx.npz,SN Ia,SNI,core,10,3,7,True
ZTF18achrter,events/ZTF18achrter.npz,CV,CV,core,5,2,3,False
ZTF18achszwx,events/ZTF18achszwx.npz,AGN,AGN,core,31,16,15,True
ZTF18achtnvk,events/ZTF18achtnvk.npz,SN II,SNII,core,56,17,39,True
ZTF18achxcsh,events/ZTF18achxcsh.npz,SN Ia,SNI,core,18,9,9,True
ZTF18achyqcq,events/ZTF18achyqcq.npz,SN Ia,SNI,core,24,9,15,True
ZTF18acisruf,events/ZTF18acisruf.npz,SN Ib/c,SNI,core,9,4,5,True
ZTF18acjnusv,events/ZTF18acjnusv.npz,CV,CV,core,2,1,1,False
ZTF18acjpret,events/ZTF18acjpret.npz,SN IIn,SNII,core,1,1,0,False
ZTF18acjxyak,events/ZTF18acjxyak.npz,SN Ia,SNI,core,15,4,11,True
ZTF18aclieva,events/ZTF18aclieva.npz,SN II,SNII,core,26,12,14,True
ZTF18acllbhl,events/ZTF18acllbhl.npz,SN Ia,SNI,core,1,0,1,False
ZTF18acllhfg,events/ZTF18acllhfg.npz,SN Ia,SNI,core,1,0,1,False
ZTF18acmvcme,events/ZTF18acmvcme.npz,SN Ia-91T,SNI,core,14,6,8,True
ZTF18acmwptq,events/ZTF18acmwptq.npz,SN Ia,SNI,core,6,2,4,False
ZTF18acmxkzj,events/ZTF18acmxkzj.npz,SN Ia,SNI,core,15,7,8,True
ZTF18acmyxfx,events/ZTF18acmyxfx.npz,SN Ia,SNI,core,16,5,11,True
ZTF18acmznfc,events/ZTF18acmznfc.npz,SN Ia,SNI,core,38,17,21,True
ZTF18acmzpbf,events/ZTF18acmzpbf.npz,SN Ia,SNI,core,54,15,39,True
ZTF18acnadpj,events/ZTF18acnadpj.npz,CV,CV,core,1,1,0,False
ZTF18acnbenl,events/ZTF18acnbenl.npz,SN Ia,SNI,core,14,6,8,True
ZTF18acnbeuu,events/ZTF18acnbeuu.npz,SN Ia,SNI,core,38,14,24,True
ZTF18acnbgpw,events/ZTF18acnbgpw.npz,SN Ia-91T,SNI,core,25,11,14,True
ZTF18acnbgrb,events/ZTF18acnbgrb.npz,SN Ia,SNI,core,23,7,16,True
ZTF18acnbpkq,events/ZTF18acnbpkq.npz,SN Ia,SNI,core,11,4,7,True
ZTF18acnbptb,events/ZTF18acnbptb.npz,SN II,SNII,core,6,1,5,False
ZTF18acnmifq,events/ZTF18acnmifq.npz,SN IIb,SNII,core,43,13,30,True
ZTF18acnncve,events/ZTF18acnncve.npz,SN Ib,SNI,core,15,4,11,True
ZTF18acnnrar,events/ZTF18acnnrar.npz,AGN,AGN,core,5,4,1,False
ZTF18acnnxor,events/ZTF18acnnxor.npz,SN Ia,SNI,core,14,3,11,True
ZTF18acnnxzz,events/ZTF18acnnxzz.npz,SN Ia,SNI,core,11,4,7,True
ZTF18acpdvos,events/ZTF18acpdvos.npz,TDE,TDE,core,13,10,3,True
ZTF18acpdwoa,events/ZTF18acpdwoa.npz,AGN,AGN,core,14,6,8,True
ZTF18acpeemg,events/ZTF18acpeemg.npz,SN Ia,SNI,core,10,3,7,True
ZTF18acpeesd,events/ZTF18acpeesd.npz,SN Ia,SNI,core,13,4,9,True
ZTF18acpefgk,events/ZTF18acpefgk.npz,SN Ia,SNI,core,8,5,3,True
ZTF18acpfelg,events/ZTF18acpfelg.npz,AGN,AGN,core,7,6,1,False
ZTF18acpfwmm,events/ZTF18acpfwmm.npz,SN Ia,SNI,core,17,3,14,True
ZTF18acppxgo,events/ZTF18acppxgo.npz,SN Ia,SNI,core,6,1,5,False
ZTF18acpscso,events/ZTF18acpscso.npz,SN Ia,SNI,core,13,3,10,True
ZTF18acpsrtc,events/ZTF18acpsrtc.npz,SN IIn,SNII,core,4,0,4,False
ZTF18acptgzz,events/ZTF18acptgzz.npz,SN Ia,SNI,core,24,9,15,True
ZTF18acpuiwv,events/ZTF18acpuiwv.npz,CV,CV,core,5,2,3,False
ZTF18acpuxuh,events/ZTF18acpuxuh.npz,SN Ia,SNI,core,10,4,6,True
ZTF18acqighv,events/ZTF18acqighv.npz,AGN,AGN,core,9,3,6,True
ZTF18acqnzso,events/ZTF18acqnzso.npz,SN Ia,SNI,core,17,9,8,True
ZTF18acqphpd,events/ZTF18acqphpd.npz,SN Ic,SNI,core,22,8,14,True
ZTF18acqpobb,events/ZTF18acqpobb.npz,SN Ia-91T,SNI,core,33,14,19,True
ZTF18acqppuj,events/ZTF18acqppuj.npz,SN II,SNII,core,17,5,12,True
ZTF18acqpqph,events/ZTF18acqpqph.npz,SN Ia,SNI,core,25,13,12,True
ZTF18acqqyah,events/ZTF18acqqyah.npz,SN Ia,SNI,core,31,17,14,True
ZTF18acqsfxh,events/ZTF18acqsfxh.npz,SN Ia,SNI,core,29,9,20,True
ZTF18acqsqrg,events/ZTF18acqsqrg.npz,SN IIP,SNII,core,31,13,18,True
ZTF18acqsqry,events/ZTF18acqsqry.npz,SN Ia,SNI,core,13,3,10,True
ZTF18acqsroy,events/ZTF18acqsroy.npz,SN II,SNII,core,15,5,10,True
ZTF18acqsztr,events/ZTF18acqsztr.npz,SN Ia,SNI,core,16,12,4,True
ZTF18acqtjcz,events/ZTF18acqtjcz.npz,SN Ia,SNI,core,83,37,38,True
ZTF18acqugen,events/ZTF18acqugen.npz,SN Ia,SNI,core,1,1,0,False
ZTF18acqvqpi,events/ZTF18acqvqpi.npz,AGN,AGN,core,21,6,15,True
ZTF18acqwdla,events/ZTF18acqwdla.npz,SN II,SNII,core,31,11,20,True
ZTF18acqxcga,events/ZTF18acqxcga.npz,SN Ia,SNI,core,73,25,48,True
ZTF18acqxsyi,events/ZTF18acqxsyi.npz,SN Ia,SNI,core,16,2,14,True
ZTF18acqxwgl,events/ZTF18acqxwgl.npz,SN Ia-pec,SNI,core,13,4,9,True
ZTF18acqxyiq,events/ZTF18acqxyiq.npz,SN IIb,SNII,core,12,2,10,True
ZTF18acrcetn,events/ZTF18acrcetn.npz,SN Ia-91bg,SNI,core,7,0,7,False
ZTF18acrcfax,events/ZTF18acrcfax.npz,CV,CV,core,4,0,4,False
ZTF18acrcgyb,events/ZTF18acrcgyb.npz,SN Ia,SNI,core,9,1,8,False
ZTF18acrcizr,events/ZTF18acrcizr.npz,SN Ia,SNI,core,14,4,10,True
ZTF18acrcogn,events/ZTF18acrcogn.npz,SN II,SNII,core,22,8,14,True
ZTF18acrcpbe,events/ZTF18acrcpbe.npz,CV,CV,core,6,1,5,False
ZTF18acrcybx,events/ZTF18acrcybx.npz,CV,CV,core,5,0,5,False
ZTF18acrcyqw,events/ZTF18acrcyqw.npz,SN IIb,SNII,core,24,4,20,True
ZTF18acrdciw,events/ZTF18acrdciw.npz,SN Ia-pec,SNI,core,12,5,7,True
ZTF18acrdlrp,events/ZTF18acrdlrp.npz,SN Ia,SNI,core,38,15,23,True
ZTF18acrdmmw,events/ZTF18acrdmmw.npz,SN Ia,SNI,core,25,11,14,True
ZTF18acrdwag,events/ZTF18acrdwag.npz,SN Ia,SNI,core,12,6,6,True
ZTF18acrdwcf,events/ZTF18acrdwcf.npz,SN Ia,SNI,core,6,2,4,False
ZTF18acrfklz,events/ZTF18acrfklz.npz,SN Ia,SNI,core,4,1,3,False
ZTF18acrflch,events/ZTF18acrflch.npz,SN II,SNII,core,18,8,10,True
ZTF18acrgunw,events/ZTF18acrgunw.npz,SN Ia,SNI,core,14,5,9,True
ZTF18acrhehl,events/ZTF18acrhehl.npz,SN II,SNII,core,8,0,8,False
ZTF18acrhfbk,events/ZTF18acrhfbk.npz,AGN,AGN,core,20,10,10,True
ZTF18acrknyn,events/ZTF18acrknyn.npz,SN Ia,SNI,core,33,10,23,True
ZTF18acrlmvt,events/ZTF18acrlmvt.npz,SN Ia,SNI,core,28,6,22,True
ZTF18acrncou,events/ZTF18acrncou.npz,SN Ia,SNI,core,21,7,14,True
ZTF18acrnfww,events/ZTF18acrnfww.npz,SN Ia,SNI,core,19,9,10,True
ZTF18acrtvmm,events/ZTF18acrtvmm.npz,SN II,SNII,core,27,10,17,True
ZTF18acrtwlx,events/ZTF18acrtwlx.npz,SN II,SNII,core,15,4,11,True
ZTF18acrtykk,events/ZTF18acrtykk.npz,SN Ia,SNI,core,18,6,12,True
ZTF18acruvgj,events/ZTF18acruvgj.npz,AGN,AGN,core,4,0,4,False
ZTF18acrvakb,events/ZTF18acrvakb.npz,SN Ia,SNI,core,15,6,9,True
ZTF18acrwheu,events/ZTF18acrwheu.npz,SN II,SNII,core,25,10,15,True
ZTF18acrxnfr,events/ZTF18acrxnfr.npz,CV,CV,core,19,15,4,True
ZTF18acrxnme,events/ZTF18acrxnme.npz,SN Ia,SNI,core,9,5,4,True
ZTF18acrxppd,events/ZTF18acrxppd.npz,SN Ia,SNI,core,19,11,8,True
ZTF18acrxpxd,events/ZTF18acrxpxd.npz,SN Ia,SNI,core,9,5,4,True
ZTF18acrxpzx,events/ZTF18acrxpzx.npz,SN II,SNII,core,14,9,5,True
ZTF18acrygfl,events/ZTF18acrygfl.npz,AGN,AGN,core,7,5,2,False
ZTF18acrygtk,events/ZTF18acrygtk.npz,SN II,SNII,core,8,3,5,True
ZTF18acsjdxo,events/ZTF18acsjdxo.npz,CV,CV,core,7,0,7,False
ZTF18acsjrbc,events/ZTF18acsjrbc.npz,SN Ic,SNI,core,24,4,20,True
ZTF18acsjzcl,events/ZTF18acsjzcl.npz,CV,CV,core,4,0,4,False
ZTF18acskxpn,events/ZTF18acskxpn.npz,SN Ia,SNI,core,5,0,5,False
ZTF18acslbve,events/ZTF18acslbve.npz,SN Ia,SNI,core,15,5,10,True
ZTF18acslhcq,events/ZTF18acslhcq.npz,SN Ia,SNI,core,7,0,7,False
ZTF18acslpba,events/ZTF18acslpba.npz,SN Ia,SNI,core,15,5,10,True
ZTF18acsofdh,events/ZTF18acsofdh.npz,SN Ia,SNI,core,13,5,8,True
ZTF18acsohut,events/ZTF18acsohut.npz,SN Ia,SNI,core,10,4,6,True
ZTF18acsouxk,events/ZTF18acsouxk.npz,SN Ia,SNI,core,14,4,10,True
ZTF18acsovsw,events/ZTF18acsovsw.npz,SN Ia,SNI,core,29,11,18,True
ZTF18acsoyiu,events/ZTF18acsoyiu.npz,SN Ia,SNI,core,7,2,5,False
ZTF18acspjqd,events/ZTF18acspjqd.npz,SN Ia,SNI,core,11,2,9,True
ZTF18acsqcug,events/ZTF18acsqcug.npz,SN Ia,SNI,core,1,0,1,False
ZTF18acsremz,events/ZTF18acsremz.npz,SN Ia,SNI,core,50,25,25,True
ZTF18acsucef,events/ZTF18acsucef.npz,SN Ia,SNI,core,1,0,1,False
ZTF18acsulmu,events/ZTF18acsulmu.npz,SN IIn,SNII,core,8,0,8,False
ZTF18acsvogv,events/ZTF18acsvogv.npz,CV,CV,core,12,7,5,True
ZTF18acsvycn,events/ZTF18acsvycn.npz,SN II,SNII,core,9,6,3,True
ZTF18acswkeb,events/ZTF18acswkeb.npz,CV,CV,core,2,1,1,False
ZTF18acswlfw,events/ZTF18acswlfw.npz,CV,CV,core,3,1,2,False
ZTF18acswtoq,events/ZTF18acswtoq.npz,SN Ia-91T,SNI,core,4,3,1,False
ZTF18acsxguy,events/ZTF18acsxguy.npz,CV,CV,core,3,1,2,False
ZTF18acsxpmp,events/ZTF18acsxpmp.npz,SN Ia,SNI,core,12,4,8,True
ZTF18acsxusq,events/ZTF18acsxusq.npz,SN Ia,SNI,core,10,2,8,True
ZTF18acsxvrp,events/ZTF18acsxvrp.npz,SN Ia,SNI,core,17,4,13,True
ZTF18acsyanq,events/ZTF18acsyanq.npz,SN Ia,SNI,core,16,8,8,True
ZTF18acsyaye,events/ZTF18acsyaye.npz,SN II,SNII,core,13,6,7,True
ZTF18acsycnc,events/ZTF18acsycnc.npz,SN Ia,SNI,core,4,0,4,False
ZTF18acsyzca,events/ZTF18acsyzca.npz,SN Ia,SNI,core,20,10,10,True
ZTF18acszaiy,events/ZTF18acszaiy.npz,SN II,SNII,core,22,13,9,True
ZTF18acszayr,events/ZTF18acszayr.npz,SN II,SNII,core,22,13,9,True
ZTF18acszuad,events/ZTF18acszuad.npz,SN Ia,SNI,core,16,6,10,True
ZTF18actacux,events/ZTF18actacux.npz,SN Ia,SNI,core,10,5,5,True
ZTF18actwrnh,events/ZTF18actwrnh.npz,CV,CV,core,1,1,0,False
ZTF18actxcuh,events/ZTF18actxcuh.npz,SN Ia,SNI,core,3,1,2,False
ZTF18actxxcx,events/ZTF18actxxcx.npz,SN Ia,SNI,core,6,3,3,False
ZTF18acuatde,events/ZTF18acuatde.npz,CV,CV,core,13,5,8,True
ZTF18acuavde,events/ZTF18acuavde.npz,AGN,AGN,core,4,4,0,False
ZTF18acuefvt,events/ZTF18acuefvt.npz,SN Ia,SNI,core,19,8,11,True
ZTF18acuepcb,events/ZTF18acuepcb.npz,AGN,AGN,core,19,12,7,True
ZTF18acufhuz,events/ZTF18acufhuz.npz,AGN,AGN,core,5,4,1,False
ZTF18acuimze,events/ZTF18acuimze.npz,SN Ia,SNI,core,16,7,9,True
ZTF18acuixmb,events/ZTF18acuixmb.npz,SN Ia,SNI,core,14,6,8,True
ZTF18acuqskr,events/ZTF18acuqskr.npz,SN II,SNII,core,17,7,10,True
ZTF18acurfxn,events/ZTF18acurfxn.npz,SN Ia,SNI,core,10,6,4,True
ZTF18acuring,events/ZTF18acuring.npz,SN II,SNII,core,18,7,11,True
ZTF18acurlbj,events/ZTF18acurlbj.npz,SN Ia,SNI,core,17,9,8,True
ZTF18acurlbt,events/ZTF18acurlbt.npz,SN Ia,SNI,core,14,8,6,True
ZTF18acurqaw,events/ZTF18acurqaw.npz,SN II,SNII,core,11,0,11,False
ZTF18acusbdy,events/ZTF18acusbdy.npz,SN Ia,SNI,core,17,6,11,True
ZTF18acusbyf,events/ZTF18acusbyf.npz,SN Ia,SNI,core,22,7,15,True
ZTF18acuscgc,events/ZTF18acuscgc.npz,SN Ia,SNI,core,15,6,9,True
ZTF18acuscrr,events/ZTF18acuscrr.npz,SN Ia,SNI,core,16,7,9,True
ZTF18acusegd,events/ZTF18acusegd.npz,SN Ia,SNI,core,56,20,36,True
ZTF18acusrws,events/ZTF18acusrws.npz,SN Ia,SNI,core,28,16,12,True
ZTF18acusueb,events/ZTF18acusueb.npz,SN Ia,SNI,core,6,2,4,False
ZTF18acutfne,events/ZTF18acutfne.npz,SN Ia,SNI,core,12,7,5,True
ZTF18acvbigh,events/ZTF18acvbigh.npz,AGN,AGN,core,5,5,0,False
ZTF18acvbpcv,events/ZTF18acvbpcv.npz,CV,CV,core,19,8,11,True
ZTF18acvcxnc,events/ZTF18acvcxnc.npz,SN Ia,SNI,core,6,3,3,False
ZTF18acvgjqv,events/ZTF18acvgjqv.npz,SN IIn,SNII,core,33,18,15,True
ZTF18acvgnil,events/ZTF18acvgnil.npz,AGN,AGN,core,13,9,4,True
ZTF18acvguyi,events/ZTF18acvguyi.npz,SN Ia,SNI,core,72,32,40,True
ZTF18acvgyst,events/ZTF18acvgyst.npz,SN II,SNII,core,25,12,13,True
ZTF18acvhqfj,events/ZTF18acvhqfj.npz,AGN,AGN,core,7,2,5,False
ZTF18acvilwk,events/ZTF18acvilwk.npz,SN II,SNII,core,29,15,14,True
ZTF18acvjhht,events/ZTF18acvjhht.npz,AGN,AGN,core,12,4,8,True
ZTF18acvjnst,events/ZTF18acvjnst.npz,SN Ia,SNI,core,20,14,6,True
ZTF18acvqeua,events/ZTF18acvqeua.npz,CV,CV,core,4,2,2,False
ZTF18acvrfvv,events/ZTF18acvrfvv.npz,SN Ia,SNI,core,19,9,10,True
ZTF18acvvslx,events/ZTF18acvvslx.npz,CV,CV,core,2,1,1,False
ZTF18acvwbos,events/ZTF18acvwbos.npz,SN Ia,SNI,core,51,23,28,True
ZTF18acvwchp,events/ZTF18acvwchp.npz,SN Ia,SNI,core,21,8,13,True
ZTF18acvwcig,events/ZTF18acvwcig.npz,SN Ia,SNI,core,10,3,7,True
ZTF18acvwdkk,events/ZTF18acvwdkk.npz,SN II,SNII,core,29,12,17,True
ZTF18acvweal,events/ZTF18acvweal.npz,SN Ia,SNI,core,12,5,7,True
ZTF18acvwhaz,events/ZTF18acvwhaz.npz,SN Ia,SNI,core,13,6,7,True
ZTF18acvwmpw,events/ZTF18acvwmpw.npz,SN Ia,SNI,core,34,15,19,True
ZTF18acwugwx,events/ZTF18acwugwx.npz,AGN,AGN,core,29,13,16,True
ZTF18acwutbr,events/ZTF18acwutbr.npz,SN Ia,SNI,core,29,11,18,True
ZTF18acwvdoo,events/ZTF18acwvdoo.npz,SN Ia-91T,SNI,core,7,4,3,False
ZTF18acwwkxt,events/ZTF18acwwkxt.npz,CV,CV,core,4,1,3,False
ZTF18acwwkyl,events/ZTF18acwwkyl.npz,AGN,AGN,core,19,10,9,True
ZTF18acwwonp,events/ZTF18acwwonp.npz,SN Ia,SNI,core,30,15,15,True
ZTF18acwwowy,events/ZTF18acwwowy.npz,SN Ia,SNI,core,20,9,11,True
ZTF18acwycwi,events/ZTF18acwycwi.npz,CV,CV,core,7,0,7,False
ZTF18acwyowc,events/ZTF18acwyowc.npz,SN Ia,SNI,core,19,9,10,True
ZTF18acwyqeg,events/ZTF18acwyqeg.npz,SN Ia,SNI,core,14,8,6,True
ZTF18acwyvet,events/ZTF18acwyvet.npz,SN IIL,SNII,core,37,20,17,True
ZTF18acwzxhr,events/ZTF18acwzxhr.npz,SN II,SNII,core,12,0,12,False
ZTF18acwzyor,events/ZTF18acwzyor.npz,SN IIn,SNII,core,36,18,18,True
ZTF18acxbksd,events/ZTF18acxbksd.npz,SN Ia,SNI,core,8,1,7,False
ZTF18acxcokz,events/ZTF18acxcokz.npz,AGN,AGN,core,20,6,14,True
ZTF18acxcttu,events/ZTF18acxcttu.npz,AGN,AGN,core,9,5,4,True
ZTF18acxgoki,events/ZTF18acxgoki.npz,SN Ic-BL,SNI,core,10,5,5,True
ZTF18acxgsyg,events/ZTF18acxgsyg.npz,CV,CV,core,2,1,1,False
ZTF18acxgwpj,events/ZTF18acxgwpj.npz,CV,CV,core,1,1,0,False
ZTF18acxhfkq,events/ZTF18acxhfkq.npz,CV,CV,core,1,1,0,False
ZTF18acxhvkv,events/ZTF18acxhvkv.npz,SN Ia,SNI,core,12,7,5,True
ZTF18acxhvzb,events/ZTF18acxhvzb.npz,AGN,AGN,core,22,12,10,True
ZTF18acxiffk,events/ZTF18acxiffk.npz,CV,CV,core,4,2,2,False
ZTF18acxijqw,events/ZTF18acxijqw.npz,SN Ia,SNI,core,13,6,7,True
ZTF18acxwtbe,events/ZTF18acxwtbe.npz,CV,CV,core,2,0,2,False
ZTF18acxwtyx,events/ZTF18acxwtyx.npz,SN Ia,SNI,core,8,4,4,True
ZTF18acxyarg,events/ZTF18acxyarg.npz,SN Ia,SNI,core,19,8,11,True
ZTF18acyaher,events/ZTF18acyaher.npz,SN Ia,SNI,core,1,1,0,False
ZTF18acyarki,events/ZTF18acyarki.npz,SN Ia,SNI,core,27,17,10,True
ZTF18acyawjf,events/ZTF18acyawjf.npz,SN Ia,SNI,core,11,4,7,True
ZTF18acybdar,events/ZTF18acybdar.npz,SN Ia,SNI,core,40,17,23,True
ZTF18acyctqi,events/ZTF18acyctqi.npz,SN Ia,SNI,core,16,8,8,True
ZTF18acydlux,events/ZTF18acydlux.npz,SN Ia-91T,SNI,core,1,1,0,False
ZTF18acynmcp,events/ZTF18acynmcp.npz,SN Ia,SNI,core,9,4,5,True
ZTF18acynoro,events/ZTF18acynoro.npz,SN Ia,SNI,core,3,0,3,False
ZTF18acyonld,events/ZTF18acyonld.npz,CV,CV,core,6,1,5,False
ZTF18acyybvg,events/ZTF18acyybvg.npz,SN IIP,SNII,core,56,27,29,True
ZTF18acyyhgi,events/ZTF18acyyhgi.npz,SN Ia,SNI,core,10,3,7,True
ZTF18aczbgpm,events/ZTF18aczbgpm.npz,SN Ia,SNI,core,9,7,2,True
ZTF18aczcumi,events/ZTF18aczcumi.npz,SN Ib,SNI,core,4,0,4,False
ZTF18aczdetm,events/ZTF18aczdetm.npz,SN Ia,SNI,core,49,25,24,True
ZTF18aczdtgn,events/ZTF18aczdtgn.npz,SN Ia-91T,SNI,core,12,6,6,True
ZTF18aczeesl,events/ZTF18aczeesl.npz,SN Ia,SNI,core,33,20,13,True
ZTF18aczemzj,events/ZTF18aczemzj.npz,SN Ia,SNI,core,17,9,8,True
ZTF18aczenvx,events/ZTF18aczenvx.npz,SN Ia,SNI,core,13,8,5,True
ZTF18aczergg,events/ZTF18aczergg.npz,AGN,AGN,core,11,7,4,True
ZTF18aczexlh,events/ZTF18aczexlh.npz,AGN,AGN,core,15,10,5,True
ZTF18aczfdlm,events/ZTF18aczfdlm.npz,CV,CV,core,2,1,1,False
ZTF18aczotxi,events/ZTF18aczotxi.npz,SN Ia,SNI,core,7,3,4,False
ZTF18aczpgmi,events/ZTF18aczpgmi.npz,SN Ia,SNI,core,6,4,2,False
ZTF18aczqtpt,events/ZTF18aczqtpt.npz,SN Ia,SNI,core,13,5,8,True
ZTF18aczqzrj,events/ZTF18aczqzrj.npz,SN Ic,SNI,core,17,8,9,True
ZTF18aczuooo,events/ZTF18aczuooo.npz,SN IIn,SNII,core,24,10,14,True
ZTF18aczuwxb,events/ZTF18aczuwxb.npz,SN Ia,SNI,core,22,12,10,True
ZTF18aczyagh,events/ZTF18aczyagh.npz,AGN,AGN,core,6,2,4,False
ZTF18aczygck,events/ZTF18aczygck.npz,CV,CV,core,4,2,2,False
ZTF18aczzrkn,events/ZTF18aczzrkn.npz,SN Ia,SNI,core,9,4,5,True
ZTF18adaadmh,events/ZTF18adaadmh.npz,SN Ia,SNI,core,12,7,5,True
ZTF18adachkc,events/ZTF18adachkc.npz,AGN,AGN,core,10,6,4,True
ZTF18adachwf,events/ZTF18adachwf.npz,SN II,SNII,core,18,7,11,True
ZTF18adacicy,events/ZTF18adacicy.npz,SN II,SNII,core,11,5,6,True
ZTF18adaifep,events/ZTF18adaifep.npz,SN Ia,SNI,core,19,10,9,True
ZTF18adaifgd,events/ZTF18adaifgd.npz,CV,CV,core,2,1,1,False
ZTF18adaifhl,events/ZTF18adaifhl.npz,CV,CV,core,4,2,2,False
ZTF18adaimlf,events/ZTF18adaimlf.npz,SN Ia,SNI,core,15,6,9,True
ZTF18adalarn,events/ZTF18adalarn.npz,SN Ia-pec,SNI,core,23,11,12,True
ZTF18adaldgc,events/ZTF18adaldgc.npz,AGN,AGN,core,13,7,6,True
ZTF18adalgmc,events/ZTF18adalgmc.npz,SN Ia,SNI,core,17,10,7,True
ZTF18adalhga,events/ZTF18adalhga.npz,SN II,SNII,core,7,2,5,False
ZTF18adalhzq,events/ZTF18adalhzq.npz,AGN,AGN,core,6,0,6,False
ZTF18adallcx,events/ZTF18adallcx.npz,AGN,AGN,core,15,10,5,True
ZTF18adaruzw,events/ZTF18adaruzw.npz,SN Ia,SNI,core,15,7,8,True
ZTF18adasisj,events/ZTF18adasisj.npz,SN Ic,SNI,core,24,13,11,True
ZTF18adaslwa,events/ZTF18adaslwa.npz,SN Ia,SNI,core,32,11,21,True
ZTF18adasopt,events/ZTF18adasopt.npz,SN Ia,SNI,core,21,8,13,True
ZTF18adathpb,events/ZTF18adathpb.npz,SN Ia,SNI,core,18,6,12,True
ZTF18adatosi,events/ZTF18adatosi.npz,SN Ia,SNI,core,12,4,8,True
ZTF18adaykvg,events/ZTF18adaykvg.npz,SN Ic,SNI,core,6,2,4,False
ZTF18adaylyq,events/ZTF18adaylyq.npz,SN Ia,SNI,core,14,6,8,True
ZTF18adayxxz,events/ZTF18adayxxz.npz,CV,CV,core,8,3,5,True
ZTF18adazblo,events/ZTF18adazblo.npz,SN II,SNII,core,24,8,16,True
ZTF18adazbol,events/ZTF18adazbol.npz,SN Ia,SNI,core,13,6,7,True
ZTF18adazgdh,events/ZTF18adazgdh.npz,SN Ia,SNI,core,31,10,21,True
ZTF18adbacau,events/ZTF18adbacau.npz,SN II,SNII,core,25,11,14,True
ZTF18adbacli,events/ZTF18adbacli.npz,AGN,AGN,core,8,6,2,True
ZTF18adbacqi,events/ZTF18adbacqi.npz,AGN,AGN,core,11,7,4,True
ZTF18adbadfz,events/ZTF18adbadfz.npz,SN II,SNII,core,13,5,8,True
ZTF18adbadic,events/ZTF18adbadic.npz,SN II,SNII,core,12,6,6,True
ZTF18adbadqp,events/ZTF18adbadqp.npz,SN Ia,SNI,core,13,7,6,True
ZTF18adbbhww,events/ZTF18adbbhww.npz,SN Ia,SNI,core,13,7,6,True
ZTF18adbckox,events/ZTF18adbckox.npz,SN Ia,SNI,core,17,7,10,True
ZTF18adbclkd,events/ZTF18adbclkd.npz,SN II,SNII,core,13,8,5,True
ZTF18adbcqwv,events/ZTF18adbcqwv.npz,CV,CV,core,32,19,13,True
ZTF18adbihlb,events/ZTF18adbihlb.npz,CV,CV,core,4,0,4,False
ZTF18adbikdz,events/ZTF18adbikdz.npz,SN II,SNII,core,27,17,10,True
ZTF18adbinya,events/ZTF18adbinya.npz,AGN,AGN,core,11,6,5,True
ZTF18adbmbpa,events/ZTF18adbmbpa.npz,SN II,SNII,core,7,5,2,False
ZTF18adbmiwf,events/ZTF18adbmiwf.npz,SN II,SNII,core,6,4,2,False
ZTF18adbmrug,events/ZTF18adbmrug.npz,SN IIn,SNII,core,24,14,10,True
ZTF18adbntwo,events/ZTF18adbntwo.npz,SN Ia,SNI,core,20,9,11,True
ZTF18adbyxua,events/ZTF18adbyxua.npz,SN Ia,SNI,core,23,14,9,True
ZTF18adcdcrd,events/ZTF18adcdcrd.npz,SN Ia,SNI,core,28,13,15,True
ZTF18adhzhfw,events/ZTF18adhzhfw.npz,CV,CV,core,12,6,6,True
ZTF18adiaqui,events/ZTF18adiaqui.npz,CV,CV,core,8,4,4,True
ZTF18adiqzzp,events/ZTF18adiqzzp.npz,AGN,AGN,core,34,18,16,True
ZTF18adjkwyk,events/ZTF18adjkwyk.npz,AGN,AGN,core,42,23,19,True
ZTF18adjoimi,events/ZTF18adjoimi.npz,AGN,AGN,core,11,6,5,True
ZTF18adlmpkc,events/ZTF18adlmpkc.npz,CV,CV,core,7,1,6,False
ZTF18adowxvg,events/ZTF18adowxvg.npz,SN IIP,SNII,core,1,0,1,False
ZTF18adpdhal,events/ZTF18adpdhal.npz,SN Ia,SNI,core,9,4,5,True
ZTF19aaabzpt,events/ZTF19aaabzpt.npz,SN II,SNII,core,4,1,3,False
ZTF19aaacdto,events/ZTF19aaacdto.npz,AGN,AGN,core,11,6,5,True
ZTF19aaafica,events/ZTF19aaafica.npz,SN Ia-91bg,SNI,core,9,5,4,True
ZTF19aaafqfi,events/ZTF19aaafqfi.npz,AGN,AGN,core,12,5,7,True
ZTF19aaagfme,events/ZTF19aaagfme.npz,SN Ia,SNI,core,1,0,1,False
ZTF19aaahoap,events/ZTF19aaahoap.npz,CV,CV,core,2,2,0,False
ZTF19aaaicmw,events/ZTF19aaaicmw.npz,AGN,AGN,core,27,15,12,True
ZTF19aaaiosa,events/ZTF19aaaiosa.npz,CV,CV,core,8,5,3,True
ZTF19aaairqh,events/ZTF19aaairqh.npz,SN Ia,SNI,core,30,10,20,True
ZTF19aaaiszg,events/ZTF19aaaiszg.npz,AGN,AGN,core,3,2,1,False
ZTF19aaaizjh,events/ZTF19aaaizjh.npz,CV,CV,core,1,1,0,False
ZTF19aaajarm,events/ZTF19aaajarm.npz,AGN,AGN,core,11,7,4,True
ZTF19aaaojck,events/ZTF19aaaojck.npz,SN Ia-91T,SNI,core,19,10,9,True
ZTF19aaaojkv,events/ZTF19aaaojkv.npz,CV,CV,core,4,2,2,False
ZTF19aaapnrt,events/ZTF19aaapnrt.npz,AGN,AGN,core,1,1,0,False
ZTF19aaarhtg,events/ZTF19aaarhtg.npz,SN Ia,SNI,core,22,8,14,True
ZTF19aabbnzo,events/ZTF19aabbnzo.npz,TDE,TDE,core,28,13,15,True
ZTF19aabfzin,events/ZTF19aabfzin.npz,AGN,AGN,core,2,2,0,False
ZTF19aabgncx,events/ZTF19aabgncx.npz,SN Ia,SNI,core,15,7,8,True
ZTF19aabhktg,events/ZTF19aabhktg.npz,CV,CV,core,2,1,1,False
ZTF19aabimbg,events/ZTF19aabimbg.npz,CV,CV,core,37,17,20,True
ZTF19aabmybj,events/ZTF19aabmybj.npz,SN Ia,SNI,core,20,8,12,True
ZTF19aabvfwn,events/ZTF19aabvfwn.npz,SN Ia,SNI,core,10,6,4,True
ZTF19aabyheu,events/ZTF19aabyheu.npz,SN Ia,SNI,core,36,18,18,True
ZTF19aabyoce,events/ZTF19aabyoce.npz,CV,CV,core,2,1,1,False
ZTF19aabyppp,events/ZTF19aabyppp.npz,SN Ia,SNI,core,35,17,18,True
ZTF19aabyuze,events/ZTF19aabyuze.npz,SN Ia,SNI,core,35,18,17,True
ZTF19aabyxhe,events/ZTF19aabyxhe.npz,AGN,AGN,core,5,4,1,False
ZTF19aacgslb,events/ZTF19aacgslb.npz,SN Ia,SNI,core,36,16,20,True
ZTF19aacijie,events/ZTF19aacijie.npz,SN Ia,SNI,core,10,7,3,True
ZTF19aacilht,events/ZTF19aacilht.npz,SN Ia,SNI,core,10,4,6,True
ZTF19aaciohh,events/ZTF19aaciohh.npz,AGN,AGN,core,55,34,21,True
ZTF19aacipwt,events/ZTF19aacipwt.npz,AGN,AGN,core,8,5,3,True
ZTF19aacivvy,events/ZTF19aacivvy.npz,SN Ia,SNI,core,53,27,26,True
ZTF19aacjbsj,events/ZTF19aacjbsj.npz,SN IIn,SNII,core,22,12,10,True
ZTF19aacnxvc,events/ZTF19aacnxvc.npz,SN II,SNII,core,1,1,0,False
ZTF19aacomym,events/ZTF19aacomym.npz,AGN,AGN,core,4,2,2,False
ZTF19aacwjfb,events/ZTF19aacwjfb.npz,AGN,AGN,core,26,17,9,True
ZTF19aacwljg,events/ZTF19aacwljg.npz,SN Ia,SNI,core,18,7,11,True
ZTF19aacxrzt,events/ZTF19aacxrzt.npz,SN Ia,SNI,core,10,2,8,True
ZTF19aadaszg,events/ZTF19aadaszg.npz,SN Ia,SNI,core,1,1,0,False
ZTF19aademoc,events/ZTF19aademoc.npz,AGN,AGN,core,23,12,11,True
ZTF19aadfumv,events/ZTF19aadfumv.npz,AGN,AGN,core,7,4,3,False
ZTF19aadgftj,events/ZTF19aadgftj.npz,SN Ia-91T,SNI,core,11,5,6,True
ZTF19aadggnt,events/ZTF19aadggnt.npz,AGN,AGN,core,15,8,7,True
ZTF19aadgimr,events/ZTF19aadgimr.npz,SN IIn,SNII,core,37,18,19,True
ZTF19aadkzep,events/ZTF19aadkzep.npz,AGN,AGN,core,7,5,2,False
ZTF19aadmjtn,events/ZTF19aadmjtn.npz,SN Ia,SNI,core,15,8,7,True
ZTF19aadnhdo,events/ZTF19aadnhdo.npz,SN Ic,SNI,core,9,4,5,True
ZTF19aadnmgf,events/ZTF19aadnmgf.npz,SN Ia,SNI,core,18,6,12,True
ZTF19aadnsqj,events/ZTF19aadnsqj.npz,SN IIb,SNII,core,3,2,1,False
ZTF19aadnwvc,events/ZTF19aadnwvc.npz,SN Ia,SNI,core,12,8,4,True
ZTF19aadnxat,events/ZTF19aadnxat.npz,SN Ia,SNI,core,27,14,13,True
ZTF19aadnxcw,events/ZTF19aadnxcw.npz,SN Ia,SNI,core,20,9,11,True
ZTF19aadnxgj,events/ZTF19aadnxgj.npz,SN Ia,SNI,core,13,8,5,True
ZTF19aadnxnl,events/ZTF19aadnxnl.npz,SN IIP,SNII,core,42,18,24,True
ZTF19aadnxog,events/ZTF19aadnxog.npz,SN IIP,SNII,core,47,19,28,True
ZTF19aadolpe,events/ZTF19aadolpe.npz,SN Ia,SNI,core,34,13,21,True
ZTF19aadoocn,events/ZTF19aadoocn.npz,SN Ia,SNI,core,18,8,10,True
ZTF19aadooun,events/ZTF19aadooun.npz,SN Ia,SNI,core,37,14,23,True
ZTF19aadpdqm,events/ZTF19aadpdqm.npz,SN Ia,SNI,core,3,2,1,False
ZTF19aadpoik,events/ZTF19aadpoik.npz,SN IIb,SNII,core,3,3,0,False
ZTF19aadpqnb,events/ZTF19aadpqnb.npz,SN IIb,SNII,core,7,7,0,False
ZTF19aadpxek,events/ZTF19aadpxek.npz,CV,CV,core,8,4,4,True
ZTF19aadsyop,events/ZTF19aadsyop.npz,SN Ia,SNI,core,7,1,6,False
ZTF19aadtgxw,events/ZTF19aadtgxw.npz,SN Ia,SNI,core,13,5,8,True
ZTF19aadtqcd,events/ZTF19aadtqcd.npz,SN II,SNII,core,14,4,10,True
ZTF19aadttht,events/ZTF19aadttht.npz,SN Ic,SNI,core,22,10,12,True
ZTF19aadufor,events/ZTF19aadufor.npz,CV,CV,core,1,1,0,False
ZTF19aaduufr,events/ZTF19aaduufr.npz,SN IIP,SNII,core,29,13,16,True
ZTF19aadwtoe,events/ZTF19aadwtoe.npz,SN Ic,SNI,core,18,4,14,True
ZTF19aadyiao,events/ZTF19aadyiao.npz,SN IIb,SNII,core,17,7,10,True
ZTF19aadyijk,events/ZTF19aadyijk.npz,SN Ia,SNI,core,19,7,12,True
ZTF19aadyioa,events/ZTF19aadyioa.npz,SN Ia,SNI,core,13,5,8,True
ZTF19aadyoqz,events/ZTF19aadyoqz.npz,SN Ia,SNI,core,11,7,4,True
ZTF19aadypig,events/ZTF19aadypig.npz,SN II,SNII,core,25,11,14,True
ZTF19aaeflme,events/ZTF19aaeflme.npz,SN Ia,SNI,core,14,7,7,True
ZTF19aaefsad,events/ZTF19aaefsad.npz,AGN,AGN,core,7,3,4,False
ZTF19aaeftfc,events/ZTF19aaeftfc.npz,CV,CV,core,7,3,4,False
ZTF19aaefxwq,events/ZTF19aaefxwq.npz,SN Ia,SNI,core,5,2,3,False
ZTF19aaeicsm,events/ZTF19aaeicsm.npz,SN Ia,SNI,core,16,6,10,True
ZTF19aaejtof,events/ZTF19aaejtof.npz,SN IIb,SNII,core,16,7,9,True
ZTF19aaekvhn,events/ZTF19aaekvhn.npz,SN Ia,SNI,core,12,6,6,True
ZTF19aaeopqn,events/ZTF19aaeopqn.npz,SN Ia,SNI,core,16,6,10,True
ZTF19aaeoqkk,events/ZTF19aaeoqkk.npz,SN Ia,SNI,core,28,10,18,True
ZTF19aaeoqqj,events/ZTF19aaeoqqj.npz,SN IIb,SNII,core,4,1,3,False
ZTF19aaerbzy,events/ZTF19aaerbzy.npz,SN IIn,SNII,core,9,4,5,True
ZTF19aaerfxo,events/ZTF19aaerfxo.npz,CV,CV,core,1,0,1,False
ZTF19aaeuhgo,events/ZTF19aaeuhgo.npz,SN II,SNII,core,5,5,0,False
ZTF19aaezale,events/ZTF19aaezale.npz,SN IIn,SNII,core,44,19,25,True
ZTF19aaezwmr,events/ZTF19aaezwmr.npz,SN Ia,SNI,core,10,3,7,True
ZTF19aafcgif,events/ZTF19aafcgif.npz,AGN,AGN,core,12,6,6,True
ZTF19aaflcgn,events/ZTF19aaflcgn.npz,AGN,AGN,core,3,0,3,False
ZTF19aaflhah,events/ZTF19aaflhah.npz,AGN,AGN,core,13,4,9,True
ZTF19aafltef,events/ZTF19aafltef.npz,AGN,AGN,core,29,17,12,True
ZTF19aafmfxg,events/ZTF19aafmfxg.npz,SN Ia-91T,SNI,core,26,16,10,True
ZTF19aafmhcl,events/ZTF19aafmhcl.npz,SN Ia,SNI,core,14,5,9,True
ZTF19aafmvdb,events/ZTF19aafmvdb.npz,SN Ia,SNI,core,26,13,13,True
ZTF19aafmwcu,events/ZTF19aafmwcu.npz,AGN,AGN,core,4,3,1,False
ZTF19aafmwfc,events/ZTF19aafmwfc.npz,SN Ia,SNI,core,7,2,5,False
ZTF19aafmwhv,events/ZTF19aafmwhv.npz,SN Ia,SNI,core,10,6,4,True
ZTF19aafmyow,events/ZTF19aafmyow.npz,SN Ic,SNI,core,33,12,21,True
ZTF19aafncsv,events/ZTF19aafncsv.npz,SN Ia,SNI,core,16,8,8,True
ZTF19aafndot,events/ZTF19aafndot.npz,SN IIP,SNII,core,20,11,9,True
ZTF19aafnecv,events/ZTF19aafnecv.npz,SN Ia,SNI,core,22,13,9,True
ZTF19aafnend,events/ZTF19aafnend.npz,SN IIP,SNII,core,12,10,2,True
ZTF19aafnfyc,events/ZTF19aafnfyc.npz,SN Ia,SNI,core,12,6,6,True
ZTF19aafwrhf,events/ZTF19aafwrhf.npz,SN Ia,SNI,core,15,4,11,True
ZTF19aagkfvq,events/ZTF19aagkfvq.npz,SN Ia,SNI,core,11,5,6,True
ZTF19aagmpeq,events/ZTF19aagmpeq.npz,SN Ia,SNI,core,7,7,0,False
ZTF19aagmsrr,events/ZTF19aagmsrr.npz,SN Ia,SNI,core,43,19,24,True
ZTF19aagmwbi,events/ZTF19aagmwbi.npz,AGN,AGN,core,3,0,3,False
ZTF19aagnhug,events/ZTF19aagnhug.npz,AGN,AGN,core,12,5,7,True
ZTF19aagzanb,events/ZTF19aagzanb.npz,AGN,AGN,core,1,1,0,False
ZTF19aahjhoy,events/ZTF19aahjhoy.npz,SN Ia,SNI,core,8,5,3,True
ZTF19aahsclk,events/ZTF19aahsclk.npz,SN Ia,SNI,core,5,2,3,False
ZTF19aahsgka,events/ZTF19aahsgka.npz,SN Ia,SNI,core,23,15,8,True
ZTF19aahsnmq,events/ZTF19aahsnmq.npz,SN Ia,SNI,core,22,9,13,True
ZTF19aahuian,events/ZTF19aahuian.npz,SN Ia,SNI,core,7,2,5,False
ZTF19aahulyd,events/ZTF19aahulyd.npz,SN Ia,SNI,core,17,5,12,True
ZTF19aahygro,events/ZTF19aahygro.npz,SN Ia,SNI,core,16,5,11,True
ZTF19aailcgs,events/ZTF19aailcgs.npz,SN Ic,SNI,core,34,14,20,True
ZTF19aailepg,events/ZTF19aailepg.npz,SN II,SNII,core,52,26,26,True
ZTF19aaileug,events/ZTF19aaileug.npz,SN Ia,SNI,core,29,14,15,True
ZTF19aailexm,events/ZTF19aailexm.npz,SN Ia,SNI,core,6,5,1,False
ZTF19aaillan,events/ZTF19aaillan.npz,SN Ia,SNI,core,35,15,20,True
ZTF19aailltc,events/ZTF19aailltc.npz,SN Ia,SNI,core,66,33,33,True
ZTF19aailmfm,events/ZTF19aailmfm.npz,SN Ia,SNI,core,9,5,4,True
ZTF19aailpwl,events/ZTF19aailpwl.npz,AGN,AGN,core,46,18,28,True
ZTF19aailqir,events/ZTF19aailqir.npz,SN Ia,SNI,core,11,4,7,True
ZTF19aailqli,events/ZTF19aailqli.npz,SN Ia,SNI,core,23,10,13,True
ZTF19aailsfh,events/ZTF19aailsfh.npz,SN Ia,SNI,core,13,6,7,True
ZTF19aailsge,events/ZTF19aailsge.npz,SN Ib,SNI,core,16,6,10,True
ZTF19aailteb,events/ZTF19aailteb.npz,SN Ia,SNI,core,12,5,7,True
ZTF19aailtfn,events/ZTF19aailtfn.npz,AGN,AGN,core,7,3,4,False
ZTF19aailuvj,events/ZTF19aailuvj.npz,SN Ia,SNI,core,18,8,10,True
ZTF19aailvgo,events/ZTF19aailvgo.npz,SN Ia,SNI,core,13,5,8,True
ZTF19aailvhf,events/ZTF19aailvhf.npz,SN II,SNII,core,21,10,11,True
ZTF19aaingkb,events/ZTF19aaingkb.npz,AGN,AGN,core,2,1,1,False
ZTF19aainjpz,events/ZTF19aainjpz.npz,SN Ia,SNI,core,11,6,5,True
ZTF19aainjqn,events/ZTF19aainjqn.npz,SN Ia,SNI,core,6,3,3,False
ZTF19aaiohcc,events/ZTF19aaiohcc.npz,AGN,AGN,core,4,0,4,False
ZTF19aaippyv,events/ZTF19aaippyv.npz,AGN,AGN,core,10,4,6,True
ZTF19aaipqls,events/ZTF19aaipqls.npz,AGN,AGN,core,13,4,9,True
ZTF19aajwdqt,events/ZTF19aajwdqt.npz,SN Ia,SNI,core,17,7,10,True
ZTF19aajwdux,events/ZTF19aajwdux.npz,SN Ia,SNI,core,6,4,2,False
ZTF19aajwhbc,events/ZTF19aajwhbc.npz,SN Ia,SNI,core,5,2,3,False
ZTF19aajwhse,events/ZTF19aajwhse.npz,SN Ia,SNI,core,21,11,10,True
ZTF19aajwjwq,events/ZTF19aajwjwq.npz,SN Ia,SNI,core,9,2,7,True
ZTF19aajwkbb,events/ZTF19aajwkbb.npz,SN II,SNII,core,11,0,11,False
ZTF19aajwlap,events/ZTF19aajwlap.npz,AGN,AGN,core,30,16,14,True
ZTF19aajwtkb,events/ZTF19aajwtkb.npz,AGN,AGN,core,4,0,4,False
ZTF19aajxhwa,events/ZTF19aajxhwa.npz,SN Ia,SNI,core,22,11,11,True
ZTF19aajxwnz,events/ZTF19aajxwnz.npz,SN Ia,SNI,core,53,29,24,True
ZTF19aakirwj,events/ZTF19aakirwj.npz,SN Ib,SNI,core,26,12,14,True
ZTF19aakisjl,events/ZTF19aakisjl.npz,SN Ia,SNI,core,6,2,4,False
ZTF19aakisqk,events/ZTF19aakisqk.npz,SN Ia,SNI,core,4,1,3,False
ZTF19aakiwxx,events/ZTF19aakiwxx.npz,SN Ia,SNI,core,34,15,19,True
ZTF19aakiyed,events/ZTF19aakiyed.npz,SN II,SNII,core,40,17,23,True
ZTF19aakiygv,events/ZTF19aakiygv.npz,CV,CV,core,2,1,1,False
ZTF19aakiyly,events/ZTF19aakiyly.npz,SN Ia,SNI,core,21,7,14,True
ZTF19aakizps,events/ZTF19aakizps.npz,SN Ia,SNI,core,6,3,3,False
ZTF19aakjbej,events/ZTF19aakjbej.npz,SN Ia,SNI,core,10,5,5,True
ZTF19aakjcxs,events/ZTF19aakjcxs.npz,SN II,SNII,core,11,6,5,True
ZTF19aakjesi,events/ZTF19aakjesi.npz,SN Ia,SNI,core,25,13,12,True
ZTF19aakjfaz,events/ZTF19aakjfaz.npz,SN Ia,SNI,core,4,2,2,False
ZTF19aakkrqu,events/ZTF19aakkrqu.npz,SN II,SNII,core,7,3,4,False
ZTF19aakkths,events/ZTF19aakkths.npz,SN IIb,SNII,core,5,3,2,False
ZTF19aakkwpi,events/ZTF19aakkwpi.npz,SN II,SNII,core,6,3,3,False
ZTF19aaklbok,events/ZTF19aaklbok.npz,SN Ia,SNI,core,8,3,5,True
ZTF19aaklfkk,events/ZTF19aaklfkk.npz,CV,CV,core,1,1,0,False
ZTF19aakljys,events/ZTF19aakljys.npz,SN Ia,SNI,core,16,8,8,True
ZTF19aaklqod,events/ZTF19aaklqod.npz,SN Ia,SNI,core,1,0,1,False
ZTF19aaklquv,events/ZTF19aaklquv.npz,SN Ia,SNI,core,23,8,15,True
ZTF19aakluwr,events/ZTF19aakluwr.npz,SN Ia,SNI,core,6,2,4,False
ZTF19aaklvyh,events/ZTF19aaklvyh.npz,CV,CV,core,3,1,2,False
ZTF19aaknacv,events/ZTF19aaknacv.npz,SN Ia-91T,SNI,core,22,10,12,True
ZTF19aaknate,events/ZTF19aaknate.npz,SN IIb,SNII,core,31,16,15,True
ZTF19aaknemm,events/ZTF19aaknemm.npz,SN Ia,SNI,core,8,4,4,True
ZTF19aaknign,events/ZTF19aaknign.npz,SN Ia,SNI,core,11,4,7,True
ZTF19aaknvlv,events/ZTF19aaknvlv.npz,SN Ia,SNI,core,9,6,3,True
ZTF19aaknvuh,events/ZTF19aaknvuh.npz,SN Ia,SNI,core,47,20,27,True
ZTF19aakoasy,events/ZTF19aakoasy.npz,SN Ia,SNI,core,28,14,14,True
ZTF19aakobov,events/ZTF19aakobov.npz,SN Ia-91T,SNI,core,20,9,11,True
ZTF19aakocxy,events/ZTF19aakocxy.npz,SN Ia,SNI,core,2,2,0,False
ZTF19aakoese,events/ZTF19aakoese.npz,SN Ia,SNI,core,8,3,5,True
ZTF19aakozyp,events/ZTF19aakozyp.npz,SN Ia,SNI,core,30,13,17,True
ZTF19aakpccq,events/ZTF19aakpccq.npz,SN II,SNII,core,17,5,12,True
ZTF19aakpcfi,events/ZTF19aakpcfi.npz,SN Ia,SNI,core,23,12,11,True
ZTF19aakpcfy,events/ZTF19aakpcfy.npz,SN Ia,SNI,core,25,12,13,True
ZTF19aakpcuw,events/ZTF19aakpcuw.npz,SN Ic,SNI,core,23,11,12,True
ZTF19aakpfax,events/ZTF19aakpfax.npz,SN Ia,SNI,core,20,8,12,True
ZTF19aakpkto,events/ZTF19aakpkto.npz,CV,CV,core,2,1,1,False
ZTF19aakpmoy,events/ZTF19aakpmoy.npz,SN Ia,SNI,core,2,1,1,False
ZTF19aakpmqg,events/ZTF19aakpmqg.npz,SN II,SNII,core,3,2,1,False
ZTF19aakpmry,events/ZTF19aakpmry.npz,SN Ia,SNI,core,2,1,1,False
ZTF19aakppnj,events/ZTF19aakppnj.npz,SN Ia,SNI,core,9,5,4,True
ZTF19aakptvj,events/ZTF19aakptvj.npz,CV,CV,core,3,1,2,False
ZTF19aakrawk,events/ZTF19aakrawk.npz,SN Ia,SNI,core,16,6,10,True
ZTF19aakrhzj,events/ZTF19aakrhzj.npz,SN Ia,SNI,core,13,6,7,True
ZTF19aakrnqh,events/ZTF19aakrnqh.npz,SN Ia,SNI,core,7,0,7,False
ZTF19aakrsuo,events/ZTF19aakrsuo.npz,SN II,SNII,core,20,8,12,True
ZTF19aaksqsz,events/ZTF19aaksqsz.npz,SN Ia,SNI,core,5,2,3,False
ZTF19aaksrgj,events/ZTF19aaksrgj.npz,SN Ia,SNI,core,26,11,15,True
ZTF19aaksrlb,events/ZTF19aaksrlb.npz,SN Ia,SNI,core,24,11,13,True
ZTF19aakssnv,events/ZTF19aakssnv.npz,SN II,SNII,core,59,26,33,True
ZTF19aakswrb,events/ZTF19aakswrb.npz,TDE,TDE,core,25,14,11,True
ZTF19aakswwb,events/ZTF19aakswwb.npz,AGN,AGN,core,17,9,8,True
ZTF19aaksxgp,events/ZTF19aaksxgp.npz,SN IIn,SNII,core,22,14,8,True
ZTF19aaktdid,events/ZTF19aaktdid.npz,SN Ia,SNI,core,6,4,2,False
ZTF19aakthjl,events/ZTF19aakthjl.npz,SN Ia,SNI,core,18,9,9,True
ZTF19aaktorq,events/ZTF19aaktorq.npz,AGN,AGN,core,22,11,11,True
ZTF19aaktpns,events/ZTF19aaktpns.npz,SN Ia-pec,SNI,core,14,7,7,True
ZTF19aakwifv,events/ZTF19aakwifv.npz,SN Ia,SNI,core,3,2,1,False
ZTF19aakxogv,events/ZTF19aakxogv.npz,AGN,AGN,core,11,5,6,True
ZTF19aakxwqu,events/ZTF19aakxwqu.npz,SN Ia,SNI,core,5,0,5,False
ZTF19aakykjl,events/ZTF19aakykjl.npz,SN Ia,SNI,core,6,0,6,False
ZTF19aakyofv,events/ZTF19aakyofv.npz,CV,CV,core,3,0,3,False
ZTF19aakyqhj,events/ZTF19aakyqhj.npz,CV,CV,core,3,0,3,False
ZTF19aakyxsq,events/ZTF19aakyxsq.npz,SN Ia,SNI,core,21,6,15,True
ZTF19aakzash,events/ZTF19aakzash.npz,SN II,SNII,core,34,13,21,True
ZTF19aakzwao,events/ZTF19aakzwao.npz,SN Ia,SNI,core,45,18,27,True
ZTF19aalafip,events/ZTF19aalafip.npz,SN Ia,SNI,core,16,3,13,True
ZTF19aalahqa,events/ZTF19aalahqa.npz,SN Ib,SNI,core,11,3,8,True
ZTF19aalaxsa,events/ZTF19aalaxsa.npz,SN Ia,SNI,core,3,3,0,False
ZTF19aalbaff,events/ZTF19aalbaff.npz,AGN,AGN,core,4,2,2,False
ZTF19aalckuo,events/ZTF19aalckuo.npz,SN Ia,SNI,core,9,3,6,True
ZTF19aalcwjt,events/ZTF19aalcwjt.npz,SN Ia,SNI,core,13,5,8,True
ZTF19aalcyfd,events/ZTF19aalcyfd.npz,SN Ia,SNI,core,28,14,14,True
ZTF19aaldqvh,events/ZTF19aaldqvh.npz,SN Ia,SNI,core,17,8,9,True
ZTF19aalemmz,events/ZTF19aalemmz.npz,SN Ia,SNI,core,11,6,5,True
ZTF19aaleptm,events/ZTF19aaleptm.npz,SN Ia,SNI,core,22,11,11,True
ZTF19aalfjvu,events/ZTF19aalfjvu.npz,AGN,AGN,core,1,1,0,False
ZTF19aalfsqm,events/ZTF19aalfsqm.npz,SN Ic,SNI,core,5,0,5,False
ZTF19aalfxyi,events/ZTF19aalfxyi.npz,SN Ia,SNI,core,3,1,2,False
ZTF19aaljcsu,events/ZTF19aaljcsu.npz,SN Ia,SNI,core,8,4,4,True
ZTF19aaljeup,events/ZTF19aaljeup.npz,SN Ia,SNI,core,10,6,4,True
ZTF19aallimd,events/ZTF19aallimd.npz,SN II,SNII,core,16,5,11,True
ZTF19aallvor,events/ZTF19aallvor.npz,SN Ia,SNI,core,11,5,6,True
ZTF19aaloqmd,events/ZTF19aaloqmd.npz,SN II,SNII,core,43,15,28,True
ZTF19aalouag,events/ZTF19aalouag.npz,SN Ib,SNI,core,42,24,18,True
ZTF19aalpoff,events/ZTF19aalpoff.npz,SN Ia,SNI,core,1,1,0,False
ZTF19aalrtfm,events/ZTF19aalrtfm.npz,SN Ia,SNI,core,2,1,1,False
ZTF19aalsnbp,events/ZTF19aalsnbp.npz,SN II,SNII,core,38,15,23,True
ZTF19aalubxw,events/ZTF19aalubxw.npz,SN II,SNII,core,17,9,8,True
ZTF19aaluprf,events/ZTF19aaluprf.npz,SN Ia,SNI,core,13,6,7,True
ZTF19aalvaxt,events/ZTF19aalvaxt.npz,SN Ia,SNI,core,50,26,24,True
ZTF19aalveag,events/ZTF19aalveag.npz,SN Ia,SNI,core,18,8,10,True
ZTF19aalwegb,events/ZTF19aalwegb.npz,SN Ia,SNI,core,6,3,3,False
ZTF19aalwfly,events/ZTF19aalwfly.npz,CV,CV,core,2,1,1,False
ZTF19aalxcyo,events/ZTF19aalxcyo.npz,SN Ia,SNI,core,11,3,8,True
ZTF19aalxlpp,events/ZTF19aalxlpp.npz,SN Ia,SNI,core,13,8,5,True
ZTF19aalxsfe,events/ZTF19aalxsfe.npz,AGN,AGN,core,8,4,4,True
ZTF19aalyecr,events/ZTF19aalyecr.npz,SN Ia,SNI,core,3,3,0,False
ZTF19aalyleg,events/ZTF19aalyleg.npz,SN Ia,SNI,core,7,4,3,False
ZTF19aalzdfg,events/ZTF19aalzdfg.npz,AGN,AGN,core,11,10,1,False
ZTF19aalzgdr,events/ZTF19aalzgdr.npz,SN Ia-91T,SNI,core,4,2,2,False
ZTF19aalzmio,events/ZTF19aalzmio.npz,SN Ia,SNI,core,32,12,20,True
ZTF19aalzmiu,events/ZTF19aalzmiu.npz,SN Ia,SNI,core,23,10,13,True
ZTF19aalzmmt,events/ZTF19aalzmmt.npz,SN Ia-91T,SNI,core,19,10,9,True
ZTF19aalzrrz,events/ZTF19aalzrrz.npz,SN Ia,SNI,core,26,11,15,True
ZTF19aalztms,events/ZTF19aalztms.npz,SN II,SNII,core,14,6,8,True
ZTF19aamaeve,events/ZTF19aamaeve.npz,SN Ia,SNI,core,16,6,10,True
ZTF19aambfxc,events/ZTF19aambfxc.npz,SN Ia,SNI,core,27,8,19,True
ZTF19aambixl,events/ZTF19aambixl.npz,SN Ia,SNI,core,6,1,5,False
ZTF19aambzqh,events/ZTF19aambzqh.npz,SN Ia,SNI,core,6,3,3,False
ZTF19aamftfu,events/ZTF19aamftfu.npz,SN IIP,SNII,core,6,4,2,False
ZTF19aamfupg,events/ZTF19aamfupg.npz,CV,CV,core,8,5,3,True
ZTF19aamfupk,events/ZTF19aamfupk.npz,SN Ib,SNI,core,3,1,2,False
ZTF19aamfxby,events/ZTF19aamfxby.npz,SN Ia-91T,SNI,core,37,19,18,True
ZTF19aamgeup,events/ZTF19aamgeup.npz,CV,CV,core,5,3,2,False
ZTF19aamgghn,events/ZTF19aamgghn.npz,SN Ib,SNI,core,24,10,14,True
ZTF19aamggmk,events/ZTF19aamggmk.npz,SN II,SNII,core,14,4,10,True
ZTF19aamggnw,events/ZTF19aamggnw.npz,SN II,SNII,core,27,11,16,True
ZTF19aamggua,events/ZTF19aamggua.npz,SN Ia,SNI,core,11,4,7,True
ZTF19aamgjtz,events/ZTF19aamgjtz.npz,SN Ia,SNI,core,19,8,11,True
ZTF19aamgokq,events/ZTF19aamgokq.npz,SN Ia,SNI,core,16,8,8,True
ZTF19aamgttu,events/ZTF19aamgttu.npz,SN Ia,SNI,core,19,8,11,True
ZTF19aamgypy,events/ZTF19aamgypy.npz,SN Ia-91T,SNI,core,32,16,16,True
ZTF19aamhgwm,events/ZTF19aamhgwm.npz,SN II,SNII,core,40,18,22,True
ZTF19aamhhae,events/ZTF19aamhhae.npz,SN Ia,SNI,core,38,18,20,True
ZTF19aamhhey,events/ZTF19aamhhey.npz,SN Ia,SNI,core,37,17,20,True
ZTF19aamhhgu,events/ZTF19aamhhgu.npz,SN Ia,SNI,core,23,11,12,True
ZTF19aamhhyo,events/ZTF19aamhhyo.npz,SN Ia,SNI,core,33,15,18,True
ZTF19aamhjlk,events/ZTF19aamhjlk.npz,SN Ia,SNI,core,36,15,21,True
ZTF19aamhlnl,events/ZTF19aamhlnl.npz,SN Ia,SNI,core,15,6,9,True
ZTF19aamhmsx,events/ZTF19aamhmsx.npz,SN II,SNII,core,34,15,19,True
ZTF19aamhqej,events/ZTF19aamhqej.npz,SN Ia,SNI,core,45,23,22,True
ZTF19aamhqow,events/ZTF19aamhqow.npz,SN Ia,SNI,core,17,7,10,True
ZTF19aamiwwa,events/ZTF19aamiwwa.npz,AGN,AGN,core,2,2,0,False
ZTF19aamjjcx,events/ZTF19aamjjcx.npz,AGN,AGN,core,2,2,0,False
ZTF19aamjvie,events/ZTF19aamjvie.npz,SN Ia,SNI,core,60,30,30,True
ZTF19aamkdtq,events/ZTF19aamkdtq.npz,SN Ia,SNI,core,30,12,18,True
ZTF19aamkfvy,events/ZTF19aamkfvy.npz,SN II,SNII,core,50,24,26,True
ZTF19aamkfxb,events/ZTF19aamkfxb.npz,SN Ia,SNI,core,24,12,12,True
ZTF19aamkmxv,events/ZTF19aamkmxv.npz,SN IIn,SNII,core,33,15,18,True
ZTF19aamkywr,events/ZTF19aamkywr.npz,SN Ia,SNI,core,16,8,8,True
ZTF19aamljom,events/ZTF19aamljom.npz,SN II,SNII,core,38,14,24,True
ZTF19aammewd,events/ZTF19aammewd.npz,SN Ia,SNI,core,3,1,2,False
ZTF19aamnvaq,events/ZTF19aamnvaq.npz,CV,CV,core,4,2,2,False
ZTF19aamoidt,events/ZTF19aamoidt.npz,SN Ia,SNI,core,3,3,0,False
ZTF19aamooex,events/ZTF19aamooex.npz,SN Ia,SNI,core,15,6,9,True
ZTF19aamoqxy,events/ZTF19aamoqxy.npz,SN Ia,SNI,core,10,5,5,True
ZTF19aamowaf,events/ZTF19aamowaf.npz,SN II,SNII,core,23,11,12,True
ZTF19aampokl,events/ZTF19aampokl.npz,CV,CV,core,8,5,3,True
ZTF19aampqcq,events/ZTF19aampqcq.npz,SN Ia,SNI,core,20,13,7,True
ZTF19aampyum,events/ZTF19aampyum.npz,SN Ia,SNI,core,6,0,6,False
ZTF19aamqebl,events/ZTF19aamqebl.npz,SN Ia,SNI,core,32,11,21,True
ZTF19aamqfxq,events/ZTF19aamqfxq.npz,SN Ia,SNI,core,61,30,31,True
ZTF19aamqlah,events/ZTF19aamqlah.npz,CV,CV,core,2,1,1,False
ZTF19aamqlxu,events/ZTF19aamqlxu.npz,SN Ia,SNI,core,6,0,6,False
ZTF19aamqlyl,events/ZTF19aamqlyl.npz,SN Ia,SNI,core,20,8,12,True
ZTF19aamrdmm,events/ZTF19aamrdmm.npz,SN Ia,SNI,core,26,11,15,True
ZTF19aamsetj,events/ZTF19aamsetj.npz,SN Ic,SNI,core,26,11,15,True
ZTF19aamsnhu,events/ZTF19aamsnhu.npz,SN Ia,SNI,core,15,8,7,True
ZTF19aamsoze,events/ZTF19aamsoze.npz,AGN,AGN,core,20,8,12,True
ZTF19aamtdws,events/ZTF19aamtdws.npz,CV,CV,core,3,2,1,False
ZTF19aamtima,events/ZTF19aamtima.npz,SN Ia,SNI,core,2,1,1,False
ZTF19aamtwiz,events/ZTF19aamtwiz.npz,SN II,SNII,core,42,15,27,True
ZTF19aamtwwv,events/ZTF19aamtwwv.npz,SN Ia,SNI,core,16,7,9,True
ZTF19aamvape,events/ZTF19aamvape.npz,SN II,SNII,core,62,29,33,True
ZTF19aamvfmx,events/ZTF19aamvfmx.npz,CV,CV,core,12,5,7,True
ZTF19aamvmer,events/ZTF19aamvmer.npz,SN Ia,SNI,core,26,8,18,True
ZTF19aamwhat,events/ZTF19aamwhat.npz,SN IIP,SNII,core,24,12,12,True
ZTF19aamwyzl,events/ZTF19aamwyzl.npz,SN Ia,SNI,core,18,7,11,True
ZTF19aamyzoo,events/ZTF19aamyzoo.npz,CV,CV,core,3,1,2,False
ZTF19aanbfaw,events/ZTF19aanbfaw.npz,SN Ia,SNI,core,25,13,12,True
ZTF19aanbojt,events/ZTF19aanbojt.npz,SN Ia,SNI,core,41,20,21,True
ZTF19aanbpus,events/ZTF19aanbpus.npz,SN IIb,SNII,core,39,16,23,True
ZTF19aandjiw,events/ZTF19aandjiw.npz,SN II,SNII,core,12,8,4,True
ZTF19aanejfr,events/ZTF19aanejfr.npz,SN Ia,SNI,core,39,20,19,True
ZTF19aanepuf,events/ZTF19aanepuf.npz,CV,CV,core,2,1,1,False
ZTF19aanesxt,events/ZTF19aanesxt.npz,SN Ia,SNI,core,18,9,9,True
ZTF19aanetjx,events/ZTF19aanetjx.npz,SN Ia,SNI,core,32,14,18,True
ZTF19aaneugz,events/ZTF19aaneugz.npz,SN Ia,SNI,core,18,8,10,True
ZTF19aanevcu,events/ZTF19aanevcu.npz,SN Ia,SNI,core,10,4,6,True
ZTF19aanfnvl,events/ZTF19aanfnvl.npz,SN II,SNII,core,15,7,8,True
ZTF19aanfqug,events/ZTF19aanfqug.npz,SN IIn,SNII,core,18,8,10,True
ZTF19aanfrmq,events/ZTF19aanfrmq.npz,AGN,AGN,core,14,8,6,True
ZTF19aanfukh,events/ZTF19aanfukh.npz,SN Ic,SNI,core,24,12,12,True
ZTF19aanfyey,events/ZTF19aanfyey.npz,SN Ia,SNI,core,22,9,13,True
ZTF19aangier,events/ZTF19aangier.npz,SN Ia,SNI,core,23,12,11,True
ZTF19aangwaa,events/ZTF19aangwaa.npz,AGN,AGN,core,6,4,2,False
ZTF19aanhdwf,events/ZTF19aanhdwf.npz,SN Ia,SNI,core,12,4,8,True
ZTF19aanhffu,events/ZTF19aanhffu.npz,CV,CV,core,6,3,3,False
ZTF19aanhgqg,events/ZTF19aanhgqg.npz,SN Ia-91bg,SNI,core,35,17,18,True
ZTF19aanhhal,events/ZTF19aanhhal.npz,SN II,SNII,core,45,21,24,True
ZTF19aanhlxe,events/ZTF19aanhlxe.npz,SN Ia,SNI,core,19,7,12,True
ZTF19aanhlzi,events/ZTF19aanhlzi.npz,SN Ia,SNI,core,20,7,13,True
ZTF19aanhlzn,events/ZTF19aanhlzn.npz,SN Ia,SNI,core,30,13,17,True
ZTF19aanijpu,events/ZTF19aanijpu.npz,SN Ic,SNI,core,36,18,18,True
ZTF19aaniore,events/ZTF19aaniore.npz,SN II,SNII,core,52,24,28,True
ZTF19aanircs,events/ZTF19aanircs.npz,SN Ia,SNI,core,32,12,20,True
ZTF19aanirdx,events/ZTF19aanirdx.npz,SN Ia,SNI,core,18,8,10,True
ZTF19aanjjgr,events/ZTF19aanjjgr.npz,SN Ia,SNI,core,19,7,12,True
ZTF19aanjjhk,events/ZTF19aanjjhk.npz,SN Ia,SNI,core,23,8,15,True
ZTF19aanjlwx,events/ZTF19aanjlwx.npz,SN Ia,SNI,core,12,6,6,True
ZTF19aanlekq,events/ZTF19aanlekq.npz,SN II,SNII,core,36,14,22,True
ZTF19aanmclt,events/ZTF19aanmclt.npz,SN Ia,SNI,core,5,2,3,False
ZTF19aanmcrd,events/ZTF19aanmcrd.npz,CV,CV,core,5,2,3,False
ZTF19aanmdsr,events/ZTF19aanmdsr.npz,SN Ia,SNI,core,20,9,11,True
ZTF19aanmeyw,events/ZTF19aanmeyw.npz,SN Ia,SNI,core,29,13,16,True
ZTF19aanneuv,events/ZTF19aanneuv.npz,CV,CV,core,3,1,2,False
ZTF19aanonjt,events/ZTF19aanonjt.npz,SN Ia,SNI,core,13,6,7,True
ZTF19aanovps,events/ZTF19aanovps.npz,SN II,SNII,core,41,19,22,True
ZTF19aanpcep,events/ZTF19aanpcep.npz,SN II,SNII,core,28,11,17,True
ZTF19aanpgdu,events/ZTF19aanpgdu.npz,CV,CV,core,12,6,6,True
ZTF19aanqzhm,events/ZTF19aanqzhm.npz,SN IIn,SNII,core,13,5,8,True
ZTF19aanramr,events/ZTF19aanramr.npz,SN Ia,SNI,core,57,23,34,True
ZTF19aanrrqu,events/ZTF19aanrrqu.npz,SN II,SNII,core,39,16,23,True
ZTF19aansyyn,events/ZTF19aansyyn.npz,SN Ia,SNI,core,37,14,23,True
ZTF19aantarc,events/ZTF19aantarc.npz,SN Ia,SNI,core,19,8,11,True
ZTF19aanuhox,events/ZTF19aanuhox.npz,SN Ia,SNI,core,32,10,22,True
ZTF19aanuipj,events/ZTF19aanuipj.npz,SN Ia,SNI,core,33,12,21,True
ZTF19aanuipr,events/ZTF19aanuipr.npz,SN Ia,SNI,core,15,6,9,True
ZTF19aanujan,events/ZTF19aanujan.npz,CV,CV,core,13,6,7,True
ZTF19aanuuen,events/ZTF19aanuuen.npz,SN Ia,SNI,core,31,15,16,True
ZTF19aanvmcm,events/ZTF19aanvmcm.npz,SN Ia,SNI,core,4,2,2,False
ZTF19aanwwlo,events/ZTF19aanwwlo.npz,SN Ia,SNI,core,11,4,7,True
ZTF19aanxgrz,events/ZTF19aanxgrz.npz,SN Ia,SNI,core,23,7,16,True
ZTF19aanxnkd,events/ZTF19aanxnkd.npz,SN Ia,SNI,core,16,8,8,True
ZTF19aanxosu,events/ZTF19aanxosu.npz,SN Ia,SNI,core,50,16,34,True
ZTF19aanxrkt,events/ZTF19aanxrkt.npz,SN Ia,SNI,core,12,5,7,True
ZTF19aanxufb,events/ZTF19aanxufb.npz,SN Ia,SNI,core,9,3,6,True
ZTF19aanydko,events/ZTF19aanydko.npz,SN Ia,SNI,core,16,7,9,True
ZTF19aanyubf,events/ZTF19aanyubf.npz,SN Ia,SNI,core,10,0,10,False
ZTF19aanyuyh,events/ZTF19aanyuyh.npz,SN Ia,SNI,core,1,0,1,False
ZTF19aaoaaap,events/ZTF19aaoaaap.npz,SN Ia,SNI,core,12,8,4,True
ZTF19aaobwpx,events/ZTF19aaobwpx.npz,SN Ia,SNI,core,20,8,12,True
ZTF19aaocbes,events/ZTF19aaocbes.npz,SN Ia-91T,SNI,core,11,5,6,True
ZTF19aaocejx,events/ZTF19aaocejx.npz,CV,CV,core,6,3,3,False
ZTF19aaodojg,events/ZTF19aaodojg.npz,CV,CV,core,4,1,3,False
ZTF19aaodsna,events/ZTF19aaodsna.npz,CV,CV,core,4,2,2,False
ZTF19aaohyqj,events/ZTF19aaohyqj.npz,SN Ia,SNI,core,37,19,18,True
ZTF19aaoiawb,events/ZTF19aaoiawb.npz,AGN,AGN,core,12,8,4,True
ZTF19aaoikti,events/ZTF19aaoikti.npz,SN Ia,SNI,core,19,10,9,True
ZTF19aaojljx,events/ZTF19aaojljx.npz,AGN,AGN,core,35,24,11,True
ZTF19aaojnrx,events/ZTF19aaojnrx.npz,SN Ia,SNI,core,12,4,8,True
ZTF19aaokist,events/ZTF19aaokist.npz,SN Ia,SNI,core,40,17,23,True
ZTF19aaomkvl,events/ZTF19aaomkvl.npz,SN Ia,SNI,core,30,10,20,True
ZTF19aaoxvfe,events/ZTF19aaoxvfe.npz,SN Ib,SNI,core,24,11,13,True
ZTF19aaoyech,events/ZTF19aaoyech.npz,SN Ia,SNI,core,30,12,18,True
ZTF19aaoyjoz,events/ZTF19aaoyjoz.npz,SN Ia,SNI,core,15,7,8,True
ZTF19aaozpew,events/ZTF19aaozpew.npz,SN Ia,SNI,core,32,18,14,True
ZTF19aaozplq,events/ZTF19aaozplq.npz,SN Ia,SNI,core,22,9,13,True
ZTF19aaozsuh,events/ZTF19aaozsuh.npz,SN IIn,SNII,core,45,23,22,True
ZTF19aaozugz,events/ZTF19aaozugz.npz,SN II,SNII,core,5,0,5,False
ZTF19aapadxs,events/ZTF19aapadxs.npz,SN IIb,SNII,core,29,12,17,True
ZTF19aapafit,events/ZTF19aapafit.npz,SN II,SNII,core,47,22,25,True
ZTF19aapafqd,events/ZTF19aapafqd.npz,SN II,SNII,core,45,19,26,True
ZTF19aapbfot,events/ZTF19aapbfot.npz,SN II,SNII,core,38,16,22,True
ZTF19aapbgmp,events/ZTF19aapbgmp.npz,SN Ia,SNI,core,24,9,15,True
ZTF19aapbgty,events/ZTF19aapbgty.npz,SN Ia,SNI,core,20,8,12,True
ZTF19aapbsne,events/ZTF19aapbsne.npz,CV,CV,core,8,4,4,True
ZTF19aapbsrv,events/ZTF19aapbsrv.npz,CV,CV,core,5,3,2,False
ZTF19aapceyj,events/ZTF19aapceyj.npz,SN Ic,SNI,core,8,6,2,True
ZTF19aapcftv,events/ZTF19aapcftv.npz,SN Ia-91T,SNI,core,6,6,0,False
ZTF19aapcnzi,events/ZTF19aapcnzi.npz,SN II,SNII,core,10,7,3,True
ZTF19aapcoqg,events/ZTF19aapcoqg.npz,SN Ia,SNI,core,13,8,5,True
ZTF19aapcvdi,events/ZTF19aapcvdi.npz,SN Ia,SNI,core,12,7,5,True
ZTF19aapcvxi,events/ZTF19aapcvxi.npz,SN Ia,SNI,core,11,5,6,True
ZTF19aapcwdq,events/ZTF19aapcwdq.npz,SN Ia,SNI,core,24,12,12,True
ZTF19aapcxiy,events/ZTF19aapcxiy.npz,SN Ia,SNI,core,10,4,6,True
ZTF19aapdkza,events/ZTF19aapdkza.npz,SN Ia,SNI,core,9,3,6,True
ZTF19aapeime,events/ZTF19aapeime.npz,SN Ia,SNI,core,20,11,9,True
ZTF19aapfktd,events/ZTF19aapfktd.npz,SN Ia,SNI,core,15,7,8,True
ZTF19aapfnym,events/ZTF19aapfnym.npz,SN II,SNII,core,15,5,10,True
ZTF19aapfohi,events/ZTF19aapfohi.npz,SN II,SNII,core,18,6,12,True
ZTF19aaphifl,events/ZTF19aaphifl.npz,SN Ia,SNI,core,14,4,10,True
ZTF19aaphmto,events/ZTF19aaphmto.npz,SN Ia,SNI,core,19,9,10,True
ZTF19aaphntn,events/ZTF19aaphntn.npz,SN Ia,SNI,core,26,11,15,True
ZTF19aaplpaa,events/ZTF19aaplpaa.npz,SN Ia,SNI,core,8,2,6,True
ZTF19aapmdwm,events/ZTF19aapmdwm.npz,SN II,SNII,core,6,0,6,False
ZTF19aapnzde,events/ZTF19aapnzde.npz,SN Ia,SNI,core,21,7,14,True
ZTF19aapocyd,events/ZTF19aapocyd.npz,SN Ia,SNI,core,26,10,16,True
ZTF19aapqcnf,events/ZTF19aapqcnf.npz,AGN,AGN,core,14,1,13,False
ZTF19aapqqrb,events/ZTF19aapqqrb.npz,SN Ia,SNI,core,14,7,7,True
ZTF19aapqrsh,events/ZTF19aapqrsh.npz,SN Ia,SNI,core,14,6,8,True
ZTF19aapqrtr,events/ZTF19aapqrtr.npz,CV,CV,core,2,0,2,False
ZTF19aaprcke,events/ZTF19aaprcke.npz,CV,CV,core,6,4,2,False
ZTF19aaprdox,events/ZTF19aaprdox.npz,AGN,AGN,core,26,12,14,True
ZTF19aapreis,events/ZTF19aapreis.npz,TDE,TDE,core,34,15,19,True
ZTF19aapreza,events/ZTF19aapreza.npz,SN II,SNII,core,12,3,9,True
ZTF19aaprvar,events/ZTF19aaprvar.npz,SN II,SNII,core,30,11,19,True
ZTF19aaprzcr,events/ZTF19aaprzcr.npz,SN Ia-91T,SNI,core,12,6,6,True
ZTF19aapszzy,events/ZTF19aapszzy.npz,SN Ia,SNI,core,29,12,17,True
ZTF19aaptwpu,events/ZTF19aaptwpu.npz,SN Ia,SNI,core,19,8,11,True
ZTF19aaptzar,events/ZTF19aaptzar.npz,SN Ia,SNI,core,19,7,12,True
ZTF19aapuohr,events/ZTF19aapuohr.npz,SN Ia,SNI,core,16,7,9,True
ZTF19aaputrv,events/ZTF19aaputrv.npz,SN Ia-pec,SNI,core,17,6,11,True
ZTF19aapvhhp,events/ZTF19aapvhhp.npz,SN Ia,SNI,core,22,1,21,False
ZTF19aapvogv,events/ZTF19aapvogv.npz,SN Ia,SNI,core,11,4,7,True
ZTF19aapwbvm,events/ZTF19aapwbvm.npz,SN Ia,SNI,core,7,2,5,False
ZTF19aapwlhg,events/ZTF19aapwlhg.npz,CV,CV,core,6,2,4,False
ZTF19aapwnmb,events/ZTF19aapwnmb.npz,SN Ib,SNI,core,16,6,10,True
ZTF19aapxakc,events/ZTF19aapxakc.npz,CV,CV,core,5,4,1,False
ZTF19aapxocr,events/ZTF19aapxocr.npz,SN Ia,SNI,core,10,6,4,True
ZTF19aapzbjr,events/ZTF19aapzbjr.npz,SN IIn,SNII,core,41,18,23,True
ZTF19aapzrfg,events/ZTF19aapzrfg.npz,AGN,AGN,core,5,1,4,False
ZTF19aaqasrq,events/ZTF19aaqasrq.npz,SN IIn,SNII,core,32,13,19,True
ZTF19aaqcqkv,events/ZTF19aaqcqkv.npz,SN Ia,SNI,core,30,11,19,True
ZTF19aaqdkrm,events/ZTF19aaqdkrm.npz,SN II,SNII,core,43,18,25,True
ZTF19aaqgnhf,events/ZTF19aaqgnhf.npz,SN Ia,SNI,core,5,3,2,False
ZTF19aaqhelq,events/ZTF19aaqhelq.npz,SN Ia,SNI,core,16,7,9,True
ZTF19aaqhmju,events/ZTF19aaqhmju.npz,AGN,AGN,core,11,6,5,True
ZTF19aaqstxo,events/ZTF19aaqstxo.npz,CV,CV,core,2,1,1,False
ZTF19aaqtcmy,events/ZTF19aaqtcmy.npz,SN Ia,SNI,core,10,3,7,True
ZTF19aaqtsky,events/ZTF19aaqtsky.npz,AGN,AGN,core,35,4,31,True
ZTF19aaqtyku,events/ZTF19aaqtyku.npz,SN Ia,SNI,core,66,30,36,True
ZTF19aaqwqhu,events/ZTF19aaqwqhu.npz,SN Ia,SNI,core,4,0,4,False
ZTF19aaqxcfs,events/ZTF19aaqxcfs.npz,SN Ia,SNI,core,20,11,9,True
ZTF19aaqxosb,events/ZTF19aaqxosb.npz,SN II,SNII,core,41,22,19,True
ZTF19aaqyvdn,events/ZTF19aaqyvdn.npz,SN Ia,SNI,core,14,4,10,True
ZTF19aaraued,events/ZTF19aaraued.npz,SN Ia,SNI,core,6,2,4,False
ZTF19aaraxhh,events/ZTF19aaraxhh.npz,SN Ia,SNI,core,31,16,15,True
ZTF19aardunx,events/ZTF19aardunx.npz,SN Ia,SNI,core,28,11,17,True
ZTF19aarfkch,events/ZTF19aarfkch.npz,SN IIb,SNII,core,76,26,50,True
ZTF19aarfksi,events/ZTF19aarfksi.npz,SN Ia,SNI,core,20,9,11,True
ZTF19aarflsx,events/ZTF19aarflsx.npz,SN Ia,SNI,core,14,5,9,True
ZTF19aarfnmb,events/ZTF19aarfnmb.npz,SN II,SNII,core,5,0,5,False
ZTF19aarfnto,events/ZTF19aarfnto.npz,SN Ia,SNI,core,14,4,10,True
ZTF19aarfyvc,events/ZTF19aarfyvc.npz,SN Ic,SNI,core,26,10,16,True
ZTF19aargcuk,events/ZTF19aargcuk.npz,CV,CV,core,5,2,3,False
ZTF19aargomy,events/ZTF19aargomy.npz,CV,CV,core,6,2,4,False
ZTF19aargqez,events/ZTF19aargqez.npz,SN Ia,SNI,core,18,11,7,True
ZTF19aarhhfx,events/ZTF19aarhhfx.npz,SN IIb,SNII,core,9,4,5,True
ZTF19aarhrru,events/ZTF19aarhrru.npz,AGN,AGN,core,9,4,5,True
ZTF19aarhxgn,events/ZTF19aarhxgn.npz,SN Ia,SNI,core,15,7,8,True
ZTF19aarifvr,events/ZTF19aarifvr.npz,SN Ia-91T,SNI,core,29,11,18,True
ZTF19aarilal,events/ZTF19aarilal.npz,SN Ia,SNI,core,4,4,0,False
ZTF19aarinmw,events/ZTF19aarinmw.npz,SN Ia,SNI,core,16,8,8,True
ZTF19aarioci,events/ZTF19aarioci.npz,TDE,TDE,core,42,22,20,True
ZTF19aaripqw,events/ZTF19aaripqw.npz,SN Ia,SNI,core,28,14,14,True
ZTF19aariwfe,events/ZTF19aariwfe.npz,SN II,SNII,core,20,10,10,True
ZTF19aariwpf,events/ZTF19aariwpf.npz,SN Ia,SNI,core,21,7,14,True
ZTF19aarixue,events/ZTF19aarixue.npz,SN Ia,SNI,core,20,7,13,True
ZTF19aarjfqe,events/ZTF19aarjfqe.npz,SN II,SNII,core,23,10,13,True
ZTF19aarkpif,events/ZTF19aarkpif.npz,SN Ia,SNI,core,20,6,14,True
ZTF19aarlefl,events/ZTF19aarlefl.npz,SN Ia,SNI,core,41,19,22,True
ZTF19aarmtgu,events/ZTF19aarmtgu.npz,SN Ia,SNI,core,38,18,20,True
ZTF19aarmznp,events/ZTF19aarmznp.npz,SN Ia,SNI,core,20,9,11,True
ZTF19aarnqys,events/ZTF19aarnqys.npz,SN Ib,SNI,core,13,4,9,True
ZTF19aarnqzw,events/ZTF19aarnqzw.npz,SN Ia,SNI,core,38,20,18,True
ZTF19aarnrbw,events/ZTF19aarnrbw.npz,SN Ia,SNI,core,7,2,5,False
ZTF19aarprog,events/ZTF19aarprog.npz,SN Ia-91T,SNI,core,27,12,15,True
ZTF19aarpymc,events/ZTF19aarpymc.npz,AGN,AGN,core,1,0,1,False
ZTF19aarqmjs,events/ZTF19aarqmjs.npz,SN Ia,SNI,core,10,6,4,True
ZTF19aarstfg,events/ZTF19aarstfg.npz,SN Ia,SNI,core,14,9,5,True
ZTF19aartuev,events/ZTF19aartuev.npz,SN Ia,SNI,core,20,11,9,True
ZTF19aartuli,events/ZTF19aartuli.npz,SN Ia,SNI,core,15,5,10,True
ZTF19aartylj,events/ZTF19aartylj.npz,SN Ia,SNI,core,8,5,3,True
ZTF19aarxrem,events/ZTF19aarxrem.npz,SN IIn,SNII,core,12,5,7,True
ZTF19aaryexs,events/ZTF19aaryexs.npz,AGN,AGN,core,13,5,8,True
ZTF19aarykkb,events/ZTF19aarykkb.npz,SN II,SNII,core,21,6,15,True
ZTF19aasekcx,events/ZTF19aasekcx.npz,SN IIn,SNII,core,47,20,27,True
ZTF19aasfsoi,events/ZTF19aasfsoi.npz,SN Ia,SNI,core,11,6,5,True
ZTF19aasltzs,events/ZTF19aasltzs.npz,CV,CV,core,4,2,2,False
ZTF19aasmddt,events/ZTF19aasmddt.npz,SN II,SNII,core,7,1,6,False
ZTF19aasmkhn,events/ZTF19aasmkhn.npz,SN Ia,SNI,core,15,6,9,True
ZTF19aaspsbg,events/ZTF19aaspsbg.npz,SN II,SNII,core,3,1,2,False
ZTF19aassokj,events/ZTF19aassokj.npz,CV,CV,core,4,2,2,False
ZTF19aassqix,events/ZTF19aassqix.npz,SN Ia,SNI,core,13,6,7,True
ZTF19aasszud,events/ZTF19aasszud.npz,SN Ia,SNI,core,8,4,4,True
ZTF19aatesgp,events/ZTF19aatesgp.npz,SN Ib,SNI,core,26,11,15,True
ZTF19aatevrp,events/ZTF19aatevrp.npz,SN II,SNII,core,4,0,4,False
ZTF19aatfkkj,events/ZTF19aatfkkj.npz,AGN,AGN,core,3,0,3,False
ZTF19aatfqzb,events/ZTF19aatfqzb.npz,SN Ib/c,SNI,core,29,8,21,True
ZTF19aatgaiq,events/ZTF19aatgaiq.npz,SN Ia,SNI,core,5,2,3,False
ZTF19aatgopg,events/ZTF19aatgopg.npz,SN Ia,SNI,core,12,6,6,True
ZTF19aatgrpm,events/ZTF19aatgrpm.npz,SN Ia,SNI,core,30,14,16,True
ZTF19aatgrxl,events/ZTF19aatgrxl.npz,SN Ia,SNI,core,18,8,10,True
ZTF19aatgrxv,events/ZTF19aatgrxv.npz,SN Ia,SNI,core,17,8,9,True
ZTF19aatgsdl,events/ZTF19aatgsdl.npz,SN Ia,SNI,core,24,9,15,True
ZTF19aatgwhs,events/ZTF19aatgwhs.npz,SN Ia,SNI,core,82,34,48,True
ZTF19aatgxjy,events/ZTF19aatgxjy.npz,SN II,SNII,core,47,18,29,True
ZTF19aatgznl,events/ZTF19aatgznl.npz,SN Ia,SNI,core,21,8,13,True
ZTF19aathcvn,events/ZTF19aathcvn.npz,SN Ia,SNI,core,38,17,21,True
ZTF19aatheus,events/ZTF19aatheus.npz,SN Ic,SNI,core,34,18,16,True
ZTF19aathllr,events/ZTF19aathllr.npz,SN II,SNII,core,35,11,24,True
ZTF19aaticbv,events/ZTF19aaticbv.npz,CV,CV,core,8,4,4,True
ZTF19aatihek,events/ZTF19aatihek.npz,CV,CV,core,29,14,15,True
ZTF19aatjfny,events/ZTF19aatjfny.npz,AGN,AGN,core,16,7,9,True
ZTF19aatlmbo,events/ZTF19aatlmbo.npz,SN Ia,SNI,core,48,20,28,True
ZTF19aatlqdf,events/ZTF19aatlqdf.npz,SN II,SNII,core,45,17,28,True
ZTF19aatmgjs,events/ZTF19aatmgjs.npz,SN II,SNII,core,3,0,3,False
ZTF19aatnfci,events/ZTF19aatnfci.npz,SN Ia,SNI,core,10,5,5,True
ZTF19aatnfvj,events/ZTF19aatnfvj.npz,SN Ia,SNI,core,10,5,5,True
ZTF19aatqzim,events/ZTF19aatqzim.npz,SN II,SNII,core,26,11,15,True
ZTF19aattvhh,events/ZTF19aattvhh.npz,CV,CV,core,10,4,6,True
ZTF19aatudsq,events/ZTF19aatudsq.npz,SN Ia,SNI,core,11,2,9,True
ZTF19aatvkrn,events/ZTF19aatvkrn.npz,SN Ia,SNI,core,9,5,4,True
ZTF19aatvlfl,events/ZTF19aatvlfl.npz,SN Ia,SNI,core,17,8,9,True
ZTF19aatvljp,events/ZTF19aatvljp.npz,SN Ia,SNI,core,29,14,15,True
ZTF19aatvmbo,events/ZTF19aatvmbo.npz,SN Ia-91T,SNI,core,18,8,10,True
ZTF19aatvvvu,events/ZTF19aatvvvu.npz,SN Ia,SNI,core,20,8,12,True
ZTF19aatwljq,events/ZTF19aatwljq.npz,CV,CV,core,1,1,0,False
ZTF19aatwvft,events/ZTF19aatwvft.npz,SN II,SNII,core,3,1,2,False
ZTF19aatyrpj,events/ZTF19aatyrpj.npz,CV,CV,core,5,3,2,False
ZTF19aatzlmw,events/ZTF19aatzlmw.npz,SN Ia,SNI,core,11,4,7,True
ZTF19aauaaxi,events/ZTF19aauaaxi.npz,SN Ia-91T,SNI,core,1,1,0,False
ZTF19aaugaam,events/ZTF19aaugaam.npz,SN II,SNII,core,32,16,16,True
ZTF19aaugoig,events/ZTF19aaugoig.npz,SN Ia,SNI,core,22,10,12,True
ZTF19aaugupw,events/ZTF19aaugupw.npz,SN IIb,SNII,core,15,7,8,True
ZTF19aauguzk,events/ZTF19aauguzk.npz,SN Ia,SNI,core,16,6,10,True
ZTF19aauhhjy,events/ZTF19aauhhjy.npz,SN Ia,SNI,core,17,6,11,True
ZTF19aauhwbp,events/ZTF19aauhwbp.npz,SN Ia,SNI,core,14,6,8,True
ZTF19aauisdr,events/ZTF19aauisdr.npz,SN II,SNII,core,20,9,11,True
ZTF19aauishy,events/ZTF19aauishy.npz,SN II,SNII,core,39,18,21,True
ZTF19aauitks,events/ZTF19aauitks.npz,SN Ia,SNI,core,22,9,13,True
ZTF19aauivtj,events/ZTF19aauivtj.npz,SN Ia,SNI,core,18,8,10,True
ZTF19aaujiwc,events/ZTF19aaujiwc.npz,SN Ia,SNI,core,26,10,16,True
ZTF19aaujzqh,events/ZTF19aaujzqh.npz,SN Ia,SNI,core,52,26,26,True
ZTF19aaulzvc,events/ZTF19aaulzvc.npz,SN Ia,SNI,core,23,6,17,True
ZTF19aaumdqx,events/ZTF19aaumdqx.npz,CV,CV,core,4,2,2,False
ZTF19aaumtxz,events/ZTF19aaumtxz.npz,CV,CV,core,7,2,5,False
ZTF19aaumvig,events/ZTF19aaumvig.npz,SN Ia,SNI,core,35,14,21,True
ZTF19aaunjft,events/ZTF19aaunjft.npz,CV,CV,core,4,1,3,False
ZTF19aauoiow,events/ZTF19aauoiow.npz,SN II,SNII,core,49,25,24,True
ZTF19aauoulb,events/ZTF19aauoulb.npz,SN Ia,SNI,core,12,5,7,True
ZTF19aaupkev,events/ZTF19aaupkev.npz,SN Ia,SNI,core,32,13,19,True
ZTF19aaupkrl,events/ZTF19aaupkrl.npz,SN Ia,SNI,core,28,12,16,True
ZTF19aauplxw,events/ZTF19aauplxw.npz,SN Ia,SNI,core,24,11,13,True
ZTF19aauptux,events/ZTF19aauptux.npz,CV,CV,core,4,2,2,False
ZTF19aauqwna,events/ZTF19aauqwna.npz,SN IIP,SNII,core,67,20,47,True
ZTF19aauqywe,events/ZTF19aauqywe.npz,SN Ia,SNI,core,12,5,7,True
ZTF19aaurhox,events/ZTF19aaurhox.npz,SN Ia,SNI,core,69,28,41,True
ZTF19aaurstb,events/ZTF19aaurstb.npz,SN Ia,SNI,core,28,11,17,True
ZTF19aaurxsa,events/ZTF19aaurxsa.npz,SN Ia,SNI,core,21,9,12,True
ZTF19aaustkj,events/ZTF19aaustkj.npz,CV,CV,core,5,1,4,False
ZTF19aauuzlr,events/ZTF19aauuzlr.npz,SN Ia,SNI,core,6,2,4,False
ZTF19aauvbqv,events/ZTF19aauvbqv.npz,SN II,SNII,core,10,4,6,True
ZTF19aauvjws,events/ZTF19aauvjws.npz,SN Ia,SNI,core,16,6,10,True
ZTF19aauvkxu,events/ZTF19aauvkxu.npz,SN Ia,SNI,core,13,6,7,True
ZTF19aauxfaw,events/ZTF19aauxfaw.npz,CV,CV,core,2,1,1,False
ZTF19aauxmqj,events/ZTF19aauxmqj.npz,SN Ia,SNI,core,26,10,16,True
ZTF19aauxxgk,events/ZTF19aauxxgk.npz,SN II,SNII,core,78,34,44,True
ZTF19aavaikm,events/ZTF19aavaikm.npz,SN Ia,SNI,core,17,6,11,True
ZTF19aavajub,events/ZTF19aavajub.npz,CV,CV,core,6,3,3,False
ZTF19aavantx,events/ZTF19aavantx.npz,CV,CV,core,1,1,0,False
ZTF19aavbjfp,events/ZTF19aavbjfp.npz,SN II,SNII,core,75,39,36,True
ZTF19aavbkly,events/ZTF19aavbkly.npz,SN IIP,SNII,core,27,11,16,True
ZTF19aavdioh,events/ZTF19aavdioh.npz,CV,CV,core,1,0,1,False
ZTF19aavgukt,events/ZTF19aavgukt.npz,SN Ic,SNI,core,4,2,2,False
ZTF19aavhblr,events/ZTF19aavhblr.npz,SN II,SNII,core,36,13,23,True
ZTF19aavhvkd,events/ZTF19aavhvkd.npz,SN Ia,SNI,core,19,11,8,True
ZTF19aavhwxs,events/ZTF19aavhwxs.npz,SN Ia,SNI,core,22,11,11,True
ZTF19aavhxby,events/ZTF19aavhxby.npz,SN Ia,SNI,core,61,34,27,True
ZTF19aavhypb,events/ZTF19aavhypb.npz,SN Ia,SNI,core,55,25,30,True
ZTF19aavhzsc,events/ZTF19aavhzsc.npz,SN Ia,SNI,core,79,35,44,True
ZTF19aavidqf,events/ZTF19aavidqf.npz,SN Ia-91T,SNI,core,68,25,43,True
ZTF19aavissk,events/ZTF19aavissk.npz,SN Ia,SNI,core,79,30,49,True
ZTF19aavitlq,events/ZTF19aavitlq.npz,SN Ia,SNI,core,63,16,47,True
ZTF19aavivbl,events/ZTF19aavivbl.npz,SN Ia,SNI,core,29,10,19,True
ZTF19aavjlkx,events/ZTF19aavjlkx.npz,SN II,SNII,core,18,6,12,True
ZTF19aavjukt,events/ZTF19aavjukt.npz,SN IIn,SNII,core,37,25,12,True
ZTF19aavjzrz,events/ZTF19aavjzrz.npz,SN IIP,SNII,core,55,29,26,True
ZTF19aavjztg,events/ZTF19aavjztg.npz,SN II,SNII,core,14,0,14,False
ZTF19aavjzwm,events/ZTF19aavjzwm.npz,SN IIP,SNII,core,48,22,26,True
ZTF19aavkhuy,events/ZTF19aavkhuy.npz,SN Ia,SNI,core,26,13,13,True
ZTF19aavkptg,events/ZTF19aavkptg.npz,SN IIP,SNII,core,25,13,12,True
ZTF19aavkvpw,events/ZTF19aavkvpw.npz,SN Ic-BL,SNI,core,23,10,13,True
ZTF19aavlfvn,events/ZTF19aavlfvn.npz,SN Ia,SNI,core,10,5,5,True
ZTF19aavlnjz,events/ZTF19aavlnjz.npz,SN Ia,SNI,core,12,4,8,True
ZTF19aavmgtv,events/ZTF19aavmgtv.npz,SN Ia,SNI,core,20,7,13,True
ZTF19aavmlqh,events/ZTF19aavmlqh.npz,SN Ia,SNI,core,24,10,14,True
ZTF19aavnotr,events/ZTF19aavnotr.npz,CV,CV,core,13,7,6,True
ZTF19aavnuur,events/ZTF19aavnuur.npz,SN II,SNII,core,19,7,12,True
ZTF19aavnwtf,events/ZTF19aavnwtf.npz,SN Ia,SNI,core,17,7,10,True
ZTF19aavnwxf,events/ZTF19aavnwxf.npz,SN Ia,SNI,core,41,21,20,True
ZTF19aavnwyt,events/ZTF19aavnwyt.npz,SN Ia,SNI,core,29,16,13,True
ZTF19aavnwzv,events/ZTF19aavnwzv.npz,SN Ia,SNI,core,12,3,9,True
ZTF19aavnxwj,events/ZTF19aavnxwj.npz,SN Ia,SNI,core,18,8,10,True
ZTF19aavnzti,events/ZTF19aavnzti.npz,SN Ia,SNI,core,13,7,6,True
ZTF19aavoiyc,events/ZTF19aavoiyc.npz,SN Ia,SNI,core,24,9,15,True
ZTF19aavolzm,events/ZTF19aavolzm.npz,CV,CV,core,10,4,6,True
ZTF19aavounq,events/ZTF19aavounq.npz,SN Ia,SNI,core,28,12,16,True
ZTF19aavoweu,events/ZTF19aavoweu.npz,SN Ic,SNI,core,15,7,8,True
ZTF19aavqics,events/ZTF19aavqics.npz,SN II,SNII,core,22,11,11,True
ZTF19aavqiuw,events/ZTF19aavqiuw.npz,SN Ia,SNI,core,11,5,6,True
ZTF19aavqoop,events/ZTF19aavqoop.npz,SN Ia,SNI,core,14,7,7,True
ZTF19aavqotz,events/ZTF19aavqotz.npz,SN Ia,SNI,core,14,7,7,True
ZTF19aavqoyu,events/ZTF19aavqoyu.npz,SN Ia,SNI,core,13,6,7,True
ZTF19aavrcew,events/ZTF19aavrcew.npz,SN II,SNII,core,28,14,14,True
ZTF19aavrswr,events/ZTF19aavrswr.npz,SN Ia,SNI,core,32,16,16,True
ZTF19aavsahh,events/ZTF19aavsahh.npz,SN Ia,SNI,core,20,11,9,True
ZTF19aavsyhq,events/ZTF19aavsyhq.npz,SN Ia,SNI,core,38,17,21,True
ZTF19aavtcjs,events/ZTF19aavtcjs.npz,SN IIP,SNII,core,36,1,35,False
ZTF19aavvozj,events/ZTF19aavvozj.npz,SN Ia,SNI,core,30,13,17,True
ZTF19aavvvrc,events/ZTF19aavvvrc.npz,SN Ia,SNI,core,24,3,21,True
ZTF19aavwbpc,events/ZTF19aavwbpc.npz,SN Ia,SNI,core,18,7,11,True
ZTF19aavweum,events/ZTF19aavweum.npz,SN Ia,SNI,core,8,4,4,True
ZTF19aavxikq,events/ZTF19aavxikq.npz,SN Ia,SNI,core,25,12,13,True
ZTF19aavxpbx,events/ZTF19aavxpbx.npz,SN Ia,SNI,core,28,10,18,True
ZTF19aavxufb,events/ZTF19aavxufb.npz,SN Ia,SNI,core,13,5,8,True
ZTF19aavybbf,events/ZTF19aavybbf.npz,CV,CV,core,8,4,4,True
ZTF19aavyvbn,events/ZTF19aavyvbn.npz,SN IIn,SNII,core,10,4,6,True
ZTF19aawafvn,events/ZTF19aawafvn.npz,SN Ia,SNI,core,21,10,11,True
ZTF19aawblge,events/ZTF19aawblge.npz,SN Ia,SNI,core,18,7,11,True
ZTF19aawbsek,events/ZTF19aawbsek.npz,SN Ia,SNI,core,14,4,10,True
ZTF19aaweqnm,events/ZTF19aaweqnm.npz,AGN,AGN,core,24,16,8,True
ZTF19aawethv,events/ZTF19aawethv.npz,SN IIb,SNII,core,10,2,8,True
ZTF19aawevgq,events/ZTF19aawevgq.npz,CV,CV,core,5,2,3,False
ZTF19aawevyv,events/ZTF19aawevyv.npz,CV,CV,core,8,5,3,True
ZTF19aawfcgp,events/ZTF19aawfcgp.npz,SN Ia,SNI,core,37,15,22,True
ZTF19aawfkeg,events/ZTF19aawfkeg.npz,SN II,SNII,core,11,5,6,True
ZTF19aawgfnn,events/ZTF19aawgfnn.npz,SN Ia,SNI,core,18,8,10,True
ZTF19aawgolt,events/ZTF19aawgolt.npz,SN Ia,SNI,core,9,4,5,True
ZTF19aawgopm,events/ZTF19aawgopm.npz,SN Ia,SNI,core,14,7,7,True
ZTF19aawgxdn,events/ZTF19aawgxdn.npz,SN II,SNII,core,98,51,47,True
ZTF19aawhniz,events/ZTF19aawhniz.npz,SN Ia,SNI,core,11,3,8,True
ZTF19aawhzsh,events/ZTF19aawhzsh.npz,SN Ic-BL,SNI,core,18,16,2,True
ZTF19aawlkjx,events/ZTF19aawlkjx.npz,SN II,SNII,core,23,10,13,True
ZTF19aawlnlq,events/ZTF19aawlnlq.npz,SN Ia,SNI,core,7,1,6,False
ZTF19aawmkja,events/ZTF19aawmkja.npz,SN Ia,SNI,core,68,35,33,True
ZTF19aawmqtd,events/ZTF19aawmqtd.npz,SN Ia,SNI,core,29,14,15,True
ZTF19aawnqoj,events/ZTF19aawnqoj.npz,SN Ia,SNI,core,27,12,15,True
ZTF19aawqcgy,events/ZTF19aawqcgy.npz,SN Ic-BL,SNI,core,19,7,12,True
ZTF19aawqckx,events/ZTF19aawqckx.npz,SN Ia,SNI,core,73,29,44,True
ZTF19aawrpwn,events/ZTF19aawrpwn.npz,CV,CV,core,36,17,19,True
ZTF19aawrumx,events/ZTF19aawrumx.npz,SN Ia,SNI,core,55,18,37,True
ZTF19aawscnp,events/ZTF19aawscnp.npz,SN Ia,SNI,core,16,7,9,True
ZTF19aawscqd,events/ZTF19aawscqd.npz,AGN,AGN,core,34,18,16,True
ZTF19aawsday,events/ZTF19aawsday.npz,SN Ic,SNI,core,14,5,9,True
ZTF19aawsdlq,events/ZTF19aawsdlq.npz,SN II,SNII,core,25,8,17,True
ZTF19aawtnqd,events/ZTF19aawtnqd.npz,SN Ia,SNI,core,14,5,9,True
ZTF19aawtqdv,events/ZTF19aawtqdv.npz,SN Ia,SNI,core,15,7,8,True
ZTF19aawudku,events/ZTF19aawudku.npz,SN Ia,SNI,core,15,8,7,True
ZTF19aawupxb,events/ZTF19aawupxb.npz,SN Ia-pec,SNI,core,17,7,10,True
ZTF19aawwlxc,events/ZTF19aawwlxc.npz,SN Ia-91T,SNI,core,30,13,17,True
ZTF19aawyepw,events/ZTF19aawyepw.npz,SN Ia,SNI,core,20,9,11,True
ZTF19aaxbzqp,events/ZTF19aaxbzqp.npz,CV,CV,core,13,7,6,True
ZTF19aaxdzqt,events/ZTF19aaxdzqt.npz,SN Ib/c,SNI,core,7,4,3,False
ZTF19aaxeaag,events/ZTF19aaxeaag.npz,SN IIn,SNII,core,4,2,2,False
ZTF19aaxeetj,events/ZTF19aaxeetj.npz,SN Ia,SNI,core,10,4,6,True
ZTF19aaxfcpq,events/ZTF19aaxfcpq.npz,SN Ic-BL,SNI,core,26,11,15,True
ZTF19aaxffum,events/ZTF19aaxffum.npz,SN Ia-91T,SNI,core,67,33,34,True
ZTF19aaxfzao,events/ZTF19aaxfzao.npz,SN Ia,SNI,core,64,30,34,True
ZTF19aaxhysx,events/ZTF19aaxhysx.npz,SN Ia,SNI,core,16,7,9,True
ZTF19aaxhzol,events/ZTF19aaxhzol.npz,AGN,AGN,core,10,7,3,True
ZTF19aaxibby,events/ZTF19aaxibby.npz,SN Ia,SNI,core,22,9,13,True
ZTF19aaxibpz,events/ZTF19aaxibpz.npz,SN Ia,SNI,core,21,10,11,True
ZTF19aaxkhxw,events/ZTF19aaxkhxw.npz,SN II,SNII,core,4,2,2,False
ZTF19aaxnrkb,events/ZTF19aaxnrkb.npz,CV,CV,core,5,3,2,False
ZTF19aaxnsjl,events/ZTF19aaxnsjl.npz,CV,CV,core,6,4,2,False
ZTF19aaxpjpq,events/ZTF19aaxpjpq.npz,SN Ia,SNI,core,29,15,14,True
ZTF19aaxptsd,events/ZTF19aaxptsd.npz,SN Ia,SNI,core,12,5,7,True
ZTF19aaxqsbn,events/ZTF19aaxqsbn.npz,SN Ia,SNI,core,57,22,35,True
ZTF19aaxyukr,events/ZTF19aaxyukr.npz,SN Ia,SNI,core,17,7,10,True
ZTF19aaxzdtw,events/ZTF19aaxzdtw.npz,SN Ic,SNI,core,19,7,12,True
ZTF19aayabqe,events/ZTF19aayabqe.npz,SN Ia,SNI,core,23,9,14,True
ZTF19aayckwk,events/ZTF19aayckwk.npz,SN Ia,SNI,core,11,5,6,True
ZTF19aaycomi,events/ZTF19aaycomi.npz,SN Ia,SNI,core,91,51,40,True
ZTF19aaycrgf,events/ZTF19aaycrgf.npz,SN IIP,SNII,core,70,31,39,True
ZTF19aaydpiq,events/ZTF19aaydpiq.npz,SN II,SNII,core,14,7,7,True
ZTF19aaydpru,events/ZTF19aaydpru.npz,SN Ia,SNI,core,5,2,3,False
ZTF19aaydtur,events/ZTF19aaydtur.npz,SN II,SNII,core,32,17,15,True
ZTF19aayfaum,events/ZTF19aayfaum.npz,SN Ia,SNI,core,47,23,24,True
ZTF19aayfhtc,events/ZTF19aayfhtc.npz,CV,CV,core,15,8,7,True
ZTF19aayhvar,events/ZTF19aayhvar.npz,CV,CV,core,6,3,3,False
ZTF19aayjhpg,events/ZTF19aayjhpg.npz,SN II,SNII,core,21,9,12,True
ZTF19aayjien,events/ZTF19aayjien.npz,AGN,AGN,core,14,4,10,True
ZTF19aayjqpa,events/ZTF19aayjqpa.npz,SN Ia,SNI,core,17,9,8,True
ZTF19aayjsty,events/ZTF19aayjsty.npz,SN Ia,SNI,core,14,6,8,True
ZTF19aaykqsk,events/ZTF19aaykqsk.npz,SN II,SNII,core,6,2,4,False
ZTF19aaykugs,events/ZTF19aaykugs.npz,SN Ia,SNI,core,16,7,9,True
ZTF19aaynnae,events/ZTF19aaynnae.npz,AGN,AGN,core,30,14,16,True
ZTF19aaynskj,events/ZTF19aaynskj.npz,SN Ia,SNI,core,10,6,4,True
ZTF19aaynsws,events/ZTF19aaynsws.npz,SN Ia,SNI,core,9,5,4,True
ZTF19aaynsyd,events/ZTF19aaynsyd.npz,SN Ia,SNI,core,66,33,33,True
ZTF19aayogzn,events/ZTF19aayogzn.npz,SN Ia,SNI,core,26,11,15,True
ZTF19aaypehm,events/ZTF19aaypehm.npz,SN Ia,SNI,core,23,9,14,True
ZTF19aayqait,events/ZTF19aayqait.npz,SN Ia,SNI,core,55,27,28,True
ZTF19aayrjnf,events/ZTF19aayrjnf.npz,SN Ia,SNI,core,12,3,9,True
ZTF19aayrosj,events/ZTF19aayrosj.npz,SN II,SNII,core,32,8,24,True
ZTF19aaysfbn,events/ZTF19aaysfbn.npz,SN II,SNII,core,3,2,1,False
ZTF19aayshvd,events/ZTF19aayshvd.npz,SN Ia,SNI,core,3,2,1,False
ZTF19aaysiwt,events/ZTF19aaysiwt.npz,SN Ia,SNI,core,39,21,18,True
ZTF19aaysjah,events/ZTF19aaysjah.npz,AGN,AGN,core,11,6,5,True
ZTF19aayslow,events/ZTF19aayslow.npz,SN Ia,SNI,core,28,14,14,True
ZTF19aaytisr,events/ZTF19aaytisr.npz,CV,CV,core,3,2,1,False
ZTF19aayurjv,events/ZTF19aayurjv.npz,CV,CV,core,2,1,1,False
ZTF19aayveer,events/ZTF19aayveer.npz,SN Ia,SNI,core,33,9,24,True
ZTF19aayvpbf,events/ZTF19aayvpbf.npz,AGN,AGN,core,23,12,11,True
ZTF19aayvyfa,events/ZTF19aayvyfa.npz,AGN,AGN,core,50,23,27,True
ZTF19aayvylv,events/ZTF19aayvylv.npz,SN Ia,SNI,core,34,12,22,True
ZTF19aaywash,events/ZTF19aaywash.npz,CV,CV,core,22,11,11,True
ZTF19aaywatq,events/ZTF19aaywatq.npz,SN Ia,SNI,core,33,17,16,True
ZTF19aaywazj,events/ZTF19aaywazj.npz,SN Ia,SNI,core,41,21,20,True
ZTF19aaywlmi,events/ZTF19aaywlmi.npz,SN Ia,SNI,core,26,12,14,True
ZTF19aaywtoc,events/ZTF19aaywtoc.npz,SN Ia,SNI,core,9,4,5,True
ZTF19aayxlma,events/ZTF19aayxlma.npz,SN Ia,SNI,core,3,0,3,False
ZTF19aazdcmj,events/ZTF19aazdcmj.npz,SN Ia,SNI,core,16,7,9,True
ZTF19aazdirb,events/ZTF19aazdirb.npz,SN Ia,SNI,core,13,4,9,True
ZTF19aazdiwq,events/ZTF19aazdiwq.npz,SN Ia,SNI,core,24,11,13,True
ZTF19aazdroc,events/ZTF19aazdroc.npz,AGN,AGN,core,40,22,18,True
ZTF19aazdsgo,events/ZTF19aazdsgo.npz,SN Ib,SNI,core,22,7,15,True
ZTF19aazfvhh,events/ZTF19aazfvhh.npz,SN II,SNII,core,41,18,23,True
ZTF19aazgdlv,events/ZTF19aazgdlv.npz,CV,CV,core,6,3,3,False
ZTF19aazgdss,events/ZTF19aazgdss.npz,SN Ia,SNI,core,3,1,2,False
ZTF19aazgdvh,events/ZTF19aazgdvh.npz,SN Ia,SNI,core,20,9,11,True
ZTF19aazgpar,events/ZTF19aazgpar.npz,SN Ia,SNI,core,16,8,8,True
ZTF19aaziick,events/ZTF19aaziick.npz,SN Ia,SNI,core,15,5,10,True
ZTF19aaziqbb,events/ZTF19aaziqbb.npz,CV,CV,core,2,2,0,False
ZTF19aazlpel,events/ZTF19aazlpel.npz,SN II,SNII,core,22,7,15,True
ZTF19aazlpqy,events/ZTF19aazlpqy.npz,AGN,AGN,core,25,10,15,True
ZTF19aazlsfj,events/ZTF19aazlsfj.npz,SN Ia,SNI,core,22,9,13,True
ZTF19aazodnk,events/ZTF19aazodnk.npz,CV,CV,core,19,9,10,True
ZTF19aazpkyv,events/ZTF19aazpkyv.npz,SN Ia-91T,SNI,core,9,4,5,True
ZTF19aazpvdy,events/ZTF19aazpvdy.npz,SN II,SNII,core,13,6,7,True
ZTF19aazpvyr,events/ZTF19aazpvyr.npz,SN Ia,SNI,core,12,6,6,True
ZTF19aazrnvw,events/ZTF19aazrnvw.npz,CV,CV,core,10,4,6,True
ZTF19aazudta,events/ZTF19aazudta.npz,SN II,SNII,core,21,11,10,True
ZTF19aazuqyt,events/ZTF19aazuqyt.npz,SN II,SNII,core,24,8,16,True
ZTF19aazvqod,events/ZTF19aazvqod.npz,CV,CV,core,2,1,1,False
ZTF19aazwnwy,events/ZTF19aazwnwy.npz,SN IIb,SNII,core,25,11,14,True
ZTF19aazxcvl,events/ZTF19aazxcvl.npz,SN Ia,SNI,core,25,13,12,True
ZTF19aazyvub,events/ZTF19aazyvub.npz,SN II,SNII,core,41,19,22,True
ZTF19aazzpje,events/ZTF19aazzpje.npz,SN Ia,SNI,core,19,9,10,True
ZTF19ababigc,events/ZTF19ababigc.npz,SN Ia,SNI,core,15,6,9,True
ZTF19ababmsi,events/ZTF19ababmsi.npz,SN Ia,SNI,core,45,20,25,True
ZTF19abacxod,events/ZTF19abacxod.npz,SN II,SNII,core,38,17,21,True
ZTF19abacxwt,events/ZTF19abacxwt.npz,SN Ia-91T,SNI,core,9,9,0,False
ZTF19abadotn,events/ZTF19abadotn.npz,CV,CV,core,3,2,1,False
ZTF19abadskf,events/ZTF19abadskf.npz,SN Ia,SNI,core,39,23,16,True
ZTF19abaejrh,events/ZTF19abaejrh.npz,SN Ia,SNI,core,13,5,8,True
ZTF19abaejto,events/ZTF19abaejto.npz,SN Ia,SNI,core,37,20,17,True
ZTF19abaeyln,events/ZTF19abaeyln.npz,SN Ia,SNI,core,20,8,12,True
ZTF19abafmwj,events/ZTF19abafmwj.npz,SN Ic,SNI,core,15,5,10,True
ZTF19abafrvy,events/ZTF19abafrvy.npz,SN Ia,SNI,core,11,5,6,True
ZTF19abagewd,events/ZTF19abagewd.npz,CV,CV,core,2,1,1,False
ZTF19abagian,events/ZTF19abagian.npz,CV,CV,core,5,1,4,False
ZTF19abahjuv,events/ZTF19abahjuv.npz,CV,CV,core,9,4,5,True
ZTF19abahsdc,events/ZTF19abahsdc.npz,SN Ia,SNI,core,4,2,2,False
ZTF19abahsgg,events/ZTF19abahsgg.npz,SN Ia,SNI,core,14,6,8,True
ZTF19abahvdh,events/ZTF19abahvdh.npz,SN Ia,SNI,core,25,11,14,True
ZTF19abaivcy,events/ZTF19abaivcy.npz,CV,CV,core,6,3,3,False
ZTF19abajrpw,events/ZTF19abajrpw.npz,SN Ia,SNI,core,17,6,11,True
ZTF19abajuqh,events/ZTF19abajuqh.npz,SN Ia,SNI,core,25,12,13,True
ZTF19abajxet,events/ZTF19abajxet.npz,SN II,SNII,core,62,31,31,True
ZTF19abakdjd,events/ZTF19abakdjd.npz,SN Ia,SNI,core,11,11,0,False
ZTF19abakjao,events/ZTF19abakjao.npz,SN Ia,SNI,core,20,10,10,True
ZTF19abakjci,events/ZTF19abakjci.npz,SN Ia,SNI,core,14,9,5,True
ZTF19abalrbb,events/ZTF19abalrbb.npz,SN Ia,SNI,core,7,3,4,False
ZTF19abalrzb,events/ZTF19abalrzb.npz,CV,CV,core,4,2,2,False
ZTF19abalyyh,events/ZTF19abalyyh.npz,CV,CV,core,5,2,3,False
ZTF19abamrlj,events/ZTF19abamrlj.npz,CV,CV,core,6,5,1,False
ZTF19abanayw,events/ZTF19abanayw.npz,SN II,SNII,core,25,13,12,True
ZTF19abandzh,events/ZTF19abandzh.npz,SN IIn,SNII,core,26,15,11,True
ZTF19abanfrn,events/ZTF19abanfrn.npz,SN Ia,SNI,core,9,4,5,True
ZTF19abangub,events/ZTF19abangub.npz,SN Ia,SNI,core,19,10,9,True
ZTF19abangws,events/ZTF19abangws.npz,SN Ia,SNI,core,12,7,5,True
ZTF19abaosan,events/ZTF19abaosan.npz,SN Ia,SNI,core,47,21,26,True
ZTF19abasljb,events/ZTF19abasljb.npz,CV,CV,core,7,6,1,False
ZTF19abasxkg,events/ZTF19abasxkg.npz,SN Ia,SNI,core,34,17,17,True
ZTF19abasxmh,events/ZTF19abasxmh.npz,CV,CV,core,11,4,7,True
ZTF19abattvp,events/ZTF19abattvp.npz,SN Ia,SNI,core,17,6,11,True
ZTF19abatvit,events/ZTF19abatvit.npz,SN Ia,SNI,core,9,4,5,True
ZTF19abatvzs,events/ZTF19abatvzs.npz,SN II,SNII,core,30,30,0,False
ZTF19abaukyt,events/ZTF19abaukyt.npz,SN Ia,SNI,core,9,6,3,True
ZTF19abauylg,events/ZTF19abauylg.npz,SN Ic,SNI,core,55,25,30,True
ZTF19abauzma,events/ZTF19abauzma.npz,SN Ia,SNI,core,25,11,14,True
ZTF19abbnamr,events/ZTF19abbnamr.npz,SN II,SNII,core,143,71,72,True
ZTF19abbthwy,events/ZTF19abbthwy.npz,SN IIb,SNII,core,9,3,6,True
ZTF19abbvzgr,events/ZTF19abbvzgr.npz,SN Ia,SNI,core,39,14,25,True
ZTF19abbwfgp,events/ZTF19abbwfgp.npz,SN II,SNII,core,44,22,22,True
ZTF19abbxvlp,events/ZTF19abbxvlp.npz,AGN,AGN,core,26,15,11,True
ZTF19abbxykm,events/ZTF19abbxykm.npz,SN II,SNII,core,69,36,33,True
ZTF19abbyvpr,events/ZTF19abbyvpr.npz,AGN,AGN,core,1,1,0,False
ZTF19abbywep,events/ZTF19abbywep.npz,SN IIb,SNII,core,5,2,3,False
ZTF19abccbee,events/ZTF19abccbee.npz,CV,CV,core,10,5,5,True
ZTF19abceftq,events/ZTF19abceftq.npz,AGN,AGN,core,27,13,14,True
ZTF19abcegvm,events/ZTF19abcegvm.npz,SN Ic,SNI,core,34,16,18,True
ZTF19abcejfo,events/ZTF19abcejfo.npz,SN IIn,SNII,core,39,20,19,True
ZTF19abcejlb,events/ZTF19abcejlb.npz,SN II,SNII,core,20,11,9,True
ZTF19abcejlc,events/ZTF19abcejlc.npz,SN Ia,SNI,core,9,5,4,True
ZTF19abcejoa,events/ZTF19abcejoa.npz,SN Ia,SNI,core,21,12,9,True
ZTF19abcejrr,events/ZTF19abcejrr.npz,SN II,SNII,core,34,17,17,True
ZTF19abcejsg,events/ZTF19abcejsg.npz,SN II,SNII,core,41,18,23,True
ZTF19abcekty,events/ZTF19abcekty.npz,SN II,SNII,core,44,19,25,True
ZTF19abcemxn,events/ZTF19abcemxn.npz,CV,CV,core,9,6,3,True
ZTF19abcfvpv,events/ZTF19abcfvpv.npz,SN Ia-91T,SNI,core,1,0,1,False
ZTF19abcfzdy,events/ZTF19abcfzdy.npz,SN Ia,SNI,core,16,8,8,True
ZTF19abclykm,events/ZTF19abclykm.npz,AGN,AGN,core,182,87,95,True
ZTF19abcmhpj,events/ZTF19abcmhpj.npz,CV,CV,core,7,5,2,False
ZTF19abcncdg,events/ZTF19abcncdg.npz,SN Ia,SNI,core,13,6,7,True
ZTF19abcndvf,events/ZTF19abcndvf.npz,SN Ia,SNI,core,16,9,7,True
ZTF19abcneik,events/ZTF19abcneik.npz,SN II,SNII,core,16,9,7,True
ZTF19abcnpkt,events/ZTF19abcnpkt.npz,SN Ia,SNI,core,13,5,8,True
ZTF19abcomui,events/ZTF19abcomui.npz,CV,CV,core,7,3,4,False
ZTF19abcoosk,events/ZTF19abcoosk.npz,CV,CV,core,10,5,5,True
ZTF19abcpiag,events/ZTF19abcpiag.npz,CV,CV,core,4,2,2,False
ZTF19abcsyho,events/ZTF19abcsyho.npz,AGN,AGN,core,25,14,11,True
ZTF19abctnpk,events/ZTF19abctnpk.npz,SN Ia,SNI,core,24,9,15,True
ZTF19abcttsc,events/ZTF19abcttsc.npz,SN Ia,SNI,core,35,15,20,True
ZTF19abctxhf,events/ZTF19abctxhf.npz,SN II,SNII,core,57,27,30,True
ZTF19abcvrpm,events/ZTF19abcvrpm.npz,SN Ia,SNI,core,55,25,30,True
ZTF19abcyqqg,events/ZTF19abcyqqg.npz,SN Ib,SNI,core,14,4,10,True
ZTF19abdabyi,events/ZTF19abdabyi.npz,CV,CV,core,1,1,0,False
ZTF19abdcvph,events/ZTF19abdcvph.npz,CV,CV,core,6,4,2,False
ZTF19abddqhy,events/ZTF19abddqhy.npz,SN Ia,SNI,core,14,7,7,True
ZTF19abddsvk,events/ZTF19abddsvk.npz,SN II,SNII,core,10,5,5,True
ZTF19abdduix,events/ZTF19abdduix.npz,SN Ia,SNI,core,13,8,5,True
ZTF19abdgpuv,events/ZTF19abdgpuv.npz,SN Ia,SNI,core,15,6,9,True
ZTF19abdjsss,events/ZTF19abdjsss.npz,SN Ia,SNI,core,11,4,7,True
ZTF19abdkbcx,events/ZTF19abdkbcx.npz,AGN,AGN,core,26,13,13,True
ZTF19abdkbwy,events/ZTF19abdkbwy.npz,SN Ia,SNI,core,8,3,5,True
ZTF19abdkcib,events/ZTF19abdkcib.npz,SN Ia,SNI,core,17,10,7,True
ZTF19abdkcts,events/ZTF19abdkcts.npz,SN Ia,SNI,core,54,31,23,True
ZTF19abdkdir,events/ZTF19abdkdir.npz,SN Ia-91T,SNI,core,16,7,9,True
ZTF19abdkdoz,events/ZTF19abdkdoz.npz,SN Ia,SNI,core,15,9,6,True
ZTF19abdkecj,events/ZTF19abdkecj.npz,SN Ia,SNI,core,21,10,11,True
ZTF19abdkfqe,events/ZTF19abdkfqe.npz,SN Ia,SNI,core,35,18,17,True
ZTF19abdkgns,events/ZTF19abdkgns.npz,SN Ia,SNI,core,37,15,22,True
ZTF19abdkgwo,events/ZTF19abdkgwo.npz,SN II,SNII,core,82,43,39,True
ZTF19abdlffo,events/ZTF19abdlffo.npz,AGN,AGN,core,35,12,23,True
ZTF19abdmdow,events/ZTF19abdmdow.npz,SN Ia-91T,SNI,core,14,9,5,True
ZTF19abdmfgf,events/ZTF19abdmfgf.npz,SN Ia,SNI,core,10,5,5,True
ZTF19abdoior,events/ZTF19abdoior.npz,SN Ic,SNI,core,14,7,7,True
ZTF19abdolkk,events/ZTF19abdolkk.npz,CV,CV,core,5,2,3,False
ZTF19abdoznh,events/ZTF19abdoznh.npz,SN Ia,SNI,core,30,12,18,True
ZTF19abdqaao,events/ZTF19abdqaao.npz,SN Ia,SNI,core,21,12,9,True
ZTF19abdqfdd,events/ZTF19abdqfdd.npz,CV,CV,core,2,1,1,False
ZTF19abdqhzt,events/ZTF19abdqhzt.npz,CV,CV,core,31,20,11,True
ZTF19abdrwsz,events/ZTF19abdrwsz.npz,SN Ia,SNI,core,37,21,16,True
ZTF19abdsntm,events/ZTF19abdsntm.npz,SN Ia,SNI,core,2,1,1,False
ZTF19abdviwl,events/ZTF19abdviwl.npz,SN IIn,SNII,core,38,19,19,True
ZTF19abdvpfj,events/ZTF19abdvpfj.npz,SN Ia,SNI,core,9,6,3,True
ZTF19abdyawn,events/ZTF19abdyawn.npz,SN Ia,SNI,core,49,16,33,True
ZTF19abdzehg,events/ZTF19abdzehg.npz,SN Ia,SNI,core,38,17,21,True
ZTF19abdznxo,events/ZTF19abdznxo.npz,SN Ia,SNI,core,12,7,5,True
ZTF19abecaca,events/ZTF19abecaca.npz,SN IIn,SNII,core,30,16,14,True
ZTF19abegizf,events/ZTF19abegizf.npz,SN II,SNII,core,24,8,16,True
ZTF19abegkxo,events/ZTF19abegkxo.npz,AGN,AGN,core,1,1,0,False
ZTF19abegruk,events/ZTF19abegruk.npz,SN Ia,SNI,core,34,18,16,True
ZTF19abegxfs,events/ZTF19abegxfs.npz,SN IIn,SNII,core,37,17,20,True
ZTF19abegxob,events/ZTF19abegxob.npz,SN Ia,SNI,core,37,17,20,True
ZTF19abegzry,events/ZTF19abegzry.npz,SN II,SNII,core,7,0,7,False
ZTF19abeizmo,events/ZTF19abeizmo.npz,SN Ia,SNI,core,1,0,1,False
ZTF19abejaiy,events/ZTF19abejaiy.npz,SN II,SNII,core,10,0,10,False
ZTF19abeloei,events/ZTF19abeloei.npz,SN Ia,SNI,core,84,36,48,True
ZTF19abetjcx,events/ZTF19abetjcx.npz,SN Ia,SNI,core,12,3,9,True
ZTF19abexfad,events/ZTF19abexfad.npz,SN Ia,SNI,core,17,7,10,True
ZTF19abeytzv,events/ZTF19abeytzv.npz,SN Ia,SNI,core,22,7,15,True
ZTF19abfaqqo,events/ZTF19abfaqqo.npz,SN Ia,SNI,core,13,7,6,True
ZTF19abfdsbu,events/ZTF19abfdsbu.npz,SN Ia,SNI,core,12,8,4,True
ZTF19abfdszw,events/ZTF19abfdszw.npz,SN Ia,SNI,core,15,8,7,True
ZTF19abfhszx,events/ZTF19abfhszx.npz,SN Ia,SNI,core,15,6,9,True
ZTF19abfibel,events/ZTF19abfibel.npz,SN Ia,SNI,core,42,18,24,True
ZTF19abfiqjg,events/ZTF19abfiqjg.npz,SN Ic,SNI,core,18,8,10,True
ZTF19abfjjbi,events/ZTF19abfjjbi.npz,AGN,AGN,core,10,8,2,True
ZTF19abfjjlk,events/ZTF19abfjjlk.npz,SN Ia,SNI,core,6,6,0,False
ZTF19abfloxk,events/ZTF19abfloxk.npz,SN II,SNII,core,26,12,14,True
ZTF19abflpfn,events/ZTF19abflpfn.npz,CV,CV,core,9,5,4,True
ZTF19abfpupe,events/ZTF19abfpupe.npz,SN Ia,SNI,core,12,6,6,True
ZTF19abfqhis,events/ZTF19abfqhis.npz,SN Ia,SNI,core,16,8,8,True
ZTF19abfsxpw,events/ZTF19abfsxpw.npz,SN Ic-BL,SNI,core,18,11,7,True
ZTF19abfvemi,events/ZTF19abfvemi.npz,SN Ia,SNI,core,7,3,4,False
ZTF19abfvhlx,events/ZTF19abfvhlx.npz,SN Ia,SNI,core,17,10,7,True
ZTF19abfvovo,events/ZTF19abfvovo.npz,SN Ia,SNI,core,16,8,8,True
ZTF19abfvpkq,events/ZTF19abfvpkq.npz,SN Ia,SNI,core,22,10,12,True
ZTF19abfwdqv,events/ZTF19abfwdqv.npz,SN II,SNII,core,4,2,2,False
ZTF19abfwdyt,events/ZTF19abfwdyt.npz,SN Ia,SNI,core,4,2,2,False
ZTF19abfwfei,events/ZTF19abfwfei.npz,SN Ia,SNI,core,16,11,5,True
ZTF19abfwhja,events/ZTF19abfwhja.npz,SN Ia,SNI,core,6,4,2,False
ZTF19abfwtkw,events/ZTF19abfwtkw.npz,SN Ia,SNI,core,70,30,40,True
ZTF19abgafkt,events/ZTF19abgafkt.npz,SN Ia,SNI,core,25,14,11,True
ZTF19abgbbzy,events/ZTF19abgbbzy.npz,SN IIb,SNII,core,2,1,1,False
ZTF19abgbdcp,events/ZTF19abgbdcp.npz,SN II,SNII,core,9,6,3,True
ZTF19abgbkwv,events/ZTF19abgbkwv.npz,SN Ia,SNI,core,16,7,9,True
ZTF19abgcbey,events/ZTF19abgcbey.npz,SN Ia,SNI,core,23,11,12,True
ZTF19abgcnzi,events/ZTF19abgcnzi.npz,CV,CV,core,10,6,4,True
ZTF19abgczul,events/ZTF19abgczul.npz,CV,CV,core,12,6,6,True
ZTF19abgfrbl,events/ZTF19abgfrbl.npz,SN Ia,SNI,core,31,18,13,True
ZTF19abgfuhh,events/ZTF19abgfuhh.npz,SN IIb,SNII,core,33,18,15,True
ZTF19abgglfz,events/ZTF19abgglfz.npz,CV,CV,core,3,2,1,False
ZTF19abggnnp,events/ZTF19abggnnp.npz,SN Ia,SNI,core,15,8,7,True
ZTF19abgitjn,events/ZTF19abgitjn.npz,CV,CV,core,15,7,8,True
ZTF19abgiwkt,events/ZTF19abgiwkt.npz,SN II,SNII,core,51,25,26,True
ZTF19abgjlef,events/ZTF19abgjlef.npz,SN Ia,SNI,core,23,7,16,True
ZTF19abgknfb,events/ZTF19abgknfb.npz,CV,CV,core,3,2,1,False
ZTF19abglmpf,events/ZTF19abglmpf.npz,SN Ia,SNI,core,61,30,31,True
ZTF19abgmjtu,events/ZTF19abgmjtu.npz,SN Ia-91T,SNI,core,18,7,11,True
ZTF19abgmkef,events/ZTF19abgmkef.npz,SN II,SNII,core,40,18,22,True
ZTF19abgmxwn,events/ZTF19abgmxwn.npz,SN Ia,SNI,core,7,2,5,False
ZTF19abgnbjr,events/ZTF19abgnbjr.npz,SN Ib/c,SNI,core,8,0,8,False
ZTF19abgncfz,events/ZTF19abgncfz.npz,SN II,SNII,core,32,15,17,True
ZTF19abgndlf,events/ZTF19abgndlf.npz,SN IIn,SNII,core,82,41,41,True
ZTF19abgnuri,events/ZTF19abgnuri.npz,SN Ia,SNI,core,65,29,36,True
ZTF19abgpgyp,events/ZTF19abgpgyp.npz,SN II,SNII,core,36,17,19,True
ZTF19abgppki,events/ZTF19abgppki.npz,SN Ia,SNI,core,13,5,8,True
ZTF19abgprpq,events/ZTF19abgprpq.npz,SN Ia,SNI,core,22,9,13,True
ZTF19abgqvyr,events/ZTF19abgqvyr.npz,SN Ia,SNI,core,20,8,12,True
ZTF19abgqwed,events/ZTF19abgqwed.npz,SN Ia,SNI,core,12,5,7,True
ZTF19abgrchq,events/ZTF19abgrchq.npz,SN II,SNII,core,17,5,12,True
ZTF19abgrcxs,events/ZTF19abgrcxs.npz,SN Ia,SNI,core,41,15,26,True
ZTF19abgrmfu,events/ZTF19abgrmfu.npz,SN II,SNII,core,27,14,13,True
ZTF19abgsyrp,events/ZTF19abgsyrp.npz,SN Ia,SNI,core,23,10,13,True
ZTF19abgueit,events/ZTF19abgueit.npz,CV,CV,core,15,7,8,True
ZTF19abguqsi,events/ZTF19abguqsi.npz,SN II,SNII,core,21,8,13,True
ZTF19abguzsx,events/ZTF19abguzsx.npz,SN Ia,SNI,core,10,6,4,True
ZTF19abhbiqq,events/ZTF19abhbiqq.npz,CV,CV,core,9,4,5,True
ZTF19abhbjge,events/ZTF19abhbjge.npz,SN Ia,SNI,core,4,1,3,False
ZTF19abhdlxp,events/ZTF19abhdlxp.npz,SN Ia,SNI,core,22,9,13,True
ZTF19abhdqlq,events/ZTF19abhdqlq.npz,SN Ia,SNI,core,10,4,6,True
ZTF19abhduuo,events/ZTF19abhduuo.npz,SN II,SNII,core,21,9,12,True
ZTF19abheamc,events/ZTF19abheamc.npz,SN Ia,SNI,core,41,20,21,True
ZTF19abhelmm,events/ZTF19abhelmm.npz,AGN,AGN,core,4,3,1,False
ZTF19abhemuy,events/ZTF19abhemuy.npz,SN Ia,SNI,core,7,4,3,False
ZTF19abhfpok,events/ZTF19abhfpok.npz,CV,CV,core,6,2,4,False
ZTF19abhhocz,events/ZTF19abhhocz.npz,SN Ia,SNI,core,11,3,8,True
ZTF19abhiayh,events/ZTF19abhiayh.npz,SN Ia,SNI,core,16,6,10,True
ZTF19abhibzk,events/ZTF19abhibzk.npz,SN Ia-91bg,SNI,core,19,8,11,True
ZTF19abhjhes,events/ZTF19abhjhes.npz,SN Ia,SNI,core,25,12,13,True
ZTF19abhphah,events/ZTF19abhphah.npz,SN Ia,SNI,core,127,60,67,True
ZTF19abhpvfq,events/ZTF19abhpvfq.npz,SN Ia,SNI,core,10,2,8,True
ZTF19abhvryy,events/ZTF19abhvryy.npz,AGN,AGN,core,25,12,13,True
ZTF19abhxllw,events/ZTF19abhxllw.npz,SN Ia,SNI,core,17,9,8,True
ZTF19abhzdjp,events/ZTF19abhzdjp.npz,SN Ia,SNI,core,30,10,20,True
ZTF19abhzelh,events/ZTF19abhzelh.npz,SN Ia,SNI,core,44,16,28,True
ZTF19abhzewi,events/ZTF19abhzewi.npz,SN Ia,SNI,core,26,16,10,True
ZTF19abhztqq,events/ZTF19abhztqq.npz,SN Ia,SNI,core,63,28,35,True
ZTF19abiahik,events/ZTF19abiahik.npz,SN Ia,SNI,core,25,10,15,True
ZTF19abiahko,events/ZTF19abiahko.npz,SN IIP,SNII,core,19,8,11,True
ZTF19abidbqp,events/ZTF19abidbqp.npz,SN II,SNII,core,76,37,39,True
ZTF19abidbya,events/ZTF19abidbya.npz,TDE,TDE,core,21,10,11,True
ZTF19abidfsb,events/ZTF19abidfsb.npz,SN Ia,SNI,core,14,5,9,True
ZTF19abidfxd,events/ZTF19abidfxd.npz,SN Ia,SNI,core,21,9,12,True
ZTF19abiietd,events/ZTF19abiietd.npz,SN II,SNII,core,31,17,14,True
ZTF19abimkwn,events/ZTF19abimkwn.npz,SN Ia,SNI,core,51,23,28,True
ZTF19abimlck,events/ZTF19abimlck.npz,SN Ia,SNI,core,170,27,143,True
ZTF19abimzvh,events/ZTF19abimzvh.npz,SN Ia,SNI,core,52,23,29,True
ZTF19abinjcy,events/ZTF19abinjcy.npz,SN Ia,SNI,core,140,63,77,True
ZTF19abipmfl,events/ZTF19abipmfl.npz,SN Ia,SNI,core,12,5,7,True
ZTF19abiqfxi,events/ZTF19abiqfxi.npz,SN II,SNII,core,43,21,22,True
ZTF19abiqwtf,events/ZTF19abiqwtf.npz,CV,CV,core,8,4,4,True
ZTF19abirbpd,events/ZTF19abirbpd.npz,SN Ia,SNI,core,24,11,13,True
ZTF19abirfmc,events/ZTF19abirfmc.npz,SN IIn,SNII,core,3,3,0,False
ZTF19abisbgx,events/ZTF19abisbgx.npz,SN Ia,SNI,core,10,5,5,True
ZTF19abiszoe,events/ZTF19abiszoe.npz,SN IIn,SNII,core,10,5,5,True
ZTF19abiszzn,events/ZTF19abiszzn.npz,SN II,SNII,core,17,9,8,True
ZTF19abitbcj,events/ZTF19abitbcj.npz,SN Ia,SNI,core,57,30,27,True
ZTF19abitexk,events/ZTF19abitexk.npz,AGN,AGN,core,4,2,2,False
ZTF19abitljz,events/ZTF19abitljz.npz,SN Ia,SNI,core,15,7,8,True
ZTF19abixauz,events/ZTF19abixauz.npz,SN Ia,SNI,core,12,5,7,True
ZTF19abjacdu,events/ZTF19abjacdu.npz,SN IIn,SNII,core,156,71,85,True
ZTF19abjamgc,events/ZTF19abjamgc.npz,SN Ia,SNI,core,16,8,8,True
ZTF19abjarhj,events/ZTF19abjarhj.npz,SN Ia-91T,SNI,core,27,15,12,True
ZTF19abjbtbm,events/ZTF19abjbtbm.npz,SN II,SNII,core,10,7,3,True
ZTF19abjgbmo,events/ZTF19abjgbmo.npz,SN Ia,SNI,core,20,8,12,True
ZTF19abjgdhb,events/ZTF19abjgdhb.npz,SN II,SNII,core,21,5,16,True
ZTF19abjgdko,events/ZTF19abjgdko.npz,SN Ia,SNI,core,28,7,21,True
ZTF19abjibet,events/ZTF19abjibet.npz,SN Ia,SNI,core,95,44,51,True
ZTF19abjioie,events/ZTF19abjioie.npz,SN II,SNII,core,18,8,10,True
ZTF19abjmnlw,events/ZTF19abjmnlw.npz,AGN,AGN,core,32,14,18,True
ZTF19abjnwcy,events/ZTF19abjnwcy.npz,AGN,AGN,core,29,9,20,True
ZTF19abjozed,events/ZTF19abjozed.npz,SN Ia,SNI,core,26,12,14,True
ZTF19abjpelp,events/ZTF19abjpelp.npz,SN Ia,SNI,core,16,8,8,True
ZTF19abjpkdz,events/ZTF19abjpkdz.npz,SN Ia,SNI,core,13,6,7,True
ZTF19abjpntj,events/ZTF19abjpntj.npz,SN II,SNII,core,69,30,39,True
ZTF19abjrjdw,events/ZTF19abjrjdw.npz,SN II,SNII,core,26,15,11,True
ZTF19abjrkqn,events/ZTF19abjrkqn.npz,SN Ia,SNI,core,12,5,7,True
ZTF19abjslyw,events/ZTF19abjslyw.npz,SN Ia,SNI,core,10,6,4,True
ZTF19abjsmmv,events/ZTF19abjsmmv.npz,SN II,SNII,core,51,29,22,True
ZTF19abjswdz,events/ZTF19abjswdz.npz,SN Ia-91T,SNI,core,13,9,4,True
ZTF19abkdehm,events/ZTF19abkdehm.npz,SN Ia,SNI,core,36,19,17,True
ZTF19abkdrir,events/ZTF19abkdrir.npz,SN Ia,SNI,core,29,15,14,True
ZTF19abkfmjp,events/ZTF19abkfmjp.npz,SN II,SNII,core,31,14,17,True
ZTF19abkfqqp,events/ZTF19abkfqqp.npz,SN II,SNII,core,46,23,23,True
ZTF19abkftvd,events/ZTF19abkftvd.npz,SN Ia,SNI,core,25,13,12,True
ZTF19abkfxfb,events/ZTF19abkfxfb.npz,SN II,SNII,core,32,16,16,True
ZTF19abkgbul,events/ZTF19abkgbul.npz,SN Ia,SNI,core,19,10,9,True
ZTF19abkgjmj,events/ZTF19abkgjmj.npz,SN II,SNII,core,50,28,22,True
ZTF19abkhmcv,events/ZTF19abkhmcv.npz,AGN,AGN,core,11,7,4,True
ZTF19abkjbnq,events/ZTF19abkjbnq.npz,CV,CV,core,1,0,1,False
ZTF19abkjbur,events/ZTF19abkjbur.npz,SN Ia,SNI,core,10,6,4,True
ZTF19abkrbjt,events/ZTF19abkrbjt.npz,SN Ia,SNI,core,24,16,8,True
ZTF19abkrlew,events/ZTF19abkrlew.npz,SN Ia,SNI,core,29,13,16,True
ZTF19abkromi,events/ZTF19abkromi.npz,SN Ia,SNI,core,1,0,1,False
ZTF19abkxeft,events/ZTF19abkxeft.npz,SN II,SNII,core,1,1,0,False
ZTF19ablekwo,events/ZTF19ablekwo.npz,SN Ia,SNI,core,22,11,11,True
ZTF19ablesob,events/ZTF19ablesob.npz,SN Ic-BL,SNI,core,49,21,28,True
ZTF19ablfaey,events/ZTF19ablfaey.npz,SN Ia,SNI,core,18,5,13,True
ZTF19ablfcjr,events/ZTF19ablfcjr.npz,SN Ia,SNI,core,16,7,9,True
ZTF19ablfdwt,events/ZTF19ablfdwt.npz,SN II,SNII,core,30,13,17,True
ZTF19abljehr,events/ZTF19abljehr.npz,CV,CV,core,2,1,1,False
ZTF19abllcvf,events/ZTF19abllcvf.npz,CV,CV,core,4,2,2,False
ZTF19ablojrw,events/ZTF19ablojrw.npz,SN IIn,SNII,core,20,8,12,True
ZTF19ablovot,events/ZTF19ablovot.npz,SN Ia,SNI,core,49,19,30,True
ZTF19ablpfhz,events/ZTF19ablpfhz.npz,SN Ia,SNI,core,31,14,17,True
ZTF19ablpnmk,events/ZTF19ablpnmk.npz,SN Ia,SNI,core,26,9,17,True
ZTF19ablpwta,events/ZTF19ablpwta.npz,AGN,AGN,core,35,19,16,True
ZTF19ablpxtf,events/ZTF19ablpxtf.npz,SN Ia,SNI,core,18,6,12,True
ZTF19ablqnuw,events/ZTF19ablqnuw.npz,SN Ia,SNI,core,14,4,10,True
ZTF19ablrkfz,events/ZTF19ablrkfz.npz,SN Ia,SNI,core,11,6,5,True
ZTF19ablujxj,events/ZTF19ablujxj.npz,CV,CV,core,19,9,10,True
ZTF19ablusdf,events/ZTF19ablusdf.npz,SN Ia,SNI,core,30,14,16,True
ZTF19ablwwox,events/ZTF19ablwwox.npz,CV,CV,core,10,5,5,True
ZTF19ablzora,events/ZTF19ablzora.npz,SN IIn,SNII,core,11,6,5,True
ZTF19abmmksy,events/ZTF19abmmksy.npz,AGN,AGN,core,3,1,2,False
ZTF19abmolyr,events/ZTF19abmolyr.npz,SN Ia,SNI,core,52,26,26,True
ZTF19abmpoxa,events/ZTF19abmpoxa.npz,SN Ia,SNI,core,19,10,9,True
ZTF19abmprjj,events/ZTF19abmprjj.npz,SN Ia,SNI,core,12,4,8,True
ZTF19abmqasg,events/ZTF19abmqasg.npz,SN Ia,SNI,core,21,10,11,True
ZTF19abmtpvz,events/ZTF19abmtpvz.npz,SN II,SNII,core,13,2,11,True
ZTF19abmugyh,events/ZTF19abmugyh.npz,SN Ia,SNI,core,18,10,8,True
ZTF19abmylxw,events/ZTF19abmylxw.npz,SN Ia,SNI,core,114,56,58,True
ZTF19abmzmom,events/ZTF19abmzmom.npz,SN Ia,SNI,core,9,3,6,True
ZTF19abmzord,events/ZTF19abmzord.npz,SN Ia,SNI,core,12,5,7,True
ZTF19abnagzk,events/ZTF19abnagzk.npz,SN Ia,SNI,core,65,10,55,True
ZTF19abndojo,events/ZTF19abndojo.npz,AGN,AGN,core,2,1,1,False
ZTF19abnggdt,events/ZTF19abnggdt.npz,SN Ia,SNI,core,1,1,0,False
ZTF19abnhegb,events/ZTF19abnhegb.npz,SN Ia,SNI,core,10,4,6,True
ZTF19abnimpq,events/ZTF19abnimpq.npz,SN Ia,SNI,core,42,18,24,True
ZTF19abnishu,events/ZTF19abnishu.npz,SN Ia,SNI,core,23,10,13,True
ZTF19abnkrcd,events/ZTF19abnkrcd.npz,SN Ia,SNI,core,12,5,7,True
ZTF19abnktws,events/ZTF19abnktws.npz,SN Ia,SNI,core,13,6,7,True
ZTF19abnmrqt,events/ZTF19abnmrqt.npz,SN Ia,SNI,core,91,43,48,True
ZTF19abnoxud,events/ZTF19abnoxud.npz,SN Ia,SNI,core,10,5,5,True
ZTF19abocled,events/ZTF19abocled.npz,SN Ia,SNI,core,17,8,9,True
ZTF19abomiel,events/ZTF19abomiel.npz,SN Ia,SNI,core,20,11,9,True
ZTF19abonixj,events/ZTF19abonixj.npz,CV,CV,core,2,2,0,False
ZTF19abopflp,events/ZTF19abopflp.npz,SN Ia,SNI,core,66,26,40,True
ZTF19abopyyu,events/ZTF19abopyyu.npz,SN Ia,SNI,core,28,13,15,True
ZTF19abormno,events/ZTF19abormno.npz,SN Ia,SNI,core,6,4,2,False
ZTF19abormur,events/ZTF19abormur.npz,SN II,SNII,core,26,13,13,True
ZTF19abornyn,events/ZTF19abornyn.npz,SN Ia,SNI,core,16,9,7,True
ZTF19abotfag,events/ZTF19abotfag.npz,SN Ia,SNI,core,15,9,6,True
ZTF19aboudfp,events/ZTF19aboudfp.npz,SN Ia,SNI,core,11,3,8,True
ZTF19aboueif,events/ZTF19aboueif.npz,CV,CV,core,8,4,4,True
ZTF19abovstj,events/ZTF19abovstj.npz,SN II,SNII,core,13,7,6,True
ZTF19abovtfk,events/ZTF19abovtfk.npz,SN Ia,SNI,core,9,4,5,True
ZTF19abowcic,events/ZTF19abowcic.npz,SN Ia,SNI,core,69,29,40,True
ZTF19aboxjlj,events/ZTF19aboxjlj.npz,SN Ia,SNI,core,31,14,17,True
ZTF19abozuxh,events/ZTF19abozuxh.npz,SN Ia,SNI,core,13,5,8,True
ZTF19abpangr,events/ZTF19abpangr.npz,SN Ic-BL,SNI,core,12,3,9,True
ZTF19abpaskr,events/ZTF19abpaskr.npz,CV,CV,core,6,3,3,False
ZTF19abpavsn,events/ZTF19abpavsn.npz,SN Ia,SNI,core,15,7,8,True
ZTF19abpbbxx,events/ZTF19abpbbxx.npz,SN Ia,SNI,core,22,8,14,True
ZTF19abpbmli,events/ZTF19abpbmli.npz,SN Ia,SNI,core,11,6,5,True
ZTF19abpbqor,events/ZTF19abpbqor.npz,SN Ia,SNI,core,16,10,6,True
ZTF19abpbvsk,events/ZTF19abpbvsk.npz,SN Ia,SNI,core,30,0,30,False
ZTF19abpelgt,events/ZTF19abpelgt.npz,SN Ia,SNI,core,16,7,9,True
ZTF19abpfxfs,events/ZTF19abpfxfs.npz,SN Ia,SNI,core,16,7,9,True
ZTF19abpgggu,events/ZTF19abpgggu.npz,SN Ia,SNI,core,25,11,14,True
ZTF19abpidqn,events/ZTF19abpidqn.npz,SN IIn,SNII,core,18,8,10,True
ZTF19abplfxs,events/ZTF19abplfxs.npz,SN Ia,SNI,core,32,19,13,True
ZTF19abpmetl,events/ZTF19abpmetl.npz,SN Ia,SNI,core,28,12,16,True
ZTF19abpnpcy,events/ZTF19abpnpcy.npz,CV,CV,core,8,4,4,True
ZTF19abpnrqa,events/ZTF19abpnrqa.npz,SN Ia,SNI,core,12,5,7,True
ZTF19abpnrrf,events/ZTF19abpnrrf.npz,SN II,SNII,core,17,7,10,True
ZTF19abpnsck,events/ZTF19abpnsck.npz,SN Ia,SNI,core,22,10,12,True
ZTF19abppewc,events/ZTF19abppewc.npz,CV,CV,core,25,10,15,True
ZTF19abpqfvo,events/ZTF19abpqfvo.npz,SN Ia,SNI,core,1,0,1,False
ZTF19abpuyvi,events/ZTF19abpuyvi.npz,CV,CV,core,14,8,6,True
ZTF19abpveqn,events/ZTF19abpveqn.npz,SN Ia,SNI,core,10,6,4,True
ZTF19abpvyac,events/ZTF19abpvyac.npz,CV,CV,core,2,1,1,False
ZTF19abpwygn,events/ZTF19abpwygn.npz,CV,CV,core,3,1,2,False
ZTF19abpxcaf,events/ZTF19abpxcaf.npz,SN Ia,SNI,core,16,5,11,True
ZTF19abpxiff,events/ZTF19abpxiff.npz,SN II,SNII,core,20,10,10,True
ZTF19abpxmgt,events/ZTF19abpxmgt.npz,AGN,AGN,core,10,7,3,True
ZTF19abpxttd,events/ZTF19abpxttd.npz,SN Ia,SNI,core,15,8,7,True
ZTF19abpyjqx,events/ZTF19abpyjqx.npz,SN Ia,SNI,core,8,4,4,True
ZTF19abpypvc,events/ZTF19abpypvc.npz,SN Ia,SNI,core,10,3,7,True
ZTF19abpyqog,events/ZTF19abpyqog.npz,SN II,SNII,core,57,24,33,True
ZTF19abpztlw,events/ZTF19abpztlw.npz,SN Ia,SNI,core,22,7,15,True
ZTF19abpzuzd,events/ZTF19abpzuzd.npz,SN Ia,SNI,core,49,19,30,True
ZTF19abqanpy,events/ZTF19abqanpy.npz,SN Ia,SNI,core,271,37,234,True
ZTF19abqgrht,events/ZTF19abqgrht.npz,SN Ia,SNI,core,6,4,2,False
ZTF19abqgtqo,events/ZTF19abqgtqo.npz,SN II,SNII,core,140,59,81,True
ZTF19abqgwuy,events/ZTF19abqgwuy.npz,SN Ia,SNI,core,48,25,23,True
ZTF19abqgxpt,events/ZTF19abqgxpt.npz,SN Ia,SNI,core,20,8,12,True
ZTF19abqgytb,events/ZTF19abqgytb.npz,SN Ia,SNI,core,27,12,15,True
ZTF19abqgzea,events/ZTF19abqgzea.npz,SN Ia,SNI,core,25,10,15,True
ZTF19abqhikf,events/ZTF19abqhikf.npz,SN Ia,SNI,core,27,15,12,True
ZTF19abqhobb,events/ZTF19abqhobb.npz,SN II,SNII,core,147,72,75,True
ZTF19abqimia,events/ZTF19abqimia.npz,SN Ia,SNI,core,10,5,5,True
ZTF19abqirpa,events/ZTF19abqirpa.npz,SN Ia,SNI,core,6,5,1,False
ZTF19abqivge,events/ZTF19abqivge.npz,CV,CV,core,7,4,3,False
ZTF19abqjypm,events/ZTF19abqjypm.npz,SN Ia,SNI,core,11,6,5,True
ZTF19abqkpoi,events/ZTF19abqkpoi.npz,SN Ia,SNI,core,12,9,3,True
ZTF19abqlrtb,events/ZTF19abqlrtb.npz,SN Ia,SNI,core,22,10,12,True
ZTF19abqmjdq,events/ZTF19abqmjdq.npz,SN Ia,SNI,core,22,11,11,True
ZTF19abqmpsr,events/ZTF19abqmpsr.npz,SN Ia,SNI,core,37,17,20,True
ZTF19abqmsbk,events/ZTF19abqmsbk.npz,SN Ic,SNI,core,14,11,3,True
ZTF19abqmsnk,events/ZTF19abqmsnk.npz,SN IIb,SNII,core,14,7,7,True
ZTF19abqmucc,events/ZTF19abqmucc.npz,SN Ia,SNI,core,4,3,1,False
ZTF19abqmurd,events/ZTF19abqmurd.npz,SN II,SNII,core,8,5,3,True
ZTF19abqneae,events/ZTF19abqneae.npz,CV,CV,core,6,3,3,False
ZTF19abqqcyo,events/ZTF19abqqcyo.npz,SN Ia,SNI,core,10,4,6,True
ZTF19abqqmui,events/ZTF19abqqmui.npz,SN Ia,SNI,core,19,7,12,True
ZTF19abqqrgy,events/ZTF19abqqrgy.npz,SN Ib,SNI,core,19,7,12,True
ZTF19abqqvhd,events/ZTF19abqqvhd.npz,SN Ia,SNI,core,10,0,10,False
ZTF19abqrhvt,events/ZTF19abqrhvt.npz,SN II,SNII,core,29,14,15,True
ZTF19abqrhvy,events/ZTF19abqrhvy.npz,SN II,SNII,core,164,83,81,True
ZTF19abqrrto,events/ZTF19abqrrto.npz,SN Ia-91T,SNI,core,213,42,171,True
ZTF19abqrxhy,events/ZTF19abqrxhy.npz,SN II,SNII,core,8,8,0,False
ZTF19abqshry,events/ZTF19abqshry.npz,SN Ic-BL,SNI,core,15,8,7,True
ZTF19abqsojs,events/ZTF19abqsojs.npz,SN Ia-91T,SNI,core,16,9,7,True
ZTF19abqsvgf,events/ZTF19abqsvgf.npz,SN Ia,SNI,core,29,16,13,True
ZTF19abqviuy,events/ZTF19abqviuy.npz,SN Ia,SNI,core,34,17,17,True
ZTF19abqwsuf,events/ZTF19abqwsuf.npz,SN II,SNII,core,28,6,22,True
ZTF19abqwtfu,events/ZTF19abqwtfu.npz,SN Ib,SNI,core,75,35,40,True
ZTF19abqxhhr,events/ZTF19abqxhhr.npz,SN Ia,SNI,core,17,6,11,True
ZTF19abqxibq,events/ZTF19abqxibq.npz,SN Ib,SNI,core,36,16,20,True
ZTF19abqybcz,events/ZTF19abqybcz.npz,SN Ia,SNI,core,6,3,3,False
ZTF19abqykei,events/ZTF19abqykei.npz,SN IIb,SNII,core,34,17,17,True
ZTF19abqykyd,events/ZTF19abqykyd.npz,SN Ia,SNI,core,22,10,12,True
ZTF19abqyouo,events/ZTF19abqyouo.npz,SN IIP,SNII,core,24,11,13,True
ZTF19abqyoxh,events/ZTF19abqyoxh.npz,SN Ia,SNI,core,23,11,12,True
ZTF19abqyoxj,events/ZTF19abqyoxj.npz,SN IIP,SNII,core,38,12,26,True
ZTF19abqyoxt,events/ZTF19abqyoxt.npz,SN II,SNII,core,47,22,25,True
ZTF19abqysic,events/ZTF19abqysic.npz,SN Ia-pec,SNI,core,40,19,21,True
ZTF19abraqpf,events/ZTF19abraqpf.npz,CV,CV,core,18,11,7,True
ZTF19abrbmvt,events/ZTF19abrbmvt.npz,SN II,SNII,core,71,29,42,True
ZTF19abrcvzz,events/ZTF19abrcvzz.npz,SN Ia,SNI,core,49,20,29,True
ZTF19abrdnty,events/ZTF19abrdnty.npz,SN Ia,SNI,core,30,14,16,True
ZTF19abrhdui,events/ZTF19abrhdui.npz,CV,CV,core,29,11,18,True
ZTF19abrhyqs,events/ZTF19abrhyqs.npz,SN Ia,SNI,core,10,4,6,True
ZTF19abrirmk,events/ZTF19abrirmk.npz,SN Ib,SNI,core,16,8,8,True
ZTF19abrlvij,events/ZTF19abrlvij.npz,SN II,SNII,core,85,33,52,True
ZTF19abrmlxu,events/ZTF19abrmlxu.npz,SN Ia,SNI,core,18,6,12,True
ZTF19abrogbl,events/ZTF19abrogbl.npz,SN Ia,SNI,core,54,30,24,True
ZTF19abrougq,events/ZTF19abrougq.npz,CV,CV,core,3,2,1,False
ZTF19abrsssx,events/ZTF19abrsssx.npz,SN Ia,SNI,core,19,5,14,True
ZTF19abrsuah,events/ZTF19abrsuah.npz,SN Ia,SNI,core,12,7,5,True
ZTF19abrtjsf,events/ZTF19abrtjsf.npz,SN IIP,SNII,core,14,6,8,True
ZTF19abrvagn,events/ZTF19abrvagn.npz,SN Ia,SNI,core,9,5,4,True
ZTF19absfopz,events/ZTF19absfopz.npz,SN Ia,SNI,core,17,9,8,True
ZTF19abstsvm,events/ZTF19abstsvm.npz,SN IIn,SNII,core,1,1,0,False
ZTF19absymnz,events/ZTF19absymnz.npz,SN Ia,SNI,core,9,6,3,True
ZTF19abszdld,events/ZTF19abszdld.npz,SN Ia,SNI,core,1,0,1,False
ZTF19abtcapa,events/ZTF19abtcapa.npz,SN Ia,SNI,core,5,2,3,False
ZTF19abtnbtt,events/ZTF19abtnbtt.npz,SN Ia,SNI,core,15,7,8,True
ZTF19abtnftd,events/ZTF19abtnftd.npz,SN Ia,SNI,core,33,16,17,True
ZTF19abtslqm,events/ZTF19abtslqm.npz,SN IIP,SNII,core,20,9,11,True
ZTF19abtsnyy,events/ZTF19abtsnyy.npz,SN Ic,SNI,core,50,20,30,True
ZTF19abtsrup,events/ZTF19abtsrup.npz,SN Ia,SNI,core,79,35,44,True
ZTF19abttrte,events/ZTF19abttrte.npz,SN Ia,SNI,core,6,3,3,False
ZTF19abttstb,events/ZTF19abttstb.npz,SN Ia,SNI,core,19,6,13,True
ZTF19abtuflm,events/ZTF19abtuflm.npz,SN II,SNII,core,3,2,1,False
ZTF19abtuigb,events/ZTF19abtuigb.npz,SN Ia,SNI,core,4,3,1,False
ZTF19abtulak,events/ZTF19abtulak.npz,SN Ia,SNI,core,12,8,4,True
ZTF19abuayqg,events/ZTF19abuayqg.npz,SN Ia,SNI,core,44,19,25,True
ZTF19abuazly,events/ZTF19abuazly.npz,SN Ia,SNI,core,12,7,5,True
ZTF19abuclhk,events/ZTF19abuclhk.npz,SN Ia,SNI,core,18,8,10,True
ZTF19abucujw,events/ZTF19abucujw.npz,AGN,AGN,core,13,13,0,False
ZTF19abucvgu,events/ZTF19abucvgu.npz,SN Ia,SNI,core,15,8,7,True
ZTF19abucvhz,events/ZTF19abucvhz.npz,SN Ia,SNI,core,8,4,4,True
ZTF19abucwzt,events/ZTF19abucwzt.npz,SN Ib,SNI,core,28,15,13,True
ZTF19abudjie,events/ZTF19abudjie.npz,SN II,SNII,core,51,25,26,True
ZTF19abudlps,events/ZTF19abudlps.npz,SN II,SNII,core,38,18,20,True
ZTF19abuejud,events/ZTF19abuejud.npz,SN Ia,SNI,core,11,6,5,True
ZTF19abueupg,events/ZTF19abueupg.npz,SN II,SNII,core,123,60,63,True
ZTF19abuhlxk,events/ZTF19abuhlxk.npz,SN Ia,SNI,core,86,44,42,True
ZTF19abujhgm,events/ZTF19abujhgm.npz,SN Ia,SNI,core,61,18,43,True
ZTF19abujuex,events/ZTF19abujuex.npz,SN Ia,SNI,core,19,8,11,True
ZTF19abukakm,events/ZTF19abukakm.npz,SN II,SNII,core,34,16,18,True
ZTF19abulzhy,events/ZTF19abulzhy.npz,SN IIn,SNII,core,76,37,39,True
ZTF19abulzlj,events/ZTF19abulzlj.npz,SN Ia,SNI,core,60,28,32,True
ZTF19abuonnx,events/ZTF19abuonnx.npz,SN Ia,SNI,core,14,6,8,True
ZTF19abupned,events/ZTF19abupned.npz,SN Ic-BL,SNI,core,56,26,30,True
ZTF19aburnqh,events/ZTF19aburnqh.npz,SN Ia,SNI,core,25,12,13,True
ZTF19abutrau,events/ZTF19abutrau.npz,CV,CV,core,7,3,4,False
ZTF19abuxhqc,events/ZTF19abuxhqc.npz,SN Ia,SNI,core,23,9,14,True
ZTF19abuzinv,events/ZTF19abuzinv.npz,SN II,SNII,core,66,34,32,True
ZTF19abuzohq,events/ZTF19abuzohq.npz,AGN,AGN,core,3,2,1,False
ZTF19abuzpmr,events/ZTF19abuzpmr.npz,SN Ia,SNI,core,15,7,8,True
ZTF19abvalfd,events/ZTF19abvalfd.npz,SN Ia,SNI,core,18,7,11,True
ZTF19abvanim,events/ZTF19abvanim.npz,SN Ia,SNI,core,21,10,11,True
ZTF19abvbrve,events/ZTF19abvbrve.npz,SN IIP,SNII,core,17,10,7,True
ZTF19abvdbyx,events/ZTF19abvdbyx.npz,SN II,SNII,core,19,6,13,True
ZTF19abvdgqo,events/ZTF19abvdgqo.npz,SN Ib,SNI,core,37,18,19,True
ZTF19abvgnxg,events/ZTF19abvgnxg.npz,SN Ia,SNI,core,20,10,10,True
ZTF19abvgwvp,events/ZTF19abvgwvp.npz,SN Ia,SNI,core,21,9,12,True
ZTF19abvhduf,events/ZTF19abvhduf.npz,SN Ia,SNI,core,53,24,29,True
ZTF19abvhkst,events/ZTF19abvhkst.npz,SN Ia,SNI,core,82,33,49,True
ZTF19abvhmmw,events/ZTF19abvhmmw.npz,SN Ia,SNI,core,1,0,1,False
ZTF19abvixoy,events/ZTF19abvixoy.npz,CV,CV,core,1,0,1,False
ZTF19abvjcii,events/ZTF19abvjcii.npz,SN Ia,SNI,core,164,83,81,True
ZTF19abvjdfc,events/ZTF19abvjdfc.npz,SN Ia,SNI,core,12,4,8,True
ZTF19abvqtkz,events/ZTF19abvqtkz.npz,SN II,SNII,core,7,6,1,False
ZTF19abvvpoh,events/ZTF19abvvpoh.npz,SN Ia,SNI,core,9,4,5,True
ZTF19abwamby,events/ZTF19abwamby.npz,SN II,SNII,core,44,15,29,True
ZTF19abwaohs,events/ZTF19abwaohs.npz,SN Ia,SNI,core,100,43,57,True
ZTF19abwnpus,events/ZTF19abwnpus.npz,SN Ia,SNI,core,23,11,12,True
ZTF19abwouqp,events/ZTF19abwouqp.npz,SN Ia,SNI,core,46,20,26,True
ZTF19abwrzqb,events/ZTF19abwrzqb.npz,CV,CV,core,9,4,5,True
ZTF19abwsagv,events/ZTF19abwsagv.npz,SN II,SNII,core,37,17,20,True
ZTF19abwscog,events/ZTF19abwscog.npz,SN Ia,SNI,core,13,7,6,True
ZTF19abwsdic,events/ZTF19abwsdic.npz,SN Ia,SNI,core,15,8,7,True
ZTF19abwsecm,events/ZTF19abwsecm.npz,SN Ia,SNI,core,24,11,13,True
ZTF19abwsfsl,events/ZTF19abwsfsl.npz,CV,CV,core,8,4,4,True
ZTF19abwswzb,events/ZTF19abwswzb.npz,SN Ia,SNI,core,60,29,31,True
ZTF19abwsxug,events/ZTF19abwsxug.npz,SN Ia,SNI,core,16,8,8,True
ZTF19abwtgqb,events/ZTF19abwtgqb.npz,AGN,AGN,core,19,10,9,True
ZTF19abwztsb,events/ZTF19abwztsb.npz,SN II,SNII,core,28,18,10,True
ZTF19abxdnhr,events/ZTF19abxdnhr.npz,SN Ia,SNI,core,16,8,8,True
ZTF19abxdnzt,events/ZTF19abxdnzt.npz,SN Ia,SNI,core,21,13,8,True
ZTF19abxeoee,events/ZTF19abxeoee.npz,CV,CV,core,3,3,0,False
ZTF19abxfeln,events/ZTF19abxfeln.npz,SN Ia,SNI,core,9,5,4,True
ZTF19abxfhrq,events/ZTF19abxfhrq.npz,SN Ia,SNI,core,28,11,17,True
ZTF19abxfojo,events/ZTF19abxfojo.npz,CV,CV,core,4,2,2,False
ZTF19abxfunp,events/ZTF19abxfunp.npz,SN Ia,SNI,core,34,17,17,True
ZTF19abxhtzs,events/ZTF19abxhtzs.npz,AGN,AGN,core,18,13,5,True
ZTF19abxigfc,events/ZTF19abxigfc.npz,SN Ia,SNI,core,10,5,5,True
ZTF19abxihut,events/ZTF19abxihut.npz,SN Ia,SNI,core,14,7,7,True
ZTF19abxiqqm,events/ZTF19abxiqqm.npz,SN Ia,SNI,core,18,6,12,True
ZTF19abxiqve,events/ZTF19abxiqve.npz,SN Ia,SNI,core,27,12,15,True
ZTF19abxivpg,events/ZTF19abxivpg.npz,CV,CV,core,11,5,6,True
ZTF19abxjimu,events/ZTF19abxjimu.npz,SN Ia,SNI,core,72,40,32,True
ZTF19abxjrge,events/ZTF19abxjrge.npz,SN IIb,SNII,core,45,23,22,True
ZTF19abxmvcq,events/ZTF19abxmvcq.npz,SN Ia,SNI,core,1,0,1,False
ZTF19abxnycf,events/ZTF19abxnycf.npz,SN II,SNII,core,33,13,20,True
ZTF19abxqppy,events/ZTF19abxqppy.npz,SN IIb,SNII,core,9,4,5,True
ZTF19abxrdlu,events/ZTF19abxrdlu.npz,CV,CV,core,4,2,2,False
ZTF19abxtcio,events/ZTF19abxtcio.npz,SN IIb,SNII,core,34,13,21,True
ZTF19abxtdgh,events/ZTF19abxtdgh.npz,SN Ia,SNI,core,38,11,27,True
ZTF19abxvjkn,events/ZTF19abxvjkn.npz,SN Ia,SNI,core,25,14,11,True
ZTF19abxvjzn,events/ZTF19abxvjzn.npz,SN Ia,SNI,core,8,4,4,True
ZTF19abxvkky,events/ZTF19abxvkky.npz,CV,CV,core,4,2,2,False
ZTF19abxvksn,events/ZTF19abxvksn.npz,CV,CV,core,28,10,18,True
ZTF19abxvkvc,events/ZTF19abxvkvc.npz,CV,CV,core,20,9,11,True
ZTF19abxvles,events/ZTF19abxvles.npz,SN Ia,SNI,core,21,10,11,True
ZTF19abxvmid,events/ZTF19abxvmid.npz,AGN,AGN,core,13,9,4,True
ZTF19abxvtiy,events/ZTF19abxvtiy.npz,SN Ia,SNI,core,14,7,7,True
ZTF19abxvtmn,events/ZTF19abxvtmn.npz,SN II,SNII,core,62,34,28,True
ZTF19abxvtmy,events/ZTF19abxvtmy.npz,SN Ia,SNI,core,16,9,7,True
ZTF19abxvtxk,events/ZTF19abxvtxk.npz,SN Ia-91T,SNI,core,57,27,30,True
ZTF19abxwhxm,events/ZTF19abxwhxm.npz,SN Ia,SNI,core,2,2,0,False
ZTF19abxxedn,events/ZTF19abxxedn.npz,AGN,AGN,core,5,2,3,False
ZTF19abxzumq,events/ZTF19abxzumq.npz,CV,CV,core,13,6,7,True
ZTF19abycslo,events/ZTF19abycslo.npz,SN Ia,SNI,core,19,8,11,True
ZTF19abydagb,events/ZTF19abydagb.npz,CV,CV,core,10,3,7,True
ZTF19abyfbik,events/ZTF19abyfbik.npz,SN Ia,SNI,core,12,6,6,True
ZTF19abyflzw,events/ZTF19abyflzw.npz,SN Ia,SNI,core,124,57,67,True
ZTF19abyfxzl,events/ZTF19abyfxzl.npz,CV,CV,core,3,1,2,False
ZTF19abyhxzp,events/ZTF19abyhxzp.npz,SN Ia,SNI,core,21,7,14,True
ZTF19abyigib,events/ZTF19abyigib.npz,SN Ia,SNI,core,12,6,6,True
ZTF19abyihtb,events/ZTF19abyihtb.npz,AGN,AGN,core,28,17,11,True
ZTF19abyikbv,events/ZTF19abyikbv.npz,SN Ia,SNI,core,58,24,34,True
ZTF19abyjgal,events/ZTF19abyjgal.npz,SN Ia,SNI,core,11,7,4,True
ZTF19abyjhpz,events/ZTF19abyjhpz.npz,SN Ia,SNI,core,16,10,6,True
ZTF19abyjjxp,events/ZTF19abyjjxp.npz,SN Ia,SNI,core,33,16,17,True
ZTF19abyjmei,events/ZTF19abyjmei.npz,AGN,AGN,core,23,10,13,True
ZTF19abykddm,events/ZTF19abykddm.npz,CV,CV,core,6,5,1,False
ZTF19abykdee,events/ZTF19abykdee.npz,CV,CV,core,5,4,1,False
ZTF19abykjhn,events/ZTF19abykjhn.npz,CV,CV,core,5,3,2,False
ZTF19abylcik,events/ZTF19abylcik.npz,CV,CV,core,15,7,8,True
ZTF19abylxyt,events/ZTF19abylxyt.npz,SN Ia,SNI,core,13,6,7,True
ZTF19abymhad,events/ZTF19abymhad.npz,SN Ia,SNI,core,12,5,7,True
ZTF19abymukc,events/ZTF19abymukc.npz,SN II,SNII,core,20,12,8,True
ZTF19abymvoy,events/ZTF19abymvoy.npz,SN Ia,SNI,core,60,29,31,True
ZTF19abymvpq,events/ZTF19abymvpq.npz,SN Ia,SNI,core,25,14,11,True
ZTF19abynjou,events/ZTF19abynjou.npz,CV,CV,core,5,4,1,False
ZTF19abyrano,events/ZTF19abyrano.npz,CV,CV,core,152,49,103,True
ZTF19abyreuq,events/ZTF19abyreuq.npz,SN Ia,SNI,core,19,10,9,True
ZTF19abyuzch,events/ZTF19abyuzch.npz,SN II,SNII,core,26,17,9,True
ZTF19abywduc,events/ZTF19abywduc.npz,SN Ia,SNI,core,9,3,6,True
ZTF19abyzuos,events/ZTF19abyzuos.npz,SN Ia,SNI,core,26,11,15,True
ZTF19abzfmak,events/ZTF19abzfmak.npz,SN Ia,SNI,core,16,9,7,True
ZTF19abzgdfu,events/ZTF19abzgdfu.npz,SN IIP,SNII,core,21,3,18,True
ZTF19abzhfjj,events/ZTF19abzhfjj.npz,SN Ia,SNI,core,8,5,3,True
ZTF19abzhvxk,events/ZTF19abzhvxk.npz,SN Ia,SNI,core,21,11,10,True
ZTF19abzhzet,events/ZTF19abzhzet.npz,SN Ia,SNI,core,8,5,3,True
ZTF19abzipjc,events/ZTF19abzipjc.npz,CV,CV,core,29,14,15,True
ZTF19abzkexb,events/ZTF19abzkexb.npz,SN Ia,SNI,core,11,4,7,True
ZTF19abzkiuv,events/ZTF19abzkiuv.npz,SN Ia,SNI,core,19,7,12,True
ZTF19abzkyjy,events/ZTF19abzkyjy.npz,SN Ia,SNI,core,12,4,8,True
ZTF19abzlmwn,events/ZTF19abzlmwn.npz,SN Ia,SNI,core,54,22,32,True
ZTF19abzlsbl,events/ZTF19abzlsbl.npz,SN Ia,SNI,core,38,16,22,True
ZTF19abzmmvz,events/ZTF19abzmmvz.npz,SN IIn,SNII,core,16,10,6,True
ZTF19abzmnrh,events/ZTF19abzmnrh.npz,SN Ia,SNI,core,5,3,2,False
ZTF19abzmnuk,events/ZTF19abzmnuk.npz,SN Ia,SNI,core,14,7,7,True
ZTF19abzmoov,events/ZTF19abzmoov.npz,SN II,SNII,core,10,6,4,True
ZTF19abzmpku,events/ZTF19abzmpku.npz,SN Ia,SNI,core,10,6,4,True
ZTF19abzmpvb,events/ZTF19abzmpvb.npz,SN Ia,SNI,core,11,5,6,True
ZTF19abzpkss,events/ZTF19abzpkss.npz,CV,CV,core,19,10,9,True
ZTF19abzplvm,events/ZTF19abzplvm.npz,SN Ia,SNI,core,36,12,24,True
ZTF19abzprpk,events/ZTF19abzprpk.npz,SN Ia,SNI,core,11,5,6,True
ZTF19abzpvaj,events/ZTF19abzpvaj.npz,SN IIn,SNII,core,5,5,0,False
ZTF19abzqkdz,events/ZTF19abzqkdz.npz,SN Ia,SNI,core,16,5,11,True
ZTF19abzqwpr,events/ZTF19abzqwpr.npz,SN II,SNII,core,13,6,7,True
ZTF19abzqywg,events/ZTF19abzqywg.npz,SN Ib,SNI,core,8,4,4,True
ZTF19abzrdup,events/ZTF19abzrdup.npz,SN II,SNII,core,33,17,16,True
ZTF19abzrhgq,events/ZTF19abzrhgq.npz,TDE,TDE,core,41,21,20,True
ZTF19abzrjrg,events/ZTF19abzrjrg.npz,SN Ia,SNI,core,9,9,0,False
ZTF19abzsitm,events/ZTF19abzsitm.npz,SN Ia,SNI,core,43,20,23,True
ZTF19abzsjpn,events/ZTF19abzsjpn.npz,SN Ia,SNI,core,16,6,10,True
ZTF19abztknu,events/ZTF19abztknu.npz,SN Ib,SNI,core,82,34,48,True
ZTF19abztwyf,events/ZTF19abztwyf.npz,AGN,AGN,core,6,3,3,False
ZTF19abzulhk,events/ZTF19abzulhk.npz,SN Ia,SNI,core,74,34,40,True
ZTF19abzvvkb,events/ZTF19abzvvkb.npz,SN Ia-91T,SNI,core,20,8,12,True
ZTF19abzvyew,events/ZTF19abzvyew.npz,SN Ia,SNI,core,11,4,7,True
ZTF19abzwaen,events/ZTF19abzwaen.npz,SN Ic-BL,SNI,core,19,9,10,True
ZTF19abzwbxy,events/ZTF19abzwbxy.npz,CV,CV,core,3,2,1,False
ZTF19abzwtiu,events/ZTF19abzwtiu.npz,SN Ia,SNI,core,9,7,2,True
ZTF19abzyiba,events/ZTF19abzyiba.npz,SN Ia,SNI,core,7,2,5,False
ZTF19abzyvfi,events/ZTF19abzyvfi.npz,SN Ia,SNI,core,20,6,14,True
ZTF19abzyxgz,events/ZTF19abzyxgz.npz,CV,CV,core,17,8,9,True
ZTF19abzzgec,events/ZTF19abzzgec.npz,SN Ia,SNI,core,17,6,11,True
ZTF19abzzgus,events/ZTF19abzzgus.npz,CV,CV,core,8,3,5,True
ZTF19abzzhgx,events/ZTF19abzzhgx.npz,SN Ia,SNI,core,48,20,28,True
ZTF19abzzhsa,events/ZTF19abzzhsa.npz,SN Ia,SNI,core,20,8,12,True
ZTF19abzzuin,events/ZTF19abzzuin.npz,CV,CV,core,25,14,11,True
ZTF19abzzuyl,events/ZTF19abzzuyl.npz,SN II,SNII,core,27,6,21,True
ZTF19acaiora,events/ZTF19acaiora.npz,CV,CV,core,5,2,3,False
ZTF19acaiylt,events/ZTF19acaiylt.npz,SN Ia,SNI,core,19,9,10,True
ZTF19acajaak,events/ZTF19acajaak.npz,CV,CV,core,7,3,4,False
ZTF19acajpre,events/ZTF19acajpre.npz,SN Ia,SNI,core,3,2,1,False
ZTF19acanzwg,events/ZTF19acanzwg.npz,SN II,SNII,core,62,28,34,True
ZTF19acaotrk,events/ZTF19acaotrk.npz,SN Ia,SNI,core,17,7,10,True
ZTF19acapech,events/ZTF19acapech.npz,SN IIn,SNII,core,54,27,27,True
ZTF19acapeun,events/ZTF19acapeun.npz,SN Ia,SNI,core,79,38,41,True
ZTF19acaqoef,events/ZTF19acaqoef.npz,SN Ic,SNI,core,62,26,36,True
ZTF19acaqqix,events/ZTF19acaqqix.npz,SN Ia-pec,SNI,core,7,3,4,False
ZTF19acaqqke,events/ZTF19acaqqke.npz,SN II,SNII,core,19,3,16,True
ZTF19acaqqxo,events/ZTF19acaqqxo.npz,SN II,SNII,core,28,8,20,True
ZTF19acaqyjp,events/ZTF19acaqyjp.npz,SN Ia,SNI,core,13,8,5,True
ZTF19acardcs,events/ZTF19acardcs.npz,SN Ia,SNI,core,15,7,8,True
ZTF19acasiwm,events/ZTF19acasiwm.npz,SN Ia,SNI,core,9,5,4,True
ZTF19acasuyp,events/ZTF19acasuyp.npz,SN II,SNII,core,23,9,14,True
ZTF19acawgrs,events/ZTF19acawgrs.npz,CV,CV,core,15,10,5,True
ZTF19acawqlu,events/ZTF19acawqlu.npz,CV,CV,core,16,8,8,True
ZTF19acaxcwg,events/ZTF19acaxcwg.npz,SN Ia,SNI,core,56,25,31,True
ZTF19acaxfkb,events/ZTF19acaxfkb.npz,CV,CV,core,3,3,0,False
ZTF19acazaug,events/ZTF19acazaug.npz,SN Ia,SNI,core,86,41,45,True
ZTF19acazbqm,events/ZTF19acazbqm.npz,SN Ia,SNI,core,89,35,54,True
ZTF19acbacvu,events/ZTF19acbacvu.npz,SN Ia,SNI,core,25,9,16,True
ZTF19acbhvgi,events/ZTF19acbhvgi.npz,SN IIP,SNII,core,42,21,21,True
ZTF19acbihxh,events/ZTF19acbihxh.npz,SN II,SNII,core,13,3,10,True
ZTF19acbihyi,events/ZTF19acbihyi.npz,SN Ia,SNI,core,16,5,11,True
ZTF19acbiwjk,events/ZTF19acbiwjk.npz,SN Ia,SNI,core,65,29,36,True
ZTF19acbjagc,events/ZTF19acbjagc.npz,CV,CV,core,8,4,4,True
ZTF19acbjlnt,events/ZTF19acbjlnt.npz,SN Ia-91T,SNI,core,20,9,11,True
ZTF19acbkczc,events/ZTF19acbkczc.npz,SN Ia,SNI,core,19,7,12,True
ZTF19acbkyma,events/ZTF19acbkyma.npz,SN Ia,SNI,core,14,4,10,True
ZTF19acblhxc,events/ZTF19acblhxc.npz,SN II,SNII,core,26,13,13,True
ZTF19acblnop,events/ZTF19acblnop.npz,SN Ia,SNI,core,14,4,10,True
ZTF19acblzux,events/ZTF19acblzux.npz,SN Ia,SNI,core,10,5,5,True
ZTF19acbmddl,events/ZTF19acbmddl.npz,SN Ia-pec,SNI,core,16,7,9,True
ZTF19acbmjrp,events/ZTF19acbmjrp.npz,SN Ia,SNI,core,25,10,15,True
ZTF19acbmojx,events/ZTF19acbmojx.npz,SN Ib,SNI,core,17,6,11,True
ZTF19acbmqpu,events/ZTF19acbmqpu.npz,SN Ia,SNI,core,29,11,18,True
ZTF19acbmwtc,events/ZTF19acbmwtc.npz,SN Ia,SNI,core,10,7,3,True
ZTF19acbmxky,events/ZTF19acbmxky.npz,SN II,SNII,core,22,11,11,True
ZTF19acbmxxh,events/ZTF19acbmxxh.npz,SN Ia,SNI,core,12,7,5,True
ZTF19acbnhkd,events/ZTF19acbnhkd.npz,SN Ia,SNI,core,27,11,16,True
ZTF19acbphzu,events/ZTF19acbphzu.npz,CV,CV,core,2,2,0,False
ZTF19acbpnii,events/ZTF19acbpnii.npz,SN Ia,SNI,core,12,5,7,True
ZTF19acbpqvc,events/ZTF19acbpqvc.npz,SN Ia,SNI,core,28,15,13,True
ZTF19acbpwwg,events/ZTF19acbpwwg.npz,SN Ia,SNI,core,25,11,14,True
ZTF19acbpxwt,events/ZTF19acbpxwt.npz,SN Ia,SNI,core,104,45,59,True
ZTF19acbpzir,events/ZTF19acbpzir.npz,SN Ia,SNI,core,86,32,54,True
ZTF19acbqzvu,events/ZTF19acbqzvu.npz,SN Ia,SNI,core,61,28,33,True
ZTF19acbrola,events/ZTF19acbrola.npz,SN Ia,SNI,core,14,6,8,True
ZTF19acbrtbh,events/ZTF19acbrtbh.npz,SN Ia,SNI,core,12,4,8,True
ZTF19acbrzzr,events/ZTF19acbrzzr.npz,SN II,SNII,core,30,12,18,True
ZTF19acbswdq,events/ZTF19acbswdq.npz,SN Ia,SNI,core,20,8,12,True
ZTF19acbumks,events/ZTF19acbumks.npz,SN IIb,SNII,core,6,3,3,False
ZTF19acbunmk,events/ZTF19acbunmk.npz,SN Ia,SNI,core,27,13,14,True
ZTF19acbveqm,events/ZTF19acbveqm.npz,CV,CV,core,8,4,4,True
ZTF19acbvisk,events/ZTF19acbvisk.npz,SN II,SNII,core,35,14,21,True
ZTF19acbvnaw,events/ZTF19acbvnaw.npz,SN Ia,SNI,core,6,3,3,False
ZTF19acbvpjn,events/ZTF19acbvpjn.npz,SN Ia,SNI,core,40,16,24,True
ZTF19acbvquo,events/ZTF19acbvquo.npz,SN Ia,SNI,core,3,2,1,False
ZTF19acbvrfx,events/ZTF19acbvrfx.npz,SN II,SNII,core,7,2,5,False
ZTF19acbvrhb,events/ZTF19acbvrhb.npz,SN Ia,SNI,core,10,2,8,True
ZTF19acbvujw,events/ZTF19acbvujw.npz,SN Ia,SNI,core,10,6,4,True
ZTF19acbwaah,events/ZTF19acbwaah.npz,SN Ia,SNI,core,41,25,16,True
ZTF19acbwccr,events/ZTF19acbwccr.npz,SN II,SNII,core,8,2,6,True
ZTF19acbwejj,events/ZTF19acbwejj.npz,SN II,SNII,core,34,16,18,True
ZTF19acbwhqc,events/ZTF19acbwhqc.npz,SN Ia,SNI,core,25,15,10,True
ZTF19acbwilc,events/ZTF19acbwilc.npz,SN II,SNII,core,12,7,5,True
ZTF19acbwjue,events/ZTF19acbwjue.npz,SN Ia,SNI,core,8,3,5,True
ZTF19acbwmqd,events/ZTF19acbwmqd.npz,SN IIP,SNII,core,14,8,6,True
ZTF19acbwouf,events/ZTF19acbwouf.npz,SN II,SNII,core,53,23,30,True
ZTF19acbwrsu,events/ZTF19acbwrsu.npz,CV,CV,core,38,16,22,True
ZTF19acbykmk,events/ZTF19acbykmk.npz,SN Ia,SNI,core,21,11,10,True
ZTF19accbeju,events/ZTF19accbeju.npz,SN II,SNII,core,31,8,23,True
ZTF19acccyxx,events/ZTF19acccyxx.npz,SN II,SNII,core,14,5,9,True
ZTF19acccyyt,events/ZTF19acccyyt.npz,AGN,AGN,core,22,10,12,True
ZTF19accczao,events/ZTF19accczao.npz,AGN,AGN,core,14,7,7,True
ZTF19accczor,events/ZTF19accczor.npz,SN Ia,SNI,core,7,2,5,False
ZTF19accczvs,events/ZTF19accczvs.npz,CV,CV,core,8,3,5,True
ZTF19accdehb,events/ZTF19accdehb.npz,SN Ia,SNI,core,6,2,4,False
ZTF19acchaza,events/ZTF19acchaza.npz,SN II,SNII,core,90,40,50,True
ZTF19acchink,events/ZTF19acchink.npz,SN Ia,SNI,core,32,17,15,True
ZTF19acchjle,events/ZTF19acchjle.npz,SN Ia,SNI,core,23,10,13,True
ZTF19acchtyp,events/ZTF19acchtyp.npz,SN Ia,SNI,core,37,15,22,True
ZTF19accjfgv,events/ZTF19accjfgv.npz,SN IIb,SNII,core,10,5,5,True
ZTF19accjnpz,events/ZTF19accjnpz.npz,SN Ia,SNI,core,19,9,10,True
ZTF19acckggd,events/ZTF19acckggd.npz,SN Ia,SNI,core,25,12,13,True
ZTF19accloxh,events/ZTF19accloxh.npz,SN Ia,SNI,core,10,3,7,True
ZTF19acclxtn,events/ZTF19acclxtn.npz,CV,CV,core,5,4,1,False
ZTF19acclzaw,events/ZTF19acclzaw.npz,SN Ia,SNI,core,11,5,6,True
ZTF19accmboe,events/ZTF19accmboe.npz,SN Ia,SNI,core,34,18,16,True
ZTF19accmxtw,events/ZTF19accmxtw.npz,SN Ia,SNI,core,21,10,11,True
ZTF19accobqx,events/ZTF19accobqx.npz,SN Ia,SNI,core,18,7,11,True
ZTF19accstol,events/ZTF19accstol.npz,SN Ia,SNI,core,15,6,9,True
ZTF19acctlps,events/ZTF19acctlps.npz,SN II,SNII,core,9,5,4,True
ZTF19acctpgd,events/ZTF19acctpgd.npz,SN Ia,SNI,core,12,6,6,True
ZTF19acctwpz,events/ZTF19acctwpz.npz,SN II,SNII,core,48,18,30,True
ZTF19accuyyg,events/ZTF19accuyyg.npz,SN Ia,SNI,core,17,6,11,True
ZTF19accvbkv,events/ZTF19accvbkv.npz,CV,CV,core,19,9,10,True
ZTF19acdabep,events/ZTF19acdabep.npz,SN Ib,SNI,core,20,9,11,True
ZTF19acdacji,events/ZTF19acdacji.npz,CV,CV,core,3,1,2,False
ZTF19acdgwhq,events/ZTF19acdgwhq.npz,SN Ia,SNI,core,30,15,15,True
ZTF19acdihrz,events/ZTF19acdihrz.npz,SN Ia,SNI,core,18,6,12,True
ZTF19acdisjm,events/ZTF19acdisjm.npz,SN Ia,SNI,core,18,8,10,True
ZTF19acdjiml,events/ZTF19acdjiml.npz,SN Ia,SNI,core,15,7,8,True
ZTF19acdkzxk,events/ZTF19acdkzxk.npz,SN II,SNII,core,9,1,8,False
ZTF19acdlagk,events/ZTF19acdlagk.npz,AGN,AGN,core,5,1,4,False
ZTF19acdlami,events/ZTF19acdlami.npz,SN Ia,SNI,core,5,1,4,False
ZTF19acdsqir,events/ZTF19acdsqir.npz,SN Ia,SNI,core,44,14,30,True
ZTF19acdtmwh,events/ZTF19acdtmwh.npz,SN Ia,SNI,core,12,6,6,True
ZTF19acdtpow,events/ZTF19acdtpow.npz,SN Ia,SNI,core,18,9,9,True
ZTF19acduaik,events/ZTF19acduaik.npz,AGN,AGN,core,12,4,8,True
ZTF19acdubmt,events/ZTF19acdubmt.npz,SN Ia,SNI,core,18,9,9,True
ZTF19acdulhn,events/ZTF19acdulhn.npz,SN Ia,SNI,core,9,5,4,True
ZTF19acduloz,events/ZTF19acduloz.npz,SN II,SNII,core,7,4,3,False
ZTF19acduqvr,events/ZTF19acduqvr.npz,SN Ia,SNI,core,11,6,5,True
ZTF19acdxkek,events/ZTF19acdxkek.npz,SN II,SNII,core,11,4,7,True
ZTF19acdxlns,events/ZTF19acdxlns.npz,SN Ia,SNI,core,33,18,15,True
ZTF19acechlg,events/ZTF19acechlg.npz,SN Ia,SNI,core,12,4,8,True
ZTF19aceckdq,events/ZTF19aceckdq.npz,SN II,SNII,core,17,8,9,True
ZTF19aceckht,events/ZTF19aceckht.npz,SN IIP,SNII,core,30,12,18,True
ZTF19aceckmm,events/ZTF19aceckmm.npz,SN II,SNII,core,21,8,13,True
ZTF19acecluy,events/ZTF19acecluy.npz,SN II,SNII,core,39,11,28,True
ZTF19acecvsm,events/ZTF19acecvsm.npz,CV,CV,core,4,2,2,False
ZTF19aceidtc,events/ZTF19aceidtc.npz,SN Ia,SNI,core,6,2,4,False
ZTF19aceifef,events/ZTF19aceifef.npz,CV,CV,core,13,7,6,True
ZTF19acekbyz,events/ZTF19acekbyz.npz,SN Ia,SNI,core,15,7,8,True
ZTF19acekkts,events/ZTF19acekkts.npz,SN Ia,SNI,core,6,3,3,False
ZTF19acekreh,events/ZTF19acekreh.npz,SN Ia,SNI,core,35,21,14,True
ZTF19acelcan,events/ZTF19acelcan.npz,SN Ia,SNI,core,13,4,9,True
ZTF19acendsf,events/ZTF19acendsf.npz,CV,CV,core,7,4,3,False
ZTF19acenkuz,events/ZTF19acenkuz.npz,CV,CV,core,53,23,30,True
ZTF19acennqf,events/ZTF19acennqf.npz,SN Ia,SNI,core,12,5,7,True
ZTF19acenveq,events/ZTF19acenveq.npz,SN Ia,SNI,core,10,5,5,True
ZTF19acenylz,events/ZTF19acenylz.npz,CV,CV,core,2,1,1,False
ZTF19aceqjqw,events/ZTF19aceqjqw.npz,SN Ic,SNI,core,10,5,5,True
ZTF19aceqlxc,events/ZTF19aceqlxc.npz,SN IIn,SNII,core,29,12,17,True
ZTF19aceqvhl,events/ZTF19aceqvhl.npz,SN Ic,SNI,core,7,2,5,False
ZTF19aceqxtg,events/ZTF19aceqxtg.npz,SN Ia,SNI,core,13,3,10,True
ZTF19acercun,events/ZTF19acercun.npz,CV,CV,core,3,1,2,False
ZTF19acerhgs,events/ZTF19acerhgs.npz,CV,CV,core,25,13,12,True
ZTF19aceshib,events/ZTF19aceshib.npz,SN II,SNII,core,22,10,12,True
ZTF19acetwqh,events/ZTF19acetwqh.npz,SN Ia,SNI,core,14,10,4,True
ZTF19acetxvq,events/ZTF19acetxvq.npz,SN Ia,SNI,core,61,28,33,True
ZTF19acetzrc,events/ZTF19acetzrc.npz,SN Ia,SNI,core,1,0,1,False
ZTF19aceuacu,events/ZTF19aceuacu.npz,SN Ia,SNI,core,48,23,25,True
ZTF19aceviuo,events/ZTF19aceviuo.npz,CV,CV,core,6,3,3,False
ZTF19acevlfc,events/ZTF19acevlfc.npz,CV,CV,core,6,4,2,False
ZTF19acewdru,events/ZTF19acewdru.npz,AGN,AGN,core,6,0,6,False
ZTF19acewotx,events/ZTF19acewotx.npz,SN Ia,SNI,core,40,21,19,True
ZTF19acewuwn,events/ZTF19acewuwn.npz,SN II,SNII,core,47,23,24,True
ZTF19acexijn,events/ZTF19acexijn.npz,SN Ia,SNI,core,32,15,17,True
ZTF19acfduxa,events/ZTF19acfduxa.npz,SN Ia,SNI,core,9,4,5,True
ZTF19acfecsg,events/ZTF19acfecsg.npz,SN Ia,SNI,core,8,4,4,True
ZTF19acfejbj,events/ZTF19acfejbj.npz,SN II,SNII,core,21,10,11,True
ZTF19acfmwlh,events/ZTF19acfmwlh.npz,SN Ia,SNI,core,20,8,12,True
ZTF19acfqtej,events/ZTF19acfqtej.npz,SN Ia,SNI,core,25,10,15,True
ZTF19acfrhnq,events/ZTF19acfrhnq.npz,CV,CV,core,31,15,16,True
ZTF19acfrntd,events/ZTF19acfrntd.npz,SN Ia,SNI,core,14,4,10,True
ZTF19acfsbpa,events/ZTF19acfsbpa.npz,SN II,SNII,core,6,0,6,False
ZTF19acfsjcu,events/ZTF19acfsjcu.npz,SN Ia,SNI,core,8,4,4,True
ZTF19acfsqjx,events/ZTF19acfsqjx.npz,SN Ia,SNI,core,44,21,23,True
ZTF19acftaml,events/ZTF19acftaml.npz,SN Ia,SNI,core,11,5,6,True
ZTF19acftfav,events/ZTF19acftfav.npz,SN IIP,SNII,core,47,21,26,True
ZTF19acfthre,events/ZTF19acfthre.npz,SN Ia,SNI,core,18,6,12,True
ZTF19acftude,events/ZTF19acftude.npz,SN IIn,SNII,core,36,19,17,True
ZTF19acfuzwh,events/ZTF19acfuzwh.npz,SN Ib/c,SNI,core,5,2,3,False
ZTF19acfvzmr,events/ZTF19acfvzmr.npz,CV,CV,core,19,9,10,True
ZTF19acfxbki,events/ZTF19acfxbki.npz,SN Ia,SNI,core,12,6,6,True
ZTF19acgaxej,events/ZTF19acgaxej.npz,SN Ia,SNI,core,18,7,11,True
ZTF19acgbkzr,events/ZTF19acgbkzr.npz,SN II,SNII,core,38,14,24,True
ZTF19acgbzam,events/ZTF19acgbzam.npz,SN Ia,SNI,core,33,13,20,True
ZTF19acgcdas,events/ZTF19acgcdas.npz,SN Ia,SNI,core,16,5,11,True
ZTF19acgcshq,events/ZTF19acgcshq.npz,SN Ia,SNI,core,16,5,11,True
ZTF19acgcxop,events/ZTF19acgcxop.npz,SN Ia,SNI,core,24,11,13,True
ZTF19acgdfjt,events/ZTF19acgdfjt.npz,SN Ia,SNI,core,15,4,11,True
ZTF19acgdxel,events/ZTF19acgdxel.npz,SN Ia,SNI,core,11,6,5,True
ZTF19acgeabh,events/ZTF19acgeabh.npz,SN Ia,SNI,core,10,5,5,True
ZTF19acgemqj,events/ZTF19acgemqj.npz,SN Ia-91T,SNI,core,17,9,8,True
ZTF19acgemzm,events/ZTF19acgemzm.npz,SN Ia,SNI,core,18,8,10,True
ZTF19acgfowd,events/ZTF19acgfowd.npz,SN Ia,SNI,core,11,6,5,True
ZTF19acgfvvi,events/ZTF19acgfvvi.npz,SN II,SNII,core,21,7,14,True
ZTF19acgjnfz,events/ZTF19acgjnfz.npz,SN Ia,SNI,core,58,23,35,True
ZTF19acgjnis,events/ZTF19acgjnis.npz,SN Ia,SNI,core,21,9,12,True
ZTF19acgjohb,events/ZTF19acgjohb.npz,SN Ia,SNI,core,14,6,8,True
ZTF19acgjojy,events/ZTF19acgjojy.npz,SN Ia,SNI,core,17,6,11,True
ZTF19acgjosf,events/ZTF19acgjosf.npz,SN Ia,SNI,core,60,24,36,True
ZTF19acgjuua,events/ZTF19acgjuua.npz,SN Ia,SNI,core,6,2,4,False
ZTF19acgkbla,events/ZTF19acgkbla.npz,CV,CV,core,2,1,1,False
ZTF19acgkead,events/ZTF19acgkead.npz,AGN,AGN,core,8,5,3,True
ZTF19acgmkrt,events/ZTF19acgmkrt.npz,SN Ia,SNI,core,35,18,17,True
ZTF19acgogcm,events/ZTF19acgogcm.npz,SN Ia,SNI,core,8,5,3,True
ZTF19acgonwy,events/ZTF19acgonwy.npz,SN Ia,SNI,core,22,9,13,True
ZTF19acgouje,events/ZTF19acgouje.npz,SN Ia,SNI,core,9,5,4,True
ZTF19acgphsf,events/ZTF19acgphsf.npz,SN Ia,SNI,core,14,7,7,True
ZTF19acgpkye,events/ZTF19acgpkye.npz,SN Ia,SNI,core,9,3,6,True
ZTF19acgpqxt,events/ZTF19acgpqxt.npz,SN Ia,SNI,core,19,7,12,True
ZTF19acgqjln,events/ZTF19acgqjln.npz,SN Ia,SNI,core,94,48,46,True
ZTF19acgrbeb,events/ZTF19acgrbeb.npz,SN Ia,SNI,core,26,11,15,True
ZTF19acgxbwo,events/ZTF19acgxbwo.npz,SN Ia,SNI,core,37,17,20,True
ZTF19acgzwbm,events/ZTF19acgzwbm.npz,SN II,SNII,core,12,2,10,True
ZTF19acgzzea,events/ZTF19acgzzea.npz,SN IIP,SNII,core,27,9,18,True
ZTF19achagst,events/ZTF19achagst.npz,SN Ia,SNI,core,25,9,16,True
ZTF19achahea,events/ZTF19achahea.npz,SN Ia,SNI,core,10,5,5,True
ZTF19achajnc,events/ZTF19achajnc.npz,SN Ia,SNI,core,33,15,18,True
ZTF19achaspq,events/ZTF19achaspq.npz,SN Ia,SNI,core,10,5,5,True
ZTF19achbhfc,events/ZTF19achbhfc.npz,CV,CV,core,41,19,22,True
ZTF19achcdju,events/ZTF19achcdju.npz,CV,CV,core,16,10,6,True
ZTF19achejoc,events/ZTF19achejoc.npz,SN Ia,SNI,core,22,8,14,True
ZTF19achetvw,events/ZTF19achetvw.npz,SN Ia,SNI,core,11,5,6,True
ZTF19achjpyc,events/ZTF19achjpyc.npz,SN Ia-91T,SNI,core,12,4,8,True
ZTF19achjqbk,events/ZTF19achjqbk.npz,SN IIP,SNII,core,13,5,8,True
ZTF19achqzdy,events/ZTF19achqzdy.npz,SN Ia,SNI,core,14,5,9,True
ZTF19achtewn,events/ZTF19achtewn.npz,SN Ia,SNI,core,17,8,9,True
ZTF19achticg,events/ZTF19achticg.npz,SN Ia,SNI,core,29,15,14,True
ZTF19achtifr,events/ZTF19achtifr.npz,SN II,SNII,core,18,10,8,True
ZTF19achvpik,events/ZTF19achvpik.npz,SN Ia,SNI,core,10,4,6,True
ZTF19acidatw,events/ZTF19acidatw.npz,AGN,AGN,core,3,3,0,False
ZTF19acifuyf,events/ZTF19acifuyf.npz,SN Ia,SNI,core,21,7,14,True
ZTF19acigkma,events/ZTF19acigkma.npz,SN Ia-91T,SNI,core,12,7,5,True
ZTF19acignlo,events/ZTF19acignlo.npz,SN II,SNII,core,134,62,72,True
ZTF19acigwcg,events/ZTF19acigwcg.npz,CV,CV,core,44,21,23,True
ZTF19acihfxz,events/ZTF19acihfxz.npz,SN Ia,SNI,core,30,16,14,True
ZTF19acihgng,events/ZTF19acihgng.npz,SN Ia,SNI,core,39,18,21,True
ZTF19acihlft,events/ZTF19acihlft.npz,SN Ia,SNI,core,11,6,5,True
ZTF19aciiuta,events/ZTF19aciiuta.npz,SN Ia,SNI,core,7,4,3,False
ZTF19acitkzs,events/ZTF19acitkzs.npz,SN Ia,SNI,core,26,12,14,True
ZTF19acitnck,events/ZTF19acitnck.npz,SN Ia,SNI,core,10,5,5,True
ZTF19aciuhwi,events/ZTF19aciuhwi.npz,CV,CV,core,12,5,7,True
ZTF19acjdufa,events/ZTF19acjdufa.npz,SN Ia,SNI,core,18,9,9,True
ZTF19acjdwqv,events/ZTF19acjdwqv.npz,SN Ia,SNI,core,15,5,10,True
ZTF19acjerdh,events/ZTF19acjerdh.npz,SN Ia,SNI,core,24,8,16,True
ZTF19acjfhom,events/ZTF19acjfhom.npz,SN Ia,SNI,core,13,4,9,True
ZTF19acjiett,events/ZTF19acjiett.npz,CV,CV,core,7,3,4,False
ZTF19acjifxp,events/ZTF19acjifxp.npz,SN Ia,SNI,core,26,14,12,True
ZTF19acjjwsy,events/ZTF19acjjwsy.npz,SN Ia,SNI,core,16,5,11,True
ZTF19acjnatv,events/ZTF19acjnatv.npz,SN Ia,SNI,core,8,2,6,True
ZTF19acjnaxa,events/ZTF19acjnaxa.npz,SN Ia,SNI,core,15,4,11,True
ZTF19acjqecl,events/ZTF19acjqecl.npz,SN Ia,SNI,core,11,5,6,True
ZTF19acjtkha,events/ZTF19acjtkha.npz,SN Ia,SNI,core,15,7,8,True
ZTF19acjtlxe,events/ZTF19acjtlxe.npz,SN Ic,SNI,core,7,4,3,False
ZTF19acjtmjp,events/ZTF19acjtmjp.npz,CV,CV,core,8,4,4,True
ZTF19acjtpmm,events/ZTF19acjtpmm.npz,SN II,SNII,core,9,5,4,True
ZTF19acjtpqd,events/ZTF19acjtpqd.npz,SN Ic,SNI,core,18,12,6,True
ZTF19acjtrst,events/ZTF19acjtrst.npz,CV,CV,core,2,1,1,False
ZTF19acjuomg,events/ZTF19acjuomg.npz,SN Ia,SNI,core,30,16,14,True
ZTF19acjurot,events/ZTF19acjurot.npz,SN Ia,SNI,core,10,7,3,True
ZTF19acjutrw,events/ZTF19acjutrw.npz,SN IIn,SNII,core,8,5,3,True
ZTF19acjwdnu,events/ZTF19acjwdnu.npz,SN II,SNII,core,22,10,12,True
ZTF19acjwqvo,events/ZTF19acjwqvo.npz,SN Ia,SNI,core,30,12,18,True
ZTF19ackbclh,events/ZTF19ackbclh.npz,SN IIn,SNII,core,9,4,5,True
ZTF19ackbjtf,events/ZTF19ackbjtf.npz,SN Ia,SNI,core,10,4,6,True
ZTF19ackjene,events/ZTF19ackjene.npz,SN IIb,SNII,core,13,5,8,True
ZTF19ackjjwf,events/ZTF19ackjjwf.npz,SN Ib,SNI,core,42,15,27,True
ZTF19ackjlrd,events/ZTF19ackjlrd.npz,SN Ia,SNI,core,10,4,6,True
ZTF19ackjmge,events/ZTF19ackjmge.npz,SN Ia,SNI,core,14,4,10,True
ZTF19ackjnuq,events/ZTF19ackjnuq.npz,SN Ia,SNI,core,14,3,11,True
ZTF19ackjozg,events/ZTF19ackjozg.npz,SN Ia,SNI,core,6,1,5,False
ZTF19ackjsys,events/ZTF19ackjsys.npz,SN Ia,SNI,core,16,8,8,True
ZTF19ackjszs,events/ZTF19ackjszs.npz,SN Ib,SNI,core,24,12,12,True
ZTF19ackjtfm,events/ZTF19ackjtfm.npz,SN II,SNII,core,26,11,15,True
ZTF19ackjvjr,events/ZTF19ackjvjr.npz,SN Ia,SNI,core,4,3,1,False
ZTF19ackjvtl,events/ZTF19ackjvtl.npz,SN IIP,SNII,core,20,6,14,True
ZTF19aclhnkd,events/ZTF19aclhnkd.npz,SN Ia,SNI,core,13,2,11,True
ZTF19aclhohd,events/ZTF19aclhohd.npz,SN Ia,SNI,core,12,3,9,True
ZTF19aclhpiz,events/ZTF19aclhpiz.npz,AGN,AGN,core,18,8,10,True
ZTF19aclkbqc,events/ZTF19aclkbqc.npz,SN Ia,SNI,core,11,7,4,True
ZTF19aclkofz,events/ZTF19aclkofz.npz,CV,CV,core,14,8,6,True
ZTF19aclljyq,events/ZTF19aclljyq.npz,SN Ia,SNI,core,18,8,10,True
ZTF19acllsbq,events/ZTF19acllsbq.npz,SN Ic,SNI,core,16,6,10,True
ZTF19aclobbu,events/ZTF19aclobbu.npz,SN II,SNII,core,141,69,72,True
ZTF19aclofmz,events/ZTF19aclofmz.npz,SN Ia,SNI,core,85,36,49,True
ZTF19aclthzj,events/ZTF19aclthzj.npz,SN Ia,SNI,core,41,23,18,True
ZTF19aclyezb,events/ZTF19aclyezb.npz,SN Ia,SNI,core,28,10,18,True
ZTF19acmbhvv,events/ZTF19acmbhvv.npz,SN Ia,SNI,core,10,5,5,True
ZTF19acmbiad,events/ZTF19acmbiad.npz,SN Ia,SNI,core,37,14,23,True
ZTF19acmbjvi,events/ZTF19acmbjvi.npz,SN Ia,SNI,core,7,3,4,False
ZTF19acmbkmr,events/ZTF19acmbkmr.npz,SN Ia,SNI,core,8,3,5,True
ZTF19acmblbi,events/ZTF19acmblbi.npz,SN Ia,SNI,core,11,4,7,True
ZTF19acmdqbm,events/ZTF19acmdqbm.npz,CV,CV,core,8,7,1,False
ZTF19acmelor,events/ZTF19acmelor.npz,SN Ib,SNI,core,19,7,12,True
ZTF19acmgyka,events/ZTF19acmgyka.npz,SN Ia,SNI,core,82,40,42,True
ZTF19acmvrsw,events/ZTF19acmvrsw.npz,SN Ia,SNI,core,14,5,9,True
ZTF19acmwfli,events/ZTF19acmwfli.npz,SN II,SNII,core,24,10,14,True
ZTF19acmwipq,events/ZTF19acmwipq.npz,SN Ia,SNI,core,10,5,5,True
ZTF19acmwkul,events/ZTF19acmwkul.npz,SN Ia,SNI,core,17,6,11,True
ZTF19acmxidf,events/ZTF19acmxidf.npz,SN Ia,SNI,core,11,2,9,True
ZTF19acmxymo,events/ZTF19acmxymo.npz,SN Ia,SNI,core,6,3,3,False
ZTF19acmyacs,events/ZTF19acmyacs.npz,SN II,SNII,core,23,5,18,True
ZTF19acmyljb,events/ZTF19acmyljb.npz,SN Ia,SNI,core,7,3,4,False
ZTF19acmywjc,events/ZTF19acmywjc.npz,SN Ia,SNI,core,15,8,7,True
ZTF19acnfjyw,events/ZTF19acnfjyw.npz,SN Ia,SNI,core,77,40,37,True
ZTF19acngsnb,events/ZTF19acngsnb.npz,SN Ia,SNI,core,23,8,15,True
ZTF19acnjwgm,events/ZTF19acnjwgm.npz,SN Ia,SNI,core,81,40,41,True
ZTF19acnkeji,events/ZTF19acnkeji.npz,SN Ia,SNI,core,54,26,28,True
ZTF19acnqsui,events/ZTF19acnqsui.npz,SN Ia,SNI,core,21,4,17,True
ZTF19acnskyy,events/ZTF19acnskyy.npz,AGN,AGN,core,25,16,9,True
ZTF19acnxvkp,events/ZTF19acnxvkp.npz,AGN,AGN,core,65,25,40,True
ZTF19acnzkph,events/ZTF19acnzkph.npz,SN Ia,SNI,core,28,14,14,True
ZTF19acoaoty,events/ZTF19acoaoty.npz,SN Ia,SNI,core,77,36,41,True
ZTF19acojuzv,events/ZTF19acojuzv.npz,SN Ia,SNI,core,51,20,31,True
ZTF19acojxzo,events/ZTF19acojxzo.npz,SN Ia,SNI,core,35,12,23,True
ZTF19acoknir,events/ZTF19acoknir.npz,SN Ib/c,SNI,core,2,0,2,False
ZTF19acokufi,events/ZTF19acokufi.npz,SN Ia,SNI,core,18,7,11,True
ZTF19acokzjy,events/ZTF19acokzjy.npz,SN Ia,SNI,core,23,6,17,True
ZTF19acolhnl,events/ZTF19acolhnl.npz,SN Ia,SNI,core,3,1,2,False
ZTF19acordoi,events/ZTF19acordoi.npz,SN Ia-91T,SNI,core,21,12,9,True
ZTF19acoxgqw,events/ZTF19acoxgqw.npz,SN Ia,SNI,core,8,4,4,True
ZTF19acoyxuv,events/ZTF19acoyxuv.npz,SN Ia,SNI,core,5,2,3,False
ZTF19acozbwk,events/ZTF19acozbwk.npz,CV,CV,core,3,2,1,False
ZTF19acozcex,events/ZTF19acozcex.npz,CV,CV,core,2,1,1,False
ZTF19acpfnth,events/ZTF19acpfnth.npz,SN Ia,SNI,core,12,6,6,True
ZTF19acpgaet,events/ZTF19acpgaet.npz,SN Ia,SNI,core,17,8,9,True
ZTF19acpmdzh,events/ZTF19acpmdzh.npz,SN Ia,SNI,core,4,2,2,False
ZTF19acpmpvh,events/ZTF19acpmpvh.npz,CV,CV,core,3,1,2,False
ZTF19acpmuwu,events/ZTF19acpmuwu.npz,SN Ia,SNI,core,23,13,10,True
ZTF19acpnbji,events/ZTF19acpnbji.npz,CV,CV,core,6,4,2,False
ZTF19acpqyxp,events/ZTF19acpqyxp.npz,CV,CV,core,7,3,4,False
ZTF19acqdbad,events/ZTF19acqdbad.npz,CV,CV,core,17,5,12,True
ZTF19acqehbt,events/ZTF19acqehbt.npz,SN Ia,SNI,core,8,3,5,True
ZTF19acqmwtg,events/ZTF19acqmwtg.npz,SN Ia,SNI,core,4,2,2,False
ZTF19acqupbp,events/ZTF19acqupbp.npz,SN Ia,SNI,core,10,4,6,True
ZTF19acqxoll,events/ZTF19acqxoll.npz,SN Ia,SNI,core,25,12,13,True
ZTF19acqyfcz,events/ZTF19acqyfcz.npz,CV,CV,core,6,2,4,False
ZTF19acqypso,events/ZTF19acqypso.npz,SN Ia,SNI,core,50,23,27,True
ZTF19acrbyzj,events/ZTF19acrbyzj.npz,SN Ia,SNI,core,26,9,17,True
ZTF19acrbzdn,events/ZTF19acrbzdn.npz,CV,CV,core,7,3,4,False
ZTF19acrcupt,events/ZTF19acrcupt.npz,SN Ia,SNI,core,21,9,12,True
ZTF19acrcxri,events/ZTF19acrcxri.npz,SN II,SNII,core,37,16,21,True
ZTF19acrcznb,events/ZTF19acrcznb.npz,CV,CV,core,5,2,3,False
ZTF19acrdcwh,events/ZTF19acrdcwh.npz,SN Ia,SNI,core,5,4,1,False
ZTF19acrddcz,events/ZTF19acrddcz.npz,SN Ia-91T,SNI,core,6,4,2,False
ZTF19acrdqej,events/ZTF19acrdqej.npz,SN Ia,SNI,core,138,64,74,True
ZTF19acrdtah,events/ZTF19acrdtah.npz,CV,CV,core,7,4,3,False
ZTF19acrenwk,events/ZTF19acrenwk.npz,SN Ia,SNI,core,13,4,9,True
ZTF19acrichx,events/ZTF19acrichx.npz,SN Ia,SNI,core,18,12,6,True
ZTF19acrmmpq,events/ZTF19acrmmpq.npz,SN Ia,SNI,core,7,4,3,False
ZTF19acruaaa,events/ZTF19acruaaa.npz,SN Ia,SNI,core,33,14,19,True
ZTF19acruqph,events/ZTF19acruqph.npz,SN Ia,SNI,core,19,8,11,True
ZTF19acrwvao,events/ZTF19acrwvao.npz,SN II,SNII,core,20,8,12,True
ZTF19acrwzqs,events/ZTF19acrwzqs.npz,SN Ia,SNI,core,12,5,7,True
ZTF19acryaon,events/ZTF19acryaon.npz,SN Ia,SNI,core,9,4,5,True
ZTF19acryurj,events/ZTF19acryurj.npz,SN II,SNII,core,51,21,30,True
ZTF19acsbxem,events/ZTF19acsbxem.npz,SN II,SNII,core,2,1,1,False
ZTF19acsbxgw,events/ZTF19acsbxgw.npz,SN Ia,SNI,core,23,16,7,True
ZTF19acsfpmi,events/ZTF19acsfpmi.npz,SN Ia,SNI,core,5,3,2,False
ZTF19acsfvog,events/ZTF19acsfvog.npz,SN Ia,SNI,core,9,4,5,True
ZTF19acsghpg,events/ZTF19acsghpg.npz,CV,CV,core,9,2,7,True
ZTF19acshfvz,events/ZTF19acshfvz.npz,SN Ia,SNI,core,16,5,11,True
ZTF19acshkft,events/ZTF19acshkft.npz,SN Ia,SNI,core,21,12,9,True
ZTF19acspeuw,events/ZTF19acspeuw.npz,TDE,TDE,core,26,16,10,True
ZTF19acspfcb,events/ZTF19acspfcb.npz,SN Ia,SNI,core,13,6,7,True
ZTF19acsvqrx,events/ZTF19acsvqrx.npz,SN Ia,SNI,core,12,3,9,True
ZTF19acszmgx,events/ZTF19acszmgx.npz,SN II,SNII,core,29,13,16,True
ZTF19acszojw,events/ZTF19acszojw.npz,CV,CV,core,1,1,0,False
ZTF19acszwgx,events/ZTF19acszwgx.npz,CV,CV,core,2,1,1,False
ZTF19actabny,events/ZTF19actabny.npz,SN IIn,SNII,core,20,8,12,True
ZTF19actaiag,events/ZTF19actaiag.npz,SN Ia,SNI,core,4,3,1,False
ZTF19actfpma,events/ZTF19actfpma.npz,SN Ia,SNI,core,11,4,7,True
ZTF19actfpmy,events/ZTF19actfpmy.npz,SN Ia,SNI,core,10,4,6,True
ZTF19actfqhp,events/ZTF19actfqhp.npz,SN Ia,SNI,core,21,7,14,True
ZTF19actfxcd,events/ZTF19actfxcd.npz,SN IIP,SNII,core,20,10,10,True
ZTF19actldas,events/ZTF19actldas.npz,SN Ia,SNI,core,94,40,54,True
ZTF19actnwtn,events/ZTF19actnwtn.npz,SN II,SNII,core,57,6,51,True
ZTF19actnyae,events/ZTF19actnyae.npz,SN II,SNII,core,31,8,23,True
ZTF19actuafw,events/ZTF19actuafw.npz,SN Ia,SNI,core,7,3,4,False
ZTF19actzjrf,events/ZTF19actzjrf.npz,SN Ia,SNI,core,12,6,6,True
ZTF19acudiph,events/ZTF19acudiph.npz,SN Ia,SNI,core,12,7,5,True
ZTF19acuergh,events/ZTF19acuergh.npz,SN Ia,SNI,core,1,0,1,False
ZTF19acuitcy,events/ZTF19acuitcy.npz,SN Ia,SNI,core,3,0,3,False
ZTF19acukcte,events/ZTF19acukcte.npz,SN Ia,SNI,core,7,3,4,False
ZTF19acukucu,events/ZTF19acukucu.npz,SN IIn,SNII,core,20,11,9,True
ZTF19aculczm,events/ZTF19aculczm.npz,SN Ia,SNI,core,13,5,8,True
ZTF19aculgvn,events/ZTF19aculgvn.npz,SN Ia,SNI,core,14,6,8,True
ZTF19aculisr,events/ZTF19aculisr.npz,CV,CV,core,6,3,3,False
ZTF19aculypc,events/ZTF19aculypc.npz,SN Ia,SNI,core,27,9,18,True
ZTF19acuybzx,events/ZTF19acuybzx.npz,SN Ia,SNI,core,28,10,18,True
ZTF19acuymeu,events/ZTF19acuymeu.npz,SN Ia,SNI,core,11,5,6,True
ZTF19acuyvtl,events/ZTF19acuyvtl.npz,SN Ia,SNI,core,24,8,16,True
ZTF19acvdyyn,events/ZTF19acvdyyn.npz,SN Ia-91T,SNI,core,31,17,14,True
ZTF19acvdzfq,events/ZTF19acvdzfq.npz,SN Ia,SNI,core,13,8,5,True
ZTF19acvgjme,events/ZTF19acvgjme.npz,SN Ia,SNI,core,19,9,10,True
ZTF19acvijnj,events/ZTF19acvijnj.npz,SN Ia,SNI,core,15,7,8,True
ZTF19acvkibv,events/ZTF19acvkibv.npz,SN IIn,SNII,core,11,0,11,False
ZTF19acvlycr,events/ZTF19acvlycr.npz,SN Ia,SNI,core,19,6,13,True
ZTF19acvmcdd,events/ZTF19acvmcdd.npz,SN II,SNII,core,27,8,19,True
ZTF19acvmfeg,events/ZTF19acvmfeg.npz,SN Ia,SNI,core,11,4,7,True
ZTF19acvrgde,events/ZTF19acvrgde.npz,SN Ia,SNI,core,9,3,6,True
ZTF19acvrigb,events/ZTF19acvrigb.npz,SN Ia,SNI,core,197,90,107,True
ZTF19acvrjzd,events/ZTF19acvrjzd.npz,SN II,SNII,core,75,28,47,True
ZTF19acvtrxj,events/ZTF19acvtrxj.npz,SN II,SNII,core,20,6,14,True
ZTF19acvtvlo,events/ZTF19acvtvlo.npz,SN Ia,SNI,core,15,4,11,True
ZTF19acvwllm,events/ZTF19acvwllm.npz,SN Ia,SNI,core,37,16,21,True
ZTF19acwbhih,events/ZTF19acwbhih.npz,SN II,SNII,core,23,9,14,True
ZTF19acwiqrc,events/ZTF19acwiqrc.npz,SN Ia,SNI,core,1,0,1,False
ZTF19acwqvvn,events/ZTF19acwqvvn.npz,SN Ia,SNI,core,28,14,14,True
ZTF19acwrqtv,events/ZTF19acwrqtv.npz,SN Ia,SNI,core,33,16,17,True
ZTF19acwrrvg,events/ZTF19acwrrvg.npz,SN II,SNII,core,67,32,35,True
ZTF19acwrujg,events/ZTF19acwrujg.npz,SN Ia,SNI,core,34,15,19,True
ZTF19acwsajh,events/ZTF19acwsajh.npz,CV,CV,core,8,6,2,True
ZTF19acxgueu,events/ZTF19acxgueu.npz,CV,CV,core,1,1,0,False
ZTF19acxguhd,events/ZTF19acxguhd.npz,SN Ia,SNI,core,5,2,3,False
ZTF19acxgwid,events/ZTF19acxgwid.npz,SN Ia,SNI,core,9,4,5,True
ZTF19acxgwvo,events/ZTF19acxgwvo.npz,SN II,SNII,core,14,5,9,True
ZTF19acxgxcu,events/ZTF19acxgxcu.npz,SN Ia,SNI,core,13,6,7,True
ZTF19acxhkvc,events/ZTF19acxhkvc.npz,SN Ia,SNI,core,25,6,19,True
ZTF19acxlcdz,events/ZTF19acxlcdz.npz,SN Ia,SNI,core,39,10,29,True
ZTF19acxlddi,events/ZTF19acxlddi.npz,SN Ia,SNI,core,13,4,9,True
ZTF19acxldra,events/ZTF19acxldra.npz,SN Ia,SNI,core,22,7,15,True
ZTF19acxlylb,events/ZTF19acxlylb.npz,SN Ia,SNI,core,16,7,9,True
ZTF19acxmfay,events/ZTF19acxmfay.npz,SN II,SNII,core,4,2,2,False
ZTF19acxmiyh,events/ZTF19acxmiyh.npz,SN Ia,SNI,core,25,6,19,True
ZTF19acxmmys,events/ZTF19acxmmys.npz,SN Ia,SNI,core,12,2,10,True
ZTF19acxmnkc,events/ZTF19acxmnkc.npz,SN IIn,SNII,core,34,11,23,True
ZTF19acxmnlb,events/ZTF19acxmnlb.npz,SN II,SNII,core,38,0,38,False
ZTF19acxmpnz,events/ZTF19acxmpnz.npz,SN Ib/c,SNI,core,18,5,13,True
ZTF19acxndsk,events/ZTF19acxndsk.npz,SN Ia,SNI,core,92,35,57,True
ZTF19acxnemy,events/ZTF19acxnemy.npz,SN Ia,SNI,core,37,10,27,True
ZTF19acxniuc,events/ZTF19acxniuc.npz,SN Ia,SNI,core,6,2,4,False
ZTF19acxolhu,events/ZTF19acxolhu.npz,SN Ia,SNI,core,16,5,11,True
ZTF19acxovkl,events/ZTF19acxovkl.npz,SN Ia,SNI,core,7,1,6,False
ZTF19acxovyh,events/ZTF19acxovyh.npz,SN Ia,SNI,core,25,12,13,True
ZTF19acxowrr,events/ZTF19acxowrr.npz,SN II,SNII,core,131,65,66,True
ZTF19acxowwt,events/ZTF19acxowwt.npz,SN Ia,SNI,core,17,4,13,True
ZTF19acxozhr,events/ZTF19acxozhr.npz,SN Ia,SNI,core,8,2,6,True
ZTF19acxphhl,events/ZTF19acxphhl.npz,SN Ia,SNI,core,52,27,25,True
ZTF19acxpkpv,events/ZTF19acxpkpv.npz,SN Ia,SNI,core,37,22,15,True
ZTF19acxpuql,events/ZTF19acxpuql.npz,SN Ib,SNI,core,50,26,24,True
ZTF19acxpwil,events/ZTF19acxpwil.npz,AGN,AGN,core,33,15,18,True
ZTF19acxqakw,events/ZTF19acxqakw.npz,SN Ia,SNI,core,4,2,2,False
ZTF19acxqaot,events/ZTF19acxqaot.npz,SN IIn,SNII,core,20,12,8,True
ZTF19acxxspb,events/ZTF19acxxspb.npz,CV,CV,core,4,1,3,False
ZTF19acxxwiz,events/ZTF19acxxwiz.npz,SN Ia-91T,SNI,core,31,10,21,True
ZTF19acxxwvi,events/ZTF19acxxwvi.npz,SN IIb,SNII,core,21,4,17,True
ZTF19acxxxec,events/ZTF19acxxxec.npz,SN Ic,SNI,core,24,7,17,True
ZTF19acxyfkf,events/ZTF19acxyfkf.npz,SN Ia,SNI,core,52,20,32,True
ZTF19acxysob,events/ZTF19acxysob.npz,SN Ia,SNI,core,35,14,21,True
ZTF19acxyucu,events/ZTF19acxyucu.npz,SN Ia,SNI,core,13,8,5,True
ZTF19acxyumq,events/ZTF19acxyumq.npz,SN Ia,SNI,core,63,31,32,True
ZTF19acxyzcq,events/ZTF19acxyzcq.npz,SN Ia,SNI,core,6,3,3,False
ZTF19acxzafe,events/ZTF19acxzafe.npz,SN Ia,SNI,core,9,6,3,True
ZTF19acxzbad,events/ZTF19acxzbad.npz,CV,CV,core,7,5,2,False
ZTF19acxzdht,events/ZTF19acxzdht.npz,SN Ia,SNI,core,9,5,4,True
ZTF19acxzmck,events/ZTF19acxzmck.npz,SN Ia,SNI,core,8,3,5,True
ZTF19acyexee,events/ZTF19acyexee.npz,CV,CV,core,1,1,0,False
ZTF19acyfakk,events/ZTF19acyfakk.npz,SN Ia,SNI,core,62,29,33,True
ZTF19acyfhnn,events/ZTF19acyfhnn.npz,CV,CV,core,24,11,13,True
ZTF19acyfkbf,events/ZTF19acyfkbf.npz,SN Ia,SNI,core,25,9,16,True
ZTF19acyfkzd,events/ZTF19acyfkzd.npz,SN Ia,SNI,core,16,5,11,True
ZTF19acyflhv,events/ZTF19acyflhv.npz,SN Ia,SNI,core,8,4,4,True
ZTF19acyfoha,events/ZTF19acyfoha.npz,SN Ia,SNI,core,11,4,7,True
ZTF19acyftrs,events/ZTF19acyftrs.npz,SN Ia,SNI,core,3,1,2,False
ZTF19acygbye,events/ZTF19acygbye.npz,SN Ia,SNI,core,11,3,8,True
ZTF19acyggzu,events/ZTF19acyggzu.npz,SN Ic,SNI,core,77,21,56,True
ZTF19acygjgx,events/ZTF19acygjgx.npz,SN Ia,SNI,core,29,8,21,True
ZTF19acygjmg,events/ZTF19acygjmg.npz,SN Ia,SNI,core,45,19,26,True
ZTF19acyiqnw,events/ZTF19acyiqnw.npz,SN Ia,SNI,core,62,27,35,True
ZTF19acyitga,events/ZTF19acyitga.npz,SN Ia,SNI,core,15,6,9,True
ZTF19acyjjni,events/ZTF19acyjjni.npz,SN IIb,SNII,core,28,8,20,True
ZTF19acyjviz,events/ZTF19acyjviz.npz,SN IIn,SNII,core,72,32,40,True
ZTF19acyjysk,events/ZTF19acyjysk.npz,SN IIn,SNII,core,56,26,30,True
ZTF19acyjzeo,events/ZTF19acyjzeo.npz,SN Ib,SNI,core,11,7,4,True
ZTF19acykaae,events/ZTF19acykaae.npz,SN IIn,SNII,core,23,11,12,True
ZTF19acykjad,events/ZTF19acykjad.npz,SN Ia,SNI,core,16,7,9,True
ZTF19acykjcw,events/ZTF19acykjcw.npz,SN Ia,SNI,core,27,12,15,True
ZTF19acykqyr,events/ZTF19acykqyr.npz,SN Ia,SNI,core,22,10,12,True
ZTF19acyksfd,events/ZTF19acyksfd.npz,SN Ia,SNI,core,21,9,12,True
ZTF19acyldun,events/ZTF19acyldun.npz,SN IIn,SNII,core,27,12,15,True
ZTF19acylgic,events/ZTF19acylgic.npz,SN Ia,SNI,core,42,14,28,True
ZTF19acyltbi,events/ZTF19acyltbi.npz,SN Ia,SNI,core,25,13,12,True
ZTF19acymuht,events/ZTF19acymuht.npz,CV,CV,core,5,2,3,False
ZTF19acymzwh,events/ZTF19acymzwh.npz,SN Ia,SNI,core,38,20,18,True
ZTF19acyndbj,events/ZTF19acyndbj.npz,SN Ia,SNI,core,48,22,26,True
ZTF19acyndpl,events/ZTF19acyndpl.npz,SN Ia,SNI,core,18,9,9,True
ZTF19acynije,events/ZTF19acynije.npz,SN Ia,SNI,core,42,21,21,True
ZTF19acyobbu,events/ZTF19acyobbu.npz,SN IIb,SNII,core,5,2,3,False
ZTF19acyogrm,events/ZTF19acyogrm.npz,SN Ic,SNI,core,41,14,27,True
ZTF19acyogvo,events/ZTF19acyogvo.npz,SN Ia,SNI,core,28,12,16,True
ZTF19acyplkt,events/ZTF19acyplkt.npz,SN IIP,SNII,core,27,11,16,True
ZTF19acyqdxa,events/ZTF19acyqdxa.npz,SN Ia,SNI,core,26,11,15,True
ZTF19acyqwlm,events/ZTF19acyqwlm.npz,SN Ia,SNI,core,108,47,61,True
ZTF19acytcsg,events/ZTF19acytcsg.npz,SN II,SNII,core,98,45,53,True
ZTF19acytidb,events/ZTF19acytidb.npz,SN Ia,SNI,core,31,14,17,True
ZTF19acyupee,events/ZTF19acyupee.npz,CV,CV,core,9,6,3,True
ZTF19aczeomw,events/ZTF19aczeomw.npz,SN Ia,SNI,core,18,5,13,True
ZTF19aczjkxo,events/ZTF19aczjkxo.npz,SN Ia,SNI,core,6,2,4,False
ZTF19aczjsdy,events/ZTF19aczjsdy.npz,SN Ia,SNI,core,5,1,4,False
ZTF19aczjsqn,events/ZTF19aczjsqn.npz,SN Ia,SNI,core,22,9,13,True
ZTF19aczjyre,events/ZTF19aczjyre.npz,SN Ia,SNI,core,20,10,10,True
ZTF19aczjytt,events/ZTF19aczjytt.npz,SN II,SNII,core,18,9,9,True
ZTF19aczjyuf,events/ZTF19aczjyuf.npz,SN Ia,SNI,core,16,5,11,True
ZTF19aczjzev,events/ZTF19aczjzev.npz,SN Ia,SNI,core,7,2,5,False
ZTF19aczkjxn,events/ZTF19aczkjxn.npz,SN II,SNII,core,33,12,21,True
ZTF19aczkkco,events/ZTF19aczkkco.npz,SN II,SNII,core,7,5,2,False
ZTF19aczlldp,events/ZTF19aczlldp.npz,SN II,SNII,core,31,14,17,True
ZTF19aczllns,events/ZTF19aczllns.npz,SN Ia,SNI,core,41,17,24,True
ZTF19aczmnqy,events/ZTF19aczmnqy.npz,SN IIb,SNII,core,12,7,5,True
ZTF19aczrmvs,events/ZTF19aczrmvs.npz,SN Ia,SNI,core,22,10,12,True
ZTF19adafqoe,events/ZTF19adafqoe.npz,SN Ia,SNI,core,30,12,18,True
ZTF19adaiibn,events/ZTF19adaiibn.npz,AGN,AGN,core,10,4,6,True
ZTF19adaiyql,events/ZTF19adaiyql.npz,AGN,AGN,core,6,0,6,False
ZTF19adaiyrd,events/ZTF19adaiyrd.npz,SN Ia,SNI,core,10,4,6,True
ZTF19adajivt,events/ZTF19adajivt.npz,SN Ia,SNI,core,17,7,10,True
ZTF19adajqcq,events/ZTF19adajqcq.npz,SN Ia,SNI,core,41,19,22,True
ZTF19adajqsp,events/ZTF19adajqsp.npz,SN Ia,SNI,core,3,1,2,False
ZTF19adajqwl,events/ZTF19adajqwl.npz,SN Ia,SNI,core,63,31,32,True
ZTF19adakmbh,events/ZTF19adakmbh.npz,SN II,SNII,core,8,1,7,False
ZTF19adakybi,events/ZTF19adakybi.npz,CV,CV,core,2,1,1,False
ZTF19adalarj,events/ZTF19adalarj.npz,SN IIn,SNII,core,8,3,5,True
ZTF19adalouc,events/ZTF19adalouc.npz,SN Ia,SNI,core,8,4,4,True
ZTF19adannbl,events/ZTF19adannbl.npz,SN IIn,SNII,core,19,9,10,True
ZTF19adavzew,events/ZTF19adavzew.npz,SN II,SNII,core,44,21,23,True
ZTF19adaxzax,events/ZTF19adaxzax.npz,SN II,SNII,core,9,3,6,True
ZTF19adaylqy,events/ZTF19adaylqy.npz,SN Ia,SNI,core,10,5,5,True
ZTF19adbfhal,events/ZTF19adbfhal.npz,SN Ia,SNI,core,7,4,3,False
ZTF19adbkvnr,events/ZTF19adbkvnr.npz,CV,CV,core,16,7,9,True
ZTF19adbmewx,events/ZTF19adbmewx.npz,SN Ia,SNI,core,36,13,23,True
ZTF19adbmgdk,events/ZTF19adbmgdk.npz,SN Ia,SNI,core,1,1,0,False
ZTF19adbmwto,events/ZTF19adbmwto.npz,SN Ia,SNI,core,15,4,11,True
ZTF19adbnfne,events/ZTF19adbnfne.npz,SN Ia,SNI,core,29,13,16,True
ZTF19adbnlki,events/ZTF19adbnlki.npz,SN Ia,SNI,core,44,22,22,True
ZTF19adbpulv,events/ZTF19adbpulv.npz,SN Ia,SNI,core,28,13,15,True
ZTF19adbqznr,events/ZTF19adbqznr.npz,CV,CV,core,50,23,27,True
ZTF19adbricc,events/ZTF19adbricc.npz,SN Ia,SNI,core,36,10,26,True
ZTF19adbryab,events/ZTF19adbryab.npz,SN II,SNII,core,26,9,17,True
ZTF19adbsblp,events/ZTF19adbsblp.npz,SN II,SNII,core,18,8,10,True
ZTF19adbsfpf,events/ZTF19adbsfpf.npz,SN Ia,SNI,core,18,5,13,True
ZTF19adcbpcj,events/ZTF19adcbpcj.npz,SN Ia,SNI,core,13,5,8,True
ZTF19adcbxkw,events/ZTF19adcbxkw.npz,SN Ia,SNI,core,13,6,7,True
ZTF19adccrca,events/ZTF19adccrca.npz,SN II,SNII,core,147,69,78,True
ZTF19adcddzk,events/ZTF19adcddzk.npz,AGN,AGN,core,99,45,54,True
ZTF19adcdgca,events/ZTF19adcdgca.npz,SN Ia,SNI,core,49,16,33,True
ZTF19adcdrng,events/ZTF19adcdrng.npz,SN Ia,SNI,core,23,11,12,True
ZTF19adcdtkw,events/ZTF19adcdtkw.npz,SN Ia,SNI,core,49,19,30,True
ZTF19adcdtyy,events/ZTF19adcdtyy.npz,SN Ia,SNI,core,20,7,13,True
ZTF19adcdzjm,events/ZTF19adcdzjm.npz,SN Ia,SNI,core,27,10,17,True
ZTF19adcecwu,events/ZTF19adcecwu.npz,SN Ia,SNI,core,117,60,57,True
ZTF19adcetym,events/ZTF19adcetym.npz,SN Ia,SNI,core,18,11,7,True
ZTF19adcfsad,events/ZTF19adcfsad.npz,SN Ib,SNI,core,23,10,13,True
ZTF19adcfsdr,events/ZTF19adcfsdr.npz,SN Ia,SNI,core,14,7,7,True
ZTF19adcghbt,events/ZTF19adcghbt.npz,SN Ia,SNI,core,2,0,2,False
ZTF19adcghvg,events/ZTF19adcghvg.npz,SN Ia,SNI,core,5,2,3,False
ZTF19addgtqm,events/ZTF19addgtqm.npz,CV,CV,core,7,3,4,False
ZTF19adfuzrc,events/ZTF19adfuzrc.npz,SN Ia,SNI,core,32,17,15,True
ZTF19adgooar,events/ZTF19adgooar.npz,SN II,SNII,core,56,9,47,True
ZTF19adguxmv,events/ZTF19adguxmv.npz,SN Ia,SNI,core,8,0,8,False
ZTF19adjvjqi,events/ZTF19adjvjqi.npz,SN Ia,SNI,core,12,9,3,True
ZTF19adlbofr,events/ZTF19adlbofr.npz,SN II,SNII,core,10,4,6,True
ZTF20aaaboph,events/ZTF20aaaboph.npz,SN Ia,SNI,core,7,7,0,False
ZTF20aaactgu,events/ZTF20aaactgu.npz,SN Ia,SNI,core,23,9,14,True
ZTF20aaaddgy,events/ZTF20aaaddgy.npz,SN IIn,SNII,core,68,36,32,True
ZTF20aaavvlv,events/ZTF20aaavvlv.npz,SN Ia,SNI,core,160,74,86,True
ZTF20aaavxvy,events/ZTF20aaavxvy.npz,CV,CV,core,2,1,1,False
ZTF20aaawbkz,events/ZTF20aaawbkz.npz,SN Ia,SNI,core,10,4,6,True
ZTF20aaawbxl,events/ZTF20aaawbxl.npz,SN Ia,SNI,core,11,3,8,True
ZTF20aaaweke,events/ZTF20aaaweke.npz,SN IIn,SNII,core,165,80,85,True
ZTF20aaawmxq,events/ZTF20aaawmxq.npz,SN Ia,SNI,core,131,59,72,True
ZTF20aaaxacu,events/ZTF20aaaxacu.npz,SN Ia,SNI,core,48,22,26,True
ZTF20aaaxerd,events/ZTF20aaaxerd.npz,SN Ia,SNI,core,13,6,7,True
ZTF20aaaxghv,events/ZTF20aaaxghv.npz,SN Ib,SNI,core,10,5,5,True
ZTF20aaaxrad,events/ZTF20aaaxrad.npz,SN Ia,SNI,core,36,18,18,True
ZTF20aaayaet,events/ZTF20aaayaet.npz,SN Ia,SNI,core,56,23,33,True
ZTF20aaaydnj,events/ZTF20aaaydnj.npz,AGN,AGN,core,11,8,3,True
ZTF20aaazjwc,events/ZTF20aaazjwc.npz,SN II,SNII,core,22,11,11,True
ZTF20aabbvcx,events/ZTF20aabbvcx.npz,SN Ia,SNI,core,21,9,12,True
ZTF20aabcemq,events/ZTF20aabcemq.npz,SN IIn,SNII,core,42,17,25,True
ZTF20aabconi,events/ZTF20aabconi.npz,SN II,SNII,core,21,10,11,True
ZTF20aabcouv,events/ZTF20aabcouv.npz,SN Ia,SNI,core,27,13,14,True
ZTF20aabqamf,events/ZTF20aabqamf.npz,SN Ia,SNI,core,17,8,9,True
ZTF20aabqdbo,events/ZTF20aabqdbo.npz,SN Ia,SNI,core,31,12,19,True
ZTF20aabqiav,events/ZTF20aabqiav.npz,SN II,SNII,core,31,15,16,True
ZTF20aabqihu,events/ZTF20aabqihu.npz,TDE,TDE,core,31,16,15,True
ZTF20aabqiiy,events/ZTF20aabqiiy.npz,SN Ia,SNI,core,21,9,12,True
ZTF20aabqisb,events/ZTF20aabqisb.npz,SN Ia,SNI,core,82,30,52,True
ZTF20aabqiti,events/ZTF20aabqiti.npz,SN Ia,SNI,core,71,34,37,True
ZTF20aabqjht,events/ZTF20aabqjht.npz,SN Ia,SNI,core,33,15,18,True
ZTF20aabqkla,events/ZTF20aabqkla.npz,SN Ia,SNI,core,10,3,7,True
ZTF20aabqkxs,events/ZTF20aabqkxs.npz,SN Ib,SNI,core,19,9,10,True
ZTF20aabqwtz,events/ZTF20aabqwtz.npz,SN II,SNII,core,65,32,33,True
ZTF20aabrydh,events/ZTF20aabrydh.npz,SN Ia,SNI,core,14,7,7,True
ZTF20aacaefq,events/ZTF20aacaefq.npz,CV,CV,core,6,2,4,False
ZTF20aacbgvj,events/ZTF20aacbgvj.npz,SN Ia,SNI,core,9,3,6,True
ZTF20aacbtgq,events/ZTF20aacbtgq.npz,SN Ia,SNI,core,90,41,49,True
ZTF20aacbyec,events/ZTF20aacbyec.npz,SN IIn,SNII,core,46,25,21,True
ZTF20aacbyij,events/ZTF20aacbyij.npz,SN IIL,SNII,core,3,1,2,False
ZTF20aacbyoh,events/ZTF20aacbyoh.npz,SN II,SNII,core,5,1,4,False
ZTF20aacciep,events/ZTF20aacciep.npz,SN Ia,SNI,core,5,3,2,False
ZTF20aacdfep,events/ZTF20aacdfep.npz,SN Ia,SNI,core,8,4,4,True
ZTF20aacdfyv,events/ZTF20aacdfyv.npz,SN Ic,SNI,core,26,14,12,True
ZTF20aacedmi,events/ZTF20aacedmi.npz,SN Ia,SNI,core,30,14,16,True
ZTF20aacevxq,events/ZTF20aacevxq.npz,SN Ia,SNI,core,33,16,17,True
ZTF20aacewxb,events/ZTF20aacewxb.npz,SN II,SNII,core,13,4,9,True
ZTF20aacexgb,events/ZTF20aacexgb.npz,SN Ia,SNI,core,11,4,7,True
ZTF20aacgrql,events/ZTF20aacgrql.npz,SN II,SNII,core,12,3,9,True
ZTF20aacwxut,events/ZTF20aacwxut.npz,SN Ia,SNI,core,16,9,7,True
ZTF20aaczkyw,events/ZTF20aaczkyw.npz,SN II,SNII,core,23,12,11,True
ZTF20aadcaop,events/ZTF20aadcaop.npz,SN Ia,SNI,core,14,7,7,True
ZTF20aadcbux,events/ZTF20aadcbux.npz,SN Ia,SNI,core,11,4,7,True
ZTF20aadccda,events/ZTF20aadccda.npz,SN Ia,SNI,core,18,5,13,True
ZTF20aadccel,events/ZTF20aadccel.npz,SN Ia,SNI,core,7,2,5,False
ZTF20aadcdzj,events/ZTF20aadcdzj.npz,SN Ia,SNI,core,50,24,26,True
ZTF20aadchdd,events/ZTF20aadchdd.npz,SN II,SNII,core,47,17,30,True
ZTF20aadcitq,events/ZTF20aadcitq.npz,SN Ia,SNI,core,43,16,27,True
ZTF20aadfyjl,events/ZTF20aadfyjl.npz,SN Ia,SNI,core,31,12,19,True
ZTF20aadtarr,events/ZTF20aadtarr.npz,SN IIn,SNII,core,22,13,9,True
ZTF20aadvaoi,events/ZTF20aadvaoi.npz,SN Ia,SNI,core,73,35,38,True
ZTF20aadvunl,events/ZTF20aadvunl.npz,SN Ia,SNI,core,41,17,24,True
ZTF20aadxcsc,events/ZTF20aadxcsc.npz,SN Ia,SNI,core,12,6,6,True
ZTF20aadxrvb,events/ZTF20aadxrvb.npz,SN IIn,SNII,core,23,14,9,True
ZTF20aadxvfj,events/ZTF20aadxvfj.npz,SN Ia,SNI,core,19,10,9,True
ZTF20aadyiaa,events/ZTF20aadyiaa.npz,SN Ia,SNI,core,1,1,0,False
ZTF20aadyukn,events/ZTF20aadyukn.npz,SN Ia,SNI,core,59,21,38,True
ZTF20aadyyvk,events/ZTF20aadyyvk.npz,SN IIn,SNII,core,184,91,93,True
ZTF20aadzfzy,events/ZTF20aadzfzy.npz,CV,CV,core,11,6,5,True
ZTF20aadzwnu,events/ZTF20aadzwnu.npz,SN Ia,SNI,core,6,2,4,False
ZTF20aaeabyu,events/ZTF20aaeabyu.npz,SN II,SNII,core,6,2,4,False
ZTF20aaeiols,events/ZTF20aaeiols.npz,CV,CV,core,1,0,1,False
ZTF20aaeipdz,events/ZTF20aaeipdz.npz,SN Ia,SNI,core,21,4,17,True
ZTF20aaekkuv,events/ZTF20aaekkuv.npz,SN Ic,SNI,core,13,5,8,True
ZTF20aaelulu,events/ZTF20aaelulu.npz,SN Ic,SNI,core,53,27,26,True
ZTF20aaemtgw,events/ZTF20aaemtgw.npz,SN Ia,SNI,core,30,15,15,True
ZTF20aaeopvv,events/ZTF20aaeopvv.npz,SN Ia,SNI,core,22,10,12,True
ZTF20aaeoqqd,events/ZTF20aaeoqqd.npz,SN II,SNII,core,21,10,11,True
ZTF20aaepsqa,events/ZTF20aaepsqa.npz,SN Ia,SNI,core,24,12,12,True
ZTF20aaerqjd,events/ZTF20aaerqjd.npz,SN Ia,SNI,core,28,12,16,True
ZTF20aaertpj,events/ZTF20aaertpj.npz,SN Ib,SNI,core,21,10,11,True
ZTF20aaerxne,events/ZTF20aaerxne.npz,SN Ib,SNI,core,25,12,13,True
ZTF20aaerxsd,events/ZTF20aaerxsd.npz,SN Ia,SNI,core,40,18,22,True
ZTF20aaerzvi,events/ZTF20aaerzvi.npz,SN Ia,SNI,core,8,5,3,True
ZTF20aaesewy,events/ZTF20aaesewy.npz,SN Ia,SNI,core,33,18,15,True
ZTF20aaeszsm,events/ZTF20aaeszsm.npz,SN Ia,SNI,core,27,13,14,True
ZTF20aaetirf,events/ZTF20aaetirf.npz,SN Ic,SNI,core,2,0,2,False
ZTF20aaetrle,events/ZTF20aaetrle.npz,SN II,SNII,core,43,23,20,True
ZTF20aaetsrw,events/ZTF20aaetsrw.npz,AGN,AGN,core,34,16,18,True
ZTF20aaetvkh,events/ZTF20aaetvkh.npz,SN Ia,SNI,core,25,10,15,True
ZTF20aaeujsk,events/ZTF20aaeujsk.npz,SN Ia,SNI,core,13,7,6,True
ZTF20aaeuxqk,events/ZTF20aaeuxqk.npz,SN Ia,SNI,core,45,20,25,True
ZTF20aaevbvv,events/ZTF20aaevbvv.npz,SN Ia,SNI,core,81,35,46,True
ZTF20aaevgyr,events/ZTF20aaevgyr.npz,SN Ia,SNI,core,15,4,11,True
ZTF20aaewban,events/ZTF20aaewban.npz,SN Ia,SNI,core,10,4,6,True
ZTF20aaewhin,events/ZTF20aaewhin.npz,CV,CV,core,1,0,1,False
ZTF20aaezaxk,events/ZTF20aaezaxk.npz,SN Ia,SNI,core,18,10,8,True
ZTF20aaezgkg,events/ZTF20aaezgkg.npz,SN Ic,SNI,core,8,2,6,True
ZTF20aaezizk,events/ZTF20aaezizk.npz,SN Ia,SNI,core,27,12,15,True
ZTF20aafcgca,events/ZTF20aafcgca.npz,SN Ia,SNI,core,66,25,41,True
ZTF20aafciit,events/ZTF20aafciit.npz,SN Ia,SNI,core,35,15,20,True
ZTF20aafcjln,events/ZTF20aafcjln.npz,SN Ia,SNI,core,19,10,9,True
ZTF20aafckit,events/ZTF20aafckit.npz,SN II,SNII,core,69,30,39,True
ZTF20aafclqz,events/ZTF20aafclqz.npz,SN II,SNII,core,31,15,16,True
ZTF20aafclxb,events/ZTF20aafclxb.npz,SN II,SNII,core,22,11,11,True
ZTF20aafcmfi,events/ZTF20aafcmfi.npz,SN Ia,SNI,core,14,6,8,True
ZTF20aafcnem,events/ZTF20aafcnem.npz,SN Ia,SNI,core,31,16,15,True
ZTF20aafdeza,events/ZTF20aafdeza.npz,SN Ia,SNI,core,11,5,6,True
ZTF20aafdglk,events/ZTF20aafdglk.npz,SN Ia,SNI,core,21,12,9,True
ZTF20aafdzfo,events/ZTF20aafdzfo.npz,AGN,AGN,core,48,31,17,True
ZTF20aaffgwg,events/ZTF20aaffgwg.npz,SN Ia,SNI,core,22,8,14,True
ZTF20aafjjqj,events/ZTF20aafjjqj.npz,SN Ia,SNI,core,81,38,43,True
ZTF20aaflaug,events/ZTF20aaflaug.npz,SN Ia,SNI,core,50,19,31,True
ZTF20aaflngq,events/ZTF20aaflngq.npz,SN Ia,SNI,core,7,2,5,False
ZTF20aafmdzj,events/ZTF20aafmdzj.npz,SN Ic-BL,SNI,core,18,9,9,True
ZTF20aafnrtm,events/ZTF20aafnrtm.npz,SN Ia-91T,SNI,core,2,1,1,False
ZTF20aafrihv,events/ZTF20aafrihv.npz,SN Ia,SNI,core,91,42,49,True
ZTF20aafrjqw,events/ZTF20aafrjqw.npz,SN Ia,SNI,core,34,12,22,True
ZTF20aafsnpp,events/ZTF20aafsnpp.npz,SN Ia,SNI,core,70,29,41,True
ZTF20aafvzhu,events/ZTF20aafvzhu.npz,SN Ia,SNI,core,37,18,19,True
ZTF20aafwbcs,events/ZTF20aafwbcs.npz,SN Ia,SNI,core,16,10,6,True
ZTF20aafxftu,events/ZTF20aafxftu.npz,SN Ia,SNI,core,13,7,6,True
ZTF20aafxzej,events/ZTF20aafxzej.npz,AGN,AGN,core,29,13,16,True
ZTF20aafzcab,events/ZTF20aafzcab.npz,SN Ia,SNI,core,14,7,7,True
ZTF20aagewqr,events/ZTF20aagewqr.npz,SN Ic,SNI,core,10,2,8,True
ZTF20aagfjlj,events/ZTF20aagfjlj.npz,SN Ia,SNI,core,19,9,10,True
ZTF20aaggyef,events/ZTF20aaggyef.npz,AGN,AGN,core,16,6,10,True
ZTF20aaghlkv,events/ZTF20aaghlkv.npz,SN Ia,SNI,core,47,23,24,True
ZTF20aaghnxd,events/ZTF20aaghnxd.npz,SN Ia,SNI,core,31,14,17,True
ZTF20aaghoqz,events/ZTF20aaghoqz.npz,SN Ia,SNI,core,19,6,13,True
ZTF20aaghpdc,events/ZTF20aaghpdc.npz,SN Ia,SNI,core,87,42,45,True
ZTF20aagjpmt,events/ZTF20aagjpmt.npz,SN II,SNII,core,26,12,14,True
ZTF20aaglivt,events/ZTF20aaglivt.npz,SN Ia,SNI,core,28,11,17,True
ZTF20aagloch,events/ZTF20aagloch.npz,SN Ia,SNI,core,88,40,48,True
ZTF20aagmrid,events/ZTF20aagmrid.npz,SN Ia,SNI,core,12,5,7,True
ZTF20aagnbes,events/ZTF20aagnbes.npz,SN II,SNII,core,85,45,40,True
ZTF20aagnbpw,events/ZTF20aagnbpw.npz,SN Ia,SNI,core,27,7,20,True
ZTF20aagqrbx,events/ZTF20aagqrbx.npz,CV,CV,core,21,10,11,True
ZTF20aagvvnr,events/ZTF20aagvvnr.npz,SN Ia,SNI,core,18,7,11,True
ZTF20aagyuvy,events/ZTF20aagyuvy.npz,SN Ia,SNI,core,14,7,7,True
ZTF20aagzchj,events/ZTF20aagzchj.npz,SN Ia,SNI,core,22,11,11,True
ZTF20aagzqsb,events/ZTF20aagzqsb.npz,SN Ia,SNI,core,16,8,8,True
ZTF20aagzzbi,events/ZTF20aagzzbi.npz,SN Ia,SNI,core,15,9,6,True
ZTF20aahapgw,events/ZTF20aahapgw.npz,SN IIn,SNII,core,36,17,19,True
ZTF20aahapsq,events/ZTF20aahapsq.npz,SN Ia,SNI,core,14,7,7,True
ZTF20aahaxjl,events/ZTF20aahaxjl.npz,SN Ia,SNI,core,27,8,19,True
ZTF20aahbamv,events/ZTF20aahbamv.npz,SN II,SNII,core,95,43,52,True
ZTF20aahcrjn,events/ZTF20aahcrjn.npz,CV,CV,core,4,0,4,False
ZTF20aahcslg,events/ZTF20aahcslg.npz,CV,CV,core,11,4,7,True
ZTF20aahdwze,events/ZTF20aahdwze.npz,SN Ia,SNI,core,86,40,46,True
ZTF20aahfobk,events/ZTF20aahfobk.npz,SN Ia,SNI,core,94,46,48,True
ZTF20aahgejq,events/ZTF20aahgejq.npz,SN IIb,SNII,core,73,34,39,True
ZTF20aahggbm,events/ZTF20aahggbm.npz,SN Ia,SNI,core,27,13,14,True
ZTF20aahidaa,events/ZTF20aahidaa.npz,SN Ia,SNI,core,11,5,6,True
ZTF20aahidph,events/ZTF20aahidph.npz,SN Ia,SNI,core,10,4,6,True
ZTF20aahirfz,events/ZTF20aahirfz.npz,SN IIP,SNII,core,7,4,3,False
ZTF20aahirkk,events/ZTF20aahirkk.npz,SN Ia-91T,SNI,core,10,6,4,True
ZTF20aahirqq,events/ZTF20aahirqq.npz,SN Ia,SNI,core,11,5,6,True
ZTF20aahjymt,events/ZTF20aahjymt.npz,SN Ia,SNI,core,18,8,10,True
ZTF20aahkgcz,events/ZTF20aahkgcz.npz,SN Ia,SNI,core,62,30,32,True
ZTF20aahklzo,events/ZTF20aahklzo.npz,CV,CV,core,11,7,4,True
ZTF20aahmtso,events/ZTF20aahmtso.npz,TDE,TDE,core,1,0,1,False
ZTF20aahmvfw,events/ZTF20aahmvfw.npz,SN Ia,SNI,core,8,0,8,False
ZTF20aahntru,events/ZTF20aahntru.npz,AGN,AGN,core,20,19,1,False
ZTF20aahptds,events/ZTF20aahptds.npz,SN Ia,SNI,core,71,36,35,True
ZTF20aahpwym,events/ZTF20aahpwym.npz,SN Ia,SNI,core,39,17,22,True
ZTF20aahpxzz,events/ZTF20aahpxzz.npz,SN Ia,SNI,core,16,8,8,True
ZTF20aahqabk,events/ZTF20aahqabk.npz,SN Ia,SNI,core,13,6,7,True
ZTF20aahqbib,events/ZTF20aahqbib.npz,SN Ia,SNI,core,23,8,15,True
ZTF20aahqbsr,events/ZTF20aahqbsr.npz,SN II,SNII,core,48,21,27,True
ZTF20aahqbun,events/ZTF20aahqbun.npz,SN II,SNII,core,37,11,26,True
ZTF20aahqcup,events/ZTF20aahqcup.npz,SN Ia,SNI,core,31,12,19,True
ZTF20aahtjat,events/ZTF20aahtjat.npz,SN Ia,SNI,core,14,7,7,True
ZTF20aahtral,events/ZTF20aahtral.npz,SN Ia,SNI,core,11,5,6,True
ZTF20aahzyep,events/ZTF20aahzyep.npz,SN Ia,SNI,core,31,16,15,True
ZTF20aahzyml,events/ZTF20aahzyml.npz,SN Ia,SNI,core,12,6,6,True
ZTF20aaiaaoi,events/ZTF20aaiaaoi.npz,SN Ia-91T,SNI,core,23,10,13,True
ZTF20aaiahra,events/ZTF20aaiahra.npz,SN Ib,SNI,core,4,0,4,False
ZTF20aaiawlj,events/ZTF20aaiawlj.npz,SN Ia,SNI,core,14,7,7,True
ZTF20aaichor,events/ZTF20aaichor.npz,SN Ia,SNI,core,52,26,26,True
ZTF20aaideho,events/ZTF20aaideho.npz,SN Ia,SNI,core,12,5,7,True
ZTF20aaidnku,events/ZTF20aaidnku.npz,CV,CV,core,10,5,5,True
ZTF20aaidnyk,events/ZTF20aaidnyk.npz,SN Ia,SNI,core,17,9,8,True
ZTF20aaieyup,events/ZTF20aaieyup.npz,SN II,SNII,core,14,6,8,True
ZTF20aaieyuw,events/ZTF20aaieyuw.npz,SN II,SNII,core,19,9,10,True
ZTF20aaifkyj,events/ZTF20aaifkyj.npz,SN Ia,SNI,core,15,8,7,True
ZTF20aaifsri,events/ZTF20aaifsri.npz,SN Ia,SNI,core,12,7,5,True
ZTF20aaiftgi,events/ZTF20aaiftgi.npz,SN Ic,SNI,core,13,7,6,True
ZTF20aaifyab,events/ZTF20aaifyab.npz,SN Ia,SNI,core,18,9,9,True
ZTF20aaifyfx,events/ZTF20aaifyfx.npz,SN Ia,SNI,core,13,6,7,True
ZTF20aaifyrs,events/ZTF20aaifyrs.npz,SN Ia,SNI,core,23,11,12,True
ZTF20aaifyvz,events/ZTF20aaifyvz.npz,SN Ia,SNI,core,20,9,11,True
ZTF20aaifzfk,events/ZTF20aaifzfk.npz,SN II,SNII,core,46,19,27,True
ZTF20aaiihky,events/ZTF20aaiihky.npz,SN Ia,SNI,core,14,7,7,True
ZTF20aaimqhh,events/ZTF20aaimqhh.npz,CV,CV,core,11,4,7,True
ZTF20aaiovoy,events/ZTF20aaiovoy.npz,SN II,SNII,core,35,16,19,True
ZTF20aaiqiti,events/ZTF20aaiqiti.npz,SN Ic-BL,SNI,core,27,10,17,True
ZTF20aairvsi,events/ZTF20aairvsi.npz,SN Ia,SNI,core,33,14,19,True
ZTF20aaispgr,events/ZTF20aaispgr.npz,SN Ia,SNI,core,18,10,8,True
ZTF20aaivego,events/ZTF20aaivego.npz,SN Ia,SNI,core,14,7,7,True
ZTF20aaivjce,events/ZTF20aaivjce.npz,SN Ia,SNI,core,10,3,7,True
ZTF20aaivvwa,events/ZTF20aaivvwa.npz,SN Ia,SNI,core,12,8,4,True
ZTF20aajbsxt,events/ZTF20aajbsxt.npz,SN Ia,SNI,core,123,59,64,True
ZTF20aajcdad,events/ZTF20aajcdad.npz,SN Ib,SNI,core,43,22,21,True
ZTF20aajjxwc,events/ZTF20aajjxwc.npz,SN Ia,SNI,core,19,6,13,True
ZTF20aajvcwd,events/ZTF20aajvcwd.npz,SN Ia,SNI,core,10,5,5,True
ZTF20aajvyja,events/ZTF20aajvyja.npz,SN IIn,SNII,core,38,18,20,True
ZTF20aajystl,events/ZTF20aajystl.npz,SN Ia,SNI,core,8,4,4,True
ZTF20aakbtyz,events/ZTF20aakbtyz.npz,SN Ia,SNI,core,38,20,18,True
ZTF20aakficj,events/ZTF20aakficj.npz,CV,CV,core,20,10,10,True
ZTF20aakfofq,events/ZTF20aakfofq.npz,SN Ia,SNI,core,26,10,16,True
ZTF20aakhpmp,events/ZTF20aakhpmp.npz,SN Ia,SNI,core,3,1,2,False
ZTF20aakndsn,events/ZTF20aakndsn.npz,SN Ia,SNI,core,8,5,3,True
ZTF20aaknyvm,events/ZTF20aaknyvm.npz,AGN,AGN,core,10,5,5,True
ZTF20aaknzba,events/ZTF20aaknzba.npz,SN Ia,SNI,core,18,9,9,True
ZTF20aakodiq,events/ZTF20aakodiq.npz,SN Ia-91T,SNI,core,53,22,31,True
ZTF20aakodyh,events/ZTF20aakodyh.npz,SN Ib,SNI,core,14,4,10,True
ZTF20aakugak,events/ZTF20aakugak.npz,CV,CV,core,6,3,3,False
ZTF20aakxwgy,events/ZTF20aakxwgy.npz,SN Ia,SNI,core,17,5,12,True
ZTF20aakyoez,events/ZTF20aakyoez.npz,SN Ia,SNI,core,153,77,76,True
ZTF20aakyqlh,events/ZTF20aakyqlh.npz,SN Ia,SNI,core,10,10,0,False
ZTF20aakzbfh,events/ZTF20aakzbfh.npz,SN II,SNII,core,10,5,5,True
ZTF20aakzezp,events/ZTF20aakzezp.npz,SN Ia,SNI,core,6,3,3,False
ZTF20aalbjpf,events/ZTF20aalbjpf.npz,SN Ia,SNI,core,12,6,6,True
ZTF20aalbjqh,events/ZTF20aalbjqh.npz,SN Ia,SNI,core,12,6,6,True
ZTF20aalbtwh,events/ZTF20aalbtwh.npz,SN II,SNII,core,13,6,7,True
ZTF20aalcyih,events/ZTF20aalcyih.npz,SN Ib,SNI,core,25,9,16,True
ZTF20aalejtl,events/ZTF20aalejtl.npz,SN Ia,SNI,core,24,10,14,True
ZTF20aaljgcp,events/ZTF20aaljgcp.npz,SN Ia,SNI,core,41,19,22,True
ZTF20aalkcea,events/ZTF20aalkcea.npz,SN Ia,SNI,core,8,4,4,True
ZTF20aalkfei,events/ZTF20aalkfei.npz,SN Ia,SNI,core,4,2,2,False
ZTF20aalkfui,events/ZTF20aalkfui.npz,SN Ia,SNI,core,7,4,3,False
ZTF20aalmeaj,events/ZTF20aalmeaj.npz,SN Ia,SNI,core,18,8,10,True
ZTF20aalrksw,events/ZTF20aalrksw.npz,SN Ia,SNI,core,24,13,11,True
ZTF20aalrptc,events/ZTF20aalrptc.npz,SN Ia,SNI,core,21,11,10,True
ZTF20aalxlis,events/ZTF20aalxlis.npz,SN Ic-BL,SNI,core,45,23,22,True
ZTF20aalyeut,events/ZTF20aalyeut.npz,SN Ia,SNI,core,20,10,10,True
ZTF20aamamnp,events/ZTF20aamamnp.npz,SN II,SNII,core,21,15,6,True
ZTF20aamaqak,events/ZTF20aamaqak.npz,SN Ia,SNI,core,31,16,15,True
ZTF20aamazzl,events/ZTF20aamazzl.npz,SN II,SNII,core,39,20,19,True
ZTF20aambbfn,events/ZTF20aambbfn.npz,SN Ia,SNI,core,31,13,18,True
ZTF20aambtea,events/ZTF20aambtea.npz,SN II,SNII,core,6,2,4,False
ZTF20aamcvyp,events/ZTF20aamcvyp.npz,SN Ia,SNI,core,8,6,2,True
ZTF20aamdhut,events/ZTF20aamdhut.npz,SN Ia,SNI,core,15,8,7,True
ZTF20aamdlml,events/ZTF20aamdlml.npz,CV,CV,core,7,3,4,False
ZTF20aamdloh,events/ZTF20aamdloh.npz,CV,CV,core,8,4,4,True
ZTF20aamdqiz,events/ZTF20aamdqiz.npz,SN Ia,SNI,core,26,14,12,True
ZTF20aamdsjv,events/ZTF20aamdsjv.npz,SN Ia,SNI,core,32,17,15,True
ZTF20aamdyal,events/ZTF20aamdyal.npz,SN Ia,SNI,core,42,22,20,True
ZTF20aamdyln,events/ZTF20aamdyln.npz,SN Ic,SNI,core,12,3,9,True
ZTF20aamenwg,events/ZTF20aamenwg.npz,SN Ia,SNI,core,11,5,6,True
ZTF20aamerev,events/ZTF20aamerev.npz,SN Ia,SNI,core,29,12,17,True
ZTF20aamfpcj,events/ZTF20aamfpcj.npz,SN Ia-91T,SNI,core,42,21,21,True
ZTF20aamgdkb,events/ZTF20aamgdkb.npz,SN Ia,SNI,core,41,21,20,True
ZTF20aamhocj,events/ZTF20aamhocj.npz,SN Ia,SNI,core,32,12,20,True
ZTF20aamifit,events/ZTF20aamifit.npz,SN Ia,SNI,core,8,0,8,False
ZTF20aamihhs,events/ZTF20aamihhs.npz,AGN,AGN,core,5,1,4,False
ZTF20aamiwbp,events/ZTF20aamiwbp.npz,SN Ia,SNI,core,28,14,14,True
ZTF20aamizsz,events/ZTF20aamizsz.npz,SN Ia,SNI,core,5,2,3,False
ZTF20aamknna,events/ZTF20aamknna.npz,SN Ia,SNI,core,11,5,6,True
ZTF20aamknxn,events/ZTF20aamknxn.npz,SN Ia,SNI,core,14,8,6,True
ZTF20aamksoq,events/ZTF20aamksoq.npz,SN Ia,SNI,core,9,4,5,True
ZTF20aamkyyx,events/ZTF20aamkyyx.npz,SN Ia,SNI,core,14,6,8,True
ZTF20aamlmec,events/ZTF20aamlmec.npz,SN II,SNII,core,12,6,6,True
ZTF20aammbrw,events/ZTF20aammbrw.npz,SN Ia,SNI,core,21,9,12,True
ZTF20aammdfk,events/ZTF20aammdfk.npz,SN IIn,SNII,core,16,9,7,True
ZTF20aammgop,events/ZTF20aammgop.npz,SN Ia,SNI,core,5,3,2,False
ZTF20aammhli,events/ZTF20aammhli.npz,SN Ia,SNI,core,66,32,34,True
ZTF20aammicx,events/ZTF20aammicx.npz,SN Ia,SNI,core,14,8,6,True
ZTF20aammnnm,events/ZTF20aammnnm.npz,SN Ia,SNI,core,46,26,20,True
ZTF20aammtwx,events/ZTF20aammtwx.npz,SN Ic,SNI,core,24,10,14,True
ZTF20aamntsk,events/ZTF20aamntsk.npz,SN Ia,SNI,core,12,6,6,True
ZTF20aamnvij,events/ZTF20aamnvij.npz,SN Ia,SNI,core,36,17,19,True
ZTF20aamoaim,events/ZTF20aamoaim.npz,SN II,SNII,core,14,6,8,True
ZTF20aamovgw,events/ZTF20aamovgw.npz,SN Ia,SNI,core,8,4,4,True
ZTF20aamqmhj,events/ZTF20aamqmhj.npz,SN Ic,SNI,core,32,8,24,True
ZTF20aamqslk,events/ZTF20aamqslk.npz,SN Ia,SNI,core,41,20,21,True
ZTF20aamqxyi,events/ZTF20aamqxyi.npz,SN Ia,SNI,core,9,4,5,True
ZTF20aamrreb,events/ZTF20aamrreb.npz,SN IIn,SNII,core,10,5,5,True
ZTF20aamsjws,events/ZTF20aamsjws.npz,SN Ia,SNI,core,36,16,20,True
ZTF20aamttiw,events/ZTF20aamttiw.npz,SN II,SNII,core,38,15,23,True
ZTF20aamttmo,events/ZTF20aamttmo.npz,SN Ia,SNI,core,23,10,13,True
ZTF20aamttni,events/ZTF20aamttni.npz,SN Ia,SNI,core,15,5,10,True
ZTF20aamujvi,events/ZTF20aamujvi.npz,SN Ia,SNI,core,3,1,2,False
ZTF20aamuqwn,events/ZTF20aamuqwn.npz,SN Ia,SNI,core,11,6,5,True
ZTF20aamurxn,events/ZTF20aamurxn.npz,SN Ia,SNI,core,7,4,3,False
ZTF20aamwfea,events/ZTF20aamwfea.npz,SN Ia,SNI,core,5,0,5,False
ZTF20aamxuwl,events/ZTF20aamxuwl.npz,SN II,SNII,core,13,6,7,True
ZTF20aanadlu,events/ZTF20aanadlu.npz,SN Ia,SNI,core,29,13,16,True
ZTF20aanadof,events/ZTF20aanadof.npz,SN IIP,SNII,core,22,9,13,True
ZTF20aanaeev,events/ZTF20aanaeev.npz,SN Ia,SNI,core,20,12,8,True
ZTF20aanafck,events/ZTF20aanafck.npz,SN Ia,SNI,core,6,3,3,False
ZTF20aanafwi,events/ZTF20aanafwi.npz,SN Ia,SNI,core,15,6,9,True
ZTF20aanahbq,events/ZTF20aanahbq.npz,SN Ia,SNI,core,10,5,5,True
ZTF20aanaibf,events/ZTF20aanaibf.npz,SN Ia,SNI,core,9,7,2,True
ZTF20aanbfbf,events/ZTF20aanbfbf.npz,SN Ia,SNI,core,7,4,3,False
ZTF20aanbvqg,events/ZTF20aanbvqg.npz,SN Ia,SNI,core,6,3,3,False
ZTF20aandwrl,events/ZTF20aandwrl.npz,SN Ia,SNI,core,53,26,27,True
ZTF20aanlygx,events/ZTF20aanlygx.npz,AGN,AGN,core,2,0,2,False
ZTF20aannodx,events/ZTF20aannodx.npz,SN Ia,SNI,core,25,12,13,True
ZTF20aansktb,events/ZTF20aansktb.npz,SN Ia,SNI,core,16,7,9,True
ZTF20aansmlm,events/ZTF20aansmlm.npz,SN Ia,SNI,core,7,4,3,False
ZTF20aansmsj,events/ZTF20aansmsj.npz,SN Ia,SNI,core,10,6,4,True
ZTF20aanvliy,events/ZTF20aanvliy.npz,SN Ia,SNI,core,11,5,6,True
ZTF20aanvmdt,events/ZTF20aanvmdt.npz,SN Ib,SNI,core,2,1,1,False
ZTF20aanvpzo,events/ZTF20aanvpzo.npz,SN Ia,SNI,core,16,6,10,True
ZTF20aanvqbi,events/ZTF20aanvqbi.npz,SN II,SNII,core,29,11,18,True
ZTF20aanvqhk,events/ZTF20aanvqhk.npz,SN Ia,SNI,core,9,4,5,True
ZTF20aanvsds,events/ZTF20aanvsds.npz,SN Ia,SNI,core,30,13,17,True
ZTF20aanxcpf,events/ZTF20aanxcpf.npz,AGN,AGN,core,129,20,109,True
ZTF20aanyxvu,events/ZTF20aanyxvu.npz,SN Ia,SNI,core,24,11,13,True
ZTF20aaobxzx,events/ZTF20aaobxzx.npz,CV,CV,core,1,1,0,False
ZTF20aaodkvl,events/ZTF20aaodkvl.npz,SN Ia,SNI,core,46,23,23,True
ZTF20aaoffej,events/ZTF20aaoffej.npz,SN II,SNII,core,3,0,3,False
ZTF20aaogrqe,events/ZTF20aaogrqe.npz,SN Ia,SNI,core,17,8,9,True
ZTF20aaoldej,events/ZTF20aaoldej.npz,SN II,SNII,core,49,21,28,True
ZTF20aaolusw,events/ZTF20aaolusw.npz,SN Ia,SNI,core,19,7,12,True
ZTF20aaomeaa,events/ZTF20aaomeaa.npz,SN Ia,SNI,core,11,6,5,True
ZTF20aaomtwl,events/ZTF20aaomtwl.npz,SN Ia,SNI,core,30,15,15,True
ZTF20aaoojli,events/ZTF20aaoojli.npz,SN Ia,SNI,core,20,8,12,True
ZTF20aaophpu,events/ZTF20aaophpu.npz,SN II,SNII,core,19,10,9,True
ZTF20aaormnl,events/ZTF20aaormnl.npz,SN Ia,SNI,core,13,6,7,True
ZTF20aaosoct,events/ZTF20aaosoct.npz,SN Ia-91T,SNI,core,13,5,8,True
ZTF20aaosuzy,events/ZTF20aaosuzy.npz,SN Ia,SNI,core,28,13,15,True
ZTF20aaowuim,events/ZTF20aaowuim.npz,SN Ia,SNI,core,34,17,17,True
ZTF20aapadwx,events/ZTF20aapadwx.npz,SN Ia,SNI,core,13,6,7,True
ZTF20aapcbmc,events/ZTF20aapcbmc.npz,SN Ic-BL,SNI,core,9,4,5,True
ZTF20aapchqy,events/ZTF20aapchqy.npz,SN II,SNII,core,96,50,46,True
ZTF20aapcjjo,events/ZTF20aapcjjo.npz,CV,CV,core,17,9,8,True
ZTF20aapcmur,events/ZTF20aapcmur.npz,SN Ia,SNI,core,29,12,17,True
ZTF20aapdgaw,events/ZTF20aapdgaw.npz,SN Ia,SNI,core,8,4,4,True
ZTF20aapfiby,events/ZTF20aapfiby.npz,CV,CV,core,2,1,1,False
ZTF20aapjiwl,events/ZTF20aapjiwl.npz,SN II,SNII,core,14,6,8,True
ZTF20aapnqbw,events/ZTF20aapnqbw.npz,SN Ib,SNI,core,13,8,5,True
ZTF20aaporoa,events/ZTF20aaporoa.npz,SN Ia,SNI,core,9,3,6,True
ZTF20aappcup,events/ZTF20aappcup.npz,SN Ia,SNI,core,7,4,3,False
ZTF20aappghn,events/ZTF20aappghn.npz,SN Ia,SNI,core,10,3,7,True
ZTF20aappgod,events/ZTF20aappgod.npz,SN Ia,SNI,core,12,3,9,True
ZTF20aaprrgg,events/ZTF20aaprrgg.npz,SN Ia,SNI,core,29,12,17,True
ZTF20aapycrh,events/ZTF20aapycrh.npz,SN II,SNII,core,50,25,25,True
ZTF20aaqepvb,events/ZTF20aaqepvb.npz,SN II,SNII,core,18,9,9,True
ZTF20aaqhtcd,events/ZTF20aaqhtcd.npz,SN Ia,SNI,core,25,12,13,True
ZTF20aaqpxtm,events/ZTF20aaqpxtm.npz,SN Ia,SNI,core,55,26,29,True
ZTF20aaqrddh,events/ZTF20aaqrddh.npz,SN Ia,SNI,core,23,11,12,True
ZTF20aaqshoz,events/ZTF20aaqshoz.npz,SN Ia,SNI,core,37,16,21,True
ZTF20aaqtebg,events/ZTF20aaqtebg.npz,SN Ia,SNI,core,39,18,21,True
ZTF20aaqtlwo,events/ZTF20aaqtlwo.npz,SN Ic,SNI,core,53,18,35,True
ZTF20aaqukzi,events/ZTF20aaqukzi.npz,SN Ia,SNI,core,7,3,4,False
ZTF20aaqvzko,events/ZTF20aaqvzko.npz,SN Ia,SNI,core,46,26,20,True
ZTF20aaqzzyt,events/ZTF20aaqzzyt.npz,SN Ia,SNI,core,6,3,3,False
ZTF20aarasxl,events/ZTF20aarasxl.npz,SN Ia,SNI,core,5,3,2,False
ZTF20aarbget,events/ZTF20aarbget.npz,SN Ia,SNI,core,25,12,13,True
ZTF20aarbktd,events/ZTF20aarbktd.npz,SN II,SNII,core,22,6,16,True
ZTF20aarblcr,events/ZTF20aarblcr.npz,SN II,SNII,core,23,5,18,True
ZTF20aarbozi,events/ZTF20aarbozi.npz,SN Ia,SNI,core,4,2,2,False
ZTF20aarbvub,events/ZTF20aarbvub.npz,SN IIP,SNII,core,18,5,13,True
ZTF20aarcpql,events/ZTF20aarcpql.npz,SN Ia,SNI,core,20,8,12,True
ZTF20aarenrz,events/ZTF20aarenrz.npz,SN II,SNII,core,2,1,1,False
ZTF20aarkdoj,events/ZTF20aarkdoj.npz,SN Ia,SNI,core,14,6,8,True
ZTF20aartnkv,events/ZTF20aartnkv.npz,SN IIn,SNII,core,40,22,18,True
ZTF20aarucek,events/ZTF20aarucek.npz,SN Ia,SNI,core,28,10,18,True
ZTF20aaruwbp,events/ZTF20aaruwbp.npz,SN Ia,SNI,core,1,0,1,False
ZTF20aarvpbq,events/ZTF20aarvpbq.npz,SN Ia,SNI,core,1,1,0,False
ZTF20aasapko,events/ZTF20aasapko.npz,SN Ia,SNI,core,19,10,9,True
ZTF20aascttq,events/ZTF20aascttq.npz,SN Ia,SNI,core,3,1,2,False
ZTF20aasctts,events/ZTF20aasctts.npz,SN Ia-91T,SNI,core,78,33,45,True
ZTF20aascvvo,events/ZTF20aascvvo.npz,SN II,SNII,core,77,39,38,True
ZTF20aascwar,events/ZTF20aascwar.npz,SN Ia,SNI,core,39,18,21,True
ZTF20aascwvz,events/ZTF20aascwvz.npz,SN Ia,SNI,core,9,5,4,True
ZTF20aasdibr,events/ZTF20aasdibr.npz,SN Ia,SNI,core,7,2,5,False
ZTF20aasfaxj,events/ZTF20aasfaxj.npz,SN Ia,SNI,core,13,5,8,True
ZTF20aasfdfr,events/ZTF20aasfdfr.npz,SN Ia,SNI,core,27,10,17,True
ZTF20aasfhia,events/ZTF20aasfhia.npz,SN II,SNII,core,26,14,12,True
ZTF20aasijew,events/ZTF20aasijew.npz,SN II,SNII,core,35,13,22,True
ZTF20aasikkh,events/ZTF20aasikkh.npz,SN Ia,SNI,core,4,2,2,False
ZTF20aasitqe,events/ZTF20aasitqe.npz,SN Ia,SNI,core,9,4,5,True
ZTF20aasitrr,events/ZTF20aasitrr.npz,SN Ia,SNI,core,22,11,11,True
ZTF20aasiuxr,events/ZTF20aasiuxr.npz,CV,CV,core,6,3,3,False
ZTF20aasivpe,events/ZTF20aasivpe.npz,SN IIn,SNII,core,6,3,3,False
ZTF20aasivtu,events/ZTF20aasivtu.npz,AGN,AGN,core,35,15,20,True
ZTF20aasivxr,events/ZTF20aasivxr.npz,SN Ia,SNI,core,41,19,22,True
ZTF20aasiwcu,events/ZTF20aasiwcu.npz,SN Ia,SNI,core,35,16,19,True
ZTF20aasiwxy,events/ZTF20aasiwxy.npz,CV,CV,core,4,2,2,False
ZTF20aasjzgc,events/ZTF20aasjzgc.npz,SN Ia,SNI,core,5,3,2,False
ZTF20aasjzhg,events/ZTF20aasjzhg.npz,SN II,SNII,core,4,2,2,False
ZTF20aaskdhj,events/ZTF20aaskdhj.npz,SN Ib,SNI,core,4,2,2,False
ZTF20aasmdec,events/ZTF20aasmdec.npz,SN Ia,SNI,core,11,6,5,True
ZTF20aasmueu,events/ZTF20aasmueu.npz,SN Ia,SNI,core,14,7,7,True
ZTF20aasoarv,events/ZTF20aasoarv.npz,SN Ia,SNI,core,4,1,3,False
ZTF20aaspiic,events/ZTF20aaspiic.npz,AGN,AGN,core,15,6,9,True
ZTF20aaspvan,events/ZTF20aaspvan.npz,SN IIP,SNII,core,15,6,9,True
ZTF20aaspwvx,events/ZTF20aaspwvx.npz,CV,CV,core,7,7,0,False
ZTF20aastgns,events/ZTF20aastgns.npz,AGN,AGN,core,12,6,6,True
ZTF20aasuiks,events/ZTF20aasuiks.npz,AGN,AGN,core,17,8,9,True
ZTF20aasvmbk,events/ZTF20aasvmbk.npz,SN Ib/c,SNI,core,25,9,16,True
ZTF20aaswbty,events/ZTF20aaswbty.npz,SN II,SNII,core,19,3,16,True
ZTF20aaswzdm,events/ZTF20aaswzdm.npz,SN IIn,SNII,core,20,9,11,True
ZTF20aasxerr,events/ZTF20aasxerr.npz,SN Ia,SNI,core,15,4,11,True
ZTF20aasxfcd,events/ZTF20aasxfcd.npz,SN Ia,SNI,core,9,1,8,False
ZTF20aaszzez,events/ZTF20aaszzez.npz,SN Ia,SNI,core,25,11,14,True
ZTF20aatazkt,events/ZTF20aatazkt.npz,CV,CV,core,2,1,1,False
ZTF20aatpoef,events/ZTF20aatpoef.npz,SN Ia,SNI,core,17,6,11,True
ZTF20aatpoeh,events/ZTF20aatpoeh.npz,SN Ia,SNI,core,37,13,24,True
ZTF20aatppnn,events/ZTF20aatppnn.npz,SN Ia,SNI,core,15,6,9,True
ZTF20aatpqps,events/ZTF20aatpqps.npz,SN Ia,SNI,core,15,8,7,True
ZTF20aatpwaf,events/ZTF20aatpwaf.npz,SN Ia,SNI,core,59,30,29,True
ZTF20aatpxkq,events/ZTF20aatpxkq.npz,SN Ia,SNI,core,30,15,15,True
ZTF20aatqesi,events/ZTF20aatqesi.npz,SN II,SNII,core,131,62,69,True
ZTF20aatqgeo,events/ZTF20aatqgeo.npz,SN II,SNII,core,28,15,13,True
ZTF20aatqidk,events/ZTF20aatqidk.npz,SN II,SNII,core,47,22,25,True
ZTF20aatqief,events/ZTF20aatqief.npz,SN Ia,SNI,core,20,11,9,True
ZTF20aatsjyu,events/ZTF20aatsjyu.npz,CV,CV,core,10,6,4,True
ZTF20aattoch,events/ZTF20aattoch.npz,SN II,SNII,core,41,20,21,True
ZTF20aattotq,events/ZTF20aattotq.npz,SN Ia,SNI,core,44,20,24,True
ZTF20aattqbi,events/ZTF20aattqbi.npz,SN Ia,SNI,core,39,16,23,True
ZTF20aattqcv,events/ZTF20aattqcv.npz,SN Ia,SNI,core,36,16,20,True
ZTF20aattqle,events/ZTF20aattqle.npz,SN II,SNII,core,61,26,35,True
ZTF20aattqnm,events/ZTF20aattqnm.npz,SN Ia,SNI,core,21,7,14,True
ZTF20aattqye,events/ZTF20aattqye.npz,SN Ia,SNI,core,18,3,15,True
ZTF20aattriw,events/ZTF20aattriw.npz,SN Ia,SNI,core,47,14,33,True
ZTF20aattrkw,events/ZTF20aattrkw.npz,SN II,SNII,core,134,64,70,True
ZTF20aattrld,events/ZTF20aattrld.npz,SN Ia,SNI,core,59,23,36,True
ZTF20aattsxa,events/ZTF20aattsxa.npz,SN Ia-91T,SNI,core,225,110,115,True
ZTF20aattztb,events/ZTF20aattztb.npz,SN IIn,SNII,core,51,24,27,True
ZTF20aatulug,events/ZTF20aatulug.npz,SN Ia,SNI,core,58,26,32,True
ZTF20aatuqps,events/ZTF20aatuqps.npz,SN Ia,SNI,core,31,14,17,True
ZTF20aatuwib,events/ZTF20aatuwib.npz,SN Ia,SNI,core,23,11,12,True
ZTF20aatvdwr,events/ZTF20aatvdwr.npz,SN IIP,SNII,core,37,18,19,True
ZTF20aatvqqw,events/ZTF20aatvqqw.npz,CV,CV,core,7,3,4,False
ZTF20aatvsjw,events/ZTF20aatvsjw.npz,SN Ia-91T,SNI,core,10,4,6,True
ZTF20aatvupb,events/ZTF20aatvupb.npz,SN II,SNII,core,11,4,7,True
ZTF20aatvzmm,events/ZTF20aatvzmm.npz,SN Ia,SNI,core,18,6,12,True
ZTF20aatwisu,events/ZTF20aatwisu.npz,SN II,SNII,core,24,11,13,True
ZTF20aatwonv,events/ZTF20aatwonv.npz,SN Ia,SNI,core,18,7,11,True
ZTF20aatxmcd,events/ZTF20aatxmcd.npz,SN II,SNII,core,16,8,8,True
ZTF20aatxnxq,events/ZTF20aatxnxq.npz,SN Ia,SNI,core,16,8,8,True
ZTF20aatxryt,events/ZTF20aatxryt.npz,SN Ia,SNI,core,26,16,10,True
ZTF20aatzfin,events/ZTF20aatzfin.npz,SN Ia,SNI,core,16,5,11,True
ZTF20aatzhhl,events/ZTF20aatzhhl.npz,SN IIb,SNII,core,39,23,16,True
ZTF20aatzwgk,events/ZTF20aatzwgk.npz,SN Ia,SNI,core,80,36,44,True
ZTF20aaublmd,events/ZTF20aaublmd.npz,SN Ia,SNI,core,6,3,3,False
ZTF20aaubotx,events/ZTF20aaubotx.npz,SN Ia,SNI,core,4,2,2,False
ZTF20aauhbvu,events/ZTF20aauhbvu.npz,SN IIP,SNII,core,92,46,46,True
ZTF20aaukuaa,events/ZTF20aaukuaa.npz,SN Ia,SNI,core,5,2,3,False
ZTF20aaukudw,events/ZTF20aaukudw.npz,SN Ia,SNI,core,10,5,5,True
ZTF20aaulajo,events/ZTF20aaulajo.npz,SN II,SNII,core,7,3,4,False
ZTF20aaullwp,events/ZTF20aaullwp.npz,SN Ia,SNI,core,42,23,19,True
ZTF20aaullwz,events/ZTF20aaullwz.npz,SN II,SNII,core,22,12,10,True
ZTF20aaulzvl,events/ZTF20aaulzvl.npz,SN Ia,SNI,core,24,12,12,True
ZTF20aaumlmu,events/ZTF20aaumlmu.npz,SN II,SNII,core,19,8,11,True
ZTF20aaummmc,events/ZTF20aaummmc.npz,SN Ia,SNI,core,11,5,6,True
ZTF20aaumnfl,events/ZTF20aaumnfl.npz,SN Ia,SNI,core,11,3,8,True
ZTF20aaumsrr,events/ZTF20aaumsrr.npz,SN Ia,SNI,core,34,19,15,True
ZTF20aaunfpj,events/ZTF20aaunfpj.npz,SN II,SNII,core,18,7,11,True
ZTF20aauodrj,events/ZTF20aauodrj.npz,SN II,SNII,core,26,9,17,True
ZTF20aauoipy,events/ZTF20aauoipy.npz,SN II,SNII,core,22,9,13,True
ZTF20aauoktk,events/ZTF20aauoktk.npz,SN II,SNII,core,40,23,17,True
ZTF20aauomaf,events/ZTF20aauomaf.npz,SN Ia,SNI,core,19,6,13,True
ZTF20aauombk,events/ZTF20aauombk.npz,SN Ia,SNI,core,41,18,23,True
ZTF20aauompx,events/ZTF20aauompx.npz,SN II,SNII,core,31,14,17,True
ZTF20aauonhf,events/ZTF20aauonhf.npz,CV,CV,core,2,1,1,False
ZTF20aauonld,events/ZTF20aauonld.npz,SN Ia,SNI,core,14,7,7,True
ZTF20aauooag,events/ZTF20aauooag.npz,SN Ia,SNI,core,24,7,17,True
ZTF20aauowam,events/ZTF20aauowam.npz,SN Ia,SNI,core,65,31,34,True
ZTF20aaupkac,events/ZTF20aaupkac.npz,SN Ia,SNI,core,4,2,2,False
ZTF20aaupolv,events/ZTF20aaupolv.npz,SN Ia,SNI,core,47,22,25,True
ZTF20aauqhka,events/ZTF20aauqhka.npz,SN II,SNII,core,43,24,19,True
ZTF20aauqlwv,events/ZTF20aauqlwv.npz,SN II,SNII,core,16,4,12,True
ZTF20aauqoim,events/ZTF20aauqoim.npz,SN Ia,SNI,core,13,8,5,True
ZTF20aauqrpe,events/ZTF20aauqrpe.npz,SN Ia,SNI,core,22,9,13,True
ZTF20aauqtcp,events/ZTF20aauqtcp.npz,SN Ia,SNI,core,15,3,12,True
ZTF20aaurern,events/ZTF20aaurern.npz,CV,CV,core,11,3,8,True
ZTF20aaurexl,events/ZTF20aaurexl.npz,SN Ic-BL,SNI,core,51,21,30,True
ZTF20aaurfcm,events/ZTF20aaurfcm.npz,SN Ia,SNI,core,37,11,26,True
ZTF20aaurfhs,events/ZTF20aaurfhs.npz,SN II,SNII,core,42,16,26,True
ZTF20aaurfnl,events/ZTF20aaurfnl.npz,SN Ic,SNI,core,8,3,5,True
ZTF20aaurfwa,events/ZTF20aaurfwa.npz,SN IIn,SNII,core,111,52,59,True
ZTF20aaurgib,events/ZTF20aaurgib.npz,SN II,SNII,core,108,50,58,True
ZTF20aaurhio,events/ZTF20aaurhio.npz,SN Ia,SNI,core,110,46,64,True
ZTF20aaurhzc,events/ZTF20aaurhzc.npz,SN Ia,SNI,core,22,4,18,True
ZTF20aaurjbj,events/ZTF20aaurjbj.npz,SN II,SNII,core,59,27,32,True
ZTF20aaurjzv,events/ZTF20aaurjzv.npz,SN Ia,SNI,core,11,4,7,True
ZTF20aaurknv,events/ZTF20aaurknv.npz,SN Ia,SNI,core,35,15,20,True
ZTF20aaurmtf,events/ZTF20aaurmtf.npz,SN Ia,SNI,core,50,18,32,True
ZTF20aaurucm,events/ZTF20aaurucm.npz,SN Ia,SNI,core,28,13,15,True
ZTF20aaurwes,events/ZTF20aaurwes.npz,SN Ia,SNI,core,8,5,3,True
ZTF20aaurwih,events/ZTF20aaurwih.npz,SN Ia,SNI,core,10,4,6,True
ZTF20aaurzce,events/ZTF20aaurzce.npz,SN Ia,SNI,core,21,11,10,True
ZTF20aausahr,events/ZTF20aausahr.npz,SN II,SNII,core,17,7,10,True
ZTF20aausxam,events/ZTF20aausxam.npz,SN Ia,SNI,core,17,8,9,True
ZTF20aautscv,events/ZTF20aautscv.npz,SN Ia,SNI,core,17,10,7,True
ZTF20aautzif,events/ZTF20aautzif.npz,SN Ia,SNI,core,49,24,25,True
ZTF20aautzig,events/ZTF20aautzig.npz,SN Ia,SNI,core,18,10,8,True
ZTF20aauuiri,events/ZTF20aauuiri.npz,SN Ia,SNI,core,23,11,12,True
ZTF20aauvbez,events/ZTF20aauvbez.npz,SN II,SNII,core,21,12,9,True
ZTF20aauvjws,events/ZTF20aauvjws.npz,SN II,SNII,core,50,19,31,True
ZTF20aauvmix,events/ZTF20aauvmix.npz,SN Ia,SNI,core,45,20,25,True
ZTF20aauwhyi,events/ZTF20aauwhyi.npz,SN Ia,SNI,core,30,11,19,True
ZTF20aauwjla,events/ZTF20aauwjla.npz,SN Ia,SNI,core,15,7,8,True
ZTF20aauwjmw,events/ZTF20aauwjmw.npz,SN Ia,SNI,core,32,15,17,True
ZTF20aauwysn,events/ZTF20aauwysn.npz,CV,CV,core,2,1,1,False
ZTF20aauxgjf,events/ZTF20aauxgjf.npz,SN Ia,SNI,core,2,0,2,False
ZTF20aauyhea,events/ZTF20aauyhea.npz,SN Ia,SNI,core,10,5,5,True
ZTF20aauzoca,events/ZTF20aauzoca.npz,SN Ia,SNI,core,16,8,8,True
ZTF20aavcvrm,events/ZTF20aavcvrm.npz,SN Ic-BL,SNI,core,52,20,32,True
ZTF20aavdcxo,events/ZTF20aavdcxo.npz,SN II,SNII,core,75,30,45,True
ZTF20aavdgib,events/ZTF20aavdgib.npz,SN Ia,SNI,core,59,27,32,True
ZTF20aavdoqi,events/ZTF20aavdoqi.npz,AGN,AGN,core,9,4,5,True
ZTF20aavfwdo,events/ZTF20aavfwdo.npz,SN Ia,SNI,core,31,12,19,True
ZTF20aavgcnu,events/ZTF20aavgcnu.npz,SN Ic,SNI,core,10,5,5,True
ZTF20aavgmli,events/ZTF20aavgmli.npz,SN Ib,SNI,core,10,4,6,True
ZTF20aavhire,events/ZTF20aavhire.npz,SN Ia,SNI,core,26,13,13,True
ZTF20aavhixe,events/ZTF20aavhixe.npz,SN IIn,SNII,core,32,16,16,True
ZTF20aavhqvo,events/ZTF20aavhqvo.npz,SN Ia,SNI,core,18,7,11,True
ZTF20aavhyel,events/ZTF20aavhyel.npz,SN Ic,SNI,core,35,15,20,True
ZTF20aavlzex,events/ZTF20aavlzex.npz,SN Ia,SNI,core,1,0,1,False
ZTF20aavnnat,events/ZTF20aavnnat.npz,SN Ia,SNI,core,185,93,92,True
ZTF20aavnnkm,events/ZTF20aavnnkm.npz,SN Ia,SNI,core,113,41,72,True
ZTF20aavnnqo,events/ZTF20aavnnqo.npz,SN Ia,SNI,core,39,16,23,True
ZTF20aavnnzx,events/ZTF20aavnnzx.npz,SN Ia,SNI,core,84,43,41,True
ZTF20aavnpug,events/ZTF20aavnpug.npz,CV,CV,core,28,14,14,True
ZTF20aavofki,events/ZTF20aavofki.npz,SN Ia,SNI,core,26,16,10,True
ZTF20aavpnlv,events/ZTF20aavpnlv.npz,SN Ia,SNI,core,23,12,11,True
ZTF20aavpnqt,events/ZTF20aavpnqt.npz,SN Ia,SNI,core,21,11,10,True
ZTF20aavptjf,events/ZTF20aavptjf.npz,SN II,SNII,core,31,14,17,True
ZTF20aavpyxo,events/ZTF20aavpyxo.npz,SN II,SNII,core,34,15,19,True
ZTF20aavqfli,events/ZTF20aavqfli.npz,SN Ia,SNI,core,29,15,14,True
ZTF20aavrkxw,events/ZTF20aavrkxw.npz,SN Ia,SNI,core,36,17,19,True
ZTF20aavrloz,events/ZTF20aavrloz.npz,SN Ia,SNI,core,109,48,61,True
ZTF20aavrukn,events/ZTF20aavrukn.npz,SN Ia,SNI,core,30,16,14,True
ZTF20aavrzha,events/ZTF20aavrzha.npz,SN Ia,SNI,core,152,76,76,True
ZTF20aavtaib,events/ZTF20aavtaib.npz,CV,CV,core,47,24,23,True
ZTF20aavtdxj,events/ZTF20aavtdxj.npz,SN Ia,SNI,core,27,13,14,True
ZTF20aavtfxl,events/ZTF20aavtfxl.npz,CV,CV,core,29,15,14,True
ZTF20aavvaup,events/ZTF20aavvaup.npz,SN II,SNII,core,28,13,15,True
ZTF20aavvjie,events/ZTF20aavvjie.npz,SN Ia,SNI,core,10,5,5,True
ZTF20aavvzlw,events/ZTF20aavvzlw.npz,SN Ia,SNI,core,13,7,6,True
ZTF20aavzffg,events/ZTF20aavzffg.npz,SN Ib,SNI,core,73,37,36,True
ZTF20aavzlxm,events/ZTF20aavzlxm.npz,SN Ia,SNI,core,60,29,31,True
ZTF20aawadcp,events/ZTF20aawadcp.npz,SN Ia,SNI,core,20,8,12,True
ZTF20aawbodq,events/ZTF20aawbodq.npz,CV,CV,core,17,9,8,True
ZTF20aawbxmt,events/ZTF20aawbxmt.npz,AGN,AGN,core,44,23,21,True
ZTF20aawcjrx,events/ZTF20aawcjrx.npz,SN Ia,SNI,core,14,6,8,True
ZTF20aawdjlp,events/ZTF20aawdjlp.npz,SN Ia,SNI,core,29,15,14,True
ZTF20aawfnro,events/ZTF20aawfnro.npz,SN Ia,SNI,core,12,5,7,True
ZTF20aawgrcu,events/ZTF20aawgrcu.npz,SN II,SNII,core,127,41,86,True
ZTF20aawigqc,events/ZTF20aawigqc.npz,CV,CV,core,25,13,12,True
ZTF20aawihxz,events/ZTF20aawihxz.npz,SN Ib,SNI,core,20,10,10,True
ZTF20aawiicr,events/ZTF20aawiicr.npz,SN II,SNII,core,16,6,10,True
ZTF20aawijco,events/ZTF20aawijco.npz,SN IIn,SNII,core,33,14,19,True
ZTF20aawjbsf,events/ZTF20aawjbsf.npz,SN II,SNII,core,10,5,5,True
ZTF20aawmlfq,events/ZTF20aawmlfq.npz,SN Ia,SNI,core,61,27,34,True
ZTF20aawoojh,events/ZTF20aawoojh.npz,SN Ia,SNI,core,50,23,27,True
ZTF20aawqywr,events/ZTF20aawqywr.npz,SN Ia,SNI,core,35,18,17,True
ZTF20aawrmcm,events/ZTF20aawrmcm.npz,SN II,SNII,core,1,0,1,False
ZTF20aawwcgb,events/ZTF20aawwcgb.npz,SN Ia,SNI,core,37,16,21,True
ZTF20aawxpru,events/ZTF20aawxpru.npz,SN II,SNII,core,20,6,14,True
ZTF20aawxsit,events/ZTF20aawxsit.npz,SN Ia-pec,SNI,core,15,5,10,True
ZTF20aawxtmm,events/ZTF20aawxtmm.npz,CV,CV,core,6,4,2,False
ZTF20aawzrlj,events/ZTF20aawzrlj.npz,CV,CV,core,4,3,1,False
ZTF20aaxablt,events/ZTF20aaxablt.npz,SN Ia,SNI,core,20,11,9,True
ZTF20aaxagnm,events/ZTF20aaxagnm.npz,SN Ia,SNI,core,10,3,7,True
ZTF20aaxahpk,events/ZTF20aaxahpk.npz,SN Ia,SNI,core,16,8,8,True
ZTF20aaxbvkt,events/ZTF20aaxbvkt.npz,SN Ia,SNI,core,14,3,11,True
ZTF20aaxccrm,events/ZTF20aaxccrm.npz,SN Ia,SNI,core,49,21,28,True
ZTF20aaxckge,events/ZTF20aaxckge.npz,CV,CV,core,12,6,6,True
ZTF20aaxfzhw,events/ZTF20aaxfzhw.npz,SN Ia,SNI,core,19,10,9,True
ZTF20aaxhzhc,events/ZTF20aaxhzhc.npz,SN IIb,SNII,core,21,11,10,True
ZTF20aaxicpu,events/ZTF20aaxicpu.npz,SN Ia,SNI,core,21,12,9,True
ZTF20aaxmtxg,events/ZTF20aaxmtxg.npz,SN Ia,SNI,core,36,17,19,True
ZTF20aaxndzx,events/ZTF20aaxndzx.npz,SN Ia,SNI,core,115,56,59,True
ZTF20aaxunbm,events/ZTF20aaxunbm.npz,SN II,SNII,core,47,24,23,True
ZTF20aaxuwuh,events/ZTF20aaxuwuh.npz,SN Ia,SNI,core,30,13,17,True
ZTF20aaxvzja,events/ZTF20aaxvzja.npz,SN Ib,SNI,core,28,10,18,True
ZTF20aaxxcms,events/ZTF20aaxxcms.npz,SN Ia,SNI,core,35,13,22,True
ZTF20aaxxepr,events/ZTF20aaxxepr.npz,SN Ia,SNI,core,28,12,16,True
ZTF20aaxxhhi,events/ZTF20aaxxhhi.npz,CV,CV,core,2,1,1,False
ZTF20aaxxhib,events/ZTF20aaxxhib.npz,SN Ia,SNI,core,18,5,13,True
ZTF20aaybvye,events/ZTF20aaybvye.npz,SN Ia,SNI,core,79,39,40,True
ZTF20aayclod,events/ZTF20aayclod.npz,SN Ia,SNI,core,1,0,1,False
ZTF20aaycmhl,events/ZTF20aaycmhl.npz,SN II,SNII,core,134,32,102,True
ZTF20aaydgsu,events/ZTF20aaydgsu.npz,SN Ia,SNI,core,13,6,7,True
ZTF20aayeims,events/ZTF20aayeims.npz,SN Ia,SNI,core,12,6,6,True
ZTF20aayhacx,events/ZTF20aayhacx.npz,SN Ia,SNI,core,11,4,7,True
ZTF20aayjxdv,events/ZTF20aayjxdv.npz,SN Ia,SNI,core,54,26,28,True
ZTF20aayjyhp,events/ZTF20aayjyhp.npz,SN Ia,SNI,core,82,29,53,True
ZTF20aayknbc,events/ZTF20aayknbc.npz,SN II,SNII,core,12,6,6,True
ZTF20aayknlo,events/ZTF20aayknlo.npz,SN Ia,SNI,core,25,13,12,True
ZTF20aaymbjk,events/ZTF20aaymbjk.npz,SN Ia,SNI,core,15,2,13,True
ZTF20aaynavi,events/ZTF20aaynavi.npz,SN Ia,SNI,core,5,2,3,False
ZTF20aayngca,events/ZTF20aayngca.npz,SN Ia,SNI,core,6,2,4,False
ZTF20aaynrrh,events/ZTF20aaynrrh.npz,SN II,SNII,core,24,14,10,True
ZTF20aayqjpv,events/ZTF20aayqjpv.npz,SN Ia,SNI,core,11,0,11,False
ZTF20aayrobw,events/ZTF20aayrobw.npz,SN II,SNII,core,8,5,3,True
ZTF20aayubpi,events/ZTF20aayubpi.npz,SN Ia,SNI,core,27,7,20,True
ZTF20aayuyak,events/ZTF20aayuyak.npz,SN Ia,SNI,core,12,6,6,True
ZTF20aayvmyh,events/ZTF20aayvmyh.npz,SN IIn,SNII,core,12,6,6,True
ZTF20aayvqhl,events/ZTF20aayvqhl.npz,SN Ia,SNI,core,13,6,7,True
ZTF20aayvubx,events/ZTF20aayvubx.npz,SN Ia,SNI,core,64,31,33,True
ZTF20aayvuwu,events/ZTF20aayvuwu.npz,AGN,AGN,core,24,15,9,True
ZTF20aayvymx,events/ZTF20aayvymx.npz,SN Ia,SNI,core,32,15,17,True
ZTF20aaywban,events/ZTF20aaywban.npz,SN Ia,SNI,core,8,4,4,True
ZTF20aayxdse,events/ZTF20aayxdse.npz,SN II,SNII,core,36,18,18,True
ZTF20aayxldg,events/ZTF20aayxldg.npz,SN Ia,SNI,core,169,79,90,True
ZTF20aazbbqo,events/ZTF20aazbbqo.npz,AGN,AGN,core,7,6,1,False
ZTF20aazbqvr,events/ZTF20aazbqvr.npz,SN Ia,SNI,core,7,5,2,False
ZTF20aazcnnw,events/ZTF20aazcnnw.npz,CV,CV,core,10,5,5,True
ZTF20aazcnrv,events/ZTF20aazcnrv.npz,SN II,SNII,core,24,11,13,True
ZTF20aazdsjr,events/ZTF20aazdsjr.npz,SN Ia,SNI,core,47,20,27,True
ZTF20aazdsty,events/ZTF20aazdsty.npz,SN Ia,SNI,core,54,23,31,True
ZTF20aazdxlx,events/ZTF20aazdxlx.npz,SN Ia,SNI,core,14,4,10,True
ZTF20aazewcq,events/ZTF20aazewcq.npz,SN Ia,SNI,core,28,13,15,True
ZTF20aazewhe,events/ZTF20aazewhe.npz,SN Ia,SNI,core,22,5,17,True
ZTF20aazffau,events/ZTF20aazffau.npz,SN IIn,SNII,core,169,76,93,True
ZTF20aazgtmp,events/ZTF20aazgtmp.npz,SN Ia,SNI,core,20,11,9,True
ZTF20aazgxgk,events/ZTF20aazgxgk.npz,SN Ia,SNI,core,18,9,9,True
ZTF20aazhtvi,events/ZTF20aazhtvi.npz,SN Ia,SNI,core,88,34,54,True
ZTF20aazhyrs,events/ZTF20aazhyrs.npz,SN Ib,SNI,core,16,5,11,True
ZTF20aazhzna,events/ZTF20aazhzna.npz,SN Ia,SNI,core,16,6,10,True
ZTF20aazjwgh,events/ZTF20aazjwgh.npz,SN Ia,SNI,core,18,7,11,True
ZTF20aazkjfv,events/ZTF20aazkjfv.npz,SN Ic-BL,SNI,core,18,6,12,True
ZTF20aazkxcw,events/ZTF20aazkxcw.npz,SN Ia,SNI,core,23,13,10,True
ZTF20aazlvht,events/ZTF20aazlvht.npz,SN Ia,SNI,core,4,2,2,False
ZTF20aaznpor,events/ZTF20aaznpor.npz,SN Ia,SNI,core,33,18,15,True
ZTF20aazooyu,events/ZTF20aazooyu.npz,SN Ia,SNI,core,58,28,30,True
ZTF20aazoqmh,events/ZTF20aazoqmh.npz,SN Ia,SNI,core,68,31,37,True
ZTF20aazpaki,events/ZTF20aazpaki.npz,SN Ia,SNI,core,34,19,15,True
ZTF20aazpapu,events/ZTF20aazpapu.npz,SN Ia,SNI,core,21,12,9,True
ZTF20aazpoif,events/ZTF20aazpoif.npz,SN Ia,SNI,core,7,5,2,False
ZTF20aazpwen,events/ZTF20aazpwen.npz,SN Ia,SNI,core,32,14,18,True
ZTF20aazpyhy,events/ZTF20aazpyhy.npz,SN Ic,SNI,core,67,29,38,True
ZTF20aazquhc,events/ZTF20aazquhc.npz,SN Ia,SNI,core,20,11,9,True
ZTF20aazrxef,events/ZTF20aazrxef.npz,SN II,SNII,core,29,15,14,True
ZTF20aazstdx,events/ZTF20aazstdx.npz,SN Ia,SNI,core,39,22,17,True
ZTF20aazswwk,events/ZTF20aazswwk.npz,SN II,SNII,core,163,75,88,True
ZTF20aazsyvu,events/ZTF20aazsyvu.npz,SN Ia,SNI,core,62,22,40,True
ZTF20aazvump,events/ZTF20aazvump.npz,CV,CV,core,10,4,6,True
ZTF20aazwuin,events/ZTF20aazwuin.npz,SN Ia,SNI,core,13,1,12,False
ZTF20aazxvox,events/ZTF20aazxvox.npz,SN Ia,SNI,core,11,4,7,True
ZTF20aazycgy,events/ZTF20aazycgy.npz,SN II,SNII,core,15,8,7,True
ZTF20aazymxi,events/ZTF20aazymxi.npz,SN Ia,SNI,core,63,31,32,True
ZTF20ababkom,events/ZTF20ababkom.npz,SN Ia,SNI,core,11,3,8,True
ZTF20abafjtw,events/ZTF20abafjtw.npz,CV,CV,core,10,6,4,True
ZTF20abafqkq,events/ZTF20abafqkq.npz,CV,CV,core,5,3,2,False
ZTF20abafzxx,events/ZTF20abafzxx.npz,SN Ia,SNI,core,32,14,18,True
ZTF20abahhml,events/ZTF20abahhml.npz,SN Ia,SNI,core,68,18,50,True
ZTF20abahpah,events/ZTF20abahpah.npz,SN Ia,SNI,core,5,3,2,False
ZTF20abahplv,events/ZTF20abahplv.npz,SN II,SNII,core,5,3,2,False
ZTF20abajdvf,events/ZTF20abajdvf.npz,SN Ia,SNI,core,28,11,17,True
ZTF20abajsne,events/ZTF20abajsne.npz,SN Ia,SNI,core,7,5,2,False
ZTF20abajtzc,events/ZTF20abajtzc.npz,SN Ia,SNI,core,17,10,7,True
ZTF20abaknoz,events/ZTF20abaknoz.npz,SN Ia,SNI,core,17,7,10,True
ZTF20abakrcq,events/ZTF20abakrcq.npz,CV,CV,core,2,2,0,False
ZTF20abaogvg,events/ZTF20abaogvg.npz,SN Ia,SNI,core,1,0,1,False
ZTF20abapvvq,events/ZTF20abapvvq.npz,SN Ia,SNI,core,15,6,9,True
ZTF20abapyxl,events/ZTF20abapyxl.npz,SN Ia,SNI,core,27,11,16,True
ZTF20abarsvz,events/ZTF20abarsvz.npz,SN Ia,SNI,core,1,1,0,False
ZTF20abaslyx,events/ZTF20abaslyx.npz,SN II,SNII,core,23,11,12,True
ZTF20abasqfx,events/ZTF20abasqfx.npz,SN Ia,SNI,core,26,13,13,True
ZTF20abasxmb,events/ZTF20abasxmb.npz,SN Ia,SNI,core,17,9,8,True
ZTF20abaszgh,events/ZTF20abaszgh.npz,SN Ib,SNI,core,9,5,4,True
ZTF20abatdly,events/ZTF20abatdly.npz,SN Ia,SNI,core,18,8,10,True
ZTF20abatfzl,events/ZTF20abatfzl.npz,SN Ia,SNI,core,40,19,21,True
ZTF20abatmsa,events/ZTF20abatmsa.npz,SN Ia,SNI,core,38,17,21,True
ZTF20abatows,events/ZTF20abatows.npz,SN Ia,SNI,core,35,16,19,True
ZTF20abavnaw,events/ZTF20abavnaw.npz,SN Ia,SNI,core,40,16,24,True
ZTF20abavxpk,events/ZTF20abavxpk.npz,SN Ia,SNI,core,23,12,11,True
ZTF20abawgdl,events/ZTF20abawgdl.npz,SN Ia,SNI,core,33,15,18,True
ZTF20abawntz,events/ZTF20abawntz.npz,SN Ia,SNI,core,12,6,6,True
ZTF20abawtpy,events/ZTF20abawtpy.npz,SN Ia,SNI,core,48,21,27,True
ZTF20abazekd,events/ZTF20abazekd.npz,SN Ia,SNI,core,33,18,15,True
ZTF20abazeye,events/ZTF20abazeye.npz,CV,CV,core,15,7,8,True
ZTF20abazgfi,events/ZTF20abazgfi.npz,SN Ia,SNI,core,36,16,20,True
ZTF20abbblms,events/ZTF20abbblms.npz,SN Ia,SNI,core,8,8,0,False
ZTF20abbbumr,events/ZTF20abbbumr.npz,SN Ia,SNI,core,17,9,8,True
ZTF20abbeeyt,events/ZTF20abbeeyt.npz,SN Ia,SNI,core,8,8,0,False
ZTF20abbhrrt,events/ZTF20abbhrrt.npz,SN Ib,SNI,core,15,6,9,True
ZTF20abbhyxu,events/ZTF20abbhyxu.npz,SN Ia,SNI,core,66,31,35,True
ZTF20abbihor,events/ZTF20abbihor.npz,SN Ia,SNI,core,22,12,10,True
ZTF20abbjwgc,events/ZTF20abbjwgc.npz,SN Ia,SNI,core,15,6,9,True
ZTF20abblqtl,events/ZTF20abblqtl.npz,SN Ia,SNI,core,20,10,10,True
ZTF20abbozif,events/ZTF20abbozif.npz,SN Ia,SNI,core,140,62,78,True
ZTF20abbpkng,events/ZTF20abbpkng.npz,SN Ib,SNI,core,32,16,16,True
ZTF20abbpkpa,events/ZTF20abbpkpa.npz,SN II,SNII,core,46,21,25,True
ZTF20abbplei,events/ZTF20abbplei.npz,SN Ic-BL,SNI,core,71,38,33,True
ZTF20abbpory,events/ZTF20abbpory.npz,SN Ia,SNI,core,54,26,28,True
ZTF20abbqfoi,events/ZTF20abbqfoi.npz,SN II,SNII,core,6,2,4,False
ZTF20abbrptu,events/ZTF20abbrptu.npz,SN Ia,SNI,core,24,12,12,True
ZTF20abbvnpr,events/ZTF20abbvnpr.npz,CV,CV,core,28,12,16,True
ZTF20abbvqww,events/ZTF20abbvqww.npz,CV,CV,core,2,1,1,False
ZTF20abbzmue,events/ZTF20abbzmue.npz,SN Ia,SNI,core,6,3,3,False
ZTF20abcbxpj,events/ZTF20abcbxpj.npz,SN Ia,SNI,core,31,15,16,True
ZTF20abccixp,events/ZTF20abccixp.npz,SN II,SNII,core,58,28,30,True
ZTF20abccojn,events/ZTF20abccojn.npz,SN Ia,SNI,core,52,22,30,True
ZTF20abcdrsm,events/ZTF20abcdrsm.npz,CV,CV,core,20,9,11,True
ZTF20abcgjvq,events/ZTF20abcgjvq.npz,SN Ia,SNI,core,27,13,14,True
ZTF20abcgkom,events/ZTF20abcgkom.npz,SN II,SNII,core,20,9,11,True
ZTF20abchbds,events/ZTF20abchbds.npz,SN Ia,SNI,core,30,16,14,True
ZTF20abchhuw,events/ZTF20abchhuw.npz,SN Ia,SNI,core,205,94,111,True
ZTF20abcicty,events/ZTF20abcicty.npz,AGN,AGN,core,4,2,2,False
ZTF20abciflj,events/ZTF20abciflj.npz,SN Ia,SNI,core,38,20,18,True
ZTF20abcjdwu,events/ZTF20abcjdwu.npz,SN Ic-BL,SNI,core,1,1,0,False
ZTF20abcqkts,events/ZTF20abcqkts.npz,SN Ia,SNI,core,8,6,2,True
ZTF20abcqpdj,events/ZTF20abcqpdj.npz,SN Ia,SNI,core,19,7,12,True
ZTF20abcsbux,events/ZTF20abcsbux.npz,SN Ia,SNI,core,32,12,20,True
ZTF20abcsjtx,events/ZTF20abcsjtx.npz,SN Ia,SNI,core,42,20,22,True
ZTF20abctyza,events/ZTF20abctyza.npz,SN Ia,SNI,core,43,12,31,True
ZTF20abcwuwg,events/ZTF20abcwuwg.npz,SN Ia,SNI,core,17,8,9,True
ZTF20abcxnbb,events/ZTF20abcxnbb.npz,SN Ia,SNI,core,70,33,37,True
ZTF20abcxnkh,events/ZTF20abcxnkh.npz,SN Ia,SNI,core,30,6,24,True
ZTF20abdajyr,events/ZTF20abdajyr.npz,SN Ia,SNI,core,58,23,35,True
ZTF20abdkdga,events/ZTF20abdkdga.npz,SN II,SNII,core,57,0,57,False
ZTF20abdnpdo,events/ZTF20abdnpdo.npz,SN Ic,SNI,core,4,2,2,False
ZTF20abdsunu,events/ZTF20abdsunu.npz,SN Ia,SNI,core,62,29,33,True
ZTF20abdtiti,events/ZTF20abdtiti.npz,SN Ia,SNI,core,81,40,41,True
ZTF20abdxffu,events/ZTF20abdxffu.npz,SN Ia,SNI,core,15,7,8,True
ZTF20abdxoeu,events/ZTF20abdxoeu.npz,SN II,SNII,core,42,18,24,True
ZTF20abdxouw,events/ZTF20abdxouw.npz,SN Ia,SNI,core,22,11,11,True
ZTF20abdxuew,events/ZTF20abdxuew.npz,SN Ia,SNI,core,40,10,30,True
ZTF20abdxzlz,events/ZTF20abdxzlz.npz,CV,CV,core,15,7,8,True
ZTF20abdzief,events/ZTF20abdzief.npz,SN Ia,SNI,core,5,2,3,False
ZTF20abdzrxo,events/ZTF20abdzrxo.npz,SN Ia,SNI,core,37,18,19,True
ZTF20abedydu,events/ZTF20abedydu.npz,SN Ia,SNI,core,36,17,19,True
ZTF20abedygm,events/ZTF20abedygm.npz,SN Ia,SNI,core,73,31,42,True
ZTF20abedyov,events/ZTF20abedyov.npz,SN Ia,SNI,core,22,9,13,True
ZTF20abeeahl,events/ZTF20abeeahl.npz,SN Ia,SNI,core,24,10,14,True
ZTF20abeeyre,events/ZTF20abeeyre.npz,SN Ia,SNI,core,20,8,12,True
ZTF20abeeyrn,events/ZTF20abeeyrn.npz,SN Ia,SNI,core,34,16,18,True
ZTF20abeeyrs,events/ZTF20abeeyrs.npz,SN Ia,SNI,core,20,9,11,True
ZTF20abeeytg,events/ZTF20abeeytg.npz,SN Ia,SNI,core,21,10,11,True
ZTF20abeezca,events/ZTF20abeezca.npz,SN Ic,SNI,core,11,5,6,True
ZTF20abeezqx,events/ZTF20abeezqx.npz,SN Ia,SNI,core,8,4,4,True
ZTF20abefaya,events/ZTF20abefaya.npz,SN Ia,SNI,core,19,10,9,True
ZTF20abefbiq,events/ZTF20abefbiq.npz,SN Ia,SNI,core,11,8,3,True
ZTF20abefbnz,events/ZTF20abefbnz.npz,SN Ia,SNI,core,36,16,20,True
ZTF20abefbpl,events/ZTF20abefbpl.npz,SN Ic,SNI,core,26,7,19,True
ZTF20abefdvd,events/ZTF20abefdvd.npz,SN Ia,SNI,core,30,14,16,True
ZTF20abeffoq,events/ZTF20abeffoq.npz,CV,CV,core,9,6,3,True
ZTF20abefyha,events/ZTF20abefyha.npz,SN Ia,SNI,core,12,4,8,True
ZTF20abefzfc,events/ZTF20abefzfc.npz,SN Ia,SNI,core,48,22,26,True
ZTF20abegate,events/ZTF20abegate.npz,SN Ia,SNI,core,73,32,41,True
ZTF20abegirf,events/ZTF20abegirf.npz,SN II,SNII,core,98,40,58,True
ZTF20abegiry,events/ZTF20abegiry.npz,SN Ia,SNI,core,45,11,34,True
ZTF20abeglzu,events/ZTF20abeglzu.npz,SN Ia,SNI,core,41,13,28,True
ZTF20abegoix,events/ZTF20abegoix.npz,SN Ia,SNI,core,68,24,44,True
ZTF20abegopd,events/ZTF20abegopd.npz,SN Ia-91bg,SNI,core,18,5,13,True
ZTF20abehuki,events/ZTF20abehuki.npz,CV,CV,core,9,4,5,True
ZTF20abehvas,events/ZTF20abehvas.npz,SN Ia,SNI,core,51,14,37,True
ZTF20abeimho,events/ZTF20abeimho.npz,SN Ia,SNI,core,14,7,7,True
ZTF20abejvpr,events/ZTF20abejvpr.npz,SN Ia,SNI,core,54,27,27,True
ZTF20abekbzp,events/ZTF20abekbzp.npz,SN II,SNII,core,20,9,11,True
ZTF20abekcdt,events/ZTF20abekcdt.npz,SN II,SNII,core,28,12,16,True
ZTF20abeldyn,events/ZTF20abeldyn.npz,SN Ia,SNI,core,19,8,11,True
ZTF20abeljuj,events/ZTF20abeljuj.npz,SN Ia,SNI,core,150,71,79,True
ZTF20abelnha,events/ZTF20abelnha.npz,SN Ia,SNI,core,58,18,40,True
ZTF20abeohfn,events/ZTF20abeohfn.npz,SN II,SNII,core,19,10,9,True
ZTF20abeoicg,events/ZTF20abeoicg.npz,SN Ia,SNI,core,41,21,20,True
ZTF20abeokzg,events/ZTF20abeokzg.npz,AGN,AGN,core,3,3,0,False
ZTF20abeolig,events/ZTF20abeolig.npz,SN Ia,SNI,core,27,14,13,True
ZTF20abeolsw,events/ZTF20abeolsw.npz,SN Ia,SNI,core,35,15,20,True
ZTF20abepklv,events/ZTF20abepklv.npz,SN II,SNII,core,4,1,3,False
ZTF20abeqsrm,events/ZTF20abeqsrm.npz,SN Ia,SNI,core,24,10,14,True
ZTF20abevbxv,events/ZTF20abevbxv.npz,SN II,SNII,core,1,1,0,False
ZTF20abewogd,events/ZTF20abewogd.npz,SN Ia,SNI,core,57,26,31,True
ZTF20abexfvz,events/ZTF20abexfvz.npz,CV,CV,core,5,3,2,False
ZTF20abexyxk,events/ZTF20abexyxk.npz,SN Ia,SNI,core,146,68,78,True
ZTF20abeyqmx,events/ZTF20abeyqmx.npz,SN Ia,SNI,core,11,6,5,True
ZTF20abeyvwv,events/ZTF20abeyvwv.npz,SN Ia,SNI,core,13,8,5,True
ZTF20abeywdn,events/ZTF20abeywdn.npz,SN Ia,SNI,core,21,11,10,True
ZTF20abezylf,events/ZTF20abezylf.npz,CV,CV,core,2,1,1,False
ZTF20abfcrzj,events/ZTF20abfcrzj.npz,SN IIb,SNII,core,17,6,11,True
ZTF20abfcshg,events/ZTF20abfcshg.npz,SN Ia,SNI,core,110,51,59,True
ZTF20abfcsnk,events/ZTF20abfcsnk.npz,SN Ia,SNI,core,48,15,33,True
ZTF20abfcszi,events/ZTF20abfcszi.npz,TDE,TDE,core,106,51,55,True
ZTF20abfehpe,events/ZTF20abfehpe.npz,SN II,SNII,core,21,10,11,True
ZTF20abfemvr,events/ZTF20abfemvr.npz,SN Ia,SNI,core,46,25,21,True
ZTF20abffaxl,events/ZTF20abffaxl.npz,SN Ia,SNI,core,113,57,56,True
ZTF20abfhway,events/ZTF20abfhway.npz,SN Ia,SNI,core,13,6,7,True
ZTF20abfhzhm,events/ZTF20abfhzhm.npz,SN Ia,SNI,core,36,16,20,True
ZTF20abfklsy,events/ZTF20abfklsy.npz,SN Ia,SNI,core,47,19,28,True
ZTF20abfqeef,events/ZTF20abfqeef.npz,SN Ia,SNI,core,37,17,20,True
ZTF20abfrdei,events/ZTF20abfrdei.npz,AGN,AGN,core,18,7,11,True
ZTF20abfsemq,events/ZTF20abfsemq.npz,SN Ia,SNI,core,24,11,13,True
ZTF20abfybms,events/ZTF20abfybms.npz,SN Ia,SNI,core,26,14,12,True
ZTF20abfyriw,events/ZTF20abfyriw.npz,SN Ia,SNI,core,35,18,17,True
ZTF20abgakbv,events/ZTF20abgakbv.npz,SN Ia,SNI,core,19,3,16,True
ZTF20abgaovd,events/ZTF20abgaovd.npz,SN Ia,SNI,core,14,7,7,True
ZTF20abgbdeh,events/ZTF20abgbdeh.npz,SN Ia,SNI,core,18,7,11,True
ZTF20abgbfyk,events/ZTF20abgbfyk.npz,SN Ia,SNI,core,17,8,9,True
ZTF20abgbiet,events/ZTF20abgbiet.npz,SN Ia,SNI,core,11,4,7,True
ZTF20abgbuly,events/ZTF20abgbuly.npz,SN IIb,SNII,core,57,25,32,True
ZTF20abgbvgl,events/ZTF20abgbvgl.npz,SN Ia,SNI,core,25,4,21,True
ZTF20abgbwbe,events/ZTF20abgbwbe.npz,AGN,AGN,core,1,1,0,False
ZTF20abgbwmt,events/ZTF20abgbwmt.npz,SN Ia,SNI,core,98,52,46,True
ZTF20abgbxfm,events/ZTF20abgbxfm.npz,SN Ia,SNI,core,67,29,38,True
ZTF20abgbxvb,events/ZTF20abgbxvb.npz,SN Ib,SNI,core,91,26,65,True
ZTF20abgbxzn,events/ZTF20abgbxzn.npz,SN Ia,SNI,core,44,18,26,True
ZTF20abgdspk,events/ZTF20abgdspk.npz,SN Ia,SNI,core,18,6,12,True
ZTF20abgdtmv,events/ZTF20abgdtmv.npz,SN Ia,SNI,core,33,13,20,True
ZTF20abgevcw,events/ZTF20abgevcw.npz,SN Ia,SNI,core,50,22,28,True
ZTF20abgfegv,events/ZTF20abgfegv.npz,CV,CV,core,29,13,16,True
ZTF20abgfekk,events/ZTF20abgfekk.npz,SN Ia,SNI,core,36,16,20,True
ZTF20abgfljj,events/ZTF20abgfljj.npz,SN Ia,SNI,core,26,13,13,True
ZTF20abgfvav,events/ZTF20abgfvav.npz,SN Ia,SNI,core,44,21,23,True
ZTF20abghgix,events/ZTF20abghgix.npz,SN Ia,SNI,core,1,1,0,False
ZTF20abgijph,events/ZTF20abgijph.npz,SN Ia,SNI,core,117,43,74,True
ZTF20abglyot,events/ZTF20abglyot.npz,SN Ia,SNI,core,30,9,21,True
ZTF20abgoocl,events/ZTF20abgoocl.npz,SN II,SNII,core,43,20,23,True
ZTF20abgpksj,events/ZTF20abgpksj.npz,SN Ia,SNI,core,47,22,25,True
ZTF20abgrory,events/ZTF20abgrory.npz,CV,CV,core,29,16,13,True
ZTF20abgtran,events/ZTF20abgtran.npz,SN Ia,SNI,core,32,16,16,True
ZTF20abgtvhl,events/ZTF20abgtvhl.npz,SN II,SNII,core,123,41,82,True
ZTF20abguygh,events/ZTF20abguygh.npz,SN Ia,SNI,core,19,9,10,True
ZTF20abgwfek,events/ZTF20abgwfek.npz,TDE,TDE,core,20,9,11,True
ZTF20abgwffm,events/ZTF20abgwffm.npz,SN Ia,SNI,core,15,8,7,True
ZTF20abgwgqj,events/ZTF20abgwgqj.npz,SN Ia,SNI,core,37,16,21,True
ZTF20abgxlut,events/ZTF20abgxlut.npz,AGN,AGN,core,38,20,18,True
ZTF20abgxuqt,events/ZTF20abgxuqt.npz,CV,CV,core,100,49,51,True
ZTF20abgxwyt,events/ZTF20abgxwyt.npz,CV,CV,core,8,2,6,True
ZTF20abgzvff,events/ZTF20abgzvff.npz,SN Ia,SNI,core,60,23,37,True
ZTF20abhfrxt,events/ZTF20abhfrxt.npz,CV,CV,core,14,8,6,True
ZTF20abhjghg,events/ZTF20abhjghg.npz,SN Ia,SNI,core,60,25,35,True
ZTF20abhjwvh,events/ZTF20abhjwvh.npz,SN II,SNII,core,6,3,3,False
ZTF20abhlncz,events/ZTF20abhlncz.npz,SN Ib,SNI,core,32,14,18,True
ZTF20abhmnom,events/ZTF20abhmnom.npz,SN Ia,SNI,core,36,14,22,True
ZTF20abhmqdn,events/ZTF20abhmqdn.npz,SN Ia,SNI,core,28,0,28,False
ZTF20abhrmxh,events/ZTF20abhrmxh.npz,SN Ia,SNI,core,70,27,43,True
ZTF20abhvnzc,events/ZTF20abhvnzc.npz,SN Ia,SNI,core,19,9,10,True
ZTF20abhzgly,events/ZTF20abhzgly.npz,SN Ia,SNI,core,93,35,58,True
ZTF20abidglx,events/ZTF20abidglx.npz,SN Ia,SNI,core,1,1,0,False
ZTF20abijfqq,events/ZTF20abijfqq.npz,SN Ia,SNI,core,4,3,1,False
ZTF20abipuee,events/ZTF20abipuee.npz,SN Ia,SNI,core,70,34,36,True
ZTF20abirxmf,events/ZTF20abirxmf.npz,SN Ia-pec,SNI,core,14,6,8,True
ZTF20abismub,events/ZTF20abismub.npz,SN IIP,SNII,core,2,1,1,False
ZTF20abisrhp,events/ZTF20abisrhp.npz,SN Ia,SNI,core,13,8,5,True
ZTF20abisvtr,events/ZTF20abisvtr.npz,SN Ia,SNI,core,33,14,19,True
ZTF20abisysx,events/ZTF20abisysx.npz,TDE,TDE,core,21,11,10,True
ZTF20abixkhh,events/ZTF20abixkhh.npz,SN Ia,SNI,core,44,20,24,True
ZTF20abixkpg,events/ZTF20abixkpg.npz,SN Ia,SNI,core,12,6,6,True
ZTF20abjaapj,events/ZTF20abjaapj.npz,SN II,SNII,core,115,55,60,True
ZTF20abjapav,events/ZTF20abjapav.npz,SN Ia-91bg,SNI,core,11,4,7,True
ZTF20abjapox,events/ZTF20abjapox.npz,AGN,AGN,core,15,7,8,True
ZTF20abjatqy,events/ZTF20abjatqy.npz,SN II,SNII,core,40,22,18,True
ZTF20abjbgjj,events/ZTF20abjbgjj.npz,SN II,SNII,core,28,13,15,True
ZTF20abjbiqf,events/ZTF20abjbiqf.npz,SN Ia,SNI,core,50,20,30,True
ZTF20abjcuep,events/ZTF20abjcuep.npz,SN Ia,SNI,core,18,8,10,True
ZTF20abjfufv,events/ZTF20abjfufv.npz,SN Ia,SNI,core,37,20,17,True
ZTF20abjgfac,events/ZTF20abjgfac.npz,SN Ia,SNI,core,44,19,25,True
ZTF20abjimko,events/ZTF20abjimko.npz,CV,CV,core,4,3,1,False
ZTF20abjkvyt,events/ZTF20abjkvyt.npz,SN Ia,SNI,core,29,15,14,True
ZTF20abjkxwa,events/ZTF20abjkxwa.npz,SN Ia,SNI,core,123,55,68,True
ZTF20abjlaim,events/ZTF20abjlaim.npz,SN Ia,SNI,core,28,14,14,True
ZTF20abjnqcj,events/ZTF20abjnqcj.npz,CV,CV,core,10,5,5,True
ZTF20abjonjs,events/ZTF20abjonjs.npz,SN II,SNII,core,70,34,36,True
ZTF20abjorou,events/ZTF20abjorou.npz,CV,CV,core,61,24,37,True
ZTF20abjpvce,events/ZTF20abjpvce.npz,SN Ib,SNI,core,36,16,20,True
ZTF20abjrror,events/ZTF20abjrror.npz,SN Ia,SNI,core,13,7,6,True
ZTF20abjtavx,events/ZTF20abjtavx.npz,SN Ib,SNI,core,71,35,36,True
ZTF20abjtwft,events/ZTF20abjtwft.npz,CV,CV,core,1,1,0,False
ZTF20abjubmm,events/ZTF20abjubmm.npz,SN Ia,SNI,core,39,19,20,True
ZTF20abjucyd,events/ZTF20abjucyd.npz,CV,CV,core,9,6,3,True
ZTF20abjuxoy,events/ZTF20abjuxoy.npz,SN II,SNII,core,78,39,39,True
ZTF20abjwuju,events/ZTF20abjwuju.npz,SN Ia,SNI,core,37,18,19,True
ZTF20abjwuuv,events/ZTF20abjwuuv.npz,SN Ia,SNI,core,25,14,11,True
ZTF20abjwvdh,events/ZTF20abjwvdh.npz,SN Ia,SNI,core,47,25,22,True
ZTF20abjxrhg,events/ZTF20abjxrhg.npz,SN Ia,SNI,core,46,22,24,True
ZTF20abjxwga,events/ZTF20abjxwga.npz,SN Ia,SNI,core,40,15,25,True
ZTF20abjyorg,events/ZTF20abjyorg.npz,SN II,SNII,core,44,16,28,True
ZTF20abjyoty,events/ZTF20abjyoty.npz,SN II,SNII,core,53,22,31,True
ZTF20abjyryn,events/ZTF20abjyryn.npz,SN II,SNII,core,5,2,3,False
ZTF20abjyzhj,events/ZTF20abjyzhj.npz,CV,CV,core,6,3,3,False
ZTF20abkacis,events/ZTF20abkacis.npz,SN Ia,SNI,core,57,27,30,True
ZTF20abkcril,events/ZTF20abkcril.npz,SN Ia,SNI,core,51,21,30,True
ZTF20abkdpsy,events/ZTF20abkdpsy.npz,SN Ia,SNI,core,127,62,65,True
ZTF20abkdrvk,events/ZTF20abkdrvk.npz,AGN,AGN,core,4,1,3,False
ZTF20abkdxng,events/ZTF20abkdxng.npz,SN Ia,SNI,core,3,2,1,False
ZTF20abkfhzy,events/ZTF20abkfhzy.npz,SN Ia,SNI,core,40,23,17,True
ZTF20abkfkze,events/ZTF20abkfkze.npz,CV,CV,core,9,5,4,True
ZTF20abkgypx,events/ZTF20abkgypx.npz,SN Ia,SNI,core,26,12,14,True
ZTF20abkhhjn,events/ZTF20abkhhjn.npz,SN Ia,SNI,core,3,2,1,False
ZTF20abkhibz,events/ZTF20abkhibz.npz,SN Ia,SNI,core,5,1,4,False
ZTF20abkhjbu,events/ZTF20abkhjbu.npz,CV,CV,core,5,2,3,False
ZTF20abkhjdq,events/ZTF20abkhjdq.npz,SN Ia,SNI,core,6,2,4,False
ZTF20abkhtbc,events/ZTF20abkhtbc.npz,SN Ia,SNI,core,5,3,2,False
ZTF20abkhtev,events/ZTF20abkhtev.npz,SN Ib,SNI,core,6,3,3,False
ZTF20abkiarz,events/ZTF20abkiarz.npz,SN Ic,SNI,core,11,4,7,True
ZTF20abkkuhh,events/ZTF20abkkuhh.npz,SN II,SNII,core,6,3,3,False
ZTF20abkloyg,events/ZTF20abkloyg.npz,SN Ia,SNI,core,11,6,5,True
ZTF20abkrwdu,events/ZTF20abkrwdu.npz,SN Ia-91T,SNI,core,27,13,14,True
ZTF20abkwvgc,events/ZTF20abkwvgc.npz,SN Ia,SNI,core,22,12,10,True
ZTF20abkzhpk,events/ZTF20abkzhpk.npz,SN Ia,SNI,core,35,15,20,True
ZTF20ablagfg,events/ZTF20ablagfg.npz,SN Ia,SNI,core,10,6,4,True
ZTF20ableiem,events/ZTF20ableiem.npz,SN Ia,SNI,core,99,46,53,True
ZTF20abliiex,events/ZTF20abliiex.npz,SN II,SNII,core,10,5,5,True
ZTF20ablklei,events/ZTF20ablklei.npz,SN II,SNII,core,128,59,69,True
ZTF20ablkswc,events/ZTF20ablkswc.npz,SN Ia,SNI,core,31,13,18,True
ZTF20ablnjvp,events/ZTF20ablnjvp.npz,SN Ia,SNI,core,19,10,9,True
ZTF20ablnqzc,events/ZTF20ablnqzc.npz,SN II,SNII,core,2,0,2,False
ZTF20ablqacl,events/ZTF20ablqacl.npz,SN II,SNII,core,54,27,27,True
ZTF20ablqbvc,events/ZTF20ablqbvc.npz,SN Ia,SNI,core,41,17,24,True
ZTF20ablsunu,events/ZTF20ablsunu.npz,SN Ia-pec,SNI,core,5,3,2,False
ZTF20ablvukx,events/ZTF20ablvukx.npz,SN Ia,SNI,core,12,4,8,True
ZTF20ablxtlp,events/ZTF20ablxtlp.npz,SN Ia,SNI,core,25,11,14,True
ZTF20ablyczu,events/ZTF20ablyczu.npz,CV,CV,core,149,70,79,True
ZTF20ablygyy,events/ZTF20ablygyy.npz,SN II,SNII,core,34,16,18,True
ZTF20abmapla,events/ZTF20abmapla.npz,SN Ia,SNI,core,20,8,12,True
ZTF20abmarcv,events/ZTF20abmarcv.npz,SN Ia,SNI,core,22,8,14,True
ZTF20abmbxrq,events/ZTF20abmbxrq.npz,SN Ia,SNI,core,24,10,14,True
ZTF20abmbycd,events/ZTF20abmbycd.npz,SN Ia,SNI,core,53,21,32,True
ZTF20abmcwll,events/ZTF20abmcwll.npz,SN Ia,SNI,core,8,3,5,True
ZTF20abmcwtd,events/ZTF20abmcwtd.npz,SN Ia,SNI,core,15,6,9,True
ZTF20abmcxct,events/ZTF20abmcxct.npz,SN Ia,SNI,core,34,17,17,True
ZTF20abmcyox,events/ZTF20abmcyox.npz,SN Ia,SNI,core,14,6,8,True
ZTF20abmdacd,events/ZTF20abmdacd.npz,SN Ib/c,SNI,core,62,29,33,True
ZTF20abmdfcy,events/ZTF20abmdfcy.npz,SN Ia,SNI,core,49,20,29,True
ZTF20abmdplx,events/ZTF20abmdplx.npz,AGN,AGN,core,47,7,40,True
ZTF20abmectx,events/ZTF20abmectx.npz,SN Ia,SNI,core,20,12,8,True
ZTF20abmgzuf,events/ZTF20abmgzuf.npz,CV,CV,core,17,7,10,True
ZTF20abmihnc,events/ZTF20abmihnc.npz,SN II,SNII,core,42,23,19,True
ZTF20abmmkyv,events/ZTF20abmmkyv.npz,SN Ia,SNI,core,10,4,6,True
ZTF20abmmymj,events/ZTF20abmmymj.npz,SN Ia,SNI,core,4,1,3,False
ZTF20abmoakx,events/ZTF20abmoakx.npz,SN II,SNII,core,13,6,7,True
ZTF20abmoans,events/ZTF20abmoans.npz,SN Ia,SNI,core,10,6,4,True
ZTF20abmsppe,events/ZTF20abmsppe.npz,SN Ia,SNI,core,5,2,3,False
ZTF20abmspyz,events/ZTF20abmspyz.npz,SN Ia,SNI,core,11,6,5,True
ZTF20abmsqaa,events/ZTF20abmsqaa.npz,SN Ia,SNI,core,12,6,6,True
ZTF20abmsqpr,events/ZTF20abmsqpr.npz,SN Ia,SNI,core,5,2,3,False
ZTF20abmsxxr,events/ZTF20abmsxxr.npz,SN Ia,SNI,core,26,8,18,True
ZTF20abmtaya,events/ZTF20abmtaya.npz,SN II,SNII,core,50,18,32,True
ZTF20abmubmh,events/ZTF20abmubmh.npz,SN Ia,SNI,core,5,2,3,False
ZTF20abmudrv,events/ZTF20abmudrv.npz,SN Ia,SNI,core,76,32,44,True
ZTF20abmxovj,events/ZTF20abmxovj.npz,SN Ia,SNI,core,35,16,19,True
ZTF20abmxstg,events/ZTF20abmxstg.npz,SN Ia,SNI,core,57,27,30,True
ZTF20abmxtnh,events/ZTF20abmxtnh.npz,SN Ia,SNI,core,20,10,10,True
ZTF20abmzfql,events/ZTF20abmzfql.npz,SN Ia,SNI,core,80,37,43,True
ZTF20abnbilr,events/ZTF20abnbilr.npz,SN Ia,SNI,core,74,38,36,True
ZTF20abndopb,events/ZTF20abndopb.npz,SN Ia,SNI,core,22,10,12,True
ZTF20abndxzn,events/ZTF20abndxzn.npz,CV,CV,core,9,5,4,True
ZTF20abndzyc,events/ZTF20abndzyc.npz,SN Ia,SNI,core,27,13,14,True
ZTF20abnlsww,events/ZTF20abnlsww.npz,SN Ia,SNI,core,17,5,12,True
ZTF20abnmahn,events/ZTF20abnmahn.npz,SN Ia,SNI,core,56,26,30,True
ZTF20abnnfpv,events/ZTF20abnnfpv.npz,SN II,SNII,core,50,15,35,True
ZTF20abnnftk,events/ZTF20abnnftk.npz,SN Ia,SNI,core,41,20,21,True
ZTF20abnofwd,events/ZTF20abnofwd.npz,SN Ia,SNI,core,48,21,27,True
ZTF20abnowvm,events/ZTF20abnowvm.npz,CV,CV,core,6,3,3,False
ZTF20abnrdse,events/ZTF20abnrdse.npz,SN Ia,SNI,core,28,11,17,True
ZTF20abnsqsr,events/ZTF20abnsqsr.npz,CV,CV,core,2,1,1,False
ZTF20abnvdem,events/ZTF20abnvdem.npz,SN Ia,SNI,core,27,9,18,True
ZTF20abodalh,events/ZTF20abodalh.npz,SN Ic,SNI,core,9,5,4,True
ZTF20abodgpt,events/ZTF20abodgpt.npz,SN Ia,SNI,core,88,37,51,True
ZTF20abojvde,events/ZTF20abojvde.npz,CV,CV,core,18,7,11,True
ZTF20abonvte,events/ZTF20abonvte.npz,SN IIn,SNII,core,55,26,29,True
ZTF20abopngr,events/ZTF20abopngr.npz,CV,CV,core,35,16,19,True
ZTF20aboquuv,events/ZTF20aboquuv.npz,SN Ia,SNI,core,145,68,77,True
ZTF20aborzxc,events/ZTF20aborzxc.npz,SN Ic,SNI,core,25,6,19,True
ZTF20abotkfn,events/ZTF20abotkfn.npz,SN II,SNII,core,58,29,29,True
ZTF20abovoji,events/ZTF20abovoji.npz,CV,CV,core,23,7,16,True
ZTF20abowpvf,events/ZTF20abowpvf.npz,SN Ia,SNI,core,36,18,18,True
ZTF20aboytyf,events/ZTF20aboytyf.npz,SN Ia,SNI,core,6,0,6,False
ZTF20aboytzr,events/ZTF20aboytzr.npz,SN Ia,SNI,core,18,8,10,True
ZTF20aboyujf,events/ZTF20aboyujf.npz,SN Ia,SNI,core,11,4,7,True
ZTF20abozqdj,events/ZTF20abozqdj.npz,SN Ic,SNI,core,3,1,2,False
ZTF20abpbfzp,events/ZTF20abpbfzp.npz,AGN,AGN,core,3,1,2,False
ZTF20abpbmxi,events/ZTF20abpbmxi.npz,CV,CV,core,2,1,1,False
ZTF20abpeyat,events/ZTF20abpeyat.npz,SN Ia,SNI,core,84,28,56,True
ZTF20abpglei,events/ZTF20abpglei.npz,SN Ia,SNI,core,42,17,25,True
ZTF20abplamr,events/ZTF20abplamr.npz,SN Ia,SNI,core,5,3,2,False
ZTF20abpmqnr,events/ZTF20abpmqnr.npz,SN IIn,SNII,core,82,40,42,True
ZTF20abpqbgi,events/ZTF20abpqbgi.npz,CV,CV,core,58,26,32,True
ZTF20abpqdgh,events/ZTF20abpqdgh.npz,SN Ia,SNI,core,23,11,12,True
ZTF20abpqenl,events/ZTF20abpqenl.npz,SN Ia,SNI,core,2,1,1,False
ZTF20abpsbyg,events/ZTF20abpsbyg.npz,SN Ia,SNI,core,25,5,20,True
ZTF20abpscln,events/ZTF20abpscln.npz,SN Ia,SNI,core,84,31,53,True
ZTF20abptxls,events/ZTF20abptxls.npz,SN Ia,SNI,core,80,41,39,True
ZTF20abpubll,events/ZTF20abpubll.npz,SN Ia,SNI,core,5,3,2,False
ZTF20abpucsd,events/ZTF20abpucsd.npz,SN Ia,SNI,core,14,2,12,True
ZTF20abpuijn,events/ZTF20abpuijn.npz,SN Ia,SNI,core,29,12,17,True
ZTF20abpuxcc,events/ZTF20abpuxcc.npz,SN Ic,SNI,core,15,5,10,True
ZTF20abpuxna,events/ZTF20abpuxna.npz,SN II,SNII,core,62,18,44,True
ZTF20abpuyau,events/ZTF20abpuyau.npz,SN Ia,SNI,core,59,18,41,True
ZTF20abpvhij,events/ZTF20abpvhij.npz,SN Ia,SNI,core,5,1,4,False
ZTF20abpvhlg,events/ZTF20abpvhlg.npz,SN II,SNII,core,15,1,14,False
ZTF20abpvhqv,events/ZTF20abpvhqv.npz,SN Ic,SNI,core,29,10,19,True
ZTF20abpvolc,events/ZTF20abpvolc.npz,SN Ia,SNI,core,87,38,49,True
ZTF20abpwtmi,events/ZTF20abpwtmi.npz,CV,CV,core,25,11,14,True
ZTF20abpyplw,events/ZTF20abpyplw.npz,SN Ia,SNI,core,43,16,27,True
ZTF20abpyxja,events/ZTF20abpyxja.npz,SN Ia,SNI,core,98,38,60,True
ZTF20abqaqgv,events/ZTF20abqaqgv.npz,SN Ia,SNI,core,106,52,54,True
ZTF20abqbzuv,events/ZTF20abqbzuv.npz,SN Ia,SNI,core,17,8,9,True
ZTF20abqcvtk,events/ZTF20abqcvtk.npz,SN Ia,SNI,core,27,11,16,True
ZTF20abqdkne,events/ZTF20abqdkne.npz,SN Ic,SNI,core,69,25,44,True
ZTF20abqdqyh,events/ZTF20abqdqyh.npz,SN II,SNII,core,30,7,23,True
ZTF20abqefja,events/ZTF20abqefja.npz,SN Ia,SNI,core,19,10,9,True
ZTF20abqetet,events/ZTF20abqetet.npz,SN Ia,SNI,core,56,21,35,True
ZTF20abqferm,events/ZTF20abqferm.npz,SN II,SNII,core,59,26,33,True
ZTF20abqfgee,events/ZTF20abqfgee.npz,SN Ia,SNI,core,82,37,45,True
ZTF20abqgbum,events/ZTF20abqgbum.npz,SN IIn,SNII,core,32,19,13,True
ZTF20abqgsah,events/ZTF20abqgsah.npz,CV,CV,core,18,11,7,True
ZTF20abqgzhh,events/ZTF20abqgzhh.npz,SN Ia,SNI,core,32,15,17,True
ZTF20abqhnqq,events/ZTF20abqhnqq.npz,SN Ia,SNI,core,4,2,2,False
ZTF20abqkaoc,events/ZTF20abqkaoc.npz,SN II,SNII,core,15,4,11,True
ZTF20abqkdcs,events/ZTF20abqkdcs.npz,CV,CV,core,2,1,1,False
ZTF20abqkmlp,events/ZTF20abqkmlp.npz,SN Ia,SNI,core,7,5,2,False
ZTF20abqlawg,events/ZTF20abqlawg.npz,SN Ia,SNI,core,30,15,15,True
ZTF20abqlgtv,events/ZTF20abqlgtv.npz,SN Ia,SNI,core,29,12,17,True
ZTF20abqlmwn,events/ZTF20abqlmwn.npz,SN II,SNII,core,69,32,37,True
ZTF20abqmmhn,events/ZTF20abqmmhn.npz,SN Ia,SNI,core,12,6,6,True
ZTF20abqmtsh,events/ZTF20abqmtsh.npz,SN Ia,SNI,core,34,18,16,True
ZTF20abqnctf,events/ZTF20abqnctf.npz,SN Ia,SNI,core,12,2,10,True
ZTF20abqnztv,events/ZTF20abqnztv.npz,SN Ia,SNI,core,14,6,8,True
ZTF20abqofgc,events/ZTF20abqofgc.npz,SN Ia,SNI,core,40,22,18,True
ZTF20abqosnh,events/ZTF20abqosnh.npz,SN Ia,SNI,core,70,30,40,True
ZTF20abqqwui,events/ZTF20abqqwui.npz,SN Ia,SNI,core,4,2,2,False
ZTF20abquppg,events/ZTF20abquppg.npz,SN Ia,SNI,core,57,28,29,True
ZTF20abqvsik,events/ZTF20abqvsik.npz,SN Ia,SNI,core,57,29,28,True
ZTF20abrcnbr,events/ZTF20abrcnbr.npz,SN Ib/c,SNI,core,10,7,3,True
ZTF20abrcsdn,events/ZTF20abrcsdn.npz,SN II,SNII,core,59,26,33,True
ZTF20abrdvpj,events/ZTF20abrdvpj.npz,SN Ia,SNI,core,27,9,18,True
ZTF20abrempf,events/ZTF20abrempf.npz,SN Ia,SNI,core,9,4,5,True
ZTF20abrffom,events/ZTF20abrffom.npz,SN Ia-pec,SNI,core,35,18,17,True
ZTF20abrgyhd,events/ZTF20abrgyhd.npz,SN Ia,SNI,core,42,18,24,True
ZTF20abrgylo,events/ZTF20abrgylo.npz,CV,CV,core,21,13,8,True
ZTF20abrhlfb,events/ZTF20abrhlfb.npz,SN Ia,SNI,core,6,3,3,False
ZTF20abrjmgi,events/ZTF20abrjmgi.npz,SN Ia,SNI,core,54,26,28,True
ZTF20abrmmah,events/ZTF20abrmmah.npz,SN Ic-BL,SNI,core,10,5,5,True
ZTF20abrnavu,events/ZTF20abrnavu.npz,SN Ia,SNI,core,30,13,17,True
ZTF20abrnklh,events/ZTF20abrnklh.npz,SN Ia,SNI,core,36,17,19,True
ZTF20abrnvnn,events/ZTF20abrnvnn.npz,SN II,SNII,core,37,13,24,True
ZTF20abrnvwf,events/ZTF20abrnvwf.npz,SN Ia,SNI,core,50,17,33,True
ZTF20absfrbq,events/ZTF20absfrbq.npz,SN Ia,SNI,core,22,12,10,True
ZTF20absvtnc,events/ZTF20absvtnc.npz,SN Ia,SNI,core,91,47,44,True
ZTF20absvwdh,events/ZTF20absvwdh.npz,SN Ia,SNI,core,23,6,17,True
ZTF20abswdbg,events/ZTF20abswdbg.npz,SN Ic-BL,SNI,core,143,59,84,True
ZTF20abswgbn,events/ZTF20abswgbn.npz,SN Ia,SNI,core,7,4,3,False
ZTF20abswjae,events/ZTF20abswjae.npz,SN Ia,SNI,core,45,23,22,True
ZTF20absyium,events/ZTF20absyium.npz,SN Ia,SNI,core,11,4,7,True
ZTF20abszyjg,events/ZTF20abszyjg.npz,SN Ia,SNI,core,53,23,30,True
ZTF20abszzlp,events/ZTF20abszzlp.npz,SN Ia,SNI,core,4,1,3,False
ZTF20abtajxq,events/ZTF20abtajxq.npz,SN Ia,SNI,core,28,14,14,True
ZTF20abtcijp,events/ZTF20abtcijp.npz,SN Ia,SNI,core,35,15,20,True
ZTF20abtctgr,events/ZTF20abtctgr.npz,SN Ia,SNI,core,45,18,27,True
ZTF20abtfnpl,events/ZTF20abtfnpl.npz,SN Ia,SNI,core,28,12,16,True
ZTF20abthxfr,events/ZTF20abthxfr.npz,SN Ia,SNI,core,75,35,40,True
ZTF20abtjjhb,events/ZTF20abtjjhb.npz,SN IIn,SNII,core,91,41,50,True
ZTF20abtkjfw,events/ZTF20abtkjfw.npz,SN Ic,SNI,core,31,10,21,True
ZTF20abtmfpq,events/ZTF20abtmfpq.npz,CV,CV,core,5,2,3,False
ZTF20abtnpwt,events/ZTF20abtnpwt.npz,SN Ia,SNI,core,43,20,23,True
ZTF20abtsecq,events/ZTF20abtsecq.npz,SN Ia,SNI,core,44,21,23,True
ZTF20abucjsa,events/ZTF20abucjsa.npz,SN Ia,SNI,core,50,20,30,True
ZTF20abucvpo,events/ZTF20abucvpo.npz,SN Ia,SNI,core,104,48,56,True
ZTF20abuhhub,events/ZTF20abuhhub.npz,SN Ia,SNI,core,7,4,3,False
ZTF20abujoya,events/ZTF20abujoya.npz,SN Ia,SNI,core,22,10,12,True
ZTF20abuojuw,events/ZTF20abuojuw.npz,SN Ia,SNI,core,47,21,26,True
ZTF20abupbub,events/ZTF20abupbub.npz,SN Ia,SNI,core,86,40,46,True
ZTF20abupxie,events/ZTF20abupxie.npz,SN II,SNII,core,64,30,34,True
ZTF20abuqali,events/ZTF20abuqali.npz,SN II,SNII,core,24,11,13,True
ZTF20abushtf,events/ZTF20abushtf.npz,SN Ia,SNI,core,73,23,50,True
ZTF20abusrwm,events/ZTF20abusrwm.npz,SN Ic,SNI,core,37,11,26,True
ZTF20abuusst,events/ZTF20abuusst.npz,SN Ia,SNI,core,25,11,14,True
ZTF20abvaida,events/ZTF20abvaida.npz,SN Ia,SNI,core,27,11,16,True
ZTF20abvdtgl,events/ZTF20abvdtgl.npz,SN Ia,SNI,core,22,14,8,True
ZTF20abvowvw,events/ZTF20abvowvw.npz,SN Ia,SNI,core,65,29,36,True
ZTF20abvqibv,events/ZTF20abvqibv.npz,SN Ia-91T,SNI,core,56,23,33,True
ZTF20abvqilf,events/ZTF20abvqilf.npz,SN Ia,SNI,core,30,14,16,True
ZTF20abvquuo,events/ZTF20abvquuo.npz,SN Ib,SNI,core,50,20,30,True
ZTF20abvtozi,events/ZTF20abvtozi.npz,SN Ia,SNI,core,173,83,90,True
ZTF20abvtybi,events/ZTF20abvtybi.npz,SN II,SNII,core,64,24,40,True
ZTF20abvvnqh,events/ZTF20abvvnqh.npz,SN Ic,SNI,core,32,13,19,True
ZTF20abvyare,events/ZTF20abvyare.npz,SN Ia,SNI,core,44,23,21,True
ZTF20abvyauy,events/ZTF20abvyauy.npz,SN Ia,SNI,core,34,15,19,True
ZTF20abvycao,events/ZTF20abvycao.npz,SN Ia,SNI,core,14,2,12,True
ZTF20abvycvf,events/ZTF20abvycvf.npz,SN Ia,SNI,core,52,21,31,True
ZTF20abvykmy,events/ZTF20abvykmy.npz,SN Ia,SNI,core,50,23,27,True
ZTF20abwaoey,events/ZTF20abwaoey.npz,SN Ia,SNI,core,21,11,10,True
ZTF20abwavab,events/ZTF20abwavab.npz,SN Ia,SNI,core,109,51,58,True
ZTF20abwcnhm,events/ZTF20abwcnhm.npz,SN Ia,SNI,core,60,29,31,True
ZTF20abwcxio,events/ZTF20abwcxio.npz,CV,CV,core,20,11,9,True
ZTF20abwdaeo,events/ZTF20abwdaeo.npz,SN II,SNII,core,51,26,25,True
ZTF20abwdwoa,events/ZTF20abwdwoa.npz,SN Ia,SNI,core,46,19,27,True
ZTF20abweedo,events/ZTF20abweedo.npz,SN Ia,SNI,core,62,28,34,True
ZTF20abwftit,events/ZTF20abwftit.npz,SN IIP,SNII,core,58,24,34,True
ZTF20abwkqxd,events/ZTF20abwkqxd.npz,SN Ia,SNI,core,57,23,34,True
ZTF20abwktfx,events/ZTF20abwktfx.npz,SN Ia,SNI,core,52,30,22,True
ZTF20abwtifz,events/ZTF20abwtifz.npz,TDE,TDE,core,2,2,0,False
ZTF20abwxywy,events/ZTF20abwxywy.npz,SN Ic,SNI,core,82,37,45,True
ZTF20abwynwj,events/ZTF20abwynwj.npz,SN Ia,SNI,core,103,42,61,True
ZTF20abwyyjc,events/ZTF20abwyyjc.npz,SN Ia,SNI,core,25,9,16,True
ZTF20abwzqzo,events/ZTF20abwzqzo.npz,SN IIb,SNII,core,38,10,28,True
ZTF20abxawtg,events/ZTF20abxawtg.npz,SN II,SNII,core,41,22,19,True
ZTF20abxclnl,events/ZTF20abxclnl.npz,AGN,AGN,core,27,27,0,False
ZTF20abxcycq,events/ZTF20abxcycq.npz,SN Ia,SNI,core,15,7,8,True
ZTF20abxezim,events/ZTF20abxezim.npz,SN Ia,SNI,core,41,18,23,True
ZTF20abxfiev,events/ZTF20abxfiev.npz,SN Ia,SNI,core,102,36,66,True
ZTF20abxgwjr,events/ZTF20abxgwjr.npz,SN Ia,SNI,core,110,54,56,True
ZTF20abxgxjd,events/ZTF20abxgxjd.npz,SN Ia,SNI,core,42,17,25,True
ZTF20abxhigx,events/ZTF20abxhigx.npz,SN Ia,SNI,core,6,6,0,False
ZTF20abxidyb,events/ZTF20abxidyb.npz,SN Ia,SNI,core,50,22,28,True
ZTF20abxjefm,events/ZTF20abxjefm.npz,SN Ia,SNI,core,30,13,17,True
ZTF20abxkwbi,events/ZTF20abxkwbi.npz,SN II,SNII,core,85,30,55,True
ZTF20abxlham,events/ZTF20abxlham.npz,SN Ia,SNI,core,8,4,4,True
ZTF20abxlwht,events/ZTF20abxlwht.npz,SN Ia,SNI,core,3,1,2,False
ZTF20abxmgny,events/ZTF20abxmgny.npz,SN Ia,SNI,core,37,16,21,True
ZTF20abxmwwd,events/ZTF20abxmwwd.npz,SN IIP,SNII,core,194,96,98,True
ZTF20abxpoxd,events/ZTF20abxpoxd.npz,SN Ic,SNI,core,170,79,91,True
ZTF20abxpzxg,events/ZTF20abxpzxg.npz,SN Ia,SNI,core,68,29,39,True
ZTF20abxrsjb,events/ZTF20abxrsjb.npz,SN Ia,SNI,core,34,18,16,True
ZTF20abxtiyh,events/ZTF20abxtiyh.npz,SN Ia,SNI,core,13,5,8,True
ZTF20abxwreg,events/ZTF20abxwreg.npz,SN Ia,SNI,core,27,11,16,True
ZTF20abxxvzp,events/ZTF20abxxvzp.npz,SN Ia,SNI,core,34,7,27,True
ZTF20abxxzxy,events/ZTF20abxxzxy.npz,SN Ia,SNI,core,23,9,14,True
ZTF20abxyaaf,events/ZTF20abxyaaf.npz,SN Ic,SNI,core,66,30,36,True
ZTF20abxyadt,events/ZTF20abxyadt.npz,SN Ia,SNI,core,44,18,26,True
ZTF20abxyajd,events/ZTF20abxyajd.npz,SN Ia,SNI,core,51,28,23,True
ZTF20abxyaje,events/ZTF20abxyaje.npz,SN II,SNII,core,49,21,28,True
ZTF20abxyaqc,events/ZTF20abxyaqc.npz,SN Ia,SNI,core,22,9,13,True
ZTF20abxyaxt,events/ZTF20abxyaxt.npz,SN Ia,SNI,core,4,2,2,False
ZTF20abxyayj,events/ZTF20abxyayj.npz,AGN,AGN,core,52,28,24,True
ZTF20abxyfye,events/ZTF20abxyfye.npz,SN Ia,SNI,core,44,23,21,True
ZTF20abxyggc,events/ZTF20abxyggc.npz,SN Ia,SNI,core,57,27,30,True
ZTF20abxyifx,events/ZTF20abxyifx.npz,SN II,SNII,core,46,21,25,True
ZTF20abxyiqi,events/ZTF20abxyiqi.npz,SN II,SNII,core,20,6,14,True
ZTF20abxyjfg,events/ZTF20abxyjfg.npz,SN Ia,SNI,core,15,2,13,True
ZTF20abxyjtx,events/ZTF20abxyjtx.npz,SN II,SNII,core,9,4,5,True
ZTF20abxzrqw,events/ZTF20abxzrqw.npz,SN Ia,SNI,core,43,17,26,True
ZTF20abxzwuc,events/ZTF20abxzwuc.npz,AGN,AGN,core,22,8,14,True
ZTF20abybeex,events/ZTF20abybeex.npz,SN II,SNII,core,31,16,15,True
ZTF20abychpb,events/ZTF20abychpb.npz,CV,CV,core,13,7,6,True
ZTF20abydkrl,events/ZTF20abydkrl.npz,SN Ia,SNI,core,59,30,29,True
ZTF20abyfgri,events/ZTF20abyfgri.npz,SN Ia,SNI,core,21,8,13,True
ZTF20abyfmjr,events/ZTF20abyfmjr.npz,SN Ia,SNI,core,46,19,27,True
ZTF20abygigy,events/ZTF20abygigy.npz,SN Ia,SNI,core,51,23,28,True
ZTF20abyiohf,events/ZTF20abyiohf.npz,SN Ia,SNI,core,41,22,19,True
ZTF20abyiycy,events/ZTF20abyiycy.npz,SN Ia,SNI,core,23,12,11,True
ZTF20abyjopm,events/ZTF20abyjopm.npz,SN Ia,SNI,core,42,19,23,True
ZTF20abyjoxb,events/ZTF20abyjoxb.npz,SN Ia,SNI,core,52,23,29,True
ZTF20abyjpxx,events/ZTF20abyjpxx.npz,SN Ia,SNI,core,52,24,28,True
ZTF20abykfsr,events/ZTF20abykfsr.npz,SN II,SNII,core,66,29,37,True
ZTF20abylbuf,events/ZTF20abylbuf.npz,SN Ia,SNI,core,74,32,42,True
ZTF20abyleyk,events/ZTF20abyleyk.npz,SN Ia,SNI,core,19,8,11,True
ZTF20abyosmd,events/ZTF20abyosmd.npz,SN II,SNII,core,38,19,19,True
ZTF20abypkpz,events/ZTF20abypkpz.npz,SN Ia,SNI,core,12,4,8,True
ZTF20abyppuk,events/ZTF20abyppuk.npz,SN Ia,SNI,core,49,22,27,True
ZTF20abyptpc,events/ZTF20abyptpc.npz,SN Ia,SNI,core,83,44,39,True
ZTF20abyqdyg,events/ZTF20abyqdyg.npz,SN Ia,SNI,core,35,17,18,True
ZTF20abyskia,events/ZTF20abyskia.npz,SN Ia,SNI,core,44,22,22,True
ZTF20abysqxw,events/ZTF20abysqxw.npz,SN Ia,SNI,core,8,4,4,True
ZTF20abysxbk,events/ZTF20abysxbk.npz,SN Ib,SNI,core,7,4,3,False
ZTF20abyvtds,events/ZTF20abyvtds.npz,SN Ia,SNI,core,72,31,41,True
ZTF20abywoaa,events/ZTF20abywoaa.npz,SN II,SNII,core,45,18,27,True
ZTF20abywpkl,events/ZTF20abywpkl.npz,SN Ia,SNI,core,45,18,27,True
ZTF20abywspv,events/ZTF20abywspv.npz,SN Ia,SNI,core,36,14,22,True
ZTF20abywsut,events/ZTF20abywsut.npz,SN Ic,SNI,core,41,17,24,True
ZTF20abywydb,events/ZTF20abywydb.npz,SN II,SNII,core,43,19,24,True
ZTF20abywzvj,events/ZTF20abywzvj.npz,SN Ia,SNI,core,57,25,32,True
ZTF20abyxcib,events/ZTF20abyxcib.npz,SN Ia,SNI,core,65,27,38,True
ZTF20abyxjvm,events/ZTF20abyxjvm.npz,SN IIn,SNII,core,65,27,38,True
ZTF20abyxnjo,events/ZTF20abyxnjo.npz,SN Ia,SNI,core,40,19,21,True
ZTF20abyxuky,events/ZTF20abyxuky.npz,SN Ia,SNI,core,32,11,21,True
ZTF20abyyfmw,events/ZTF20abyyfmw.npz,SN Ia,SNI,core,77,37,40,True
ZTF20abyylgi,events/ZTF20abyylgi.npz,SN II,SNII,core,71,34,37,True
ZTF20abyyvrw,events/ZTF20abyyvrw.npz,SN Ia,SNI,core,72,36,36,True
ZTF20abyzbxa,events/ZTF20abyzbxa.npz,SN Ia,SNI,core,26,14,12,True
ZTF20abyzgzj,events/ZTF20abyzgzj.npz,SN Ia,SNI,core,54,27,27,True
ZTF20abyzomt,events/ZTF20abyzomt.npz,SN II,SNII,core,75,40,35,True
ZTF20abyzoof,events/ZTF20abyzoof.npz,SN II,SNII,core,68,34,34,True
ZTF20abyzprl,events/ZTF20abyzprl.npz,SN II,SNII,core,78,41,37,True
ZTF20abzaknn,events/ZTF20abzaknn.npz,SN Ia,SNI,core,29,8,21,True
ZTF20abzayoe,events/ZTF20abzayoe.npz,SN Ia,SNI,core,14,3,11,True
ZTF20abzbfct,events/ZTF20abzbfct.npz,SN Ia,SNI,core,60,27,33,True
ZTF20abzcefc,events/ZTF20abzcefc.npz,SN II,SNII,core,39,13,26,True
ZTF20abzcokk,events/ZTF20abzcokk.npz,CV,CV,core,36,17,19,True
ZTF20abzcokv,events/ZTF20abzcokv.npz,SN Ia,SNI,core,46,21,25,True
ZTF20abzcsbt,events/ZTF20abzcsbt.npz,SN Ia,SNI,core,77,38,39,True
ZTF20abzetdf,events/ZTF20abzetdf.npz,SN Ia,SNI,core,45,21,24,True
ZTF20abzettb,events/ZTF20abzettb.npz,SN Ia,SNI,core,16,4,12,True
ZTF20abzfotj,events/ZTF20abzfotj.npz,CV,CV,core,7,3,4,False
ZTF20abzfoyg,events/ZTF20abzfoyg.npz,SN Ia,SNI,core,14,6,8,True
ZTF20abzgegm,events/ZTF20abzgegm.npz,SN II,SNII,core,32,14,18,True
ZTF20abzgfhl,events/ZTF20abzgfhl.npz,SN Ia,SNI,core,15,7,8,True
ZTF20abzhwtq,events/ZTF20abzhwtq.npz,SN Ia,SNI,core,27,13,14,True
ZTF20abzjads,events/ZTF20abzjads.npz,SN Ia,SNI,core,68,31,37,True
ZTF20abzjcdg,events/ZTF20abzjcdg.npz,SN Ic,SNI,core,22,6,16,True
ZTF20abzjoxd,events/ZTF20abzjoxd.npz,SN IIn,SNII,core,62,33,29,True
ZTF20abzjpsv,events/ZTF20abzjpsv.npz,SN Ia,SNI,core,45,24,21,True
ZTF20abzjvse,events/ZTF20abzjvse.npz,SN Ia,SNI,core,64,30,34,True
ZTF20abzoaas,events/ZTF20abzoaas.npz,SN II,SNII,core,39,21,18,True
ZTF20abzoeiw,events/ZTF20abzoeiw.npz,SN Ic-BL,SNI,core,35,19,16,True
ZTF20abzpxxu,events/ZTF20abzpxxu.npz,SN Ia,SNI,core,91,49,42,True
ZTF20abzvxyk,events/ZTF20abzvxyk.npz,SN Ia,SNI,core,82,40,42,True
ZTF20acaapwk,events/ZTF20acaapwk.npz,SN Ia,SNI,core,9,2,7,True
ZTF20acaazkt,events/ZTF20acaazkt.npz,TDE,TDE,core,27,15,12,True
ZTF20acaczen,events/ZTF20acaczen.npz,SN Ia,SNI,core,21,10,11,True
ZTF20acaczvl,events/ZTF20acaczvl.npz,SN Ia,SNI,core,1,0,1,False
ZTF20acaiztt,events/ZTF20acaiztt.npz,SN II,SNII,core,21,21,0,False
ZTF20acajvrj,events/ZTF20acajvrj.npz,SN Ia,SNI,core,40,18,22,True
ZTF20acauthg,events/ZTF20acauthg.npz,SN Ia,SNI,core,85,32,53,True
ZTF20acbakkg,events/ZTF20acbakkg.npz,SN Ia,SNI,core,24,10,14,True
ZTF20acbeanu,events/ZTF20acbeanu.npz,SN Ia,SNI,core,64,31,33,True
ZTF20acbekkx,events/ZTF20acbekkx.npz,SN IIn,SNII,core,75,39,36,True
ZTF20acberbd,events/ZTF20acberbd.npz,SN Ia,SNI,core,43,17,26,True
ZTF20acberfr,events/ZTF20acberfr.npz,SN Ia,SNI,core,66,28,38,True
ZTF20acbiwri,events/ZTF20acbiwri.npz,SN II,SNII,core,51,21,30,True
ZTF20acbjgoa,events/ZTF20acbjgoa.npz,SN II,SNII,core,24,7,17,True
ZTF20acbnoqi,events/ZTF20acbnoqi.npz,SN Ia,SNI,core,40,17,23,True
ZTF20acbnwyb,events/ZTF20acbnwyb.npz,SN Ia,SNI,core,15,11,4,True
ZTF20acbovrt,events/ZTF20acbovrt.npz,SN Ia,SNI,core,64,31,33,True
ZTF20acbttnt,events/ZTF20acbttnt.npz,SN Ia-91T,SNI,core,46,19,27,True
ZTF20accagnf,events/ZTF20accagnf.npz,SN Ia,SNI,core,27,17,10,True
ZTF20accbsxa,events/ZTF20accbsxa.npz,SN Ic,SNI,core,26,13,13,True
ZTF20accdijx,events/ZTF20accdijx.npz,SN II,SNII,core,58,27,31,True
ZTF20acchxpm,events/ZTF20acchxpm.npz,SN Ia,SNI,core,34,15,19,True
ZTF20accmtgt,events/ZTF20accmtgt.npz,SN Ia,SNI,core,49,26,23,True
ZTF20accmtgu,events/ZTF20accmtgu.npz,SN IIP,SNII,core,31,12,19,True
ZTF20accmutv,events/ZTF20accmutv.npz,SN IIP,SNII,core,67,35,32,True
ZTF20accoccp,events/ZTF20accoccp.npz,SN Ic,SNI,core,17,6,11,True
ZTF20accodxy,events/ZTF20accodxy.npz,SN Ia,SNI,core,49,17,32,True
ZTF20accovje,events/ZTF20accovje.npz,SN Ia,SNI,core,29,16,13,True
ZTF20accrldu,events/ZTF20accrldu.npz,SN II,SNII,core,66,31,35,True
ZTF20accsfkt,events/ZTF20accsfkt.npz,SN Ia,SNI,core,43,20,23,True
ZTF20acctbbw,events/ZTF20acctbbw.npz,SN Ia,SNI,core,36,14,22,True
ZTF20accxqqo,events/ZTF20accxqqo.npz,SN Ia,SNI,core,38,14,24,True
ZTF20accxzmn,events/ZTF20accxzmn.npz,SN Ia,SNI,core,51,21,30,True
ZTF20acdafau,events/ZTF20acdafau.npz,SN Ia,SNI,core,57,30,27,True
ZTF20acdalpf,events/ZTF20acdalpf.npz,SN Ia,SNI,core,31,15,16,True
ZTF20acdnmpv,events/ZTF20acdnmpv.npz,SN Ia,SNI,core,27,12,15,True
ZTF20acduffd,events/ZTF20acduffd.npz,SN Ia,SNI,core,16,0,16,False
ZTF20acebgre,events/ZTF20acebgre.npz,SN Ia,SNI,core,19,10,9,True
ZTF20acebweq,events/ZTF20acebweq.npz,SN Ia-91T,SNI,core,2,1,1,False
ZTF20acectxy,events/ZTF20acectxy.npz,SN II,SNII,core,34,18,16,True
ZTF20acedqis,events/ZTF20acedqis.npz,SN II,SNII,core,44,21,23,True
ZTF20acehyxd,events/ZTF20acehyxd.npz,SN Ia,SNI,core,33,13,20,True
ZTF20aceokvr,events/ZTF20aceokvr.npz,SN IIn,SNII,core,42,5,37,True
ZTF20aceqoer,events/ZTF20aceqoer.npz,SN Ia,SNI,core,21,11,10,True
ZTF20acexvcz,events/ZTF20acexvcz.npz,SN Ia,SNI,core,15,11,4,True
ZTF20aceyolc,events/ZTF20aceyolc.npz,SN II,SNII,core,40,19,21,True
ZTF20acezpem,events/ZTF20acezpem.npz,SN Ia,SNI,core,44,17,27,True
ZTF20acfaonm,events/ZTF20acfaonm.npz,SN Ia,SNI,core,33,14,19,True
ZTF20acfasbq,events/ZTF20acfasbq.npz,SN Ia,SNI,core,91,40,51,True
ZTF20acfdmex,events/ZTF20acfdmex.npz,SN II,SNII,core,153,79,74,True
ZTF20acfkkyf,events/ZTF20acfkkyf.npz,SN Ia,SNI,core,30,11,19,True
ZTF20acfkyll,events/ZTF20acfkyll.npz,SN II,SNII,core,69,29,40,True
ZTF20acfkzcg,events/ZTF20acfkzcg.npz,SN IIP,SNII,core,140,63,77,True
ZTF20acflmyv,events/ZTF20acflmyv.npz,SN Ia,SNI,core,22,11,11,True
ZTF20acfnuee,events/ZTF20acfnuee.npz,SN Ia,SNI,core,25,11,14,True
ZTF20acfqngt,events/ZTF20acfqngt.npz,SN Ic,SNI,core,47,16,31,True
ZTF20acfvgdp,events/ZTF20acfvgdp.npz,SN II,SNII,core,69,33,36,True
ZTF20acfviac,events/ZTF20acfviac.npz,SN Ia,SNI,core,58,29,29,True
ZTF20acfvltv,events/ZTF20acfvltv.npz,SN Ia,SNI,core,27,10,17,True
ZTF20acfvqdz,events/ZTF20acfvqdz.npz,SN II,SNII,core,20,10,10,True
ZTF20acfvqjl,events/ZTF20acfvqjl.npz,SN Ia,SNI,core,44,25,19,True
ZTF20acfvsze,events/ZTF20acfvsze.npz,SN Ia,SNI,core,26,11,15,True
ZTF20acfwrln,events/ZTF20acfwrln.npz,SN II,SNII,core,33,20,13,True
ZTF20acgbkji,events/ZTF20acgbkji.npz,SN Ia,SNI,core,43,20,23,True
ZTF20acgcgnf,events/ZTF20acgcgnf.npz,SN Ia,SNI,core,28,13,15,True
ZTF20acgchsp,events/ZTF20acgchsp.npz,SN II,SNII,core,55,22,33,True
ZTF20acgcpuu,events/ZTF20acgcpuu.npz,CV,CV,core,13,7,6,True
ZTF20acgdycd,events/ZTF20acgdycd.npz,SN Ia,SNI,core,49,20,29,True
ZTF20acggqfs,events/ZTF20acggqfs.npz,SN IIn,SNII,core,47,20,27,True
ZTF20acggviy,events/ZTF20acggviy.npz,CV,CV,core,2,1,1,False
ZTF20acggvnn,events/ZTF20acggvnn.npz,SN II,SNII,core,18,6,12,True
ZTF20acggxac,events/ZTF20acggxac.npz,SN Ia,SNI,core,26,10,16,True
ZTF20acggzxc,events/ZTF20acggzxc.npz,SN Ia,SNI,core,20,7,13,True
ZTF20acghodf,events/ZTF20acghodf.npz,SN IIn,SNII,core,24,12,12,True
ZTF20acgided,events/ZTF20acgided.npz,SN II,SNII,core,73,34,39,True
ZTF20acgiglu,events/ZTF20acgiglu.npz,SN IIb,SNII,core,32,12,20,True
ZTF20acgjixx,events/ZTF20acgjixx.npz,CV,CV,core,5,2,3,False
ZTF20acgkbjz,events/ZTF20acgkbjz.npz,SN Ia,SNI,core,38,18,20,True
ZTF20acgkuay,events/ZTF20acgkuay.npz,SN Ia-91bg,SNI,core,15,8,7,True
ZTF20acgmqgv,events/ZTF20acgmqgv.npz,SN Ia,SNI,core,40,14,26,True
ZTF20acgmvsn,events/ZTF20acgmvsn.npz,SN Ia,SNI,core,25,10,15,True
ZTF20acgnbvv,events/ZTF20acgnbvv.npz,SN Ia,SNI,core,65,29,36,True
ZTF20acgnelh,events/ZTF20acgnelh.npz,SN II,SNII,core,41,15,26,True
ZTF20acgnenc,events/ZTF20acgnenc.npz,SN II,SNII,core,38,18,20,True
ZTF20acgnrqu,events/ZTF20acgnrqu.npz,SN Ia,SNI,core,53,26,27,True
ZTF20acgnzhj,events/ZTF20acgnzhj.npz,SN Ia,SNI,core,40,17,23,True
ZTF20acgokbj,events/ZTF20acgokbj.npz,SN Ia,SNI,core,47,21,26,True
ZTF20acgoxns,events/ZTF20acgoxns.npz,SN II,SNII,core,43,19,24,True
ZTF20acgpigm,events/ZTF20acgpigm.npz,SN Ia,SNI,core,16,8,8,True
ZTF20acgpngg,events/ZTF20acgpngg.npz,SN Ia,SNI,core,17,3,14,True
ZTF20acgpqqr,events/ZTF20acgpqqr.npz,SN Ia,SNI,core,29,14,15,True
ZTF20acgprcg,events/ZTF20acgprcg.npz,SN Ia,SNI,core,30,11,19,True
ZTF20acgremo,events/ZTF20acgremo.npz,SN Ia,SNI,core,44,14,30,True
ZTF20acgrvqo,events/ZTF20acgrvqo.npz,SN Ia,SNI,core,44,22,22,True
ZTF20acgrvtr,events/ZTF20acgrvtr.npz,SN Ia,SNI,core,18,6,12,True
ZTF20acgrwej,events/ZTF20acgrwej.npz,SN Ia,SNI,core,18,9,9,True
ZTF20acgsvwb,events/ZTF20acgsvwb.npz,SN Ia,SNI,core,22,9,13,True
ZTF20acgyixo,events/ZTF20acgyixo.npz,SN Ia,SNI,core,2,1,1,False
ZTF20acgyjbh,events/ZTF20acgyjbh.npz,SN II,SNII,core,32,1,31,False
ZTF20acgynyw,events/ZTF20acgynyw.npz,SN Ia,SNI,core,19,9,10,True
ZTF20acgyulx,events/ZTF20acgyulx.npz,SN Ia,SNI,core,11,7,4,True
ZTF20acgyvgs,events/ZTF20acgyvgs.npz,SN Ia,SNI,core,19,7,12,True
ZTF20acgzjje,events/ZTF20acgzjje.npz,SN Ia,SNI,core,24,10,14,True
ZTF20acgznau,events/ZTF20acgznau.npz,SN Ia,SNI,core,24,12,12,True
ZTF20achadaa,events/ZTF20achadaa.npz,SN Ia,SNI,core,35,18,17,True
ZTF20achatyv,events/ZTF20achatyv.npz,SN Ia,SNI,core,15,8,7,True
ZTF20achawym,events/ZTF20achawym.npz,SN Ia,SNI,core,42,19,23,True
ZTF20achaxsk,events/ZTF20achaxsk.npz,SN II,SNII,core,31,13,18,True
ZTF20achaxvo,events/ZTF20achaxvo.npz,SN Ia,SNI,core,11,6,5,True
ZTF20achbejn,events/ZTF20achbejn.npz,SN II,SNII,core,50,20,30,True
ZTF20achbekh,events/ZTF20achbekh.npz,SN Ia,SNI,core,34,15,19,True
ZTF20achbkud,events/ZTF20achbkud.npz,SN Ia,SNI,core,27,10,17,True
ZTF20achdcni,events/ZTF20achdcni.npz,SN Ia,SNI,core,28,14,14,True
ZTF20achdwmq,events/ZTF20achdwmq.npz,SN Ia,SNI,core,31,14,17,True
ZTF20achfdib,events/ZTF20achfdib.npz,SN Ia,SNI,core,28,12,16,True
ZTF20achjwqt,events/ZTF20achjwqt.npz,SN IIn,SNII,core,23,0,23,False
ZTF20achkgng,events/ZTF20achkgng.npz,SN Ia,SNI,core,26,11,15,True
ZTF20achksbc,events/ZTF20achksbc.npz,SN Ia,SNI,core,51,21,30,True
ZTF20achlced,events/ZTF20achlced.npz,SN Ia,SNI,core,66,36,30,True
ZTF20achmgee,events/ZTF20achmgee.npz,SN Ia,SNI,core,34,16,18,True
ZTF20achmmex,events/ZTF20achmmex.npz,SN II,SNII,core,34,7,27,True
ZTF20achncqp,events/ZTF20achncqp.npz,SN Ia,SNI,core,63,30,33,True
ZTF20achncxi,events/ZTF20achncxi.npz,SN Ia,SNI,core,25,11,14,True
ZTF20achnfaa,events/ZTF20achnfaa.npz,SN II,SNII,core,32,11,21,True
ZTF20achoqvb,events/ZTF20achoqvb.npz,SN Ia,SNI,core,25,12,13,True
ZTF20achpcvt,events/ZTF20achpcvt.npz,TDE,TDE,core,41,23,18,True
ZTF20achptde,events/ZTF20achptde.npz,SN Ia,SNI,core,25,12,13,True
ZTF20achrklb,events/ZTF20achrklb.npz,SN Ia-91T,SNI,core,25,11,14,True
ZTF20achsfcq,events/ZTF20achsfcq.npz,SN Ia,SNI,core,41,18,23,True
ZTF20achsoln,events/ZTF20achsoln.npz,SN Ia,SNI,core,22,11,11,True
ZTF20achstwk,events/ZTF20achstwk.npz,SN Ia,SNI,core,24,11,13,True
ZTF20achtpbn,events/ZTF20achtpbn.npz,SN Ia,SNI,core,24,11,13,True
ZTF20achtxbi,events/ZTF20achtxbi.npz,SN Ia,SNI,core,36,15,21,True
ZTF20achtzug,events/ZTF20achtzug.npz,SN Ia,SNI,core,62,30,32,True
ZTF20achusux,events/ZTF20achusux.npz,SN II,SNII,core,73,36,37,True
ZTF20achvdtx,events/ZTF20achvdtx.npz,SN II,SNII,core,33,13,20,True
ZTF20achvere,events/ZTF20achvere.npz,SN Ia,SNI,core,19,9,10,True
ZTF20achvmjr,events/ZTF20achvmjr.npz,SN Ia,SNI,core,17,10,7,True
ZTF20achvmoj,events/ZTF20achvmoj.npz,SN Ia,SNI,core,57,29,28,True
ZTF20achwpvs,events/ZTF20achwpvs.npz,SN Ia,SNI,core,23,9,14,True
ZTF20achzugy,events/ZTF20achzugy.npz,SN Ia,SNI,core,27,12,15,True
ZTF20aciaxil,events/ZTF20aciaxil.npz,SN Ia,SNI,core,16,8,8,True
ZTF20acifwef,events/ZTF20acifwef.npz,SN Ia,SNI,core,52,28,24,True
ZTF20acigusw,events/ZTF20acigusw.npz,SN II,SNII,core,8,4,4,True
ZTF20aciievv,events/ZTF20aciievv.npz,SN Ia,SNI,core,58,27,31,True
ZTF20aciigcw,events/ZTF20aciigcw.npz,SN Ia,SNI,core,11,5,6,True
ZTF20acijssu,events/ZTF20acijssu.npz,SN Ia,SNI,core,21,7,14,True
ZTF20acikuon,events/ZTF20acikuon.npz,SN Ia,SNI,core,70,35,35,True
ZTF20acikzzn,events/ZTF20acikzzn.npz,SN Ia,SNI,core,16,7,9,True
ZTF20acimjmc,events/ZTF20acimjmc.npz,SN Ia,SNI,core,5,0,5,False
ZTF20acioekr,events/ZTF20acioekr.npz,CV,CV,core,21,8,13,True
ZTF20acioiem,events/ZTF20acioiem.npz,CV,CV,core,18,8,10,True
ZTF20aciouqw,events/ZTF20aciouqw.npz,CV,CV,core,19,10,9,True
ZTF20aciowcm,events/ZTF20aciowcm.npz,SN Ia,SNI,core,24,10,14,True
ZTF20acisbek,events/ZTF20acisbek.npz,SN Ia,SNI,core,40,20,20,True
ZTF20acitbmh,events/ZTF20acitbmh.npz,SN Ia,SNI,core,25,10,15,True
ZTF20acithxf,events/ZTF20acithxf.npz,SN Ia,SNI,core,47,28,19,True
ZTF20acitoie,events/ZTF20acitoie.npz,SN II,SNII,core,65,32,33,True
ZTF20acitojm,events/ZTF20acitojm.npz,SN Ia,SNI,core,41,19,22,True
ZTF20acitpfz,events/ZTF20acitpfz.npz,TDE,TDE,core,30,16,14,True
ZTF20aciuakv,events/ZTF20aciuakv.npz,SN Ia,SNI,core,49,25,24,True
ZTF20aciubfx,events/ZTF20aciubfx.npz,SN II,SNII,core,43,20,23,True
ZTF20aciubjh,events/ZTF20aciubjh.npz,SN II,SNII,core,49,16,33,True
ZTF20aciudrr,events/ZTF20aciudrr.npz,SN Ia,SNI,core,32,16,16,True
ZTF20aciugdl,events/ZTF20aciugdl.npz,SN Ia,SNI,core,36,18,18,True
ZTF20aciwcuz,events/ZTF20aciwcuz.npz,SN II,SNII,core,52,23,29,True
ZTF20aciwrpn,events/ZTF20aciwrpn.npz,SN II,SNII,core,40,15,25,True
ZTF20acixidp,events/ZTF20acixidp.npz,SN Ia,SNI,core,31,13,18,True
ZTF20acizliy,events/ZTF20acizliy.npz,SN Ia,SNI,core,37,16,21,True
ZTF20acjbhhp,events/ZTF20acjbhhp.npz,SN II,SNII,core,55,22,33,True
ZTF20acjbzrh,events/ZTF20acjbzrh.npz,SN Ib,SNI,core,17,3,14,True
ZTF20acjetyf,events/ZTF20acjetyf.npz,SN Ia,SNI,core,19,10,9,True
ZTF20acjfimy,events/ZTF20acjfimy.npz,SN Ia,SNI,core,29,13,16,True
ZTF20acjhhqx,events/ZTF20acjhhqx.npz,SN Ia,SNI,core,45,17,28,True
ZTF20acjjkhr,events/ZTF20acjjkhr.npz,SN Ia,SNI,core,16,8,8,True
ZTF20acjlkpe,events/ZTF20acjlkpe.npz,SN Ia,SNI,core,32,16,16,True
ZTF20acjpvyd,events/ZTF20acjpvyd.npz,SN IIb,SNII,core,62,32,30,True
ZTF20acjpwdk,events/ZTF20acjpwdk.npz,SN Ia,SNI,core,11,4,7,True
ZTF20acjrytv,events/ZTF20acjrytv.npz,SN Ia,SNI,core,15,6,9,True
ZTF20acjsazw,events/ZTF20acjsazw.npz,SN Ia,SNI,core,28,11,17,True
ZTF20acjutba,events/ZTF20acjutba.npz,SN Ia,SNI,core,22,10,12,True
ZTF20acjzzyr,events/ZTF20acjzzyr.npz,SN Ia,SNI,core,19,9,10,True
ZTF20ackdkva,events/ZTF20ackdkva.npz,SN Ia,SNI,core,25,13,12,True
ZTF20ackhoov,events/ZTF20ackhoov.npz,SN II,SNII,core,35,15,20,True
ZTF20ackhzba,events/ZTF20ackhzba.npz,SN Ia,SNI,core,27,14,13,True
ZTF20ackijbs,events/ZTF20ackijbs.npz,AGN,AGN,core,44,21,23,True
ZTF20ackitai,events/ZTF20ackitai.npz,SN Ia,SNI,core,38,13,25,True
ZTF20ackkejs,events/ZTF20ackkejs.npz,SN Ia,SNI,core,30,13,17,True
ZTF20acklcyp,events/ZTF20acklcyp.npz,SN IIn,SNII,core,60,31,29,True
ZTF20acknpig,events/ZTF20acknpig.npz,SN II,SNII,core,67,34,33,True
ZTF20ackpjmb,events/ZTF20ackpjmb.npz,SN Ia,SNI,core,21,12,9,True
ZTF20ackrqfi,events/ZTF20ackrqfi.npz,SN Ia,SNI,core,52,23,29,True
ZTF20ackzfvn,events/ZTF20ackzfvn.npz,SN II,SNII,core,14,7,7,True
ZTF20aclddpv,events/ZTF20aclddpv.npz,SN Ia,SNI,core,1,1,0,False
ZTF20aclflxd,events/ZTF20aclflxd.npz,SN Ia,SNI,core,47,20,27,True
ZTF20aclfmwn,events/ZTF20aclfmwn.npz,SN IIb,SNII,core,5,2,3,False
ZTF20aclftuo,events/ZTF20aclftuo.npz,SN II,SNII,core,31,16,15,True
ZTF20aclggpx,events/ZTF20aclggpx.npz,SN Ia,SNI,core,27,15,12,True
ZTF20aclgnds,events/ZTF20aclgnds.npz,SN Ia,SNI,core,23,11,12,True
ZTF20aclkcuu,events/ZTF20aclkcuu.npz,SN Ia,SNI,core,32,13,19,True
ZTF20aclkuqh,events/ZTF20aclkuqh.npz,SN Ia,SNI,core,34,17,17,True
ZTF20aclkvjy,events/ZTF20aclkvjy.npz,SN IIn,SNII,core,31,14,17,True
ZTF20aclkyhj,events/ZTF20aclkyhj.npz,SN Ia,SNI,core,13,13,0,False
ZTF20aclkyjg,events/ZTF20aclkyjg.npz,SN Ia,SNI,core,28,16,12,True
ZTF20acllntr,events/ZTF20acllntr.npz,SN Ia,SNI,core,27,13,14,True
ZTF20aclnplo,events/ZTF20aclnplo.npz,SN Ic,SNI,core,28,12,16,True
ZTF20aclnsts,events/ZTF20aclnsts.npz,SN Ia,SNI,core,31,14,17,True
ZTF20aclpdmt,events/ZTF20aclpdmt.npz,SN Ia,SNI,core,7,3,4,False
ZTF20aclvtnk,events/ZTF20aclvtnk.npz,SN II,SNII,core,35,16,19,True
ZTF20aclwclm,events/ZTF20aclwclm.npz,SN Ia,SNI,core,12,3,9,True
ZTF20aclwowi,events/ZTF20aclwowi.npz,SN Ia,SNI,core,25,12,13,True
ZTF20aclwwhz,events/ZTF20aclwwhz.npz,SN Ia,SNI,core,13,6,7,True
ZTF20aclxbwk,events/ZTF20aclxbwk.npz,SN Ia,SNI,core,16,6,10,True
ZTF20aclzegl,events/ZTF20aclzegl.npz,SN Ia,SNI,core,19,7,12,True
ZTF20acmaaan,events/ZTF20acmaaan.npz,SN II,SNII,core,91,45,46,True
ZTF20acmafkf,events/ZTF20acmafkf.npz,SN Ia,SNI,core,24,11,13,True
ZTF20acmbhgy,events/ZTF20acmbhgy.npz,SN Ia,SNI,core,27,13,14,True
ZTF20acmcqwc,events/ZTF20acmcqwc.npz,SN Ia-pec,SNI,core,5,1,4,False
ZTF20acmddof,events/ZTF20acmddof.npz,SN Ia,SNI,core,29,6,23,True
ZTF20acmfacr,events/ZTF20acmfacr.npz,SN Ia,SNI,core,30,14,16,True
ZTF20acmhpvd,events/ZTF20acmhpvd.npz,CV,CV,core,10,5,5,True
ZTF20acmxpmg,events/ZTF20acmxpmg.npz,SN Ia,SNI,core,5,4,1,False
ZTF20acmyxdb,events/ZTF20acmyxdb.npz,CV,CV,core,16,8,8,True
ZTF20acmzfsz,events/ZTF20acmzfsz.npz,SN Ia,SNI,core,3,3,0,False
ZTF20acmzoxo,events/ZTF20acmzoxo.npz,SN Ia,SNI,core,36,18,18,True
ZTF20acnagjb,events/ZTF20acnagjb.npz,SN Ia,SNI,core,17,8,9,True
ZTF20acnezne,events/ZTF20acnezne.npz,SN II,SNII,core,34,17,17,True
ZTF20acngnrs,events/ZTF20acngnrs.npz,SN IIP,SNII,core,85,45,40,True
ZTF20acnigox,events/ZTF20acnigox.npz,SN Ia,SNI,core,22,11,11,True
ZTF20acnrphs,events/ZTF20acnrphs.npz,SN Ia,SNI,core,17,8,9,True
ZTF20acnrvfm,events/ZTF20acnrvfm.npz,SN II,SNII,core,23,0,23,False
ZTF20acnserh,events/ZTF20acnserh.npz,SN Ia,SNI,core,25,13,12,True
ZTF20acnsgdb,events/ZTF20acnsgdb.npz,SN Ia,SNI,core,16,7,9,True
ZTF20acnsinb,events/ZTF20acnsinb.npz,SN Ia,SNI,core,19,7,12,True
ZTF20acntqoh,events/ZTF20acntqoh.npz,SN Ia,SNI,core,23,7,16,True
ZTF20acnviht,events/ZTF20acnviht.npz,AGN,AGN,core,31,24,7,True
ZTF20acnviyk,events/ZTF20acnviyk.npz,SN Ia,SNI,core,16,8,8,True
ZTF20acnvlgg,events/ZTF20acnvlgg.npz,SN Ia,SNI,core,43,21,22,True
ZTF20acnvniw,events/ZTF20acnvniw.npz,SN IIn,SNII,core,55,26,29,True
ZTF20acnvorm,events/ZTF20acnvorm.npz,SN Ia,SNI,core,6,1,5,False
ZTF20acnvprg,events/ZTF20acnvprg.npz,SN Ia,SNI,core,12,7,5,True
ZTF20acnvtxy,events/ZTF20acnvtxy.npz,SN IIP,SNII,core,14,6,8,True
ZTF20acnvzga,events/ZTF20acnvzga.npz,SN Ia,SNI,core,24,11,13,True
ZTF20acnwbuo,events/ZTF20acnwbuo.npz,CV,CV,core,9,5,4,True
ZTF20acnwgtl,events/ZTF20acnwgtl.npz,SN Ia,SNI,core,9,6,3,True
ZTF20acnwjwp,events/ZTF20acnwjwp.npz,SN Ia,SNI,core,24,10,14,True
ZTF20acnywhz,events/ZTF20acnywhz.npz,SN Ia,SNI,core,21,9,12,True
ZTF20acnyxln,events/ZTF20acnyxln.npz,SN Ia,SNI,core,55,26,29,True
ZTF20acnzkxb,events/ZTF20acnzkxb.npz,SN II,SNII,core,28,13,15,True
ZTF20acnznms,events/ZTF20acnznms.npz,TDE,TDE,core,47,26,21,True
ZTF20acnznol,events/ZTF20acnznol.npz,SN Ia,SNI,core,16,7,9,True
ZTF20acoalxr,events/ZTF20acoalxr.npz,AGN,AGN,core,13,4,9,True
ZTF20acoanjp,events/ZTF20acoanjp.npz,SN II,SNII,core,12,1,11,False
ZTF20acoaqpm,events/ZTF20acoaqpm.npz,SN Ia,SNI,core,18,7,11,True
ZTF20acoawtj,events/ZTF20acoawtj.npz,SN IIn,SNII,core,46,23,23,True
ZTF20acobamg,events/ZTF20acobamg.npz,SN Ia,SNI,core,19,7,12,True
ZTF20acobevy,events/ZTF20acobevy.npz,SN Ia,SNI,core,22,11,11,True
ZTF20acobvxk,events/ZTF20acobvxk.npz,SN Ia,SNI,core,37,18,19,True
ZTF20acobxlz,events/ZTF20acobxlz.npz,SN Ia-91T,SNI,core,46,19,27,True
ZTF20acocohy,events/ZTF20acocohy.npz,SN II,SNII,core,48,24,24,True
ZTF20acodsyb,events/ZTF20acodsyb.npz,AGN,AGN,core,16,13,3,True
ZTF20acogesf,events/ZTF20acogesf.npz,SN Ia,SNI,core,31,13,18,True
ZTF20acogywb,events/ZTF20acogywb.npz,SN Ia,SNI,core,33,21,12,True
ZTF20acojxtb,events/ZTF20acojxtb.npz,SN Ia,SNI,core,21,10,11,True
ZTF20acoojba,events/ZTF20acoojba.npz,SN Ia,SNI,core,38,20,18,True
ZTF20acoplqe,events/ZTF20acoplqe.npz,SN II,SNII,core,20,8,12,True
ZTF20acopmey,events/ZTF20acopmey.npz,SN Ia-91T,SNI,core,22,10,12,True
ZTF20acoqlav,events/ZTF20acoqlav.npz,SN Ia,SNI,core,23,8,15,True
ZTF20acoqlrd,events/ZTF20acoqlrd.npz,SN Ia,SNI,core,25,8,17,True
ZTF20acoqpbg,events/ZTF20acoqpbg.npz,SN Ia,SNI,core,24,10,14,True
ZTF20acordqz,events/ZTF20acordqz.npz,SN Ia,SNI,core,19,5,14,True
ZTF20acoredl,events/ZTF20acoredl.npz,SN Ia,SNI,core,15,7,8,True
ZTF20acorjop,events/ZTF20acorjop.npz,SN II,SNII,core,31,12,19,True
ZTF20acosehg,events/ZTF20acosehg.npz,SN Ia,SNI,core,2,2,0,False
ZTF20acotwur,events/ZTF20acotwur.npz,SN Ia,SNI,core,16,5,11,True
ZTF20acounxo,events/ZTF20acounxo.npz,SN IIn,SNII,core,30,13,17,True
ZTF20acouofb,events/ZTF20acouofb.npz,SN II,SNII,core,29,16,13,True
ZTF20acovdho,events/ZTF20acovdho.npz,SN Ia,SNI,core,21,10,11,True
ZTF20acovrzx,events/ZTF20acovrzx.npz,SN Ia,SNI,core,24,10,14,True
ZTF20acowata,events/ZTF20acowata.npz,SN Ia,SNI,core,32,14,18,True
ZTF20acowddo,events/ZTF20acowddo.npz,SN Ia,SNI,core,38,19,19,True
ZTF20acowpur,events/ZTF20acowpur.npz,SN Ia,SNI,core,26,11,15,True
ZTF20acowuix,events/ZTF20acowuix.npz,SN Ia,SNI,core,28,14,14,True
ZTF20acoxdas,events/ZTF20acoxdas.npz,SN Ia,SNI,core,23,11,12,True
ZTF20acoxmsr,events/ZTF20acoxmsr.npz,SN Ia,SNI,core,39,18,21,True
ZTF20acoxtxr,events/ZTF20acoxtxr.npz,SN Ia,SNI,core,32,12,20,True
ZTF20acoyfpk,events/ZTF20acoyfpk.npz,SN Ia,SNI,core,51,25,26,True
ZTF20acoykif,events/ZTF20acoykif.npz,SN Ia,SNI,core,16,8,8,True
ZTF20acoyvdg,events/ZTF20acoyvdg.npz,SN Ia,SNI,core,22,9,13,True
ZTF20acoyyly,events/ZTF20acoyyly.npz,SN Ia,SNI,core,23,7,16,True
ZTF20acozxxt,events/ZTF20acozxxt.npz,CV,CV,core,18,10,8,True
ZTF20acpbboa,events/ZTF20acpbboa.npz,SN II,SNII,core,106,52,54,True
ZTF20acpbbqf,events/ZTF20acpbbqf.npz,SN Ia,SNI,core,16,8,8,True
ZTF20acpbdvm,events/ZTF20acpbdvm.npz,SN II,SNII,core,47,24,23,True
ZTF20acpbnzr,events/ZTF20acpbnzr.npz,SN Ia,SNI,core,8,0,8,False
ZTF20acpcuwx,events/ZTF20acpcuwx.npz,SN Ia,SNI,core,30,12,18,True
ZTF20acpdrab,events/ZTF20acpdrab.npz,SN Ia,SNI,core,6,5,1,False
ZTF20acpeldz,events/ZTF20acpeldz.npz,SN Ia,SNI,core,27,10,17,True
ZTF20acpevli,events/ZTF20acpevli.npz,SN II,SNII,core,92,40,52,True
ZTF20acpgnej,events/ZTF20acpgnej.npz,SN Ia,SNI,core,42,19,23,True
ZTF20acpgnsn,events/ZTF20acpgnsn.npz,SN Ia,SNI,core,16,6,10,True
ZTF20acpgokr,events/ZTF20acpgokr.npz,SN II,SNII,core,23,9,14,True
ZTF20acpgolz,events/ZTF20acpgolz.npz,AGN,AGN,core,38,20,18,True
ZTF20acpguww,events/ZTF20acpguww.npz,AGN,AGN,core,21,12,9,True
ZTF20acpgzif,events/ZTF20acpgzif.npz,SN Ia,SNI,core,25,11,14,True
ZTF20acphbem,events/ZTF20acphbem.npz,SN Ia,SNI,core,36,17,19,True
ZTF20acphccy,events/ZTF20acphccy.npz,SN Ia,SNI,core,52,19,33,True
ZTF20acphcdv,events/ZTF20acphcdv.npz,SN Ia,SNI,core,47,22,25,True
ZTF20acphdbu,events/ZTF20acphdbu.npz,SN Ia,SNI,core,43,20,23,True
ZTF20acpilio,events/ZTF20acpilio.npz,SN Ia,SNI,core,41,19,22,True
ZTF20acpiywu,events/ZTF20acpiywu.npz,SN Ia,SNI,core,19,8,11,True
ZTF20acpjapi,events/ZTF20acpjapi.npz,SN Ia,SNI,core,16,9,7,True
ZTF20acpjbgc,events/ZTF20acpjbgc.npz,SN II,SNII,core,23,11,12,True
ZTF20acpjcoe,events/ZTF20acpjcoe.npz,SN Ia,SNI,core,33,17,16,True
ZTF20acpjfln,events/ZTF20acpjfln.npz,SN Ia,SNI,core,20,6,14,True
ZTF20acpjodk,events/ZTF20acpjodk.npz,SN Ib,SNI,core,12,4,8,True
ZTF20acpjqxp,events/ZTF20acpjqxp.npz,SN Ib-pec,SNI,core,41,20,21,True
ZTF20acpkjsn,events/ZTF20acpkjsn.npz,SN Ia,SNI,core,65,28,37,True
ZTF20acpkled,events/ZTF20acpkled.npz,SN Ia,SNI,core,25,12,13,True
ZTF20acpklpq,events/ZTF20acpklpq.npz,SN Ia,SNI,core,27,14,13,True
ZTF20acpknjk,events/ZTF20acpknjk.npz,SN Ia,SNI,core,35,16,19,True
ZTF20acpkpla,events/ZTF20acpkpla.npz,SN Ia,SNI,core,26,12,14,True
ZTF20acpkprl,events/ZTF20acpkprl.npz,SN Ia,SNI,core,21,10,11,True
ZTF20acpkqhq,events/ZTF20acpkqhq.npz,SN Ia,SNI,core,22,10,12,True
ZTF20acpkses,events/ZTF20acpkses.npz,SN II,SNII,core,32,13,19,True
ZTF20acpksoc,events/ZTF20acpksoc.npz,SN Ia,SNI,core,24,11,13,True
ZTF20acpkzxq,events/ZTF20acpkzxq.npz,SN Ia,SNI,core,17,9,8,True
ZTF20acplhku,events/ZTF20acplhku.npz,SN Ia,SNI,core,33,15,18,True
ZTF20acplqek,events/ZTF20acplqek.npz,SN Ia,SNI,core,23,9,14,True
ZTF20acpmgdz,events/ZTF20acpmgdz.npz,SN Ia,SNI,core,61,32,29,True
ZTF20acpmxdg,events/ZTF20acpmxdg.npz,SN Ia,SNI,core,26,12,14,True
ZTF20acpprmy,events/ZTF20acpprmy.npz,SN Ia,SNI,core,18,6,12,True
ZTF20acppruo,events/ZTF20acppruo.npz,SN Ia,SNI,core,19,9,10,True
ZTF20acppsay,events/ZTF20acppsay.npz,SN Ia,SNI,core,15,5,10,True
ZTF20acpqagp,events/ZTF20acpqagp.npz,SN Ia,SNI,core,17,9,8,True
ZTF20acpqbfu,events/ZTF20acpqbfu.npz,SN II,SNII,core,29,14,15,True
ZTF20acprmuv,events/ZTF20acprmuv.npz,SN IIP,SNII,core,13,0,13,False
ZTF20acptdpf,events/ZTF20acptdpf.npz,SN Ia,SNI,core,14,2,12,True
ZTF20acpujxl,events/ZTF20acpujxl.npz,SN Ia,SNI,core,58,26,32,True
ZTF20acpumut,events/ZTF20acpumut.npz,SN Ia,SNI,core,26,14,12,True
ZTF20acpvbbh,events/ZTF20acpvbbh.npz,SN II,SNII,core,61,30,31,True
ZTF20acpvxmk,events/ZTF20acpvxmk.npz,SN Ia,SNI,core,20,9,11,True
ZTF20acpwjus,events/ZTF20acpwjus.npz,SN Ia-91T,SNI,core,33,13,20,True
ZTF20acpwmui,events/ZTF20acpwmui.npz,SN Ia,SNI,core,22,11,11,True
ZTF20acpxtoc,events/ZTF20acpxtoc.npz,AGN,AGN,core,5,0,5,False
ZTF20acpxvez,events/ZTF20acpxvez.npz,SN Ia,SNI,core,32,15,17,True
ZTF20acpyaap,events/ZTF20acpyaap.npz,SN Ia,SNI,core,45,21,24,True
ZTF20acpylns,events/ZTF20acpylns.npz,SN Ia,SNI,core,11,6,5,True
ZTF20acpzaoa,events/ZTF20acpzaoa.npz,SN Ib,SNI,core,19,13,6,True
ZTF20acqelhh,events/ZTF20acqelhh.npz,SN Ia,SNI,core,33,12,21,True
ZTF20acqexmr,events/ZTF20acqexmr.npz,SN II,SNII,core,58,26,32,True
ZTF20acqfssi,events/ZTF20acqfssi.npz,SN Ia-91T,SNI,core,28,17,11,True
ZTF20acqgklx,events/ZTF20acqgklx.npz,SN IIn,SNII,core,63,31,32,True
ZTF20acqislg,events/ZTF20acqislg.npz,AGN,AGN,core,3,2,1,False
ZTF20acqjmzk,events/ZTF20acqjmzk.npz,SN Ia,SNI,core,11,6,5,True
ZTF20acqksdi,events/ZTF20acqksdi.npz,SN Ia,SNI,core,47,19,28,True
ZTF20acqlfwb,events/ZTF20acqlfwb.npz,SN Ia,SNI,core,30,10,20,True
ZTF20acqnfzn,events/ZTF20acqnfzn.npz,SN IIn,SNII,core,38,7,31,True
ZTF20acqnhci,events/ZTF20acqnhci.npz,AGN,AGN,core,50,22,28,True
ZTF20acqnthg,events/ZTF20acqnthg.npz,SN Ia,SNI,core,4,0,4,False
ZTF20acqntkr,events/ZTF20acqntkr.npz,SN Ia,SNI,core,22,14,8,True
ZTF20acqoiyt,events/ZTF20acqoiyt.npz,TDE,TDE,core,24,15,9,True
ZTF20acqoxod,events/ZTF20acqoxod.npz,CV,CV,core,10,5,5,True
ZTF20acqpkxj,events/ZTF20acqpkxj.npz,CV,CV,core,23,10,13,True
ZTF20acqqdkl,events/ZTF20acqqdkl.npz,SN IIn,SNII,core,57,30,27,True
ZTF20acqucpz,events/ZTF20acqucpz.npz,CV,CV,core,21,10,11,True
ZTF20acquetr,events/ZTF20acquetr.npz,SN Ia,SNI,core,22,10,12,True
ZTF20acqvgav,events/ZTF20acqvgav.npz,SN Ia,SNI,core,25,13,12,True
ZTF20acqvwzb,events/ZTF20acqvwzb.npz,SN II,SNII,core,61,24,37,True
ZTF20acqvwzm,events/ZTF20acqvwzm.npz,SN Ib,SNI,core,13,5,8,True
ZTF20acqzjqz,events/ZTF20acqzjqz.npz,SN Ia,SNI,core,105,51,54,True
ZTF20acqzpta,events/ZTF20acqzpta.npz,SN Ia,SNI,core,24,14,10,True
ZTF20acrbpqd,events/ZTF20acrbpqd.npz,SN Ia,SNI,core,36,15,21,True
ZTF20acrcewc,events/ZTF20acrcewc.npz,SN Ia,SNI,core,35,18,17,True
ZTF20acrdadi,events/ZTF20acrdadi.npz,SN Ia,SNI,core,9,4,5,True
ZTF20acrdemq,events/ZTF20acrdemq.npz,SN Ia,SNI,core,42,19,23,True
ZTF20acrerzb,events/ZTF20acrerzb.npz,SN Ia,SNI,core,31,13,18,True
ZTF20acrheie,events/ZTF20acrheie.npz,SN Ia,SNI,core,16,6,10,True
ZTF20acrhrcy,events/ZTF20acrhrcy.npz,SN Ia,SNI,core,14,6,8,True
ZTF20acrinvz,events/ZTF20acrinvz.npz,SN IIP,SNII,core,53,25,28,True
ZTF20acrqeje,events/ZTF20acrqeje.npz,SN Ia,SNI,core,33,15,18,True
ZTF20acrrssy,events/ZTF20acrrssy.npz,SN II,SNII,core,33,10,23,True
ZTF20acrseou,events/ZTF20acrseou.npz,SN Ia,SNI,core,37,0,37,False
ZTF20acrudzk,events/ZTF20acrudzk.npz,SN Ia,SNI,core,76,39,37,True
ZTF20acrufey,events/ZTF20acrufey.npz,SN Ia,SNI,core,75,34,41,True
ZTF20acrxrfv,events/ZTF20acrxrfv.npz,SN Ia,SNI,core,33,14,19,True
ZTF20acrzwvx,events/ZTF20acrzwvx.npz,SN II,SNII,core,61,30,31,True
ZTF20acsdykp,events/ZTF20acsdykp.npz,SN Ia,SNI,core,15,9,6,True
ZTF20acselme,events/ZTF20acselme.npz,SN Ia,SNI,core,5,3,2,False
ZTF20acsesce,events/ZTF20acsesce.npz,SN Ia,SNI,core,19,9,10,True
ZTF20acsfdnn,events/ZTF20acsfdnn.npz,SN Ia,SNI,core,25,12,13,True
ZTF20acszhad,events/ZTF20acszhad.npz,CV,CV,core,15,7,8,True
ZTF20actawpa,events/ZTF20actawpa.npz,SN II,SNII,core,54,27,27,True
ZTF20actddoh,events/ZTF20actddoh.npz,SN Ia,SNI,core,54,27,27,True
ZTF20actdeqw,events/ZTF20actdeqw.npz,SN Ia,SNI,core,50,19,31,True
ZTF20actekrw,events/ZTF20actekrw.npz,SN Ic,SNI,core,18,5,13,True
ZTF20actfeym,events/ZTF20actfeym.npz,SN Ia,SNI,core,33,12,21,True
ZTF20actfoxr,events/ZTF20actfoxr.npz,SN Ia,SNI,core,24,12,12,True
ZTF20actiymd,events/ZTF20actiymd.npz,SN Ia,SNI,core,40,16,24,True
ZTF20actjbaf,events/ZTF20actjbaf.npz,SN Ia,SNI,core,18,9,9,True
ZTF20actkmks,events/ZTF20actkmks.npz,SN II,SNII,core,50,23,27,True
ZTF20actkulc,events/ZTF20actkulc.npz,SN IIn,SNII,core,46,22,24,True
ZTF20actljfs,events/ZTF20actljfs.npz,SN Ia,SNI,core,16,7,9,True
ZTF20actlumf,events/ZTF20actlumf.npz,CV,CV,core,8,5,3,True
ZTF20actlvpy,events/ZTF20actlvpy.npz,SN Ia,SNI,core,12,6,6,True
ZTF20actnuls,events/ZTF20actnuls.npz,SN II,SNII,core,39,22,17,True
ZTF20actnzxm,events/ZTF20actnzxm.npz,SN II,SNII,core,46,19,27,True
ZTF20actnzzk,events/ZTF20actnzzk.npz,SN II,SNII,core,43,17,26,True
ZTF20actoakx,events/ZTF20actoakx.npz,SN Ia,SNI,core,76,31,45,True
ZTF20actocyw,events/ZTF20actocyw.npz,SN Ia,SNI,core,15,2,13,True
ZTF20actodrq,events/ZTF20actodrq.npz,SN II,SNII,core,17,4,13,True
ZTF20actowqe,events/ZTF20actowqe.npz,CV,CV,core,38,18,20,True
ZTF20actpatx,events/ZTF20actpatx.npz,SN Ia,SNI,core,28,14,14,True
ZTF20actpavu,events/ZTF20actpavu.npz,SN II,SNII,core,64,34,30,True
ZTF20actpbck,events/ZTF20actpbck.npz,SN Ia,SNI,core,44,22,22,True
ZTF20actpqgc,events/ZTF20actpqgc.npz,SN Ic,SNI,core,50,21,29,True
ZTF20actpuan,events/ZTF20actpuan.npz,SN Ia,SNI,core,38,16,22,True
ZTF20actqnhg,events/ZTF20actqnhg.npz,SN IIb,SNII,core,46,21,25,True
ZTF20actquzl,events/ZTF20actquzl.npz,SN II,SNII,core,51,23,28,True
ZTF20actrovz,events/ZTF20actrovz.npz,SN Ia,SNI,core,18,9,9,True
ZTF20actrwym,events/ZTF20actrwym.npz,SN Ia,SNI,core,12,5,7,True
ZTF20actskcf,events/ZTF20actskcf.npz,SN Ia,SNI,core,34,14,20,True
ZTF20actveqm,events/ZTF20actveqm.npz,SN Ia,SNI,core,27,13,14,True
ZTF20actvfgr,events/ZTF20actvfgr.npz,SN Ia,SNI,core,14,6,8,True
ZTF20actvgsy,events/ZTF20actvgsy.npz,SN Ia,SNI,core,16,9,7,True
ZTF20actvlbq,events/ZTF20actvlbq.npz,SN Ia,SNI,core,20,8,12,True
ZTF20actvpyc,events/ZTF20actvpyc.npz,SN Ia,SNI,core,23,10,13,True
ZTF20actzmzp,events/ZTF20actzmzp.npz,CV,CV,core,117,59,58,True
ZTF20acuaqlf,events/ZTF20acuaqlf.npz,SN II,SNII,core,28,15,13,True
ZTF20acucbek,events/ZTF20acucbek.npz,SN Ia,SNI,core,83,40,43,True
ZTF20acudkao,events/ZTF20acudkao.npz,SN Ia,SNI,core,20,7,13,True
ZTF20acueziy,events/ZTF20acueziy.npz,SN Ic,SNI,core,21,7,14,True
ZTF20acufmrl,events/ZTF20acufmrl.npz,CV,CV,core,11,6,5,True
ZTF20acufmte,events/ZTF20acufmte.npz,SN II,SNII,core,49,22,27,True
ZTF20acugxbm,events/ZTF20acugxbm.npz,SN Ia,SNI,core,42,20,22,True
ZTF20acuhgar,events/ZTF20acuhgar.npz,SN II,SNII,core,54,29,25,True
ZTF20acuhlns,events/ZTF20acuhlns.npz,CV,CV,core,8,5,3,True
ZTF20acuhren,events/ZTF20acuhren.npz,SN II,SNII,core,50,23,27,True
ZTF20acuimtq,events/ZTF20acuimtq.npz,SN Ia,SNI,core,29,12,17,True
ZTF20acujaft,events/ZTF20acujaft.npz,SN Ia,SNI,core,20,8,12,True
ZTF20acukxat,events/ZTF20acukxat.npz,SN Ia,SNI,core,20,9,11,True
ZTF20aculruc,events/ZTF20aculruc.npz,SN Ia,SNI,core,18,7,11,True
ZTF20acumcrz,events/ZTF20acumcrz.npz,SN Ia,SNI,core,22,11,11,True
ZTF20acumekm,events/ZTF20acumekm.npz,SN Ia,SNI,core,13,6,7,True
ZTF20acumrio,events/ZTF20acumrio.npz,SN Ia,SNI,core,24,7,17,True
ZTF20acumxrh,events/ZTF20acumxrh.npz,SN Ia,SNI,core,30,12,18,True
ZTF20acuoacn,events/ZTF20acuoacn.npz,SN Ia-91bg,SNI,core,5,5,0,False
ZTF20acuobve,events/ZTF20acuobve.npz,SN Ia,SNI,core,7,7,0,False
ZTF20acuoclk,events/ZTF20acuoclk.npz,SN Ia,SNI,core,18,7,11,True
ZTF20acuofwe,events/ZTF20acuofwe.npz,AGN,AGN,core,10,3,7,True
ZTF20acuosvy,events/ZTF20acuosvy.npz,SN Ia,SNI,core,33,9,24,True
ZTF20acuowxj,events/ZTF20acuowxj.npz,SN Ia,SNI,core,30,14,16,True
ZTF20acuoxrx,events/ZTF20acuoxrx.npz,SN Ia,SNI,core,41,21,20,True
ZTF20acurrzb,events/ZTF20acurrzb.npz,SN Ia,SNI,core,21,8,13,True
ZTF20acurtpj,events/ZTF20acurtpj.npz,SN Ia,SNI,core,42,16,26,True
ZTF20acusecr,events/ZTF20acusecr.npz,SN IIb,SNII,core,19,6,13,True
ZTF20acusneh,events/ZTF20acusneh.npz,SN Ia,SNI,core,32,16,16,True
ZTF20acuspji,events/ZTF20acuspji.npz,SN Ia,SNI,core,10,5,5,True
ZTF20acusqsp,events/ZTF20acusqsp.npz,SN Ia,SNI,core,31,14,17,True
ZTF20acusylb,events/ZTF20acusylb.npz,SN IIn,SNII,core,72,17,55,True
ZTF20acutkgr,events/ZTF20acutkgr.npz,CV,CV,core,4,2,2,False
ZTF20acuvatg,,SN Ia,SNI,core,0,0,0,False
ZTF20acuwwcx,events/ZTF20acuwwcx.npz,SN Ia,SNI,core,4,3,1,False
ZTF20acuyirk,events/ZTF20acuyirk.npz,CV,CV,core,1,1,0,False
ZTF20acuzfpk,events/ZTF20acuzfpk.npz,SN Ia,SNI,core,23,9,14,True
ZTF20acuzjqk,events/ZTF20acuzjqk.npz,SN Ia,SNI,core,26,9,17,True
ZTF20acuzlib,events/ZTF20acuzlib.npz,SN Ia,SNI,core,64,26,38,True
ZTF20acvagdq,events/ZTF20acvagdq.npz,SN Ia,SNI,core,27,8,19,True
ZTF20acvamwo,events/ZTF20acvamwo.npz,AGN,AGN,core,44,17,27,True
ZTF20acvbcrd,events/ZTF20acvbcrd.npz,SN Ia,SNI,core,9,4,5,True
ZTF20acvbrbv,events/ZTF20acvbrbv.npz,SN Ia-91bg,SNI,core,12,5,7,True
ZTF20acvchhw,events/ZTF20acvchhw.npz,SN Ia,SNI,core,19,5,14,True
ZTF20acvcxkz,events/ZTF20acvcxkz.npz,SN Ic-BL,SNI,core,29,10,19,True
ZTF20acvdqtg,events/ZTF20acvdqtg.npz,SN Ia,SNI,core,22,8,14,True
ZTF20acveadu,events/ZTF20acveadu.npz,SN II,SNII,core,44,21,23,True
ZTF20acvebcu,events/ZTF20acvebcu.npz,SN Ib,SNI,core,42,18,24,True
ZTF20acvejem,events/ZTF20acvejem.npz,SN Ia,SNI,core,37,16,21,True
ZTF20acvevsn,events/ZTF20acvevsn.npz,SN II,SNII,core,16,7,9,True
ZTF20acveyyv,events/ZTF20acveyyv.npz,SN IIn,SNII,core,48,24,24,True
ZTF20acvezdt,events/ZTF20acvezdt.npz,SN II,SNII,core,45,22,23,True
ZTF20acvfraq,events/ZTF20acvfraq.npz,AGN,AGN,core,10,5,5,True
ZTF20acviwcr,events/ZTF20acviwcr.npz,SN Ia,SNI,core,31,13,18,True
ZTF20acviwgj,events/ZTF20acviwgj.npz,SN II,SNII,core,46,21,25,True
ZTF20acvjagm,events/ZTF20acvjagm.npz,SN II,SNII,core,121,61,60,True
ZTF20acvjlev,events/ZTF20acvjlev.npz,SN II,SNII,core,115,54,61,True
ZTF20acvkjrm,events/ZTF20acvkjrm.npz,SN Ia,SNI,core,27,14,13,True
ZTF20acvkqxy,events/ZTF20acvkqxy.npz,SN Ia,SNI,core,10,6,4,True
ZTF20acvlzjg,events/ZTF20acvlzjg.npz,CV,CV,core,3,1,2,False
ZTF20acvmzfv,events/ZTF20acvmzfv.npz,SN Ic-BL,SNI,core,19,7,12,True
ZTF20acvsgsm,events/ZTF20acvsgsm.npz,SN Ia,SNI,core,1,1,0,False
ZTF20acvziuf,events/ZTF20acvziuf.npz,SN Ia,SNI,core,49,24,25,True
ZTF20acwcfvx,events/ZTF20acwcfvx.npz,SN Ia,SNI,core,38,16,22,True
ZTF20acwcqnv,events/ZTF20acwcqnv.npz,SN Ia,SNI,core,26,13,13,True
ZTF20acwdnbw,events/ZTF20acwdnbw.npz,SN Ia,SNI,core,30,13,17,True
ZTF20acwetyh,events/ZTF20acwetyh.npz,SN Ia,SNI,core,1,0,1,False
ZTF20acweyro,events/ZTF20acweyro.npz,SN Ia,SNI,core,20,0,20,False
ZTF20acwfanr,events/ZTF20acwfanr.npz,SN Ia,SNI,core,41,3,38,True
ZTF20acwfcfs,events/ZTF20acwfcfs.npz,SN Ia,SNI,core,65,12,53,True
ZTF20acwfftd,events/ZTF20acwfftd.npz,SN Ia,SNI,core,60,11,49,True
ZTF20acwfgiy,events/ZTF20acwfgiy.npz,SN Ia,SNI,core,40,0,40,False
ZTF20acwflza,events/ZTF20acwflza.npz,SN II,SNII,core,1,0,1,False
ZTF20acwgnxk,events/ZTF20acwgnxk.npz,SN Ia,SNI,core,14,6,8,True
ZTF20acwgxhk,events/ZTF20acwgxhk.npz,SN II,SNII,core,47,22,25,True
ZTF20acwhpmj,events/ZTF20acwhpmj.npz,SN IIb,SNII,core,7,1,6,False
ZTF20acwijiy,events/ZTF20acwijiy.npz,SN Ia,SNI,core,20,8,12,True
ZTF20acwkvgj,events/ZTF20acwkvgj.npz,SN Ia,SNI,core,19,9,10,True
ZTF20acwkwqn,events/ZTF20acwkwqn.npz,SN Ia,SNI,core,32,13,19,True
ZTF20acwlsro,events/ZTF20acwlsro.npz,SN II,SNII,core,24,11,13,True
ZTF20acwmpsj,events/ZTF20acwmpsj.npz,SN Ia,SNI,core,26,11,15,True
ZTF20acwncbd,events/ZTF20acwncbd.npz,SN Ia,SNI,core,32,15,17,True
ZTF20acwnqcy,events/ZTF20acwnqcy.npz,SN IIb,SNII,core,16,5,11,True
ZTF20acwnrty,events/ZTF20acwnrty.npz,SN Ia-91T,SNI,core,36,16,20,True
ZTF20acwoamm,events/ZTF20acwoamm.npz,SN Ia,SNI,core,31,11,20,True
ZTF20acwobku,events/ZTF20acwobku.npz,SN IIn,SNII,core,21,9,12,True
ZTF20acwofhd,events/ZTF20acwofhd.npz,SN Ic,SNI,core,60,18,42,True
ZTF20acwomqh,events/ZTF20acwomqh.npz,SN Ia,SNI,core,24,11,13,True
ZTF20acwozwz,events/ZTF20acwozwz.npz,SN Ia,SNI,core,33,14,19,True
ZTF20acwpaov,events/ZTF20acwpaov.npz,SN Ia,SNI,core,17,8,9,True
ZTF20acwpbgv,events/ZTF20acwpbgv.npz,SN Ia-91bg,SNI,core,6,2,4,False
ZTF20acwpfvq,events/ZTF20acwpfvq.npz,SN Ia,SNI,core,24,9,15,True
ZTF20acwphqb,events/ZTF20acwphqb.npz,SN Ia,SNI,core,10,4,6,True
ZTF20acwpibi,events/ZTF20acwpibi.npz,SN Ic,SNI,core,3,1,2,False
ZTF20acwpixx,events/ZTF20acwpixx.npz,SN Ia,SNI,core,26,12,14,True
ZTF20acwqjaw,events/ZTF20acwqjaw.npz,SN Ia,SNI,core,8,0,8,False
ZTF20acwqkuz,events/ZTF20acwqkuz.npz,SN Ia,SNI,core,51,23,28,True
ZTF20acwqlpq,events/ZTF20acwqlpq.npz,SN Ia,SNI,core,21,10,11,True
ZTF20acwqndp,events/ZTF20acwqndp.npz,SN Ia,SNI,core,14,6,8,True
ZTF20acwqqjs,events/ZTF20acwqqjs.npz,SN IIb,SNII,core,47,24,23,True
ZTF20acwtqim,events/ZTF20acwtqim.npz,SN Ia,SNI,core,11,7,4,True
ZTF20acwtsrd,events/ZTF20acwtsrd.npz,SN Ia,SNI,core,51,18,33,True
ZTF20acwujgz,events/ZTF20acwujgz.npz,SN Ia,SNI,core,41,18,23,True
ZTF20acwxbyr,events/ZTF20acwxbyr.npz,SN Ia,SNI,core,43,20,23,True
ZTF20acwyihb,events/ZTF20acwyihb.npz,SN Ia,SNI,core,28,12,16,True
ZTF20acwyoqx,events/ZTF20acwyoqx.npz,AGN,AGN,core,11,4,7,True
ZTF20acwyoxc,events/ZTF20acwyoxc.npz,SN Ia,SNI,core,18,9,9,True
ZTF20acwytht,events/ZTF20acwytht.npz,SN IIP,SNII,core,48,9,39,True
ZTF20acwytmh,events/ZTF20acwytmh.npz,SN Ia,SNI,core,29,1,28,False
ZTF20acwytxn,events/ZTF20acwytxn.npz,TDE,TDE,core,62,20,42,True
ZTF20acxbbaj,events/ZTF20acxbbaj.npz,SN Ia,SNI,core,28,14,14,True
ZTF20acxbnjd,events/ZTF20acxbnjd.npz,SN Ia,SNI,core,49,25,24,True
ZTF20acxcxkz,events/ZTF20acxcxkz.npz,SN Ia,SNI,core,19,6,13,True
ZTF20acxdawc,events/ZTF20acxdawc.npz,SN Ia,SNI,core,16,6,10,True
ZTF20acxffhe,events/ZTF20acxffhe.npz,AGN,AGN,core,18,8,10,True
ZTF20acxkfrm,events/ZTF20acxkfrm.npz,SN II,SNII,core,50,13,37,True
ZTF20acxkxxr,events/ZTF20acxkxxr.npz,SN Ia,SNI,core,7,4,3,False
ZTF20acxlaih,events/ZTF20acxlaih.npz,SN Ia,SNI,core,7,3,4,False
ZTF20acxmxth,events/ZTF20acxmxth.npz,SN Ia,SNI,core,18,10,8,True
ZTF20acxmxtu,events/ZTF20acxmxtu.npz,SN IIn,SNII,core,14,9,5,True
ZTF20acxnafa,events/ZTF20acxnafa.npz,SN Ia,SNI,core,23,12,11,True
ZTF20acxncha,events/ZTF20acxncha.npz,SN Ia,SNI,core,30,15,15,True
ZTF20acxooam,events/ZTF20acxooam.npz,SN Ia,SNI,core,22,9,13,True
ZTF20acxpurh,events/ZTF20acxpurh.npz,SN Ia,SNI,core,32,16,16,True
ZTF20acxpvhu,events/ZTF20acxpvhu.npz,SN Ia,SNI,core,28,14,14,True
ZTF20acxqnhn,events/ZTF20acxqnhn.npz,SN Ia-pec,SNI,core,25,13,12,True
ZTF20acxqxyw,events/ZTF20acxqxyw.npz,SN Ib,SNI,core,21,7,14,True
ZTF20acxsxac,events/ZTF20acxsxac.npz,SN Ia,SNI,core,42,21,21,True
ZTF20acxtdcm,events/ZTF20acxtdcm.npz,SN II,SNII,core,41,17,24,True
ZTF20acxtewc,events/ZTF20acxtewc.npz,SN Ia,SNI,core,19,7,12,True
ZTF20acxtgek,events/ZTF20acxtgek.npz,SN II,SNII,core,56,12,44,True
ZTF20acxvvnf,events/ZTF20acxvvnf.npz,SN Ia,SNI,core,35,15,20,True
ZTF20acxycfh,events/ZTF20acxycfh.npz,SN Ia,SNI,core,6,3,3,False
ZTF20acxzkkf,events/ZTF20acxzkkf.npz,SN Ia,SNI,core,34,14,20,True
ZTF20acxznai,events/ZTF20acxznai.npz,SN Ia,SNI,core,17,10,7,True
ZTF20acxzqyp,events/ZTF20acxzqyp.npz,SN Ia,SNI,core,62,31,31,True
ZTF20acyjrsl,events/ZTF20acyjrsl.npz,SN Ia,SNI,core,7,2,5,False
ZTF20acymtcs,events/ZTF20acymtcs.npz,SN Ia,SNI,core,9,4,5,True
ZTF20acymtwj,events/ZTF20acymtwj.npz,AGN,AGN,core,4,2,2,False
ZTF20acynaba,events/ZTF20acynaba.npz,SN Ia,SNI,core,27,14,13,True
ZTF20acynjjo,events/ZTF20acynjjo.npz,SN Ia,SNI,core,10,6,4,True
ZTF20acynlkj,events/ZTF20acynlkj.npz,SN Ia,SNI,core,18,9,9,True
ZTF20acynllu,events/ZTF20acynllu.npz,SN Ia,SNI,core,17,9,8,True
ZTF20acyntiu,events/ZTF20acyntiu.npz,SN Ia,SNI,core,21,10,11,True
ZTF20acypdlh,events/ZTF20acypdlh.npz,CV,CV,core,24,12,12,True
ZTF20acyqzeu,events/ZTF20acyqzeu.npz,SN II,SNII,core,58,28,30,True
ZTF20acyrhbo,events/ZTF20acyrhbo.npz,SN Ia,SNI,core,51,24,27,True
ZTF20acyrodl,events/ZTF20acyrodl.npz,SN Ia,SNI,core,16,8,8,True
ZTF20acyroke,events/ZTF20acyroke.npz,SN Ia,SNI,core,35,16,19,True
ZTF20acytfkf,events/ZTF20acytfkf.npz,SN II,SNII,core,38,17,21,True
ZTF20acytgxf,events/ZTF20acytgxf.npz,SN II,SNII,core,32,14,18,True
ZTF20acyvbhj,events/ZTF20acyvbhj.npz,SN Ia,SNI,core,36,17,19,True
ZTF20acyvzbr,events/ZTF20acyvzbr.npz,SN Ia,SNI,core,37,18,19,True
ZTF20acyvzef,events/ZTF20acyvzef.npz,SN Ia,SNI,core,19,10,9,True
ZTF20acywbes,events/ZTF20acywbes.npz,SN Ia,SNI,core,43,24,19,True
ZTF20acywefl,events/ZTF20acywefl.npz,SN Ia,SNI,core,19,11,8,True
ZTF20acyxrez,events/ZTF20acyxrez.npz,SN Ia,SNI,core,24,11,13,True
ZTF20acyyavb,events/ZTF20acyyavb.npz,SN Ia,SNI,core,31,15,16,True
ZTF20acyybvq,events/ZTF20acyybvq.npz,SN Ia,SNI,core,35,17,18,True
ZTF20acyybwo,events/ZTF20acyybwo.npz,SN Ia,SNI,core,11,6,5,True
ZTF20acyzsol,events/ZTF20acyzsol.npz,SN Ia,SNI,core,19,10,9,True
ZTF20aczacag,events/ZTF20aczacag.npz,SN Ia,SNI,core,33,15,18,True
ZTF20aczacou,events/ZTF20aczacou.npz,CV,CV,core,11,6,5,True
ZTF20aczdnmp,events/ZTF20aczdnmp.npz,CV,CV,core,4,2,2,False
ZTF20aczfwjj,events/ZTF20aczfwjj.npz,SN Ia,SNI,core,16,7,9,True
ZTF20aczgjdx,events/ZTF20aczgjdx.npz,SN Ia,SNI,core,25,11,14,True
ZTF20aczgmai,events/ZTF20aczgmai.npz,SN IIn,SNII,core,28,13,15,True
ZTF20aczgoml,events/ZTF20aczgoml.npz,SN Ia-91T,SNI,core,41,20,21,True
ZTF20aczgvcg,events/ZTF20aczgvcg.npz,SN Ia,SNI,core,18,8,10,True
ZTF20aczgvfe,events/ZTF20aczgvfe.npz,SN II,SNII,core,36,14,22,True
ZTF20aczhajq,events/ZTF20aczhajq.npz,SN Ia,SNI,core,26,15,11,True
ZTF20aczsjzc,events/ZTF20aczsjzc.npz,SN Ia,SNI,core,25,10,15,True
ZTF20acztnts,events/ZTF20acztnts.npz,SN Ia,SNI,core,32,13,19,True
ZTF20adadffg,events/ZTF20adadffg.npz,SN Ia,SNI,core,28,14,14,True
ZTF20adadlqm,events/ZTF20adadlqm.npz,SN II,SNII,core,39,17,22,True
ZTF20adadlqv,events/ZTF20adadlqv.npz,SN II,SNII,core,86,42,44,True
ZTF20adadmsg,events/ZTF20adadmsg.npz,SN Ia,SNI,core,27,12,15,True
ZTF20adadrdh,events/ZTF20adadrdh.npz,SN Ia,SNI,core,22,9,13,True
ZTF20adadrhw,events/ZTF20adadrhw.npz,SN Ic,SNI,core,57,28,29,True
ZTF20adadsgm,events/ZTF20adadsgm.npz,SN Ia,SNI,core,27,13,14,True
ZTF20adadshh,events/ZTF20adadshh.npz,SN Ia,SNI,core,27,13,14,True
ZTF20adaduxg,events/ZTF20adaduxg.npz,SN II,SNII,core,82,38,44,True
ZTF20adaftef,events/ZTF20adaftef.npz,SN Ia,SNI,core,23,10,13,True
ZTF20adaghdo,events/ZTF20adaghdo.npz,SN Ia,SNI,core,9,4,5,True
ZTF20adaplsj,events/ZTF20adaplsj.npz,SN Ia,SNI,core,11,4,7,True
ZTF21aaaaddl,events/ZTF21aaaaddl.npz,SN Ia,SNI,core,11,7,4,True
ZTF21aaaadmo,events/ZTF21aaaadmo.npz,SN Ia,SNI,core,16,8,8,True
ZTF21aaaadvr,events/ZTF21aaaadvr.npz,SN II,SNII,core,19,11,8,True
ZTF21aaaajfe,events/ZTF21aaaajfe.npz,SN Ia,SNI,core,28,14,14,True
ZTF21aaaalaf,events/ZTF21aaaalaf.npz,SN Ia,SNI,core,40,16,24,True
ZTF21aaaawur,events/ZTF21aaaawur.npz,SN Ia,SNI,core,20,9,11,True
ZTF21aaabaey,events/ZTF21aaabaey.npz,SN Ia,SNI,core,111,45,66,True
ZTF21aaabrpu,events/ZTF21aaabrpu.npz,SN IIb,SNII,core,38,16,22,True
ZTF21aaabtyq,events/ZTF21aaabtyq.npz,SN Ia,SNI,core,40,15,25,True
ZTF21aaabubo,events/ZTF21aaabubo.npz,SN Ia,SNI,core,19,9,10,True
ZTF21aaabucr,events/ZTF21aaabucr.npz,SN Ia,SNI,core,31,14,17,True
ZTF21aaabuoj,events/ZTF21aaabuoj.npz,SN Ia,SNI,core,24,12,12,True
ZTF21aaabvit,events/ZTF21aaabvit.npz,SN Ia,SNI,core,56,30,26,True
ZTF21aaabviz,events/ZTF21aaabviz.npz,SN Ia,SNI,core,36,15,21,True
ZTF21aaabvjk,events/ZTF21aaabvjk.npz,SN Ia,SNI,core,59,27,32,True
ZTF21aaabvkj,events/ZTF21aaabvkj.npz,SN Ia,SNI,core,28,16,12,True
ZTF21aaabvoj,events/ZTF21aaabvoj.npz,SN Ia,SNI,core,10,5,5,True
ZTF21aaabwem,events/ZTF21aaabwem.npz,SN IIP,SNII,core,31,12,19,True
ZTF21aaabwfl,events/ZTF21aaabwfl.npz,SN Ia,SNI,core,21,8,13,True
ZTF21aaabwfu,events/ZTF21aaabwfu.npz,SN IIb,SNII,core,21,7,14,True
ZTF21aaabxbd,events/ZTF21aaabxbd.npz,SN IIn,SNII,core,58,27,31,True
ZTF21aaabxln,events/ZTF21aaabxln.npz,SN Ia,SNI,core,45,16,29,True
ZTF21aaabzap,events/ZTF21aaabzap.npz,SN Ia,SNI,core,12,5,7,True
ZTF21aaabzdr,events/ZTF21aaabzdr.npz,SN Ib/c,SNI,core,14,5,9,True
ZTF21aaabzsj,events/ZTF21aaabzsj.npz,SN Ia,SNI,core,14,5,9,True
ZTF21aaadiap,events/ZTF21aaadiap.npz,SN Ia,SNI,core,12,6,6,True
ZTF21aaaduti,events/ZTF21aaaduti.npz,SN II,SNII,core,5,2,3,False
ZTF21aaaecrv,events/ZTF21aaaecrv.npz,SN Ia,SNI,core,18,8,10,True
ZTF21aaaekuh,events/ZTF21aaaekuh.npz,SN Ia,SNI,core,16,6,10,True
ZTF21aaaewsb,events/ZTF21aaaewsb.npz,SN Ia,SNI,core,48,22,26,True
ZTF21aaafgmv,events/ZTF21aaafgmv.npz,SN Ia,SNI,core,30,13,17,True
ZTF21aaafrnh,events/ZTF21aaafrnh.npz,SN Ia-91T,SNI,core,24,10,14,True
ZTF21aaafzwx,events/ZTF21aaafzwx.npz,SN Ia,SNI,core,28,8,20,True
ZTF21aaagypx,events/ZTF21aaagypx.npz,SN IIP,SNII,core,94,39,55,True
ZTF21aaagzee,events/ZTF21aaagzee.npz,SN Ia,SNI,core,23,11,12,True
ZTF21aaahliy,events/ZTF21aaahliy.npz,SN Ia-91T,SNI,core,28,15,13,True
ZTF21aaahtln,events/ZTF21aaahtln.npz,SN Ia,SNI,core,28,13,15,True
ZTF21aaahuox,events/ZTF21aaahuox.npz,SN Ia,SNI,core,22,8,14,True
ZTF21aaahyjj,events/ZTF21aaahyjj.npz,SN Ia-91T,SNI,core,64,25,39,True
ZTF21aaahzpr,events/ZTF21aaahzpr.npz,SN Ia,SNI,core,20,6,14,True
ZTF21aaaigfg,events/ZTF21aaaigfg.npz,SN Ia,SNI,core,45,6,39,True
ZTF21aaaldio,events/ZTF21aaaldio.npz,SN Ia,SNI,core,22,6,16,True
ZTF21aaampui,events/ZTF21aaampui.npz,SN Ia,SNI,core,122,59,63,True
ZTF21aaaodzf,events/ZTF21aaaodzf.npz,SN Ia,SNI,core,23,8,15,True
ZTF21aaaokyp,events/ZTF21aaaokyp.npz,TDE,TDE,core,86,48,38,True
ZTF21aaaosmn,events/ZTF21aaaosmn.npz,SN Ia,SNI,core,15,8,7,True
ZTF21aaaosoq,events/ZTF21aaaosoq.npz,SN Ic,SNI,core,24,10,14,True
ZTF21aaaotku,events/ZTF21aaaotku.npz,SN Ia,SNI,core,28,11,17,True
ZTF21aaaoviv,events/ZTF21aaaoviv.npz,SN Ia,SNI,core,42,18,24,True
ZTF21aaaovua,events/ZTF21aaaovua.npz,SN Ia,SNI,core,21,7,14,True
ZTF21aaarmhs,events/ZTF21aaarmhs.npz,CV,CV,core,11,7,4,True
ZTF21aaasirb,events/ZTF21aaasirb.npz,AGN,AGN,core,66,31,35,True
ZTF21aaasxel,events/ZTF21aaasxel.npz,SN Ia,SNI,core,26,12,14,True
ZTF21aaateuz,events/ZTF21aaateuz.npz,SN Ia,SNI,core,22,11,11,True
ZTF21aaaubig,events/ZTF21aaaubig.npz,SN Ic,SNI,core,52,24,28,True
ZTF21aaavhbu,events/ZTF21aaavhbu.npz,SN Ia,SNI,core,15,8,7,True
ZTF21aaaytny,events/ZTF21aaaytny.npz,SN Ia,SNI,core,18,7,11,True
ZTF21aaazieb,events/ZTF21aaazieb.npz,SN Ia,SNI,core,28,14,14,True
ZTF21aaazjia,events/ZTF21aaazjia.npz,SN Ia,SNI,core,10,4,6,True
ZTF21aabavaz,events/ZTF21aabavaz.npz,SN II,SNII,core,10,6,4,True
ZTF21aabcyvd,events/ZTF21aabcyvd.npz,SN Ia,SNI,core,22,10,12,True
ZTF21aabfson,events/ZTF21aabfson.npz,SN Ia,SNI,core,13,5,8,True
ZTF21aabfwwl,events/ZTF21aabfwwl.npz,SN II,SNII,core,93,44,49,True
ZTF21aabgdda,events/ZTF21aabgdda.npz,SN Ia,SNI,core,21,11,10,True
ZTF21aabhqng,events/ZTF21aabhqng.npz,SN Ia,SNI,core,23,12,11,True
ZTF21aabhxxj,events/ZTF21aabhxxj.npz,SN Ia,SNI,core,46,23,23,True
ZTF21aabjesm,events/ZTF21aabjesm.npz,SN II,SNII,core,59,25,34,True
ZTF21aabjfbc,events/ZTF21aabjfbc.npz,SN II,SNII,core,27,17,10,True
ZTF21aabpszb,events/ZTF21aabpszb.npz,SN Ia,SNI,core,12,7,5,True
ZTF21aabqtsd,events/ZTF21aabqtsd.npz,SN Ib/c,SNI,core,10,4,6,True
ZTF21aabvdjw,events/ZTF21aabvdjw.npz,SN Ia,SNI,core,31,13,18,True
ZTF21aabvqlo,events/ZTF21aabvqlo.npz,SN Ia,SNI,core,32,14,18,True
ZTF21aabxjqr,events/ZTF21aabxjqr.npz,SN IIb,SNII,core,20,10,10,True
ZTF21aabxztv,events/ZTF21aabxztv.npz,SN Ia,SNI,core,40,17,23,True
ZTF21aabygea,events/ZTF21aabygea.npz,SN II,SNII,core,57,23,34,True
ZTF21aabyifm,events/ZTF21aabyifm.npz,SN Ib/c,SNI,core,51,23,28,True
ZTF21aabyqps,events/ZTF21aabyqps.npz,SN Ia,SNI,core,32,12,20,True
ZTF21aackkcp,events/ZTF21aackkcp.npz,SN Ia,SNI,core,20,10,10,True
ZTF21aacpasn,events/ZTF21aacpasn.npz,SN Ia,SNI,core,18,7,11,True
ZTF21aacscvb,events/ZTF21aacscvb.npz,SN Ia,SNI,core,29,13,16,True
ZTF21aacsuwx,events/ZTF21aacsuwx.npz,SN Ia,SNI,core,22,10,12,True
ZTF21aacudxe,events/ZTF21aacudxe.npz,SN Ia,SNI,core,15,5,10,True
ZTF21aacufip,events/ZTF21aacufip.npz,SN Ic,SNI,core,29,18,11,True
ZTF21aacvhsc,events/ZTF21aacvhsc.npz,SN Ia,SNI,core,32,17,15,True
ZTF21aacvrzy,events/ZTF21aacvrzy.npz,SN Ia,SNI,core,26,12,14,True
ZTF21aacvupj,events/ZTF21aacvupj.npz,SN Ia,SNI,core,21,6,15,True
ZTF21aacwleg,events/ZTF21aacwleg.npz,SN II,SNII,core,32,11,21,True
ZTF21aacxung,events/ZTF21aacxung.npz,SN Ia,SNI,core,27,11,16,True
ZTF21aaczpca,events/ZTF21aaczpca.npz,SN Ia,SNI,core,33,14,19,True
ZTF21aadalct,events/ZTF21aadalct.npz,SN Ia,SNI,core,27,12,15,True
ZTF21aadatfg,events/ZTF21aadatfg.npz,SN Ic-BL,SNI,core,22,9,13,True
ZTF21aadebss,events/ZTF21aadebss.npz,SN Ia,SNI,core,20,7,13,True
ZTF21aadezmh,events/ZTF21aadezmh.npz,SN Ia,SNI,core,23,11,12,True
ZTF21aadkgpm,events/ZTF21aadkgpm.npz,SN Ia,SNI,core,40,20,20,True
ZTF21aadkhte,events/ZTF21aadkhte.npz,SN II,SNII,core,59,30,29,True
ZTF21aadktwq,events/ZTF21aadktwq.npz,SN Ia,SNI,core,36,14,22,True
ZTF21aadkuko,events/ZTF21aadkuko.npz,SN Ia,SNI,core,23,9,14,True
ZTF21aadloxe,events/ZTF21aadloxe.npz,SN Ia,SNI,core,5,3,2,False
ZTF21aadoizf,events/ZTF21aadoizf.npz,SN II,SNII,core,58,27,31,True
ZTF21aadrtcs,events/ZTF21aadrtcs.npz,SN Ia,SNI,core,11,4,7,True
ZTF21aadrtqz,events/ZTF21aadrtqz.npz,SN Ia,SNI,core,15,8,7,True
ZTF21aadtkki,events/ZTF21aadtkki.npz,SN Ia,SNI,core,14,8,6,True
ZTF21aadzuil,events/ZTF21aadzuil.npz,SN Ia,SNI,core,22,11,11,True
ZTF21aaedpyk,events/ZTF21aaedpyk.npz,CV,CV,core,11,6,5,True
ZTF21aaeeuqz,events/ZTF21aaeeuqz.npz,CV,CV,core,21,11,10,True
ZTF21aaejeyu,events/ZTF21aaejeyu.npz,SN Ia,SNI,core,52,26,26,True
ZTF21aaekeqv,events/ZTF21aaekeqv.npz,SN II,SNII,core,16,8,8,True
ZTF21aaekkbv,events/ZTF21aaekkbv.npz,SN Ia,SNI,core,23,10,13,True
ZTF21aaekmoy,events/ZTF21aaekmoy.npz,SN Ia,SNI,core,19,8,11,True
ZTF21aaekvbn,events/ZTF21aaekvbn.npz,SN Ia,SNI,core,6,4,2,False
ZTF21aaeoqxf,events/ZTF21aaeoqxf.npz,SN II,SNII,core,30,13,17,True
ZTF21aaeoxfd,events/ZTF21aaeoxfd.npz,SN Ia,SNI,core,16,6,10,True
ZTF21aaespww,events/ZTF21aaespww.npz,SN Ia,SNI,core,38,16,22,True
ZTF21aaetnfe,events/ZTF21aaetnfe.npz,SN Ia,SNI,core,37,17,20,True
ZTF21aaevrjl,events/ZTF21aaevrjl.npz,SN II,SNII,core,25,11,14,True
ZTF21aaewexx,events/ZTF21aaewexx.npz,SN Ia,SNI,core,27,11,16,True
ZTF21aaezixn,events/ZTF21aaezixn.npz,SN Ia,SNI,core,11,4,7,True
ZTF21aafdvxz,events/ZTF21aafdvxz.npz,SN II,SNII,core,24,6,18,True
ZTF21aafdxca,events/ZTF21aafdxca.npz,SN Ia,SNI,core,105,36,69,True
ZTF21aafepon,events/ZTF21aafepon.npz,SN II,SNII,core,36,17,19,True
ZTF21aaffxdt,events/ZTF21aaffxdt.npz,SN IIn,SNII,core,21,12,9,True
ZTF21aafgljq,events/ZTF21aafgljq.npz,SN Ia,SNI,core,50,22,28,True
ZTF21aafhftg,events/ZTF21aafhftg.npz,SN Ia,SNI,core,27,12,15,True
ZTF21aafjjee,events/ZTF21aafjjee.npz,SN Ia,SNI,core,38,16,22,True
ZTF21aafkgvj,events/ZTF21aafkgvj.npz,SN Ia,SNI,core,39,18,21,True
ZTF21aafkktu,events/ZTF21aafkktu.npz,SN II,SNII,core,54,25,29,True
ZTF21aafkpnp,events/ZTF21aafkpnp.npz,SN Ia,SNI,core,56,27,29,True
ZTF21aafkwtk,events/ZTF21aafkwtk.npz,SN II,SNII,core,48,19,29,True
ZTF21aaflcai,events/ZTF21aaflcai.npz,SN Ia,SNI,core,21,8,13,True
ZTF21aaflcbk,events/ZTF21aaflcbk.npz,SN Ia,SNI,core,18,6,12,True
ZTF21aaflzqy,events/ZTF21aaflzqy.npz,SN Ia,SNI,core,26,9,17,True
ZTF21aafnabs,events/ZTF21aafnabs.npz,SN Ia,SNI,core,12,7,5,True
ZTF21aafnunh,events/ZTF21aafnunh.npz,SN Ic-BL,SNI,core,10,3,7,True
ZTF21aagbeah,events/ZTF21aagbeah.npz,SN II,SNII,core,33,14,19,True
ZTF21aagbpvf,events/ZTF21aagbpvf.npz,SN Ib/c,SNI,core,7,0,7,False
ZTF21aagkfhm,events/ZTF21aagkfhm.npz,AGN,AGN,core,7,6,1,False
ZTF21aagkhwf,events/ZTF21aagkhwf.npz,SN Ia,SNI,core,32,16,16,True
ZTF21aagkvqa,events/ZTF21aagkvqa.npz,SN Ia,SNI,core,12,4,8,True
ZTF21aaglamm,events/ZTF21aaglamm.npz,SN Ia,SNI,core,8,2,6,True
ZTF21aaglgcb,events/ZTF21aaglgcb.npz,SN Ia,SNI,core,20,9,11,True
ZTF21aaglret,events/ZTF21aaglret.npz,SN Ia,SNI,core,23,11,12,True
ZTF21aaglrfh,events/ZTF21aaglrfh.npz,SN Ia,SNI,core,22,10,12,True
ZTF21aaglrzc,events/ZTF21aaglrzc.npz,SN II,SNII,core,42,20,22,True
ZTF21aaglscz,events/ZTF21aaglscz.npz,CV,CV,core,8,3,5,True
ZTF21aaglxow,events/ZTF21aaglxow.npz,SN Ia,SNI,core,39,18,21,True
ZTF21aagmoqw,events/ZTF21aagmoqw.npz,SN Ia,SNI,core,30,13,17,True
ZTF21aagmqic,events/ZTF21aagmqic.npz,SN Ia,SNI,core,41,18,23,True
ZTF21aagmryd,events/ZTF21aagmryd.npz,SN Ia,SNI,core,59,26,33,True
ZTF21aagmzio,events/ZTF21aagmzio.npz,SN Ia,SNI,core,15,9,6,True
ZTF21aagnbev,events/ZTF21aagnbev.npz,CV,CV,core,25,11,14,True
ZTF21aagnqnz,events/ZTF21aagnqnz.npz,SN IIn,SNII,core,57,30,27,True
ZTF21aagnvvk,events/ZTF21aagnvvk.npz,SN Ia-91T,SNI,core,14,7,7,True
ZTF21aagnwkk,events/ZTF21aagnwkk.npz,SN Ia,SNI,core,17,7,10,True
ZTF21aagnzjy,events/ZTF21aagnzjy.npz,SN II,SNII,core,73,34,39,True
ZTF21aagocky,events/ZTF21aagocky.npz,SN Ia,SNI,core,45,21,24,True
ZTF21aagocor,events/ZTF21aagocor.npz,SN Ia,SNI,core,37,15,22,True
ZTF21aagoeny,events/ZTF21aagoeny.npz,SN Ia,SNI,core,21,9,12,True
ZTF21aagofnn,events/ZTF21aagofnn.npz,SN Ia,SNI,core,12,4,8,True
ZTF21aagofpx,events/ZTF21aagofpx.npz,SN Ia,SNI,core,20,7,13,True
ZTF21aagogqe,events/ZTF21aagogqe.npz,SN Ia,SNI,core,38,14,24,True
ZTF21aagogqj,events/ZTF21aagogqj.npz,CV,CV,core,9,3,6,True
ZTF21aagojfe,events/ZTF21aagojfe.npz,SN Ia,SNI,core,62,30,32,True
ZTF21aagolae,events/ZTF21aagolae.npz,SN Ia,SNI,core,17,9,8,True
ZTF21aagoldn,events/ZTF21aagoldn.npz,CV,CV,core,24,12,12,True
ZTF21aagoliy,events/ZTF21aagoliy.npz,SN Ia,SNI,core,39,17,22,True
ZTF21aagolqa,events/ZTF21aagolqa.npz,SN Ia,SNI,core,32,15,17,True
ZTF21aagpbkj,events/ZTF21aagpbkj.npz,SN Ia-91T,SNI,core,22,7,15,True
ZTF21aagqbvp,events/ZTF21aagqbvp.npz,SN II,SNII,core,80,29,51,True
ZTF21aagqcfs,events/ZTF21aagqcfs.npz,SN Ia,SNI,core,62,33,29,True
ZTF21aagqcnl,events/ZTF21aagqcnl.npz,SN Ia,SNI,core,139,69,70,True
ZTF21aagqijr,events/ZTF21aagqijr.npz,CV,CV,core,1,0,1,False
ZTF21aagrbpi,events/ZTF21aagrbpi.npz,SN Ia,SNI,core,21,8,13,True
ZTF21aagrhot,events/ZTF21aagrhot.npz,SN Ia,SNI,core,25,13,12,True
ZTF21aagrjag,events/ZTF21aagrjag.npz,SN Ia,SNI,core,22,8,14,True
ZTF21aagsfzc,events/ZTF21aagsfzc.npz,SN Ia,SNI,core,11,5,6,True
ZTF21aagsgit,events/ZTF21aagsgit.npz,SN Ia,SNI,core,28,8,20,True
ZTF21aagsihi,events/ZTF21aagsihi.npz,SN Ia,SNI,core,67,31,36,True
ZTF21aagsypp,events/ZTF21aagsypp.npz,SN Ia,SNI,core,70,33,37,True
ZTF21aagsysd,events/ZTF21aagsysd.npz,SN II,SNII,core,60,22,38,True
ZTF21aagtceu,events/ZTF21aagtceu.npz,SN Ia,SNI,core,22,10,12,True
ZTF21aagtcgb,events/ZTF21aagtcgb.npz,SN Ia,SNI,core,49,23,26,True
ZTF21aagtekf,events/ZTF21aagtekf.npz,SN II,SNII,core,72,34,38,True
ZTF21aagteny,events/ZTF21aagteny.npz,SN Ia,SNI,core,22,11,11,True
ZTF21aagtexi,events/ZTF21aagtexi.npz,SN Ia,SNI,core,29,12,17,True
ZTF21aagtoic,events/ZTF21aagtoic.npz,SN Ia,SNI,core,28,11,17,True
ZTF21aagtpro,events/ZTF21aagtpro.npz,SN Ic-BL,SNI,core,50,25,25,True
ZTF21aagtpyw,events/ZTF21aagtpyw.npz,SN Ia,SNI,core,29,13,16,True
ZTF21aagtqdu,events/ZTF21aagtqdu.npz,CV,CV,core,14,8,6,True
ZTF21aagtqgq,events/ZTF21aagtqgq.npz,SN Ia,SNI,core,14,7,7,True
ZTF21aagtqgz,events/ZTF21aagtqgz.npz,SN Ia-91T,SNI,core,25,11,14,True
ZTF21aagtqkc,events/ZTF21aagtqkc.npz,AGN,AGN,core,51,27,24,True
ZTF21aagtqna,events/ZTF21aagtqna.npz,SN II,SNII,core,60,26,34,True
ZTF21aagtqpn,events/ZTF21aagtqpn.npz,SN II,SNII,core,46,19,27,True
ZTF21aagtqug,events/ZTF21aagtqug.npz,SN Ia-91bg,SNI,core,28,13,15,True
ZTF21aagtuzm,events/ZTF21aagtuzm.npz,SN Ia,SNI,core,67,33,34,True
ZTF21aagtvjq,events/ZTF21aagtvjq.npz,SN II,SNII,core,33,0,33,False
ZTF21aagvmqr,events/ZTF21aagvmqr.npz,SN Ia,SNI,core,18,8,10,True
ZTF21aagvmtk,events/ZTF21aagvmtk.npz,CV,CV,core,19,9,10,True
ZTF21aagxmcs,events/ZTF21aagxmcs.npz,SN Ia,SNI,core,24,12,12,True
ZTF21aagxmfv,events/ZTF21aagxmfv.npz,SN Ia-91T,SNI,core,23,12,11,True
ZTF21aagycmk,events/ZTF21aagycmk.npz,SN Ia,SNI,core,16,7,9,True
ZTF21aagycrc,events/ZTF21aagycrc.npz,SN Ia,SNI,core,76,32,44,True
ZTF21aagydmn,events/ZTF21aagydmn.npz,SN II,SNII,core,30,11,19,True
ZTF21aagydov,events/ZTF21aagydov.npz,SN Ia,SNI,core,28,11,17,True
ZTF21aagyewh,events/ZTF21aagyewh.npz,SN Ia,SNI,core,22,9,13,True
ZTF21aagygzv,events/ZTF21aagygzv.npz,SN Ia,SNI,core,14,8,6,True
ZTF21aagyhax,events/ZTF21aagyhax.npz,SN Ia,SNI,core,17,9,8,True
ZTF21aagyrvh,events/ZTF21aagyrvh.npz,SN Ia,SNI,core,38,15,23,True
ZTF21aagyscx,events/ZTF21aagyscx.npz,SN Ia,SNI,core,24,12,12,True
ZTF21aagyvtq,events/ZTF21aagyvtq.npz,SN Ia,SNI,core,20,8,12,True
ZTF21aagyxhz,events/ZTF21aagyxhz.npz,SN Ia,SNI,core,23,11,12,True
ZTF21aahaksd,events/ZTF21aahaksd.npz,SN Ia,SNI,core,44,24,20,True
ZTF21aahargb,events/ZTF21aahargb.npz,SN Ia,SNI,core,22,10,12,True
ZTF21aahccrk,events/ZTF21aahccrk.npz,SN Ia,SNI,core,26,14,12,True
ZTF21aahdpqu,events/ZTF21aahdpqu.npz,SN Ia,SNI,core,20,9,11,True
ZTF21aahdpvi,events/ZTF21aahdpvi.npz,SN Ia,SNI,core,42,18,24,True
ZTF21aahdqrg,events/ZTF21aahdqrg.npz,SN Ic,SNI,core,26,12,14,True
ZTF21aaheulr,events/ZTF21aaheulr.npz,SN Ia,SNI,core,14,5,9,True
ZTF21aahfbkh,events/ZTF21aahfbkh.npz,SN Ia-91bg,SNI,core,8,3,5,True
ZTF21aahfizt,events/ZTF21aahfizt.npz,SN Ia-91T,SNI,core,10,2,8,True
ZTF21aahfjbs,events/ZTF21aahfjbs.npz,SN Ia-pec,SNI,core,30,12,18,True
ZTF21aahfjlo,events/ZTF21aahfjlo.npz,SN Ia,SNI,core,42,17,25,True
ZTF21aahfjrr,events/ZTF21aahfjrr.npz,SN IIn,SNII,core,67,30,37,True
ZTF21aahgspm,events/ZTF21aahgspm.npz,SN II,SNII,core,22,11,11,True
ZTF21aahjlqc,events/ZTF21aahjlqc.npz,AGN,AGN,core,31,13,18,True
ZTF21aahkvem,events/ZTF21aahkvem.npz,SN Ia,SNI,core,41,18,23,True
ZTF21aahnkut,events/ZTF21aahnkut.npz,SN Ia,SNI,core,23,9,14,True
ZTF21aahptas,events/ZTF21aahptas.npz,SN Ia,SNI,core,21,9,12,True
ZTF21aahptim,events/ZTF21aahptim.npz,SN Ia,SNI,core,19,8,11,True
ZTF21aahsgan,events/ZTF21aahsgan.npz,SN Ia,SNI,core,5,2,3,False
ZTF21aahsqng,events/ZTF21aahsqng.npz,SN Ia,SNI,core,12,6,6,True
ZTF21aahtmlu,events/ZTF21aahtmlu.npz,SN Ia,SNI,core,28,12,16,True
ZTF21aahvuvi,events/ZTF21aahvuvi.npz,SN Ia,SNI,core,21,11,10,True
ZTF21aahzspd,events/ZTF21aahzspd.npz,SN Ia,SNI,core,23,11,12,True
ZTF21aaiaeri,events/ZTF21aaiaeri.npz,SN II,SNII,core,36,18,18,True
ZTF21aaiaqhh,events/ZTF21aaiaqhh.npz,SN II,SNII,core,66,28,38,True
ZTF21aaifyvi,events/ZTF21aaifyvi.npz,SN Ia,SNI,core,66,31,35,True
ZTF21aaigdly,events/ZTF21aaigdly.npz,SN II,SNII,core,28,10,18,True
ZTF21aaigqir,events/ZTF21aaigqir.npz,SN Ia,SNI,core,11,7,4,True
ZTF21aaihala,events/ZTF21aaihala.npz,SN Ia,SNI,core,54,29,25,True
ZTF21aaiimkv,events/ZTF21aaiimkv.npz,SN Ia,SNI,core,13,7,6,True
ZTF21aaikpnj,events/ZTF21aaikpnj.npz,SN Ia,SNI,core,12,7,5,True
ZTF21aaipypa,events/ZTF21aaipypa.npz,SN II,SNII,core,72,37,35,True
ZTF21aaixlfe,events/ZTF21aaixlfe.npz,SN Ia,SNI,core,20,11,9,True
ZTF21aaizyqc,events/ZTF21aaizyqc.npz,SN II,SNII,core,89,44,45,True
ZTF21aajaljq,events/ZTF21aajaljq.npz,SN Ia,SNI,core,29,13,16,True
ZTF21aajdbhw,events/ZTF21aajdbhw.npz,SN Ia,SNI,core,29,12,17,True
ZTF21aajfpwk,events/ZTF21aajfpwk.npz,SN Ia,SNI,core,43,20,23,True
ZTF21aajgdeu,events/ZTF21aajgdeu.npz,SN IIP,SNII,core,48,10,38,True
ZTF21aajgdpo,events/ZTF21aajgdpo.npz,SN II,SNII,core,29,10,19,True
ZTF21aajmkrd,events/ZTF21aajmkrd.npz,SN Ia,SNI,core,30,18,12,True
ZTF21aajtsba,events/ZTF21aajtsba.npz,SN Ia-91T,SNI,core,35,14,21,True
ZTF21aajtszm,events/ZTF21aajtszm.npz,SN Ia,SNI,core,29,10,19,True
ZTF21aajuerd,events/ZTF21aajuerd.npz,SN Ia,SNI,core,28,14,14,True
ZTF21aajvkwg,events/ZTF21aajvkwg.npz,CV,CV,core,2,0,2,False
ZTF21aajvtsq,events/ZTF21aajvtsq.npz,SN Ia,SNI,core,26,11,15,True
ZTF21aajvukh,events/ZTF21aajvukh.npz,SN II,SNII,core,23,7,16,True
ZTF21aajvvbn,events/ZTF21aajvvbn.npz,SN Ia,SNI,core,1,0,1,False
ZTF21aakbgpf,events/ZTF21aakbgpf.npz,SN Ia,SNI,core,27,13,14,True
ZTF21aakijia,events/ZTF21aakijia.npz,SN Ia,SNI,core,34,13,21,True
ZTF21aakildf,events/ZTF21aakildf.npz,SN Ia,SNI,core,52,21,31,True
ZTF21aakiqbm,events/ZTF21aakiqbm.npz,AGN,AGN,core,10,6,4,True
ZTF21aakjhcb,events/ZTF21aakjhcb.npz,SN Ia,SNI,core,33,12,21,True
ZTF21aaknzxo,events/ZTF21aaknzxo.npz,SN Ia,SNI,core,6,2,4,False
ZTF21aaksblr,events/ZTF21aaksblr.npz,SN Ia,SNI,core,28,11,17,True
ZTF21aakupth,events/ZTF21aakupth.npz,SN IIn,SNII,core,125,48,77,True
ZTF21aakvhtz,events/ZTF21aakvhtz.npz,SN Ia,SNI,core,17,8,9,True
ZTF21aakvrgb,events/ZTF21aakvrgb.npz,SN Ia,SNI,core,18,8,10,True
ZTF21aakvroo,events/ZTF21aakvroo.npz,SN IIP,SNII,core,68,31,37,True
ZTF21aakybgi,events/ZTF21aakybgi.npz,SN Ia,SNI,core,17,10,7,True
ZTF21aakymbv,events/ZTF21aakymbv.npz,SN Ic,SNI,core,16,8,8,True
ZTF21aakyqkb,events/ZTF21aakyqkb.npz,SN Ia,SNI,core,34,15,19,True
ZTF21aakzmaq,events/ZTF21aakzmaq.npz,SN Ia,SNI,core,32,14,18,True
ZTF21aalcsng,events/ZTF21aalcsng.npz,SN Ia,SNI,core,24,9,15,True
ZTF21aalekwo,events/ZTF21aalekwo.npz,SN Ia,SNI,core,27,10,17,True
ZTF21aalenaa,events/ZTF21aalenaa.npz,SN Ia,SNI,core,27,11,16,True
ZTF21aalezap,events/ZTF21aalezap.npz,SN Ia-pec,SNI,core,34,13,21,True
ZTF21aalgqsv,events/ZTF21aalgqsv.npz,SN Ia,SNI,core,18,9,9,True
ZTF21aalgszc,events/ZTF21aalgszc.npz,SN Ia,SNI,core,72,30,42,True
ZTF21aalhrtk,events/ZTF21aalhrtk.npz,SN Ia,SNI,core,6,3,3,False
ZTF21aalimtr,events/ZTF21aalimtr.npz,SN Ia,SNI,core,31,10,21,True
ZTF21aalimya,events/ZTF21aalimya.npz,SN IIb,SNII,core,97,36,61,True
ZTF21aalinof,events/ZTF21aalinof.npz,SN Ia,SNI,core,59,27,32,True
ZTF21aaljjvt,events/ZTF21aaljjvt.npz,SN Ia,SNI,core,17,7,10,True
ZTF21aalkjbl,events/ZTF21aalkjbl.npz,SN Ic,SNI,core,12,4,8,True
ZTF21aalkknw,events/ZTF21aalkknw.npz,SN Ia,SNI,core,36,16,20,True
ZTF21aallfyn,events/ZTF21aallfyn.npz,SN Ia,SNI,core,20,10,10,True
ZTF21aalnhby,events/ZTF21aalnhby.npz,SN Ia,SNI,core,18,10,8,True
ZTF21aalnyny,events/ZTF21aalnyny.npz,SN Ia,SNI,core,36,13,23,True
ZTF21aaloalc,events/ZTF21aaloalc.npz,SN Ia,SNI,core,44,19,25,True
ZTF21aalodzw,events/ZTF21aalodzw.npz,SN II,SNII,core,48,16,32,True
ZTF21aalofsw,events/ZTF21aalofsw.npz,SN Ia,SNI,core,12,5,7,True
ZTF21aalrkqr,events/ZTF21aalrkqr.npz,AGN,AGN,core,45,22,23,True
ZTF21aaluoym,events/ZTF21aaluoym.npz,SN Ia,SNI,core,14,9,5,True
ZTF21aaluqkp,events/ZTF21aaluqkp.npz,SN II,SNII,core,60,32,28,True
ZTF21aalxpnl,events/ZTF21aalxpnl.npz,SN Ia,SNI,core,13,8,5,True
ZTF21aalxurs,events/ZTF21aalxurs.npz,SN Ia,SNI,core,20,8,12,True
ZTF21aalydkl,events/ZTF21aalydkl.npz,SN Ia,SNI,core,48,25,23,True
ZTF21aalyvyw,events/ZTF21aalyvyw.npz,SN Ia,SNI,core,23,8,15,True
ZTF21aambvzd,events/ZTF21aambvzd.npz,SN Ia,SNI,core,7,0,7,False
ZTF21aamcpte,events/ZTF21aamcpte.npz,SN Ia,SNI,core,10,5,5,True
ZTF21aamesud,events/ZTF21aamesud.npz,SN Ia,SNI,core,9,5,4,True
ZTF21aamfcji,events/ZTF21aamfcji.npz,SN Ia,SNI,core,54,24,30,True
ZTF21aamgcrv,events/ZTF21aamgcrv.npz,SN Ia,SNI,core,61,32,29,True
ZTF21aamgrtx,events/ZTF21aamgrtx.npz,SN Ia,SNI,core,14,5,9,True
ZTF21aamgrxm,events/ZTF21aamgrxm.npz,SN Ia-pec,SNI,core,12,5,7,True
ZTF21aamhtui,events/ZTF21aamhtui.npz,SN Ia,SNI,core,73,35,38,True
ZTF21aamiukc,events/ZTF21aamiukc.npz,SN Ia,SNI,core,31,12,19,True
ZTF21aamjgfp,events/ZTF21aamjgfp.npz,SN Ia,SNI,core,22,9,13,True
ZTF21aamkxbl,events/ZTF21aamkxbl.npz,SN Ia,SNI,core,14,8,6,True
ZTF21aamnngb,events/ZTF21aamnngb.npz,SN Ia,SNI,core,10,4,6,True
ZTF21aamokak,events/ZTF21aamokak.npz,SN Ia,SNI,core,50,26,24,True
ZTF21aamqgid,events/ZTF21aamqgid.npz,SN II,SNII,core,2,0,2,False
ZTF21aamsiqk,events/ZTF21aamsiqk.npz,SN Ia,SNI,core,14,6,8,True
ZTF21aamttit,events/ZTF21aamttit.npz,SN Ia,SNI,core,15,6,9,True
ZTF21aamucom,events/ZTF21aamucom.npz,SN Ia-91T,SNI,core,69,37,32,True
ZTF21aamuniy,events/ZTF21aamuniy.npz,SN Ia,SNI,core,9,4,5,True
ZTF21aamwlzd,events/ZTF21aamwlzd.npz,SN Ia,SNI,core,1,1,0,False
ZTF21aamwpdf,events/ZTF21aamwpdf.npz,SN Ia,SNI,core,2,2,0,False
ZTF21aamwqim,events/ZTF21aamwqim.npz,SN II,SNII,core,32,7,25,True
ZTF21aamwvhr,events/ZTF21aamwvhr.npz,SN II,SNII,core,90,28,62,True
ZTF21aamwyql,events/ZTF21aamwyql.npz,SN Ia,SNI,core,11,4,7,True
ZTF21aamwzfi,events/ZTF21aamwzfi.npz,SN Ia,SNI,core,42,16,26,True
ZTF21aamxduf,events/ZTF21aamxduf.npz,SN Ia,SNI,core,14,7,7,True
ZTF21aamzuxi,events/ZTF21aamzuxi.npz,SN II,SNII,core,53,26,27,True
ZTF21aanehlz,events/ZTF21aanehlz.npz,CV,CV,core,65,30,35,True
ZTF21aanfuuk,events/ZTF21aanfuuk.npz,SN II,SNII,core,10,6,4,True
ZTF21aanhvpo,events/ZTF21aanhvpo.npz,SN II,SNII,core,17,5,12,True
ZTF21aanjejr,events/ZTF21aanjejr.npz,SN Ia,SNI,core,13,11,2,True
ZTF21aannoix,events/ZTF21aannoix.npz,SN Ic,SNI,core,48,21,27,True
ZTF21aanortq,events/ZTF21aanortq.npz,SN Ia-pec,SNI,core,29,13,16,True
ZTF21aanplys,events/ZTF21aanplys.npz,SN II,SNII,core,2,1,1,False
ZTF21aanrhag,events/ZTF21aanrhag.npz,SN IIb,SNII,core,32,9,23,True
ZTF21aanrvcq,events/ZTF21aanrvcq.npz,SN Ia-91T,SNI,core,35,12,23,True
ZTF21aanswls,events/ZTF21aanswls.npz,SN Ia,SNI,core,68,30,38,True
ZTF21aantsla,events/ZTF21aantsla.npz,SN II,SNII,core,138,71,67,True
ZTF21aantxma,events/ZTF21aantxma.npz,SN Ia,SNI,core,17,8,9,True
ZTF21aanuyro,events/ZTF21aanuyro.npz,SN Ia,SNI,core,37,15,22,True
ZTF21aanvncv,events/ZTF21aanvncv.npz,SN Ib/c,SNI,core,49,13,36,True
ZTF21aanwbhk,events/ZTF21aanwbhk.npz,SN Ia,SNI,core,20,10,10,True
ZTF21aanwfjk,events/ZTF21aanwfjk.npz,SN Ia,SNI,core,39,14,25,True
ZTF21aanwmxn,events/ZTF21aanwmxn.npz,SN II,SNII,core,59,25,34,True
ZTF21aanxhjv,events/ZTF21aanxhjv.npz,TDE,TDE,core,7,3,4,False
ZTF21aanxiax,events/ZTF21aanxiax.npz,SN Ia,SNI,core,6,3,3,False
ZTF21aanyfqu,events/ZTF21aanyfqu.npz,SN Ia,SNI,core,29,13,16,True
ZTF21aanyyde,events/ZTF21aanyyde.npz,SN Ia,SNI,core,29,12,17,True
ZTF21aanzcuj,events/ZTF21aanzcuj.npz,SN II,SNII,core,70,33,37,True
ZTF21aaobcrz,events/ZTF21aaobcrz.npz,SN Ia,SNI,core,67,25,42,True
ZTF21aaobkmg,events/ZTF21aaobkmg.npz,SN II,SNII,core,44,15,29,True
ZTF21aaocibg,events/ZTF21aaocibg.npz,SN Ia,SNI,core,59,24,35,True
ZTF21aaocrlm,events/ZTF21aaocrlm.npz,SN Ic-BL,SNI,core,25,8,17,True
ZTF21aaocwmx,events/ZTF21aaocwmx.npz,CV,CV,core,5,3,2,False
ZTF21aaodljj,events/ZTF21aaodljj.npz,SN Ia,SNI,core,45,17,28,True
ZTF21aaoekcj,events/ZTF21aaoekcj.npz,SN Ia,SNI,core,14,4,10,True
ZTF21aaoexgy,events/ZTF21aaoexgy.npz,SN Ia,SNI,core,31,15,16,True
ZTF21aaoexjt,events/ZTF21aaoexjt.npz,SN Ia,SNI,core,24,12,12,True
ZTF21aaogglh,events/ZTF21aaogglh.npz,SN Ia,SNI,core,15,0,15,False
ZTF21aaoghxv,events/ZTF21aaoghxv.npz,SN Ia,SNI,core,19,9,10,True
ZTF21aaogifb,events/ZTF21aaogifb.npz,SN Ia,SNI,core,61,0,61,False
ZTF21aaoiaar,events/ZTF21aaoiaar.npz,SN IIb,SNII,core,34,10,24,True
ZTF21aaomuka,events/ZTF21aaomuka.npz,SN Ia,SNI,core,47,21,26,True
ZTF21aaoppzc,events/ZTF21aaoppzc.npz,SN Ia,SNI,core,12,4,8,True
ZTF21aaopqqk,events/ZTF21aaopqqk.npz,SN Ia,SNI,core,62,26,36,True
ZTF21aaopqyt,events/ZTF21aaopqyt.npz,CV,CV,core,15,7,8,True
ZTF21aaoqbbw,events/ZTF21aaoqbbw.npz,SN IIn,SNII,core,71,32,39,True
ZTF21aaoqcnh,events/ZTF21aaoqcnh.npz,SN Ia,SNI,core,31,10,21,True
ZTF21aaoqefp,events/ZTF21aaoqefp.npz,SN Ia,SNI,core,2,0,2,False
ZTF21aaoqvzv,events/ZTF21aaoqvzv.npz,SN Ia,SNI,core,10,5,5,True
ZTF21aaossxf,events/ZTF21aaossxf.npz,SN Ia,SNI,core,52,27,25,True
ZTF21aaovdlh,events/ZTF21aaovdlh.npz,SN Ia,SNI,core,32,14,18,True
ZTF21aaovhxe,events/ZTF21aaovhxe.npz,SN Ia,SNI,core,16,0,16,False
ZTF21aaowaxx,events/ZTF21aaowaxx.npz,SN IIn,SNII,core,145,70,75,True
ZTF21aapdmnr,events/ZTF21aapdmnr.npz,SN Ia,SNI,core,19,8,11,True
ZTF21aapdphm,events/ZTF21aapdphm.npz,SN Ia,SNI,core,15,8,7,True
ZTF21aapduck,events/ZTF21aapduck.npz,SN Ia,SNI,core,27,13,14,True
ZTF21aapdulz,events/ZTF21aapdulz.npz,SN II,SNII,core,45,27,18,True
ZTF21aapdxxs,events/ZTF21aapdxxs.npz,SN II,SNII,core,25,12,13,True
ZTF21aapecxb,events/ZTF21aapecxb.npz,SN Ic-BL,SNI,core,16,6,10,True
ZTF21aapegtd,events/ZTF21aapegtd.npz,SN II,SNII,core,42,17,25,True
ZTF21aapehpx,events/ZTF21aapehpx.npz,SN Ia,SNI,core,55,24,31,True
ZTF21aapejbx,events/ZTF21aapejbx.npz,SN Ia,SNI,core,39,15,24,True
ZTF21aapfdqw,events/ZTF21aapfdqw.npz,SN II,SNII,core,33,18,15,True
ZTF21aapffqd,events/ZTF21aapffqd.npz,SN II,SNII,core,33,16,17,True
ZTF21aapfime,events/ZTF21aapfime.npz,SN Ia,SNI,core,33,17,16,True
ZTF21aapfpod,events/ZTF21aapfpod.npz,SN Ia,SNI,core,27,17,10,True
ZTF21aaphjyn,events/ZTF21aaphjyn.npz,CV,CV,core,17,8,9,True
ZTF21aaphlty,events/ZTF21aaphlty.npz,SN Ia,SNI,core,41,19,22,True
ZTF21aaphvyi,events/ZTF21aaphvyi.npz,SN Ia,SNI,core,28,10,18,True
ZTF21aaphzsw,events/ZTF21aaphzsw.npz,SN Ia,SNI,core,63,32,31,True
ZTF21aapjact,events/ZTF21aapjact.npz,SN Ia,SNI,core,1,0,1,False
ZTF21aapjcqb,events/ZTF21aapjcqb.npz,SN Ia,SNI,core,43,18,25,True
ZTF21aapjmda,events/ZTF21aapjmda.npz,SN Ia-91bg,SNI,core,26,12,14,True
ZTF21aapjmgf,events/ZTF21aapjmgf.npz,SN II,SNII,core,54,23,31,True
ZTF21aapjmpq,events/ZTF21aapjmpq.npz,SN Ia-91T,SNI,core,33,13,20,True
ZTF21aapjphz,events/ZTF21aapjphz.npz,SN II,SNII,core,48,19,29,True
ZTF21aapjqdl,events/ZTF21aapjqdl.npz,SN Ia,SNI,core,53,19,34,True
ZTF21aapkcmr,events/ZTF21aapkcmr.npz,SN II,SNII,core,33,16,17,True
ZTF21aapkfjx,events/ZTF21aapkfjx.npz,SN Ia,SNI,core,61,27,34,True
ZTF21aapkhsc,events/ZTF21aapkhsc.npz,SN Ia,SNI,core,54,26,28,True
ZTF21aapkkgx,events/ZTF21aapkkgx.npz,SN Ia,SNI,core,23,9,14,True
ZTF21aapkvrd,events/ZTF21aapkvrd.npz,SN Ia,SNI,core,39,17,22,True
ZTF21aaplfah,events/ZTF21aaplfah.npz,SN Ia,SNI,core,16,5,11,True
ZTF21aapliyn,events/ZTF21aapliyn.npz,SN II,SNII,core,63,33,30,True
ZTF21aaplnef,events/ZTF21aaplnef.npz,SN Ia,SNI,core,31,14,17,True
ZTF21aaplnxw,events/ZTF21aaplnxw.npz,SN Ia,SNI,core,73,33,40,True
ZTF21aaplooj,events/ZTF21aaplooj.npz,SN Ia,SNI,core,19,7,12,True
ZTF21aapnlfx,events/ZTF21aapnlfx.npz,SN Ia,SNI,core,28,11,17,True
ZTF21aapomdb,events/ZTF21aapomdb.npz,SN Ia,SNI,core,37,13,24,True
ZTF21aapowty,events/ZTF21aapowty.npz,SN Ia,SNI,core,42,23,19,True
ZTF21aappcvm,events/ZTF21aappcvm.npz,SN Ia,SNI,core,2,0,2,False
ZTF21aappehx,events/ZTF21aappehx.npz,SN Ia,SNI,core,9,4,5,True
ZTF21aappkns,events/ZTF21aappkns.npz,SN IIn,SNII,core,28,10,18,True
ZTF21aappktx,events/ZTF21aappktx.npz,SN Ia,SNI,core,31,16,15,True
ZTF21aapqzxr,events/ZTF21aapqzxr.npz,SN Ia,SNI,core,45,19,26,True
ZTF21aaprddk,events/ZTF21aaprddk.npz,SN Ia,SNI,core,35,16,19,True
ZTF21aaprevg,events/ZTF21aaprevg.npz,SN Ia,SNI,core,21,8,13,True
ZTF21aaprfkc,events/ZTF21aaprfkc.npz,SN Ia,SNI,core,23,12,11,True
ZTF21aaprfqv,events/ZTF21aaprfqv.npz,SN Ia,SNI,core,46,26,20,True
ZTF21aaprgdh,events/ZTF21aaprgdh.npz,SN Ia,SNI,core,8,4,4,True
ZTF21aapriwm,events/ZTF21aapriwm.npz,SN Ia-pec,SNI,core,21,10,11,True
ZTF21aaptnwj,events/ZTF21aaptnwj.npz,SN II,SNII,core,65,23,42,True
ZTF21aaptouk,events/ZTF21aaptouk.npz,SN Ia,SNI,core,26,11,15,True
ZTF21aapvoqy,events/ZTF21aapvoqy.npz,CV,CV,core,14,6,8,True
ZTF21aapvsxv,events/ZTF21aapvsxv.npz,SN Ia,SNI,core,37,14,23,True
ZTF21aapvxnf,events/ZTF21aapvxnf.npz,SN Ia-91T,SNI,core,38,19,19,True
ZTF21aapxogj,events/ZTF21aapxogj.npz,SN II,SNII,core,40,19,21,True
ZTF21aapxtqg,events/ZTF21aapxtqg.npz,SN Ia,SNI,core,28,14,14,True
ZTF21aapyiku,events/ZTF21aapyiku.npz,SN Ia,SNI,core,44,17,27,True
ZTF21aapzgtu,events/ZTF21aapzgtu.npz,SN Ia,SNI,core,31,15,16,True
ZTF21aapzzgf,events/ZTF21aapzzgf.npz,SN Ia,SNI,core,17,12,5,True
ZTF21aaqafcf,events/ZTF21aaqafcf.npz,SN Ia,SNI,core,47,23,24,True
ZTF21aaqdxzv,events/ZTF21aaqdxzv.npz,SN Ia,SNI,core,26,10,16,True
ZTF21aaqecpl,events/ZTF21aaqecpl.npz,SN Ia,SNI,core,29,12,17,True
ZTF21aaqftpz,events/ZTF21aaqftpz.npz,SN Ia,SNI,core,82,13,69,True
ZTF21aaqftuq,events/ZTF21aaqftuq.npz,SN Ia-91T,SNI,core,79,12,67,True
ZTF21aaqgmjt,events/ZTF21aaqgmjt.npz,SN II,SNII,core,62,30,32,True
ZTF21aaqgrrf,events/ZTF21aaqgrrf.npz,SN Ia,SNI,core,36,17,19,True
ZTF21aaqhhfu,events/ZTF21aaqhhfu.npz,SN Ib,SNI,core,41,17,24,True
ZTF21aaqhqke,events/ZTF21aaqhqke.npz,SN IIn,SNII,core,75,36,39,True
ZTF21aaqhwgh,events/ZTF21aaqhwgh.npz,SN Ia,SNI,core,15,10,5,True
ZTF21aaqizwm,events/ZTF21aaqizwm.npz,SN Ia,SNI,core,44,20,24,True
ZTF21aaqjmps,events/ZTF21aaqjmps.npz,SN II,SNII,core,65,32,33,True
ZTF21aaqldsj,events/ZTF21aaqldsj.npz,SN II,SNII,core,40,10,30,True
ZTF21aaqldsk,events/ZTF21aaqldsk.npz,SN Ic,SNI,core,85,29,56,True
ZTF21aaqmoof,events/ZTF21aaqmoof.npz,SN II,SNII,core,63,27,36,True
ZTF21aaqmqyp,events/ZTF21aaqmqyp.npz,CV,CV,core,39,17,22,True
ZTF21aaqprjz,events/ZTF21aaqprjz.npz,SN Ia,SNI,core,15,6,9,True
ZTF21aaqpykm,events/ZTF21aaqpykm.npz,SN Ia,SNI,core,43,20,23,True
ZTF21aaqqlfw,events/ZTF21aaqqlfw.npz,SN Ia,SNI,core,27,11,16,True
ZTF21aaqqwln,events/ZTF21aaqqwln.npz,SN Ia,SNI,core,32,5,27,True
ZTF21aaqqwsa,events/ZTF21aaqqwsa.npz,AGN,AGN,core,2,0,2,False
ZTF21aaqsprr,events/ZTF21aaqsprr.npz,SN Ia,SNI,core,49,23,26,True
ZTF21aaqugxm,events/ZTF21aaqugxm.npz,SN II,SNII,core,70,32,38,True
ZTF21aaquhqr,events/ZTF21aaquhqr.npz,SN II,SNII,core,109,57,52,True
ZTF21aaquiwu,events/ZTF21aaquiwu.npz,SN Ia,SNI,core,73,38,35,True
ZTF21aaqujke,events/ZTF21aaqujke.npz,SN Ia,SNI,core,85,39,46,True
ZTF21aaqupdt,events/ZTF21aaqupdt.npz,SN Ia,SNI,core,37,13,24,True
ZTF21aaquyjp,events/ZTF21aaquyjp.npz,CV,CV,core,19,1,18,False
ZTF21aaquyqa,events/ZTF21aaquyqa.npz,SN IIb,SNII,core,56,11,45,True
ZTF21aaqvhgk,events/ZTF21aaqvhgk.npz,CV,CV,core,15,8,7,True
ZTF21aaqvsvw,events/ZTF21aaqvsvw.npz,SN IIb,SNII,core,26,13,13,True
ZTF21aaqvuyf,events/ZTF21aaqvuyf.npz,SN Ia,SNI,core,33,13,20,True
ZTF21aaqwbgq,events/ZTF21aaqwbgq.npz,SN Ia,SNI,core,12,0,12,False
ZTF21aaqwfqe,events/ZTF21aaqwfqe.npz,SN Ib,SNI,core,41,16,25,True
ZTF21aaqwjlz,events/ZTF21aaqwjlz.npz,SN Ia,SNI,core,81,40,41,True
ZTF21aaqyetj,events/ZTF21aaqyetj.npz,SN Ia,SNI,core,22,11,11,True
ZTF21aaqytjr,events/ZTF21aaqytjr.npz,SN Ia,SNI,core,66,35,31,True
ZTF21aaqyuun,events/ZTF21aaqyuun.npz,SN II,SNII,core,114,54,60,True
ZTF21aaqzkhx,events/ZTF21aaqzkhx.npz,SN Ia,SNI,core,39,17,22,True
ZTF21aaqzqaa,events/ZTF21aaqzqaa.npz,SN Ia,SNI,core,48,18,30,True
ZTF21aaqzrat,events/ZTF21aaqzrat.npz,CV,CV,core,20,10,10,True
ZTF21aaqztcg,events/ZTF21aaqztcg.npz,SN Ia,SNI,core,42,20,22,True
ZTF21aaradzm,events/ZTF21aaradzm.npz,SN IIn,SNII,core,71,37,34,True
ZTF21aaraqpr,events/ZTF21aaraqpr.npz,SN Ia,SNI,core,24,12,12,True
ZTF21aarasky,events/ZTF21aarasky.npz,SN IIb,SNII,core,10,5,5,True
ZTF21aarasvn,events/ZTF21aarasvn.npz,SN II,SNII,core,32,15,17,True
ZTF21aarcldd,events/ZTF21aarcldd.npz,SN Ia,SNI,core,35,17,18,True
ZTF21aarcobt,events/ZTF21aarcobt.npz,SN IIn,SNII,core,61,26,35,True
ZTF21aardybv,events/ZTF21aardybv.npz,SN Ia,SNI,core,21,11,10,True
ZTF21aareexg,events/ZTF21aareexg.npz,SN Ia,SNI,core,15,9,6,True
ZTF21aarejnt,events/ZTF21aarejnt.npz,SN Ia,SNI,core,17,7,10,True
ZTF21aarenhl,events/ZTF21aarenhl.npz,SN Ia-pec,SNI,core,68,31,37,True
ZTF21aarguvb,events/ZTF21aarguvb.npz,SN Ia,SNI,core,27,12,15,True
ZTF21aarhnwn,events/ZTF21aarhnwn.npz,SN Ia,SNI,core,30,13,17,True
ZTF21aarhzdh,events/ZTF21aarhzdh.npz,SN Ia,SNI,core,40,21,19,True
ZTF21aarigsr,events/ZTF21aarigsr.npz,SN Ia,SNI,core,66,30,36,True
ZTF21aarjczf,events/ZTF21aarjczf.npz,SN Ia,SNI,core,44,15,29,True
ZTF21aarmjai,events/ZTF21aarmjai.npz,SN Ia,SNI,core,35,16,19,True
ZTF21aarmkuj,events/ZTF21aarmkuj.npz,SN Ia,SNI,core,35,17,18,True
ZTF21aarmuxl,events/ZTF21aarmuxl.npz,SN Ib/c,SNI,core,28,11,17,True
ZTF21aarnjyd,events/ZTF21aarnjyd.npz,SN Ib,SNI,core,147,71,76,True
ZTF21aarohyu,events/ZTF21aarohyu.npz,SN Ia,SNI,core,41,19,22,True
ZTF21aarojxa,events/ZTF21aarojxa.npz,SN Ia,SNI,core,30,12,18,True
ZTF21aarqkes,events/ZTF21aarqkes.npz,SN Ia,SNI,core,50,26,24,True
ZTF21aarrplo,events/ZTF21aarrplo.npz,SN Ia,SNI,core,62,28,34,True
ZTF21aarrwdu,events/ZTF21aarrwdu.npz,SN Ia,SNI,core,12,4,8,True
ZTF21aarskup,events/ZTF21aarskup.npz,SN Ia,SNI,core,31,13,18,True
ZTF21aartgiv,events/ZTF21aartgiv.npz,SN Ic-BL,SNI,core,23,13,10,True
ZTF21aarucpz,events/ZTF21aarucpz.npz,CV,CV,core,8,4,4,True
ZTF21aarwlht,events/ZTF21aarwlht.npz,SN Ia,SNI,core,49,23,26,True
ZTF21aarxsfm,events/ZTF21aarxsfm.npz,SN Ia,SNI,core,28,13,15,True
ZTF21aarybxo,events/ZTF21aarybxo.npz,SN Ia,SNI,core,30,15,15,True
ZTF21aarycyl,events/ZTF21aarycyl.npz,SN Ia-91T,SNI,core,13,7,6,True
ZTF21aarzgql,events/ZTF21aarzgql.npz,SN Ia,SNI,core,19,7,12,True
ZTF21aasafkl,events/ZTF21aasafkl.npz,SN Ia,SNI,core,73,36,37,True
ZTF21aasaxdk,events/ZTF21aasaxdk.npz,SN Ia,SNI,core,70,34,36,True
ZTF21aasaxfg,events/ZTF21aasaxfg.npz,SN Ia,SNI,core,15,0,15,False
ZTF21aasbjgq,events/ZTF21aasbjgq.npz,SN Ia,SNI,core,46,19,27,True
ZTF21aasbkrl,events/ZTF21aasbkrl.npz,SN Ia,SNI,core,33,17,16,True
ZTF21aasbxng,events/ZTF21aasbxng.npz,SN Ia,SNI,core,26,11,15,True
ZTF21aasctwo,events/ZTF21aasctwo.npz,SN Ia,SNI,core,26,12,14,True
ZTF21aascwrr,events/ZTF21aascwrr.npz,SN Ia,SNI,core,14,4,10,True
ZTF21aasfseg,events/ZTF21aasfseg.npz,SN II,SNII,core,76,35,41,True
ZTF21aasgcve,events/ZTF21aasgcve.npz,SN Ia-91T,SNI,core,29,14,15,True
ZTF21aasgffc,events/ZTF21aasgffc.npz,SN Ia,SNI,core,49,23,26,True
ZTF21aaskwgm,events/ZTF21aaskwgm.npz,SN Ia,SNI,core,42,15,27,True
ZTF21aaskyvp,events/ZTF21aaskyvp.npz,SN Ia,SNI,core,41,17,24,True
ZTF21aassamj,events/ZTF21aassamj.npz,SN Ia,SNI,core,54,24,30,True
ZTF21aastazz,events/ZTF21aastazz.npz,SN Ia,SNI,core,21,10,11,True
ZTF21aastzsn,events/ZTF21aastzsn.npz,SN IIb,SNII,core,20,20,0,False
ZTF21aasuazz,events/ZTF21aasuazz.npz,SN Ia,SNI,core,23,11,12,True
ZTF21aasufxv,events/ZTF21aasufxv.npz,SN Ia,SNI,core,21,9,12,True
ZTF21aaswtok,events/ZTF21aaswtok.npz,SN Ia,SNI,core,32,15,17,True
ZTF21aaswvyc,events/ZTF21aaswvyc.npz,SN Ia,SNI,core,41,17,24,True
ZTF21aasxgne,events/ZTF21aasxgne.npz,CV,CV,core,12,6,6,True
ZTF21aasyjxq,events/ZTF21aasyjxq.npz,SN II,SNII,core,1,0,1,False
ZTF21aasyydo,events/ZTF21aasyydo.npz,SN Ia,SNI,core,34,16,18,True
ZTF21aasyzkt,events/ZTF21aasyzkt.npz,SN Ia,SNI,core,54,23,31,True
ZTF21aatdzmt,events/ZTF21aatdzmt.npz,SN Ia,SNI,core,43,20,23,True
ZTF21aateglh,events/ZTF21aateglh.npz,SN Ia,SNI,core,35,15,20,True
ZTF21aatgisc,events/ZTF21aatgisc.npz,SN II,SNII,core,134,62,72,True
ZTF21aatjavc,events/ZTF21aatjavc.npz,SN Ia,SNI,core,23,11,12,True
ZTF21aatkdcw,events/ZTF21aatkdcw.npz,SN Ia,SNI,core,28,14,14,True
ZTF21aatklhw,events/ZTF21aatklhw.npz,SN Ia,SNI,core,28,13,15,True
ZTF21aatlbsi,events/ZTF21aatlbsi.npz,SN Ia,SNI,core,28,13,15,True
ZTF21aatlesr,events/ZTF21aatlesr.npz,SN Ia,SNI,core,80,39,41,True
ZTF21aatlewl,events/ZTF21aatlewl.npz,AGN,AGN,core,6,3,3,False
ZTF21aatnpnl,events/ZTF21aatnpnl.npz,CV,CV,core,10,4,6,True
ZTF21aatnxwt,events/ZTF21aatnxwt.npz,SN Ia-91T,SNI,core,29,12,17,True
ZTF21aatpsky,events/ZTF21aatpsky.npz,SN II,SNII,core,20,11,9,True
ZTF21aatsafx,events/ZTF21aatsafx.npz,SN Ia,SNI,core,38,14,24,True
ZTF21aatscez,events/ZTF21aatscez.npz,CV,CV,core,3,1,2,False
ZTF21aatvcdl,events/ZTF21aatvcdl.npz,SN Ia,SNI,core,31,16,15,True
ZTF21aatvqcl,events/ZTF21aatvqcl.npz,SN II,SNII,core,33,15,18,True
ZTF21aatwkkg,events/ZTF21aatwkkg.npz,SN IIn,SNII,core,49,30,19,True
ZTF21aatwlhj,events/ZTF21aatwlhj.npz,SN Ia,SNI,core,32,15,17,True
ZTF21aatyplr,events/ZTF21aatyplr.npz,SN Ia,SNI,core,40,13,27,True
ZTF21aauamtx,events/ZTF21aauamtx.npz,SN Ia,SNI,core,39,15,24,True
ZTF21aauapli,events/ZTF21aauapli.npz,SN Ia-91T,SNI,core,78,38,40,True
ZTF21aaublej,events/ZTF21aaublej.npz,SN Ia,SNI,core,183,83,100,True
ZTF21aaufthj,events/ZTF21aaufthj.npz,SN Ia,SNI,core,28,13,15,True
ZTF21aaufvpg,events/ZTF21aaufvpg.npz,SN Ia,SNI,core,40,22,18,True
ZTF21aaufwyh,events/ZTF21aaufwyh.npz,SN Ib,SNI,core,29,13,16,True
ZTF21aaugbus,events/ZTF21aaugbus.npz,SN Ia,SNI,core,46,24,22,True
ZTF21aaukcog,events/ZTF21aaukcog.npz,SN II,SNII,core,47,23,24,True
ZTF21aaunadg,events/ZTF21aaunadg.npz,SN Ia,SNI,core,141,68,73,True
ZTF21aaupkow,events/ZTF21aaupkow.npz,SN Ia,SNI,core,26,13,13,True
ZTF21aautijg,events/ZTF21aautijg.npz,SN IIn,SNII,core,75,40,35,True
ZTF21aauuybx,events/ZTF21aauuybx.npz,TDE,TDE,core,27,12,15,True
ZTF21aauzzny,events/ZTF21aauzzny.npz,SN Ia,SNI,core,17,7,10,True
ZTF21aavbrwr,events/ZTF21aavbrwr.npz,SN Ia,SNI,core,32,13,19,True
ZTF21aavheiv,events/ZTF21aavheiv.npz,SN Ia,SNI,core,31,0,31,False
ZTF21aavhlok,events/ZTF21aavhlok.npz,SN Ia-91T,SNI,core,34,13,21,True
ZTF21aavhlry,events/ZTF21aavhlry.npz,SN Ia,SNI,core,52,24,28,True
ZTF21aavhnpk,events/ZTF21aavhnpk.npz,SN II,SNII,core,94,41,53,True
ZTF21aavhsdw,events/ZTF21aavhsdw.npz,SN Ia,SNI,core,21,11,10,True
ZTF21aavodst,events/ZTF21aavodst.npz,SN Ia,SNI,core,10,5,5,True
ZTF21aavodtn,events/ZTF21aavodtn.npz,SN Ia,SNI,core,18,10,8,True
ZTF21aavoete,events/ZTF21aavoete.npz,SN Ia,SNI,core,23,12,11,True
ZTF21aavoqpl,events/ZTF21aavoqpl.npz,SN II,SNII,core,70,35,35,True
ZTF21aavozbk,events/ZTF21aavozbk.npz,SN Ia,SNI,core,39,18,21,True
ZTF21aavqphe,events/ZTF21aavqphe.npz,SN Ia,SNI,core,65,32,33,True
ZTF21aavqwhh,events/ZTF21aavqwhh.npz,SN Ia,SNI,core,43,13,30,True
ZTF21aavsbkt,events/ZTF21aavsbkt.npz,SN Ia,SNI,core,45,21,24,True
ZTF21aavumzc,events/ZTF21aavumzc.npz,CV,CV,core,7,4,3,False
ZTF21aavuprl,events/ZTF21aavuprl.npz,SN Ia,SNI,core,78,27,51,True
ZTF21aavuprt,events/ZTF21aavuprt.npz,CV,CV,core,5,3,2,False
ZTF21aavuqzr,events/ZTF21aavuqzr.npz,SN IIn,SNII,core,148,74,74,True
ZTF21aavutkm,events/ZTF21aavutkm.npz,SN Ia,SNI,core,34,24,10,True
ZTF21aavxivm,events/ZTF21aavxivm.npz,SN Ia,SNI,core,4,3,1,False
ZTF21aavxruq,events/ZTF21aavxruq.npz,SN Ia,SNI,core,29,14,15,True
ZTF21aawckpe,events/ZTF21aawckpe.npz,SN Ia,SNI,core,26,12,14,True
ZTF21aawfybf,events/ZTF21aawfybf.npz,SN Ia,SNI,core,32,12,20,True
ZTF21aawgzda,events/ZTF21aawgzda.npz,SN II,SNII,core,36,15,21,True
ZTF21aawihwx,events/ZTF21aawihwx.npz,SN Ia-91bg,SNI,core,19,6,13,True
ZTF21aawiwqh,events/ZTF21aawiwqh.npz,SN Ia,SNI,core,25,12,13,True
ZTF21aawlcwh,events/ZTF21aawlcwh.npz,SN Ib/c,SNI,core,56,17,39,True
ZTF21aawlwoy,events/ZTF21aawlwoy.npz,SN Ia,SNI,core,31,15,16,True
ZTF21aawmdxw,events/ZTF21aawmdxw.npz,SN Ib,SNI,core,4,0,4,False
ZTF21aawmtug,events/ZTF21aawmtug.npz,SN II,SNII,core,38,19,19,True
ZTF21aawogdl,events/ZTF21aawogdl.npz,SN Ib,SNI,core,21,9,12,True
ZTF21aawqpuf,events/ZTF21aawqpuf.npz,SN Ia,SNI,core,29,16,13,True
ZTF21aawtazf,events/ZTF21aawtazf.npz,SN Ia,SNI,core,44,22,22,True
ZTF21aawtewf,events/ZTF21aawtewf.npz,SN Ia,SNI,core,35,16,19,True
ZTF21aawxdbc,events/ZTF21aawxdbc.npz,SN Ia,SNI,core,12,6,6,True
ZTF21aawxqia,events/ZTF21aawxqia.npz,SN Ia,SNI,core,19,10,9,True
ZTF21aawyyha,events/ZTF21aawyyha.npz,SN Ia,SNI,core,96,41,55,True
ZTF21aawzsew,events/ZTF21aawzsew.npz,SN Ia,SNI,core,38,17,21,True
ZTF21aaxbgul,events/ZTF21aaxbgul.npz,SN Ia,SNI,core,27,13,14,True
ZTF21aaxgowh,events/ZTF21aaxgowh.npz,CV,CV,core,15,8,7,True
ZTF21aaxgwtb,events/ZTF21aaxgwtb.npz,SN Ia,SNI,core,19,11,8,True
ZTF21aaxgzln,events/ZTF21aaxgzln.npz,SN Ia,SNI,core,29,14,15,True
ZTF21aaxhzru,events/ZTF21aaxhzru.npz,SN Ia,SNI,core,32,16,16,True
ZTF21aaxjiii,events/ZTF21aaxjiii.npz,SN Ia,SNI,core,43,2,41,True
ZTF21aaxjpsw,events/ZTF21aaxjpsw.npz,SN Ia,SNI,core,9,4,5,True
ZTF21aaxjvyl,events/ZTF21aaxjvyl.npz,SN II,SNII,core,42,21,21,True
ZTF21aaxkckg,events/ZTF21aaxkckg.npz,SN Ia,SNI,core,28,13,15,True
ZTF21aaxksct,events/ZTF21aaxksct.npz,SN Ia,SNI,core,31,15,16,True
ZTF21aaxlbad,events/ZTF21aaxlbad.npz,SN Ia,SNI,core,71,33,38,True
ZTF21aaxlhyl,events/ZTF21aaxlhyl.npz,SN II,SNII,core,44,24,20,True
ZTF21aaxseyd,events/ZTF21aaxseyd.npz,SN II,SNII,core,2,1,1,False
ZTF21aaxsnvk,events/ZTF21aaxsnvk.npz,SN Ia,SNI,core,89,37,52,True
ZTF21aaxstsv,events/ZTF21aaxstsv.npz,SN Ia,SNI,core,24,9,15,True
ZTF21aaxstzy,events/ZTF21aaxstzy.npz,SN Ia,SNI,core,81,35,46,True
ZTF21aaxswlc,events/ZTF21aaxswlc.npz,SN Ia,SNI,core,37,16,21,True
ZTF21aaxtctv,events/ZTF21aaxtctv.npz,SN Ic,SNI,core,45,24,21,True
ZTF21aaxtdrs,events/ZTF21aaxtdrs.npz,SN Ia,SNI,core,16,7,9,True
ZTF21aaxtije,events/ZTF21aaxtije.npz,SN IIn,SNII,core,142,73,69,True
ZTF21aaxtjvm,events/ZTF21aaxtjvm.npz,SN Ia,SNI,core,29,13,16,True
ZTF21aaxtrlt,events/ZTF21aaxtrlt.npz,SN Ia-91T,SNI,core,32,12,20,True
ZTF21aaxtsqe,events/ZTF21aaxtsqe.npz,SN Ia,SNI,core,18,9,9,True
ZTF21aaxubqf,events/ZTF21aaxubqf.npz,SN Ia,SNI,core,22,10,12,True
ZTF21aaxuywf,events/ZTF21aaxuywf.npz,SN Ia,SNI,core,65,33,32,True
ZTF21aaxvnjy,events/ZTF21aaxvnjy.npz,SN Ia,SNI,core,48,19,29,True
ZTF21aaxvrva,events/ZTF21aaxvrva.npz,SN Ia,SNI,core,17,0,17,False
ZTF21aaxwcgj,events/ZTF21aaxwcgj.npz,SN Ia,SNI,core,52,17,35,True
ZTF21aaxwcof,events/ZTF21aaxwcof.npz,SN II,SNII,core,85,16,69,True
ZTF21aaxwnlr,events/ZTF21aaxwnlr.npz,SN Ia,SNI,core,41,20,21,True
ZTF21aaxwytv,events/ZTF21aaxwytv.npz,SN Ia,SNI,core,23,13,10,True
ZTF21aaxxihx,events/ZTF21aaxxihx.npz,SN Ic-BL,SNI,core,24,10,14,True
ZTF21aaxxjen,events/ZTF21aaxxjen.npz,SN Ia,SNI,core,22,10,12,True
ZTF21aaxxmvs,events/ZTF21aaxxmvs.npz,SN IIb,SNII,core,69,30,39,True
ZTF21aaxxoei,events/ZTF21aaxxoei.npz,SN II,SNII,core,124,55,69,True
ZTF21aaxycms,events/ZTF21aaxycms.npz,SN Ia,SNI,core,18,8,10,True
ZTF21aaxyecd,events/ZTF21aaxyecd.npz,SN Ia,SNI,core,25,13,12,True
ZTF21aaxylga,events/ZTF21aaxylga.npz,SN Ia,SNI,core,54,22,32,True
ZTF21aaxzbrn,events/ZTF21aaxzbrn.npz,SN Ia,SNI,core,38,15,23,True
ZTF21aaxzczy,events/ZTF21aaxzczy.npz,SN Ia,SNI,core,28,12,16,True
ZTF21aaxzdxd,events/ZTF21aaxzdxd.npz,SN Ia,SNI,core,31,15,16,True
ZTF21aaxzkfe,events/ZTF21aaxzkfe.npz,SN Ia,SNI,core,26,11,15,True
ZTF21aaydbtk,events/ZTF21aaydbtk.npz,SN Ia,SNI,core,28,13,15,True
ZTF21aayddkn,events/ZTF21aayddkn.npz,SN Ib,SNI,core,26,13,13,True
ZTF21aaydfro,events/ZTF21aaydfro.npz,SN Ia,SNI,core,14,8,6,True
ZTF21aaydwzt,events/ZTF21aaydwzt.npz,SN Ia,SNI,core,36,17,19,True
ZTF21aaydxoo,events/ZTF21aaydxoo.npz,SN IIn,SNII,core,32,16,16,True
ZTF21aayfnjz,events/ZTF21aayfnjz.npz,SN IIb,SNII,core,61,28,33,True
ZTF21aaygchh,events/ZTF21aaygchh.npz,CV,CV,core,12,3,9,True
ZTF21aayggyo,events/ZTF21aayggyo.npz,SN Ia,SNI,core,20,10,10,True
ZTF21aaygkfw,events/ZTF21aaygkfw.npz,SN Ia,SNI,core,24,11,13,True
ZTF21aaygmiu,events/ZTF21aaygmiu.npz,SN Ia,SNI,core,39,18,21,True
ZTF21aaygmrl,events/ZTF21aaygmrl.npz,SN IIn,SNII,core,136,68,68,True
ZTF21aaygqkb,events/ZTF21aaygqkb.npz,SN Ic,SNI,core,69,6,63,True
ZTF21aaylpht,events/ZTF21aaylpht.npz,CV,CV,core,8,4,4,True
ZTF21aaylroe,events/ZTF21aaylroe.npz,CV,CV,core,6,4,2,False
ZTF21aaylweu,events/ZTF21aaylweu.npz,SN Ia,SNI,core,15,6,9,True
ZTF21aaymnuc,events/ZTF21aaymnuc.npz,SN Ia,SNI,core,2,0,2,False
ZTF21aaynlsf,events/ZTF21aaynlsf.npz,SN Ia,SNI,core,14,7,7,True
ZTF21aayqdwk,events/ZTF21aayqdwk.npz,SN Ia,SNI,core,19,10,9,True
ZTF21aayqrgx,events/ZTF21aayqrgx.npz,SN Ib,SNI,core,19,6,13,True
ZTF21aayquba,events/ZTF21aayquba.npz,SN Ia,SNI,core,43,18,25,True
ZTF21aayqycm,events/ZTF21aayqycm.npz,SN Ia,SNI,core,19,10,9,True
ZTF21aayrbnn,events/ZTF21aayrbnn.npz,SN Ia,SNI,core,30,15,15,True
ZTF21aayyxum,events/ZTF21aayyxum.npz,SN Ia,SNI,core,22,11,11,True
ZTF21aazazvw,events/ZTF21aazazvw.npz,SN Ia,SNI,core,44,17,27,True
ZTF21aazbico,events/ZTF21aazbico.npz,SN Ia,SNI,core,25,0,25,False
ZTF21aazcgof,events/ZTF21aazcgof.npz,SN II,SNII,core,31,17,14,True
ZTF21aazcjbh,events/ZTF21aazcjbh.npz,SN Ia,SNI,core,33,12,21,True
ZTF21aazcune,events/ZTF21aazcune.npz,SN Ia,SNI,core,15,6,9,True
ZTF21aazebgh,events/ZTF21aazebgh.npz,SN Ia,SNI,core,23,11,12,True
ZTF21aazeugz,events/ZTF21aazeugz.npz,SN Ia,SNI,core,80,33,47,True
ZTF21aazfkyj,events/ZTF21aazfkyj.npz,SN Ia,SNI,core,24,10,14,True
ZTF21aazfmxb,events/ZTF21aazfmxb.npz,SN Ia,SNI,core,39,16,23,True
ZTF21aazgkjf,events/ZTF21aazgkjf.npz,SN IIn,SNII,core,100,47,53,True
ZTF21aazhegf,events/ZTF21aazhegf.npz,SN II,SNII,core,14,6,8,True
ZTF21aazieut,events/ZTF21aazieut.npz,SN Ia,SNI,core,28,13,15,True
ZTF21aazlxiw,events/ZTF21aazlxiw.npz,SN Ia,SNI,core,27,10,17,True
ZTF21aazqkeq,events/ZTF21aazqkeq.npz,SN II,SNII,core,48,22,26,True
ZTF21aazqtor,events/ZTF21aazqtor.npz,SN Ia,SNI,core,17,8,9,True
ZTF21aazsgyr,events/ZTF21aazsgyr.npz,SN Ia,SNI,core,25,14,11,True
ZTF21aazsylk,events/ZTF21aazsylk.npz,SN Ia,SNI,core,50,20,30,True
ZTF21aazvrjy,events/ZTF21aazvrjy.npz,SN Ia,SNI,core,21,11,10,True
ZTF21aazwtoz,events/ZTF21aazwtoz.npz,SN Ia,SNI,core,24,12,12,True
ZTF21aazybsh,events/ZTF21aazybsh.npz,SN II,SNII,core,52,25,27,True
ZTF21aazyjlz,events/ZTF21aazyjlz.npz,CV,CV,core,15,8,7,True
ZTF21abaaipx,events/ZTF21abaaipx.npz,SN Ia,SNI,core,28,12,16,True
ZTF21abaakwd,events/ZTF21abaakwd.npz,SN Ia,SNI,core,63,25,38,True
ZTF21abaauot,events/ZTF21abaauot.npz,AGN,AGN,core,1,1,0,False
ZTF21ababatx,events/ZTF21ababatx.npz,AGN,AGN,core,42,3,39,True
ZTF21ababpoq,events/ZTF21ababpoq.npz,SN IIb,SNII,core,5,4,1,False
ZTF21abaevgu,events/ZTF21abaevgu.npz,SN Ia,SNI,core,28,13,15,True
ZTF21abahgst,events/ZTF21abahgst.npz,SN Ia,SNI,core,34,11,23,True
ZTF21abahiow,events/ZTF21abahiow.npz,SN Ib,SNI,core,58,26,32,True
ZTF21abahyyj,events/ZTF21abahyyj.npz,SN Ia,SNI,core,30,14,16,True
ZTF21abaiicy,events/ZTF21abaiicy.npz,SN Ia,SNI,core,14,7,7,True
ZTF21abalnud,events/ZTF21abalnud.npz,SN Ia,SNI,core,10,5,5,True
ZTF21abameyr,events/ZTF21abameyr.npz,SN Ia,SNI,core,28,8,20,True
ZTF21abamotd,events/ZTF21abamotd.npz,SN Ia,SNI,core,86,40,46,True
ZTF21abaphri,events/ZTF21abaphri.npz,SN Ia,SNI,core,28,12,16,True
ZTF21abaputv,events/ZTF21abaputv.npz,SN Ia,SNI,core,32,14,18,True
ZTF21abasfmq,events/ZTF21abasfmq.npz,SN Ia,SNI,core,7,3,4,False
ZTF21abasxdp,events/ZTF21abasxdp.npz,SN Ia,SNI,core,22,11,11,True
ZTF21abatolf,events/ZTF21abatolf.npz,SN Ia,SNI,core,16,4,12,True
ZTF21abaxaqq,events/ZTF21abaxaqq.npz,TDE,TDE,core,109,35,74,True
ZTF21abbaerh,events/ZTF21abbaerh.npz,SN Ia,SNI,core,22,13,9,True
ZTF21abbcsfu,events/ZTF21abbcsfu.npz,SN Ia,SNI,core,69,28,41,True
ZTF21abbewsz,events/ZTF21abbewsz.npz,SN Ia,SNI,core,12,4,8,True
ZTF21abbgkgc,events/ZTF21abbgkgc.npz,SN Ia,SNI,core,18,7,11,True
ZTF21abbjybk,events/ZTF21abbjybk.npz,SN Ia,SNI,core,34,13,21,True
ZTF21abbkefe,events/ZTF21abbkefe.npz,SN Ia,SNI,core,106,50,56,True
ZTF21abbkglo,events/ZTF21abbkglo.npz,SN Ia,SNI,core,40,20,20,True
ZTF21abbkwhn,events/ZTF21abbkwhn.npz,CV,CV,core,11,5,6,True
ZTF21abbliav,events/ZTF21abbliav.npz,SN Ia,SNI,core,38,19,19,True
ZTF21abbodnh,events/ZTF21abbodnh.npz,SN Ia,SNI,core,22,11,11,True
ZTF21abbodsc,events/ZTF21abbodsc.npz,SN Ia-91T,SNI,core,11,5,6,True
ZTF21abboibr,events/ZTF21abboibr.npz,SN Ia,SNI,core,16,8,8,True
ZTF21abbomrf,events/ZTF21abbomrf.npz,SN II,SNII,core,64,35,29,True
ZTF21abbsbov,events/ZTF21abbsbov.npz,SN Ia,SNI,core,48,22,26,True
ZTF21abbtgsa,events/ZTF21abbtgsa.npz,SN Ia,SNI,core,17,7,10,True
ZTF21abbuxfm,events/ZTF21abbuxfm.npz,SN Ia,SNI,core,19,9,10,True
ZTF21abbuylk,events/ZTF21abbuylk.npz,SN Ia,SNI,core,21,10,11,True
ZTF21abbvkpr,events/ZTF21abbvkpr.npz,SN Ia,SNI,core,34,17,17,True
ZTF21abbvvmf,events/ZTF21abbvvmf.npz,SN II,SNII,core,9,4,5,True
ZTF21abbwajr,events/ZTF21abbwajr.npz,SN II,SNII,core,13,7,6,True
ZTF21abbwbja,events/ZTF21abbwbja.npz,SN Ia,SNI,core,16,9,7,True
ZTF21abbxdcm,events/ZTF21abbxdcm.npz,SN Ia-91T,SNI,core,55,26,29,True
ZTF21abbxnbm,events/ZTF21abbxnbm.npz,CV,CV,core,13,6,7,True
ZTF21abbxtwv,events/ZTF21abbxtwv.npz,SN Ia,SNI,core,31,9,22,True
ZTF21abbxuez,events/ZTF21abbxuez.npz,SN II,SNII,core,68,0,68,False
ZTF21abbytmm,events/ZTF21abbytmm.npz,SN Ia,SNI,core,23,10,13,True
ZTF21abbzcxe,events/ZTF21abbzcxe.npz,SN Ia,SNI,core,40,18,22,True
ZTF21abbzhvg,events/ZTF21abbzhvg.npz,SN Ia,SNI,core,23,11,12,True
ZTF21abbzjeq,events/ZTF21abbzjeq.npz,SN Ia,SNI,core,71,33,38,True
ZTF21abbzqvv,events/ZTF21abbzqvv.npz,SN Ia,SNI,core,55,25,30,True
ZTF21abcbfsr,events/ZTF21abcbfsr.npz,SN II,SNII,core,5,0,5,False
ZTF21abcbwke,events/ZTF21abcbwke.npz,SN Ia,SNI,core,9,6,3,True
ZTF21abccaue,events/ZTF21abccaue.npz,SN Ib,SNI,core,29,21,8,True
ZTF21abccdld,events/ZTF21abccdld.npz,SN IIn,SNII,core,127,72,55,True
ZTF21abccplz,events/ZTF21abccplz.npz,SN Ia,SNI,core,28,10,18,True
ZTF21abcdtoi,events/ZTF21abcdtoi.npz,SN Ia,SNI,core,39,15,24,True
ZTF21abceehu,events/ZTF21abceehu.npz,SN Ia,SNI,core,31,16,15,True
ZTF21abcfgub,events/ZTF21abcfgub.npz,SN Ia,SNI,core,30,13,17,True
ZTF21abcgaln,events/ZTF21abcgaln.npz,SN Ic,SNI,core,51,28,23,True
ZTF21abcgnql,events/ZTF21abcgnql.npz,SN Ib,SNI,core,24,8,16,True
ZTF21abcgnqn,events/ZTF21abcgnqn.npz,TDE,TDE,core,57,37,20,True
ZTF21abcgrcj,events/ZTF21abcgrcj.npz,SN Ia,SNI,core,31,11,20,True
ZTF21abcgufz,events/ZTF21abcgufz.npz,SN Ia,SNI,core,16,9,7,True
ZTF21abcgxwy,events/ZTF21abcgxwy.npz,SN Ia,SNI,core,28,13,15,True
ZTF21abchdql,events/ZTF21abchdql.npz,SN Ia,SNI,core,22,7,15,True
ZTF21abchjer,events/ZTF21abchjer.npz,SN Ic-BL,SNI,core,15,5,10,True
ZTF21abcimwb,events/ZTF21abcimwb.npz,SN Ia,SNI,core,34,11,23,True
ZTF21abcixor,events/ZTF21abcixor.npz,SN II,SNII,core,56,29,27,True
ZTF21abcjpnm,events/ZTF21abcjpnm.npz,SN II,SNII,core,72,36,36,True
ZTF21abclmdl,events/ZTF21abclmdl.npz,SN IIP,SNII,core,26,0,26,False
ZTF21abcmcuq,events/ZTF21abcmcuq.npz,SN Ia,SNI,core,26,13,13,True
ZTF21abcmepi,events/ZTF21abcmepi.npz,SN Ia,SNI,core,19,9,10,True
ZTF21abcmjdy,events/ZTF21abcmjdy.npz,SN Ia,SNI,core,30,17,13,True
ZTF21abcmlzt,events/ZTF21abcmlzt.npz,SN Ia,SNI,core,42,19,23,True
ZTF21abcmtev,events/ZTF21abcmtev.npz,SN II,SNII,core,53,26,27,True
ZTF21abcmvci,events/ZTF21abcmvci.npz,SN Ia,SNI,core,18,8,10,True
ZTF21abcmzvk,events/ZTF21abcmzvk.npz,SN II,SNII,core,26,16,10,True
ZTF21abcnkbe,events/ZTF21abcnkbe.npz,SN Ia,SNI,core,29,14,15,True
ZTF21abcnpnk,events/ZTF21abcnpnk.npz,SN Ia,SNI,core,41,20,21,True
ZTF21abcnsaa,events/ZTF21abcnsaa.npz,SN Ia,SNI,core,8,2,6,True
ZTF21abconph,events/ZTF21abconph.npz,SN Ia,SNI,core,14,6,8,True
ZTF21abcouxj,events/ZTF21abcouxj.npz,SN Ia,SNI,core,35,18,17,True
ZTF21abcpazz,events/ZTF21abcpazz.npz,SN Ia,SNI,core,34,14,20,True
ZTF21abcrhbt,events/ZTF21abcrhbt.npz,SN Ia,SNI,core,26,12,14,True
ZTF21abcrhpk,events/ZTF21abcrhpk.npz,SN Ia,SNI,core,44,20,24,True
ZTF21abctmnb,events/ZTF21abctmnb.npz,SN Ia,SNI,core,41,20,21,True
ZTF21abctnoh,events/ZTF21abctnoh.npz,SN Ia,SNI,core,21,10,11,True
ZTF21abcwsho,events/ZTF21abcwsho.npz,SN Ia,SNI,core,23,11,12,True
ZTF21abcxner,events/ZTF21abcxner.npz,SN Ia,SNI,core,36,17,19,True
ZTF21abcxswe,events/ZTF21abcxswe.npz,SN Ia,SNI,core,18,0,18,False
ZTF21abcxwxi,events/ZTF21abcxwxi.npz,SN Ia,SNI,core,15,0,15,False
ZTF21abcympb,events/ZTF21abcympb.npz,SN Ia,SNI,core,44,25,19,True
ZTF21abczimc,events/ZTF21abczimc.npz,SN II,SNII,core,51,20,31,True
ZTF21abczjhy,events/ZTF21abczjhy.npz,SN Ia,SNI,core,42,17,25,True
ZTF21abdahai,events/ZTF21abdahai.npz,SN II,SNII,core,42,18,24,True
ZTF21abdahjc,events/ZTF21abdahjc.npz,SN Ia,SNI,core,19,4,15,True
ZTF21abdbodg,events/ZTF21abdbodg.npz,SN Ia,SNI,core,16,8,8,True
ZTF21abdcauj,events/ZTF21abdcauj.npz,SN Ia,SNI,core,26,11,15,True
ZTF21abdfdwi,events/ZTF21abdfdwi.npz,SN Ia,SNI,core,29,14,15,True
ZTF21abdhetx,events/ZTF21abdhetx.npz,SN Ia,SNI,core,28,12,16,True
ZTF21abdiymf,events/ZTF21abdiymf.npz,CV,CV,core,10,6,4,True
ZTF21abdkojo,events/ZTF21abdkojo.npz,SN Ib,SNI,core,15,5,10,True
ZTF21abdlrpr,events/ZTF21abdlrpr.npz,SN Ia,SNI,core,55,37,18,True
ZTF21abdlvxh,events/ZTF21abdlvxh.npz,SN Ia,SNI,core,33,16,17,True
ZTF21abdlyrc,events/ZTF21abdlyrc.npz,SN Ia,SNI,core,41,20,21,True
ZTF21abdmevk,events/ZTF21abdmevk.npz,SN II,SNII,core,79,39,40,True
ZTF21abdonkp,events/ZTF21abdonkp.npz,SN Ia,SNI,core,19,10,9,True
ZTF21abdosld,events/ZTF21abdosld.npz,SN Ia,SNI,core,47,19,28,True
ZTF21abdpgua,events/ZTF21abdpgua.npz,SN Ia,SNI,core,40,23,17,True
ZTF21abdpios,events/ZTF21abdpios.npz,SN Ia,SNI,core,20,13,7,True
ZTF21abdthxn,events/ZTF21abdthxn.npz,SN Ia,SNI,core,32,14,18,True
ZTF21abduoun,events/ZTF21abduoun.npz,SN II,SNII,core,33,12,21,True
ZTF21abdvcaf,events/ZTF21abdvcaf.npz,SN Ia,SNI,core,45,19,26,True
ZTF21abdveqn,events/ZTF21abdveqn.npz,SN Ia,SNI,core,62,29,33,True
ZTF21abdxhgv,events/ZTF21abdxhgv.npz,SN Ib/c,SNI,core,80,36,44,True
ZTF21abebgfr,events/ZTF21abebgfr.npz,SN IIn,SNII,core,55,32,23,True
ZTF21abedvkp,events/ZTF21abedvkp.npz,SN Ia,SNI,core,25,14,11,True
ZTF21abeeewf,events/ZTF21abeeewf.npz,SN Ia,SNI,core,22,10,12,True
ZTF21abegynu,events/ZTF21abegynu.npz,SN Ia-91T,SNI,core,31,14,17,True
ZTF21abeokcr,events/ZTF21abeokcr.npz,SN Ia,SNI,core,30,14,16,True
ZTF21abephjt,events/ZTF21abephjt.npz,SN Ia,SNI,core,44,25,19,True
ZTF21abepqyt,events/ZTF21abepqyt.npz,SN Ib/c,SNI,core,34,9,25,True
ZTF21abetapt,events/ZTF21abetapt.npz,SN Ia,SNI,core,1,0,1,False
ZTF21abexhlq,events/ZTF21abexhlq.npz,SN Ia,SNI,core,68,32,36,True
ZTF21abezcph,events/ZTF21abezcph.npz,CV,CV,core,28,15,13,True
ZTF21abezlqc,events/ZTF21abezlqc.npz,SN Ia,SNI,core,53,25,28,True
ZTF21abezono,events/ZTF21abezono.npz,SN II,SNII,core,35,9,26,True
ZTF21abfaohe,events/ZTF21abfaohe.npz,SN Ia,SNI,core,29,15,14,True
ZTF21abfflmp,events/ZTF21abfflmp.npz,SN Ia-91T,SNI,core,67,35,32,True
ZTF21abfionl,events/ZTF21abfionl.npz,SN II,SNII,core,61,7,54,True
ZTF21abfiuqf,events/ZTF21abfiuqf.npz,SN II,SNII,core,97,45,52,True
ZTF21abfjdev,events/ZTF21abfjdev.npz,SN IIP,SNII,core,5,1,4,False
ZTF21abfjgwr,events/ZTF21abfjgwr.npz,SN Ia,SNI,core,26,11,15,True
ZTF21abfjlxb,events/ZTF21abfjlxb.npz,SN IIb,SNII,core,34,15,19,True
ZTF21abfjrjy,events/ZTF21abfjrjy.npz,SN Ia,SNI,core,9,7,2,True
ZTF21abflgpq,events/ZTF21abflgpq.npz,SN Ia,SNI,core,35,14,21,True
ZTF21abflhkz,events/ZTF21abflhkz.npz,SN II,SNII,core,46,17,29,True
ZTF21abflmkk,events/ZTF21abflmkk.npz,SN Ia,SNI,core,37,17,20,True
ZTF21abflnze,events/ZTF21abflnze.npz,SN Ia,SNI,core,9,4,5,True
ZTF21abfmbix,events/ZTF21abfmbix.npz,SN Ia,SNI,core,14,9,5,True
ZTF21abfmuun,events/ZTF21abfmuun.npz,SN Ia,SNI,core,13,5,8,True
ZTF21abfnfdw,events/ZTF21abfnfdw.npz,SN Ia,SNI,core,91,46,45,True
ZTF21abfnjiu,events/ZTF21abfnjiu.npz,SN Ia,SNI,core,67,31,36,True
ZTF21abfoace,events/ZTF21abfoace.npz,SN IIb,SNII,core,39,14,25,True
ZTF21abfoxwp,events/ZTF21abfoxwp.npz,SN Ia,SNI,core,19,13,6,True
ZTF21abfoyac,events/ZTF21abfoyac.npz,SN II,SNII,core,138,71,67,True
ZTF21abfqisi,events/ZTF21abfqisi.npz,SN Ia,SNI,core,39,19,20,True
ZTF21abfqvjb,events/ZTF21abfqvjb.npz,SN Ia,SNI,core,19,7,12,True
ZTF21abfrbsj,events/ZTF21abfrbsj.npz,SN II,SNII,core,10,3,7,True
ZTF21abfxfqu,events/ZTF21abfxfqu.npz,SN Ia,SNI,core,31,8,23,True
ZTF21abfxhrn,events/ZTF21abfxhrn.npz,SN II,SNII,core,58,26,32,True
ZTF21abfxibf,events/ZTF21abfxibf.npz,SN Ia,SNI,core,5,0,5,False
ZTF21abfxjik,events/ZTF21abfxjik.npz,SN Ia,SNI,core,17,7,10,True
ZTF21abfxjkq,events/ZTF21abfxjkq.npz,SN II,SNII,core,41,16,25,True
ZTF21abfxlvo,events/ZTF21abfxlvo.npz,SN Ia,SNI,core,47,18,29,True
ZTF21abfyxpf,events/ZTF21abfyxpf.npz,SN Ia-pec,SNI,core,41,23,18,True
ZTF21abgcgem,events/ZTF21abgcgem.npz,SN Ia,SNI,core,26,14,12,True
ZTF21abgdngg,events/ZTF21abgdngg.npz,SN Ia,SNI,core,10,7,3,True
ZTF21abghumo,events/ZTF21abghumo.npz,SN IIn,SNII,core,75,38,37,True
ZTF21abgjdtt,events/ZTF21abgjdtt.npz,CV,CV,core,27,11,16,True
ZTF21abgjldn,events/ZTF21abgjldn.npz,SN IIn,SNII,core,51,24,27,True
ZTF21abglcxm,events/ZTF21abglcxm.npz,SN II,SNII,core,23,9,14,True
ZTF21abgmyzw,events/ZTF21abgmyzw.npz,SN Ia,SNI,core,33,15,18,True
ZTF21abgxudc,events/ZTF21abgxudc.npz,SN Ia,SNI,core,29,14,15,True
ZTF21abgywtg,events/ZTF21abgywtg.npz,SN Ia,SNI,core,19,10,9,True
ZTF21abgywux,events/ZTF21abgywux.npz,SN II,SNII,core,20,6,14,True
ZTF21abgyxmv,events/ZTF21abgyxmv.npz,SN II,SNII,core,35,14,21,True
ZTF21abgzlyi,events/ZTF21abgzlyi.npz,SN Ia,SNI,core,35,14,21,True
ZTF21abgzphy,events/ZTF21abgzphy.npz,SN Ia,SNI,core,25,1,24,False
ZTF21abgzpii,events/ZTF21abgzpii.npz,SN Ia,SNI,core,70,7,63,True
ZTF21abgzyvg,events/ZTF21abgzyvg.npz,SN IIn,SNII,core,8,4,4,True
ZTF21abhaqju,events/ZTF21abhaqju.npz,SN Ia,SNI,core,30,13,17,True
ZTF21abhfzzs,events/ZTF21abhfzzs.npz,SN Ia-91bg,SNI,core,13,3,10,True
ZTF21abhhbmd,events/ZTF21abhhbmd.npz,SN Ia,SNI,core,33,15,18,True
ZTF21abhhrpj,events/ZTF21abhhrpj.npz,SN II,SNII,core,68,32,36,True
ZTF21abhibro,events/ZTF21abhibro.npz,SN IIn,SNII,core,46,21,25,True
ZTF21abhkeak,events/ZTF21abhkeak.npz,SN Ia,SNI,core,37,18,19,True
ZTF21abhqhqb,events/ZTF21abhqhqb.npz,SN II,SNII,core,29,14,15,True
ZTF21abhqirx,events/ZTF21abhqirx.npz,SN Ia,SNI,core,8,3,5,True
ZTF21abhqqfa,events/ZTF21abhqqfa.npz,SN IIn,SNII,core,37,19,18,True
ZTF21abhqqwq,events/ZTF21abhqqwq.npz,SN Ia,SNI,core,7,7,0,False
ZTF21abhrchb,events/ZTF21abhrchb.npz,TDE,TDE,core,37,19,18,True
ZTF21abhrmrv,events/ZTF21abhrmrv.npz,SN Ia,SNI,core,61,27,34,True
ZTF21abhrpia,events/ZTF21abhrpia.npz,SN Ic,SNI,core,11,11,0,False
ZTF21abhshmt,events/ZTF21abhshmt.npz,SN Ia-91T,SNI,core,35,19,16,True
ZTF21abhtafw,events/ZTF21abhtafw.npz,SN Ia,SNI,core,64,36,28,True
ZTF21abhtaiv,events/ZTF21abhtaiv.npz,SN Ia,SNI,core,26,13,13,True
ZTF21abhthvj,events/ZTF21abhthvj.npz,SN Ia,SNI,core,15,9,6,True
ZTF21abhtkiy,events/ZTF21abhtkiy.npz,SN Ia,SNI,core,53,25,28,True
ZTF21abhtlrj,events/ZTF21abhtlrj.npz,SN Ia,SNI,core,64,31,33,True
ZTF21abhuoyz,events/ZTF21abhuoyz.npz,SN Ia,SNI,core,21,9,12,True
ZTF21abhuqpe,events/ZTF21abhuqpe.npz,SN Ia,SNI,core,23,12,11,True
ZTF21abhvexz,events/ZTF21abhvexz.npz,SN Ia,SNI,core,3,2,1,False
ZTF21abhvquj,events/ZTF21abhvquj.npz,SN Ia,SNI,core,22,12,10,True
ZTF21abhwnvw,events/ZTF21abhwnvw.npz,SN Ia,SNI,core,23,12,11,True
ZTF21abhymom,events/ZTF21abhymom.npz,SN Ia,SNI,core,15,7,8,True
ZTF21abhyqlv,events/ZTF21abhyqlv.npz,SN II,SNII,core,69,36,33,True
ZTF21abhyukx,events/ZTF21abhyukx.npz,SN Ia,SNI,core,24,13,11,True
ZTF21abhzboh,events/ZTF21abhzboh.npz,SN Ia,SNI,core,12,5,7,True
ZTF21abhzicj,events/ZTF21abhzicj.npz,SN Ia,SNI,core,45,23,22,True
ZTF21abiacmi,events/ZTF21abiacmi.npz,SN Ia,SNI,core,32,13,19,True
ZTF21abiacoi,events/ZTF21abiacoi.npz,SN Ia,SNI,core,39,15,24,True
ZTF21abiatkr,events/ZTF21abiatkr.npz,SN Ia,SNI,core,82,11,71,True
ZTF21abiawpf,events/ZTF21abiawpf.npz,SN Ia,SNI,core,23,12,11,True
ZTF21abibafp,events/ZTF21abibafp.npz,SN Ia-91bg,SNI,core,6,3,3,False
ZTF21abibhpm,events/ZTF21abibhpm.npz,SN Ia-pec,SNI,core,20,10,10,True
ZTF21abiblpl,events/ZTF21abiblpl.npz,SN II,SNII,core,68,33,35,True
ZTF21abicabp,events/ZTF21abicabp.npz,SN Ia,SNI,core,23,8,15,True
ZTF21abicajm,events/ZTF21abicajm.npz,SN Ia,SNI,core,11,3,8,True
ZTF21abicckd,events/ZTF21abicckd.npz,SN Ia,SNI,core,23,14,9,True
ZTF21abicgai,events/ZTF21abicgai.npz,SN Ia,SNI,core,39,16,23,True
ZTF21abidikc,events/ZTF21abidikc.npz,SN Ia,SNI,core,21,11,10,True
ZTF21abidrcn,events/ZTF21abidrcn.npz,SN IIb,SNII,core,57,30,27,True
ZTF21abidtrd,events/ZTF21abidtrd.npz,SN Ia,SNI,core,29,13,16,True
ZTF21abienbe,events/ZTF21abienbe.npz,SN Ia-91T,SNI,core,31,16,15,True
ZTF21abieuta,events/ZTF21abieuta.npz,SN Ib,SNI,core,21,7,14,True
ZTF21abiewrh,events/ZTF21abiewrh.npz,SN Ia,SNI,core,17,9,8,True
ZTF21abifrsi,events/ZTF21abifrsi.npz,SN Ia,SNI,core,18,8,10,True
ZTF21abifutc,events/ZTF21abifutc.npz,SN Ia,SNI,core,4,3,1,False
ZTF21abifxhe,events/ZTF21abifxhe.npz,SN Ia,SNI,core,21,11,10,True
ZTF21abilrxd,events/ZTF21abilrxd.npz,SN Ia,SNI,core,43,23,20,True
ZTF21abimejj,events/ZTF21abimejj.npz,SN Ia,SNI,core,70,33,37,True
ZTF21abimeun,events/ZTF21abimeun.npz,SN Ib,SNI,core,8,3,5,True
ZTF21abimnii,events/ZTF21abimnii.npz,SN Ib,SNI,core,41,16,25,True
ZTF21abioeyq,events/ZTF21abioeyq.npz,SN II,SNII,core,17,8,9,True
ZTF21abisowq,events/ZTF21abisowq.npz,SN Ia,SNI,core,23,14,9,True
ZTF21abistmz,events/ZTF21abistmz.npz,SN Ia,SNI,core,14,7,7,True
ZTF21abiuvdk,events/ZTF21abiuvdk.npz,SN Ia,SNI,core,59,30,29,True
ZTF21abiwpjm,events/ZTF21abiwpjm.npz,SN IIn,SNII,core,12,8,4,True
ZTF21abiyyob,events/ZTF21abiyyob.npz,SN Ia,SNI,core,56,25,31,True
ZTF21abizmnw,events/ZTF21abizmnw.npz,SN Ia,SNI,core,13,6,7,True
ZTF21abizpri,events/ZTF21abizpri.npz,SN Ia,SNI,core,21,8,13,True
ZTF21abizxkw,events/ZTF21abizxkw.npz,SN Ia,SNI,core,29,14,15,True
ZTF21abjaksr,events/ZTF21abjaksr.npz,SN Ia,SNI,core,30,13,17,True
ZTF21abjamta,events/ZTF21abjamta.npz,SN II,SNII,core,16,8,8,True
ZTF21abjbfpg,events/ZTF21abjbfpg.npz,SN II,SNII,core,32,14,18,True
ZTF21abjbjba,events/ZTF21abjbjba.npz,SN Ia,SNI,core,4,3,1,False
ZTF21abjbnhh,events/ZTF21abjbnhh.npz,SN Ia,SNI,core,33,16,17,True
ZTF21abjbrrj,events/ZTF21abjbrrj.npz,SN Ia,SNI,core,16,8,8,True
ZTF21abjbukd,events/ZTF21abjbukd.npz,SN II,SNII,core,15,8,7,True
ZTF21abjciip,events/ZTF21abjciip.npz,SN Ia,SNI,core,36,17,19,True
ZTF21abjcliz,events/ZTF21abjcliz.npz,SN II,SNII,core,23,2,21,True
ZTF21abjdiok,events/ZTF21abjdiok.npz,SN Ia,SNI,core,39,18,21,True
ZTF21abjdqbo,events/ZTF21abjdqbo.npz,SN Ia,SNI,core,32,16,16,True
ZTF21abjeyoh,events/ZTF21abjeyoh.npz,SN Ia,SNI,core,47,23,24,True
ZTF21abjhiqp,events/ZTF21abjhiqp.npz,SN IIn,SNII,core,58,26,32,True
ZTF21abjhxqg,events/ZTF21abjhxqg.npz,SN Ia,SNI,core,32,18,14,True
ZTF21abjpphz,events/ZTF21abjpphz.npz,SN Ia,SNI,core,25,12,13,True
ZTF21abjrptn,events/ZTF21abjrptn.npz,SN Ia,SNI,core,48,19,29,True
ZTF21abjrwhq,events/ZTF21abjrwhq.npz,SN Ia,SNI,core,28,15,13,True
ZTF21abjrysr,events/ZTF21abjrysr.npz,TDE,TDE,core,50,26,24,True
ZTF21abjtncs,events/ZTF21abjtncs.npz,SN Ia,SNI,core,9,5,4,True
ZTF21abjtqyq,events/ZTF21abjtqyq.npz,SN Ia,SNI,core,90,41,49,True
ZTF21abjvtxq,events/ZTF21abjvtxq.npz,SN Ia,SNI,core,26,15,11,True
ZTF21abjvukz,events/ZTF21abjvukz.npz,SN IIn,SNII,core,60,29,31,True
ZTF21abjvwcd,events/ZTF21abjvwcd.npz,SN Ia,SNI,core,70,26,44,True
ZTF21abjvwdj,events/ZTF21abjvwdj.npz,SN Ia,SNI,core,25,8,17,True
ZTF21abjwtrk,events/ZTF21abjwtrk.npz,SN IIb,SNII,core,7,3,4,False
ZTF21abjwvzu,events/ZTF21abjwvzu.npz,SN Ia,SNI,core,38,2,36,True
ZTF21abjxbxn,events/ZTF21abjxbxn.npz,SN Ia,SNI,core,10,5,5,True
ZTF21abjyiiw,events/ZTF21abjyiiw.npz,SN IIb,SNII,core,34,13,21,True
ZTF21abjziud,events/ZTF21abjziud.npz,SN Ib,SNI,core,5,0,5,False
ZTF21abjzkjf,events/ZTF21abjzkjf.npz,SN Ia,SNI,core,12,5,7,True
ZTF21abkajar,events/ZTF21abkajar.npz,SN IIP,SNII,core,1,1,0,False
ZTF21abkaoxe,events/ZTF21abkaoxe.npz,SN Ia,SNI,core,26,13,13,True
ZTF21abkavmp,events/ZTF21abkavmp.npz,SN Ia,SNI,core,27,13,14,True
ZTF21abkdpnw,events/ZTF21abkdpnw.npz,SN Ia,SNI,core,138,74,64,True
ZTF21abkezqs,events/ZTF21abkezqs.npz,SN Ia,SNI,core,10,7,3,True
ZTF21abkggoa,events/ZTF21abkggoa.npz,SN II,SNII,core,40,15,25,True
ZTF21abkiefj,events/ZTF21abkiefj.npz,SN Ia-91T,SNI,core,27,12,15,True
ZTF21abkintm,events/ZTF21abkintm.npz,SN Ia,SNI,core,27,12,15,True
ZTF21abkkuja,events/ZTF21abkkuja.npz,SN Ia,SNI,core,26,13,13,True
ZTF21abkkwie,events/ZTF21abkkwie.npz,SN Ia,SNI,core,20,10,10,True
ZTF21abklcjq,events/ZTF21abklcjq.npz,SN Ic,SNI,core,45,20,25,True
ZTF21abklnfg,events/ZTF21abklnfg.npz,SN Ia,SNI,core,15,6,9,True
ZTF21abkoccb,events/ZTF21abkoccb.npz,SN II,SNII,core,49,30,19,True
ZTF21abkqkon,events/ZTF21abkqkon.npz,SN Ia,SNI,core,25,11,14,True
ZTF21abkquhv,events/ZTF21abkquhv.npz,SN Ib/c,SNI,core,19,6,13,True
ZTF21abkrteb,events/ZTF21abkrteb.npz,SN Ia,SNI,core,19,10,9,True
ZTF21abkygpt,events/ZTF21abkygpt.npz,SN Ia-pec,SNI,core,1,0,1,False
ZTF21abkzgae,events/ZTF21abkzgae.npz,SN Ia,SNI,core,37,18,19,True
ZTF21ablducj,events/ZTF21ablducj.npz,SN Ia,SNI,core,35,12,23,True
ZTF21ablimml,events/ZTF21ablimml.npz,CV,CV,core,6,4,2,False
ZTF21abljmmv,events/ZTF21abljmmv.npz,SN Ia,SNI,core,29,13,16,True
ZTF21ablqsnv,events/ZTF21ablqsnv.npz,SN Ia,SNI,core,26,15,11,True
ZTF21ablrhtk,events/ZTF21ablrhtk.npz,SN Ia,SNI,core,30,13,17,True
ZTF21ablvtrn,events/ZTF21ablvtrn.npz,SN Ia,SNI,core,19,11,8,True
ZTF21ablvzhp,events/ZTF21ablvzhp.npz,SN II,SNII,core,54,28,26,True
ZTF21ablwdur,events/ZTF21ablwdur.npz,SN Ia,SNI,core,24,11,13,True
ZTF21ablwehd,events/ZTF21ablwehd.npz,SN II,SNII,core,18,7,11,True
ZTF21ablwfcp,events/ZTF21ablwfcp.npz,SN Ia,SNI,core,54,23,31,True
ZTF21ablxfwc,events/ZTF21ablxfwc.npz,SN Ia,SNI,core,52,15,37,True
ZTF21abmcori,events/ZTF21abmcori.npz,SN Ia,SNI,core,19,8,11,True
ZTF21abmdfyi,events/ZTF21abmdfyi.npz,SN II,SNII,core,16,6,10,True
ZTF21abmdgyx,events/ZTF21abmdgyx.npz,SN Ia,SNI,core,40,24,16,True
ZTF21abmdhes,events/ZTF21abmdhes.npz,SN Ia,SNI,core,25,10,15,True
ZTF21abmdnft,events/ZTF21abmdnft.npz,SN Ia,SNI,core,16,6,10,True
ZTF21abmemav,events/ZTF21abmemav.npz,CV,CV,core,8,4,4,True
ZTF21abmfrad,events/ZTF21abmfrad.npz,SN Ia,SNI,core,49,24,25,True
ZTF21abmgxyu,events/ZTF21abmgxyu.npz,SN Ia,SNI,core,29,14,15,True
ZTF21abmjgwf,events/ZTF21abmjgwf.npz,SN Ic-BL,SNI,core,51,23,28,True
ZTF21abmjivk,events/ZTF21abmjivk.npz,SN Ia,SNI,core,40,18,22,True
ZTF21abmlldj,events/ZTF21abmlldj.npz,SN Ib-pec,SNI,core,49,22,27,True
ZTF21abmpnui,events/ZTF21abmpnui.npz,SN Ia,SNI,core,37,13,24,True
ZTF21abmqpja,events/ZTF21abmqpja.npz,SN Ia,SNI,core,21,11,10,True
ZTF21abmspkq,events/ZTF21abmspkq.npz,SN Ia,SNI,core,11,8,3,True
ZTF21abmsppx,events/ZTF21abmsppx.npz,SN Ia,SNI,core,27,12,15,True
ZTF21abmspzt,events/ZTF21abmspzt.npz,SN Ia,SNI,core,24,12,12,True
ZTF21abmwgdf,events/ZTF21abmwgdf.npz,SN Ia,SNI,core,32,18,14,True
ZTF21abmwghp,events/ZTF21abmwghp.npz,SN Ia,SNI,core,25,13,12,True
ZTF21abmwgow,events/ZTF21abmwgow.npz,SN Ia,SNI,core,10,4,6,True
ZTF21abmwmnp,events/ZTF21abmwmnp.npz,SN Ia,SNI,core,19,10,9,True
ZTF21abmwwsq,events/ZTF21abmwwsq.npz,SN Ia,SNI,core,49,21,28,True
ZTF21abmwzxt,events/ZTF21abmwzxt.npz,SN II,SNII,core,43,19,24,True
ZTF21abmxiuf,events/ZTF21abmxiuf.npz,SN Ib,SNI,core,52,26,26,True
ZTF21abmxkcq,events/ZTF21abmxkcq.npz,SN IIb,SNII,core,13,8,5,True
ZTF21abmzpmc,events/ZTF21abmzpmc.npz,SN Ia,SNI,core,14,8,6,True
ZTF21abmzrdz,events/ZTF21abmzrdz.npz,SN Ia,SNI,core,5,3,2,False
ZTF21abnabtv,events/ZTF21abnabtv.npz,SN Ia,SNI,core,13,7,6,True
ZTF21abnfdqg,events/ZTF21abnfdqg.npz,SN Ia-91bg,SNI,core,9,4,5,True
ZTF21abnfgff,events/ZTF21abnfgff.npz,SN Ia,SNI,core,20,9,11,True
ZTF21abngbrl,events/ZTF21abngbrl.npz,SN Ib,SNI,core,16,8,8,True
ZTF21abnlhxs,events/ZTF21abnlhxs.npz,SN II,SNII,core,60,32,28,True
ZTF21abnspht,events/ZTF21abnspht.npz,SN Ia,SNI,core,11,6,5,True
ZTF21abnudtb,events/ZTF21abnudtb.npz,SN II,SNII,core,68,35,33,True
ZTF21abnujlh,events/ZTF21abnujlh.npz,SN Ia,SNI,core,102,46,56,True
ZTF21abnuldi,events/ZTF21abnuldi.npz,SN IIb,SNII,core,25,11,14,True
ZTF21abnvlnj,events/ZTF21abnvlnj.npz,SN II,SNII,core,13,7,6,True
ZTF21abnvsic,events/ZTF21abnvsic.npz,SN Ia,SNI,core,32,15,17,True
ZTF21abothvq,events/ZTF21abothvq.npz,SN Ia,SNI,core,50,24,26,True
ZTF21abotose,events/ZTF21abotose.npz,SN IIb,SNII,core,26,12,14,True
ZTF21abotuqo,events/ZTF21abotuqo.npz,SN Ia,SNI,core,61,32,29,True
ZTF21abouexm,events/ZTF21abouexm.npz,SN Ia,SNI,core,47,24,23,True
ZTF21abourqt,events/ZTF21abourqt.npz,SN Ia-91bg,SNI,core,14,6,8,True
ZTF21abousyu,events/ZTF21abousyu.npz,SN Ia,SNI,core,37,18,19,True
ZTF21abouuat,events/ZTF21abouuat.npz,SN II,SNII,core,116,61,55,True
ZTF21abouuow,events/ZTF21abouuow.npz,SN Ia,SNI,core,58,24,34,True
ZTF21abouznj,events/ZTF21abouznj.npz,SN II,SNII,core,24,12,12,True
ZTF21abovblm,events/ZTF21abovblm.npz,SN Ia,SNI,core,11,6,5,True
ZTF21abowpnd,events/ZTF21abowpnd.npz,SN Ia,SNI,core,25,12,13,True
ZTF21abowqqa,events/ZTF21abowqqa.npz,SN Ia,SNI,core,29,13,16,True
ZTF21abowrey,events/ZTF21abowrey.npz,SN Ia,SNI,core,15,8,7,True
ZTF21abowsub,events/ZTF21abowsub.npz,SN Ia,SNI,core,31,15,16,True
ZTF21abowyfn,events/ZTF21abowyfn.npz,SN Ia,SNI,core,4,1,3,False
ZTF21abpamxn,events/ZTF21abpamxn.npz,SN Ia,SNI,core,20,9,11,True
ZTF21abpaodi,events/ZTF21abpaodi.npz,SN Ia,SNI,core,34,19,15,True
ZTF21abpapvy,events/ZTF21abpapvy.npz,SN Ia,SNI,core,49,21,28,True
ZTF21abpivbd,events/ZTF21abpivbd.npz,SN Ia,SNI,core,25,13,12,True
ZTF21abpjpxr,events/ZTF21abpjpxr.npz,SN Ia,SNI,core,45,23,22,True
ZTF21abplgag,events/ZTF21abplgag.npz,SN Ia,SNI,core,21,7,14,True
ZTF21abplhpw,events/ZTF21abplhpw.npz,SN Ib,SNI,core,47,20,27,True
ZTF21abplsmq,events/ZTF21abplsmq.npz,SN Ia,SNI,core,16,4,12,True
ZTF21abplypq,events/ZTF21abplypq.npz,SN II,SNII,core,26,9,17,True
ZTF21abpmlxu,events/ZTF21abpmlxu.npz,SN IIn,SNII,core,52,30,22,True
ZTF21abpryuv,events/ZTF21abpryuv.npz,SN Ia,SNI,core,20,9,11,True
ZTF21abprzfg,events/ZTF21abprzfg.npz,SN Ia,SNI,core,66,31,35,True
ZTF21abptxfk,events/ZTF21abptxfk.npz,SN II,SNII,core,57,30,27,True
ZTF21abpuent,events/ZTF21abpuent.npz,SN II,SNII,core,3,1,2,False
ZTF21abpvrhn,events/ZTF21abpvrhn.npz,SN Ia,SNI,core,23,9,14,True
ZTF21abpvssa,events/ZTF21abpvssa.npz,SN Ia-pec,SNI,core,119,52,67,True
ZTF21abpwtde,events/ZTF21abpwtde.npz,SN Ib/c,SNI,core,32,10,22,True
ZTF21abpxquj,events/ZTF21abpxquj.npz,SN IIn,SNII,core,96,44,52,True
ZTF21abpxsck,events/ZTF21abpxsck.npz,SN II,SNII,core,20,8,12,True
ZTF21abpxuss,events/ZTF21abpxuss.npz,SN Ia,SNI,core,15,3,12,True
ZTF21abpyauz,events/ZTF21abpyauz.npz,SN II,SNII,core,53,26,27,True
ZTF21abqfpsc,events/ZTF21abqfpsc.npz,SN Ia-91T,SNI,core,26,13,13,True
ZTF21abqftqr,events/ZTF21abqftqr.npz,SN Ia,SNI,core,65,31,34,True
ZTF21abqfttg,events/ZTF21abqfttg.npz,SN Ia,SNI,core,19,7,12,True
ZTF21abqgbau,events/ZTF21abqgbau.npz,SN Ia,SNI,core,18,8,10,True
ZTF21abqgrqd,events/ZTF21abqgrqd.npz,SN IIb,SNII,core,9,4,5,True
ZTF21abqikvn,events/ZTF21abqikvn.npz,SN Ia,SNI,core,60,29,31,True
ZTF21abqixak,events/ZTF21abqixak.npz,SN Ia,SNI,core,22,8,14,True
ZTF21abqjjrb,events/ZTF21abqjjrb.npz,SN II,SNII,core,25,11,14,True
ZTF21abqmrtm,events/ZTF21abqmrtm.npz,SN II,SNII,core,40,21,19,True
ZTF21abqmrun,events/ZTF21abqmrun.npz,SN II,SNII,core,153,78,75,True
ZTF21abqpwpu,events/ZTF21abqpwpu.npz,SN Ia,SNI,core,54,24,30,True
ZTF21abqqbfz,events/ZTF21abqqbfz.npz,SN Ia,SNI,core,21,8,13,True
ZTF21abqqcxf,events/ZTF21abqqcxf.npz,SN Ia,SNI,core,16,6,10,True
ZTF21abqsysj,events/ZTF21abqsysj.npz,SN Ia-91T,SNI,core,59,29,30,True
ZTF21abqtckk,events/ZTF21abqtckk.npz,TDE,TDE,core,41,23,18,True
ZTF21abqueax,events/ZTF21abqueax.npz,SN Ia,SNI,core,23,11,12,True
ZTF21abqvykn,events/ZTF21abqvykn.npz,SN Ia-91bg,SNI,core,21,10,11,True
ZTF21abqvyyz,events/ZTF21abqvyyz.npz,SN Ia,SNI,core,22,10,12,True
ZTF21abqvzjy,events/ZTF21abqvzjy.npz,SN II,SNII,core,46,20,26,True
ZTF21abqxmpa,events/ZTF21abqxmpa.npz,SN II,SNII,core,12,4,8,True
ZTF21abqymzg,events/ZTF21abqymzg.npz,SN Ia,SNI,core,26,17,9,True
ZTF21abqzays,events/ZTF21abqzays.npz,SN Ia,SNI,core,23,10,13,True
ZTF21abraccv,events/ZTF21abraccv.npz,SN Ic,SNI,core,49,21,28,True
ZTF21abrapmf,events/ZTF21abrapmf.npz,SN Ia,SNI,core,10,5,5,True
ZTF21abrfvax,events/ZTF21abrfvax.npz,SN Ic,SNI,core,14,6,8,True
ZTF21abrgbex,events/ZTF21abrgbex.npz,SN IIb,SNII,core,37,14,23,True
ZTF21abrghol,events/ZTF21abrghol.npz,SN Ia,SNI,core,45,21,24,True
ZTF21abrhggj,events/ZTF21abrhggj.npz,SN Ia,SNI,core,32,13,19,True
ZTF21abrlslx,events/ZTF21abrlslx.npz,SN Ia,SNI,core,26,11,15,True
ZTF21abrluay,events/ZTF21abrluay.npz,SN II,SNII,core,61,28,33,True
ZTF21abrmefg,events/ZTF21abrmefg.npz,SN Ia,SNI,core,27,13,14,True
ZTF21abrofrx,events/ZTF21abrofrx.npz,SN Ia,SNI,core,22,15,7,True
ZTF21abrotmc,events/ZTF21abrotmc.npz,SN Ia,SNI,core,40,17,23,True
ZTF21abrpdjh,events/ZTF21abrpdjh.npz,SN Ib/c,SNI,core,13,2,11,True
ZTF21abrpdsp,events/ZTF21abrpdsp.npz,SN Ia,SNI,core,37,20,17,True
ZTF21abrpdwb,events/ZTF21abrpdwb.npz,SN II,SNII,core,21,5,16,True
ZTF21abrpeix,events/ZTF21abrpeix.npz,SN Ia,SNI,core,18,4,14,True
ZTF21abrpkzp,events/ZTF21abrpkzp.npz,SN Ia,SNI,core,27,11,16,True
ZTF21abrpoaq,events/ZTF21abrpoaq.npz,SN Ia,SNI,core,27,11,16,True
ZTF21abrqrsz,events/ZTF21abrqrsz.npz,SN Ib,SNI,core,21,0,21,False
ZTF21abrskvb,events/ZTF21abrskvb.npz,SN Ia,SNI,core,14,5,9,True
ZTF21abrssvd,events/ZTF21abrssvd.npz,SN Ia,SNI,core,19,9,10,True
ZTF21abrthyb,events/ZTF21abrthyb.npz,CV,CV,core,19,10,9,True
ZTF21abrxgiv,events/ZTF21abrxgiv.npz,SN Ia,SNI,core,30,11,19,True
ZTF21abrxoir,events/ZTF21abrxoir.npz,SN Ia,SNI,core,105,51,54,True
ZTF21abrxwvv,events/ZTF21abrxwvv.npz,SN Ia,SNI,core,22,11,11,True
ZTF21abrylwg,events/ZTF21abrylwg.npz,SN Ia,SNI,core,34,15,19,True
ZTF21abrzdqx,events/ZTF21abrzdqx.npz,SN Ia,SNI,core,25,10,15,True
ZTF21abrzsol,events/ZTF21abrzsol.npz,SN Ia,SNI,core,22,11,11,True
ZTF21absbrag,events/ZTF21absbrag.npz,SN Ia,SNI,core,11,6,5,True
ZTF21absbrbd,events/ZTF21absbrbd.npz,SN Ia,SNI,core,9,4,5,True
ZTF21absbujl,events/ZTF21absbujl.npz,SN Ia,SNI,core,43,21,22,True
ZTF21absbwyz,events/ZTF21absbwyz.npz,SN Ia,SNI,core,16,8,8,True
ZTF21abscohx,events/ZTF21abscohx.npz,SN Ia,SNI,core,16,7,9,True
ZTF21abshszs,events/ZTF21abshszs.npz,SN Ia,SNI,core,22,5,17,True
ZTF21absjlur,events/ZTF21absjlur.npz,SN Ia-91T,SNI,core,66,27,39,True
ZTF21abskgap,events/ZTF21abskgap.npz,SN Ia,SNI,core,34,13,21,True
ZTF21absvlrr,events/ZTF21absvlrr.npz,SN Ia,SNI,core,106,51,55,True
ZTF21absxxew,events/ZTF21absxxew.npz,SN II,SNII,core,45,0,45,False
ZTF21abtaxou,events/ZTF21abtaxou.npz,SN Ia,SNI,core,30,11,19,True
ZTF21abtbygc,events/ZTF21abtbygc.npz,SN Ia,SNI,core,18,8,10,True
ZTF21abtcftb,events/ZTF21abtcftb.npz,SN Ia,SNI,core,73,50,23,True
ZTF21abtcgdo,events/ZTF21abtcgdo.npz,SN II,SNII,core,25,13,12,True
ZTF21abtcgoh,events/ZTF21abtcgoh.npz,SN II,SNII,core,50,27,23,True
ZTF21abtdlno,events/ZTF21abtdlno.npz,SN Ia,SNI,core,77,18,59,True
ZTF21abtdvpg,events/ZTF21abtdvpg.npz,SN IIn,SNII,core,6,2,4,False
ZTF21abtephz,events/ZTF21abtephz.npz,SN II,SNII,core,25,7,18,True
ZTF21abtfogg,events/ZTF21abtfogg.npz,SN Ia,SNI,core,23,8,15,True
ZTF21abtgbwr,events/ZTF21abtgbwr.npz,SN Ia,SNI,core,24,10,14,True
ZTF21abtorlk,events/ZTF21abtorlk.npz,SN IIn,SNII,core,50,25,25,True
ZTF21abtsoky,events/ZTF21abtsoky.npz,SN Ia,SNI,core,21,10,11,True
ZTF21abtucck,events/ZTF21abtucck.npz,SN Ia,SNI,core,14,11,3,True
ZTF21abtuutw,events/ZTF21abtuutw.npz,SN Ia,SNI,core,18,8,10,True
ZTF21abtwvyl,events/ZTF21abtwvyl.npz,SN Ia-pec,SNI,core,22,7,15,True
ZTF21abtxglm,events/ZTF21abtxglm.npz,SN Ia,SNI,core,22,10,12,True
ZTF21abtxnir,events/ZTF21abtxnir.npz,SN Ia,SNI,core,38,17,21,True
ZTF21abtxqza,events/ZTF21abtxqza.npz,SN Ia,SNI,core,34,11,23,True
ZTF21abtxxdq,events/ZTF21abtxxdq.npz,SN II,SNII,core,98,45,53,True
ZTF21abtxxjk,events/ZTF21abtxxjk.npz,SN Ia,SNI,core,21,8,13,True
ZTF21abtzlnh,events/ZTF21abtzlnh.npz,SN II,SNII,core,34,14,20,True
ZTF21abtzmlz,events/ZTF21abtzmlz.npz,SN Ia,SNI,core,11,11,0,False
ZTF21abubpng,events/ZTF21abubpng.npz,SN II,SNII,core,31,13,18,True
ZTF21abubxmc,events/ZTF21abubxmc.npz,SN Ia,SNI,core,39,14,25,True
ZTF21abuetqc,events/ZTF21abuetqc.npz,SN Ia,SNI,core,12,0,12,False
ZTF21abuetwv,events/ZTF21abuetwv.npz,SN Ia,SNI,core,25,13,12,True
ZTF21abufayv,events/ZTF21abufayv.npz,SN Ia,SNI,core,30,14,16,True
ZTF21abuffew,events/ZTF21abuffew.npz,SN Ia,SNI,core,25,9,16,True
ZTF21abugfqj,events/ZTF21abugfqj.npz,CV,CV,core,9,5,4,True
ZTF21abuguyw,events/ZTF21abuguyw.npz,SN II,SNII,core,12,5,7,True
ZTF21abuibjs,events/ZTF21abuibjs.npz,SN Ia,SNI,core,102,54,48,True
ZTF21abujefa,events/ZTF21abujefa.npz,SN Ia-91T,SNI,core,35,17,18,True
ZTF21abujejr,events/ZTF21abujejr.npz,SN Ia,SNI,core,63,27,36,True
ZTF21abujgmr,events/ZTF21abujgmr.npz,SN IIn,SNII,core,76,35,41,True
ZTF21abukrln,events/ZTF21abukrln.npz,SN Ia,SNI,core,31,15,16,True
ZTF21abukwfl,events/ZTF21abukwfl.npz,SN Ia,SNI,core,18,9,9,True
ZTF21abulpnc,events/ZTF21abulpnc.npz,SN IIn,SNII,core,44,21,23,True
ZTF21abulrsl,events/ZTF21abulrsl.npz,SN Ia-91bg,SNI,core,16,9,7,True
ZTF21abulsgn,events/ZTF21abulsgn.npz,SN Ia,SNI,core,62,5,57,True
ZTF21abultbr,events/ZTF21abultbr.npz,SN II,SNII,core,47,16,31,True
ZTF21abutpwh,events/ZTF21abutpwh.npz,SN Ia-91T,SNI,core,28,13,15,True
ZTF21abuuzrk,events/ZTF21abuuzrk.npz,SN Ia,SNI,core,16,8,8,True
ZTF21abuxitb,events/ZTF21abuxitb.npz,SN II,SNII,core,29,12,17,True
ZTF21abuxuxj,events/ZTF21abuxuxj.npz,SN Ia,SNI,core,46,24,22,True
ZTF21abuyhau,events/ZTF21abuyhau.npz,SN Ia,SNI,core,28,14,14,True
ZTF21abuykoj,events/ZTF21abuykoj.npz,SN Ia,SNI,core,2,1,1,False
ZTF21abuykso,events/ZTF21abuykso.npz,SN II,SNII,core,6,3,3,False
ZTF21abuyyxi,events/ZTF21abuyyxi.npz,SN Ia,SNI,core,25,9,16,True
ZTF21abvajfq,events/ZTF21abvajfq.npz,SN Ia,SNI,core,16,6,10,True
ZTF21abvajfr,events/ZTF21abvajfr.npz,SN Ia,SNI,core,25,11,14,True
ZTF21abvarfi,events/ZTF21abvarfi.npz,SN Ia,SNI,core,6,3,3,False
ZTF21abvbdyr,events/ZTF21abvbdyr.npz,SN II,SNII,core,34,13,21,True
ZTF21abvbhul,events/ZTF21abvbhul.npz,SN Ia,SNI,core,24,9,15,True
ZTF21abvbihc,events/ZTF21abvbihc.npz,SN Ia,SNI,core,22,10,12,True
ZTF21abvcarc,events/ZTF21abvcarc.npz,SN Ia,SNI,core,39,16,23,True
ZTF21abvctva,events/ZTF21abvctva.npz,SN Ia,SNI,core,14,6,8,True
ZTF21abvcugy,events/ZTF21abvcugy.npz,SN Ib/c,SNI,core,22,12,10,True
ZTF21abvcuhk,events/ZTF21abvcuhk.npz,SN Ib/c,SNI,core,12,4,8,True
ZTF21abvcxel,events/ZTF21abvcxel.npz,SN II,SNII,core,50,24,26,True
ZTF21abvcxid,events/ZTF21abvcxid.npz,SN II,SNII,core,46,21,25,True
ZTF21abvddpq,events/ZTF21abvddpq.npz,SN Ia,SNI,core,17,7,10,True
ZTF21abvdikq,events/ZTF21abvdikq.npz,SN II,SNII,core,51,12,39,True
ZTF21abvfacx,events/ZTF21abvfacx.npz,SN Ia,SNI,core,41,18,23,True
ZTF21abvhxyk,events/ZTF21abvhxyk.npz,SN Ia,SNI,core,20,8,12,True
ZTF21abviabc,events/ZTF21abviabc.npz,SN II,SNII,core,31,19,12,True
ZTF21abvicne,events/ZTF21abvicne.npz,SN Ia,SNI,core,71,34,37,True
ZTF21abvpdjh,events/ZTF21abvpdjh.npz,SN Ia,SNI,core,61,1,60,False
ZTF21abvqrln,events/ZTF21abvqrln.npz,SN Ia,SNI,core,25,11,14,True
ZTF21abvrfsr,events/ZTF21abvrfsr.npz,SN Ia,SNI,core,34,17,17,True
ZTF21abvrlup,events/ZTF21abvrlup.npz,SN Ia,SNI,core,23,12,11,True
ZTF21abvrrmy,events/ZTF21abvrrmy.npz,SN Ia,SNI,core,27,11,16,True
ZTF21abvtfxn,events/ZTF21abvtfxn.npz,SN Ia,SNI,core,24,10,14,True
ZTF21abvtikp,events/ZTF21abvtikp.npz,SN Ia,SNI,core,20,7,13,True
ZTF21abvtuir,events/ZTF21abvtuir.npz,SN Ia,SNI,core,56,23,33,True
ZTF21abvuttc,events/ZTF21abvuttc.npz,SN Ia,SNI,core,34,15,19,True
ZTF21abvvivq,events/ZTF21abvvivq.npz,SN Ia,SNI,core,30,16,14,True
ZTF21abvvuhm,events/ZTF21abvvuhm.npz,SN Ia,SNI,core,14,6,8,True
ZTF21abvwuxm,events/ZTF21abvwuxm.npz,SN Ia,SNI,core,26,11,15,True
ZTF21abvxguf,events/ZTF21abvxguf.npz,SN Ia,SNI,core,22,8,14,True
ZTF21abvyxfs,events/ZTF21abvyxfs.npz,SN Ia,SNI,core,29,16,13,True
ZTF21abwcned,events/ZTF21abwcned.npz,SN Ia,SNI,core,24,9,15,True
ZTF21abwcnpe,events/ZTF21abwcnpe.npz,SN Ia,SNI,core,28,11,17,True
ZTF21abwdzio,events/ZTF21abwdzio.npz,SN Ia,SNI,core,25,9,16,True
ZTF21abwfnru,events/ZTF21abwfnru.npz,SN Ia,SNI,core,36,17,19,True
ZTF21abwgpgt,events/ZTF21abwgpgt.npz,SN Ia,SNI,core,53,28,25,True
ZTF21abwjibi,events/ZTF21abwjibi.npz,SN Ia,SNI,core,32,13,19,True
ZTF21abwprfg,events/ZTF21abwprfg.npz,SN Ia,SNI,core,33,15,18,True
ZTF21abwprfj,events/ZTF21abwprfj.npz,SN Ia,SNI,core,23,12,11,True
ZTF21abwqopp,events/ZTF21abwqopp.npz,SN Ia,SNI,core,54,26,28,True
ZTF21abwtnzp,events/ZTF21abwtnzp.npz,SN Ia,SNI,core,34,15,19,True
ZTF21abwtybk,events/ZTF21abwtybk.npz,SN Ia,SNI,core,32,16,16,True
ZTF21abwukki,events/ZTF21abwukki.npz,SN Ia,SNI,core,28,11,17,True
ZTF21abwunpp,events/ZTF21abwunpp.npz,SN Ia,SNI,core,17,6,11,True
ZTF21abwurky,events/ZTF21abwurky.npz,SN Ia,SNI,core,35,16,19,True
ZTF21abwxaht,events/ZTF21abwxaht.npz,SN Ia,SNI,core,40,20,20,True
ZTF21abwxext,events/ZTF21abwxext.npz,SN Ia,SNI,core,36,16,20,True
ZTF21abwxhje,events/ZTF21abwxhje.npz,SN Ia,SNI,core,23,9,14,True
ZTF21abwycli,events/ZTF21abwycli.npz,SN II,SNII,core,44,21,23,True
ZTF21abwzpgf,events/ZTF21abwzpgf.npz,SN Ia,SNI,core,40,20,20,True
ZTF21abxdact,events/ZTF21abxdact.npz,SN Ia,SNI,core,17,6,11,True
ZTF21abxdcmp,events/ZTF21abxdcmp.npz,SN Ia,SNI,core,22,8,14,True
ZTF21abxdibe,events/ZTF21abxdibe.npz,SN Ia,SNI,core,12,7,5,True
ZTF21abxfyaw,events/ZTF21abxfyaw.npz,SN Ia,SNI,core,41,19,22,True
ZTF21abxgqil,events/ZTF21abxgqil.npz,SN II,SNII,core,7,2,5,False
ZTF21abxhspf,events/ZTF21abxhspf.npz,SN Ia,SNI,core,1,0,1,False
ZTF21abxjcdc,events/ZTF21abxjcdc.npz,SN Ia,SNI,core,21,8,13,True
ZTF21abxknvv,events/ZTF21abxknvv.npz,SN Ia,SNI,core,25,11,14,True
ZTF21abxlmuw,events/ZTF21abxlmuw.npz,SN IIn,SNII,core,14,7,7,True
ZTF21abxlpkc,events/ZTF21abxlpkc.npz,SN Ia,SNI,core,40,20,20,True
ZTF21abxmvby,events/ZTF21abxmvby.npz,SN Ia,SNI,core,9,8,1,False
ZTF21abxmxut,events/ZTF21abxmxut.npz,SN II,SNII,core,45,24,21,True
ZTF21abxngcz,events/ZTF21abxngcz.npz,TDE,TDE,core,44,20,24,True
ZTF21abxnghi,events/ZTF21abxnghi.npz,SN Ia,SNI,core,22,9,13,True
ZTF21abxniow,events/ZTF21abxniow.npz,SN Ia,SNI,core,18,12,6,True
ZTF21abxnjeg,events/ZTF21abxnjeg.npz,SN Ia,SNI,core,1,0,1,False
ZTF21abxnulm,events/ZTF21abxnulm.npz,SN Ia,SNI,core,20,6,14,True
ZTF21abxowzx,events/ZTF21abxowzx.npz,AGN,AGN,core,38,20,18,True
ZTF21abxtfwo,events/ZTF21abxtfwo.npz,SN IIn,SNII,core,35,19,16,True
ZTF21abxzzys,events/ZTF21abxzzys.npz,SN Ia,SNI,core,20,10,10,True
ZTF21abyahbi,events/ZTF21abyahbi.npz,SN II,SNII,core,33,17,16,True
ZTF21abyakea,events/ZTF21abyakea.npz,SN Ia,SNI,core,30,15,15,True
ZTF21abyazip,events/ZTF21abyazip.npz,SN Ia,SNI,core,25,14,11,True
ZTF21abybgjx,events/ZTF21abybgjx.npz,SN Ia,SNI,core,29,14,15,True
ZTF21abybnni,events/ZTF21abybnni.npz,SN Ia,SNI,core,21,10,11,True
ZTF21abychwq,events/ZTF21abychwq.npz,SN Ia,SNI,core,33,14,19,True
ZTF21abyfxqr,events/ZTF21abyfxqr.npz,SN Ia,SNI,core,34,15,19,True
ZTF21abyguqw,events/ZTF21abyguqw.npz,SN Ia-91bg,SNI,core,1,1,0,False
ZTF21abyjydm,events/ZTF21abyjydm.npz,SN Ia,SNI,core,72,36,36,True
ZTF21abylukk,events/ZTF21abylukk.npz,SN Ia,SNI,core,20,10,10,True
ZTF21abyonuw,events/ZTF21abyonuw.npz,SN Ia,SNI,core,27,12,15,True
ZTF21abyqrli,events/ZTF21abyqrli.npz,SN IIb,SNII,core,27,12,15,True
ZTF21abyslhz,events/ZTF21abyslhz.npz,SN Ia,SNI,core,13,4,9,True
ZTF21abyvjeq,events/ZTF21abyvjeq.npz,SN Ia,SNI,core,23,11,12,True
ZTF21abywdxt,events/ZTF21abywdxt.npz,SN Ia,SNI,core,27,13,14,True
ZTF21abzadod,events/ZTF21abzadod.npz,SN Ia,SNI,core,44,22,22,True
ZTF21abzbuvf,events/ZTF21abzbuvf.npz,SN Ia,SNI,core,15,7,8,True
ZTF21abzciqh,events/ZTF21abzciqh.npz,SN II,SNII,core,44,24,20,True
ZTF21abzcpiw,events/ZTF21abzcpiw.npz,SN Ia,SNI,core,21,14,7,True
ZTF21abzcplo,events/ZTF21abzcplo.npz,SN Ia,SNI,core,20,11,9,True
ZTF21abzgzvs,events/ZTF21abzgzvs.npz,SN Ia,SNI,core,21,11,10,True
ZTF21abzithf,events/ZTF21abzithf.npz,SN Ia,SNI,core,23,11,12,True
ZTF21abzkgvc,events/ZTF21abzkgvc.npz,SN Ia,SNI,core,22,11,11,True
ZTF21abzlujs,events/ZTF21abzlujs.npz,SN Ia,SNI,core,79,7,72,True
ZTF21abzxkyv,events/ZTF21abzxkyv.npz,SN Ia,SNI,core,28,15,13,True
ZTF21abzxxic,events/ZTF21abzxxic.npz,SN Ia,SNI,core,18,9,9,True
ZTF21abzywja,events/ZTF21abzywja.npz,SN Ia,SNI,core,17,8,9,True
ZTF21acadrzr,events/ZTF21acadrzr.npz,SN II,SNII,core,20,20,0,False
ZTF21acaegsr,events/ZTF21acaegsr.npz,SN Ia,SNI,core,28,14,14,True
ZTF21acaeoms,events/ZTF21acaeoms.npz,SN Ia,SNI,core,20,9,11,True
ZTF21acafqtj,events/ZTF21acafqtj.npz,SN II,SNII,core,38,19,19,True
ZTF21acafsjy,events/ZTF21acafsjy.npz,SN Ia,SNI,core,23,11,12,True
ZTF21acafsqe,events/ZTF21acafsqe.npz,SN Ia,SNI,core,12,6,6,True
ZTF21acafwof,events/ZTF21acafwof.npz,SN Ia,SNI,core,27,15,12,True
ZTF21acagtdn,events/ZTF21acagtdn.npz,SN II,SNII,core,6,3,3,False
ZTF21acajcyb,events/ZTF21acajcyb.npz,SN Ia,SNI,core,15,7,8,True
ZTF21acaohjl,events/ZTF21acaohjl.npz,CV,CV,core,13,7,6,True
ZTF21acapxdf,events/ZTF21acapxdf.npz,SN Ia,SNI,core,33,15,18,True
ZTF21acaqdee,events/ZTF21acaqdee.npz,SN IIP,SNII,core,33,20,13,True
ZTF21acaqdhq,events/ZTF21acaqdhq.npz,SN IIb,SNII,core,4,3,1,False
ZTF21acaqdnb,events/ZTF21acaqdnb.npz,SN Ia,SNI,core,38,18,20,True
ZTF21acasloo,events/ZTF21acasloo.npz,SN Ia,SNI,core,47,22,25,True
ZTF21acaspdb,events/ZTF21acaspdb.npz,SN Ia,SNI,core,17,9,8,True
ZTF21acasrer,events/ZTF21acasrer.npz,SN Ia,SNI,core,27,11,16,True
ZTF21acaszik,events/ZTF21acaszik.npz,SN Ia,SNI,core,33,17,16,True
ZTF21acbcjwa,events/ZTF21acbcjwa.npz,SN Ia,SNI,core,24,10,14,True
ZTF21acbfyew,events/ZTF21acbfyew.npz,SN Ia,SNI,core,1,0,1,False
ZTF21acbgcma,events/ZTF21acbgcma.npz,SN Ia,SNI,core,22,11,11,True
ZTF21acbjxhr,events/ZTF21acbjxhr.npz,SN Ia,SNI,core,17,7,10,True
ZTF21acbmxgn,events/ZTF21acbmxgn.npz,SN Ia,SNI,core,29,15,14,True
ZTF21acbnfos,events/ZTF21acbnfos.npz,SN Ic-BL,SNI,core,19,7,12,True
ZTF21acbntop,events/ZTF21acbntop.npz,SN Ia,SNI,core,14,6,8,True
ZTF21acbpbia,events/ZTF21acbpbia.npz,SN Ia,SNI,core,26,12,14,True
ZTF21acbpdlz,events/ZTF21acbpdlz.npz,SN Ia,SNI,core,39,20,19,True
ZTF21acbphas,events/ZTF21acbphas.npz,SN Ia,SNI,core,16,6,10,True
ZTF21acbuwgu,events/ZTF21acbuwgu.npz,SN Ia,SNI,core,13,7,6,True
ZTF21acbvwej,events/ZTF21acbvwej.npz,SN Ia,SNI,core,19,9,10,True
ZTF21acbxtir,events/ZTF21acbxtir.npz,SN Ia,SNI,core,34,17,17,True
ZTF21acbxtqq,events/ZTF21acbxtqq.npz,SN Ia,SNI,core,21,9,12,True
ZTF21acceboj,events/ZTF21acceboj.npz,SN IIP,SNII,core,106,53,53,True
ZTF21accfbyj,events/ZTF21accfbyj.npz,SN Ia,SNI,core,7,0,7,False
ZTF21accgsbf,events/ZTF21accgsbf.npz,SN IIn,SNII,core,35,16,19,True
ZTF21acchbmn,events/ZTF21acchbmn.npz,SN II,SNII,core,41,22,19,True
ZTF21acchwaw,events/ZTF21acchwaw.npz,SN Ia,SNI,core,41,16,25,True
ZTF21accibae,events/ZTF21accibae.npz,SN Ia,SNI,core,34,16,18,True
ZTF21acciklh,events/ZTF21acciklh.npz,SN Ia,SNI,core,15,5,10,True
ZTF21acckcni,events/ZTF21acckcni.npz,SN IIn,SNII,core,20,0,20,False
ZTF21acclizu,events/ZTF21acclizu.npz,SN Ia,SNI,core,30,17,13,True
ZTF21accqros,events/ZTF21accqros.npz,SN II,SNII,core,8,0,8,False
ZTF21accteto,events/ZTF21accteto.npz,SN Ia,SNI,core,17,8,9,True
ZTF21acctrsp,events/ZTF21acctrsp.npz,SN Ia,SNI,core,19,10,9,True
ZTF21accuexh,events/ZTF21accuexh.npz,SN Ia,SNI,core,25,11,14,True
ZTF21accwcrh,events/ZTF21accwcrh.npz,SN II,SNII,core,31,14,17,True
ZTF21accyvil,events/ZTF21accyvil.npz,SN Ia,SNI,core,20,9,11,True
ZTF21accyxid,events/ZTF21accyxid.npz,SN IIP,SNII,core,22,9,13,True
ZTF21acdajtx,events/ZTF21acdajtx.npz,SN Ia,SNI,core,33,23,10,True
ZTF21acdalyp,events/ZTF21acdalyp.npz,SN Ia-91T,SNI,core,27,12,15,True
ZTF21acdbcxy,events/ZTF21acdbcxy.npz,SN II,SNII,core,23,13,10,True
ZTF21acdcxaf,events/ZTF21acdcxaf.npz,SN II,SNII,core,28,13,15,True
ZTF21acdcxfz,events/ZTF21acdcxfz.npz,SN Ia,SNI,core,29,14,15,True
ZTF21acdenty,events/ZTF21acdenty.npz,SN Ia,SNI,core,27,15,12,True
ZTF21acdezwk,events/ZTF21acdezwk.npz,SN II,SNII,core,62,30,32,True
ZTF21acdjasw,events/ZTF21acdjasw.npz,SN Ia,SNI,core,47,19,28,True
ZTF21acdkbai,events/ZTF21acdkbai.npz,SN Ia,SNI,core,14,6,8,True
ZTF21acdkxcr,events/ZTF21acdkxcr.npz,SN Ia,SNI,core,12,5,7,True
ZTF21acdkydg,events/ZTF21acdkydg.npz,SN Ia,SNI,core,27,12,15,True
ZTF21acdnnfg,events/ZTF21acdnnfg.npz,SN Ia,SNI,core,17,6,11,True
ZTF21acdontl,events/ZTF21acdontl.npz,SN II,SNII,core,29,11,18,True
ZTF21acdoydr,events/ZTF21acdoydr.npz,SN Ia,SNI,core,27,14,13,True
ZTF21acdoyqt,events/ZTF21acdoyqt.npz,SN II,SNII,core,51,22,29,True
ZTF21acdphro,events/ZTF21acdphro.npz,SN Ia,SNI,core,21,10,11,True
ZTF21acdqgns,events/ZTF21acdqgns.npz,SN Ic,SNI,core,4,0,4,False
ZTF21acdsnsh,events/ZTF21acdsnsh.npz,SN Ia,SNI,core,27,12,15,True
ZTF21acdtosh,events/ZTF21acdtosh.npz,SN Ia,SNI,core,15,8,7,True
ZTF21acdvban,events/ZTF21acdvban.npz,SN Ia,SNI,core,15,7,8,True
ZTF21acdvfjr,events/ZTF21acdvfjr.npz,SN Ia-91bg,SNI,core,8,2,6,True
ZTF21acdvkcj,events/ZTF21acdvkcj.npz,SN Ia,SNI,core,25,12,13,True
ZTF21acdvtmf,events/ZTF21acdvtmf.npz,SN Ia,SNI,core,4,1,3,False
ZTF21acdwhtf,events/ZTF21acdwhtf.npz,SN Ia,SNI,core,19,9,10,True
ZTF21acdwvwo,events/ZTF21acdwvwo.npz,SN Ia,SNI,core,24,10,14,True
ZTF21acdxhuv,events/ZTF21acdxhuv.npz,SN Ib,SNI,core,35,16,19,True
ZTF21acdykpb,events/ZTF21acdykpb.npz,SN Ia,SNI,core,19,12,7,True
ZTF21aceaiqm,events/ZTF21aceaiqm.npz,SN Ia,SNI,core,12,5,7,True
ZTF21aceccve,events/ZTF21aceccve.npz,SN Ia,SNI,core,8,1,7,False
ZTF21aceehxt,events/ZTF21aceehxt.npz,SN Ib,SNI,core,22,8,14,True
ZTF21aceejop,events/ZTF21aceejop.npz,CV,CV,core,11,6,5,True
ZTF21aceenyc,events/ZTF21aceenyc.npz,SN Ia-91bg,SNI,core,8,2,6,True
ZTF21aceepnp,events/ZTF21aceepnp.npz,SN Ia,SNI,core,25,10,15,True
ZTF21acefbte,events/ZTF21acefbte.npz,SN Ia,SNI,core,31,16,15,True
ZTF21acefcnp,events/ZTF21acefcnp.npz,SN Ia,SNI,core,18,7,11,True
ZTF21acefkpy,events/ZTF21acefkpy.npz,SN Ia,SNI,core,22,6,16,True
ZTF21acehvay,events/ZTF21acehvay.npz,SN Ia,SNI,core,17,8,9,True
ZTF21acekmmm,events/ZTF21acekmmm.npz,SN Ic-BL,SNI,core,25,14,11,True
ZTF21acempzi,events/ZTF21acempzi.npz,SN Ia,SNI,core,23,10,13,True
ZTF21acenkuf,events/ZTF21acenkuf.npz,SN Ia,SNI,core,28,14,14,True
ZTF21aceqgbv,events/ZTF21aceqgbv.npz,SN Ia,SNI,core,24,12,12,True
ZTF21aceqhth,events/ZTF21aceqhth.npz,SN Ia,SNI,core,11,6,5,True
ZTF21aceqmyz,events/ZTF21aceqmyz.npz,SN II,SNII,core,22,12,10,True
ZTF21aceqpgp,events/ZTF21aceqpgp.npz,SN II,SNII,core,27,16,11,True
ZTF21aceqrju,events/ZTF21aceqrju.npz,SN II,SNII,core,27,13,14,True
ZTF21acermmd,events/ZTF21acermmd.npz,SN Ia,SNI,core,40,18,22,True
ZTF21aceujob,events/ZTF21aceujob.npz,SN Ia,SNI,core,21,9,12,True
ZTF21aceyqog,events/ZTF21aceyqog.npz,SN Ia,SNI,core,5,3,2,False
ZTF21aceztiz,events/ZTF21aceztiz.npz,SN Ia,SNI,core,19,10,9,True
ZTF21acfabut,events/ZTF21acfabut.npz,SN Ia,SNI,core,25,12,13,True
ZTF21acfajbc,events/ZTF21acfajbc.npz,SN II,SNII,core,23,12,11,True
ZTF21acfaugw,events/ZTF21acfaugw.npz,SN Ia,SNI,core,47,8,39,True
ZTF21acfccil,events/ZTF21acfccil.npz,SN Ia-91T,SNI,core,14,5,9,True
ZTF21acfcgnk,events/ZTF21acfcgnk.npz,SN Ia,SNI,core,16,8,8,True
ZTF21acfcthx,events/ZTF21acfcthx.npz,SN Ia,SNI,core,13,6,7,True
ZTF21acfflog,events/ZTF21acfflog.npz,SN Ia,SNI,core,19,9,10,True
ZTF21acfgfuy,events/ZTF21acfgfuy.npz,SN Ia,SNI,core,30,14,16,True
ZTF21acfgjiw,events/ZTF21acfgjiw.npz,SN Ia,SNI,core,26,12,14,True
ZTF21acfigoo,events/ZTF21acfigoo.npz,SN Ia,SNI,core,17,8,9,True
ZTF21acfiqtd,events/ZTF21acfiqtd.npz,SN Ia,SNI,core,16,7,9,True
ZTF21acfjeqk,events/ZTF21acfjeqk.npz,SN Ia,SNI,core,10,4,6,True
ZTF21acfkkad,events/ZTF21acfkkad.npz,SN Ia,SNI,core,9,4,5,True
ZTF21acfmxeu,events/ZTF21acfmxeu.npz,SN Ia,SNI,core,18,9,9,True
ZTF21acfqldh,events/ZTF21acfqldh.npz,SN Ia-91T,SNI,core,19,11,8,True
ZTF21acfslmr,events/ZTF21acfslmr.npz,SN Ia,SNI,core,32,14,18,True
ZTF21acgmvhs,events/ZTF21acgmvhs.npz,CV,CV,core,8,6,2,True
ZTF21acgnagk,events/ZTF21acgnagk.npz,SN Ia,SNI,core,19,10,9,True
ZTF21acgpjbx,events/ZTF21acgpjbx.npz,SN II,SNII,core,24,11,13,True
ZTF21acgqhru,events/ZTF21acgqhru.npz,SN II,SNII,core,26,13,13,True
ZTF21acgrero,events/ZTF21acgrero.npz,CV,CV,core,18,11,7,True
ZTF21acgrlmz,events/ZTF21acgrlmz.npz,SN II,SNII,core,22,10,12,True
ZTF21acgrrnl,events/ZTF21acgrrnl.npz,SN II,SNII,core,44,20,24,True
ZTF21acguaen,events/ZTF21acguaen.npz,SN II,SNII,core,23,11,12,True
ZTF21acgudgo,events/ZTF21acgudgo.npz,SN Ia,SNI,core,13,7,6,True
ZTF21acgumps,events/ZTF21acgumps.npz,SN Ia,SNI,core,15,6,9,True
ZTF21acgunkr,events/ZTF21acgunkr.npz,SN II,SNII,core,21,9,12,True
ZTF21acgupte,events/ZTF21acgupte.npz,SN Ia,SNI,core,21,10,11,True
ZTF21acguqsc,events/ZTF21acguqsc.npz,SN Ia,SNI,core,8,3,5,True
ZTF21acgxwlz,events/ZTF21acgxwlz.npz,SN Ia,SNI,core,14,8,6,True
ZTF21acgxypn,events/ZTF21acgxypn.npz,SN Ic-BL,SNI,core,17,7,10,True
ZTF21acgxzha,events/ZTF21acgxzha.npz,SN Ia,SNI,core,16,7,9,True
ZTF21acgyciq,events/ZTF21acgyciq.npz,SN Ia-91T,SNI,core,22,10,12,True
ZTF21acgyywa,events/ZTF21acgyywa.npz,SN II,SNII,core,20,10,10,True
ZTF21acgyzel,events/ZTF21acgyzel.npz,SN Ia,SNI,core,17,7,10,True
ZTF21acgzgvm,events/ZTF21acgzgvm.npz,SN Ia,SNI,core,19,7,12,True
ZTF21acgzwsc,events/ZTF21acgzwsc.npz,SN Ia,SNI,core,19,8,11,True
ZTF21achakto,events/ZTF21achakto.npz,SN II,SNII,core,24,6,18,True
ZTF21achaubw,events/ZTF21achaubw.npz,SN Ia,SNI,core,15,8,7,True
ZTF21achaudk,events/ZTF21achaudk.npz,SN Ia,SNI,core,27,14,13,True
ZTF21achauvx,events/ZTF21achauvx.npz,SN Ia,SNI,core,11,5,6,True
ZTF21achaxmt,events/ZTF21achaxmt.npz,SN Ia,SNI,core,9,6,3,True
ZTF21achaxze,events/ZTF21achaxze.npz,SN Ia-91T,SNI,core,13,6,7,True
ZTF21achbgdo,events/ZTF21achbgdo.npz,SN Ia,SNI,core,9,4,5,True
ZTF21achcwnd,events/ZTF21achcwnd.npz,SN Ia-91T,SNI,core,20,8,12,True
ZTF21achdxdn,events/ZTF21achdxdn.npz,SN Ia-91T,SNI,core,20,10,10,True
ZTF21acheiti,events/ZTF21acheiti.npz,SN IIP,SNII,core,21,8,13,True
ZTF21achgfbk,events/ZTF21achgfbk.npz,SN Ib,SNI,core,39,17,22,True
ZTF21achhwdz,events/ZTF21achhwdz.npz,SN Ia,SNI,core,25,11,14,True
ZTF21achiyue,events/ZTF21achiyue.npz,SN Ia,SNI,core,32,16,16,True
ZTF21achjcui,events/ZTF21achjcui.npz,SN Ia,SNI,core,14,7,7,True
ZTF21achjdaa,events/ZTF21achjdaa.npz,SN Ia,SNI,core,7,0,7,False
ZTF21achjwus,events/ZTF21achjwus.npz,SN Ia,SNI,core,14,6,8,True
ZTF21achkgap,events/ZTF21achkgap.npz,SN Ia,SNI,core,32,12,20,True
ZTF21achkqhi,events/ZTF21achkqhi.npz,SN II,SNII,core,11,0,11,False
ZTF21achlshg,events/ZTF21achlshg.npz,SN II,SNII,core,23,13,10,True
ZTF21achltea,events/ZTF21achltea.npz,SN II,SNII,core,21,10,11,True
ZTF21achlxxo,events/ZTF21achlxxo.npz,SN Ia,SNI,core,34,15,19,True
ZTF21achpehw,events/ZTF21achpehw.npz,SN Ia,SNI,core,33,2,31,True
ZTF21achplgf,events/ZTF21achplgf.npz,SN Ia,SNI,core,40,16,24,True
ZTF21achplzp,events/ZTF21achplzp.npz,SN Ia,SNI,core,4,2,2,False
ZTF21achpqlr,events/ZTF21achpqlr.npz,SN II,SNII,core,16,7,9,True
ZTF21achptrd,events/ZTF21achptrd.npz,SN Ia,SNI,core,19,8,11,True
ZTF21achpuoa,events/ZTF21achpuoa.npz,SN II,SNII,core,20,9,11,True
ZTF21achqhuz,events/ZTF21achqhuz.npz,SN Ia,SNI,core,20,8,12,True
ZTF21achqiue,events/ZTF21achqiue.npz,SN Ia,SNI,core,24,12,12,True
ZTF21achqzub,events/ZTF21achqzub.npz,SN Ia,SNI,core,22,10,12,True
ZTF21achrlmg,events/ZTF21achrlmg.npz,SN Ia,SNI,core,11,0,11,False
ZTF21achtsjd,events/ZTF21achtsjd.npz,SN IIb,SNII,core,3,2,1,False
ZTF21achutpj,events/ZTF21achutpj.npz,SN Ia,SNI,core,12,6,6,True
ZTF21achutuk,events/ZTF21achutuk.npz,SN Ia,SNI,core,14,7,7,True
ZTF21achxlkq,events/ZTF21achxlkq.npz,SN Ia,SNI,core,22,10,12,True
ZTF21achyvno,events/ZTF21achyvno.npz,SN Ia,SNI,core,19,11,8,True
ZTF21achzfpg,events/ZTF21achzfpg.npz,SN Ia,SNI,core,14,6,8,True
ZTF21achzpyc,events/ZTF21achzpyc.npz,SN Ia,SNI,core,33,16,17,True
ZTF21acidhhs,events/ZTF21acidhhs.npz,SN Ia,SNI,core,15,7,8,True
ZTF21acigjrl,events/ZTF21acigjrl.npz,SN Ia,SNI,core,13,8,5,True
ZTF21aciiaio,events/ZTF21aciiaio.npz,SN II,SNII,core,15,4,11,True
ZTF21aciialn,events/ZTF21aciialn.npz,SN Ia,SNI,core,1,0,1,False
ZTF21aciluqg,events/ZTF21aciluqg.npz,SN II,SNII,core,20,10,10,True
ZTF21acilvjb,events/ZTF21acilvjb.npz,SN Ia,SNI,core,40,19,21,True
ZTF21acimjvp,events/ZTF21acimjvp.npz,SN Ia,SNI,core,19,8,11,True
ZTF21acincqb,events/ZTF21acincqb.npz,SN Ia-91bg,SNI,core,18,11,7,True
ZTF21acindcq,events/ZTF21acindcq.npz,SN Ia,SNI,core,21,11,10,True
ZTF21acinvvh,events/ZTF21acinvvh.npz,SN Ia,SNI,core,18,8,10,True
ZTF21acinyte,events/ZTF21acinyte.npz,SN Ia,SNI,core,14,8,6,True
ZTF21aciobmz,events/ZTF21aciobmz.npz,SN IIP,SNII,core,20,9,11,True
ZTF21acioiha,events/ZTF21acioiha.npz,SN Ia,SNI,core,15,7,8,True
ZTF21acionva,events/ZTF21acionva.npz,SN Ia,SNI,core,33,18,15,True
ZTF21aciouwz,events/ZTF21aciouwz.npz,SN Ia,SNI,core,11,3,8,True
ZTF21acioxcf,events/ZTF21acioxcf.npz,SN II,SNII,core,18,8,10,True
ZTF21acipdhn,events/ZTF21acipdhn.npz,SN Ia,SNI,core,16,8,8,True
ZTF21acipmgw,events/ZTF21acipmgw.npz,SN Ia,SNI,core,15,8,7,True
ZTF21acipofv,events/ZTF21acipofv.npz,SN Ia,SNI,core,13,6,7,True
ZTF21acipvuz,events/ZTF21acipvuz.npz,SN II,SNII,core,13,8,5,True
ZTF21aciqcge,events/ZTF21aciqcge.npz,SN Ia,SNI,core,22,4,18,True
ZTF21aciqppd,events/ZTF21aciqppd.npz,SN Ia,SNI,core,17,8,9,True
ZTF21aciqyqo,events/ZTF21aciqyqo.npz,CV,CV,core,10,5,5,True
ZTF21acirmcv,events/ZTF21acirmcv.npz,SN Ia,SNI,core,12,4,8,True
ZTF21acirtph,events/ZTF21acirtph.npz,SN Ia,SNI,core,10,5,5,True
ZTF21acisemu,events/ZTF21acisemu.npz,SN Ia,SNI,core,14,6,8,True
ZTF21acisqde,events/ZTF21acisqde.npz,SN Ia,SNI,core,38,20,18,True
ZTF21acissla,events/ZTF21acissla.npz,SN II,SNII,core,11,3,8,True
ZTF21aciubsk,events/ZTF21aciubsk.npz,CV,CV,core,7,2,5,False
ZTF21aciuhqw,events/ZTF21aciuhqw.npz,SN Ic-BL,SNI,core,38,18,20,True
ZTF21aciuhyy,events/ZTF21aciuhyy.npz,SN Ia,SNI,core,40,19,21,True
ZTF21aciuriu,events/ZTF21aciuriu.npz,SN II,SNII,core,10,3,7,True
ZTF21aciustc,events/ZTF21aciustc.npz,SN Ib,SNI,core,11,4,7,True
ZTF21aciuvmg,events/ZTF21aciuvmg.npz,SN Ia,SNI,core,35,17,18,True
ZTF21aciwixf,events/ZTF21aciwixf.npz,SN Ib,SNI,core,11,4,7,True
ZTF21aciwkzc,events/ZTF21aciwkzc.npz,SN Ia,SNI,core,17,7,10,True
ZTF21acixxub,events/ZTF21acixxub.npz,SN Ia,SNI,core,12,5,7,True
ZTF21acizlcg,events/ZTF21acizlcg.npz,SN IIb,SNII,core,9,3,6,True
ZTF21acizrpw,events/ZTF21acizrpw.npz,SN Ia,SNI,core,16,8,8,True
ZTF21acjalue,events/ZTF21acjalue.npz,SN Ia,SNI,core,11,6,5,True
ZTF21acjateh,events/ZTF21acjateh.npz,SN II,SNII,core,28,3,25,True
ZTF21acjbcqw,events/ZTF21acjbcqw.npz,SN IIP,SNII,core,10,5,5,True
ZTF21acjbedo,events/ZTF21acjbedo.npz,SN Ia,SNI,core,21,11,10,True
ZTF21acjbqrn,events/ZTF21acjbqrn.npz,SN Ia,SNI,core,7,2,5,False
ZTF21acjcrzd,events/ZTF21acjcrzd.npz,SN Ia,SNI,core,7,7,0,False
ZTF21acjcsyh,events/ZTF21acjcsyh.npz,SN Ia,SNI,core,5,2,3,False
ZTF21acjcwyn,events/ZTF21acjcwyn.npz,SN Ia,SNI,core,7,3,4,False
ZTF21acjdwfe,events/ZTF21acjdwfe.npz,SN Ia,SNI,core,12,6,6,True
ZTF21acjeegy,events/ZTF21acjeegy.npz,SN Ia,SNI,core,17,9,8,True
ZTF21acjgafq,events/ZTF21acjgafq.npz,SN Ia,SNI,core,13,6,7,True
ZTF21acjglei,events/ZTF21acjglei.npz,SN II,SNII,core,18,9,9,True
ZTF21acjgmiy,events/ZTF21acjgmiy.npz,SN Ia,SNI,core,11,4,7,True
ZTF21acjgqjl,events/ZTF21acjgqjl.npz,SN Ia,SNI,core,16,7,9,True
ZTF21acjjtmh,events/ZTF21acjjtmh.npz,CV,CV,core,12,6,6,True
ZTF21acjjwmj,events/ZTF21acjjwmj.npz,SN Ia,SNI,core,18,9,9,True
ZTF21acjjxww,events/ZTF21acjjxww.npz,SN Ia,SNI,core,16,8,8,True
ZTF21acjmvhx,events/ZTF21acjmvhx.npz,SN Ic-BL,SNI,core,12,5,7,True
ZTF21acjnajt,events/ZTF21acjnajt.npz,SN Ia,SNI,core,16,8,8,True
ZTF21acjnzdh,events/ZTF21acjnzdh.npz,SN Ia,SNI,core,14,7,7,True
ZTF21acjomly,events/ZTF21acjomly.npz,SN Ia,SNI,core,16,7,9,True
ZTF21acjoorl,events/ZTF21acjoorl.npz,SN Ic,SNI,core,15,7,8,True
ZTF21acjosgg,events/ZTF21acjosgg.npz,SN Ia,SNI,core,12,7,5,True
ZTF21acjosix,events/ZTF21acjosix.npz,SN Ia,SNI,core,14,7,7,True
ZTF21acjoskd,events/ZTF21acjoskd.npz,SN II,SNII,core,13,7,6,True
ZTF21acjosnd,events/ZTF21acjosnd.npz,SN Ia,SNI,core,13,6,7,True
ZTF21acjosti,events/ZTF21acjosti.npz,SN Ia,SNI,core,14,7,7,True
ZTF21acjotbf,events/ZTF21acjotbf.npz,SN Ia,SNI,core,19,10,9,True
ZTF21acjotip,events/ZTF21acjotip.npz,SN Ia,SNI,core,18,8,10,True
ZTF21acjqhou,events/ZTF21acjqhou.npz,SN II,SNII,core,19,1,18,False
ZTF21acjrfhr,events/ZTF21acjrfhr.npz,SN Ia,SNI,core,14,6,8,True
ZTF21acjtxgr,events/ZTF21acjtxgr.npz,SN Ia-91T,SNI,core,16,8,8,True
ZTF21acjurqj,events/ZTF21acjurqj.npz,SN Ia,SNI,core,32,16,16,True
ZTF21acjvgxg,events/ZTF21acjvgxg.npz,SN Ia,SNI,core,17,8,9,True
ZTF21acjvjyk,events/ZTF21acjvjyk.npz,SN Ia,SNI,core,15,8,7,True
ZTF21acjxiqw,events/ZTF21acjxiqw.npz,SN IIP,SNII,core,14,8,6,True
ZTF21acjxjpu,events/ZTF21acjxjpu.npz,SN Ic,SNI,core,11,6,5,True
ZTF21acjxsrf,events/ZTF21acjxsrf.npz,SN Ia,SNI,core,15,6,9,True
ZTF21acjxzsa,events/ZTF21acjxzsa.npz,SN Ic,SNI,core,14,7,7,True
ZTF21ackbbfs,events/ZTF21ackbbfs.npz,SN Ia,SNI,core,28,12,16,True
ZTF21ackbhmm,events/ZTF21ackbhmm.npz,SN Ia,SNI,core,8,3,5,True
ZTF21ackbkoy,events/ZTF21ackbkoy.npz,SN Ia,SNI,core,13,6,7,True
ZTF21ackbmei,events/ZTF21ackbmei.npz,CV,CV,core,8,5,3,True
ZTF21ackcrao,events/ZTF21ackcrao.npz,SN Ia,SNI,core,14,9,5,True
ZTF21ackcxql,events/ZTF21ackcxql.npz,SN Ia,SNI,core,17,8,9,True
ZTF21ackdwjm,events/ZTF21ackdwjm.npz,SN Ia,SNI,core,16,8,8,True
ZTF21ackeofr,events/ZTF21ackeofr.npz,SN Ia,SNI,core,17,9,8,True
ZTF21ackhddc,events/ZTF21ackhddc.npz,SN Ia,SNI,core,11,5,6,True
ZTF21acklnrz,events/ZTF21acklnrz.npz,SN Ia,SNI,core,1,0,1,False
ZTF21ackmfgz,events/ZTF21ackmfgz.npz,SN Ia,SNI,core,16,5,11,True
ZTF21ackmjip,events/ZTF21ackmjip.npz,SN Ia,SNI,core,8,3,5,True
ZTF21ackmlae,events/ZTF21ackmlae.npz,SN Ia,SNI,core,13,6,7,True
ZTF21acknxoo,events/ZTF21acknxoo.npz,SN Ia,SNI,core,13,7,6,True
ZTF21ackonrq,events/ZTF21ackonrq.npz,SN Ia,SNI,core,15,7,8,True
ZTF21ackqbow,events/ZTF21ackqbow.npz,SN Ia,SNI,core,15,8,7,True
ZTF21ackrvob,events/ZTF21ackrvob.npz,SN Ia,SNI,core,10,6,4,True
ZTF21ackwgzm,events/ZTF21ackwgzm.npz,SN Ia,SNI,core,14,8,6,True
ZTF21ackwihz,events/ZTF21ackwihz.npz,SN Ia,SNI,core,10,6,4,True
ZTF21ackzyzj,events/ZTF21ackzyzj.npz,SN Ia,SNI,core,14,7,7,True
ZTF21aclcfej,events/ZTF21aclcfej.npz,SN II,SNII,core,12,8,4,True
ZTF21aclhsxb,events/ZTF21aclhsxb.npz,SN Ia,SNI,core,11,6,5,True
ZTF21acljfzt,events/ZTF21acljfzt.npz,SN Ia,SNI,core,19,11,8,True
ZTF21aclmgzk,events/ZTF21aclmgzk.npz,SN IIP,SNII,core,13,7,6,True
ZTF21aclypvs,events/ZTF21aclypvs.npz,SN Ia,SNI,core,9,6,3,True
ZTF21aclyyfm,events/ZTF21aclyyfm.npz,SN II,SNII,core,12,7,5,True
ZTF21aclzodp,events/ZTF21aclzodp.npz,SN Ia,SNI,core,26,14,12,True
ZTF21aclzvgz,events/ZTF21aclzvgz.npz,SN II,SNII,core,11,6,5,True
ZTF21acmnpqa,events/ZTF21acmnpqa.npz,SN Ia,SNI,core,9,4,5,True
ZTF21acmrbvi,events/ZTF21acmrbvi.npz,SN II,SNII,core,6,4,2,False
ZTF21acmrdga,events/ZTF21acmrdga.npz,SN IIb,SNII,core,15,7,8,True
ZTF21acmresp,events/ZTF21acmresp.npz,SN Ia,SNI,core,13,8,5,True
ZTF21acmtqzi,events/ZTF21acmtqzi.npz,SN Ia,SNI,core,11,6,5,True
ZTF21acmwjza,events/ZTF21acmwjza.npz,SN Ia,SNI,core,11,5,6,True
ZTF21acnfoqn,events/ZTF21acnfoqn.npz,SN II,SNII,core,10,4,6,True
ZTF21acngvxd,events/ZTF21acngvxd.npz,SN Ia,SNI,core,8,3,5,True
ZTF21acnidcg,events/ZTF21acnidcg.npz,SN IIP,SNII,core,11,0,11,False
ZTF21acnveyk,events/ZTF21acnveyk.npz,SN Ia,SNI,core,8,6,2,True
ZTF21acogpci,events/ZTF21acogpci.npz,SN Ia,SNI,core,5,4,1,False
ZTF21acogvgy,events/ZTF21acogvgy.npz,SN Ia,SNI,core,5,3,2,False
ZTF21acojncf,events/ZTF21acojncf.npz,SN Ia,SNI,core,19,0,19,False
ZTF21acolmss,events/ZTF21acolmss.npz,SN Ia,SNI,core,10,4,6,True
ZTF21acoqbfm,events/ZTF21acoqbfm.npz,SN Ia,SNI,core,12,7,5,True
ZTF21acoqbuo,events/ZTF21acoqbuo.npz,SN Ia,SNI,core,8,4,4,True
ZTF21acoqfar,events/ZTF21acoqfar.npz,SN Ia,SNI,core,10,5,5,True
ZTF21acoqncy,events/ZTF21acoqncy.npz,SN Ia,SNI,core,11,6,5,True
ZTF21acoruyj,events/ZTF21acoruyj.npz,SN Ia,SNI,core,3,0,3,False
ZTF21acorzmv,events/ZTF21acorzmv.npz,SN Ia,SNI,core,7,4,3,False
ZTF21acoshvy,events/ZTF21acoshvy.npz,SN Ia,SNI,core,16,8,8,True
ZTF21acouzjv,events/ZTF21acouzjv.npz,SN Ia,SNI,core,7,4,3,False
ZTF21acowezp,events/ZTF21acowezp.npz,SN Ia,SNI,core,4,2,2,False
ZTF21acowrme,events/ZTF21acowrme.npz,SN Ia,SNI,core,9,4,5,True
ZTF21acozrga,events/ZTF21acozrga.npz,SN II,SNII,core,2,1,1,False
ZTF21acpeirg,events/ZTF21acpeirg.npz,SN Ia,SNI,core,7,4,3,False
ZTF21acpfndw,events/ZTF21acpfndw.npz,SN Ia,SNI,core,24,14,10,True
ZTF21acphceb,events/ZTF21acphceb.npz,SN II,SNII,core,19,0,19,False
ZTF21acphsgr,events/ZTF21acphsgr.npz,SN Ia,SNI,core,9,5,4,True
ZTF21acpkdbe,events/ZTF21acpkdbe.npz,SN IIb,SNII,core,9,2,7,True
ZTF21acpmcgo,events/ZTF21acpmcgo.npz,SN Ia,SNI,core,7,3,4,False
ZTF21acpocmd,events/ZTF21acpocmd.npz,SN Ia,SNI,core,7,3,4,False
ZTF21acpompz,events/ZTF21acpompz.npz,SN Ia,SNI,core,10,6,4,True
ZTF21acposhb,events/ZTF21acposhb.npz,SN Ia,SNI,core,5,2,3,False
ZTF21acpoujw,events/ZTF21acpoujw.npz,SN IIn,SNII,core,5,0,5,False
ZTF21acpqqgu,events/ZTF21acpqqgu.npz,SN II,SNII,core,10,3,7,True
ZTF21acprymk,events/ZTF21acprymk.npz,SN Ia,SNI,core,4,2,2,False
ZTF21acptaer,events/ZTF21acptaer.npz,SN Ia,SNI,core,5,2,3,False
ZTF21acptcir,events/ZTF21acptcir.npz,SN Ia,SNI,core,3,3,0,False
ZTF21acptlvu,events/ZTF21acptlvu.npz,SN Ia,SNI,core,2,0,2,False
ZTF21acpuooz,events/ZTF21acpuooz.npz,SN II,SNII,core,9,5,4,True
ZTF21acpuwxj,events/ZTF21acpuwxj.npz,SN Ia,SNI,core,3,1,2,False
ZTF21acpuzgj,events/ZTF21acpuzgj.npz,SN Ia,SNI,core,4,2,2,False
ZTF21acpwbxp,events/ZTF21acpwbxp.npz,SN Ia,SNI,core,3,1,2,False
ZTF21acpxocd,events/ZTF21acpxocd.npz,SN Ia,SNI,core,5,2,3,False
ZTF21acpyddn,events/ZTF21acpyddn.npz,SN Ia,SNI,core,4,2,2,False
ZTF21acpzade,events/ZTF21acpzade.npz,SN Ia,SNI,core,3,1,2,False
ZTF21acpzlho,events/ZTF21acpzlho.npz,SN II,SNII,core,6,3,3,False
ZTF21acqbnkt,events/ZTF21acqbnkt.npz,SN Ia,SNI,core,8,5,3,True
ZTF21acqceqc,events/ZTF21acqceqc.npz,SN Ia,SNI,core,1,0,1,False
ZTF21acqcjjq,events/ZTF21acqcjjq.npz,SN Ia,SNI,core,11,0,11,False
ZTF21acqdedy,events/ZTF21acqdedy.npz,SN Ia,SNI,core,10,3,7,True
ZTF21acqeseb,events/ZTF21acqeseb.npz,SN Ia,SNI,core,2,1,1,False
ZTF21acqfzzw,events/ZTF21acqfzzw.npz,CV,CV,core,3,2,1,False
ZTF21acqgbjs,events/ZTF21acqgbjs.npz,SN Ia,SNI,core,7,2,5,False
ZTF21acqgsri,events/ZTF21acqgsri.npz,SN Ia-91bg,SNI,core,3,1,2,False
ZTF21acqpapq,events/ZTF21acqpapq.npz,SN Ia,SNI,core,2,1,1,False
ZTF21acqpcmx,events/ZTF21acqpcmx.npz,SN Ia-91T,SNI,core,2,1,1,False
ZTF21acqpwln,events/ZTF21acqpwln.npz,SN Ia-91T,SNI,core,2,1,1,False
ZTF21acqspkc,events/ZTF21acqspkc.npz,SN Ia,SNI,core,2,1,1,False
ZTF21acqstfo,events/ZTF21acqstfo.npz,SN Ia,SNI,core,14,7,7,True
ZTF21acqtevy,events/ZTF21acqtevy.npz,SN Ia,SNI,core,8,3,5,True
ZTF21acqwbsn,events/ZTF21acqwbsn.npz,SN Ia,SNI,core,5,3,2,False
ZTF21acqxomi,events/ZTF21acqxomi.npz,SN IIP,SNII,core,5,1,4,False
ZTF21acqxqds,events/ZTF21acqxqds.npz,SN Ia,SNI,core,2,1,1,False
ZTF21acqzidu,events/ZTF21acqzidu.npz,SN Ia,SNI,core,2,1,1,False
ZTF21acqzsml,events/ZTF21acqzsml.npz,SN Ia,SNI,core,4,2,2,False
ZTF21acrarbx,events/ZTF21acrarbx.npz,SN II,SNII,core,2,1,1,False
ZTF21acrbbvw,events/ZTF21acrbbvw.npz,SN Ia,SNI,core,3,0,3,False
ZTF21acudpir,events/ZTF21acudpir.npz,SN Ia,SNI,core,5,5,0,False
ZTF22aaabjxi,events/ZTF22aaabjxi.npz,SN Ia,SNI,core,9,3,6,True
ZTF22aaabmmc,events/ZTF22aaabmmc.npz,SN II,SNII,core,59,23,36,True
ZTF22aaabnan,events/ZTF22aaabnan.npz,SN Ia,SNI,core,15,6,9,True
ZTF22aaabnwa,events/ZTF22aaabnwa.npz,SN Ia,SNI,core,31,13,18,True
ZTF22aaabovl,events/ZTF22aaabovl.npz,TDE,TDE,core,28,14,14,True
ZTF22aaabpkx,events/ZTF22aaabpkx.npz,SN Ia,SNI,core,22,12,10,True
ZTF22aaabpqn,events/ZTF22aaabpqn.npz,SN II,SNII,core,40,15,25,True
ZTF22aaabzju,events/ZTF22aaabzju.npz,SN IIn,SNII,core,16,9,7,True
ZTF22aaacdfe,events/ZTF22aaacdfe.npz,SN Ia,SNI,core,10,4,6,True
ZTF22aaacmxt,events/ZTF22aaacmxt.npz,SN Ia,SNI,core,8,3,5,True
ZTF22aaacnbw,events/ZTF22aaacnbw.npz,SN Ia,SNI,core,32,13,19,True
ZTF22aaacnmh,events/ZTF22aaacnmh.npz,SN II,SNII,core,18,5,13,True
ZTF22aaacpav,events/ZTF22aaacpav.npz,SN Ia,SNI,core,10,5,5,True
ZTF22aaacswh,events/ZTF22aaacswh.npz,SN Ia,SNI,core,13,6,7,True
ZTF22aaacwcc,events/ZTF22aaacwcc.npz,SN Ia,SNI,core,18,8,10,True
ZTF22aaacwup,events/ZTF22aaacwup.npz,SN Ia,SNI,core,11,4,7,True
ZTF22aaacxkp,events/ZTF22aaacxkp.npz,SN II,SNII,core,47,22,25,True
ZTF22aaaczko,events/ZTF22aaaczko.npz,SN Ia,SNI,core,6,3,3,False
ZTF22aaadmlp,events/ZTF22aaadmlp.npz,SN Ia,SNI,core,4,0,4,False
ZTF22aaaedas,events/ZTF22aaaedas.npz,TDE,TDE,core,28,15,13,True
ZTF22aaaedov,events/ZTF22aaaedov.npz,SN Ia,SNI,core,8,1,7,False
ZTF22aaaedpq,events/ZTF22aaaedpq.npz,SN Ia,SNI,core,6,2,4,False
ZTF22aaaedvr,events/ZTF22aaaedvr.npz,SN II,SNII,core,29,15,14,True
ZTF22aaaeeva,events/ZTF22aaaeeva.npz,SN Ia,SNI,core,12,5,7,True
ZTF22aaaeewn,events/ZTF22aaaeewn.npz,SN Ia,SNI,core,2,1,1,False
ZTF22aaaeezt,events/ZTF22aaaeezt.npz,SN Ia,SNI,core,2,1,1,False
ZTF22aaaefgq,events/ZTF22aaaefgq.npz,SN II,SNII,core,37,18,19,True
ZTF22aaaehtn,events/ZTF22aaaehtn.npz,SN II,SNII,core,17,7,10,True
ZTF22aaaehzd,events/ZTF22aaaehzd.npz,SN Ia,SNI,core,12,4,8,True
ZTF22aaaehzu,events/ZTF22aaaehzu.npz,SN II,SNII,core,39,19,20,True
ZTF22aaaeiag,events/ZTF22aaaeiag.npz,SN Ia,SNI,core,11,3,8,True
ZTF22aaaeibb,events/ZTF22aaaeibb.npz,SN Ia,SNI,core,17,7,10,True
ZTF22aaaeibc,events/ZTF22aaaeibc.npz,SN Ia,SNI,core,10,2,8,True
ZTF22aaaeilq,events/ZTF22aaaeilq.npz,SN II,SNII,core,6,1,5,False
ZTF22aaaekqh,events/ZTF22aaaekqh.npz,TDE,TDE,core,8,0,8,False
ZTF22aaaelju,events/ZTF22aaaelju.npz,SN II,SNII,core,4,0,4,False
ZTF22aaaenuc,events/ZTF22aaaenuc.npz,SN Ia,SNI,core,16,5,11,True
ZTF22aaaepao,events/ZTF22aaaepao.npz,SN II,SNII,core,27,11,16,True
ZTF22aaaepck,events/ZTF22aaaepck.npz,SN II,SNII,core,23,9,14,True
ZTF22aaaepjq,events/ZTF22aaaepjq.npz,SN Ia,SNI,core,13,6,7,True
ZTF22aaaepmm,events/ZTF22aaaepmm.npz,SN II,SNII,core,3,1,2,False
ZTF22aaaepmu,events/ZTF22aaaepmu.npz,SN II,SNII,core,33,15,18,True
ZTF22aaaepob,events/ZTF22aaaepob.npz,SN Ia-91T,SNI,core,17,7,10,True
ZTF22aaafavg,events/ZTF22aaafavg.npz,SN Ia,SNI,core,7,4,3,False
ZTF22aaafbjo,events/ZTF22aaafbjo.npz,SN Ia,SNI,core,8,4,4,True
ZTF22aaafbka,events/ZTF22aaafbka.npz,SN Ia,SNI,core,18,9,9,True
ZTF22aaafbma,events/ZTF22aaafbma.npz,SN IIP,SNII,core,19,5,14,True
ZTF22aaafbrd,events/ZTF22aaafbrd.npz,SN Ia,SNI,core,11,6,5,True
ZTF22aaafbww,events/ZTF22aaafbww.npz,SN Ia,SNI,core,9,5,4,True
ZTF22aaafcvd,events/ZTF22aaafcvd.npz,SN Ia,SNI,core,36,20,16,True
ZTF22aaafdna,events/ZTF22aaafdna.npz,SN Ia,SNI,core,8,4,4,True
ZTF22aaafdpd,events/ZTF22aaafdpd.npz,SN Ia,SNI,core,14,7,7,True
ZTF22aaafdrn,events/ZTF22aaafdrn.npz,SN Ia,SNI,core,26,15,11,True
ZTF22aaafdwm,events/ZTF22aaafdwm.npz,SN Ia,SNI,core,15,8,7,True
ZTF22aaafedw,events/ZTF22aaafedw.npz,SN Ia,SNI,core,8,4,4,True
ZTF22aaafegw,events/ZTF22aaafegw.npz,SN Ia,SNI,core,4,2,2,False
ZTF22aaafeil,events/ZTF22aaafeil.npz,SN Ia,SNI,core,15,8,7,True
ZTF22aaafeiu,events/ZTF22aaafeiu.npz,SN Ia,SNI,core,51,24,27,True
ZTF22aaafetg,events/ZTF22aaafetg.npz,SN Ia,SNI,core,14,7,7,True
ZTF22aaaffer,events/ZTF22aaaffer.npz,SN Ia,SNI,core,14,7,7,True
ZTF22aaaffxq,events/ZTF22aaaffxq.npz,SN Ia,SNI,core,11,5,6,True
ZTF22aaafgdl,events/ZTF22aaafgdl.npz,SN Ia,SNI,core,23,9,14,True
ZTF22aaafgwq,events/ZTF22aaafgwq.npz,SN Ia,SNI,core,23,9,14,True
ZTF22aaafjir,events/ZTF22aaafjir.npz,SN II,SNII,core,48,20,28,True
ZTF22aaafjoc,events/ZTF22aaafjoc.npz,SN II,SNII,core,46,22,24,True
ZTF22aaafkpf,events/ZTF22aaafkpf.npz,SN Ia,SNI,core,11,4,7,True
ZTF22aaafkvn,events/ZTF22aaafkvn.npz,SN Ic,SNI,core,39,17,22,True
ZTF22aaafmec,events/ZTF22aaafmec.npz,SN Ia,SNI,core,8,5,3,True
ZTF22aaafmxf,events/ZTF22aaafmxf.npz,SN Ia-pec,SNI,core,16,8,8,True
ZTF22aaafmzj,events/ZTF22aaafmzj.npz,SN Ia,SNI,core,14,7,7,True
ZTF22aaafnry,events/ZTF22aaafnry.npz,SN Ia,SNI,core,11,6,5,True
ZTF22aaafnvl,events/ZTF22aaafnvl.npz,SN Ia-91T,SNI,core,15,7,8,True
ZTF22aaafohf,events/ZTF22aaafohf.npz,SN Ia,SNI,core,20,9,11,True
ZTF22aaafomy,events/ZTF22aaafomy.npz,SN Ia,SNI,core,14,5,9,True
ZTF22aaafpbi,events/ZTF22aaafpbi.npz,SN II,SNII,core,36,15,21,True
ZTF22aaafpoj,events/ZTF22aaafpoj.npz,SN Ia,SNI,core,3,2,1,False
ZTF22aaafqzd,events/ZTF22aaafqzd.npz,SN Ia,SNI,core,18,7,11,True
ZTF22aaafrcl,events/ZTF22aaafrcl.npz,SN II,SNII,core,27,13,14,True
ZTF22aaagqvw,events/ZTF22aaagqvw.npz,SN Ic,SNI,core,9,4,5,True
ZTF22aaagqyx,events/ZTF22aaagqyx.npz,SN Ia,SNI,core,7,4,3,False
ZTF22aaagrce,events/ZTF22aaagrce.npz,SN Ib,SNI,core,10,5,5,True
ZTF22aaagrex,events/ZTF22aaagrex.npz,SN Ia,SNI,core,12,6,6,True
ZTF22aaagrlj,events/ZTF22aaagrlj.npz,SN Ia,SNI,core,3,3,0,False
ZTF22aaagrqi,events/ZTF22aaagrqi.npz,SN II,SNII,core,5,3,2,False
ZTF22aaagscm,events/ZTF22aaagscm.npz,SN Ia,SNI,core,7,3,4,False
ZTF22aaagszu,events/ZTF22aaagszu.npz,SN Ic-BL,SNI,core,5,2,3,False
ZTF22aaagtdt,events/ZTF22aaagtdt.npz,SN Ia,SNI,core,6,3,3,False
ZTF22aaagtej,events/ZTF22aaagtej.npz,SN II,SNII,core,12,5,7,True
ZTF22aaagvdj,events/ZTF22aaagvdj.npz,CV,CV,core,10,5,5,True
ZTF22aaagvrk,events/ZTF22aaagvrk.npz,SN II,SNII,core,6,1,5,False
ZTF22aaagvyp,events/ZTF22aaagvyp.npz,SN Ia,SNI,core,14,6,8,True
ZTF22aaagxev,events/ZTF22aaagxev.npz,SN Ia,SNI,core,9,4,5,True
ZTF22aaagxir,events/ZTF22aaagxir.npz,SN II,SNII,core,6,1,5,False
ZTF22aaagxnb,events/ZTF22aaagxnb.npz,SN Ia,SNI,core,22,10,12,True
ZTF22aaagxsz,events/ZTF22aaagxsz.npz,SN II,SNII,core,11,5,6,True
ZTF22aaagxuu,events/ZTF22aaagxuu.npz,SN Ia,SNI,core,21,10,11,True
ZTF22aaagycn,events/ZTF22aaagycn.npz,SN Ia,SNI,core,3,1,2,False
ZTF22aaahads,events/ZTF22aaahads.npz,SN Ia,SNI,core,7,2,5,False
ZTF22aaahahx,events/ZTF22aaahahx.npz,SN II,SNII,core,5,1,4,False
ZTF22aaahbrf,events/ZTF22aaahbrf.npz,SN Ia,SNI,core,9,4,5,True
ZTF22aaahbyx,events/ZTF22aaahbyx.npz,SN Ia,SNI,core,10,4,6,True
ZTF22aaahesb,events/ZTF22aaahesb.npz,SN II,SNII,core,38,20,18,True
ZTF22aaahewf,events/ZTF22aaahewf.npz,SN Ia,SNI,core,25,11,14,True
ZTF22aaahfyi,events/ZTF22aaahfyi.npz,SN Ia,SNI,core,9,4,5,True
ZTF22aaahghb,events/ZTF22aaahghb.npz,SN Ia,SNI,core,30,14,16,True
ZTF22aaahglh,events/ZTF22aaahglh.npz,SN Ia,SNI,core,10,4,6,True
ZTF22aaahgtt,events/ZTF22aaahgtt.npz,CV,CV,core,3,2,1,False
ZTF22aaahhbo,events/ZTF22aaahhbo.npz,SN II,SNII,core,24,10,14,True
ZTF22aaahizd,events/ZTF22aaahizd.npz,CV,CV,core,7,3,4,False
ZTF22aaahjsi,events/ZTF22aaahjsi.npz,SN Ia,SNI,core,11,6,5,True
ZTF22aaahklt,events/ZTF22aaahklt.npz,SN Ia,SNI,core,15,7,8,True
ZTF22aaahmmk,events/ZTF22aaahmmk.npz,SN Ia,SNI,core,6,2,4,False
ZTF22aaahtqz,events/ZTF22aaahtqz.npz,TDE,TDE,core,27,17,10,True
ZTF22aaahull,events/ZTF22aaahull.npz,SN Ia,SNI,core,11,5,6,True
ZTF22aaahuly,events/ZTF22aaahuly.npz,SN Ic-BL,SNI,core,16,8,8,True
ZTF22aaaifcx,events/ZTF22aaaifcx.npz,SN II,SNII,core,31,9,22,True
ZTF22aaaifln,events/ZTF22aaaifln.npz,SN II,SNII,core,7,1,6,False
ZTF22aaaihgr,events/ZTF22aaaihgr.npz,TDE,TDE,core,16,7,9,True
ZTF22aaaihnr,events/ZTF22aaaihnr.npz,SN Ia,SNI,core,7,2,5,False
ZTF22aaaikzg,events/ZTF22aaaikzg.npz,SN Ia,SNI,core,20,10,10,True
ZTF22aaailga,events/ZTF22aaailga.npz,SN Ia,SNI,core,13,7,6,True
ZTF22aaaivqj,events/ZTF22aaaivqj.npz,SN Ia,SNI,core,10,5,5,True
ZTF22aaaivuk,events/ZTF22aaaivuk.npz,SN Ib,SNI,core,29,14,15,True
ZTF22aaaivxh,events/ZTF22aaaivxh.npz,SN Ia,SNI,core,10,5,5,True
ZTF22aaaiyip,events/ZTF22aaaiyip.npz,SN Ic,SNI,core,9,3,6,True
ZTF22aaaiykj,events/ZTF22aaaiykj.npz,SN Ia,SNI,core,18,8,10,True
ZTF22aaaiyzf,events/ZTF22aaaiyzf.npz,SN II,SNII,core,39,15,24,True
ZTF22aaajaxq,events/ZTF22aaajaxq.npz,SN Ia,SNI,core,8,2,6,True
ZTF22aaajazi,events/ZTF22aaajazi.npz,SN Ia,SNI,core,8,2,6,True
ZTF22aaajbnz,events/ZTF22aaajbnz.npz,SN IIn,SNII,core,12,5,7,True
ZTF22aaajcft,events/ZTF22aaajcft.npz,SN Ia,SNI,core,13,5,8,True
ZTF22aaajhkj,events/ZTF22aaajhkj.npz,SN Ia,SNI,core,12,5,7,True
ZTF22aaajhqk,events/ZTF22aaajhqk.npz,SN Ia,SNI,core,10,5,5,True
ZTF22aaajife,events/ZTF22aaajife.npz,SN Ia,SNI,core,16,8,8,True
ZTF22aaajima,events/ZTF22aaajima.npz,SN Ib,SNI,core,14,6,8,True
ZTF22aaajixo,events/ZTF22aaajixo.npz,SN Ia-91T,SNI,core,7,3,4,False
ZTF22aaajlae,events/ZTF22aaajlae.npz,SN II,SNII,core,10,4,6,True
ZTF22aaajoxo,events/ZTF22aaajoxo.npz,SN Ia,SNI,core,24,12,12,True
ZTF22aaajrdf,events/ZTF22aaajrdf.npz,SN Ia-91bg,SNI,core,21,7,14,True
ZTF22aaajuiz,events/ZTF22aaajuiz.npz,SN Ia,SNI,core,25,12,13,True
ZTF22aaajuya,events/ZTF22aaajuya.npz,SN Ia,SNI,core,21,9,12,True
ZTF22aaakran,events/ZTF22aaakran.npz,AGN,AGN,core,58,31,27,True
ZTF22aaakxxu,events/ZTF22aaakxxu.npz,SN Ia,SNI,core,6,3,3,False
ZTF22aaakxyo,events/ZTF22aaakxyo.npz,SN II,SNII,core,6,4,2,False
ZTF22aaaltnx,events/ZTF22aaaltnx.npz,SN Ia,SNI,core,15,6,9,True
ZTF22aaambwy,events/ZTF22aaambwy.npz,SN II,SNII,core,10,5,5,True
ZTF22aaanfhy,events/ZTF22aaanfhy.npz,SN II,SNII,core,32,15,17,True
ZTF22aaanfjh,events/ZTF22aaanfjh.npz,SN Ia,SNI,core,14,7,7,True
ZTF22aaanjaz,events/ZTF22aaanjaz.npz,SN Ia,SNI,core,7,4,3,False
ZTF22aaanmsr,events/ZTF22aaanmsr.npz,SN Ib/c,SNI,core,7,2,5,False
ZTF22aaanxqh,events/ZTF22aaanxqh.npz,SN Ia-91T,SNI,core,7,3,4,False
ZTF22aaaoiaz,events/ZTF22aaaoiaz.npz,SN Ia,SNI,core,13,6,7,True
ZTF22aaaojin,events/ZTF22aaaojin.npz,SN Ic,SNI,core,3,1,2,False
ZTF22aaaokni,events/ZTF22aaaokni.npz,SN Ia,SNI,core,12,6,6,True
ZTF22aaaokui,events/ZTF22aaaokui.npz,SN Ia,SNI,core,5,0,5,False
ZTF22aaaooyv,events/ZTF22aaaooyv.npz,SN II,SNII,core,34,16,18,True
ZTF22aaaopwu,events/ZTF22aaaopwu.npz,SN Ia,SNI,core,5,0,5,False
ZTF22aaaoqer,events/ZTF22aaaoqer.npz,SN Ia,SNI,core,9,2,7,True
ZTF22aaaovio,events/ZTF22aaaovio.npz,SN Ia,SNI,core,45,18,27,True
ZTF22aaaowlo,events/ZTF22aaaowlo.npz,SN II,SNII,core,27,9,18,True
ZTF22aaaoxsl,events/ZTF22aaaoxsl.npz,SN Ia,SNI,core,12,7,5,True
ZTF22aaaoyme,events/ZTF22aaaoyme.npz,SN Ic-BL,SNI,core,8,3,5,True
ZTF22aaaqfwu,events/ZTF22aaaqfwu.npz,SN IIP,SNII,core,6,2,4,False
ZTF22aaaqwar,events/ZTF22aaaqwar.npz,SN Ia,SNI,core,25,10,15,True
ZTF22aaarcds,events/ZTF22aaarcds.npz,SN Ia,SNI,core,14,5,9,True
ZTF22aaarpet,events/ZTF22aaarpet.npz,SN Ia,SNI,core,4,2,2,False
ZTF22aaarpvb,events/ZTF22aaarpvb.npz,SN Ia,SNI,core,7,3,4,False
ZTF22aaasqwx,events/ZTF22aaasqwx.npz,SN Ib,SNI,core,26,10,16,True
ZTF22aaauzzc,events/ZTF22aaauzzc.npz,SN Ia,SNI,core,3,1,2,False
ZTF22aaavmst,events/ZTF22aaavmst.npz,SN Ia,SNI,core,26,11,15,True
ZTF22aaavnhg,events/ZTF22aaavnhg.npz,SN Ia,SNI,core,7,3,4,False
ZTF22aaavods,events/ZTF22aaavods.npz,SN II,SNII,core,15,7,8,True
ZTF22aaaxiru,events/ZTF22aaaxiru.npz,SN Ia,SNI,core,35,14,21,True
ZTF22aaaxjln,events/ZTF22aaaxjln.npz,SN Ia,SNI,core,30,12,18,True
ZTF22aaaxkar,events/ZTF22aaaxkar.npz,SN Ia,SNI,core,9,4,5,True
ZTF22aaazhly,events/ZTF22aaazhly.npz,SN Ia,SNI,core,3,1,2,False
ZTF22aabbfre,events/ZTF22aabbfre.npz,SN Ia,SNI,core,22,8,14,True
ZTF22aabdvnv,events/ZTF22aabdvnv.npz,SN Ib,SNI,core,12,4,8,True
ZTF22aabfnnw,events/ZTF22aabfnnw.npz,SN Ia,SNI,core,4,2,2,False
ZTF22aabfuju,events/ZTF22aabfuju.npz,SN Ia,SNI,core,9,5,4,True
ZTF22aabgazg,events/ZTF22aabgazg.npz,SN Ic-BL,SNI,core,16,5,11,True
ZTF22aabgcko,events/ZTF22aabgcko.npz,SN Ia,SNI,core,7,3,4,False
ZTF22aabgcuk,events/ZTF22aabgcuk.npz,SN Ia,SNI,core,9,1,8,False
ZTF22aabhpei,events/ZTF22aabhpei.npz,CV,CV,core,7,4,3,False
ZTF22aabhtsw,events/ZTF22aabhtsw.npz,SN Ia,SNI,core,12,4,8,True
ZTF22aabitze,events/ZTF22aabitze.npz,SN Ia,SNI,core,7,1,6,False
ZTF22aabiyjw,events/ZTF22aabiyjw.npz,SN Ia,SNI,core,12,6,6,True
ZTF22aabjlih,events/ZTF22aabjlih.npz,SN Ia,SNI,core,22,11,11,True
ZTF22aabjpii,events/ZTF22aabjpii.npz,SN II,SNII,core,25,8,17,True
ZTF22aabnonm,events/ZTF22aabnonm.npz,SN Ia,SNI,core,11,4,7,True
ZTF22aabnvrz,events/ZTF22aabnvrz.npz,SN Ia,SNI,core,6,3,3,False
ZTF22aabnzsk,events/ZTF22aabnzsk.npz,SN Ib,SNI,core,25,11,14,True
ZTF22aaboeex,events/ZTF22aaboeex.npz,SN Ia,SNI,core,32,12,20,True
ZTF22aabqtrq,events/ZTF22aabqtrq.npz,SN Ia,SNI,core,6,2,4,False
ZTF22aabrffl,events/ZTF22aabrffl.npz,SN Ia-91T,SNI,core,25,11,14,True
ZTF22aabrkjs,events/ZTF22aabrkjs.npz,SN II,SNII,core,4,2,2,False
ZTF22aabseql,events/ZTF22aabseql.npz,SN Ia,SNI,core,5,2,3,False
ZTF22aabsnrg,events/ZTF22aabsnrg.npz,SN Ia,SNI,core,6,3,3,False
ZTF22aabtqob,events/ZTF22aabtqob.npz,SN Ia,SNI,core,8,2,6,True
ZTF22aabvede,events/ZTF22aabvede.npz,SN Ia,SNI,core,5,4,1,False
ZTF22aabvelk,events/ZTF22aabvelk.npz,SN Ia,SNI,core,6,4,2,False
ZTF22aabvetw,events/ZTF22aabvetw.npz,SN Ia,SNI,core,18,5,13,True
ZTF22aabwcaq,events/ZTF22aabwcaq.npz,SN Ia,SNI,core,3,1,2,False
ZTF22aabwemz,events/ZTF22aabwemz.npz,SN IIn,SNII,core,11,5,6,True
ZTF22aabwfss,events/ZTF22aabwfss.npz,SN Ia,SNI,core,12,6,6,True
ZTF22aabwfvz,events/ZTF22aabwfvz.npz,SN Ia,SNI,core,20,7,13,True
ZTF22aabwrov,events/ZTF22aabwrov.npz,SN Ia,SNI,core,10,5,5,True
ZTF22aabwuwv,events/ZTF22aabwuwv.npz,SN Ia-91T,SNI,core,26,10,16,True
ZTF22aabwxnp,events/ZTF22aabwxnp.npz,SN Ia,SNI,core,18,7,11,True
ZTF22aabwxtw,events/ZTF22aabwxtw.npz,AGN,AGN,core,3,3,0,False
ZTF22aabxuxf,events/ZTF22aabxuxf.npz,SN IIn,SNII,core,25,12,13,True
ZTF22aabyzwm,events/ZTF22aabyzwm.npz,SN Ia,SNI,core,3,3,0,False
ZTF22aabzcoy,events/ZTF22aabzcoy.npz,SN Ia,SNI,core,6,3,3,False
ZTF22aabzjge,events/ZTF22aabzjge.npz,SN Ia,SNI,core,29,10,19,True
ZTF22aabzqnf,events/ZTF22aabzqnf.npz,SN Ia,SNI,core,6,3,3,False
ZTF22aabzsqo,events/ZTF22aabzsqo.npz,SN II,SNII,core,42,17,25,True
ZTF22aacagjm,events/ZTF22aacagjm.npz,SN Ia,SNI,core,12,7,5,True
ZTF22aacdfsw,events/ZTF22aacdfsw.npz,SN Ia,SNI,core,23,9,14,True
ZTF22aacdlkc,events/ZTF22aacdlkc.npz,SN Ia,SNI,core,15,7,8,True
ZTF22aacfhxo,events/ZTF22aacfhxo.npz,SN Ia,SNI,core,2,1,1,False
ZTF22aacfkpb,events/ZTF22aacfkpb.npz,SN Ia,SNI,core,3,1,2,False
ZTF22aacgcwv,events/ZTF22aacgcwv.npz,TDE,TDE,core,28,14,14,True
ZTF22aachvph,events/ZTF22aachvph.npz,SN Ia,SNI,core,5,1,4,False
ZTF22aacilhr,events/ZTF22aacilhr.npz,SN Ia,SNI,core,37,19,18,True
ZTF22aacilxj,events/ZTF22aacilxj.npz,SN Ia,SNI,core,4,2,2,False
ZTF22aacinau,events/ZTF22aacinau.npz,SN Ia,SNI,core,3,2,1,False
ZTF22aacmgor,events/ZTF22aacmgor.npz,SN Ia,SNI,core,10,5,5,True
ZTF22aacmgox,events/ZTF22aacmgox.npz,SN Ia,SNI,core,24,14,10,True
ZTF22aacrugz,events/ZTF22aacrugz.npz,SN Ia,SNI,core,44,19,25,True
ZTF22aacruke,events/ZTF22aacruke.npz,SN Ia,SNI,core,10,4,6,True
ZTF22aacrwal,events/ZTF22aacrwal.npz,SN Ia-91T,SNI,core,29,9,20,True
ZTF22aactbyx,events/ZTF22aactbyx.npz,SN Ia,SNI,core,6,3,3,False
ZTF22aacwsjl,events/ZTF22aacwsjl.npz,SN Ia,SNI,core,8,4,4,True
ZTF22aaczige,events/ZTF22aaczige.npz,SN Ia,SNI,core,8,4,4,True
ZTF22aaddorn,events/ZTF22aaddorn.npz,SN Ia,SNI,core,28,14,14,True
ZTF22aaddsxu,events/ZTF22aaddsxu.npz,SN Ia,SNI,core,65,33,32,True
ZTF22aaddtiu,events/ZTF22aaddtiu.npz,SN II,SNII,core,67,38,29,True
ZTF22aaddvbe,events/ZTF22aaddvbe.npz,SN Ia,SNI,core,89,41,48,True
ZTF22aadedjt,events/ZTF22aadedjt.npz,SN Ia,SNI,core,15,8,7,True
ZTF22aademuj,events/ZTF22aademuj.npz,SN Ia,SNI,core,22,10,12,True
ZTF22aadepde,events/ZTF22aadepde.npz,SN Ia,SNI,core,23,9,14,True
ZTF22aadephk,events/ZTF22aadephk.npz,SN Ia,SNI,core,51,24,27,True
ZTF22aadepkk,events/ZTF22aadepkk.npz,SN Ia,SNI,core,53,23,30,True
ZTF22aadeqoe,events/ZTF22aadeqoe.npz,SN Ia,SNI,core,33,13,20,True
ZTF22aadesap,events/ZTF22aadesap.npz,AGN,AGN,core,70,35,35,True
ZTF22aadesjc,events/ZTF22aadesjc.npz,SN IIn,SNII,core,75,36,39,True
ZTF22aadeslb,events/ZTF22aadeslb.npz,SN Ia,SNI,core,11,5,6,True
ZTF22aadetzg,events/ZTF22aadetzg.npz,SN Ia,SNI,core,59,26,33,True
ZTF22aadetzs,events/ZTF22aadetzs.npz,SN Ia,SNI,core,49,22,27,True
ZTF22aadeurv,events/ZTF22aadeurv.npz,SN Ia,SNI,core,33,12,21,True
ZTF22aadevoi,events/ZTF22aadevoi.npz,SN Ia,SNI,core,12,5,7,True
ZTF22aadewot,events/ZTF22aadewot.npz,SN II,SNII,core,59,21,38,True
ZTF22aadexro,events/ZTF22aadexro.npz,SN Ia,SNI,core,21,9,12,True
ZTF22aadfbbs,events/ZTF22aadfbbs.npz,SN II,SNII,core,17,10,7,True
ZTF22aadfbim,events/ZTF22aadfbim.npz,SN Ia,SNI,core,41,23,18,True
ZTF22aadfcnz,events/ZTF22aadfcnz.npz,SN Ia,SNI,core,54,25,29,True
ZTF22aadfecx,events/ZTF22aadfecx.npz,SN Ia,SNI,core,36,13,23,True
ZTF22aadfgpu,events/ZTF22aadfgpu.npz,SN Ia,SNI,core,64,26,38,True
ZTF22aadfjze,events/ZTF22aadfjze.npz,SN Ia,SNI,core,20,9,11,True
ZTF22aadfkzb,events/ZTF22aadfkzb.npz,SN Ia,SNI,core,18,7,11,True
ZTF22aadfnrx,events/ZTF22aadfnrx.npz,SN II,SNII,core,78,41,37,True
ZTF22aadfrjm,events/ZTF22aadfrjm.npz,SN Ia,SNI,core,54,25,29,True
ZTF22aadfstk,events/ZTF22aadfstk.npz,SN Ia,SNI,core,17,7,10,True
ZTF22aadgefj,events/ZTF22aadgefj.npz,TDE,TDE,core,73,36,37,True
ZTF22aadggnb,events/ZTF22aadggnb.npz,SN Ia,SNI,core,15,7,8,True
ZTF22aadghdv,events/ZTF22aadghdv.npz,SN Ia,SNI,core,42,14,28,True
ZTF22aadionf,events/ZTF22aadionf.npz,SN Ia,SNI,core,9,5,4,True
ZTF22aadiujq,events/ZTF22aadiujq.npz,SN Ia,SNI,core,17,10,7,True
ZTF22aadizjf,events/ZTF22aadizjf.npz,SN Ia,SNI,core,8,3,5,True
ZTF22aadknec,events/ZTF22aadknec.npz,SN Ia,SNI,core,16,5,11,True
ZTF22aadkocy,events/ZTF22aadkocy.npz,SN Ia,SNI,core,23,12,11,True
ZTF22aadkowq,events/ZTF22aadkowq.npz,SN Ia,SNI,core,32,15,17,True
ZTF22aadksbz,events/ZTF22aadksbz.npz,SN II,SNII,core,34,17,17,True
ZTF22aadkxfy,events/ZTF22aadkxfy.npz,SN Ia,SNI,core,21,13,8,True
ZTF22aadkxhp,events/ZTF22aadkxhp.npz,SN Ia,SNI,core,27,13,14,True
ZTF22aadliib,events/ZTF22aadliib.npz,SN Ia,SNI,core,16,5,11,True
ZTF22aadljkb,events/ZTF22aadljkb.npz,SN IIP,SNII,core,47,19,28,True
ZTF22aadlmgg,events/ZTF22aadlmgg.npz,SN Ia-91bg,SNI,core,33,13,20,True
ZTF22aadlnaf,events/ZTF22aadlnaf.npz,SN Ia,SNI,core,30,10,20,True
ZTF22aadlpkc,events/ZTF22aadlpkc.npz,SN Ib,SNI,core,19,8,11,True
ZTF22aadltbv,events/ZTF22aadltbv.npz,SN Ia,SNI,core,20,9,11,True
ZTF22aadmbfq,events/ZTF22aadmbfq.npz,SN II,SNII,core,13,4,9,True
ZTF22aadmgan,events/ZTF22aadmgan.npz,SN Ia,SNI,core,32,14,18,True
ZTF22aadnjsh,events/ZTF22aadnjsh.npz,SN Ib,SNI,core,25,12,13,True
ZTF22aadnqsf,events/ZTF22aadnqsf.npz,SN II,SNII,core,95,44,51,True
ZTF22aadoihx,events/ZTF22aadoihx.npz,SN Ib,SNI,core,53,14,39,True
ZTF22aadolby,events/ZTF22aadolby.npz,SN II,SNII,core,69,30,39,True
ZTF22aadolze,events/ZTF22aadolze.npz,SN Ia-91T,SNI,core,59,25,34,True
ZTF22aadoypp,events/ZTF22aadoypp.npz,SN II,SNII,core,24,9,15,True
ZTF22aadpffd,events/ZTF22aadpffd.npz,SN Ia,SNI,core,12,7,5,True
ZTF22aadpgmo,events/ZTF22aadpgmo.npz,SN Ia,SNI,core,19,11,8,True
ZTF22aadpsxa,events/ZTF22aadpsxa.npz,SN Ia,SNI,core,28,25,3,True
ZTF22aadpuwe,events/ZTF22aadpuwe.npz,SN IIP,SNII,core,24,12,12,True
ZTF22aadqkuv,events/ZTF22aadqkuv.npz,SN Ia-91T,SNI,core,22,8,14,True
ZTF22aadqlhy,events/ZTF22aadqlhy.npz,SN Ib-pec,SNI,core,57,30,27,True
ZTF22aadthro,events/ZTF22aadthro.npz,SN Ia,SNI,core,25,11,14,True
ZTF22aadtowh,events/ZTF22aadtowh.npz,SN II,SNII,core,27,11,16,True
ZTF22aaeaktc,events/ZTF22aaeaktc.npz,SN Ia,SNI,core,26,10,16,True
ZTF22aaeaqmz,events/ZTF22aaeaqmz.npz,SN Ia,SNI,core,35,19,16,True
ZTF22aaeasul,events/ZTF22aaeasul.npz,SN II,SNII,core,47,13,34,True
ZTF22aaebkwd,events/ZTF22aaebkwd.npz,SN Ib,SNI,core,17,9,8,True
ZTF22aaebzvf,events/ZTF22aaebzvf.npz,SN Ia,SNI,core,7,3,4,False
ZTF22aaecchp,events/ZTF22aaecchp.npz,SN Ib,SNI,core,2,1,1,False
ZTF22aaecdin,events/ZTF22aaecdin.npz,SN IIb,SNII,core,31,11,20,True
ZTF22aaecenq,events/ZTF22aaecenq.npz,SN Ia,SNI,core,29,11,18,True
ZTF22aaecoej,events/ZTF22aaecoej.npz,SN Ia,SNI,core,18,9,9,True
ZTF22aaecsvn,events/ZTF22aaecsvn.npz,SN Ia,SNI,core,9,6,3,True
ZTF22aaedebi,events/ZTF22aaedebi.npz,SN II,SNII,core,24,11,13,True
ZTF22aaedgbt,events/ZTF22aaedgbt.npz,SN Ia,SNI,core,22,12,10,True
ZTF22aaedqkt,events/ZTF22aaedqkt.npz,SN Ia,SNI,core,4,1,3,False
ZTF22aaedrzw,events/ZTF22aaedrzw.npz,SN Ia,SNI,core,10,5,5,True
ZTF22aaedtvn,events/ZTF22aaedtvn.npz,SN Ia,SNI,core,17,7,10,True
ZTF22aaefjef,events/ZTF22aaefjef.npz,SN Ia,SNI,core,11,5,6,True
ZTF22aaegxpa,events/ZTF22aaegxpa.npz,SN II,SNII,core,49,15,34,True
ZTF22aaeigxr,events/ZTF22aaeigxr.npz,SN Ia,SNI,core,27,11,16,True
ZTF22aaejjtb,events/ZTF22aaejjtb.npz,SN Ia,SNI,core,20,11,9,True
ZTF22aaejlrf,events/ZTF22aaejlrf.npz,SN Ia,SNI,core,17,9,8,True
ZTF22aaekgxv,events/ZTF22aaekgxv.npz,SN Ia,SNI,core,32,15,17,True
ZTF22aaektkm,events/ZTF22aaektkm.npz,SN Ia,SNI,core,41,22,19,True
ZTF22aaemgsl,events/ZTF22aaemgsl.npz,SN Ia,SNI,core,28,10,18,True
ZTF22aaemhwl,events/ZTF22aaemhwl.npz,SN Ia,SNI,core,44,19,25,True
ZTF22aaemoot,events/ZTF22aaemoot.npz,SN II,SNII,core,22,11,11,True
ZTF22aaerfpk,events/ZTF22aaerfpk.npz,SN Ia,SNI,core,32,13,19,True
ZTF22aaetqzk,events/ZTF22aaetqzk.npz,SN IIn,SNII,core,69,27,42,True
ZTF22aaettxg,events/ZTF22aaettxg.npz,SN Ia-91T,SNI,core,33,13,20,True
ZTF22aaeviey,events/ZTF22aaeviey.npz,SN Ia,SNI,core,46,21,25,True
ZTF22aaevnvp,events/ZTF22aaevnvp.npz,SN Ia,SNI,core,28,10,18,True
ZTF22aaevwec,events/ZTF22aaevwec.npz,SN II,SNII,core,38,13,25,True
ZTF22aaezjuu,events/ZTF22aaezjuu.npz,SN Ia,SNI,core,61,29,32,True
ZTF22aaezyos,events/ZTF22aaezyos.npz,SN Ib,SNI,core,105,40,65,True
ZTF22aafapdd,events/ZTF22aafapdd.npz,CV,CV,core,15,6,9,True
ZTF22aafdaai,events/ZTF22aafdaai.npz,SN Ia,SNI,core,25,11,14,True
ZTF22aaffaah,events/ZTF22aaffaah.npz,SN Ia,SNI,core,25,11,14,True
ZTF22aafffpq,events/ZTF22aafffpq.npz,SN Ia,SNI,core,15,5,10,True
ZTF22aafiwtv,events/ZTF22aafiwtv.npz,SN Ia,SNI,core,29,20,9,True
ZTF22aafjjuq,events/ZTF22aafjjuq.npz,CV,CV,core,8,3,5,True
ZTF22aafnldl,events/ZTF22aafnldl.npz,SN Ia,SNI,core,11,3,8,True
ZTF22aafnqfz,events/ZTF22aafnqfz.npz,SN Ia,SNI,core,23,13,10,True
ZTF22aafnqtw,events/ZTF22aafnqtw.npz,SN Ia,SNI,core,19,9,10,True
ZTF22aafntmb,events/ZTF22aafntmb.npz,SN Ia,SNI,core,14,10,4,True
ZTF22aafnzvd,events/ZTF22aafnzvd.npz,SN IIn,SNII,core,13,1,12,False
ZTF22aafokgy,events/ZTF22aafokgy.npz,SN Ia,SNI,core,15,0,15,False
ZTF22aafoqrd,events/ZTF22aafoqrd.npz,SN Ia,SNI,core,48,28,20,True
ZTF22aafoweb,events/ZTF22aafoweb.npz,SN Ia,SNI,core,55,25,30,True
ZTF22aafpbbu,events/ZTF22aafpbbu.npz,SN Ia,SNI,core,28,13,15,True
ZTF22aafqaew,events/ZTF22aafqaew.npz,SN Ia,SNI,core,14,6,8,True
ZTF22aafqamd,events/ZTF22aafqamd.npz,SN Ia,SNI,core,17,9,8,True
ZTF22aafracj,events/ZTF22aafracj.npz,SN Ia,SNI,core,15,7,8,True
ZTF22aafrjnw,events/ZTF22aafrjnw.npz,SN IIb,SNII,core,76,30,46,True
ZTF22aafrsmk,events/ZTF22aafrsmk.npz,SN Ia,SNI,core,15,6,9,True
ZTF22aafsqud,events/ZTF22aafsqud.npz,SN II,SNII,core,64,32,32,True
ZTF22aagetzx,events/ZTF22aagetzx.npz,SN Ia,SNI,core,18,7,11,True
ZTF22aagsmli,events/ZTF22aagsmli.npz,SN Ia,SNI,core,8,8,0,False
ZTF22aagtrsh,events/ZTF22aagtrsh.npz,SN Ia,SNI,core,14,6,8,True
ZTF22aagtxzo,events/ZTF22aagtxzo.npz,SN Ia,SNI,core,17,7,10,True
ZTF22aagvgwl,events/ZTF22aagvgwl.npz,SN II,SNII,core,42,20,22,True
ZTF22aagvrlq,events/ZTF22aagvrlq.npz,TDE,TDE,core,24,18,6,True
ZTF22aagvtzz,events/ZTF22aagvtzz.npz,SN IIn,SNII,core,45,14,31,True
ZTF22aagvxjc,events/ZTF22aagvxjc.npz,SN IIn,SNII,core,74,33,41,True
ZTF22aagyrlp,events/ZTF22aagyrlp.npz,SN Ia,SNI,core,22,10,12,True
ZTF22aagyuao,events/ZTF22aagyuao.npz,TDE,TDE,core,21,9,12,True
ZTF22aagzcai,events/ZTF22aagzcai.npz,SN Ia,SNI,core,21,9,12,True
ZTF22aagzmcz,events/ZTF22aagzmcz.npz,SN Ic,SNI,core,14,4,10,True
ZTF22aahaasc,events/ZTF22aahaasc.npz,SN Ia,SNI,core,11,5,6,True
ZTF22aahaufu,events/ZTF22aahaufu.npz,SN Ia,SNI,core,29,13,16,True
ZTF22aahebcu,events/ZTF22aahebcu.npz,SN Ia,SNI,core,135,63,72,True
ZTF22aahecwj,events/ZTF22aahecwj.npz,SN Ia,SNI,core,49,21,28,True
ZTF22aahedwz,events/ZTF22aahedwz.npz,SN IIn,SNII,core,15,7,8,True
ZTF22aahefxi,events/ZTF22aahefxi.npz,SN Ia,SNI,core,11,4,7,True
ZTF22aahfuaa,events/ZTF22aahfuaa.npz,SN Ia,SNI,core,30,12,18,True
ZTF22aahgubb,events/ZTF22aahgubb.npz,SN II,SNII,core,29,15,14,True
ZTF22aahgvlx,events/ZTF22aahgvlx.npz,SN IIb,SNII,core,18,7,11,True
ZTF22aahgxbx,events/ZTF22aahgxbx.npz,SN Ia,SNI,core,17,7,10,True
ZTF22aahgxdt,events/ZTF22aahgxdt.npz,SN Ia-91bg,SNI,core,16,5,11,True
ZTF22aahhgue,events/ZTF22aahhgue.npz,SN Ia,SNI,core,27,13,14,True
ZTF22aahhlnd,events/ZTF22aahhlnd.npz,SN Ia,SNI,core,44,22,22,True
ZTF22aahhocd,events/ZTF22aahhocd.npz,SN Ia,SNI,core,29,12,17,True
ZTF22aahhrks,events/ZTF22aahhrks.npz,SN II,SNII,core,34,15,19,True
ZTF22aahhubz,events/ZTF22aahhubz.npz,SN Ia,SNI,core,15,5,10,True
ZTF22aahhvqj,events/ZTF22aahhvqj.npz,SN Ia-91T,SNI,core,39,14,25,True
ZTF22aahhzqi,events/ZTF22aahhzqi.npz,SN Ia,SNI,core,43,19,24,True
ZTF22aahibvx,events/ZTF22aahibvx.npz,SN II,SNII,core,98,49,49,True
ZTF22aahieds,events/ZTF22aahieds.npz,SN Ia,SNI,core,27,11,16,True
ZTF22aahiyfc,events/ZTF22aahiyfc.npz,SN Ia,SNI,core,20,6,14,True
ZTF22aahjayr,events/ZTF22aahjayr.npz,SN Ia,SNI,core,24,10,14,True
ZTF22aahmbwn,events/ZTF22aahmbwn.npz,SN Ia,SNI,core,23,6,17,True
ZTF22aahndul,events/ZTF22aahndul.npz,SN Ia,SNI,core,38,17,21,True
ZTF22aahnkdv,events/ZTF22aahnkdv.npz,SN II,SNII,core,75,37,38,True
ZTF22aahnvmo,events/ZTF22aahnvmo.npz,CV,CV,core,38,18,20,True
ZTF22aahoxbx,events/ZTF22aahoxbx.npz,SN Ia,SNI,core,13,8,5,True
ZTF22aahwcya,events/ZTF22aahwcya.npz,SN Ia,SNI,core,16,7,9,True
ZTF22aahwlcv,events/ZTF22aahwlcv.npz,SN Ia,SNI,core,20,9,11,True
ZTF22aahwmww,events/ZTF22aahwmww.npz,SN II,SNII,core,28,13,15,True
ZTF22aahxaiv,events/ZTF22aahxaiv.npz,SN Ic-BL,SNI,core,19,5,14,True
ZTF22aahygkd,events/ZTF22aahygkd.npz,SN Ia,SNI,core,28,10,18,True
ZTF22aahyqck,events/ZTF22aahyqck.npz,SN Ia,SNI,core,20,11,9,True
ZTF22aaialae,events/ZTF22aaialae.npz,SN II,SNII,core,14,6,8,True
ZTF22aaibhya,events/ZTF22aaibhya.npz,SN Ia,SNI,core,14,6,8,True
ZTF22aaidexe,events/ZTF22aaidexe.npz,SN Ia,SNI,core,33,15,18,True
ZTF22aaigqsr,events/ZTF22aaigqsr.npz,TDE,TDE,core,30,16,12,True
ZTF22aaiiiho,events/ZTF22aaiiiho.npz,SN Ia,SNI,core,17,6,11,True
ZTF22aaiiikj,events/ZTF22aaiiikj.npz,SN Ia,SNI,core,19,9,10,True
ZTF22aaiisww,events/ZTF22aaiisww.npz,SN Ia,SNI,core,56,27,29,True
ZTF22aaijnqy,events/ZTF22aaijnqy.npz,SN Ia-91T,SNI,core,48,23,25,True
ZTF22aaijrci,events/ZTF22aaijrci.npz,SN IIP,SNII,core,37,10,27,True
ZTF22aaijrcl,events/ZTF22aaijrcl.npz,SN Ia,SNI,core,28,11,17,True
ZTF22aaijrul,events/ZTF22aaijrul.npz,SN Ia,SNI,core,31,12,19,True
ZTF22aaikzzr,events/ZTF22aaikzzr.npz,SN Ia,SNI,core,14,5,9,True
ZTF22aaimbfz,events/ZTF22aaimbfz.npz,SN Ia,SNI,core,23,12,11,True
ZTF22aaimgvi,events/ZTF22aaimgvi.npz,SN Ia,SNI,core,22,11,11,True
ZTF22aaipocw,events/ZTF22aaipocw.npz,SN Ia,SNI,core,98,51,47,True
ZTF22aaitzvr,events/ZTF22aaitzvr.npz,SN II,SNII,core,55,25,30,True
ZTF22aajakms,events/ZTF22aajakms.npz,SN Ib/c,SNI,core,22,8,14,True
ZTF22aajcupz,events/ZTF22aajcupz.npz,SN IIn,SNII,core,47,25,22,True
ZTF22aajeyek,events/ZTF22aajeyek.npz,SN II,SNII,core,44,20,24,True
ZTF22aajezaq,events/ZTF22aajezaq.npz,SN Ia,SNI,core,75,37,38,True
ZTF22aajhiri,events/ZTF22aajhiri.npz,SN Ia,SNI,core,18,6,12,True
ZTF22aajhkpo,events/ZTF22aajhkpo.npz,SN II,SNII,core,17,11,6,True
ZTF22aajhkvu,events/ZTF22aajhkvu.npz,SN Ia,SNI,core,47,22,25,True
ZTF22aajhlaj,events/ZTF22aajhlaj.npz,SN II,SNII,core,87,42,45,True
ZTF22aajhlat,events/ZTF22aajhlat.npz,SN Ia,SNI,core,16,7,9,True
ZTF22aajhsbn,events/ZTF22aajhsbn.npz,SN Ib,SNI,core,19,5,14,True
ZTF22aajhtpy,events/ZTF22aajhtpy.npz,SN Ia,SNI,core,51,23,28,True
ZTF22aajhyin,events/ZTF22aajhyin.npz,SN II,SNII,core,39,17,22,True
ZTF22aajidyk,events/ZTF22aajidyk.npz,SN Ia,SNI,core,24,9,15,True
ZTF22aajigho,events/ZTF22aajigho.npz,SN Ia,SNI,core,30,13,17,True
ZTF22aajijjf,events/ZTF22aajijjf.npz,SN Ia,SNI,core,58,28,30,True
ZTF22aajivyw,events/ZTF22aajivyw.npz,SN IIP,SNII,core,54,20,34,True
ZTF22aajiynq,events/ZTF22aajiynq.npz,SN Ia,SNI,core,34,15,19,True
ZTF22aajjasl,events/ZTF22aajjasl.npz,SN Ia,SNI,core,41,16,25,True
ZTF22aajjawt,events/ZTF22aajjawt.npz,SN II,SNII,core,71,29,42,True
ZTF22aajjdkr,events/ZTF22aajjdkr.npz,SN Ia-91bg,SNI,core,14,3,11,True
ZTF22aajjlin,events/ZTF22aajjlin.npz,SN Ia,SNI,core,30,13,17,True
ZTF22aajjojx,events/ZTF22aajjojx.npz,SN IIn,SNII,core,49,22,27,True
ZTF22aajjqti,events/ZTF22aajjqti.npz,CV,CV,core,56,26,30,True
ZTF22aajkpen,events/ZTF22aajkpen.npz,SN IIb,SNII,core,13,6,7,True
ZTF22aajlruz,events/ZTF22aajlruz.npz,SN Ia,SNI,core,30,12,18,True
ZTF22aajlsrh,events/ZTF22aajlsrh.npz,SN II,SNII,core,55,27,28,True
ZTF22aajltzm,events/ZTF22aajltzm.npz,CV,CV,core,33,12,21,True
ZTF22aajluly,events/ZTF22aajluly.npz,CV,CV,core,21,8,13,True
ZTF22aajlzbs,events/ZTF22aajlzbs.npz,SN Ia,SNI,core,20,7,13,True
ZTF22aajnffd,events/ZTF22aajnffd.npz,SN Ia,SNI,core,27,16,11,True
ZTF22aajowwt,events/ZTF22aajowwt.npz,SN II,SNII,core,32,13,19,True
ZTF22aajpdbs,events/ZTF22aajpdbs.npz,SN Ia,SNI,core,32,13,19,True
ZTF22aajpgof,events/ZTF22aajpgof.npz,SN Ia,SNI,core,24,10,14,True
ZTF22aajpzwm,events/ZTF22aajpzwm.npz,SN Ia,SNI,core,65,24,41,True
ZTF22aajrdad,events/ZTF22aajrdad.npz,SN Ia,SNI,core,8,3,5,True
ZTF22aajrfqn,events/ZTF22aajrfqn.npz,SN Ia,SNI,core,14,7,7,True
ZTF22aajrjrc,events/ZTF22aajrjrc.npz,SN Ia,SNI,core,23,8,15,True
ZTF22aajrrzz,events/ZTF22aajrrzz.npz,SN Ia,SNI,core,15,8,7,True
ZTF22aajrwmu,events/ZTF22aajrwmu.npz,SN Ia,SNI,core,34,15,19,True
ZTF22aajryew,events/ZTF22aajryew.npz,SN Ia,SNI,core,17,10,7,True
ZTF22aajsbbl,events/ZTF22aajsbbl.npz,SN Ia,SNI,core,33,13,20,True
ZTF22aajsdkt,events/ZTF22aajsdkt.npz,SN II,SNII,core,68,31,37,True
ZTF22aajspto,events/ZTF22aajspto.npz,SN Ia,SNI,core,22,9,13,True
ZTF22aajsqdv,events/ZTF22aajsqdv.npz,SN Ia,SNI,core,21,7,14,True
ZTF22aajsqug,events/ZTF22aajsqug.npz,SN Ia,SNI,core,29,7,21,True
ZTF22aajtaem,events/ZTF22aajtaem.npz,SN Ia,SNI,core,27,12,15,True
ZTF22aajtsxd,events/ZTF22aajtsxd.npz,CV,CV,core,22,10,12,True
ZTF22aajuhsi,events/ZTF22aajuhsi.npz,SN Ia,SNI,core,50,16,32,True
ZTF22aajutqu,events/ZTF22aajutqu.npz,SN II,SNII,core,2,1,1,False
ZTF22aajuufc,events/ZTF22aajuufc.npz,SN II,SNII,core,4,2,2,False
ZTF22aajvhrj,events/ZTF22aajvhrj.npz,SN Ia,SNI,core,22,13,9,True
ZTF22aajvkrd,events/ZTF22aajvkrd.npz,SN Ia,SNI,core,73,40,33,True
ZTF22aajwlug,events/ZTF22aajwlug.npz,SN Ia,SNI,core,24,13,11,True
ZTF22aajxbkq,events/ZTF22aajxbkq.npz,SN Ia,SNI,core,29,0,29,False
ZTF22aajzkwn,events/ZTF22aajzkwn.npz,SN Ia,SNI,core,24,0,24,False
ZTF22aakanzk,events/ZTF22aakanzk.npz,SN Ia,SNI,core,22,19,3,True
ZTF22aakaygk,events/ZTF22aakaygk.npz,SN II,SNII,core,72,33,39,True
ZTF22aakbzzl,events/ZTF22aakbzzl.npz,SN Ia,SNI,core,25,14,11,True
ZTF22aakcnxq,events/ZTF22aakcnxq.npz,SN Ia,SNI,core,15,9,6,True
ZTF22aakcvbr,events/ZTF22aakcvbr.npz,SN Ia,SNI,core,18,9,9,True
ZTF22aakdbia,events/ZTF22aakdbia.npz,SN II,SNII,core,46,26,20,True
ZTF22aakdqqg,events/ZTF22aakdqqg.npz,SN II,SNII,core,57,26,31,True
ZTF22aakdwiu,events/ZTF22aakdwiu.npz,SN Ia,SNI,core,58,28,30,True
ZTF22aakejxf,events/ZTF22aakejxf.npz,SN Ia-91bg,SNI,core,12,5,7,True
ZTF22aakemmo,events/ZTF22aakemmo.npz,SN Ia,SNI,core,30,15,15,True
ZTF22aaketce,events/ZTF22aaketce.npz,SN Ia,SNI,core,30,11,19,True
ZTF22aakethm,events/ZTF22aakethm.npz,SN Ia,SNI,core,31,12,19,True
ZTF22aakfzqz,events/ZTF22aakfzqz.npz,SN Ia,SNI,core,16,9,7,True
ZTF22aakhqrd,events/ZTF22aakhqrd.npz,CV,CV,core,18,8,10,True
ZTF22aakjgru,events/ZTF22aakjgru.npz,SN II,SNII,core,52,0,52,False
ZTF22aakjjjj,events/ZTF22aakjjjj.npz,SN Ia,SNI,core,12,5,7,True
ZTF22aakjlau,events/ZTF22aakjlau.npz,SN Ia,SNI,core,13,6,7,True
ZTF22aakkfre,events/ZTF22aakkfre.npz,SN Ia,SNI,core,8,3,5,True
ZTF22aakkmri,events/ZTF22aakkmri.npz,SN Ia,SNI,core,14,6,8,True
ZTF22aaklhfg,events/ZTF22aaklhfg.npz,SN Ia,SNI,core,44,26,18,True
ZTF22aakmhas,events/ZTF22aakmhas.npz,SN Ia,SNI,core,18,5,13,True
ZTF22aakmtrc,events/ZTF22aakmtrc.npz,SN Ia,SNI,core,17,9,8,True
ZTF22aaknczk,events/ZTF22aaknczk.npz,SN Ia,SNI,core,37,16,21,True
ZTF22aakndny,events/ZTF22aakndny.npz,SN Ia-91T,SNI,core,46,22,24,True
ZTF22aaknfly,events/ZTF22aaknfly.npz,SN Ia,SNI,core,42,19,23,True
ZTF22aaknhja,events/ZTF22aaknhja.npz,SN Ia,SNI,core,47,19,28,True
ZTF22aaknliz,events/ZTF22aaknliz.npz,CV,CV,core,4,1,3,False
ZTF22aaknmbw,events/ZTF22aaknmbw.npz,SN II,SNII,core,57,25,32,True
ZTF22aaknmzk,events/ZTF22aaknmzk.npz,SN Ia,SNI,core,37,18,19,True
ZTF22aaknrtp,events/ZTF22aaknrtp.npz,SN Ia,SNI,core,31,14,17,True
ZTF22aaknvcz,events/ZTF22aaknvcz.npz,SN Ia,SNI,core,49,22,27,True
ZTF22aakoxtx,events/ZTF22aakoxtx.npz,SN Ia,SNI,core,24,11,13,True
ZTF22aakpbbc,events/ZTF22aakpbbc.npz,SN Ia,SNI,core,12,3,9,True
ZTF22aakpvbx,events/ZTF22aakpvbx.npz,SN Ia,SNI,core,27,16,11,True
ZTF22aakpwqf,events/ZTF22aakpwqf.npz,SN Ia,SNI,core,23,14,9,True
ZTF22aakpyqw,events/ZTF22aakpyqw.npz,SN Ib,SNI,core,36,17,19,True
ZTF22aakqruk,events/ZTF22aakqruk.npz,SN Ia,SNI,core,27,17,10,True
ZTF22aakquvw,events/ZTF22aakquvw.npz,SN Ia,SNI,core,14,6,8,True
ZTF22aakqvzc,events/ZTF22aakqvzc.npz,SN Ia,SNI,core,27,16,11,True
ZTF22aakrimd,events/ZTF22aakrimd.npz,SN Ia,SNI,core,37,18,19,True
ZTF22aakrnjw,events/ZTF22aakrnjw.npz,SN Ia,SNI,core,15,15,0,False
ZTF22aaksdvi,events/ZTF22aaksdvi.npz,SN Ia,SNI,core,53,23,30,True
ZTF22aakynop,events/ZTF22aakynop.npz,SN Ia,SNI,core,39,19,20,True
ZTF22aakyrye,events/ZTF22aakyrye.npz,SN Ia,SNI,core,32,16,16,True
ZTF22aakzred,events/ZTF22aakzred.npz,SN Ia,SNI,core,18,9,8,True
ZTF22aakzsrj,events/ZTF22aakzsrj.npz,CV,CV,core,32,18,14,True
ZTF22aalaajn,events/ZTF22aalaajn.npz,SN Ia,SNI,core,15,1,12,False
ZTF22aaldqbz,events/ZTF22aaldqbz.npz,CV,CV,core,2,1,1,False
ZTF22aaldrem,events/ZTF22aaldrem.npz,SN Ia,SNI,core,26,12,14,True
ZTF22aalfezf,events/ZTF22aalfezf.npz,SN Ia,SNI,core,56,24,32,True
ZTF22aalfmec,events/ZTF22aalfmec.npz,SN Ic,SNI,core,18,5,12,True
ZTF22aaliywk,events/ZTF22aaliywk.npz,SN Ia,SNI,core,24,12,12,True
ZTF22aalizik,events/ZTF22aalizik.npz,SN Ia-91T,SNI,core,45,17,28,True
ZTF22aaljyqw,events/ZTF22aaljyqw.npz,SN Ia,SNI,core,47,20,27,True
ZTF22aallgci,events/ZTF22aallgci.npz,SN Ia,SNI,core,30,14,14,True
ZTF22aalmqrv,events/ZTF22aalmqrv.npz,SN Ia,SNI,core,14,6,8,True
ZTF22aalmrqp,events/ZTF22aalmrqp.npz,SN Ia,SNI,core,15,8,7,True
ZTF22aalorla,events/ZTF22aalorla.npz,SN II,SNII,core,38,21,17,True
ZTF22aalpfln,events/ZTF22aalpfln.npz,SN Ia-91T,SNI,core,28,17,11,True
ZTF22aalqzkz,events/ZTF22aalqzkz.npz,SN Ia,SNI,core,39,20,19,True
ZTF22aalrcmn,events/ZTF22aalrcmn.npz,SN Ia,SNI,core,23,9,14,True
ZTF22aalsabr,events/ZTF22aalsabr.npz,SN Ia,SNI,core,28,14,14,True
ZTF22aalsbwt,events/ZTF22aalsbwt.npz,SN Ia,SNI,core,39,19,20,True
ZTF22aalunvy,events/ZTF22aalunvy.npz,SN Ia,SNI,core,24,11,13,True
ZTF22aaluvun,events/ZTF22aaluvun.npz,SN Ia,SNI,core,8,1,7,False
ZTF22aalvmic,events/ZTF22aalvmic.npz,SN Ia,SNI,core,10,6,4,True
ZTF22aalwamk,events/ZTF22aalwamk.npz,CV,CV,core,5,4,1,False
ZTF22aalwbgz,events/ZTF22aalwbgz.npz,SN Ia,SNI,core,24,10,14,True
ZTF22aalwbqe,events/ZTF22aalwbqe.npz,SN Ia,SNI,core,26,16,10,True
ZTF22aalwghb,events/ZTF22aalwghb.npz,SN Ia,SNI,core,29,16,13,True
ZTF22aalwnjf,events/ZTF22aalwnjf.npz,SN Ia,SNI,core,55,23,30,True
ZTF22aalwnzj,events/ZTF22aalwnzj.npz,SN Ia,SNI,core,40,19,21,True
ZTF22aalxmtp,events/ZTF22aalxmtp.npz,SN Ia,SNI,core,8,7,1,False
ZTF22aalxyqn,events/ZTF22aalxyqn.npz,SN Ia,SNI,core,18,7,11,True
ZTF22aalyevy,events/ZTF22aalyevy.npz,SN Ia,SNI,core,9,4,5,True
ZTF22aalyfii,events/ZTF22aalyfii.npz,SN Ia,SNI,core,8,4,4,True
ZTF22aalyumh,events/ZTF22aalyumh.npz,SN Ia,SNI,core,21,9,12,True
ZTF22aalzeui,events/ZTF22aalzeui.npz,SN Ia,SNI,core,23,13,10,True
ZTF22aalzyzl,events/ZTF22aalzyzl.npz,SN Ia,SNI,core,22,10,12,True
ZTF22aambeqv,events/ZTF22aambeqv.npz,SN Ia,SNI,core,56,26,30,True
ZTF22aambfit,events/ZTF22aambfit.npz,SN Ia,SNI,core,57,30,27,True
ZTF22aambnsg,events/ZTF22aambnsg.npz,SN Ia,SNI,core,76,37,39,True
ZTF22aamdxkj,events/ZTF22aamdxkj.npz,SN Ia,SNI,core,30,14,16,True
ZTF22aameoxg,events/ZTF22aameoxg.npz,SN Ia,SNI,core,8,3,5,True
ZTF22aamewfd,events/ZTF22aamewfd.npz,SN Ia,SNI,core,10,2,8,True
ZTF22aamfjun,events/ZTF22aamfjun.npz,SN Ia,SNI,core,34,14,20,True
ZTF22aamfvrs,events/ZTF22aamfvrs.npz,SN Ia,SNI,core,81,41,40,True
ZTF22aamfwtc,events/ZTF22aamfwtc.npz,SN Ia,SNI,core,16,9,7,True
ZTF22aamgjba,events/ZTF22aamgjba.npz,SN Ia,SNI,core,38,18,20,True
ZTF22aamgjeh,events/ZTF22aamgjeh.npz,SN Ia,SNI,core,26,12,14,True
ZTF22aamgkdw,events/ZTF22aamgkdw.npz,SN Ia,SNI,core,26,13,13,True
ZTF22aamglev,events/ZTF22aamglev.npz,SN Ia,SNI,core,20,12,8,True
ZTF22aamgpzz,events/ZTF22aamgpzz.npz,SN II,SNII,core,32,11,21,True
ZTF22aamgumi,events/ZTF22aamgumi.npz,SN II,SNII,core,60,31,29,True
ZTF22aamhfyu,events/ZTF22aamhfyu.npz,SN Ia,SNI,core,87,5,82,True
ZTF22aamiomf,events/ZTF22aamiomf.npz,SN Ia,SNI,core,30,14,16,True
ZTF22aamjqvc,events/ZTF22aamjqvc.npz,SN II,SNII,core,35,17,18,True
ZTF22aamrhna,events/ZTF22aamrhna.npz,SN Ia,SNI,core,27,14,13,True
ZTF22aamrkns,events/ZTF22aamrkns.npz,SN II,SNII,core,96,42,54,True
ZTF22aamssbr,events/ZTF22aamssbr.npz,SN II,SNII,core,43,24,19,True
ZTF22aamtomc,events/ZTF22aamtomc.npz,SN Ia,SNI,core,28,17,11,True
ZTF22aamuuez,events/ZTF22aamuuez.npz,SN Ia,SNI,core,9,9,0,False
ZTF22aamwznx,events/ZTF22aamwznx.npz,SN Ia,SNI,core,163,26,137,True
ZTF22aamxszf,events/ZTF22aamxszf.npz,SN Ia,SNI,core,30,15,15,True
ZTF22aamzzjw,events/ZTF22aamzzjw.npz,SN Ia,SNI,core,79,36,43,True
ZTF22aanczjk,events/ZTF22aanczjk.npz,SN Ia,SNI,core,9,6,3,True
ZTF22aandlod,events/ZTF22aandlod.npz,CV,CV,core,12,5,7,True
ZTF22aanesux,events/ZTF22aanesux.npz,SN IIn,SNII,core,74,35,39,True
ZTF22aangixh,events/ZTF22aangixh.npz,SN Ia,SNI,core,35,13,22,True
ZTF22aanjyae,events/ZTF22aanjyae.npz,SN IIn,SNII,core,127,56,71,True
ZTF22aankxcq,events/ZTF22aankxcq.npz,SN Ia,SNI,core,35,15,19,True
ZTF22aankymj,events/ZTF22aankymj.npz,SN Ia,SNI,core,16,7,8,True
ZTF22aankzby,events/ZTF22aankzby.npz,SN Ia,SNI,core,22,5,16,True
ZTF22aanmbrl,events/ZTF22aanmbrl.npz,SN II,SNII,core,78,8,70,True
ZTF22aanmhsi,events/ZTF22aanmhsi.npz,SN Ia,SNI,core,8,7,1,False
ZTF22aanppbi,events/ZTF22aanppbi.npz,SN Ia,SNI,core,46,24,20,True
ZTF22aanrqje,events/ZTF22aanrqje.npz,SN II,SNII,core,60,8,52,True
ZTF22aantrtp,events/ZTF22aantrtp.npz,SN Ia,SNI,core,35,17,18,True
ZTF22aanumko,events/ZTF22aanumko.npz,SN Ia,SNI,core,43,22,20,True
ZTF22aanvuvq,events/ZTF22aanvuvq.npz,SN Ia,SNI,core,58,26,32,True
ZTF22aanwibf,events/ZTF22aanwibf.npz,SN IIn,SNII,core,71,35,36,True
ZTF22aanyggd,events/ZTF22aanyggd.npz,SN II,SNII,core,33,16,17,True
ZTF22aanyxmg,events/ZTF22aanyxmg.npz,SN IIn,SNII,core,6,2,3,False
ZTF22aanzbru,events/ZTF22aanzbru.npz,SN II,SNII,core,20,5,14,True
ZTF22aanzrlh,events/ZTF22aanzrlh.npz,SN Ia,SNI,core,56,28,28,True
ZTF22aanzset,events/ZTF22aanzset.npz,SN Ia,SNI,core,16,14,2,True
ZTF22aaobkbh,events/ZTF22aaobkbh.npz,SN Ia,SNI,core,15,10,5,True
ZTF22aaoelte,events/ZTF22aaoelte.npz,SN Ia,SNI,core,27,11,16,True
ZTF22aaoelug,events/ZTF22aaoelug.npz,SN Ia,SNI,core,16,0,16,False
ZTF22aaoemmz,events/ZTF22aaoemmz.npz,SN Ia,SNI,core,24,10,14,True
ZTF22aaoewrn,events/ZTF22aaoewrn.npz,SN Ia,SNI,core,34,14,20,True
ZTF22aaofdht,events/ZTF22aaofdht.npz,CV,CV,core,30,18,12,True
ZTF22aaofpts,events/ZTF22aaofpts.npz,SN Ia,SNI,core,15,6,9,True
ZTF22aaogkzb,events/ZTF22aaogkzb.npz,SN Ia,SNI,core,7,3,4,False
ZTF22aaogwbd,events/ZTF22aaogwbd.npz,SN Ia-91T,SNI,core,4,2,2,False
ZTF22aaogyhz,events/ZTF22aaogyhz.npz,SN Ia,SNI,core,10,5,5,True
ZTF22aaohilj,events/ZTF22aaohilj.npz,SN IIn,SNII,core,66,34,32,True
ZTF22aaohkqz,events/ZTF22aaohkqz.npz,SN Ia,SNI,core,24,10,14,True
ZTF22aaohmcv,events/ZTF22aaohmcv.npz,SN Ia,SNI,core,36,14,22,True
ZTF22aaohpmz,events/ZTF22aaohpmz.npz,SN Ia,SNI,core,26,12,14,True
ZTF22aaohzok,events/ZTF22aaohzok.npz,SN Ia,SNI,core,25,8,17,True
ZTF22aaoiddx,events/ZTF22aaoiddx.npz,SN Ia,SNI,core,28,13,15,True
ZTF22aaoidkm,events/ZTF22aaoidkm.npz,SN Ia,SNI,core,11,10,1,False
ZTF22aaoippk,events/ZTF22aaoippk.npz,SN Ia,SNI,core,34,16,18,True
ZTF22aaoirkj,events/ZTF22aaoirkj.npz,CV,CV,core,22,8,14,True
ZTF22aaojclr,events/ZTF22aaojclr.npz,SN Ia,SNI,core,38,15,23,True
ZTF22aaojcoc,events/ZTF22aaojcoc.npz,SN Ia,SNI,core,26,10,16,True
ZTF22aaokebo,events/ZTF22aaokebo.npz,SN II,SNII,core,52,24,28,True
ZTF22aaokitb,events/ZTF22aaokitb.npz,SN Ia,SNI,core,86,17,69,True
ZTF22aaokiud,events/ZTF22aaokiud.npz,SN Ia,SNI,core,97,24,73,True
ZTF22aaokiwd,events/ZTF22aaokiwd.npz,SN Ia,SNI,core,29,0,29,False
ZTF22aaolcan,events/ZTF22aaolcan.npz,SN Ia,SNI,core,31,14,17,True
ZTF22aaolexr,events/ZTF22aaolexr.npz,SN Ia,SNI,core,24,14,10,True
ZTF22aaolhhl,events/ZTF22aaolhhl.npz,SN Ib,SNI,core,45,19,26,True
ZTF22aaolvwv,events/ZTF22aaolvwv.npz,SN Ia,SNI,core,61,31,29,True
ZTF22aaolwsd,events/ZTF22aaolwsd.npz,SN II,SNII,core,137,68,67,True
ZTF22aaolzrj,events/ZTF22aaolzrj.npz,SN Ia,SNI,core,19,7,10,True
ZTF22aaonqcc,events/ZTF22aaonqcc.npz,SN Ia,SNI,core,33,15,18,True
ZTF22aaookol,events/ZTF22aaookol.npz,SN II,SNII,core,56,29,27,True
ZTF22aaooldm,events/ZTF22aaooldm.npz,SN Ia,SNI,core,22,10,10,True
ZTF22aaoolfh,events/ZTF22aaoolfh.npz,SN Ia,SNI,core,32,12,20,True
ZTF22aaoolrn,events/ZTF22aaoolrn.npz,SN Ia,SNI,core,23,10,13,True
ZTF22aaoolua,events/ZTF22aaoolua.npz,SN Ic,SNI,core,24,6,18,True
ZTF22aaopawk,events/ZTF22aaopawk.npz,SN Ia,SNI,core,12,6,6,True
ZTF22aaoqfsm,events/ZTF22aaoqfsm.npz,SN Ia,SNI,core,36,18,18,True
ZTF22aaoqlos,events/ZTF22aaoqlos.npz,SN Ia,SNI,core,25,13,12,True
ZTF22aaorbxb,events/ZTF22aaorbxb.npz,SN Ia,SNI,core,26,13,13,True
ZTF22aaorjov,events/ZTF22aaorjov.npz,SN Ia,SNI,core,22,7,14,True
ZTF22aaorkwk,events/ZTF22aaorkwk.npz,SN Ia,SNI,core,16,9,7,True
ZTF22aaosjja,events/ZTF22aaosjja.npz,SN II,SNII,core,24,10,14,True
ZTF22aaoskwd,events/ZTF22aaoskwd.npz,SN Ia,SNI,core,24,10,14,True
ZTF22aaotgrc,events/ZTF22aaotgrc.npz,SN IIb,SNII,core,66,34,32,True
ZTF22aaovsee,events/ZTF22aaovsee.npz,SN Ia,SNI,core,25,1,24,False
ZTF22aaowhti,events/ZTF22aaowhti.npz,SN Ia,SNI,core,20,7,13,True
ZTF22aaowkts,events/ZTF22aaowkts.npz,SN Ia,SNI,core,21,10,11,True
ZTF22aaoxhuh,events/ZTF22aaoxhuh.npz,SN II,SNII,core,53,22,31,True
ZTF22aaoxiux,events/ZTF22aaoxiux.npz,SN Ia,SNI,core,43,19,24,True
ZTF22aaozpun,events/ZTF22aaozpun.npz,SN Ia,SNI,core,32,14,18,True
ZTF22aapaavr,events/ZTF22aapaavr.npz,SN Ia,SNI,core,33,19,14,True
ZTF22aapargp,events/ZTF22aapargp.npz,SN II,SNII,core,49,20,29,True
ZTF22aaparwk,events/ZTF22aaparwk.npz,SN Ia,SNI,core,42,19,23,True
ZTF22aapenmy,events/ZTF22aapenmy.npz,SN Ia,SNI,core,26,10,16,True
ZTF22aapgtoe,events/ZTF22aapgtoe.npz,CV,CV,core,20,9,11,True
ZTF22aaphdzl,events/ZTF22aaphdzl.npz,SN Ia,SNI,core,20,11,9,True
ZTF22aaphemj,events/ZTF22aaphemj.npz,SN Ia,SNI,core,8,7,1,False
ZTF22aapjbix,events/ZTF22aapjbix.npz,SN Ia,SNI,core,13,7,6,True
ZTF22aapjrvz,events/ZTF22aapjrvz.npz,SN II,SNII,core,33,15,18,True
ZTF22aapkbkl,events/ZTF22aapkbkl.npz,SN IIn,SNII,core,139,69,66,True
ZTF22aapmawo,events/ZTF22aapmawo.npz,SN IIn,SNII,core,18,8,10,True
ZTF22aapmmtu,events/ZTF22aapmmtu.npz,SN Ia,SNI,core,35,13,22,True
ZTF22aapqaqe,events/ZTF22aapqaqe.npz,SN IIP,SNII,core,67,35,32,True
ZTF22aaptcfi,events/ZTF22aaptcfi.npz,SN Ia,SNI,core,60,32,28,True
ZTF22aaptyed,events/ZTF22aaptyed.npz,SN Ia,SNI,core,12,3,9,True
ZTF22aaptzap,events/ZTF22aaptzap.npz,SN II,SNII,core,42,13,29,True
ZTF22aapubaf,events/ZTF22aapubaf.npz,SN II,SNII,core,42,18,24,True
ZTF22aapucey,events/ZTF22aapucey.npz,SN II,SNII,core,17,7,9,True
ZTF22aaputwp,events/ZTF22aaputwp.npz,SN Ia,SNI,core,27,13,14,True
ZTF22aapuvqy,events/ZTF22aapuvqy.npz,SN Ia,SNI,core,17,8,9,True
ZTF22aaqclvg,events/ZTF22aaqclvg.npz,SN Ia,SNI,core,18,11,7,True
ZTF22aaqfuhm,events/ZTF22aaqfuhm.npz,SN Ia,SNI,core,17,8,9,True
ZTF22aaqhirm,events/ZTF22aaqhirm.npz,SN Ia,SNI,core,39,23,16,True
ZTF22aaqlfwe,events/ZTF22aaqlfwe.npz,SN Ia,SNI,core,21,9,11,True
ZTF22aaqrflg,events/ZTF22aaqrflg.npz,SN Ia,SNI,core,21,16,5,True
ZTF22aaqrszt,events/ZTF22aaqrszt.npz,SN Ia,SNI,core,30,12,18,True
ZTF22aaqtmfj,events/ZTF22aaqtmfj.npz,SN Ia-91T,SNI,core,1,0,1,False
ZTF22aaqttqu,events/ZTF22aaqttqu.npz,SN Ia,SNI,core,1,0,1,False
ZTF22aaqwdjw,events/ZTF22aaqwdjw.npz,SN Ia,SNI,core,34,17,17,True
ZTF22aaqyiqm,events/ZTF22aaqyiqm.npz,SN Ia,SNI,core,9,7,2,True
ZTF22aaqzqzk,events/ZTF22aaqzqzk.npz,SN Ia,SNI,core,13,6,7,True
ZTF22aarbard,events/ZTF22aarbard.npz,SN Ib,SNI,core,39,16,23,True
ZTF22aarlppe,events/ZTF22aarlppe.npz,SN Ia,SNI,core,23,11,12,True
ZTF22aarntxu,events/ZTF22aarntxu.npz,CV,CV,core,14,6,6,True
ZTF22aarpskd,events/ZTF22aarpskd.npz,SN Ib/c,SNI,core,3,2,1,False
ZTF22aarqzls,events/ZTF22aarqzls.npz,SN Ia,SNI,core,47,19,28,True
ZTF22aarrawv,events/ZTF22aarrawv.npz,SN IIn,SNII,core,65,32,33,True
ZTF22aarrbne,events/ZTF22aarrbne.npz,SN Ia,SNI,core,37,12,25,True
ZTF22aartmuz,events/ZTF22aartmuz.npz,SN Ia,SNI,core,23,9,14,True
ZTF22aarvtbb,events/ZTF22aarvtbb.npz,SN Ia,SNI,core,25,12,13,True
ZTF22aarwpcf,events/ZTF22aarwpcf.npz,SN Ia,SNI,core,26,10,16,True
ZTF22aarwtqp,events/ZTF22aarwtqp.npz,SN Ia,SNI,core,26,13,13,True
ZTF22aarwwyy,events/ZTF22aarwwyy.npz,SN Ic-BL,SNI,core,32,12,20,True
ZTF22aarycqo,events/ZTF22aarycqo.npz,SN IIP,SNII,core,68,34,34,True
ZTF22aarynsk,events/ZTF22aarynsk.npz,SN II,SNII,core,41,19,22,True
ZTF22aaryrrl,events/ZTF22aaryrrl.npz,SN Ia,SNI,core,51,14,37,True
ZTF22aasaapb,events/ZTF22aasaapb.npz,SN Ia,SNI,core,42,19,23,True
ZTF22aasdtcq,events/ZTF22aasdtcq.npz,SN Ia,SNI,core,24,11,13,True
ZTF22aasffwi,events/ZTF22aasffwi.npz,SN Ia,SNI,core,27,1,26,False
ZTF22aasfzzf,events/ZTF22aasfzzf.npz,SN Ia,SNI,core,33,12,21,True
ZTF22aashqrd,events/ZTF22aashqrd.npz,SN Ia,SNI,core,33,15,18,True
ZTF22aasjwqv,events/ZTF22aasjwqv.npz,SN IIb,SNII,core,32,16,16,True
ZTF22aaskqie,events/ZTF22aaskqie.npz,SN Ia,SNI,core,53,25,28,True
ZTF22aaskqqq,events/ZTF22aaskqqq.npz,SN Ia,SNI,core,15,6,9,True
ZTF22aaslkoa,events/ZTF22aaslkoa.npz,SN Ia,SNI,core,96,45,51,True
ZTF22aaslyzf,events/ZTF22aaslyzf.npz,SN II,SNII,core,20,8,12,True
ZTF22aaslyzj,events/ZTF22aaslyzj.npz,SN Ia,SNI,core,23,9,14,True
ZTF22aasmgbb,events/ZTF22aasmgbb.npz,SN Ia,SNI,core,18,8,10,True
ZTF22aasmjxf,events/ZTF22aasmjxf.npz,SN Ia,SNI,core,5,2,3,False
ZTF22aasmlyn,events/ZTF22aasmlyn.npz,SN Ia,SNI,core,7,5,2,False
ZTF22aasoali,events/ZTF22aasoali.npz,SN IIn,SNII,core,67,35,32,True
ZTF22aasojye,events/ZTF22aasojye.npz,SN II,SNII,core,63,31,32,True
ZTF22aaspijs,events/ZTF22aaspijs.npz,SN Ia,SNI,core,25,10,15,True
ZTF22aaspkif,events/ZTF22aaspkif.npz,SN II,SNII,core,44,22,22,True
ZTF22aasppdz,events/ZTF22aasppdz.npz,SN Ia-91T,SNI,core,24,11,13,True
ZTF22aasrmim,events/ZTF22aasrmim.npz,SN Ia,SNI,core,34,15,19,True
ZTF22aasthma,events/ZTF22aasthma.npz,SN Ia,SNI,core,15,8,7,True
ZTF22aasthrj,events/ZTF22aasthrj.npz,SN Ia,SNI,core,16,7,9,True
ZTF22aasudqv,events/ZTF22aasudqv.npz,SN IIn,SNII,core,7,1,6,False
ZTF22aasvuof,events/ZTF22aasvuof.npz,SN Ia,SNI,core,15,3,12,True
ZTF22aasxakz,events/ZTF22aasxakz.npz,SN Ia,SNI,core,152,60,92,True
ZTF22aasxgjp,events/ZTF22aasxgjp.npz,SN Ic-pec,SNI,core,30,13,17,True
ZTF22aasyada,events/ZTF22aasyada.npz,SN Ia,SNI,core,30,13,17,True
ZTF22aasycgf,events/ZTF22aasycgf.npz,SN Ia,SNI,core,54,23,31,True
ZTF22aasygdq,events/ZTF22aasygdq.npz,SN Ia,SNI,core,22,6,16,True
ZTF22aasyitj,events/ZTF22aasyitj.npz,SN Ia,SNI,core,51,21,30,True
ZTF22aasytpm,events/ZTF22aasytpm.npz,SN Ia-91bg,SNI,core,8,3,5,True
ZTF22aaszlph,events/ZTF22aaszlph.npz,SN Ia,SNI,core,49,18,31,True
ZTF22aataizc,events/ZTF22aataizc.npz,SN Ia,SNI,core,50,17,33,True
ZTF22aatbtqn,events/ZTF22aatbtqn.npz,SN Ia,SNI,core,35,11,24,True
ZTF22aatcpoo,events/ZTF22aatcpoo.npz,SN Ia-91bg,SNI,core,17,5,12,True
ZTF22aatemqx,events/ZTF22aatemqx.npz,SN Ia,SNI,core,31,12,19,True
ZTF22aatfjcy,events/ZTF22aatfjcy.npz,SN IIn,SNII,core,61,28,33,True
ZTF22aatghyo,events/ZTF22aatghyo.npz,SN Ia,SNI,core,41,16,25,True
ZTF22aatgiuw,events/ZTF22aatgiuw.npz,SN Ia,SNI,core,13,3,10,True
ZTF22aativsd,events/ZTF22aativsd.npz,SN II,SNII,core,81,41,40,True
ZTF22aatlhve,events/ZTF22aatlhve.npz,SN Ia,SNI,core,10,4,6,True
ZTF22aatnyqk,events/ZTF22aatnyqk.npz,SN Ia,SNI,core,32,14,18,True
ZTF22aatnyuo,events/ZTF22aatnyuo.npz,SN Ia,SNI,core,22,10,12,True
ZTF22aatrbvj,events/ZTF22aatrbvj.npz,SN Ia,SNI,core,22,0,22,False
ZTF22aattfmb,events/ZTF22aattfmb.npz,SN II,SNII,core,47,22,25,True
ZTF22aattwsv,events/ZTF22aattwsv.npz,SN Ia,SNI,core,20,7,13,True
ZTF22aatuatn,events/ZTF22aatuatn.npz,SN Ia,SNI,core,26,13,13,True
ZTF22aatunnt,events/ZTF22aatunnt.npz,SN Ib,SNI,core,39,16,23,True
ZTF22aatuxjc,events/ZTF22aatuxjc.npz,SN Ia,SNI,core,24,10,14,True
ZTF22aatuxpc,events/ZTF22aatuxpc.npz,SN Ia,SNI,core,33,13,20,True
ZTF22aatvdon,events/ZTF22aatvdon.npz,SN Ia,SNI,core,26,9,17,True
ZTF22aatxwjn,events/ZTF22aatxwjn.npz,SN Ia,SNI,core,7,4,3,False
ZTF22aatxwlk,events/ZTF22aatxwlk.npz,SN Ia,SNI,core,4,1,3,False
ZTF22aaucozn,events/ZTF22aaucozn.npz,SN Ia,SNI,core,29,13,16,True
ZTF22aaudeny,events/ZTF22aaudeny.npz,SN Ia,SNI,core,40,19,21,True
ZTF22aaudftc,events/ZTF22aaudftc.npz,SN Ia,SNI,core,22,7,15,True
ZTF22aaudjgc,events/ZTF22aaudjgc.npz,SN II,SNII,core,39,20,19,True
ZTF22aauexsq,events/ZTF22aauexsq.npz,SN Ia,SNI,core,44,21,23,True
ZTF22aauggpa,events/ZTF22aauggpa.npz,SN Ia,SNI,core,4,2,2,False
ZTF22aauhism,events/ZTF22aauhism.npz,SN Ia,SNI,core,27,12,15,True
ZTF22aauiabm,events/ZTF22aauiabm.npz,SN Ia,SNI,core,13,8,5,True
ZTF22aaujqll,events/ZTF22aaujqll.npz,SN Ia,SNI,core,26,10,16,True
ZTF22aausgkx,events/ZTF22aausgkx.npz,SN Ia,SNI,core,23,11,12,True
ZTF22aausixa,events/ZTF22aausixa.npz,SN Ia,SNI,core,41,22,19,True
ZTF22aausjcd,events/ZTF22aausjcd.npz,SN Ia,SNI,core,22,14,8,True
ZTF22aauuxul,events/ZTF22aauuxul.npz,SN Ia,SNI,core,22,10,12,True
ZTF22aauvfay,events/ZTF22aauvfay.npz,SN Ia,SNI,core,26,13,13,True
ZTF22aauwyuq,events/ZTF22aauwyuq.npz,SN Ia,SNI,core,19,9,10,True
ZTF22aauxpfb,events/ZTF22aauxpfb.npz,SN Ia,SNI,core,15,7,8,True
ZTF22aauxzqe,events/ZTF22aauxzqe.npz,SN Ia,SNI,core,59,27,32,True
ZTF22aavakpj,events/ZTF22aavakpj.npz,SN Ia,SNI,core,36,14,22,True
ZTF22aavbcky,events/ZTF22aavbcky.npz,SN II,SNII,core,25,24,1,False
ZTF22aavbdfn,events/ZTF22aavbdfn.npz,SN Ia,SNI,core,26,14,12,True
ZTF22aavbezc,events/ZTF22aavbezc.npz,SN Ia,SNI,core,17,7,10,True
ZTF22aavcfed,events/ZTF22aavcfed.npz,SN Ia,SNI,core,34,18,16,True
ZTF22aavcvgd,events/ZTF22aavcvgd.npz,SN II,SNII,core,50,22,28,True
ZTF22aavcyar,events/ZTF22aavcyar.npz,SN Ia,SNI,core,23,11,12,True
ZTF22aavdiim,events/ZTF22aavdiim.npz,SN Ia,SNI,core,36,14,22,True
ZTF22aaveqbx,events/ZTF22aaveqbx.npz,SN Ia,SNI,core,26,12,14,True
ZTF22aavobvq,events/ZTF22aavobvq.npz,SN II,SNII,core,33,19,14,True
ZTF22aavpkwo,events/ZTF22aavpkwo.npz,SN II,SNII,core,54,25,29,True
ZTF22aavqlzi,events/ZTF22aavqlzi.npz,SN Ia,SNI,core,15,11,4,True
ZTF22aavskaa,events/ZTF22aavskaa.npz,SN Ia,SNI,core,39,18,21,True
ZTF22aavvqyh,events/ZTF22aavvqyh.npz,TDE,TDE,core,44,30,14,True
ZTF22aavwyfw,events/ZTF22aavwyfw.npz,SN Ia,SNI,core,21,11,10,True
ZTF22aavxkto,events/ZTF22aavxkto.npz,SN Ia,SNI,core,10,4,6,True
ZTF22aavzfwp,events/ZTF22aavzfwp.npz,SN Ia,SNI,core,26,10,16,True
ZTF22aawavtx,events/ZTF22aawavtx.npz,SN Ia,SNI,core,57,27,30,True
ZTF22aawcmcr,events/ZTF22aawcmcr.npz,SN IIb,SNII,core,24,11,13,True
ZTF22aawdqfp,events/ZTF22aawdqfp.npz,SN Ia,SNI,core,116,56,60,True
ZTF22aawetbp,events/ZTF22aawetbp.npz,SN Ia,SNI,core,23,10,13,True
ZTF22aaweukv,events/ZTF22aaweukv.npz,SN Ia,SNI,core,23,11,12,True
ZTF22aawfeov,events/ZTF22aawfeov.npz,SN IIn,SNII,core,60,30,30,True
ZTF22aawfjnt,events/ZTF22aawfjnt.npz,SN Ia,SNI,core,30,14,16,True
ZTF22aawptbl,events/ZTF22aawptbl.npz,SN II,SNII,core,26,20,6,True
ZTF22aawtunt,events/ZTF22aawtunt.npz,SN Ia,SNI,core,28,12,16,True
ZTF22aawzdti,events/ZTF22aawzdti.npz,SN Ia,SNI,core,46,22,24,True
ZTF22aawzgcx,events/ZTF22aawzgcx.npz,SN Ia,SNI,core,41,22,19,True
ZTF22aaxbape,events/ZTF22aaxbape.npz,SN II,SNII,core,50,23,27,True
ZTF22aaxfesc,events/ZTF22aaxfesc.npz,SN Ia,SNI,core,13,13,0,False
ZTF22aaxfqka,events/ZTF22aaxfqka.npz,SN Ia,SNI,core,33,18,15,True
ZTF22aaxgujq,events/ZTF22aaxgujq.npz,SN II,SNII,core,65,34,31,True
ZTF22aaxklbk,events/ZTF22aaxklbk.npz,SN Ia,SNI,core,16,9,7,True
ZTF22aaxnxer,events/ZTF22aaxnxer.npz,SN Ia,SNI,core,25,11,14,True
ZTF22aaxtias,events/ZTF22aaxtias.npz,SN Ib,SNI,core,38,18,20,True
ZTF22aaxtysg,events/ZTF22aaxtysg.npz,SN Ia,SNI,core,49,26,23,True
ZTF22aaxytpi,events/ZTF22aaxytpi.npz,SN Ia,SNI,core,5,3,2,False
ZTF22aaxzzoc,events/ZTF22aaxzzoc.npz,SN II,SNII,core,38,16,22,True
ZTF22aayaemx,events/ZTF22aayaemx.npz,SN Ia,SNI,core,19,9,10,True
ZTF22aaybwtp,events/ZTF22aaybwtp.npz,CV,CV,core,19,8,11,True
ZTF22aaycdbt,events/ZTF22aaycdbt.npz,SN Ia,SNI,core,47,21,26,True
ZTF22aaydcsb,events/ZTF22aaydcsb.npz,SN Ia,SNI,core,52,25,27,True
ZTF22aayfpso,events/ZTF22aayfpso.npz,SN Ia,SNI,core,53,26,27,True
ZTF22aaygscd,events/ZTF22aaygscd.npz,SN II,SNII,core,31,12,19,True
ZTF22aaygzdb,events/ZTF22aaygzdb.npz,SN Ia,SNI,core,30,13,17,True
ZTF22aayjqzc,events/ZTF22aayjqzc.npz,SN Ia,SNI,core,29,12,17,True
ZTF22aayjsls,events/ZTF22aayjsls.npz,SN Ia,SNI,core,39,19,20,True
ZTF22aayjsro,events/ZTF22aayjsro.npz,SN Ia-91T,SNI,core,58,31,27,True
ZTF22aayjzmc,events/ZTF22aayjzmc.npz,SN Ia,SNI,core,18,10,8,True
ZTF22aaylnhq,events/ZTF22aaylnhq.npz,SN Ia,SNI,core,45,19,26,True
ZTF22aaymjam,events/ZTF22aaymjam.npz,SN Ia,SNI,core,26,12,14,True
ZTF22aaynpda,events/ZTF22aaynpda.npz,SN Ia,SNI,core,57,31,26,True
ZTF22aaynvgi,events/ZTF22aaynvgi.npz,SN Ia,SNI,core,26,11,15,True
ZTF22aayobas,events/ZTF22aayobas.npz,SN Ia,SNI,core,20,9,11,True
ZTF22aayplsv,events/ZTF22aayplsv.npz,SN Ia,SNI,core,21,10,11,True
ZTF22aayprcr,events/ZTF22aayprcr.npz,SN Ia,SNI,core,41,17,24,True
ZTF22aaypvib,events/ZTF22aaypvib.npz,SN Ia,SNI,core,40,18,22,True
ZTF22aayrhvp,events/ZTF22aayrhvp.npz,SN Ia,SNI,core,24,12,12,True
ZTF22aayrixx,events/ZTF22aayrixx.npz,SN Ia,SNI,core,31,16,15,True
ZTF22aayrxbb,events/ZTF22aayrxbb.npz,SN Ia,SNI,core,26,12,14,True
ZTF22aaytppn,events/ZTF22aaytppn.npz,SN II,SNII,core,17,0,17,False
ZTF22aayubvt,events/ZTF22aayubvt.npz,SN II,SNII,core,5,0,5,False
ZTF22aayvaoa,events/ZTF22aayvaoa.npz,SN Ia,SNI,core,49,21,28,True
ZTF22aaywnyg,events/ZTF22aaywnyg.npz,SN II,SNII,core,40,18,22,True
ZTF22aayxdkd,events/ZTF22aayxdkd.npz,SN Ia,SNI,core,9,4,5,True
ZTF22aazbxmi,events/ZTF22aazbxmi.npz,SN IIn,SNII,core,42,20,22,True
ZTF22aazeagq,events/ZTF22aazeagq.npz,SN Ia,SNI,core,24,10,14,True
ZTF22aazgaus,events/ZTF22aazgaus.npz,SN Ia,SNI,core,30,15,15,True
ZTF22aazgmum,events/ZTF22aazgmum.npz,SN Ia,SNI,core,19,8,11,True
ZTF22aazjgoi,events/ZTF22aazjgoi.npz,SN Ia,SNI,core,23,11,12,True
ZTF22aazjiam,events/ZTF22aazjiam.npz,SN II,SNII,core,50,22,28,True
ZTF22aazjqtu,events/ZTF22aazjqtu.npz,SN II,SNII,core,42,21,21,True
ZTF22aazjsqj,events/ZTF22aazjsqj.npz,SN Ia,SNI,core,20,20,0,False
ZTF22aazjvid,events/ZTF22aazjvid.npz,SN Ia,SNI,core,27,12,15,True
ZTF22aaznbmz,events/ZTF22aaznbmz.npz,SN Ia-91T,SNI,core,41,23,18,True
ZTF22aazpfxt,events/ZTF22aazpfxt.npz,SN Ia,SNI,core,23,8,15,True
ZTF22aazprmk,events/ZTF22aazprmk.npz,SN Ia,SNI,core,14,5,9,True
ZTF22aazqoey,events/ZTF22aazqoey.npz,SN Ib,SNI,core,64,3,61,True
ZTF22aazuotw,events/ZTF22aazuotw.npz,SN Ib,SNI,core,12,7,5,True
ZTF22aazuowq,events/ZTF22aazuowq.npz,SN Ia,SNI,core,19,11,8,True
ZTF22aazuqah,events/ZTF22aazuqah.npz,CV,CV,core,40,17,23,True
ZTF22aazuuin,events/ZTF22aazuuin.npz,SN IIb,SNII,core,45,32,13,True
ZTF22abaadbc,events/ZTF22abaadbc.npz,SN Ia,SNI,core,16,6,10,True
ZTF22ababhmy,events/ZTF22ababhmy.npz,SN II,SNII,core,14,0,14,False
ZTF22abadzpo,events/ZTF22abadzpo.npz,SN II,SNII,core,38,22,16,True
ZTF22abaegxq,events/ZTF22abaegxq.npz,SN II,SNII,core,120,52,68,True
ZTF22abaette,events/ZTF22abaette.npz,SN Ia,SNI,core,24,10,14,True
ZTF22abafbzv,events/ZTF22abafbzv.npz,SN Ia,SNI,core,24,15,9,True
ZTF22abafcrf,events/ZTF22abafcrf.npz,SN Ia-91T,SNI,core,11,6,5,True
ZTF22abahblc,events/ZTF22abahblc.npz,SN Ia,SNI,core,37,21,16,True
ZTF22abahzeh,events/ZTF22abahzeh.npz,SN Ia,SNI,core,28,13,15,True
ZTF22abaiyyz,events/ZTF22abaiyyz.npz,SN Ia,SNI,core,30,15,15,True
ZTF22abajudi,events/ZTF22abajudi.npz,TDE,TDE,core,48,27,21,True
ZTF22abajyqm,events/ZTF22abajyqm.npz,SN IIn,SNII,core,7,3,4,False
ZTF22abakcfy,events/ZTF22abakcfy.npz,SN Ia,SNI,core,38,16,22,True
ZTF22abakeha,events/ZTF22abakeha.npz,SN Ia,SNI,core,10,6,4,True
ZTF22abakwvc,events/ZTF22abakwvc.npz,SN Ia-91bg,SNI,core,11,6,5,True
ZTF22abakwxh,events/ZTF22abakwxh.npz,SN Ia,SNI,core,17,9,8,True
ZTF22abamnmb,events/ZTF22abamnmb.npz,SN Ia,SNI,core,35,18,17,True
ZTF22abanshu,events/ZTF22abanshu.npz,AGN,AGN,core,14,7,7,True
ZTF22abanxam,events/ZTF22abanxam.npz,SN Ia,SNI,core,11,6,5,True
ZTF22abaqzcm,events/ZTF22abaqzcm.npz,SN Ia,SNI,core,35,17,18,True
ZTF22abarhid,events/ZTF22abarhid.npz,SN Ia,SNI,core,26,12,14,True
ZTF22abaseoc,events/ZTF22abaseoc.npz,SN Ia,SNI,core,20,11,9,True
ZTF22abatqod,events/ZTF22abatqod.npz,SN Ia-91bg,SNI,core,8,5,3,True
ZTF22abatsqa,events/ZTF22abatsqa.npz,SN Ia,SNI,core,29,15,14,True
ZTF22abatsyj,events/ZTF22abatsyj.npz,SN Ia,SNI,core,27,14,13,True
ZTF22abaucrh,events/ZTF22abaucrh.npz,SN Ia,SNI,core,20,11,9,True
ZTF22abavsqq,events/ZTF22abavsqq.npz,SN Ia,SNI,core,35,19,16,True
ZTF22abawyul,events/ZTF22abawyul.npz,SN Ia,SNI,core,14,11,3,True
ZTF22abaxmks,events/ZTF22abaxmks.npz,SN Ia,SNI,core,11,9,2,True
ZTF22abaxqlk,events/ZTF22abaxqlk.npz,SN Ia,SNI,core,31,14,17,True
ZTF22abaxtfy,events/ZTF22abaxtfy.npz,SN Ia,SNI,core,8,5,3,True
ZTF22abayewb,events/ZTF22abayewb.npz,SN Ia,SNI,core,36,18,18,True
ZTF22abbaqil,events/ZTF22abbaqil.npz,SN Ia,SNI,core,25,12,13,True
ZTF22abbausm,events/ZTF22abbausm.npz,SN Ia,SNI,core,50,24,26,True
ZTF22abbbwtl,events/ZTF22abbbwtl.npz,SN Ia,SNI,core,11,7,4,True
ZTF22abbdxho,events/ZTF22abbdxho.npz,SN Ic,SNI,core,10,5,5,True
ZTF22abbgyvi,events/ZTF22abbgyvi.npz,SN Ia,SNI,core,58,26,30,True
ZTF22abbiqoi,events/ZTF22abbiqoi.npz,SN Ia,SNI,core,18,10,8,True
ZTF22abbirsn,events/ZTF22abbirsn.npz,SN Ia,SNI,core,32,16,16,True
ZTF22abbiwrr,events/ZTF22abbiwrr.npz,SN II,SNII,core,52,25,27,True
ZTF22abbkhja,events/ZTF22abbkhja.npz,SN Ia,SNI,core,76,23,53,True
ZTF22abbkxor,events/ZTF22abbkxor.npz,SN Ia,SNI,core,40,19,21,True
ZTF22abblogu,events/ZTF22abblogu.npz,SN Ia,SNI,core,82,36,46,True
ZTF22abbmemk,events/ZTF22abbmemk.npz,SN Ia,SNI,core,29,14,15,True
ZTF22abbmgdo,events/ZTF22abbmgdo.npz,SN Ia,SNI,core,32,16,16,True
ZTF22abbmgne,events/ZTF22abbmgne.npz,SN Ia,SNI,core,18,8,10,True
ZTF22abboovp,events/ZTF22abboovp.npz,SN Ia,SNI,core,7,6,1,False
ZTF22abbozja,events/ZTF22abbozja.npz,SN Ia,SNI,core,63,23,40,True
ZTF22abbpvzk,events/ZTF22abbpvzk.npz,SN Ia,SNI,core,7,4,3,False
ZTF22abbrxbz,events/ZTF22abbrxbz.npz,SN Ia,SNI,core,3,3,0,False
ZTF22abbsbys,events/ZTF22abbsbys.npz,SN Ia,SNI,core,33,15,18,True
ZTF22abbtjlb,events/ZTF22abbtjlb.npz,SN Ia,SNI,core,15,9,6,True
ZTF22abbtmdv,events/ZTF22abbtmdv.npz,SN Ia,SNI,core,28,15,13,True
ZTF22abbtqmf,events/ZTF22abbtqmf.npz,SN Ia,SNI,core,35,18,17,True
ZTF22abbtqnp,events/ZTF22abbtqnp.npz,SN Ic,SNI,core,2,2,0,False
ZTF22abbtzfm,events/ZTF22abbtzfm.npz,SN IIb,SNII,core,27,27,0,False
ZTF22abbzucj,events/ZTF22abbzucj.npz,SN Ia,SNI,core,17,9,8,True
ZTF22abcbses,events/ZTF22abcbses.npz,SN Ia,SNI,core,33,17,16,True
ZTF22abcckha,events/ZTF22abcckha.npz,SN Ia,SNI,core,21,15,6,True
ZTF22abcesfo,events/ZTF22abcesfo.npz,SN IIn,SNII,core,66,34,32,True
ZTF22abcfics,events/ZTF22abcfics.npz,SN II,SNII,core,81,38,43,True
ZTF22abckjon,events/ZTF22abckjon.npz,SN II,SNII,core,44,18,26,True
ZTF22abcklkb,events/ZTF22abcklkb.npz,SN Ia,SNI,core,36,18,18,True
ZTF22abcknjm,events/ZTF22abcknjm.npz,SN Ia,SNI,core,18,8,10,True
ZTF22abclcse,events/ZTF22abclcse.npz,SN Ia,SNI,core,13,0,13,False
ZTF22abcnzmv,events/ZTF22abcnzmv.npz,SN Ia,SNI,core,12,12,0,False
ZTF22abcsgeq,events/ZTF22abcsgeq.npz,SN Ic,SNI,core,5,3,2,False
ZTF22abcsiqk,events/ZTF22abcsiqk.npz,SN Ia,SNI,core,18,11,7,True
ZTF22abcuctb,events/ZTF22abcuctb.npz,SN Ia,SNI,core,19,9,10,True
ZTF22abcuiht,events/ZTF22abcuiht.npz,SN Ia,SNI,core,25,11,14,True
ZTF22abddvec,events/ZTF22abddvec.npz,SN Ia,SNI,core,32,15,17,True
ZTF22abdfjjo,events/ZTF22abdfjjo.npz,SN Ia,SNI,core,61,33,28,True
ZTF22abdibiz,events/ZTF22abdibiz.npz,SN Ia,SNI,core,43,5,38,True
ZTF22abdjqlm,events/ZTF22abdjqlm.npz,SN II,SNII,core,39,18,21,True
ZTF22abdlnkm,events/ZTF22abdlnkm.npz,SN Ia,SNI,core,44,23,21,True
ZTF22abdlohy,events/ZTF22abdlohy.npz,SN Ia,SNI,core,32,16,16,True
ZTF22abdoehm,events/ZTF22abdoehm.npz,SN Ia,SNI,core,42,8,34,True
ZTF22abdondo,events/ZTF22abdondo.npz,SN II,SNII,core,63,33,30,True
ZTF22abdstgi,events/ZTF22abdstgi.npz,SN Ia,SNI,core,25,14,11,True
ZTF22abdtcki,events/ZTF22abdtcki.npz,SN Ia,SNI,core,61,32,29,True
ZTF22abdtpru,events/ZTF22abdtpru.npz,SN Ia,SNI,core,47,25,22,True
ZTF22abdvqqn,events/ZTF22abdvqqn.npz,SN Ia,SNI,core,36,6,30,True
ZTF22abdxbyh,events/ZTF22abdxbyh.npz,SN Ia,SNI,core,57,26,31,True
ZTF22abdxjhr,events/ZTF22abdxjhr.npz,SN Ia,SNI,core,39,18,21,True
ZTF22abebxpb,events/ZTF22abebxpb.npz,AGN,AGN,core,50,25,25,True
ZTF22abecbbd,events/ZTF22abecbbd.npz,SN Ia,SNI,core,72,36,36,True
ZTF22abedoyq,events/ZTF22abedoyq.npz,SN Ia,SNI,core,25,0,25,False
ZTF22abegjkl,events/ZTF22abegjkl.npz,SN Ia-91T,SNI,core,82,40,42,True
ZTF22abegjtx,events/ZTF22abegjtx.npz,TDE,TDE,core,46,24,22,True
ZTF22abegteh,events/ZTF22abegteh.npz,SN Ia,SNI,core,34,15,19,True
ZTF22abehuah,events/ZTF22abehuah.npz,SN Ia,SNI,core,47,8,39,True
ZTF22abeijrg,events/ZTF22abeijrg.npz,SN Ia,SNI,core,26,15,11,True
ZTF22abeioig,events/ZTF22abeioig.npz,SN Ia,SNI,core,17,11,6,True
ZTF22abeipbi,events/ZTF22abeipbi.npz,SN Ia,SNI,core,24,8,16,True
ZTF22abeirot,events/ZTF22abeirot.npz,SN Ia,SNI,core,7,4,3,False
ZTF22abekkwn,events/ZTF22abekkwn.npz,SN Ia,SNI,core,34,16,18,True
ZTF22abeltic,events/ZTF22abeltic.npz,SN Ia,SNI,core,39,20,19,True
ZTF22abelwtb,events/ZTF22abelwtb.npz,SN Ia,SNI,core,57,32,25,True
ZTF22abemaki,events/ZTF22abemaki.npz,SN Ia,SNI,core,27,12,15,True
ZTF22abembaz,events/ZTF22abembaz.npz,SN Ia,SNI,core,31,16,15,True
ZTF22abemcpy,events/ZTF22abemcpy.npz,SN Ib/c,SNI,core,26,18,8,True
ZTF22abemgfd,events/ZTF22abemgfd.npz,SN Ia,SNI,core,53,25,28,True
ZTF22abemgir,events/ZTF22abemgir.npz,SN Ia,SNI,core,21,12,9,True
ZTF22abepfmn,events/ZTF22abepfmn.npz,SN II,SNII,core,22,8,14,True
ZTF22abeskuc,events/ZTF22abeskuc.npz,SN Ia,SNI,core,25,11,14,True
ZTF22abevcjl,events/ZTF22abevcjl.npz,SN Ia,SNI,core,22,7,15,True
ZTF22abevczq,events/ZTF22abevczq.npz,CV,CV,core,27,15,12,True
ZTF22abewvtv,events/ZTF22abewvtv.npz,SN II,SNII,core,59,21,38,True
ZTF22abexkqi,events/ZTF22abexkqi.npz,SN Ib,SNI,core,44,21,23,True
ZTF22abeyzcl,events/ZTF22abeyzcl.npz,SN IIn,SNII,core,35,21,14,True
ZTF22abfavpu,events/ZTF22abfavpu.npz,SN II,SNII,core,110,53,57,True
ZTF22abfbjem,events/ZTF22abfbjem.npz,SN Ia,SNI,core,12,7,5,True
ZTF22abfjlue,events/ZTF22abfjlue.npz,SN Ia,SNI,core,23,4,19,True
ZTF22abfmtdy,events/ZTF22abfmtdy.npz,SN Ia,SNI,core,37,19,18,True
ZTF22abfnfud,events/ZTF22abfnfud.npz,SN IIn,SNII,core,163,81,82,True
ZTF22abfoehf,events/ZTF22abfoehf.npz,SN II,SNII,core,18,8,10,True
ZTF22abfoiaa,events/ZTF22abfoiaa.npz,SN Ia,SNI,core,17,8,9,True
ZTF22abfpgcn,events/ZTF22abfpgcn.npz,SN II,SNII,core,42,18,24,True
ZTF22abfrbnl,events/ZTF22abfrbnl.npz,SN Ia,SNI,core,54,30,24,True
ZTF22abfrbzi,events/ZTF22abfrbzi.npz,SN Ia,SNI,core,29,17,12,True
ZTF22abfrkoh,events/ZTF22abfrkoh.npz,SN Ic,SNI,core,31,19,12,True
ZTF22abfskre,events/ZTF22abfskre.npz,SN Ia,SNI,core,27,9,18,True
ZTF22abfspdz,events/ZTF22abfspdz.npz,SN Ia,SNI,core,33,20,13,True
ZTF22abfstwn,events/ZTF22abfstwn.npz,SN Ia,SNI,core,12,7,5,True
ZTF22abftfug,events/ZTF22abftfug.npz,SN Ia,SNI,core,17,8,9,True
ZTF22abftrwv,events/ZTF22abftrwv.npz,SN Ia,SNI,core,76,30,46,True
ZTF22abfunyc,events/ZTF22abfunyc.npz,SN Ia,SNI,core,25,14,11,True
ZTF22abfuoce,events/ZTF22abfuoce.npz,SN Ia,SNI,core,18,13,5,True
ZTF22abfuosd,events/ZTF22abfuosd.npz,SN Ia,SNI,core,20,11,9,True
ZTF22abfutah,events/ZTF22abfutah.npz,SN II,SNII,core,35,18,17,True
ZTF22abfutmm,events/ZTF22abfutmm.npz,SN Ia,SNI,core,30,13,17,True
ZTF22abfuwel,events/ZTF22abfuwel.npz,SN Ib,SNI,core,52,27,25,True
ZTF22abfuyqr,events/ZTF22abfuyqr.npz,SN Ia,SNI,core,30,18,12,True
ZTF22abfviaz,events/ZTF22abfviaz.npz,SN Ia,SNI,core,22,11,11,True
ZTF22abfvibh,events/ZTF22abfvibh.npz,SN Ia,SNI,core,29,17,12,True
ZTF22abfviis,events/ZTF22abfviis.npz,SN Ia,SNI,core,40,18,22,True
ZTF22abfvjeg,events/ZTF22abfvjeg.npz,SN Ia,SNI,core,24,12,12,True
ZTF22abfvjky,events/ZTF22abfvjky.npz,SN Ia,SNI,core,37,16,21,True
ZTF22abfvrcb,events/ZTF22abfvrcb.npz,SN Ia,SNI,core,14,10,4,True
ZTF22abfvsbt,events/ZTF22abfvsbt.npz,SN Ia,SNI,core,15,8,7,True
ZTF22abfvshc,events/ZTF22abfvshc.npz,SN Ia,SNI,core,20,11,9,True
ZTF22abfvvpv,events/ZTF22abfvvpv.npz,SN Ia,SNI,core,16,6,10,True
ZTF22abfvxlz,events/ZTF22abfvxlz.npz,SN Ia,SNI,core,23,13,10,True
ZTF22abfvzqg,events/ZTF22abfvzqg.npz,SN Ia,SNI,core,21,10,11,True
ZTF22abfwbgr,events/ZTF22abfwbgr.npz,SN Ia,SNI,core,29,14,15,True
ZTF22abfwchw,events/ZTF22abfwchw.npz,SN II,SNII,core,45,21,24,True
ZTF22abfweew,events/ZTF22abfweew.npz,SN Ia,SNI,core,25,13,12,True
ZTF22abfwign,events/ZTF22abfwign.npz,SN II,SNII,core,46,24,22,True
ZTF22abfwihc,events/ZTF22abfwihc.npz,SN Ia-91bg,SNI,core,20,9,11,True
ZTF22abfwthv,events/ZTF22abfwthv.npz,SN Ia,SNI,core,27,13,14,True
ZTF22abfwxsk,events/ZTF22abfwxsk.npz,CV,CV,core,16,10,6,True
ZTF22abfwxtr,events/ZTF22abfwxtr.npz,SN II,SNII,core,63,29,34,True
ZTF22abfxkdm,events/ZTF22abfxkdm.npz,SN II,SNII,core,62,34,28,True
ZTF22abfxmiu,events/ZTF22abfxmiu.npz,SN Ia,SNI,core,19,14,5,True
ZTF22abfxmvf,events/ZTF22abfxmvf.npz,SN Ia,SNI,core,67,37,30,True
ZTF22abfxwkm,events/ZTF22abfxwkm.npz,SN Ia,SNI,core,25,13,12,True
ZTF22abfxwub,events/ZTF22abfxwub.npz,SN Ia,SNI,core,22,11,11,True
ZTF22abfyjgo,events/ZTF22abfyjgo.npz,SN Ia,SNI,core,22,12,10,True
ZTF22abfynfa,events/ZTF22abfynfa.npz,SN Ia,SNI,core,10,10,0,False
ZTF22abfynid,events/ZTF22abfynid.npz,SN Ia,SNI,core,12,11,1,False
ZTF22abfypms,events/ZTF22abfypms.npz,SN Ia,SNI,core,21,17,4,True
ZTF22abfyqmh,events/ZTF22abfyqmh.npz,SN Ia,SNI,core,23,17,6,True
ZTF22abfyqsc,events/ZTF22abfyqsc.npz,SN Ib,SNI,core,34,14,20,True
ZTF22abfyrxh,events/ZTF22abfyrxh.npz,SN Ia,SNI,core,26,13,13,True
ZTF22abfytal,events/ZTF22abfytal.npz,SN Ia,SNI,core,32,16,16,True
ZTF22abfytlh,events/ZTF22abfytlh.npz,SN Ia,SNI,core,24,12,12,True
ZTF22abfyukg,events/ZTF22abfyukg.npz,SN Ia,SNI,core,47,22,25,True
ZTF22abfyvhf,events/ZTF22abfyvhf.npz,SN IIn,SNII,core,32,17,15,True
ZTF22abfyyew,events/ZTF22abfyyew.npz,SN Ia,SNI,core,30,14,16,True
ZTF22abfyynm,events/ZTF22abfyynm.npz,SN Ia,SNI,core,24,11,13,True
ZTF22abfyzir,events/ZTF22abfyzir.npz,SN Ia,SNI,core,82,38,44,True
ZTF22abfzaed,events/ZTF22abfzaed.npz,SN Ia,SNI,core,27,9,18,True
ZTF22abfzaqd,events/ZTF22abfzaqd.npz,SN Ia,SNI,core,33,14,19,True
ZTF22abfzarj,events/ZTF22abfzarj.npz,SN Ia,SNI,core,58,25,33,True
ZTF22abfzdjj,events/ZTF22abfzdjj.npz,SN Ia,SNI,core,31,15,16,True
ZTF22abfzdkz,events/ZTF22abfzdkz.npz,SN II,SNII,core,60,32,28,True
ZTF22abgawhn,events/ZTF22abgawhn.npz,SN Ia,SNI,core,55,29,26,True
ZTF22abgawib,events/ZTF22abgawib.npz,SN Ia,SNI,core,24,12,12,True
ZTF22abgawlh,events/ZTF22abgawlh.npz,SN Ia,SNI,core,29,10,19,True
ZTF22abgaymw,events/ZTF22abgaymw.npz,SN Ia,SNI,core,13,6,7,True
ZTF22abgbbal,events/ZTF22abgbbal.npz,SN Ia,SNI,core,25,13,12,True
ZTF22abgbbec,events/ZTF22abgbbec.npz,SN Ia,SNI,core,21,10,11,True
ZTF22abgbbez,events/ZTF22abgbbez.npz,SN Ia,SNI,core,18,9,9,True
ZTF22abgbcef,events/ZTF22abgbcef.npz,SN Ia,SNI,core,50,22,28,True
ZTF22abgbffy,events/ZTF22abgbffy.npz,SN Ia,SNI,core,57,38,19,True
ZTF22abgbfsb,events/ZTF22abgbfsb.npz,SN Ia,SNI,core,46,23,23,True
ZTF22abgbhjs,events/ZTF22abgbhjs.npz,SN II,SNII,core,42,14,28,True
ZTF22abgbhub,events/ZTF22abgbhub.npz,SN Ia,SNI,core,111,37,74,True
ZTF22abgbydx,events/ZTF22abgbydx.npz,SN Ia,SNI,core,17,9,8,True
ZTF22abgbywx,events/ZTF22abgbywx.npz,SN Ia,SNI,core,13,6,7,True
ZTF22abgcigh,events/ZTF22abgcigh.npz,CV,CV,core,19,12,7,True
ZTF22abgdjwt,events/ZTF22abgdjwt.npz,SN Ia,SNI,core,50,26,24,True
ZTF22abgeluw,events/ZTF22abgeluw.npz,SN Ia,SNI,core,6,4,2,False
ZTF22abgepyb,events/ZTF22abgepyb.npz,SN Ia,SNI,core,47,22,25,True
ZTF22abggmae,events/ZTF22abggmae.npz,SN Ia,SNI,core,26,14,12,True
ZTF22abggmtd,events/ZTF22abggmtd.npz,SN Ia,SNI,core,27,12,15,True
ZTF22abggmuu,events/ZTF22abggmuu.npz,SN Ia,SNI,core,33,17,16,True
ZTF22abghdno,events/ZTF22abghdno.npz,SN Ia-91T,SNI,core,39,17,22,True
ZTF22abgheca,events/ZTF22abgheca.npz,SN IIP,SNII,core,51,29,22,True
ZTF22abghgca,events/ZTF22abghgca.npz,SN Ia,SNI,core,52,24,28,True
ZTF22abghrui,events/ZTF22abghrui.npz,SN IIn,SNII,core,78,31,47,True
ZTF22abgiayt,events/ZTF22abgiayt.npz,SN Ia,SNI,core,21,13,8,True
ZTF22abgibib,events/ZTF22abgibib.npz,SN IIb,SNII,core,17,9,8,True
ZTF22abgiout,events/ZTF22abgiout.npz,SN Ia,SNI,core,17,13,4,True
ZTF22abgndif,events/ZTF22abgndif.npz,SN Ia,SNI,core,26,10,16,True
ZTF22abgntys,events/ZTF22abgntys.npz,SN II,SNII,core,5,1,4,False
ZTF22abgpfwa,events/ZTF22abgpfwa.npz,SN Ia,SNI,core,6,3,3,False
ZTF22abgteub,events/ZTF22abgteub.npz,SN Ia,SNI,core,49,22,27,True
ZTF22abgvdis,events/ZTF22abgvdis.npz,SN Ia,SNI,core,38,3,35,True
ZTF22abgveih,events/ZTF22abgveih.npz,SN II,SNII,core,72,17,55,True
ZTF22abgvnle,events/ZTF22abgvnle.npz,SN Ia,SNI,core,16,10,6,True
ZTF22abgwgsv,events/ZTF22abgwgsv.npz,SN II,SNII,core,25,13,12,True
ZTF22abgyfnv,events/ZTF22abgyfnv.npz,SN II,SNII,core,19,7,12,True
ZTF22abhclyh,events/ZTF22abhclyh.npz,SN IIn,SNII,core,52,22,30,True
ZTF22abhcqrr,events/ZTF22abhcqrr.npz,SN Ia-pec,SNI,core,49,22,27,True
ZTF22abhcrfy,events/ZTF22abhcrfy.npz,SN Ia,SNI,core,31,15,16,True
ZTF22abhencl,events/ZTF22abhencl.npz,SN Ia,SNI,core,21,8,13,True
ZTF22abhfwmr,events/ZTF22abhfwmr.npz,SN Ia,SNI,core,99,45,54,True
ZTF22abhhxuv,events/ZTF22abhhxuv.npz,SN II,SNII,core,33,12,21,True
ZTF22abhjdlx,events/ZTF22abhjdlx.npz,SN Ia,SNI,core,42,17,25,True
ZTF22abhjuqr,events/ZTF22abhjuqr.npz,SN Ia,SNI,core,44,1,43,False
ZTF22abhjvmr,events/ZTF22abhjvmr.npz,SN Ia,SNI,core,35,0,35,False
ZTF22abhldat,events/ZTF22abhldat.npz,SN Ia,SNI,core,49,23,26,True
ZTF22abhodtl,events/ZTF22abhodtl.npz,SN Ia,SNI,core,33,16,17,True
ZTF22abhrjld,events/ZTF22abhrjld.npz,SN Ia-pec,SNI,core,58,29,29,True
ZTF22abhsrll,events/ZTF22abhsrll.npz,SN Ia,SNI,core,16,9,7,True
ZTF22abhsxkn,events/ZTF22abhsxkn.npz,SN Ia,SNI,core,28,13,15,True
ZTF22abhsxph,events/ZTF22abhsxph.npz,SN IIP,SNII,core,49,23,26,True
ZTF22abhuvqj,events/ZTF22abhuvqj.npz,SN II,SNII,core,95,41,54,True
ZTF22abhuvug,events/ZTF22abhuvug.npz,SN Ia,SNI,core,32,15,17,True
ZTF22abhvfio,events/ZTF22abhvfio.npz,SN Ia,SNI,core,29,14,15,True
ZTF22abhvfmz,events/ZTF22abhvfmz.npz,SN Ia,SNI,core,10,4,6,True
ZTF22abhvyyw,events/ZTF22abhvyyw.npz,SN Ia,SNI,core,31,13,18,True
ZTF22abhwlnm,events/ZTF22abhwlnm.npz,SN IIn,SNII,core,49,26,23,True
ZTF22abhxptj,events/ZTF22abhxptj.npz,SN Ia,SNI,core,36,17,19,True
ZTF22abhxptt,events/ZTF22abhxptt.npz,SN Ia,SNI,core,41,17,24,True
ZTF22abhyzjq,events/ZTF22abhyzjq.npz,SN Ia,SNI,core,26,12,14,True
ZTF22abibgsa,events/ZTF22abibgsa.npz,SN Ia,SNI,core,19,10,9,True
ZTF22abiflfo,events/ZTF22abiflfo.npz,SN Ia,SNI,core,15,10,5,True
ZTF22abihtsn,events/ZTF22abihtsn.npz,SN Ia,SNI,core,34,17,17,True
ZTF22abijxly,events/ZTF22abijxly.npz,SN Ia,SNI,core,21,14,7,True
ZTF22abikqri,events/ZTF22abikqri.npz,SN Ia,SNI,core,12,9,3,True
ZTF22abilaka,events/ZTF22abilaka.npz,SN Ia,SNI,core,34,16,18,True
ZTF22abinbxm,events/ZTF22abinbxm.npz,SN IIP,SNII,core,34,15,19,True
ZTF22abiozoc,events/ZTF22abiozoc.npz,SN Ia,SNI,core,25,15,10,True
ZTF22abipidm,events/ZTF22abipidm.npz,SN Ia,SNI,core,30,18,12,True
ZTF22abipthl,events/ZTF22abipthl.npz,SN Ia,SNI,core,18,7,11,True
ZTF22abiqxao,events/ZTF22abiqxao.npz,SN Ia,SNI,core,15,7,8,True
ZTF22abitewv,events/ZTF22abitewv.npz,SN Ia,SNI,core,26,12,14,True
ZTF22abiupzw,events/ZTF22abiupzw.npz,SN IIn,SNII,core,59,7,52,True
ZTF22abivebe,events/ZTF22abivebe.npz,SN Ic-BL,SNI,core,16,8,8,True
ZTF22abivkuq,events/ZTF22abivkuq.npz,SN Ia,SNI,core,23,11,12,True
ZTF22abivrnq,events/ZTF22abivrnq.npz,SN Ia,SNI,core,32,16,16,True
ZTF22abiwpck,events/ZTF22abiwpck.npz,SN Ia,SNI,core,27,13,14,True
ZTF22abiwwyf,events/ZTF22abiwwyf.npz,SN II,SNII,core,41,15,26,True
ZTF22abiyeae,events/ZTF22abiyeae.npz,SN Ia,SNI,core,43,22,21,True
ZTF22abiyjlx,events/ZTF22abiyjlx.npz,SN Ia,SNI,core,31,14,17,True
ZTF22abiymsf,events/ZTF22abiymsf.npz,SN Ia,SNI,core,21,11,10,True
ZTF22abiysva,events/ZTF22abiysva.npz,SN Ia,SNI,core,50,21,29,True
ZTF22abizgac,events/ZTF22abizgac.npz,SN Ia,SNI,core,34,13,21,True
ZTF22abizuah,events/ZTF22abizuah.npz,SN IIn,SNII,core,46,22,24,True
ZTF22abjafpr,events/ZTF22abjafpr.npz,SN Ic-BL,SNI,core,35,15,20,True
ZTF22abjagqj,events/ZTF22abjagqj.npz,SN Ia,SNI,core,55,25,30,True
ZTF22abjaqoq,events/ZTF22abjaqoq.npz,SN Ia,SNI,core,27,10,17,True
ZTF22abjbvnv,events/ZTF22abjbvnv.npz,SN Ia,SNI,core,48,16,32,True
ZTF22abjcqrp,events/ZTF22abjcqrp.npz,AGN,AGN,core,2,0,2,False
ZTF22abjeeqt,events/ZTF22abjeeqt.npz,SN Ia,SNI,core,55,23,32,True
ZTF22abjhwce,events/ZTF22abjhwce.npz,SN Ia,SNI,core,33,12,21,True
ZTF22abjpcjy,events/ZTF22abjpcjy.npz,SN Ia,SNI,core,65,26,39,True
ZTF22abjpfpl,events/ZTF22abjpfpl.npz,SN Ia,SNI,core,51,21,30,True
ZTF22abjqztl,events/ZTF22abjqztl.npz,SN Ia,SNI,core,16,7,9,True
ZTF22abjrbmf,events/ZTF22abjrbmf.npz,SN Ia,SNI,core,7,4,3,False
ZTF22abjrcte,events/ZTF22abjrcte.npz,SN Ia,SNI,core,11,6,5,True
ZTF22abjrctf,events/ZTF22abjrctf.npz,SN Ia,SNI,core,10,6,4,True
ZTF22abjrpmv,events/ZTF22abjrpmv.npz,SN Ia,SNI,core,14,9,5,True
ZTF22abjrqxz,events/ZTF22abjrqxz.npz,SN Ia,SNI,core,9,6,3,True
ZTF22abjrrea,events/ZTF22abjrrea.npz,SN II,SNII,core,11,7,4,True
ZTF22abjvyib,events/ZTF22abjvyib.npz,SN II,SNII,core,35,18,17,True
ZTF22abjzweh,events/ZTF22abjzweh.npz,SN II,SNII,core,47,21,26,True
ZTF22abkaaje,events/ZTF22abkaaje.npz,SN Ia,SNI,core,31,13,18,True
ZTF22abkabeh,events/ZTF22abkabeh.npz,SN Ib,SNI,core,43,16,27,True
ZTF22abkbjsb,events/ZTF22abkbjsb.npz,SN II,SNII,core,40,19,21,True
ZTF22abkdzvi,events/ZTF22abkdzvi.npz,SN Ia,SNI,core,12,12,0,False
ZTF22abkfgrt,events/ZTF22abkfgrt.npz,SN Ia,SNI,core,19,7,12,True
ZTF22abkfhua,events/ZTF22abkfhua.npz,TDE,TDE,core,48,26,22,True
ZTF22abkhrkd,events/ZTF22abkhrkd.npz,SN II,SNII,core,101,46,55,True
ZTF22abkisoc,events/ZTF22abkisoc.npz,SN Ia,SNI,core,49,21,28,True
ZTF22abkjegi,events/ZTF22abkjegi.npz,SN Ia,SNI,core,53,25,28,True
ZTF22abkkhao,events/ZTF22abkkhao.npz,SN II,SNII,core,50,25,25,True
ZTF22abkpgpa,events/ZTF22abkpgpa.npz,SN Ia,SNI,core,54,29,25,True
ZTF22abkpgye,events/ZTF22abkpgye.npz,SN IIb,SNII,core,5,0,5,False
ZTF22abkpkej,events/ZTF22abkpkej.npz,SN Ia,SNI,core,19,10,9,True
ZTF22abksuwt,events/ZTF22abksuwt.npz,SN Ia,SNI,core,37,3,34,True
ZTF22abkwdhr,events/ZTF22abkwdhr.npz,SN Ia,SNI,core,30,21,9,True
ZTF22abkxbeo,events/ZTF22abkxbeo.npz,SN Ia-pec,SNI,core,28,8,20,True
ZTF22abkybyq,events/ZTF22abkybyq.npz,SN Ia,SNI,core,31,13,18,True
ZTF22ablbgrl,events/ZTF22ablbgrl.npz,SN Ia,SNI,core,19,8,11,True
ZTF22ablbvag,events/ZTF22ablbvag.npz,SN II,SNII,core,48,4,44,True
ZTF22ablcjkn,events/ZTF22ablcjkn.npz,CV,CV,core,33,18,15,True
ZTF22ablcybb,events/ZTF22ablcybb.npz,SN Ia,SNI,core,20,11,9,True
ZTF22ablhftq,events/ZTF22ablhftq.npz,SN Ia,SNI,core,34,14,20,True
ZTF22ablhldn,events/ZTF22ablhldn.npz,SN Ia,SNI,core,34,15,19,True
ZTF22abllclb,events/ZTF22abllclb.npz,SN Ic,SNI,core,19,9,10,True
ZTF22ablnrcv,events/ZTF22ablnrcv.npz,SN II,SNII,core,34,11,23,True
ZTF22ablpkba,events/ZTF22ablpkba.npz,SN Ia,SNI,core,1,0,1,False
ZTF22ablqzpz,events/ZTF22ablqzpz.npz,SN Ia,SNI,core,1,0,1,False
ZTF22ablviyf,events/ZTF22ablviyf.npz,SN Ia,SNI,core,29,12,17,True
ZTF22ablvnwa,events/ZTF22ablvnwa.npz,SN IIb,SNII,core,36,4,32,True
ZTF22abmcezf,events/ZTF22abmcezf.npz,SN Ia,SNI,core,31,14,17,True
ZTF22abmcfrc,events/ZTF22abmcfrc.npz,SN Ia,SNI,core,26,13,13,True
ZTF22abmcnmz,events/ZTF22abmcnmz.npz,SN Ia,SNI,core,53,17,36,True
ZTF22abmcono,events/ZTF22abmcono.npz,SN Ia,SNI,core,20,7,13,True
ZTF22abmdqzf,events/ZTF22abmdqzf.npz,SN Ia-91bg,SNI,core,19,9,10,True
ZTF22abmfmng,events/ZTF22abmfmng.npz,SN Ia,SNI,core,23,11,12,True
ZTF22abmicob,events/ZTF22abmicob.npz,SN Ia,SNI,core,31,13,18,True
ZTF22abmifhv,events/ZTF22abmifhv.npz,SN Ia,SNI,core,18,6,12,True
ZTF22abmiohu,events/ZTF22abmiohu.npz,SN Ia,SNI,core,78,35,43,True
ZTF22abmiuan,events/ZTF22abmiuan.npz,SN Ia-91T,SNI,core,17,8,9,True
ZTF22abmjdfo,events/ZTF22abmjdfo.npz,SN Ia,SNI,core,17,7,10,True
ZTF22abmmhdm,events/ZTF22abmmhdm.npz,SN II,SNII,core,33,12,21,True
ZTF22abmmvxz,events/ZTF22abmmvxz.npz,SN Ia,SNI,core,42,19,23,True
ZTF22abmnhau,events/ZTF22abmnhau.npz,SN Ia,SNI,core,25,11,14,True
ZTF22abmnxim,events/ZTF22abmnxim.npz,SN Ia,SNI,core,11,6,5,True
ZTF22abmnzfh,events/ZTF22abmnzfh.npz,SN Ia,SNI,core,23,2,21,True
ZTF22abmolve,events/ZTF22abmolve.npz,SN Ia,SNI,core,74,34,40,True
ZTF22abmonux,events/ZTF22abmonux.npz,SN Ic,SNI,core,21,10,11,True
ZTF22abmpqbq,events/ZTF22abmpqbq.npz,SN Ia,SNI,core,17,9,8,True
ZTF22abmsaxp,events/ZTF22abmsaxp.npz,SN II,SNII,core,39,22,17,True
ZTF22abmtwml,events/ZTF22abmtwml.npz,SN Ia,SNI,core,22,10,12,True
ZTF22abmucza,events/ZTF22abmucza.npz,SN Ia,SNI,core,22,10,12,True
ZTF22abmvmyh,events/ZTF22abmvmyh.npz,SN Ia,SNI,core,31,10,21,True
ZTF22abmwjev,events/ZTF22abmwjev.npz,SN Ia,SNI,core,28,13,15,True
ZTF22abmwonm,events/ZTF22abmwonm.npz,SN Ia,SNI,core,51,23,28,True
ZTF22abmxsoc,events/ZTF22abmxsoc.npz,SN Ic,SNI,core,35,14,21,True
ZTF22abmxtqr,events/ZTF22abmxtqr.npz,SN Ia,SNI,core,21,9,12,True
ZTF22abmxzxm,events/ZTF22abmxzxm.npz,SN Ia,SNI,core,23,10,13,True
ZTF22abmygmc,events/ZTF22abmygmc.npz,SN Ia-91T,SNI,core,33,16,17,True
ZTF22abmynyd,events/ZTF22abmynyd.npz,SN Ia,SNI,core,34,13,21,True
ZTF22abmzdzr,events/ZTF22abmzdzr.npz,SN Ia,SNI,core,43,7,36,True
ZTF22abmzete,events/ZTF22abmzete.npz,SN Ia,SNI,core,21,2,19,True
ZTF22abnakti,events/ZTF22abnakti.npz,SN Ia,SNI,core,13,7,6,True
ZTF22abnehge,events/ZTF22abnehge.npz,SN Ia-91T,SNI,core,20,11,9,True
ZTF22abneima,events/ZTF22abneima.npz,SN Ia,SNI,core,26,14,12,True
ZTF22abnejmu,events/ZTF22abnejmu.npz,SN II,SNII,core,28,12,16,True
ZTF22abnelse,events/ZTF22abnelse.npz,SN Ia,SNI,core,35,15,20,True
ZTF22abnemvx,events/ZTF22abnemvx.npz,SN Ia,SNI,core,29,14,15,True
ZTF22abnfgcn,events/ZTF22abnfgcn.npz,SN Ia,SNI,core,98,10,88,True
ZTF22abnfjsm,events/ZTF22abnfjsm.npz,SN IIn,SNII,core,35,15,20,True
ZTF22abnfsjo,events/ZTF22abnfsjo.npz,SN Ia-91T,SNI,core,39,17,22,True
ZTF22abngjlt,events/ZTF22abngjlt.npz,SN Ia,SNI,core,30,13,17,True
ZTF22abniami,events/ZTF22abniami.npz,SN Ia,SNI,core,41,18,23,True
ZTF22abnlwjv,events/ZTF22abnlwjv.npz,SN Ia,SNI,core,18,8,10,True
ZTF22abnmngf,events/ZTF22abnmngf.npz,SN Ia,SNI,core,12,3,9,True
ZTF22abnmpty,events/ZTF22abnmpty.npz,SN Ia,SNI,core,23,10,13,True
ZTF22abnmpwx,events/ZTF22abnmpwx.npz,SN Ia,SNI,core,14,7,7,True
ZTF22abnoofs,events/ZTF22abnoofs.npz,SN Ia,SNI,core,33,15,18,True
ZTF22abnperq,events/ZTF22abnperq.npz,SN Ia,SNI,core,16,4,12,True
ZTF22abnpsou,events/ZTF22abnpsou.npz,SN Ic-BL,SNI,core,29,0,29,False
ZTF22abnqomh,events/ZTF22abnqomh.npz,SN Ia,SNI,core,34,15,19,True
ZTF22abnqpwe,events/ZTF22abnqpwe.npz,SN Ia,SNI,core,11,4,7,True
ZTF22abnqzle,events/ZTF22abnqzle.npz,SN Ia,SNI,core,19,8,11,True
ZTF22abntdem,events/ZTF22abntdem.npz,SN Ia,SNI,core,20,9,11,True
ZTF22abnuakd,events/ZTF22abnuakd.npz,SN Ia,SNI,core,49,23,26,True
ZTF22abnvmgu,events/ZTF22abnvmgu.npz,SN IIb,SNII,core,9,4,5,True
ZTF22abnvmzz,events/ZTF22abnvmzz.npz,SN Ia,SNI,core,31,13,18,True
ZTF22abnvncn,events/ZTF22abnvncn.npz,SN IIb,SNII,core,67,29,38,True
ZTF22abnvurz,events/ZTF22abnvurz.npz,SN Ic-BL,SNI,core,65,9,56,True
ZTF22abnvzhx,events/ZTF22abnvzhx.npz,SN Ia,SNI,core,5,3,2,False
ZTF22abnwpmq,events/ZTF22abnwpmq.npz,SN Ia,SNI,core,77,36,41,True
ZTF22abnxoji,events/ZTF22abnxoji.npz,SN Ia,SNI,core,21,11,10,True
ZTF22abnxovx,events/ZTF22abnxovx.npz,SN Ia-91T,SNI,core,22,12,10,True
ZTF22aboaiim,events/ZTF22aboaiim.npz,SN Ia,SNI,core,24,11,13,True
ZTF22aboapcj,events/ZTF22aboapcj.npz,SN Ia-91T,SNI,core,21,11,10,True
ZTF22abobhmn,events/ZTF22abobhmn.npz,SN Ia,SNI,core,23,9,14,True
ZTF22abobobs,events/ZTF22abobobs.npz,SN Ia,SNI,core,18,10,8,True
ZTF22abodqjf,events/ZTF22abodqjf.npz,SN Ia,SNI,core,32,13,19,True
ZTF22aboisvs,events/ZTF22aboisvs.npz,SN Ia,SNI,core,24,12,12,True
ZTF22aboixdd,events/ZTF22aboixdd.npz,SN Ia,SNI,core,25,9,16,True
ZTF22aboloxt,events/ZTF22aboloxt.npz,SN II,SNII,core,35,18,17,True
ZTF22abolsys,events/ZTF22abolsys.npz,SN Ia,SNI,core,35,16,19,True
ZTF22abpekod,events/ZTF22abpekod.npz,SN Ia,SNI,core,3,1,2,False
ZTF22abppdqh,events/ZTF22abppdqh.npz,SN Ia,SNI,core,34,14,20,True
ZTF22abpulqo,events/ZTF22abpulqo.npz,SN Ia,SNI,core,24,11,13,True
ZTF22abpusrt,events/ZTF22abpusrt.npz,SN Ia,SNI,core,40,18,22,True
ZTF22abpxxil,events/ZTF22abpxxil.npz,SN II,SNII,core,31,11,20,True
ZTF22abpydmh,events/ZTF22abpydmh.npz,SN Ia,SNI,core,24,9,15,True
ZTF22abpzyzz,events/ZTF22abpzyzz.npz,SN Ia,SNI,core,22,11,11,True
ZTF22abqaeac,events/ZTF22abqaeac.npz,SN Ia,SNI,core,39,0,39,False
ZTF22abqajav,events/ZTF22abqajav.npz,SN Ia-91T,SNI,core,33,14,19,True
ZTF22abqaqnn,events/ZTF22abqaqnn.npz,SN II,SNII,core,18,8,10,True
ZTF22abqbljk,events/ZTF22abqbljk.npz,SN Ia,SNI,core,22,12,10,True
ZTF22abqbqty,events/ZTF22abqbqty.npz,SN II,SNII,core,30,13,17,True
ZTF22abqdmwt,events/ZTF22abqdmwt.npz,SN Ia,SNI,core,21,11,10,True
ZTF22abqfekp,events/ZTF22abqfekp.npz,SN Ia-91T,SNI,core,34,14,20,True
ZTF22abqiyik,events/ZTF22abqiyik.npz,SN Ia,SNI,core,28,12,16,True
ZTF22abqkzuq,events/ZTF22abqkzuq.npz,SN Ia,SNI,core,38,15,23,True
ZTF22abqpflu,events/ZTF22abqpflu.npz,SN Ia,SNI,core,16,7,9,True
ZTF22abqpxyn,events/ZTF22abqpxyn.npz,SN Ia,SNI,core,47,21,26,True
ZTF22abqqepp,events/ZTF22abqqepp.npz,SN Ia,SNI,core,22,12,10,True
ZTF22abqqjih,events/ZTF22abqqjih.npz,SN Ia,SNI,core,28,13,15,True
ZTF22abqrdqq,events/ZTF22abqrdqq.npz,SN Ia,SNI,core,28,12,16,True
ZTF22abqseiq,events/ZTF22abqseiq.npz,SN IIn,SNII,core,31,14,17,True
ZTF22abquwiv,events/ZTF22abquwiv.npz,SN Ia,SNI,core,31,14,17,True
ZTF22abqwahz,events/ZTF22abqwahz.npz,SN Ia,SNI,core,20,6,14,True
ZTF22abqxkhd,events/ZTF22abqxkhd.npz,SN Ia,SNI,core,43,17,26,True
ZTF22abqyiaa,events/ZTF22abqyiaa.npz,SN Ia,SNI,core,26,13,13,True
ZTF22abrahwy,events/ZTF22abrahwy.npz,SN IIb,SNII,core,46,21,25,True
ZTF22abrborz,events/ZTF22abrborz.npz,SN Ia,SNI,core,28,10,18,True
ZTF22abrboyl,events/ZTF22abrboyl.npz,SN Ia,SNI,core,22,7,15,True
ZTF22abrbpyh,events/ZTF22abrbpyh.npz,SN Ia,SNI,core,23,12,11,True
ZTF22abrcivs,events/ZTF22abrcivs.npz,SN Ia,SNI,core,30,12,18,True
ZTF22abreusl,events/ZTF22abreusl.npz,SN Ia,SNI,core,17,9,8,True
ZTF22abrexqa,events/ZTF22abrexqa.npz,SN II,SNII,core,28,9,19,True
ZTF22abrredj,events/ZTF22abrredj.npz,SN Ia,SNI,core,20,7,13,True
ZTF22abrreei,events/ZTF22abrreei.npz,SN Ia,SNI,core,22,8,14,True
ZTF22abscvex,events/ZTF22abscvex.npz,SN Ia,SNI,core,59,25,34,True
ZTF22absdier,events/ZTF22absdier.npz,SN Ia,SNI,core,25,12,13,True
ZTF22abseymh,events/ZTF22abseymh.npz,SN Ia,SNI,core,20,9,11,True
ZTF22absibqa,events/ZTF22absibqa.npz,SN Ib,SNI,core,12,2,10,True
ZTF22absiyyk,events/ZTF22absiyyk.npz,SN Ia,SNI,core,24,11,13,True
ZTF22absmdsy,events/ZTF22absmdsy.npz,SN II,SNII,core,22,10,12,True
ZTF22absmrdt,events/ZTF22absmrdt.npz,SN Ia,SNI,core,39,7,32,True
ZTF22abspgzy,events/ZTF22abspgzy.npz,SN Ia,SNI,core,25,12,13,True
ZTF22absphlp,events/ZTF22absphlp.npz,SN Ia,SNI,core,16,7,9,True
ZTF22absphuu,events/ZTF22absphuu.npz,SN Ib,SNI,core,22,11,11,True
ZTF22absqhkw,events/ZTF22absqhkw.npz,SN II,SNII,core,31,15,16,True
ZTF22absqpsa,events/ZTF22absqpsa.npz,SN Ia,SNI,core,47,21,26,True
ZTF22absqvgm,events/ZTF22absqvgm.npz,SN Ia,SNI,core,19,10,9,True
ZTF22absqxti,events/ZTF22absqxti.npz,SN Ia,SNI,core,23,9,14,True
ZTF22absselw,events/ZTF22absselw.npz,SN Ia,SNI,core,13,0,13,False
ZTF22abssiet,events/ZTF22abssiet.npz,SN II,SNII,core,23,7,16,True
ZTF22absstju,events/ZTF22absstju.npz,SN Ia,SNI,core,16,5,11,True
ZTF22abstbym,events/ZTF22abstbym.npz,SN Ia,SNI,core,42,2,40,True
ZTF22abstcjq,events/ZTF22abstcjq.npz,SN Ia,SNI,core,36,3,33,True
ZTF22abstdmf,events/ZTF22abstdmf.npz,SN Ia,SNI,core,9,2,7,True
ZTF22abswuoz,events/ZTF22abswuoz.npz,SN Ia,SNI,core,14,6,8,True
ZTF22abswuyy,events/ZTF22abswuyy.npz,SN Ia,SNI,core,28,11,17,True
ZTF22abswzyp,events/ZTF22abswzyp.npz,SN Ia,SNI,core,19,8,11,True
ZTF22absxatm,events/ZTF22absxatm.npz,SN Ia,SNI,core,14,6,8,True
ZTF22absxaxv,events/ZTF22absxaxv.npz,SN Ia,SNI,core,21,9,12,True
ZTF22absxxub,events/ZTF22absxxub.npz,SN Ia,SNI,core,14,6,8,True
ZTF22absygcs,events/ZTF22absygcs.npz,SN Ia-91T,SNI,core,22,9,13,True
ZTF22abszapf,events/ZTF22abszapf.npz,SN Ia,SNI,core,18,7,11,True
ZTF22abtbijr,events/ZTF22abtbijr.npz,SN Ia,SNI,core,26,12,14,True
ZTF22abtbjbo,events/ZTF22abtbjbo.npz,SN Ia,SNI,core,7,3,4,False
ZTF22abtciik,events/ZTF22abtciik.npz,SN Ia,SNI,core,28,12,16,True
ZTF22abtcphd,events/ZTF22abtcphd.npz,SN II,SNII,core,36,13,23,True
ZTF22abtcpig,events/ZTF22abtcpig.npz,SN IIn,SNII,core,45,20,25,True
ZTF22abtcsar,events/ZTF22abtcsar.npz,SN Ia-91bg,SNI,core,17,8,9,True
ZTF22abtcsyd,events/ZTF22abtcsyd.npz,SN II,SNII,core,22,11,11,True
ZTF22abtctfn,events/ZTF22abtctfn.npz,SN Ia,SNI,core,23,11,12,True
ZTF22abtctvo,events/ZTF22abtctvo.npz,SN Ia,SNI,core,22,8,14,True
ZTF22abtctzp,events/ZTF22abtctzp.npz,SN II,SNII,core,31,13,18,True
ZTF22abtcyhv,events/ZTF22abtcyhv.npz,SN II,SNII,core,28,11,17,True
ZTF22abtcyos,events/ZTF22abtcyos.npz,SN Ia,SNI,core,11,5,6,True
ZTF22abtdarf,events/ZTF22abtdarf.npz,SN Ia,SNI,core,18,10,8,True
ZTF22abtdbdt,events/ZTF22abtdbdt.npz,SN Ia,SNI,core,9,3,6,True
ZTF22abtdbnx,events/ZTF22abtdbnx.npz,SN Ia,SNI,core,41,10,31,True
ZTF22abtdoxf,events/ZTF22abtdoxf.npz,SN Ia,SNI,core,18,9,9,True
ZTF22abtdzyw,events/ZTF22abtdzyw.npz,SN Ia,SNI,core,17,7,10,True
ZTF22abteetl,events/ZTF22abteetl.npz,SN Ia,SNI,core,23,9,14,True
ZTF22abtekni,events/ZTF22abtekni.npz,SN Ia,SNI,core,19,5,14,True
ZTF22abteujl,events/ZTF22abteujl.npz,SN II,SNII,core,25,12,13,True
ZTF22abtextj,events/ZTF22abtextj.npz,SN Ia,SNI,core,13,7,6,True
ZTF22abtfczg,events/ZTF22abtfczg.npz,SN II,SNII,core,27,14,13,True
ZTF22abtjcbg,events/ZTF22abtjcbg.npz,SN Ia,SNI,core,35,15,20,True
ZTF22abtjefa,events/ZTF22abtjefa.npz,SN II,SNII,core,43,22,21,True
ZTF22abtkkgo,events/ZTF22abtkkgo.npz,SN Ia,SNI,core,18,5,13,True
ZTF22abtkkxz,events/ZTF22abtkkxz.npz,SN Ia,SNI,core,51,6,45,True
ZTF22abtknum,events/ZTF22abtknum.npz,SN Ia,SNI,core,24,12,12,True
ZTF22abtlaew,events/ZTF22abtlaew.npz,SN Ia,SNI,core,22,10,12,True
ZTF22abtmrfr,events/ZTF22abtmrfr.npz,SN II,SNII,core,34,15,19,True
ZTF22abtnuch,events/ZTF22abtnuch.npz,SN Ia,SNI,core,20,10,10,True
ZTF22abtokxg,events/ZTF22abtokxg.npz,SN Ia,SNI,core,19,7,12,True
ZTF22abtomri,events/ZTF22abtomri.npz,SN II,SNII,core,22,8,14,True
ZTF22abtondh,events/ZTF22abtondh.npz,CV,CV,core,12,5,7,True
ZTF22abtootl,events/ZTF22abtootl.npz,SN Ia,SNI,core,26,12,14,True
ZTF22abtoqfj,events/ZTF22abtoqfj.npz,SN Ia,SNI,core,10,4,6,True
ZTF22abtotgu,events/ZTF22abtotgu.npz,SN Ia,SNI,core,23,0,23,False
ZTF22abtoves,events/ZTF22abtoves.npz,SN Ia,SNI,core,18,4,14,True
ZTF22abtowei,events/ZTF22abtowei.npz,SN Ia,SNI,core,36,4,32,True
ZTF22abtpejn,events/ZTF22abtpejn.npz,SN Ia,SNI,core,12,7,5,True
ZTF22abtprtn,events/ZTF22abtprtn.npz,SN Ia-pec,SNI,core,13,6,7,True
ZTF22abtpsco,events/ZTF22abtpsco.npz,SN Ia,SNI,core,8,4,4,True
ZTF22abtslvh,events/ZTF22abtslvh.npz,SN Ia,SNI,core,13,5,8,True
ZTF22abtspsw,events/ZTF22abtspsw.npz,SN II,SNII,core,21,10,11,True
ZTF22abtsqjo,events/ZTF22abtsqjo.npz,SN Ia,SNI,core,14,6,8,True
ZTF22abtsttg,events/ZTF22abtsttg.npz,SN II,SNII,core,19,9,10,True
ZTF22abtsybt,events/ZTF22abtsybt.npz,SN II,SNII,core,21,7,14,True
ZTF22abtsypf,events/ZTF22abtsypf.npz,SN IIn,SNII,core,36,16,20,True
ZTF22abttbmf,events/ZTF22abttbmf.npz,SN II,SNII,core,17,8,9,True
ZTF22abttupc,events/ZTF22abttupc.npz,SN Ia,SNI,core,16,9,7,True
ZTF22abtusmd,events/ZTF22abtusmd.npz,SN Ia,SNI,core,10,10,0,False
ZTF22abtvgfs,events/ZTF22abtvgfs.npz,SN Ia,SNI,core,21,12,9,True
ZTF22abtvkgk,events/ZTF22abtvkgk.npz,SN Ia,SNI,core,19,8,11,True
ZTF22abtybkh,events/ZTF22abtybkh.npz,SN Ia,SNI,core,25,13,12,True
ZTF22abtztxv,events/ZTF22abtztxv.npz,SN II,SNII,core,11,5,6,True
ZTF22abuafhn,events/ZTF22abuafhn.npz,SN Ia,SNI,core,13,4,9,True
ZTF22abubnqs,events/ZTF22abubnqs.npz,SN Ia,SNI,core,11,5,6,True
ZTF22abubrek,events/ZTF22abubrek.npz,SN Ia-91T,SNI,core,19,9,10,True
ZTF22abucnqf,events/ZTF22abucnqf.npz,SN Ia,SNI,core,7,7,0,False
ZTF22abudhzo,events/ZTF22abudhzo.npz,SN Ia,SNI,core,25,13,12,True
ZTF22abueufz,events/ZTF22abueufz.npz,SN Ia,SNI,core,15,7,8,True
ZTF22abuhfdv,events/ZTF22abuhfdv.npz,SN Ia,SNI,core,11,6,5,True
ZTF22abulmbx,events/ZTF22abulmbx.npz,SN Ia,SNI,core,20,9,11,True
ZTF22abulusd,events/ZTF22abulusd.npz,SN II,SNII,core,21,9,12,True
ZTF22abunjts,events/ZTF22abunjts.npz,SN Ia-91bg,SNI,core,34,14,20,True
ZTF22abunrdy,events/ZTF22abunrdy.npz,SN II,SNII,core,43,4,39,True
ZTF22abunrnh,events/ZTF22abunrnh.npz,SN II,SNII,core,44,5,39,True
ZTF22abuqitl,events/ZTF22abuqitl.npz,SN Ia,SNI,core,17,8,9,True
ZTF22abuslkt,events/ZTF22abuslkt.npz,SN Ia,SNI,core,15,5,10,True
ZTF22abuygtu,events/ZTF22abuygtu.npz,SN Ia,SNI,core,20,9,11,True
ZTF22abvaetz,events/ZTF22abvaetz.npz,SN IIP,SNII,core,25,11,14,True
ZTF22abvaggn,events/ZTF22abvaggn.npz,SN Ia,SNI,core,14,6,8,True
ZTF22abvasuw,events/ZTF22abvasuw.npz,SN Ia,SNI,core,27,14,13,True
ZTF22abvasxc,events/ZTF22abvasxc.npz,SN Ia,SNI,core,17,9,8,True
ZTF22abvaxqi,events/ZTF22abvaxqi.npz,SN II,SNII,core,24,11,13,True
ZTF22abvcdmu,events/ZTF22abvcdmu.npz,SN II,SNII,core,14,6,8,True
ZTF22abvciba,events/ZTF22abvciba.npz,SN Ia,SNI,core,18,9,9,True
ZTF22abvebdc,events/ZTF22abvebdc.npz,SN Ia,SNI,core,20,10,10,True
ZTF22abveefy,events/ZTF22abveefy.npz,SN Ia-91bg,SNI,core,13,5,8,True
ZTF22abvkkgu,events/ZTF22abvkkgu.npz,SN Ia,SNI,core,24,12,12,True
ZTF22abvkpbj,events/ZTF22abvkpbj.npz,SN Ia,SNI,core,4,2,2,False
ZTF22abvmasw,events/ZTF22abvmasw.npz,SN II,SNII,core,15,8,7,True
ZTF22abvmfpq,events/ZTF22abvmfpq.npz,SN Ia,SNI,core,13,7,6,True
ZTF22abvmfrq,events/ZTF22abvmfrq.npz,SN II,SNII,core,10,3,7,True
ZTF22abvmgtl,events/ZTF22abvmgtl.npz,SN Ia,SNI,core,14,9,5,True
ZTF22abvnonf,events/ZTF22abvnonf.npz,SN Ia,SNI,core,16,8,8,True
ZTF22abvpklt,events/ZTF22abvpklt.npz,SN Ia,SNI,core,15,7,8,True
ZTF22abvrtgj,events/ZTF22abvrtgj.npz,SN Ia,SNI,core,16,7,9,True
ZTF22abvuybj,events/ZTF22abvuybj.npz,SN Ia,SNI,core,25,11,14,True
ZTF22abvyljf,events/ZTF22abvyljf.npz,SN Ia,SNI,core,6,2,4,False
ZTF22abwlapx,events/ZTF22abwlapx.npz,SN Ia,SNI,core,19,10,9,True
ZTF22abwmnow,events/ZTF22abwmnow.npz,SN Ia,SNI,core,19,8,11,True
ZTF22abwqedu,events/ZTF22abwqedu.npz,SN Ia,SNI,core,14,7,7,True
ZTF22abwtqeb,events/ZTF22abwtqeb.npz,SN Ic,SNI,core,14,6,8,True
ZTF22abwuaru,events/ZTF22abwuaru.npz,SN Ia,SNI,core,12,5,7,True
ZTF22abwvcwq,events/ZTF22abwvcwq.npz,SN Ia,SNI,core,13,7,6,True
ZTF22abxacvm,events/ZTF22abxacvm.npz,SN Ia,SNI,core,16,7,9,True
ZTF22abxdrsl,events/ZTF22abxdrsl.npz,SN Ia,SNI,core,42,21,21,True
ZTF22abxgnre,events/ZTF22abxgnre.npz,SN II,SNII,core,22,10,12,True
ZTF22abxhvfb,events/ZTF22abxhvfb.npz,SN Ia,SNI,core,13,4,9,True
ZTF22abxkfjy,events/ZTF22abxkfjy.npz,SN Ia,SNI,core,14,7,7,True
ZTF22abxlfpl,events/ZTF22abxlfpl.npz,SN Ic,SNI,core,11,6,5,True
ZTF22abxlqol,events/ZTF22abxlqol.npz,SN II,SNII,core,24,7,17,True
ZTF22abxlqvc,events/ZTF22abxlqvc.npz,SN Ia,SNI,core,12,4,8,True
ZTF22abxltfq,events/ZTF22abxltfq.npz,SN IIn,SNII,core,16,2,14,True
ZTF22abxmdxh,events/ZTF22abxmdxh.npz,SN Ia,SNI,core,10,5,5,True
ZTF22abxomzd,events/ZTF22abxomzd.npz,SN II,SNII,core,14,2,12,True
ZTF22abxonqa,events/ZTF22abxonqa.npz,SN Ia,SNI,core,13,6,7,True
ZTF22abxsocn,events/ZTF22abxsocn.npz,SN Ia,SNI,core,13,6,7,True
ZTF22abxxyup,events/ZTF22abxxyup.npz,SN Ia,SNI,core,9,5,4,True
ZTF22abxzuje,events/ZTF22abxzuje.npz,SN Ia-91bg,SNI,core,25,12,13,True
ZTF22abyagmy,events/ZTF22abyagmy.npz,SN Ia,SNI,core,13,5,8,True
ZTF22abyanxw,events/ZTF22abyanxw.npz,AGN,AGN,core,9,6,3,True
ZTF22abyaood,events/ZTF22abyaood.npz,SN Ia,SNI,core,36,15,21,True
ZTF22abybbud,events/ZTF22abybbud.npz,SN II,SNII,core,26,12,14,True
ZTF22abybwdz,events/ZTF22abybwdz.npz,SN Ia,SNI,core,15,6,9,True
ZTF22abyelas,events/ZTF22abyelas.npz,SN Ia,SNI,core,7,6,1,False
ZTF22abyergl,events/ZTF22abyergl.npz,SN Ia,SNI,core,16,6,10,True
ZTF22abygkts,events/ZTF22abygkts.npz,SN Ia,SNI,core,11,6,5,True
ZTF22abygqnq,events/ZTF22abygqnq.npz,SN Ia,SNI,core,8,5,3,True
ZTF22abyhqkt,events/ZTF22abyhqkt.npz,SN Ia,SNI,core,10,6,4,True
ZTF22abyhvtk,events/ZTF22abyhvtk.npz,SN Ia,SNI,core,13,7,6,True
ZTF22abyhxkq,events/ZTF22abyhxkq.npz,SN Ia,SNI,core,8,5,3,True
ZTF22abyhxlj,events/ZTF22abyhxlj.npz,SN Ia,SNI,core,11,5,6,True
ZTF22abyhxlt,events/ZTF22abyhxlt.npz,SN Ia,SNI,core,9,5,4,True
ZTF22abyiisu,events/ZTF22abyiisu.npz,SN II,SNII,core,13,6,7,True
ZTF22abyiqfa,events/ZTF22abyiqfa.npz,SN Ia,SNI,core,12,5,7,True
ZTF22abyivoq,events/ZTF22abyivoq.npz,SN II,SNII,core,27,9,18,True
ZTF22abyivor,events/ZTF22abyivor.npz,SN II,SNII,core,13,3,10,True
ZTF22abyivov,events/ZTF22abyivov.npz,SN Ia,SNI,core,14,3,11,True
ZTF22abyivxh,events/ZTF22abyivxh.npz,SN II,SNII,core,21,8,13,True
ZTF22abyjewt,events/ZTF22abyjewt.npz,SN Ia,SNI,core,31,11,20,True
ZTF22abyjfgt,events/ZTF22abyjfgt.npz,SN Ia,SNI,core,18,9,9,True
ZTF22abyjtmn,events/ZTF22abyjtmn.npz,SN Ia,SNI,core,16,8,8,True
ZTF22abyjttn,events/ZTF22abyjttn.npz,SN Ia,SNI,core,23,11,12,True
ZTF22abykahf,events/ZTF22abykahf.npz,SN Ia,SNI,core,29,14,15,True
ZTF22abykdbm,events/ZTF22abykdbm.npz,SN IIP,SNII,core,26,10,16,True
ZTF22abykjae,events/ZTF22abykjae.npz,SN Ia,SNI,core,17,7,10,True
ZTF22abyknqk,events/ZTF22abyknqk.npz,SN Ia,SNI,core,14,4,10,True
ZTF22abyknqs,events/ZTF22abyknqs.npz,SN Ia,SNI,core,38,15,23,True
ZTF22abyktmi,events/ZTF22abyktmi.npz,SN Ia,SNI,core,9,3,6,True
ZTF22abyllwi,events/ZTF22abyllwi.npz,SN II,SNII,core,4,0,4,False
ZTF22abylpnv,events/ZTF22abylpnv.npz,SN Ia,SNI,core,14,8,6,True
ZTF22abylrge,events/ZTF22abylrge.npz,SN Ia,SNI,core,9,3,6,True
ZTF22abylryw,events/ZTF22abylryw.npz,SN Ia,SNI,core,18,8,10,True
ZTF22abymzuk,events/ZTF22abymzuk.npz,SN Ia,SNI,core,8,4,4,True
ZTF22abyngnw,events/ZTF22abyngnw.npz,SN Ia,SNI,core,15,6,9,True
ZTF22abynjkd,events/ZTF22abynjkd.npz,SN Ia,SNI,core,34,14,20,True
ZTF22abynlvk,events/ZTF22abynlvk.npz,SN Ia-91T,SNI,core,20,8,12,True
ZTF22abynpmq,events/ZTF22abynpmq.npz,SN Ia,SNI,core,24,9,15,True
ZTF22abynxyi,events/ZTF22abynxyi.npz,SN Ia,SNI,core,9,5,4,True
ZTF22abyobxl,events/ZTF22abyobxl.npz,SN Ia,SNI,core,5,2,3,False
ZTF22abyochg,events/ZTF22abyochg.npz,SN Ia,SNI,core,5,2,3,False
ZTF22abyoczz,events/ZTF22abyoczz.npz,SN IIb,SNII,core,14,9,5,True
ZTF22abyohff,events/ZTF22abyohff.npz,SN II,SNII,core,21,11,10,True
ZTF22abyohxs,events/ZTF22abyohxs.npz,SN Ia,SNI,core,5,2,3,False
ZTF22abyokjo,events/ZTF22abyokjo.npz,SN Ia,SNI,core,22,10,12,True
ZTF22abyokkf,events/ZTF22abyokkf.npz,SN II,SNII,core,25,13,12,True
ZTF22abyokle,events/ZTF22abyokle.npz,SN Ia,SNI,core,7,4,3,False
ZTF22abyomle,events/ZTF22abyomle.npz,SN II,SNII,core,5,1,4,False
ZTF22abyomty,events/ZTF22abyomty.npz,SN Ia,SNI,core,16,8,8,True
ZTF22abyoomc,events/ZTF22abyoomc.npz,SN II,SNII,core,4,0,4,False
ZTF22abyopkf,events/ZTF22abyopkf.npz,SN Ia,SNI,core,12,3,9,True
ZTF22abyrlaw,events/ZTF22abyrlaw.npz,SN Ia,SNI,core,14,5,9,True
ZTF22abyrovo,events/ZTF22abyrovo.npz,SN Ia,SNI,core,28,11,17,True
ZTF22abyrqec,events/ZTF22abyrqec.npz,SN Ia,SNI,core,20,9,11,True
ZTF22abyrurb,events/ZTF22abyrurb.npz,SN Ic,SNI,core,18,6,12,True
ZTF22abyrvsz,events/ZTF22abyrvsz.npz,SN II,SNII,core,9,2,7,True
ZTF22abyskhb,events/ZTF22abyskhb.npz,SN Ia,SNI,core,18,6,12,True
ZTF22abysshb,events/ZTF22abysshb.npz,SN II,SNII,core,16,7,9,True
ZTF22abystdy,events/ZTF22abystdy.npz,SN Ia,SNI,core,17,7,10,True
ZTF22abyszwg,events/ZTF22abyszwg.npz,SN Ia,SNI,core,24,13,11,True
ZTF22abytqji,events/ZTF22abytqji.npz,SN Ia,SNI,core,10,4,6,True
ZTF22abyttje,events/ZTF22abyttje.npz,SN II,SNII,core,17,0,17,False
ZTF22abytupz,events/ZTF22abytupz.npz,SN Ia,SNI,core,13,5,8,True
ZTF22abytwjj,events/ZTF22abytwjj.npz,SN Ib/c,SNI,core,27,10,17,True
ZTF22abyuoan,events/ZTF22abyuoan.npz,SN Ia,SNI,core,7,4,3,False
ZTF22abyuxeg,events/ZTF22abyuxeg.npz,SN Ia,SNI,core,7,3,4,False
ZTF22abyuxix,events/ZTF22abyuxix.npz,SN Ia,SNI,core,9,4,5,True
ZTF22abyuxlw,events/ZTF22abyuxlw.npz,SN Ia,SNI,core,27,14,13,True
ZTF22abyuzmp,events/ZTF22abyuzmp.npz,SN Ic,SNI,core,6,2,4,False
ZTF22abyvbfc,events/ZTF22abyvbfc.npz,SN Ia,SNI,core,10,0,10,False
ZTF22abywkap,events/ZTF22abywkap.npz,SN Ia,SNI,core,3,2,1,False
ZTF22abyyfmy,events/ZTF22abyyfmy.npz,SN Ia,SNI,core,7,3,4,False
ZTF22abyzmlx,events/ZTF22abyzmlx.npz,SN Ia,SNI,core,14,8,6,True
ZTF22abyzzfy,events/ZTF22abyzzfy.npz,SN Ia,SNI,core,9,4,5,True
ZTF22abzadkd,events/ZTF22abzadkd.npz,SN Ia,SNI,core,10,4,6,True
ZTF22abzaduz,events/ZTF22abzaduz.npz,SN Ia,SNI,core,7,4,3,False
ZTF22abzaijw,events/ZTF22abzaijw.npz,SN Ia,SNI,core,11,5,6,True
ZTF22abzaiuz,events/ZTF22abzaiuz.npz,SN Ia,SNI,core,7,4,3,False
ZTF22abzatea,events/ZTF22abzatea.npz,SN Ia,SNI,core,4,3,1,False
ZTF22abzbqxx,events/ZTF22abzbqxx.npz,SN Ia,SNI,core,21,8,13,True
ZTF22abzbyyw,events/ZTF22abzbyyw.npz,SN Ia,SNI,core,6,3,3,False
ZTF22abzdcar,events/ZTF22abzdcar.npz,SN Ia,SNI,core,15,7,8,True
ZTF22abzdeoq,events/ZTF22abzdeoq.npz,SN Ia,SNI,core,5,3,2,False
ZTF22abzdnij,events/ZTF22abzdnij.npz,SN Ic,SNI,core,7,4,3,False
ZTF22abzdzek,events/ZTF22abzdzek.npz,SN II,SNII,core,14,6,8,True
ZTF22abzejiv,events/ZTF22abzejiv.npz,SN Ic,SNI,core,6,1,5,False
ZTF22abzfotk,events/ZTF22abzfotk.npz,SN Ia,SNI,core,20,7,13,True
ZTF22abzgbtq,events/ZTF22abzgbtq.npz,SN IIn,SNII,core,23,8,15,True
ZTF22abzhahz,events/ZTF22abzhahz.npz,SN Ia,SNI,core,17,7,10,True
ZTF22abzkgja,events/ZTF22abzkgja.npz,SN Ia,SNI,core,19,8,11,True
ZTF22abzkion,events/ZTF22abzkion.npz,SN Ia,SNI,core,10,5,5,True
ZTF22abzkiql,events/ZTF22abzkiql.npz,SN Ia,SNI,core,7,4,3,False
ZTF22abzqwmp,events/ZTF22abzqwmp.npz,SN II,SNII,core,17,8,9,True
ZTF22abzrbju,events/ZTF22abzrbju.npz,SN Ia,SNI,core,7,4,3,False
ZTF22abzrrpn,events/ZTF22abzrrpn.npz,SN Ia,SNI,core,16,5,11,True
ZTF22abzskmw,events/ZTF22abzskmw.npz,SN Ia,SNI,core,7,3,4,False
ZTF22abzskpp,events/ZTF22abzskpp.npz,SN Ia,SNI,core,4,2,2,False
ZTF22abzsylr,events/ZTF22abzsylr.npz,SN Ia,SNI,core,9,5,4,True
ZTF22abztcly,events/ZTF22abztcly.npz,SN Ic,SNI,core,39,19,20,True
ZTF22abzuyxy,events/ZTF22abzuyxy.npz,SN Ia,SNI,core,5,2,3,False
ZTF22abzvyku,events/ZTF22abzvyku.npz,SN Ia,SNI,core,15,5,10,True
ZTF22abzwebp,events/ZTF22abzwebp.npz,SN Ia,SNI,core,4,0,4,False
ZTF22abzzvln,events/ZTF22abzzvln.npz,SN Ib-pec,SNI,core,18,18,0,False
ZTF22abzzype,events/ZTF22abzzype.npz,SN Ia,SNI,core,5,2,3,False
ZTF22acablwr,events/ZTF22acablwr.npz,SN Ia,SNI,core,22,11,11,True
ZTF22acaczle,events/ZTF22acaczle.npz,SN Ia,SNI,core,11,4,7,True
ZTF22acadszu,events/ZTF22acadszu.npz,SN Ia,SNI,core,22,9,13,True
ZTF22acaeaok,events/ZTF22acaeaok.npz,SN Ia,SNI,core,9,3,6,True
ZTF22acaexru,events/ZTF22acaexru.npz,SN II,SNII,core,10,6,4,True
ZTF22acahury,events/ZTF22acahury.npz,SN II,SNII,core,21,11,10,True
ZTF22acaibqo,events/ZTF22acaibqo.npz,SN Ia,SNI,core,7,7,0,False
ZTF22acaipir,events/ZTF22acaipir.npz,SN II,SNII,core,13,0,13,False
ZTF22acaipkl,events/ZTF22acaipkl.npz,SN II,SNII,core,13,5,8,True
ZTF22acalffo,events/ZTF22acalffo.npz,SN Ia,SNI,core,6,1,5,False
ZTF22acaqxkr,events/ZTF22acaqxkr.npz,SN Ia,SNI,core,9,0,9,False
ZTF22acaucqb,events/ZTF22acaucqb.npz,SN Ia,SNI,core,18,8,10,True
ZTF22acaunur,events/ZTF22acaunur.npz,SN II,SNII,core,13,4,9,True
ZTF22acaxuzp,events/ZTF22acaxuzp.npz,SN Ia,SNI,core,21,10,11,True
ZTF22acbacvy,events/ZTF22acbacvy.npz,SN II,SNII,core,30,15,15,True
ZTF23aaaahhb,events/ZTF23aaaahhb.npz,SN II,SNII,core,17,7,10,True
ZTF23aaaahln,events/ZTF23aaaahln.npz,SN Ia,SNI,core,18,8,10,True
ZTF23aaaahuy,events/ZTF23aaaahuy.npz,SN Ia,SNI,core,11,4,7,True
ZTF23aaaaiuc,events/ZTF23aaaaiuc.npz,SN Ia,SNI,core,11,4,7,True
ZTF23aaaalsf,events/ZTF23aaaalsf.npz,SN Ia,SNI,core,18,10,8,True
ZTF23aaaasoh,events/ZTF23aaaasoh.npz,SN Ia,SNI,core,23,13,10,True
ZTF23aaaasrd,events/ZTF23aaaasrd.npz,SN Ia-91bg,SNI,core,10,8,2,True
ZTF23aaaatee,events/ZTF23aaaatee.npz,SN Ia,SNI,core,24,13,11,True
ZTF23aaaatjn,events/ZTF23aaaatjn.npz,SN II,SNII,core,47,23,24,True
ZTF23aaaaxuq,events/ZTF23aaaaxuq.npz,SN Ia,SNI,core,14,6,8,True
ZTF23aaabbwj,events/ZTF23aaabbwj.npz,SN Ia-91T,SNI,core,8,3,5,True
ZTF23aaabcgx,events/ZTF23aaabcgx.npz,SN Ia,SNI,core,13,5,8,True
ZTF23aaabctl,events/ZTF23aaabctl.npz,SN Ia,SNI,core,18,10,8,True
ZTF23aaabewy,events/ZTF23aaabewy.npz,SN Ia,SNI,core,9,5,4,True
ZTF23aaabeyy,events/ZTF23aaabeyy.npz,SN Ia,SNI,core,28,16,12,True
ZTF23aaabgzf,events/ZTF23aaabgzf.npz,SN Ia,SNI,core,3,2,1,False
ZTF23aaaboss,events/ZTF23aaaboss.npz,SN Ia,SNI,core,12,5,7,True
ZTF23aaabpao,events/ZTF23aaabpao.npz,SN II,SNII,core,17,8,9,True
ZTF23aaabvwv,events/ZTF23aaabvwv.npz,SN Ia,SNI,core,3,3,0,False
ZTF23aaabzea,events/ZTF23aaabzea.npz,SN IIn,SNII,core,21,11,10,True
ZTF23aaabztz,events/ZTF23aaabztz.npz,SN Ia,SNI,core,10,4,6,True
ZTF23aaaehem,events/ZTF23aaaehem.npz,SN Ia,SNI,core,24,10,14,True
ZTF23aaaepzi,events/ZTF23aaaepzi.npz,SN Ia,SNI,core,9,5,4,True
ZTF23aaafclb,events/ZTF23aaafclb.npz,SN Ia,SNI,core,13,7,6,True
ZTF23aaagncz,events/ZTF23aaagncz.npz,SN Ia,SNI,core,20,9,11,True
ZTF23aaahegu,events/ZTF23aaahegu.npz,SN Ia,SNI,core,10,4,6,True
ZTF23aaahial,events/ZTF23aaahial.npz,SN Ia,SNI,core,8,0,8,False
ZTF23aaahmyn,events/ZTF23aaahmyn.npz,SN Ia,SNI,core,14,7,7,True
ZTF23aaahtnj,events/ZTF23aaahtnj.npz,SN Ib,SNI,core,33,10,23,True
ZTF23aaahtsu,events/ZTF23aaahtsu.npz,SN Ia,SNI,core,5,3,2,False
ZTF23aaahusn,events/ZTF23aaahusn.npz,SN Ia,SNI,core,12,5,7,True
ZTF23aaahuzb,events/ZTF23aaahuzb.npz,SN Ia,SNI,core,15,8,7,True
ZTF23aaahuzc,events/ZTF23aaahuzc.npz,SN Ia,SNI,core,11,5,6,True
ZTF23aaahuzf,events/ZTF23aaahuzf.npz,SN Ia,SNI,core,13,7,6,True
ZTF23aaaifdk,events/ZTF23aaaifdk.npz,SN Ia,SNI,core,13,7,6,True
ZTF23aaaifls,events/ZTF23aaaifls.npz,SN II,SNII,core,20,9,11,True
ZTF23aaaigqy,events/ZTF23aaaigqy.npz,SN II,SNII,core,22,8,14,True
ZTF23aaaihae,events/ZTF23aaaihae.npz,SN Ia,SNI,core,21,8,13,True
ZTF23aaaizts,events/ZTF23aaaizts.npz,SN Ia,SNI,core,20,10,10,True
ZTF23aaajcbm,events/ZTF23aaajcbm.npz,SN Ia,SNI,core,16,9,7,True
ZTF23aaajcpt,events/ZTF23aaajcpt.npz,SN Ia-pec,SNI,core,4,0,4,False
ZTF23aaajtan,events/ZTF23aaajtan.npz,SN Ia,SNI,core,34,15,19,True
ZTF23aaajtqn,events/ZTF23aaajtqn.npz,SN Ia,SNI,core,14,5,9,True
ZTF23aaakcxv,events/ZTF23aaakcxv.npz,SN Ia,SNI,core,12,4,8,True
ZTF23aaakein,events/ZTF23aaakein.npz,SN IIn,SNII,core,7,3,4,False
ZTF23aaakftr,events/ZTF23aaakftr.npz,SN Ia,SNI,core,9,4,5,True
ZTF23aaaknoj,events/ZTF23aaaknoj.npz,SN Ia,SNI,core,16,8,8,True
ZTF23aaakoaa,events/ZTF23aaakoaa.npz,SN Ia,SNI,core,23,9,14,True
ZTF23aaakutq,events/ZTF23aaakutq.npz,SN Ia,SNI,core,16,7,9,True
ZTF23aaalcjc,events/ZTF23aaalcjc.npz,SN Ia,SNI,core,18,7,11,True
ZTF23aaalvut,events/ZTF23aaalvut.npz,SN Ia,SNI,core,8,5,3,True
ZTF23aaamjwv,events/ZTF23aaamjwv.npz,CV,CV,core,19,11,8,True
ZTF23aaanqbb,events/ZTF23aaanqbb.npz,SN Ia,SNI,core,5,1,4,False
ZTF23aaanxbm,events/ZTF23aaanxbm.npz,CV,CV,core,23,10,13,True
ZTF23aaanyts,events/ZTF23aaanyts.npz,SN Ia,SNI,core,9,6,3,True
ZTF23aaapgxe,events/ZTF23aaapgxe.npz,SN Ia,SNI,core,15,6,9,True
ZTF23aaaplam,events/ZTF23aaaplam.npz,SN Ib,SNI,core,4,1,3,False
ZTF23aaaplbq,events/ZTF23aaaplbq.npz,SN Ia,SNI,core,11,4,7,True
ZTF23aaapldg,events/ZTF23aaapldg.npz,SN Ia,SNI,core,11,5,6,True
ZTF23aaapokf,events/ZTF23aaapokf.npz,SN Ia,SNI,core,30,20,10,True
ZTF23aaapouh,events/ZTF23aaapouh.npz,SN Ia,SNI,core,10,6,4,True
ZTF23aaappsd,events/ZTF23aaappsd.npz,SN Ia,SNI,core,11,6,5,True
ZTF23aaaprhz,events/ZTF23aaaprhz.npz,SN IIb,SNII,core,19,7,12,True
ZTF23aaaprnb,events/ZTF23aaaprnb.npz,SN Ia,SNI,core,36,20,16,True
ZTF23aaaprxt,events/ZTF23aaaprxt.npz,SN Ia,SNI,core,9,5,4,True
ZTF23aaapsyj,events/ZTF23aaapsyj.npz,SN Ia,SNI,core,2,0,2,False
ZTF23aaapvqs,events/ZTF23aaapvqs.npz,SN Ia,SNI,core,2,0,2,False
ZTF23aaaqdcr,events/ZTF23aaaqdcr.npz,SN Ia,SNI,core,15,6,9,True
ZTF23aaarwbd,events/ZTF23aaarwbd.npz,SN IIn,SNII,core,17,8,9,True
ZTF23aaarwea,events/ZTF23aaarwea.npz,SN Ia,SNI,core,21,9,12,True
ZTF23aaasblk,events/ZTF23aaasblk.npz,SN II,SNII,core,8,5,3,True
ZTF23aaasden,events/ZTF23aaasden.npz,SN Ia,SNI,core,17,6,11,True
ZTF23aaashjq,events/ZTF23aaashjq.npz,SN Ia,SNI,core,14,6,8,True
ZTF23aaatixf,events/ZTF23aaatixf.npz,SN Ia,SNI,core,17,8,9,True
ZTF23aaatrek,events/ZTF23aaatrek.npz,SN Ia,SNI,core,15,5,10,True
ZTF23aaavsyk,events/ZTF23aaavsyk.npz,SN Ia,SNI,core,23,11,12,True
ZTF23aaavxye,events/ZTF23aaavxye.npz,SN IIP,SNII,core,30,12,18,True
ZTF23aaavxzf,events/ZTF23aaavxzf.npz,SN Ia,SNI,core,10,5,5,True
ZTF23aaavyag,events/ZTF23aaavyag.npz,SN IIn,SNII,core,28,15,13,True
ZTF23aaavzeq,events/ZTF23aaavzeq.npz,SN Ia,SNI,core,20,7,13,True
ZTF23aaawatw,events/ZTF23aaawatw.npz,SN II,SNII,core,29,14,15,True
ZTF23aaawbhh,events/ZTF23aaawbhh.npz,SN Ia,SNI,core,10,3,7,True
ZTF23aaawbmw,events/ZTF23aaawbmw.npz,SN Ia,SNI,core,5,2,3,False
ZTF23aaawbmy,events/ZTF23aaawbmy.npz,SN Ia,SNI,core,17,6,11,True
ZTF23aaawbre,events/ZTF23aaawbre.npz,SN Ic,SNI,core,33,16,17,True
ZTF23aaawbsc,events/ZTF23aaawbsc.npz,SN IIb,SNII,core,34,13,21,True
ZTF23aaawbsy,events/ZTF23aaawbsy.npz,SN Ia,SNI,core,11,4,7,True
ZTF23aaawcpz,events/ZTF23aaawcpz.npz,SN Ia,SNI,core,15,3,12,True
ZTF23aaawcvx,events/ZTF23aaawcvx.npz,SN Ia,SNI,core,32,17,15,True
ZTF23aaawcwq,events/ZTF23aaawcwq.npz,SN IIP,SNII,core,9,3,6,True
ZTF23aaawcyt,events/ZTF23aaawcyt.npz,SN Ia,SNI,core,10,3,7,True
ZTF23aaaweph,events/ZTF23aaaweph.npz,SN II,SNII,core,9,1,8,False
ZTF23aaawixk,events/ZTF23aaawixk.npz,SN Ia,SNI,core,14,7,7,True
ZTF23aaaymmz,events/ZTF23aaaymmz.npz,SN Ia,SNI,core,6,3,3,False
ZTF23aaaymxr,events/ZTF23aaaymxr.npz,SN Ia,SNI,core,12,4,8,True
ZTF23aaaypgq,events/ZTF23aaaypgq.npz,SN Ia,SNI,core,9,4,5,True
ZTF23aaaypty,events/ZTF23aaaypty.npz,SN Ia,SNI,core,6,6,0,False
ZTF23aaaytvp,events/ZTF23aaaytvp.npz,SN II,SNII,core,20,4,16,True
ZTF23aaayzbm,events/ZTF23aaayzbm.npz,SN Ia,SNI,core,8,3,5,True
ZTF23aaazbsu,events/ZTF23aaazbsu.npz,SN Ia,SNI,core,10,4,6,True
ZTF23aaazdla,events/ZTF23aaazdla.npz,SN II,SNII,core,27,9,18,True
ZTF23aaazett,events/ZTF23aaazett.npz,SN Ia,SNI,core,8,2,6,True
ZTF23aaazffe,events/ZTF23aaazffe.npz,SN Ic,SNI,core,30,15,15,True
ZTF23aaazgtw,events/ZTF23aaazgtw.npz,SN IIP,SNII,core,41,9,32,True
ZTF23aaaziou,events/ZTF23aaaziou.npz,SN II,SNII,core,30,3,27,True
ZTF23aaaznjk,events/ZTF23aaaznjk.npz,SN Ic,SNI,core,10,5,5,True
ZTF23aaazssj,events/ZTF23aaazssj.npz,SN Ia,SNI,core,11,7,4,True
ZTF23aabasoe,events/ZTF23aabasoe.npz,SN Ia,SNI,core,14,7,7,True
ZTF23aabbrdb,events/ZTF23aabbrdb.npz,SN II,SNII,core,22,11,11,True
ZTF23aabbsdi,events/ZTF23aabbsdi.npz,SN Ia,SNI,core,12,6,6,True
ZTF23aabctje,events/ZTF23aabctje.npz,SN IIP,SNII,core,20,7,13,True
ZTF23aabffbw,events/ZTF23aabffbw.npz,SN Ib,SNI,core,10,1,9,False
ZTF23aabfwzg,events/ZTF23aabfwzg.npz,SN Ia,SNI,core,2,1,1,False
ZTF23aabfyfn,events/ZTF23aabfyfn.npz,SN Ia,SNI,core,14,10,4,True
ZTF23aabksje,events/ZTF23aabksje.npz,SN II,SNII,core,36,17,19,True
ZTF23aabkubg,events/ZTF23aabkubg.npz,SN Ia,SNI,core,8,4,4,True
ZTF23aabkxss,events/ZTF23aabkxss.npz,AGN,AGN,core,35,17,18,True
ZTF23aablgzj,events/ZTF23aablgzj.npz,SN IIn,SNII,core,24,3,21,True
ZTF23aabmbdj,events/ZTF23aabmbdj.npz,SN Ia,SNI,core,11,5,6,True
ZTF23aabmevr,events/ZTF23aabmevr.npz,SN Ia,SNI,core,13,7,6,True
ZTF23aabngtm,events/ZTF23aabngtm.npz,SN II,SNII,core,13,5,8,True
ZTF23aabntjw,events/ZTF23aabntjw.npz,SN Ia,SNI,core,15,12,3,True
ZTF23aabnyfa,events/ZTF23aabnyfa.npz,SN II,SNII,core,31,10,21,True
ZTF23aaboynz,events/ZTF23aaboynz.npz,SN II,SNII,core,9,2,7,True
ZTF23aabplmy,events/ZTF23aabplmy.npz,SN II,SNII,core,13,13,0,False
ZTF23aabqqsl,events/ZTF23aabqqsl.npz,SN Ia,SNI,core,16,6,10,True
ZTF23aabqrda,events/ZTF23aabqrda.npz,SN Ia,SNI,core,6,3,3,False
ZTF23aabrftw,events/ZTF23aabrftw.npz,SN Ia,SNI,core,27,7,20,True
ZTF23aabrgtk,events/ZTF23aabrgtk.npz,CV,CV,core,4,1,3,False
ZTF23aabrsdd,events/ZTF23aabrsdd.npz,SN Ia,SNI,core,15,7,8,True
ZTF23aabrsiv,events/ZTF23aabrsiv.npz,SN Ia,SNI,core,11,3,8,True
ZTF23aabrson,events/ZTF23aabrson.npz,SN II,SNII,core,8,5,3,True
ZTF23aabrtmn,events/ZTF23aabrtmn.npz,SN Ia,SNI,core,5,5,0,False
ZTF23aabsice,events/ZTF23aabsice.npz,SN Ia,SNI,core,15,7,8,True
ZTF23aabsicf,events/ZTF23aabsicf.npz,SN Ia,SNI,core,14,7,7,True
ZTF23aabtarg,events/ZTF23aabtarg.npz,SN Ia,SNI,core,9,5,4,True
ZTF23aabtfho,events/ZTF23aabtfho.npz,SN Ia,SNI,core,46,33,13,True
ZTF23aabtflc,events/ZTF23aabtflc.npz,SN Ia,SNI,core,5,1,4,False
ZTF23aabtgej,events/ZTF23aabtgej.npz,SN Ia,SNI,core,37,18,19,True
ZTF23aabtjdm,events/ZTF23aabtjdm.npz,SN Ia,SNI,core,6,2,4,False
ZTF23aabtjoj,events/ZTF23aabtjoj.npz,SN Ia,SNI,core,6,3,3,False
ZTF23aabtrno,events/ZTF23aabtrno.npz,SN Ia,SNI,core,9,4,5,True
ZTF23aabutcv,events/ZTF23aabutcv.npz,SN II,SNII,core,29,13,16,True
ZTF23aabutwh,events/ZTF23aabutwh.npz,SN Ia,SNI,core,31,12,19,True
ZTF23aabutzu,events/ZTF23aabutzu.npz,SN II,SNII,core,37,19,18,True
ZTF23aabvcmb,events/ZTF23aabvcmb.npz,SN IIn,SNII,core,9,5,4,True
ZTF23aabwfkc,events/ZTF23aabwfkc.npz,SN Ia,SNI,core,33,12,21,True
ZTF23aabxqtq,events/ZTF23aabxqtq.npz,SN Ia,SNI,core,12,5,7,True
ZTF23aabyhrz,events/ZTF23aabyhrz.npz,SN Ia,SNI,core,28,13,15,True
ZTF23aabyiby,events/ZTF23aabyiby.npz,SN Ia,SNI,core,9,6,3,True
ZTF23aabzrgo,events/ZTF23aabzrgo.npz,SN Ia,SNI,core,13,5,8,True
ZTF23aacafoi,events/ZTF23aacafoi.npz,SN Ia,SNI,core,2,0,2,False
ZTF23aacafsp,events/ZTF23aacafsp.npz,SN Ia,SNI,core,7,3,4,False
ZTF23aacaftn,events/ZTF23aacaftn.npz,SN Ia,SNI,core,8,3,5,True
ZTF23aacbziz,events/ZTF23aacbziz.npz,SN Ia,SNI,core,19,10,9,True
ZTF23aacceix,events/ZTF23aacceix.npz,SN Ia,SNI,core,10,3,7,True
ZTF23aacdggx,events/ZTF23aacdggx.npz,SN Ia,SNI,core,15,5,10,True
ZTF23aacdiao,events/ZTF23aacdiao.npz,SN Ia,SNI,core,6,6,0,False
ZTF23aacdkme,events/ZTF23aacdkme.npz,SN Ia,SNI,core,16,10,6,True
ZTF23aacdlsh,events/ZTF23aacdlsh.npz,SN II,SNII,core,41,22,19,True
ZTF23aacdlst,events/ZTF23aacdlst.npz,SN II,SNII,core,10,3,7,True
ZTF23aacdlvr,events/ZTF23aacdlvr.npz,SN Ia,SNI,core,12,5,7,True
ZTF23aacdmqq,events/ZTF23aacdmqq.npz,SN Ia,SNI,core,5,3,2,False
ZTF23aaceghq,events/ZTF23aaceghq.npz,SN Ia,SNI,core,7,3,4,False
ZTF23aacfiuv,events/ZTF23aacfiuv.npz,SN Ia,SNI,core,22,12,10,True
ZTF23aacfkak,events/ZTF23aacfkak.npz,SN II,SNII,core,27,11,16,True
ZTF23aacggqz,events/ZTF23aacggqz.npz,SN Ia,SNI,core,10,6,4,True
ZTF23aacggrh,events/ZTF23aacggrh.npz,SN Ia,SNI,core,6,3,3,False
ZTF23aacgjgl,events/ZTF23aacgjgl.npz,SN II,SNII,core,10,6,4,True
ZTF23aachsdv,events/ZTF23aachsdv.npz,SN Ic,SNI,core,19,5,14,True
ZTF23aacilmp,events/ZTF23aacilmp.npz,SN Ia-pec,SNI,core,5,1,4,False
ZTF23aaciosd,events/ZTF23aaciosd.npz,SN Ia,SNI,core,19,9,10,True
ZTF23aacixpo,events/ZTF23aacixpo.npz,SN Ia,SNI,core,3,1,2,False
ZTF23aacjeou,events/ZTF23aacjeou.npz,SN Ia,SNI,core,12,5,7,True
ZTF23aacjetk,events/ZTF23aacjetk.npz,SN II,SNII,core,22,10,12,True
ZTF23aacjjdz,events/ZTF23aacjjdz.npz,SN Ia,SNI,core,4,2,2,False
ZTF23aackdba,events/ZTF23aackdba.npz,SN II,SNII,core,26,11,15,True
ZTF23aackdlm,events/ZTF23aackdlm.npz,SN Ia,SNI,core,11,6,5,True
ZTF23aaclqtq,events/ZTF23aaclqtq.npz,SN II,SNII,core,26,12,14,True
ZTF23aaclyrt,events/ZTF23aaclyrt.npz,SN Ia,SNI,core,20,7,13,True
ZTF23aacmdcv,events/ZTF23aacmdcv.npz,SN Ia,SNI,core,3,2,1,False
ZTF23aacnkyh,events/ZTF23aacnkyh.npz,SN Ia,SNI,core,29,12,17,True
ZTF23aacopzi,events/ZTF23aacopzi.npz,SN Ia,SNI,core,15,4,11,True
ZTF23aacosic,events/ZTF23aacosic.npz,SN Ia,SNI,core,12,5,7,True
ZTF23aacozdn,events/ZTF23aacozdn.npz,SN Ia,SNI,core,2,1,1,False
ZTF23aacqunt,events/ZTF23aacqunt.npz,SN II,SNII,core,3,0,3,False
ZTF23aacrmex,events/ZTF23aacrmex.npz,SN Ia,SNI,core,5,1,4,False
ZTF23aacrvqj,events/ZTF23aacrvqj.npz,SN II,SNII,core,41,20,21,True
ZTF23aacunui,events/ZTF23aacunui.npz,SN Ia,SNI,core,14,4,10,True
ZTF23aacvise,events/ZTF23aacvise.npz,SN Ia,SNI,core,18,7,11,True
ZTF23aacxofz,events/ZTF23aacxofz.npz,SN Ia,SNI,core,12,5,7,True
ZTF23aacxtsd,events/ZTF23aacxtsd.npz,SN Ib,SNI,core,2,1,1,False
ZTF23aacxwpc,events/ZTF23aacxwpc.npz,SN Ia,SNI,core,7,2,5,False
ZTF23aacxzyy,events/ZTF23aacxzyy.npz,SN Ia,SNI,core,10,10,0,False
ZTF23aacydim,events/ZTF23aacydim.npz,SN Ia-91bg,SNI,core,4,1,3,False
ZTF23aacydwa,events/ZTF23aacydwa.npz,SN II,SNII,core,18,9,9,True
ZTF23aacyeaq,events/ZTF23aacyeaq.npz,SN Ia,SNI,core,10,5,5,True
ZTF23aacyfpi,events/ZTF23aacyfpi.npz,SN Ia,SNI,core,21,10,11,True
ZTF23aacyjti,events/ZTF23aacyjti.npz,SN Ia,SNI,core,2,0,2,False
ZTF23aacyxot,events/ZTF23aacyxot.npz,SN Ia,SNI,core,9,9,0,False
ZTF23aacyylg,events/ZTF23aacyylg.npz,SN Ia,SNI,core,11,4,7,True
ZTF23aaczaua,events/ZTF23aaczaua.npz,SN Ia,SNI,core,19,8,11,True
ZTF23aaczpey,events/ZTF23aaczpey.npz,SN Ia,SNI,core,13,6,7,True
ZTF23aaczpkm,events/ZTF23aaczpkm.npz,SN IIn,SNII,core,29,13,16,True
ZTF23aaczpmh,events/ZTF23aaczpmh.npz,SN Ia,SNI,core,18,5,13,True
ZTF23aaczrwr,events/ZTF23aaczrwr.npz,SN II,SNII,core,23,12,11,True
ZTF23aaczrxe,events/ZTF23aaczrxe.npz,SN Ia,SNI,core,4,2,2,False
ZTF23aacztqb,events/ZTF23aacztqb.npz,SN Ia,SNI,core,8,3,5,True
ZTF23aaczunw,events/ZTF23aaczunw.npz,SN IIn,SNII,core,46,26,20,True
ZTF23aadakub,events/ZTF23aadakub.npz,SN Ia,SNI,core,14,5,9,True
ZTF23aadaxfn,events/ZTF23aadaxfn.npz,SN Ic,SNI,core,22,3,19,True
ZTF23aadaypx,events/ZTF23aadaypx.npz,SN II,SNII,core,25,11,14,True
ZTF23aadayxh,events/ZTF23aadayxh.npz,SN Ia,SNI,core,16,7,9,True
ZTF23aadbait,events/ZTF23aadbait.npz,SN Ia,SNI,core,43,20,23,True
ZTF23aadbbxv,events/ZTF23aadbbxv.npz,SN II,SNII,core,31,13,18,True
ZTF23aadbrci,events/ZTF23aadbrci.npz,SN Ia,SNI,core,6,3,3,False
ZTF23aadbrdk,events/ZTF23aadbrdk.npz,SN Ia,SNI,core,23,11,12,True
ZTF23aadbswn,events/ZTF23aadbswn.npz,SN Ia,SNI,core,26,12,14,True
ZTF23aadbtou,events/ZTF23aadbtou.npz,SN Ia,SNI,core,44,21,23,True
ZTF23aadbwtw,events/ZTF23aadbwtw.npz,SN II,SNII,core,42,17,25,True
ZTF23aadbxsz,events/ZTF23aadbxsz.npz,SN Ia-91T,SNI,core,35,13,22,True
ZTF23aadbzfq,events/ZTF23aadbzfq.npz,SN II,SNII,core,39,20,19,True
ZTF23aadbzqx,events/ZTF23aadbzqx.npz,SN Ia,SNI,core,29,14,15,True
ZTF23aadcalf,events/ZTF23aadcalf.npz,SN Ia,SNI,core,5,1,4,False
ZTF23aadcaqo,events/ZTF23aadcaqo.npz,SN Ia,SNI,core,13,7,6,True
ZTF23aadcavq,events/ZTF23aadcavq.npz,SN Ia,SNI,core,38,18,20,True
ZTF23aadcbay,events/ZTF23aadcbay.npz,TDE,TDE,core,54,27,27,True
ZTF23aadcben,events/ZTF23aadcben.npz,SN Ia,SNI,core,60,30,30,True
ZTF23aadcbfw,events/ZTF23aadcbfw.npz,SN Ia,SNI,core,23,8,15,True
ZTF23aadcgak,events/ZTF23aadcgak.npz,SN II,SNII,core,32,18,14,True
ZTF23aadchqd,events/ZTF23aadchqd.npz,SN IIn,SNII,core,47,21,26,True
ZTF23aadcltm,events/ZTF23aadcltm.npz,SN II,SNII,core,29,10,19,True
ZTF23aadgdnv,events/ZTF23aadgdnv.npz,SN II,SNII,core,34,18,16,True
ZTF23aadgjcc,events/ZTF23aadgjcc.npz,SN Ia,SNI,core,4,2,2,False
ZTF23aadjhwn,events/ZTF23aadjhwn.npz,SN Ia,SNI,core,6,4,2,False
ZTF23aadjhyj,events/ZTF23aadjhyj.npz,SN II,SNII,core,41,15,26,True
ZTF23aadjoew,events/ZTF23aadjoew.npz,SN Ic,SNI,core,53,24,29,True
ZTF23aadjoiv,events/ZTF23aadjoiv.npz,SN Ia,SNI,core,10,3,7,True
ZTF23aadjpsn,events/ZTF23aadjpsn.npz,SN Ia-91T,SNI,core,23,11,12,True
ZTF23aadjqvm,events/ZTF23aadjqvm.npz,SN Ia,SNI,core,41,19,22,True
ZTF23aadjssg,events/ZTF23aadjssg.npz,SN Ia-91T,SNI,core,52,25,27,True
ZTF23aadjsyj,events/ZTF23aadjsyj.npz,SN Ia,SNI,core,31,13,18,True
ZTF23aadjwkw,events/ZTF23aadjwkw.npz,SN Ia,SNI,core,17,8,9,True
ZTF23aadmwpn,events/ZTF23aadmwpn.npz,SN Ia,SNI,core,14,8,6,True
ZTF23aadndfn,events/ZTF23aadndfn.npz,SN II,SNII,core,12,4,8,True
ZTF23aadnpbq,events/ZTF23aadnpbq.npz,SN Ia,SNI,core,23,7,16,True
ZTF23aadozop,events/ZTF23aadozop.npz,SN Ia-91T,SNI,core,27,12,15,True
ZTF23aadpbvm,events/ZTF23aadpbvm.npz,SN Ia,SNI,core,15,5,10,True
ZTF23aadqalu,events/ZTF23aadqalu.npz,SN Ia,SNI,core,32,12,20,True
ZTF23aadqctr,events/ZTF23aadqctr.npz,SN Ia,SNI,core,17,9,8,True
ZTF23aadqhae,events/ZTF23aadqhae.npz,SN Ia,SNI,core,30,11,19,True
ZTF23aadrtlp,events/ZTF23aadrtlp.npz,SN Ia,SNI,core,7,6,1,False
ZTF23aadrttb,events/ZTF23aadrttb.npz,SN Ia,SNI,core,14,12,2,True
ZTF23aadrudf,events/ZTF23aadrudf.npz,SN Ia,SNI,core,26,25,1,False
ZTF23aadruma,events/ZTF23aadruma.npz,SN II,SNII,core,43,38,5,True
ZTF23aadrume,events/ZTF23aadrume.npz,SN Ia-91T,SNI,core,31,17,14,True
ZTF23aadszza,events/ZTF23aadszza.npz,SN Ia,SNI,core,10,5,5,True
ZTF23aadtfgp,events/ZTF23aadtfgp.npz,SN Ia,SNI,core,14,6,8,True
ZTF23aadtqlt,events/ZTF23aadtqlt.npz,SN Ia,SNI,core,37,24,13,True
ZTF23aadtrws,events/ZTF23aadtrws.npz,SN IIb,SNII,core,6,0,6,False
ZTF23aadtrzd,events/ZTF23aadtrzd.npz,SN Ib,SNI,core,35,15,20,True
ZTF23aadtvmb,events/ZTF23aadtvmb.npz,SN IIn,SNII,core,28,14,14,True
ZTF23aadtwfs,events/ZTF23aadtwfs.npz,SN Ia,SNI,core,20,10,10,True
ZTF23aadtzse,events/ZTF23aadtzse.npz,SN II,SNII,core,41,14,27,True
ZTF23aadudtr,events/ZTF23aadudtr.npz,SN Ic,SNI,core,15,4,11,True
ZTF23aaduhkq,events/ZTF23aaduhkq.npz,SN Ia,SNI,core,18,9,9,True
ZTF23aadvjqb,events/ZTF23aadvjqb.npz,SN Ib,SNI,core,11,5,6,True
ZTF23aadvpwt,events/ZTF23aadvpwt.npz,SN Ia-91T,SNI,core,21,9,12,True
ZTF23aadvtxf,events/ZTF23aadvtxf.npz,SN Ia,SNI,core,21,10,11,True
ZTF23aadvulr,events/ZTF23aadvulr.npz,SN Ia,SNI,core,19,0,19,False
ZTF23aadvxih,events/ZTF23aadvxih.npz,SN Ia,SNI,core,10,5,5,True
ZTF23aadwaiz,events/ZTF23aadwaiz.npz,SN II,SNII,core,20,9,11,True
ZTF23aadwfed,events/ZTF23aadwfed.npz,SN Ia,SNI,core,46,19,27,True
ZTF23aadwhmn,events/ZTF23aadwhmn.npz,SN Ia,SNI,core,15,9,6,True
ZTF23aadwigb,events/ZTF23aadwigb.npz,SN Ia,SNI,core,30,14,16,True
ZTF23aadwitm,events/ZTF23aadwitm.npz,SN Ia,SNI,core,28,12,16,True
ZTF23aadwiyy,events/ZTF23aadwiyy.npz,SN Ia,SNI,core,20,8,12,True
ZTF23aadwjtg,events/ZTF23aadwjtg.npz,SN Ia,SNI,core,22,9,13,True
ZTF23aadwlhl,events/ZTF23aadwlhl.npz,SN Ia,SNI,core,25,10,15,True
ZTF23aadxrid,events/ZTF23aadxrid.npz,SN Ia,SNI,core,12,8,4,True
ZTF23aadxxrd,events/ZTF23aadxxrd.npz,SN Ia,SNI,core,13,5,8,True
ZTF23aaeaptm,events/ZTF23aaeaptm.npz,SN Ia,SNI,core,13,11,2,True
ZTF23aaeardk,events/ZTF23aaeardk.npz,SN Ia,SNI,core,25,12,13,True
ZTF23aaeauii,events/ZTF23aaeauii.npz,SN Ia,SNI,core,18,12,6,True
ZTF23aaeavsh,events/ZTF23aaeavsh.npz,SN Ia,SNI,core,26,10,16,True
ZTF23aaeaxgr,events/ZTF23aaeaxgr.npz,SN Ia,SNI,core,19,7,12,True
ZTF23aaeayer,events/ZTF23aaeayer.npz,SN II,SNII,core,38,14,24,True
ZTF23aaebopi,events/ZTF23aaebopi.npz,SN Ia,SNI,core,12,3,9,True
ZTF23aaecexq,events/ZTF23aaecexq.npz,SN IIn,SNII,core,62,32,30,True
ZTF23aaecgwh,events/ZTF23aaecgwh.npz,SN Ic,SNI,core,24,9,15,True
ZTF23aaedrcn,events/ZTF23aaedrcn.npz,SN Ia,SNI,core,28,16,12,True
ZTF23aaedrzc,events/ZTF23aaedrzc.npz,SN Ia,SNI,core,16,8,8,True
ZTF23aaedsfn,events/ZTF23aaedsfn.npz,SN Ia,SNI,core,20,10,10,True
ZTF23aaedvtn,events/ZTF23aaedvtn.npz,SN II,SNII,core,53,26,27,True
ZTF23aaeeawl,events/ZTF23aaeeawl.npz,SN Ia,SNI,core,39,16,23,True
ZTF23aaeebxm,events/ZTF23aaeebxm.npz,SN Ib,SNI,core,22,9,13,True
ZTF23aaeedip,events/ZTF23aaeedip.npz,SN II,SNII,core,14,14,0,False
ZTF23aaeeugd,events/ZTF23aaeeugd.npz,SN II,SNII,core,37,17,20,True
ZTF23aaefqrs,events/ZTF23aaefqrs.npz,SN Ib/c,SNI,core,22,8,14,True
ZTF23aaefrgo,events/ZTF23aaefrgo.npz,SN II,SNII,core,48,0,48,False
ZTF23aaehsgs,events/ZTF23aaehsgs.npz,SN Ia,SNI,core,35,17,18,True
ZTF23aaeieqk,events/ZTF23aaeieqk.npz,SN Ia-91T,SNI,core,23,13,10,True
ZTF23aaeinqq,events/ZTF23aaeinqq.npz,SN Ia,SNI,core,18,8,10,True
ZTF23aaejumk,events/ZTF23aaejumk.npz,SN II,SNII,core,45,18,27,True
ZTF23aaejvro,events/ZTF23aaejvro.npz,SN Ia,SNI,core,42,17,25,True
ZTF23aaejvsg,events/ZTF23aaejvsg.npz,SN Ia,SNI,core,25,9,16,True
ZTF23aaejvzv,events/ZTF23aaejvzv.npz,SN Ia,SNI,core,14,9,5,True
ZTF23aaejwfe,events/ZTF23aaejwfe.npz,SN Ia,SNI,core,69,34,35,True
ZTF23aaejwkh,events/ZTF23aaejwkh.npz,SN Ia,SNI,core,20,9,11,True
ZTF23aaekebt,events/ZTF23aaekebt.npz,SN II,SNII,core,123,58,65,True
ZTF23aaekejj,events/ZTF23aaekejj.npz,SN Ia,SNI,core,25,10,15,True
ZTF23aaekiqe,events/ZTF23aaekiqe.npz,SN Ia,SNI,core,50,25,25,True
ZTF23aaekkai,events/ZTF23aaekkai.npz,SN Ia,SNI,core,8,4,4,True
ZTF23aaeklqg,events/ZTF23aaeklqg.npz,SN II,SNII,core,48,10,38,True
ZTF23aaekwbn,events/ZTF23aaekwbn.npz,SN II,SNII,core,7,3,4,False
ZTF23aaelbbq,events/ZTF23aaelbbq.npz,SN Ia,SNI,core,30,13,17,True
ZTF23aaelbgl,events/ZTF23aaelbgl.npz,SN Ia,SNI,core,16,7,9,True
ZTF23aaelgnd,events/ZTF23aaelgnd.npz,SN Ia-91T,SNI,core,20,8,12,True
ZTF23aaelkos,events/ZTF23aaelkos.npz,SN Ia,SNI,core,30,15,15,True
ZTF23aaelqpq,events/ZTF23aaelqpq.npz,SN IIP,SNII,core,25,11,14,True
ZTF23aaelwoi,events/ZTF23aaelwoi.npz,SN Ia,SNI,core,19,9,10,True
ZTF23aaelxbd,events/ZTF23aaelxbd.npz,SN Ia,SNI,core,24,10,14,True
ZTF23aaelzdb,events/ZTF23aaelzdb.npz,SN Ia,SNI,core,14,7,7,True
ZTF23aaemepn,events/ZTF23aaemepn.npz,SN Ia,SNI,core,25,15,10,True
ZTF23aaemgsd,events/ZTF23aaemgsd.npz,SN Ia,SNI,core,21,11,10,True
ZTF23aaemgto,events/ZTF23aaemgto.npz,SN Ia,SNI,core,48,18,30,True
ZTF23aaemnzd,events/ZTF23aaemnzd.npz,SN Ic,SNI,core,21,7,14,True
ZTF23aaencty,events/ZTF23aaencty.npz,SN Ia,SNI,core,36,13,23,True
ZTF23aaenctz,events/ZTF23aaenctz.npz,SN Ia,SNI,core,25,12,13,True
ZTF23aaenexu,events/ZTF23aaenexu.npz,SN Ia,SNI,core,18,9,9,True
ZTF23aaenlby,events/ZTF23aaenlby.npz,SN Ia,SNI,core,5,5,0,False
ZTF23aaenlmq,events/ZTF23aaenlmq.npz,SN II,SNII,core,62,32,30,True
ZTF23aaenpcd,events/ZTF23aaenpcd.npz,SN Ia,SNI,core,24,11,13,True
ZTF23aaeogik,events/ZTF23aaeogik.npz,SN Ia,SNI,core,28,10,18,True
ZTF23aaeozef,events/ZTF23aaeozef.npz,SN Ia,SNI,core,24,11,13,True
ZTF23aaepuao,events/ZTF23aaepuao.npz,SN Ia,SNI,core,21,9,12,True
ZTF23aaeqhkx,events/ZTF23aaeqhkx.npz,SN Ia,SNI,core,40,18,22,True
ZTF23aaeqhrg,events/ZTF23aaeqhrg.npz,SN Ia,SNI,core,59,31,28,True
ZTF23aaeqonb,events/ZTF23aaeqonb.npz,SN II,SNII,core,32,18,14,True
ZTF23aaeqsvb,events/ZTF23aaeqsvb.npz,SN Ia,SNI,core,24,10,14,True
ZTF23aaeskhd,events/ZTF23aaeskhd.npz,SN Ia,SNI,core,33,15,18,True
ZTF23aaesmsf,events/ZTF23aaesmsf.npz,SN IIb,SNII,core,46,27,19,True
ZTF23aaetmwj,events/ZTF23aaetmwj.npz,SN Ia,SNI,core,17,8,9,True
ZTF23aaetxdd,events/ZTF23aaetxdd.npz,SN Ia,SNI,core,13,6,7,True
ZTF23aaetxqb,events/ZTF23aaetxqb.npz,SN Ia,SNI,core,15,6,9,True
ZTF23aaeuaci,events/ZTF23aaeuaci.npz,SN Ia,SNI,core,12,6,6,True
ZTF23aaeufns,events/ZTF23aaeufns.npz,SN Ia,SNI,core,14,5,9,True
ZTF23aaewknt,events/ZTF23aaewknt.npz,SN Ic-BL,SNI,core,6,2,4,False
ZTF23aaexcmm,events/ZTF23aaexcmm.npz,SN Ia,SNI,core,24,13,11,True
ZTF23aaeygvh,events/ZTF23aaeygvh.npz,SN Ia,SNI,core,15,8,7,True
ZTF23aaeyncp,events/ZTF23aaeyncp.npz,SN Ia,SNI,core,13,13,0,False
ZTF23aaeyqoa,events/ZTF23aaeyqoa.npz,SN Ia,SNI,core,19,7,12,True
ZTF23aaeyugg,events/ZTF23aaeyugg.npz,SN Ia,SNI,core,61,29,32,True
ZTF23aafarif,events/ZTF23aafarif.npz,SN Ia,SNI,core,45,21,24,True
ZTF23aafarxf,events/ZTF23aafarxf.npz,SN II,SNII,core,53,25,28,True
ZTF23aaffhua,events/ZTF23aaffhua.npz,SN Ia,SNI,core,15,7,8,True
ZTF23aafgazi,events/ZTF23aafgazi.npz,SN Ia-91bg,SNI,core,13,9,4,True
ZTF23aafggjj,events/ZTF23aafggjj.npz,SN Ia,SNI,core,31,25,6,True
ZTF23aafhfwx,events/ZTF23aafhfwx.npz,SN Ia,SNI,core,22,10,12,True
ZTF23aaflnok,events/ZTF23aaflnok.npz,SN II,SNII,core,8,4,4,True
ZTF23aafqzkn,events/ZTF23aafqzkn.npz,SN Ia,SNI,core,68,28,40,True
ZTF23aafratn,events/ZTF23aafratn.npz,SN Ia,SNI,core,21,11,10,True
ZTF23aafrhew,events/ZTF23aafrhew.npz,SN Ia,SNI,core,64,27,37,True
ZTF23aafsglu,events/ZTF23aafsglu.npz,SN Ia,SNI,core,14,6,8,True
ZTF23aafsjor,events/ZTF23aafsjor.npz,SN Ia,SNI,core,48,37,11,True
ZTF23aaftebr,events/ZTF23aaftebr.npz,SN Ia,SNI,core,13,6,7,True
ZTF23aaftnvx,events/ZTF23aaftnvx.npz,SN Ia,SNI,core,22,8,14,True
ZTF23aaftouh,events/ZTF23aaftouh.npz,SN Ia,SNI,core,17,5,12,True
ZTF23aafuhtr,events/ZTF23aafuhtr.npz,SN Ia,SNI,core,13,11,2,True
ZTF23aafumlg,events/ZTF23aafumlg.npz,SN II,SNII,core,41,18,23,True
ZTF23aafvgyf,events/ZTF23aafvgyf.npz,SN Ia,SNI,core,28,13,15,True
ZTF23aafvqat,events/ZTF23aafvqat.npz,SN Ia,SNI,core,18,16,2,True
ZTF23aafvstn,events/ZTF23aafvstn.npz,SN Ia,SNI,core,22,14,8,True
ZTF23aafwsuu,events/ZTF23aafwsuu.npz,CV,CV,core,22,10,12,True
ZTF23aafwvek,events/ZTF23aafwvek.npz,SN Ia,SNI,core,34,13,21,True
ZTF23aafwykt,events/ZTF23aafwykt.npz,SN Ic,SNI,core,18,7,11,True
ZTF23aafxfeu,events/ZTF23aafxfeu.npz,SN Ia-91bg,SNI,core,15,5,10,True
ZTF23aagaiju,events/ZTF23aagaiju.npz,SN Ia,SNI,core,31,16,15,True
ZTF23aagaili,events/ZTF23aagaili.npz,SN Ia,SNI,core,11,10,1,False
ZTF23aagcicf,events/ZTF23aagcicf.npz,SN Ia,SNI,core,17,0,17,False
ZTF23aagdamr,events/ZTF23aagdamr.npz,SN Ia,SNI,core,68,36,32,True
ZTF23aagdebl,events/ZTF23aagdebl.npz,SN Ia,SNI,core,26,13,13,True
ZTF23aagfkgu,events/ZTF23aagfkgu.npz,SN Ia,SNI,core,5,3,2,False
ZTF23aagfpxq,events/ZTF23aagfpxq.npz,SN Ia,SNI,core,62,14,48,True
ZTF23aaggwfh,events/ZTF23aaggwfh.npz,SN II,SNII,core,20,9,11,True
ZTF23aaghvkj,events/ZTF23aaghvkj.npz,SN Ia,SNI,core,31,12,19,True
ZTF23aaghvsv,events/ZTF23aaghvsv.npz,SN Ia-91T,SNI,core,64,29,35,True
ZTF23aagjkww,events/ZTF23aagjkww.npz,SN Ia,SNI,core,17,8,9,True
ZTF23aagjylc,events/ZTF23aagjylc.npz,SN Ia,SNI,core,21,14,7,True
ZTF23aagkgnz,events/ZTF23aagkgnz.npz,SN Ia,SNI,core,46,28,18,True
ZTF23aagkutf,events/ZTF23aagkutf.npz,SN II,SNII,core,25,17,8,True
ZTF23aaglprc,events/ZTF23aaglprc.npz,SN Ia,SNI,core,29,14,15,True
ZTF23aagmbuf,events/ZTF23aagmbuf.npz,SN Ia,SNI,core,56,19,37,True
ZTF23aagnpbz,events/ZTF23aagnpbz.npz,SN Ia,SNI,core,9,4,5,True
ZTF23aagphxh,events/ZTF23aagphxh.npz,SN Ia,SNI,core,13,6,7,True
ZTF23aagqyym,events/ZTF23aagqyym.npz,SN II,SNII,core,18,7,11,True
ZTF23aagygjg,events/ZTF23aagygjg.npz,SN Ia,SNI,core,14,10,4,True
ZTF23aahfxpr,events/ZTF23aahfxpr.npz,SN Ia,SNI,core,71,37,34,True
ZTF23aahfzhm,events/ZTF23aahfzhm.npz,SN Ia,SNI,core,32,28,4,True
ZTF23aahkmbj,events/ZTF23aahkmbj.npz,SN Ia,SNI,core,16,6,10,True
ZTF23aahkrlw,events/ZTF23aahkrlw.npz,SN Ia,SNI,core,10,10,0,False
ZTF23aahnabd,events/ZTF23aahnabd.npz,SN Ia,SNI,core,16,14,2,True
ZTF23aahngej,events/ZTF23aahngej.npz,SN II,SNII,core,33,22,11,True
ZTF23aahnmag,events/ZTF23aahnmag.npz,SN Ic,SNI,core,54,23,31,True
ZTF23aahqvtz,events/ZTF23aahqvtz.npz,SN II,SNII,core,37,18,19,True
ZTF23aahvmpq,events/ZTF23aahvmpq.npz,SN Ia,SNI,core,40,19,21,True
ZTF23aahvnck,events/ZTF23aahvnck.npz,SN Ia,SNI,core,6,6,0,False
ZTF23aahxdhe,events/ZTF23aahxdhe.npz,SN Ia,SNI,core,26,12,14,True
ZTF23aahxdsi,events/ZTF23aahxdsi.npz,SN Ia,SNI,core,29,12,17,True
ZTF23aahxppo,events/ZTF23aahxppo.npz,SN Ia,SNI,core,14,7,7,True
ZTF23aahxsrk,events/ZTF23aahxsrk.npz,SN Ia,SNI,core,22,10,12,True
ZTF23aahyznf,events/ZTF23aahyznf.npz,SN Ia,SNI,core,42,20,22,True
ZTF23aahzyls,events/ZTF23aahzyls.npz,SN II,SNII,core,19,14,5,True
ZTF23aaialcw,events/ZTF23aaialcw.npz,SN IIb,SNII,core,22,13,9,True
ZTF23aaicagr,events/ZTF23aaicagr.npz,SN Ia,SNI,core,19,9,10,True
ZTF23aaiecnn,events/ZTF23aaiecnn.npz,SN II,SNII,core,16,6,10,True
ZTF23aaieqvr,events/ZTF23aaieqvr.npz,SN Ia,SNI,core,12,11,1,False
ZTF23aaihsvm,events/ZTF23aaihsvm.npz,SN II,SNII,core,33,1,32,False
ZTF23aaijdwl,events/ZTF23aaijdwl.npz,SN Ia,SNI,core,86,41,45,True
ZTF23aaijgnu,events/ZTF23aaijgnu.npz,SN Ia,SNI,core,30,12,18,True
ZTF23aaijkwo,events/ZTF23aaijkwo.npz,SN Ia,SNI,core,34,15,19,True
ZTF23aaikcdx,events/ZTF23aaikcdx.npz,SN Ia,SNI,core,33,16,17,True
ZTF23aailjjs,events/ZTF23aailjjs.npz,SN II,SNII,core,52,22,30,True
ZTF23aailodz,events/ZTF23aailodz.npz,SN Ia,SNI,core,12,8,4,True
ZTF23aainpnc,events/ZTF23aainpnc.npz,SN Ia,SNI,core,10,4,6,True
ZTF23aaintny,events/ZTF23aaintny.npz,SN Ia,SNI,core,21,14,7,True
ZTF23aaisxic,events/ZTF23aaisxic.npz,SN II,SNII,core,1,1,0,False
ZTF23aaitimz,events/ZTF23aaitimz.npz,SN Ia,SNI,core,27,14,13,True
ZTF23aaiuadl,events/ZTF23aaiuadl.npz,SN Ia,SNI,core,41,20,21,True
ZTF23aaiuzpc,events/ZTF23aaiuzpc.npz,SN Ia,SNI,core,36,18,18,True
ZTF23aaiwfuq,events/ZTF23aaiwfuq.npz,SN Ia,SNI,core,16,15,1,False
ZTF23aaiwlzm,events/ZTF23aaiwlzm.npz,SN Ia,SNI,core,28,13,15,True
ZTF23aaiwunc,events/ZTF23aaiwunc.npz,SN Ia,SNI,core,38,17,21,True
ZTF23aaiwvdh,events/ZTF23aaiwvdh.npz,SN Ia,SNI,core,135,65,70,True
ZTF23aaiwwgd,events/ZTF23aaiwwgd.npz,SN Ia,SNI,core,35,19,16,True
ZTF23aaiwxqy,events/ZTF23aaiwxqy.npz,SN Ia,SNI,core,33,18,15,True
ZTF23aaixaqp,events/ZTF23aaixaqp.npz,SN Ia,SNI,core,22,9,13,True
ZTF23aaixdcm,events/ZTF23aaixdcm.npz,SN II,SNII,core,53,24,29,True
ZTF23aaixqmc,events/ZTF23aaixqmc.npz,SN Ia,SNI,core,2,0,2,False
ZTF23aaixruf,events/ZTF23aaixruf.npz,SN II,SNII,core,2,0,2,False
ZTF23aaixylr,events/ZTF23aaixylr.npz,SN Ia,SNI,core,14,4,10,True
ZTF23aaiyamo,events/ZTF23aaiyamo.npz,SN Ia,SNI,core,4,0,4,False
ZTF23aaiyexs,events/ZTF23aaiyexs.npz,SN Ia,SNI,core,19,9,10,True
ZTF23aaiyjbk,events/ZTF23aaiyjbk.npz,SN Ia,SNI,core,25,13,12,True
ZTF23aaiypww,events/ZTF23aaiypww.npz,SN Ia,SNI,core,9,9,0,False
ZTF23aaiytpy,events/ZTF23aaiytpy.npz,SN Ia,SNI,core,41,29,12,True
ZTF23aaiyuae,events/ZTF23aaiyuae.npz,SN Ia,SNI,core,24,11,13,True
ZTF23aaizgvi,events/ZTF23aaizgvi.npz,SN Ia,SNI,core,32,15,17,True
ZTF23aaizjbj,events/ZTF23aaizjbj.npz,SN Ia,SNI,core,31,14,17,True
ZTF23aaizmza,events/ZTF23aaizmza.npz,SN Ia,SNI,core,22,9,13,True
ZTF23aaizygy,events/ZTF23aaizygy.npz,SN Ia-91T,SNI,core,70,33,37,True
ZTF23aajadng,events/ZTF23aajadng.npz,SN Ia,SNI,core,21,8,13,True
ZTF23aajahua,events/ZTF23aajahua.npz,SN Ia,SNI,core,22,15,7,True
ZTF23aajakys,events/ZTF23aajakys.npz,SN Ic,SNI,core,26,10,16,True
ZTF23aajaraz,events/ZTF23aajaraz.npz,SN Ia,SNI,core,22,10,12,True
ZTF23aajaygo,events/ZTF23aajaygo.npz,SN Ia,SNI,core,27,11,16,True
ZTF23aajbejz,events/ZTF23aajbejz.npz,SN Ia,SNI,core,26,13,13,True
ZTF23aajbkan,events/ZTF23aajbkan.npz,SN II,SNII,core,29,13,16,True
ZTF23aajdtbw,events/ZTF23aajdtbw.npz,SN Ia,SNI,core,22,20,2,True
ZTF23aajduvy,events/ZTF23aajduvy.npz,SN Ia,SNI,core,17,12,5,True
ZTF23aajenxf,events/ZTF23aajenxf.npz,SN Ia,SNI,core,31,14,17,True
ZTF23aajeunk,events/ZTF23aajeunk.npz,SN Ia,SNI,core,67,33,34,True
ZTF23aajfdxf,events/ZTF23aajfdxf.npz,SN Ib,SNI,core,21,11,10,True
ZTF23aajfere,events/ZTF23aajfere.npz,SN Ic,SNI,core,51,19,32,True
ZTF23aajfoed,events/ZTF23aajfoed.npz,SN Ia,SNI,core,25,10,15,True
ZTF23aajfqti,events/ZTF23aajfqti.npz,SN Ia,SNI,core,7,5,2,False
ZTF23aajgpos,events/ZTF23aajgpos.npz,SN Ia,SNI,core,9,5,4,True
ZTF23aajhmwm,events/ZTF23aajhmwm.npz,SN Ia,SNI,core,5,5,0,False
ZTF23aajhosl,events/ZTF23aajhosl.npz,SN II,SNII,core,20,11,9,True
ZTF23aajimhq,events/ZTF23aajimhq.npz,SN Ia,SNI,core,12,12,0,False
ZTF23aajiucf,events/ZTF23aajiucf.npz,SN Ia,SNI,core,28,12,16,True
ZTF23aajjddh,events/ZTF23aajjddh.npz,SN Ia,SNI,core,39,16,23,True
ZTF23aajjxso,events/ZTF23aajjxso.npz,SN Ia,SNI,core,49,26,23,True
ZTF23aajjzbm,events/ZTF23aajjzbm.npz,SN IIn,SNII,core,60,29,31,True
ZTF23aajjzml,events/ZTF23aajjzml.npz,SN II,SNII,core,25,7,18,True
ZTF23aajkaka,events/ZTF23aajkaka.npz,SN II,SNII,core,14,1,13,False
ZTF23aajkeia,events/ZTF23aajkeia.npz,SN Ia,SNI,core,32,15,17,True
ZTF23aajkejg,events/ZTF23aajkejg.npz,SN Ia-91T,SNI,core,15,8,7,True
ZTF23aajkfls,events/ZTF23aajkfls.npz,SN II,SNII,core,68,33,35,True
ZTF23aajkisd,events/ZTF23aajkisd.npz,SN IIn,SNII,core,48,27,21,True
ZTF23aajkjxm,events/ZTF23aajkjxm.npz,SN II,SNII,core,68,5,63,True
ZTF23aajmpsa,events/ZTF23aajmpsa.npz,SN Ia,SNI,core,44,21,23,True
ZTF23aajpuzw,events/ZTF23aajpuzw.npz,SN Ia,SNI,core,59,0,59,False
ZTF23aajpxbm,events/ZTF23aajpxbm.npz,SN Ic,SNI,core,63,10,53,True
ZTF23aajqewm,events/ZTF23aajqewm.npz,SN Ia,SNI,core,3,0,3,False
ZTF23aajrmfh,events/ZTF23aajrmfh.npz,SN II,SNII,core,23,14,9,True
ZTF23aajscgu,events/ZTF23aajscgu.npz,SN Ia,SNI,core,58,28,30,True
ZTF23aajsemu,events/ZTF23aajsemu.npz,SN Ia,SNI,core,40,19,21,True
ZTF23aajsjon,events/ZTF23aajsjon.npz,SN II,SNII,core,30,10,20,True
ZTF23aajucmw,events/ZTF23aajucmw.npz,SN II,SNII,core,52,15,37,True
ZTF23aakanao,events/ZTF23aakanao.npz,SN IIb,SNII,core,9,5,4,True
ZTF23aakaqht,events/ZTF23aakaqht.npz,SN Ia,SNI,core,28,16,12,True
ZTF23aakawpn,events/ZTF23aakawpn.npz,SN Ia,SNI,core,36,14,22,True
ZTF23aakbjqx,events/ZTF23aakbjqx.npz,SN Ia,SNI,core,22,9,13,True
ZTF23aakbqgc,events/ZTF23aakbqgc.npz,SN Ia,SNI,core,17,14,3,True
ZTF23aakcbfv,events/ZTF23aakcbfv.npz,SN II,SNII,core,51,33,18,True
ZTF23aakidwn,events/ZTF23aakidwn.npz,SN Ia,SNI,core,23,11,12,True
ZTF23aakiyjw,events/ZTF23aakiyjw.npz,SN Ia,SNI,core,5,1,4,False
ZTF23aaklqou,events/ZTF23aaklqou.npz,SN II,SNII,core,12,12,0,False
ZTF23aakmewi,events/ZTF23aakmewi.npz,SN Ic-BL,SNI,core,70,35,35,True
ZTF23aakmqlj,events/ZTF23aakmqlj.npz,SN Ia,SNI,core,31,16,15,True
ZTF23aakmsiy,events/ZTF23aakmsiy.npz,SN Ia,SNI,core,35,18,17,True
ZTF23aakokgz,events/ZTF23aakokgz.npz,SN Ia,SNI,core,11,11,0,False
ZTF23aakprat,events/ZTF23aakprat.npz,SN Ia-91T,SNI,core,55,31,24,True
ZTF23aakrkjt,events/ZTF23aakrkjt.npz,SN Ia,SNI,core,37,14,23,True
ZTF23aakrngt,events/ZTF23aakrngt.npz,SN Ia,SNI,core,18,13,5,True
ZTF23aakstht,events/ZTF23aakstht.npz,SN Ic,SNI,core,58,23,35,True
ZTF23aakuiik,events/ZTF23aakuiik.npz,SN Ia,SNI,core,1,0,1,False
ZTF23aakxqrp,events/ZTF23aakxqrp.npz,SN Ia,SNI,core,17,8,9,True
ZTF23aakyoji,events/ZTF23aakyoji.npz,SN Ia,SNI,core,12,0,12,False
ZTF23aalccmk,events/ZTF23aalccmk.npz,SN Ia,SNI,core,4,2,2,False
ZTF23aalcvlh,events/ZTF23aalcvlh.npz,SN II,SNII,core,12,9,3,True
ZTF23aaldvnc,events/ZTF23aaldvnc.npz,SN Ia,SNI,core,18,17,1,False
ZTF23aaldwgw,events/ZTF23aaldwgw.npz,SN Ia,SNI,core,20,16,4,True
ZTF23aaldzxz,events/ZTF23aaldzxz.npz,SN Ia,SNI,core,18,6,12,True
ZTF23aalfofn,events/ZTF23aalfofn.npz,SN Ia,SNI,core,30,13,17,True
ZTF23aalftvv,events/ZTF23aalftvv.npz,SN II,SNII,core,37,16,21,True
ZTF23aalgqsq,events/ZTF23aalgqsq.npz,SN IIn,SNII,core,100,48,52,True
ZTF23aalklzg,events/ZTF23aalklzg.npz,SN Ia,SNI,core,27,12,15,True
ZTF23aalprtr,events/ZTF23aalprtr.npz,SN Ia,SNI,core,6,3,3,False
ZTF23aalqgpk,events/ZTF23aalqgpk.npz,SN Ia,SNI,core,14,8,6,True
ZTF23aalsied,events/ZTF23aalsied.npz,SN Ia,SNI,core,27,12,15,True
ZTF23aaltnze,events/ZTF23aaltnze.npz,SN Ia,SNI,core,37,17,20,True
ZTF23aalwuua,events/ZTF23aalwuua.npz,SN II,SNII,core,32,20,12,True
ZTF23aalzwdn,events/ZTF23aalzwdn.npz,SN Ia,SNI,core,6,2,4,False
ZTF23aamaeks,events/ZTF23aamaeks.npz,SN Ia,SNI,core,17,12,5,True
ZTF23aamamlv,events/ZTF23aamamlv.npz,SN Ia,SNI,core,26,14,12,True
ZTF23aamanim,events/ZTF23aamanim.npz,SN IIn,SNII,core,36,16,20,True
ZTF23aamfmqm,events/ZTF23aamfmqm.npz,SN Ia,SNI,core,64,29,35,True
ZTF23aamfqxc,events/ZTF23aamfqxc.npz,SN II,SNII,core,58,30,28,True
ZTF23aamgeom,events/ZTF23aamgeom.npz,SN Ia,SNI,core,79,15,64,True
ZTF23aamgmay,events/ZTF23aamgmay.npz,SN Ia,SNI,core,8,6,2,True
ZTF23aamhlcu,events/ZTF23aamhlcu.npz,SN Ia,SNI,core,41,24,17,True
ZTF23aamixrh,events/ZTF23aamixrh.npz,SN Ia,SNI,core,28,14,14,True
ZTF23aamlodm,events/ZTF23aamlodm.npz,SN Ia,SNI,core,14,12,2,True
ZTF23aampyvc,events/ZTF23aampyvc.npz,SN Ia,SNI,core,24,8,16,True
ZTF23aamqmty,events/ZTF23aamqmty.npz,SN Ia,SNI,core,6,3,3,False
ZTF23aamqonh,events/ZTF23aamqonh.npz,SN Ia,SNI,core,66,34,32,True
ZTF23aamqtel,events/ZTF23aamqtel.npz,SN Ia,SNI,core,26,17,9,True
ZTF23aamquyf,events/ZTF23aamquyf.npz,SN Ia,SNI,core,7,4,3,False
ZTF23aamqycj,events/ZTF23aamqycj.npz,SN II,SNII,core,22,17,5,True
ZTF23aamqzyz,events/ZTF23aamqzyz.npz,SN Ia,SNI,core,61,31,30,True
ZTF23aamsarj,events/ZTF23aamsarj.npz,SN II,SNII,core,110,47,63,True
ZTF23aamsavc,events/ZTF23aamsavc.npz,SN Ia,SNI,core,16,10,6,True
ZTF23aamsbpu,events/ZTF23aamsbpu.npz,SN Ia,SNI,core,12,4,8,True
ZTF23aamsddm,events/ZTF23aamsddm.npz,SN Ia,SNI,core,9,5,4,True
ZTF23aamseob,events/ZTF23aamseob.npz,SN Ib,SNI,core,58,28,30,True
ZTF23aamsfav,events/ZTF23aamsfav.npz,SN Ia,SNI,core,43,18,25,True
ZTF23aamshoi,events/ZTF23aamshoi.npz,SN IIn,SNII,core,54,19,35,True
ZTF23aamskdj,events/ZTF23aamskdj.npz,SN II,SNII,core,95,16,79,True
ZTF23aamtyjs,events/ZTF23aamtyjs.npz,SN Ia,SNI,core,20,10,10,True
ZTF23aamubjk,events/ZTF23aamubjk.npz,SN Ia,SNI,core,34,13,21,True
ZTF23aamumyw,events/ZTF23aamumyw.npz,SN Ia,SNI,core,14,9,5,True
ZTF23aamvyyl,events/ZTF23aamvyyl.npz,SN Ia,SNI,core,44,20,24,True
ZTF23aamwcid,events/ZTF23aamwcid.npz,SN II,SNII,core,1,0,1,False
ZTF23aamwiqd,events/ZTF23aamwiqd.npz,SN Ia,SNI,core,30,10,20,True
ZTF23aamwpmg,events/ZTF23aamwpmg.npz,SN Ia-91T,SNI,core,29,17,12,True
ZTF23aamwsrh,events/ZTF23aamwsrh.npz,SN Ia,SNI,core,56,0,56,False
ZTF23aamxeoe,events/ZTF23aamxeoe.npz,SN IIn,SNII,core,20,20,0,False
ZTF23aamxuks,events/ZTF23aamxuks.npz,SN Ia,SNI,core,26,12,14,True
ZTF23aamzcfe,events/ZTF23aamzcfe.npz,SN Ia,SNI,core,59,25,34,True
ZTF23aamzljd,events/ZTF23aamzljd.npz,SN Ic,SNI,core,14,6,8,True
ZTF23aamzuca,events/ZTF23aamzuca.npz,SN Ia,SNI,core,28,9,19,True
ZTF23aamzucf,events/ZTF23aamzucf.npz,SN Ia,SNI,core,72,34,38,True
ZTF23aanbdib,events/ZTF23aanbdib.npz,SN Ia,SNI,core,41,17,24,True
ZTF23aandrpy,events/ZTF23aandrpy.npz,SN Ia,SNI,core,11,11,0,False
ZTF23aandvzg,events/ZTF23aandvzg.npz,SN Ib/c,SNI,core,34,12,22,True
ZTF23aanexof,events/ZTF23aanexof.npz,SN II,SNII,core,45,19,26,True
ZTF23aangpoz,events/ZTF23aangpoz.npz,SN Ia,SNI,core,80,14,66,True
ZTF23aangpza,events/ZTF23aangpza.npz,SN Ia,SNI,core,81,15,66,True
ZTF23aaniabv,events/ZTF23aaniabv.npz,SN Ia,SNI,core,22,12,10,True
ZTF23aanivnc,events/ZTF23aanivnc.npz,SN Ia,SNI,core,5,3,2,False
ZTF23aanlmst,events/ZTF23aanlmst.npz,SN Ia,SNI,core,9,4,5,True
ZTF23aanpqba,events/ZTF23aanpqba.npz,SN Ia,SNI,core,28,8,20,True
ZTF23aanptmz,events/ZTF23aanptmz.npz,SN Ia,SNI,core,42,19,23,True
ZTF23aanpuwv,events/ZTF23aanpuwv.npz,SN Ia,SNI,core,50,15,35,True
ZTF23aanpxyp,events/ZTF23aanpxyp.npz,SN Ia,SNI,core,25,8,17,True
ZTF23aanpyeb,events/ZTF23aanpyeb.npz,SN Ia,SNI,core,31,13,18,True
ZTF23aanpyuy,events/ZTF23aanpyuy.npz,SN Ia,SNI,core,20,8,12,True
ZTF23aanqoyo,events/ZTF23aanqoyo.npz,SN Ib,SNI,core,63,31,32,True
ZTF23aanqwir,events/ZTF23aanqwir.npz,SN Ia,SNI,core,45,0,45,False
ZTF23aanrksd,events/ZTF23aanrksd.npz,SN Ia,SNI,core,4,3,1,False
ZTF23aansctq,events/ZTF23aansctq.npz,SN Ia,SNI,core,51,23,28,True
ZTF23aansdlc,events/ZTF23aansdlc.npz,SN IIn,SNII,core,35,18,17,True
ZTF23aansgpp,events/ZTF23aansgpp.npz,SN Ia,SNI,core,11,8,3,True
ZTF23aansrmz,events/ZTF23aansrmz.npz,SN Ia,SNI,core,20,11,9,True
ZTF23aantmqa,events/ZTF23aantmqa.npz,SN Ia,SNI,core,36,17,19,True
ZTF23aanuvih,events/ZTF23aanuvih.npz,SN Ia,SNI,core,40,17,23,True
ZTF23aanxepa,events/ZTF23aanxepa.npz,SN Ia,SNI,core,38,16,22,True
ZTF23aanxrjm,events/ZTF23aanxrjm.npz,SN II,SNII,core,23,11,12,True
ZTF23aanyiwk,events/ZTF23aanyiwk.npz,SN Ia,SNI,core,32,14,18,True
ZTF23aanzbtf,events/ZTF23aanzbtf.npz,SN Ia,SNI,core,30,13,17,True
ZTF23aanzmoz,events/ZTF23aanzmoz.npz,SN II,SNII,core,16,9,7,True
ZTF23aaoanrl,events/ZTF23aaoanrl.npz,SN Ia,SNI,core,72,30,42,True
ZTF23aaocgse,events/ZTF23aaocgse.npz,SN Ia,SNI,core,4,3,1,False
ZTF23aaochbp,events/ZTF23aaochbp.npz,SN Ia,SNI,core,7,5,2,False
ZTF23aaogzgq,events/ZTF23aaogzgq.npz,SN Ia,SNI,core,17,9,8,True
ZTF23aaohfxx,events/ZTF23aaohfxx.npz,SN II,SNII,core,58,23,35,True
ZTF23aaohqcn,events/ZTF23aaohqcn.npz,SN IIn,SNII,core,57,30,27,True
ZTF23aaoihto,events/ZTF23aaoihto.npz,SN II,SNII,core,180,27,153,True
ZTF23aaojbdj,events/ZTF23aaojbdj.npz,SN Ia,SNI,core,30,14,16,True
ZTF23aaojjru,events/ZTF23aaojjru.npz,SN Ia,SNI,core,1,0,1,False
ZTF23aaojwkb,events/ZTF23aaojwkb.npz,SN Ia,SNI,core,32,16,16,True
ZTF23aaomkar,events/ZTF23aaomkar.npz,SN II,SNII,core,10,0,10,False
ZTF23aaomzth,events/ZTF23aaomzth.npz,SN II,SNII,core,36,6,30,True
ZTF23aaoqytf,events/ZTF23aaoqytf.npz,SN Ia,SNI,core,22,6,16,True
ZTF23aaorbwk,events/ZTF23aaorbwk.npz,SN Ia,SNI,core,7,4,3,False
ZTF23aaotalq,events/ZTF23aaotalq.npz,SN Ia,SNI,core,4,0,4,False
ZTF23aaotvsl,events/ZTF23aaotvsl.npz,SN Ia,SNI,core,38,16,22,True
ZTF23aaoxngr,events/ZTF23aaoxngr.npz,SN Ia,SNI,core,73,34,39,True
ZTF23aaoxywk,events/ZTF23aaoxywk.npz,SN Ia,SNI,core,19,0,19,False
ZTF23aaoygit,events/ZTF23aaoygit.npz,SN Ia,SNI,core,27,13,14,True
ZTF23aaozatq,events/ZTF23aaozatq.npz,SN II,SNII,core,94,44,50,True
ZTF23aapbrrq,events/ZTF23aapbrrq.npz,SN Ib,SNI,core,35,22,13,True
ZTF23aapbsmr,events/ZTF23aapbsmr.npz,SN Ia,SNI,core,8,6,2,True
ZTF23aapcllu,events/ZTF23aapcllu.npz,SN II,SNII,core,51,19,32,True
ZTF23aapfrwv,events/ZTF23aapfrwv.npz,SN Ia,SNI,core,31,0,31,False
ZTF23aapfyou,events/ZTF23aapfyou.npz,SN IIP,SNII,core,9,5,4,True
ZTF23aapgckf,events/ZTF23aapgckf.npz,SN II,SNII,core,22,16,6,True
ZTF23aapgswu,events/ZTF23aapgswu.npz,SN Ia,SNI,core,50,22,28,True
ZTF23aapgxic,events/ZTF23aapgxic.npz,SN Ia,SNI,core,15,12,3,True
ZTF23aaphnyz,events/ZTF23aaphnyz.npz,SN II,SNII,core,67,33,34,True
ZTF23aaphpnk,events/ZTF23aaphpnk.npz,SN Ia,SNI,core,36,17,19,True
ZTF23aapiyqi,events/ZTF23aapiyqi.npz,SN Ia,SNI,core,34,12,22,True
ZTF23aapksof,events/ZTF23aapksof.npz,SN Ia,SNI,core,72,35,37,True
ZTF23aapkxkq,events/ZTF23aapkxkq.npz,SN II,SNII,core,16,8,8,True
ZTF23aapmokr,events/ZTF23aapmokr.npz,SN Ia,SNI,core,27,13,14,True
ZTF23aapnixu,events/ZTF23aapnixu.npz,SN Ib/c,SNI,core,23,9,14,True
ZTF23aapnnuq,events/ZTF23aapnnuq.npz,SN Ia,SNI,core,32,5,27,True
ZTF23aapogvn,events/ZTF23aapogvn.npz,SN Ia,SNI,core,40,19,21,True
ZTF23aapphlk,events/ZTF23aapphlk.npz,SN Ia,SNI,core,27,12,15,True
ZTF23aaprwrn,events/ZTF23aaprwrn.npz,SN Ia,SNI,core,21,12,9,True
ZTF23aapsuva,events/ZTF23aapsuva.npz,SN IIn,SNII,core,69,35,34,True
ZTF23aaptflh,events/ZTF23aaptflh.npz,SN Ia-91T,SNI,core,12,3,9,True
ZTF23aaptfsu,events/ZTF23aaptfsu.npz,SN Ia,SNI,core,28,11,17,True
ZTF23aapthmh,events/ZTF23aapthmh.npz,SN Ia,SNI,core,30,13,17,True
ZTF23aapufht,events/ZTF23aapufht.npz,SN II,SNII,core,7,6,1,False
ZTF23aapuknd,events/ZTF23aapuknd.npz,SN II,SNII,core,108,42,66,True
ZTF23aapvrkk,events/ZTF23aapvrkk.npz,SN Ia,SNI,core,15,11,4,True
ZTF23aapvsqz,events/ZTF23aapvsqz.npz,SN Ia,SNI,core,49,19,30,True
ZTF23aapvuyy,events/ZTF23aapvuyy.npz,SN II,SNII,core,24,24,0,False
ZTF23aapwlkh,events/ZTF23aapwlkh.npz,SN II,SNII,core,43,19,24,True
ZTF23aapwwak,events/ZTF23aapwwak.npz,SN Ia,SNI,core,59,25,34,True
ZTF23aapxvut,events/ZTF23aapxvut.npz,SN Ia,SNI,core,25,12,13,True
ZTF23aapyidj,events/ZTF23aapyidj.npz,TDE,TDE,core,55,31,24,True
ZTF23aapzsik,events/ZTF23aapzsik.npz,SN Ia,SNI,core,10,0,10,False
ZTF23aaqaasr,events/ZTF23aaqaasr.npz,SN Ia,SNI,core,14,7,7,True
ZTF23aaqahxh,events/ZTF23aaqahxh.npz,SN Ia,SNI,core,4,2,2,False
ZTF23aaqajsw,events/ZTF23aaqajsw.npz,SN Ia,SNI,core,21,15,6,True
ZTF23aaqanze,events/ZTF23aaqanze.npz,SN Ia,SNI,core,31,18,13,True
ZTF23aaqasrd,events/ZTF23aaqasrd.npz,SN Ia,SNI,core,27,14,13,True
ZTF23aaqbyxl,events/ZTF23aaqbyxl.npz,SN Ia,SNI,core,2,1,1,False
ZTF23aaqcaeo,events/ZTF23aaqcaeo.npz,SN Ia,SNI,core,39,16,23,True
ZTF23aaqdjhi,events/ZTF23aaqdjhi.npz,TDE,TDE,core,9,7,2,True
ZTF23aaqekiu,events/ZTF23aaqekiu.npz,SN Ic-BL,SNI,core,31,13,18,True
ZTF23aaqfdby,events/ZTF23aaqfdby.npz,SN Ia,SNI,core,29,9,20,True
ZTF23aaqfxpn,events/ZTF23aaqfxpn.npz,SN Ia,SNI,core,2,2,0,False
ZTF23aaqhtiq,events/ZTF23aaqhtiq.npz,SN Ia,SNI,core,51,25,26,True
ZTF23aaqhvds,events/ZTF23aaqhvds.npz,SN Ia,SNI,core,54,25,29,True
ZTF23aaqhzwu,events/ZTF23aaqhzwu.npz,SN Ia,SNI,core,19,9,10,True
ZTF23aaqixha,events/ZTF23aaqixha.npz,SN Ia,SNI,core,22,20,2,True
ZTF23aaqixpx,events/ZTF23aaqixpx.npz,SN II,SNII,core,8,8,0,False
ZTF23aaqjrsx,events/ZTF23aaqjrsx.npz,SN Ia,SNI,core,19,8,11,True
ZTF23aaqjumr,events/ZTF23aaqjumr.npz,SN Ia,SNI,core,12,5,7,True
ZTF23aaqjuux,events/ZTF23aaqjuux.npz,SN Ia,SNI,core,31,15,16,True
ZTF23aaqknaw,events/ZTF23aaqknaw.npz,SN II,SNII,core,50,17,33,True
ZTF23aaqkpwb,events/ZTF23aaqkpwb.npz,SN II,SNII,core,42,21,21,True
ZTF23aaqmauw,events/ZTF23aaqmauw.npz,SN IIn,SNII,core,15,7,8,True
ZTF23aaqmbar,events/ZTF23aaqmbar.npz,SN IIb,SNII,core,15,6,9,True
ZTF23aaqmddq,events/ZTF23aaqmddq.npz,SN Ia,SNI,core,10,6,4,True
ZTF23aaqmfgs,events/ZTF23aaqmfgs.npz,SN Ia,SNI,core,35,15,20,True
ZTF23aaqmveu,events/ZTF23aaqmveu.npz,SN Ia,SNI,core,26,11,15,True
ZTF23aaqmwto,events/ZTF23aaqmwto.npz,SN II,SNII,core,50,14,36,True
ZTF23aaqmxxo,events/ZTF23aaqmxxo.npz,SN II,SNII,core,40,18,22,True
ZTF23aaqnhjp,events/ZTF23aaqnhjp.npz,SN Ia,SNI,core,18,11,7,True
ZTF23aaqniyk,events/ZTF23aaqniyk.npz,SN II,SNII,core,43,16,27,True
ZTF23aaqnjej,events/ZTF23aaqnjej.npz,SN Ia,SNI,core,29,13,16,True
ZTF23aaqqdhs,events/ZTF23aaqqdhs.npz,SN Ia,SNI,core,26,9,17,True
ZTF23aaqqeez,events/ZTF23aaqqeez.npz,SN Ia,SNI,core,19,8,11,True
ZTF23aaqqeri,events/ZTF23aaqqeri.npz,SN Ia,SNI,core,33,13,20,True
ZTF23aaqqfks,events/ZTF23aaqqfks.npz,SN Ia,SNI,core,12,5,7,True
ZTF23aaqqjxv,events/ZTF23aaqqjxv.npz,SN Ia,SNI,core,14,5,9,True
ZTF23aaqtcxl,events/ZTF23aaqtcxl.npz,SN Ia,SNI,core,14,11,3,True
ZTF23aaquhaz,events/ZTF23aaquhaz.npz,SN II,SNII,core,75,37,38,True
ZTF23aaquhcv,events/ZTF23aaquhcv.npz,SN Ia,SNI,core,25,11,14,True
ZTF23aaqujvz,events/ZTF23aaqujvz.npz,SN Ia,SNI,core,70,33,37,True
ZTF23aaquolj,events/ZTF23aaquolj.npz,SN IIn,SNII,core,68,32,36,True
ZTF23aaqusyq,events/ZTF23aaqusyq.npz,SN Ia,SNI,core,20,6,14,True
ZTF23aaqvofl,events/ZTF23aaqvofl.npz,SN Ia,SNI,core,53,2,51,True
ZTF23aaqwtak,events/ZTF23aaqwtak.npz,SN Ia,SNI,core,43,18,25,True
ZTF23aaqxjta,events/ZTF23aaqxjta.npz,SN Ia,SNI,core,22,11,11,True
ZTF23aaqxlpn,events/ZTF23aaqxlpn.npz,SN Ia,SNI,core,16,4,12,True
ZTF23aaraamx,events/ZTF23aaraamx.npz,SN II,SNII,core,30,13,17,True
ZTF23aareole,events/ZTF23aareole.npz,SN Ia,SNI,core,7,6,1,False
ZTF23aarfblz,events/ZTF23aarfblz.npz,SN Ia,SNI,core,23,9,14,True
ZTF23aarfqmx,events/ZTF23aarfqmx.npz,SN II,SNII,core,11,0,11,False
ZTF23aarglpk,events/ZTF23aarglpk.npz,SN Ia,SNI,core,8,3,5,True
ZTF23aarhuik,events/ZTF23aarhuik.npz,SN Ia,SNI,core,37,20,17,True
ZTF23aaritkm,events/ZTF23aaritkm.npz,SN Ia,SNI,core,48,23,25,True
ZTF23aarjsik,events/ZTF23aarjsik.npz,SN Ia,SNI,core,45,13,32,True
ZTF23aarjxfj,events/ZTF23aarjxfj.npz,SN Ia,SNI,core,25,9,16,True
ZTF23aarktow,events/ZTF23aarktow.npz,SN II,SNII,core,31,7,24,True
ZTF23aarlcue,events/ZTF23aarlcue.npz,SN Ia,SNI,core,27,7,20,True
ZTF23aarqyio,events/ZTF23aarqyio.npz,SN Ia,SNI,core,28,11,17,True
ZTF23aarriri,events/ZTF23aarriri.npz,SN Ia,SNI,core,4,4,0,False
ZTF23aarvjaf,events/ZTF23aarvjaf.npz,SN Ia,SNI,core,29,14,15,True
ZTF23aarvrvd,events/ZTF23aarvrvd.npz,SN Ia,SNI,core,53,19,34,True
ZTF23aarxtku,events/ZTF23aarxtku.npz,SN Ia,SNI,core,53,21,32,True
ZTF23aarxtro,events/ZTF23aarxtro.npz,SN Ia,SNI,core,20,5,15,True
ZTF23aarytnu,events/ZTF23aarytnu.npz,SN II,SNII,core,40,18,22,True
ZTF23aarzbzn,events/ZTF23aarzbzn.npz,SN Ia,SNI,core,24,10,14,True
ZTF23aarzmhc,events/ZTF23aarzmhc.npz,SN Ia,SNI,core,37,0,37,False
ZTF23aasbvab,events/ZTF23aasbvab.npz,SN II,SNII,core,129,62,67,True
ZTF23aascppn,events/ZTF23aascppn.npz,SN Ia,SNI,core,15,7,8,True
ZTF23aasfkpz,events/ZTF23aasfkpz.npz,SN Ia,SNI,core,21,9,12,True
ZTF23aasguud,events/ZTF23aasguud.npz,SN Ia,SNI,core,11,5,6,True
ZTF23aashxqa,events/ZTF23aashxqa.npz,SN Ia,SNI,core,20,11,9,True
ZTF23aasnotj,events/ZTF23aasnotj.npz,SN Ia,SNI,core,5,4,1,False
ZTF23aasocjj,events/ZTF23aasocjj.npz,SN II,SNII,core,20,10,10,True
ZTF23aasopeh,events/ZTF23aasopeh.npz,SN Ia,SNI,core,67,32,35,True
ZTF23aasovdv,events/ZTF23aasovdv.npz,SN Ia,SNI,core,31,16,15,True
ZTF23aaspcfl,events/ZTF23aaspcfl.npz,SN Ib,SNI,core,73,30,43,True
ZTF23aasrcyv,events/ZTF23aasrcyv.npz,SN II,SNII,core,30,27,3,True
ZTF23aasrkck,events/ZTF23aasrkck.npz,SN II,SNII,core,39,11,28,True
ZTF23aastndi,events/ZTF23aastndi.npz,SN Ia,SNI,core,22,10,12,True
ZTF23aasyrup,events/ZTF23aasyrup.npz,SN II,SNII,core,6,4,2,False
ZTF23aasyshb,events/ZTF23aasyshb.npz,SN Ia,SNI,core,8,7,1,False
ZTF23aasyslb,events/ZTF23aasyslb.npz,SN Ia,SNI,core,24,19,5,True
ZTF23aasyvbf,events/ZTF23aasyvbf.npz,SN II,SNII,core,21,19,2,True
ZTF23aaszwst,events/ZTF23aaszwst.npz,SN Ib,SNI,core,5,4,1,False
ZTF23aatajah,events/ZTF23aatajah.npz,SN Ia,SNI,core,20,13,7,True
ZTF23aatdcey,events/ZTF23aatdcey.npz,SN IIn,SNII,core,54,27,27,True
ZTF23aatihwk,events/ZTF23aatihwk.npz,SN Ia,SNI,core,21,10,11,True
ZTF23aatukpx,events/ZTF23aatukpx.npz,SN Ia,SNI,core,43,21,22,True
ZTF23aatvksz,events/ZTF23aatvksz.npz,SN Ia,SNI,core,44,19,25,True
ZTF23aatxeki,events/ZTF23aatxeki.npz,SN Ia,SNI,core,38,18,20,True
ZTF23aaubzzz,events/ZTF23aaubzzz.npz,SN Ia,SNI,core,25,13,12,True
ZTF23aaucaqp,events/ZTF23aaucaqp.npz,SN Ia,SNI,core,22,13,9,True
ZTF23aaufzym,events/ZTF23aaufzym.npz,SN II,SNII,core,6,5,1,False
ZTF23aaumlxn,events/ZTF23aaumlxn.npz,SN Ia,SNI,core,6,6,0,False
ZTF23aauqmys,events/ZTF23aauqmys.npz,SN Ia,SNI,core,27,13,14,True
ZTF23aausgkl,events/ZTF23aausgkl.npz,SN II,SNII,core,55,27,28,True
ZTF23aausgtp,events/ZTF23aausgtp.npz,SN Ia,SNI,core,28,11,17,True
ZTF23aauubqu,events/ZTF23aauubqu.npz,SN Ia,SNI,core,32,14,18,True
ZTF23aauytqw,events/ZTF23aauytqw.npz,SN Ia,SNI,core,16,7,9,True
ZTF23aauzfbi,events/ZTF23aauzfbi.npz,SN II,SNII,core,40,12,28,True
ZTF23aauzxfh,events/ZTF23aauzxfh.npz,SN Ia,SNI,core,5,2,3,False
ZTF23aavaaox,events/ZTF23aavaaox.npz,SN Ia,SNI,core,21,9,12,True
ZTF23aavdhtr,events/ZTF23aavdhtr.npz,SN Ia,SNI,core,10,5,5,True
ZTF23aavdzpd,events/ZTF23aavdzpd.npz,SN Ia,SNI,core,28,10,18,True
ZTF23aavecfo,events/ZTF23aavecfo.npz,SN II,SNII,core,25,9,16,True
ZTF23aavmarm,events/ZTF23aavmarm.npz,SN Ia,SNI,core,38,15,23,True
ZTF23aavmcbq,events/ZTF23aavmcbq.npz,SN Ia,SNI,core,55,21,34,True
ZTF23aavmguj,events/ZTF23aavmguj.npz,SN Ia,SNI,core,16,4,12,True
ZTF23aavmthe,events/ZTF23aavmthe.npz,SN IIn,SNII,core,45,23,22,True
ZTF23aavmwtk,events/ZTF23aavmwtk.npz,SN Ia,SNI,core,7,6,1,False
ZTF23aavmycb,events/ZTF23aavmycb.npz,SN Ia,SNI,core,23,12,11,True
ZTF23aavneat,events/ZTF23aavneat.npz,SN Ia,SNI,core,22,12,10,True
ZTF23aavolri,events/ZTF23aavolri.npz,SN Ia,SNI,core,64,30,34,True
ZTF23aavpzil,events/ZTF23aavpzil.npz,SN Ia,SNI,core,11,5,6,True
ZTF23aavqyaf,events/ZTF23aavqyaf.npz,SN Ia,SNI,core,41,17,24,True
ZTF23aavshmk,events/ZTF23aavshmk.npz,SN Ia,SNI,core,14,5,9,True
ZTF23aavshwi,events/ZTF23aavshwi.npz,SN Ia,SNI,core,20,7,13,True
ZTF23aavtpyj,events/ZTF23aavtpyj.npz,SN Ia-91bg,SNI,core,3,0,3,False
ZTF23aavtugd,events/ZTF23aavtugd.npz,SN IIn,SNII,core,62,28,34,True
ZTF23aavugjj,events/ZTF23aavugjj.npz,SN Ia,SNI,core,46,18,28,True
ZTF23aavugvk,events/ZTF23aavugvk.npz,SN Ia,SNI,core,39,16,23,True
ZTF23aavujng,events/ZTF23aavujng.npz,SN Ia,SNI,core,37,14,23,True
ZTF23aavvckk,events/ZTF23aavvckk.npz,SN IIn,SNII,core,49,33,16,True
ZTF23aavvdix,events/ZTF23aavvdix.npz,SN II,SNII,core,117,52,65,True
ZTF23aavwpbn,events/ZTF23aavwpbn.npz,SN Ia,SNI,core,35,13,22,True
ZTF23aavxosl,events/ZTF23aavxosl.npz,SN Ia,SNI,core,26,11,15,True
ZTF23aavxtvg,events/ZTF23aavxtvg.npz,SN Ia,SNI,core,63,31,32,True
ZTF23aavxvsz,events/ZTF23aavxvsz.npz,SN Ia,SNI,core,8,4,4,True
ZTF23aavxxef,events/ZTF23aavxxef.npz,SN Ia,SNI,core,31,15,16,True
ZTF23aavygyn,events/ZTF23aavygyn.npz,SN Ia,SNI,core,51,26,25,True
ZTF23aavyhbo,events/ZTF23aavyhbo.npz,SN Ia,SNI,core,16,10,6,True
ZTF23aavzgjg,events/ZTF23aavzgjg.npz,SN Ia,SNI,core,18,8,10,True
ZTF23aavzjjp,events/ZTF23aavzjjp.npz,SN Ia,SNI,core,10,6,4,True
ZTF23aavzvmp,events/ZTF23aavzvmp.npz,SN Ia,SNI,core,9,6,3,True
ZTF23aavzyit,events/ZTF23aavzyit.npz,SN Ia,SNI,core,38,16,22,True
ZTF23aawavgx,events/ZTF23aawavgx.npz,SN Ia,SNI,core,20,7,13,True
ZTF23aawbwbu,events/ZTF23aawbwbu.npz,SN II,SNII,core,11,3,8,True
ZTF23aawcatm,events/ZTF23aawcatm.npz,SN Ia,SNI,core,64,21,43,True
ZTF23aawcxun,events/ZTF23aawcxun.npz,SN II,SNII,core,4,4,0,False
ZTF23aawcygl,events/ZTF23aawcygl.npz,SN Ia,SNI,core,2,2,0,False
ZTF23aawcyig,events/ZTF23aawcyig.npz,SN Ia,SNI,core,4,4,0,False
ZTF23aaweqva,events/ZTF23aaweqva.npz,SN Ia,SNI,core,32,15,17,True
ZTF23aawgcgu,events/ZTF23aawgcgu.npz,SN II,SNII,core,7,0,7,False
ZTF23aawgkqa,events/ZTF23aawgkqa.npz,SN II,SNII,core,59,29,30,True
ZTF23aawieyi,events/ZTF23aawieyi.npz,SN Ia,SNI,core,36,17,19,True
ZTF23aawkjdx,events/ZTF23aawkjdx.npz,SN II,SNII,core,10,5,5,True
ZTF23aawmbkn,events/ZTF23aawmbkn.npz,SN Ia,SNI,core,19,9,10,True
ZTF23aawohdu,events/ZTF23aawohdu.npz,SN Ia,SNI,core,7,4,3,False
ZTF23aawokan,events/ZTF23aawokan.npz,SN II,SNII,core,9,2,7,True
ZTF23aawqydv,events/ZTF23aawqydv.npz,SN Ia,SNI,core,18,8,10,True
ZTF23aawrcrb,events/ZTF23aawrcrb.npz,SN II,SNII,core,52,24,28,True
ZTF23aawtmcf,events/ZTF23aawtmcf.npz,SN Ic,SNI,core,21,9,12,True
ZTF23aawwabr,events/ZTF23aawwabr.npz,SN Ia,SNI,core,68,34,34,True
ZTF23aawwcuu,events/ZTF23aawwcuu.npz,SN Ia,SNI,core,66,30,36,True
ZTF23aawyhqa,events/ZTF23aawyhqa.npz,SN Ia,SNI,core,84,35,49,True
ZTF23aawyiyk,events/ZTF23aawyiyk.npz,SN II,SNII,core,18,8,10,True
ZTF23aawyvgl,events/ZTF23aawyvgl.npz,SN Ia,SNI,core,30,11,19,True
ZTF23aawzdxd,events/ZTF23aawzdxd.npz,SN Ib,SNI,core,46,27,19,True
ZTF23aawzyao,events/ZTF23aawzyao.npz,SN Ia,SNI,core,30,15,15,True
ZTF23aaxadel,events/ZTF23aaxadel.npz,SN II,SNII,core,65,32,33,True
ZTF23aaxahun,events/ZTF23aaxahun.npz,SN Ia,SNI,core,11,10,1,False
ZTF23aaxauuk,events/ZTF23aaxauuk.npz,SN Ia,SNI,core,30,15,15,True
ZTF23aaxbxlw,events/ZTF23aaxbxlw.npz,SN Ia,SNI,core,31,13,18,True
ZTF23aaxcdfm,events/ZTF23aaxcdfm.npz,SN Ia,SNI,core,16,14,2,True
ZTF23aaxchnm,events/ZTF23aaxchnm.npz,SN II,SNII,core,56,24,32,True
ZTF23aaxcriv,events/ZTF23aaxcriv.npz,SN II,SNII,core,57,10,47,True
ZTF23aaxdfya,events/ZTF23aaxdfya.npz,SN II,SNII,core,60,9,51,True
ZTF23aaxfnwp,events/ZTF23aaxfnwp.npz,SN Ia,SNI,core,26,11,15,True
ZTF23aaxftlt,events/ZTF23aaxftlt.npz,SN Ia,SNI,core,34,14,20,True
ZTF23aaxldkr,events/ZTF23aaxldkr.npz,SN IIn,SNII,core,42,19,23,True
ZTF23aaxotrg,events/ZTF23aaxotrg.npz,SN Ia,SNI,core,2,2,0,False
ZTF23aaxoybh,events/ZTF23aaxoybh.npz,SN Ia,SNI,core,46,19,27,True
ZTF23aaxpfpa,events/ZTF23aaxpfpa.npz,SN Ia,SNI,core,19,9,10,True
ZTF23aaxtmrr,events/ZTF23aaxtmrr.npz,SN II,SNII,core,122,56,66,True
ZTF23aaxtnld,events/ZTF23aaxtnld.npz,SN Ia,SNI,core,5,5,0,False
ZTF23aaxtplp,events/ZTF23aaxtplp.npz,SN II,SNII,core,7,2,5,False
ZTF23aaxufrf,events/ZTF23aaxufrf.npz,SN IIb,SNII,core,31,17,14,True
ZTF23aaxuvkn,events/ZTF23aaxuvkn.npz,SN Ib,SNI,core,67,11,56,True
ZTF23aaxvgor,events/ZTF23aaxvgor.npz,SN Ia,SNI,core,10,7,3,True
ZTF23aaxvsjq,events/ZTF23aaxvsjq.npz,SN Ia,SNI,core,48,18,30,True
ZTF23aaxyawz,events/ZTF23aaxyawz.npz,SN Ia,SNI,core,28,14,14,True
ZTF23aaxzhor,events/ZTF23aaxzhor.npz,SN Ia,SNI,core,16,7,9,True
ZTF23aaylkdm,events/ZTF23aaylkdm.npz,SN Ia,SNI,core,19,9,10,True
ZTF23aaymoki,events/ZTF23aaymoki.npz,SN Ia,SNI,core,37,18,19,True
ZTF23aaynddf,events/ZTF23aaynddf.npz,SN Ia-91T,SNI,core,72,27,45,True
ZTF23aayngqr,events/ZTF23aayngqr.npz,SN Ia,SNI,core,10,8,2,True
ZTF23aayngri,events/ZTF23aayngri.npz,SN IIn,SNII,core,20,18,2,True
ZTF23aaynwdt,events/ZTF23aaynwdt.npz,SN Ia,SNI,core,24,3,21,True
ZTF23aayocyn,events/ZTF23aayocyn.npz,SN Ia,SNI,core,19,2,17,True
ZTF23aazfapq,events/ZTF23aazfapq.npz,SN Ia,SNI,core,27,19,8,True
ZTF23aazjqov,events/ZTF23aazjqov.npz,SN Ia,SNI,core,42,16,26,True
ZTF23aazjwtl,events/ZTF23aazjwtl.npz,SN IIb,SNII,core,35,10,25,True
ZTF23aazlhiv,events/ZTF23aazlhiv.npz,SN Ia,SNI,core,19,0,19,False
ZTF23aazlimw,events/ZTF23aazlimw.npz,SN Ia,SNI,core,22,3,19,True
ZTF23aazltms,events/ZTF23aazltms.npz,SN II,SNII,core,44,11,33,True
ZTF23aazmkjh,events/ZTF23aazmkjh.npz,SN Ia,SNI,core,27,12,15,True
ZTF23aazmqkn,events/ZTF23aazmqkn.npz,SN Ia,SNI,core,45,19,26,True
ZTF23aaznfqc,events/ZTF23aaznfqc.npz,SN Ia,SNI,core,58,27,31,True
ZTF23aaznifc,events/ZTF23aaznifc.npz,SN Ia,SNI,core,24,10,14,True
ZTF23aaznywn,events/ZTF23aaznywn.npz,SN Ia,SNI,core,44,20,24,True
ZTF23aazprcc,events/ZTF23aazprcc.npz,SN II,SNII,core,74,0,74,False
ZTF23aazpupj,events/ZTF23aazpupj.npz,SN Ia,SNI,core,25,11,14,True
ZTF23aazqikj,events/ZTF23aazqikj.npz,SN Ia,SNI,core,30,14,16,True
ZTF23aazqmwp,events/ZTF23aazqmwp.npz,SN II,SNII,core,61,29,32,True
ZTF23aazrbus,events/ZTF23aazrbus.npz,SN Ia,SNI,core,25,12,13,True
ZTF23aazrtdy,events/ZTF23aazrtdy.npz,SN Ia,SNI,core,64,31,33,True
ZTF23aazskaz,events/ZTF23aazskaz.npz,SN Ia,SNI,core,35,14,21,True
ZTF23aazuzip,events/ZTF23aazuzip.npz,SN Ib,SNI,core,14,7,7,True
ZTF23aazwwqj,events/ZTF23aazwwqj.npz,SN Ia,SNI,core,4,4,0,False
ZTF23aazwytj,events/ZTF23aazwytj.npz,SN Ia,SNI,core,16,11,5,True
ZTF23aazyntd,events/ZTF23aazyntd.npz,SN Ia,SNI,core,30,9,21,True
ZTF23aazysgv,events/ZTF23aazysgv.npz,SN Ia,SNI,core,39,20,19,True
ZTF23abaactr,events/ZTF23abaactr.npz,SN Ia,SNI,core,47,22,25,True
ZTF23abaalvd,events/ZTF23abaalvd.npz,SN Ia,SNI,core,38,19,19,True
ZTF23ababkmo,events/ZTF23ababkmo.npz,SN II,SNII,core,61,30,31,True
ZTF23abaderr,events/ZTF23abaderr.npz,SN Ia,SNI,core,12,11,1,False
ZTF23abadhsw,events/ZTF23abadhsw.npz,SN Ic-BL,SNI,core,31,9,22,True
ZTF23abaebbd,events/ZTF23abaebbd.npz,SN II,SNII,core,48,26,22,True
ZTF23abaeeae,events/ZTF23abaeeae.npz,SN II,SNII,core,22,5,17,True
ZTF23abaeenk,events/ZTF23abaeenk.npz,SN II,SNII,core,48,23,25,True
ZTF23abahief,events/ZTF23abahief.npz,SN Ia,SNI,core,33,13,20,True
ZTF23abahlns,events/ZTF23abahlns.npz,SN Ia,SNI,core,20,9,11,True
ZTF23abahmgm,events/ZTF23abahmgm.npz,SN Ia,SNI,core,27,10,17,True
ZTF23abahmkx,events/ZTF23abahmkx.npz,SN II,SNII,core,14,3,11,True
ZTF23abamrnj,events/ZTF23abamrnj.npz,SN Ia,SNI,core,32,0,32,False
ZTF23abandhi,events/ZTF23abandhi.npz,SN Ia,SNI,core,7,3,4,False
ZTF23abankea,events/ZTF23abankea.npz,SN Ia,SNI,core,37,16,21,True
ZTF23abankfn,events/ZTF23abankfn.npz,SN Ia-91T,SNI,core,48,25,23,True
ZTF23abanqhu,events/ZTF23abanqhu.npz,SN Ia,SNI,core,62,29,33,True
ZTF23abaqzym,events/ZTF23abaqzym.npz,SN Ia,SNI,core,40,15,25,True
ZTF23abarweh,events/ZTF23abarweh.npz,SN Ia,SNI,core,15,7,8,True
ZTF23abascqa,events/ZTF23abascqa.npz,SN II,SNII,core,58,30,28,True
ZTF23abaslfm,events/ZTF23abaslfm.npz,SN Ia,SNI,core,41,18,23,True
ZTF23abauhqr,events/ZTF23abauhqr.npz,SN Ia,SNI,core,29,11,18,True
ZTF23abauhvi,events/ZTF23abauhvi.npz,SN Ia,SNI,core,39,16,23,True
ZTF23abauieq,events/ZTF23abauieq.npz,SN Ia-91T,SNI,core,14,7,7,True
ZTF23abavewn,events/ZTF23abavewn.npz,SN Ia,SNI,core,38,19,19,True
ZTF23abavosd,events/ZTF23abavosd.npz,SN II,SNII,core,51,24,27,True
ZTF23abavpyk,events/ZTF23abavpyk.npz,SN Ia,SNI,core,14,10,4,True
ZTF23abavqdt,events/ZTF23abavqdt.npz,SN Ia,SNI,core,3,3,0,False
ZTF23abavrya,events/ZTF23abavrya.npz,SN Ia,SNI,core,44,18,26,True
ZTF23abavxmm,events/ZTF23abavxmm.npz,SN Ia,SNI,core,37,18,19,True
ZTF23abawdgm,events/ZTF23abawdgm.npz,SN IIP,SNII,core,49,24,25,True
ZTF23abawgqs,events/ZTF23abawgqs.npz,SN Ia,SNI,core,13,7,6,True
ZTF23abawvxd,events/ZTF23abawvxd.npz,SN Ia,SNI,core,65,15,50,True
ZTF23abaxkvy,events/ZTF23abaxkvy.npz,SN Ia,SNI,core,30,12,18,True
ZTF23abaxkwq,events/ZTF23abaxkwq.npz,SN Ia,SNI,core,57,30,27,True
ZTF23abaxlrz,events/ZTF23abaxlrz.npz,SN Ic,SNI,core,53,24,29,True
ZTF23abaxtlq,events/ZTF23abaxtlq.npz,SN II,SNII,core,104,51,53,True
ZTF23abaxxrd,events/ZTF23abaxxrd.npz,SN Ia,SNI,core,18,18,0,False
ZTF23abayagw,events/ZTF23abayagw.npz,SN Ia,SNI,core,38,18,20,True
ZTF23abayogx,events/ZTF23abayogx.npz,SN Ia,SNI,core,45,19,26,True
ZTF23abazdqu,events/ZTF23abazdqu.npz,SN Ia,SNI,core,38,18,20,True
ZTF23abbakmt,events/ZTF23abbakmt.npz,SN Ia,SNI,core,28,13,15,True
ZTF23abbanlv,events/ZTF23abbanlv.npz,SN II,SNII,core,22,11,11,True
ZTF23abbaqbs,events/ZTF23abbaqbs.npz,SN Ia,SNI,core,25,13,12,True
ZTF23abbbhak,events/ZTF23abbbhak.npz,SN Ia,SNI,core,27,11,16,True
ZTF23abbbomo,events/ZTF23abbbomo.npz,SN Ia,SNI,core,37,20,17,True
ZTF23abbbygf,events/ZTF23abbbygf.npz,SN Ia,SNI,core,15,12,3,True
ZTF23abbccir,events/ZTF23abbccir.npz,SN II,SNII,core,54,26,28,True
ZTF23abbcdlp,events/ZTF23abbcdlp.npz,SN Ia,SNI,core,30,13,17,True
ZTF23abbcycg,events/ZTF23abbcycg.npz,SN II,SNII,core,42,15,27,True
ZTF23abbczlg,events/ZTF23abbczlg.npz,SN Ia,SNI,core,19,10,9,True
ZTF23abbdbsh,events/ZTF23abbdbsh.npz,SN II,SNII,core,18,16,2,True
ZTF23abbdoqg,events/ZTF23abbdoqg.npz,SN Ia,SNI,core,12,12,0,False
ZTF23abbejvg,events/ZTF23abbejvg.npz,SN II,SNII,core,49,22,27,True
ZTF23abbekte,events/ZTF23abbekte.npz,SN Ia,SNI,core,32,14,18,True
ZTF23abbfonh,events/ZTF23abbfonh.npz,SN II,SNII,core,7,3,4,False
ZTF23abbhuoa,events/ZTF23abbhuoa.npz,SN Ia,SNI,core,10,6,4,True
ZTF23abbimnx,events/ZTF23abbimnx.npz,SN Ia,SNI,core,45,18,27,True
ZTF23abbkulr,events/ZTF23abbkulr.npz,SN Ia,SNI,core,27,8,19,True
ZTF23abbkvxe,events/ZTF23abbkvxe.npz,SN Ia,SNI,core,25,11,14,True
ZTF23abbmnsq,events/ZTF23abbmnsq.npz,SN Ia,SNI,core,15,9,6,True
ZTF23abbpswf,events/ZTF23abbpswf.npz,SN Ib,SNI,core,28,15,13,True
ZTF23abbqzbr,events/ZTF23abbqzbr.npz,SN Ia,SNI,core,2,2,0,False
ZTF23abbskff,events/ZTF23abbskff.npz,SN Ic,SNI,core,9,1,8,False
ZTF23abbteqg,events/ZTF23abbteqg.npz,SN Ia,SNI,core,31,10,21,True
ZTF23abbtkrv,events/ZTF23abbtkrv.npz,SN II,SNII,core,74,19,55,True
ZTF23abbzdoj,events/ZTF23abbzdoj.npz,SN II,SNII,core,58,29,29,True
ZTF23abbzhug,events/ZTF23abbzhug.npz,SN II,SNII,core,60,25,35,True
ZTF23abccimv,events/ZTF23abccimv.npz,SN II,SNII,core,49,25,24,True
ZTF23abccwbx,events/ZTF23abccwbx.npz,SN II,SNII,core,12,10,2,True
ZTF23abcdfwg,events/ZTF23abcdfwg.npz,SN Ia,SNI,core,38,14,24,True
ZTF23abcdorg,events/ZTF23abcdorg.npz,SN IIP,SNII,core,49,8,41,True
ZTF23abcegak,events/ZTF23abcegak.npz,SN Ia,SNI,core,36,16,20,True
ZTF23abcegjv,events/ZTF23abcegjv.npz,SN Ia,SNI,core,25,12,13,True
ZTF23abcglga,events/ZTF23abcglga.npz,SN Ic,SNI,core,45,20,25,True
ZTF23abciuka,events/ZTF23abciuka.npz,SN Ia,SNI,core,51,25,26,True
ZTF23abclpxs,events/ZTF23abclpxs.npz,SN Ia,SNI,core,54,24,30,True
ZTF23abcnhzq,events/ZTF23abcnhzq.npz,SN Ia,SNI,core,29,11,18,True
ZTF23abcqwkn,events/ZTF23abcqwkn.npz,SN Ia,SNI,core,10,5,5,True
ZTF23abcqzvm,events/ZTF23abcqzvm.npz,SN Ia,SNI,core,19,8,11,True
ZTF23abcsrwv,events/ZTF23abcsrwv.npz,SN Ia,SNI,core,12,7,5,True
ZTF23abctedl,events/ZTF23abctedl.npz,SN Ia-91bg,SNI,core,7,5,2,False
ZTF23abcufxh,events/ZTF23abcufxh.npz,SN Ia,SNI,core,24,18,6,True
ZTF23abcvqkd,events/ZTF23abcvqkd.npz,SN Ia-91T,SNI,core,109,54,55,True
ZTF23abczkxz,events/ZTF23abczkxz.npz,SN Ia,SNI,core,8,0,8,False
ZTF23abdefkq,events/ZTF23abdefkq.npz,SN Ia,SNI,core,8,5,3,True
ZTF23abdgswy,events/ZTF23abdgswy.npz,SN II,SNII,core,32,13,19,True
ZTF23abdhvou,events/ZTF23abdhvou.npz,SN Ia,SNI,core,32,15,17,True
ZTF23abdsecb,events/ZTF23abdsecb.npz,SN Ia,SNI,core,21,11,10,True
ZTF23abdshvl,events/ZTF23abdshvl.npz,SN Ic,SNI,core,32,14,18,True
ZTF23abdshyr,events/ZTF23abdshyr.npz,SN Ia,SNI,core,30,14,16,True
ZTF23abdspgp,events/ZTF23abdspgp.npz,SN Ia,SNI,core,17,6,11,True
ZTF23abdubpv,events/ZTF23abdubpv.npz,SN II,SNII,core,53,6,47,True
ZTF23abdynfn,events/ZTF23abdynfn.npz,SN Ia,SNI,core,23,11,12,True
ZTF23abecphw,events/ZTF23abecphw.npz,SN II,SNII,core,42,20,22,True
ZTF23abefecu,events/ZTF23abefecu.npz,SN II,SNII,core,60,4,56,True
ZTF23abegkob,events/ZTF23abegkob.npz,SN Ia,SNI,core,37,17,20,True
ZTF23abeoblh,events/ZTF23abeoblh.npz,SN Ia,SNI,core,27,14,13,True
ZTF23abepnsd,events/ZTF23abepnsd.npz,SN Ia,SNI,core,41,0,41,False
ZTF23aberpzw,events/ZTF23aberpzw.npz,SN II,SNII,core,34,16,18,True
ZTF23abetodb,events/ZTF23abetodb.npz,SN Ia,SNI,core,41,20,21,True
ZTF23abetwwi,events/ZTF23abetwwi.npz,SN Ia,SNI,core,38,16,22,True
ZTF23abeudve,events/ZTF23abeudve.npz,SN Ia,SNI,core,36,14,22,True
ZTF23abeuope,events/ZTF23abeuope.npz,SN Ia,SNI,core,8,6,2,True
ZTF23abexebx,events/ZTF23abexebx.npz,SN Ia,SNI,core,38,15,23,True
ZTF23abezmku,events/ZTF23abezmku.npz,SN Ia,SNI,core,33,14,19,True
ZTF23abffvrm,events/ZTF23abffvrm.npz,SN Ia-91T,SNI,core,33,18,15,True
ZTF23abfglcy,events/ZTF23abfglcy.npz,SN IIn,SNII,core,27,13,14,True
ZTF23abfmkep,events/ZTF23abfmkep.npz,SN Ia,SNI,core,11,5,6,True
ZTF23abfmlft,events/ZTF23abfmlft.npz,SN Ia,SNI,core,28,13,15,True
ZTF23abfpegt,events/ZTF23abfpegt.npz,SN IIb,SNII,core,44,22,22,True
ZTF23abfroaw,events/ZTF23abfroaw.npz,SN Ia,SNI,core,32,18,14,True
ZTF23abfubfc,events/ZTF23abfubfc.npz,SN Ia,SNI,core,30,11,19,True
ZTF23abfvoig,events/ZTF23abfvoig.npz,SN IIb,SNII,core,20,11,9,True
ZTF23abfxxod,events/ZTF23abfxxod.npz,SN Ia,SNI,core,30,12,18,True
ZTF23abgfwhj,events/ZTF23abgfwhj.npz,SN Ia,SNI,core,23,10,13,True
ZTF23abgfxqn,events/ZTF23abgfxqn.npz,SN Ia,SNI,core,43,18,25,True
ZTF23abghfyg,events/ZTF23abghfyg.npz,SN Ia,SNI,core,26,9,17,True
ZTF23abghttj,events/ZTF23abghttj.npz,SN II,SNII,core,24,13,11,True
ZTF23abgjggv,events/ZTF23abgjggv.npz,SN Ia,SNI,core,9,8,1,False
ZTF23abgkmxh,events/ZTF23abgkmxh.npz,SN Ia,SNI,core,42,18,24,True
ZTF23abgltid,events/ZTF23abgltid.npz,SN Ia,SNI,core,22,8,14,True
ZTF23abgncdh,events/ZTF23abgncdh.npz,SN Ia,SNI,core,29,12,17,True
ZTF23abgnfdv,events/ZTF23abgnfdv.npz,SN Ia,SNI,core,28,11,17,True
ZTF23abgnkrr,events/ZTF23abgnkrr.npz,SN Ia,SNI,core,19,8,11,True
ZTF23abgnvhq,events/ZTF23abgnvhq.npz,SN Ia,SNI,core,49,7,42,True
ZTF23abgnvsh,events/ZTF23abgnvsh.npz,SN II,SNII,core,69,11,58,True
ZTF23abgnxri,events/ZTF23abgnxri.npz,SN IIn,SNII,core,60,12,48,True
ZTF23abgovnz,events/ZTF23abgovnz.npz,SN Ia,SNI,core,22,10,12,True
ZTF23abgpokx,events/ZTF23abgpokx.npz,SN Ia,SNI,core,36,18,18,True
ZTF23abgqzhi,events/ZTF23abgqzhi.npz,SN Ia,SNI,core,35,14,21,True
ZTF23abgspvs,events/ZTF23abgspvs.npz,SN Ia,SNI,core,32,15,17,True
ZTF23abgspys,events/ZTF23abgspys.npz,SN Ia,SNI,core,31,14,17,True
ZTF23abgspzj,events/ZTF23abgspzj.npz,SN Ia,SNI,core,12,11,1,False
ZTF23abgtmzs,events/ZTF23abgtmzs.npz,SN Ia,SNI,core,30,14,16,True
ZTF23abgvtxr,events/ZTF23abgvtxr.npz,SN Ia,SNI,core,37,19,18,True
ZTF23abgwvkv,events/ZTF23abgwvkv.npz,SN Ia,SNI,core,13,7,6,True
ZTF23abgyyvj,events/ZTF23abgyyvj.npz,SN II,SNII,core,58,30,28,True
ZTF23abgzrmz,events/ZTF23abgzrmz.npz,SN Ia,SNI,core,10,10,0,False
ZTF23abhafym,events/ZTF23abhafym.npz,SN Ia,SNI,core,31,11,20,True
ZTF23abhailb,events/ZTF23abhailb.npz,SN II,SNII,core,33,17,16,True
ZTF23abhfhze,events/ZTF23abhfhze.npz,SN Ia,SNI,core,8,8,0,False
ZTF23abhshdk,events/ZTF23abhshdk.npz,SN Ia,SNI,core,29,13,16,True
ZTF23abhshea,events/ZTF23abhshea.npz,SN Ia,SNI,core,26,10,16,True
ZTF23abhtsna,events/ZTF23abhtsna.npz,SN Ia,SNI,core,34,17,17,True
ZTF23abhublj,events/ZTF23abhublj.npz,SN Ia,SNI,core,19,9,10,True
ZTF23abhvkby,events/ZTF23abhvkby.npz,SN Ia,SNI,core,21,11,10,True
ZTF23abhvlji,events/ZTF23abhvlji.npz,SN Ia,SNI,core,26,12,14,True
ZTF23abhvqgq,events/ZTF23abhvqgq.npz,SN Ia,SNI,core,2,1,1,False
ZTF23abhvrhm,events/ZTF23abhvrhm.npz,SN Ic,SNI,core,6,2,4,False
ZTF23abhvsbo,events/ZTF23abhvsbo.npz,SN Ia,SNI,core,16,8,8,True
ZTF23abhvuft,events/ZTF23abhvuft.npz,SN Ia,SNI,core,36,18,18,True
ZTF23abhweyr,events/ZTF23abhweyr.npz,SN II,SNII,core,1,0,1,False
ZTF23abhwhho,events/ZTF23abhwhho.npz,SN Ia,SNI,core,37,18,19,True
ZTF23abhxbjo,events/ZTF23abhxbjo.npz,SN Ia,SNI,core,10,7,3,True
ZTF23abhxvly,events/ZTF23abhxvly.npz,SN Ia,SNI,core,30,14,16,True
ZTF23abhyroo,events/ZTF23abhyroo.npz,SN II,SNII,core,74,16,58,True
ZTF23abhyssf,events/ZTF23abhyssf.npz,SN II,SNII,core,130,22,108,True
ZTF23abhyxpr,events/ZTF23abhyxpr.npz,SN Ib,SNI,core,15,8,7,True
ZTF23abhzcbs,events/ZTF23abhzcbs.npz,SN Ia,SNI,core,19,4,15,True
ZTF23abhzfww,events/ZTF23abhzfww.npz,SN II,SNII,core,30,15,15,True
ZTF23abhzlbh,events/ZTF23abhzlbh.npz,SN Ia,SNI,core,29,15,14,True
ZTF23abhzoyw,events/ZTF23abhzoyw.npz,SN Ia,SNI,core,20,10,10,True
ZTF23abhzwll,events/ZTF23abhzwll.npz,SN Ia,SNI,core,20,9,11,True
ZTF23abhzxwm,events/ZTF23abhzxwm.npz,SN II,SNII,core,41,21,20,True
ZTF23abiahyg,events/ZTF23abiahyg.npz,SN Ia,SNI,core,29,14,15,True
ZTF23abieafn,events/ZTF23abieafn.npz,SN Ia,SNI,core,23,11,12,True
ZTF23abiearq,events/ZTF23abiearq.npz,SN Ia,SNI,core,38,10,28,True
ZTF23abiewbt,events/ZTF23abiewbt.npz,SN II,SNII,core,9,2,7,True
ZTF23abifxlj,events/ZTF23abifxlj.npz,SN Ia,SNI,core,1,0,1,False
ZTF23abigzke,events/ZTF23abigzke.npz,SN Ia,SNI,core,32,22,10,True
ZTF23abihavc,events/ZTF23abihavc.npz,SN Ia,SNI,core,23,10,13,True
ZTF23abihzbq,events/ZTF23abihzbq.npz,SN Ia,SNI,core,25,11,14,True
ZTF23abiixsk,events/ZTF23abiixsk.npz,SN Ia,SNI,core,35,4,31,True
ZTF23abijmzk,events/ZTF23abijmzk.npz,SN Ia,SNI,core,30,12,18,True
ZTF23abijnsm,events/ZTF23abijnsm.npz,SN Ia,SNI,core,31,16,15,True
ZTF23abijopy,events/ZTF23abijopy.npz,SN Ia,SNI,core,22,10,12,True
ZTF23abikioc,events/ZTF23abikioc.npz,SN Ib,SNI,core,6,3,3,False
ZTF23abiljba,events/ZTF23abiljba.npz,SN Ia,SNI,core,17,7,10,True
ZTF23abioirc,events/ZTF23abioirc.npz,SN II,SNII,core,45,26,19,True
ZTF23abivaby,events/ZTF23abivaby.npz,SN Ia,SNI,core,38,18,20,True
ZTF23abivuzt,events/ZTF23abivuzt.npz,SN Ia,SNI,core,9,1,8,False
ZTF23abiwnpj,events/ZTF23abiwnpj.npz,SN Ia,SNI,core,68,32,36,True
ZTF23abizggb,events/ZTF23abizggb.npz,SN Ia,SNI,core,12,7,5,True
ZTF23abjazdg,events/ZTF23abjazdg.npz,SN Ia,SNI,core,27,14,13,True
ZTF23abjbkau,events/ZTF23abjbkau.npz,SN Ia,SNI,core,12,6,6,True
ZTF23abjdrvd,events/ZTF23abjdrvd.npz,SN Ia,SNI,core,48,23,25,True
ZTF23abjehlx,events/ZTF23abjehlx.npz,SN II,SNII,core,32,14,18,True
ZTF23abjexnw,events/ZTF23abjexnw.npz,SN Ia,SNI,core,38,19,19,True
ZTF23abjfpng,events/ZTF23abjfpng.npz,SN II,SNII,core,31,17,14,True
ZTF23abjfrbi,events/ZTF23abjfrbi.npz,SN Ia,SNI,core,50,32,18,True
ZTF23abjfuhi,events/ZTF23abjfuhi.npz,SN Ia,SNI,core,18,15,3,True
ZTF23abjhvzr,events/ZTF23abjhvzr.npz,SN Ia,SNI,core,25,13,12,True
ZTF23abjhwem,events/ZTF23abjhwem.npz,SN IIn,SNII,core,44,23,21,True
ZTF23abjieca,events/ZTF23abjieca.npz,SN Ia,SNI,core,21,11,10,True
ZTF23abjikaf,events/ZTF23abjikaf.npz,SN IIn,SNII,core,39,19,20,True
ZTF23abjjqxf,events/ZTF23abjjqxf.npz,SN II,SNII,core,48,29,19,True
ZTF23abjpakq,events/ZTF23abjpakq.npz,SN Ia,SNI,core,22,11,11,True
ZTF23abjpcza,events/ZTF23abjpcza.npz,SN Ia,SNI,core,45,23,22,True
ZTF23abjqxbe,events/ZTF23abjqxbe.npz,SN Ia,SNI,core,29,14,15,True
ZTF23abjrdem,events/ZTF23abjrdem.npz,SN IIP,SNII,core,51,25,26,True
ZTF23abjrdne,events/ZTF23abjrdne.npz,SN Ia,SNI,core,48,24,24,True
ZTF23abjrolf,events/ZTF23abjrolf.npz,SN IIb,SNII,core,28,11,17,True
ZTF23abjrolk,events/ZTF23abjrolk.npz,SN Ic,SNI,core,19,9,10,True
ZTF23abjstcg,events/ZTF23abjstcg.npz,SN II,SNII,core,25,6,19,True
ZTF23abjthou,events/ZTF23abjthou.npz,SN II,SNII,core,26,13,13,True
ZTF23abjtozz,events/ZTF23abjtozz.npz,SN Ia,SNI,core,21,10,11,True
ZTF23abjuygh,events/ZTF23abjuygh.npz,SN Ia,SNI,core,34,15,19,True
ZTF23abjvuwc,events/ZTF23abjvuwc.npz,SN IIn,SNII,core,48,27,21,True
ZTF23abjwegr,events/ZTF23abjwegr.npz,SN Ia,SNI,core,27,13,14,True
ZTF23abjwgre,events/ZTF23abjwgre.npz,SN IIP,SNII,core,33,14,19,True
ZTF23abjxqwr,events/ZTF23abjxqwr.npz,SN Ia-91T,SNI,core,68,32,36,True
ZTF23abjyjpb,events/ZTF23abjyjpb.npz,SN Ia,SNI,core,38,19,19,True
ZTF23abjyups,events/ZTF23abjyups.npz,SN Ia,SNI,core,79,39,40,True
ZTF23abjzcde,events/ZTF23abjzcde.npz,SN II,SNII,core,27,11,16,True
ZTF23abjzkmx,events/ZTF23abjzkmx.npz,SN Ib,SNI,core,21,9,12,True
ZTF23abjzkqu,events/ZTF23abjzkqu.npz,SN Ia,SNI,core,33,18,15,True
ZTF23abkaijq,events/ZTF23abkaijq.npz,SN Ia,SNI,core,2,0,2,False
ZTF23abkbieh,events/ZTF23abkbieh.npz,SN Ia,SNI,core,25,11,14,True
ZTF23abkdzxh,events/ZTF23abkdzxh.npz,SN II,SNII,core,45,24,21,True
ZTF23abkfsny,events/ZTF23abkfsny.npz,SN Ia-91T,SNI,core,21,13,8,True
ZTF23abkgdei,events/ZTF23abkgdei.npz,SN Ia-pec,SNI,core,21,8,13,True
ZTF23abkhajf,events/ZTF23abkhajf.npz,SN IIP,SNII,core,47,23,24,True
ZTF23abkhwgb,events/ZTF23abkhwgb.npz,SN IIn,SNII,core,34,20,14,True
ZTF23abkixdb,events/ZTF23abkixdb.npz,TDE,TDE,core,23,13,10,True
ZTF23abkixfb,events/ZTF23abkixfb.npz,SN II,SNII,core,29,15,14,True
ZTF23abkkajk,events/ZTF23abkkajk.npz,SN Ia,SNI,core,20,12,8,True
ZTF23abkklxm,events/ZTF23abkklxm.npz,SN Ia,SNI,core,5,5,0,False
ZTF23abkornc,events/ZTF23abkornc.npz,SN II,SNII,core,26,11,15,True
ZTF23abkoshi,events/ZTF23abkoshi.npz,SN II,SNII,core,21,6,15,True
ZTF23abkphfu,events/ZTF23abkphfu.npz,SN IIn,SNII,core,25,12,13,True
ZTF23abktfjr,events/ZTF23abktfjr.npz,SN Ia,SNI,core,43,18,25,True
ZTF23ablavhx,events/ZTF23ablavhx.npz,SN Ia,SNI,core,20,10,10,True
ZTF23ablaxwm,events/ZTF23ablaxwm.npz,SN II,SNII,core,26,14,12,True
ZTF23ablimhl,events/ZTF23ablimhl.npz,SN Ia,SNI,core,26,21,5,True
ZTF23ablnqxh,events/ZTF23ablnqxh.npz,SN Ia,SNI,core,21,10,11,True
ZTF23ablpfnb,events/ZTF23ablpfnb.npz,SN Ia,SNI,core,26,12,14,True
ZTF23ablrwcj,events/ZTF23ablrwcj.npz,SN Ia-91bg,SNI,core,30,13,17,True
ZTF23ablspnz,events/ZTF23ablspnz.npz,SN II,SNII,core,45,23,22,True
ZTF23ablutgq,events/ZTF23ablutgq.npz,SN IIn,SNII,core,11,4,7,True
ZTF23abluzif,events/ZTF23abluzif.npz,SN Ia,SNI,core,31,14,17,True
ZTF23ablvlrz,events/ZTF23ablvlrz.npz,SN II,SNII,core,11,8,3,True
ZTF23abmewfr,events/ZTF23abmewfr.npz,SN Ia,SNI,core,23,11,12,True
ZTF23abmodbf,events/ZTF23abmodbf.npz,SN Ia-91T,SNI,core,14,8,6,True
ZTF23abmoxlu,events/ZTF23abmoxlu.npz,SN II,SNII,core,47,24,23,True
ZTF23abmpqvv,events/ZTF23abmpqvv.npz,SN Ia,SNI,core,17,9,8,True
ZTF23abmpuhp,events/ZTF23abmpuhp.npz,SN Ia,SNI,core,33,19,14,True
ZTF23abmtzcg,events/ZTF23abmtzcg.npz,SN Ia,SNI,core,15,10,5,True
ZTF23abmzebo,events/ZTF23abmzebo.npz,SN Ia,SNI,core,18,10,8,True
ZTF23abnbgfb,events/ZTF23abnbgfb.npz,SN Ia,SNI,core,36,23,13,True
ZTF23abncsdu,events/ZTF23abncsdu.npz,SN II,SNII,core,12,4,8,True
ZTF23abndank,events/ZTF23abndank.npz,SN Ia-91T,SNI,core,15,9,6,True
ZTF23abndgbw,events/ZTF23abndgbw.npz,SN II,SNII,core,20,11,9,True
ZTF23abndgcq,events/ZTF23abndgcq.npz,SN Ia,SNI,core,20,10,10,True
ZTF23abndpnt,events/ZTF23abndpnt.npz,SN Ia,SNI,core,7,3,4,False
ZTF23abndrow,events/ZTF23abndrow.npz,SN Ia,SNI,core,13,8,5,True
ZTF23abndxzj,events/ZTF23abndxzj.npz,SN Ia,SNI,core,41,17,24,True
ZTF23abnevza,events/ZTF23abnevza.npz,SN II,SNII,core,11,9,2,True
ZTF23abnfram,events/ZTF23abnfram.npz,SN Ia,SNI,core,15,8,7,True
ZTF23abnivuj,events/ZTF23abnivuj.npz,SN Ia,SNI,core,8,6,2,True
ZTF23abnjxml,events/ZTF23abnjxml.npz,SN II,SNII,core,18,0,18,False
ZTF23abnkwpb,events/ZTF23abnkwpb.npz,SN Ia,SNI,core,10,9,1,False
ZTF23abnmdqn,events/ZTF23abnmdqn.npz,SN Ia,SNI,core,39,23,16,True
ZTF23abnogui,events/ZTF23abnogui.npz,SN II,SNII,core,30,13,17,True
ZTF23abnoilr,events/ZTF23abnoilr.npz,SN Ia-91T,SNI,core,23,11,12,True
ZTF23abnpddd,events/ZTF23abnpddd.npz,SN Ia,SNI,core,10,6,4,True
ZTF23abnpdod,events/ZTF23abnpdod.npz,CV,CV,core,22,11,11,True
ZTF23abnpjlt,events/ZTF23abnpjlt.npz,SN Ia,SNI,core,12,6,6,True
ZTF23abnpoqp,events/ZTF23abnpoqp.npz,SN Ib,SNI,core,12,7,5,True
ZTF23abnprwj,events/ZTF23abnprwj.npz,SN Ia,SNI,core,21,11,10,True
ZTF23abnqbkx,events/ZTF23abnqbkx.npz,SN Ia,SNI,core,13,7,6,True
ZTF23abnreud,events/ZTF23abnreud.npz,SN Ia,SNI,core,24,7,17,True
ZTF23abnrtcb,events/ZTF23abnrtcb.npz,SN II,SNII,core,12,10,2,True
ZTF23abntqpx,events/ZTF23abntqpx.npz,SN Ia,SNI,core,21,10,11,True
ZTF23abnxcty,events/ZTF23abnxcty.npz,SN Ia-91T,SNI,core,13,7,6,True
ZTF23abnydbs,events/ZTF23abnydbs.npz,SN Ia,SNI,core,2,0,2,False
ZTF23abnymxl,events/ZTF23abnymxl.npz,SN Ia,SNI,core,15,6,9,True
ZTF23abnyvka,events/ZTF23abnyvka.npz,SN Ia,SNI,core,17,9,8,True
ZTF23abobwsd,events/ZTF23abobwsd.npz,SN IIb,SNII,core,17,6,11,True
ZTF23abochfb,events/ZTF23abochfb.npz,SN Ic-BL,SNI,core,14,9,5,True
ZTF23abodvms,events/ZTF23abodvms.npz,SN Ia,SNI,core,12,4,8,True
ZTF23aboemfi,events/ZTF23aboemfi.npz,SN Ia,SNI,core,29,13,16,True
ZTF23abofyzh,events/ZTF23abofyzh.npz,SN Ia-91T,SNI,core,12,9,3,True
ZTF23abogwmg,events/ZTF23abogwmg.npz,SN Ia,SNI,core,32,17,15,True
ZTF23aboicxj,events/ZTF23aboicxj.npz,SN Ia,SNI,core,13,8,5,True
ZTF23abokhwf,events/ZTF23abokhwf.npz,SN Ia,SNI,core,18,8,10,True
ZTF23abokzba,events/ZTF23abokzba.npz,SN II,SNII,core,13,6,7,True
ZTF23abolkiw,events/ZTF23abolkiw.npz,SN II,SNII,core,24,11,13,True
ZTF23abolyrl,events/ZTF23abolyrl.npz,SN II,SNII,core,25,13,12,True
ZTF23abomeiu,events/ZTF23abomeiu.npz,SN Ia,SNI,core,9,5,4,True
ZTF23abomtge,events/ZTF23abomtge.npz,SN IIn,SNII,core,23,10,13,True
ZTF23abomtjc,events/ZTF23abomtjc.npz,SN Ic,SNI,core,109,9,100,True
ZTF23abookzh,events/ZTF23abookzh.npz,SN II,SNII,core,7,3,4,False
ZTF23abooocr,events/ZTF23abooocr.npz,SN Ia,SNI,core,26,12,14,True
ZTF23abovaur,events/ZTF23abovaur.npz,SN Ib,SNI,core,22,11,11,True
ZTF23abovvas,events/ZTF23abovvas.npz,SN Ia,SNI,core,11,5,6,True
ZTF23aboywdj,events/ZTF23aboywdj.npz,SN II,SNII,core,22,9,13,True
ZTF23abozxbp,events/ZTF23abozxbp.npz,SN Ia,SNI,core,7,0,7,False
ZTF23abpbdfm,events/ZTF23abpbdfm.npz,SN Ia,SNI,core,51,27,24,True
ZTF23abpbuha,events/ZTF23abpbuha.npz,SN II,SNII,core,3,0,3,False
ZTF23abpedpu,events/ZTF23abpedpu.npz,SN Ia,SNI,core,18,8,10,True
ZTF23abphqjk,events/ZTF23abphqjk.npz,SN II,SNII,core,20,8,12,True
ZTF23abpihew,events/ZTF23abpihew.npz,SN Ia,SNI,core,21,13,8,True
ZTF23abpnqng,events/ZTF23abpnqng.npz,SN II,SNII,core,15,9,6,True
ZTF23abpqklj,events/ZTF23abpqklj.npz,SN Ia,SNI,core,16,6,10,True
ZTF23abprqjx,events/ZTF23abprqjx.npz,SN Ia,SNI,core,14,6,8,True
ZTF23abprvfl,events/ZTF23abprvfl.npz,SN Ia-91T,SNI,core,20,8,12,True
ZTF23abptnaj,events/ZTF23abptnaj.npz,SN Ia,SNI,core,22,13,9,True
ZTF23abpuxjl,events/ZTF23abpuxjl.npz,SN Ia,SNI,core,5,4,1,False
ZTF23abpydvb,events/ZTF23abpydvb.npz,SN II,SNII,core,34,19,15,True
ZTF23abpznvm,events/ZTF23abpznvm.npz,SN IIn,SNII,core,44,23,21,True
ZTF23abqbjjb,events/ZTF23abqbjjb.npz,SN II,SNII,core,14,5,9,True
ZTF23abqbpob,events/ZTF23abqbpob.npz,SN Ia-91T,SNI,core,31,12,19,True
ZTF23abqbtam,events/ZTF23abqbtam.npz,SN Ia,SNI,core,17,8,9,True
ZTF23abqbuft,events/ZTF23abqbuft.npz,SN Ia,SNI,core,17,7,10,True
ZTF23abqcuvw,events/ZTF23abqcuvw.npz,SN Ia,SNI,core,5,2,3,False
ZTF23abqfuwf,events/ZTF23abqfuwf.npz,SN Ia,SNI,core,9,3,6,True
ZTF23abqimmw,events/ZTF23abqimmw.npz,SN IIn,SNII,core,26,13,13,True
ZTF23abqiykq,events/ZTF23abqiykq.npz,SN Ic-BL,SNI,core,16,8,8,True
ZTF23abqkppm,events/ZTF23abqkppm.npz,SN II,SNII,core,35,20,15,True
ZTF23abqohgc,events/ZTF23abqohgc.npz,SN Ia,SNI,core,8,4,4,True
ZTF23abqqixn,events/ZTF23abqqixn.npz,SN Ia,SNI,core,20,12,8,True
ZTF23abqrshk,events/ZTF23abqrshk.npz,SN IIn,SNII,core,74,43,31,True
ZTF23abqvnik,events/ZTF23abqvnik.npz,SN Ia,SNI,core,10,0,10,False
ZTF23abqxgmf,events/ZTF23abqxgmf.npz,SN Ia,SNI,core,5,3,2,False
ZTF23abqytgt,events/ZTF23abqytgt.npz,SN Ia,SNI,core,7,4,3,False
ZTF23abrhwtt,events/ZTF23abrhwtt.npz,SN Ia,SNI,core,7,3,4,False
ZTF23abrqyby,events/ZTF23abrqyby.npz,SN II,SNII,core,10,8,2,True
ZTF23abrqzjb,events/ZTF23abrqzjb.npz,SN Ia,SNI,core,8,4,4,True
ZTF23abrrcgd,events/ZTF23abrrcgd.npz,SN Ia,SNI,core,10,5,5,True
ZTF23abrrdxz,events/ZTF23abrrdxz.npz,SN Ia,SNI,core,12,5,7,True
ZTF23abrrlrf,events/ZTF23abrrlrf.npz,SN II,SNII,core,25,8,17,True
ZTF23abrvauz,events/ZTF23abrvauz.npz,SN Ia,SNI,core,24,13,11,True
ZTF23abrvgfi,events/ZTF23abrvgfi.npz,SN Ia,SNI,core,5,3,2,False
ZTF23abrydus,events/ZTF23abrydus.npz,SN IIn,SNII,core,14,7,7,True
ZTF23abryfga,events/ZTF23abryfga.npz,SN Ia,SNI,core,6,3,3,False
ZTF23abryfmg,events/ZTF23abryfmg.npz,SN Ia,SNI,core,7,3,4,False
ZTF23abrynqp,events/ZTF23abrynqp.npz,SN Ia,SNI,core,11,3,8,True
ZTF23abryxcp,events/ZTF23abryxcp.npz,SN Ia,SNI,core,7,3,4,False
ZTF23abrzezc,events/ZTF23abrzezc.npz,SN Ia,SNI,core,27,15,12,True
ZTF23abrzfge,events/ZTF23abrzfge.npz,SN II,SNII,core,28,12,16,True
ZTF23abrzrcq,events/ZTF23abrzrcq.npz,SN Ia,SNI,core,21,10,11,True
ZTF23abrzukd,events/ZTF23abrzukd.npz,SN Ia,SNI,core,9,3,6,True
ZTF23abrzxeb,events/ZTF23abrzxeb.npz,SN II,SNII,core,3,3,0,False
ZTF23absaexv,events/ZTF23absaexv.npz,SN Ia,SNI,core,17,9,8,True
ZTF23absapsv,events/ZTF23absapsv.npz,SN Ia,SNI,core,7,5,2,False
ZTF23absaqqu,events/ZTF23absaqqu.npz,SN Ia,SNI,core,6,3,3,False
ZTF23absbjlp,events/ZTF23absbjlp.npz,SN Ic,SNI,core,11,5,6,True
ZTF23absbjtt,events/ZTF23absbjtt.npz,SN Ia,SNI,core,21,14,7,True
ZTF23absbkhe,events/ZTF23absbkhe.npz,SN Ia,SNI,core,9,4,5,True
ZTF23absbmfw,events/ZTF23absbmfw.npz,SN Ia,SNI,core,22,11,11,True
ZTF23absboby,events/ZTF23absboby.npz,SN Ia,SNI,core,12,6,6,True
ZTF23absbqun,events/ZTF23absbqun.npz,SN Ib,SNI,core,9,4,5,True
ZTF23absbygq,events/ZTF23absbygq.npz,SN Ia,SNI,core,23,15,8,True
ZTF23absbyol,events/ZTF23absbyol.npz,SN Ia,SNI,core,17,12,5,True
ZTF23absbzfi,events/ZTF23absbzfi.npz,SN Ia,SNI,core,19,12,7,True
ZTF23absbzli,events/ZTF23absbzli.npz,SN IIn,SNII,core,34,21,13,True
ZTF23abscohj,events/ZTF23abscohj.npz,SN Ia,SNI,core,23,13,10,True
ZTF23abscruh,events/ZTF23abscruh.npz,SN Ia,SNI,core,20,12,8,True
ZTF23abscvhv,events/ZTF23abscvhv.npz,SN II,SNII,core,17,8,9,True
ZTF23absdcgi,events/ZTF23absdcgi.npz,SN II,SNII,core,28,12,16,True
ZTF23absddkf,events/ZTF23absddkf.npz,SN Ia,SNI,core,20,8,12,True
ZTF23absdgcj,events/ZTF23absdgcj.npz,SN Ia,SNI,core,22,13,9,True
ZTF23absdibx,events/ZTF23absdibx.npz,SN IIn,SNII,core,26,11,15,True
ZTF23absdnjb,events/ZTF23absdnjb.npz,SN Ia,SNI,core,7,4,3,False
ZTF23absdnmt,events/ZTF23absdnmt.npz,SN Ia,SNI,core,13,4,9,True
ZTF23absdqly,events/ZTF23absdqly.npz,SN Ia,SNI,core,21,11,10,True
ZTF23absdvtp,events/ZTF23absdvtp.npz,SN Ia,SNI,core,11,4,7,True
ZTF23absejyc,events/ZTF23absejyc.npz,SN II,SNII,core,11,5,6,True
ZTF23absekbz,events/ZTF23absekbz.npz,SN II,SNII,core,7,4,3,False
ZTF23absepck,events/ZTF23absepck.npz,SN Ia,SNI,core,3,3,0,False
ZTF23absephc,events/ZTF23absephc.npz,SN Ia,SNI,core,9,4,5,True
ZTF23abseqoa,events/ZTF23abseqoa.npz,SN IIP,SNII,core,5,3,2,False
ZTF23absevxk,events/ZTF23absevxk.npz,SN Ia,SNI,core,10,5,5,True
ZTF23absflyh,events/ZTF23absflyh.npz,SN Ia,SNI,core,4,3,1,False
ZTF23absfszz,events/ZTF23absfszz.npz,SN II,SNII,core,6,3,3,False
ZTF23absgcqv,events/ZTF23absgcqv.npz,SN Ic,SNI,core,18,8,10,True
ZTF23absgdom,events/ZTF23absgdom.npz,SN Ia,SNI,core,35,20,15,True
ZTF23absguth,events/ZTF23absguth.npz,SN Ia,SNI,core,35,19,16,True
ZTF23abshiqq,events/ZTF23abshiqq.npz,SN II,SNII,core,19,7,12,True
ZTF23abshmtt,events/ZTF23abshmtt.npz,SN Ia-pec,SNI,core,24,15,9,True
ZTF23abshzag,events/ZTF23abshzag.npz,SN Ia,SNI,core,19,12,7,True
ZTF23absirul,events/ZTF23absirul.npz,SN IIP,SNII,core,20,8,12,True
ZTF23absiytp,events/ZTF23absiytp.npz,SN II,SNII,core,16,8,8,True
ZTF23absizez,events/ZTF23absizez.npz,SN Ia-91T,SNI,core,36,18,18,True
ZTF23absjbyu,events/ZTF23absjbyu.npz,SN Ia,SNI,core,1,0,1,False
ZTF23absjede,events/ZTF23absjede.npz,SN Ia,SNI,core,29,18,11,True
ZTF23absjgik,events/ZTF23absjgik.npz,SN Ia,SNI,core,21,12,9,True
ZTF23absjgou,events/ZTF23absjgou.npz,SN II,SNII,core,7,2,5,False
ZTF23absjgsh,events/ZTF23absjgsh.npz,SN Ib,SNI,core,20,11,9,True
ZTF23absjgwn,events/ZTF23absjgwn.npz,SN Ia,SNI,core,5,5,0,False
ZTF23absjgww,events/ZTF23absjgww.npz,SN IIP,SNII,core,16,9,7,True
ZTF23absjgxb,events/ZTF23absjgxb.npz,SN IIP,SNII,core,16,13,3,True
ZTF23absjgzg,events/ZTF23absjgzg.npz,AGN,AGN,core,12,10,2,True
ZTF23absjheu,events/ZTF23absjheu.npz,SN IIP,SNII,core,11,7,4,True
ZTF23absliqb,events/ZTF23absliqb.npz,SN II,SNII,core,6,3,3,False
ZTF23absohlp,events/ZTF23absohlp.npz,SN Ia,SNI,core,11,5,6,True
ZTF23absouua,events/ZTF23absouua.npz,SN Ia,SNI,core,16,10,6,True
ZTF23abspaqj,events/ZTF23abspaqj.npz,SN IIb,SNII,core,17,3,14,True
ZTF23abspjiu,events/ZTF23abspjiu.npz,SN Ia-91bg,SNI,core,2,0,2,False
ZTF23absqicj,events/ZTF23absqicj.npz,SN Ia,SNI,core,8,3,5,True
ZTF23absqlwb,events/ZTF23absqlwb.npz,SN Ia,SNI,core,3,2,1,False
ZTF23absqqnj,events/ZTF23absqqnj.npz,SN Ia,SNI,core,8,5,3,True
ZTF23absscow,events/ZTF23absscow.npz,SN II,SNII,core,8,4,4,True
ZTF23abstuve,events/ZTF23abstuve.npz,SN Ia,SNI,core,5,0,5,False
ZTF23absvnkc,events/ZTF23absvnkc.npz,SN Ia,SNI,core,23,15,8,True
ZTF23abswflc,events/ZTF23abswflc.npz,SN Ib,SNI,core,2,1,1,False
ZTF23abtcveg,events/ZTF23abtcveg.npz,SN Ia,SNI,core,33,17,16,True
ZTF23abtdizt,events/ZTF23abtdizt.npz,SN IIb,SNII,core,24,15,9,True
ZTF23abtjdtm,events/ZTF23abtjdtm.npz,SN Ic-BL,SNI,core,26,14,12,True
ZTF23abtjkql,events/ZTF23abtjkql.npz,SN Ia,SNI,core,48,22,26,True
ZTF23abtjrbz,events/ZTF23abtjrbz.npz,SN Ic,SNI,core,19,9,10,True
ZTF23abtlnrc,events/ZTF23abtlnrc.npz,SN Ia,SNI,core,9,5,4,True
ZTF23abtnhva,events/ZTF23abtnhva.npz,SN Ia,SNI,core,17,1,16,False
ZTF23abtniaf,events/ZTF23abtniaf.npz,SN Ia,SNI,core,32,9,23,True
ZTF23abtooan,events/ZTF23abtooan.npz,SN Ia,SNI,core,12,7,5,True
ZTF23abtopsg,events/ZTF23abtopsg.npz,SN Ib,SNI,core,16,6,10,True
ZTF23abtowce,events/ZTF23abtowce.npz,SN Ia,SNI,core,6,5,1,False
ZTF23abttrtj,events/ZTF23abttrtj.npz,SN Ia,SNI,core,7,6,1,False
ZTF23abtttrl,events/ZTF23abtttrl.npz,SN Ia-91T,SNI,core,18,9,9,True
ZTF23abtubey,events/ZTF23abtubey.npz,SN Ia,SNI,core,15,8,7,True
ZTF23abtxmmt,events/ZTF23abtxmmt.npz,SN Ia,SNI,core,24,13,11,True
ZTF23abtycgb,events/ZTF23abtycgb.npz,SN II,SNII,core,20,12,8,True
ZTF23abudnet,events/ZTF23abudnet.npz,SN Ia,SNI,core,23,12,11,True
ZTF23abuitpw,events/ZTF23abuitpw.npz,SN Ia,SNI,core,17,11,6,True
ZTF23abukhsi,events/ZTF23abukhsi.npz,SN Ia,SNI,core,5,5,0,False
ZTF23abuwrzn,events/ZTF23abuwrzn.npz,SN II,SNII,core,30,2,28,True
ZTF23abvbqrz,events/ZTF23abvbqrz.npz,SN Ia,SNI,core,25,4,21,True
ZTF23abvbwys,events/ZTF23abvbwys.npz,SN Ia-91T,SNI,core,22,11,11,True
ZTF23abvdonl,events/ZTF23abvdonl.npz,SN Ia,SNI,core,21,9,12,True
ZTF23abvgvab,events/ZTF23abvgvab.npz,SN II,SNII,core,18,11,7,True
ZTF23abvnahb,events/ZTF23abvnahb.npz,SN Ia,SNI,core,8,3,5,True
ZTF23abvnhfx,events/ZTF23abvnhfx.npz,SN Ia,SNI,core,7,4,3,False
ZTF23abvnhgg,events/ZTF23abvnhgg.npz,SN Ia,SNI,core,4,2,2,False
ZTF23abvnhyf,events/ZTF23abvnhyf.npz,SN Ia,SNI,core,3,1,2,False
ZTF23abvnmam,events/ZTF23abvnmam.npz,SN II,SNII,core,16,7,9,True
ZTF23abvommm,events/ZTF23abvommm.npz,SN II,SNII,core,22,12,10,True
ZTF23abvoqio,events/ZTF23abvoqio.npz,SN Ia,SNI,core,10,5,5,True
ZTF23abvoynt,events/ZTF23abvoynt.npz,SN Ia,SNI,core,15,5,10,True
ZTF23abvpeqs,events/ZTF23abvpeqs.npz,SN Ia,SNI,core,22,10,12,True
ZTF23abvrjdu,events/ZTF23abvrjdu.npz,SN II,SNII,core,12,8,4,True
ZTF23abvryfw,events/ZTF23abvryfw.npz,SN Ia,SNI,core,17,9,8,True
ZTF23abvtzdz,events/ZTF23abvtzdz.npz,SN Ia,SNI,core,19,8,11,True
ZTF23abvvkcc,events/ZTF23abvvkcc.npz,SN Ia,SNI,core,11,8,3,True
ZTF23abvyqwv,events/ZTF23abvyqwv.npz,SN Ia,SNI,core,16,8,8,True
ZTF23abvzhwa,events/ZTF23abvzhwa.npz,SN Ia,SNI,core,20,8,12,True
ZTF23abvzipb,events/ZTF23abvzipb.npz,SN Ia,SNI,core,4,2,2,False
ZTF24aaaajhy,events/ZTF24aaaajhy.npz,SN Ia,SNI,core,5,2,3,False
ZTF24aaaaxft,events/ZTF24aaaaxft.npz,SN Ia,SNI,core,4,0,4,False
ZTF24aaabbse,events/ZTF24aaabbse.npz,SN II,SNII,core,28,14,14,True
ZTF24aaabljq,events/ZTF24aaabljq.npz,SN IIn,SNII,core,30,15,15,True
ZTF24aaabybk,events/ZTF24aaabybk.npz,SN Ic,SNI,core,13,5,8,True
ZTF24aaacpsp,events/ZTF24aaacpsp.npz,SN Ia,SNI,core,24,11,13,True
ZTF24aaacvhp,events/ZTF24aaacvhp.npz,SN Ia,SNI,core,5,5,0,False
ZTF24aaaczuf,events/ZTF24aaaczuf.npz,SN Ia,SNI,core,17,9,8,True
ZTF24aaadcxh,events/ZTF24aaadcxh.npz,SN Ia-91bg,SNI,core,10,4,6,True
ZTF24aaadhuo,events/ZTF24aaadhuo.npz,SN Ia,SNI,core,7,3,4,False
ZTF24aaadhwf,events/ZTF24aaadhwf.npz,SN Ia,SNI,core,2,1,1,False
ZTF24aaadjyb,events/ZTF24aaadjyb.npz,SN IIb,SNII,core,10,4,6,True
ZTF24aaadlho,events/ZTF24aaadlho.npz,SN Ia,SNI,core,5,2,3,False
ZTF24aaadwlw,events/ZTF24aaadwlw.npz,SN II,SNII,core,2,1,1,False
ZTF24aaaefgv,events/ZTF24aaaefgv.npz,SN II,SNII,core,20,10,10,True
ZTF24aaaeisk,events/ZTF24aaaeisk.npz,SN Ia,SNI,core,6,3,3,False
ZTF24aaaenkg,events/ZTF24aaaenkg.npz,SN Ia-91T,SNI,core,4,2,2,False
ZTF24aaaenwq,events/ZTF24aaaenwq.npz,SN Ia,SNI,core,17,8,9,True
ZTF24aaaewiv,events/ZTF24aaaewiv.npz,SN Ia,SNI,core,20,10,10,True
ZTF24aaagezy,events/ZTF24aaagezy.npz,SN Ia,SNI,core,13,4,9,True
ZTF24aaahbvh,events/ZTF24aaahbvh.npz,SN Ia,SNI,core,15,7,8,True
ZTF24aaahwjj,events/ZTF24aaahwjj.npz,SN Ia,SNI,core,9,4,5,True
ZTF24aaahwrm,events/ZTF24aaahwrm.npz,SN Ia,SNI,core,12,4,8,True
ZTF24aaahwzj,events/ZTF24aaahwzj.npz,SN Ia,SNI,core,15,5,10,True
ZTF24aaahxph,events/ZTF24aaahxph.npz,SN Ia,SNI,core,6,2,4,False
ZTF24aaahxwr,events/ZTF24aaahxwr.npz,TDE,TDE,core,25,13,12,True
ZTF24aaaibep,events/ZTF24aaaibep.npz,SN II,SNII,core,36,18,15,True
ZTF24aaaidva,events/ZTF24aaaidva.npz,SN Ia,SNI,core,17,8,9,True
ZTF24aaaieeg,events/ZTF24aaaieeg.npz,SN II,SNII,core,31,13,18,True
ZTF24aaaimpu,events/ZTF24aaaimpu.npz,SN Ia,SNI,core,3,2,1,False
ZTF24aaaintg,events/ZTF24aaaintg.npz,SN Ia,SNI,core,4,2,2,False
ZTF24aaaisri,events/ZTF24aaaisri.npz,SN Ia,SNI,core,21,8,13,True
ZTF24aaajtzg,events/ZTF24aaajtzg.npz,SN Ia,SNI,core,18,7,11,True
ZTF24aaakprs,events/ZTF24aaakprs.npz,SN Ia,SNI,core,19,8,11,True
ZTF24aaamktr,events/ZTF24aaamktr.npz,SN Ia,SNI,core,5,2,3,False
ZTF24aaarwvd,events/ZTF24aaarwvd.npz,SN Ia,SNI,core,21,12,9,True
ZTF24aabbxvs,events/ZTF24aabbxvs.npz,AGN,AGN,core,361,2,359,True
ZTF24aabpeat,events/ZTF24aabpeat.npz,SN Ia,SNI,core,8,6,2,True
ZTF24aabplhb,events/ZTF24aabplhb.npz,SN Ia,SNI,core,18,6,12,True
ZTF24aabpojp,events/ZTF24aabpojp.npz,SN II,SNII,core,27,18,9,True
ZTF24aabppgn,events/ZTF24aabppgn.npz,SN II,SNII,core,18,13,5,True
ZTF24aabpzuz,events/ZTF24aabpzuz.npz,SN II,SNII,core,30,15,15,True
ZTF24aabqfbn,events/ZTF24aabqfbn.npz,SN II,SNII,core,27,12,15,True
ZTF24aabqihk,events/ZTF24aabqihk.npz,SN Ia,SNI,core,9,5,4,True
ZTF24aabsmvc,events/ZTF24aabsmvc.npz,SN II,SNII,core,35,16,19,True
ZTF24aabuaij,events/ZTF24aabuaij.npz,SN Ic-BL,SNI,core,8,2,6,True
ZTF24aabuisb,events/ZTF24aabuisb.npz,SN Ia,SNI,core,20,11,9,True
ZTF24aabvczs,events/ZTF24aabvczs.npz,SN Ia,SNI,core,9,6,3,True
ZTF24aabvdcs,events/ZTF24aabvdcs.npz,SN Ia,SNI,core,7,6,1,False
ZTF24aabvdxj,events/ZTF24aabvdxj.npz,SN Ib,SNI,core,6,5,1,False
ZTF24aabvede,events/ZTF24aabvede.npz,SN Ia,SNI,core,4,3,1,False
ZTF24aabvtdh,events/ZTF24aabvtdh.npz,SN Ia,SNI,core,10,4,6,True
ZTF24aabvugo,events/ZTF24aabvugo.npz,SN Ia,SNI,core,32,18,14,True
ZTF24aabwdid,events/ZTF24aabwdid.npz,SN Ia,SNI,core,6,3,3,False
ZTF24aabwuok,events/ZTF24aabwuok.npz,SN Ia,SNI,core,10,5,5,True
ZTF24aabwuul,events/ZTF24aabwuul.npz,SN Ia,SNI,core,9,5,4,True
ZTF24aabwvcl,events/ZTF24aabwvcl.npz,SN Ia,SNI,core,13,7,6,True
ZTF24aacaosi,events/ZTF24aacaosi.npz,SN Ib-pec,SNI,core,4,2,2,False
ZTF24aacapby,events/ZTF24aacapby.npz,SN Ia-91T,SNI,core,8,3,5,True
ZTF24aacavku,events/ZTF24aacavku.npz,SN Ib,SNI,core,24,13,11,True
ZTF24aacayhd,events/ZTF24aacayhd.npz,SN Ia,SNI,core,11,6,5,True
ZTF24aacbpej,events/ZTF24aacbpej.npz,SN Ia,SNI,core,14,7,7,True
ZTF24aacbqld,events/ZTF24aacbqld.npz,SN IIb,SNII,core,3,1,2,False
ZTF24aaceash,events/ZTF24aaceash.npz,SN Ia,SNI,core,14,4,10,True
ZTF24aacgrqp,events/ZTF24aacgrqp.npz,SN Ia,SNI,core,3,2,1,False
ZTF24aacivdo,events/ZTF24aacivdo.npz,SN Ia,SNI,core,25,12,13,True
ZTF24aacjcwl,events/ZTF24aacjcwl.npz,SN Ic,SNI,core,12,2,10,True
ZTF24aackkba,events/ZTF24aackkba.npz,SN Ia,SNI,core,13,9,4,True
ZTF24aackkkn,events/ZTF24aackkkn.npz,SN II,SNII,core,5,4,1,False
ZTF24aacluoy,events/ZTF24aacluoy.npz,SN Ia,SNI,core,12,6,6,True
ZTF24aacrfok,events/ZTF24aacrfok.npz,SN Ia,SNI,core,14,8,6,True
ZTF24aacxzca,events/ZTF24aacxzca.npz,SN II,SNII,core,16,4,12,True
ZTF24aacyttg,events/ZTF24aacyttg.npz,SN Ia,SNI,core,8,5,3,True
ZTF24aaczfve,events/ZTF24aaczfve.npz,SN Ib,SNI,core,45,21,22,True
ZTF24aaczgax,events/ZTF24aaczgax.npz,SN II,SNII,core,11,7,4,True
ZTF24aadauao,events/ZTF24aadauao.npz,SN Ia,SNI,core,12,7,5,True
ZTF24aadecbb,events/ZTF24aadecbb.npz,SN II,SNII,core,23,13,10,True
ZTF24aadegsz,events/ZTF24aadegsz.npz,SN Ia,SNI,core,2,0,2,False
ZTF24aadjxbk,events/ZTF24aadjxbk.npz,SN Ia,SNI,core,5,2,3,False
ZTF24aadknte,events/ZTF24aadknte.npz,SN Ia,SNI,core,12,5,7,True
ZTF24aadkslj,events/ZTF24aadkslj.npz,SN Ia,SNI,core,41,21,19,True
ZTF24aadkvnv,events/ZTF24aadkvnv.npz,SN Ia,SNI,core,21,9,12,True
ZTF24aadkwni,events/ZTF24aadkwni.npz,SN II,SNII,core,16,5,9,True
ZTF24aadkwol,events/ZTF24aadkwol.npz,SN Ia,SNI,core,38,18,18,True
ZTF24aadltss,events/ZTF24aadltss.npz,SN Ia,SNI,core,13,6,7,True
ZTF24aadluoc,events/ZTF24aadluoc.npz,SN Ia,SNI,core,7,5,2,False
ZTF24aadlwsg,events/ZTF24aadlwsg.npz,SN Ia,SNI,core,12,4,8,True
ZTF24aadmaqm,events/ZTF24aadmaqm.npz,SN Ia,SNI,core,10,7,3,True
ZTF24aadmryr,events/ZTF24aadmryr.npz,SN Ia,SNI,core,13,7,6,True
ZTF24aadnhsl,events/ZTF24aadnhsl.npz,SN Ia-91T,SNI,core,32,2,30,True
ZTF24aadplte,events/ZTF24aadplte.npz,SN Ia,SNI,core,12,4,8,True
ZTF24aadracm,events/ZTF24aadracm.npz,SN Ia,SNI,core,8,5,3,True
ZTF24aadsehp,events/ZTF24aadsehp.npz,SN Ia,SNI,core,15,4,11,True
ZTF24aadtzeh,events/ZTF24aadtzeh.npz,SN Ia,SNI,core,6,3,3,False
ZTF24aadxdqn,events/ZTF24aadxdqn.npz,SN Ia,SNI,core,10,5,5,True
ZTF24aadxyvz,events/ZTF24aadxyvz.npz,SN Ia-91bg,SNI,core,9,4,4,True
ZTF24aaeahrt,events/ZTF24aaeahrt.npz,SN Ia,SNI,core,8,5,3,True
ZTF24aaeanrr,events/ZTF24aaeanrr.npz,SN Ia,SNI,core,8,4,4,True
ZTF24aaecooj,events/ZTF24aaecooj.npz,TDE,TDE,core,28,13,15,True
ZTF24aaecreq,events/ZTF24aaecreq.npz,SN Ia,SNI,core,6,5,1,False
ZTF24aaecxun,events/ZTF24aaecxun.npz,SN Ia,SNI,core,64,31,33,True
ZTF24aaeczdw,events/ZTF24aaeczdw.npz,SN Ib,SNI,core,11,5,6,True
ZTF24aaedmph,events/ZTF24aaedmph.npz,SN Ia,SNI,core,6,3,3,False
ZTF24aaedpbn,events/ZTF24aaedpbn.npz,SN Ia,SNI,core,10,4,6,True
ZTF24aaeebuz,events/ZTF24aaeebuz.npz,SN Ia,SNI,core,15,14,1,False
ZTF24aaeebxx,events/ZTF24aaeebxx.npz,SN Ia,SNI,core,5,4,1,False
ZTF24aaeecbg,events/ZTF24aaeecbg.npz,SN Ia,SNI,core,5,4,1,False
ZTF24aaeecuf,events/ZTF24aaeecuf.npz,SN Ia,SNI,core,23,17,6,True
ZTF24aaefwoh,events/ZTF24aaefwoh.npz,SN II,SNII,core,40,0,40,False
ZTF24aaegbrh,events/ZTF24aaegbrh.npz,SN II,SNII,core,13,7,6,True
ZTF24aaegskb,events/ZTF24aaegskb.npz,SN Ia,SNI,core,12,4,8,True
ZTF24aaegymd,events/ZTF24aaegymd.npz,SN Ia,SNI,core,5,3,2,False
ZTF24aaehfgk,events/ZTF24aaehfgk.npz,SN Ia,SNI,core,11,2,9,True
ZTF24aaehvnx,events/ZTF24aaehvnx.npz,SN Ia,SNI,core,16,7,9,True
ZTF24aaeikvz,events/ZTF24aaeikvz.npz,SN Ia,SNI,core,12,4,8,True
ZTF24aaejecr,events/ZTF24aaejecr.npz,SN II,SNII,core,38,38,0,False
ZTF24aaejivf,events/ZTF24aaejivf.npz,SN Ia,SNI,core,6,5,1,False
ZTF24aaejjfw,events/ZTF24aaejjfw.npz,SN Ia-91T,SNI,core,5,4,1,False
ZTF24aaejjps,events/ZTF24aaejjps.npz,SN IIP,SNII,core,19,14,5,True
ZTF24aaejjxd,events/ZTF24aaejjxd.npz,SN Ia,SNI,core,7,3,4,False
ZTF24aaejkyp,events/ZTF24aaejkyp.npz,SN IIb,SNII,core,15,5,10,True
ZTF24aaejrzs,events/ZTF24aaejrzs.npz,SN II,SNII,core,25,23,2,True
ZTF24aaejsaf,events/ZTF24aaejsaf.npz,SN Ia,SNI,core,13,11,2,True
ZTF24aaejvcx,events/ZTF24aaejvcx.npz,SN II,SNII,core,46,20,22,True
ZTF24aaejwkz,events/ZTF24aaejwkz.npz,SN Ia,SNI,core,23,14,6,True
ZTF24aaejwvu,events/ZTF24aaejwvu.npz,SN IIn,SNII,core,88,46,41,True
ZTF24aaejwxv,events/ZTF24aaejwxv.npz,SN Ia,SNI,core,8,4,4,True
ZTF24aaejytl,events/ZTF24aaejytl.npz,SN Ia,SNI,core,8,4,4,True
ZTF24aaekaby,events/ZTF24aaekaby.npz,SN IIP,SNII,core,22,10,12,True
ZTF24aaekazg,events/ZTF24aaekazg.npz,SN II,SNII,core,34,13,21,True
ZTF24aaekbim,events/ZTF24aaekbim.npz,SN Ia,SNI,core,24,8,14,True
ZTF24aaekbjb,events/ZTF24aaekbjb.npz,SN Ia,SNI,core,24,11,13,True
ZTF24aaekbjg,events/ZTF24aaekbjg.npz,SN Ia,SNI,core,7,5,2,False
ZTF24aaekblj,events/ZTF24aaekblj.npz,SN Ia,SNI,core,19,11,8,True
ZTF24aaekbmc,events/ZTF24aaekbmc.npz,SN Ia,SNI,core,8,4,4,True
ZTF24aaekboj,events/ZTF24aaekboj.npz,SN Ia,SNI,core,16,13,3,True
ZTF24aaekbou,events/ZTF24aaekbou.npz,SN Ia,SNI,core,11,7,4,True
ZTF24aaekbxi,events/ZTF24aaekbxi.npz,SN Ia,SNI,core,60,27,31,True
ZTF24aaekbzn,events/ZTF24aaekbzn.npz,SN Ia,SNI,core,15,5,10,True
ZTF24aaekccp,events/ZTF24aaekccp.npz,SN II,SNII,core,48,24,22,True
ZTF24aaekclg,events/ZTF24aaekclg.npz,SN II,SNII,core,42,19,23,True
ZTF24aaekkjv,events/ZTF24aaekkjv.npz,SN Ia,SNI,core,13,5,8,True
ZTF24aaekmks,events/ZTF24aaekmks.npz,SN Ia,SNI,core,37,22,15,True
ZTF24aaekmnz,events/ZTF24aaekmnz.npz,SN II,SNII,core,15,6,9,True
ZTF24aaekobc,events/ZTF24aaekobc.npz,SN Ia,SNI,core,17,7,10,True
ZTF24aaekofc,events/ZTF24aaekofc.npz,SN II,SNII,core,41,15,23,True
ZTF24aaekphr,events/ZTF24aaekphr.npz,SN Ia,SNI,core,20,8,12,True
ZTF24aaelebm,events/ZTF24aaelebm.npz,SN Ic-BL,SNI,core,5,2,3,False
ZTF24aaemydm,events/ZTF24aaemydm.npz,SN II,SNII,core,30,16,14,True
ZTF24aaennqr,events/ZTF24aaennqr.npz,SN IIn,SNII,core,7,4,3,False
ZTF24aaeopqq,events/ZTF24aaeopqq.npz,SN Ia,SNI,core,9,3,6,True
ZTF24aaervkt,events/ZTF24aaervkt.npz,SN Ia,SNI,core,42,23,19,True
ZTF24aaerzgo,events/ZTF24aaerzgo.npz,SN II,SNII,core,29,11,18,True
ZTF24aaerzgz,events/ZTF24aaerzgz.npz,SN IIn,SNII,core,45,21,21,True
ZTF24aafaoad,events/ZTF24aafaoad.npz,SN Ia,SNI,core,6,0,6,False
ZTF24aaffjrc,events/ZTF24aaffjrc.npz,SN Ia,SNI,core,16,6,10,True
ZTF24aafhfnk,events/ZTF24aafhfnk.npz,SN Ia,SNI,core,12,0,12,False
ZTF24aafitir,events/ZTF24aafitir.npz,SN Ia,SNI,core,5,2,3,False
ZTF24aafnwpr,events/ZTF24aafnwpr.npz,SN Ia,SNI,core,38,16,22,True
ZTF24aafqard,events/ZTF24aafqard.npz,SN Ia,SNI,core,8,6,2,True
ZTF24aafqxmg,events/ZTF24aafqxmg.npz,SN IIn,SNII,core,50,23,26,True
ZTF24aafqxyz,events/ZTF24aafqxyz.npz,SN Ia,SNI,core,10,4,6,True
ZTF24aafqyax,events/ZTF24aafqyax.npz,SN Ia,SNI,core,17,7,10,True
ZTF24aafroqa,events/ZTF24aafroqa.npz,SN Ia,SNI,core,12,4,8,True
ZTF24aafyxpj,events/ZTF24aafyxpj.npz,SN Ia,SNI,core,12,3,9,True
ZTF24aagchqx,events/ZTF24aagchqx.npz,SN II,SNII,core,14,13,1,False
ZTF24aagcvjg,events/ZTF24aagcvjg.npz,SN Ia,SNI,core,4,2,2,False
ZTF24aagfewl,events/ZTF24aagfewl.npz,SN Ia,SNI,core,41,23,18,True
ZTF24aagijmg,events/ZTF24aagijmg.npz,SN Ia,SNI,core,22,12,10,True
ZTF24aagiouv,events/ZTF24aagiouv.npz,SN Ia,SNI,core,20,9,11,True
ZTF24aagirej,events/ZTF24aagirej.npz,SN Ia,SNI,core,5,4,1,False
ZTF24aagiwoi,events/ZTF24aagiwoi.npz,SN II,SNII,core,46,26,20,True
ZTF24aagizfa,events/ZTF24aagizfa.npz,SN IIb,SNII,core,3,1,2,False
ZTF24aagjqcx,events/ZTF24aagjqcx.npz,SN II,SNII,core,16,8,8,True
ZTF24aagkjca,events/ZTF24aagkjca.npz,SN Ic,SNI,core,11,3,7,True
ZTF24aagkqat,events/ZTF24aagkqat.npz,SN Ia-91T,SNI,core,4,4,0,False
ZTF24aagkuss,events/ZTF24aagkuss.npz,SN II,SNII,core,34,15,19,True
ZTF24aagkvog,events/ZTF24aagkvog.npz,SN Ia,SNI,core,7,1,6,False
ZTF24aagkwfe,events/ZTF24aagkwfe.npz,SN Ia,SNI,core,52,26,24,True
ZTF24aagmhtq,events/ZTF24aagmhtq.npz,SN II,SNII,core,15,15,0,False
ZTF24aagndyg,events/ZTF24aagndyg.npz,SN Ia,SNI,core,6,1,5,False
ZTF24aagolgy,events/ZTF24aagolgy.npz,SN Ia,SNI,core,29,13,16,True
ZTF24aagoljl,events/ZTF24aagoljl.npz,SN Ia,SNI,core,40,17,22,True
ZTF24aagomqx,events/ZTF24aagomqx.npz,SN Ia,SNI,core,13,4,9,True
ZTF24aagoxws,events/ZTF24aagoxws.npz,SN Ia,SNI,core,7,5,2,False
ZTF24aagozfg,events/ZTF24aagozfg.npz,SN Ia,SNI,core,26,23,3,True
ZTF24aagozyk,events/ZTF24aagozyk.npz,SN II,SNII,core,25,21,4,True
ZTF24aagposo,events/ZTF24aagposo.npz,SN Ia,SNI,core,6,3,3,False
ZTF24aagpsfh,events/ZTF24aagpsfh.npz,SN II,SNII,core,6,3,3,False
ZTF24aagpwsh,events/ZTF24aagpwsh.npz,SN Ia,SNI,core,12,7,5,True
ZTF24aagpxan,events/ZTF24aagpxan.npz,SN Ia,SNI,core,25,13,12,True
ZTF24aagssbr,events/ZTF24aagssbr.npz,SN Ia,SNI,core,22,7,15,True
ZTF24aagtesv,events/ZTF24aagtesv.npz,SN IIn,SNII,core,17,14,3,True
ZTF24aagtgij,events/ZTF24aagtgij.npz,SN Ia,SNI,core,8,2,6,True
ZTF24aagtgln,events/ZTF24aagtgln.npz,SN Ia,SNI,core,48,21,25,True
ZTF24aagtldn,events/ZTF24aagtldn.npz,SN Ia-pec,SNI,core,5,5,0,False
ZTF24aagtllm,events/ZTF24aagtllm.npz,SN Ia,SNI,core,6,5,1,False
ZTF24aagtlpi,events/ZTF24aagtlpi.npz,SN Ia,SNI,core,11,8,3,True
ZTF24aagtmbq,events/ZTF24aagtmbq.npz,SN Ic,SNI,core,25,8,16,True
ZTF24aagtqam,events/ZTF24aagtqam.npz,SN II,SNII,core,44,19,24,True
ZTF24aaguabz,events/ZTF24aaguabz.npz,SN Ia,SNI,core,18,6,12,True
ZTF24aaguphd,events/ZTF24aaguphd.npz,SN Ia,SNI,core,15,6,9,True
ZTF24aagupsf,events/ZTF24aagupsf.npz,SN II,SNII,core,56,26,29,True
ZTF24aagvvun,events/ZTF24aagvvun.npz,SN II,SNII,core,56,12,44,True
ZTF24aagwfly,events/ZTF24aagwfly.npz,SN II,SNII,core,7,3,4,False
ZTF24aagwnen,events/ZTF24aagwnen.npz,SN Ia,SNI,core,9,2,7,True
ZTF24aagxdol,events/ZTF24aagxdol.npz,SN Ia-91T,SNI,core,10,5,5,True
ZTF24aahaajg,events/ZTF24aahaajg.npz,SN Ia,SNI,core,41,21,16,True
ZTF24aahaanm,events/ZTF24aahaanm.npz,SN IIb,SNII,core,25,9,13,True
ZTF24aahahuu,events/ZTF24aahahuu.npz,SN Ia,SNI,core,13,9,3,True
ZTF24aahalmb,events/ZTF24aahalmb.npz,SN II,SNII,core,12,8,3,True
ZTF24aahctgm,events/ZTF24aahctgm.npz,SN Ia,SNI,core,9,9,0,False
ZTF24aahdfdo,events/ZTF24aahdfdo.npz,SN IIn,SNII,core,43,26,17,True
ZTF24aahdfsy,events/ZTF24aahdfsy.npz,SN Ia,SNI,core,16,16,0,False
ZTF24aahdigc,events/ZTF24aahdigc.npz,SN Ia,SNI,core,13,9,4,True
ZTF24aahdihc,events/ZTF24aahdihc.npz,SN Ia,SNI,core,12,12,0,False
ZTF24aahdikd,events/ZTF24aahdikd.npz,SN Ia,SNI,core,9,4,5,True
ZTF24aahdpki,events/ZTF24aahdpki.npz,SN Ia,SNI,core,60,27,29,True
ZTF24aaheedw,events/ZTF24aaheedw.npz,SN Ia,SNI,core,129,63,62,True
ZTF24aaheeel,events/ZTF24aaheeel.npz,SN Ia-91T,SNI,core,135,65,66,True
ZTF24aahefwy,events/ZTF24aahefwy.npz,SN Ia,SNI,core,31,11,20,True
ZTF24aaheprj,events/ZTF24aaheprj.npz,SN Ia,SNI,core,30,9,19,True
ZTF24aaheqkp,events/ZTF24aaheqkp.npz,SN Ia,SNI,core,28,11,17,True
ZTF24aahestx,events/ZTF24aahestx.npz,SN II,SNII,core,74,32,37,True
ZTF24aahesvl,events/ZTF24aahesvl.npz,SN Ia,SNI,core,10,3,7,True
ZTF24aahewml,events/ZTF24aahewml.npz,SN IIP,SNII,core,51,25,26,True
ZTF24aahfknz,events/ZTF24aahfknz.npz,SN Ia,SNI,core,13,5,8,True
ZTF24aahgaov,events/ZTF24aahgaov.npz,SN Ia,SNI,core,41,2,39,True
ZTF24aahgcwg,events/ZTF24aahgcwg.npz,SN Ia,SNI,core,10,5,5,True
ZTF24aahggdt,events/ZTF24aahggdt.npz,SN Ia,SNI,core,10,5,5,True
ZTF24aahgidl,events/ZTF24aahgidl.npz,SN Ia,SNI,core,10,5,5,True
ZTF24aahgkhh,events/ZTF24aahgkhh.npz,SN Ia,SNI,core,10,5,5,True
ZTF24aahgkxm,events/ZTF24aahgkxm.npz,SN II,SNII,core,43,19,23,True
ZTF24aahgncc,events/ZTF24aahgncc.npz,SN Ia,SNI,core,22,13,9,True
ZTF24aahgqwk,events/ZTF24aahgqwk.npz,SN II,SNII,core,39,18,21,True
ZTF24aahgtjt,events/ZTF24aahgtjt.npz,SN Ia,SNI,core,19,10,9,True
ZTF24aahhanf,events/ZTF24aahhanf.npz,SN II,SNII,core,24,14,10,True
ZTF24aahhcuo,events/ZTF24aahhcuo.npz,SN Ia,SNI,core,6,5,1,False
ZTF24aahhlmp,events/ZTF24aahhlmp.npz,SN Ia,SNI,core,28,26,2,True
ZTF24aahhtgq,events/ZTF24aahhtgq.npz,SN II,SNII,core,26,11,14,True
ZTF24aahhwwq,events/ZTF24aahhwwq.npz,SN Ia,SNI,core,13,6,7,True
ZTF24aahiabd,events/ZTF24aahiabd.npz,SN II,SNII,core,14,13,1,False
ZTF24aahicbz,events/ZTF24aahicbz.npz,SN Ia,SNI,core,28,12,16,True
ZTF24aahiewj,events/ZTF24aahiewj.npz,SN Ia,SNI,core,13,13,0,False
ZTF24aahihcd,events/ZTF24aahihcd.npz,SN Ia,SNI,core,7,5,2,False
ZTF24aahiitr,events/ZTF24aahiitr.npz,SN Ia,SNI,core,35,27,8,True
ZTF24aahipde,events/ZTF24aahipde.npz,SN Ia,SNI,core,10,3,7,True
ZTF24aahjhtv,events/ZTF24aahjhtv.npz,SN Ia,SNI,core,8,6,2,True
ZTF24aahkesn,events/ZTF24aahkesn.npz,SN Ia,SNI,core,15,5,10,True
ZTF24aahkglt,events/ZTF24aahkglt.npz,SN Ia,SNI,core,52,23,24,True
ZTF24aahlvez,events/ZTF24aahlvez.npz,SN Ia,SNI,core,9,5,4,True
ZTF24aahlvgk,events/ZTF24aahlvgk.npz,SN Ia-pec,SNI,core,9,6,3,True
ZTF24aahmgvr,events/ZTF24aahmgvr.npz,SN Ia,SNI,core,14,4,10,True
ZTF24aahmqzq,events/ZTF24aahmqzq.npz,SN Ia,SNI,core,11,4,7,True
ZTF24aahmyct,events/ZTF24aahmyct.npz,SN II,SNII,core,22,19,3,True
ZTF24aahnefg,events/ZTF24aahnefg.npz,SN II,SNII,core,12,4,8,True
ZTF24aahnklb,events/ZTF24aahnklb.npz,SN II,SNII,core,9,0,9,False
ZTF24aahnnsa,events/ZTF24aahnnsa.npz,SN Ia-91T,SNI,core,29,26,3,True
ZTF24aahoihk,events/ZTF24aahoihk.npz,SN Ia,SNI,core,11,5,6,True
ZTF24aahoxay,events/ZTF24aahoxay.npz,SN II,SNII,core,19,12,7,True
ZTF24aahpcfe,events/ZTF24aahpcfe.npz,SN Ia-91T,SNI,core,17,9,8,True
ZTF24aahphdh,events/ZTF24aahphdh.npz,SN Ia,SNI,core,15,14,1,False
ZTF24aahsgsy,events/ZTF24aahsgsy.npz,SN Ia-91T,SNI,core,3,3,0,False
ZTF24aahsmhu,events/ZTF24aahsmhu.npz,SN Ia,SNI,core,12,5,7,True
ZTF24aahsukk,events/ZTF24aahsukk.npz,SN II,SNII,core,62,33,29,True
ZTF24aahsuoj,events/ZTF24aahsuoj.npz,SN Ia,SNI,core,26,10,14,True
ZTF24aahsupm,events/ZTF24aahsupm.npz,SN Ia,SNI,core,10,7,3,True
ZTF24aahswbd,events/ZTF24aahswbd.npz,SN Ia,SNI,core,8,5,3,True
ZTF24aahsyhe,events/ZTF24aahsyhe.npz,SN Ia,SNI,core,28,11,14,True
ZTF24aahszxf,events/ZTF24aahszxf.npz,SN II,SNII,core,40,30,8,True
ZTF24aahtdhb,events/ZTF24aahtdhb.npz,SN IIn,SNII,core,56,24,32,True
ZTF24aahtnpc,events/ZTF24aahtnpc.npz,SN Ia,SNI,core,12,7,5,True
ZTF24aahtqlp,events/ZTF24aahtqlp.npz,SN Ia,SNI,core,8,4,4,True
ZTF24aahuoam,events/ZTF24aahuoam.npz,SN Ia,SNI,core,4,4,0,False
ZTF24aahuulq,events/ZTF24aahuulq.npz,SN Ia,SNI,core,13,6,7,True
ZTF24aahuzig,events/ZTF24aahuzig.npz,SN Ic-BL,SNI,core,13,7,6,True
ZTF24aahvyso,events/ZTF24aahvyso.npz,SN Ia,SNI,core,12,5,7,True
ZTF24aahwcei,events/ZTF24aahwcei.npz,SN II,SNII,core,28,21,7,True
ZTF24aahwulu,events/ZTF24aahwulu.npz,SN Ia,SNI,core,22,0,21,False
ZTF24aahxgoa,events/ZTF24aahxgoa.npz,SN II,SNII,core,62,29,31,True
ZTF24aahxmew,events/ZTF24aahxmew.npz,SN Ia,SNI,core,3,1,2,False
ZTF24aahxmmu,events/ZTF24aahxmmu.npz,SN II,SNII,core,50,24,24,True
ZTF24aahxokj,events/ZTF24aahxokj.npz,SN II,SNII,core,27,6,21,True
ZTF24aahxuth,events/ZTF24aahxuth.npz,SN Ia,SNI,core,7,4,3,False
ZTF24aahxyrp,events/ZTF24aahxyrp.npz,SN Ia,SNI,core,33,21,12,True
ZTF24aahybvf,events/ZTF24aahybvf.npz,SN Ia-91bg,SNI,core,10,5,3,True
ZTF24aahzezk,events/ZTF24aahzezk.npz,SN Ia,SNI,core,8,4,4,True
ZTF24aahzfwk,events/ZTF24aahzfwk.npz,SN Ia,SNI,core,24,14,10,True
ZTF24aahznij,events/ZTF24aahznij.npz,SN Ia,SNI,core,54,26,27,True
ZTF24aahzyep,events/ZTF24aahzyep.npz,SN Ia,SNI,core,3,1,2,False
ZTF24aaiaaxr,events/ZTF24aaiaaxr.npz,SN Ia-91T,SNI,core,23,3,15,True
ZTF24aaiahlv,events/ZTF24aaiahlv.npz,SN II,SNII,core,26,7,19,True
ZTF24aaiahuu,events/ZTF24aaiahuu.npz,SN Ia,SNI,core,18,5,13,True
ZTF24aaibcrw,events/ZTF24aaibcrw.npz,SN IIP,SNII,core,31,14,17,True
ZTF24aaicpfc,events/ZTF24aaicpfc.npz,SN Ia,SNI,core,2,0,2,False
ZTF24aaicquq,events/ZTF24aaicquq.npz,SN Ia,SNI,core,9,4,5,True
ZTF24aaidazw,events/ZTF24aaidazw.npz,SN Ia,SNI,core,24,14,10,True
ZTF24aaidlza,events/ZTF24aaidlza.npz,SN Ia,SNI,core,22,11,9,True
ZTF24aaidwhg,events/ZTF24aaidwhg.npz,SN Ia-91T,SNI,core,12,7,5,True
ZTF24aaiegnl,events/ZTF24aaiegnl.npz,SN Ia,SNI,core,30,14,13,True
ZTF24aaiegxv,events/ZTF24aaiegxv.npz,SN Ia,SNI,core,36,33,3,True
ZTF24aaiehiv,events/ZTF24aaiehiv.npz,SN Ia,SNI,core,146,54,85,True
ZTF24aaiehwu,events/ZTF24aaiehwu.npz,SN Ia,SNI,core,40,22,18,True
ZTF24aaieino,events/ZTF24aaieino.npz,SN Ia,SNI,core,21,9,12,True
ZTF24aaieled,events/ZTF24aaieled.npz,SN Ia-91T,SNI,core,9,6,3,True
ZTF24aaiervg,events/ZTF24aaiervg.npz,SN Ia,SNI,core,13,7,6,True
ZTF24aaifila,events/ZTF24aaifila.npz,SN IIn,SNII,core,134,101,31,True
ZTF24aaifvcs,events/ZTF24aaifvcs.npz,SN Ia,SNI,core,13,5,8,True
ZTF24aaigbbv,events/ZTF24aaigbbv.npz,SN II,SNII,core,39,8,31,True
ZTF24aaihwaq,events/ZTF24aaihwaq.npz,SN Ia,SNI,core,17,9,6,True
ZTF24aaiigrt,events/ZTF24aaiigrt.npz,SN Ia,SNI,core,11,6,5,True
ZTF24aaiiwby,events/ZTF24aaiiwby.npz,SN Ia,SNI,core,9,7,2,True
ZTF24aaijmct,events/ZTF24aaijmct.npz,SN Ia,SNI,core,55,25,30,True
ZTF24aaijpbj,events/ZTF24aaijpbj.npz,SN Ia,SNI,core,43,16,24,True
ZTF24aaijpcp,events/ZTF24aaijpcp.npz,SN Ia,SNI,core,23,8,15,True
ZTF24aaijqso,events/ZTF24aaijqso.npz,SN Ia,SNI,core,8,3,5,True
ZTF24aaijsxa,events/ZTF24aaijsxa.npz,SN II,SNII,core,60,25,33,True
ZTF24aaikwul,events/ZTF24aaikwul.npz,SN II,SNII,core,24,0,24,False
ZTF24aailzom,events/ZTF24aailzom.npz,SN Ia,SNI,core,14,8,5,True
ZTF24aaimlne,events/ZTF24aaimlne.npz,SN Ia,SNI,core,12,12,0,False
ZTF24aaimwud,events/ZTF24aaimwud.npz,SN Ia,SNI,core,10,10,0,False
ZTF24aaimxaf,events/ZTF24aaimxaf.npz,SN Ia,SNI,core,10,10,0,False
ZTF24aaimzkp,events/ZTF24aaimzkp.npz,SN II,SNII,core,36,33,3,True
ZTF24aainaay,events/ZTF24aainaay.npz,SN Ia,SNI,core,27,13,14,True
ZTF24aaindpx,events/ZTF24aaindpx.npz,SN Ia,SNI,core,36,20,16,True
ZTF24aaiowju,events/ZTF24aaiowju.npz,SN Ia,SNI,core,47,20,27,True
ZTF24aairune,events/ZTF24aairune.npz,SN Ia,SNI,core,18,10,8,True
ZTF24aaismud,events/ZTF24aaismud.npz,SN Ia,SNI,core,26,11,15,True
ZTF24aaisnlp,events/ZTF24aaisnlp.npz,SN IIn,SNII,core,88,68,19,True
ZTF24aaisoke,events/ZTF24aaisoke.npz,SN Ia,SNI,core,104,40,63,True
ZTF24aaistkr,events/ZTF24aaistkr.npz,SN Ia,SNI,core,89,44,45,True
ZTF24aaitxdn,events/ZTF24aaitxdn.npz,SN IIb,SNII,core,10,5,5,True
ZTF24aaiukjs,events/ZTF24aaiukjs.npz,SN Ia,SNI,core,12,10,0,False
ZTF24aaiutxe,events/ZTF24aaiutxe.npz,SN Ia,SNI,core,7,3,3,False
ZTF24aaiwgyo,events/ZTF24aaiwgyo.npz,SN Ia,SNI,core,9,8,1,False
ZTF24aajdqbw,events/ZTF24aajdqbw.npz,SN Ia,SNI,core,46,15,29,True
ZTF24aajemkb,events/ZTF24aajemkb.npz,SN Ia,SNI,core,19,10,9,True
ZTF24aajgwdv,events/ZTF24aajgwdv.npz,SN Ia,SNI,core,11,10,1,False
ZTF24aajhlhf,events/ZTF24aajhlhf.npz,SN Ia,SNI,core,44,28,16,True
ZTF24aajhotx,events/ZTF24aajhotx.npz,SN II,SNII,core,30,26,4,True
ZTF24aajhxqs,events/ZTF24aajhxqs.npz,SN Ia,SNI,core,37,23,12,True
ZTF24aajibzs,events/ZTF24aajibzs.npz,SN Ia,SNI,core,35,14,21,True
ZTF24aajioip,events/ZTF24aajioip.npz,SN Ia,SNI,core,46,23,21,True
ZTF24aajjmlk,events/ZTF24aajjmlk.npz,SN Ia,SNI,core,14,13,1,False
ZTF24aajjoxu,events/ZTF24aajjoxu.npz,SN Ia-91T,SNI,core,42,1,41,False
ZTF24aajnwwr,events/ZTF24aajnwwr.npz,SN Ia,SNI,core,2,0,2,False
ZTF24aajplyg,events/ZTF24aajplyg.npz,SN Ia,SNI,core,21,8,12,True
ZTF24aajqamj,events/ZTF24aajqamj.npz,SN Ic-BL,SNI,core,44,19,25,True
ZTF24aajqsti,events/ZTF24aajqsti.npz,SN Ia,SNI,core,33,15,18,True
ZTF24aajqtjc,events/ZTF24aajqtjc.npz,SN Ia,SNI,core,70,34,35,True
ZTF24aajqwsm,events/ZTF24aajqwsm.npz,SN Ia,SNI,core,61,23,36,True
ZTF24aajvldc,events/ZTF24aajvldc.npz,SN Ia,SNI,core,14,7,7,True
ZTF24aajvmgm,events/ZTF24aajvmgm.npz,SN Ia,SNI,core,20,12,8,True
ZTF24aajvqre,events/ZTF24aajvqre.npz,SN Ia,SNI,core,24,12,12,True
ZTF24aajvsoi,events/ZTF24aajvsoi.npz,SN Ia,SNI,core,3,3,0,False
ZTF24aajvvhj,events/ZTF24aajvvhj.npz,TDE,TDE,core,24,15,9,True
ZTF24aajvvnw,events/ZTF24aajvvnw.npz,SN Ia,SNI,core,3,3,0,False
ZTF24aajxpmq,events/ZTF24aajxpmq.npz,SN Ia,SNI,core,8,5,3,True
ZTF24aajxppf,events/ZTF24aajxppf.npz,SN II,SNII,core,68,33,35,True
ZTF24aajxqgz,events/ZTF24aajxqgz.npz,SN Ia,SNI,core,12,2,10,True
ZTF24aajxsbr,events/ZTF24aajxsbr.npz,SN Ia,SNI,core,39,0,39,False
ZTF24aajydvw,events/ZTF24aajydvw.npz,SN Ia,SNI,core,11,9,2,True
ZTF24aajzmzf,events/ZTF24aajzmzf.npz,SN Ia,SNI,core,16,13,3,True
ZTF24aajznoi,events/ZTF24aajznoi.npz,SN Ia,SNI,core,8,6,2,True
ZTF24aajzrsq,events/ZTF24aajzrsq.npz,SN II,SNII,core,36,23,12,True
ZTF24aakagbu,events/ZTF24aakagbu.npz,SN Ia,SNI,core,29,0,29,False
ZTF24aakaiqs,events/ZTF24aakaiqs.npz,SN Ib,SNI,core,146,65,77,True
ZTF24aakajby,events/ZTF24aakajby.npz,SN Ia,SNI,core,36,22,14,True
ZTF24aakajtn,events/ZTF24aakajtn.npz,SN Ia,SNI,core,84,39,42,True
ZTF24aakbptu,events/ZTF24aakbptu.npz,SN Ia,SNI,core,35,14,20,True
ZTF24aakbqjh,events/ZTF24aakbqjh.npz,SN Ia,SNI,core,35,13,19,True
ZTF24aakdffc,events/ZTF24aakdffc.npz,SN Ia,SNI,core,31,17,13,True
ZTF24aakdmwg,events/ZTF24aakdmwg.npz,SN Ia,SNI,core,48,21,26,True
ZTF24aakfgvg,events/ZTF24aakfgvg.npz,SN Ia,SNI,core,19,17,2,True
ZTF24aakfltk,events/ZTF24aakfltk.npz,SN Ia,SNI,core,41,16,24,True
ZTF24aakftxp,events/ZTF24aakftxp.npz,SN Ic,SNI,core,18,14,4,True
ZTF24aakfycl,events/ZTF24aakfycl.npz,SN Ia,SNI,core,20,8,11,True
ZTF24aakghyl,events/ZTF24aakghyl.npz,SN II,SNII,core,66,34,31,True
ZTF24aaknlar,events/ZTF24aaknlar.npz,SN IIb,SNII,core,90,41,46,True
ZTF24aaknuqh,events/ZTF24aaknuqh.npz,SN Ia,SNI,core,12,7,4,True
ZTF24aakocjx,events/ZTF24aakocjx.npz,SN Ia,SNI,core,31,20,11,True
ZTF24aakprsy,events/ZTF24aakprsy.npz,SN Ia,SNI,core,19,7,12,True
ZTF24aakrqzs,events/ZTF24aakrqzs.npz,SN Ia,SNI,core,8,6,2,True
ZTF24aakrsww,events/ZTF24aakrsww.npz,SN Ia,SNI,core,23,14,9,True
ZTF24aakskvp,events/ZTF24aakskvp.npz,SN Ia,SNI,core,39,21,18,True
ZTF24aaktjyo,events/ZTF24aaktjyo.npz,SN Ia,SNI,core,14,7,6,True
ZTF24aakudgd,events/ZTF24aakudgd.npz,SN Ia,SNI,core,13,0,13,False
ZTF24aakudig,events/ZTF24aakudig.npz,SN Ia,SNI,core,22,10,11,True
ZTF24aakxwww,events/ZTF24aakxwww.npz,SN Ia,SNI,core,11,10,1,False
ZTF24aakykbz,events/ZTF24aakykbz.npz,SN Ia,SNI,core,40,17,20,True
ZTF24aakymro,events/ZTF24aakymro.npz,SN Ia,SNI,core,36,15,19,True
ZTF24aakyqxt,events/ZTF24aakyqxt.npz,SN Ia,SNI,core,29,16,12,True
ZTF24aakzgdx,events/ZTF24aakzgdx.npz,SN IIP,SNII,core,40,16,24,True
ZTF24aakzgnd,events/ZTF24aakzgnd.npz,SN Ia,SNI,core,54,21,33,True
ZTF24aakzive,events/ZTF24aakzive.npz,SN II,SNII,core,41,16,25,True
ZTF24aakzxzj,events/ZTF24aakzxzj.npz,SN Ia,SNI,core,4,2,2,False
ZTF24aakzxzu,events/ZTF24aakzxzu.npz,SN Ia,SNI,core,6,3,3,False
ZTF24aalailt,events/ZTF24aalailt.npz,SN Ia,SNI,core,5,2,3,False
ZTF24aalbepd,events/ZTF24aalbepd.npz,SN Ia,SNI,core,19,9,10,True
ZTF24aalbjwi,events/ZTF24aalbjwi.npz,SN Ia,SNI,core,7,5,2,False
ZTF24aalbkdo,events/ZTF24aalbkdo.npz,SN Ia,SNI,core,15,10,5,True
ZTF24aalbwpz,events/ZTF24aalbwpz.npz,SN Ia,SNI,core,40,16,22,True
ZTF24aalbxfh,events/ZTF24aalbxfh.npz,CV,CV,core,17,7,9,True
ZTF24aalbzkr,events/ZTF24aalbzkr.npz,SN Ia,SNI,core,35,17,17,True
ZTF24aalcflg,events/ZTF24aalcflg.npz,SN Ia,SNI,core,38,16,20,True
ZTF24aaleeji,events/ZTF24aaleeji.npz,SN IIn,SNII,core,74,31,41,True
ZTF24aaleixp,events/ZTF24aaleixp.npz,SN Ia,SNI,core,57,0,57,False
ZTF24aalepin,events/ZTF24aalepin.npz,SN Ia,SNI,core,13,10,3,True
ZTF24aalfntr,events/ZTF24aalfntr.npz,SN Ia,SNI,core,27,10,13,True
ZTF24aalfowt,events/ZTF24aalfowt.npz,SN Ia,SNI,core,4,2,2,False
ZTF24aallotf,events/ZTF24aallotf.npz,SN Ia,SNI,core,2,2,0,False
ZTF24aalndou,events/ZTF24aalndou.npz,SN Ia,SNI,core,24,13,11,True
ZTF24aaloeiz,events/ZTF24aaloeiz.npz,SN Ia,SNI,core,11,6,5,True
ZTF24aalqrpc,events/ZTF24aalqrpc.npz,SN Ia,SNI,core,9,9,0,False
ZTF24aalqscn,events/ZTF24aalqscn.npz,SN Ia,SNI,core,126,99,25,True
ZTF24aalsuwb,events/ZTF24aalsuwb.npz,SN Ia,SNI,core,32,15,17,True
ZTF24aaltyyy,events/ZTF24aaltyyy.npz,SN Ia,SNI,core,19,9,10,True
ZTF24aalubmp,events/ZTF24aalubmp.npz,SN Ia,SNI,core,67,32,35,True
ZTF24aalywdn,events/ZTF24aalywdn.npz,SN Ia,SNI,core,32,18,13,True
ZTF24aambaia,events/ZTF24aambaia.npz,SN Ia,SNI,core,37,18,16,True
ZTF24aamdfll,events/ZTF24aamdfll.npz,SN Ia,SNI,core,19,10,9,True
ZTF24aamifbk,events/ZTF24aamifbk.npz,SN Ia,SNI,core,4,4,0,False
ZTF24aamilir,events/ZTF24aamilir.npz,SN Ia,SNI,core,18,12,6,True
ZTF24aamilxy,events/ZTF24aamilxy.npz,SN Ia,SNI,core,55,28,26,True
ZTF24aamiomv,events/ZTF24aamiomv.npz,SN IIn,SNII,core,61,26,35,True
ZTF24aamipnt,events/ZTF24aamipnt.npz,SN Ia,SNI,core,86,42,42,True
ZTF24aamjepg,events/ZTF24aamjepg.npz,SN Ia,SNI,core,4,3,1,False
ZTF24aamkufg,events/ZTF24aamkufg.npz,SN Ia,SNI,core,14,13,1,False
ZTF24aampakt,events/ZTF24aampakt.npz,SN II,SNII,core,34,30,4,True
ZTF24aamtpla,events/ZTF24aamtpla.npz,SN Ia,SNI,core,44,19,25,True
ZTF24aamtsgz,events/ZTF24aamtsgz.npz,SN Ia,SNI,core,90,41,49,True
ZTF24aamttpq,events/ZTF24aamttpq.npz,SN Ia,SNI,core,11,0,11,False
ZTF24aamtvxb,events/ZTF24aamtvxb.npz,SN Ia,SNI,core,10,7,3,True
ZTF24aamtwya,events/ZTF24aamtwya.npz,SN Ia,SNI,core,17,10,7,True
ZTF24aamvzfc,events/ZTF24aamvzfc.npz,SN Ia,SNI,core,29,23,6,True
ZTF24aamyrwl,events/ZTF24aamyrwl.npz,CV,CV,core,24,10,14,True
ZTF24aanbjel,events/ZTF24aanbjel.npz,SN II,SNII,core,151,110,41,True
ZTF24aancgyl,events/ZTF24aancgyl.npz,SN Ic-BL,SNI,core,36,12,24,True
ZTF24aancjzy,events/ZTF24aancjzy.npz,SN Ia,SNI,core,11,6,5,True
ZTF24aandhbr,events/ZTF24aandhbr.npz,SN Ia,SNI,core,16,6,10,True
ZTF24aangsva,events/ZTF24aangsva.npz,SN Ia,SNI,core,51,26,25,True
ZTF24aankvcy,events/ZTF24aankvcy.npz,SN IIb,SNII,core,18,16,2,True
ZTF24aankvon,events/ZTF24aankvon.npz,SN Ia,SNI,core,12,9,3,True
ZTF24aanmitt,events/ZTF24aanmitt.npz,AGN,AGN,core,135,118,17,True
ZTF24aanmrts,events/ZTF24aanmrts.npz,SN Ia,SNI,core,46,20,26,True
ZTF24aanngpp,events/ZTF24aanngpp.npz,SN II,SNII,core,39,5,34,True
ZTF24aanppvy,events/ZTF24aanppvy.npz,SN II,SNII,core,41,18,23,True
ZTF24aantppw,events/ZTF24aantppw.npz,SN Ic-BL,SNI,core,38,14,24,True
ZTF24aanvvqn,events/ZTF24aanvvqn.npz,SN Ia,SNI,core,71,35,36,True
ZTF24aanyhwz,events/ZTF24aanyhwz.npz,SN Ia,SNI,core,12,5,7,True
ZTF24aaoaega,events/ZTF24aaoaega.npz,SN II,SNII,core,25,12,13,True
ZTF24aaoaghn,events/ZTF24aaoaghn.npz,SN Ia,SNI,core,10,4,6,True
ZTF24aaoasjl,events/ZTF24aaoasjl.npz,SN Ia-91bg,SNI,core,12,6,6,True
ZTF24aaoauvb,events/ZTF24aaoauvb.npz,SN Ia,SNI,core,19,8,11,True
ZTF24aaocmqx,events/ZTF24aaocmqx.npz,SN Ia,SNI,core,27,10,17,True
ZTF24aaoebqp,events/ZTF24aaoebqp.npz,SN Ia,SNI,core,109,57,52,True
ZTF24aaofamr,events/ZTF24aaofamr.npz,SN Ia,SNI,core,229,196,33,True
ZTF24aaofopg,events/ZTF24aaofopg.npz,SN Ia,SNI,core,49,19,30,True
ZTF24aaomuhe,events/ZTF24aaomuhe.npz,SN Ia-pec,SNI,core,48,15,33,True
ZTF24aaoniol,events/ZTF24aaoniol.npz,SN Ia,SNI,core,19,8,11,True
ZTF24aaonrzo,events/ZTF24aaonrzo.npz,SN Ia,SNI,core,17,12,5,True
ZTF24aaoodsh,events/ZTF24aaoodsh.npz,SN Ia,SNI,core,16,14,2,True
ZTF24aaoosca,events/ZTF24aaoosca.npz,SN IIb,SNII,core,68,29,39,True
ZTF24aaooxcd,events/ZTF24aaooxcd.npz,SN II,SNII,core,39,15,24,True
ZTF24aaopngg,events/ZTF24aaopngg.npz,SN Ia,SNI,core,31,17,14,True
ZTF24aaopnuy,events/ZTF24aaopnuy.npz,SN Ia,SNI,core,34,24,10,True
ZTF24aaorlki,events/ZTF24aaorlki.npz,SN Ia,SNI,core,19,12,7,True
ZTF24aaormag,events/ZTF24aaormag.npz,SN Ia,SNI,core,14,9,5,True
ZTF24aaosmwq,events/ZTF24aaosmwq.npz,SN Ia-91T,SNI,core,15,7,8,True
ZTF24aaosqgf,events/ZTF24aaosqgf.npz,SN II,SNII,core,33,28,5,True
ZTF24aaosqtp,events/ZTF24aaosqtp.npz,SN Ia,SNI,core,9,9,0,False
ZTF24aaosrdt,events/ZTF24aaosrdt.npz,SN II,SNII,core,73,36,37,True
ZTF24aaostbr,events/ZTF24aaostbr.npz,SN Ia-91bg,SNI,core,5,4,1,False
ZTF24aaosvzx,events/ZTF24aaosvzx.npz,SN Ia-91bg,SNI,core,34,14,20,True
ZTF24aaotmdk,events/ZTF24aaotmdk.npz,SN Ia,SNI,core,47,22,25,True
ZTF24aaotzpd,events/ZTF24aaotzpd.npz,SN II,SNII,core,46,17,29,True
ZTF24aaoudyz,events/ZTF24aaoudyz.npz,SN Ia-91bg,SNI,core,8,4,4,True
ZTF24aaoumhw,events/ZTF24aaoumhw.npz,SN Ia,SNI,core,24,9,15,True
ZTF24aaoupgb,events/ZTF24aaoupgb.npz,SN II,SNII,core,59,9,50,True
ZTF24aaoupov,events/ZTF24aaoupov.npz,SN II,SNII,core,89,15,74,True
ZTF24aaouvvr,events/ZTF24aaouvvr.npz,SN II,SNII,core,2,1,1,False
ZTF24aaovaxw,events/ZTF24aaovaxw.npz,SN Ia,SNI,core,3,3,0,False
ZTF24aaovcdx,events/ZTF24aaovcdx.npz,SN Ia,SNI,core,5,4,1,False
ZTF24aaovevh,events/ZTF24aaovevh.npz,SN Ia-91T,SNI,core,5,3,2,False
ZTF24aaoviqs,events/ZTF24aaoviqs.npz,SN Ia,SNI,core,9,7,2,True
ZTF24aaovokk,events/ZTF24aaovokk.npz,SN Ia,SNI,core,76,37,39,True
ZTF24aaovqaq,events/ZTF24aaovqaq.npz,SN Ia,SNI,core,13,12,1,False
ZTF24aaoxbth,events/ZTF24aaoxbth.npz,SN Ia,SNI,core,20,7,13,True
ZTF24aaoyfpn,events/ZTF24aaoyfpn.npz,SN IIb,SNII,core,33,5,28,True
ZTF24aaozxhx,events/ZTF24aaozxhx.npz,SN II,SNII,core,44,24,20,True
ZTF24aapebzb,events/ZTF24aapebzb.npz,SN II,SNII,core,47,27,20,True
ZTF24aapenbt,events/ZTF24aapenbt.npz,SN Ia,SNI,core,10,6,4,True
ZTF24aapeorz,events/ZTF24aapeorz.npz,SN Ia,SNI,core,27,14,13,True
ZTF24aapeoye,events/ZTF24aapeoye.npz,SN Ia,SNI,core,12,11,1,False
ZTF24aapexhw,events/ZTF24aapexhw.npz,SN II,SNII,core,44,29,15,True
ZTF24aapgvir,events/ZTF24aapgvir.npz,CV,CV,core,11,4,7,True
ZTF24aaphwtj,events/ZTF24aaphwtj.npz,SN Ia,SNI,core,10,8,2,True
ZTF24aapikyr,events/ZTF24aapikyr.npz,SN Ia,SNI,core,10,5,5,True
ZTF24aaplfjd,events/ZTF24aaplfjd.npz,SN II,SNII,core,48,22,26,True
ZTF24aaplfkj,events/ZTF24aaplfkj.npz,SN II,SNII,core,22,15,7,True
ZTF24aappkyo,events/ZTF24aappkyo.npz,SN Ia,SNI,core,46,22,24,True
ZTF24aappljp,events/ZTF24aappljp.npz,SN Ia,SNI,core,15,14,1,False
ZTF24aapqsca,events/ZTF24aapqsca.npz,SN Ia,SNI,core,20,20,0,False
ZTF24aaprkyz,events/ZTF24aaprkyz.npz,SN Ia,SNI,core,49,20,29,True
ZTF24aapzmzb,events/ZTF24aapzmzb.npz,SN Ia,SNI,core,12,4,8,True
ZTF24aapzzfc,events/ZTF24aapzzfc.npz,SN Ia,SNI,core,21,8,13,True
ZTF24aaqajjb,events/ZTF24aaqajjb.npz,SN IIP,SNII,core,59,11,48,True
ZTF24aaqajrc,events/ZTF24aaqajrc.npz,SN Ia,SNI,core,61,11,50,True
ZTF24aaqaroi,events/ZTF24aaqaroi.npz,SN Ia-pec,SNI,core,15,13,2,True
ZTF24aaqasqh,events/ZTF24aaqasqh.npz,SN Ia,SNI,core,3,2,1,False
ZTF24aaqdgat,events/ZTF24aaqdgat.npz,SN Ia,SNI,core,14,5,9,True
ZTF24aaqgdpu,events/ZTF24aaqgdpu.npz,SN II,SNII,core,7,7,0,False
ZTF24aaqgfrp,events/ZTF24aaqgfrp.npz,SN Ia,SNI,core,46,22,24,True
ZTF24aaqgmxz,events/ZTF24aaqgmxz.npz,SN Ia,SNI,core,8,6,2,True
ZTF24aaqiqpw,events/ZTF24aaqiqpw.npz,SN II,SNII,core,249,198,51,True
ZTF24aaqkvyl,events/ZTF24aaqkvyl.npz,SN II,SNII,core,18,16,2,True
ZTF24aaqkwby,events/ZTF24aaqkwby.npz,SN Ia,SNI,core,13,10,3,True
ZTF24aaqpnyq,events/ZTF24aaqpnyq.npz,SN II,SNII,core,70,20,50,True
ZTF24aaqtode,events/ZTF24aaqtode.npz,SN Ia,SNI,core,72,40,32,True
ZTF24aaqugzv,events/ZTF24aaqugzv.npz,SN II,SNII,core,35,11,24,True
ZTF24aaqvqng,events/ZTF24aaqvqng.npz,SN Ia,SNI,core,20,6,14,True
ZTF24aaqxajf,events/ZTF24aaqxajf.npz,SN Ia,SNI,core,14,11,3,True
ZTF24aaqxkuz,events/ZTF24aaqxkuz.npz,SN Ia,SNI,core,19,9,10,True
ZTF24aaqxkvr,events/ZTF24aaqxkvr.npz,SN Ia,SNI,core,17,10,7,True
ZTF24aaqxwvt,events/ZTF24aaqxwvt.npz,SN Ia,SNI,core,12,7,5,True
ZTF24aaqzkpr,events/ZTF24aaqzkpr.npz,SN II,SNII,core,20,13,7,True
ZTF24aaqzpbo,events/ZTF24aaqzpbo.npz,SN Ia,SNI,core,12,12,0,False
ZTF24aaqzpcv,events/ZTF24aaqzpcv.npz,SN Ia,SNI,core,18,9,9,True
ZTF24aaqzycc,events/ZTF24aaqzycc.npz,SN Ia-91T,SNI,core,34,17,17,True
ZTF24aarafaw,events/ZTF24aarafaw.npz,SN Ia,SNI,core,27,9,18,True
ZTF24aardahz,events/ZTF24aardahz.npz,SN Ia,SNI,core,32,10,22,True
ZTF24aarecvo,events/ZTF24aarecvo.npz,SN Ia,SNI,core,20,12,8,True
ZTF24aaredhj,events/ZTF24aaredhj.npz,SN Ia,SNI,core,51,20,31,True
ZTF24aargoer,events/ZTF24aargoer.npz,SN Ia,SNI,core,44,15,29,True
ZTF24aarjcbz,events/ZTF24aarjcbz.npz,SN Ia,SNI,core,12,6,6,True
ZTF24aarlcuo,events/ZTF24aarlcuo.npz,SN Ib,SNI,core,11,0,11,False
ZTF24aarndoh,events/ZTF24aarndoh.npz,SN Ia,SNI,core,6,5,1,False
ZTF24aarnmsp,events/ZTF24aarnmsp.npz,SN Ia,SNI,core,89,25,64,True
ZTF24aarqmlc,events/ZTF24aarqmlc.npz,SN Ia,SNI,core,11,5,6,True
ZTF24aarqrkn,events/ZTF24aarqrkn.npz,SN Ia,SNI,core,34,13,21,True
ZTF24aarrkmj,events/ZTF24aarrkmj.npz,SN Ia,SNI,core,19,8,11,True
ZTF24aarrqlu,events/ZTF24aarrqlu.npz,SN Ia,SNI,core,6,6,0,False
ZTF24aarrrkf,events/ZTF24aarrrkf.npz,SN Ia,SNI,core,3,3,0,False
ZTF24aarrxzf,events/ZTF24aarrxzf.npz,SN Ia,SNI,core,15,9,6,True
ZTF24aarryoz,events/ZTF24aarryoz.npz,SN Ia,SNI,core,10,8,2,True
ZTF24aarvbxj,events/ZTF24aarvbxj.npz,SN II,SNII,core,57,22,35,True
ZTF24aarwcla,events/ZTF24aarwcla.npz,SN Ia,SNI,core,4,4,0,False
ZTF24aarxtma,events/ZTF24aarxtma.npz,SN Ia,SNI,core,31,18,13,True
ZTF24aarxwyd,events/ZTF24aarxwyd.npz,SN Ia,SNI,core,79,39,40,True
ZTF24aarxxmm,events/ZTF24aarxxmm.npz,SN II,SNII,core,60,34,24,True
ZTF24aarygdq,events/ZTF24aarygdq.npz,SN II,SNII,core,90,48,42,True
ZTF24aasbtjr,events/ZTF24aasbtjr.npz,SN II,SNII,core,60,10,50,True
ZTF24aascytf,events/ZTF24aascytf.npz,SN II,SNII,core,36,16,20,True
ZTF24aasdtkt,events/ZTF24aasdtkt.npz,SN IIb,SNII,core,14,7,7,True
ZTF24aaseunp,events/ZTF24aaseunp.npz,SN Ia,SNI,core,8,8,0,False
ZTF24aasfxgh,events/ZTF24aasfxgh.npz,SN Ia,SNI,core,18,10,8,True
ZTF24aasgaac,events/ZTF24aasgaac.npz,SN Ia,SNI,core,33,16,17,True
ZTF24aasgohq,events/ZTF24aasgohq.npz,SN Ia,SNI,core,4,4,0,False
ZTF24aashinc,events/ZTF24aashinc.npz,SN Ia,SNI,core,21,10,11,True
ZTF24aasigoj,events/ZTF24aasigoj.npz,SN II,SNII,core,30,10,20,True
ZTF24aaskhrq,events/ZTF24aaskhrq.npz,SN Ia,SNI,core,15,6,9,True
ZTF24aaskjim,events/ZTF24aaskjim.npz,SN Ia-91bg,SNI,core,14,7,7,True
ZTF24aasktkt,events/ZTF24aasktkt.npz,SN Ia,SNI,core,32,14,18,True
ZTF24aasktmr,events/ZTF24aasktmr.npz,SN II,SNII,core,84,38,44,True
ZTF24aaskxai,events/ZTF24aaskxai.npz,SN II,SNII,core,4,4,0,False
ZTF24aaskxde,events/ZTF24aaskxde.npz,SN Ia,SNI,core,17,11,6,True
ZTF24aasmghi,events/ZTF24aasmghi.npz,SN Ia,SNI,core,20,9,11,True
ZTF24aasnamf,events/ZTF24aasnamf.npz,SN Ia,SNI,core,40,31,9,True
ZTF24aasntvs,events/ZTF24aasntvs.npz,SN Ia,SNI,core,30,7,23,True
ZTF24aasodig,events/ZTF24aasodig.npz,SN Ia,SNI,core,10,6,4,True
ZTF24aasokij,events/ZTF24aasokij.npz,SN Ia,SNI,core,33,18,15,True
ZTF24aasqcng,events/ZTF24aasqcng.npz,SN II,SNII,core,33,14,19,True
ZTF24aasvdze,events/ZTF24aasvdze.npz,SN II,SNII,core,60,27,33,True
ZTF24aasvscv,events/ZTF24aasvscv.npz,SN Ia,SNI,core,36,14,22,True
ZTF24aaswnkx,events/ZTF24aaswnkx.npz,SN Ia,SNI,core,47,19,28,True
ZTF24aatakmz,events/ZTF24aatakmz.npz,SN Ia,SNI,core,9,3,6,True
ZTF24aataxft,events/ZTF24aataxft.npz,SN II,SNII,core,53,23,28,True
ZTF24aatbbmg,events/ZTF24aatbbmg.npz,SN Ia,SNI,core,33,28,5,True
ZTF24aatbpbr,events/ZTF24aatbpbr.npz,SN Ia,SNI,core,2,2,0,False
ZTF24aatccmo,events/ZTF24aatccmo.npz,SN Ia,SNI,core,14,8,6,True
ZTF24aatcesi,events/ZTF24aatcesi.npz,SN II,SNII,core,16,16,0,False
ZTF24aatdjua,events/ZTF24aatdjua.npz,SN Ia,SNI,core,13,10,3,True
ZTF24aatebgt,events/ZTF24aatebgt.npz,SN Ia,SNI,core,7,5,2,False
ZTF24aateouu,events/ZTF24aateouu.npz,SN Ic,SNI,core,15,5,10,True
ZTF24aatgvrs,events/ZTF24aatgvrs.npz,SN Ia,SNI,core,40,14,26,True
ZTF24aathuwg,events/ZTF24aathuwg.npz,SN Ia-91T,SNI,core,19,13,6,True
ZTF24aathzox,events/ZTF24aathzox.npz,SN Ia,SNI,core,45,24,21,True
ZTF24aatieok,events/ZTF24aatieok.npz,SN IIb,SNII,core,133,56,73,True
ZTF24aatifzm,events/ZTF24aatifzm.npz,SN II,SNII,core,24,14,10,True
ZTF24aatjgxs,events/ZTF24aatjgxs.npz,SN Ia,SNI,core,24,11,13,True
ZTF24aatjphv,events/ZTF24aatjphv.npz,SN IIn,SNII,core,77,37,37,True
ZTF24aatkhbe,events/ZTF24aatkhbe.npz,SN Ia,SNI,core,2,0,2,False
ZTF24aatlqae,events/ZTF24aatlqae.npz,SN Ia,SNI,core,9,6,3,True
ZTF24aatlsjq,events/ZTF24aatlsjq.npz,SN IIb,SNII,core,73,35,37,True
ZTF24aatlwjx,events/ZTF24aatlwjx.npz,SN Ia,SNI,core,29,0,29,False
ZTF24aatpyzf,events/ZTF24aatpyzf.npz,SN Ia,SNI,core,3,2,1,False
ZTF24aatqiio,events/ZTF24aatqiio.npz,SN Ib,SNI,core,7,6,1,False
ZTF24aatsiox,events/ZTF24aatsiox.npz,SN Ia,SNI,core,53,20,32,True
ZTF24aatsmxc,events/ZTF24aatsmxc.npz,SN II,SNII,core,53,22,31,True
ZTF24aatwwpj,events/ZTF24aatwwpj.npz,SN Ia,SNI,core,37,17,20,True
ZTF24aatxshz,events/ZTF24aatxshz.npz,TDE,TDE,core,71,40,31,True
ZTF24aatyini,events/ZTF24aatyini.npz,SN Ia,SNI,core,61,28,32,True
ZTF24aatytqv,events/ZTF24aatytqv.npz,SN IIn,SNII,core,68,30,34,True
ZTF24aatzgha,events/ZTF24aatzgha.npz,SN II,SNII,core,17,9,8,True
ZTF24aatzgua,events/ZTF24aatzgua.npz,SN Ia,SNI,core,35,19,16,True
ZTF24aaucrua,events/ZTF24aaucrua.npz,SN II,SNII,core,79,38,41,True
ZTF24aaudlat,events/ZTF24aaudlat.npz,SN Ia,SNI,core,52,24,27,True
ZTF24aauekes,events/ZTF24aauekes.npz,SN Ia,SNI,core,18,15,3,True
ZTF24aauekwz,events/ZTF24aauekwz.npz,SN Ia,SNI,core,16,7,9,True
ZTF24aauelbz,events/ZTF24aauelbz.npz,SN Ia,SNI,core,26,18,8,True
ZTF24aaueuzb,events/ZTF24aaueuzb.npz,SN Ia,SNI,core,50,23,27,True
ZTF24aaugavy,events/ZTF24aaugavy.npz,SN Ia,SNI,core,79,37,42,True
ZTF24aaugbew,events/ZTF24aaugbew.npz,SN Ia,SNI,core,24,7,17,True
ZTF24aaughlb,events/ZTF24aaughlb.npz,SN Ia,SNI,core,22,9,13,True
ZTF24aaugudk,events/ZTF24aaugudk.npz,SN Ia,SNI,core,40,17,23,True
ZTF24aaugxzp,events/ZTF24aaugxzp.npz,SN II,SNII,core,58,41,17,True
ZTF24aaugyhc,events/ZTF24aaugyhc.npz,SN Ia,SNI,core,22,12,10,True
ZTF24aaugyvz,events/ZTF24aaugyvz.npz,SN Ia-91T,SNI,core,11,11,0,False
ZTF24aauhawc,events/ZTF24aauhawc.npz,SN Ia,SNI,core,47,20,27,True
ZTF24aaumfvx,events/ZTF24aaumfvx.npz,SN II,SNII,core,79,35,44,True
ZTF24aaumgko,events/ZTF24aaumgko.npz,SN Ia,SNI,core,29,15,14,True
ZTF24aaumhmm,events/ZTF24aaumhmm.npz,SN Ia,SNI,core,57,27,30,True
ZTF24aaumzhf,events/ZTF24aaumzhf.npz,SN Ia,SNI,core,41,16,25,True
ZTF24aaunxxm,events/ZTF24aaunxxm.npz,SN II,SNII,core,59,27,32,True
ZTF24aauoakx,events/ZTF24aauoakx.npz,SN Ia,SNI,core,37,12,25,True
ZTF24aaupnbu,events/ZTF24aaupnbu.npz,SN Ia-91T,SNI,core,41,16,25,True
ZTF24aaupoba,events/ZTF24aaupoba.npz,SN Ib-pec,SNI,core,49,36,13,True
ZTF24aaupoie,events/ZTF24aaupoie.npz,SN Ia,SNI,core,52,28,24,True
ZTF24aaupozr,events/ZTF24aaupozr.npz,SN II,SNII,core,45,33,12,True
ZTF24aauprgc,events/ZTF24aauprgc.npz,SN Ia,SNI,core,31,16,15,True
ZTF24aautbcb,events/ZTF24aautbcb.npz,SN Ia,SNI,core,18,10,8,True
ZTF24aauuiva,events/ZTF24aauuiva.npz,SN Ia,SNI,core,20,20,0,False
ZTF24aauuovk,events/ZTF24aauuovk.npz,SN Ia,SNI,core,8,3,5,True
ZTF24aauvgjm,events/ZTF24aauvgjm.npz,SN Ia-91T,SNI,core,37,15,22,True
ZTF24aauyikt,events/ZTF24aauyikt.npz,SN II,SNII,core,10,0,10,False
ZTF24aauypjo,events/ZTF24aauypjo.npz,SN Ia,SNI,core,28,15,13,True
ZTF24aauyupk,events/ZTF24aauyupk.npz,SN Ia,SNI,core,15,10,5,True
ZTF24aavapoe,events/ZTF24aavapoe.npz,SN Ia,SNI,core,35,16,19,True
ZTF24aavbrtq,events/ZTF24aavbrtq.npz,SN Ia,SNI,core,23,12,11,True
ZTF24aavcfby,events/ZTF24aavcfby.npz,SN Ia,SNI,core,37,16,21,True
ZTF24aavdccv,events/ZTF24aavdccv.npz,SN Ia-91bg,SNI,core,19,15,4,True
ZTF24aavdxwf,events/ZTF24aavdxwf.npz,SN Ia,SNI,core,16,9,7,True
ZTF24aavghxs,events/ZTF24aavghxs.npz,SN Ia,SNI,core,12,1,11,False
ZTF24aavhdqy,events/ZTF24aavhdqy.npz,SN Ia,SNI,core,32,13,19,True
ZTF24aavhseb,events/ZTF24aavhseb.npz,SN II,SNII,core,18,5,13,True
ZTF24aavhyax,events/ZTF24aavhyax.npz,SN Ia,SNI,core,17,6,11,True
ZTF24aavkhwi,events/ZTF24aavkhwi.npz,SN Ia,SNI,core,56,23,33,True
ZTF24aavovrp,events/ZTF24aavovrp.npz,SN Ia-91T,SNI,core,26,13,13,True
ZTF24aavpxsr,events/ZTF24aavpxsr.npz,SN Ia,SNI,core,73,32,39,True
ZTF24aavrdir,events/ZTF24aavrdir.npz,SN Ia,SNI,core,25,0,25,False
ZTF24aavsmbp,events/ZTF24aavsmbp.npz,SN Ia-pec,SNI,core,11,6,5,True
ZTF24aavttjp,events/ZTF24aavttjp.npz,SN II,SNII,core,41,21,20,True
ZTF24aavvypx,events/ZTF24aavvypx.npz,SN Ia,SNI,core,24,24,0,False
ZTF24aavydau,events/ZTF24aavydau.npz,SN Ia,SNI,core,45,18,27,True
ZTF24aavyicb,events/ZTF24aavyicb.npz,SN II,SNII,core,67,31,34,True
ZTF24aavzglr,events/ZTF24aavzglr.npz,SN Ia,SNI,core,22,9,13,True
ZTF24aavzrue,events/ZTF24aavzrue.npz,SN Ia,SNI,core,77,34,43,True
ZTF24aavzwkd,events/ZTF24aavzwkd.npz,SN Ia,SNI,core,44,20,24,True
ZTF24aawajih,events/ZTF24aawajih.npz,SN Ia,SNI,core,37,13,24,True
ZTF24aawakwl,events/ZTF24aawakwl.npz,SN II,SNII,core,73,37,36,True
ZTF24aawbgfo,events/ZTF24aawbgfo.npz,SN Ia,SNI,core,30,17,13,True
ZTF24aawhjnm,events/ZTF24aawhjnm.npz,SN Ia,SNI,core,11,3,8,True
ZTF24aawjctx,events/ZTF24aawjctx.npz,SN Ia,SNI,core,20,12,8,True
ZTF24aawjwxx,events/ZTF24aawjwxx.npz,SN Ic,SNI,core,39,15,24,True
ZTF24aawklme,events/ZTF24aawklme.npz,SN II,SNII,core,75,37,35,True
ZTF24aawktbk,events/ZTF24aawktbk.npz,SN Ia,SNI,core,16,13,3,True
ZTF24aawktlo,events/ZTF24aawktlo.npz,SN Ia,SNI,core,14,9,5,True
ZTF24aawkujt,events/ZTF24aawkujt.npz,SN Ia,SNI,core,25,9,16,True
ZTF24aawlglu,events/ZTF24aawlglu.npz,SN Ia,SNI,core,25,12,13,True
ZTF24aawlhdv,events/ZTF24aawlhdv.npz,SN Ia,SNI,core,14,5,9,True
ZTF24aawlotq,events/ZTF24aawlotq.npz,SN Ia-91T,SNI,core,9,6,3,True
ZTF24aawnlvt,events/ZTF24aawnlvt.npz,SN Ia,SNI,core,7,7,0,False
ZTF24aawpwhq,events/ZTF24aawpwhq.npz,SN II,SNII,core,28,27,1,False
ZTF24aawqnfq,events/ZTF24aawqnfq.npz,SN Ia,SNI,core,6,5,1,False
ZTF24aawrszo,events/ZTF24aawrszo.npz,SN IIb,SNII,core,16,6,10,True
ZTF24aawruen,events/ZTF24aawruen.npz,SN Ia,SNI,core,63,28,35,True
ZTF24aawruhq,events/ZTF24aawruhq.npz,CV,CV,core,16,10,6,True
ZTF24aawshuy,events/ZTF24aawshuy.npz,SN Ia,SNI,core,45,17,28,True
ZTF24aawtoiv,events/ZTF24aawtoiv.npz,SN Ic,SNI,core,73,31,39,True
ZTF24aawvybe,events/ZTF24aawvybe.npz,SN Ia,SNI,core,12,7,5,True
ZTF24aawwnis,events/ZTF24aawwnis.npz,SN Ia,SNI,core,20,0,20,False
ZTF24aawwzqz,events/ZTF24aawwzqz.npz,SN Ia,SNI,core,45,23,20,True
ZTF24aawxpeu,events/ZTF24aawxpeu.npz,SN Ia,SNI,core,28,12,16,True
ZTF24aawxqjl,events/ZTF24aawxqjl.npz,SN Ia,SNI,core,47,24,23,True
ZTF24aawxtxh,events/ZTF24aawxtxh.npz,SN Ia,SNI,core,39,15,24,True
ZTF24aawyrsn,events/ZTF24aawyrsn.npz,SN Ia,SNI,core,39,13,26,True
ZTF24aaxadom,events/ZTF24aaxadom.npz,SN Ia,SNI,core,55,11,44,True
ZTF24aaxdojc,events/ZTF24aaxdojc.npz,SN Ia,SNI,core,38,26,12,True
ZTF24aaxdooe,events/ZTF24aaxdooe.npz,SN Ic-BL,SNI,core,23,19,4,True
ZTF24aaxhomn,events/ZTF24aaxhomn.npz,SN II,SNII,core,81,23,56,True
ZTF24aaxizpd,events/ZTF24aaxizpd.npz,SN Ia,SNI,core,23,10,13,True
ZTF24aaxjaul,events/ZTF24aaxjaul.npz,SN Ia,SNI,core,12,11,1,False
ZTF24aaxjbcd,events/ZTF24aaxjbcd.npz,SN Ia,SNI,core,9,7,2,True
ZTF24aaxjjmx,events/ZTF24aaxjjmx.npz,SN Ic,SNI,core,24,0,24,False
ZTF24aaxkipy,events/ZTF24aaxkipy.npz,SN Ia,SNI,core,28,11,17,True
ZTF24aaxlnut,events/ZTF24aaxlnut.npz,SN II,SNII,core,79,30,46,True
ZTF24aaxlnuv,events/ZTF24aaxlnuv.npz,SN Ia,SNI,core,39,18,21,True
ZTF24aaxmacd,events/ZTF24aaxmacd.npz,SN Ia,SNI,core,29,13,16,True
ZTF24aaxmalj,events/ZTF24aaxmalj.npz,SN Ia,SNI,core,54,22,32,True
ZTF24aaxmpne,events/ZTF24aaxmpne.npz,SN Ia,SNI,core,57,27,30,True
ZTF24aaxmpyh,events/ZTF24aaxmpyh.npz,SN Ia-pec,SNI,core,77,40,35,True
ZTF24aaxnrue,events/ZTF24aaxnrue.npz,SN Ia,SNI,core,14,9,5,True
ZTF24aaxnvou,events/ZTF24aaxnvou.npz,SN II,SNII,core,47,14,33,True
ZTF24aaxqhje,events/ZTF24aaxqhje.npz,SN Ia,SNI,core,36,17,19,True
ZTF24aaxqnbe,events/ZTF24aaxqnbe.npz,SN II,SNII,core,51,15,34,True
ZTF24aaxqsey,events/ZTF24aaxqsey.npz,SN Ia,SNI,core,40,18,22,True
ZTF24aaxtoch,events/ZTF24aaxtoch.npz,SN II,SNII,core,28,10,18,True
ZTF24aaxvjcx,events/ZTF24aaxvjcx.npz,SN Ia-pec,SNI,core,22,7,15,True
ZTF24aaxwnpx,events/ZTF24aaxwnpx.npz,SN Ia,SNI,core,19,0,19,False
ZTF24aaxxegw,events/ZTF24aaxxegw.npz,SN II,SNII,core,44,17,26,True
ZTF24aaxyrrd,events/ZTF24aaxyrrd.npz,SN II,SNII,core,70,31,37,True
ZTF24aaxzjdt,events/ZTF24aaxzjdt.npz,SN Ia,SNI,core,40,15,24,True
ZTF24aayagxg,events/ZTF24aayagxg.npz,SN Ia,SNI,core,11,9,2,True
ZTF24aaybafr,events/ZTF24aaybafr.npz,SN II,SNII,core,30,13,17,True
ZTF24aaybeda,events/ZTF24aaybeda.npz,SN Ia,SNI,core,30,14,16,True
ZTF24aaydpre,events/ZTF24aaydpre.npz,SN Ia,SNI,core,43,19,23,True
ZTF24aayfivu,events/ZTF24aayfivu.npz,SN Ia,SNI,core,5,0,5,False
ZTF24aaygegk,events/ZTF24aaygegk.npz,SN Ia,SNI,core,47,19,25,True
ZTF24aayikbu,events/ZTF24aayikbu.npz,SN Ic,SNI,core,8,0,8,False
ZTF24aayimjt,events/ZTF24aayimjt.npz,SN Ic,SNI,core,49,23,26,True
ZTF24aayjrde,events/ZTF24aayjrde.npz,SN Ia,SNI,core,49,21,28,True
ZTF24aaymkrs,events/ZTF24aaymkrs.npz,SN Ib,SNI,core,75,34,39,True
ZTF24aaymouy,events/ZTF24aaymouy.npz,SN Ia,SNI,core,29,13,16,True
ZTF24aaymrfe,events/ZTF24aaymrfe.npz,SN Ia,SNI,core,3,3,0,False
ZTF24aaymskk,events/ZTF24aaymskk.npz,SN Ia,SNI,core,6,6,0,False
ZTF24aaynaot,events/ZTF24aaynaot.npz,SN Ia,SNI,core,11,6,5,True
ZTF24aayncet,events/ZTF24aayncet.npz,SN II,SNII,core,49,17,32,True
ZTF24aaypjcj,events/ZTF24aaypjcj.npz,SN Ia,SNI,core,39,17,22,True
ZTF24aaypock,events/ZTF24aaypock.npz,SN Ia,SNI,core,37,14,23,True
ZTF24aayqrow,events/ZTF24aayqrow.npz,SN IIn,SNII,core,60,28,29,True
ZTF24aayshhu,events/ZTF24aayshhu.npz,SN Ia,SNI,core,30,14,16,True
ZTF24aaysiig,events/ZTF24aaysiig.npz,SN Ia,SNI,core,19,12,7,True
ZTF24aayswrc,events/ZTF24aayswrc.npz,SN Ia,SNI,core,13,5,8,True
ZTF24aayucpn,events/ZTF24aayucpn.npz,SN Ib/c,SNI,core,5,3,2,False
ZTF24aaywvsf,events/ZTF24aaywvsf.npz,SN Ia,SNI,core,43,19,24,True
ZTF24aayxdbn,events/ZTF24aayxdbn.npz,SN II,SNII,core,36,11,25,True
ZTF24aayyqub,events/ZTF24aayyqub.npz,SN Ia,SNI,core,35,13,21,True
ZTF24aazagzl,events/ZTF24aazagzl.npz,SN Ia,SNI,core,37,21,14,True
ZTF24aazjdml,events/ZTF24aazjdml.npz,SN II,SNII,core,106,45,57,True
ZTF24aazkvzi,events/ZTF24aazkvzi.npz,SN Ia,SNI,core,49,19,28,True
ZTF24aazkzkl,events/ZTF24aazkzkl.npz,SN Ia,SNI,core,36,17,19,True
ZTF24aazlmpe,events/ZTF24aazlmpe.npz,SN Ia,SNI,core,21,12,9,True
ZTF24aazloim,events/ZTF24aazloim.npz,SN Ia,SNI,core,24,11,13,True
ZTF24aazmqbf,events/ZTF24aazmqbf.npz,SN Ic,SNI,core,47,15,32,True
ZTF24aazpqhq,events/ZTF24aazpqhq.npz,SN II,SNII,core,9,7,2,True
ZTF24aazqavh,events/ZTF24aazqavh.npz,SN Ic-BL,SNI,core,27,14,13,True
ZTF24aazqcuz,events/ZTF24aazqcuz.npz,SN Ia,SNI,core,26,11,15,True
ZTF24aazsigv,events/ZTF24aazsigv.npz,SN Ia,SNI,core,14,10,4,True
ZTF24aazszfd,events/ZTF24aazszfd.npz,SN Ia,SNI,core,35,22,13,True
ZTF24aazszlu,events/ZTF24aazszlu.npz,SN Ia,SNI,core,26,11,14,True
ZTF24aaztbct,events/ZTF24aaztbct.npz,SN Ic,SNI,core,16,9,7,True
ZTF24aazyfjz,events/ZTF24aazyfjz.npz,SN Ia,SNI,core,2,2,0,False
ZTF24abaczqu,events/ZTF24abaczqu.npz,SN Ia,SNI,core,34,10,24,True
ZTF24abagjgq,events/ZTF24abagjgq.npz,SN Ia,SNI,core,24,11,13,True
ZTF24abagndi,events/ZTF24abagndi.npz,SN Ia-91T,SNI,core,21,9,12,True
ZTF24abaiddj,events/ZTF24abaiddj.npz,SN Ia,SNI,core,30,15,15,True
ZTF24abajmau,events/ZTF24abajmau.npz,SN Ic-BL,SNI,core,43,18,23,True
ZTF24abakgyn,events/ZTF24abakgyn.npz,SN Ia,SNI,core,57,25,29,True
ZTF24abamger,events/ZTF24abamger.npz,SN Ia,SNI,core,38,20,17,True
ZTF24abaoemb,events/ZTF24abaoemb.npz,SN Ia,SNI,core,14,12,2,True
ZTF24abasrjx,events/ZTF24abasrjx.npz,SN Ia,SNI,core,15,12,3,True
ZTF24abavoif,events/ZTF24abavoif.npz,SN II,SNII,core,45,20,22,True
ZTF24abbbdqs,events/ZTF24abbbdqs.npz,SN Ia,SNI,core,79,30,45,True
ZTF24abbbttv,events/ZTF24abbbttv.npz,SN Ia,SNI,core,45,20,25,True
ZTF24abbcmal,events/ZTF24abbcmal.npz,SN Ia,SNI,core,35,18,17,True
ZTF24abbcrsy,events/ZTF24abbcrsy.npz,SN II,SNII,core,28,16,12,True
ZTF24abbdtfp,events/ZTF24abbdtfp.npz,SN Ia,SNI,core,38,16,20,True
ZTF24abbenwl,events/ZTF24abbenwl.npz,SN IIP,SNII,core,76,39,34,True
ZTF24abbgjue,events/ZTF24abbgjue.npz,SN Ia,SNI,core,24,13,11,True
ZTF24abbinrr,events/ZTF24abbinrr.npz,SN IIb,SNII,core,28,12,15,True
ZTF24abbiqob,events/ZTF24abbiqob.npz,SN Ia,SNI,core,42,17,23,True
ZTF24abbmixl,events/ZTF24abbmixl.npz,SN Ia,SNI,core,57,33,22,True
ZTF24abbrcrq,events/ZTF24abbrcrq.npz,SN Ia,SNI,core,33,17,16,True
ZTF24abbrvli,events/ZTF24abbrvli.npz,SN Ia,SNI,core,25,11,14,True
ZTF24abbsboo,events/ZTF24abbsboo.npz,SN Ia,SNI,core,14,11,3,True
ZTF24abbsuhu,events/ZTF24abbsuhu.npz,SN Ib,SNI,core,15,11,4,True
ZTF24abbtigi,events/ZTF24abbtigi.npz,SN Ia,SNI,core,15,6,9,True
ZTF24abbtmqs,events/ZTF24abbtmqs.npz,SN II,SNII,core,29,10,17,True
ZTF24abbvpge,events/ZTF24abbvpge.npz,SN Ia,SNI,core,64,23,41,True
ZTF24abbwkci,events/ZTF24abbwkci.npz,SN Ia,SNI,core,120,59,55,True
ZTF24abbwztk,events/ZTF24abbwztk.npz,SN Ia,SNI,core,21,10,11,True
ZTF24abcbmug,events/ZTF24abcbmug.npz,SN II,SNII,core,79,39,38,True
ZTF24abccaua,events/ZTF24abccaua.npz,SN Ia,SNI,core,24,12,12,True
ZTF24abccoav,events/ZTF24abccoav.npz,SN Ia,SNI,core,30,14,16,True
ZTF24abcenxy,events/ZTF24abcenxy.npz,SN II,SNII,core,18,0,18,False
ZTF24abcfiff,events/ZTF24abcfiff.npz,SN Ia,SNI,core,22,10,12,True
ZTF24abcgrbl,events/ZTF24abcgrbl.npz,SN Ia,SNI,core,16,8,8,True
ZTF24abchcrp,events/ZTF24abchcrp.npz,SN Ia,SNI,core,28,17,11,True
ZTF24abchdsc,events/ZTF24abchdsc.npz,SN Ib,SNI,core,9,9,0,False
ZTF24abchpnc,events/ZTF24abchpnc.npz,SN Ic,SNI,core,11,4,7,True
ZTF24abciekd,events/ZTF24abciekd.npz,SN Ia-pec,SNI,core,10,5,5,True
ZTF24abcixyi,events/ZTF24abcixyi.npz,SN Ia,SNI,core,12,5,7,True
ZTF24abcjbtj,events/ZTF24abcjbtj.npz,SN Ia,SNI,core,6,3,3,False
ZTF24abcjovt,events/ZTF24abcjovt.npz,SN Ia,SNI,core,46,18,28,True
ZTF24abckhke,events/ZTF24abckhke.npz,SN Ia,SNI,core,25,9,16,True
ZTF24abcnhxx,events/ZTF24abcnhxx.npz,SN Ia,SNI,core,13,7,6,True
ZTF24abcnnlb,events/ZTF24abcnnlb.npz,SN Ia,SNI,core,26,11,15,True
ZTF24abcpmak,events/ZTF24abcpmak.npz,SN Ia,SNI,core,39,16,23,True
ZTF24abcqasv,events/ZTF24abcqasv.npz,SN Ib,SNI,core,14,2,10,True
ZTF24abcqaus,events/ZTF24abcqaus.npz,SN Ia,SNI,core,22,7,13,True
ZTF24abcqauy,events/ZTF24abcqauy.npz,SN II,SNII,core,21,3,16,True
ZTF24abcrgam,events/ZTF24abcrgam.npz,SN Ia,SNI,core,26,14,12,True
ZTF24abcrkus,events/ZTF24abcrkus.npz,SN Ia,SNI,core,33,13,18,True
ZTF24abcscfm,events/ZTF24abcscfm.npz,SN IIn,SNII,core,34,34,0,False
ZTF24abcubkx,events/ZTF24abcubkx.npz,SN Ia,SNI,core,36,14,20,True
ZTF24abcugcf,events/ZTF24abcugcf.npz,SN IIn,SNII,core,29,24,5,True
ZTF24abculqd,events/ZTF24abculqd.npz,SN Ia,SNI,core,38,23,15,True
ZTF24abcvach,events/ZTF24abcvach.npz,SN Ia,SNI,core,9,9,0,False
ZTF24abcvpyp,events/ZTF24abcvpyp.npz,SN Ia,SNI,core,47,28,18,True
ZTF24abcwpky,events/ZTF24abcwpky.npz,SN II,SNII,core,2,1,1,False
ZTF24abcwqil,events/ZTF24abcwqil.npz,SN Ia,SNI,core,23,9,14,True
ZTF24abcwvki,events/ZTF24abcwvki.npz,SN Ia,SNI,core,31,11,18,True
ZTF24abcxfhy,events/ZTF24abcxfhy.npz,SN Ia,SNI,core,9,5,4,True
ZTF24abcyajd,events/ZTF24abcyajd.npz,SN Ia,SNI,core,35,16,17,True
ZTF24abcyfru,events/ZTF24abcyfru.npz,SN II,SNII,core,48,16,30,True
ZTF24abdakwo,events/ZTF24abdakwo.npz,SN Ia,SNI,core,26,12,14,True
ZTF24abdbdhr,events/ZTF24abdbdhr.npz,SN II,SNII,core,8,7,1,False
ZTF24abddplf,events/ZTF24abddplf.npz,SN Ia,SNI,core,24,10,13,True
ZTF24abdebfm,events/ZTF24abdebfm.npz,SN Ia,SNI,core,56,24,30,True
ZTF24abdfuqr,events/ZTF24abdfuqr.npz,SN Ia,SNI,core,16,6,10,True
ZTF24abdirzu,events/ZTF24abdirzu.npz,SN Ia-91T,SNI,core,38,16,19,True
ZTF24abdjago,events/ZTF24abdjago.npz,SN Ia,SNI,core,31,15,15,True
ZTF24abdjezn,events/ZTF24abdjezn.npz,SN Ia,SNI,core,42,18,22,True
ZTF24abdjuga,events/ZTF24abdjuga.npz,SN Ia,SNI,core,18,3,15,True
ZTF24abdkfqu,events/ZTF24abdkfqu.npz,SN Ia,SNI,core,23,10,12,True
ZTF24abdndji,events/ZTF24abdndji.npz,SN Ia,SNI,core,112,50,57,True
ZTF24abdoosm,events/ZTF24abdoosm.npz,SN Ia,SNI,core,17,8,9,True
ZTF24abdounl,events/ZTF24abdounl.npz,SN II,SNII,core,23,20,3,True
ZTF24abdphgu,events/ZTF24abdphgu.npz,SN Ia,SNI,core,46,13,33,True
ZTF24abdtszn,events/ZTF24abdtszn.npz,SN II,SNII,core,64,27,34,True
ZTF24abdumvs,events/ZTF24abdumvs.npz,SN II,SNII,core,47,18,26,True
ZTF24abdxiah,events/ZTF24abdxiah.npz,SN Ia,SNI,core,61,22,34,True
ZTF24abdzqra,events/ZTF24abdzqra.npz,SN Ia,SNI,core,37,16,19,True
ZTF24abdzyyc,events/ZTF24abdzyyc.npz,SN Ia,SNI,core,23,10,11,True
ZTF24abeclwh,events/ZTF24abeclwh.npz,SN Ia,SNI,core,10,10,0,False
ZTF24abeebbl,events/ZTF24abeebbl.npz,SN II,SNII,core,100,45,51,True
ZTF24abefrsz,events/ZTF24abefrsz.npz,SN Ia,SNI,core,36,15,21,True
ZTF24abefzuh,events/ZTF24abefzuh.npz,SN Ia,SNI,core,31,13,16,True
ZTF24abeiqfc,events/ZTF24abeiqfc.npz,SN Ia,SNI,core,39,19,18,True
ZTF24abeivan,events/ZTF24abeivan.npz,SN IIn,SNII,core,47,20,24,True
ZTF24abejmqz,events/ZTF24abejmqz.npz,SN Ia-91bg,SNI,core,15,5,8,True
ZTF24abepnpq,events/ZTF24abepnpq.npz,SN Ia,SNI,core,61,28,30,True
ZTF24abeppdw,events/ZTF24abeppdw.npz,SN Ia,SNI,core,31,12,19,True
ZTF24abeqjgr,events/ZTF24abeqjgr.npz,SN Ia,SNI,core,14,4,10,True
ZTF24abernvw,events/ZTF24abernvw.npz,SN Ia,SNI,core,22,5,17,True
ZTF24abesffh,events/ZTF24abesffh.npz,SN II,SNII,core,9,4,5,True
ZTF24abetsjy,events/ZTF24abetsjy.npz,SN Ia-91T,SNI,core,17,9,8,True
ZTF24abeuxkq,events/ZTF24abeuxkq.npz,SN Ia,SNI,core,42,18,21,True
ZTF24abevlcq,events/ZTF24abevlcq.npz,SN Ia,SNI,core,12,8,4,True
ZTF24abeywka,events/ZTF24abeywka.npz,SN IIn,SNII,core,49,18,31,True
ZTF24abfawev,events/ZTF24abfawev.npz,SN Ia,SNI,core,26,12,13,True
ZTF24abffaqw,events/ZTF24abffaqw.npz,SN II,SNII,core,89,39,44,True
ZTF24abflhlp,events/ZTF24abflhlp.npz,SN Ia,SNI,core,58,36,22,True
ZTF24abfmniy,events/ZTF24abfmniy.npz,SN Ia,SNI,core,52,25,26,True
ZTF24abfnkzm,events/ZTF24abfnkzm.npz,SN Ia,SNI,core,19,6,12,True
ZTF24abfpcjv,events/ZTF24abfpcjv.npz,SN Ia,SNI,core,88,28,60,True
ZTF24abfpdbe,events/ZTF24abfpdbe.npz,SN IIb,SNII,core,47,13,34,True
ZTF24abfpeiw,events/ZTF24abfpeiw.npz,SN Ia-91T,SNI,core,46,20,24,True
ZTF24abfsxul,events/ZTF24abfsxul.npz,SN Ia,SNI,core,38,13,22,True
ZTF24abfuscm,events/ZTF24abfuscm.npz,SN II,SNII,core,91,42,47,True
ZTF24abfusha,events/ZTF24abfusha.npz,SN Ia,SNI,core,6,4,2,False
ZTF24abfuwoh,events/ZTF24abfuwoh.npz,SN Ia,SNI,core,12,7,5,True
ZTF24abfwmpi,events/ZTF24abfwmpi.npz,SN Ia,SNI,core,34,12,19,True
ZTF24abfxhta,events/ZTF24abfxhta.npz,SN Ia,SNI,core,51,36,15,True
ZTF24abfxing,events/ZTF24abfxing.npz,SN Ia,SNI,core,27,11,16,True
ZTF24abfzzhc,events/ZTF24abfzzhc.npz,SN Ia,SNI,core,18,11,6,True
ZTF24abgeiva,events/ZTF24abgeiva.npz,SN II,SNII,core,25,9,15,True
ZTF24abgjdxk,events/ZTF24abgjdxk.npz,SN II,SNII,core,7,5,2,False
ZTF24abgjkys,events/ZTF24abgjkys.npz,SN Ia,SNI,core,17,6,11,True
ZTF24abglarx,events/ZTF24abglarx.npz,SN Ia,SNI,core,30,9,19,True
ZTF24abgmtsu,events/ZTF24abgmtsu.npz,SN Ia,SNI,core,23,8,12,True
ZTF24abgngzh,events/ZTF24abgngzh.npz,SN Ia-91bg,SNI,core,7,2,5,False
ZTF24abgocjp,events/ZTF24abgocjp.npz,SN Ia-91bg,SNI,core,34,14,20,True
ZTF24abgoeuh,events/ZTF24abgoeuh.npz,SN Ia,SNI,core,18,6,11,True
ZTF24abgoksi,events/ZTF24abgoksi.npz,SN II,SNII,core,88,26,62,True
ZTF24abgqgdy,events/ZTF24abgqgdy.npz,SN Ia,SNI,core,22,8,14,True
ZTF24abgscdq,events/ZTF24abgscdq.npz,SN Ia,SNI,core,27,12,15,True
ZTF24abgsfib,events/ZTF24abgsfib.npz,SN Ia,SNI,core,36,14,19,True
ZTF24abgsvwh,events/ZTF24abgsvwh.npz,SN Ia,SNI,core,35,13,19,True
ZTF24abgviom,events/ZTF24abgviom.npz,SN Ia,SNI,core,26,8,16,True
ZTF24abgvkwg,events/ZTF24abgvkwg.npz,SN II,SNII,core,45,19,23,True
ZTF24abgvkxx,events/ZTF24abgvkxx.npz,SN Ia,SNI,core,37,13,24,True
ZTF24abgvrdl,events/ZTF24abgvrdl.npz,SN Ia,SNI,core,152,67,79,True
ZTF24abgvscf,events/ZTF24abgvscf.npz,SN Ia,SNI,core,59,26,30,True
ZTF24abgweei,events/ZTF24abgweei.npz,SN II,SNII,core,58,9,49,True
ZTF24abgzsnd,events/ZTF24abgzsnd.npz,SN Ia,SNI,core,35,12,17,True
ZTF24abgzvlk,events/ZTF24abgzvlk.npz,SN Ia,SNI,core,49,31,18,True
ZTF24abhbjwi,events/ZTF24abhbjwi.npz,SN Ia,SNI,core,17,16,1,False
ZTF24abhbrcs,events/ZTF24abhbrcs.npz,SN II,SNII,core,67,33,31,True
ZTF24abhbvwm,events/ZTF24abhbvwm.npz,SN Ia,SNI,core,26,9,17,True
ZTF24abhexdw,events/ZTF24abhexdw.npz,SN IIn,SNII,core,28,10,17,True
ZTF24abheyje,events/ZTF24abheyje.npz,SN Ia,SNI,core,4,0,4,False
ZTF24abhgjqn,events/ZTF24abhgjqn.npz,SN II,SNII,core,42,18,21,True
ZTF24abhgzjl,events/ZTF24abhgzjl.npz,SN Ia,SNI,core,36,22,14,True
ZTF24abhhxle,events/ZTF24abhhxle.npz,SN Ia,SNI,core,5,4,1,False
ZTF24abhhyxr,events/ZTF24abhhyxr.npz,SN Ia,SNI,core,4,4,0,False
ZTF24abhhzrp,events/ZTF24abhhzrp.npz,SN Ic,SNI,core,15,10,5,True
ZTF24abhidcc,events/ZTF24abhidcc.npz,SN Ia,SNI,core,27,10,17,True
ZTF24abhluet,events/ZTF24abhluet.npz,SN Ia,SNI,core,20,8,9,True
ZTF24abhptym,events/ZTF24abhptym.npz,SN II,SNII,core,26,4,22,True
ZTF24abhpyvf,events/ZTF24abhpyvf.npz,SN Ia,SNI,core,12,6,6,True
ZTF24abhqgia,events/ZTF24abhqgia.npz,SN IIb,SNII,core,7,2,5,False
ZTF24abhrlfz,events/ZTF24abhrlfz.npz,SN Ia,SNI,core,19,7,10,True
ZTF24abhsqly,events/ZTF24abhsqly.npz,SN Ic,SNI,core,24,16,8,True
ZTF24abhstjv,events/ZTF24abhstjv.npz,SN Ia,SNI,core,32,14,16,True
ZTF24abhtxit,events/ZTF24abhtxit.npz,SN Ia,SNI,core,37,15,22,True
ZTF24abhtybk,events/ZTF24abhtybk.npz,SN Ia,SNI,core,119,53,64,True
ZTF24abhupjy,events/ZTF24abhupjy.npz,SN II,SNII,core,100,45,55,True
ZTF24abhvotc,events/ZTF24abhvotc.npz,SN Ia,SNI,core,54,20,31,True
ZTF24abhwtud,events/ZTF24abhwtud.npz,SN Ia,SNI,core,10,4,6,True
ZTF24abhwvrb,events/ZTF24abhwvrb.npz,SN II,SNII,core,13,4,9,True
ZTF24abhxooe,events/ZTF24abhxooe.npz,SN Ia,SNI,core,16,6,8,True
ZTF24abhzafp,events/ZTF24abhzafp.npz,SN II,SNII,core,6,6,0,False
ZTF24abhzshd,events/ZTF24abhzshd.npz,SN Ia,SNI,core,25,7,18,True
ZTF24abhzzoq,events/ZTF24abhzzoq.npz,SN Ia,SNI,core,15,6,7,True
ZTF24abibcib,events/ZTF24abibcib.npz,SN II,SNII,core,40,17,23,True
ZTF24abicrns,events/ZTF24abicrns.npz,SN Ia-91T,SNI,core,6,4,2,False
ZTF24abictpw,events/ZTF24abictpw.npz,CV,CV,core,4,2,2,False
ZTF24abifpxn,events/ZTF24abifpxn.npz,SN Ia,SNI,core,23,10,13,True
ZTF24abifqbz,events/ZTF24abifqbz.npz,SN Ia,SNI,core,38,14,22,True
ZTF24abigauq,events/ZTF24abigauq.npz,SN Ib,SNI,core,38,13,25,True
ZTF24abihiaw,events/ZTF24abihiaw.npz,SN Ia,SNI,core,21,14,7,True
ZTF24abihkka,events/ZTF24abihkka.npz,SN Ia,SNI,core,19,7,10,True
ZTF24abihpmn,events/ZTF24abihpmn.npz,SN II,SNII,core,41,16,25,True
ZTF24abihsvi,events/ZTF24abihsvi.npz,SN IIP,SNII,core,45,6,39,True
ZTF24abihuzi,events/ZTF24abihuzi.npz,SN Ia,SNI,core,19,5,11,True
ZTF24abiiepg,events/ZTF24abiiepg.npz,SN Ia,SNI,core,10,4,6,True
ZTF24abiihsz,events/ZTF24abiihsz.npz,SN Ia,SNI,core,24,10,12,True
ZTF24abiiivs,events/ZTF24abiiivs.npz,SN Ia-pec,SNI,core,29,12,17,True
ZTF24abijcdx,events/ZTF24abijcdx.npz,SN II,SNII,core,13,3,9,True
ZTF24abiktwr,events/ZTF24abiktwr.npz,SN Ia,SNI,core,38,22,16,True
ZTF24abikzjx,events/ZTF24abikzjx.npz,SN Ia,SNI,core,45,18,24,True
ZTF24abiltvb,events/ZTF24abiltvb.npz,SN Ia,SNI,core,49,20,26,True
ZTF24abimkuk,events/ZTF24abimkuk.npz,SN Ia,SNI,core,10,9,1,False
ZTF24abimnpm,events/ZTF24abimnpm.npz,SN Ia,SNI,core,26,12,14,True
ZTF24abimpmc,events/ZTF24abimpmc.npz,SN Ia,SNI,core,13,12,1,False
ZTF24abineem,events/ZTF24abineem.npz,SN Ia,SNI,core,14,8,5,True
ZTF24abinhbc,events/ZTF24abinhbc.npz,SN Ia,SNI,core,9,4,5,True
ZTF24abipjoh,events/ZTF24abipjoh.npz,SN Ia,SNI,core,73,24,45,True
ZTF24abipyia,events/ZTF24abipyia.npz,SN Ia,SNI,core,19,12,7,True
ZTF24abisbqg,events/ZTF24abisbqg.npz,SN Ia,SNI,core,25,0,23,False
ZTF24abitshb,events/ZTF24abitshb.npz,SN Ia,SNI,core,67,30,36,True
ZTF24abiwsvi,events/ZTF24abiwsvi.npz,SN Ia-91T,SNI,core,59,28,31,True
ZTF24abiwzzc,events/ZTF24abiwzzc.npz,SN Ic,SNI,core,15,15,0,False
ZTF24abizbpc,events/ZTF24abizbpc.npz,SN Ia,SNI,core,43,18,25,True
ZTF24abizspq,events/ZTF24abizspq.npz,SN Ia,SNI,core,36,14,22,True
ZTF24abizyga,events/ZTF24abizyga.npz,SN Ia,SNI,core,13,4,9,True
ZTF24abizzbd,events/ZTF24abizzbd.npz,SN Ia,SNI,core,6,2,4,False
ZTF24abjdahk,events/ZTF24abjdahk.npz,SN Ia,SNI,core,9,8,1,False
ZTF24abjflpz,events/ZTF24abjflpz.npz,SN Ia,SNI,core,62,24,38,True
ZTF24abjftxl,events/ZTF24abjftxl.npz,SN IIn,SNII,core,65,27,38,True
ZTF24abjfuew,events/ZTF24abjfuew.npz,TDE,TDE,core,40,20,20,True
ZTF24abjixuq,events/ZTF24abjixuq.npz,SN Ia,SNI,core,22,10,12,True
ZTF24abjjeet,events/ZTF24abjjeet.npz,SN Ia,SNI,core,22,9,13,True
ZTF24abjledk,events/ZTF24abjledk.npz,SN Ia,SNI,core,26,8,18,True
ZTF24abjrdxb,events/ZTF24abjrdxb.npz,SN Ia,SNI,core,25,0,25,False
ZTF24abjsdsv,events/ZTF24abjsdsv.npz,SN Ia,SNI,core,24,11,13,True
ZTF24abkauuv,events/ZTF24abkauuv.npz,SN Ia,SNI,core,20,7,13,True
ZTF24abkbany,events/ZTF24abkbany.npz,SN IIb,SNII,core,21,6,15,True
ZTF24abkbhzk,events/ZTF24abkbhzk.npz,SN Ia,SNI,core,26,22,4,True
ZTF24abkcder,events/ZTF24abkcder.npz,SN II,SNII,core,39,19,20,True
ZTF24abkegqp,events/ZTF24abkegqp.npz,SN Ia,SNI,core,27,11,16,True
ZTF24abkfmfr,events/ZTF24abkfmfr.npz,SN Ia,SNI,core,27,10,17,True
ZTF24abkgfqo,events/ZTF24abkgfqo.npz,SN Ia,SNI,core,22,10,12,True
ZTF24abkghje,events/ZTF24abkghje.npz,SN Ia,SNI,core,46,24,22,True
ZTF24abkiblx,events/ZTF24abkiblx.npz,SN Ib,SNI,core,13,5,8,True
ZTF24abkiexn,events/ZTF24abkiexn.npz,SN Ia,SNI,core,15,8,7,True
ZTF24abkiwns,events/ZTF24abkiwns.npz,SN IIn,SNII,core,33,5,28,True
ZTF24abkjtsn,events/ZTF24abkjtsn.npz,SN Ia,SNI,core,36,14,22,True
ZTF24abkpuna,events/ZTF24abkpuna.npz,SN IIn,SNII,core,24,20,4,True
ZTF24abkrlwo,events/ZTF24abkrlwo.npz,SN Ia-91bg,SNI,core,7,3,4,False
ZTF24ableoob,events/ZTF24ableoob.npz,SN II,SNII,core,4,0,4,False
ZTF24ablergc,events/ZTF24ablergc.npz,SN II,SNII,core,5,0,5,False
ZTF24ablersy,events/ZTF24ablersy.npz,SN Ia,SNI,core,17,3,14,True
ZTF24ablflcx,events/ZTF24ablflcx.npz,SN Ia,SNI,core,13,6,7,True
ZTF24ablflur,events/ZTF24ablflur.npz,SN II,SNII,core,38,16,22,True
ZTF24ablfyfu,events/ZTF24ablfyfu.npz,SN II,SNII,core,33,17,16,True
ZTF24ablgasd,events/ZTF24ablgasd.npz,SN Ia,SNI,core,24,11,13,True
ZTF24ablhsxr,events/ZTF24ablhsxr.npz,SN Ia,SNI,core,25,11,14,True
ZTF24abljadr,events/ZTF24abljadr.npz,SN Ia,SNI,core,16,15,1,False
ZTF24abljkvr,events/ZTF24abljkvr.npz,SN Ia,SNI,core,58,25,33,True
ZTF24abljlca,events/ZTF24abljlca.npz,SN Ia,SNI,core,12,7,5,True
ZTF24abljlku,events/ZTF24abljlku.npz,SN IIP,SNII,core,98,40,58,True
ZTF24abljmgf,events/ZTF24abljmgf.npz,SN Ia,SNI,core,34,13,21,True
ZTF24ablkeoh,events/ZTF24ablkeoh.npz,SN Ia,SNI,core,23,11,12,True
ZTF24ablkerb,events/ZTF24ablkerb.npz,SN Ia,SNI,core,72,33,39,True
ZTF24ablkgwk,events/ZTF24ablkgwk.npz,SN Ia,SNI,core,30,12,18,True
ZTF24ablkjdd,events/ZTF24ablkjdd.npz,SN Ia,SNI,core,17,9,8,True
ZTF24ablkqwu,events/ZTF24ablkqwu.npz,SN Ia,SNI,core,18,9,9,True
ZTF24ablkvjn,events/ZTF24ablkvjn.npz,SN II,SNII,core,34,12,22,True
ZTF24ablkvvn,events/ZTF24ablkvvn.npz,SN II,SNII,core,51,24,27,True
ZTF24ablkziv,events/ZTF24ablkziv.npz,SN Ia,SNI,core,29,12,17,True
ZTF24abllaqk,events/ZTF24abllaqk.npz,SN Ia,SNI,core,31,12,19,True
ZTF24abllcax,events/ZTF24abllcax.npz,SN Ia,SNI,core,23,10,13,True
ZTF24abllcml,events/ZTF24abllcml.npz,SN Ia,SNI,core,13,8,5,True
ZTF24ablleoq,events/ZTF24ablleoq.npz,SN Ib,SNI,core,17,10,7,True
ZTF24abllesy,events/ZTF24abllesy.npz,SN Ia,SNI,core,23,9,14,True
ZTF24abllowj,events/ZTF24abllowj.npz,SN Ia,SNI,core,25,10,15,True
ZTF24ablmayf,events/ZTF24ablmayf.npz,SN Ib,SNI,core,14,4,10,True
ZTF24ablmzkk,events/ZTF24ablmzkk.npz,SN Ia,SNI,core,16,6,10,True
ZTF24ablngnq,events/ZTF24ablngnq.npz,SN II,SNII,core,27,9,18,True
ZTF24ablngsa,events/ZTF24ablngsa.npz,SN Ia,SNI,core,20,0,20,False
ZTF24ablnmez,events/ZTF24ablnmez.npz,SN Ia,SNI,core,16,6,10,True
ZTF24ablnplh,events/ZTF24ablnplh.npz,SN Ia,SNI,core,26,10,16,True
ZTF24ablnstl,events/ZTF24ablnstl.npz,SN Ia,SNI,core,31,15,16,True
ZTF24abloann,events/ZTF24abloann.npz,SN Ia,SNI,core,20,9,11,True
ZTF24ablozqg,events/ZTF24ablozqg.npz,SN II,SNII,core,38,19,19,True
ZTF24ablroer,events/ZTF24ablroer.npz,SN Ia,SNI,core,25,9,16,True
ZTF24ablsajd,events/ZTF24ablsajd.npz,SN Ia,SNI,core,25,11,14,True
ZTF24ablsdwk,events/ZTF24ablsdwk.npz,SN Ia,SNI,core,6,6,0,False
ZTF24ablskjf,events/ZTF24ablskjf.npz,SN Ia,SNI,core,9,8,1,False
ZTF24ablssfw,events/ZTF24ablssfw.npz,SN Ia,SNI,core,129,63,66,True
ZTF24ablstem,events/ZTF24ablstem.npz,SN II,SNII,core,53,24,29,True
ZTF24ablsxza,events/ZTF24ablsxza.npz,SN Ic,SNI,core,26,15,11,True
ZTF24abltbed,events/ZTF24abltbed.npz,SN Ia,SNI,core,81,39,42,True
ZTF24abltcrf,events/ZTF24abltcrf.npz,SN II,SNII,core,60,30,30,True
ZTF24abltheg,events/ZTF24abltheg.npz,SN Ic,SNI,core,20,9,11,True
ZTF24ablthst,events/ZTF24ablthst.npz,SN Ia,SNI,core,19,10,9,True
ZTF24abltxth,events/ZTF24abltxth.npz,SN Ia,SNI,core,33,13,20,True
ZTF24ablucio,events/ZTF24ablucio.npz,SN Ia,SNI,core,39,16,23,True
ZTF24abluezl,events/ZTF24abluezl.npz,SN Ia,SNI,core,27,10,17,True
ZTF24abluyoy,events/ZTF24abluyoy.npz,SN Ia,SNI,core,40,18,22,True
ZTF24ablvaac,events/ZTF24ablvaac.npz,SN Ia,SNI,core,26,11,15,True
ZTF24ablvbgb,events/ZTF24ablvbgb.npz,SN Ia,SNI,core,29,14,15,True
ZTF24ablvhhd,events/ZTF24ablvhhd.npz,SN Ia,SNI,core,14,6,8,True
ZTF24ablvmmq,events/ZTF24ablvmmq.npz,SN Ia,SNI,core,28,12,16,True
ZTF24ablvshn,events/ZTF24ablvshn.npz,SN II,SNII,core,25,14,11,True
ZTF24ablxiwv,events/ZTF24ablxiwv.npz,SN II,SNII,core,48,22,26,True
ZTF24ablxkvj,events/ZTF24ablxkvj.npz,SN Ia,SNI,core,20,9,11,True
ZTF24abmaucy,events/ZTF24abmaucy.npz,SN Ia,SNI,core,8,7,1,False
ZTF24abmaujk,events/ZTF24abmaujk.npz,TDE,TDE,core,6,6,0,False
ZTF24abmbvky,events/ZTF24abmbvky.npz,SN II,SNII,core,5,5,0,False
ZTF24abmffvh,events/ZTF24abmffvh.npz,SN Ia,SNI,core,10,5,5,True
ZTF24abmfgxy,events/ZTF24abmfgxy.npz,SN Ia,SNI,core,80,42,38,True
ZTF24abmhrjk,events/ZTF24abmhrjk.npz,SN Ia,SNI,core,17,6,11,True
ZTF24abmkoqc,events/ZTF24abmkoqc.npz,SN Ia,SNI,core,26,11,15,True
ZTF24abmkros,events/ZTF24abmkros.npz,SN II,SNII,core,43,19,24,True
ZTF24abmksiy,events/ZTF24abmksiy.npz,SN Ia,SNI,core,39,26,13,True
ZTF24abmliep,events/ZTF24abmliep.npz,SN Ia,SNI,core,25,10,15,True
ZTF24abmngxg,events/ZTF24abmngxg.npz,SN Ia,SNI,core,10,5,5,True
ZTF24abmntgy,events/ZTF24abmntgy.npz,SN Ia,SNI,core,25,12,13,True
ZTF24abmpzmg,events/ZTF24abmpzmg.npz,SN Ia,SNI,core,33,13,20,True
ZTF24abmqdcc,events/ZTF24abmqdcc.npz,SN Ia,SNI,core,20,9,11,True
ZTF24abmtnee,events/ZTF24abmtnee.npz,SN II,SNII,core,61,33,28,True
ZTF24abmuhbu,events/ZTF24abmuhbu.npz,SN II,SNII,core,48,13,35,True
ZTF24abmummp,events/ZTF24abmummp.npz,SN Ia,SNI,core,8,3,5,True
ZTF24abmuwqd,events/ZTF24abmuwqd.npz,SN Ia,SNI,core,27,12,15,True
ZTF24abmvicj,events/ZTF24abmvicj.npz,SN IIP,SNII,core,18,10,8,True
ZTF24abmybnp,events/ZTF24abmybnp.npz,TDE,TDE,core,50,26,24,True
ZTF24abnafgr,events/ZTF24abnafgr.npz,SN Ic,SNI,core,19,5,14,True
ZTF24abnappq,events/ZTF24abnappq.npz,SN Ia,SNI,core,26,18,8,True
ZTF24abnbcpd,events/ZTF24abnbcpd.npz,SN Ia,SNI,core,19,7,12,True
ZTF24abncuhj,events/ZTF24abncuhj.npz,SN Ic,SNI,core,73,35,38,True
ZTF24abnepdg,events/ZTF24abnepdg.npz,SN II,SNII,core,43,16,27,True
ZTF24abnfurd,events/ZTF24abnfurd.npz,SN Ia,SNI,core,17,5,12,True
ZTF24abnfuyr,events/ZTF24abnfuyr.npz,SN Ib/c,SNI,core,31,12,19,True
ZTF24abnhusw,events/ZTF24abnhusw.npz,SN II,SNII,core,50,24,26,True
ZTF24abnldrb,events/ZTF24abnldrb.npz,SN Ia,SNI,core,23,11,12,True
ZTF24abnlxnf,events/ZTF24abnlxnf.npz,SN Ia,SNI,core,20,9,11,True
ZTF24abnmxnl,events/ZTF24abnmxnl.npz,SN Ia,SNI,core,20,7,13,True
ZTF24abnoldv,events/ZTF24abnoldv.npz,SN Ia,SNI,core,14,6,8,True
ZTF24abnoozs,events/ZTF24abnoozs.npz,SN II,SNII,core,98,47,51,True
ZTF24abnpdmk,events/ZTF24abnpdmk.npz,SN Ia,SNI,core,36,15,21,True
ZTF24abnpelc,events/ZTF24abnpelc.npz,SN Ia,SNI,core,28,15,13,True
ZTF24abnpnbn,events/ZTF24abnpnbn.npz,SN Ia,SNI,core,11,6,5,True
ZTF24abnpqkp,events/ZTF24abnpqkp.npz,SN Ia,SNI,core,39,17,22,True
ZTF24abnpugu,events/ZTF24abnpugu.npz,SN Ia,SNI,core,20,10,10,True
ZTF24abnpwcx,events/ZTF24abnpwcx.npz,SN Ia,SNI,core,29,13,16,True
ZTF24abnqnpw,events/ZTF24abnqnpw.npz,SN Ia,SNI,core,12,7,5,True
ZTF24abnqqfj,events/ZTF24abnqqfj.npz,SN Ia,SNI,core,9,9,0,False
ZTF24abnqqmr,events/ZTF24abnqqmr.npz,SN Ia,SNI,core,36,17,19,True
ZTF24abnrdua,events/ZTF24abnrdua.npz,SN Ia,SNI,core,26,13,13,True
ZTF24abnregl,events/ZTF24abnregl.npz,SN Ia,SNI,core,28,14,14,True
ZTF24abnsdev,events/ZTF24abnsdev.npz,SN II,SNII,core,15,11,4,True
ZTF24abnsdfm,events/ZTF24abnsdfm.npz,SN II,SNII,core,22,13,9,True
ZTF24abnsght,events/ZTF24abnsght.npz,SN Ic,SNI,core,19,12,7,True
ZTF24abnsgpy,events/ZTF24abnsgpy.npz,SN Ia,SNI,core,15,9,6,True
ZTF24abnshco,events/ZTF24abnshco.npz,SN Ia,SNI,core,15,7,8,True
ZTF24abnuaus,events/ZTF24abnuaus.npz,SN Ia,SNI,core,5,5,0,False
ZTF24abnvoty,events/ZTF24abnvoty.npz,SN Ia,SNI,core,16,8,8,True
ZTF24abnxfrq,events/ZTF24abnxfrq.npz,SN II,SNII,core,52,20,32,True
ZTF24abnxrvh,events/ZTF24abnxrvh.npz,SN IIn,SNII,core,20,2,18,True
ZTF24abnyans,events/ZTF24abnyans.npz,SN II,SNII,core,28,15,13,True
ZTF24abnyruv,events/ZTF24abnyruv.npz,SN Ia,SNI,core,36,11,25,True
ZTF24aboafrj,events/ZTF24aboafrj.npz,SN II,SNII,core,35,15,20,True
ZTF24abocnoi,events/ZTF24abocnoi.npz,SN Ia,SNI,core,32,20,12,True
ZTF24abodqaj,events/ZTF24abodqaj.npz,SN Ia,SNI,core,9,6,3,True
ZTF24abodysq,events/ZTF24abodysq.npz,SN Ia,SNI,core,10,1,9,False
ZTF24aboeilj,events/ZTF24aboeilj.npz,SN Ia,SNI,core,15,9,6,True
ZTF24abofwql,events/ZTF24abofwql.npz,SN Ia,SNI,core,20,14,6,True
ZTF24aboinfr,events/ZTF24aboinfr.npz,SN Ia,SNI,core,12,7,5,True
ZTF24abojoup,events/ZTF24abojoup.npz,SN Ib,SNI,core,44,21,23,True
ZTF24abojqpw,events/ZTF24abojqpw.npz,SN Ia,SNI,core,14,6,8,True
ZTF24abokdhw,events/ZTF24abokdhw.npz,SN Ia,SNI,core,17,7,10,True
ZTF24abokdnf,events/ZTF24abokdnf.npz,SN II,SNII,core,11,2,9,True
ZTF24abokfqm,events/ZTF24abokfqm.npz,SN Ib,SNI,core,6,1,5,False
ZTF24abokpyn,events/ZTF24abokpyn.npz,SN Ia,SNI,core,12,7,5,True
ZTF24aboqfdy,events/ZTF24aboqfdy.npz,SN II,SNII,core,65,32,33,True
ZTF24abosmkt,events/ZTF24abosmkt.npz,SN Ia,SNI,core,26,11,15,True
ZTF24aboucqs,events/ZTF24aboucqs.npz,SN Ia,SNI,core,8,5,3,True
ZTF24abowptn,events/ZTF24abowptn.npz,SN II,SNII,core,33,16,17,True
ZTF24abpdzvm,events/ZTF24abpdzvm.npz,SN IIb,SNII,core,37,14,23,True
ZTF24abpfzww,events/ZTF24abpfzww.npz,SN Ia,SNI,core,22,14,8,True
ZTF24abpiwwi,events/ZTF24abpiwwi.npz,SN IIn,SNII,core,74,31,43,True
ZTF24abpqeun,events/ZTF24abpqeun.npz,SN II,SNII,core,33,15,18,True
ZTF24abpqghw,events/ZTF24abpqghw.npz,SN Ic-BL,SNI,core,11,6,5,True
ZTF24abprrom,events/ZTF24abprrom.npz,SN Ia,SNI,core,6,3,3,False
ZTF24abprtdf,events/ZTF24abprtdf.npz,SN Ia,SNI,core,24,15,9,True
ZTF24abptgtf,events/ZTF24abptgtf.npz,SN Ia,SNI,core,7,4,3,False
ZTF24abptzoh,events/ZTF24abptzoh.npz,SN Ia,SNI,core,23,9,14,True
ZTF24abpvane,events/ZTF24abpvane.npz,SN Ia,SNI,core,11,6,5,True
ZTF24abpvqxe,events/ZTF24abpvqxe.npz,SN Ia,SNI,core,40,17,23,True
ZTF24abpwing,events/ZTF24abpwing.npz,SN Ia,SNI,core,14,5,9,True
ZTF24abpwwcs,events/ZTF24abpwwcs.npz,SN Ia,SNI,core,16,6,10,True
ZTF24abpxbbk,events/ZTF24abpxbbk.npz,SN IIn,SNII,core,6,0,6,False
ZTF24abpynxw,events/ZTF24abpynxw.npz,SN Ia,SNI,core,15,7,8,True
ZTF24abpzvky,events/ZTF24abpzvky.npz,SN Ia,SNI,core,9,7,2,True
ZTF24abpzvqo,events/ZTF24abpzvqo.npz,SN Ia,SNI,core,24,14,10,True
ZTF24abpzxep,events/ZTF24abpzxep.npz,SN Ia-91bg,SNI,core,8,5,3,True
ZTF24abqaeat,events/ZTF24abqaeat.npz,SN II,SNII,core,48,20,28,True
ZTF24abqaesu,events/ZTF24abqaesu.npz,SN Ia,SNI,core,20,8,12,True
ZTF24abqbyxd,events/ZTF24abqbyxd.npz,SN Ic,SNI,core,8,2,6,True
ZTF24abqcqkt,events/ZTF24abqcqkt.npz,SN Ia,SNI,core,10,7,3,True
ZTF24abqeskn,events/ZTF24abqeskn.npz,SN Ia,SNI,core,5,1,4,False
ZTF24abqexho,events/ZTF24abqexho.npz,SN Ia,SNI,core,8,5,3,True
ZTF24abqfcep,events/ZTF24abqfcep.npz,SN II,SNII,core,8,7,1,False
ZTF24abqfgcu,events/ZTF24abqfgcu.npz,SN Ia,SNI,core,13,6,7,True
ZTF24abqkitr,events/ZTF24abqkitr.npz,SN Ia,SNI,core,18,9,9,True
ZTF24abqkkqz,events/ZTF24abqkkqz.npz,SN Ia,SNI,core,37,16,21,True
ZTF24abqldco,events/ZTF24abqldco.npz,SN Ia,SNI,core,34,15,19,True
ZTF24abqlrdc,events/ZTF24abqlrdc.npz,SN Ia,SNI,core,35,15,20,True
ZTF24abqlxaf,events/ZTF24abqlxaf.npz,SN IIP,SNII,core,41,19,22,True
ZTF24abqncdb,events/ZTF24abqncdb.npz,SN II,SNII,core,23,10,13,True
ZTF24abqndnz,events/ZTF24abqndnz.npz,SN II,SNII,core,10,4,6,True
ZTF24abqpbas,events/ZTF24abqpbas.npz,SN Ia,SNI,core,21,11,10,True
ZTF24abqpshs,events/ZTF24abqpshs.npz,SN Ia,SNI,core,21,8,13,True
ZTF24abqqgqp,events/ZTF24abqqgqp.npz,SN Ib,SNI,core,3,2,1,False
ZTF24abqqoww,events/ZTF24abqqoww.npz,SN Ia,SNI,core,95,45,50,True
ZTF24abqqoxy,events/ZTF24abqqoxy.npz,SN Ia-91T,SNI,core,10,0,10,False
ZTF24abqqven,events/ZTF24abqqven.npz,SN Ib,SNI,core,50,13,37,True
ZTF24abqtclj,events/ZTF24abqtclj.npz,SN Ia,SNI,core,46,20,26,True
ZTF24abqtlxj,events/ZTF24abqtlxj.npz,SN Ia,SNI,core,21,8,13,True
ZTF24abqtpoy,events/ZTF24abqtpoy.npz,SN Ia,SNI,core,27,8,19,True
ZTF24abqttfy,events/ZTF24abqttfy.npz,SN Ia,SNI,core,16,8,8,True
ZTF24abquyel,events/ZTF24abquyel.npz,SN Ia,SNI,core,24,11,13,True
ZTF24abqvdnb,events/ZTF24abqvdnb.npz,SN Ia,SNI,core,18,9,9,True
ZTF24abqwubu,events/ZTF24abqwubu.npz,SN IIP,SNII,core,2,1,1,False
ZTF24abqwuyx,events/ZTF24abqwuyx.npz,SN Ia,SNI,core,13,7,6,True
ZTF24abqxfih,events/ZTF24abqxfih.npz,SN Ia,SNI,core,35,14,21,True
ZTF24abqxfrq,events/ZTF24abqxfrq.npz,SN Ia,SNI,core,32,15,17,True
ZTF24abqzvao,events/ZTF24abqzvao.npz,SN Ia,SNI,core,19,12,7,True
ZTF24abragor,events/ZTF24abragor.npz,SN Ib,SNI,core,4,4,0,False
ZTF24abrchsb,events/ZTF24abrchsb.npz,SN II,SNII,core,77,38,39,True
ZTF24abrddqo,events/ZTF24abrddqo.npz,SN Ia,SNI,core,11,1,10,False
ZTF24abrezqh,events/ZTF24abrezqh.npz,SN Ia,SNI,core,22,12,10,True
ZTF24abrfcqd,events/ZTF24abrfcqd.npz,SN Ia,SNI,core,38,15,23,True
ZTF24abrfiya,events/ZTF24abrfiya.npz,SN II,SNII,core,35,18,17,True
ZTF24abrfsap,events/ZTF24abrfsap.npz,SN Ia,SNI,core,19,17,2,True
ZTF24abrhrgp,events/ZTF24abrhrgp.npz,SN Ia,SNI,core,30,11,19,True
ZTF24abrhwmu,events/ZTF24abrhwmu.npz,SN Ia,SNI,core,24,11,13,True
ZTF24abribze,events/ZTF24abribze.npz,SN Ia,SNI,core,14,6,8,True
ZTF24abriexo,events/ZTF24abriexo.npz,SN Ia,SNI,core,46,15,31,True
ZTF24abrimib,events/ZTF24abrimib.npz,SN Ia,SNI,core,22,10,12,True
ZTF24abrirtr,events/ZTF24abrirtr.npz,SN II,SNII,core,20,7,13,True
ZTF24abrkfol,events/ZTF24abrkfol.npz,SN Ia,SNI,core,12,11,1,False
ZTF24abrkybg,events/ZTF24abrkybg.npz,SN Ia,SNI,core,50,20,30,True
ZTF24abrmdti,events/ZTF24abrmdti.npz,SN Ia,SNI,core,17,9,8,True
ZTF24abrnllc,events/ZTF24abrnllc.npz,SN Ia-91T,SNI,core,48,19,29,True
ZTF24abrophb,events/ZTF24abrophb.npz,SN Ia,SNI,core,10,6,4,True
ZTF24abrorvi,events/ZTF24abrorvi.npz,SN Ia,SNI,core,53,26,27,True
ZTF24abrossu,events/ZTF24abrossu.npz,SN Ia,SNI,core,27,14,13,True
ZTF24abrpedj,events/ZTF24abrpedj.npz,SN Ia,SNI,core,61,25,36,True
ZTF24abrpezq,events/ZTF24abrpezq.npz,SN Ia,SNI,core,20,8,12,True
ZTF24abrpqhh,events/ZTF24abrpqhh.npz,SN Ia,SNI,core,29,16,13,True
ZTF24abrumcf,events/ZTF24abrumcf.npz,SN IIn,SNII,core,32,17,15,True
ZTF24abryzhm,events/ZTF24abryzhm.npz,SN Ia,SNI,core,23,12,11,True
ZTF24abrzgil,events/ZTF24abrzgil.npz,SN II,SNII,core,34,15,19,True
ZTF24absbhfe,events/ZTF24absbhfe.npz,SN II,SNII,core,43,20,23,True
ZTF24absbvbs,events/ZTF24absbvbs.npz,SN II,SNII,core,69,30,39,True
ZTF24absdolw,events/ZTF24absdolw.npz,SN IIb,SNII,core,10,5,5,True
ZTF24absdool,events/ZTF24absdool.npz,SN Ia,SNI,core,4,4,0,False
ZTF24absdoug,events/ZTF24absdoug.npz,SN II,SNII,core,9,8,1,False
ZTF24absdppq,events/ZTF24absdppq.npz,SN Ia,SNI,core,11,9,2,True
ZTF24absfubu,events/ZTF24absfubu.npz,SN Ia,SNI,core,11,5,6,True
ZTF24absfzkh,events/ZTF24absfzkh.npz,SN II,SNII,core,24,16,8,True
ZTF24absgzqd,events/ZTF24absgzqd.npz,SN Ia,SNI,core,2,2,0,False
ZTF24absgzvv,events/ZTF24absgzvv.npz,SN II,SNII,core,49,25,24,True
ZTF24absmmua,events/ZTF24absmmua.npz,SN II,SNII,core,28,14,14,True
ZTF24absmsee,events/ZTF24absmsee.npz,SN Ia,SNI,core,29,11,18,True
ZTF24absojni,events/ZTF24absojni.npz,SN Ia,SNI,core,16,7,9,True
ZTF24absoxlw,events/ZTF24absoxlw.npz,SN Ia,SNI,core,30,11,19,True
ZTF24absrpsn,events/ZTF24absrpsn.npz,SN Ic-BL,SNI,core,8,3,5,True
ZTF24absshbg,events/ZTF24absshbg.npz,SN II,SNII,core,23,13,10,True
ZTF24abstqpk,events/ZTF24abstqpk.npz,SN Ia,SNI,core,7,3,4,False
ZTF24abstuin,events/ZTF24abstuin.npz,SN Ia,SNI,core,25,13,12,True
ZTF24absuydh,events/ZTF24absuydh.npz,SN Ia,SNI,core,27,12,15,True
ZTF24absvdpn,events/ZTF24absvdpn.npz,SN Ia,SNI,core,58,23,35,True
ZTF24absvlru,events/ZTF24absvlru.npz,SN Ia,SNI,core,14,11,3,True
ZTF24absvund,events/ZTF24absvund.npz,SN IIn,SNII,core,7,0,7,False
ZTF24absvygp,events/ZTF24absvygp.npz,SN Ia,SNI,core,22,12,10,True
ZTF24absvysl,events/ZTF24absvysl.npz,SN Ia,SNI,core,7,6,1,False
ZTF24absvzdo,events/ZTF24absvzdo.npz,SN Ia,SNI,core,22,10,12,True
ZTF24abswdwt,events/ZTF24abswdwt.npz,SN Ia,SNI,core,5,5,0,False
ZTF24absxhcd,events/ZTF24absxhcd.npz,SN Ia,SNI,core,35,17,18,True
ZTF24absyxrj,events/ZTF24absyxrj.npz,SN Ia-pec,SNI,core,8,7,1,False
ZTF24abszbeu,events/ZTF24abszbeu.npz,SN IIn,SNII,core,27,22,5,True
ZTF24abszcqd,events/ZTF24abszcqd.npz,SN II,SNII,core,37,14,23,True
ZTF24abszdqt,events/ZTF24abszdqt.npz,SN II,SNII,core,24,1,23,False
ZTF24abszjmr,events/ZTF24abszjmr.npz,SN Ia,SNI,core,22,9,13,True
ZTF24absznoi,events/ZTF24absznoi.npz,SN Ic,SNI,core,16,13,3,True
ZTF24absznsg,events/ZTF24absznsg.npz,SN Ia,SNI,core,19,14,5,True
ZTF24abtalyw,events/ZTF24abtalyw.npz,SN Ia,SNI,core,17,11,6,True
ZTF24abtartn,events/ZTF24abtartn.npz,SN Ia,SNI,core,27,18,9,True
ZTF24abtazxs,events/ZTF24abtazxs.npz,SN Ia,SNI,core,26,13,13,True
ZTF24abtbalq,events/ZTF24abtbalq.npz,SN II,SNII,core,55,28,27,True
ZTF24abtblmg,events/ZTF24abtblmg.npz,SN II,SNII,core,12,8,4,True
ZTF24abtcetf,events/ZTF24abtcetf.npz,SN Ia,SNI,core,22,6,16,True
ZTF24abtczty,events/ZTF24abtczty.npz,SN II,SNII,core,26,26,0,False
ZTF24abtczwt,events/ZTF24abtczwt.npz,SN Ia,SNI,core,28,13,15,True
ZTF24abtddls,events/ZTF24abtddls.npz,SN Ia,SNI,core,37,16,21,True
ZTF24abtdixv,events/ZTF24abtdixv.npz,SN II,SNII,core,3,3,0,False
ZTF24abtdiyn,events/ZTF24abtdiyn.npz,SN Ia,SNI,core,42,36,6,True
ZTF24abtdiyv,events/ZTF24abtdiyv.npz,SN II,SNII,core,17,15,2,True
ZTF24abtglxk,events/ZTF24abtglxk.npz,SN Ia,SNI,core,37,17,20,True
ZTF24abtgtfu,events/ZTF24abtgtfu.npz,SN Ia,SNI,core,6,5,1,False
ZTF24abtjjsg,events/ZTF24abtjjsg.npz,SN II,SNII,core,25,4,21,True
ZTF24abtnery,events/ZTF24abtnery.npz,SN Ia,SNI,core,18,3,15,True
ZTF24abtnkbi,events/ZTF24abtnkbi.npz,SN Ic,SNI,core,36,19,17,True
ZTF24abtoaue,events/ZTF24abtoaue.npz,SN Ia,SNI,core,10,0,10,False
ZTF24abtocih,events/ZTF24abtocih.npz,SN Ia,SNI,core,6,2,4,False
ZTF24abtpmhk,events/ZTF24abtpmhk.npz,SN Ia,SNI,core,17,8,9,True
ZTF24abtqrea,events/ZTF24abtqrea.npz,SN Ia,SNI,core,25,12,13,True
ZTF24abtrbqi,events/ZTF24abtrbqi.npz,SN Ia-91bg,SNI,core,14,6,8,True
ZTF24abtsprb,events/ZTF24abtsprb.npz,SN Ia,SNI,core,19,10,9,True
ZTF24abttkmr,events/ZTF24abttkmr.npz,SN Ia,SNI,core,5,4,1,False
ZTF24abttoau,events/ZTF24abttoau.npz,SN Ia,SNI,core,20,15,5,True
ZTF24abtuxkj,events/ZTF24abtuxkj.npz,SN II,SNII,core,23,11,12,True
ZTF24abtvopb,events/ZTF24abtvopb.npz,SN Ia,SNI,core,9,6,3,True
ZTF24abtzczp,events/ZTF24abtzczp.npz,SN Ia,SNI,core,26,6,20,True
ZTF24abtzpka,events/ZTF24abtzpka.npz,SN Ia,SNI,core,50,22,28,True
ZTF24abtzsno,events/ZTF24abtzsno.npz,SN Ia,SNI,core,24,13,11,True
ZTF24abualfb,events/ZTF24abualfb.npz,SN Ia,SNI,core,14,12,2,True
ZTF24abualms,events/ZTF24abualms.npz,SN II,SNII,core,5,3,2,False
ZTF24abubdtr,events/ZTF24abubdtr.npz,SN Ia,SNI,core,7,3,4,False
ZTF24abubygj,events/ZTF24abubygj.npz,SN Ia,SNI,core,52,27,25,True
ZTF24abuclbj,events/ZTF24abuclbj.npz,SN II,SNII,core,28,12,16,True
ZTF24abucnss,events/ZTF24abucnss.npz,SN Ia,SNI,core,12,11,1,False
ZTF24abugkym,events/ZTF24abugkym.npz,SN II,SNII,core,32,12,20,True
ZTF24abugrwf,events/ZTF24abugrwf.npz,SN Ia,SNI,core,17,5,12,True
ZTF24abugvux,events/ZTF24abugvux.npz,SN Ia,SNI,core,16,7,9,True
ZTF24abuhiar,events/ZTF24abuhiar.npz,SN II,SNII,core,6,6,0,False
ZTF24abuhlzm,events/ZTF24abuhlzm.npz,SN II,SNII,core,12,2,10,True
ZTF24abunuon,events/ZTF24abunuon.npz,SN Ia,SNI,core,24,9,15,True
ZTF24abuonfe,events/ZTF24abuonfe.npz,SN Ia,SNI,core,22,13,9,True
ZTF24abuqgob,events/ZTF24abuqgob.npz,SN Ia,SNI,core,4,2,2,False
ZTF24abuqraz,events/ZTF24abuqraz.npz,SN Ia,SNI,core,5,4,1,False
ZTF24abuqxjx,events/ZTF24abuqxjx.npz,SN Ia,SNI,core,11,7,4,True
ZTF24abutkox,events/ZTF24abutkox.npz,SN II,SNII,core,56,44,12,True
ZTF24abutwuz,events/ZTF24abutwuz.npz,SN Ia,SNI,core,18,6,12,True
ZTF24abuunge,events/ZTF24abuunge.npz,SN Ic-BL,SNI,core,47,25,22,True
ZTF24abuuyen,events/ZTF24abuuyen.npz,SN Ia,SNI,core,20,8,12,True
ZTF24abuvisc,events/ZTF24abuvisc.npz,SN IIn,SNII,core,7,7,0,False
ZTF24abuvjgs,events/ZTF24abuvjgs.npz,SN Ia,SNI,core,10,5,5,True
ZTF24abuvlqg,events/ZTF24abuvlqg.npz,SN IIn,SNII,core,25,12,13,True
ZTF24abuvmuo,events/ZTF24abuvmuo.npz,SN IIb,SNII,core,34,12,22,True
ZTF24abuvnmi,events/ZTF24abuvnmi.npz,SN Ia,SNI,core,36,10,26,True
ZTF24abuyefl,events/ZTF24abuyefl.npz,SN Ia,SNI,core,22,11,11,True
ZTF24abvbcxs,events/ZTF24abvbcxs.npz,SN II,SNII,core,29,16,13,True
ZTF24abvbzbd,events/ZTF24abvbzbd.npz,SN II,SNII,core,30,16,14,True
ZTF24abvehrj,events/ZTF24abvehrj.npz,SN Ia,SNI,core,27,19,8,True
ZTF24abvevzs,events/ZTF24abvevzs.npz,SN IIb,SNII,core,58,28,30,True
ZTF24abvgfin,events/ZTF24abvgfin.npz,SN Ia,SNI,core,12,11,1,False
ZTF24abvgiou,events/ZTF24abvgiou.npz,SN Ia,SNI,core,4,4,0,False
ZTF24abvgnzs,events/ZTF24abvgnzs.npz,SN Ia,SNI,core,5,2,3,False
ZTF24abvgqpr,events/ZTF24abvgqpr.npz,SN Ia,SNI,core,35,2,33,True
ZTF24abvgtut,events/ZTF24abvgtut.npz,SN Ia,SNI,core,34,17,17,True
ZTF24abvkpjr,events/ZTF24abvkpjr.npz,SN Ia,SNI,core,17,8,9,True
ZTF24abvkugf,events/ZTF24abvkugf.npz,SN Ia,SNI,core,23,9,14,True
ZTF24abvtglw,events/ZTF24abvtglw.npz,SN Ia,SNI,core,54,22,32,True
ZTF24abvtjkg,events/ZTF24abvtjkg.npz,SN Ia,SNI,core,26,22,4,True
ZTF24abvtoyo,events/ZTF24abvtoyo.npz,SN Ia,SNI,core,14,6,8,True
ZTF24abvyngn,events/ZTF24abvyngn.npz,SN Ia,SNI,core,15,8,7,True
ZTF24abvzghz,events/ZTF24abvzghz.npz,SN Ia-pec,SNI,core,14,7,7,True
ZTF24abwbjpg,events/ZTF24abwbjpg.npz,SN Ia,SNI,core,68,25,43,True
ZTF24abwmzop,events/ZTF24abwmzop.npz,SN Ib/c,SNI,core,45,23,22,True
ZTF24abwniiv,events/ZTF24abwniiv.npz,SN II,SNII,core,32,11,21,True
ZTF24abwsaxu,events/ZTF24abwsaxu.npz,SN Ic-BL,SNI,core,21,10,11,True
ZTF24abwsujt,events/ZTF24abwsujt.npz,SN Ia,SNI,core,6,2,4,False
ZTF24abwsvdz,events/ZTF24abwsvdz.npz,SN Ia,SNI,core,24,19,5,True
ZTF24abwsvpv,events/ZTF24abwsvpv.npz,SN Ia,SNI,core,19,14,5,True
ZTF24abwtpan,events/ZTF24abwtpan.npz,SN Ia,SNI,core,18,8,10,True
ZTF24abxgsjr,events/ZTF24abxgsjr.npz,SN Ia,SNI,core,19,8,11,True
ZTF24abxpekn,events/ZTF24abxpekn.npz,SN Ia,SNI,core,6,5,1,False
ZTF24abxpkhb,events/ZTF24abxpkhb.npz,SN IIn,SNII,core,35,15,20,True
ZTF24abxqumm,events/ZTF24abxqumm.npz,SN II,SNII,core,35,16,19,True
ZTF24abxvcrm,events/ZTF24abxvcrm.npz,SN II,SNII,core,29,10,19,True
ZTF24abxvcyp,events/ZTF24abxvcyp.npz,SN Ia,SNI,core,28,16,12,True
ZTF24abxvoop,events/ZTF24abxvoop.npz,SN Ia,SNI,core,46,22,24,True
ZTF24abxvpre,events/ZTF24abxvpre.npz,SN Ia,SNI,core,41,19,22,True
ZTF24abxvpxg,events/ZTF24abxvpxg.npz,SN II,SNII,core,3,3,0,False
ZTF24abxvqao,events/ZTF24abxvqao.npz,SN Ia,SNI,core,10,5,5,True
ZTF24abxvulk,events/ZTF24abxvulk.npz,SN Ia,SNI,core,64,27,37,True
ZTF24abxvvfi,events/ZTF24abxvvfi.npz,SN Ia,SNI,core,38,23,15,True
ZTF24abxvxpa,events/ZTF24abxvxpa.npz,SN II,SNII,core,20,3,17,True
ZTF24abxwbfy,events/ZTF24abxwbfy.npz,SN Ia,SNI,core,18,13,5,True
ZTF24abxwizt,events/ZTF24abxwizt.npz,SN Ia,SNI,core,16,8,8,True
ZTF24abxwjab,events/ZTF24abxwjab.npz,SN Ia,SNI,core,30,14,16,True
ZTF24abxxflg,events/ZTF24abxxflg.npz,SN II,SNII,core,8,8,0,False
ZTF24abxxfzd,events/ZTF24abxxfzd.npz,SN Ia,SNI,core,18,7,11,True
ZTF24abxxltd,events/ZTF24abxxltd.npz,SN Ia,SNI,core,39,20,19,True
ZTF24abxxniy,events/ZTF24abxxniy.npz,SN Ic,SNI,core,11,8,3,True
ZTF24abxxnps,events/ZTF24abxxnps.npz,SN Ia,SNI,core,3,3,0,False
ZTF24abxyalj,events/ZTF24abxyalj.npz,SN Ia,SNI,core,7,5,2,False
ZTF24abxyblh,events/ZTF24abxyblh.npz,SN Ia,SNI,core,46,19,27,True
ZTF24abxylal,events/ZTF24abxylal.npz,SN II,SNII,core,36,17,19,True
ZTF24abxypih,events/ZTF24abxypih.npz,SN Ia,SNI,core,29,10,19,True
ZTF24abxzhim,events/ZTF24abxzhim.npz,SN Ia,SNI,core,23,13,10,True
ZTF24abyaowk,events/ZTF24abyaowk.npz,SN IIn,SNII,core,35,14,21,True
ZTF24abyaspl,events/ZTF24abyaspl.npz,SN Ic,SNI,core,25,15,10,True
ZTF24abyatjx,events/ZTF24abyatjx.npz,SN II,SNII,core,50,22,28,True
ZTF24abyatmu,events/ZTF24abyatmu.npz,SN Ia,SNI,core,9,7,2,True
ZTF24abybsoa,events/ZTF24abybsoa.npz,SN II,SNII,core,18,12,6,True
ZTF24abycwdb,events/ZTF24abycwdb.npz,SN Ia,SNI,core,18,7,11,True
ZTF24abydqbu,events/ZTF24abydqbu.npz,SN Ia,SNI,core,15,7,8,True
ZTF24abydvcs,events/ZTF24abydvcs.npz,SN Ia,SNI,core,18,10,8,True
ZTF24abyfijk,events/ZTF24abyfijk.npz,SN Ia,SNI,core,25,13,12,True
ZTF24abygyka,events/ZTF24abygyka.npz,SN Ic-BL,SNI,core,22,8,14,True
ZTF24abyhjvc,events/ZTF24abyhjvc.npz,TDE,TDE,core,32,17,15,True
ZTF24abyhkwl,events/ZTF24abyhkwl.npz,SN II,SNII,core,99,40,59,True
ZTF24abyhkxw,events/ZTF24abyhkxw.npz,SN Ia,SNI,core,15,4,11,True
ZTF24abyhmba,events/ZTF24abyhmba.npz,SN Ia,SNI,core,27,10,17,True
ZTF24abyhunm,events/ZTF24abyhunm.npz,SN Ia,SNI,core,8,3,5,True
ZTF24abyipps,events/ZTF24abyipps.npz,SN Ia,SNI,core,21,12,9,True
ZTF24abyityc,events/ZTF24abyityc.npz,SN Ia,SNI,core,13,6,7,True
ZTF24abyiwhq,events/ZTF24abyiwhq.npz,SN Ia,SNI,core,26,14,12,True
ZTF24abyizjg,events/ZTF24abyizjg.npz,SN Ia,SNI,core,9,3,6,True
ZTF24abyksvh,events/ZTF24abyksvh.npz,SN Ia,SNI,core,14,6,8,True
ZTF24abykwsy,events/ZTF24abykwsy.npz,SN Ia,SNI,core,7,4,3,False
ZTF24abykwsz,events/ZTF24abykwsz.npz,SN Ia,SNI,core,13,5,8,True
ZTF24abymeet,events/ZTF24abymeet.npz,SN IIn,SNII,core,4,3,1,False
ZTF24abyqywh,events/ZTF24abyqywh.npz,SN Ia,SNI,core,21,10,11,True
ZTF24abysvaz,events/ZTF24abysvaz.npz,SN Ia,SNI,core,16,13,3,True
ZTF24abysvxz,events/ZTF24abysvxz.npz,SN Ia,SNI,core,13,7,6,True
ZTF24abytspv,events/ZTF24abytspv.npz,SN Ia,SNI,core,11,6,5,True
ZTF24abyvmsm,events/ZTF24abyvmsm.npz,SN Ia,SNI,core,15,12,3,True
ZTF24abyystl,events/ZTF24abyystl.npz,SN Ia,SNI,core,18,11,7,True
ZTF24abyzbkt,events/ZTF24abyzbkt.npz,SN Ia,SNI,core,10,5,5,True
ZTF24abzable,events/ZTF24abzable.npz,SN Ia,SNI,core,17,7,10,True
ZTF24abzadka,events/ZTF24abzadka.npz,SN Ia,SNI,core,11,6,5,True
ZTF24abzasaz,events/ZTF24abzasaz.npz,SN Ia,SNI,core,17,9,8,True
ZTF24abzatfh,events/ZTF24abzatfh.npz,SN Ia,SNI,core,21,11,10,True
ZTF24abzbdqw,events/ZTF24abzbdqw.npz,SN II,SNII,core,13,5,8,True
ZTF24abzfqtk,events/ZTF24abzfqtk.npz,SN Ia,SNI,core,11,8,3,True
ZTF24abzgggz,events/ZTF24abzgggz.npz,SN Ic,SNI,core,8,4,4,True
ZTF24abzjfdz,events/ZTF24abzjfdz.npz,SN Ia,SNI,core,27,11,16,True
ZTF24abzkdil,events/ZTF24abzkdil.npz,SN Ia,SNI,core,13,6,7,True
ZTF24abzkfuo,events/ZTF24abzkfuo.npz,SN Ia,SNI,core,28,11,17,True
ZTF24abzklro,events/ZTF24abzklro.npz,SN Ia,SNI,core,22,11,11,True
ZTF24abzkoyr,events/ZTF24abzkoyr.npz,SN Ia,SNI,core,30,18,12,True
ZTF24abzlfhf,events/ZTF24abzlfhf.npz,SN Ia,SNI,core,40,21,19,True
ZTF24abzmhtv,events/ZTF24abzmhtv.npz,SN Ic,SNI,core,23,10,13,True
ZTF24abzsmux,events/ZTF24abzsmux.npz,SN Ia-91T,SNI,core,22,9,13,True
ZTF24abzsuck,events/ZTF24abzsuck.npz,SN IIb,SNII,core,24,9,15,True
ZTF24abzsvbq,events/ZTF24abzsvbq.npz,SN Ia,SNI,core,18,9,9,True
ZTF24abzvnew,events/ZTF24abzvnew.npz,SN Ia,SNI,core,7,3,4,False
ZTF24abzvnik,events/ZTF24abzvnik.npz,SN Ia,SNI,core,29,14,15,True
ZTF24abzvskp,events/ZTF24abzvskp.npz,SN Ia,SNI,core,8,8,0,False
ZTF24abzwnym,events/ZTF24abzwnym.npz,SN II,SNII,core,12,0,12,False
ZTF24abzwphv,events/ZTF24abzwphv.npz,SN Ia,SNI,core,19,7,12,True
ZTF24abzwpkx,events/ZTF24abzwpkx.npz,SN II,SNII,core,17,7,10,True
ZTF24abzwsfk,events/ZTF24abzwsfk.npz,SN Ia,SNI,core,17,9,8,True
ZTF24abzwudv,events/ZTF24abzwudv.npz,SN Ia,SNI,core,23,11,12,True
ZTF24abzwwli,events/ZTF24abzwwli.npz,SN Ia,SNI,core,11,9,2,True
ZTF24abzxalv,events/ZTF24abzxalv.npz,SN IIb,SNII,core,52,10,42,True
ZTF24acabxwm,events/ZTF24acabxwm.npz,SN Ia,SNI,core,55,21,34,True
ZTF24acaccrk,events/ZTF24acaccrk.npz,SN II,SNII,core,36,11,25,True
ZTF24acacfds,events/ZTF24acacfds.npz,SN Ia,SNI,core,12,9,3,True
ZTF24acacfgw,events/ZTF24acacfgw.npz,SN Ia,SNI,core,14,8,6,True
ZTF24acacfhu,events/ZTF24acacfhu.npz,SN IIn,SNII,core,16,13,3,True
ZTF24acaeozu,events/ZTF24acaeozu.npz,SN II,SNII,core,71,32,39,True
ZTF24acahubh,events/ZTF24acahubh.npz,SN Ia,SNI,core,6,5,1,False
ZTF24acahvpc,events/ZTF24acahvpc.npz,SN Ia,SNI,core,15,8,7,True
ZTF24acahvpo,events/ZTF24acahvpo.npz,SN Ia,SNI,core,10,5,5,True
ZTF24acahwtt,events/ZTF24acahwtt.npz,SN Ia,SNI,core,17,8,9,True
ZTF25aaaalin,events/ZTF25aaaalin.npz,SN Ia,SNI,core,16,7,9,True
ZTF25aaaauxw,events/ZTF25aaaauxw.npz,SN Ia,SNI,core,24,9,15,True
ZTF25aaaawig,events/ZTF25aaaawig.npz,SN Ia,SNI,core,16,4,12,True
ZTF25aaabezb,events/ZTF25aaabezb.npz,SN Ia,SNI,core,15,11,4,True
ZTF25aaabnwi,events/ZTF25aaabnwi.npz,SN IIn,SNII,core,29,14,15,True
ZTF25aaabnxh,events/ZTF25aaabnxh.npz,SN Ia,SNI,core,23,9,14,True
ZTF25aaacrjj,events/ZTF25aaacrjj.npz,SN Ia,SNI,core,15,9,6,True
ZTF25aaadqsi,events/ZTF25aaadqsi.npz,SN II,SNII,core,77,36,41,True
ZTF25aaadxsn,events/ZTF25aaadxsn.npz,SN Ia,SNI,core,9,6,3,True
ZTF25aaadytl,events/ZTF25aaadytl.npz,SN Ic,SNI,core,45,19,26,True
ZTF25aaaeykb,events/ZTF25aaaeykb.npz,SN Ic-BL,SNI,core,19,10,9,True
ZTF25aaaeyzz,events/ZTF25aaaeyzz.npz,SN II,SNII,core,6,6,0,False
ZTF25aaafbbk,events/ZTF25aaafbbk.npz,SN Ia,SNI,core,10,7,3,True
ZTF25aaafxvn,events/ZTF25aaafxvn.npz,SN Ib/c,SNI,core,9,4,5,True
ZTF25aaahknq,events/ZTF25aaahknq.npz,SN Ia,SNI,core,13,4,9,True
ZTF25aaakjsi,events/ZTF25aaakjsi.npz,SN Ia,SNI,core,17,8,9,True
ZTF25aaakkzs,events/ZTF25aaakkzs.npz,SN Ia,SNI,core,10,5,5,True
ZTF25aaamyjq,events/ZTF25aaamyjq.npz,SN Ia,SNI,core,18,8,10,True
ZTF25aaapgir,events/ZTF25aaapgir.npz,SN Ia,SNI,core,14,5,9,True
ZTF25aaapkzn,events/ZTF25aaapkzn.npz,SN II,SNII,core,17,8,9,True
ZTF25aaapqqt,events/ZTF25aaapqqt.npz,SN Ia,SNI,core,7,6,1,False
ZTF25aaaqkbi,events/ZTF25aaaqkbi.npz,SN Ia,SNI,core,29,12,17,True
ZTF25aaasqpa,events/ZTF25aaasqpa.npz,SN Ia,SNI,core,7,4,3,False
ZTF25aaasxhh,events/ZTF25aaasxhh.npz,SN Ia,SNI,core,9,6,3,True
ZTF25aaaszhh,events/ZTF25aaaszhh.npz,SN Ia,SNI,core,8,3,5,True
ZTF25aaathgi,events/ZTF25aaathgi.npz,SN Ia,SNI,core,8,4,4,True
ZTF25aaawpmf,events/ZTF25aaawpmf.npz,SN II,SNII,core,20,8,12,True
ZTF25aaazuaw,events/ZTF25aaazuaw.npz,SN Ia,SNI,core,19,7,12,True
ZTF25aaazubi,events/ZTF25aaazubi.npz,SN Ia,SNI,core,19,5,14,True
ZTF25aaazugo,events/ZTF25aaazugo.npz,SN Ia,SNI,core,20,9,11,True
ZTF25aabaanf,events/ZTF25aabaanf.npz,SN II,SNII,core,25,8,17,True
ZTF25aabegog,events/ZTF25aabegog.npz,SN Ia,SNI,core,10,7,3,True
ZTF25aabjdvo,events/ZTF25aabjdvo.npz,SN Ia,SNI,core,10,6,4,True
ZTF25aablymz,events/ZTF25aablymz.npz,SN Ia,SNI,core,10,3,7,True
ZTF25aabmhdd,events/ZTF25aabmhdd.npz,SN Ia,SNI,core,12,8,4,True
ZTF25aabmhly,events/ZTF25aabmhly.npz,SN Ia,SNI,core,53,25,28,True
ZTF25aabmjel,events/ZTF25aabmjel.npz,SN Ia,SNI,core,18,8,10,True
ZTF25aabmkua,events/ZTF25aabmkua.npz,SN Ia,SNI,core,8,7,1,False
ZTF25aabnwba,events/ZTF25aabnwba.npz,SN Ia,SNI,core,16,6,10,True
ZTF25aabobjw,events/ZTF25aabobjw.npz,SN Ic,SNI,core,21,10,11,True
ZTF25aabotnk,events/ZTF25aabotnk.npz,SN Ia,SNI,core,15,5,10,True
ZTF25aabovpf,events/ZTF25aabovpf.npz,SN Ia,SNI,core,22,11,11,True
ZTF25aabowed,events/ZTF25aabowed.npz,SN Ia,SNI,core,9,6,3,True
ZTF25aabpoxz,events/ZTF25aabpoxz.npz,SN Ia,SNI,core,31,11,20,True
ZTF25aabqdqc,events/ZTF25aabqdqc.npz,SN Ia,SNI,core,22,10,12,True
ZTF25aabreke,events/ZTF25aabreke.npz,SN Ia,SNI,core,29,14,15,True
ZTF25aabrowo,events/ZTF25aabrowo.npz,SN Ia,SNI,core,11,7,4,True
ZTF25aabskal,events/ZTF25aabskal.npz,SN II,SNII,core,2,2,0,False
ZTF25aabsnwc,events/ZTF25aabsnwc.npz,SN Ia,SNI,core,25,11,14,True
ZTF25aabsnyf,events/ZTF25aabsnyf.npz,SN Ia,SNI,core,31,11,20,True
ZTF25aabsqgk,events/ZTF25aabsqgk.npz,SN Ia,SNI,core,8,4,4,True
ZTF25aabutel,events/ZTF25aabutel.npz,SN Ia,SNI,core,3,0,3,False
ZTF25aabvekt,events/ZTF25aabvekt.npz,SN Ia,SNI,core,23,6,17,True
ZTF25aabvhns,events/ZTF25aabvhns.npz,SN Ia,SNI,core,5,3,2,False
ZTF25aabwjuw,events/ZTF25aabwjuw.npz,SN Ia,SNI,core,11,3,8,True
ZTF25aabxywm,events/ZTF25aabxywm.npz,SN II,SNII,core,46,23,23,True
ZTF25aabylkr,events/ZTF25aabylkr.npz,SN II,SNII,core,2,0,2,False
ZTF25aabylly,events/ZTF25aabylly.npz,SN Ia,SNI,core,4,3,1,False
ZTF25aabzbve,events/ZTF25aabzbve.npz,SN Ic-BL,SNI,core,14,4,10,True
ZTF25aacaoby,events/ZTF25aacaoby.npz,SN Ia-91bg,SNI,core,17,6,11,True
ZTF25aacasnr,events/ZTF25aacasnr.npz,SN Ia,SNI,core,6,5,1,False
ZTF25aacasop,events/ZTF25aacasop.npz,SN Ia,SNI,core,2,2,0,False
ZTF25aacautg,events/ZTF25aacautg.npz,SN Ia,SNI,core,14,5,9,True
ZTF25aacawpa,events/ZTF25aacawpa.npz,SN II,SNII,core,17,7,10,True
ZTF25aacawsr,events/ZTF25aacawsr.npz,AGN,AGN,core,46,24,22,True
ZTF25aacaxkg,events/ZTF25aacaxkg.npz,SN Ia,SNI,core,41,20,21,True
ZTF25aacaxre,events/ZTF25aacaxre.npz,SN II,SNII,core,31,14,17,True
ZTF25aacbbqh,events/ZTF25aacbbqh.npz,SN II,SNII,core,42,8,34,True
ZTF25aacbhct,events/ZTF25aacbhct.npz,SN II,SNII,core,19,6,13,True
ZTF25aacbtmd,events/ZTF25aacbtmd.npz,SN II,SNII,core,48,25,23,True
ZTF25aaccmjq,events/ZTF25aaccmjq.npz,SN Ic-BL,SNI,core,75,31,44,True
ZTF25aacdilx,events/ZTF25aacdilx.npz,SN II,SNII,core,27,14,13,True
ZTF25aacdjzo,events/ZTF25aacdjzo.npz,SN Ic,SNI,core,39,19,20,True
ZTF25aacedrs,events/ZTF25aacedrs.npz,SN Ia,SNI,core,15,3,12,True
ZTF25aaceybo,events/ZTF25aaceybo.npz,SN Ia,SNI,core,12,5,7,True
ZTF25aacfbem,events/ZTF25aacfbem.npz,SN Ia,SNI,core,13,6,7,True
ZTF25aacgxjf,events/ZTF25aacgxjf.npz,SN Ia,SNI,core,15,5,10,True
ZTF25aachhhw,events/ZTF25aachhhw.npz,SN II,SNII,core,2,2,0,False
ZTF25aachzhd,events/ZTF25aachzhd.npz,SN Ia,SNI,core,20,9,11,True
ZTF25aachzjr,events/ZTF25aachzjr.npz,SN Ia,SNI,core,31,12,19,True
ZTF25aacjgut,events/ZTF25aacjgut.npz,SN II,SNII,core,11,0,11,False
ZTF25aacldzw,events/ZTF25aacldzw.npz,SN II,SNII,core,63,23,40,True
ZTF25aacljcu,events/ZTF25aacljcu.npz,SN Ia,SNI,core,34,16,18,True
ZTF25aacmgnn,events/ZTF25aacmgnn.npz,SN II,SNII,core,17,6,11,True
ZTF25aacnour,events/ZTF25aacnour.npz,SN Ia,SNI,core,27,12,15,True
ZTF25aacqvcq,events/ZTF25aacqvcq.npz,SN Ia,SNI,core,38,18,20,True
ZTF25aacrydo,events/ZTF25aacrydo.npz,SN Ia-91T,SNI,core,9,6,3,True
ZTF25aactdcs,events/ZTF25aactdcs.npz,SN Ia,SNI,core,22,8,14,True
ZTF25aacxidm,events/ZTF25aacxidm.npz,SN II,SNII,core,4,3,1,False
ZTF25aadavqf,events/ZTF25aadavqf.npz,SN Ia,SNI,core,8,3,5,True
ZTF25aadcylv,events/ZTF25aadcylv.npz,SN Ia,SNI,core,16,7,9,True
ZTF25aaddfzb,events/ZTF25aaddfzb.npz,SN Ia,SNI,core,41,19,22,True
ZTF25aaddjmx,events/ZTF25aaddjmx.npz,SN Ia,SNI,core,15,13,2,True
ZTF25aaddjzf,events/ZTF25aaddjzf.npz,SN II,SNII,core,10,9,1,False
ZTF25aadeltq,events/ZTF25aadeltq.npz,SN II,SNII,core,20,8,12,True
ZTF25aadevqv,events/ZTF25aadevqv.npz,SN II,SNII,core,67,25,42,True
ZTF25aadfajb,events/ZTF25aadfajb.npz,SN Ia,SNI,core,27,10,17,True
ZTF25aadfktz,events/ZTF25aadfktz.npz,SN Ia,SNI,core,41,14,27,True
ZTF25aadfkug,events/ZTF25aadfkug.npz,SN Ia,SNI,core,36,14,22,True
ZTF25aadfsmz,events/ZTF25aadfsmz.npz,SN II,SNII,core,30,13,17,True
ZTF25aadgckg,events/ZTF25aadgckg.npz,SN Ia,SNI,core,40,19,21,True
ZTF25aadhlrs,events/ZTF25aadhlrs.npz,SN II,SNII,core,16,9,7,True
ZTF25aadhpuz,events/ZTF25aadhpuz.npz,SN IIn,SNII,core,3,2,1,False
ZTF25aadhrbs,events/ZTF25aadhrbs.npz,SN Ia,SNI,core,4,4,0,False
ZTF25aadhuav,events/ZTF25aadhuav.npz,SN Ia,SNI,core,13,7,6,True
ZTF25aadhuhm,events/ZTF25aadhuhm.npz,SN II,SNII,core,12,7,5,True
ZTF25aadhuvy,events/ZTF25aadhuvy.npz,SN Ia-91bg,SNI,core,1,1,0,False
ZTF25aadhwzr,events/ZTF25aadhwzr.npz,SN Ia,SNI,core,5,1,4,False
ZTF25aadjmcf,events/ZTF25aadjmcf.npz,SN Ia,SNI,core,29,11,18,True
ZTF25aadjukb,events/ZTF25aadjukb.npz,SN II,SNII,core,27,12,15,True
ZTF25aadkeon,events/ZTF25aadkeon.npz,SN Ia,SNI,core,24,10,14,True
ZTF25aadkudx,events/ZTF25aadkudx.npz,SN II,SNII,core,40,18,22,True
ZTF25aadlcbi,events/ZTF25aadlcbi.npz,SN Ia,SNI,core,32,10,22,True
ZTF25aadlhzw,events/ZTF25aadlhzw.npz,SN II,SNII,core,78,34,44,True
ZTF25aadlkpv,events/ZTF25aadlkpv.npz,SN Ia,SNI,core,8,7,1,False
ZTF25aadlqhw,events/ZTF25aadlqhw.npz,SN II,SNII,core,48,38,10,True
ZTF25aadlslh,events/ZTF25aadlslh.npz,SN II,SNII,core,17,6,11,True
ZTF25aadltat,events/ZTF25aadltat.npz,SN Ia,SNI,core,13,6,7,True
ZTF25aadngyo,events/ZTF25aadngyo.npz,SN Ia,SNI,core,10,5,5,True
ZTF25aadnogd,events/ZTF25aadnogd.npz,SN Ic,SNI,core,67,29,38,True
ZTF25aadnsyh,events/ZTF25aadnsyh.npz,SN Ia,SNI,core,42,14,28,True
ZTF25aadntob,events/ZTF25aadntob.npz,SN Ia,SNI,core,40,14,26,True
ZTF25aadnujq,events/ZTF25aadnujq.npz,SN Ia,SNI,core,32,14,18,True
ZTF25aadnxae,events/ZTF25aadnxae.npz,SN Ia-91T,SNI,core,42,17,25,True
ZTF25aadobka,events/ZTF25aadobka.npz,SN Ia,SNI,core,49,18,31,True
ZTF25aadtdef,events/ZTF25aadtdef.npz,SN Ia,SNI,core,18,8,10,True
ZTF25aadtgiq,events/ZTF25aadtgiq.npz,SN Ia,SNI,core,5,3,2,False
ZTF25aaduxhj,events/ZTF25aaduxhj.npz,SN Ia-91T,SNI,core,19,10,9,True
ZTF25aadvjal,events/ZTF25aadvjal.npz,SN Ia,SNI,core,25,11,14,True
ZTF25aaehohz,events/ZTF25aaehohz.npz,SN Ia,SNI,core,30,12,18,True
ZTF25aaekcfy,events/ZTF25aaekcfy.npz,SN Ia,SNI,core,24,10,14,True
ZTF25aaetvgk,events/ZTF25aaetvgk.npz,SN II,SNII,core,37,18,19,True
ZTF25aafdnuf,events/ZTF25aafdnuf.npz,SN Ic,SNI,core,28,8,20,True
ZTF25aafdwin,events/ZTF25aafdwin.npz,SN Ia,SNI,core,21,10,11,True
ZTF25aafdwph,events/ZTF25aafdwph.npz,SN Ia,SNI,core,20,8,12,True
ZTF25aafdxjr,events/ZTF25aafdxjr.npz,SN IIb,SNII,core,65,25,40,True
ZTF25aafedas,events/ZTF25aafedas.npz,SN Ib,SNI,core,21,8,13,True
ZTF25aafeedj,events/ZTF25aafeedj.npz,SN Ia,SNI,core,18,9,9,True
ZTF25aafejer,events/ZTF25aafejer.npz,SN II,SNII,core,64,24,40,True
ZTF25aafezal,events/ZTF25aafezal.npz,SN Ia,SNI,core,9,3,6,True
ZTF25aafhecq,events/ZTF25aafhecq.npz,SN Ia,SNI,core,23,13,10,True
ZTF25aafibim,events/ZTF25aafibim.npz,SN II,SNII,core,41,21,20,True
ZTF25aafifce,events/ZTF25aafifce.npz,SN Ia,SNI,core,10,6,4,True
ZTF25aafifqa,events/ZTF25aafifqa.npz,SN Ia,SNI,core,11,8,3,True
ZTF25aafihgk,events/ZTF25aafihgk.npz,SN II,SNII,core,38,15,23,True
ZTF25aafjpdg,events/ZTF25aafjpdg.npz,SN Ia,SNI,core,20,15,5,True
ZTF25aafjphe,events/ZTF25aafjphe.npz,SN Ia,SNI,core,24,22,2,True
ZTF25aafjtce,events/ZTF25aafjtce.npz,SN Ia,SNI,core,2,2,0,False
ZTF25aafkcir,events/ZTF25aafkcir.npz,SN Ia,SNI,core,24,9,15,True
ZTF25aafkghv,events/ZTF25aafkghv.npz,SN Ia-91T,SNI,core,25,24,1,False
ZTF25aafkily,events/ZTF25aafkily.npz,SN Ia,SNI,core,27,14,13,True
ZTF25aafkocw,events/ZTF25aafkocw.npz,SN Ia,SNI,core,7,6,1,False
ZTF25aafkofm,events/ZTF25aafkofm.npz,SN Ia,SNI,core,9,8,1,False
ZTF25aafkowl,events/ZTF25aafkowl.npz,SN Ia,SNI,core,8,6,2,True
ZTF25aafkubt,events/ZTF25aafkubt.npz,SN Ia,SNI,core,14,6,8,True
ZTF25aafkxdu,events/ZTF25aafkxdu.npz,SN Ib,SNI,core,20,9,11,True
ZTF25aafoang,events/ZTF25aafoang.npz,SN II,SNII,core,38,23,15,True
ZTF25aafobzl,events/ZTF25aafobzl.npz,SN Ia,SNI,core,5,4,1,False
ZTF25aafoflc,events/ZTF25aafoflc.npz,SN Ia,SNI,core,11,5,6,True
ZTF25aafofmu,events/ZTF25aafofmu.npz,SN IIn,SNII,core,20,15,5,True
ZTF25aafpooi,events/ZTF25aafpooi.npz,SN Ia,SNI,core,14,6,8,True
ZTF25aafpotv,events/ZTF25aafpotv.npz,SN Ia,SNI,core,11,6,5,True
ZTF25aafpqvd,events/ZTF25aafpqvd.npz,SN Ia,SNI,core,10,8,2,True
ZTF25aafpsjf,events/ZTF25aafpsjf.npz,SN Ia,SNI,core,37,13,24,True
ZTF25aafqepo,events/ZTF25aafqepo.npz,SN Ia,SNI,core,21,11,10,True
ZTF25aafqvot,events/ZTF25aafqvot.npz,SN Ia,SNI,core,11,6,5,True
ZTF25aafqxkt,events/ZTF25aafqxkt.npz,SN II,SNII,core,23,2,21,True
ZTF25aafqyhb,events/ZTF25aafqyhb.npz,SN Ia,SNI,core,22,10,12,True
ZTF25aafrcem,events/ZTF25aafrcem.npz,SN II,SNII,core,35,16,19,True
ZTF25aafrgdv,events/ZTF25aafrgdv.npz,SN II,SNII,core,34,15,19,True
ZTF25aafsrzj,events/ZTF25aafsrzj.npz,SN Ia,SNI,core,24,12,12,True
ZTF25aafsvgy,events/ZTF25aafsvgy.npz,SN II,SNII,core,39,16,23,True
ZTF25aafszil,events/ZTF25aafszil.npz,SN Ia,SNI,core,10,10,0,False
ZTF25aafszll,events/ZTF25aafszll.npz,SN II,SNII,core,9,9,0,False
ZTF25aaftdla,events/ZTF25aaftdla.npz,SN Ia,SNI,core,34,16,18,True
ZTF25aaftthw,events/ZTF25aaftthw.npz,SN Ia,SNI,core,13,6,7,True
ZTF25aafulfd,events/ZTF25aafulfd.npz,SN Ia,SNI,core,22,11,11,True
ZTF25aafuzcr,events/ZTF25aafuzcr.npz,SN IIn,SNII,core,29,14,15,True
ZTF25aafvbeq,events/ZTF25aafvbeq.npz,SN II,SNII,core,29,19,10,True
ZTF25aafvgfi,events/ZTF25aafvgfi.npz,SN Ia,SNI,core,17,7,10,True
ZTF25aafvqth,events/ZTF25aafvqth.npz,SN Ia,SNI,core,24,10,14,True
ZTF25aafwbhf,events/ZTF25aafwbhf.npz,SN Ia,SNI,core,3,3,0,False
ZTF25aafwcmp,events/ZTF25aafwcmp.npz,SN Ia,SNI,core,10,9,1,False
ZTF25aafwfof,events/ZTF25aafwfof.npz,SN Ia,SNI,core,9,5,4,True
ZTF25aafwxov,events/ZTF25aafwxov.npz,SN Ia,SNI,core,37,19,18,True
ZTF25aafxafb,events/ZTF25aafxafb.npz,SN II,SNII,core,2,2,0,False
ZTF25aafydrq,events/ZTF25aafydrq.npz,SN Ia,SNI,core,10,5,5,True
ZTF25aagacqk,events/ZTF25aagacqk.npz,SN Ia,SNI,core,12,4,8,True
ZTF25aagbdyg,events/ZTF25aagbdyg.npz,SN Ia,SNI,core,33,16,17,True
ZTF25aagbelb,events/ZTF25aagbelb.npz,SN Ia,SNI,core,12,7,5,True
ZTF25aagbene,events/ZTF25aagbene.npz,SN Ia,SNI,core,10,5,5,True
ZTF25aagbifh,events/ZTF25aagbifh.npz,SN Ia,SNI,core,9,5,4,True
ZTF25aagbkad,events/ZTF25aagbkad.npz,SN Ia,SNI,core,20,10,10,True
ZTF25aagbkaj,events/ZTF25aagbkaj.npz,SN Ia,SNI,core,39,18,21,True
ZTF25aagbpag,events/ZTF25aagbpag.npz,SN Ia-pec,SNI,core,14,5,9,True
ZTF25aagbrpb,events/ZTF25aagbrpb.npz,SN IIn,SNII,core,51,24,27,True
ZTF25aagbsgv,events/ZTF25aagbsgv.npz,SN Ia,SNI,core,16,6,10,True
ZTF25aagbtlp,events/ZTF25aagbtlp.npz,SN Ia,SNI,core,19,9,10,True
ZTF25aagdrsk,events/ZTF25aagdrsk.npz,SN Ia,SNI,core,17,8,9,True
ZTF25aageefz,events/ZTF25aageefz.npz,SN Ia,SNI,core,21,9,12,True
ZTF25aagevje,events/ZTF25aagevje.npz,TDE,TDE,core,28,14,14,True
ZTF25aagezfh,events/ZTF25aagezfh.npz,SN Ia,SNI,core,52,22,30,True
ZTF25aagfpoi,events/ZTF25aagfpoi.npz,SN Ia,SNI,core,2,1,1,False
ZTF25aaggcmf,events/ZTF25aaggcmf.npz,SN Ia,SNI,core,4,4,0,False
ZTF25aaggdnf,events/ZTF25aaggdnf.npz,SN Ia,SNI,core,11,4,7,True
ZTF25aaggkxk,events/ZTF25aaggkxk.npz,SN II,SNII,core,46,23,23,True
ZTF25aaggpqs,events/ZTF25aaggpqs.npz,SN Ia,SNI,core,10,6,4,True
ZTF25aaggqco,events/ZTF25aaggqco.npz,SN Ia,SNI,core,34,16,18,True
ZTF25aaggugu,events/ZTF25aaggugu.npz,SN Ia,SNI,core,15,7,8,True
ZTF25aagjcul,events/ZTF25aagjcul.npz,SN Ia,SNI,core,13,9,4,True
ZTF25aaglicm,events/ZTF25aaglicm.npz,SN II,SNII,core,32,10,22,True
ZTF25aaglrlj,events/ZTF25aaglrlj.npz,SN Ia,SNI,core,12,3,9,True
ZTF25aagoicl,events/ZTF25aagoicl.npz,SN Ia,SNI,core,18,15,3,True
ZTF25aagrfgg,events/ZTF25aagrfgg.npz,SN Ia,SNI,core,10,5,5,True
ZTF25aagtjfn,events/ZTF25aagtjfn.npz,SN IIn,SNII,core,84,44,40,True
ZTF25aagufmn,events/ZTF25aagufmn.npz,SN Ia,SNI,core,6,6,0,False
ZTF25aagvkqj,events/ZTF25aagvkqj.npz,SN Ia,SNI,core,16,7,9,True
ZTF25aagzocg,events/ZTF25aagzocg.npz,SN IIb,SNII,core,20,10,10,True
ZTF25aahccao,events/ZTF25aahccao.npz,SN Ic-BL,SNI,core,24,8,16,True
ZTF25aahfvex,events/ZTF25aahfvex.npz,SN Ia,SNI,core,14,7,7,True
ZTF25aahmbaq,events/ZTF25aahmbaq.npz,SN II,SNII,core,119,57,62,True
ZTF25aahmbwa,events/ZTF25aahmbwa.npz,SN Ia,SNI,core,14,6,8,True
ZTF25aahmdjb,events/ZTF25aahmdjb.npz,SN IIn,SNII,core,24,11,13,True
ZTF25aahmecj,events/ZTF25aahmecj.npz,SN Ia,SNI,core,16,6,10,True
ZTF25aahrlwa,events/ZTF25aahrlwa.npz,SN Ia,SNI,core,43,23,20,True
ZTF25aahtbjr,events/ZTF25aahtbjr.npz,SN Ia,SNI,core,52,23,29,True
ZTF25aahtica,events/ZTF25aahtica.npz,SN Ia,SNI,core,17,7,10,True
ZTF25aahxijy,events/ZTF25aahxijy.npz,SN Ia,SNI,core,27,10,17,True
ZTF25aaidlpx,events/ZTF25aaidlpx.npz,SN Ia,SNI,core,23,8,15,True
ZTF25aaiitra,events/ZTF25aaiitra.npz,SN Ia,SNI,core,10,4,6,True
ZTF25aaikmwc,events/ZTF25aaikmwc.npz,SN IIb,SNII,core,16,5,11,True
ZTF25aailxex,events/ZTF25aailxex.npz,SN Ia,SNI,core,28,14,14,True
ZTF25aainerh,events/ZTF25aainerh.npz,SN II,SNII,core,5,4,1,False
ZTF25aaiokdh,events/ZTF25aaiokdh.npz,SN Ia,SNI,core,14,7,7,True
ZTF25aaiouoy,events/ZTF25aaiouoy.npz,SN Ia,SNI,core,58,25,33,True
ZTF25aaipaml,events/ZTF25aaipaml.npz,SN Ia,SNI,core,29,16,13,True
ZTF25aaipveb,events/ZTF25aaipveb.npz,SN Ia,SNI,core,11,5,6,True
ZTF25aaipwch,events/ZTF25aaipwch.npz,SN Ia,SNI,core,16,8,8,True
ZTF25aairaww,events/ZTF25aairaww.npz,SN Ia,SNI,core,14,9,5,True
ZTF25aairaxg,events/ZTF25aairaxg.npz,SN II,SNII,core,24,23,1,False
ZTF25aairenk,events/ZTF25aairenk.npz,SN Ia,SNI,core,11,11,0,False
ZTF25aairevh,events/ZTF25aairevh.npz,SN Ia,SNI,core,5,5,0,False
ZTF25aairfin,events/ZTF25aairfin.npz,SN II,SNII,core,13,6,7,True
ZTF25aairhqk,events/ZTF25aairhqk.npz,SN IIn,SNII,core,49,26,23,True
ZTF25aairncf,events/ZTF25aairncf.npz,SN Ia,SNI,core,93,39,54,True
ZTF25aaisfid,events/ZTF25aaisfid.npz,SN Ia,SNI,core,23,9,14,True
ZTF25aaisnsy,events/ZTF25aaisnsy.npz,SN Ia,SNI,core,43,21,22,True
ZTF25aaitagu,events/ZTF25aaitagu.npz,SN Ia,SNI,core,29,13,16,True
ZTF25aaitagy,events/ZTF25aaitagy.npz,SN Ia,SNI,core,27,21,6,True
ZTF25aaitgoe,events/ZTF25aaitgoe.npz,SN Ia,SNI,core,3,3,0,False
ZTF25aaittoe,events/ZTF25aaittoe.npz,SN Ia,SNI,core,14,7,7,True
ZTF25aaittqc,events/ZTF25aaittqc.npz,SN Ia,SNI,core,28,17,11,True
ZTF25aaiushx,events/ZTF25aaiushx.npz,SN Ia,SNI,core,27,14,13,True
ZTF25aaivcgm,events/ZTF25aaivcgm.npz,SN Ia,SNI,core,6,0,6,False
ZTF25aaiwalj,events/ZTF25aaiwalj.npz,SN Ia,SNI,core,21,11,10,True
ZTF25aaixekc,events/ZTF25aaixekc.npz,SN II,SNII,core,2,2,0,False
ZTF25aaixenf,events/ZTF25aaixenf.npz,SN Ia,SNI,core,13,3,10,True
ZTF25aaixfyj,events/ZTF25aaixfyj.npz,SN II,SNII,core,26,0,26,False
ZTF25aaixhxe,events/ZTF25aaixhxe.npz,SN II,SNII,core,49,24,25,True
ZTF25aaiylpu,events/ZTF25aaiylpu.npz,SN II,SNII,core,21,11,10,True
ZTF25aaiyxzl,events/ZTF25aaiyxzl.npz,SN Ia,SNI,core,24,11,13,True
ZTF25aaiyywg,events/ZTF25aaiyywg.npz,SN Ia,SNI,core,1,1,0,False
ZTF25aaizkcc,events/ZTF25aaizkcc.npz,SN Ia,SNI,core,18,10,8,True
ZTF25aaizkhw,events/ZTF25aaizkhw.npz,SN Ia,SNI,core,14,6,8,True
ZTF25aaizniw,events/ZTF25aaizniw.npz,SN Ia,SNI,core,22,13,9,True
ZTF25aaizxrf,events/ZTF25aaizxrf.npz,SN Ia,SNI,core,27,5,22,True
ZTF25aaizxvv,events/ZTF25aaizxvv.npz,SN II,SNII,core,19,1,18,False
ZTF25aaizyki,events/ZTF25aaizyki.npz,SN Ia,SNI,core,50,11,39,True
ZTF25aajawti,events/ZTF25aajawti.npz,SN Ia,SNI,core,13,10,3,True
ZTF25aajbsll,events/ZTF25aajbsll.npz,SN Ia,SNI,core,5,2,3,False
ZTF25aajcusp,events/ZTF25aajcusp.npz,SN Ia,SNI,core,39,22,17,True
ZTF25aajektz,events/ZTF25aajektz.npz,SN Ia,SNI,core,4,2,2,False
ZTF25aajesph,events/ZTF25aajesph.npz,SN Ia,SNI,core,14,6,8,True
ZTF25aajfbac,events/ZTF25aajfbac.npz,SN Ia,SNI,core,5,3,2,False
ZTF25aajffqa,events/ZTF25aajffqa.npz,SN Ia,SNI,core,29,11,18,True
ZTF25aajfjhm,events/ZTF25aajfjhm.npz,TDE,TDE,core,17,10,7,True
ZTF25aajfota,events/ZTF25aajfota.npz,SN Ia,SNI,core,5,5,0,False
ZTF25aajfyro,events/ZTF25aajfyro.npz,SN Ia,SNI,core,15,14,1,False
ZTF25aajfyvr,events/ZTF25aajfyvr.npz,SN II,SNII,core,19,17,2,True
ZTF25aajgcvv,events/ZTF25aajgcvv.npz,SN Ia,SNI,core,22,19,3,True
ZTF25aajghtw,events/ZTF25aajghtw.npz,SN Ia,SNI,core,18,8,10,True
ZTF25aajgoqd,events/ZTF25aajgoqd.npz,SN Ia,SNI,core,25,21,4,True
ZTF25aajitmc,events/ZTF25aajitmc.npz,SN Ia,SNI,core,27,12,15,True
ZTF25aajiutj,events/ZTF25aajiutj.npz,SN Ia,SNI,core,40,24,16,True
ZTF25aajixgi,events/ZTF25aajixgi.npz,SN Ia,SNI,core,31,11,20,True
ZTF25aajlrlk,events/ZTF25aajlrlk.npz,SN Ia,SNI,core,16,10,6,True
ZTF25aajlsss,events/ZTF25aajlsss.npz,SN Ia,SNI,core,10,6,4,True
ZTF25aajlyns,events/ZTF25aajlyns.npz,SN II,SNII,core,42,26,16,True
ZTF25aajmrso,events/ZTF25aajmrso.npz,SN Ia,SNI,core,5,4,1,False
ZTF25aajoapm,events/ZTF25aajoapm.npz,SN Ia,SNI,core,22,9,13,True
ZTF25aajobsh,events/ZTF25aajobsh.npz,SN Ia,SNI,core,28,9,19,True
ZTF25aajqewt,events/ZTF25aajqewt.npz,SN Ia,SNI,core,24,11,13,True
ZTF25aajqkdo,events/ZTF25aajqkdo.npz,SN Ia,SNI,core,47,23,24,True
ZTF25aajqkss,events/ZTF25aajqkss.npz,SN Ia,SNI,core,18,13,5,True
ZTF25aajqtfg,events/ZTF25aajqtfg.npz,SN II,SNII,core,72,26,46,True
ZTF25aajrlbu,events/ZTF25aajrlbu.npz,SN Ia-91T,SNI,core,30,13,17,True
ZTF25aajsaas,events/ZTF25aajsaas.npz,SN Ia,SNI,core,36,22,14,True
ZTF25aajscwm,events/ZTF25aajscwm.npz,SN Ia,SNI,core,15,6,9,True
ZTF25aajsirl,events/ZTF25aajsirl.npz,SN II,SNII,core,18,0,18,False
ZTF25aajsivt,events/ZTF25aajsivt.npz,SN IIb,SNII,core,5,0,5,False
ZTF25aajupcd,events/ZTF25aajupcd.npz,SN Ia,SNI,core,35,17,18,True
ZTF25aajuqtp,events/ZTF25aajuqtp.npz,SN Ic-BL,SNI,core,19,8,11,True
ZTF25aajygin,events/ZTF25aajygin.npz,SN II,SNII,core,77,52,25,True
ZTF25aakatwx,events/ZTF25aakatwx.npz,SN Ia,SNI,core,17,8,9,True
ZTF25aakatxm,events/ZTF25aakatxm.npz,SN Ia,SNI,core,17,8,9,True
ZTF25aakbbof,events/ZTF25aakbbof.npz,SN Ib,SNI,core,8,3,5,True
ZTF25aakbqpl,events/ZTF25aakbqpl.npz,SN Ia,SNI,core,33,17,16,True
ZTF25aakbssn,events/ZTF25aakbssn.npz,SN Ia,SNI,core,26,14,12,True
ZTF25aakcjgj,events/ZTF25aakcjgj.npz,SN Ic-BL,SNI,core,19,10,9,True
ZTF25aakeqyr,events/ZTF25aakeqyr.npz,SN Ib,SNI,core,47,21,26,True
ZTF25aakgfpu,events/ZTF25aakgfpu.npz,SN Ia,SNI,core,8,4,4,True
ZTF25aakgmne,events/ZTF25aakgmne.npz,SN Ia,SNI,core,19,9,10,True
ZTF25aakhihh,events/ZTF25aakhihh.npz,SN Ia,SNI,core,24,12,12,True
ZTF25aakhmwn,events/ZTF25aakhmwn.npz,SN Ia,SNI,core,13,6,7,True
ZTF25aakhogj,events/ZTF25aakhogj.npz,SN Ia,SNI,core,25,10,15,True
ZTF25aaklxxk,events/ZTF25aaklxxk.npz,SN Ia,SNI,core,21,10,11,True
ZTF25aakoamh,events/ZTF25aakoamh.npz,SN Ia,SNI,core,20,10,10,True
ZTF25aakrsbo,events/ZTF25aakrsbo.npz,SN Ia,SNI,core,20,10,10,True
ZTF25aaktazi,events/ZTF25aaktazi.npz,SN Ia,SNI,core,51,24,27,True
ZTF25aaktqzg,events/ZTF25aaktqzg.npz,SN Ia,SNI,core,54,27,27,True
ZTF25aalbnkr,events/ZTF25aalbnkr.npz,SN II,SNII,core,54,28,26,True
ZTF25aaldcfz,events/ZTF25aaldcfz.npz,SN Ia,SNI,core,27,11,16,True
ZTF25aaldwkh,events/ZTF25aaldwkh.npz,SN Ia,SNI,core,6,6,0,False
ZTF25aalkyad,events/ZTF25aalkyad.npz,SN Ia,SNI,core,10,6,4,True
ZTF25aallbvg,events/ZTF25aallbvg.npz,SN Ia,SNI,core,9,9,0,False
ZTF25aalldzz,events/ZTF25aalldzz.npz,SN Ia,SNI,core,5,5,0,False
ZTF25aalpjxp,events/ZTF25aalpjxp.npz,SN Ia,SNI,core,17,7,10,True
ZTF25aalpmfp,events/ZTF25aalpmfp.npz,SN Ia,SNI,core,13,5,8,True
ZTF25aalpqkg,events/ZTF25aalpqkg.npz,SN Ia,SNI,core,29,14,15,True
ZTF25aalpzgd,events/ZTF25aalpzgd.npz,SN II,SNII,core,52,21,31,True
ZTF25aalqkaf,events/ZTF25aalqkaf.npz,SN Ia,SNI,core,11,5,6,True
ZTF25aalqrpj,events/ZTF25aalqrpj.npz,SN Ia,SNI,core,9,6,3,True
ZTF25aalqrrk,events/ZTF25aalqrrk.npz,SN Ia,SNI,core,15,10,5,True
ZTF25aalqsel,events/ZTF25aalqsel.npz,SN Ia,SNI,core,10,4,6,True
ZTF25aalqwnx,events/ZTF25aalqwnx.npz,SN Ia,SNI,core,5,3,2,False
ZTF25aalrorp,events/ZTF25aalrorp.npz,SN Ia,SNI,core,9,8,1,False
ZTF25aalrrdz,events/ZTF25aalrrdz.npz,SN Ia,SNI,core,5,5,0,False
ZTF25aalrrwj,events/ZTF25aalrrwj.npz,SN Ia,SNI,core,6,4,2,False
ZTF25aalrums,events/ZTF25aalrums.npz,SN Ia,SNI,core,16,7,9,True
ZTF25aalrvjj,events/ZTF25aalrvjj.npz,SN Ia-pec,SNI,core,20,17,3,True
ZTF25aalsxks,events/ZTF25aalsxks.npz,SN Ia,SNI,core,16,8,8,True
ZTF25aalthwc,events/ZTF25aalthwc.npz,SN Ia,SNI,core,9,3,6,True
ZTF25aaluemf,events/ZTF25aaluemf.npz,SN Ia,SNI,core,13,6,7,True
ZTF25aaluens,events/ZTF25aaluens.npz,SN Ia,SNI,core,31,16,15,True
ZTF25aaluerd,events/ZTF25aaluerd.npz,SN II,SNII,core,76,34,42,True
ZTF25aalufla,events/ZTF25aalufla.npz,SN Ia,SNI,core,25,9,16,True
ZTF25aalughb,events/ZTF25aalughb.npz,SN Ia,SNI,core,48,26,22,True
ZTF25aaluvkb,events/ZTF25aaluvkb.npz,SN Ia,SNI,core,25,15,10,True
ZTF25aaluyhj,events/ZTF25aaluyhj.npz,SN Ia,SNI,core,9,8,1,False
ZTF25aalvbwm,events/ZTF25aalvbwm.npz,SN II,SNII,core,45,19,26,True
ZTF25aalvqbq,events/ZTF25aalvqbq.npz,SN Ia,SNI,core,8,6,2,True
ZTF25aalvrqu,events/ZTF25aalvrqu.npz,SN Ia,SNI,core,8,8,0,False
ZTF25aalvyjz,events/ZTF25aalvyjz.npz,SN Ia,SNI,core,21,1,20,False
ZTF25aalvyks,events/ZTF25aalvyks.npz,SN Ia,SNI,core,16,0,16,False
ZTF25aalvyrp,events/ZTF25aalvyrp.npz,SN II,SNII,core,45,0,45,False
ZTF25aalwadw,events/ZTF25aalwadw.npz,SN Ia,SNI,core,15,3,12,True
ZTF25aalycbc,events/ZTF25aalycbc.npz,SN Ia,SNI,core,11,5,6,True
ZTF25aalyccn,events/ZTF25aalyccn.npz,SN Ia,SNI,core,13,7,6,True
ZTF25aalycqc,events/ZTF25aalycqc.npz,SN Ia,SNI,core,10,5,5,True
ZTF25aalyfoi,events/ZTF25aalyfoi.npz,SN II,SNII,core,41,19,22,True
ZTF25aalylco,events/ZTF25aalylco.npz,SN Ia,SNI,core,14,10,4,True
ZTF25aalziig,events/ZTF25aalziig.npz,SN Ia,SNI,core,70,34,36,True
ZTF25aalzmga,events/ZTF25aalzmga.npz,SN II,SNII,core,59,30,29,True
ZTF25aambsqu,events/ZTF25aambsqu.npz,SN Ia,SNI,core,27,9,18,True
ZTF25aambvjr,events/ZTF25aambvjr.npz,SN II,SNII,core,36,12,24,True
ZTF25aameuts,events/ZTF25aameuts.npz,SN Ia,SNI,core,8,3,5,True
ZTF25aamgkfe,events/ZTF25aamgkfe.npz,SN Ia,SNI,core,20,13,7,True
ZTF25aamhjku,events/ZTF25aamhjku.npz,SN Ic,SNI,core,10,0,10,False
ZTF25aamhqoo,events/ZTF25aamhqoo.npz,SN II,SNII,core,14,0,14,False
ZTF25aamisyt,events/ZTF25aamisyt.npz,SN Ia,SNI,core,15,9,6,True
ZTF25aamplge,events/ZTF25aamplge.npz,SN Ic,SNI,core,10,9,1,False
ZTF25aamqhpc,events/ZTF25aamqhpc.npz,SN Ia,SNI,core,26,9,17,True
ZTF25aamrath,events/ZTF25aamrath.npz,SN Ia,SNI,core,36,10,26,True
ZTF25aanbchm,events/ZTF25aanbchm.npz,SN Ia,SNI,core,17,9,8,True
ZTF25aanbcou,events/ZTF25aanbcou.npz,SN Ia,SNI,core,15,7,8,True
ZTF25aanbdft,events/ZTF25aanbdft.npz,SN Ia,SNI,core,14,7,7,True
ZTF25aanblle,events/ZTF25aanblle.npz,SN Ia,SNI,core,6,5,1,False
ZTF25aanbnfj,events/ZTF25aanbnfj.npz,SN Ia,SNI,core,16,11,5,True
ZTF25aancloh,events/ZTF25aancloh.npz,SN Ia,SNI,core,29,11,18,True
ZTF25aanellf,events/ZTF25aanellf.npz,SN Ia,SNI,core,8,5,3,True
ZTF25aanepai,events/ZTF25aanepai.npz,SN Ia,SNI,core,14,9,5,True
ZTF25aanezba,events/ZTF25aanezba.npz,SN Ia-91bg,SNI,core,8,3,5,True
ZTF25aanfaxg,events/ZTF25aanfaxg.npz,SN Ia,SNI,core,11,8,3,True
ZTF25aanfhdv,events/ZTF25aanfhdv.npz,SN Ia,SNI,core,7,7,0,False
ZTF25aangnvu,events/ZTF25aangnvu.npz,SN Ia,SNI,core,9,2,7,True
ZTF25aanhiwe,events/ZTF25aanhiwe.npz,SN Ia,SNI,core,6,6,0,False
ZTF25aaniiis,events/ZTF25aaniiis.npz,SN Ia,SNI,core,5,3,2,False
ZTF25aanilxe,events/ZTF25aanilxe.npz,SN Ia,SNI,core,12,10,2,True
ZTF25aanitpo,events/ZTF25aanitpo.npz,SN Ia,SNI,core,8,3,5,True
ZTF25aankptu,events/ZTF25aankptu.npz,SN Ia,SNI,core,14,9,5,True
ZTF25aankqhe,events/ZTF25aankqhe.npz,SN Ia,SNI,core,31,18,13,True
ZTF25aankyie,events/ZTF25aankyie.npz,SN Ib,SNI,core,3,1,2,False
ZTF25aanlfdo,events/ZTF25aanlfdo.npz,SN Ia,SNI,core,18,8,10,True
ZTF25aanmfji,events/ZTF25aanmfji.npz,SN Ib,SNI,core,13,5,8,True
ZTF25aanmgrm,events/ZTF25aanmgrm.npz,SN Ia,SNI,core,41,15,26,True
ZTF25aanmnao,events/ZTF25aanmnao.npz,SN II,SNII,core,60,25,35,True
ZTF25aanmrqp,events/ZTF25aanmrqp.npz,SN Ia,SNI,core,13,6,7,True
ZTF25aanmsrb,events/ZTF25aanmsrb.npz,SN Ia,SNI,core,4,3,1,False
ZTF25aanmuym,events/ZTF25aanmuym.npz,SN Ia,SNI,core,19,10,9,True
ZTF25aanpulo,events/ZTF25aanpulo.npz,SN Ia,SNI,core,42,20,22,True
ZTF25aanpvix,events/ZTF25aanpvix.npz,SN II,SNII,core,35,12,23,True
ZTF25aanqbbl,events/ZTF25aanqbbl.npz,SN Ia,SNI,core,19,9,10,True
ZTF25aantell,events/ZTF25aantell.npz,SN Ia,SNI,core,8,5,3,True
ZTF25aantkgq,events/ZTF25aantkgq.npz,SN Ia,SNI,core,7,7,0,False
ZTF25aantruy,events/ZTF25aantruy.npz,SN Ia,SNI,core,16,13,3,True
ZTF25aanvpit,events/ZTF25aanvpit.npz,SN Ia,SNI,core,33,14,19,True
ZTF25aanxgnn,events/ZTF25aanxgnn.npz,SN Ia,SNI,core,38,14,24,True
ZTF25aanxipy,events/ZTF25aanxipy.npz,SN Ia,SNI,core,39,16,23,True
ZTF25aaocnsp,events/ZTF25aaocnsp.npz,SN Ia,SNI,core,14,8,6,True
ZTF25aaoefsh,events/ZTF25aaoefsh.npz,SN Ia,SNI,core,40,22,18,True
ZTF25aaoelpm,events/ZTF25aaoelpm.npz,SN Ia,SNI,core,16,1,15,False
ZTF25aaofuee,events/ZTF25aaofuee.npz,SN II,SNII,core,33,21,12,True
ZTF25aaofxjv,events/ZTF25aaofxjv.npz,SN Ia-91T,SNI,core,20,11,9,True
ZTF25aaohnzw,events/ZTF25aaohnzw.npz,SN Ia,SNI,core,20,8,12,True
ZTF25aaohuyd,events/ZTF25aaohuyd.npz,SN Ia,SNI,core,14,6,8,True
ZTF25aaopvlb,events/ZTF25aaopvlb.npz,SN Ia,SNI,core,78,32,46,True
ZTF25aaoqltj,events/ZTF25aaoqltj.npz,SN Ia,SNI,core,51,22,29,True
ZTF25aaortzp,events/ZTF25aaortzp.npz,SN Ia,SNI,core,32,13,19,True
ZTF25aaoruek,events/ZTF25aaoruek.npz,SN Ia,SNI,core,36,17,19,True
ZTF25aaovvcg,events/ZTF25aaovvcg.npz,SN Ic,SNI,core,7,2,5,False
ZTF25aaowtpy,events/ZTF25aaowtpy.npz,SN Ia,SNI,core,30,14,16,True
ZTF25aaowwja,events/ZTF25aaowwja.npz,SN Ia,SNI,core,13,8,5,True
ZTF25aaowwuh,events/ZTF25aaowwuh.npz,SN Ia,SNI,core,7,6,1,False
ZTF25aaoxequ,events/ZTF25aaoxequ.npz,SN Ia-91bg,SNI,core,33,20,13,True
ZTF25aaoxgwp,events/ZTF25aaoxgwp.npz,SN Ia,SNI,core,70,26,44,True
ZTF25aaoxrmn,events/ZTF25aaoxrmn.npz,SN II,SNII,core,77,35,42,True
ZTF25aaoxxlf,events/ZTF25aaoxxlf.npz,SN Ia-91bg,SNI,core,14,7,7,True
ZTF25aaoyfil,events/ZTF25aaoyfil.npz,SN Ia,SNI,core,19,7,12,True
ZTF25aaozpsn,events/ZTF25aaozpsn.npz,SN Ia,SNI,core,23,11,12,True
ZTF25aaozqak,events/ZTF25aaozqak.npz,SN Ia,SNI,core,15,0,15,False
ZTF25aaozsgb,events/ZTF25aaozsgb.npz,SN Ia,SNI,core,13,8,5,True
ZTF25aapafwq,events/ZTF25aapafwq.npz,SN II,SNII,core,18,14,4,True
ZTF25aapairy,events/ZTF25aapairy.npz,SN Ia,SNI,core,6,4,2,False
ZTF25aapclig,events/ZTF25aapclig.npz,SN Ia-91bg,SNI,core,14,8,6,True
ZTF25aapdivq,events/ZTF25aapdivq.npz,SN Ia,SNI,core,17,10,7,True
ZTF25aapdkvl,events/ZTF25aapdkvl.npz,SN Ia,SNI,core,30,11,19,True
ZTF25aapenxt,events/ZTF25aapenxt.npz,SN Ia,SNI,core,29,10,19,True
ZTF25aapgumb,events/ZTF25aapgumb.npz,SN Ia,SNI,core,8,8,0,False
ZTF25aapgxhg,events/ZTF25aapgxhg.npz,SN Ia,SNI,core,3,3,0,False
ZTF25aapjaog,events/ZTF25aapjaog.npz,SN Ia,SNI,core,52,15,37,True
ZTF25aapjruy,events/ZTF25aapjruy.npz,SN Ia,SNI,core,102,37,65,True
ZTF25aapkqdn,events/ZTF25aapkqdn.npz,SN II,SNII,core,4,0,4,False
ZTF25aaplvcd,events/ZTF25aaplvcd.npz,SN Ia,SNI,core,14,11,3,True
ZTF25aaplvcg,events/ZTF25aaplvcg.npz,SN Ia,SNI,core,7,6,1,False
ZTF25aapnvqx,events/ZTF25aapnvqx.npz,SN Ia,SNI,core,16,7,9,True
ZTF25aappymi,events/ZTF25aappymi.npz,SN II,SNII,core,24,7,17,True
ZTF25aapqogh,events/ZTF25aapqogh.npz,SN Ia,SNI,core,12,7,5,True
ZTF25aapqpbo,events/ZTF25aapqpbo.npz,SN Ia,SNI,core,9,5,4,True
ZTF25aapqvqk,events/ZTF25aapqvqk.npz,SN Ia,SNI,core,21,9,12,True
ZTF25aapqzzl,events/ZTF25aapqzzl.npz,SN Ia,SNI,core,41,20,21,True
ZTF25aaprfzh,events/ZTF25aaprfzh.npz,SN IIb,SNII,core,14,7,7,True
ZTF25aaprggu,events/ZTF25aaprggu.npz,SN Ia,SNI,core,33,19,14,True
ZTF25aaprgib,events/ZTF25aaprgib.npz,SN Ia,SNI,core,8,7,1,False
ZTF25aaprgjx,events/ZTF25aaprgjx.npz,SN II,SNII,core,26,15,11,True
ZTF25aaprgoz,events/ZTF25aaprgoz.npz,SN Ia,SNI,core,10,9,1,False
ZTF25aaprgxk,events/ZTF25aaprgxk.npz,SN Ic,SNI,core,11,4,7,True
ZTF25aapsieb,events/ZTF25aapsieb.npz,SN Ia,SNI,core,33,10,23,True
ZTF25aapsisw,events/ZTF25aapsisw.npz,SN IIn,SNII,core,55,3,52,True
ZTF25aaptbyd,events/ZTF25aaptbyd.npz,SN Ia,SNI,core,18,9,9,True
ZTF25aapthsg,events/ZTF25aapthsg.npz,SN Ia,SNI,core,13,8,5,True
ZTF25aaptvbh,events/ZTF25aaptvbh.npz,SN II,SNII,core,37,17,20,True
ZTF25aapuibm,events/ZTF25aapuibm.npz,SN Ia,SNI,core,33,15,18,True
ZTF25aapuyuf,events/ZTF25aapuyuf.npz,SN Ia,SNI,core,33,14,19,True
ZTF25aapvizs,events/ZTF25aapvizs.npz,SN Ia,SNI,core,23,10,13,True
ZTF25aapvrng,events/ZTF25aapvrng.npz,SN Ia,SNI,core,11,8,3,True
ZTF25aapwhnu,events/ZTF25aapwhnu.npz,SN Ia,SNI,core,8,8,0,False
ZTF25aapwshe,events/ZTF25aapwshe.npz,SN Ia,SNI,core,9,8,1,False
ZTF25aapwsub,events/ZTF25aapwsub.npz,SN Ia,SNI,core,19,9,10,True
ZTF25aapwsyj,events/ZTF25aapwsyj.npz,SN Ia,SNI,core,13,9,4,True
ZTF25aapwxhm,events/ZTF25aapwxhm.npz,SN Ia,SNI,core,47,19,28,True
ZTF25aapzjkn,events/ZTF25aapzjkn.npz,SN Ia,SNI,core,7,3,4,False
ZTF25aapzvrh,events/ZTF25aapzvrh.npz,SN II,SNII,core,36,16,20,True
ZTF25aaqbltp,events/ZTF25aaqbltp.npz,SN II,SNII,core,9,8,1,False
ZTF25aaqbshw,events/ZTF25aaqbshw.npz,SN Ia,SNI,core,6,6,0,False
ZTF25aaqbwzn,events/ZTF25aaqbwzn.npz,SN II,SNII,core,15,15,0,False
ZTF25aaqdxqj,events/ZTF25aaqdxqj.npz,SN IIb,SNII,core,7,5,2,False
ZTF25aaqfffi,events/ZTF25aaqfffi.npz,SN Ia,SNI,core,15,6,9,True
ZTF25aaqfhvh,events/ZTF25aaqfhvh.npz,SN Ia,SNI,core,34,14,20,True
ZTF25aaqfvek,events/ZTF25aaqfvek.npz,SN Ia,SNI,core,28,15,13,True
ZTF25aaqgddb,events/ZTF25aaqgddb.npz,SN Ia-91T,SNI,core,16,7,9,True
ZTF25aaqgorp,events/ZTF25aaqgorp.npz,SN Ia,SNI,core,33,13,20,True
ZTF25aaqgttb,events/ZTF25aaqgttb.npz,SN Ia,SNI,core,12,11,1,False
ZTF25aaqhkyi,events/ZTF25aaqhkyi.npz,SN Ia,SNI,core,86,40,46,True
ZTF25aaqhnsd,events/ZTF25aaqhnsd.npz,SN Ia,SNI,core,36,17,19,True
ZTF25aaqiijt,events/ZTF25aaqiijt.npz,SN Ia,SNI,core,37,18,19,True
ZTF25aaqiwar,events/ZTF25aaqiwar.npz,SN Ia,SNI,core,30,15,15,True
ZTF25aaqkhyr,events/ZTF25aaqkhyr.npz,SN Ia,SNI,core,17,8,9,True
ZTF25aaqksiw,events/ZTF25aaqksiw.npz,SN Ia,SNI,core,140,41,77,True
ZTF25aaqkvza,events/ZTF25aaqkvza.npz,SN Ia,SNI,core,12,4,8,True
ZTF25aaqojwg,events/ZTF25aaqojwg.npz,SN Ia,SNI,core,121,52,46,True
ZTF25aaqomig,events/ZTF25aaqomig.npz,SN II,SNII,core,6,4,2,False
ZTF25aaqondx,events/ZTF25aaqondx.npz,SN Ia,SNI,core,13,7,6,True
ZTF25aaqoukg,events/ZTF25aaqoukg.npz,SN Ia,SNI,core,45,21,24,True
ZTF25aaqqfkv,events/ZTF25aaqqfkv.npz,SN IIn,SNII,core,34,11,23,True
ZTF25aaqqjud,events/ZTF25aaqqjud.npz,SN II,SNII,core,29,13,16,True
ZTF25aaqsnsq,events/ZTF25aaqsnsq.npz,SN Ia,SNI,core,32,17,15,True
ZTF25aaqsuda,events/ZTF25aaqsuda.npz,SN Ia,SNI,core,30,13,17,True
ZTF25aaqvrbi,events/ZTF25aaqvrbi.npz,SN Ia-91T,SNI,core,11,5,6,True
ZTF25aaqvwgk,events/ZTF25aaqvwgk.npz,CV,CV,core,8,4,4,True
ZTF25aaqwcvn,events/ZTF25aaqwcvn.npz,SN Ia,SNI,core,17,10,7,True
ZTF25aaqweoi,events/ZTF25aaqweoi.npz,SN II,SNII,core,19,0,19,False
ZTF25aaqxchy,events/ZTF25aaqxchy.npz,SN Ia,SNI,core,5,4,1,False
ZTF25aaqxece,events/ZTF25aaqxece.npz,SN Ia,SNI,core,3,3,0,False
ZTF25aaqyaob,events/ZTF25aaqyaob.npz,SN II,SNII,core,47,19,28,True
ZTF25aaqylva,events/ZTF25aaqylva.npz,SN Ia,SNI,core,37,18,19,True
ZTF25aaqyssy,events/ZTF25aaqyssy.npz,SN Ia,SNI,core,33,19,14,True
ZTF25aaqyygm,events/ZTF25aaqyygm.npz,SN Ia,SNI,core,43,19,24,True
ZTF25aaraels,events/ZTF25aaraels.npz,SN Ia,SNI,core,31,14,17,True
ZTF25aardatq,events/ZTF25aardatq.npz,SN IIn,SNII,core,25,11,14,True
ZTF25aarefui,events/ZTF25aarefui.npz,SN II,SNII,core,25,13,12,True
ZTF25aareirf,events/ZTF25aareirf.npz,SN Ia,SNI,core,22,13,9,True
ZTF25aaremst,events/ZTF25aaremst.npz,SN II,SNII,core,33,15,18,True
ZTF25aargzjz,events/ZTF25aargzjz.npz,SN Ia,SNI,core,36,15,21,True
ZTF25aarhgtc,events/ZTF25aarhgtc.npz,SN II,SNII,core,28,5,23,True
ZTF25aarmzhx,events/ZTF25aarmzhx.npz,SN Ic-BL,SNI,core,90,25,65,True
ZTF25aarnyuv,events/ZTF25aarnyuv.npz,SN Ia-91bg,SNI,core,3,2,1,False
ZTF25aarodfq,events/ZTF25aarodfq.npz,SN II,SNII,core,21,12,9,True
ZTF25aarodyp,events/ZTF25aarodyp.npz,SN Ia,SNI,core,23,10,13,True
ZTF25aarrwlq,events/ZTF25aarrwlq.npz,SN Ia,SNI,core,24,9,15,True
ZTF25aarsdkv,events/ZTF25aarsdkv.npz,SN Ia,SNI,core,23,7,16,True
ZTF25aaruqqa,events/ZTF25aaruqqa.npz,SN Ia,SNI,core,7,5,2,False
ZTF25aarutoh,events/ZTF25aarutoh.npz,SN Ia-91T,SNI,core,20,12,8,True
ZTF25aarutux,events/ZTF25aarutux.npz,SN II,SNII,core,14,6,8,True
ZTF25aarutzn,events/ZTF25aarutzn.npz,SN Ia,SNI,core,11,6,5,True
ZTF25aaruuln,events/ZTF25aaruuln.npz,SN II,SNII,core,12,5,7,True
ZTF25aarwoeg,events/ZTF25aarwoeg.npz,SN Ia,SNI,core,33,16,17,True
ZTF25aarxine,events/ZTF25aarxine.npz,SN Ia,SNI,core,27,11,16,True
ZTF25aarzwve,events/ZTF25aarzwve.npz,SN II,SNII,core,104,24,45,True
ZTF25aarzxsa,events/ZTF25aarzxsa.npz,SN Ia,SNI,core,11,0,11,False
ZTF25aasaydc,events/ZTF25aasaydc.npz,SN Ia,SNI,core,14,6,8,True
ZTF25aascfmn,events/ZTF25aascfmn.npz,SN Ia,SNI,core,67,30,37,True
ZTF25aasctdu,events/ZTF25aasctdu.npz,SN Ia,SNI,core,40,16,24,True
ZTF25aasfkmy,events/ZTF25aasfkmy.npz,SN Ia,SNI,core,79,24,52,True
ZTF25aasfogb,events/ZTF25aasfogb.npz,SN II,SNII,core,106,53,53,True
ZTF25aashgjy,events/ZTF25aashgjy.npz,SN II,SNII,core,26,9,17,True
ZTF25aasltmi,events/ZTF25aasltmi.npz,SN IIn,SNII,core,24,12,12,True
ZTF25aasnrmc,events/ZTF25aasnrmc.npz,SN Ia,SNI,core,38,13,24,True
ZTF25aaspxly,events/ZTF25aaspxly.npz,SN Ia,SNI,core,23,11,12,True
ZTF25aasrort,events/ZTF25aasrort.npz,SN Ia,SNI,core,44,20,24,True
ZTF25aasrzlo,events/ZTF25aasrzlo.npz,SN Ia,SNI,core,31,13,18,True
ZTF25aatbdjl,events/ZTF25aatbdjl.npz,SN Ia,SNI,core,6,4,2,False
ZTF25aatclux,events/ZTF25aatclux.npz,SN IIb,SNII,core,204,83,76,True
ZTF25aatdgae,events/ZTF25aatdgae.npz,SN Ib,SNI,core,19,8,11,True
ZTF25aatdvzt,events/ZTF25aatdvzt.npz,SN Ia,SNI,core,24,11,13,True
ZTF25aatkuvd,events/ZTF25aatkuvd.npz,SN Ia-91T,SNI,core,8,7,1,False
ZTF25aatnbdo,events/ZTF25aatnbdo.npz,SN Ia,SNI,core,18,10,8,True
ZTF25aatnwif,events/ZTF25aatnwif.npz,SN Ia-91T,SNI,core,53,25,28,True
ZTF25aatoasz,events/ZTF25aatoasz.npz,SN Ia,SNI,core,28,13,15,True
ZTF25aatoqiw,events/ZTF25aatoqiw.npz,SN Ia,SNI,core,23,12,11,True
ZTF25aatpkdu,events/ZTF25aatpkdu.npz,SN Ia,SNI,core,23,22,1,False
ZTF25aatqacd,events/ZTF25aatqacd.npz,SN II,SNII,core,64,27,37,True
ZTF25aatruwp,events/ZTF25aatruwp.npz,SN Ia,SNI,core,45,16,26,True
ZTF25aatrvpg,events/ZTF25aatrvpg.npz,SN Ia,SNI,core,12,7,5,True
ZTF25aattqgf,events/ZTF25aattqgf.npz,SN II,SNII,core,20,10,10,True
ZTF25aatupjy,events/ZTF25aatupjy.npz,SN Ia,SNI,core,21,11,10,True
ZTF25aatvtvy,events/ZTF25aatvtvy.npz,SN Ia,SNI,core,39,17,22,True
ZTF25aatxnic,events/ZTF25aatxnic.npz,SN II,SNII,core,46,3,41,True
ZTF25aatxnwx,events/ZTF25aatxnwx.npz,SN Ia,SNI,core,17,2,15,True
ZTF25aatxsag,events/ZTF25aatxsag.npz,SN Ia,SNI,core,4,4,0,False
ZTF25aatxsfd,events/ZTF25aatxsfd.npz,SN Ia,SNI,core,16,5,11,True
ZTF25aatzejc,events/ZTF25aatzejc.npz,SN Ia,SNI,core,77,31,46,True
ZTF25aauasqm,events/ZTF25aauasqm.npz,SN Ia,SNI,core,17,0,17,False
ZTF25aauczue,events/ZTF25aauczue.npz,SN II,SNII,core,53,24,29,True
ZTF25aaudpzv,events/ZTF25aaudpzv.npz,SN Ia-91T,SNI,core,25,12,13,True
ZTF25aaufltl,events/ZTF25aaufltl.npz,SN II,SNII,core,91,12,55,True
ZTF25aaugeio,events/ZTF25aaugeio.npz,SN II,SNII,core,19,11,8,True
ZTF25aaugeir,events/ZTF25aaugeir.npz,SN Ia,SNI,core,20,10,10,True
ZTF25aaugemf,events/ZTF25aaugemf.npz,SN Ia,SNI,core,5,5,0,False
ZTF25aauhbec,events/ZTF25aauhbec.npz,SN II,SNII,core,42,16,26,True
ZTF25aauhbwo,events/ZTF25aauhbwo.npz,SN Ia,SNI,core,30,10,20,True
ZTF25aauhsoe,events/ZTF25aauhsoe.npz,SN II,SNII,core,89,25,45,True
ZTF25aauijjd,events/ZTF25aauijjd.npz,SN Ia,SNI,core,51,23,28,True
ZTF25aaulggp,events/ZTF25aaulggp.npz,SN II,SNII,core,57,0,57,False
ZTF25aaupzsu,events/ZTF25aaupzsu.npz,SN Ic,SNI,core,20,11,9,True
ZTF25aaurwnn,events/ZTF25aaurwnn.npz,SN Ia,SNI,core,30,10,20,True
ZTF25aaurzyo,events/ZTF25aaurzyo.npz,SN Ic-BL,SNI,core,10,4,6,True
ZTF25aauscfu,events/ZTF25aauscfu.npz,SN Ia-pec,SNI,core,42,16,26,True
ZTF25aausgcv,events/ZTF25aausgcv.npz,SN Ia,SNI,core,6,0,6,False
ZTF25aautevd,events/ZTF25aautevd.npz,SN Ia,SNI,core,22,10,12,True
ZTF25aauurnj,events/ZTF25aauurnj.npz,SN Ia,SNI,core,32,13,19,True
ZTF25aauvaxd,events/ZTF25aauvaxd.npz,SN Ia,SNI,core,13,5,8,True
ZTF25aauvber,events/ZTF25aauvber.npz,SN II,SNII,core,26,11,15,True
ZTF25aauvser,events/ZTF25aauvser.npz,SN II,SNII,core,86,43,43,True
ZTF25aauzrry,events/ZTF25aauzrry.npz,SN Ib,SNI,core,7,3,4,False
ZTF25aauzryv,events/ZTF25aauzryv.npz,SN II,SNII,core,7,3,4,False
ZTF25aavahfn,events/ZTF25aavahfn.npz,SN Ib,SNI,core,16,5,11,True
ZTF25aavapev,events/ZTF25aavapev.npz,SN IIb,SNII,core,8,3,5,True
ZTF25aavcbih,events/ZTF25aavcbih.npz,SN Ia,SNI,core,30,12,18,True
ZTF25aavcgfk,events/ZTF25aavcgfk.npz,SN II,SNII,core,34,12,22,True
ZTF25aavcsij,events/ZTF25aavcsij.npz,SN II,SNII,core,16,0,16,False
ZTF25aavcuyp,events/ZTF25aavcuyp.npz,SN Ia,SNI,core,34,0,34,False
ZTF25aavcvel,events/ZTF25aavcvel.npz,SN II,SNII,core,36,0,36,False
ZTF25aavddzo,events/ZTF25aavddzo.npz,SN II,SNII,core,20,9,11,True
ZTF25aavdmzf,events/ZTF25aavdmzf.npz,SN Ia,SNI,core,166,81,57,True
ZTF25aavdsoh,events/ZTF25aavdsoh.npz,SN Ia,SNI,core,16,6,10,True
ZTF25aavgfqk,events/ZTF25aavgfqk.npz,SN Ib,SNI,core,8,2,6,True
ZTF25aavggqd,events/ZTF25aavggqd.npz,SN Ia,SNI,core,10,4,6,True
ZTF25aavgmld,events/ZTF25aavgmld.npz,SN Ia,SNI,core,12,0,12,False
ZTF25aavguaf,events/ZTF25aavguaf.npz,SN Ia-91T,SNI,core,14,7,7,True
ZTF25aavgvck,events/ZTF25aavgvck.npz,SN Ia,SNI,core,4,1,3,False
ZTF25aavhjcz,events/ZTF25aavhjcz.npz,SN Ia,SNI,core,23,8,15,True
ZTF25aavhxan,events/ZTF25aavhxan.npz,SN Ia,SNI,core,19,8,11,True
ZTF25aavikep,events/ZTF25aavikep.npz,SN Ia,SNI,core,35,13,22,True
ZTF25aavikwq,events/ZTF25aavikwq.npz,SN Ia,SNI,core,64,19,34,True
ZTF25aavilsy,events/ZTF25aavilsy.npz,SN Ia,SNI,core,60,19,33,True
ZTF25aavivut,events/ZTF25aavivut.npz,SN Ia,SNI,core,63,15,31,True
ZTF25aavjchy,events/ZTF25aavjchy.npz,SN Ib,SNI,core,20,0,20,False
ZTF25aavjytr,events/ZTF25aavjytr.npz,SN II,SNII,core,14,5,9,True
ZTF25aavkgat,events/ZTF25aavkgat.npz,SN Ia,SNI,core,11,4,7,True
ZTF25aavmvqg,events/ZTF25aavmvqg.npz,SN II,SNII,core,120,25,67,True
ZTF25aavmwrf,events/ZTF25aavmwrf.npz,SN Ia,SNI,core,118,65,53,True
ZTF25aavmyql,events/ZTF25aavmyql.npz,SN Ia,SNI,core,36,23,13,True
ZTF25aavneuv,events/ZTF25aavneuv.npz,SN II,SNII,core,23,0,23,False
ZTF25aavoysc,events/ZTF25aavoysc.npz,SN II,SNII,core,15,7,8,True
ZTF25aavozkg,events/ZTF25aavozkg.npz,SN Ic,SNI,core,15,8,7,True
ZTF25aavpdlj,events/ZTF25aavpdlj.npz,SN Ia,SNI,core,20,8,12,True
ZTF25aavpdtz,events/ZTF25aavpdtz.npz,SN Ia,SNI,core,7,7,0,False
ZTF25aavqfip,events/ZTF25aavqfip.npz,SN Ia,SNI,core,7,2,5,False
ZTF25aavqrpc,events/ZTF25aavqrpc.npz,SN Ia,SNI,core,92,31,51,True
ZTF25aavrkgo,events/ZTF25aavrkgo.npz,SN II,SNII,core,23,0,23,False
ZTF25aavsjkg,events/ZTF25aavsjkg.npz,SN Ia,SNI,core,28,11,17,True
ZTF25aavsycu,events/ZTF25aavsycu.npz,SN Ia,SNI,core,33,14,19,True
ZTF25aavxepu,events/ZTF25aavxepu.npz,SN Ic,SNI,core,12,4,8,True
ZTF25aavykre,events/ZTF25aavykre.npz,SN Ia,SNI,core,33,15,18,True
ZTF25aavyqag,events/ZTF25aavyqag.npz,SN II,SNII,core,41,5,36,True
ZTF25aawaobl,events/ZTF25aawaobl.npz,SN Ic-BL,SNI,core,56,24,32,True
ZTF25aawdpdu,events/ZTF25aawdpdu.npz,SN II,SNII,core,191,59,83,True
ZTF25aawjnuz,events/ZTF25aawjnuz.npz,SN Ia,SNI,core,41,18,23,True
ZTF25aawlldt,events/ZTF25aawlldt.npz,SN Ia,SNI,core,104,44,60,True
ZTF25aawmdtp,events/ZTF25aawmdtp.npz,SN Ic,SNI,core,18,5,13,True
ZTF25aawnctx,events/ZTF25aawnctx.npz,SN Ia,SNI,core,10,5,5,True
ZTF25aawngni,events/ZTF25aawngni.npz,SN II,SNII,core,72,32,40,True
ZTF25aawnphj,events/ZTF25aawnphj.npz,SN Ia,SNI,core,40,16,24,True
ZTF25aawopwu,events/ZTF25aawopwu.npz,SN Ia,SNI,core,5,4,1,False
ZTF25aawpfbf,events/ZTF25aawpfbf.npz,SN Ia-91T,SNI,core,52,2,50,True
ZTF25aawscge,events/ZTF25aawscge.npz,SN Ia,SNI,core,37,16,21,True
ZTF25aawterb,events/ZTF25aawterb.npz,SN Ia-91T,SNI,core,80,24,41,True
ZTF25aawtuhc,events/ZTF25aawtuhc.npz,SN Ia,SNI,core,7,0,7,False
ZTF25aawvjbd,events/ZTF25aawvjbd.npz,SN Ia,SNI,core,26,11,15,True
ZTF25aaxbflr,events/ZTF25aaxbflr.npz,SN Ia,SNI,core,29,19,10,True
ZTF25aaxeojh,events/ZTF25aaxeojh.npz,SN Ia,SNI,core,163,62,72,True
ZTF25aaxfkwe,events/ZTF25aaxfkwe.npz,SN II,SNII,core,42,9,33,True
ZTF25aaxikcw,events/ZTF25aaxikcw.npz,SN II,SNII,core,31,8,23,True
ZTF25aaxiwgb,events/ZTF25aaxiwgb.npz,SN Ia,SNI,core,45,20,25,True
ZTF25aaxjntk,events/ZTF25aaxjntk.npz,SN Ia,SNI,core,74,36,38,True
ZTF25aaxjzpf,events/ZTF25aaxjzpf.npz,SN Ia,SNI,core,10,2,8,True
ZTF25aaxjzzz,events/ZTF25aaxjzzz.npz,SN Ia,SNI,core,144,61,56,True
ZTF25aaxmmyx,events/ZTF25aaxmmyx.npz,SN II,SNII,core,51,21,30,True
ZTF25aaxnchn,events/ZTF25aaxnchn.npz,SN Ia,SNI,core,65,32,33,True
ZTF25aaxpdfh,events/ZTF25aaxpdfh.npz,SN II,SNII,core,7,2,5,False
ZTF25aaxrqam,events/ZTF25aaxrqam.npz,SN Ia,SNI,core,6,6,0,False
ZTF25aaxsmkl,events/ZTF25aaxsmkl.npz,SN Ic,SNI,core,28,0,28,False
ZTF25aaxsnkv,events/ZTF25aaxsnkv.npz,SN II,SNII,core,14,0,14,False
ZTF25aaxsqaw,events/ZTF25aaxsqaw.npz,SN Ia,SNI,core,33,0,33,False
ZTF25aaxzllv,events/ZTF25aaxzllv.npz,SN Ia,SNI,core,7,5,2,False
ZTF25aaylgpw,events/ZTF25aaylgpw.npz,SN Ia,SNI,core,67,33,34,True
ZTF25aaylqqq,events/ZTF25aaylqqq.npz,SN Ia,SNI,core,78,29,49,True
ZTF25aaymdbo,events/ZTF25aaymdbo.npz,SN Ia,SNI,core,52,20,27,True
ZTF25aaymnha,events/ZTF25aaymnha.npz,TDE,TDE,core,150,81,55,True
ZTF25aaymwcj,events/ZTF25aaymwcj.npz,SN Ia,SNI,core,8,6,2,True
ZTF25aaynaqk,events/ZTF25aaynaqk.npz,CV,CV,core,65,16,49,True
ZTF25aayqucz,events/ZTF25aayqucz.npz,SN Ia,SNI,core,4,2,2,False
ZTF25aayqxvf,events/ZTF25aayqxvf.npz,SN Ia,SNI,core,6,4,2,False
ZTF25aayrata,events/ZTF25aayrata.npz,SN Ia,SNI,core,2,1,1,False
ZTF25aaytfvv,events/ZTF25aaytfvv.npz,SN Ia,SNI,core,26,12,14,True
ZTF25aaytlnf,events/ZTF25aaytlnf.npz,SN Ia,SNI,core,26,14,12,True
ZTF25aayvwoc,events/ZTF25aayvwoc.npz,SN Ic,SNI,core,13,8,5,True
ZTF25aayvymv,events/ZTF25aayvymv.npz,SN Ia,SNI,core,8,0,8,False
ZTF25aayxghj,events/ZTF25aayxghj.npz,SN Ia,SNI,core,70,27,43,True
ZTF25aayxhar,events/ZTF25aayxhar.npz,SN Ia,SNI,core,61,26,35,True
ZTF25aayxsry,events/ZTF25aayxsry.npz,SN Ia,SNI,core,113,67,46,True
ZTF25aazgkhd,events/ZTF25aazgkhd.npz,SN Ia,SNI,core,58,29,29,True
ZTF25aazivum,events/ZTF25aazivum.npz,SN IIn,SNII,core,19,10,9,True
ZTF25aazjqwa,events/ZTF25aazjqwa.npz,SN Ia,SNI,core,15,6,9,True
ZTF25aazkont,events/ZTF25aazkont.npz,SN II,SNII,core,38,17,21,True
ZTF25aazqavg,events/ZTF25aazqavg.npz,SN Ia,SNI,core,86,27,37,True
ZTF25aazqbmd,events/ZTF25aazqbmd.npz,SN Ia,SNI,core,50,18,20,True
ZTF25aazufyf,events/ZTF25aazufyf.npz,SN Ia,SNI,core,136,48,63,True
ZTF25aazuxfi,events/ZTF25aazuxfi.npz,SN Ia,SNI,core,32,15,17,True
ZTF25aazvkec,events/ZTF25aazvkec.npz,SN Ia,SNI,core,63,40,0,False
ZTF25aazxxqi,events/ZTF25aazxxqi.npz,SN Ia,SNI,core,33,14,19,True
ZTF25ababeev,events/ZTF25ababeev.npz,SN Ia,SNI,core,98,35,43,True
ZTF25ababepu,events/ZTF25ababepu.npz,SN Ia,SNI,core,53,2,43,True
ZTF25abacnxx,events/ZTF25abacnxx.npz,SN Ia,SNI,core,55,26,29,True
ZTF25abacyxb,events/ZTF25abacyxb.npz,SN Ia,SNI,core,54,24,30,True
ZTF25abadcvl,events/ZTF25abadcvl.npz,SN Ia,SNI,core,35,17,18,True
ZTF25abadtsx,events/ZTF25abadtsx.npz,SN Ia,SNI,core,79,41,38,True
ZTF25abaefwo,events/ZTF25abaefwo.npz,SN Ia,SNI,core,129,32,63,True
ZTF25abajpgd,events/ZTF25abajpgd.npz,SN Ia,SNI,core,4,1,3,False
ZTF25abajquu,events/ZTF25abajquu.npz,SN II,SNII,core,35,15,20,True
ZTF25abakvtg,events/ZTF25abakvtg.npz,SN Ia,SNI,core,59,25,34,True
ZTF25abakxkw,events/ZTF25abakxkw.npz,SN II,SNII,core,122,60,62,True
ZTF25abansec,events/ZTF25abansec.npz,SN Ia,SNI,core,103,55,48,True
ZTF25abaqwxu,events/ZTF25abaqwxu.npz,SN Ia,SNI,core,100,37,38,True
ZTF25abawltx,events/ZTF25abawltx.npz,SN II,SNII,core,77,37,40,True
ZTF25abbaljx,events/ZTF25abbaljx.npz,SN Ib,SNI,core,29,9,20,True
ZTF25abbanem,events/ZTF25abbanem.npz,SN Ia,SNI,core,22,3,19,True
ZTF25abbdvqe,events/ZTF25abbdvqe.npz,SN Ia,SNI,core,19,9,10,True
ZTF25abbevau,events/ZTF25abbevau.npz,SN Ia,SNI,core,121,35,49,True
ZTF25abbfcbb,events/ZTF25abbfcbb.npz,SN II,SNII,core,38,0,38,False
ZTF25abbgajq,events/ZTF25abbgajq.npz,SN Ia,SNI,core,75,41,34,True
ZTF25abbgziu,events/ZTF25abbgziu.npz,SN II,SNII,core,45,17,28,True
ZTF25abbjgbd,events/ZTF25abbjgbd.npz,SN Ia,SNI,core,36,19,17,True
ZTF25abbnidh,events/ZTF25abbnidh.npz,SN Ia,SNI,core,18,8,10,True
ZTF25abbpjct,events/ZTF25abbpjct.npz,SN Ia,SNI,core,88,24,41,True
ZTF25abbpvih,events/ZTF25abbpvih.npz,SN II,SNII,core,42,4,38,True
ZTF25abbsaee,events/ZTF25abbsaee.npz,SN Ia,SNI,core,41,19,22,True
ZTF25abbshoi,events/ZTF25abbshoi.npz,SN Ia,SNI,core,39,20,19,True
ZTF25abbslda,events/ZTF25abbslda.npz,SN IIP,SNII,core,176,70,83,True
ZTF25abbvstu,events/ZTF25abbvstu.npz,SN II,SNII,core,30,0,30,False
ZTF25abbwsqe,events/ZTF25abbwsqe.npz,SN Ia,SNI,core,33,16,17,True
ZTF25abbzcps,events/ZTF25abbzcps.npz,SN IIn,SNII,core,89,48,41,True
ZTF25abbzctu,events/ZTF25abbzctu.npz,SN Ia,SNI,core,29,14,15,True
ZTF25abbzfjz,events/ZTF25abbzfjz.npz,SN IIn,SNII,core,128,56,72,True
ZTF25abbzsku,events/ZTF25abbzsku.npz,SN Ic,SNI,core,80,34,30,True
ZTF25abcbbho,events/ZTF25abcbbho.npz,SN Ia,SNI,core,22,11,11,True
ZTF25abceqol,events/ZTF25abceqol.npz,SN Ia,SNI,core,66,31,35,True
ZTF25abcfyxt,events/ZTF25abcfyxt.npz,SN Ia,SNI,core,99,49,41,True
ZTF25abcgeot,events/ZTF25abcgeot.npz,SN Ia,SNI,core,23,11,12,True
ZTF25abchqde,events/ZTF25abchqde.npz,SN Ia,SNI,core,4,2,2,False
ZTF25abcjnkx,events/ZTF25abcjnkx.npz,SN II,SNII,core,44,0,44,False
ZTF25abckwuq,events/ZTF25abckwuq.npz,SN Ia,SNI,core,46,18,28,True
ZTF25abclliu,events/ZTF25abclliu.npz,SN Ic,SNI,core,70,42,28,True
ZTF25abcpjtf,events/ZTF25abcpjtf.npz,SN Ia,SNI,core,20,11,9,True
ZTF25abcxtvx,events/ZTF25abcxtvx.npz,SN Ia,SNI,core,78,37,25,True
ZTF25abczmes,events/ZTF25abczmes.npz,SN Ia,SNI,core,65,40,24,True
ZTF25abcznka,events/ZTF25abcznka.npz,SN IIn,SNII,core,76,37,39,True
ZTF25abdbukg,events/ZTF25abdbukg.npz,SN IIP,SNII,core,8,1,7,False
ZTF25abdcdwd,events/ZTF25abdcdwd.npz,SN Ia,SNI,core,42,19,23,True
ZTF25abdezjn,events/ZTF25abdezjn.npz,SN Ia,SNI,core,30,10,20,True
ZTF25abdhnor,events/ZTF25abdhnor.npz,SN II,SNII,core,27,16,11,True
ZTF25abdhyhr,events/ZTF25abdhyhr.npz,SN II,SNII,core,57,26,31,True
ZTF25abdkrgt,events/ZTF25abdkrgt.npz,SN II,SNII,core,41,19,22,True
ZTF25abdpshz,events/ZTF25abdpshz.npz,SN Ia,SNI,core,21,6,15,True
ZTF25abdzkae,events/ZTF25abdzkae.npz,SN Ia,SNI,core,72,34,38,True
ZTF25abeclqx,events/ZTF25abeclqx.npz,SN IIb,SNII,core,16,7,9,True
ZTF25abecvml,events/ZTF25abecvml.npz,SN Ic-BL,SNI,core,48,21,27,True
ZTF25abecxkt,events/ZTF25abecxkt.npz,SN Ia,SNI,core,23,11,12,True
ZTF25abedagz,events/ZTF25abedagz.npz,SN IIb,SNII,core,38,12,26,True
ZTF25abekolv,events/ZTF25abekolv.npz,SN Ia,SNI,core,122,40,55,True
ZTF25abeprnk,events/ZTF25abeprnk.npz,SN Ia,SNI,core,63,33,30,True
ZTF25abeuvaa,events/ZTF25abeuvaa.npz,SN Ia,SNI,core,53,21,32,True
ZTF25abevfgb,events/ZTF25abevfgb.npz,SN Ia,SNI,core,15,6,9,True
ZTF25abewmjr,events/ZTF25abewmjr.npz,SN Ia,SNI,core,74,38,36,True
ZTF25abewrxj,events/ZTF25abewrxj.npz,SN Ia,SNI,core,28,11,17,True
ZTF25abflvtk,events/ZTF25abflvtk.npz,SN Ia,SNI,core,27,12,15,True
ZTF25abflwiu,events/ZTF25abflwiu.npz,SN Ia,SNI,core,21,6,15,True
ZTF25abflwya,events/ZTF25abflwya.npz,SN Ia,SNI,core,26,13,13,True
ZTF25abfmbhf,events/ZTF25abfmbhf.npz,SN II,SNII,core,26,12,14,True
ZTF25abfnszm,events/ZTF25abfnszm.npz,SN Ia,SNI,core,13,4,9,True
ZTF25abfntiq,events/ZTF25abfntiq.npz,SN II,SNII,core,10,3,7,True
ZTF25abfqdoj,events/ZTF25abfqdoj.npz,SN Ia,SNI,core,5,5,0,False
ZTF25abfqfnj,events/ZTF25abfqfnj.npz,SN Ia,SNI,core,24,11,13,True
ZTF25abgahjn,events/ZTF25abgahjn.npz,SN Ia,SNI,core,60,31,22,True
ZTF25abgepus,events/ZTF25abgepus.npz,SN II,SNII,core,13,0,13,False
ZTF25abggutl,events/ZTF25abggutl.npz,SN Ia,SNI,core,16,8,8,True
ZTF25abghcmh,events/ZTF25abghcmh.npz,SN Ia,SNI,core,52,25,27,True
ZTF25abghcuc,events/ZTF25abghcuc.npz,SN II,SNII,core,13,2,11,True
ZTF25abghdgt,events/ZTF25abghdgt.npz,SN II,SNII,core,26,12,14,True
ZTF25abghevu,events/ZTF25abghevu.npz,SN II,SNII,core,67,31,36,True
ZTF25abghglc,events/ZTF25abghglc.npz,SN Ia,SNI,core,91,44,47,True
ZTF25abghnwv,events/ZTF25abghnwv.npz,SN Ia,SNI,core,93,22,45,True
ZTF25abgoqzv,events/ZTF25abgoqzv.npz,SN Ia,SNI,core,50,21,22,True
ZTF25abgpaex,events/ZTF25abgpaex.npz,SN Ia,SNI,core,3,0,3,False
ZTF25abgpuno,events/ZTF25abgpuno.npz,SN Ia,SNI,core,27,12,15,True
ZTF25abgvdwu,events/ZTF25abgvdwu.npz,SN IIn,SNII,core,6,2,4,False
ZTF25abgwfju,events/ZTF25abgwfju.npz,SN Ia,SNI,core,29,13,16,True
ZTF25abhbcpt,events/ZTF25abhbcpt.npz,SN Ia,SNI,core,3,1,2,False
ZTF25abhgdkw,events/ZTF25abhgdkw.npz,SN Ia,SNI,core,27,14,13,True
ZTF25abhibmk,events/ZTF25abhibmk.npz,SN Ia,SNI,core,28,15,13,True
ZTF25abhjxpt,events/ZTF25abhjxpt.npz,SN Ia,SNI,core,41,21,20,True
ZTF25abhkdne,events/ZTF25abhkdne.npz,SN II,SNII,core,105,51,47,True
ZTF25abhkhny,events/ZTF25abhkhny.npz,SN Ia,SNI,core,35,13,22,True
ZTF25abhngxo,events/ZTF25abhngxo.npz,SN Ia,SNI,core,24,10,14,True
ZTF25abhoijc,events/ZTF25abhoijc.npz,SN Ia,SNI,core,17,6,11,True
ZTF25abhrbjt,events/ZTF25abhrbjt.npz,SN II,SNII,core,37,14,23,True
ZTF25abhtpmw,events/ZTF25abhtpmw.npz,SN Ia,SNI,core,42,18,24,True
ZTF25abhynnb,events/ZTF25abhynnb.npz,SN II,SNII,core,62,29,33,True
ZTF25abhzbuz,events/ZTF25abhzbuz.npz,SN II,SNII,core,11,0,10,False
ZTF25abibaem,events/ZTF25abibaem.npz,SN Ia,SNI,core,121,45,50,True
ZTF25abibtdm,events/ZTF25abibtdm.npz,SN II,SNII,core,107,31,76,True
ZTF25abidcdj,events/ZTF25abidcdj.npz,SN Ia,SNI,core,45,16,29,True
ZTF25abieqtz,events/ZTF25abieqtz.npz,SN Ia,SNI,core,58,28,30,True
ZTF25abigqxj,events/ZTF25abigqxj.npz,SN Ia,SNI,core,5,3,2,False
ZTF25abiguar,events/ZTF25abiguar.npz,SN II,SNII,core,2,1,1,False
ZTF25abigwgh,events/ZTF25abigwgh.npz,SN Ia,SNI,core,19,7,12,True
ZTF25abigyri,events/ZTF25abigyri.npz,SN Ia,SNI,core,25,11,14,True
ZTF25abihgig,events/ZTF25abihgig.npz,SN Ia,SNI,core,19,10,9,True
ZTF25abiikwy,events/ZTF25abiikwy.npz,SN Ia,SNI,core,97,38,43,True
ZTF25abiiuxz,events/ZTF25abiiuxz.npz,SN II,SNII,core,42,16,26,True
ZTF25abijxtr,events/ZTF25abijxtr.npz,SN Ia,SNI,core,26,12,14,True
ZTF25abikaaq,events/ZTF25abikaaq.npz,SN Ia,SNI,core,100,47,53,True
ZTF25abikgia,events/ZTF25abikgia.npz,SN Ia,SNI,core,12,7,5,True
ZTF25abikjqa,events/ZTF25abikjqa.npz,SN Ia-91T,SNI,core,31,13,18,True
ZTF25abiknny,events/ZTF25abiknny.npz,SN Ia,SNI,core,17,8,9,True
ZTF25abikqkb,events/ZTF25abikqkb.npz,SN II,SNII,core,21,9,12,True
ZTF25abikqrb,events/ZTF25abikqrb.npz,SN II,SNII,core,18,5,13,True
ZTF25abiksod,events/ZTF25abiksod.npz,SN Ia,SNI,core,15,7,8,True
ZTF25abilyro,events/ZTF25abilyro.npz,SN Ia,SNI,core,31,13,18,True
ZTF25abimmqu,events/ZTF25abimmqu.npz,SN II,SNII,core,25,10,15,True
ZTF25abimrij,events/ZTF25abimrij.npz,SN Ia,SNI,core,68,25,37,True
ZTF25abimrke,events/ZTF25abimrke.npz,SN Ia,SNI,core,8,3,5,True
ZTF25abioepd,events/ZTF25abioepd.npz,SN Ia,SNI,core,30,15,15,True
ZTF25abioriw,events/ZTF25abioriw.npz,SN Ia,SNI,core,47,19,28,True
ZTF25abiptzd,events/ZTF25abiptzd.npz,SN Ia,SNI,core,22,11,11,True
ZTF25abiqcie,events/ZTF25abiqcie.npz,SN Ia,SNI,core,29,13,16,True
ZTF25abiqcvi,events/ZTF25abiqcvi.npz,SN Ia,SNI,core,56,22,34,True
ZTF25abitcpd,events/ZTF25abitcpd.npz,SN Ic,SNI,core,56,26,30,True
ZTF25abitgrj,events/ZTF25abitgrj.npz,SN Ia,SNI,core,23,8,15,True
ZTF25abiwauq,events/ZTF25abiwauq.npz,SN Ia,SNI,core,23,11,12,True
ZTF25abiwbsb,events/ZTF25abiwbsb.npz,SN II,SNII,core,28,13,15,True
ZTF25abiwhwo,events/ZTF25abiwhwo.npz,SN Ia,SNI,core,5,2,3,False
ZTF25abiwxpf,events/ZTF25abiwxpf.npz,SN Ia,SNI,core,27,13,14,True
ZTF25abjecux,events/ZTF25abjecux.npz,SN II,SNII,core,97,17,80,True
ZTF25abjeuls,events/ZTF25abjeuls.npz,SN II,SNII,core,20,9,11,True
ZTF25abjiyiz,events/ZTF25abjiyiz.npz,SN Ia,SNI,core,24,11,13,True
ZTF25abjjlgl,events/ZTF25abjjlgl.npz,SN IIn,SNII,core,63,31,32,True
ZTF25abjkphq,events/ZTF25abjkphq.npz,SN Ia,SNI,core,25,13,12,True
ZTF25abjlnnh,events/ZTF25abjlnnh.npz,SN IIP,SNII,core,21,11,10,True
ZTF25abjlntp,events/ZTF25abjlntp.npz,SN Ia,SNI,core,21,11,10,True
ZTF25abjpgmo,events/ZTF25abjpgmo.npz,SN Ia,SNI,core,24,10,14,True
ZTF25abjqeok,events/ZTF25abjqeok.npz,SN Ia,SNI,core,38,14,24,True
ZTF25abjvflp,events/ZTF25abjvflp.npz,SN Ia,SNI,core,9,4,5,True
ZTF25abkeofy,events/ZTF25abkeofy.npz,SN Ia,SNI,core,17,8,9,True
ZTF25abkeqdq,events/ZTF25abkeqdq.npz,SN Ia,SNI,core,12,4,8,True
ZTF25abkeuac,events/ZTF25abkeuac.npz,SN II,SNII,core,3,1,2,False
ZTF25abklmje,events/ZTF25abklmje.npz,SN II,SNII,core,42,10,32,True
ZTF25abkoomo,events/ZTF25abkoomo.npz,SN Ia,SNI,core,29,13,16,True
ZTF25abkopax,events/ZTF25abkopax.npz,SN Ia,SNI,core,18,9,9,True
ZTF25abkotkh,events/ZTF25abkotkh.npz,SN Ia,SNI,core,2,0,2,False
ZTF25abkprmd,events/ZTF25abkprmd.npz,SN Ia,SNI,core,22,10,12,True
ZTF25abkpyds,events/ZTF25abkpyds.npz,SN Ia,SNI,core,46,23,22,True
ZTF25abkqros,events/ZTF25abkqros.npz,SN Ia,SNI,core,37,16,21,True
ZTF25abkrljh,events/ZTF25abkrljh.npz,SN Ia,SNI,core,28,15,13,True
ZTF25abkrnxc,events/ZTF25abkrnxc.npz,SN Ia,SNI,core,17,8,9,True
ZTF25abkwytp,events/ZTF25abkwytp.npz,SN Ic-BL,SNI,core,25,12,13,True
ZTF25abkxdfp,events/ZTF25abkxdfp.npz,SN Ia,SNI,core,19,8,11,True
ZTF25ablfisj,events/ZTF25ablfisj.npz,SN Ia,SNI,core,36,13,23,True
ZTF25ablgfxf,events/ZTF25ablgfxf.npz,SN Ia,SNI,core,19,10,9,True
ZTF25ablgkgi,events/ZTF25ablgkgi.npz,SN Ic-BL,SNI,core,40,14,26,True
ZTF25ablhwja,events/ZTF25ablhwja.npz,SN Ia,SNI,core,49,28,21,True
ZTF25ablihfx,events/ZTF25ablihfx.npz,SN II,SNII,core,52,26,26,True
ZTF25abllldx,events/ZTF25abllldx.npz,SN Ia,SNI,core,49,20,29,True
ZTF25ablmtlg,events/ZTF25ablmtlg.npz,SN Ia,SNI,core,34,15,19,True
ZTF25ablpyfd,events/ZTF25ablpyfd.npz,SN Ia,SNI,core,26,0,26,False
ZTF25ablpyup,events/ZTF25ablpyup.npz,SN II,SNII,core,33,1,32,False
ZTF25ablufrt,events/ZTF25ablufrt.npz,SN Ia,SNI,core,34,16,18,True
ZTF25ablulax,events/ZTF25ablulax.npz,SN Ic,SNI,core,68,29,39,True
ZTF25ablupqx,events/ZTF25ablupqx.npz,SN Ia,SNI,core,3,0,3,False
ZTF25ablvccx,events/ZTF25ablvccx.npz,SN Ia,SNI,core,22,13,9,True
ZTF25ablvnyr,events/ZTF25ablvnyr.npz,SN II,SNII,core,52,17,35,True
ZTF25abmhchv,events/ZTF25abmhchv.npz,SN IIn,SNII,core,18,10,8,True
ZTF25abmhmbk,events/ZTF25abmhmbk.npz,SN Ia,SNI,core,71,27,38,True
ZTF25abmhpuo,events/ZTF25abmhpuo.npz,SN Ia,SNI,core,18,9,9,True
ZTF25abmhxft,events/ZTF25abmhxft.npz,SN Ia,SNI,core,21,11,10,True
ZTF25abmkbaa,events/ZTF25abmkbaa.npz,SN Ia,SNI,core,21,11,10,True
ZTF25abmlhkf,events/ZTF25abmlhkf.npz,SN II,SNII,core,19,9,10,True
ZTF25abmnhes,events/ZTF25abmnhes.npz,SN Ia,SNI,core,18,8,10,True
ZTF25abmpomc,events/ZTF25abmpomc.npz,SN Ia,SNI,core,9,3,6,True
ZTF25abmsmeg,events/ZTF25abmsmeg.npz,SN Ic,SNI,core,53,29,24,True
ZTF25abmsodq,events/ZTF25abmsodq.npz,SN Ia,SNI,core,27,12,15,True
ZTF25abmtiec,events/ZTF25abmtiec.npz,SN Ic-BL,SNI,core,18,9,9,True
ZTF25abmtjsr,events/ZTF25abmtjsr.npz,SN II,SNII,core,51,23,28,True
ZTF25abmwwga,events/ZTF25abmwwga.npz,CV,CV,core,13,7,6,True
ZTF25abmxakq,events/ZTF25abmxakq.npz,SN Ia,SNI,core,74,24,50,True
ZTF25abmxvln,events/ZTF25abmxvln.npz,SN Ia,SNI,core,24,12,12,True
ZTF25abnnpmt,events/ZTF25abnnpmt.npz,SN Ia,SNI,core,41,20,21,True
ZTF25abnqqtq,events/ZTF25abnqqtq.npz,SN Ia,SNI,core,27,10,17,True
ZTF25abnzacu,events/ZTF25abnzacu.npz,SN Ic-BL,SNI,core,48,4,44,True
ZTF25aboftol,events/ZTF25aboftol.npz,SN Ib,SNI,core,51,23,28,True
ZTF25abogfap,events/ZTF25abogfap.npz,SN Ia,SNI,core,16,5,11,True
ZTF25abogteg,events/ZTF25abogteg.npz,SN IIb,SNII,core,13,6,7,True
ZTF25abogvjf,events/ZTF25abogvjf.npz,SN Ia,SNI,core,39,19,20,True
ZTF25abopkmq,events/ZTF25abopkmq.npz,SN Ia,SNI,core,8,4,4,True
ZTF25abopybc,events/ZTF25abopybc.npz,SN Ia,SNI,core,32,16,16,True
ZTF25aboqxdx,events/ZTF25aboqxdx.npz,SN IIb,SNII,core,13,6,7,True
ZTF25aboruxa,events/ZTF25aboruxa.npz,SN Ia,SNI,core,40,11,29,True
ZTF25aboscbc,events/ZTF25aboscbc.npz,SN Ia,SNI,core,25,10,15,True
ZTF25aboseer,events/ZTF25aboseer.npz,SN II,SNII,core,4,0,4,False
ZTF25abovgwv,events/ZTF25abovgwv.npz,SN Ia,SNI,core,15,7,8,True
ZTF25abowvko,events/ZTF25abowvko.npz,SN Ia,SNI,core,19,7,12,True
ZTF25aboxset,events/ZTF25aboxset.npz,SN Ia,SNI,core,42,18,24,True
ZTF25aboyusb,events/ZTF25aboyusb.npz,SN Ib,SNI,core,19,6,13,True
ZTF25aboyxea,events/ZTF25aboyxea.npz,SN Ia,SNI,core,21,10,11,True
ZTF25aboyxot,events/ZTF25aboyxot.npz,SN II,SNII,core,61,27,34,True
ZTF25abozezv,events/ZTF25abozezv.npz,SN Ia,SNI,core,27,15,12,True
ZTF25abpawqx,events/ZTF25abpawqx.npz,SN Ia,SNI,core,17,10,7,True
ZTF25abpcmpy,events/ZTF25abpcmpy.npz,SN Ia,SNI,core,10,10,0,False
ZTF25abpdxzo,events/ZTF25abpdxzo.npz,SN Ia,SNI,core,21,8,13,True
ZTF25abpezxe,events/ZTF25abpezxe.npz,SN Ia,SNI,core,21,1,20,False
ZTF25abpfatp,events/ZTF25abpfatp.npz,SN Ia,SNI,core,99,17,82,True
ZTF25abpgjdk,events/ZTF25abpgjdk.npz,SN Ia,SNI,core,40,15,25,True
ZTF25abphhyk,events/ZTF25abphhyk.npz,SN II,SNII,core,59,29,30,True
ZTF25abpkect,events/ZTF25abpkect.npz,SN Ia,SNI,core,64,22,28,True
ZTF25abpopdk,events/ZTF25abpopdk.npz,SN Ia,SNI,core,28,12,16,True
ZTF25abptfih,events/ZTF25abptfih.npz,SN Ia,SNI,core,48,18,21,True
ZTF25abpuuql,events/ZTF25abpuuql.npz,SN Ia,SNI,core,15,7,8,True
ZTF25abpwasj,events/ZTF25abpwasj.npz,SN Ia,SNI,core,20,6,14,True
ZTF25abpxqho,events/ZTF25abpxqho.npz,SN Ia,SNI,core,33,13,20,True
ZTF25abpzwne,events/ZTF25abpzwne.npz,SN IIn,SNII,core,32,16,13,True
ZTF25abqamzb,events/ZTF25abqamzb.npz,SN Ia,SNI,core,34,14,20,True
ZTF25abqdqzc,events/ZTF25abqdqzc.npz,SN Ia,SNI,core,18,8,10,True
ZTF25abqfrkp,events/ZTF25abqfrkp.npz,SN Ia,SNI,core,44,10,34,True
ZTF25abqimds,events/ZTF25abqimds.npz,SN Ia,SNI,core,32,12,20,True
ZTF25abqixdv,events/ZTF25abqixdv.npz,SN Ia,SNI,core,15,8,7,True
ZTF25abqkiqr,events/ZTF25abqkiqr.npz,SN Ia,SNI,core,28,11,17,True
ZTF25abqopkf,events/ZTF25abqopkf.npz,SN Ia,SNI,core,10,4,6,True
ZTF25abqsbxy,events/ZTF25abqsbxy.npz,SN Ic,SNI,core,46,14,22,True
ZTF25abqxnbr,events/ZTF25abqxnbr.npz,SN Ia,SNI,core,45,18,27,True
ZTF25abqzdbd,events/ZTF25abqzdbd.npz,SN Ia,SNI,core,38,17,21,True
ZTF25abqzeqy,events/ZTF25abqzeqy.npz,SN Ia,SNI,core,37,18,19,True
ZTF25abreitz,events/ZTF25abreitz.npz,SN Ia,SNI,core,2,1,1,False
ZTF25abrgeib,events/ZTF25abrgeib.npz,SN Ia,SNI,core,52,22,24,True
ZTF25abrggxu,events/ZTF25abrggxu.npz,SN Ia,SNI,core,23,11,12,True
ZTF25absblvn,events/ZTF25absblvn.npz,SN Ia,SNI,core,37,15,22,True
ZTF25absbmpi,events/ZTF25absbmpi.npz,SN Ia,SNI,core,6,2,4,False
ZTF25absbohn,events/ZTF25absbohn.npz,SN Ia,SNI,core,16,8,8,True
ZTF25abscivt,events/ZTF25abscivt.npz,SN Ia,SNI,core,26,12,14,True
ZTF25absdrsu,events/ZTF25absdrsu.npz,SN Ia,SNI,core,41,15,26,True
ZTF25absdyqi,events/ZTF25absdyqi.npz,SN Ia,SNI,core,57,30,27,True
ZTF25abseeos,events/ZTF25abseeos.npz,SN Ia,SNI,core,25,10,15,True
ZTF25absffwy,events/ZTF25absffwy.npz,SN II,SNII,core,66,34,32,True
ZTF25absfiyt,events/ZTF25absfiyt.npz,SN Ia,SNI,core,35,17,18,True
ZTF25abshatc,events/ZTF25abshatc.npz,SN II,SNII,core,45,20,25,True
ZTF25abshxur,events/ZTF25abshxur.npz,SN Ia,SNI,core,27,14,13,True
ZTF25absindv,events/ZTF25absindv.npz,SN II,SNII,core,45,18,27,True
ZTF25absjpon,events/ZTF25absjpon.npz,SN II,SNII,core,66,35,31,True
ZTF25absjrpz,events/ZTF25absjrpz.npz,SN II,SNII,core,15,0,15,False
ZTF25absjvvl,events/ZTF25absjvvl.npz,CV,CV,core,23,2,21,True
ZTF25abskgbv,events/ZTF25abskgbv.npz,SN Ia,SNI,core,29,16,13,True
ZTF25abskhhq,events/ZTF25abskhhq.npz,SN Ia,SNI,core,37,17,20,True
ZTF25absklbq,events/ZTF25absklbq.npz,SN II,SNII,core,31,12,19,True
ZTF25absqinr,events/ZTF25absqinr.npz,SN II,SNII,core,35,13,22,True
ZTF25absvroj,events/ZTF25absvroj.npz,SN Ia,SNI,core,41,21,20,True
ZTF25abtahaz,events/ZTF25abtahaz.npz,SN Ia,SNI,core,27,14,13,True
ZTF25abtaiij,events/ZTF25abtaiij.npz,SN Ia,SNI,core,19,10,9,True
ZTF25abtaxth,events/ZTF25abtaxth.npz,SN Ia,SNI,core,7,3,4,False
ZTF25abtaydf,events/ZTF25abtaydf.npz,SN Ia,SNI,core,8,3,5,True
ZTF25abtfmmv,events/ZTF25abtfmmv.npz,SN II,SNII,core,17,0,17,False
ZTF25abtgvqq,events/ZTF25abtgvqq.npz,SN II,SNII,core,12,5,7,True
ZTF25abtieic,events/ZTF25abtieic.npz,SN II,SNII,core,60,29,31,True
ZTF25abtkiku,events/ZTF25abtkiku.npz,SN Ia,SNI,core,19,0,19,False
ZTF25abtlmgv,events/ZTF25abtlmgv.npz,SN II,SNII,core,44,3,38,True
ZTF25abtoiqa,events/ZTF25abtoiqa.npz,SN Ia,SNI,core,26,11,15,True
ZTF25abtoptp,events/ZTF25abtoptp.npz,SN Ia,SNI,core,47,25,22,True
ZTF25abtpvtg,events/ZTF25abtpvtg.npz,SN Ia,SNI,core,27,27,0,False
ZTF25abtsusb,events/ZTF25abtsusb.npz,SN Ia,SNI,core,41,18,23,True
ZTF25abtzltn,events/ZTF25abtzltn.npz,SN Ia-91T,SNI,core,34,20,14,True
ZTF25abudaqa,events/ZTF25abudaqa.npz,SN II,SNII,core,29,13,16,True
ZTF25abufvlf,events/ZTF25abufvlf.npz,SN Ia,SNI,core,39,15,24,True
ZTF25abugbyo,events/ZTF25abugbyo.npz,SN Ia,SNI,core,32,16,16,True
ZTF25abugrpq,events/ZTF25abugrpq.npz,SN Ia,SNI,core,19,0,19,False
ZTF25abuoijl,events/ZTF25abuoijl.npz,SN Ia,SNI,core,29,14,15,True
ZTF25abuomiz,events/ZTF25abuomiz.npz,SN Ia,SNI,core,44,23,21,True
ZTF25abuopnq,events/ZTF25abuopnq.npz,SN IIP,SNII,core,37,37,0,False
ZTF25abuoqgq,events/ZTF25abuoqgq.npz,SN Ia,SNI,core,58,27,31,True
ZTF25abuorhl,events/ZTF25abuorhl.npz,SN Ia,SNI,core,33,15,18,True
ZTF25abuoxbt,events/ZTF25abuoxbt.npz,SN Ia,SNI,core,2,1,1,False
ZTF25abupdae,events/ZTF25abupdae.npz,SN IIb,SNII,core,58,30,28,True
ZTF25abuqccu,events/ZTF25abuqccu.npz,SN II,SNII,core,22,0,22,False
ZTF25abuqjvk,events/ZTF25abuqjvk.npz,SN Ia,SNI,core,5,2,3,False
ZTF25aburdzc,events/ZTF25aburdzc.npz,SN Ia,SNI,core,41,15,26,True
ZTF25abusgsz,events/ZTF25abusgsz.npz,SN Ia,SNI,core,28,12,16,True
ZTF25abuvlkk,events/ZTF25abuvlkk.npz,SN Ia,SNI,core,28,14,14,True
ZTF25abuvoav,events/ZTF25abuvoav.npz,SN Ia-91T,SNI,core,58,26,32,True
ZTF25abuvora,events/ZTF25abuvora.npz,SN Ia-91bg,SNI,core,3,2,1,False
ZTF25abuvsvz,events/ZTF25abuvsvz.npz,SN II,SNII,core,18,6,12,True
ZTF25abuvvga,events/ZTF25abuvvga.npz,SN II,SNII,core,8,2,6,True
ZTF25abuvvtw,events/ZTF25abuvvtw.npz,SN Ia,SNI,core,14,6,8,True
ZTF25abuvxsy,events/ZTF25abuvxsy.npz,SN Ia,SNI,core,31,12,19,True
ZTF25abuzfte,events/ZTF25abuzfte.npz,SN Ia,SNI,core,31,15,16,True
ZTF25abvbczt,events/ZTF25abvbczt.npz,SN II,SNII,core,58,29,29,True
ZTF25abvbjre,events/ZTF25abvbjre.npz,SN Ic,SNI,core,39,17,22,True
ZTF25abvcnay,events/ZTF25abvcnay.npz,SN Ic,SNI,core,23,11,12,True
ZTF25abvcnys,events/ZTF25abvcnys.npz,SN Ia,SNI,core,17,9,8,True
ZTF25abvejtn,events/ZTF25abvejtn.npz,SN Ia,SNI,core,53,27,26,True
ZTF25abvepyj,events/ZTF25abvepyj.npz,SN Ia,SNI,core,40,12,28,True
ZTF25abvmqke,events/ZTF25abvmqke.npz,SN Ia,SNI,core,23,11,12,True
ZTF25abvnrxq,events/ZTF25abvnrxq.npz,SN Ia,SNI,core,72,20,52,True
ZTF25abvnryb,events/ZTF25abvnryb.npz,SN II,SNII,core,6,0,6,False
ZTF25abvpmki,events/ZTF25abvpmki.npz,SN Ia,SNI,core,67,32,35,True
ZTF25abvqhcq,events/ZTF25abvqhcq.npz,SN Ia,SNI,core,25,15,10,True
ZTF25abvqjxe,events/ZTF25abvqjxe.npz,SN II,SNII,core,74,27,47,True
ZTF25abvrbqg,events/ZTF25abvrbqg.npz,SN Ia,SNI,core,36,19,17,True
ZTF25abvsiit,events/ZTF25abvsiit.npz,SN Ia,SNI,core,9,9,0,False
ZTF25abvuktq,events/ZTF25abvuktq.npz,SN Ia,SNI,core,59,17,42,True
ZTF25abvuopa,events/ZTF25abvuopa.npz,SN Ia,SNI,core,52,2,50,True
ZTF25abwbvvj,events/ZTF25abwbvvj.npz,SN II,SNII,core,46,0,46,False
ZTF25abwcmab,events/ZTF25abwcmab.npz,SN Ia,SNI,core,14,0,14,False
ZTF25abwcrqw,events/ZTF25abwcrqw.npz,SN Ia,SNI,core,28,14,14,True
ZTF25abweiaq,events/ZTF25abweiaq.npz,SN Ia,SNI,core,33,14,19,True
ZTF25abweqoj,events/ZTF25abweqoj.npz,SN Ic-BL,SNI,core,11,3,8,True
ZTF25abwgpjb,events/ZTF25abwgpjb.npz,SN II,SNII,core,59,26,33,True
ZTF25abwhfuq,events/ZTF25abwhfuq.npz,SN Ia,SNI,core,53,25,28,True
ZTF25abwigqz,events/ZTF25abwigqz.npz,SN II,SNII,core,39,1,38,False
ZTF25abwjmwj,events/ZTF25abwjmwj.npz,SN IIP,SNII,core,30,16,14,True
ZTF25abwjtwc,events/ZTF25abwjtwc.npz,SN IIb,SNII,core,61,29,32,True
ZTF25abwkieo,events/ZTF25abwkieo.npz,SN IIb,SNII,core,51,22,29,True
ZTF25abwkiga,events/ZTF25abwkiga.npz,SN II,SNII,core,63,26,37,True
ZTF25abwkmwj,events/ZTF25abwkmwj.npz,SN Ia,SNI,core,44,19,25,True
ZTF25abwlkls,events/ZTF25abwlkls.npz,SN Ia-91T,SNI,core,29,12,17,True
ZTF25abwlkze,events/ZTF25abwlkze.npz,SN Ia,SNI,core,23,11,12,True
ZTF25abwlocm,events/ZTF25abwlocm.npz,SN II,SNII,core,28,9,19,True
ZTF25abwlscr,events/ZTF25abwlscr.npz,SN Ia,SNI,core,32,14,18,True
ZTF25abwnnkt,events/ZTF25abwnnkt.npz,SN Ia,SNI,core,21,13,8,True
ZTF25abwophe,events/ZTF25abwophe.npz,SN Ib/c,SNI,core,28,10,18,True
ZTF25abwpbqb,events/ZTF25abwpbqb.npz,SN Ia-91T,SNI,core,32,16,16,True
ZTF25abwpmrd,events/ZTF25abwpmrd.npz,SN Ia,SNI,core,34,15,19,True
ZTF25abwqbxp,events/ZTF25abwqbxp.npz,SN Ia,SNI,core,45,21,24,True
ZTF25abwuijx,events/ZTF25abwuijx.npz,SN Ia,SNI,core,11,0,11,False
ZTF25abwvuln,events/ZTF25abwvuln.npz,TDE,TDE,core,39,22,17,True
ZTF25abwwabv,events/ZTF25abwwabv.npz,SN II,SNII,core,41,23,18,True
ZTF25abxcktl,events/ZTF25abxcktl.npz,SN II,SNII,core,99,45,54,True
ZTF25abxdhkl,events/ZTF25abxdhkl.npz,SN Ia,SNI,core,35,14,21,True
ZTF25abxdlzo,events/ZTF25abxdlzo.npz,SN II,SNII,core,38,14,24,True
ZTF25abxdupm,events/ZTF25abxdupm.npz,SN Ia,SNI,core,21,11,10,True
ZTF25abxedzr,events/ZTF25abxedzr.npz,SN Ia,SNI,core,44,21,23,True
ZTF25abxfixs,events/ZTF25abxfixs.npz,SN Ia,SNI,core,19,8,11,True
ZTF25abxfpgs,events/ZTF25abxfpgs.npz,SN Ia,SNI,core,30,17,13,True
ZTF25abxfwqa,events/ZTF25abxfwqa.npz,SN Ia,SNI,core,8,3,5,True
ZTF25abxgmpf,events/ZTF25abxgmpf.npz,SN Ia,SNI,core,22,12,10,True
ZTF25abxhgoi,events/ZTF25abxhgoi.npz,SN Ia,SNI,core,49,24,25,True
ZTF25abxjgzg,events/ZTF25abxjgzg.npz,SN II,SNII,core,48,26,22,True
ZTF25abxjtkv,events/ZTF25abxjtkv.npz,SN IIn,SNII,core,56,28,28,True
ZTF25abxjtsp,events/ZTF25abxjtsp.npz,SN Ia,SNI,core,52,26,26,True
ZTF25abxkwsn,events/ZTF25abxkwsn.npz,SN Ia,SNI,core,22,11,11,True
ZTF25abxlbva,events/ZTF25abxlbva.npz,SN Ia,SNI,core,27,16,11,True
ZTF25abxotzn,events/ZTF25abxotzn.npz,SN Ia,SNI,core,22,9,13,True
ZTF25abxqnqr,events/ZTF25abxqnqr.npz,SN Ia,SNI,core,20,10,10,True
ZTF25abxqslz,events/ZTF25abxqslz.npz,SN IIn,SNII,core,47,25,22,True
ZTF25abxqxhs,events/ZTF25abxqxhs.npz,SN Ia,SNI,core,24,13,11,True
ZTF25abxrfik,events/ZTF25abxrfik.npz,SN Ia,SNI,core,35,18,17,True
ZTF25abxrmqc,events/ZTF25abxrmqc.npz,SN Ia,SNI,core,34,16,18,True
ZTF25abxublf,events/ZTF25abxublf.npz,SN Ia,SNI,core,37,15,22,True
ZTF25abxxkod,events/ZTF25abxxkod.npz,SN II,SNII,core,57,28,29,True
ZTF25abxyxnn,events/ZTF25abxyxnn.npz,SN Ia,SNI,core,25,11,14,True
ZTF25abyakba,events/ZTF25abyakba.npz,SN Ia,SNI,core,29,12,17,True
ZTF25abyevmr,events/ZTF25abyevmr.npz,SN Ic,SNI,core,56,28,28,True
ZTF25abyfbss,events/ZTF25abyfbss.npz,SN Ia,SNI,core,32,15,17,True
ZTF25abyguri,events/ZTF25abyguri.npz,SN Ia,SNI,core,47,24,23,True
ZTF25abyhfpx,events/ZTF25abyhfpx.npz,SN II,SNII,core,20,0,20,False
ZTF25abyhgdc,events/ZTF25abyhgdc.npz,SN Ia,SNI,core,37,7,30,True
ZTF25abyndsj,events/ZTF25abyndsj.npz,SN Ia,SNI,core,23,11,12,True
ZTF25abyobbm,events/ZTF25abyobbm.npz,SN Ia,SNI,core,58,27,31,True
ZTF25abyojpd,events/ZTF25abyojpd.npz,SN Ia,SNI,core,29,13,16,True
ZTF25abyqaky,events/ZTF25abyqaky.npz,SN Ia,SNI,core,37,18,19,True
ZTF25abyzhlr,events/ZTF25abyzhlr.npz,SN Ia,SNI,core,16,8,8,True
ZTF25abzbzom,events/ZTF25abzbzom.npz,SN Ia,SNI,core,26,11,15,True
ZTF25abzkjmj,events/ZTF25abzkjmj.npz,SN Ia,SNI,core,6,0,6,False
ZTF25abzklfa,events/ZTF25abzklfa.npz,SN II,SNII,core,82,35,47,True
ZTF25abzmbay,events/ZTF25abzmbay.npz,SN Ia,SNI,core,30,13,17,True
ZTF25abzmbdb,events/ZTF25abzmbdb.npz,SN Ia,SNI,core,18,9,9,True
ZTF25abzovlx,events/ZTF25abzovlx.npz,SN Ia,SNI,core,27,13,14,True
ZTF25abzqhgf,events/ZTF25abzqhgf.npz,SN Ia,SNI,core,34,18,16,True
ZTF25abzswyh,events/ZTF25abzswyh.npz,SN II,SNII,core,52,22,30,True
ZTF25abztvud,events/ZTF25abztvud.npz,SN II,SNII,core,46,24,22,True
ZTF25abzudli,events/ZTF25abzudli.npz,SN Ic,SNI,core,24,6,18,True
ZTF25abzzfva,events/ZTF25abzzfva.npz,SN Ia,SNI,core,7,2,5,False
ZTF25acadteh,events/ZTF25acadteh.npz,SN Ia,SNI,core,28,12,16,True
ZTF25acafswd,events/ZTF25acafswd.npz,SN Ia,SNI,core,27,13,14,True
ZTF25acahppo,events/ZTF25acahppo.npz,SN Ia,SNI,core,15,9,6,True
ZTF25acakezk,events/ZTF25acakezk.npz,SN Ia,SNI,core,16,9,7,True
ZTF25acamzgr,events/ZTF25acamzgr.npz,SN Ia,SNI,core,46,22,24,True
ZTF25acapnze,events/ZTF25acapnze.npz,SN Ia,SNI,core,10,3,7,True
ZTF25acapohj,events/ZTF25acapohj.npz,SN Ia,SNI,core,17,10,7,True
ZTF25acargjq,events/ZTF25acargjq.npz,SN II,SNII,core,55,26,29,True
ZTF25acaswtp,events/ZTF25acaswtp.npz,SN Ia,SNI,core,16,10,6,True
ZTF25acateof,events/ZTF25acateof.npz,SN Ia,SNI,core,28,14,14,True
ZTF25acatfer,events/ZTF25acatfer.npz,SN Ia,SNI,core,26,14,12,True
ZTF25acauqtp,events/ZTF25acauqtp.npz,SN Ia,SNI,core,32,17,15,True
ZTF25acavlfh,events/ZTF25acavlfh.npz,SN Ia,SNI,core,15,7,8,True
ZTF25acaypgx,events/ZTF25acaypgx.npz,SN Ia,SNI,core,21,10,11,True
ZTF25acayrnp,events/ZTF25acayrnp.npz,SN Ia,SNI,core,37,18,19,True
ZTF25acazvii,events/ZTF25acazvii.npz,SN II,SNII,core,23,12,11,True
ZTF25acbcfzr,events/ZTF25acbcfzr.npz,SN II,SNII,core,67,34,33,True
ZTF25acbduge,events/ZTF25acbduge.npz,SN Ia,SNI,core,27,11,16,True
ZTF25acbeqrz,events/ZTF25acbeqrz.npz,SN Ia,SNI,core,18,6,12,True
ZTF25acberoe,events/ZTF25acberoe.npz,SN II,SNII,core,37,5,32,True
ZTF25acblpes,events/ZTF25acblpes.npz,SN II,SNII,core,36,18,18,True
ZTF25acbsugc,events/ZTF25acbsugc.npz,SN Ia,SNI,core,37,17,20,True
ZTF25acbxksi,events/ZTF25acbxksi.npz,SN Ia,SNI,core,21,11,10,True
ZTF25acbxwck,events/ZTF25acbxwck.npz,SN II,SNII,core,32,12,20,True
ZTF25acbyhbm,events/ZTF25acbyhbm.npz,SN II,SNII,core,8,4,4,True
ZTF25acbyjof,events/ZTF25acbyjof.npz,SN Ia,SNI,core,2,1,1,False
ZTF25acbyjyq,events/ZTF25acbyjyq.npz,SN Ia,SNI,core,2,1,1,False
ZTF25acbypmg,events/ZTF25acbypmg.npz,SN Ia,SNI,core,27,12,15,True
ZTF25acbyrqc,events/ZTF25acbyrqc.npz,SN Ia,SNI,core,34,17,17,True
ZTF25acbzkov,events/ZTF25acbzkov.npz,SN Ic,SNI,core,6,2,4,False
ZTF25accaqyn,events/ZTF25accaqyn.npz,SN Ia,SNI,core,13,5,8,True
ZTF25accgpkr,events/ZTF25accgpkr.npz,SN Ia,SNI,core,22,12,10,True
ZTF25acchxhv,events/ZTF25acchxhv.npz,SN II,SNII,core,97,26,61,True
ZTF25accmunu,events/ZTF25accmunu.npz,SN Ic,SNI,core,24,6,18,True
ZTF25accsisb,events/ZTF25accsisb.npz,SN Ia,SNI,core,39,17,22,True
ZTF25acctbaz,events/ZTF25acctbaz.npz,SN IIb,SNII,core,58,19,39,True
ZTF25accwqaq,events/ZTF25accwqaq.npz,SN Ia,SNI,core,23,11,12,True
ZTF25acczblu,events/ZTF25acczblu.npz,SN Ia,SNI,core,18,6,12,True
ZTF25acczido,events/ZTF25acczido.npz,SN Ia,SNI,core,27,14,13,True
ZTF25acdbsrg,events/ZTF25acdbsrg.npz,SN Ia,SNI,core,34,15,19,True
ZTF25acdceqb,events/ZTF25acdceqb.npz,SN Ia,SNI,core,52,27,25,True
ZTF25acdcysh,events/ZTF25acdcysh.npz,SN Ia,SNI,core,34,18,16,True
ZTF25acddazz,events/ZTF25acddazz.npz,SN Ia,SNI,core,27,13,14,True
ZTF25acdesme,events/ZTF25acdesme.npz,SN Ia,SNI,core,28,12,16,True
ZTF25acdgvbx,events/ZTF25acdgvbx.npz,SN Ia,SNI,core,35,21,14,True
ZTF25acdgvvd,events/ZTF25acdgvvd.npz,SN Ia,SNI,core,24,9,15,True
ZTF25acdheca,events/ZTF25acdheca.npz,SN II,SNII,core,66,32,34,True
ZTF25acdjiob,events/ZTF25acdjiob.npz,SN Ia,SNI,core,33,15,18,True
ZTF25acdqaff,events/ZTF25acdqaff.npz,SN Ia,SNI,core,14,4,10,True
ZTF25acdqtea,events/ZTF25acdqtea.npz,SN Ia,SNI,core,24,10,14,True
ZTF25acdxdbq,events/ZTF25acdxdbq.npz,SN Ia,SNI,core,15,6,9,True
ZTF25aceeneu,events/ZTF25aceeneu.npz,SN IIb,SNII,core,18,4,14,True
ZTF25acefezu,events/ZTF25acefezu.npz,SN II,SNII,core,26,7,19,True
ZTF25acegaon,events/ZTF25acegaon.npz,SN II,SNII,core,43,8,35,True
ZTF25acegczg,events/ZTF25acegczg.npz,SN II,SNII,core,46,21,25,True
ZTF25acegldm,events/ZTF25acegldm.npz,SN II,SNII,core,45,23,22,True
ZTF25aceglik,events/ZTF25aceglik.npz,SN Ia,SNI,core,26,13,13,True
ZTF25aceglpp,events/ZTF25aceglpp.npz,SN II,SNII,core,48,21,27,True
ZTF25acegmcy,events/ZTF25acegmcy.npz,SN II,SNII,core,30,13,17,True
ZTF25acegnss,events/ZTF25acegnss.npz,SN Ia,SNI,core,7,4,3,False
ZTF25acegnts,events/ZTF25acegnts.npz,SN Ia,SNI,core,12,12,0,False
ZTF25acehbsy,events/ZTF25acehbsy.npz,SN Ia,SNI,core,19,9,10,True
ZTF25acehjpc,events/ZTF25acehjpc.npz,SN Ia,SNI,core,42,19,23,True
ZTF25aceilra,events/ZTF25aceilra.npz,SN Ia,SNI,core,29,14,15,True
ZTF25aceixir,events/ZTF25aceixir.npz,SN Ia,SNI,core,29,13,16,True
ZTF25aceiycd,events/ZTF25aceiycd.npz,SN Ia,SNI,core,53,22,31,True
ZTF25acejaxg,events/ZTF25acejaxg.npz,SN Ia,SNI,core,24,12,12,True
ZTF25acejtgf,events/ZTF25acejtgf.npz,SN Ia,SNI,core,10,0,10,False
ZTF25acekiok,events/ZTF25acekiok.npz,SN Ia,SNI,core,22,12,10,True
ZTF25acelamc,events/ZTF25acelamc.npz,SN Ia,SNI,core,26,13,13,True
ZTF25acellum,events/ZTF25acellum.npz,SN Ia,SNI,core,19,9,10,True
ZTF25acelvvz,events/ZTF25acelvvz.npz,SN Ia,SNI,core,33,15,18,True
ZTF25acelzgr,events/ZTF25acelzgr.npz,SN Ia,SNI,core,42,7,35,True
ZTF25acembpx,events/ZTF25acembpx.npz,SN Ia,SNI,core,15,4,11,True
ZTF25acemdgn,events/ZTF25acemdgn.npz,SN Ia,SNI,core,31,8,23,True
ZTF25aceneuf,events/ZTF25aceneuf.npz,SN Ia,SNI,core,12,5,7,True
ZTF25aceolpx,events/ZTF25aceolpx.npz,SN II,SNII,core,37,14,23,True
ZTF25aceopyo,events/ZTF25aceopyo.npz,SN Ib,SNI,core,8,4,4,True
ZTF25acepqhk,events/ZTF25acepqhk.npz,SN Ia,SNI,core,21,7,14,True
ZTF25acepuxi,events/ZTF25acepuxi.npz,SN Ia,SNI,core,34,15,19,True
ZTF25acepwip,events/ZTF25acepwip.npz,SN Ia,SNI,core,48,22,26,True
ZTF25acerukf,events/ZTF25acerukf.npz,SN IIn,SNII,core,18,8,10,True
ZTF25acevirm,events/ZTF25acevirm.npz,SN Ia,SNI,core,28,13,15,True
ZTF25acewrgw,events/ZTF25acewrgw.npz,SN Ia,SNI,core,14,6,8,True
ZTF25acfcmnb,events/ZTF25acfcmnb.npz,SN II,SNII,core,24,13,11,True
ZTF25acffkdr,events/ZTF25acffkdr.npz,SN II,SNII,core,58,23,31,True
ZTF25acffprp,events/ZTF25acffprp.npz,SN Ia,SNI,core,24,9,15,True
ZTF25acfgjhk,events/ZTF25acfgjhk.npz,SN Ia,SNI,core,12,5,7,True
ZTF25acfgklb,events/ZTF25acfgklb.npz,SN Ia,SNI,core,66,33,33,True
ZTF25acfgool,events/ZTF25acfgool.npz,SN Ia,SNI,core,27,0,27,False
ZTF25acfgotd,events/ZTF25acfgotd.npz,SN II,SNII,core,61,16,38,True
ZTF25acfhaoj,events/ZTF25acfhaoj.npz,SN Ia,SNI,core,11,5,6,True
ZTF25acfhiob,events/ZTF25acfhiob.npz,SN Ia,SNI,core,30,13,17,True
ZTF25acfjqjb,events/ZTF25acfjqjb.npz,SN Ia,SNI,core,35,15,20,True
ZTF25acfkgdg,events/ZTF25acfkgdg.npz,SN Ia,SNI,core,44,20,24,True
ZTF25acfkoue,events/ZTF25acfkoue.npz,SN Ic,SNI,core,23,8,15,True
ZTF25acfkvbq,events/ZTF25acfkvbq.npz,SN Ia,SNI,core,30,14,16,True
ZTF25acfokdq,events/ZTF25acfokdq.npz,SN Ia,SNI,core,23,8,15,True
ZTF25acfqlwu,events/ZTF25acfqlwu.npz,SN Ia,SNI,core,6,3,3,False
ZTF25acfswkq,events/ZTF25acfswkq.npz,SN II,SNII,core,25,10,15,True
ZTF25acftcra,events/ZTF25acftcra.npz,SN II,SNII,core,11,6,5,True
ZTF25acfvldo,events/ZTF25acfvldo.npz,CV,CV,core,6,3,3,False
ZTF25acfwfen,events/ZTF25acfwfen.npz,SN II,SNII,core,32,8,24,True
ZTF25acfwghk,events/ZTF25acfwghk.npz,SN Ia,SNI,core,13,0,13,False
ZTF25acfwklu,events/ZTF25acfwklu.npz,SN II,SNII,core,16,9,7,True
ZTF25acfwksj,events/ZTF25acfwksj.npz,SN Ia,SNI,core,11,6,5,True
ZTF25acfwpoa,events/ZTF25acfwpoa.npz,SN Ia,SNI,core,37,16,21,True
ZTF25acfwyhj,events/ZTF25acfwyhj.npz,SN Ia,SNI,core,45,20,25,True
ZTF25acfxafr,events/ZTF25acfxafr.npz,SN Ia,SNI,core,39,17,22,True
ZTF25acfxgpq,events/ZTF25acfxgpq.npz,SN Ia,SNI,core,25,14,11,True
ZTF25acfxvcu,events/ZTF25acfxvcu.npz,SN II,SNII,core,22,11,11,True
ZTF25acfxytw,events/ZTF25acfxytw.npz,SN Ia,SNI,core,17,12,5,True
ZTF25acfzcip,events/ZTF25acfzcip.npz,SN Ic-BL,SNI,core,20,7,13,True
ZTF25acgaiba,events/ZTF25acgaiba.npz,SN Ia,SNI,core,29,14,15,True
ZTF25acgatak,events/ZTF25acgatak.npz,SN Ia,SNI,core,15,7,8,True
ZTF25acgaueu,events/ZTF25acgaueu.npz,SN Ia,SNI,core,9,5,4,True
ZTF25acgavba,events/ZTF25acgavba.npz,SN Ic-BL,SNI,core,8,0,8,False
ZTF25acgbahf,events/ZTF25acgbahf.npz,SN Ia,SNI,core,61,29,28,True
ZTF25acgbetk,events/ZTF25acgbetk.npz,SN Ia,SNI,core,7,3,4,False
ZTF25acgcdtb,events/ZTF25acgcdtb.npz,SN Ia,SNI,core,27,12,15,True
ZTF25acgchna,events/ZTF25acgchna.npz,SN Ia,SNI,core,30,15,15,True
ZTF25acgcivx,events/ZTF25acgcivx.npz,SN Ia,SNI,core,16,0,16,False
ZTF25acgclhz,events/ZTF25acgclhz.npz,SN II,SNII,core,21,8,13,True
ZTF25acgctjf,events/ZTF25acgctjf.npz,SN Ia,SNI,core,19,6,13,True
ZTF25acgcuie,events/ZTF25acgcuie.npz,SN II,SNII,core,8,0,8,False
ZTF25acgdelc,events/ZTF25acgdelc.npz,SN Ia,SNI,core,39,17,21,True
ZTF25acgdfwz,events/ZTF25acgdfwz.npz,SN Ib/c,SNI,core,35,14,21,True
ZTF25acgeibe,events/ZTF25acgeibe.npz,SN Ia,SNI,core,14,6,8,True
ZTF25acgeyus,events/ZTF25acgeyus.npz,SN Ia,SNI,core,18,7,11,True
ZTF25acgfdia,events/ZTF25acgfdia.npz,SN Ia,SNI,core,18,8,10,True
ZTF25acgfiwd,events/ZTF25acgfiwd.npz,SN Ia,SNI,core,53,25,26,True
ZTF25acgfkka,events/ZTF25acgfkka.npz,SN II,SNII,core,7,4,3,False
ZTF25acgfksh,events/ZTF25acgfksh.npz,SN Ia,SNI,core,18,8,10,True
ZTF25acgggyl,events/ZTF25acgggyl.npz,SN IIn,SNII,core,36,18,18,True
ZTF25acggpbd,events/ZTF25acggpbd.npz,SN IIn,SNII,core,26,13,13,True
ZTF25acgklik,events/ZTF25acgklik.npz,SN II,SNII,core,34,11,15,True
ZTF25acglaha,events/ZTF25acglaha.npz,SN Ia,SNI,core,18,9,9,True
ZTF25acglarj,events/ZTF25acglarj.npz,SN Ia,SNI,core,21,10,11,True
ZTF25acgmdbm,events/ZTF25acgmdbm.npz,SN Ia,SNI,core,27,13,14,True
ZTF25acgmisi,events/ZTF25acgmisi.npz,SN Ia,SNI,core,16,5,11,True
ZTF25acgmrgz,events/ZTF25acgmrgz.npz,SN Ia,SNI,core,17,8,9,True
ZTF25acgngdl,events/ZTF25acgngdl.npz,SN Ia,SNI,core,8,4,4,True
ZTF25acgnldr,events/ZTF25acgnldr.npz,SN Ia,SNI,core,22,10,12,True
ZTF25acgnqom,events/ZTF25acgnqom.npz,SN Ia,SNI,core,16,9,7,True
ZTF25acgohkl,events/ZTF25acgohkl.npz,SN Ia,SNI,core,23,11,12,True
ZTF25acgorke,events/ZTF25acgorke.npz,SN IIn,SNII,core,27,13,14,True
ZTF25acgoxlz,events/ZTF25acgoxlz.npz,SN Ia,SNI,core,29,12,17,True
ZTF25acgprsb,events/ZTF25acgprsb.npz,SN Ia,SNI,core,18,6,12,True
ZTF25acgqfpt,events/ZTF25acgqfpt.npz,SN II,SNII,core,34,20,14,True
ZTF25acgqfpv,events/ZTF25acgqfpv.npz,SN Ia,SNI,core,11,6,5,True
ZTF25acgqggy,events/ZTF25acgqggy.npz,SN Ia-91T,SNI,core,45,21,24,True
ZTF25acgqgrv,events/ZTF25acgqgrv.npz,SN Ia,SNI,core,10,7,3,True
ZTF25acgqhjx,events/ZTF25acgqhjx.npz,SN Ia-91T,SNI,core,44,21,23,True
ZTF25acgqhry,events/ZTF25acgqhry.npz,SN Ia,SNI,core,20,10,10,True
ZTF25acgqich,events/ZTF25acgqich.npz,SN Ia,SNI,core,17,7,10,True
ZTF25acgsnst,events/ZTF25acgsnst.npz,SN Ia,SNI,core,63,26,37,True
ZTF25acgsoal,events/ZTF25acgsoal.npz,SN Ia,SNI,core,53,24,29,True
ZTF25acgsxcb,events/ZTF25acgsxcb.npz,SN Ia,SNI,core,49,23,26,True
ZTF25acgtjkh,events/ZTF25acgtjkh.npz,SN II,SNII,core,76,17,50,True
ZTF25acgxbpg,events/ZTF25acgxbpg.npz,SN Ia,SNI,core,40,13,27,True
ZTF25acgxfng,events/ZTF25acgxfng.npz,SN Ia,SNI,core,18,9,9,True
ZTF25acgyaed,events/ZTF25acgyaed.npz,SN Ia,SNI,core,79,33,35,True
ZTF25acgytsy,events/ZTF25acgytsy.npz,SN Ia,SNI,core,14,8,6,True
ZTF25acgyzdb,events/ZTF25acgyzdb.npz,SN Ia,SNI,core,16,8,8,True
ZTF25acgztnh,events/ZTF25acgztnh.npz,SN Ia,SNI,core,21,10,11,True
ZTF25achhduc,events/ZTF25achhduc.npz,SN Ia,SNI,core,24,11,13,True
ZTF25achiqqs,events/ZTF25achiqqs.npz,SN Ia,SNI,core,62,25,37,True
ZTF25achktzx,events/ZTF25achktzx.npz,SN Ib/c,SNI,core,9,2,7,True
ZTF25achlrsy,events/ZTF25achlrsy.npz,SN Ic,SNI,core,14,7,7,True
ZTF25achvrzd,events/ZTF25achvrzd.npz,SN Ia,SNI,core,71,31,38,True
ZTF25achwsgj,events/ZTF25achwsgj.npz,SN IIn,SNII,core,61,31,30,True
ZTF25achxmlx,events/ZTF25achxmlx.npz,SN Ia,SNI,core,16,4,12,True
ZTF25achxzkb,events/ZTF25achxzkb.npz,SN Ia,SNI,core,14,8,6,True
ZTF25acibrgc,events/ZTF25acibrgc.npz,SN Ia,SNI,core,21,7,14,True
ZTF25acidxig,events/ZTF25acidxig.npz,SN Ia,SNI,core,11,4,7,True
ZTF25acieizv,events/ZTF25acieizv.npz,SN Ia,SNI,core,11,6,5,True
ZTF25aciguje,events/ZTF25aciguje.npz,SN Ia,SNI,core,23,10,13,True
ZTF25acikmpq,events/ZTF25acikmpq.npz,SN Ia,SNI,core,25,10,15,True
ZTF25acilyrg,events/ZTF25acilyrg.npz,SN Ia,SNI,core,42,29,11,True
ZTF25acinfar,events/ZTF25acinfar.npz,SN Ia,SNI,core,25,12,13,True
ZTF25acinfdh,events/ZTF25acinfdh.npz,SN II,SNII,core,97,37,39,True
ZTF25acinunl,events/ZTF25acinunl.npz,SN Ia,SNI,core,17,10,7,True
ZTF25aciofxo,events/ZTF25aciofxo.npz,SN Ia,SNI,core,21,7,14,True
ZTF25aciomvg,events/ZTF25aciomvg.npz,SN Ia,SNI,core,24,11,13,True
ZTF25acipypu,events/ZTF25acipypu.npz,SN Ib,SNI,core,9,2,7,True
ZTF25acitiuq,events/ZTF25acitiuq.npz,SN Ia,SNI,core,221,79,87,True
ZTF25acivwpw,events/ZTF25acivwpw.npz,SN Ia,SNI,core,10,3,7,True
ZTF25aciwvaj,events/ZTF25aciwvaj.npz,SN Ia,SNI,core,32,0,24,False
ZTF25acjddvq,events/ZTF25acjddvq.npz,SN Ia,SNI,core,19,8,11,True
ZTF25acjmhbr,events/ZTF25acjmhbr.npz,SN Ia-91T,SNI,core,23,7,16,True
ZTF25acjnfef,events/ZTF25acjnfef.npz,SN Ia-91bg,SNI,core,40,18,22,True
ZTF25acjpdld,events/ZTF25acjpdld.npz,SN Ia,SNI,core,18,10,8,True
ZTF25acjpvvr,events/ZTF25acjpvvr.npz,SN Ia,SNI,core,65,21,26,True
ZTF25acjpvvv,events/ZTF25acjpvvv.npz,SN Ia,SNI,core,20,7,13,True
ZTF25acjpwla,events/ZTF25acjpwla.npz,SN Ia,SNI,core,18,6,12,True
ZTF25acjtaqb,events/ZTF25acjtaqb.npz,SN Ia,SNI,core,17,5,12,True
ZTF25acjthqu,events/ZTF25acjthqu.npz,SN Ia,SNI,core,35,17,18,True
ZTF25ackdapv,events/ZTF25ackdapv.npz,SN Ia,SNI,core,44,22,22,True
ZTF25ackmpgh,events/ZTF25ackmpgh.npz,SN Ia,SNI,core,15,9,6,True
ZTF25ackrgcs,events/ZTF25ackrgcs.npz,SN Ia,SNI,core,25,14,11,True
ZTF25acktnvu,events/ZTF25acktnvu.npz,SN Ia,SNI,core,24,11,13,True
ZTF25ackwqbt,events/ZTF25ackwqbt.npz,SN Ia,SNI,core,19,9,10,True
ZTF25ackwrun,events/ZTF25ackwrun.npz,SN Ia,SNI,core,20,10,10,True
ZTF25ackyfnb,events/ZTF25ackyfnb.npz,SN IIb,SNII,core,20,8,12,True
ZTF25ackyhla,events/ZTF25ackyhla.npz,SN Ia,SNI,core,12,5,7,True
ZTF25ackyjjn,events/ZTF25ackyjjn.npz,SN Ia,SNI,core,17,7,10,True
ZTF25ackykha,events/ZTF25ackykha.npz,SN Ia,SNI,core,5,1,4,False
ZTF25ackyyzk,events/ZTF25ackyyzk.npz,SN Ia,SNI,core,42,4,38,True
ZTF25ackzsok,events/ZTF25ackzsok.npz,SN Ia,SNI,core,19,9,10,True
ZTF25aclcowb,events/ZTF25aclcowb.npz,SN Ia,SNI,core,28,11,16,True
ZTF25acldfsf,events/ZTF25acldfsf.npz,SN Ia,SNI,core,113,41,43,True
ZTF25acldgpg,events/ZTF25acldgpg.npz,SN Ia,SNI,core,21,11,10,True
ZTF26aaaaary,events/ZTF26aaaaary.npz,SN Ia,SNI,core,17,8,9,True
ZTF26aaaadal,events/ZTF26aaaadal.npz,SN Ia-91T,SNI,core,13,7,6,True
ZTF26aaabexn,events/ZTF26aaabexn.npz,SN II,SNII,core,34,14,17,True
ZTF26aajqkrx,events/ZTF26aajqkrx.npz,SN Ic,SNI,core,28,0,28,False
ZTF26aaoebni,events/ZTF26aaoebni.npz,TDE,TDE,core,63,17,20,True
