obj_id,pos_sep,pos_g,pos_r,pos_i,pos_gr,pos_ri,pos_star,pos_ndet,status
ZTF22abzhahz,,,,,,,,,empty
ZTF23aaqmveu,,,,,,,,,empty
ZTF18adazbol,0.07319386332401068,19.475500106811523,18.586200714111328,18.236600875854492,0.8892993927001953,0.34959983825683594,0.0,75.0,ok
ZTF18aaqfziz,,,,,,,,,empty
ZTF25acctbaz,1.1473864950252304,20.043899536132812,18.819799423217773,19.18280029296875,1.224100112915039,-0.36300086975097656,0.0,5.0,ok
ZTF24aasvscv,,,,,,,,,empty
ZTF19acvdzfq,1.2333443615336548,19.484800338745117,18.965999603271484,18.422800064086914,0.5188007354736328,0.5431995391845703,0.0,58.0,ok
ZTF24aauuovk,0.630235938756129,18.886199951171875,17.991100311279297,17.560800552368164,0.8950996398925781,0.4302997589111328,0.0,87.0,ok
ZTF21aagtoic,,,,,,,,,empty
ZTF20aascwar,,,,,,,,,empty
ZTF19aakiwxx,,,,,,,,,empty
ZTF24aafnwpr,,,,,,,,,empty
ZTF25abxotzn,1.4867817784492685,,,18.741300582885742,,,,2.0,ok
ZTF24abtalyw,,,,,,,,,empty
ZTF24abmvicj,0.7414333914993473,19.34040069580078,19.285499572753906,,0.054901123046875,,,14.0,ok
ZTF21aalrkqr,0.08757489344623207,19.96649932861328,19.62470054626465,19.163999557495117,0.3417987823486328,0.46070098876953125,0.0,68.0,ok
ZTF19acjfhom,1.2089311716444262,20.4060001373291,20.179399490356445,19.709400177001953,0.22660064697265625,0.4699993133544922,0.0,13.0,ok
ZTF20acgremo,0.24822935018355685,17.443500518798828,16.617399215698242,16.174299240112305,0.8261013031005859,0.4430999755859375,0.0,56.0,ok
ZTF22aakbzzl,1.0284056412563394,21.499799728393555,20.95599937438965,20.515199661254883,0.5438003540039062,0.4407997131347656,0.0,65.0,ok
ZTF21aagmqic,,,,,,,,,empty
ZTF21aajfpwk,,,,,,,,,empty
ZTF23aavugvk,,,,,,,,,empty
ZTF22aaafbrd,,,,,,,,,empty
ZTF21abmdgyx,,,,,,,,,empty
ZTF21abhtaiv,0.3142260967865337,19.127500534057617,18.655899047851562,18.280099868774414,0.4716014862060547,0.37579917907714844,0.0,87.0,ok
ZTF18achmxsx,,,,,,,,,empty
ZTF21abhrmrv,0.6511601871130758,,21.486299514770508,,,,,2.0,ok
ZTF22abyivoq,,,,,,,,,empty
ZTF25aajsaas,,,,,,,,,empty
ZTF23aavmcbq,0.2895133188326058,20.199399948120117,20.314199447631836,19.983400344848633,-0.11479949951171875,0.3307991027832031,0.0,55.0,ok
ZTF24aautbcb,0.12654117302622322,18.800199508666992,19.815399169921875,18.475099563598633,-1.0151996612548828,1.3402996063232422,0.0,7.0,ok
ZTF23aacceix,0.17334067571455475,19.854000091552734,19.831199645996094,19.145999908447266,0.022800445556640625,0.6851997375488281,0.0,41.0,ok
ZTF25abihgig,1.12403516438463,18.228700637817383,17.683900833129883,17.282100677490234,0.5447998046875,0.40180015563964844,0.0,71.0,ok
ZTF24abefrsz,1.1086182806975744,,19.869199752807617,,,,,2.0,ok
ZTF18acbzvpg,,,,,,,,,empty
ZTF18abltdkd,,,,,,,,,empty
ZTF19acqehbt,,,,,,,,,empty
ZTF20aaaxerd,0.9432485866672276,19.605300903320312,19.202699661254883,19.04129981994629,0.4026012420654297,0.16139984130859375,0.0,65.0,ok
ZTF19aakljys,0.6392624629764319,18.95490074157715,,18.183300018310547,,,0.0,4.0,ok
ZTF23abrqzjb,,,,,,,,,empty
ZTF25aajfyvr,1.059138764510478,19.99370002746582,19.89430046081543,19.732500076293945,0.09939956665039062,0.16180038452148438,0.0,71.0,ok
ZTF23abfglcy,0.6252817865677598,,,,,,,2.0,ok
ZTF21aakildf,,,,,,,,,empty
ZTF20abvtybi,,,,,,,,,empty
ZTF24ablvhhd,,,,,,,,,empty
ZTF18absdxpk,,,,,,,,,empty
ZTF19abvgnxg,0.20741813395388164,19.02440071105957,18.747800827026367,18.43600082397461,0.2765998840332031,0.3118000030517578,0.0,61.0,ok
ZTF20acogywb,,,,,,,,,empty
ZTF19abylcik,0.29773705290979063,21.074600219726562,20.912799835205078,20.409299850463867,0.16180038452148438,0.5034999847412109,0.0,17.0,ok
ZTF25abzyzac,,,,,,,,,empty
ZTF22aahhgue,0.3366606432041132,21.13990020751953,20.914899826049805,20.773399353027344,0.22500038146972656,0.14150047302246094,0.0,77.0,ok
ZTF24aaypock,0.6060094731725135,,18.649200439453125,,,,,6.0,ok
ZTF19aafljiq,0.28359367700190574,20.95039939880371,20.878799438476562,20.400100708007812,0.07159996032714844,0.47869873046875,0.0,47.0,ok
ZTF25abupdae,0.7058141672360101,,,,,,,3.0,ok
ZTF19aalafip,,,,,,,,,empty
ZTF22aagyuao,0.01598604260444199,19.22330093383789,18.40559959411621,18.09869956970215,0.8177013397216797,0.3069000244140625,0.0,79.0,ok
ZTF25aatclux,0.4070135217876474,19.598400115966797,19.433000564575195,19.18549919128418,0.16539955139160156,0.24750137329101562,0.0,81.0,ok
ZTF19aakpfax,1.0223080320148452,,,18.882200241088867,,,0.0,2.0,ok
ZTF20aajjxwc,,,,,,,,,empty
ZTF25abwlkze,,,,,,,,,empty
ZTF21abowsub,0.7569311383668491,19.454200744628906,,19.985300064086914,,,0.0,2.0,ok
ZTF21abqvykn,0.8372224229598986,21.868000030517578,21.70400047302246,21.332500457763672,0.1639995574951172,0.37150001525878906,0.0,37.0,ok
ZTF18abhqdpv,1.229123537382503,18.32080078125,18.019500732421875,17.716299057006836,0.301300048828125,0.30320167541503906,0.0,66.0,ok
ZTF25aatqacd,,,,,,,,,empty
ZTF18aczergg,0.04554477748794192,18.612300872802734,18.23710060119629,18.131799697875977,0.3752002716064453,0.1053009033203125,0.0,57.0,ok
ZTF19abzulhk,,,,,,,,,empty
ZTF24abyatmu,,,,,,,,,empty
ZTF24abljlca,0.6812330021717395,19.818199157714844,19.578100204467773,19.24410057067871,0.2400989532470703,0.3339996337890625,0.0,86.0,ok
ZTF23abhzfww,0.34173948726046066,,21.098899841308594,,,,,2.0,ok
ZTF24aaopngg,0.7222182061156747,,,,,,,2.0,ok
ZTF21abuibjs,1.1955717562696864,20.359100341796875,20.01059913635254,19.489200592041016,0.34850120544433594,0.5213985443115234,0.0,55.0,ok
ZTF20aazgtmp,0.8524333211015177,18.915000915527344,18.744400024414062,18.607099533081055,0.17060089111328125,0.1373004913330078,0.0,66.0,ok
ZTF21abdahjc,,,,,,,,,empty
ZTF22aaypvib,0.10172082180851036,19.714500427246094,18.53219985961914,18.29290008544922,1.1823005676269531,0.23929977416992188,0.0,53.0,ok
ZTF22abaxtfy,,,,,,,,,empty
ZTF19aaxqsbn,1.0859381480091306,,,,,,,2.0,ok
ZTF19aboudfp,,,,,,,,,empty
ZTF19aanxrkt,0.6160048315435762,20.546300888061523,20.09749984741211,20.460599899291992,0.44880104064941406,-0.3631000518798828,0.0,59.0,ok
ZTF24abvevzs,,,,,,,,,empty
ZTF19adavzew,0.26905825915053083,20.84749984741211,20.100099563598633,,0.7474002838134766,,,2.0,ok
ZTF24abdirzu,,,,,,,,,empty
ZTF18abxqemv,0.29600627381667766,21.76959991455078,21.794599533081055,21.681499481201172,-0.024999618530273438,0.11310005187988281,,7.0,ok
ZTF25aavguaf,0.5174491930206648,19.82159996032715,19.458999633789062,19.282499313354492,0.36260032653808594,0.1765003204345703,0.0,65.0,ok
ZTF19abzmoov,,,,,,,,,empty
ZTF20aavvzlw,0.9969693661105999,20.04560089111328,,,,,,6.0,ok
ZTF18acxyarg,0.9055356795948142,19.78380012512207,18.863100051879883,19.51650047302246,0.9207000732421875,-0.6534004211425781,0.0,61.0,ok
ZTF21aaqmoof,0.46289859990177346,20.673799514770508,20.259199142456055,20.246999740600586,0.4146003723144531,0.01219940185546875,0.0,7.0,ok
ZTF24aarxtma,0.6330674595540665,20.58289909362793,,20.742900848388672,,,0.0,8.0,ok
ZTF24aagupsf,0.9157765565198365,22.14739990234375,,20.042699813842773,,,0.0,3.0,ok
ZTF18adaldgc,0.07440890753650915,18.49020004272461,18.57539939880371,18.40410041809082,-0.08519935607910156,0.17129898071289062,0.0,72.0,ok
ZTF25abuvlkk,,,,,,,,,empty
ZTF19aakpcfi,,,,,,,,,empty
ZTF20aaormnl,0.10817055521594883,19.585899353027344,19.065399169921875,19.20319938659668,0.5205001831054688,-0.1378002166748047,0.0,82.0,ok
ZTF18aclieva,0.8617563202926724,,16.824800491333008,16.563400268554688,,0.2614002227783203,0.0,4.0,ok
ZTF19abfqhis,,,,,,,,,empty
ZTF20abnbilr,,,,,,,,,empty
ZTF19abpzuzd,0.1803444112901115,,21.707199096679688,,,,,2.0,ok
ZTF24abdakwo,,,,,,,,,empty
ZTF22aavakpj,0.6168341207644974,,20.44809913635254,,,,,3.0,ok
ZTF20aatzwgk,,,,,,,,,empty
ZTF22abpxxil,,,,,,,,,empty
ZTF18abjkryl,,,,,,,,,empty
ZTF19acyitga,,,,,,,,,empty
ZTF25acfwyhj,,,,,,,,,empty
ZTF22aaemvhi,1.2987354429989264,20.785900115966797,20.1914005279541,,0.5944995880126953,,,5.0,ok
ZTF23abjpcza,1.4244324582033772,,21.180999755859375,,,,,2.0,ok
ZTF22abembaz,,,,,,,,,empty
ZTF23aaqcaeo,1.3332735555643929,,,19.97450065612793,,,0.0,2.0,ok
ZTF18acbznkf,0.09241958059020977,19.995800018310547,19.45599937438965,19.189899444580078,0.5398006439208984,0.2660999298095703,0.0,83.0,ok
ZTF23aazwytj,,,,,,,,,empty
ZTF23abjfrbi,,,,,,,,,empty
ZTF20achoqvb,,,,,,,,,empty
ZTF20abxyayj,0.1705147928487014,18.368900299072266,18.246400833129883,17.990800857543945,0.12249946594238281,0.2555999755859375,0.0,78.0,ok
ZTF20aafdzfo,0.060009992350388675,,21.86590003967285,,,,,2.0,ok
ZTF21aarzgql,,,,,,,,,empty
ZTF20aatqgeo,0.9496940866177606,,,18.01580047607422,,,0.0,2.0,ok
ZTF18aavohdq,0.16625606960931655,18.140499114990234,17.759899139404297,17.059099197387695,0.3805999755859375,0.7007999420166016,0.0,75.0,ok
ZTF22abveefy,1.2095578656028627,,,17.362199783325195,,,0.0,3.0,ok
ZTF25abxxkod,,,,,,,,,empty
ZTF18aaybfsd,1.2046983330606535,,19.14419937133789,,,,,2.0,ok
ZTF23aadjqvm,,,,,,,,,empty
ZTF22abulusd,,,,,,,,,empty
ZTF21abxowzx,0.33471555929285496,20.979999542236328,20.28700065612793,19.9862003326416,0.6929988861083984,0.3008003234863281,0.0,68.0,ok
ZTF21aaxjiii,0.3179430361380661,18.564800262451172,18.130199432373047,17.54210090637207,0.434600830078125,0.5880985260009766,0.0,46.0,ok
ZTF25aaaalin,,,,,,,,,empty
ZTF23aaftnvx,0.1615180672390373,21.573400497436523,22.20829963684082,21.38520050048828,-0.6348991394042969,0.8230991363525391,0.0,5.0,ok
ZTF23abvbwys,,,,,,,,,empty
ZTF19acyjzbe,,,,,,,,,empty
ZTF21aapvoqy,0.07706501446069451,22.074399948120117,21.909799575805664,21.85919952392578,0.16460037231445312,0.05060005187988281,1.0,16.0,ok
ZTF20acvbcrd,,,,,,,,,empty
ZTF20aacbgvj,,,,,,,,,empty
ZTF19aacwjfb,0.2265828367769736,17.798500061035156,16.988800048828125,16.725799560546875,0.8097000122070312,0.26300048828125,0.0,97.0,ok
ZTF19abgmjtu,0.5106326205329819,19.650400161743164,19.7455997467041,19.403799057006836,-0.0951995849609375,0.3418006896972656,0.0,63.0,ok
ZTF22aarwpcf,,,,,,,,,empty
ZTF21aaabzap,,,,,,,,,empty
ZTF19abitljz,,,,,,,,,empty
ZTF19acfsjcu,1.4253925288667064,,,,,,,2.0,ok
ZTF20aazhzna,,,,,,,,,empty
ZTF21acdbcxy,,,,,,,,,empty
ZTF20aamhocj,,,,,,,,,empty
ZTF23abobwsd,1.3868890707836343,20.349199295043945,20.253000259399414,20.36319923400879,0.09619903564453125,-0.110198974609375,0.0,9.0,ok
ZTF20aavofki,0.579168602058837,,21.415800094604492,21.053499221801758,,0.3623008728027344,0.0,3.0,ok
ZTF20aaurjbj,0.4541544720228543,18.265199661254883,18.403400421142578,18.333599090576172,-0.1382007598876953,0.06980133056640625,0.0,72.0,ok
ZTF25aajobsh,,,,,,,,,empty
ZTF19acjifxp,,,,,,,,,empty
ZTF24aahnefg,0.6573190980150143,19.66189956665039,19.02899932861328,19.013399124145508,0.6329002380371094,0.015600204467773438,0.0,72.0,ok
ZTF21abtfogg,,,,,,,,,empty
ZTF20aappgod,,,,,,,,,empty
ZTF19aaxfcpq,,,,,,,,,empty
ZTF23abayogx,,,,,,,,,empty
ZTF21aaabvit,,,,,,,,,empty
ZTF18adbadqp,0.7102891827149533,21.948699951171875,21.792499542236328,21.45509910583496,0.15620040893554688,0.3374004364013672,0.0,20.0,ok
ZTF25aaxegmh,0.23104943337550843,21.73189926147461,21.59440040588379,21.532899856567383,0.1374988555908203,0.06150054931640625,0.0,34.0,ok
ZTF22abqxkhd,,,,,,,,,empty
ZTF22aadeurv,,,,,,,,,empty
ZTF19aatgwhs,,,,,,,,,empty
ZTF23abnyvka,,,,,,,,,empty
ZTF21aabhqng,,,,,,,,,empty
ZTF19abceftq,0.12436037842197407,18.513099670410156,17.82509994506836,17.33009910583496,0.6879997253417969,0.49500083923339844,0.0,71.0,ok
ZTF23abvgvab,0.6487645395006953,21.47439956665039,20.83009910583496,20.92569923400879,0.6443004608154297,-0.09560012817382812,0.0,18.0,ok
ZTF22abyiqfa,,,,,,,,,empty
ZTF23abgnkrr,,,,,,,,,empty
ZTF22abjrqxz,,,,,,,,,empty
ZTF21aajvukh,,,,,,,,,empty
ZTF25aarxine,,,,,,,,,empty
ZTF23abjpakq,,,,,,,,,empty
ZTF21aaqhqke,0.10350604859088697,19.447799682617188,18.948299407958984,18.676700592041016,0.4995002746582031,0.27159881591796875,0.0,70.0,ok
ZTF25abxfsza,,,,,,,,,empty
ZTF18aajrwju,0.07460841865132221,18.100000381469727,17.67650032043457,17.3794002532959,0.42350006103515625,0.2971000671386719,0.0,53.0,ok
ZTF18acisruf,0.10068045541962202,21.998199462890625,21.678600311279297,21.465099334716797,0.3195991516113281,0.2135009765625,0.0,26.0,ok
ZTF21aabvqlo,,,,,,,,,empty
ZTF22abfwign,0.2733163458756172,20.308700561523438,19.97920036315918,19.69770050048828,0.3295001983642578,0.28149986267089844,0.0,65.0,ok
ZTF23aamgeom,,,,,,,,,empty
ZTF20aczsjzc,,,,,,,,,empty
ZTF19acykaae,1.2014108464271664,21.46470069885254,,,,,,2.0,ok
ZTF22aaabnan,,,,,,,,,empty
ZTF18aayivoq,0.48239897664299963,18.338499069213867,17.55120086669922,17.162599563598633,0.7872982025146484,0.38860130310058594,0.0,85.0,ok
ZTF19abfjjbi,0.19222556093155643,17.71150016784668,17.279800415039062,16.822599411010742,0.4316997528076172,0.4572010040283203,0.0,81.0,ok
ZTF22aaacwcc,,,,,,,,,empty
ZTF22aaambwy,,,,,,,,,empty
ZTF19acykjad,0.24654864657844158,18.91390037536621,18.486600875854492,18.151899337768555,0.42729949951171875,0.3347015380859375,0.0,67.0,ok
ZTF19acbhvgi,0.8480495135009424,21.727399826049805,21.42930030822754,21.185800552368164,0.2980995178222656,0.243499755859375,0.0,28.0,ok
ZTF24aajplyg,,,,,,,,,empty
ZTF19aafltef,0.42129220745851115,15.446399688720703,15.440500259399414,15.130399703979492,0.0058994293212890625,0.3101005554199219,0.0,63.0,ok
ZTF25aaprgjx,,,,,,,,,empty
ZTF23aaatrek,,,,,,,,,empty
ZTF23abbczlg,,,,,,,,,empty
ZTF20actquzl,,,,,,,,,empty
ZTF21aaaokyp,0.06146683805820604,20.641199111938477,20.11090087890625,19.810100555419922,0.5302982330322266,0.3008003234863281,0.0,77.0,ok
ZTF20abzvxyk,0.15405183126570332,19.324800491333008,18.941299438476562,18.467300415039062,0.3835010528564453,0.4739990234375,0.0,77.0,ok
ZTF23aazrbus,,,,,,,,,empty
ZTF19aandjiw,,,,,,,,,empty
ZTF21abufayv,,,,,,,,,empty
ZTF23abjxqwr,0.47778144703689346,18.65880012512207,18.001100540161133,17.923599243164062,0.6576995849609375,0.07750129699707031,0.0,102.0,ok
ZTF20abpuijn,,,,,,,,,empty
ZTF25abwlocm,,,,,,,,,empty
ZTF19abxiqve,1.3025223434319368,,20.47480010986328,19.996599197387695,,0.47820091247558594,0.0,6.0,ok
ZTF25acgxbpg,0.22550544023177524,20.878299713134766,20.183399200439453,19.9862003326416,0.6949005126953125,0.19719886779785156,0.0,49.0,ok
ZTF20abzjcdg,,,,,,,,,empty
ZTF25abuzfte,0.014185173631905943,19.159400939941406,18.58209991455078,18.29669952392578,0.577301025390625,0.285400390625,0.0,80.0,ok
ZTF18abzbkby,,,,,,,,,empty
ZTF18adazgdh,1.2331299232335076,19.67970085144043,19.368799209594727,18.75469970703125,0.3109016418457031,0.6140995025634766,0.0,71.0,ok
ZTF24abzfqtk,,,,,,,,,empty
ZTF24aavttjp,0.8413001708004887,19.384899139404297,18.907699584960938,18.556499481201172,0.4771995544433594,0.3512001037597656,0.0,90.0,ok
ZTF19aanhdwf,,,,,,,,,empty
ZTF19abegxob,,,,,,,,,empty
ZTF21abrzsol,1.3308474246744888,17.563499450683594,16.737899780273438,16.681699752807617,0.8255996704101562,0.05620002746582031,0.0,63.0,ok
ZTF20acauthg,,,,,,,,,empty
ZTF21abvicne,,,,,,,,,empty
ZTF17aaahrni,0.2677567592668086,20.114299774169922,19.643299102783203,,0.47100067138671875,,,4.0,ok
ZTF21aapnlfx,,,,,,,,,empty
ZTF22abyergl,0.4211756913192205,18.467199325561523,19.305599212646484,19.22570037841797,-0.8383998870849609,0.07989883422851562,0.0,16.0,ok
ZTF18abdjmfh,,,,,,,,,empty
ZTF19abdzehg,,,,,,,,,empty
ZTF19acgaxej,,,,,,,,,empty
ZTF23abnrtcb,0.20593421004073872,20.777299880981445,20.72800064086914,20.61039924621582,0.04929924011230469,0.11760139465332031,0.0,67.0,ok
ZTF20actjbaf,1.0351043750082929,20.666099548339844,19.889400482177734,21.034700393676758,0.7766990661621094,-1.1452999114990234,0.0,11.0,ok
ZTF18abrfccm,0.5020750379286328,18.55069923400879,17.872299194335938,17.427400588989258,0.6784000396728516,0.4448986053466797,0.0,82.0,ok
ZTF21acbxtir,1.0925252424614287,20.321800231933594,,,,,,2.0,ok
ZTF23aaqxjta,,,,,,,,,empty
ZTF19aamqlyl,1.1504308062139232,,20.17609977722168,,,,,2.0,ok
ZTF19aatgrxv,1.2015643999294916,20.19059944152832,20.08880043029785,19.67609977722168,0.10179901123046875,0.4127006530761719,0.0,64.0,ok
ZTF22abygkts,,,,,,,,,empty
ZTF21aaaewsb,1.4558892838119155,19.878799438476562,19.44260025024414,19.422399520874023,0.4361991882324219,0.020200729370117188,0.0,78.0,ok
ZTF19aavhzsc,,,,,,,,,empty
ZTF19aazdroc,0.08839444527865047,17.541099548339844,17.63909912109375,17.37150001525879,-0.09799957275390625,0.26759910583496094,0.0,84.0,ok
ZTF25aaurzyo,1.3064128797599235,20.157100677490234,19.781600952148438,19.57040023803711,0.3754997253417969,0.21120071411132812,0.0,79.0,ok
ZTF21abfjlxb,,,,,,,,,empty
ZTF18achaqmd,,,,,,,,,empty
ZTF23aacztqb,,,,,,,,,empty
ZTF23abcdorg,,,,,,,,,empty
ZTF24aaiehwu,,,,,,,,,empty
ZTF25acgfdia,,,,,,,,,empty
ZTF19abqyoxt,0.5896850873176395,,20.52680015563965,,,,,2.0,ok
ZTF22aapenmy,,,,,,,,,empty
ZTF23abjehlx,,,,,,,,,empty
ZTF22aalizik,,,,,,,,,empty
ZTF25acitiuq,,,,,,,,,empty
ZTF24abkjtsn,,,,,,,,,empty
ZTF22abnwpmq,0.7880904219217215,19.964500427246094,,,,,,2.0,ok
ZTF23abauhqr,1.0332448371764489,20.119400024414062,19.89699935913086,19.566099166870117,0.22240066528320312,0.3309001922607422,0.0,91.0,ok
ZTF18acclexy,0.5833048401572389,19.038799285888672,18.159299850463867,17.91699981689453,0.8794994354248047,0.24230003356933594,0.0,82.0,ok
ZTF20aagewqr,,,,,,,,,empty
ZTF19acpmuwu,0.627895609783318,20.4335994720459,20.058799743652344,19.851200103759766,0.3747997283935547,0.20759963989257812,0.0,55.0,ok
ZTF19aauisdr,0.42919825250665533,,20.19969940185547,,,,,2.0,ok
ZTF20abliiex,,,,,,,,,empty
ZTF22abjeeqt,,,,,,,,,empty
ZTF18abcdzyc,0.37550421826401464,18.136899948120117,17.343299865722656,16.979400634765625,0.7936000823974609,0.36389923095703125,0.0,71.0,ok
ZTF24aahggdt,0.719528999752964,20.809200286865234,20.600099563598633,20.346399307250977,0.20910072326660156,0.25370025634765625,0.0,54.0,ok
ZTF18aaroihe,,,,,,,,,empty
ZTF22aauiabm,,,,,,,,,empty
ZTF18abhhnnv,0.7633363429656158,,,19.857900619506836,,,0.0,2.0,ok
ZTF20aciugdl,,,,,,,,,empty
ZTF20aauhbvu,,,,,,,,,empty
ZTF25abtaiij,0.812445261230894,19.907699584960938,19.925199508666992,19.563499450683594,-0.017499923706054688,0.36170005798339844,0.0,71.0,ok
ZTF20aazcnnw,0.28683391180551854,21.4242000579834,21.08650016784668,21.328800201416016,0.33769989013671875,-0.24230003356933594,1.0,32.0,ok
ZTF22aajryew,,,,,,,,,empty
ZTF22aajakms,0.19120263666990292,19.05270004272461,18.757699966430664,18.67840003967285,0.2950000762939453,0.0792999267578125,0.0,83.0,ok
ZTF21abedvkp,,,,,,,,,empty
ZTF19aatgrpm,,,,,,,,,empty
ZTF21acjeegy,,,,,,,,,empty
ZTF24abcubkx,,,,,,,,,empty
ZTF22aavqlzi,,,,,,,,,empty
ZTF23abndgbw,,,,,,,,,empty
ZTF24abxvxpa,,,,,,,,,empty
ZTF20actfoxr,,,,,,,,,empty
ZTF23abffvrm,,,,,,,,,empty
ZTF25aanbnfj,0.2376245438167181,18.875,18.370399475097656,18.864500045776367,0.5046005249023438,-0.49410057067871094,0.0,49.0,ok
ZTF21ablxfwc,,,,,,,,,empty
ZTF21abjciip,,,,,,,,,empty
ZTF23aaejvsg,,,,,,,,,empty
ZTF22aaslkoa,0.3856249058517495,21.434499740600586,21.583200454711914,21.276500701904297,-0.14870071411132812,0.3066997528076172,0.0,11.0,ok
ZTF21aappkns,,,,,,,,,empty
ZTF22absdier,,,,,,,,,empty
ZTF25abghevu,0.5701204303305882,,,19.475200653076172,,,0.0,2.0,ok
ZTF20abpuwxl,,,,,,,,,empty
ZTF25aabzbve,,,,,,,,,empty
ZTF18acbudzo,,,,,,,,,empty
ZTF25aboyusb,,,,,,,,,empty
ZTF19abzqkdz,0.9625684227423088,20.585899353027344,20.173599243164062,19.829999923706055,0.41230010986328125,0.3435993194580078,0.0,66.0,ok
ZTF22abivkuq,,,,,,,,,empty
ZTF19aauhwbp,,,,,,,,,empty
ZTF24absgzvv,0.33376547028845294,20.133800506591797,20.35569953918457,20.925600051879883,-0.22189903259277344,-0.5699005126953125,0.0,6.0,ok
ZTF21abyqrli,,,,,,,,,empty
ZTF21aaabtyq,,,,,,,,,empty
ZTF24aascytf,0.6157111304497954,20.707000732421875,20.802000045776367,20.79990005493164,-0.09499931335449219,0.0020999908447265625,0.0,38.0,ok
ZTF25aafifqa,,,,,,,,,empty
ZTF20aafclqz,0.9655646775048924,19.049699783325195,19.148399353027344,18.864299774169922,-0.09869956970214844,0.2840995788574219,0.0,87.0,ok
ZTF21abpryuv,,,,,,,,,empty
ZTF18acvjnst,,,,,,,,,empty
ZTF18aasxvsg,0.5344647568220563,19.02519989013672,18.4335994720459,18.718000411987305,0.5916004180908203,-0.28440093994140625,0.0,77.0,ok
ZTF20aayrobw,,,,,,,,,empty
ZTF21aaglgcb,,,,,,,,,empty
ZTF24aacivdo,,,,,,,,,empty
ZTF23abkhajf,,,,,,,,,empty
ZTF18acakwsu,,,,,,,,,empty
ZTF23aamgmay,,,,,,,,,empty
ZTF22abkkhao,,,,,,,,,empty
ZTF21abicabp,,,,,,,,,empty
ZTF19achvpik,,,,,,,,,empty
ZTF24abjjeet,,,,,,,,,empty
ZTF22abtnuch,0.35825532978704544,18.383100509643555,17.840099334716797,17.40369987487793,0.5430011749267578,0.4363994598388672,0.0,70.0,ok
ZTF18absqhza,0.29964028761286676,21.334199905395508,,,,,,2.0,ok
ZTF24aatdjua,0.3511517244141288,17.10460090637207,16.19219970703125,15.99839973449707,0.9124011993408203,0.1937999725341797,0.0,77.0,ok
ZTF23aajfere,,,,,,,,,empty
ZTF20acpjcoe,0.1444200661778383,20.822099685668945,20.49139976501465,20.28190040588379,0.3306999206542969,0.20949935913085938,0.0,80.0,ok
ZTF18abpmwfx,0.19035209654480756,21.382099151611328,21.523500442504883,21.630800247192383,-0.1414012908935547,-0.1072998046875,1.0,20.0,ok
ZTF22aajjdkr,,,,,,,,,empty
ZTF19aatihek,,,,,,,,,empty
ZTF19aailepg,,,,,,,,,empty
ZTF21aaxwnlr,,,,,,,,,empty
ZTF24aawhjnm,,,,,,,,,empty
ZTF18aahpbal,0.24407298328391872,17.318899154663086,16.881399154663086,16.257200241088867,0.4375,0.6241989135742188,0.0,70.0,ok
ZTF19acytidb,0.4013959973356533,17.510400772094727,,,,,,2.0,ok
ZTF19abegizf,1.1837729952563751,,19.9906005859375,,,,,2.0,ok
ZTF21aalydkl,,,,,,,,,empty
ZTF23abbaqbs,0.7718724982132027,,,,,,,2.0,ok
ZTF23aawtmcf,,,,,,,,,empty
ZTF22aaoemmz,,,,,,,,,empty
ZTF20aclxbwk,,,,,,,,,empty
ZTF25abjqeok,,,,,,,,,empty
ZTF18abzmujj,0.09371544215724253,21.322399139404297,18.721099853515625,19.00189971923828,2.601299285888672,-0.28079986572265625,1.0,11.0,ok
ZTF21aayrbnn,1.024189449183427,20.72260093688965,20.506999969482422,20.545499801635742,0.21560096740722656,-0.03849983215332031,0.0,50.0,ok
ZTF21aareexg,0.1211821167222786,19.22249984741211,18.438400268554688,17.931299209594727,0.7840995788574219,0.5071010589599609,0.0,73.0,ok
ZTF20aawjbsf,0.5236543154135221,18.583499908447266,18.106599807739258,17.88789939880371,0.4769001007080078,0.21870040893554688,0.0,65.0,ok
ZTF25abxhgoi,1.0226676551344378,,,20.17020034790039,,,0.0,3.0,ok
ZTF23absjgww,,,,,,,,,empty
ZTF25abwpbqb,,,,,,,,,empty
ZTF21abwzpgf,,,,,,,,,empty
ZTF20aabqkxs,,,,,,,,,empty
ZTF25aceixir,0.18742141258917394,21.957399368286133,21.40999984741211,21.491899490356445,0.5473995208740234,-0.08189964294433594,0.0,22.0,ok
ZTF19aavidqf,,,,,,,,,empty
ZTF20abvycao,,,,,,,,,empty
ZTF20aafmdzj,,,,,,,,,empty
ZTF22aahjayr,,,,,,,,,empty
ZTF23abgnvsh,,,,,,,,,empty
ZTF19aabgncx,0.6448071683906256,18.104700088500977,16.92970085144043,16.35810089111328,1.1749992370605469,0.5715999603271484,0.0,61.0,ok
ZTF19aaajarm,0.16889030027680466,17.00480079650879,16.777999877929688,16.369400024414062,0.22680091857910156,0.408599853515625,0.0,81.0,ok
ZTF25abilyro,0.0815594764590918,,21.600000381469727,20.977800369262695,,0.6222000122070312,0.0,12.0,ok
ZTF19aarhhfx,0.4465796203803006,21.319000244140625,,,,,,2.0,ok
ZTF25acfzcip,,,,,,,,,empty
ZTF22abnoofs,0.15785842830104485,17.61039924621582,16.870800018310547,16.41029930114746,0.7395992279052734,0.46050071716308594,0.0,80.0,ok
ZTF23abdshyr,1.326211950251603,,18.967599868774414,,,,,2.0,ok
ZTF23aasrkck,1.2699758356208077,,,20.439899444580078,,,0.0,2.0,ok
ZTF25abbslda,0.8229711329636401,22.105899810791016,21.30660057067871,21.534099578857422,0.7992992401123047,-0.22749900817871094,0.0,8.0,ok
ZTF19acudiph,,,,,,,,,empty
ZTF24abbiqob,,,,,,,,,empty
ZTF20acurrzb,0.19451843483679693,18.608299255371094,18.231199264526367,17.702199935913086,0.37709999084472656,0.5289993286132812,0.0,58.0,ok
ZTF19acqypso,0.500466233218428,18.9419002532959,17.948400497436523,17.71500015258789,0.993499755859375,0.2334003448486328,0.0,48.0,ok
ZTF19acennqf,,,,,,,,,empty
ZTF19acanzwg,,,,,,,,,empty
ZTF22abyrqec,1.1395019610024288,20.7903995513916,,21.567899703979492,,,0.0,2.0,ok
ZTF22abjzweh,0.7814802869993568,19.608699798583984,19.236099243164062,18.63010025024414,0.3726005554199219,0.6059989929199219,0.0,74.0,ok
ZTF25abvcnay,,,,,,,,,empty
ZTF19aaaicmw,0.24690822180718752,17.367900848388672,17.2726993560791,17.245399475097656,0.09520149230957031,0.027299880981445312,0.0,87.0,ok
ZTF18aaivnak,0.4343889348184763,18.60420036315918,17.33810043334961,17.12350082397461,1.2660999298095703,0.214599609375,0.0,60.0,ok
ZTF20aagzqsb,0.36673462211451446,20.321300506591797,19.915199279785156,20.089799880981445,0.4061012268066406,-0.17460060119628906,0.0,39.0,ok
ZTF23aaiwvdh,0.09635611902350573,20.135400772094727,19.871000289916992,19.57379913330078,0.2644004821777344,0.29720115661621094,0.0,68.0,ok
ZTF25accsisb,,,,,,,,,empty
ZTF20abzgegm,0.05538482770390195,21.707799911499023,21.300800323486328,20.817100524902344,0.4069995880126953,0.4836997985839844,1.0,27.0,ok
ZTF19acjnaxa,0.29776984957465913,19.856399536132812,19.31369972229004,19.04129981994629,0.5426998138427734,0.27239990234375,0.0,65.0,ok
ZTF25aaaszhh,,,,,,,,,empty
ZTF19aaozpew,1.4589426560366319,19.950199127197266,20.279399871826172,20.32509994506836,-0.32920074462890625,-0.0457000732421875,0.0,9.0,ok
ZTF20aawqywr,,,,,,,,,empty
ZTF22abjrcte,,,,,,,,,empty
ZTF21aagnqnz,,,,,,,,,empty
ZTF18aaermez,0.44072553378119234,17.407899856567383,16.894500732421875,16.629899978637695,0.5133991241455078,0.2646007537841797,0.0,84.0,ok
ZTF18abmrhom,0.7041963243843532,18.927099227905273,18.057600021362305,17.596200942993164,0.8694992065429688,0.4613990783691406,0.0,66.0,ok
ZTF19acdulhn,,,,,,,,,empty
ZTF21abjaksr,0.6386762013574948,20.833599090576172,20.742799758911133,20.58099937438965,0.09079933166503906,0.16180038452148438,0.0,48.0,ok
ZTF25accwqaq,0.46080372126578534,21.707700729370117,,21.814899444580078,,,0.0,4.0,ok
ZTF21aagolqa,,,,,,,,,empty
ZTF18abskoyh,,,,,,,,,empty
ZTF20aaqepvb,0.4626340489066274,19.332700729370117,18.351900100708008,17.961000442504883,0.9808006286621094,0.390899658203125,0.0,68.0,ok
ZTF22abtdbnx,,,,,,,,,empty
ZTF19acbwjue,,,,,,,,,empty
ZTF20abdsunu,,,,,,,,,empty
ZTF23aaabpao,,,,,,,,,empty
ZTF21aaabubo,,,,,,,,,empty
ZTF20abychpb,,,,,,,,,empty
ZTF18aatiffa,,,,,,,,,empty
ZTF19adcfsad,,,,,,,,,empty
ZTF19acbykmk,1.1032152185531763,21.412500381469727,21.071800231933594,20.862300872802734,0.3407001495361328,0.20949935913085938,0.0,29.0,ok
ZTF25aaplvcd,,,,,,,,,empty
ZTF19acgxbwo,0.987551957476957,19.756099700927734,18.537700653076172,18.227399826049805,1.2183990478515625,0.3103008270263672,0.0,78.0,ok
ZTF22aaafbma,0.2714745466634548,,,,,,,2.0,ok
ZTF20acusqsp,,,,,,,,,empty
ZTF19abvgwvp,,,,,,,,,empty
ZTF20acoxtxr,,,,,,,,,empty
ZTF22aakpwqf,,,,,,,,,empty
ZTF23aagpjyp,,,,,,,,,empty
ZTF19abcejsg,,,,,,,,,empty
ZTF19aclobbu,0.5967152893163487,18.82509994506836,18.494600296020508,18.198200225830078,0.33049964904785156,0.2964000701904297,0.0,59.0,ok
ZTF23aaebopi,,,,,,,,,empty
ZTF24aamiomv,,,,,,,,,empty
ZTF18actacux,,,,,,,,,empty
ZTF19acgmkrt,0.676083599852643,17.98069953918457,17.552499771118164,17.04560089111328,0.42819976806640625,0.5068988800048828,0.0,78.0,ok
ZTF22aaecoej,,,,,,,,,empty
ZTF19abxiqqm,,,,,,,,,empty
ZTF19abfwtkw,,,,,,,,,empty
ZTF22abyohff,,,,,,,,,empty
ZTF20acypdlh,0.20067527221959647,,,,,,,2.0,ok
ZTF25aaggpqs,0.4364891115448134,18.238300323486328,17.62019920349121,17.199800491333008,0.6181011199951172,0.4203987121582031,0.0,60.0,ok
ZTF18abrwwzs,,,,,,,,,empty
ZTF20acnwgtl,0.31454327093821655,19.68589973449707,18.88759994506836,18.350099563598633,0.7982997894287109,0.5375003814697266,0.0,63.0,ok
ZTF23aaiwxqy,0.4447465726172532,18.194000244140625,17.617599487304688,17.4424991607666,0.5764007568359375,0.17510032653808594,0.0,65.0,ok
ZTF23abgvtxr,,,,,,,,,empty
ZTF18acsxvrp,0.9835394926475427,22.09760093688965,,21.523099899291992,,,0.0,2.0,ok
ZTF20abbrptu,0.16904287394997106,21.585500717163086,21.334400177001953,21.013399124145508,0.2511005401611328,0.3210010528564453,0.0,36.0,ok
ZTF24aamtwya,1.3886306220475535,20.89940071105957,21.850500106811523,,-0.9510993957519531,,,2.0,ok
ZTF25acffkdr,,,,,,,,,empty
ZTF19abcfzdy,,,,,,,,,empty
ZTF23aaefqrs,1.2116799306883188,21.46139907836914,,,,,,4.0,ok
ZTF22abqbqty,,,,,,,,,empty
ZTF18abvlchy,,,,,,,,,empty
ZTF23aadwitm,,,,,,,,,empty
ZTF25abiwauq,,,,,,,,,empty
ZTF19abpvbzf,0.4090037071915508,19.492000579833984,19.5674991607666,19.690900802612305,-0.07549858093261719,-0.12340164184570312,0.0,7.0,ok
ZTF19abnoxud,,,,,,,,,empty
ZTF19aarflsx,0.08319644676143492,19.17060089111328,18.494699478149414,18.095399856567383,0.6759014129638672,0.39929962158203125,0.0,66.0,ok
ZTF20abqvsik,,,,,,,,,empty
ZTF21aanyfqu,0.4176793521588997,,19.61210060119629,,,,,2.0,ok
ZTF24aamtvxb,,,,,,,,,empty
ZTF18adathpb,,,,,,,,,empty
ZTF19acygjmg,0.7412261119973663,,,,,,,2.0,ok
ZTF19acllsbq,0.22749855334044886,21.642900466918945,21.42650032043457,21.477100372314453,0.216400146484375,-0.05060005187988281,0.0,28.0,ok
ZTF21acguqsc,1.0412312088179656,20.26490020751953,19.555599212646484,19.12019920349121,0.7093009948730469,0.43540000915527344,1.0,4.0,ok
ZTF20abffaxl,0.6999184875747955,,18.25040054321289,,,,,2.0,ok
ZTF25aaoxxlf,1.0354603653506678,21.579099655151367,,21.363300323486328,,,0.0,5.0,ok
ZTF20abyxuky,0.19791904571497979,19.941699981689453,19.38290023803711,19.070600509643555,0.5587997436523438,0.3122997283935547,0.0,39.0,ok
ZTF20abweedo,0.559843531913935,19.18869972229004,19.557600021362305,,-0.3689002990722656,,,4.0,ok
ZTF24aawktlo,0.519463515105836,19.981199264526367,19.161100387573242,19.170700073242188,0.820098876953125,-0.009599685668945312,0.0,67.0,ok
ZTF19abmolyr,,,,,,,,,empty
ZTF25abbgajq,0.7884941720674516,17.112499237060547,16.11709976196289,,0.9953994750976562,,,3.0,ok
ZTF19aansyyn,,,,,,,,,empty
ZTF22aankymj,,,,,,,,,empty
ZTF21abmspzt,0.24546082909371061,18.825000762939453,18.10140037536621,17.63680076599121,0.7236003875732422,0.464599609375,0.0,69.0,ok
ZTF21aagyhax,0.784508905243985,18.80620002746582,18.24169921875,17.666099548339844,0.5645008087158203,0.5755996704101562,0.0,59.0,ok
ZTF22aaagvdj,0.48642773344886403,21.43950080871582,,,,,,4.0,ok
ZTF21aaqizwm,,,,,,,,,empty
ZTF20abvycvf,0.912768532698042,17.841800689697266,16.918399810791016,16.63759994506836,0.92340087890625,0.28079986572265625,0.0,72.0,ok
ZTF19aalztms,1.4442277035108186,20.20479965209961,21.79949951171875,,-1.5946998596191406,,,2.0,ok
ZTF25abuvoav,0.7000822963233104,20.16080093383789,,19.62420082092285,,,0.0,3.0,ok
ZTF19abxgmzr,,,,,,,,,empty
ZTF24abhgjqn,,,,,,,,,empty
ZTF24abvkpjr,,,,,,,,,empty
ZTF23aaeeugd,,,,,,,,,empty
ZTF20achaxsk,1.2923002365254137,21.204299926757812,21.07859992980957,20.24139976501465,0.1256999969482422,0.8372001647949219,0.0,11.0,ok
ZTF18aavjcpf,,,,,,,,,empty
ZTF21acdalyp,0.4384757309024674,,17.993499755859375,17.477100372314453,,0.5163993835449219,0.0,3.0,ok
ZTF22abxhvfb,,,,,,,,,empty
ZTF18aaeqjmc,0.33399895915996364,16.428699493408203,15.749799728393555,15.252900123596191,0.6788997650146484,0.4968996047973633,0.0,65.0,ok
ZTF21aaarmti,,,,,,,,,empty
ZTF18aabicqe,0.09261672251940667,16.739299774169922,16.605600357055664,16.036500930786133,0.1336994171142578,0.5690994262695312,0.0,83.0,ok
ZTF18abeecwe,,,,,,,,,empty
ZTF18acdvrfu,,,,,,,,,empty
ZTF23aaeuaci,,,,,,,,,empty
ZTF18abgqkpc,0.5483172076283435,20.396699905395508,,,,,,3.0,ok
ZTF19abexfad,,,,,,,,,empty
ZTF22absqxti,0.7476565840707413,,,,,,,2.0,ok
ZTF21aatvqcl,0.19082089955706696,22.256900787353516,,20.68320083618164,,,1.0,2.0,ok
ZTF25aavdmzf,,,,,,,,,empty
ZTF24aadsehp,0.813948981403047,21.14150047302246,,21.373300552368164,,,0.0,6.0,ok
ZTF20actddoh,,,,,,,,,empty
ZTF20aabrydh,,,,,,,,,empty
ZTF21abyvjeq,0.7131673210365755,18.996999740600586,18.8971004486084,18.545900344848633,0.0998992919921875,0.3512001037597656,0.0,75.0,ok
ZTF26aaabexn,,,,,,,,,empty
ZTF23aadcgak,,,,,,,,,empty
ZTF21acfabut,,,,,,,,,empty
ZTF19acjerdh,,,,,,,,,empty
ZTF25abwgpjb,,,,,,,,,empty
ZTF22aaafqzd,0.6677146976313828,,21.12579917907715,,,,,2.0,ok
ZTF24abgweei,,,,,,,,,empty
ZTF25aareirf,1.449590569356821,18.985200881958008,18.351999282836914,17.88010025024414,0.6332015991210938,0.47189903259277344,0.0,62.0,ok
ZTF19aavhvkd,,,,,,,,,empty
ZTF20aabqiti,0.41324063035242625,21.529199600219727,21.15839958190918,20.65019989013672,0.3708000183105469,0.5081996917724609,0.0,29.0,ok
ZTF20abazekd,,,,,,,,,empty
ZTF20acovdho,,,,,,,,,empty
ZTF22aahyqck,,,,,,,,,empty
ZTF24abhluet,0.5723784355473901,20.055700302124023,19.426300048828125,19.157800674438477,0.6294002532958984,0.26849937438964844,0.0,79.0,ok
ZTF23aakbjqx,0.2579166334593264,,,19.444900512695312,,,,2.0,ok
ZTF24aacluoy,,,,,,,,,empty
ZTF23aabrsiv,,,,,,,,,empty
ZTF20acpvxmk,0.4086777628127982,18.410999298095703,17.6737003326416,17.56450080871582,0.7372989654541016,0.10919952392578125,0.0,79.0,ok
ZTF23aazjwtl,,,,,,,,,empty
ZTF19aculypc,,,,,,,,,empty
ZTF24abinhbc,,,,,,,,,empty
ZTF24aahybvf,,,,,,,,,empty
ZTF19aanujan,,,,,,,,,empty
ZTF22aanesux,0.9621698327319674,21.53619956970215,21.313600540161133,21.173900604248047,0.22259902954101562,0.13969993591308594,0.0,35.0,ok
ZTF19abxzumq,,,,,,,,,empty
ZTF23aansctq,,,,,,,,,empty
ZTF19aampqcq,0.9362744221519484,,,,,,,2.0,ok
ZTF22aamgpzz,0.5931607452380935,20.285200119018555,19.975299835205078,20.312000274658203,0.30990028381347656,-0.336700439453125,0.0,41.0,ok
ZTF18acdvvej,,,,,,,,,empty
ZTF20aalbjpf,,,,,,,,,empty
ZTF25abugbyo,0.6576673112161026,,20.197599411010742,,,,,5.0,ok
ZTF23aagphxh,,,,,,,,,empty
ZTF22abhcrfy,,,,,,,,,empty
ZTF22abfspdz,,,,,,,,,empty
ZTF18abyxwrf,0.24778644983808398,,19.348600387573242,,,,,2.0,ok
ZTF25abghdgt,0.3329517694844552,19.433300018310547,18.978300094604492,18.924299240112305,0.4549999237060547,0.0540008544921875,0.0,45.0,ok
ZTF22abykahf,,,,,,,,,empty
ZTF18aczuooo,,,,,,,,,empty
ZTF24abxxltd,,,,,,,,,empty
ZTF24aayjrde,,,,,,,,,empty
ZTF18abdpvnd,,,,,,,,,empty
ZTF22aaemhwl,1.4507078073735284,,,18.356700897216797,,,,2.0,ok
ZTF25aadfkug,,,,,,,,,empty
ZTF19aayjien,0.19114537994972158,18.757200241088867,17.94610023498535,17.543699264526367,0.8111000061035156,0.4024009704589844,0.0,79.0,ok
ZTF18acxcttu,0.05740609014937433,16.746700286865234,16.113500595092773,15.359399795532227,0.6331996917724609,0.7541007995605469,0.0,70.0,ok
ZTF18aakpnyt,0.21334194031737969,17.1560001373291,16.61680030822754,16.154399871826172,0.5391998291015625,0.4624004364013672,0.0,82.0,ok
ZTF22aaagrce,0.14793144025109808,21.79170036315918,22.18939971923828,21.936500549316406,-0.39769935607910156,0.252899169921875,0.0,8.0,ok
ZTF20acgnrqu,,,,,,,,,empty
ZTF23abbpswf,,,,,,,,,empty
ZTF18aczemzj,,,,,,,,,empty
ZTF23abluzif,,,,,,,,,empty
ZTF18abdbuty,0.42549313647631026,,18.608800888061523,,,,,2.0,ok
ZTF21acipmgw,0.7960607253821735,,19.8164005279541,,,,,2.0,ok
ZTF20aauvbez,,,,,,,,,empty
ZTF24abtrbqi,,,,,,,,,empty
ZTF23aawokan,,,,,,,,,empty
ZTF22absmrdt,,,,,,,,,empty
ZTF22aahibvx,,,,,,,,,empty
ZTF21abraccv,,,,,,,,,empty
ZTF19abnhegb,0.9285281387549522,18.284299850463867,17.417800903320312,17.128700256347656,0.8664989471435547,0.28910064697265625,0.0,58.0,ok
ZTF18abuesai,0.05469861205749438,17.170700073242188,16.845300674438477,16.2367000579834,0.32539939880371094,0.6086006164550781,0.0,78.0,ok
ZTF24ablsxza,0.46239212040972727,,,,,,,3.0,ok
ZTF22aboisvs,,,,,,,,,empty
ZTF21ablwehd,,,,,,,,,empty
ZTF19aanwwlo,,,,,,,,,empty
ZTF18aaqskoy,,,,,,,,,empty
ZTF20abupbub,,,,,,,,,empty
ZTF24aalubmp,0.35489089133121965,20.529499053955078,20.22450065612793,19.846099853515625,0.30499839782714844,0.3784008026123047,0.0,72.0,ok
ZTF24aagiwoi,,,,,,,,,empty
ZTF19abnkrcd,1.4526576064584213,19.903400421142578,19.077699661254883,18.64109992980957,0.8257007598876953,0.4365997314453125,0.0,69.0,ok
ZTF21aapjmda,,,,,,,,,empty
ZTF22abfzaed,1.3765807862902841,18.667600631713867,18.120399475097656,17.888099670410156,0.5472011566162109,0.2322998046875,0.0,75.0,ok
ZTF24ablmzkk,0.1291564110482106,,20.774999618530273,21.264400482177734,,-0.48940086364746094,0.0,2.0,ok
ZTF25acgprsb,1.0607916419769496,,,18.648399353027344,,,0.0,2.0,ok
ZTF21acjxiqw,1.1404420598696712,20.166900634765625,20.30270004272461,19.39069938659668,-0.13579940795898438,0.9120006561279297,0.0,12.0,ok
ZTF18aaxokeg,0.10360697403184288,17.940200805664062,18.368499755859375,18.082000732421875,-0.4282989501953125,0.2864990234375,0.0,78.0,ok
ZTF21aaaytny,0.38228414821732226,18.282400131225586,17.528499603271484,17.152099609375,0.7539005279541016,0.3763999938964844,0.0,80.0,ok
ZTF24abpdzvm,,,,,,,,,empty
ZTF23aacjeou,,,,,,,,,empty
ZTF19aapxocr,,,,,,,,,empty
ZTF21abahiow,,,,,,,,,empty
ZTF22aadkocy,0.29666722462858225,17.189699172973633,16.79439926147461,15.947699546813965,0.39529991149902344,0.8466997146606445,0.0,54.0,ok
ZTF20aansktb,0.21207410418757866,20.586599349975586,19.64259910583496,20.2367000579834,0.944000244140625,-0.5941009521484375,0.0,18.0,ok
ZTF19aawmkja,,,,,,,,,empty
ZTF21aakvroo,1.3868515194017978,20.9862003326416,,21.2947998046875,,,,3.0,ok
ZTF25abwpmrd,1.44672680436478,21.979400634765625,21.874099731445312,,0.1053009033203125,,,5.0,ok
ZTF24abernvw,,,,,,,,,empty
ZTF20abpqdgh,,,,,,,,,empty
ZTF21abmpnui,,,,,,,,,empty
ZTF20abxyajd,1.285012612177512,19.51729965209961,18.885900497436523,18.840099334716797,0.6313991546630859,0.04580116271972656,0.0,11.0,ok
ZTF24abrorvi,,,,,,,,,empty
ZTF19aawhniz,,,,,,,,,empty
ZTF18acbxkop,0.11236825902980042,17.824800491333008,17.142000198364258,16.94809913635254,0.68280029296875,0.19390106201171875,0.0,65.0,ok
ZTF20acwyoxc,1.400608380346331,18.510700225830078,17.388599395751953,17.141700744628906,1.122100830078125,0.24689865112304688,0.0,58.0,ok
ZTF21abeeewf,,,,,,,,,empty
ZTF23abhshea,,,,,,,,,empty
ZTF23aafwykt,,,,,,,,,empty
ZTF20aavzlxm,,,,,,,,,empty
ZTF22aaliywk,,,,,,,,,empty
ZTF22abeskuc,,,,,,,,,empty
ZTF19aamgjtz,0.541457362982374,22.074199676513672,21.950199127197266,21.653099060058594,0.12400054931640625,0.2971000671386719,1.0,12.0,ok
ZTF19abovstj,,,,,,,,,empty
ZTF24abfuwoh,0.3464215248893559,19.44700050354004,18.65839958190918,18.247699737548828,0.7886009216308594,0.41069984436035156,0.0,82.0,ok
ZTF24aazkvzi,0.4810777848836723,19.12809944152832,18.11829948425293,18.038799285888672,1.0097999572753906,0.07950019836425781,0.0,79.0,ok
ZTF25aaafxvn,0.14932357893097903,,,,,,,2.0,ok
ZTF24aahdigc,1.3400238771840447,18.464000701904297,17.8356990814209,17.36280059814453,0.6283016204833984,0.4728984832763672,0.0,74.0,ok
ZTF22aapjbix,0.7595844081816313,19.294200897216797,18.40719985961914,18.18709945678711,0.8870010375976562,0.22010040283203125,0.0,64.0,ok
ZTF20acphbem,0.5995309453163399,19.969600677490234,19.85919952392578,19.527999877929688,0.11040115356445312,0.33119964599609375,0.0,52.0,ok
ZTF22aamssbr,,,,,,,,,empty
ZTF21aaufthj,,,,,,,,,empty
ZTF24aanmrts,1.4999449106005043,21.665599822998047,21.384199142456055,21.191699981689453,0.2814006805419922,0.19249916076660156,0.0,40.0,ok
ZTF23aamwpmg,1.1720393029015506,,20.091899871826172,,,,,2.0,ok
ZTF22aajnffd,,,,,,,,,empty
ZTF23aaaifls,,,,,,,,,empty
ZTF24aatyini,,,,,,,,,empty
ZTF18aamftst,,,,,,,,,empty
ZTF23abscohj,,,,,,,,,empty
ZTF24abeppdw,,,,,,,,,empty
ZTF20aahtral,,,,,,,,,empty
ZTF20acpgnsn,,,,,,,,,empty
ZTF24abasrjx,,,,,,,,,empty
ZTF20aaxablt,0.5194715901717194,,,,,,,2.0,ok
ZTF18abuqugw,0.5992927715535866,19.02910041809082,20.029199600219727,19.703399658203125,-1.0000991821289062,0.32579994201660156,0.0,22.0,ok
ZTF25abxjgzg,,,,,,,,,empty
ZTF19aarfksi,1.2437197617254467,19.596799850463867,19.145700454711914,18.972200393676758,0.4510993957519531,0.17350006103515625,0.0,75.0,ok
ZTF19abzkexb,0.5756529474942158,,,,,,,3.0,ok
ZTF23abhxbjo,,,,,,,,,empty
ZTF25acgeibe,,,,,,,,,empty
ZTF21abfxjik,,,,,,,,,empty
ZTF20abexyxk,,,,,,,,,empty
ZTF21aaygchh,,,,,,,,,empty
ZTF22aaaffxq,,,,,,,,,empty
ZTF18acgsdvk,0.3921875483614855,,21.63089942932129,18.466400146484375,,3.164499282836914,1.0,3.0,ok
ZTF23abcegak,0.13480848180937718,18.916200637817383,18.43429946899414,17.999099731445312,0.4819011688232422,0.4351997375488281,0.0,74.0,ok
ZTF22abgiout,0.2879993900196327,21.58880043029785,21.409000396728516,21.397199630737305,0.17980003356933594,0.011800765991210938,0.0,7.0,ok
ZTF25abawltx,,,,,,,,,empty
ZTF19adbkvnr,0.17750855730378262,21.229000091552734,21.113300323486328,20.7007999420166,0.11569976806640625,0.41250038146972656,0.0,76.0,ok
ZTF21acaohjl,,,,,,,,,empty
ZTF20adaplsj,0.3842322926705153,17.101900100708008,16.225799560546875,15.912500381469727,0.8761005401611328,0.31329917907714844,0.0,68.0,ok
ZTF22aabgazg,,,,,,,,,empty
ZTF19aamowaf,,,,,,,,,empty
ZTF20aammhli,,,,,,,,,empty
ZTF19abclykm,0.09230315540742348,19.47599983215332,18.5585994720459,18.01140022277832,0.9174003601074219,0.5471992492675781,0.0,75.0,ok
ZTF18aauuzmf,0.3965201291992968,18.228200912475586,17.930500030517578,18.13089942932129,0.2977008819580078,-0.20039939880371094,0.0,58.0,ok
ZTF24ablflcx,,,,,,,,,empty
ZTF23aajjzml,,,,,,,,,empty
ZTF20aafcnem,1.0603928280207409,,20.96500015258789,,,,,2.0,ok
ZTF19abdoznh,,,,,,,,,empty
ZTF21aavuqzr,1.2419126479272828,20.812000274658203,19.927799224853516,19.601600646972656,0.8842010498046875,0.3261985778808594,0.0,74.0,ok
ZTF23abnprwj,0.641494661160214,21.222400665283203,19.508499145507812,,1.7139015197753906,,,8.0,ok
ZTF24absxhcd,0.9248641863934668,,18.74519920349121,,,,,3.0,ok
ZTF18abaxlpi,1.2934310013370989,,,,,,,2.0,ok
ZTF21aanuyro,0.27285298271088176,20.028099060058594,19.914199829101562,19.831300735473633,0.11389923095703125,0.08289909362792969,0.0,79.0,ok
ZTF19acftude,,,,,,,,,empty
ZTF18aaaniwu,0.0682056338057249,17.8572998046875,17.95439910888672,17.8262996673584,-0.09709930419921875,0.1280994415283203,0.0,76.0,ok
ZTF24abqlxaf,,,,,,,,,empty
ZTF25aawpfbf,,,,,,,,,empty
ZTF18abvglon,,,,,,,,,empty
ZTF21abdxhgv,,,,,,,,,empty
ZTF24aaqgmxz,,,,,,,,,empty
ZTF24aarjcbz,0.269830857988377,18.38409996032715,17.747800827026367,17.048200607299805,0.6362991333007812,0.6996002197265625,0.0,75.0,ok
ZTF25aahrlwa,,,,,,,,,empty
ZTF21abrghol,,,,,,,,,empty
ZTF19abdkgns,,,,,,,,,empty
ZTF19ababmsi,,,,,,,,,empty
ZTF22aagvxjc,,,,,,,,,empty
ZTF22abbsbys,,,,,,,,,empty
ZTF23aaftebr,1.0716051521062153,,,,,,,2.0,ok
ZTF21aaaigfg,0.7307843358974506,21.763200759887695,21.29509925842285,21.160400390625,0.46810150146484375,0.13469886779785156,0.0,9.0,ok
ZTF23abclpxs,0.9481763123027533,21.72209930419922,21.145000457763672,20.895999908447266,0.5770988464355469,0.24900054931640625,0.0,29.0,ok
ZTF22aakdwiu,,,,,,,,,empty
ZTF25aajlsss,0.1772041503960096,18.4552001953125,17.874399185180664,17.35070037841797,0.5808010101318359,0.5236988067626953,0.0,60.0,ok
ZTF20aarbget,,,,,,,,,empty
ZTF18acbvgtu,1.3505331842800017,16.43950080871582,15.665300369262695,15.615900039672852,0.774200439453125,0.04940032958984375,0.0,57.0,ok
ZTF25abvqhcq,,,,,,,,,empty
ZTF24aawjwxx,1.0878088367090166,17.741500854492188,17.286500930786133,17.404699325561523,0.4549999237060547,-0.11819839477539062,0.0,97.0,ok
ZTF20abegirf,,,,,,,,,empty
ZTF20aahqbsr,,,,,,,,,empty
ZTF24abihpmn,,,,,,,,,empty
ZTF21abkoccb,,,,,,,,,empty
ZTF18acqighv,0.277744760116306,18.05270004272461,17.271299362182617,16.91309928894043,0.7814006805419922,0.3582000732421875,0.0,70.0,ok
ZTF20aasfhia,0.9471382644683034,22.02989959716797,22.13949966430664,21.887100219726562,-0.10960006713867188,0.2523994445800781,,3.0,ok
ZTF18acusbyf,,,,,,,,,empty
ZTF19aawqcgy,1.2422635953078978,18.560199737548828,,,,,,2.0,ok
ZTF20abjwuju,,,,,,,,,empty
ZTF23abavpyk,,,,,,,,,empty
ZTF22aajlzbs,,,,,,,,,empty
ZTF20abapvvq,0.12472942218214342,19.864700317382812,19.207500457763672,18.72209930419922,0.6571998596191406,0.4854011535644531,0.0,64.0,ok
ZTF19abjbtbm,,,,,,,,,empty
ZTF23aavxtvg,,,,,,,,,empty
ZTF18acqxcga,0.6378444287517453,21.39229965209961,21.271699905395508,,0.12059974670410156,,,2.0,ok
ZTF21abhtkiy,,,,,,,,,empty
ZTF18acbvnen,,,,,,,,,empty
ZTF18abxftqm,0.07946384814976568,19.927499771118164,19.257200241088867,19.1289005279541,0.6702995300292969,0.12829971313476562,0.0,74.0,ok
ZTF24aahxokj,,,,,,,,,empty
ZTF23aaxfnwp,0.6764764031328508,18.6737003326416,18.128599166870117,17.421100616455078,0.5451011657714844,0.7074985504150391,0.0,88.0,ok
ZTF23abtjkql,,,,,,,,,empty
ZTF22abwlapx,,,,,,,,,empty
ZTF19abfpupe,0.8895145704202347,20.59309959411621,20.064800262451172,19.560400009155273,0.5282993316650391,0.5044002532958984,0.0,21.0,ok
ZTF21aarguvb,0.5365986943579398,17.667600631713867,17.094499588012695,16.477399826049805,0.5731010437011719,0.6170997619628906,0.0,46.0,ok
ZTF21abljmmv,,,,,,,,,empty
ZTF24aaifila,0.06179070260731138,20.115800857543945,19.932199478149414,19.62980079650879,0.18360137939453125,0.302398681640625,0.0,26.0,ok
ZTF18adalgmc,,,,,,,,,empty
ZTF22abayewb,,,,,,,,,empty
ZTF25absvroj,,,,,,,,,empty
ZTF22aaoqfsm,0.7451010068478091,19.85689926147461,19.04789924621582,18.60650062561035,0.8090000152587891,0.44139862060546875,0.0,57.0,ok
ZTF19ababigc,1.3574430696501925,19.896900177001953,20.067699432373047,19.692699432373047,-0.17079925537109375,0.375,0.0,61.0,ok
ZTF22aadljkb,0.8424004130741612,20.129199981689453,20.767000198364258,18.483299255371094,-0.6378002166748047,2.283700942993164,0.0,53.0,ok
ZTF22aausjcd,,,,,,,,,empty
ZTF20actpqgc,,,,,,,,,empty
ZTF20aanadlu,1.252594044123767,,,,,,,7.0,ok
ZTF21abvcxel,,,,,,,,,empty
ZTF20aamksoq,,,,,,,,,empty
ZTF20abvtozi,,,,,,,,,empty
ZTF22acablwr,1.4424989077694057,20.08880043029785,,,,,,2.0,ok
ZTF19acjjwsy,,,,,,,,,empty
ZTF22aalsabr,,,,,,,,,empty
ZTF21aanortq,,,,,,,,,empty
ZTF19ablrkfz,0.41482057076527923,21.50510025024414,21.188899993896484,20.94860076904297,0.31620025634765625,0.24029922485351562,0.0,49.0,ok
ZTF20aaeuxqk,,,,,,,,,empty
ZTF21abgxudc,0.6180641143539375,17.24839973449707,,,,,,2.0,ok
ZTF19aarnqzw,,,,,,,,,empty
ZTF24aaupoba,,,,,,,,,empty
ZTF22aakquvw,,,,,,,,,empty
ZTF21abgjdtt,,,,,,,,,empty
ZTF23absephc,,,,,,,,,empty
ZTF18aaezzww,0.8141230003942177,17.771400451660156,17.803600311279297,17.32740020751953,-0.032199859619140625,0.4762001037597656,0.0,49.0,ok
ZTF21aagyewh,,,,,,,,,empty
ZTF18ablerlf,0.055758664211948986,,21.55069923400879,21.07069969177246,,0.4799995422363281,1.0,9.0,ok
ZTF22aamdxkj,1.1186795606185618,19.360200881958008,19.2987003326416,18.626800537109375,0.06150054931640625,0.6718997955322266,0.0,75.0,ok
ZTF24abyatjx,,,,,,,,,empty
ZTF24abhsqly,0.5419381727221421,18.1830997467041,17.336299896240234,17.195600509643555,0.8467998504638672,0.1406993865966797,0.0,84.0,ok
ZTF22aabiyjw,0.3510402605948125,18.91010093688965,18.26420021057129,17.90880012512207,0.6459007263183594,0.35540008544921875,0.0,51.0,ok
ZTF20aclwclm,,,,,,,,,empty
ZTF25aaylqqq,,,,,,,,,empty
ZTF19aatvljp,,,,,,,,,empty
ZTF22aahndul,,,,,,,,,empty
ZTF24abmtnee,,,,,,,,,empty
ZTF23aarvjaf,,,,,,,,,empty
ZTF19abglmpf,0.8992115635491179,17.874500274658203,17.110200881958008,16.493200302124023,0.7642993927001953,0.6170005798339844,0.0,81.0,ok
ZTF21abvtfxn,1.0629390547853728,18.343799591064453,17.63800048828125,17.30340003967285,0.7057991027832031,0.33460044860839844,0.0,83.0,ok
ZTF20aazewhe,0.6040440837186849,20.016300201416016,19.603700637817383,19.187000274658203,0.4125995635986328,0.4167003631591797,0.0,62.0,ok
ZTF19abdkbwy,,,,,,,,,empty
ZTF25abfnszm,0.24388324142530843,21.179100036621094,20.113300323486328,19.996000289916992,1.0657997131347656,0.11730003356933594,0.0,18.0,ok
ZTF23abtjdtm,1.0561126252493744,19.778900146484375,19.944599151611328,19.651899337768555,-0.16569900512695312,0.29269981384277344,0.0,57.0,ok
ZTF18aasuray,0.10484632803423895,17.169099807739258,16.45639991760254,16.180200576782227,0.7126998901367188,0.2761993408203125,0.0,98.0,ok
ZTF21aaxwytv,,,,,,,,,empty
ZTF23aaemepn,,,,,,,,,empty
ZTF25aawaobl,,,,,,,,,empty
ZTF18abuncpe,1.1550709571150015,20.315900802612305,19.819900512695312,19.81130027770996,0.4960002899169922,0.008600234985351562,0.0,55.0,ok
ZTF19aabyheu,,,,,,,,,empty
ZTF19aavnuur,,,,,,,,,empty
ZTF21abalnud,,,,,,,,,empty
ZTF24aaemydm,1.2195073384832016,18.612199783325195,18.718000411987305,19.10890007019043,-0.10580062866210938,-0.390899658203125,0.0,15.0,ok
ZTF19abqwtfu,0.12414663797819932,21.434999465942383,21.927600860595703,,-0.4926013946533203,,,3.0,ok
ZTF19abyjgal,0.24127857857849383,19.295799255371094,18.72130012512207,18.10569953918457,0.5744991302490234,0.6156005859375,0.0,98.0,ok
ZTF25abbdvqe,1.4284999783937586,,19.37459945678711,19.194000244140625,,0.18059921264648438,,2.0,ok
ZTF21acjmvhx,1.1935119743014038,18.952699661254883,19.170299530029297,19.00279998779297,-0.21759986877441406,0.16749954223632812,0.0,61.0,ok
ZTF23abaeeae,,,,,,,,,empty
ZTF22aadepkk,0.8031989944921367,21.790599822998047,21.714000701904297,21.528799057006836,0.07659912109375,0.18520164489746094,0.0,15.0,ok
ZTF21aahzspd,0.41671859750292484,20.44029998779297,20.360000610351562,20.03339958190918,0.08029937744140625,0.3266010284423828,0.0,73.0,ok
ZTF18aaqqoqs,,,,,,,,,empty
ZTF23aaphnyz,1.0814032200878225,19.48579978942871,19.820999145507812,19.742399215698242,-0.33519935607910156,0.07859992980957031,0.0,31.0,ok
ZTF19abkhmcv,0.1296863351932852,17.667800903320312,17.6830997467041,17.57200050354004,-0.015298843383789062,0.1110992431640625,0.0,65.0,ok
ZTF25abansec,1.4135239082123658,18.474000930786133,,17.53619956970215,,,,4.0,ok
ZTF24aalbwpz,,,,,,,,,empty
ZTF24ablkvvn,,,,,,,,,empty
ZTF21abvrfsr,,,,,,,,,empty
ZTF19acvijnj,,,,,,,,,empty
ZTF22aagyrlp,,,,,,,,,empty
ZTF25aafdwin,0.29739284696032064,12.894000053405762,13.357000350952148,17.04759979248047,-0.4630002975463867,-3.6905994415283203,0.0,70.0,ok
ZTF18abnuexr,,,,,,,,,empty
ZTF18acqxwgl,0.8062749258526094,21.102399826049805,21.13409996032715,20.945499420166016,-0.03170013427734375,0.1886005401611328,0.0,52.0,ok
ZTF20aamttiw,,,,,,,,,empty
ZTF23aaaepzi,,,,,,,,,empty
ZTF19acyogvo,,,,,,,,,empty
ZTF19aafnecv,,,,,,,,,empty
ZTF24abjftxl,,,,,,,,,empty
ZTF21abfjrjy,0.7316905752705042,18.00029945373535,17.21980094909668,16.821699142456055,0.7804985046386719,0.398101806640625,0.0,79.0,ok
ZTF21aanjejr,0.21059722555612823,17.493200302124023,16.46380043029785,16.544300079345703,1.0293998718261719,-0.08049964904785156,0.0,70.0,ok
ZTF19achcdju,,,,,,,,,empty
ZTF25abdcdwd,,,,,,,,,empty
ZTF18acwzyor,,,,,,,,,empty
ZTF19acduqvr,0.21482108766806862,20.641700744628906,20.38610076904297,20.05470085144043,0.2555999755859375,0.33139991760253906,0.0,75.0,ok
ZTF24aboinfr,,,,,,,,,empty
ZTF18aacnlxz,0.3735810985651371,18.856700897216797,19.329500198364258,18.98579978942871,-0.47279930114746094,0.3437004089355469,0.0,87.0,ok
ZTF25aacaxkg,,,,,,,,,empty
ZTF19aanircs,,,,,,,,,empty
ZTF21abiewrh,,,,,,,,,empty
ZTF21aaabrpu,,,,,,,,,empty
ZTF22absxaxv,0.3507725438037221,19.183700561523438,18.439800262451172,18.165599822998047,0.7439002990722656,0.274200439453125,0.0,57.0,ok
ZTF18aaheszr,0.02423900986817019,15.204999923706055,14.844900131225586,15.0871000289917,0.36009979248046875,-0.24219989776611328,0.0,71.0,ok
ZTF20aatpqps,,,,,,,,,empty
ZTF24aaejkyp,,,,,,,,,empty
ZTF22abzkgja,,,,,,,,,empty
ZTF24aaekbmc,0.7524126751786085,17.712099075317383,16.80620002746582,16.463600158691406,0.9058990478515625,0.34259986877441406,0.0,86.0,ok
ZTF18aayigdr,0.21442269559906363,17.97439956665039,17.829299926757812,17.047500610351562,0.14509963989257812,0.78179931640625,0.0,59.0,ok
ZTF22abggmuu,,,,,,,,,empty
ZTF18aawxlxf,,,,,,,,,empty
ZTF22aafracj,,,,,,,,,empty
ZTF18acvwmpw,,,,,,,,,empty
ZTF18abmqrwk,,,,,,,,,empty
ZTF23abmzebo,,,,,,,,,empty
ZTF25abiknny,,,,,,,,,empty
ZTF19aalzmiu,,,,,,,,,empty
ZTF22aakqvzc,1.3299992636707605,18.08289909362793,17.347200393676758,16.902000427246094,0.7356986999511719,0.44519996643066406,0.0,76.0,ok
ZTF18aafpfwr,0.8542125206417825,18.371999740600586,17.712299346923828,17.286699295043945,0.6597003936767578,0.4256000518798828,0.0,75.0,ok
ZTF20acwyoqx,0.08293481240226468,17.32159996032715,16.919300079345703,16.754100799560547,0.4022998809814453,0.16519927978515625,0.0,61.0,ok
ZTF21acdoyqt,,,,,,,,,empty
ZTF20acqntkr,,,,,,,,,empty
ZTF21acmwjza,,,,,,,,,empty
ZTF18aajkcdn,,,,,,,,,empty
ZTF20abnvdem,1.4756409708363893,20.46739959716797,21.152299880981445,,-0.6849002838134766,,,3.0,ok
ZTF20aauuiri,,,,,,,,,empty
ZTF20acvcxkz,0.4222660826312447,21.170299530029297,,21.04680061340332,,,1.0,6.0,ok
ZTF24abnpnbn,1.2872698670979288,21.97209930419922,21.69070053100586,21.357200622558594,0.2813987731933594,0.3334999084472656,0.0,40.0,ok
ZTF24aadplte,1.0780438204464402,19.231700897216797,18.63640022277832,17.943599700927734,0.5953006744384766,0.6928005218505859,0.0,32.0,ok
ZTF24aakzive,,,,,,,,,empty
ZTF24aacbpej,0.11218893101997574,20.16320037841797,19.80820083618164,19.461700439453125,0.3549995422363281,0.3465003967285156,0.0,76.0,ok
ZTF19acenveq,,,,,,,,,empty
ZTF23aanzbtf,,,,,,,,,empty
ZTF21abwxhje,0.8941504764360032,,21.941299438476562,,,,,2.0,ok
ZTF25aapafwq,,,,,,,,,empty
ZTF18acbvkwl,0.04510091204422003,17.654399871826172,17.446300506591797,17.091299057006836,0.208099365234375,0.35500144958496094,0.0,79.0,ok
ZTF22aaagvyp,,,,,,,,,empty
ZTF22aaddvbe,0.9274828258922424,,20.553699493408203,20.85110092163086,,-0.29740142822265625,0.0,10.0,ok
ZTF19aapqqrb,1.1997116573528532,,20.476499557495117,19.886699676513672,,0.5897998809814453,,4.0,ok
ZTF19abuclhk,0.4004017397871165,18.614599227905273,17.601600646972656,17.306100845336914,1.0129985809326172,0.2954998016357422,0.0,65.0,ok
ZTF22aaemgsl,0.6171312684749685,18.59749984741211,18.071800231933594,17.197099685668945,0.5256996154785156,0.8747005462646484,0.0,60.0,ok
ZTF18accndxn,,,,,,,,,empty
ZTF20abxawtg,,,,,,,,,empty
ZTF18acbxmvy,0.5895799822890523,21.7007999420166,21.425100326538086,21.353200912475586,0.2756996154785156,0.0718994140625,0.0,15.0,ok
ZTF23abcnhzq,,,,,,,,,empty
ZTF20aamgdkb,0.20682105073162604,,21.061100006103516,21.515199661254883,,-0.4540996551513672,,3.0,ok
ZTF23aabrson,,,,,,,,,empty
ZTF25aazkont,,,,,,,,,empty
ZTF21aceqrju,,,,,,,,,empty
ZTF18acbxhua,0.09456963970539133,19.459999084472656,19.17340087890625,18.949899673461914,0.28659820556640625,0.22350120544433594,0.0,54.0,ok
ZTF20aafrjqw,,,,,,,,,empty
ZTF18adbadic,,,,,,,,,empty
ZTF24aavdxwf,1.2128323205113931,19.772199630737305,19.617399215698242,19.633499145507812,0.1548004150390625,-0.016099929809570312,0.0,77.0,ok
ZTF24aairune,,,,,,,,,empty
ZTF19aazgdvh,0.09798118383928837,19.023500442504883,18.35930061340332,17.973400115966797,0.6641998291015625,0.38590049743652344,0.0,51.0,ok
ZTF23aaalcjc,0.5906039930577445,18.815900802612305,17.813600540161133,,1.0023002624511719,,,2.0,ok
ZTF22abcsiqk,0.36478989185582017,18.843599319458008,18.316099166870117,17.875,0.5275001525878906,0.4410991668701172,0.0,44.0,ok
ZTF23abivscl,0.6832568559848115,18.009599685668945,17.757099151611328,17.550399780273438,0.2525005340576172,0.20669937133789062,0.0,79.0,ok
ZTF25aachzhd,,,,,,,,,empty
ZTF19acbiwjk,,,,,,,,,empty
ZTF23aaapgxe,,,,,,,,,empty
ZTF19acccyyt,0.03224521879769376,18.733999252319336,18.241100311279297,17.377899169921875,0.49289894104003906,0.8632011413574219,0.0,73.0,ok
ZTF23absscow,,,,,,,,,empty
ZTF23abccwbx,,,,,,,,,empty
ZTF19aapnzde,,,,,,,,,empty
ZTF22abfyqmh,,,,,,,,,empty
ZTF19acojuzv,1.4781715694948678,21.453800201416016,,,,,,2.0,ok
ZTF18ablqehq,,,,,,,,,empty
ZTF24aakdmwg,,,,,,,,,empty
ZTF20aamazzl,,,,,,,,,empty
ZTF20abtsecq,,,,,,,,,empty
ZTF22aacrugz,,,,,,,,,empty
ZTF21aalekwo,0.2944360556044602,,,20.611299514770508,,,0.0,3.0,ok
ZTF24abzvnik,1.3152484381472938,,21.83690071105957,,,,,2.0,ok
ZTF18abqarng,0.1852043892875485,17.269899368286133,17.14929962158203,16.75979995727539,0.12059974670410156,0.3894996643066406,0.0,76.0,ok
ZTF23aavecfo,0.5356825570083079,21.18779945373535,20.88290023803711,21.086599349975586,0.3048992156982422,-0.20369911193847656,0.0,17.0,ok
ZTF21achzpyc,1.1841956331087462,18.54330062866211,18.094999313354492,17.301000595092773,0.4483013153076172,0.7939987182617188,0.0,70.0,ok
ZTF19aanydko,,,,,,,,,empty
ZTF19acawgrs,,,,,,,,,empty
ZTF20acxqxyw,,,,,,,,,empty
ZTF22aaywnyg,,,,,,,,,empty
ZTF24ablkjdd,,,,,,,,,empty
ZTF21aarycyl,1.0166280964942818,19.17099952697754,18.93160057067871,18.58060073852539,0.23939895629882812,0.3509998321533203,0.0,57.0,ok
ZTF23aaahuzb,,,,,,,,,empty
ZTF22abbiwrr,,,,,,,,,empty
ZTF19aaxptsd,,,,,,,,,empty
ZTF18aarnbhk,0.4745166135765416,,,19.156600952148438,,,0.0,4.0,ok
ZTF20acqvwzb,,,,,,,,,empty
ZTF23aabtgej,,,,,,,,,empty
ZTF24aakaiha,0.1266334205198415,18.15169906616211,17.454299926757812,16.716699600219727,0.6973991394042969,0.7376003265380859,0.0,84.0,ok
ZTF24abqqoww,0.1688700992199757,17.54360008239746,17.4867000579834,16.75979995727539,0.0569000244140625,0.7269001007080078,0.0,67.0,ok
ZTF21acfmxeu,1.1207805209157415,18.526500701904297,18.178699493408203,17.759899139404297,0.34780120849609375,0.41880035400390625,0.0,68.0,ok
ZTF19abidbqp,,,,,,,,,empty
ZTF19aavjzrz,,,,,,,,,empty
ZTF21acjjxww,,,,,,,,,empty
ZTF25aacdjzo,0.49696371224147107,22.181699752807617,21.836000442504883,,0.3456993103027344,,,5.0,ok
ZTF23abgyyvj,,,,,,,,,empty
ZTF22abfvibh,,,,,,,,,empty
ZTF18abhpzig,,,,,,,,,empty
ZTF19aazlpqy,0.25907799731650727,17.302900314331055,16.801700592041016,16.131000518798828,0.5011997222900391,0.6707000732421875,0.0,83.0,ok
ZTF21aaxkckg,0.43200144299489646,20.339799880981445,20.182899475097656,20.04759979248047,0.15690040588378906,0.1352996826171875,0.0,73.0,ok
ZTF18abadjhx,1.3395595180148523,18.954599380493164,18.33690071105957,18.019800186157227,0.6176986694335938,0.31710052490234375,0.0,59.0,ok
ZTF23abjtozz,,,,,,,,,empty
ZTF22abyskhb,1.487244826834335,21.73509979248047,21.311899185180664,21.40239906311035,0.4232006072998047,-0.0904998779296875,0.0,12.0,ok
ZTF24aatxshz,0.027862986547751732,20.156999588012695,19.414199829101562,19.082799911499023,0.7427997589111328,0.33139991760253906,0.0,98.0,ok
ZTF22abyaood,,,,,,,,,empty
ZTF20acsesce,1.2021489286156959,,,18.66819953918457,,,0.0,2.0,ok
ZTF21abwcnpe,,,,,,,,,empty
ZTF20abasxmb,,,,,,,,,empty
ZTF25abmhmbk,0.1831895442040055,,,19.144800186157227,,,,3.0,ok
ZTF20acumxrh,,,,,,,,,empty
ZTF21ackqbow,,,,,,,,,empty
ZTF18aafzers,1.4994733214004026,17.85919952392578,17.15239906311035,16.765899658203125,0.7068004608154297,0.38649940490722656,0.0,65.0,ok
ZTF24aaidazw,1.1655636901379725,18.59779930114746,17.453899383544922,17.353700637817383,1.143899917602539,0.10019874572753906,0.0,74.0,ok
ZTF20aaerxsd,0.3915998338014527,19.753599166870117,19.378400802612305,19.008899688720703,0.3751983642578125,0.36950111389160156,0.0,55.0,ok
ZTF19acbmddl,0.8676152303784893,17.02669906616211,,,,,,2.0,ok
ZTF19aamsoze,0.21841996575263511,18.906999588012695,18.20479965209961,17.529499053955078,0.7021999359130859,0.6753005981445312,0.0,57.0,ok
ZTF20abjatqy,1.1819851488956727,,,19.6156005859375,,,,2.0,ok
ZTF19abomiel,0.6322238161170293,,,19.174800872802734,,,0.0,4.0,ok
ZTF25abioepd,0.39839743151164403,20.487300872802734,,20.1643009185791,,,,3.0,ok
ZTF22abkpgpa,,,,,,,,,empty
ZTF20aajcdad,,,,,,,,,empty
ZTF25abvcnys,,,,,,,,,empty
ZTF21aaikpnj,0.6142702372760678,18.528099060058594,17.652599334716797,17.144899368286133,0.8754997253417969,0.5076999664306641,0.0,79.0,ok
ZTF18abvfecb,1.4070338132256082,21.083499908447266,,,,,,2.0,ok
ZTF19acwrujg,0.9126794705341108,20.2721004486084,19.99519920349121,19.612300872802734,0.2769012451171875,0.38289833068847656,0.0,74.0,ok
ZTF23abomtjc,,,,,,,,,empty
ZTF22aajhsbn,,,,,,,,,empty
ZTF20aanyxvu,,,,,,,,,empty
ZTF21abcixor,0.4552709050462888,22.105600357055664,21.842199325561523,21.518400192260742,0.2634010314941406,0.32379913330078125,0.0,18.0,ok
ZTF22aaibhya,0.8515260988893967,,,19.960800170898438,,,,2.0,ok
ZTF18abmxatl,,,,,,,,,empty
ZTF20aciievv,,,,,,,,,empty
ZTF19aavxikq,,,,,,,,,empty
ZTF19abdjsss,1.017012648602966,19.02239990234375,18.742599487304688,18.46419906616211,0.2798004150390625,0.2784004211425781,0.0,58.0,ok
ZTF21aasctwo,,,,,,,,,empty
ZTF22abafbzv,,,,,,,,,empty
ZTF22aamfwtc,1.4583376362999823,19.1033992767334,18.84480094909668,18.566499710083008,0.25859832763671875,0.2783012390136719,0.0,82.0,ok
ZTF25abitgrj,1.0788190724366287,20.047000885009766,19.915300369262695,19.951900482177734,0.1317005157470703,-0.03660011291503906,0.0,44.0,ok
ZTF18abuxjrd,0.05958240329789958,18.22909927368164,17.926700592041016,17.450899124145508,0.302398681640625,0.4758014678955078,0.0,67.0,ok
ZTF25aanitpo,0.7901310397307971,19.77120018005371,19.291200637817383,18.788999557495117,0.4799995422363281,0.5022010803222656,0.0,57.0,ok
ZTF23aakidwn,,,,,,,,,empty
ZTF21abxjcdc,0.503289759516751,,20.314199447631836,,,,,2.0,ok
ZTF23aaeqonb,,,,,,,,,empty
ZTF19aanhlxe,,,,,,,,,empty
ZTF23aazodoj,,,,,,,,,empty
ZTF20aclnqle,,,,,,,,,empty
ZTF19abjpkdz,,,,,,,,,empty
ZTF20acvdqtg,,,,,,,,,empty
ZTF21achiyue,0.6707116497247485,20.54759979248047,20.201799392700195,,0.34580039978027344,,,13.0,ok
ZTF22aaajuya,,,,,,,,,empty
ZTF22aatgiuw,,,,,,,,,empty
ZTF20acgrwej,1.4399408392774329,21.763200759887695,21.567699432373047,21.477500915527344,0.19550132751464844,0.09019851684570312,0.0,15.0,ok
ZTF21aawyyha,,,,,,,,,empty
ZTF22absphlp,,,,,,,,,empty
ZTF22aattfmb,,,,,,,,,empty
ZTF25aadobka,,,,,,,,,empty
ZTF25abbwsqe,,,,,,,,,empty
ZTF24ablngnq,,,,,,,,,empty
ZTF21acjosix,0.837305694993453,21.581899642944336,21.331899642944336,21.00819969177246,0.25,0.323699951171875,0.0,62.0,ok
ZTF24aaejwxv,,,,,,,,,empty
ZTF21aagtceu,,,,,,,,,empty
ZTF20acfasbq,,,,,,,,,empty
ZTF21abvrlup,,,,,,,,,empty
ZTF23absbyol,,,,,,,,,empty
ZTF22abgepyb,,,,,,,,,empty
ZTF23aaeinqq,,,,,,,,,empty
ZTF23aaqmauw,1.136925112924472,19.287900924682617,19.05620002746582,19.131999969482422,0.23170089721679688,-0.07579994201660156,0.0,77.0,ok
ZTF22abxlqol,,,,,,,,,empty
ZTF20aazymxi,,,,,,,,,empty
ZTF22aahoxbx,,,,,,,,,empty
ZTF20aaaxghv,,,,,,,,,empty
ZTF24abnsdev,,,,,,,,,empty
ZTF25aavilsy,0.7686289847692698,20.666000366210938,20.336299896240234,19.732099533081055,0.3297004699707031,0.6042003631591797,0.0,62.0,ok
ZTF23abjarpv,,,,,,,,,empty
ZTF18aamyexb,0.08891518541350756,15.814800262451172,15.678099632263184,15.39780044555664,0.13670063018798828,0.28029918670654297,0.0,55.0,ok
ZTF22abgdjwt,1.4278875538473323,19.4335994720459,18.381999969482422,18.08329963684082,1.0515995025634766,0.29870033264160156,0.0,78.0,ok
ZTF18aawuzxa,0.05333435469666646,19.272600173950195,18.699600219726562,18.24880027770996,0.5729999542236328,0.45079994201660156,0.0,76.0,ok
ZTF25acgklik,,,,,,,,,empty
ZTF18abryqnn,0.9501835154416101,19.44379997253418,19.553300857543945,18.286699295043945,-0.10950088500976562,1.2666015625,0.0,64.0,ok
ZTF21abhymom,0.9428171183891819,19.775699615478516,19.269500732421875,18.951900482177734,0.5061988830566406,0.3176002502441406,0.0,76.0,ok
ZTF20abqaqgv,,,,,,,,,empty
ZTF20aatvsjw,,,,,,,,,empty
ZTF22aaklhfg,,,,,,,,,empty
ZTF21achlshg,,,,,,,,,empty
ZTF18adachkc,0.04665776935151883,20.30030059814453,19.365800857543945,18.63559913635254,0.9344997406005859,0.7302017211914062,0.0,35.0,ok
ZTF22aaoiddx,,,,,,,,,empty
ZTF23aamseob,,,,,,,,,empty
ZTF20abyzprl,,,,,,,,,empty
ZTF22aaokitb,,,,,,,,,empty
ZTF24abeuxkq,,,,,,,,,empty
ZTF19aawfkeg,0.5812358483456429,19.6471004486084,18.97570037841797,18.590900421142578,0.6714000701904297,0.3847999572753906,0.0,78.0,ok
ZTF19aapdkza,0.4169570951308983,19.191600799560547,18.613500595092773,18.120100021362305,0.5781002044677734,0.49340057373046875,0.0,54.0,ok
ZTF22ablviyf,0.547373905486959,22.114999771118164,21.72319984436035,21.376300811767578,0.3917999267578125,0.34689903259277344,0.0,6.0,ok
ZTF23aadjwkw,1.417454981881106,,,,,,,2.0,ok
ZTF19aamgypy,,,,,,,,,empty
ZTF19aafwrhf,0.12802275226013476,18.323699951171875,17.581600189208984,17.188800811767578,0.7420997619628906,0.39279937744140625,0.0,71.0,ok
ZTF22aalwbgz,,,,,,,,,empty
ZTF18abnurff,,,,,,,,,empty
ZTF18abwkzuc,,,,,,,,,empty
ZTF25aauurnj,,,,,,,,,empty
ZTF21aahfjbs,0.07477863315338452,19.318899154663086,18.662500381469727,18.25029945373535,0.6563987731933594,0.412200927734375,0.0,90.0,ok
ZTF25abvuktq,,,,,,,,,empty
ZTF19acbwrsu,,,,,,,,,empty
ZTF23abavxmm,,,,,,,,,empty
ZTF25abxqslz,1.0919200523339565,20.24570083618164,19.47960090637207,19.92729949951172,0.7660999298095703,-0.44769859313964844,0.0,28.0,ok
ZTF20acflmyv,,,,,,,,,empty
ZTF19aariwfe,,,,,,,,,empty
ZTF19aavwbpc,1.08431711705967,19.996400833129883,19.70870018005371,19.67770004272461,0.2877006530761719,0.031000137329101562,0.0,88.0,ok
ZTF19aaojnrx,0.6314689555196172,17.684600830078125,17.055599212646484,16.621999740600586,0.6290016174316406,0.43359947204589844,0.0,69.0,ok
ZTF25abyfbss,0.834106163410426,,20.419200897216797,20.370800018310547,,0.04840087890625,0.0,4.0,ok
ZTF22abdtpru,,,,,,,,,empty
ZTF25aadcylv,,,,,,,,,empty
ZTF20acpzaoa,,,,,,,,,empty
ZTF18aatlfus,,,,,,,,,empty
ZTF22aatuatn,0.5249731312848039,17.971200942993164,17.37339973449707,16.97089958190918,0.5978012084960938,0.4025001525878906,0.0,115.0,ok
ZTF24aaiahlv,,,,,,,,,empty
ZTF23abdefkq,,,,,,,,,empty
ZTF19aaqxcfs,0.9234240862551601,21.17289924621582,20.990100860595703,20.672399520874023,0.1827983856201172,0.3177013397216797,0.0,71.0,ok
ZTF22abtjcbg,0.33952337263295074,19.7903995513916,18.831600189208984,18.042999267578125,0.9587993621826172,0.7886009216308594,0.0,69.0,ok
ZTF21aaydwzt,,,,,,,,,empty
ZTF18aceyjco,,,,,,,,,empty
ZTF24aaoumhw,,,,,,,,,empty
ZTF23aaaprnb,,,,,,,,,empty
ZTF19acyggzu,,,,,,,,,empty
ZTF22abgteub,,,,,,,,,empty
ZTF21aabjesm,0.6912386947753656,,20.83690071105957,21.4783992767334,,-0.6414985656738281,0.0,4.0,ok
ZTF19acngsnb,0.21712125275718638,21.978900909423828,21.903099060058594,21.543699264526367,0.07580184936523438,0.35939979553222656,0.0,31.0,ok
ZTF20abzettb,,,,,,,,,empty
ZTF22aasyitj,,,,,,,,,empty
ZTF22aarqzls,0.572401731880888,18.124000549316406,17.386899948120117,16.802600860595703,0.7371006011962891,0.5842990875244141,0.0,77.0,ok
ZTF24ablthst,0.7742848135622832,,21.775299072265625,21.691200256347656,,0.08409881591796875,0.0,2.0,ok
ZTF18aazppgf,0.14205635491397375,17.605100631713867,17.236900329589844,16.383899688720703,0.36820030212402344,0.8530006408691406,0.0,84.0,ok
ZTF19aatudsq,,,,,,,,,empty
ZTF19acnxvkp,0.20465237432157682,18.32270050048828,,,,,,4.0,ok
ZTF25acbsugc,,,,,,,,,empty
ZTF19aalvaxt,,,,,,,,,empty
ZTF21abfaohe,0.8934234951830303,,,19.039899826049805,,,0.0,3.0,ok
ZTF24aahzfwk,0.8135943307002285,20.242599487304688,19.527000427246094,19.273500442504883,0.7155990600585938,0.25349998474121094,0.0,57.0,ok
ZTF20acmzoxo,,,,,,,,,empty
ZTF24aawrofs,,,,,,,,,empty
ZTF23aabbrdb,,,,,,,,,empty
ZTF25aadnsyh,,,,,,,,,empty
ZTF24aaaibep,0.5879910095200153,18.453699111938477,18.161399841308594,18.305700302124023,0.2922992706298828,-0.1443004608154297,0.0,65.0,ok
ZTF22abnehge,0.5912193731510879,,,,,,,2.0,ok
ZTF21abrzdqx,0.16005526748635035,19.283599853515625,18.495899200439453,18.0447998046875,0.7877006530761719,0.4510993957519531,0.0,75.0,ok
ZTF24abllcax,,,,,,,,,empty
ZTF20abmbxrq,,,,,,,,,empty
ZTF25aanilxe,1.0579373863884511,19.406299591064453,,,,,,2.0,ok
ZTF23abjieca,1.3161505057329514,20.897899627685547,,,,,,3.0,ok
ZTF22abybwdz,,,,,,,,,empty
ZTF20abehvas,,,,,,,,,empty
ZTF21achauvx,,,,,,,,,empty
ZTF18abixrei,0.25149068138435143,18.64539909362793,17.554500579833984,17.265899658203125,1.0908985137939453,0.2886009216308594,0.0,67.0,ok
ZTF23aacyylg,,,,,,,,,empty
ZTF22aahgvlx,1.225725837055701,,,19.480100631713867,,,0.0,2.0,ok
ZTF20aavptjf,0.6783825968360487,18.779499053955078,18.734800338745117,18.887800216674805,0.04469871520996094,-0.1529998779296875,0.0,117.0,ok
ZTF25aakrsbo,,,,,,,,,empty
ZTF21abrapmf,,,,,,,,,empty
ZTF20acpgokr,0.21897935915362526,20.330699920654297,20.06679916381836,20.238000869750977,0.2639007568359375,-0.1712017059326172,0.0,43.0,ok
ZTF25aavahfn,,,,,,,,,empty
ZTF20aacbyec,1.4848912334836564,19.65019989013672,19.529800415039062,19.409799575805664,0.12039947509765625,0.12000083923339844,0.0,35.0,ok
ZTF20aakyoez,,,,,,,,,empty
ZTF21abowrey,,,,,,,,,empty
ZTF21abbodsc,1.2692452380851824,,21.36840057373047,20.63990020751953,,0.7285003662109375,0.0,2.0,ok
ZTF24aaxdojc,,,,,,,,,empty
ZTF19aaillan,,,,,,,,,empty
ZTF19abycslo,1.459764603239307,20.231199264526367,19.678699493408203,19.523799896240234,0.5524997711181641,0.15489959716796875,0.0,70.0,ok
ZTF25aagezfh,0.5257866149874332,,,,,,,2.0,ok
ZTF25abfmbhf,0.2741084931038145,17.77239990234375,17.618600845336914,17.220699310302734,0.15379905700683594,0.3979015350341797,0.0,67.0,ok
ZTF25aapsieb,,,,,,,,,empty
ZTF22aaaffer,,,,,,,,,empty
ZTF20acorjop,,,,,,,,,empty
ZTF21aciuhqw,,,,,,,,,empty
ZTF22abkpkej,,,,,,,,,empty
ZTF25aafdxjr,,,,,,,,,empty
ZTF25abyevmr,,,,,,,,,empty
ZTF19aatvmbo,,,,,,,,,empty
ZTF20acobvxk,,,,,,,,,empty
ZTF24aasgaac,1.4155045096493,,21.19890022277832,20.686100006103516,,0.5128002166748047,0.0,6.0,ok
ZTF18abxyutn,0.07960670475807549,,21.806400299072266,18.02589988708496,,3.7805004119873047,1.0,3.0,ok
ZTF19aatvlfl,1.0305726098552153,,20.73419952392578,19.6968994140625,,1.0373001098632812,1.0,18.0,ok
ZTF24aagtqam,0.5480015745274202,21.545000076293945,21.60890007019043,21.271900177001953,-0.06389999389648438,0.33699989318847656,0.0,18.0,ok
ZTF22aauexsq,,,,,,,,,empty
ZTF20aazjwgh,0.8721764971737498,,19.444599151611328,,,,,2.0,ok
ZTF21abuvury,,,,,,,,,empty
ZTF25aaiwalj,,,,,,,,,empty
ZTF25aafejer,,,,,,,,,empty
ZTF20ablvukx,0.45256860403536164,18.998899459838867,18.475200653076172,17.951400756835938,0.5236988067626953,0.5237998962402344,0.0,54.0,ok
ZTF19acygjgx,,,,,,,,,empty
ZTF18aarikzk,0.2256477396414875,18.28070068359375,17.332000732421875,16.9906005859375,0.948699951171875,0.341400146484375,0.0,75.0,ok
ZTF23aadaypx,0.8379550793609748,21.066499710083008,21.168899536132812,21.193899154663086,-0.10239982604980469,-0.024999618530273438,0.0,32.0,ok
ZTF19acitkzs,0.8067650384768309,,21.400699615478516,21.248300552368164,,0.15239906311035156,0.0,2.0,ok
ZTF20achksbc,0.2568038931769095,,21.473899841308594,20.852399826049805,,0.6215000152587891,0.0,4.0,ok
ZTF21abglcxm,,,,,,,,,empty
ZTF20acyrhbo,1.1204645248459517,,,21.11870002746582,,,1.0,2.0,ok
ZTF20aascwvz,,,,,,,,,empty
ZTF23abmodbf,0.2363067090555439,19.962200164794922,19.563899993896484,19.466100692749023,0.3983001708984375,0.09779930114746094,0.0,63.0,ok
ZTF24abbsuhu,1.3677610446940458,20.11870002746582,19.92889976501465,,0.18980026245117188,,,2.0,ok
ZTF18aazjflo,0.06738905574126688,17.451400756835938,17.164199829101562,16.667200088500977,0.287200927734375,0.49699974060058594,0.0,72.0,ok
ZTF21abrssvd,,,,,,,,,empty
ZTF25aaabnwi,,,,,,,,,empty
ZTF20acqvgav,,,,,,,,,empty
ZTF22aajivyw,,,,,,,,,empty
ZTF21abtsoky,0.4459477024038091,18.939199447631836,18.579999923706055,18.313899993896484,0.35919952392578125,0.2660999298095703,0.0,102.0,ok
ZTF19abvdbyx,,,,,,,,,empty
ZTF24ablnmez,1.11661295958354,,,21.483400344848633,,,0.0,2.0,ok
ZTF18abthqde,,,,,,,,,empty
ZTF18acbzojv,1.391425058255767,20.101200103759766,20.366199493408203,20.331499099731445,-0.2649993896484375,0.03470039367675781,0.0,9.0,ok
ZTF20abelnha,1.3973711313282893,,,17.57379913330078,,,,2.0,ok
ZTF23aaawixk,,,,,,,,,empty
ZTF18acuimze,1.2839680415168135,17.696699142456055,17.10770034790039,16.73710060119629,0.5889987945556641,0.37059974670410156,0.0,82.0,ok
ZTF18aauenwu,,,,,,,,,empty
ZTF23aacfiuv,,,,,,,,,empty
ZTF21acqbnkt,,,,,,,,,empty
ZTF22abteetl,,,,,,,,,empty
ZTF20aaporoa,,,,,,,,,empty
ZTF18abjhbss,0.08141034281269038,17.28350067138672,16.578100204467773,16.283000946044922,0.7054004669189453,0.29509925842285156,0.0,59.0,ok
ZTF23aajhosl,,,,,,,,,empty
ZTF21abrpdwb,0.5529053918985408,19.7450008392334,19.19659996032715,19.07550048828125,0.54840087890625,0.12109947204589844,0.0,35.0,ok
ZTF22aaaehzd,,,,,,,,,empty
ZTF23abrqyby,0.39478767226734307,19.820999145507812,20.07819938659668,19.8218994140625,-0.2572002410888672,0.2562999725341797,0.0,64.0,ok
ZTF25aaqyaob,,,,,,,,,empty
ZTF22aaabpkx,,,,,,,,,empty
ZTF18accnnyu,0.8872113487150104,18.746400833129883,18.1697998046875,17.819000244140625,0.5766010284423828,0.350799560546875,0.0,60.0,ok
ZTF19abasxmh,0.1532702056063022,22.136600494384766,22.093299865722656,,0.043300628662109375,,,4.0,ok
ZTF19acxnemy,0.7101211944875918,,21.502399444580078,21.49329948425293,,0.009099960327148438,0.0,5.0,ok
ZTF24abqlrdc,1.1094981101669352,19.090099334716797,18.838199615478516,18.351200103759766,0.25189971923828125,0.48699951171875,0.0,74.0,ok
ZTF22aamhfyu,,,,,,,,,empty
ZTF22abvmfpq,1.0378877500256625,18.929399490356445,18.524099349975586,18.020599365234375,0.4053001403808594,0.5034999847412109,0.0,71.0,ok
ZTF19acshkft,0.9153292179388948,21.23349952697754,20.914100646972656,20.965099334716797,0.3193988800048828,-0.050998687744140625,0.0,51.0,ok
ZTF24abnpugu,,,,,,,,,empty
ZTF19abozuxh,0.7542322647606486,18.94580078125,18.23200035095215,17.81999969482422,0.7138004302978516,0.4120006561279297,0.0,63.0,ok
ZTF23abdhvou,,,,,,,,,empty
ZTF18ablqkud,0.6964469487136467,20.951400756835938,20.883499145507812,,0.067901611328125,,,2.0,ok
ZTF20abcxnbb,,,,,,,,,empty
ZTF23abmpuhp,,,,,,,,,empty
ZTF20acmafkf,,,,,,,,,empty
ZTF24abuyefl,0.6356156461528262,18.674800872802734,18.201000213623047,17.74139976501465,0.4738006591796875,0.45960044860839844,0.0,73.0,ok
ZTF21acionva,1.4264226060767462,21.299400329589844,20.97369956970215,21.098800659179688,0.3257007598876953,-0.12510108947753906,0.0,31.0,ok
ZTF19aanijpu,1.4367262072810525,,,,,,,3.0,ok
ZTF20abcqpdj,0.6655090525207229,18.33340072631836,17.94059944152832,17.549999237060547,0.39280128479003906,0.39060020446777344,0.0,77.0,ok
ZTF19aawethv,,,,,,,,,empty
ZTF22abivrnq,,,,,,,,,empty
ZTF25acgxfng,,,,,,,,,empty
ZTF23abjhvzr,,,,,,,,,empty
ZTF18acqsztr,0.9068040437876116,18.85300064086914,18.235200881958008,17.622600555419922,0.6177997589111328,0.6126003265380859,0.0,77.0,ok
ZTF21aaswtok,1.3119625079484152,,,17.69179916381836,,,0.0,2.0,ok
ZTF19acaqoef,0.6375131003118438,,20.229999542236328,20.158100128173828,,0.0718994140625,0.0,8.0,ok
ZTF19aadyoqz,0.9615245107187768,,,,,,,2.0,ok
ZTF20aaomeaa,,,,,,,,,empty
ZTF24abpvqxe,1.0828730884963669,19.327199935913086,18.856199264526367,18.68320083618164,0.47100067138671875,0.17299842834472656,0.0,81.0,ok
ZTF25aaortzp,,,,,,,,,empty
ZTF24abzlfhf,1.3982950738101465,19.724199295043945,19.938199996948242,,-0.21400070190429688,,,4.0,ok
ZTF21acaszik,,,,,,,,,empty
ZTF23aanptpp,0.7877931503954979,19.656999588012695,19.656400680541992,19.206300735473633,0.000598907470703125,0.4500999450683594,0.0,82.0,ok
ZTF24abnpelc,0.6943458079662974,18.806299209594727,17.973400115966797,17.571699142456055,0.8328990936279297,0.4017009735107422,0.0,76.0,ok
ZTF20aceyolc,0.546330384123862,,,20.845800399780273,,,0.0,3.0,ok
ZTF18aaxsioa,,,,,,,,,empty
ZTF21aarqkes,,,,,,,,,empty
ZTF22aahefxi,,,,,,,,,empty
ZTF22abiflfo,,,,,,,,,empty
ZTF21aaqwfqe,0.8980792571908447,,,20.06879997253418,,,0.0,2.0,ok
ZTF21acaqdee,0.7111719441074383,21.179800033569336,21.221799850463867,,-0.04199981689453125,,,2.0,ok
ZTF19aazyvub,,,,,,,,,empty
ZTF20aausxam,,,,,,,,,empty
ZTF21aaxycms,,,,,,,,,empty
ZTF20aavvjie,,,,,,,,,empty
ZTF19acmbekd,,,,,,,,,empty
ZTF20aaznpor,1.3261109911094768,16.470600128173828,15.864500045776367,15.570799827575684,0.6061000823974609,0.2937002182006836,0.0,95.0,ok
ZTF22abinbxm,,,,,,,,,empty
ZTF23aaelwoi,,,,,,,,,empty
ZTF21aavodtn,,,,,,,,,empty
ZTF18acrdmmw,,,,,,,,,empty
ZTF19acjuomg,0.8449290590739187,,21.77400016784668,21.5447998046875,,0.2292003631591797,0.0,7.0,ok
ZTF25aairncf,0.4310497925092872,,,19.85420036315918,,,0.0,2.0,ok
ZTF21abfionl,0.23966071383922277,21.01930046081543,20.5762996673584,20.53849983215332,0.44300079345703125,0.037799835205078125,0.0,66.0,ok
ZTF23abtttrl,,,,,,,,,empty
ZTF18abjijwk,0.9809500139822265,18.989099502563477,18.304100036621094,17.738399505615234,0.6849994659423828,0.5657005310058594,0.0,75.0,ok
ZTF25aajcusp,,,,,,,,,empty
ZTF24aaoosca,0.1436303645091883,,22.03529930114746,21.611099243164062,,0.42420005798339844,,2.0,ok
ZTF19abafmwj,,,,,,,,,empty
ZTF18acsxwdi,,,,,,,,,empty
ZTF23abiearq,,,,,,,,,empty
ZTF25aalycqc,,,,,,,,,empty
ZTF24abfwmpi,1.3182026893473568,20.824100494384766,20.770700454711914,20.524599075317383,0.05340003967285156,0.24610137939453125,0.0,22.0,ok
ZTF22aaygzdb,,,,,,,,,empty
ZTF22aajpgof,0.680380806418442,20.959800720214844,20.75659942626953,,0.2032012939453125,,,5.0,ok
ZTF20acqucpz,0.2777108396014261,,21.948299407958984,,,,,2.0,ok
ZTF19abadskf,,,,,,,,,empty
ZTF22aaiiikj,,,,,,,,,empty
ZTF21aagmzio,,,,,,,,,empty
ZTF20aayjyhp,,,,,,,,,empty
ZTF22abyivov,,,,,,,,,empty
ZTF20aautzif,,,,,,,,,empty
ZTF23abahmgm,0.3609472540301556,18.497400283813477,18.0226993560791,18.197799682617188,0.474700927734375,-0.17510032653808594,0.0,60.0,ok
ZTF22aaaeibb,0.26464437837948546,21.335399627685547,21.04520034790039,20.813499450683594,0.29019927978515625,0.23170089721679688,0.0,46.0,ok
ZTF19acspfcb,0.09126049794501312,18.438600540161133,17.641599655151367,17.26059913635254,0.7970008850097656,0.3810005187988281,0.0,93.0,ok
ZTF20aaimqhh,0.08744569422485474,21.778200149536133,21.789400100708008,21.670400619506836,-0.011199951171875,0.11899948120117188,1.0,20.0,ok
ZTF22abcfics,0.43140771579435105,21.689899444580078,21.143699645996094,20.841400146484375,0.5461997985839844,0.30229949951171875,0.0,26.0,ok
ZTF24abdndji,,,,,,,,,empty
ZTF18acptgzz,1.1431877816507612,,,19.491199493408203,,,0.0,2.0,ok
ZTF19aayogzn,0.700504615437507,,19.360000610351562,19.149799346923828,,0.21020126342773438,0.0,3.0,ok
ZTF20abrgzfn,,,,,,,,,empty
ZTF21aabpszb,,,,,,,,,empty
ZTF21abfqvjb,,,,,,,,,empty
ZTF22abxonqa,,,,,,,,,empty
ZTF22aaddtiu,,,,,,,,,empty
ZTF25aalvbwm,0.787640059332251,20.870500564575195,20.897199630737305,,-0.026699066162109375,,,3.0,ok
ZTF22abghgca,,,,,,,,,empty
ZTF23abcdfwg,,,,,,,,,empty
ZTF18abjdjge,,,,,,,,,empty
ZTF22abkisoc,,,,,,,,,empty
ZTF24aaijpcp,,,,,,,,,empty
ZTF18abyfcns,0.13927340117686832,17.33370018005371,17.042400360107422,16.48780059814453,0.29129981994628906,0.5545997619628906,0.0,88.0,ok
ZTF20acnvprg,0.12451385456179148,18.99209976196289,18.12779998779297,18.001399993896484,0.8642997741699219,0.12639999389648438,0.0,72.0,ok
ZTF24abbmixl,,,,,,,,,empty
ZTF19acgzzea,,,,,,,,,empty
ZTF22aaaiyzf,,,,,,,,,empty
ZTF21aagrbpi,,,,,,,,,empty
ZTF18acuring,0.5741959154751465,19.069000244140625,18.27589988708496,18.109899520874023,0.7931003570556641,0.1660003662109375,0.0,67.0,ok
ZTF23abovvas,0.7521712545323697,17.923599243164062,17.297700881958008,16.786800384521484,0.6258983612060547,0.5109004974365234,0.0,96.0,ok
ZTF21aapkfjx,1.202798430965595,,19.59429931640625,19.916000366210938,,-0.3217010498046875,,2.0,ok
ZTF19aayvpbf,0.16396673451868388,16.91790008544922,16.734600067138672,16.303499221801758,0.18330001831054688,0.43110084533691406,0.0,100.0,ok
ZTF22abiwpck,0.3317717726850337,17.77589988708496,16.90049934387207,16.663299560546875,0.8754005432128906,0.2371997833251953,0.0,71.0,ok
ZTF20aaifybu,,,,,,,,,empty
ZTF22aaajife,,,,,,,,,empty
ZTF18aadzfso,0.21808850162649318,18.334199905395508,17.65679931640625,17.11829948425293,0.6774005889892578,0.5384998321533203,0.0,98.0,ok
ZTF21aateglh,,,,,,,,,empty
ZTF19adaxzax,0.2985489335421651,,20.397499084472656,20.933799743652344,,-0.5363006591796875,0.0,10.0,ok
ZTF19abiqwtf,0.12419109104621669,,17.77280044555664,17.616899490356445,,0.1559009552001953,1.0,14.0,ok
ZTF21abmsppx,,,,,,,,,empty
ZTF20aarkdoj,1.3534877494084676,,24.678199768066406,,,,,2.0,ok
ZTF20abxpzxg,,,,,,,,,empty
ZTF18abquher,0.26999057962678014,19.259899139404297,18.681800842285156,18.29210090637207,0.5780982971191406,0.38969993591308594,0.0,81.0,ok
ZTF18abpaywm,,,,,,,,,empty
ZTF18abmwnov,,,,,,,,,empty
ZTF25abdkrgt,,,,,,,,,empty
ZTF24aaiegxv,,,,,,,,,empty
ZTF23abudnet,,,,,,,,,empty
ZTF21abowpnd,1.4835239044866275,19.509000778198242,18.71739959716797,18.249300003051758,0.7916011810302734,0.46809959411621094,0.0,64.0,ok
ZTF18aauhxce,,,,,,,,,empty
ZTF19abdkdoz,,,,,,,,,empty
ZTF25aaqqjud,0.8736111625778766,,21.434499740600586,,,,,2.0,ok
ZTF22aahhrks,,,,,,,,,empty
ZTF22aaozpun,0.16976814139867347,21.78179931640625,21.719499588012695,21.429000854492188,0.06229972839355469,0.2904987335205078,0.0,6.0,ok
ZTF21aapvsxv,,,,,,,,,empty
ZTF19acmbkmr,0.7734757365366196,20.973800659179688,20.33449935913086,20.316200256347656,0.6393013000488281,0.018299102783203125,0.0,59.0,ok
ZTF21aapkcmr,,,,,,,,,empty
ZTF20acizliy,,,,,,,,,empty
ZTF20abjbgjj,1.4856540971974606,20.588300704956055,20.24880027770996,19.995500564575195,0.33950042724609375,0.2532997131347656,0.0,10.0,ok
ZTF23aaqajsw,0.8784311497926217,19.71980094909668,19.574399948120117,19.55739974975586,0.1454010009765625,0.017000198364257812,0.0,79.0,ok
ZTF19abqgzea,,,,,,,,,empty
ZTF25aawvjbd,,,,,,,,,empty
ZTF21achgfbk,,,,,,,,,empty
ZTF24aatccmo,,,,,,,,,empty
ZTF22aaskqqq,,,,,,,,,empty
ZTF20aamiwbp,,,,,,,,,empty
ZTF22aahgubb,0.3805846644282937,,,20.023700714111328,,,0.0,2.0,ok
ZTF25aadjmcf,,,,,,,,,empty
ZTF24abtvopb,0.8424742519299288,18.361099243164062,17.486400604248047,17.46940040588379,0.8746986389160156,0.017000198364257812,0.0,60.0,ok
ZTF20aaiftgi,,,,,,,,,empty
ZTF18aamtrdu,1.0303116741359457,,,16.988800048828125,,,0.0,2.0,ok
ZTF20abjuxoy,,,,,,,,,empty
ZTF19aadgimr,,,,,,,,,empty
ZTF21aaxtije,0.09941624053547243,,19.321300506591797,,,,,2.0,ok
ZTF20abbpory,,,,,,,,,empty
ZTF23abjacqc,0.05488701302144775,,19.11639976501465,19.48310089111328,,-0.3667011260986328,0.0,3.0,ok
ZTF20acqksdi,,,,,,,,,empty
ZTF19abopflp,,,,,,,,,empty
ZTF24abquyel,,,,,,,,,empty
ZTF21aceehxt,,,,,,,,,empty
ZTF20abbplei,,,,,,,,,empty
ZTF19abuzpmr,,,,,,,,,empty
ZTF19ablfdwt,,,,,,,,,empty
ZTF18aaqcugm,,,,,,,,,empty
ZTF21abkquhv,,,,,,,,,empty
ZTF22abxlfpl,1.409046918708596,18.685300827026367,17.967300415039062,18.05229949951172,0.7180004119873047,-0.08499908447265625,0.0,60.0,ok
ZTF18acqnzso,0.6364445476593854,17.187700271606445,15.994999885559082,15.558300018310547,1.1927003860473633,0.43669986724853516,0.0,65.0,ok
ZTF22aarwwyy,,,,,,,,,empty
ZTF22abfrbnl,0.42575453155965676,21.70509910583496,21.276899337768555,20.794300079345703,0.42819976806640625,0.48259925842285156,0.0,53.0,ok
ZTF21abvfacx,,,,,,,,,empty
ZTF21abwxaht,0.4694532748790745,17.99180030822754,17.090599060058594,16.58769989013672,0.9012012481689453,0.502899169921875,0.0,72.0,ok
ZTF18absspcp,1.322000714931522,18.487199783325195,17.769699096679688,17.42140007019043,0.7175006866455078,0.3482990264892578,0.0,86.0,ok
ZTF22abaadbc,,,,,,,,,empty
ZTF21acgumps,,,,,,,,,empty
ZTF21aauuybx,0.11877187427152672,20.48069953918457,20.131799697875977,19.874799728393555,0.34889984130859375,0.2569999694824219,0.0,59.0,ok
ZTF23aajkisd,0.3034862973456858,19.764400482177734,19.48699951171875,19.471900939941406,0.2774009704589844,0.01509857177734375,0.0,19.0,ok
ZTF21abfxlvo,,,,,,,,,empty
ZTF23abbzhug,,,,,,,,,empty
ZTF23aaczpmh,0.22908798185038223,18.607799530029297,17.881999969482422,17.540700912475586,0.725799560546875,0.34129905700683594,0.0,92.0,ok
ZTF19abgqvyr,,,,,,,,,empty
ZTF24abhhzrp,0.5629952095121987,18.374799728393555,18.54400062561035,18.686399459838867,-0.16920089721679688,-0.14239883422851562,0.0,37.0,ok
ZTF25aboruxa,0.9767280385319074,,21.545900344848633,,,,,2.0,ok
ZTF22abipidm,,,,,,,,,empty
ZTF20abmcxct,,,,,,,,,empty
ZTF18adaruzw,0.28976468450618914,21.344999313354492,20.450899124145508,19.829200744628906,0.8941001892089844,0.6216983795166016,0.0,72.0,ok
ZTF22abatqod,1.2173243314958104,,18.107900619506836,,,,,2.0,ok
ZTF20acgoxns,,,,,,,,,empty
ZTF22aamiomf,,,,,,,,,empty
ZTF25ablihfx,0.25687169666801396,21.74449920654297,,21.253700256347656,,,0.0,3.0,ok
ZTF18aailmnv,,,,,,,,,empty
ZTF22abegteh,0.4309649751400786,18.7544002532959,18.083599090576172,18.18630027770996,0.6708011627197266,-0.10270118713378906,0.0,65.0,ok
ZTF18aaiwzie,0.3997745005365555,20.291900634765625,19.59670066833496,19.443700790405273,0.6951999664306641,0.1529998779296875,0.0,63.0,ok
ZTF22aajluly,,,,,,,,,empty
ZTF22abjhwce,,,,,,,,,empty
ZTF19aadooun,,,,,,,,,empty
ZTF22abbtqmf,,,,,,,,,empty
ZTF22abghdno,,,,,,,,,empty
ZTF21abrxgiv,1.249600635406441,19.608800888061523,19.725900650024414,19.199499130249023,-0.11709976196289062,0.5264015197753906,0.0,64.0,ok
ZTF19aamfxby,0.8534401258490205,,20.547300338745117,20.422800064086914,,0.12450027465820312,,3.0,ok
ZTF19abxfunp,0.5448233167057634,18.14459991455078,17.602100372314453,17.301700592041016,0.5424995422363281,0.3003997802734375,0.0,81.0,ok
ZTF18aaaibml,0.5024985231015556,17.46190071105957,17.302600860595703,17.421300888061523,0.1592998504638672,-0.11870002746582031,0.0,72.0,ok
ZTF23abcufxh,,,,,,,,,empty
ZTF23aamfmqm,,,,,,,,,empty
ZTF19aadwtoe,,,,,,,,,empty
ZTF22abddvec,0.14237062046024476,20.345300674438477,19.87649917602539,19.587499618530273,0.46880149841308594,0.2889995574951172,0.0,81.0,ok
ZTF21abdbodg,0.35715295725063806,21.493900299072266,21.40019989013672,21.240400314331055,0.09370040893554688,0.15979957580566406,0.0,31.0,ok
ZTF21acjnzdh,0.3513185673849809,18.37019920349121,17.830900192260742,17.383800506591797,0.5392990112304688,0.4470996856689453,0.0,75.0,ok
ZTF23aazfapq,0.9823795770474093,19.62809944152832,19.513399124145508,19.13159942626953,0.1147003173828125,0.38179969787597656,0.0,67.0,ok
ZTF22aasdtcq,,,,,,,,,empty
ZTF21abaxaqq,0.09517300712451364,19.8346004486084,19.15329933166504,18.862600326538086,0.6813011169433594,0.2906990051269531,0.0,52.0,ok
ZTF25abwkmwj,,,,,,,,,empty
ZTF25abxcktl,0.9002035730626728,20.961700439453125,21.03569984436035,20.66320037841797,-0.07399940490722656,0.3724994659423828,0.0,9.0,ok
ZTF19abcoosk,0.08425389407787345,22.32990074157715,21.4606990814209,,0.86920166015625,,,6.0,ok
ZTF24aagkwfe,0.23691951231636357,18.481800079345703,18.797800064086914,18.477100372314453,-0.31599998474121094,0.32069969177246094,0.0,84.0,ok
ZTF24aakrsww,0.22133311774839157,18.926799774169922,18.100200653076172,17.721500396728516,0.82659912109375,0.37870025634765625,0.0,83.0,ok
ZTF24aaartcf,,,,,,,,,empty
ZTF20acfvqjl,,,,,,,,,empty
ZTF23abvbqrz,,,,,,,,,empty
ZTF24abjledk,,,,,,,,,empty
ZTF19abylxyt,0.5750110429696492,17.528600692749023,16.93320083618164,16.650800704956055,0.5953998565673828,0.28240013122558594,0.0,65.0,ok
ZTF25abidcdj,0.1395425848497804,18.76180076599121,17.811899185180664,17.498699188232422,0.9499015808105469,0.3131999969482422,0.0,69.0,ok
ZTF18aczdtgn,0.38329672614757354,18.74679946899414,18.051799774169922,17.679000854492188,0.6949996948242188,0.3727989196777344,0.0,87.0,ok
ZTF23aadtwfs,0.16765668769831885,20.88249969482422,20.532699584960938,20.531299591064453,0.34980010986328125,0.001399993896484375,0.0,56.0,ok
ZTF19aatqzim,,,,,,,,,empty
ZTF20acxdawc,0.9347963651853084,16.963300704956055,16.320499420166016,15.950300216674805,0.6428012847900391,0.37019920349121094,0.0,69.0,ok
ZTF18acpfwmm,,,,,,,,,empty
ZTF22aaevnvp,,,,,,,,,empty
ZTF22abhwlnm,0.7706594419819633,,22.494400024414062,,,,,2.0,ok
ZTF20aczhajq,,,,,,,,,empty
ZTF23aaqtcxl,,,,,,,,,empty
ZTF20acgnenc,0.6715971137962725,,,,,,,2.0,ok
ZTF20aciudrr,0.6536022025350928,,,20.87809944152832,,,0.0,2.0,ok
ZTF22abuqitl,1.1812752152120785,21.65559959411621,21.753599166870117,,-0.09799957275390625,,,3.0,ok
ZTF21aaublej,0.7299732440718898,,,,,,,2.0,ok
ZTF20abqlawg,0.29877337577102114,18.562700271606445,17.717199325561523,17.095800399780273,0.8455009460449219,0.62139892578125,0.0,75.0,ok
ZTF23aacgjgl,1.4659224827201942,19.542699813842773,18.843000411987305,18.93899917602539,0.6996994018554688,-0.09599876403808594,0.0,58.0,ok
ZTF19aaeopqn,,,,,,,,,empty
ZTF22aaokebo,,,,,,,,,empty
ZTF18acsyaye,,,,,,,,,empty
ZTF20aaezgkg,,,,,,,,,empty
ZTF23aandvzg,,,,,,,,,empty
ZTF22aasojye,1.0204930980480704,,,17.761600494384766,,,0.0,3.0,ok
ZTF21abcnkbe,,,,,,,,,empty
ZTF23abfmlft,0.6679188705382763,,,,,,,2.0,ok
ZTF23aacyfpi,,,,,,,,,empty
ZTF19adajqcq,1.4515845677061134,21.154199600219727,21.146799087524414,20.817899703979492,0.0074005126953125,0.3288993835449219,0.0,51.0,ok
ZTF24aappkyo,,,,,,,,,empty
ZTF23abaxtlq,0.8554392983879119,18.677900314331055,,18.89349937438965,,,0.0,3.0,ok
ZTF24aaoaega,,,,,,,,,empty
ZTF22aaosjja,0.4391638395382455,21.059900283813477,20.940799713134766,20.82699966430664,0.11910057067871094,0.113800048828125,0.0,51.0,ok
ZTF25acibvls,,,,,,,,,empty
ZTF18achbllm,,,,,,,,,empty
ZTF24abzbdqw,,,,,,,,,empty
ZTF19aarfnto,1.4978718039857093,19.047300338745117,18.21339988708496,18.06290054321289,0.8339004516601562,0.1504993438720703,0.0,59.0,ok
ZTF22abggmae,,,,,,,,,empty
ZTF21aarrwdu,,,,,,,,,empty
ZTF21abmxiuf,,,,,,,,,empty
ZTF21aapowty,,,,,,,,,empty
ZTF20aanafwi,,,,,,,,,empty
ZTF20aclnplo,0.4653218827740022,17.65220069885254,16.9862003326416,16.913799285888672,0.6660003662109375,0.07240104675292969,0.0,76.0,ok
ZTF25aafpooi,,,,,,,,,empty
ZTF24abpzvky,,,,,,,,,empty
ZTF24aagjqcx,0.2746137582114892,19.068500518798828,18.832700729370117,18.715200424194336,0.23579978942871094,0.11750030517578125,0.0,70.0,ok
ZTF21abezlqc,0.9629108950433966,,,,,,,8.0,ok
ZTF22aaialae,,,,,,,,,empty
ZTF20aasvmbk,1.024314946772934,20.18910026550293,20.06089973449707,20.085899353027344,0.12820053100585938,-0.024999618530273438,0.0,51.0,ok
ZTF19acdtmwh,,,,,,,,,empty
ZTF21acgmvhs,,,,,,,,,empty
ZTF18abjsdwi,0.08094398094938587,,22.11240005493164,18.715200424194336,,3.3971996307373047,1.0,6.0,ok
ZTF23aaczaua,,,,,,,,,empty
ZTF18aawpcel,,,,,,,,,empty
ZTF21acolmss,,,,,,,,,empty
ZTF18abujcwj,0.11339579191093481,21.884700775146484,21.316600799560547,21.62700080871582,0.5680999755859375,-0.31040000915527344,1.0,21.0,ok
ZTF18acbwavp,,,,,,,,,empty
ZTF22abrboyl,,,,,,,,,empty
ZTF25abadtsx,,,,,,,,,empty
ZTF22abfwthv,0.9415565900386276,18.319599151611328,17.828100204467773,17.684600830078125,0.4914989471435547,0.14349937438964844,0.0,81.0,ok
ZTF23absgcqv,0.6756496321449353,18.483699798583984,17.760099411010742,17.25550079345703,0.7236003875732422,0.5045986175537109,0.0,75.0,ok
ZTF25abwkieo,0.12109233604454793,21.654300689697266,21.622800827026367,21.767000198364258,0.03149986267089844,-0.14419937133789062,0.0,4.0,ok
ZTF25abrpnbo,,,,,,,,,empty
ZTF19abqxhhr,,,,,,,,,empty
ZTF19abqimia,0.45361773036064473,20.897300720214844,20.826400756835938,20.84149932861328,0.07089996337890625,-0.01509857177734375,0.0,26.0,ok
ZTF21acdkydg,,,,,,,,,empty
ZTF20acfnuee,,,,,,,,,empty
ZTF23aadqalu,,,,,,,,,empty
ZTF25aapdivq,,,,,,,,,empty
ZTF21aafepon,,,,,,,,,empty
ZTF22abtciik,,,,,,,,,empty
ZTF18acecqjl,0.16240076177283905,,20.83449935913086,21.105499267578125,,-0.2709999084472656,0.0,10.0,ok
ZTF20abushtf,0.7107379997600797,22.13680076599121,21.609500885009766,21.423200607299805,0.5272998809814453,0.18630027770996094,0.0,21.0,ok
ZTF24ablkgwk,1.1534758070013738,,,20.843799591064453,,,0.0,2.0,ok
ZTF18aawglif,1.3902433191114791,20.2731990814209,19.717599868774414,19.35420036315918,0.5555992126464844,0.3633995056152344,0.0,83.0,ok
ZTF22aaekgxv,,,,,,,,,empty
ZTF21aaabuoj,,,,,,,,,empty
ZTF20achwpvs,0.15233108723826747,18.784400939941406,18.047199249267578,17.562700271606445,0.7372016906738281,0.4844989776611328,0.0,83.0,ok
ZTF19adgooar,0.39906166882479055,17.067699432373047,16.812000274658203,16.5846004486084,0.25569915771484375,0.2273998260498047,0.0,58.0,ok
ZTF21aaaadmo,,,,,,,,,empty
ZTF19acetwqh,,,,,,,,,empty
ZTF19aanbpus,0.37140282858325546,15.67240047454834,15.501399993896484,15.29889965057373,0.17100048065185547,0.2025003433227539,0.0,64.0,ok
ZTF22abeltic,,,,,,,,,empty
ZTF20abbozif,0.5909501454082494,,20.150699615478516,,,,,5.0,ok
ZTF22aaezjuu,1.4434271344463332,,20.84000015258789,,,,,4.0,ok
ZTF25ababepu,0.8717105069616707,19.280099868774414,18.677099227905273,18.40730094909668,0.6030006408691406,0.26979827880859375,0.0,57.0,ok
ZTF21aaqupdt,0.39933559724693607,19.292400360107422,18.426300048828125,18.20240020751953,0.8661003112792969,0.22389984130859375,0.0,75.0,ok
ZTF21aahdqrg,,,,,,,,,empty
ZTF24aaqkwby,,,,,,,,,empty
ZTF20aautscv,,,,,,,,,empty
ZTF22aaofdht,,,,,,,,,empty
ZTF18aaqehoc,0.2751241776316268,19.168699264526367,18.343700408935547,18.046199798583984,0.8249988555908203,0.2975006103515625,0.0,85.0,ok
ZTF25aafofmu,0.39235318317862866,18.721599578857422,17.652799606323242,17.30120086669922,1.0687999725341797,0.35159873962402344,0.0,69.0,ok
ZTF25abjiyiz,,,,,,,,,empty
ZTF24aatakmz,0.9417583943022598,,19.79129981994629,20.742700576782227,,-0.9514007568359375,,2.0,ok
ZTF20acumrio,1.2092325932485566,17.08300018310547,16.69700050354004,16.59000015258789,0.3859996795654297,0.10700035095214844,,2.0,ok
ZTF19aaairqh,,,,,,,,,empty
ZTF21aaopqyt,,,,,,,,,empty
ZTF20aafdeza,,,,,,,,,empty
ZTF20aaulzvl,,,,,,,,,empty
ZTF21abplgag,,,,,,,,,empty
ZTF19aawscqd,0.23855205820794864,18.30470085144043,17.900800704956055,17.458799362182617,0.403900146484375,0.4420013427734375,0.0,98.0,ok
ZTF22abyszwg,,,,,,,,,empty
ZTF25aactdcs,,,,,,,,,empty
ZTF24aaugxzp,,,,,,,,,empty
ZTF19abfdsbu,,,,,,,,,empty
ZTF24aauyupk,,,,,,,,,empty
ZTF24abesffh,,,,,,,,,empty
ZTF22abmxzxm,0.8943333074504055,18.403900146484375,17.577699661254883,17.3085994720459,0.8262004852294922,0.2691001892089844,0.0,67.0,ok
ZTF20acfvqdz,,,,,,,,,empty
ZTF24abtzpka,,,,,,,,,empty
ZTF25abzmbay,,,,,,,,,empty
ZTF19abbnamr,1.2145183500212384,18.538400650024414,18.408300399780273,,0.13010025024414062,,,16.0,ok
ZTF20aaewban,,,,,,,,,empty
ZTF22aalyfii,,,,,,,,,empty
ZTF24abejmqz,1.0235974414547737,,,,,,,2.0,ok
ZTF24aauvgjm,0.4554311054198714,19.73579978942871,19.55699920654297,19.170499801635742,0.1788005828857422,0.38649940490722656,0.0,49.0,ok
ZTF23aarjxfj,,,,,,,,,empty
ZTF19abdkecj,,,,,,,,,empty
ZTF25abkxdfp,1.0141267716338647,,,20.003400802612305,,,,4.0,ok
ZTF19aadnxog,0.961682593070408,20.80970001220703,21.199899673461914,18.693099975585938,-0.3901996612548828,2.5067996978759766,1.0,15.0,ok
ZTF22aakyrye,1.0996613988819632,22.047500610351562,21.986000061035156,21.879899978637695,0.06150054931640625,0.10610008239746094,0.0,6.0,ok
ZTF20abwyyjc,,,,,,,,,empty
ZTF21abfoxwp,,,,,,,,,empty
ZTF22aaknrtp,0.26476207303788346,19.813600540161133,19.210100173950195,18.825300216674805,0.6035003662109375,0.3847999572753906,0.0,85.0,ok
ZTF20abefzfc,,,,,,,,,empty
ZTF23aaemgsd,0.9451195434535989,13.234000205993652,13.112000465393066,13.130000114440918,0.12199974060058594,-0.017999649047851562,,65.0,ok
ZTF19abdznxo,0.5801541049195438,20.520700454711914,20.208200454711914,19.862699508666992,0.3125,0.3455009460449219,0.0,52.0,ok
ZTF23aaejwfe,,,,,,,,,empty
ZTF22abgvnle,,,,,,,,,empty
ZTF23abgkmxh,0.8576693332618568,,20.023000717163086,,,,,2.0,ok
ZTF25acczblu,0.12492272254444939,21.462600708007812,20.9424991607666,20.696500778198242,0.5201015472412109,0.24599838256835938,0.0,21.0,ok
ZTF24aajhxqs,0.17182924172335354,20.865699768066406,20.80699920654297,20.5625,0.0587005615234375,0.24449920654296875,0.0,29.0,ok
ZTF23aabsicf,,,,,,,,,empty
ZTF20acusneh,,,,,,,,,empty
ZTF20aaydgsu,,,,,,,,,empty
ZTF18accnmri,,,,,,,,,empty
ZTF22aamglev,,,,,,,,,empty
ZTF19aavbkly,,,,,,,,,empty
ZTF20abmxovj,1.4906728430540048,18.572599411010742,17.92639923095703,17.527799606323242,0.6462001800537109,0.39859962463378906,0.0,52.0,ok
ZTF21acaegsr,0.5761612164294291,18.25429916381836,17.501800537109375,17.10110092163086,0.7524986267089844,0.4006996154785156,0.0,81.0,ok
ZTF19aailqli,,,,,,,,,empty
ZTF21aasgcve,0.5371052156286569,19.965099334716797,19.460399627685547,19.245800018310547,0.50469970703125,0.214599609375,0.0,58.0,ok
ZTF23aaejvzv,0.5061091585370812,22.11370086669922,22.206499099731445,22.003599166870117,-0.09279823303222656,0.20289993286132812,0.0,6.0,ok
ZTF22absmdsy,,,,,,,,,empty
ZTF18aaakpoh,0.059044119647879346,17.330900192260742,17.266399383544922,16.654699325561523,0.06450080871582031,0.6117000579833984,0.0,60.0,ok
ZTF22abyagmy,,,,,,,,,empty
ZTF21aaigdly,,,,,,,,,empty
ZTF23aangpza,0.5562129186342447,20.36359977722168,19.41029930114746,,0.9533004760742188,,,5.0,ok
ZTF22aajrdad,0.5072013513164678,19.302900314331055,18.626100540161133,17.872299194335938,0.6767997741699219,0.7538013458251953,0.0,68.0,ok
ZTF20abfemvr,,,,,,,,,empty
ZTF20aavqfli,,,,,,,,,empty
ZTF24aaitxdn,1.2331985403988293,18.910999298095703,20.20240020751953,,-1.2914009094238281,,,5.0,ok
ZTF20aaurknv,,,,,,,,,empty
ZTF21aaejeyu,,,,,,,,,empty
ZTF18aankxqv,1.2405714747086463,18.58690071105957,17.819400787353516,17.331499099731445,0.7674999237060547,0.4879016876220703,0.0,88.0,ok
ZTF24abzklro,,,,,,,,,empty
ZTF20aadcdzj,,,,,,,,,empty
ZTF20aayknlo,,,,,,,,,empty
ZTF25aabpoxz,0.5395961744902796,,,19.374900817871094,,,0.0,3.0,ok
ZTF23aaawcvx,,,,,,,,,empty
ZTF25aanmfji,,,,,,,,,empty
ZTF23aaavyag,,,,,,,,,empty
ZTF18acbwaax,0.3495191742884534,21.86549949645996,21.492300033569336,21.400999069213867,0.373199462890625,0.09130096435546875,0.0,52.0,ok
ZTF21aazazvw,0.9832976902668065,,,18.935800552368164,,,,2.0,ok
ZTF25aaexcaf,0.24978759705086012,,21.93869972229004,21.63479995727539,,0.30389976501464844,0.0,2.0,ok
ZTF20abrgylo,,,,,,,,,empty
ZTF23aafvstn,0.5009355325251041,,,20.537099838256836,,,0.0,4.0,ok
ZTF20abvdtgl,0.8475943104120031,18.31279945373535,17.65850067138672,17.127899169921875,0.6542987823486328,0.5306015014648438,0.0,75.0,ok
ZTF22aacwsjl,0.29198937893716703,18.29990005493164,17.902700424194336,17.475099563598633,0.3971996307373047,0.4276008605957031,0.0,75.0,ok
ZTF22aadkxfy,0.3373393645028736,20.522499084472656,20.32229995727539,20.157100677490234,0.20019912719726562,0.16519927978515625,0.0,52.0,ok
ZTF19acrenwk,1.2578342740641868,18.865299224853516,18.05769920349121,17.68709945678711,0.8076000213623047,0.37059974670410156,0.0,42.0,ok
ZTF18abbvsiv,,,,,,,,,empty
ZTF19abinjcy,,,,,,,,,empty
ZTF22abmucza,,,,,,,,,empty
ZTF23aadjsyj,,,,,,,,,empty
ZTF24abtzczp,1.3834829781162779,,20.449600219726562,18.797500610351562,,1.652099609375,0.0,3.0,ok
ZTF20aazsyvu,0.13345350710706183,21.62380027770996,21.2096004486084,21.368200302124023,0.4141998291015625,-0.158599853515625,0.0,27.0,ok
ZTF25aajupcd,,,,,,,,,empty
ZTF25abbshoi,1.432356796408154,,20.601699829101562,,,,,2.0,ok
ZTF20aamovgw,,,,,,,,,empty
ZTF25abekolv,,,,,,,,,empty
ZTF21abctmnb,,,,,,,,,empty
ZTF22abmjdfo,,,,,,,,,empty
ZTF25acbcfzr,,,,,,,,,empty
ZTF20achdcni,,,,,,,,,empty
ZTF20aauompx,,,,,,,,,empty
ZTF19abqrhvt,,,,,,,,,empty
ZTF21aaoqvzv,,,,,,,,,empty
ZTF20acfqngt,0.6323648795801694,,21.200000762939453,,,,,2.0,ok
ZTF18aavoyoq,0.08024920077492921,17.751100540161133,17.967199325561523,18.765100479125977,-0.21609878540039062,-0.7979011535644531,1.0,11.0,ok
ZTF21abqpwpu,,,,,,,,,empty
ZTF22aawdqfp,,,,,,,,,empty
ZTF24abxpkhb,,,,,,,,,empty
ZTF24aagijmg,,,,,,,,,empty
ZTF21abqqcxf,,,,,,,,,empty
ZTF24ablvbgb,,,,,,,,,empty
ZTF22abyrlaw,0.8423209894302197,18.542400360107422,17.937599182128906,17.490800857543945,0.6048011779785156,0.44679832458496094,0.0,85.0,ok
ZTF18abfhaji,,,,,,,,,empty
ZTF21aagoliy,,,,,,,,,empty
ZTF25aaqfvek,0.4732700313266671,22.071199417114258,21.524900436401367,21.581100463867188,0.5462989807128906,-0.05620002746582031,0.0,13.0,ok
ZTF19acxqaot,,,,,,,,,empty
ZTF18acpeesd,0.9418726021306921,,,,,,,3.0,ok
ZTF22aadesjc,0.3674718961638408,20.165700912475586,19.863000869750977,19.673900604248047,0.3027000427246094,0.1891002655029297,0.0,74.0,ok
ZTF24abszjmr,,,,,,,,,empty
ZTF25abskgbv,,,,,,,,,empty
ZTF23aaxoybh,,,,,,,,,empty
ZTF25aacgxjf,0.43431919693968724,21.371999740600586,21.02359962463379,20.798099517822266,0.3484001159667969,0.22550010681152344,0.0,55.0,ok
ZTF20abaknoz,1.0536447044548742,,,21.394699096679688,,,0.0,2.0,ok
ZTF20aacedmi,0.8013494446910294,18.3617000579834,17.63719940185547,17.193099975585938,0.7245006561279297,0.44409942626953125,0.0,78.0,ok
ZTF19abpxcaf,,,,,,,,,empty
ZTF22aajiynq,,,,,,,,,empty
ZTF25abpzwne,,,,,,,,,empty
ZTF22abkaaje,0.8232807719423173,,19.898399353027344,19.418399810791016,,0.4799995422363281,0.0,72.0,ok
ZTF20acpksoc,0.3706983292712022,21.730499267578125,21.392499923706055,20.964799880981445,0.3379993438720703,0.4277000427246094,0.0,34.0,ok
ZTF23aavmthe,0.09393760930195333,18.752500534057617,18.200700759887695,17.40959930419922,0.5517997741699219,0.7911014556884766,0.0,76.0,ok
ZTF21aaaodzf,,,,,,,,,empty
ZTF22aaslyzj,,,,,,,,,empty
ZTF19abuxhqc,,,,,,,,,empty
ZTF18acxwtyx,,,,,,,,,empty
ZTF19acmblbi,0.675518150838244,18.82430076599121,18.081899642944336,18.020099639892578,0.742401123046875,0.06180000305175781,0.0,79.0,ok
ZTF25acellum,,,,,,,,,empty
ZTF21aazsgyr,,,,,,,,,empty
ZTF19aanirdx,0.028791728972336953,19.632200241088867,19.29010009765625,19.028099060058594,0.3421001434326172,0.26200103759765625,0.0,75.0,ok
ZTF22aaohmcv,1.4331633626188236,20.141300201416016,19.796100616455078,19.252899169921875,0.3451995849609375,0.5432014465332031,0.0,82.0,ok
ZTF21abjbnhh,,,,,,,,,empty
ZTF19abwsagv,,,,,,,,,empty
ZTF19aanpgdu,,,,,,,,,empty
ZTF25aawnphj,,,,,,,,,empty
ZTF20abawgdl,,,,,,,,,empty
ZTF19abiqfxi,,,,,,,,,empty
ZTF20acounxo,,,,,,,,,empty
ZTF24abnldrb,1.127903497735862,,,19.798900604248047,,,0.0,3.0,ok
ZTF23aagjkww,,,,,,,,,empty
ZTF22aabwfss,1.1440263514646196,21.860599517822266,20.824399948120117,,1.0361995697021484,,,3.0,ok
ZTF21acngvxd,1.1992655866493414,,18.41790008544922,18.71660041809082,,-0.29870033264160156,0.0,2.0,ok
ZTF23aaamjwv,,,,,,,,,empty
ZTF23aaxftlt,0.5003745938912842,,19.29400062561035,19.33099937438965,,-0.036998748779296875,0.0,4.0,ok
ZTF25aadavqf,,,,,,,,,empty
ZTF23abaalvd,,,,,,,,,empty
ZTF20acxsxac,,,,,,,,,empty
ZTF18acuixmb,,,,,,,,,empty
ZTF20aatppnn,,,,,,,,,empty
ZTF18abtrknw,,,,,,,,,empty
ZTF18acbvahw,,,,,,,,,empty
ZTF23aaptflh,,,,,,,,,empty
ZTF20acgpqqr,,,,,,,,,empty
ZTF18adiaqui,,,,,,,,,empty
ZTF25ackyjjn,,,,,,,,,empty
ZTF19abdkdir,,,,,,,,,empty
ZTF21acipvuz,,,,,,,,,empty
ZTF24abqttfy,,,,,,,,,empty
ZTF20accagnf,,,,,,,,,empty
ZTF21abtcgoh,,,,,,,,,empty
ZTF23aahfxpr,,,,,,,,,empty
ZTF25achvrzd,,,,,,,,,empty
ZTF25acavlfh,,,,,,,,,empty
ZTF19aavweum,,,,,,,,,empty
ZTF18abvptts,0.1801079771060159,17.345600128173828,16.70669937133789,16.234100341796875,0.6389007568359375,0.4725990295410156,0.0,80.0,ok
ZTF21aaxhzru,1.4485710467206512,21.144800186157227,21.816299438476562,20.94529914855957,-0.6714992523193359,0.8710002899169922,0.0,7.0,ok
ZTF20abdxoeu,0.37726471806427975,17.815099716186523,17.430500030517578,17.013999938964844,0.3845996856689453,0.4165000915527344,0.0,85.0,ok
ZTF23aaaqdcr,,,,,,,,,empty
ZTF22abuygtu,,,,,,,,,empty
ZTF21accgsbf,0.6237225434008378,20.904800415039062,20.750499725341797,20.909400939941406,0.15430068969726562,-0.15890121459960938,0.0,51.0,ok
ZTF18acbwkso,0.9162703254977126,,21.763999938964844,20.653200149536133,,1.110799789428711,1.0,29.0,ok
ZTF19aailsge,,,,,,,,,empty
ZTF25aaiyxzl,,,,,,,,,empty
ZTF23abnqbkx,,,,,,,,,empty
ZTF19aaciohh,0.18442560739746566,19.724899291992188,19.05780029296875,18.491100311279297,0.6670989990234375,0.5666999816894531,0.0,89.0,ok
ZTF20acrqeje,1.053319709265451,21.422500610351562,21.01849937438965,,0.40400123596191406,,,4.0,ok
ZTF23abhvlji,,,,,,,,,empty
ZTF23abaslfm,,,,,,,,,empty
ZTF20aaqvzko,,,,,,,,,empty
ZTF24aasvdze,1.0534394843011847,18.664899826049805,18.003400802612305,17.523500442504883,0.6614990234375,0.4799003601074219,0.0,64.0,ok
ZTF19abcndvf,0.46080342567793076,18.478500366210938,17.708499908447266,17.548099517822266,0.7700004577636719,0.160400390625,0.0,96.0,ok
ZTF24abocnoi,0.06486630499459273,20.63409996032715,20.28580093383789,19.84980010986328,0.3482990264892578,0.4360008239746094,0.0,67.0,ok
ZTF19aavmlqh,0.6869771440673136,20.51650047302246,20.267099380493164,19.872600555419922,0.24940109252929688,0.3944988250732422,0.0,83.0,ok
ZTF22abgveih,1.4236873694936132,,,,,,,2.0,ok
ZTF21aaaadvr,0.7053826644814591,18.567399978637695,18.79990005493164,18.714500427246094,-0.2325000762939453,0.08539962768554688,0.0,76.0,ok
ZTF18aaxavsk,0.7526955259314619,19.774200439453125,19.72279930114746,19.707700729370117,0.05140113830566406,0.01509857177734375,0.0,86.0,ok
ZTF19aasszud,,,,,,,,,empty
ZTF21aamcpte,,,,,,,,,empty
ZTF19aaqdkrm,,,,,,,,,empty
ZTF19abupned,,,,,,,,,empty
ZTF19abeloei,,,,,,,,,empty
ZTF22abtbijr,,,,,,,,,empty
ZTF25aajbcmc,0.8798888695659706,19.60890007019043,19.251800537109375,19.032499313354492,0.3570995330810547,0.2193012237548828,0.0,117.0,ok
ZTF19aczjyre,,,,,,,,,empty
ZTF21aciiaio,,,,,,,,,empty
ZTF24aaedpbn,,,,,,,,,empty
ZTF18acbxsap,,,,,,,,,empty
ZTF25aaftthw,0.3741458480572482,21.641399383544922,21.228900909423828,20.963300704956055,0.41249847412109375,0.26560020446777344,0.0,34.0,ok
ZTF21aavhlok,,,,,,,,,empty
ZTF25abbanem,,,,,,,,,empty
ZTF24aadfmaf,0.3290015069752914,21.63129997253418,21.486900329589844,21.050500869750977,0.14439964294433594,0.4363994598388672,1.0,37.0,ok
ZTF19abocled,0.0743271517377022,21.90999984741211,21.716800689697266,21.356300354003906,0.19319915771484375,0.3605003356933594,0.0,7.0,ok
ZTF25acfokdq,,,,,,,,,empty
ZTF25aaadxsn,,,,,,,,,empty
ZTF20abawtpy,0.688679306587555,19.516300201416016,,18.064800262451172,,,,5.0,ok
ZTF25acfgklb,,,,,,,,,empty
ZTF22aadqgoa,,,,,,,,,empty
ZTF21aaglscz,0.2561375899991899,21.377300262451172,21.796600341796875,,-0.4193000793457031,,,3.0,ok
ZTF20ablxtlp,0.8218697131539586,,,,,,,2.0,ok
ZTF25abkqros,,,,,,,,,empty
ZTF22aakzsrj,0.0839062660901609,22.06800079345703,,,,,,3.0,ok
ZTF18aaupmks,0.22472599455314393,17.395200729370117,16.902999877929688,16.497900009155273,0.4922008514404297,0.40509986877441406,0.0,67.0,ok
ZTF22abbtmdv,,,,,,,,,empty
ZTF20aautzig,,,,,,,,,empty
ZTF20acwfanr,0.7993565108632729,19.585899353027344,,,,,,2.0,ok
ZTF21abvyxfs,,,,,,,,,empty
ZTF24aahalmb,0.3035486608432797,19.38249969482422,19.493000030517578,19.807300567626953,-0.11050033569335938,-0.314300537109375,0.0,29.0,ok
ZTF20aaekkuv,0.3699693830847848,,,20.12380027770996,,,0.0,2.0,ok
ZTF22aaejlrf,0.5044982435086935,21.28019905090332,20.782400131225586,20.29450035095215,0.4977989196777344,0.4878997802734375,0.0,42.0,ok
ZTF25aawjnuz,0.8255044913494203,19.14579963684082,18.658199310302734,18.31049919128418,0.48760032653808594,0.3477001190185547,0.0,107.0,ok
ZTF22abjpfpl,,,,,,,,,empty
ZTF22aajvkrd,,,,,,,,,empty
ZTF22aaaoiaz,0.39926708149467494,18.877899169921875,18.374099731445312,18.21339988708496,0.5037994384765625,0.16069984436035156,0.0,65.0,ok
ZTF25aalylco,0.22615390684680872,19.417800903320312,18.81170082092285,18.423900604248047,0.6061000823974609,0.3878002166748047,0.0,70.0,ok
ZTF19aabyuze,1.4110875298162786,21.590499877929688,,20.331899642944336,,,0.0,4.0,ok
ZTF25abvepyj,,,,,,,,,empty
ZTF22abgbbez,,,,,,,,,empty
ZTF20aavhqvo,1.1743303753726562,20.02589988708496,19.42449951171875,19.061399459838867,0.6014003753662109,0.3631000518798828,0.0,66.0,ok
ZTF24abnoldv,,,,,,,,,empty
ZTF23abokhwf,,,,,,,,,empty
ZTF21acdwvwo,,,,,,,,,empty
ZTF22abihtsn,,,,,,,,,empty
ZTF20aapcbmc,,,,,,,,,empty
ZTF24aacrfok,,,,,,,,,empty
ZTF19adcbxkw,,,,,,,,,empty
ZTF18aczeesl,0.7872975544123005,21.333900451660156,21.023500442504883,20.87310028076172,0.31040000915527344,0.15040016174316406,0.0,41.0,ok
ZTF24aawyrsn,0.3696961374957048,20.033300399780273,19.529600143432617,19.13330078125,0.5037002563476562,0.3962993621826172,0.0,80.0,ok
ZTF25acgyaed,,,,,,,,,empty
ZTF19aakozyp,,,,,,,,,empty
ZTF18acefxko,1.2094473523629021,21.566699981689453,21.300899505615234,21.764999389648438,0.26580047607421875,-0.4640998840332031,0.0,6.0,ok
ZTF21aaoexjt,0.2661502842306013,20.8612003326416,20.405000686645508,20.89259910583496,0.45619964599609375,-0.4875984191894531,,11.0,ok
ZTF22abtlaew,0.8017684086428348,18.6471004486084,18.09119987487793,17.499000549316406,0.5559005737304688,0.5921993255615234,0.0,82.0,ok
ZTF20abwcnhm,1.137370908338996,21.300100326538086,21.186500549316406,20.972999572753906,0.11359977722167969,0.2135009765625,0.0,54.0,ok
ZTF22aakmhas,,,,,,,,,empty
ZTF21aajtsba,,,,,,,,,empty
ZTF25acfxvcu,,,,,,,,,empty
ZTF21aapriwm,0.9253068259050036,18.516199111938477,17.916000366210938,17.627199172973633,0.6001987457275391,0.2888011932373047,0.0,74.0,ok
ZTF23aaeyqoa,,,,,,,,,empty
ZTF19abxdnzt,0.3787765768502746,20.2539005279541,19.925399780273438,19.576400756835938,0.32850074768066406,0.3489990234375,0.0,62.0,ok
ZTF24aawwzqz,,,,,,,,,empty
ZTF20acsfdnn,1.0745627802027842,20.449100494384766,20.44179916381836,19.896299362182617,0.00730133056640625,0.5454998016357422,0.0,58.0,ok
ZTF22abiozoc,0.7711544914309243,19.99049949645996,20.357200622558594,19.744400024414062,-0.3667011260986328,0.6128005981445312,0.0,61.0,ok
ZTF20aaghnxd,0.565197311804985,,21.416000366210938,,,,,3.0,ok
ZTF21abicckd,,,,,,,,,empty
ZTF21aasfseg,,,,,,,,,empty
ZTF19aartuev,,,,,,,,,empty
ZTF21aatsafx,0.845920656802938,20.43269920349121,20.279199600219727,20.044200897216797,0.15349960327148438,0.2349987030029297,0.0,31.0,ok
ZTF18abnvwgk,0.20857130449079342,22.512800216674805,21.784400939941406,21.61750030517578,0.7283992767333984,0.166900634765625,1.0,8.0,ok
ZTF18aczuwxb,,,,,,,,,empty
ZTF18abtgkdo,,,,,,,,,empty
ZTF23aavpzil,,,,,,,,,empty
ZTF19aakssnv,,,,,,,,,empty
ZTF18acnmifq,,,,,,,,,empty
ZTF18abkojhi,0.13049219913495,16.123699188232422,15.53219985961914,15.227100372314453,0.5914993286132812,0.3050994873046875,0.0,70.0,ok
ZTF18acbufud,0.703185257634492,,,19.83989906311035,,,,4.0,ok
ZTF20abyosmd,1.2867916841696017,19.988800048828125,20.209999084472656,19.920400619506836,-0.22119903564453125,0.2895984649658203,0.0,26.0,ok
ZTF19abqgwuy,,,,,,,,,empty
ZTF19acihgng,0.43072277739465736,19.186500549316406,18.639299392700195,18.092300415039062,0.5472011566162109,0.5469989776611328,0.0,91.0,ok
ZTF23aabmbdj,,,,,,,,,empty
ZTF23aapfyou,1.4949312591904484,,,19.636899948120117,,,0.0,4.0,ok
ZTF22aabwrov,,,,,,,,,empty
ZTF22aajsqug,,,,,,,,,empty
ZTF21abbwajr,,,,,,,,,empty
ZTF23abprqjx,,,,,,,,,empty
ZTF18aczexlh,0.3235374544731568,13.288000106811523,12.89900016784668,12.793000221252441,0.38899993896484375,0.10599994659423828,,72.0,ok
ZTF19aapafqd,,,,,,,,,empty
ZTF19achajnc,0.8558011306750538,21.220300674438477,20.58769989013672,20.561100006103516,0.6326007843017578,0.026599884033203125,0.0,50.0,ok
ZTF25absklbq,,,,,,,,,empty
ZTF23aadpbvm,,,,,,,,,empty
ZTF19aaynsyd,0.6621030002945013,,19.49049949645996,,,,,2.0,ok
ZTF22aadmgan,,,,,,,,,empty
ZTF23aarhuik,,,,,,,,,empty
ZTF18aceathd,0.9858858202333729,,19.78969955444336,19.91699981689453,,-0.12730026245117188,,2.0,ok
ZTF25aapsisw,0.14059197776803453,20.275400161743164,19.36210060119629,19.227699279785156,0.913299560546875,0.1344013214111328,0.0,48.0,ok
ZTF24absrpsn,0.42399771623762955,21.32819938659668,20.94529914855957,20.75040054321289,0.3829002380371094,0.1948986053466797,0.0,48.0,ok
ZTF24abtartn,,,,,,,,,empty
ZTF22aaafkvn,0.22525471892676535,18.624099731445312,18.51140022277832,,0.11269950866699219,,,10.0,ok
ZTF19aaflhah,0.22553239610921108,16.58839988708496,16.512399673461914,15.993000030517578,0.07600021362304688,0.5193996429443359,0.0,47.0,ok
ZTF23abojjkh,,,,,,,,,empty
ZTF19acyiqnw,,,,,,,,,empty
ZTF20acrrssy,,,,,,,,,empty
ZTF21acgxypn,,,,,,,,,empty
ZTF21acowrme,,,,,,,,,empty
ZTF18abcecfi,,,,,,,,,empty
ZTF23abazdqu,,,,,,,,,empty
ZTF20acoaqpm,,,,,,,,,empty
ZTF24abnyruv,0.9444313078380296,18.56329917907715,18.404499053955078,18.131799697875977,0.1588001251220703,0.27269935607910156,0.0,67.0,ok
ZTF22aazuotw,,,,,,,,,empty
ZTF21aceejop,,,,,,,,,empty
ZTF21acinvvh,0.21523457887492897,21.358400344848633,,,,,,9.0,ok
ZTF18acefuhk,,,,,,,,,empty
ZTF22abyokjo,0.4103340645193699,21.6742000579834,,,,,,3.0,ok
ZTF18aaqcqvr,1.4417743760423234,19.79960060119629,19.597700119018555,19.089599609375,0.20190048217773438,0.5081005096435547,0.0,82.0,ok
ZTF19aamvfmx,,,,,,,,,empty
ZTF21abjpphz,,,,,,,,,empty
ZTF18abpamut,,,,,,,,,empty
ZTF25abgahjn,,,,,,,,,empty
ZTF25abiqcvi,0.6921172421717295,20.191499710083008,19.971799850463867,19.69610023498535,0.21969985961914062,0.2756996154785156,0.0,100.0,ok
ZTF22aahxaiv,,,,,,,,,empty
ZTF24abflhlp,,,,,,,,,empty
ZTF20acuosvy,,,,,,,,,empty
ZTF25aacrydo,,,,,,,,,empty
ZTF20achfdib,,,,,,,,,empty
ZTF24absuydh,,,,,,,,,empty
ZTF20acouofb,,,,,,,,,empty
ZTF24aahaanm,,,,,,,,,empty
ZTF19acignlo,0.6900805715679595,,20.75469970703125,,,,,3.0,ok
ZTF20aalyeut,,,,,,,,,empty
ZTF25abiwbsb,0.2697634651165636,20.868200302124023,,,,,,4.0,ok
ZTF18abqxaqe,0.3249722042844019,18.796600341796875,18.13680076599121,17.82710075378418,0.6597995758056641,0.30970001220703125,0.0,57.0,ok
ZTF19acqupbp,,,,,,,,,empty
ZTF19aaydpiq,,,,,,,,,empty
ZTF19adaiyrd,,,,,,,,,empty
ZTF18abecbks,0.8093970149179485,,,19.17970085144043,,,0.0,6.0,ok
ZTF22abmolve,,,,,,,,,empty
ZTF21aawxdbc,,,,,,,,,empty
ZTF19abjacdu,,,,,,,,,empty
ZTF19aaqasrq,,,,,,,,,empty
ZTF24aahgaov,,,,,,,,,empty
ZTF21aaufvpg,1.1391975480672787,21.225000381469727,,19.699800491333008,,,0.0,2.0,ok
ZTF23aamsavc,0.6685218088307787,18.663700103759766,,,,,,2.0,ok
ZTF22abmvmyh,0.9152997522097327,,21.6112003326416,21.55660057067871,,0.054599761962890625,0.0,12.0,ok
ZTF22abngjlt,,,,,,,,,empty
ZTF25acldgpg,1.038512877451834,,19.5039005279541,18.957300186157227,,0.546600341796875,0.0,5.0,ok
ZTF20acxooam,,,,,,,,,empty
ZTF25aagvkqj,1.124896496189672,19.08300018310547,18.667999267578125,18.514999389648438,0.41500091552734375,0.1529998779296875,0.0,82.0,ok
ZTF21aahtmlu,,,,,,,,,empty
ZTF18adbadfz,,,,,,,,,empty
ZTF20aatwisu,,,,,,,,,empty
ZTF23abhzcbs,,,,,,,,,empty
ZTF22aadfrjm,,,,,,,,,empty
ZTF22aawfeov,0.9986572291321633,20.077499389648438,19.87820053100586,19.799999237060547,0.19929885864257812,0.0782012939453125,0.0,56.0,ok
ZTF18acbwopo,0.14998029235891666,18.615400314331055,18.756799697875977,18.363399505615234,-0.14139938354492188,0.3934001922607422,0.0,100.0,ok
ZTF21aclcfej,,,,,,,,,empty
ZTF25aatnwif,,,,,,,,,empty
ZTF21acdnnfg,0.32550718728797884,20.41860008239746,19.915300369262695,19.64579963684082,0.5032997131347656,0.269500732421875,0.0,77.0,ok
ZTF23aapogvn,,,,,,,,,empty
ZTF25aatmfzy,,,,,,,,,empty
ZTF21aalodzw,,,,,,,,,empty
ZTF19abjpntj,1.1443606879695147,20.255599975585938,,19.508100509643555,,,0.0,6.0,ok
ZTF21abtcgdo,0.1680916172980341,21.930500030517578,22.013700485229492,,-0.08320045471191406,,,8.0,ok
ZTF20abrcnbr,,,,,,,,,empty
ZTF21acfkkad,,,,,,,,,empty
ZTF21aakijia,1.463031292832731,20.09630012512207,20.139999389648438,19.877099990844727,-0.04369926452636719,0.26289939880371094,0.0,36.0,ok
ZTF21acdezwk,0.622554488583875,,,20.496000289916992,,,0.0,2.0,ok
ZTF19aamkfxb,,,,,,,,,empty
ZTF25aavsycu,0.0979701482371931,18.898300170898438,18.07859992980957,17.634300231933594,0.8197002410888672,0.44429969787597656,0.0,70.0,ok
ZTF21aazybsh,0.8865230349301674,19.055099487304688,18.185300827026367,18.2539005279541,0.8697986602783203,-0.06859970092773438,0.0,62.0,ok
ZTF21abpapvy,,,,,,,,,empty
ZTF24aaagezy,0.16607315040185117,20.87579917907715,20.08139991760254,20.05419921875,0.7943992614746094,0.027200698852539062,0.0,60.0,ok
ZTF19aaxbzqp,,,,,,,,,empty
ZTF19aclthzj,,,,,,,,,empty
ZTF19aawbsek,,,,,,,,,empty
ZTF20achatyv,,,,,,,,,empty
ZTF24abmybnp,0.010597043724312792,18.46619987487793,17.998199462890625,17.114900588989258,0.4680004119873047,0.8832988739013672,0.0,90.0,ok
ZTF24aahvyso,,,,,,,,,empty
ZTF23aapsuva,,,,,,,,,empty
ZTF18acpefgk,1.2172974398383618,20.391399383544922,19.952999114990234,19.88559913635254,0.4384002685546875,0.06739997863769531,0.0,49.0,ok
ZTF19ablujxj,0.13962413437452975,21.836000442504883,19.433799743652344,,2.402200698852539,,,12.0,ok
ZTF19aarioci,0.061093007934548735,20.030000686645508,19.457000732421875,19.278900146484375,0.5729999542236328,0.1781005859375,0.0,78.0,ok
ZTF19acfxbki,,,,,,,,,empty
ZTF22abnvmzz,0.4977857530450813,18.720600128173828,18.161500930786133,17.81909942626953,0.5590991973876953,0.34240150451660156,0.0,65.0,ok
ZTF25aaizxrf,1.3702019019224865,20.640100479125977,20.213600158691406,20.38680076599121,0.4265003204345703,-0.1732006072998047,0.0,23.0,ok
ZTF18aaisyyp,,,,,,,,,empty
ZTF20acwytxn,0.11755216391677767,21.668399810791016,20.195499420166016,19.68429946899414,1.472900390625,0.511199951171875,0.0,73.0,ok
ZTF24aaczfve,,,,,,,,,empty
ZTF19acxxwrs,,,,,,,,,empty
ZTF22abswuoz,1.0066744767176312,19.883499145507812,19.24530029296875,18.95319938659668,0.6381988525390625,0.2921009063720703,0.0,82.0,ok
ZTF20aaghpdc,,,,,,,,,empty
ZTF20abbvnpr,,,,,,,,,empty
ZTF21abcgrcj,,,,,,,,,empty
ZTF24abqzvao,1.2043302958960989,18.306100845336914,17.30270004272461,16.900400161743164,1.0034008026123047,0.4022998809814453,0.0,80.0,ok
ZTF24aaihwaq,0.13314244909075115,18.11520004272461,17.154600143432617,16.973400115966797,0.9605998992919922,0.1812000274658203,0.0,72.0,ok
ZTF21abhyukx,0.6266846526458512,21.492599487304688,21.69529914855957,,-0.2026996612548828,,,6.0,ok
ZTF23abvpeqs,,,,,,,,,empty
ZTF25acfhiob,0.848584994901472,21.514299392700195,21.61840057373047,22.2278995513916,-0.10410118103027344,-0.6094989776611328,,3.0,ok
ZTF23abanqhu,,,,,,,,,empty
ZTF23abiixsk,,,,,,,,,empty
ZTF20aaosoct,1.166901663207253,19.08180046081543,18.958599090576172,18.78969955444336,0.12320137023925781,0.1688995361328125,0.0,16.0,ok
ZTF19aaocbes,,,,,,,,,empty
ZTF19acexijn,,,,,,,,,empty
ZTF25acbyhbm,,,,,,,,,empty
ZTF25aantell,,,,,,,,,empty
ZTF21aamiukc,,,,,,,,,empty
ZTF22abrreei,0.454027534037844,21.214599609375,20.9330997467041,20.667499542236328,0.28149986267089844,0.26560020446777344,0.0,55.0,ok
ZTF18abcysdx,,,,,,,,,empty
ZTF18abtkqkb,1.139188762294828,,,18.7101993560791,,,0.0,3.0,ok
ZTF20acywefl,0.6192775802551039,17.71619987487793,17.04949951171875,16.642799377441406,0.6667003631591797,0.40670013427734375,0.0,65.0,ok
ZTF24ablkeoh,,,,,,,,,empty
ZTF22aasyada,,,,,,,,,empty
ZTF21achltea,,,,,,,,,empty
ZTF21abuuzrk,0.5042779019209775,18.647899627685547,,17.974899291992188,,,0.0,4.0,ok
ZTF24aaoasjl,,,,,,,,,empty
ZTF20abyptpc,,,,,,,,,empty
ZTF18aaxjuwy,0.8206795006455062,19.881900787353516,18.83919906616211,19.10059928894043,1.0427017211914062,-0.2614002227783203,0.0,67.0,ok
ZTF25aajgoqd,0.26486553767628607,20.433399200439453,20.1742000579834,20.247299194335938,0.2591991424560547,-0.07309913635253906,0.0,62.0,ok
ZTF20aahzyml,0.9032338432344199,21.29789924621582,21.67840003967285,20.95840072631836,-0.38050079345703125,0.7199993133544922,,3.0,ok
ZTF20abrcsdn,1.1951957143609009,,21.353300094604492,21.398000717163086,,-0.04470062255859375,0.0,2.0,ok
ZTF23abbanlv,,,,,,,,,empty
ZTF23aaaihae,,,,,,,,,empty
ZTF19acftaml,1.1983369338301144,20.779699325561523,20.28689956665039,20.034500122070312,0.4927997589111328,0.2523994445800781,0.0,11.0,ok
ZTF25acegmcy,,,,,,,,,empty
ZTF19acvlycr,,,,,,,,,empty
ZTF18abcbwnd,0.10720690420152211,16.838300704956055,16.6200008392334,16.037399291992188,0.21829986572265625,0.5826015472412109,0.0,99.0,ok
ZTF25acemaph,0.8919015702285608,22.080799102783203,21.67009925842285,21.681900024414062,0.41069984436035156,-0.011800765991210938,0.0,14.0,ok
ZTF22aalqzkz,,,,,,,,,empty
ZTF22abfzaqd,0.608608123132808,21.451099395751953,21.081600189208984,20.890499114990234,0.36949920654296875,0.19110107421875,0.0,35.0,ok
ZTF25acewrgw,0.2734518049038662,18.685400009155273,17.921199798583984,17.574199676513672,0.7642002105712891,0.3470001220703125,0.0,57.0,ok
ZTF24aaekboj,1.0779806492629072,20.2052001953125,,,,,,2.0,ok
ZTF18abmjija,0.10526500112135151,15.961799621582031,15.165599822998047,15.428999900817871,0.7961997985839844,-0.2634000778198242,0.0,66.0,ok
ZTF20abpuxna,0.18240740192639948,18.006200790405273,17.525699615478516,17.39240074157715,0.4805011749267578,0.1332988739013672,0.0,65.0,ok
ZTF24aaugavy,0.7830926951246403,20.760099411010742,20.483699798583984,19.979299545288086,0.2763996124267578,0.5044002532958984,0.0,52.0,ok
ZTF21abzxxic,,,,,,,,,empty
ZTF18aaiwsqa,0.09051320952704955,17.04560089111328,16.559200286865234,16.199199676513672,0.4864006042480469,0.3600006103515625,0.0,65.0,ok
ZTF22abtctfn,0.7367469911537551,,,,,,,2.0,ok
ZTF21acmrdga,,,,,,,,,empty
ZTF23abvtzdz,,,,,,,,,empty
ZTF19abqqcyo,,,,,,,,,empty
ZTF19aauguzk,,,,,,,,,empty
ZTF22aasoali,,,,,,,,,empty
ZTF24ablkvjn,,,,,,,,,empty
ZTF19abixauz,1.0128623456967412,19.322599411010742,18.636199951171875,18.03339958190918,0.6863994598388672,0.6028003692626953,0.0,74.0,ok
ZTF22abivqkc,0.610496941324969,,,18.638500213623047,,,,2.0,ok
ZTF24aabuisb,,,,,,,,,empty
ZTF25aaxnchn,,,,,,,,,empty
ZTF18abuyrgo,0.0277361669347083,,22.164899826049805,21.72319984436035,,0.4416999816894531,,7.0,ok
ZTF19aanfrmq,0.1459403261196194,17.5664005279541,17.274900436401367,16.720300674438477,0.2915000915527344,0.5545997619628906,0.0,62.0,ok
ZTF21aaahyjj,,,,,,,,,empty
ZTF19ablpwta,0.0731850690899634,18.875900268554688,18.429500579833984,17.808399200439453,0.4463996887207031,0.6211013793945312,0.0,59.0,ok
ZTF19aarmtgu,0.05997073590164082,18.1914005279541,17.726499557495117,17.448200225830078,0.4649009704589844,0.27829933166503906,0.0,59.0,ok
ZTF19aatheus,,,,,,,,,empty
ZTF21abrskvb,0.11111421108352601,18.422000885009766,17.80699920654297,17.260900497436523,0.6150016784667969,0.5460987091064453,0.0,78.0,ok
ZTF20abyqdyg,0.7392498810625953,20.94580078125,21.511699676513672,21.521699905395508,-0.5658988952636719,-0.010000228881835938,0.0,7.0,ok
ZTF21aaxgzln,1.4339703492490665,,,18.658000946044922,,,0.0,2.0,ok
ZTF20acnznms,0.04444852909500149,20.609699249267578,20.127599716186523,19.571300506591797,0.4820995330810547,0.5562992095947266,0.0,70.0,ok
ZTF25aanlfdo,,,,,,,,,empty
ZTF21aamnngb,,,,,,,,,empty
ZTF23aanbdib,,,,,,,,,empty
ZTF18acdwohd,,,,,,,,,empty
ZTF20accsfkt,0.6672586929379892,20.757600784301758,,20.184099197387695,,,0.0,5.0,ok
ZTF22abftrwv,0.056641503391288206,19.09630012512207,18.990699768066406,18.932300567626953,0.10560035705566406,0.058399200439453125,0.0,75.0,ok
ZTF18abupiap,,,,,,,,,empty
ZTF24aavsmbp,,,,,,,,,empty
ZTF25acglarj,,,,,,,,,empty
ZTF22abhclyh,,,,,,,,,empty
ZTF20aammbrw,0.2127739425891481,19.46940040588379,19.2908992767334,18.894500732421875,0.17850112915039062,0.39639854431152344,0.0,65.0,ok
ZTF20acixidp,,,,,,,,,empty
ZTF19abqkpoi,0.2229873179559229,18.056699752807617,17.27280044555664,16.937700271606445,0.7838993072509766,0.3351001739501953,0.0,92.0,ok
ZTF20aayvymx,,,,,,,,,empty
ZTF19acckggd,0.17452348546327942,20.748199462890625,20.507999420166016,20.286699295043945,0.24020004272460938,0.2213001251220703,0.0,87.0,ok
ZTF19aaurstb,,,,,,,,,empty
ZTF19aceifef,,,,,,,,,empty
ZTF20acqlfwb,,,,,,,,,empty
ZTF25abxjtsp,,,,,,,,,empty
ZTF24abhbrcs,,,,,,,,,empty
ZTF22aagzcai,,,,,,,,,empty
ZTF21abwycli,,,,,,,,,empty
ZTF23aaedrzc,,,,,,,,,empty
ZTF22abfvzqg,0.5462201808192361,,,19.739099502563477,,,0.0,3.0,ok
ZTF20abrempf,0.9445947855442482,18.868000030517578,,,,,,2.0,ok
ZTF22aaafbjo,1.3199956663044428,18.816299438476562,18.403600692749023,18.087200164794922,0.41269874572753906,0.31640052795410156,0.0,71.0,ok
ZTF22aavbdfn,0.6652439993356718,17.007699966430664,16.459299087524414,16.334999084472656,0.54840087890625,0.12430000305175781,0.0,67.0,ok
ZTF20aclvtnk,,,,,,,,,empty
ZTF25aauczue,,,,,,,,,empty
ZTF20acuzjqk,0.49585293238845624,,21.47610092163086,,,,,2.0,ok
ZTF23abciuka,,,,,,,,,empty
ZTF19abwnpus,,,,,,,,,empty
ZTF23aaavxzf,1.2112726970277,,,17.956199645996094,,,0.0,2.0,ok
ZTF22aboaiim,0.7364602055932127,21.651899337768555,,21.331499099731445,,,0.0,3.0,ok
ZTF19aapcoqg,,,,,,,,,empty
ZTF22abobhmn,1.2611186704333275,20.905899047851562,19.767000198364258,19.372299194335938,1.1388988494873047,0.3947010040283203,0.0,87.0,ok
ZTF21abcgaln,,,,,,,,,empty
ZTF25abikqrb,,,,,,,,,empty
ZTF19abwsecm,,,,,,,,,empty
ZTF25aaamyjq,0.2298395314658143,21.648300170898438,,21.30940055847168,,,,3.0,ok
ZTF18abyjgcx,0.14502974781429753,17.371000289916992,17.073699951171875,16.403400421142578,0.2973003387451172,0.6702995300292969,0.0,63.0,ok
ZTF22abxxyup,,,,,,,,,empty
ZTF21abcmtev,,,,,,,,,empty
ZTF19achqzdy,,,,,,,,,empty
ZTF19abfibel,,,,,,,,,empty
ZTF18ablhvfr,,,,,,,,,empty
ZTF19aapemqu,,,,,,,,,empty
ZTF20acvamwo,0.25887199612822237,16.754600524902344,16.513599395751953,16.105100631713867,0.24100112915039062,0.40849876403808594,0.0,74.0,ok
ZTF22aahiyfc,,,,,,,,,empty
ZTF25aafwxov,,,,,,,,,empty
ZTF22aajspto,,,,,,,,,empty
ZTF19aahjhoy,,,,,,,,,empty
ZTF22abakwxh,0.12587676144509743,18.753299713134766,18.08799934387207,17.702499389648438,0.6653003692626953,0.3854999542236328,0.0,89.0,ok
ZTF22abtkkxz,,,,,,,,,empty
ZTF21abcrhbt,,,,,,,,,empty
ZTF21ackcxql,1.0044083174585776,19.748300552368164,19.528099060058594,18.94729995727539,0.2202014923095703,0.5807991027832031,0.0,51.0,ok
ZTF20abhrmxh,,,,,,,,,empty
ZTF18abwdcdv,,,,,,,,,empty
ZTF19aamhhey,,,,,,,,,empty
ZTF21ackwihz,1.4564940579249386,21.42889976501465,21.270999908447266,21.295000076293945,0.1578998565673828,-0.024000167846679688,0.0,41.0,ok
ZTF23aadwfed,1.4126533342441931,19.05579948425293,18.51099967956543,18.100000381469727,0.5447998046875,0.4109992980957031,0.0,54.0,ok
ZTF19aaerbzy,,,,,,,,,empty
ZTF25aavikep,0.05332076868721831,18.936599731445312,18.436800003051758,17.996700286865234,0.4997997283935547,0.44009971618652344,0.0,86.0,ok
ZTF20acpevli,1.2661358866303214,18.439300537109375,18.416099548339844,18.697200775146484,0.02320098876953125,-0.2811012268066406,0.0,8.0,ok
ZTF19aanrrqu,0.8530089146033304,19.77359962463379,19.408300399780273,,0.3652992248535156,,,16.0,ok
ZTF20abywydb,,,,,,,,,empty
ZTF21aaeeuqz,,,,,,,,,empty
ZTF19aayjsty,,,,,,,,,empty
ZTF20acphcdv,,,,,,,,,empty
ZTF23abogwmg,,,,,,,,,empty
ZTF22abtprtn,0.4998055676282314,16.727800369262695,16.39229965209961,16.07710075378418,0.33550071716308594,0.3151988983154297,0.0,69.0,ok
ZTF24abbwztk,0.4967767908280321,19.816099166870117,19.853700637817383,19.533000946044922,-0.037601470947265625,0.32069969177246094,0.0,58.0,ok
ZTF23aaqmbar,0.6821191318613353,21.649799346923828,21.595500946044922,21.791400909423828,0.05429840087890625,-0.19589996337890625,0.0,21.0,ok
ZTF25aakgmne,,,,,,,,,empty
ZTF22abakeha,0.47916996500085596,18.70050048828125,18.316999435424805,18.02389907836914,0.3835010528564453,0.29310035705566406,0.0,76.0,ok
ZTF21aaahliy,1.060294175155152,21.06279945373535,,20.30430030822754,,,,5.0,ok
ZTF20abyyfmw,,,,,,,,,empty
ZTF19aawgopm,,,,,,,,,empty
ZTF24aaoyfpn,,,,,,,,,empty
ZTF24aackkba,0.8676826019056614,,20.20050048828125,20.48150062561035,,-0.28100013732910156,0.0,6.0,ok
ZTF22aankzby,,,,,,,,,empty
ZTF24abvbzbd,,,,,,,,,empty
ZTF21abtorlk,1.2804809667947539,19.101600646972656,18.1968994140625,18.04330062866211,0.9047012329101562,0.15359878540039062,0.0,77.0,ok
ZTF21aapzzgf,0.9726661440269958,17.550100326538086,16.935400009155273,16.214000701904297,0.6147003173828125,0.7213993072509766,0.0,55.0,ok
ZTF19adalouc,,,,,,,,,empty
ZTF20aahidaa,0.5347128015061853,19.315099716186523,19.059099197387695,19.130199432373047,0.2560005187988281,-0.07110023498535156,0.0,61.0,ok
ZTF20abquppg,,,,,,,,,empty
ZTF21acmnpqa,0.9881405745654468,,,18.378599166870117,,,0.0,3.0,ok
ZTF22aaymjam,0.7966359245550968,18.999300003051758,18.607900619506836,18.555400848388672,0.3913993835449219,0.05249977111816406,0.0,57.0,ok
ZTF25acdjiob,1.3368571867353791,18.37190055847168,17.900699615478516,17.435199737548828,0.47120094299316406,0.4654998779296875,0.0,74.0,ok
ZTF19acbmxxh,,,,,,,,,empty
ZTF24abcqasv,,,,,,,,,empty
ZTF25aagrfgg,,,,,,,,,empty
ZTF18acmxkzj,,,,,,,,,empty
ZTF20aalkcea,,,,,,,,,empty
ZTF19aavvvrc,,,,,,,,,empty
ZTF22aavxkto,,,,,,,,,empty
ZTF19aaynskj,1.2512326322419256,21.760000228881836,20.559099197387695,20.172100067138672,1.2009010314941406,0.38699913024902344,0.0,63.0,ok
ZTF18adbbhww,1.1685213047950669,17.99880027770996,17.5231990814209,17.058900833129883,0.4756011962890625,0.4642982482910156,0.0,46.0,ok
ZTF21absbrag,,,,,,,,,empty
ZTF18abckutn,,,,,,,,,empty
ZTF20abgfekk,0.2801626034382332,20.271900177001953,19.979900360107422,19.847000122070312,0.29199981689453125,0.13290023803710938,0.0,58.0,ok
ZTF25aafeedj,,,,,,,,,empty
ZTF20actkulc,,,,,,,,,empty
ZTF23abbkvxe,,,,,,,,,empty
ZTF18abfzfcv,,,,,,,,,empty
ZTF21acjotbf,,,,,,,,,empty
ZTF20abwftit,1.103677436696491,20.81060028076172,20.598100662231445,20.850400924682617,0.21249961853027344,-0.2523002624511719,0.0,54.0,ok
ZTF19aaprzcr,,,,,,,,,empty
ZTF19acbpwwg,0.24622175296375165,20.915800094604492,,19.12339973449707,,,0.0,2.0,ok
ZTF25acargjq,,,,,,,,,empty
ZTF21absbujl,,,,,,,,,empty
ZTF24aazsigv,,,,,,,,,empty
ZTF22abubrek,,,,,,,,,empty
ZTF18acqsfxh,,,,,,,,,empty
ZTF19abdmdow,,,,,,,,,empty
ZTF20abjorou,,,,,,,,,empty
ZTF22aadesap,0.06943145287846299,19.681699752807617,19.003400802612305,18.673099517822266,0.6782989501953125,0.33030128479003906,0.0,67.0,ok
ZTF21abwcned,0.5466254953834925,,19.43079948425293,,,,,2.0,ok
ZTF21acisqde,,,,,,,,,empty
ZTF20aahidph,,,,,,,,,empty
ZTF20abgwgqj,,,,,,,,,empty
ZTF20abdxzlz,0.7676862237850791,,,,,,,2.0,ok
ZTF20abyfgri,,,,,,,,,empty
ZTF25absdyqi,,,,,,,,,empty
ZTF20aagvvnr,,,,,,,,,empty
ZTF24aaknuqh,,,,,,,,,empty
ZTF22aapmmtu,0.4550488744625182,22.038799285888672,21.390899658203125,21.61050033569336,0.6478996276855469,-0.21960067749023438,0.0,15.0,ok
ZTF18adalarn,0.237776236145066,19.482900619506836,19.53190040588379,19.090900421142578,-0.048999786376953125,0.44099998474121094,0.0,56.0,ok
ZTF20aaullwp,0.24137751906053037,19.0216007232666,18.774799346923828,17.89310073852539,0.24680137634277344,0.8816986083984375,0.0,36.0,ok
ZTF24aahsupm,,,,,,,,,empty
ZTF20acqgklx,0.9007507635239139,21.177200317382812,20.378299713134766,19.787900924682617,0.7989006042480469,0.5903987884521484,0.0,76.0,ok
ZTF21aalcsng,,,,,,,,,empty
ZTF19aavjzwm,1.1007864728769197,20.44420051574707,20.353900909423828,20.639400482177734,0.09029960632324219,-0.28549957275390625,0.0,4.0,ok
ZTF19aahygro,,,,,,,,,empty
ZTF22aaaedvr,,,,,,,,,empty
ZTF24aagolgy,,,,,,,,,empty
ZTF19abiahik,,,,,,,,,empty
ZTF19abzrdup,,,,,,,,,empty
ZTF23aagqyym,,,,,,,,,empty
ZTF25aafofcs,0.1602236888442518,19.444799423217773,18.87809944152832,18.612300872802734,0.5666999816894531,0.26579856872558594,0.0,54.0,ok
ZTF19aanuipr,,,,,,,,,empty
ZTF25aafihgk,,,,,,,,,empty
ZTF24abdzyyc,,,,,,,,,empty
ZTF20abxyaaf,,,,,,,,,empty
ZTF18abvrzqj,,,,,,,,,empty
ZTF24aaosmwq,0.2519308114752104,,19.57069969177246,18.197099685668945,,1.3736000061035156,0.0,3.0,ok
ZTF23abpedpu,0.9262466714818934,20.2273006439209,19.666000366210938,19.33139991760254,0.5613002777099609,0.33460044860839844,0.0,57.0,ok
ZTF22aarrbne,1.1722713089191297,20.728700637817383,19.833799362182617,19.581499099731445,0.8949012756347656,0.2523002624511719,0.0,77.0,ok
ZTF20acjzzyr,0.891850739797139,18.56279945373535,18.112300872802734,17.616300582885742,0.4504985809326172,0.4960002899169922,0.0,67.0,ok
ZTF21aagmryd,,,,,,,,,empty
ZTF20achncxi,,,,,,,,,empty
ZTF23aanxepa,0.19229778870057165,18.866199493408203,18.674400329589844,18.502700805664062,0.19179916381835938,0.17169952392578125,0.0,86.0,ok
ZTF21aapjmgf,0.18160696877282131,,,20.09469985961914,,,0.0,2.0,ok
ZTF19acgjnfz,,,,,,,,,empty
ZTF23aadvxih,0.7585863118729481,20.29560089111328,20.95549964904785,,-0.6598987579345703,,,2.0,ok
ZTF22aaafjir,,,,,,,,,empty
ZTF25acfjqjb,0.6358263867397678,21.207399368286133,20.84280014038086,20.87529945373535,0.36459922790527344,-0.03249931335449219,0.0,53.0,ok
ZTF24aajvldc,0.8750855231769801,18.776500701904297,18.19260025024414,17.84149932861328,0.5839004516601562,0.3511009216308594,0.0,61.0,ok
ZTF19aamsetj,,,,,,,,,empty
ZTF25abwwabv,,,,,,,,,empty
ZTF24aajibzs,,,,,,,,,empty
ZTF20acezpem,0.7015100009931124,21.538000106811523,20.96809959411621,20.72170066833496,0.5699005126953125,0.24639892578125,0.0,60.0,ok
ZTF25aankqhe,,,,,,,,,empty
ZTF20acggzxc,,,,,,,,,empty
ZTF24aaygegk,,,,,,,,,empty
ZTF21aatlesr,,,,,,,,,empty
ZTF25abcznka,0.5172817875202601,20.628000259399414,20.304800033569336,20.08489990234375,0.3232002258300781,0.21990013122558594,0.0,72.0,ok
ZTF25achktzx,,,,,,,,,empty
ZTF20accmtgu,,,,,,,,,empty
ZTF22aaspkif,0.5551375089028355,21.80229949951172,21.55430030822754,21.50320053100586,0.2479991912841797,0.05109977722167969,0.0,15.0,ok
ZTF18aaoecso,0.05437429883250741,15.333200454711914,14.949700355529785,14.675399780273438,0.3835000991821289,0.27430057525634766,0.0,94.0,ok
ZTF23aaritkm,0.5857212619500048,,18.50119972229004,17.627700805664062,,0.8734989166259766,0.0,3.0,ok
ZTF19adcecwu,,,,,,,,,empty
ZTF21abaiono,0.33139316018035253,21.161300659179688,,21.856300354003906,,,0.0,2.0,ok
ZTF19abhibzk,1.3047276367932208,,18.670400619506836,,,,,2.0,ok
ZTF20abxyggc,,,,,,,,,empty
ZTF21aanrvcq,,,,,,,,,empty
ZTF18aaqkcso,0.1579483286942257,19.087600708007812,18.56220054626465,18.376100540161133,0.5254001617431641,0.18610000610351562,0.0,80.0,ok
ZTF21aaufwyh,,,,,,,,,empty
ZTF23aadvtxf,,,,,,,,,empty
ZTF19acrwyyb,0.5541023236371396,19.962099075317383,20.308700561523438,20.088600158691406,-0.3466014862060547,0.22010040283203125,0.0,7.0,ok
ZTF21abuguyw,,,,,,,,,empty
ZTF19aajwhse,0.4068107912855323,19.29800033569336,19.191600799560547,19.430700302124023,0.1063995361328125,-0.23909950256347656,0.0,34.0,ok
ZTF25aadngyo,0.22561073932695366,20.182600021362305,19.838199615478516,19.91360092163086,0.34440040588378906,-0.07540130615234375,0.0,70.0,ok
ZTF22abfyrxh,0.573163522025547,17.108600616455078,16.598100662231445,16.228599548339844,0.5104999542236328,0.36950111389160156,0.0,62.0,ok
ZTF21abulrsl,,,,,,,,,empty
ZTF22abtondh,0.21925824324127685,,,21.345600128173828,,,,2.0,ok
ZTF18acdvvgx,,,,,,,,,empty
ZTF23aarktow,,,,,,,,,empty
ZTF19abimkwn,1.3230112068927875,21.878999710083008,22.417800903320312,,-0.5388011932373047,,,3.0,ok
ZTF21aaphjyn,0.051910678538939915,21.877399444580078,21.840700149536133,22.09630012512207,0.03669929504394531,-0.2555999755859375,,14.0,ok
ZTF22aaaehzu,,,,,,,,,empty
ZTF20abtnpwt,0.7265809277420335,21.353599548339844,21.113300323486328,20.760499954223633,0.24029922485351562,0.3528003692626953,0.0,58.0,ok
ZTF21abdosld,1.1102969279662491,19.70039939880371,19.441699981689453,18.937599182128906,0.2586994171142578,0.5041007995605469,0.0,56.0,ok
ZTF23aabmevr,,,,,,,,,empty
ZTF20aamdhut,,,,,,,,,empty
ZTF22aahhocd,,,,,,,,,empty
ZTF22aamzzjw,,,,,,,,,empty
ZTF20aadcaop,0.32739358332520874,,19.526199340820312,,,,,2.0,ok
ZTF18aasufva,,,,,,,,,empty
ZTF21aasafkl,1.3594298269209713,,,20.887699127197266,,,,3.0,ok
ZTF19abhiayh,,,,,,,,,empty
ZTF20aalbjqh,,,,,,,,,empty
ZTF21aaxstzy,,,,,,,,,empty
ZTF21abilrxd,1.340150941203739,17.438800811767578,16.81679916381836,16.452899932861328,0.6220016479492188,0.36389923095703125,0.0,101.0,ok
ZTF18adjoimi,0.7206026555584332,17.1560001373291,16.61680030822754,16.154399871826172,0.5391998291015625,0.4624004364013672,0.0,82.0,ok
ZTF21aaxlbad,0.23914563150944104,21.718799591064453,21.51810073852539,21.308799743652344,0.2006988525390625,0.20930099487304688,0.0,22.0,ok
ZTF22aaweukv,0.7654914063236621,21.054899215698242,20.744800567626953,20.440799713134766,0.31009864807128906,0.3040008544921875,0.0,54.0,ok
ZTF21abcrhpk,0.6396256172885629,21.197900772094727,21.090099334716797,20.91670036315918,0.10780143737792969,0.1733989715576172,0.0,55.0,ok
ZTF22aaafomy,,,,,,,,,empty
ZTF20abhjghg,,,,,,,,,empty
ZTF24aafqxyz,1.2850009700893725,18.960500717163086,17.984399795532227,17.395700454711914,0.9761009216308594,0.5886993408203125,0.0,81.0,ok
ZTF19abkrlew,0.845757056657828,,19.07830047607422,,,,,2.0,ok
ZTF22aaaoqer,0.5834717377131629,21.188400268554688,20.990400314331055,20.864900588989258,0.1979999542236328,0.12549972534179688,0.0,35.0,ok
ZTF22aamxszf,,,,,,,,,empty
ZTF19aavnwxf,1.3867914318538095,19.693199157714844,,,,,,2.0,ok
ZTF21aaahzpr,0.5791829951715931,21.404800415039062,20.779600143432617,20.52869987487793,0.6252002716064453,0.2509002685546875,0.0,48.0,ok
ZTF24abdkfqu,,,,,,,,,empty
ZTF20aacdfyv,,,,,,,,,empty
ZTF20abgbxvb,0.2769438324292193,18.68280029296875,18.875200271606445,19.10810089111328,-0.1923999786376953,-0.23290061950683594,0.0,50.0,ok
ZTF22aantrtp,,,,,,,,,empty
ZTF21abbxnbm,0.014746155932679418,21.1560001373291,21.25589942932129,21.108999252319336,-0.0998992919921875,0.14690017700195312,1.0,28.0,ok
ZTF19acbjlnt,1.0139768503143893,18.248600006103516,17.754499435424805,17.1737003326416,0.49410057067871094,0.5807991027832031,0.0,74.0,ok
ZTF18aannern,1.0483824400079944,13.163000106811523,13.086000442504883,13.128000259399414,0.07699966430664062,-0.04199981689453125,,65.0,ok
ZTF24abuonfe,1.1311426381326795,21.546499252319336,,,,,,2.0,ok
ZTF21abgyxmv,,,,,,,,,empty
ZTF22aajjlin,,,,,,,,,empty
ZTF24aasnamf,,,,,,,,,empty
ZTF23aaaplbq,,,,,,,,,empty
ZTF24aavbrtq,1.3891415824935998,,,19.11400032043457,,,0.0,2.0,ok
ZTF19aclofmz,0.5860685947118307,19.145999908447266,18.444299697875977,18.570199966430664,0.7017002105712891,-0.1259002685546875,0.0,5.0,ok
ZTF20aasiwcu,,,,,,,,,empty
ZTF18abolvoh,,,,,,,,,empty
ZTF22aakhqrd,,,,,,,,,empty
ZTF20acpmgdz,,,,,,,,,empty
ZTF23aazrtdy,,,,,,,,,empty
ZTF18aadsuxd,0.35632058655897775,18.11050033569336,18.034799575805664,17.916200637817383,0.07570075988769531,0.11859893798828125,0.0,47.0,ok
ZTF25acgyzdb,,,,,,,,,empty
ZTF20acgokbj,0.06227672821837541,21.108200073242188,20.4689998626709,19.977699279785156,0.6392002105712891,0.4913005828857422,0.0,47.0,ok
ZTF21aazsylk,,,,,,,,,empty
ZTF20abgbfyk,0.18210054522439867,21.71109962463379,20.919200897216797,,0.7918987274169922,,,11.0,ok
ZTF22aalmrqp,,,,,,,,,empty
ZTF23aapbrrq,,,,,,,,,empty
ZTF23absbzfi,,,,,,,,,empty
ZTF19aanuhox,,,,,,,,,empty
ZTF22aaowhti,,,,,,,,,empty
ZTF20abeolsw,1.1856929581359632,22.1289005279541,20.44409942626953,,1.6848011016845703,,,3.0,ok
ZTF20abeffoq,,,,,,,,,empty
ZTF22abntdem,0.3742737270898854,17.852500915527344,17.31999969482422,16.839399337768555,0.532501220703125,0.48060035705566406,0.0,61.0,ok
ZTF20abkgypx,,,,,,,,,empty
ZTF23aamtyjs,,,,,,,,,empty
ZTF19abhdqlq,,,,,,,,,empty
ZTF25abtahaz,0.8043603439430017,18.608400344848633,18.08810043334961,17.597400665283203,0.5202999114990234,0.49069976806640625,0.0,81.0,ok
ZTF22absqhkw,,,,,,,,,empty
ZTF20abxlham,,,,,,,,,empty
ZTF20aasmdec,,,,,,,,,empty
ZTF22aaafgdl,,,,,,,,,empty
ZTF20abmzfql,1.1853055678149769,22.085599899291992,21.62820053100586,,0.4573993682861328,,,2.0,ok
ZTF20aafdglk,,,,,,,,,empty
ZTF21aaqzqaa,,,,,,,,,empty
ZTF23aajsjon,,,,,,,,,empty
ZTF19aadyiao,0.573296545966826,20.47330093383789,20.764799118041992,20.890399932861328,-0.29149818420410156,-0.12560081481933594,0.0,38.0,ok
ZTF24abkegqp,,,,,,,,,empty
ZTF19abahjuv,,,,,,,,,empty
ZTF24aaotmdk,1.3625031956784666,21.453500747680664,21.285200119018555,21.296100616455078,0.16830062866210938,-0.010900497436523438,0.0,24.0,ok
ZTF23abhvsbo,0.534422422487467,19.36440086364746,19.555500030517578,,-0.1910991668701172,,,2.0,ok
ZTF18aazvajy,0.1314346384389997,20.657100677490234,20.854799270629883,19.533899307250977,-0.19769859313964844,1.3208999633789062,1.0,50.0,ok
ZTF23aaaytvp,,,,,,,,,empty
ZTF20aattqye,0.6656895815115073,21.012300491333008,,21.406700134277344,,,0.0,3.0,ok
ZTF25aayxsry,,,,,,,,,empty
ZTF18aaiykoz,0.5552428494498359,17.871700286865234,17.341100692749023,17.051700592041016,0.5305995941162109,0.2894001007080078,0.0,57.0,ok
ZTF21abuyyxi,,,,,,,,,empty
ZTF19aaywazj,,,,,,,,,empty
ZTF23aboywdj,,,,,,,,,empty
ZTF19achtewn,1.2302020765695059,19.288799285888672,,,,,,2.0,ok
ZTF17aadlxmv,0.6371684597711629,18.065900802612305,17.391399383544922,17.14579963684082,0.6745014190673828,0.24559974670410156,0.0,73.0,ok
ZTF20abywpkl,,,,,,,,,empty
ZTF21acjotip,0.7347749002549192,,,20.729900360107422,,,0.0,2.0,ok
ZTF20abefaya,0.02124561430097764,19.200300216674805,18.420400619506836,18.068899154663086,0.7798995971679688,0.35150146484375,0.0,68.0,ok
ZTF24aamtpla,1.3664794094538533,21.832199096679688,21.57900047302246,21.20479965209961,0.25319862365722656,0.37420082092285156,0.0,13.0,ok
ZTF25abqsbxy,0.8043969694018172,16.72760009765625,16.66819953918457,16.751100540161133,0.05940055847167969,-0.0829010009765625,0.0,95.0,ok
ZTF18acrcogn,,,,,,,,,empty
ZTF24aabqfbn,,,,,,,,,empty
ZTF24aawshuy,,,,,,,,,empty
ZTF19abpbopt,,,,,,,,,empty
ZTF20aajbsxt,,,,,,,,,empty
ZTF18abhhxcp,,,,,,,,,empty
ZTF20acxpvhu,,,,,,,,,empty
ZTF21acigjrl,,,,,,,,,empty
ZTF21abmqpja,,,,,,,,,empty
ZTF25abieqtz,,,,,,,,,empty
ZTF18acbwppb,0.3871345806145269,20.68899917602539,20.480499267578125,20.01129913330078,0.20849990844726562,0.46920013427734375,0.0,60.0,ok
ZTF21abhtlrj,,,,,,,,,empty
ZTF20acjjkhr,,,,,,,,,empty
ZTF19aavybbf,0.186220508370751,,,18.879499435424805,,,1.0,6.0,ok
ZTF19abcyqqg,,,,,,,,,empty
ZTF20aamamnp,,,,,,,,,empty
ZTF20acoyvdg,0.8610591838484151,18.81209945678711,18.260400772094727,17.890100479125977,0.5516986846923828,0.37030029296875,0.0,76.0,ok
ZTF21acdoydr,,,,,,,,,empty
ZTF22abymzuk,0.480168064906475,21.98259925842285,22.06760025024414,21.470300674438477,-0.08500099182128906,0.5972995758056641,1.0,9.0,ok
ZTF18aawfqax,,,,,,,,,empty
ZTF21abhzicj,1.367280922604223,19.134700775146484,19.141599655151367,19.02739906311035,-0.0068988800048828125,0.11420059204101562,0.0,78.0,ok
ZTF25abceqol,,,,,,,,,empty
ZTF24aaekazg,,,,,,,,,empty
ZTF22abxkfjy,0.7501617101420212,,20.11549949645996,19.536699295043945,,0.5788002014160156,0.0,9.0,ok
ZTF25abbpvih,1.063533492753472,,,,,,,2.0,ok
ZTF23aahfzhm,,,,,,,,,empty
ZTF22abuafhn,0.6841770736130164,18.351600646972656,17.376100540161133,17.21190071105957,0.9755001068115234,0.1641998291015625,0.0,63.0,ok
ZTF22abqiyik,0.7255335592837252,21.14929962158203,20.781099319458008,20.4773006439209,0.36820030212402344,0.3037986755371094,0.0,78.0,ok
ZTF21aacufip,1.5000302355645077,,,,,,,2.0,ok
ZTF18aanjzkp,,,,,,,,,empty
ZTF23absjheu,,,,,,,,,empty
ZTF24aasbtjr,0.4867263585201714,,,,,,,3.0,ok
ZTF19abxvksn,0.24319105757371312,21.9906005859375,21.54450035095215,21.850200653076172,0.44610023498535156,-0.30570030212402344,1.0,10.0,ok
ZTF18aaqgbju,0.8199646420309937,20.63170051574707,,20.837499618530273,,,0.0,5.0,ok
ZTF19acwrrvg,0.134552802146067,19.51650047302246,19.048099517822266,19.007400512695312,0.4684009552001953,0.040699005126953125,0.0,70.0,ok
ZTF19abkfxfb,0.17440394758497124,20.268299102783203,19.686500549316406,19.583200454711914,0.5817985534667969,0.10330009460449219,0.0,50.0,ok
ZTF19abyreuq,,,,,,,,,empty
ZTF25aajlrlk,,,,,,,,,empty
ZTF20acufmrl,0.11142256803886766,,18.504499435424805,,,,,4.0,ok
ZTF25aaapgir,0.6521303992945915,20.453399658203125,20.361299514770508,20.145099639892578,0.09210014343261719,0.2161998748779297,0.0,82.0,ok
ZTF23aazqmwp,,,,,,,,,empty
ZTF25abtzltn,,,,,,,,,empty
ZTF19abandzh,,,,,,,,,empty
ZTF18aahfbqp,0.46641395499058397,16.788400650024414,15.975700378417969,15.635499954223633,0.8127002716064453,0.34020042419433594,0.0,61.0,ok
ZTF23absbkhe,1.2422794499463696,20.14459991455078,18.699199676513672,,1.4454002380371094,,,4.0,ok
ZTF19abgrcxs,0.8437937932528605,19.409299850463867,19.102500915527344,18.799400329589844,0.30679893493652344,0.3031005859375,0.0,68.0,ok
ZTF25abyzhlr,,,,,,,,,empty
ZTF23aaczpey,,,,,,,,,empty
ZTF20achmgee,,,,,,,,,empty
ZTF20acowpur,1.0289984669408383,22.231599807739258,21.311500549316406,21.45639991760254,0.9200992584228516,-0.1448993682861328,0.0,6.0,ok
ZTF19abulzhy,0.07625952761187091,20.16390037536621,19.49920082092285,19.06719970703125,0.6646995544433594,0.43200111389160156,0.0,68.0,ok
ZTF20aansmsj,,,,,,,,,empty
ZTF20aavnnzx,1.4496775708318923,21.134199142456055,20.44659996032715,20.888500213623047,0.6875991821289062,-0.44190025329589844,0.0,8.0,ok
ZTF23aabkxss,0.1341103795399393,18.819799423217773,18.207599639892578,17.901399612426758,0.6121997833251953,0.3062000274658203,0.0,69.0,ok
ZTF18aaqlblz,0.15752539391462836,18.087499618530273,17.497499465942383,17.264299392700195,0.5900001525878906,0.2332000732421875,0.0,80.0,ok
ZTF22abikqri,,,,,,,,,empty
ZTF20aazdxlx,,,,,,,,,empty
ZTF23aakanao,0.4261028019241397,18.027599334716797,17.14069938659668,16.92799949645996,0.8868999481201172,0.21269989013671875,0.0,72.0,ok
ZTF24abcjovt,,,,,,,,,empty
ZTF21acpkzcc,0.5042315055966436,,19.307899475097656,,,,,5.0,ok
ZTF24aaqzpcv,,,,,,,,,empty
ZTF18aansqov,0.8785070824139116,18.516300201416016,17.927600860595703,17.118799209594727,0.5886993408203125,0.8088016510009766,0.0,107.0,ok
ZTF21abvbhul,,,,,,,,,empty
ZTF18abufgdj,0.22361185234332742,17.31329917907715,16.744199752807617,16.250900268554688,0.5690994262695312,0.4932994842529297,0.0,64.0,ok
ZTF25aahtbjr,,,,,,,,,empty
ZTF23abexebx,0.7007006949935192,20.411100387573242,,,,,,3.0,ok
ZTF20abgbxfm,,,,,,,,,empty
ZTF20aavcvrm,,,,,,,,,empty
ZTF21abtzlnh,,,,,,,,,empty
ZTF19abhcefa,,,,,,,,,empty
ZTF24abqexho,0.3288511588083614,18.91790008544922,18.21540069580078,17.52669906616211,0.7024993896484375,0.6887016296386719,0.0,42.0,ok
ZTF23aaelbgl,,,,,,,,,empty
ZTF25absfiyt,,,,,,,,,empty
ZTF23abnevza,,,,,,,,,empty
ZTF19aauishy,,,,,,,,,empty
ZTF22abjpcjy,,,,,,,,,empty
ZTF23aailjjs,,,,,,,,,empty
ZTF23abijmzk,,,,,,,,,empty
ZTF22abfyzir,,,,,,,,,empty
ZTF22aavzfwp,,,,,,,,,empty
ZTF18acwwkyl,0.08819007820294343,16.988300323486328,16.707599639892578,16.369800567626953,0.28070068359375,0.337799072265625,0.0,55.0,ok
ZTF20acwpfvq,1.4611755980582213,21.044300079345703,20.906299591064453,21.098400115966797,0.13800048828125,-0.19210052490234375,0.0,5.0,ok
ZTF24aanbjel,,,,,,,,,empty
ZTF23aaynddf,0.43460135644124576,19.223800659179688,19.43829917907715,19.220399856567383,-0.21449851989746094,0.21789932250976562,0.0,73.0,ok
ZTF21aavutkm,,,,,,,,,empty
ZTF20acpguww,0.389360005050575,16.852100372314453,16.311100006103516,15.908499717712402,0.5410003662109375,0.4026002883911133,0.0,74.0,ok
ZTF21aapduck,,,,,,,,,empty
ZTF20aattrld,,,,,,,,,empty
ZTF25acgorke,0.29203677358450875,19.688100814819336,19.22010040283203,19.000499725341797,0.4680004119873047,0.21960067749023438,0.0,74.0,ok
ZTF24aaidlza,,,,,,,,,empty
ZTF24aaaimkm,,,,,,,,,empty
ZTF20abowpvf,1.0835389112004155,19.444299697875977,19.16950035095215,19.171600341796875,0.2747993469238281,-0.0020999908447265625,0.0,77.0,ok
ZTF18aaqkjuw,0.02517138968824898,19.074800491333008,18.07029914855957,17.88640022277832,1.0045013427734375,0.18389892578125,0.0,72.0,ok
ZTF20actnzzk,,,,,,,,,empty
ZTF20abqnctf,,,,,,,,,empty
ZTF21abtxglm,,,,,,,,,empty
ZTF25aazqbmd,0.49073959011950224,19.377300262451172,18.920700073242188,18.593900680541992,0.4566001892089844,0.3267993927001953,0.0,70.0,ok
ZTF25aanmrqp,0.3338112563900257,21.682300567626953,21.82990074157715,,-0.1476001739501953,,,5.0,ok
ZTF24abhvotc,,,,,,,,,empty
ZTF22abaegxq,,,,,,,,,empty
ZTF21ablqsnv,,,,,,,,,empty
ZTF19aamggmk,,,,,,,,,empty
ZTF21acdvkcj,,,,,,,,,empty
ZTF22aasxgjp,,,,,,,,,empty
ZTF25aavikwq,,,,,,,,,empty
ZTF20aamdqiz,,,,,,,,,empty
ZTF23aadxxrd,,,,,,,,,empty
ZTF19abqjypm,0.13206933013082403,19.957000732421875,19.220699310302734,18.773300170898438,0.7363014221191406,0.4473991394042969,0.0,104.0,ok
ZTF20abeyvwv,,,,,,,,,empty
ZTF24ablmayf,,,,,,,,,empty
ZTF25aabowed,,,,,,,,,empty
ZTF23aaesmsf,,,,,,,,,empty
ZTF20accdijx,,,,,,,,,empty
ZTF19acykqyr,,,,,,,,,empty
ZTF19adalarj,,,,,,,,,empty
ZTF20abkiarz,1.206073462233208,,16.964099884033203,,,,,3.0,ok
ZTF22aaoolua,,,,,,,,,empty
ZTF18abrzeym,0.5490977551330422,19.426000595092773,19.00469970703125,18.68470001220703,0.42130088806152344,0.31999969482421875,0.0,99.0,ok
ZTF20acpcuwx,,,,,,,,,empty
ZTF24aahsuoj,,,,,,,,,empty
ZTF19acbpqvc,,,,,,,,,empty
ZTF24aamvzfc,,,,,,,,,empty
ZTF21aaobkmg,,,,,,,,,empty
ZTF22abwtqeb,,,,,,,,,empty
ZTF20abcqkts,0.8200325218174889,20.493900299072266,20.496700286865234,,-0.00279998779296875,,,5.0,ok
ZTF23aaznifc,,,,,,,,,empty
ZTF21aadkhte,,,,,,,,,empty
ZTF19acuyvtl,,,,,,,,,empty
ZTF23aamhlcu,,,,,,,,,empty
ZTF25abhngxo,0.08516406253640572,19.95800018310547,19.25860023498535,18.78380012512207,0.6993999481201172,0.47480010986328125,0.0,84.0,ok
ZTF19abmtpvz,,,,,,,,,empty
ZTF20acnyxln,,,,,,,,,empty
ZTF23aajahua,,,,,,,,,empty
ZTF20aaqshoz,1.3247443946309247,,21.378599166870117,,,,,2.0,ok
ZTF19acyfhnn,0.12948234819147822,19.952499389648438,18.720600128173828,,1.2318992614746094,,,5.0,ok
ZTF22abfviis,,,,,,,,,empty
ZTF18abulkrl,,,,,,,,,empty
ZTF23aawkjdx,0.37985226308942804,20.380399703979492,19.9153995513916,19.979400634765625,0.4650001525878906,-0.06400108337402344,0.0,60.0,ok
ZTF20acehyxd,,,,,,,,,empty
ZTF18abjvhec,,,,,,,,,empty
ZTF21aarmkuj,,,,,,,,,empty
ZTF24aantppw,1.3026318407993915,21.439300537109375,21.537200927734375,,-0.097900390625,,,3.0,ok
ZTF23abefecu,,,,,,,,,empty
ZTF19aaumvig,1.2567958053198611,20.61359977722168,20.494600296020508,20.21380043029785,0.11899948120117188,0.28079986572265625,0.0,65.0,ok
ZTF23aacbziz,,,,,,,,,empty
ZTF21abourqt,1.166633441500549,19.420900344848633,18.484399795532227,18.069799423217773,0.9365005493164062,0.4146003723144531,0.0,83.0,ok
ZTF24abvkugf,,,,,,,,,empty
ZTF21acpqqgu,,,,,,,,,empty
ZTF19abpnrqa,1.1789129705639074,,,,,,,2.0,ok
ZTF23absdqly,,,,,,,,,empty
ZTF25abhkdne,,,,,,,,,empty
ZTF25abtgvqq,,,,,,,,,empty
ZTF25acivwpw,0.3671575524727068,19.87809944152832,19.576400756835938,19.373199462890625,0.3016986846923828,0.2032012939453125,0.0,95.0,ok
ZTF21aayggyo,0.5396905285638312,19.1289005279541,18.45170021057129,18.004100799560547,0.6772003173828125,0.4475994110107422,0.0,76.0,ok
ZTF19abaeyln,,,,,,,,,empty
ZTF24abqaesu,,,,,,,,,empty
ZTF19aahsnmq,0.8170437387199936,21.8799991607666,,21.642900466918945,,,0.0,2.0,ok
ZTF20aayvuwu,0.3600647654432618,17.901399612426758,17.351699829101562,16.73189926147461,0.5496997833251953,0.6198005676269531,0.0,64.0,ok
ZTF22abawyul,0.16319493781799035,19.773000717163086,19.145099639892578,18.908000946044922,0.6279010772705078,0.23709869384765625,0.0,80.0,ok
ZTF23aadakub,,,,,,,,,empty
ZTF20abyiohf,,,,,,,,,empty
ZTF24aavkhwi,,,,,,,,,empty
ZTF20aadxvfj,0.3644319276742809,21.224199295043945,20.664600372314453,21.083499908447266,0.5595989227294922,-0.4188995361328125,0.0,20.0,ok
ZTF22aankxcq,1.206533999162232,,,19.223400115966797,,,0.0,4.0,ok
ZTF24aakftxp,,,,,,,,,empty
ZTF23aabasoe,,,,,,,,,empty
ZTF17aabtvsy,0.7124908996974464,18.123300552368164,17.29439926147461,17.09830093383789,0.8289012908935547,0.19609832763671875,0.0,72.0,ok
ZTF25acfcmnb,,,,,,,,,empty
ZTF20abmbycd,0.3361150717027999,18.278400421142578,17.8356990814209,17.29759979248047,0.4427013397216797,0.5380992889404297,0.0,57.0,ok
ZTF19aclyezb,,,,,,,,,empty
ZTF25abqxnbr,,,,,,,,,empty
ZTF21abcnpnk,0.1096405534683658,19.414400100708008,18.702600479125977,17.914600372314453,0.7117996215820312,0.7880001068115234,0.0,61.0,ok
ZTF20aaxxhib,,,,,,,,,empty
ZTF25aatoasz,,,,,,,,,empty
ZTF19abzqywg,0.42364966322205483,19.377700805664062,,,,,,7.0,ok
ZTF22aaeaqmz,0.7097156899743936,21.716899871826172,21.317800521850586,21.670799255371094,0.39909934997558594,-0.3529987335205078,0.0,4.0,ok
ZTF20abafjtw,,,,,,,,,empty
ZTF21accyxid,0.788870236369625,,,,,,,2.0,ok
ZTF23aaczpkm,,,,,,,,,empty
ZTF18aasprui,,,,,,,,,empty
ZTF21acixxub,0.2759618710066923,21.99209976196289,21.64900016784668,21.46430015563965,0.34309959411621094,0.18470001220703125,0.0,26.0,ok
ZTF20abahhml,,,,,,,,,empty
ZTF19acvgjme,0.0557496537153722,19.320100784301758,18.320899963378906,17.984500885009766,0.9992008209228516,0.3363990783691406,0.0,88.0,ok
ZTF25aasrzlo,0.16783122308050427,19.21660041809082,18.549699783325195,18.15999984741211,0.666900634765625,0.38969993591308594,0.0,49.0,ok
ZTF21abviabc,0.10006026477005145,18.629499435424805,17.689899444580078,17.260099411010742,0.9395999908447266,0.42980003356933594,0.0,83.0,ok
ZTF19abmzord,,,,,,,,,empty
ZTF20abeqsrm,,,,,,,,,empty
ZTF24aadkwni,1.0918390289991424,17.144100189208984,16.576799392700195,16.19070053100586,0.5673007965087891,0.38609886169433594,0.0,74.0,ok
ZTF22aadeqxu,,,,,,,,,empty
ZTF25aafpqvd,,,,,,,,,empty
ZTF19abucvhz,,,,,,,,,empty
ZTF19abcnpkt,,,,,,,,,empty
ZTF25acayrnp,,,,,,,,,empty
ZTF18abmmdif,,,,,,,,,empty
ZTF23aahxppo,,,,,,,,,empty
ZTF25abusgsz,,,,,,,,,empty
ZTF18aaqznkg,0.008699443015836245,18.288799285888672,,,,,,3.0,ok
ZTF22abpusrt,,,,,,,,,empty
ZTF23abvzhwa,,,,,,,,,empty
ZTF18aauqdyb,1.0472987569096661,19.438899993896484,18.956300735473633,18.658599853515625,0.48259925842285156,0.2977008819580078,0.0,102.0,ok
ZTF20aatxmcd,0.6467479441354703,21.127300262451172,20.968299865722656,20.815000534057617,0.15900039672851562,0.15329933166503906,0.0,43.0,ok
ZTF18abkhcwl,,,,,,,,,empty
ZTF20abgzvff,1.3745178364903832,17.7101993560791,16.81439971923828,16.350299835205078,0.8957996368408203,0.4640998840332031,0.0,74.0,ok
ZTF23abhwhho,,,,,,,,,empty
ZTF20aatsjyu,,,,,,,,,empty
ZTF18abclfee,,,,,,,,,empty
ZTF23aapuknd,0.7279021028439728,,20.74959945678711,20.73740005493164,,0.01219940185546875,0.0,4.0,ok
ZTF24aafroqa,,,,,,,,,empty
ZTF19accczao,0.0968214813738026,17.362699508666992,16.950599670410156,16.447399139404297,0.41209983825683594,0.5032005310058594,0.0,55.0,ok
ZTF24aaijqso,,,,,,,,,empty
ZTF25aaxfkwe,,,,,,,,,empty
ZTF21aagvmqr,,,,,,,,,empty
ZTF25abfntiq,,,,,,,,,empty
ZTF25abeqaoy,,,,,,,,,empty
ZTF22aadmbfq,,,,,,,,,empty
ZTF24ablucio,,,,,,,,,empty
ZTF22acaexru,0.9379850772585931,17.67289924621582,17.371400833129883,,0.3014984130859375,,,23.0,ok
ZTF23aahnmag,0.7186057467660052,,,20.003700256347656,,,0.0,2.0,ok
ZTF22aajjojx,,,,,,,,,empty
ZTF24aaqxajf,,,,,,,,,empty
ZTF23aacggqz,,,,,,,,,empty
ZTF22abynlvk,0.06668899263024733,22.01930046081543,21.97640037536621,21.785400390625,0.04290008544921875,0.19099998474121094,0.0,17.0,ok
ZTF22abgibib,,,,,,,,,empty
ZTF22abtdzyw,,,,,,,,,empty
ZTF25aajfjhm,0.12644993609561034,18.102399826049805,17.48940086364746,17.077699661254883,0.6129989624023438,0.4117012023925781,0.0,65.0,ok
ZTF19aamqfxq,1.2858765686272633,18.5580997467041,,,,,,2.0,ok
ZTF25ablvccx,,,,,,,,,empty
ZTF22aaafgwq,1.115969903631683,,,19.986400604248047,,,,2.0,ok
ZTF23aarqyio,,,,,,,,,empty
ZTF24aadykqs,1.4309332842920166,19.037200927734375,18.999099731445312,18.893999099731445,0.0381011962890625,0.10510063171386719,0.0,64.0,ok
ZTF24abgzsnd,,,,,,,,,empty
ZTF24abljlku,,,,,,,,,empty
ZTF20accxqqo,,,,,,,,,empty
ZTF20acpujxl,,,,,,,,,empty
ZTF21aaphzsw,,,,,,,,,empty
ZTF19aavbjfp,,,,,,,,,empty
ZTF25aaprfzh,,,,,,,,,empty
ZTF23aaqmxxo,,,,,,,,,empty
ZTF24abeqjgr,,,,,,,,,empty
ZTF18adaifep,,,,,,,,,empty
ZTF19aaqyvdn,0.2038200310428348,22.493499755859375,21.823200225830078,21.561199188232422,0.6702995300292969,0.26200103759765625,0.0,15.0,ok
ZTF22abvasxc,,,,,,,,,empty
ZTF22aavskaa,1.4324656900550963,21.27400016784668,20.267499923706055,21.007299423217773,1.006500244140625,-0.7397994995117188,0.0,8.0,ok
ZTF21abcbwke,1.4885866960203895,,17.026100158691406,17.119400024414062,,-0.09329986572265625,0.0,3.0,ok
ZTF21aatnxwt,,,,,,,,,empty
ZTF22aadfecx,,,,,,,,,empty
ZTF22aaahewf,,,,,,,,,empty
ZTF20aafsnpp,0.3971512908197967,,,,,,,2.0,ok
ZTF23abqbtam,,,,,,,,,empty
ZTF25abjkphq,,,,,,,,,empty
ZTF24aalbxfh,0.06529948066125031,19.787700653076172,,21.08180046081543,,,1.0,3.0,ok
ZTF22abggmtd,0.5248825839861195,19.880599975585938,19.85540008544922,19.58970069885254,0.02519989013671875,0.2656993865966797,0.0,48.0,ok
ZTF18abtrvkm,,,,,,,,,empty
ZTF20abfklsy,,,,,,,,,empty
ZTF19abkgbul,,,,,,,,,empty
ZTF25acftcra,0.45389036278122763,20.09939956665039,20.022300720214844,20.032800674438477,0.07709884643554688,-0.010499954223632812,0.0,67.0,ok
ZTF21acgunkr,1.4690919241320515,,,20.087499618530273,,,0.0,2.0,ok
ZTF19abzzhgx,,,,,,,,,empty
ZTF24abagjgq,,,,,,,,,empty
ZTF21aagqcnl,,,,,,,,,empty
ZTF24abhbvwm,,,,,,,,,empty
ZTF18abcrxoj,,,,,,,,,empty
ZTF23aabfyfn,1.2921152529947564,18.19420051574707,17.561599731445312,17.111400604248047,0.6326007843017578,0.4501991271972656,0.0,59.0,ok
ZTF18aajqcue,1.0130816497977093,20.2096004486084,19.621299743652344,19.303800582885742,0.5883007049560547,0.31749916076660156,0.0,68.0,ok
ZTF23aaqknaw,,,,,,,,,empty
ZTF18adachwf,,,,,,,,,empty
ZTF19abcejoa,0.24679658751219022,21.0664005279541,20.5669002532959,20.382699966430664,0.4995002746582031,0.18420028686523438,0.0,47.0,ok
ZTF22abgawhn,,,,,,,,,empty
ZTF19aarjfqe,,,,,,,,,empty
ZTF25ackmpgh,0.784074649917862,,18.42340087890625,,,,,2.0,ok
ZTF20abqkbfx,,,,,,,,,empty
ZTF24aaheedw,,,,,,,,,empty
ZTF25abyojpd,0.6052281694372894,22.14150047302246,21.752500534057617,21.52750015258789,0.38899993896484375,0.22500038146972656,0.0,12.0,ok
ZTF21aanhvpo,,,,,,,,,empty
ZTF22abykjae,,,,,,,,,empty
ZTF24abijcdx,,,,,,,,,empty
ZTF19acchink,0.20479532639135506,20.06920051574707,19.349000930786133,19.10059928894043,0.7201995849609375,0.24840164184570312,0.0,78.0,ok
ZTF19achjqbk,0.21826996100540183,21.09589958190918,,20.66710090637207,,,0.0,17.0,ok
ZTF21abcxner,0.2348443848632537,19.66699981689453,19.42140007019043,19.41069984436035,0.24559974670410156,0.010700225830078125,0.0,70.0,ok
ZTF24aaervkt,,,,,,,,,empty
ZTF20aayjxdv,0.49628763465357206,20.943700790405273,,,,,,2.0,ok
ZTF20abpuxcc,,,,,,,,,empty
ZTF20aaswbty,0.6299295544026705,19.372499465942383,,17.513399124145508,,,0.0,6.0,ok
ZTF19aavnzti,0.9397836388440313,17.25950050354004,16.663799285888672,16.097400665283203,0.5957012176513672,0.5663986206054688,0.0,88.0,ok
ZTF20abkrwdu,,,,,,,,,empty
ZTF24aatsmxc,,,,,,,,,empty
ZTF18aaqxbvf,0.07280547770469518,20.34119987487793,20.100200653076172,19.46299934387207,0.2409992218017578,0.6372013092041016,0.0,86.0,ok
ZTF24aabsmvc,,,,,,,,,empty
ZTF18acyxnyw,0.20825967250132169,20.649099349975586,20.325599670410156,20.17609977722168,0.3234996795654297,0.14949989318847656,0.0,73.0,ok
ZTF22abunrdy,1.2295923750911715,19.61989974975586,19.6825008392334,19.586299896240234,-0.06260108947753906,0.09620094299316406,0.0,44.0,ok
ZTF20acmaaan,,,,,,,,,empty
ZTF23aajkejg,0.4209306721016359,19.069599151611328,18.418500900268555,18.034500122070312,0.6510982513427734,0.3840007781982422,0.0,87.0,ok
ZTF19aakjbej,0.7531323435630629,,,19.522600173950195,,,0.0,7.0,ok
ZTF20aattyuz,,,,,,,,,empty
ZTF23aamfqxc,0.1682672996888333,19.681100845336914,22.265399932861328,,-2.584299087524414,,,5.0,ok
ZTF20acwxbyr,,,,,,,,,empty
ZTF22abttupc,1.185031445081463,21.902799606323242,21.705400466918945,21.591299057006836,0.19739913940429688,0.11410140991210938,0.0,5.0,ok
ZTF24aavhseb,,,,,,,,,empty
ZTF24abyzbkt,0.13403534984825297,19.119199752807617,18.362600326538086,18.0846004486084,0.7565994262695312,0.2779998779296875,0.0,83.0,ok
ZTF22abadzpo,,,,,,,,,empty
ZTF23abpqklj,0.8298051089805085,,,21.81570053100586,,,,2.0,ok
ZTF23aaxcdfm,0.576981274470697,19.161800384521484,18.524900436401367,18.319000244140625,0.6368999481201172,0.2059001922607422,0.0,56.0,ok
ZTF23abawvxd,,,,,,,,,empty
ZTF23aatdcey,,,,,,,,,empty
ZTF19abujhgm,0.06534658670340242,19.040300369262695,18.177900314331055,17.71470069885254,0.8624000549316406,0.4631996154785156,0.0,62.0,ok
ZTF21aamttit,0.6318689594750071,,,,,,,2.0,ok
ZTF21acfcgnk,1.1019533285544967,21.480199813842773,21.17609977722168,21.153200149536133,0.30410003662109375,0.022899627685546875,0.0,51.0,ok
ZTF25abqkiqr,,,,,,,,,empty
ZTF20abjgfac,1.2818641008588239,20.559499740600586,20.412500381469727,20.243600845336914,0.14699935913085938,0.1688995361328125,0.0,57.0,ok
ZTF22abqqepp,,,,,,,,,empty
ZTF24aaekbjb,,,,,,,,,empty
ZTF23aajkfls,,,,,,,,,empty
ZTF24abnfuyr,,,,,,,,,empty
ZTF20aauomaf,,,,,,,,,empty
ZTF25acgqhjx,0.12234543791932935,20.149799346923828,19.457700729370117,18.90489959716797,0.6920986175537109,0.5528011322021484,0.0,82.0,ok
ZTF24aakaiqs,,,,,,,,,empty
ZTF20abeldyn,0.3706486535969234,19.16950035095215,18.385499954223633,18.030899047851562,0.7840003967285156,0.3546009063720703,0.0,60.0,ok
ZTF21abrmefg,0.8559122505482891,,,19.27680015563965,,,0.0,2.0,ok
ZTF19aafnfyc,,,,,,,,,empty
ZTF21abcmcuq,0.3561878703330461,,21.14349937438965,,,,,2.0,ok
ZTF23abhtkba,,,,,,,,,empty
ZTF25aagbelb,,,,,,,,,empty
ZTF25abogfap,,,,,,,,,empty
ZTF21aakiqbm,0.14425331092121846,18.775100708007812,18.16629981994629,17.587499618530273,0.6088008880615234,0.5788002014160156,0.0,54.0,ok
ZTF25aahmdjb,,,,,,,,,empty
ZTF22abamnmb,0.8945598824047045,21.50860023498535,,,,,,2.0,ok
ZTF21abmwghp,,,,,,,,,empty
ZTF21aaquhqr,,,,,,,,,empty
ZTF24aayshhu,1.4345908647450398,19.72640037536621,18.267900466918945,18.82379913330078,1.4584999084472656,-0.5558986663818359,0.0,18.0,ok
ZTF20aciouqw,,,,,,,,,empty
ZTF23abcegjv,,,,,,,,,empty
ZTF24aadlwsg,,,,,,,,,empty
ZTF22aaedrzw,,,,,,,,,empty
ZTF19abrdnty,,,,,,,,,empty
ZTF25abyakba,,,,,,,,,empty
ZTF25ablgfxf,0.4734086957027726,,,19.08919906616211,,,0.0,3.0,ok
ZTF23absbmfw,,,,,,,,,empty
ZTF21ackhddc,,,,,,,,,empty
ZTF20aasitqe,,,,,,,,,empty
ZTF20achaxvo,,,,,,,,,empty
ZTF23abavrya,,,,,,,,,empty
ZTF22abmfmng,0.6401732254636029,17.95050048828125,17.342500686645508,16.89900016784668,0.6079998016357422,0.4435005187988281,0.0,58.0,ok
ZTF21achpqlr,,,,,,,,,empty
ZTF18acqwdla,,,,,,,,,empty
ZTF19aamwyzl,,,,,,,,,empty
ZTF22aajcupz,,,,,,,,,empty
ZTF22abubnqs,,,,,,,,,empty
ZTF21abuffew,1.0137825178244466,21.62190055847168,,,,,,2.0,ok
ZTF20actpatx,0.6110841506837453,18.558399200439453,18.199100494384766,17.971599578857422,0.3592987060546875,0.22750091552734375,0.0,71.0,ok
ZTF23abspaqj,,,,,,,,,empty
ZTF25abtaydf,,,,,,,,,empty
ZTF23aaetxdd,0.2373191865870821,20.753999710083008,,,,,,2.0,ok
ZTF19aclhohd,,,,,,,,,empty
ZTF21aasgffc,,,,,,,,,empty
ZTF20aamknxn,1.0162199306960384,20.49250030517578,19.587400436401367,19.933900833129883,0.9050998687744141,-0.3465003967285156,0.0,15.0,ok
ZTF24acacfds,,,,,,,,,empty
ZTF22abwuaru,0.3386740811953127,21.906099319458008,,21.174400329589844,,,0.0,4.0,ok
ZTF19aciuhwi,,,,,,,,,empty
ZTF21aaabaey,,,,,,,,,empty
ZTF21aaukcog,,,,,,,,,empty
ZTF19acnqsui,,,,,,,,,empty
ZTF18abmmkaz,,,,,,,,,empty
ZTF21abjrysr,0.14340086607670569,19.30579948425293,18.550100326538086,18.0625,0.7556991577148438,0.48760032653808594,0.0,68.0,ok
ZTF24aaifvcs,1.2385940442105874,,21.106399536132812,,,,,2.0,ok
ZTF20aaxicpu,,,,,,,,,empty
ZTF24aaekphr,,,,,,,,,empty
ZTF20aabcouv,,,,,,,,,empty
ZTF20aaszzez,,,,,,,,,empty
ZTF18abhqaxd,0.14526546483379565,19.814699172973633,19.611099243164062,,0.2035999298095703,,,4.0,ok
ZTF20abthxfr,0.4850202321667803,,,,,,,3.0,ok
ZTF20ablklei,,,,,,,,,empty
ZTF21abkkuja,,,,,,,,,empty
ZTF25aafwfof,0.11519569439602688,18.820600509643555,17.912500381469727,17.50480079650879,0.9081001281738281,0.4076995849609375,0.0,72.0,ok
ZTF25aceeneu,,,,,,,,,empty
ZTF18acrcyqw,0.8638725799937219,,20.125499725341797,,,,,2.0,ok
ZTF24aadecbb,,,,,,,,,empty
ZTF22aaafnvl,,,,,,,,,empty
ZTF21abxnulm,,,,,,,,,empty
ZTF23abnpoqp,,,,,,,,,empty
ZTF20abmtaya,,,,,,,,,empty
ZTF21aaluoym,1.3170958361198968,17.557600021362305,16.73940086364746,16.177400588989258,0.8181991577148438,0.5620002746582031,0.0,60.0,ok
ZTF24aaahxwr,0.07084658631956045,19.019800186157227,18.486400604248047,18.368900299072266,0.5333995819091797,0.11750030517578125,0.0,80.0,ok
ZTF22abepfmn,,,,,,,,,empty
ZTF18acyarki,,,,,,,,,empty
ZTF21aalnyny,0.6077238826808065,,,,,,,2.0,ok
ZTF25abogteg,,,,,,,,,empty
ZTF21aarjczf,,,,,,,,,empty
ZTF22abyivor,,,,,,,,,empty
ZTF21aapyiku,,,,,,,,,empty
ZTF19acgkead,0.37375665925157303,17.080900192260742,16.625,16.33810043334961,0.4559001922607422,0.2868995666503906,0.0,81.0,ok
ZTF19acdubmt,1.138479636615841,22.02440071105957,21.384000778198242,21.541900634765625,0.6403999328613281,-0.1578998565673828,0.0,5.0,ok
ZTF24aaabybk,1.4469964223541176,19.4960994720459,19.16029930114746,19.09440040588379,0.3358001708984375,0.06589889526367188,0.0,79.0,ok
ZTF25aaynaqk,1.3622052614635358,21.558399200439453,21.634199142456055,21.256399154663086,-0.07579994201660156,0.37779998779296875,0.0,19.0,ok
ZTF21abcdtoi,,,,,,,,,empty
ZTF20abmihnc,,,,,,,,,empty
ZTF21abtuutw,0.3238577591267352,18.39900016784668,17.84869956970215,17.637100219726562,0.5503005981445312,0.21159934997558594,0.0,90.0,ok
ZTF19aadtqcd,,,,,,,,,empty
ZTF25accgpkr,,,,,,,,,empty
ZTF19aamsnhu,0.16738135901043127,22.018999099731445,21.402700424194336,21.686199188232422,0.6162986755371094,-0.28349876403808594,0.0,3.0,ok
ZTF22abfvshc,,,,,,,,,empty
ZTF22abjqztl,,,,,,,,,empty
ZTF24abaiddj,0.39027048558302185,,,21.884599685668945,,,1.0,3.0,ok
ZTF21acdvfjr,,,,,,,,,empty
ZTF21abvdikq,,,,,,,,,empty
ZTF24aaieino,,,,,,,,,empty
ZTF22abkwdhr,,,,,,,,,empty
ZTF25aayxhar,,,,,,,,,empty
ZTF22aadfgpu,,,,,,,,,empty
ZTF19aadyioa,,,,,,,,,empty
ZTF22abbgyvi,1.0283444579402534,17.95319938659668,17.211999893188477,16.964599609375,0.7411994934082031,0.24740028381347656,0.0,57.0,ok
ZTF24abllcml,,,,,,,,,empty
ZTF19acdisjm,,,,,,,,,empty
ZTF20aarbktd,,,,,,,,,empty
ZTF23aapmokr,0.533527616651356,19.65180015563965,18.756000518798828,18.06220054626465,0.8957996368408203,0.6937999725341797,0.0,74.0,ok
ZTF21aaocibg,0.9519490149059101,20.570199966430664,20.418500900268555,19.917699813842773,0.15169906616210938,0.5008010864257812,0.0,65.0,ok
ZTF25aauvber,,,,,,,,,empty
ZTF19acyfoha,,,,,,,,,empty
ZTF25abghglc,,,,,,,,,empty
ZTF25abmwwga,,,,,,,,,empty
ZTF23aamzucf,1.4682660421418228,19.57710075378418,18.747100830078125,18.290199279785156,0.8299999237060547,0.45690155029296875,0.0,71.0,ok
ZTF19adcfsoc,,,,,,,,,empty
ZTF18acbvcmw,,,,,,,,,empty
ZTF25abvejtn,,,,,,,,,empty
ZTF25abczmes,0.5910099028566412,17.935699462890625,17.111099243164062,16.9153995513916,0.8246002197265625,0.19569969177246094,0.0,82.0,ok
ZTF21aadrtqz,0.878271026920525,19.027000427246094,18.91200065612793,18.740999221801758,0.11499977111816406,0.17100143432617188,0.0,70.0,ok
ZTF25aatruwp,,,,,,,,,empty
ZTF20acllntr,,,,,,,,,empty
ZTF19abpgggu,0.5833088712058787,19.0487003326416,17.955299377441406,17.626699447631836,1.0934009552001953,0.3285999298095703,0.0,74.0,ok
ZTF24aaizdbb,0.5209329309459038,21.91670036315918,21.36680030822754,21.086599349975586,0.5499000549316406,0.2802009582519531,0.0,39.0,ok
ZTF23aanxrjm,,,,,,,,,empty
ZTF24aahahuu,,,,,,,,,empty
ZTF23aaawbsc,,,,,,,,,empty
ZTF21aasufxv,,,,,,,,,empty
ZTF21aarybxo,0.3461194505220455,,21.316699981689453,,,,,3.0,ok
ZTF25abmpomc,,,,,,,,,empty
ZTF24abnoozs,,,,,,,,,empty
ZTF20abgdtmv,,,,,,,,,empty
ZTF22aaudftc,0.3821359998469681,18.22599983215332,17.373600006103516,16.878799438476562,0.8523998260498047,0.4948005676269531,0.0,65.0,ok
ZTF18aatyqds,0.3429628129510629,21.089099884033203,,20.319400787353516,,,0.0,2.0,ok
ZTF22abynjkd,,,,,,,,,empty
ZTF25acgqfpt,,,,,,,,,empty
ZTF21ablwdur,,,,,,,,,empty
ZTF19abyuzch,,,,,,,,,empty
ZTF18abokyfk,,,,,,,,,empty
ZTF22abtknum,,,,,,,,,empty
ZTF19aadolpe,,,,,,,,,empty
ZTF24aabwuok,,,,,,,,,empty
ZTF22abylrge,0.22554376039511587,19.41629981994629,18.80739974975586,18.21430015563965,0.6089000701904297,0.5930995941162109,0.0,57.0,ok
ZTF19aarxrem,,,,,,,,,empty
ZTF18aazndjw,0.17903587728839762,20.323200225830078,18.74410057067871,18.927799224853516,1.5790996551513672,-0.1836986541748047,1.0,44.0,ok
ZTF24abgjkys,,,,,,,,,empty
ZTF21aaqyifh,,,,,,,,,empty
ZTF24aaeikvz,0.1954431961652387,19.943199157714844,19.59510040283203,19.379199981689453,0.3480987548828125,0.21590042114257812,0.0,73.0,ok
ZTF19abxtdgh,0.08524214342559389,,,17.681400299072266,,,0.0,3.0,ok
ZTF23aaelbbq,,,,,,,,,empty
ZTF21aclyyfm,,,,,,,,,empty
ZTF24aaahwjj,,,,,,,,,empty
ZTF24abgvkxx,,,,,,,,,empty
ZTF25aageefz,,,,,,,,,empty
ZTF25abiqcie,,,,,,,,,empty
ZTF20acxtgek,,,,,,,,,empty
ZTF21aaupkow,,,,,,,,,empty
ZTF22aajhkpo,1.1088821419583526,,21.032800674438477,,,,,4.0,ok
ZTF20aabqisb,,,,,,,,,empty
ZTF22aaaovio,,,,,,,,,empty
ZTF25acauqtp,,,,,,,,,empty
ZTF23aaabzea,0.26054797307829164,18.94930076599121,18.205299377441406,17.906999588012695,0.7440013885498047,0.29829978942871094,0.0,63.0,ok
ZTF23aabnyfa,,,,,,,,,empty
ZTF19aaywash,0.06911003546383124,19.834199905395508,19.81730079650879,18.759199142456055,0.01689910888671875,1.0581016540527344,1.0,19.0,ok
ZTF20aaazjwc,,,,,,,,,empty
ZTF18aaakpbx,0.12737543713495642,20.920900344848633,21.651500701904297,21.225299835205078,-0.7306003570556641,0.42620086669921875,1.0,25.0,ok
ZTF20absvwdh,,,,,,,,,empty
ZTF25aarutux,,,,,,,,,empty
ZTF19aazpkyv,1.2843234876782204,,,19.492399215698242,,,0.0,12.0,ok
ZTF20acumcrz,0.3830956102308168,17.239999771118164,16.77750015258789,16.52120018005371,0.46249961853027344,0.2562999725341797,0.0,66.0,ok
ZTF23aaohfxx,1.3298847973866743,,,19.12470054626465,,,0.0,2.0,ok
ZTF19aaniore,,,,,,,,,empty
ZTF25aafedas,,,,,,,,,empty
ZTF21aarwlht,,,,,,,,,empty
ZTF21abrlslx,,,,,,,,,empty
ZTF24aaijsxa,,,,,,,,,empty
ZTF19aaoikti,,,,,,,,,empty
ZTF21accwcrh,1.4822935480257433,20.57309913635254,20.18589973449707,20.502300262451172,0.38719940185546875,-0.31640052795410156,0.0,39.0,ok
ZTF24aakzgnd,0.6965386464192261,,20.529300689697266,,,,,2.0,ok
ZTF21aaphvyi,,,,,,,,,empty
ZTF21abhyqlv,,,,,,,,,empty
ZTF19aanhlzi,,,,,,,,,empty
ZTF23abayagw,,,,,,,,,empty
ZTF18abklbam,,,,,,,,,empty
ZTF21aaprfkc,0.23473296124944043,18.251399993896484,17.64900016784668,17.50200080871582,0.6023998260498047,0.14699935913085938,0.0,50.0,ok
ZTF20acugxbm,,,,,,,,,empty
ZTF22aaettxg,1.2783777134685295,20.63629913330078,20.328100204467773,20.05120086669922,0.3081989288330078,0.2768993377685547,0.0,66.0,ok
ZTF20acynaba,1.2248612120202154,21.369400024414062,19.22450065612793,,2.144899368286133,,,2.0,ok
ZTF23aacopzi,,,,,,,,,empty
ZTF18accnbgw,0.9852211531042987,20.649999618530273,20.767499923706055,20.444900512695312,-0.11750030517578125,0.3225994110107422,0.0,10.0,ok
ZTF22abnemvx,,,,,,,,,empty
ZTF18acszaiy,,,,,,,,,empty
ZTF24abtpmhk,0.9505110443001071,20.253599166870117,,,,,,2.0,ok
ZTF19aapwnmb,,,,,,,,,empty
ZTF19aavnxwj,0.2816155856182977,19.1205997467041,18.5039005279541,18.114900588989258,0.61669921875,0.38899993896484375,0.0,79.0,ok
ZTF23aaajtqn,,,,,,,,,empty
ZTF22aahedwz,0.7205421536161601,,,19.83209991455078,,,0.0,2.0,ok
ZTF23abjyups,,,,,,,,,empty
ZTF23abgtmzs,0.9577887255269625,19.183799743652344,19.8164005279541,,-0.6326007843017578,,,3.0,ok
ZTF20adadrdh,,,,,,,,,empty
ZTF22abbdxho,,,,,,,,,empty
ZTF21aaxlhyl,,,,,,,,,empty
ZTF19aakoese,,,,,,,,,empty
ZTF24aahdikd,,,,,,,,,empty
ZTF19aaxfzao,,,,,,,,,empty
ZTF23abjhwem,1.238733983542467,,,20.987600326538086,,,0.0,2.0,ok
ZTF20aamdloh,,,,,,,,,empty
ZTF20acxzkkf,,,,,,,,,empty
ZTF23aaiyjbk,,,,,,,,,empty
ZTF20acioekr,1.0023267613851607,21.58289909362793,20.974000930786133,20.61050033569336,0.6088981628417969,0.36350059509277344,1.0,31.0,ok
ZTF24aaugudk,1.3293192852433329,20.599599838256836,20.043500900268555,19.79800033569336,0.5560989379882812,0.2455005645751953,0.0,58.0,ok
ZTF19aakpcfy,,,,,,,,,empty
ZTF18abntsgz,,,,,,,,,empty
ZTF24aadkvnv,0.21858950775019298,18.72599983215332,18.22879981994629,17.852699279785156,0.49720001220703125,0.3761005401611328,0.0,56.0,ok
ZTF21aavuprl,,,,,,,,,empty
ZTF24acahvpc,,,,,,,,,empty
ZTF25aaprtxj,,,,,,,,,empty
ZTF25aabreke,,,,,,,,,empty
ZTF24abtdiyn,,,,,,,,,empty
ZTF23aaqanze,,,,,,,,,empty
ZTF19aawafvn,1.2819137265545333,19.50659942626953,19.41349983215332,19.093799591064453,0.09309959411621094,0.3197002410888672,0.0,82.0,ok
ZTF18acaqdaa,0.0925596332061887,20.417499542236328,19.302600860595703,18.86050033569336,1.114898681640625,0.44210052490234375,0.0,73.0,ok
ZTF24aarryoz,,,,,,,,,empty
ZTF19aarixue,,,,,,,,,empty
ZTF21aagyscx,,,,,,,,,empty
ZTF19acxowwt,0.6471917297470171,18.25320053100586,17.866300582885742,17.528799057006836,0.3868999481201172,0.33750152587890625,0.0,74.0,ok
ZTF19acaqqke,0.2910068222175328,18.740400314331055,18.631399154663086,18.443199157714844,0.10900115966796875,0.1881999969482422,0.0,72.0,ok
ZTF23aawyiyk,,,,,,,,,empty
ZTF22aafqaew,0.3111038064605606,,21.77560043334961,21.47719955444336,,0.29840087890625,0.0,16.0,ok
ZTF20acwphqb,1.0465988541844777,21.216699600219727,20.655799865722656,20.59149932861328,0.5608997344970703,0.064300537109375,0.0,67.0,ok
ZTF23aauytqw,,,,,,,,,empty
ZTF19aafmyow,0.2896886411370015,20.226600646972656,20.02079963684082,19.986099243164062,0.20580101013183594,0.03470039367675781,0.0,64.0,ok
ZTF24abqcqkt,,,,,,,,,empty
ZTF19aceshib,,,,,,,,,empty
ZTF21abtxxjk,1.1665280183839066,18.777700424194336,18.159700393676758,17.737600326538086,0.6180000305175781,0.4221000671386719,0.0,83.0,ok
ZTF24aasokij,,,,,,,,,empty
ZTF25acbyrqc,,,,,,,,,empty
ZTF23aaqhzwu,1.3070793795234035,,19.286500930786133,,,,,2.0,ok
ZTF20abxkwbi,0.32630324583361137,20.34160041809082,20.43790054321289,19.256900787353516,-0.09630012512207031,1.180999755859375,0.0,27.0,ok
ZTF19abcejfo,,,,,,,,,empty
ZTF25abtlmgv,0.7379316921812822,20.793100357055664,20.981000900268555,20.88990020751953,-0.18790054321289062,0.09110069274902344,0.0,35.0,ok
ZTF20aaupolv,,,,,,,,,empty
ZTF20abuusst,,,,,,,,,empty
ZTF24abbgjue,1.354720310330455,19.496200561523438,19.00119972229004,18.46269989013672,0.49500083923339844,0.5384998321533203,0.0,66.0,ok
ZTF23aaldzxz,,,,,,,,,empty
ZTF18ablqlzp,0.33806020700236533,18.976900100708008,,,,,,6.0,ok
ZTF18acaipdc,,,,,,,,,empty
ZTF21aatpsky,,,,,,,,,empty
ZTF22abjrpmv,,,,,,,,,empty
ZTF20abyzbxa,,,,,,,,,empty
ZTF19absymnz,,,,,,,,,empty
ZTF20abmxtnh,,,,,,,,,empty
ZTF21absvlrr,,,,,,,,,empty
ZTF22abehuah,,,,,,,,,empty
ZTF22aaqwdjw,0.16859528410714456,18.39310073852539,17.643400192260742,17.405000686645508,0.7497005462646484,0.23839950561523438,0.0,72.0,ok
ZTF22abjrctf,,,,,,,,,empty
ZTF24abrirtr,,,,,,,,,empty
ZTF22abdondo,,,,,,,,,empty
ZTF21abmwgdf,0.40582138793268313,19.178699493408203,18.19569969177246,17.638500213623047,0.9829998016357422,0.5571994781494141,0.0,62.0,ok
ZTF23aaijgnu,1.3692139460823964,20.95829963684082,20.53660011291504,19.903900146484375,0.42169952392578125,0.6326999664306641,0.0,31.0,ok
ZTF22aasppdz,,,,,,,,,empty
ZTF19acvwllm,,,,,,,,,empty
ZTF20aaurfhs,0.8440460927890866,,,,,,,2.0,ok
ZTF21aaqftpz,0.10223613678439662,21.58489990234375,20.915000915527344,20.769500732421875,0.6698989868164062,0.14550018310546875,0.0,40.0,ok
ZTF21abkdpnw,,,,,,,,,empty
ZTF25aajqewt,,,,,,,,,empty
ZTF21acjdwfe,0.3644690166622294,19.294099807739258,18.365400314331055,18.04050064086914,0.9286994934082031,0.32489967346191406,0.0,70.0,ok
ZTF18adbcqwv,,,,,,,,,empty
ZTF24abcrkus,,,,,,,,,empty
ZTF20actzmzp,0.07226341159019029,21.386199951171875,21.371000289916992,21.38920021057129,0.015199661254882812,-0.018199920654296875,0.0,13.0,ok
ZTF25aaompnz,,,,,,,,,empty
ZTF23aavygyn,0.8190702578473364,,20.654199600219727,21.212799072265625,,-0.5585994720458984,0.0,4.0,ok
ZTF22aallgci,0.45219582766620525,,20.52389907836914,20.886899948120117,,-0.36300086975097656,0.0,4.0,ok
ZTF25aaldcfz,,,,,,,,,empty
ZTF25aatoqiw,,,,,,,,,empty
ZTF19abrcvzz,,,,,,,,,empty
ZTF22abemaki,,,,,,,,,empty
ZTF21aapfime,,,,,,,,,empty
ZTF18acrflch,,,,,,,,,empty
ZTF19acxgxcu,,,,,,,,,empty
ZTF25abdezjn,1.1357456989099362,22.123199462890625,21.84630012512207,21.57349967956543,0.2768993377685547,0.2728004455566406,0.0,12.0,ok
ZTF19acxmmys,0.36120416983735504,13.04800033569336,17.376300811767578,16.747299194335938,-4.328300476074219,0.6290016174316406,0.0,57.0,ok
ZTF20aabqihu,0.12817858442330035,19.196300506591797,18.83340072631836,18.401199340820312,0.3628997802734375,0.4322013854980469,0.0,63.0,ok
ZTF18adallcx,0.1542633024609079,21.5492000579834,21.554000854492188,20.526399612426758,-0.0048007965087890625,1.0276012420654297,1.0,24.0,ok
ZTF24abvftmi,1.2356996645909968,,21.876100540161133,21.9375,,-0.06139945983886719,0.0,4.0,ok
ZTF19aaladlt,1.4848162630209059,,,20.36210060119629,,,0.0,2.0,ok
ZTF20aaiawlj,1.3307088814924164,,18.232500076293945,18.247299194335938,,-0.014799118041992188,0.0,2.0,ok
ZTF18abeajml,1.346421126695353,19.373899459838867,19.025699615478516,18.7278995513916,0.34819984436035156,0.29780006408691406,0.0,67.0,ok
ZTF25aarrwlq,0.18603929821480977,19.119800567626953,18.304800033569336,17.841800689697266,0.8150005340576172,0.4629993438720703,0.0,86.0,ok
ZTF21abmdfyi,0.7474970111573669,20.206899642944336,19.958099365234375,19.46310043334961,0.24880027770996094,0.4949989318847656,0.0,17.0,ok
ZTF22aadfbim,1.462380438754006,19.719600677490234,,18.58799934387207,,,0.0,7.0,ok
ZTF19abgsyrp,0.48951339821602063,22.058399200439453,21.725099563598633,21.546600341796875,0.3332996368408203,0.1784992218017578,0.0,30.0,ok
ZTF19aazlpel,0.4521801006759828,21.645999908447266,21.117900848388672,20.929800033569336,0.5280990600585938,0.18810081481933594,0.0,13.0,ok
ZTF22aaedebi,,,,,,,,,empty
ZTF21abccaue,,,,,,,,,empty
ZTF20abyxcib,0.2367544562582762,,,16.321300506591797,,,0.0,3.0,ok
ZTF19aamjvie,,,,,,,,,empty
ZTF19abymhad,0.5107843557480746,19.238399505615234,19.201200485229492,18.982500076293945,0.03719902038574219,0.21870040893554688,0.0,63.0,ok
ZTF21aciobmz,0.15114160219700148,,20.13479995727539,,,,,5.0,ok
ZTF24acacfhu,0.274701297532722,20.2283992767334,20.032100677490234,19.98419952392578,0.19629859924316406,0.047901153564453125,0.0,44.0,ok
ZTF21aarasky,1.3467616267072644,17.059499740600586,16.62689971923828,16.267000198364258,0.4326000213623047,0.35989952087402344,0.0,75.0,ok
ZTF24aaqzycc,1.2550493028553062,18.871599197387695,18.028799057006836,17.55459976196289,0.8428001403808594,0.4741992950439453,0.0,65.0,ok
ZTF19aaxibpz,1.4840685443932387,18.723400115966797,18.061199188232422,17.511499404907227,0.662200927734375,0.5496997833251953,0.0,70.0,ok
ZTF19acapech,,,,,,,,,empty
ZTF18accwjiu,,,,,,,,,empty
ZTF22abykdbm,0.8895791702188937,,17.755800247192383,,,,,2.0,ok
ZTF22aaagxuu,,,,,,,,,empty
ZTF19aaoaaap,,,,,,,,,empty
ZTF20acgsvwb,,,,,,,,,empty
ZTF22aanczjk,,,,,,,,,empty
ZTF23aadvpwt,,,,,,,,,empty
ZTF20aaxagnm,0.12648599906584407,17.619699478149414,16.7091007232666,16.43630027770996,0.9105987548828125,0.2728004455566406,0.0,65.0,ok
ZTF20abhfrxt,,,,,,,,,empty
ZTF23aavtugd,0.9800258193759688,20.346099853515625,19.78619956970215,19.510499954223633,0.5599002838134766,0.2756996154785156,0.0,75.0,ok
ZTF18acbuemc,,,,,,,,,empty
ZTF22abyknqk,,,,,,,,,empty
ZTF21aagycrc,0.2557942876671437,21.33639907836914,20.918699264526367,20.937000274658203,0.41769981384277344,-0.018301010131835938,0.0,40.0,ok
ZTF23aacosic,,,,,,,,,empty
ZTF22aadlmgg,,,,,,,,,empty
ZTF24abgviom,0.5719143284621666,21.409099578857422,20.85689926147461,20.529499053955078,0.5522003173828125,0.32740020751953125,0.0,40.0,ok
ZTF23aaxldkr,0.26285614423660864,,21.600900650024414,21.39229965209961,,0.2086009979248047,0.0,2.0,ok
ZTF20acbttnt,0.19064304554517897,20.544700622558594,20.217100143432617,20.244199752807617,0.32760047912597656,-0.027099609375,0.0,74.0,ok
ZTF21acqstfo,,,,,,,,,empty
ZTF21achzfpg,0.1906332568420411,20.770999908447266,20.344200134277344,20.097900390625,0.4267997741699219,0.24629974365234375,0.0,46.0,ok
ZTF18aagkwgz,0.2983691204563863,17.24690055847168,16.718399047851562,16.153400421142578,0.5285015106201172,0.5649986267089844,0.0,64.0,ok
ZTF18aacfonx,0.1328695176314851,16.874300003051758,16.86009979248047,16.35379981994629,0.014200210571289062,0.5062999725341797,0.0,110.0,ok
ZTF23aamskdj,0.34914831897705745,19.923099517822266,19.86669921875,20.003000259399414,0.056400299072265625,-0.13630104064941406,0.0,64.0,ok
ZTF20aattrkw,,,,,,,,,empty
ZTF19aazdiwq,0.5453186346289817,20.632200241088867,20.188400268554688,20.307300567626953,0.4437999725341797,-0.11890029907226562,0.0,51.0,ok
ZTF22abtekni,,,,,,,,,empty
ZTF19acyflhv,,,,,,,,,empty
ZTF24abxvvfi,,,,,,,,,empty
ZTF22aaoelte,,,,,,,,,empty
ZTF24aahxgoa,0.30842254756989895,20.30699920654297,,,,,,10.0,ok
ZTF19aaynsws,,,,,,,,,empty
ZTF21abbkefe,,,,,,,,,empty
ZTF22abvpklt,,,,,,,,,empty
ZTF20acbekkx,,,,,,,,,empty
ZTF18aatrllk,,,,,,,,,empty
ZTF24abhwvrb,,,,,,,,,empty
ZTF24abhidcc,,,,,,,,,empty
ZTF19aacxrzt,1.3248365816069017,,19.784299850463867,,,,,2.0,ok
ZTF25aafibim,0.7782542316606356,,,,,,,2.0,ok
ZTF18acqppuj,,,,,,,,,empty
ZTF24aaajtzg,,,,,,,,,empty
ZTF20abjfufv,0.31469669069638695,17.89620018005371,16.908300399780273,16.59630012512207,0.9878997802734375,0.3120002746582031,0.0,72.0,ok
ZTF20aayxdse,0.4983542147687041,,,21.09040069580078,,,0.0,4.0,ok
ZTF25aaxwrva,0.8653892721423159,20.34830093383789,20.125099182128906,19.977500915527344,0.22320175170898438,0.1475982666015625,0.0,74.0,ok
ZTF24abfnkzm,0.5067092968400692,19.934600830078125,19.09830093383789,18.877700805664062,0.8362998962402344,0.22060012817382812,0.0,66.0,ok
ZTF25aadnxae,,,,,,,,,empty
ZTF20aaumsrr,,,,,,,,,empty
ZTF19aaphifl,,,,,,,,,empty
ZTF22abhodtl,,,,,,,,,empty
ZTF23abndgcq,,,,,,,,,empty
ZTF22aadksbz,,,,,,,,,empty
ZTF20abrffom,,,,,,,,,empty
ZTF22aakrimd,0.3204182709383854,,21.53890037536621,21.08060073852539,,0.4582996368408203,0.0,4.0,ok
ZTF21acefcnp,,,,,,,,,empty
ZTF21abmwgow,,,,,,,,,empty
ZTF19abwsdic,,,,,,,,,empty
ZTF25aaluvkb,,,,,,,,,empty
ZTF23abbimnx,,,,,,,,,empty
ZTF24abizspq,,,,,,,,,empty
ZTF25abecbib,,,,,,,,,empty
ZTF21aaqvuyf,1.342533376855893,19.13559913635254,18.812700271606445,18.54599952697754,0.32289886474609375,0.26670074462890625,0.0,85.0,ok
ZTF23aaqhvds,0.5411109068124528,20.914600372314453,20.725200653076172,20.7185001373291,0.18939971923828125,0.0067005157470703125,0.0,66.0,ok
ZTF20aagnbpw,0.6019324065685976,19.192899703979492,,,,,,5.0,ok
ZTF25aaaawig,0.2526708597311747,18.850299835205078,18.220199584960938,17.8080997467041,0.6301002502441406,0.41209983825683594,0.0,66.0,ok
ZTF22aalsbwt,,,,,,,,,empty
ZTF25aagdrsk,1.4666703395714944,21.447500228881836,20.48390007019043,,0.9636001586914062,,,2.0,ok
ZTF22aadeslb,0.26771229685634346,19.350900650024414,18.843000411987305,18.669700622558594,0.5079002380371094,0.17329978942871094,0.0,54.0,ok
ZTF25aajitmc,1.1806919946146346,,,20.818700790405273,,,,2.0,ok
ZTF20aauqrpe,,,,,,,,,empty
ZTF23aajjxso,,,,,,,,,empty
ZTF19abuonnx,0.6927583266310932,,20.108600616455078,,,,,2.0,ok
ZTF23aatihwk,,,,,,,,,empty
ZTF23aaaasrd,,,,,,,,,empty
ZTF19aauhhjy,1.0579890254296198,18.630800247192383,18.282800674438477,18.07349967956543,0.34799957275390625,0.20930099487304688,0.0,51.0,ok
ZTF24aaidwhg,,,,,,,,,empty
ZTF19abtnftd,0.2855712842689528,21.22640037536621,20.745800018310547,20.337600708007812,0.48060035705566406,0.4081993103027344,0.0,49.0,ok
ZTF21abgzpii,,,,,,,,,empty
ZTF18abwktmm,1.4281827055263676,18.067800521850586,17.300100326538086,16.96780014038086,0.7677001953125,0.33230018615722656,0.0,69.0,ok
ZTF21abtwvyl,0.7443656102768279,19.2455997467041,18.707199096679688,18.498199462890625,0.5384006500244141,0.2089996337890625,0.0,61.0,ok
ZTF25aaggkxk,,,,,,,,,empty
ZTF25aalycbc,,,,,,,,,empty
ZTF21aawzsew,,,,,,,,,empty
ZTF19aangier,0.6694827907975444,20.733699798583984,19.80579948425293,,0.9279003143310547,,,4.0,ok
ZTF24abyystl,,,,,,,,,empty
ZTF22aatuxpc,,,,,,,,,empty
ZTF19aawrpwn,,,,,,,,,empty
ZTF19aarhrru,0.31485295552323694,17.580900192260742,17.539600372314453,17.55459976196289,0.04129981994628906,-0.0149993896484375,0.0,76.0,ok
ZTF18acnnxor,,,,,,,,,empty
ZTF22abzadkd,,,,,,,,,empty
ZTF20aaxxcms,,,,,,,,,empty
ZTF23aafwsuu,0.16647094008143173,20.667600631713867,20.651199340820312,20.619800567626953,0.016401290893554688,0.031398773193359375,1.0,51.0,ok
ZTF19aayqait,0.212535014820792,18.71500015258789,17.851200103759766,17.422100067138672,0.863800048828125,0.42910003662109375,0.0,80.0,ok
ZTF20abedyov,,,,,,,,,empty
ZTF19abctxhf,,,,,,,,,empty
ZTF20abgevcw,0.24496819275666096,,20.44099998474121,,,,,2.0,ok
ZTF18abcyues,,,,,,,,,empty
ZTF22aasycgf,,,,,,,,,empty
ZTF21abboibr,,,,,,,,,empty
ZTF19aaputrv,0.22074465942646193,17.628799438476562,17.462600708007812,17.087799072265625,0.16619873046875,0.3748016357421875,0.0,69.0,ok
ZTF22aapqaqe,0.33407852425000567,,,18.448699951171875,,,0.0,3.0,ok
ZTF20abefbpl,0.21014968659071986,18.585800170898438,17.62220001220703,17.405399322509766,0.9636001586914062,0.21680068969726562,0.0,49.0,ok
ZTF20aaxvzja,0.1817458146220534,19.62849998474121,19.43549919128418,19.279699325561523,0.19300079345703125,0.15579986572265625,0.0,35.0,ok
ZTF21abmwzxt,0.12723221646549307,20.981399536132812,20.660499572753906,20.420900344848633,0.32089996337890625,0.23959922790527344,0.0,58.0,ok
ZTF23aabtrno,,,,,,,,,empty
ZTF25aacnour,0.2550845745881651,20.09320068359375,19.894100189208984,19.583900451660156,0.19910049438476562,0.3101997375488281,0.0,79.0,ok
ZTF20acnywhz,1.0909969225109957,21.09269905090332,20.91080093383789,20.609100341796875,0.1818981170654297,0.3017005920410156,0.0,52.0,ok
ZTF23abieafn,0.8314532046591575,,20.368799209594727,,,,,2.0,ok
ZTF20acigusw,,,,,,,,,empty
ZTF23aacunui,,,,,,,,,empty
ZTF22aacgcwv,0.05296292152041597,18.72089958190918,17.913700103759766,17.532899856567383,0.8071994781494141,0.3808002471923828,0.0,89.0,ok
ZTF18aawgrxz,0.3915211140683642,,17.95949935913086,14.583900451660156,,3.375598907470703,1.0,2.0,ok
ZTF18abtcikd,0.19485254713882783,17.94860076904297,17.337799072265625,17.015899658203125,0.6108016967773438,0.3218994140625,0.0,65.0,ok
ZTF20aaemtgw,,,,,,,,,empty
ZTF21aauapli,,,,,,,,,empty
ZTF18aaxcntm,,,,,,,,,empty
ZTF20acordqz,,,,,,,,,empty
ZTF21abqsysj,,,,,,,,,empty
ZTF20abpmqnr,0.4855656890808814,,,18.048099517822266,,,,2.0,ok
ZTF23aadqctr,1.0069012862611668,17.261899948120117,16.703399658203125,16.5403995513916,0.5585002899169922,0.16300010681152344,0.0,84.0,ok
ZTF23aaedsfn,,,,,,,,,empty
ZTF25aabxywm,,,,,,,,,empty
ZTF25aaipwch,,,,,,,,,empty
ZTF19aabyppp,0.14537671146064177,20.366100311279297,20.145599365234375,20.210500717163086,0.22050094604492188,-0.06490135192871094,0.0,48.0,ok
ZTF19aavnotr,,,,,,,,,empty
ZTF23abkoshi,,,,,,,,,empty
ZTF23absjede,1.0139858147604643,18.785400390625,,,,,,3.0,ok
ZTF22aadolby,,,,,,,,,empty
ZTF20achusux,,,,,,,,,empty
ZTF25achwsgj,,,,,,,,,empty
ZTF19abuejud,,,,,,,,,empty
ZTF21aceztiz,,,,,,,,,empty
ZTF18aatpqxq,0.9139104614774843,,,,,,,2.0,ok
ZTF22aaagqvw,0.3395362951264829,21.507299423217773,21.376800537109375,21.28059959411621,0.13049888610839844,0.09620094299316406,0.0,49.0,ok
ZTF19aavnwtf,0.5935973978724008,,20.30900001525879,,,,,2.0,ok
ZTF21abuetwv,,,,,,,,,empty
ZTF22aadevoi,,,,,,,,,empty
ZTF23aakbqgc,1.1839653332709739,18.888599395751953,18.807600021362305,18.73069953918457,0.08099937438964844,0.07690048217773438,0.0,48.0,ok
ZTF20abxyifx,0.952987878248895,21.66189956665039,20.674800872802734,21.587600708007812,0.9870986938476562,-0.9127998352050781,0.0,3.0,ok
ZTF20aagzzbi,1.2305910010450298,21.561599731445312,,21.441499710083008,,,0.0,2.0,ok
ZTF21abaiicy,,,,,,,,,empty
ZTF20aboytzr,0.6351898337661156,,,,,,,2.0,ok
ZTF21aapvxnf,0.3038462022930235,18.441699981689453,17.510799407958984,17.23189926147461,0.9309005737304688,0.278900146484375,0.0,90.0,ok
ZTF25acdesme,0.6397214219108738,18.7091007232666,18.305299758911133,17.950199127197266,0.40380096435546875,0.3551006317138672,0.0,82.0,ok
ZTF24aatwwpj,,,,,,,,,empty
ZTF19abiszoe,,,,,,,,,empty
ZTF19abaejrh,0.5152033874156645,19.027299880981445,18.60140037536621,18.435400009155273,0.4258995056152344,0.1660003662109375,0.0,63.0,ok
ZTF20acuaqlf,,,,,,,,,empty
ZTF19aaptzar,,,,,,,,,empty
ZTF21aayqycm,,,,,,,,,empty
ZTF21aakymbv,0.5494834421160599,18.92889976501465,18.882299423217773,19.084400177001953,0.046600341796875,-0.2021007537841797,0.0,30.0,ok
ZTF19abcekty,,,,,,,,,empty
ZTF22abaette,,,,,,,,,empty
ZTF23abahief,,,,,,,,,empty
ZTF23aalftvv,,,,,,,,,empty
ZTF23aajaygo,0.29067276701871025,,,21.349300384521484,,,,2.0,ok
ZTF25abjvflp,,,,,,,,,empty
ZTF23abjikaf,0.438712080464603,,20.8882999420166,,,,,2.0,ok
ZTF23aabksje,1.0721191390126847,19.68869972229004,19.828899383544922,20.29290008544922,-0.1401996612548828,-0.4640007019042969,0.0,26.0,ok
ZTF21achxlkq,,,,,,,,,empty
ZTF23aaoihto,,,,,,,,,empty
ZTF22abyhxlt,,,,,,,,,empty
ZTF22aabvetw,,,,,,,,,empty
ZTF18aaqkoyr,,,,,,,,,empty
ZTF19aapreis,0.11664294136391204,18.3262996673584,17.62849998474121,16.9330997467041,0.6977996826171875,0.6954002380371094,0.0,65.0,ok
ZTF21abqueax,,,,,,,,,empty
ZTF19abrogbl,,,,,,,,,empty
ZTF25abzklfa,0.05257172616352296,,,21.157899856567383,,,0.0,3.0,ok
ZTF23ablpfnb,0.2027162601090741,20.017900466918945,19.892799377441406,19.71820068359375,0.12510108947753906,0.17459869384765625,0.0,64.0,ok
ZTF22aaahhbo,,,,,,,,,empty
ZTF21aawlwoy,1.2634911421336528,19.049800872802734,18.514400482177734,18.556800842285156,0.535400390625,-0.042400360107421875,0.0,67.0,ok
ZTF23aaeebxm,,,,,,,,,empty
ZTF19ablqnuw,0.9896609752530969,19.60650062561035,,19.47369956970215,,,0.0,4.0,ok
ZTF21aacxung,,,,,,,,,empty
ZTF21aadkgpm,0.4719922275599117,20.618900299072266,20.565399169921875,19.768400192260742,0.053501129150390625,0.7969989776611328,0.0,54.0,ok
ZTF24abnfurd,,,,,,,,,empty
ZTF25aaazubi,0.18774804433222433,18.940099716186523,,,,,,2.0,ok
ZTF23aadnpbq,,,,,,,,,empty
ZTF23aaeklqg,,,,,,,,,empty
ZTF24abyfijk,,,,,,,,,empty
ZTF23aafxfeu,1.0910437251066532,20.974599838256836,20.48509979248047,20.224300384521484,0.4895000457763672,0.2607994079589844,1.0,51.0,ok
ZTF25aafkxdu,,,,,,,,,empty
ZTF19abcncdg,1.3430705788596367,20.471099853515625,19.92609977722168,19.632699966430664,0.5450000762939453,0.2933998107910156,0.0,72.0,ok
ZTF24aahgncc,,,,,,,,,empty
ZTF25achlrsy,,,,,,,,,empty
ZTF24abryzhm,,,,,,,,,empty
ZTF22abmiohu,0.4593885179862366,18.952899932861328,19.78070068359375,,-0.8278007507324219,,,2.0,ok
ZTF18abgmcmv,,,,,,,,,empty
ZTF19abnacvf,,,,,,,,,empty
ZTF25absqinr,0.3157777608338569,21.257400512695312,20.880300521850586,20.975200653076172,0.37709999084472656,-0.09490013122558594,0.0,55.0,ok
ZTF23abjzkmx,,,,,,,,,empty
ZTF22aanzset,,,,,,,,,empty
ZTF24ablxkvj,,,,,,,,,empty
ZTF21aaqftuq,0.6900112732434038,,17.065799713134766,,,,,4.0,ok
ZTF25aazxxqi,,,,,,,,,empty
ZTF18abygcwk,,,,,,,,,empty
ZTF19aavkvpw,,,,,,,,,empty
ZTF19abjibet,,,,,,,,,empty
ZTF22aadionf,,,,,,,,,empty
ZTF22aavdiim,,,,,,,,,empty
ZTF23aaclyrt,1.0479847897658197,22.180999755859375,21.649499893188477,21.650100708007812,0.5314998626708984,-0.0006008148193359375,0.0,18.0,ok
ZTF21achplgf,,,,,,,,,empty
ZTF18aaxdrjn,,,,,,,,,empty
ZTF21aappktx,1.0395589691136127,20.904699325561523,20.677600860595703,20.508699417114258,0.2270984649658203,0.1689014434814453,0.0,58.0,ok
ZTF19abjarhj,,,,,,,,,empty
ZTF24aagtgij,,,,,,,,,empty
ZTF19aamvape,,,,,,,,,empty
ZTF19abpbbxx,,,,,,,,,empty
ZTF21aaxxjen,1.0161839499284993,18.922399520874023,18.2544002532959,17.927600860595703,0.667999267578125,0.3267993927001953,0.0,56.0,ok
ZTF18aawmxdx,0.9866728868487387,18.740100860595703,18.32200050354004,17.837900161743164,0.41810035705566406,0.484100341796875,0.0,74.0,ok
ZTF25aalsxks,,,,,,,,,empty
ZTF25aaqyssy,0.42071902254399635,,,,,,,2.0,ok
ZTF20aayvqhl,,,,,,,,,empty
ZTF21abhqqfa,1.2652540096091436,20.2632999420166,,,,,,2.0,ok
ZTF19acruaaa,,,,,,,,,empty
ZTF19aamfupg,0.08513551919568614,18.611600875854492,,21.286300659179688,,,0.0,6.0,ok
ZTF18accnoli,,,,,,,,,empty
ZTF23aaavxye,,,,,,,,,empty
ZTF22abeioig,1.0041692872337804,22.111400604248047,21.941499710083008,21.401899337768555,0.16990089416503906,0.5396003723144531,0.0,11.0,ok
ZTF18abtzzka,0.47306240718017206,,,21.309900283813477,,,0.0,3.0,ok
ZTF23abankfn,,,,,,,,,empty
ZTF24abxylal,,,,,,,,,empty
ZTF21aaaubig,,,,,,,,,empty
ZTF20acjutba,0.22843079210530248,19.083499908447266,18.395700454711914,17.96500015258789,0.6877994537353516,0.43070030212402344,0.0,89.0,ok
ZTF23abhyssf,0.4465142033100886,18.71540069580078,18.76849937438965,18.587799072265625,-0.05309867858886719,0.18070030212402344,0.0,85.0,ok
ZTF18aaqfqaa,,,,,,,,,empty
ZTF25ablmtlg,,,,,,,,,empty
ZTF23abrrdxz,,,,,,,,,empty
ZTF19aakxogv,0.7336926990324675,18.187400817871094,17.68910026550293,17.301300048828125,0.49830055236816406,0.3878002166748047,0.0,85.0,ok
ZTF20abgtvhl,0.6886401425028604,17.967500686645508,17.065399169921875,16.77790069580078,0.9021015167236328,0.28749847412109375,0.0,76.0,ok
ZTF19ablfcjr,,,,,,,,,empty
ZTF22abfunyc,,,,,,,,,empty
ZTF19acxlcdz,0.2688065003294088,18.61750030517578,18.089500427246094,17.378000259399414,0.5279998779296875,0.7115001678466797,0.0,56.0,ok
ZTF19abpztlw,1.0822581019900899,20.483600616455078,19.893600463867188,20.00629997253418,0.5900001525878906,-0.11269950866699219,0.0,64.0,ok
ZTF20accovje,1.2168034661703429,22.088199615478516,21.906400680541992,21.26059913635254,0.18179893493652344,0.6458015441894531,0.0,10.0,ok
ZTF20abisvtr,0.16915018996522901,21.183700561523438,20.6018009185791,20.490999221801758,0.5818996429443359,0.11080169677734375,0.0,81.0,ok
ZTF20aandwrl,1.1477009620394885,,20.27869987487793,,,,,2.0,ok
ZTF25aalzmga,0.6640710801116554,21.170400619506836,20.619300842285156,20.611099243164062,0.5510997772216797,0.00820159912109375,0.0,11.0,ok
ZTF20aawbodq,,,,,,,,,empty
ZTF25aaylgpw,0.4456985774676917,18.650100708007812,18.062000274658203,17.629600524902344,0.5881004333496094,0.4323997497558594,0.0,55.0,ok
ZTF25aavhjcz,,,,,,,,,empty
ZTF24aaotzpd,1.0987399091530665,18.857099533081055,18.552600860595703,18.33340072631836,0.30449867248535156,0.21920013427734375,0.0,56.0,ok
ZTF19adannbl,,,,,,,,,empty
ZTF23aajfdxf,,,,,,,,,empty
ZTF23abfpegt,,,,,,,,,empty
ZTF19abzipjc,,,,,,,,,empty
ZTF20aabqbxm,,,,,,,,,empty
ZTF19abisbgx,0.8053696481811923,18.61479949951172,17.847400665283203,17.53260040283203,0.7673988342285156,0.3148002624511719,0.0,90.0,ok
ZTF22aaaeiag,0.15933313683490816,18.556499481201172,18.215299606323242,17.522199630737305,0.3411998748779297,0.6930999755859375,0.0,61.0,ok
ZTF21aagbeah,,,,,,,,,empty
ZTF23abjexnw,0.9347465902901915,,21.600799560546875,20.028900146484375,,1.5718994140625,0.0,4.0,ok
ZTF22abzvyku,,,,,,,,,empty
ZTF19abrtjsf,,,,,,,,,empty
ZTF25ablufrt,1.0990853862745698,,20.64459991455078,20.388900756835938,,0.25569915771484375,0.0,9.0,ok
ZTF24aarecvo,0.44939091375196316,17.338899612426758,16.908199310302734,16.497900009155273,0.43070030212402344,0.41029930114746094,0.0,89.0,ok
ZTF25acibrgc,0.28686974365671886,,20.64929962158203,20.327299118041992,,0.32200050354003906,,3.0,ok
ZTF25aadlcbi,,,,,,,,,empty
ZTF22abllclb,,,,,,,,,empty
ZTF24aaerzgo,1.461257915885136,,,20.338600158691406,,,0.0,3.0,ok
ZTF25aabjdvo,,,,,,,,,empty
ZTF22aadnqsf,,,,,,,,,empty
ZTF25aaqvrbi,,,,,,,,,empty
ZTF21abxdcmp,,,,,,,,,empty
ZTF25aaqylva,,,,,,,,,empty
ZTF18ablwafp,1.49939970805344,20.25510025024414,,19.880199432373047,,,,6.0,ok
ZTF19aaxyukr,,,,,,,,,empty
ZTF20aahcslg,,,,,,,,,empty
ZTF25aaspxly,0.16644267702242063,18.233999252319336,17.51020050048828,16.918100357055664,0.7237987518310547,0.5921001434326172,0.0,67.0,ok
ZTF25aaqoukg,1.3233779595665023,18.476600646972656,18.4325008392334,18.553699493408203,0.04409980773925781,-0.12119865417480469,0.0,76.0,ok
ZTF25aaittqc,,,,,,,,,empty
ZTF18adcdcrd,0.09808179638754004,17.79290008544922,16.890300750732422,16.578100204467773,0.9025993347167969,0.31220054626464844,0.0,67.0,ok
ZTF19abqviuy,,,,,,,,,empty
ZTF21abmwmnp,,,,,,,,,empty
ZTF20acynlkj,,,,,,,,,empty
ZTF24abrossu,,,,,,,,,empty
ZTF20aaactgu,,,,,,,,,empty
ZTF22abybbud,1.2168625267829638,17.404699325561523,16.940799713134766,16.898000717163086,0.4638996124267578,0.04279899597167969,0.0,72.0,ok
ZTF23aaaatee,,,,,,,,,empty
ZTF23abarweh,0.7654634338335975,19.040199279785156,17.898700714111328,17.551700592041016,1.1414985656738281,0.3470001220703125,0.0,72.0,ok
ZTF18acnncve,,,,,,,,,empty
ZTF22abiwwyf,1.4053156153529338,21.659000396728516,21.629199981689453,21.329700469970703,0.0298004150390625,0.29949951171875,0.0,37.0,ok
ZTF19abwswzb,0.9650809587640499,17.906200408935547,17.677499771118164,17.599000930786133,0.2287006378173828,0.07849884033203125,0.0,62.0,ok
ZTF20acvkqxy,0.9210202308957136,17.381799697875977,16.687599182128906,16.5492000579834,0.6942005157470703,0.1383991241455078,0.0,70.0,ok
ZTF18acyctqi,,,,,,,,,empty
ZTF19abpxttd,0.9630858912617496,20.50670051574707,20.057199478149414,19.614900588989258,0.44950103759765625,0.44229888916015625,0.0,55.0,ok
ZTF19acsbxgw,,,,,,,,,empty
ZTF23aaemgto,,,,,,,,,empty
ZTF22abcckha,0.4221405914440278,,,20.434600830078125,,,,2.0,ok
ZTF21abrluay,0.6096695530596536,18.927799224853516,18.439300537109375,18.21419906616211,0.4884986877441406,0.22510147094726562,0.0,30.0,ok
ZTF21acjxjpu,,,,,,,,,empty
ZTF24aaejwkz,,,,,,,,,empty
ZTF24aasqeih,0.6846967224510078,20.2677001953125,20.056900024414062,19.741100311279297,0.2108001708984375,0.3157997131347656,0.0,45.0,ok
ZTF21abjbrrj,0.9106408993713302,18.739099502563477,,18.713300704956055,,,0.0,8.0,ok
ZTF19aakyxsq,,,,,,,,,empty
ZTF20aaawbxl,,,,,,,,,empty
ZTF22aawfjnt,1.1308697770346725,21.375099182128906,21.691099166870117,21.58839988708496,-0.31599998474121094,0.10269927978515625,0.0,25.0,ok
ZTF24aawxpeu,,,,,,,,,empty
ZTF21abpvssa,0.4083660515317047,20.50040054321289,20.062400817871094,19.720800399780273,0.4379997253417969,0.3416004180908203,0.0,82.0,ok
ZTF22aaohzok,1.2073963433258361,,18.455299377441406,,,,,4.0,ok
ZTF23abawdgm,,,,,,,,,empty
ZTF19aaknign,,,,,,,,,empty
ZTF21abplypq,,,,,,,,,empty
ZTF19aamaeve,,,,,,,,,empty
ZTF20aaumlmu,,,,,,,,,empty
ZTF24abvzghz,,,,,,,,,empty
ZTF18acdzzyf,,,,,,,,,empty
ZTF21aamfcji,,,,,,,,,empty
ZTF25aafoang,,,,,,,,,empty
ZTF19acxpkpv,0.22680543796317582,21.759899139404297,21.792999267578125,21.39080047607422,-0.033100128173828125,0.40219879150390625,0.0,15.0,ok
ZTF25aauijjd,,,,,,,,,empty
ZTF23abkornc,0.15534600176234148,20.6156005859375,20.83209991455078,20.975299835205078,-0.21649932861328125,-0.14319992065429688,0.0,55.0,ok
ZTF22abyrovo,,,,,,,,,empty
ZTF24aarrkmj,,,,,,,,,empty
ZTF23aaaahln,,,,,,,,,empty
ZTF25acehbsy,,,,,,,,,empty
ZTF20actnzxm,,,,,,,,,empty
ZTF19abxihut,,,,,,,,,empty
ZTF19abfvhlx,0.726545895769999,18.172100067138672,17.345699310302734,17.0408992767334,0.8264007568359375,0.30480003356933594,0.0,93.0,ok
ZTF23abjrdne,,,,,,,,,empty
ZTF21aaespww,,,,,,,,,empty
ZTF23aaxvgor,1.3031741733624935,19.92919921875,19.530099868774414,18.91900062561035,0.39909934997558594,0.6110992431640625,0.0,74.0,ok
ZTF21acbjxhr,0.4728802614256757,21.03350067138672,20.38360023498535,20.170900344848633,0.6499004364013672,0.21269989013671875,0.0,59.0,ok
ZTF18abncdhd,,,,,,,,,empty
ZTF24aaupoie,,,,,,,,,empty
ZTF25aadlhzw,0.40704568615103953,21.713699340820312,21.350799560546875,21.30419921875,0.3628997802734375,0.046600341796875,0.0,21.0,ok
ZTF25abmsmeg,,,,,,,,,empty
ZTF22aajltzm,,,,,,,,,empty
ZTF23aaabbwj,,,,,,,,,empty
ZTF22aagvtzz,,,,,,,,,empty
ZTF22abzqwmp,,,,,,,,,empty
ZTF19acyfkbf,,,,,,,,,empty
ZTF18acpeemg,0.9034928013612049,19.34950065612793,18.344499588012695,17.990699768066406,1.0050010681152344,0.35379981994628906,0.0,58.0,ok
ZTF19aaqtyku,,,,,,,,,empty
ZTF20absvtnc,0.986110034041879,20.758499145507812,20.461599349975586,20.273500442504883,0.29689979553222656,0.18809890747070312,0.0,52.0,ok
ZTF21abcgnql,,,,,,,,,empty
ZTF19aaoiawb,0.1904194955760619,18.7273006439209,18.712200164794922,18.891799926757812,0.015100479125976562,-0.17959976196289062,0.0,64.0,ok
ZTF21aagtqug,,,,,,,,,empty
ZTF24abqncdb,,,,,,,,,empty
ZTF20acggxac,,,,,,,,,empty
ZTF23aazjqov,,,,,,,,,empty
ZTF24abipjoh,1.3972724916831423,,20.324399948120117,,,,,3.0,ok
ZTF20acntqoh,,,,,,,,,empty
ZTF23abofyzh,,,,,,,,,empty
ZTF21abjeyoh,,,,,,,,,empty
ZTF22aaevwec,,,,,,,,,empty
ZTF24aaadjyb,,,,,,,,,empty
ZTF21acgyzel,0.5208870149286401,17.978700637817383,17.75119972229004,17.14780044555664,0.22750091552734375,0.6033992767333984,0.0,57.0,ok
ZTF22abdibiz,,,,,,,,,empty
ZTF22aandlod,,,,,,,,,empty
ZTF24abzkfuo,,,,,,,,,empty
ZTF20acvezdt,,,,,,,,,empty
ZTF23abgwvkv,,,,,,,,,empty
ZTF25aaudpzv,,,,,,,,,empty
ZTF22abdvqqn,,,,,,,,,empty
ZTF23abhyxpr,0.2170085167254641,20.811100006103516,,,,,,4.0,ok
ZTF19acecluy,,,,,,,,,empty
ZTF22abmpqbq,,,,,,,,,empty
ZTF22aayfpso,0.8049269112405073,18.19930076599121,17.714500427246094,17.345699310302734,0.4848003387451172,0.3688011169433594,0.0,59.0,ok
ZTF21abdlrpr,,,,,,,,,empty
ZTF25aaglicm,,,,,,,,,empty
ZTF23aapkxkq,,,,,,,,,empty
ZTF18acbwxgn,0.887601181467738,,21.111499786376953,,,,,2.0,ok
ZTF21abrpdjh,,,,,,,,,empty
ZTF19aapcvxi,,,,,,,,,empty
ZTF20aavpyxo,,,,,,,,,empty
ZTF22aazuowq,,,,,,,,,empty
ZTF22abgbbec,,,,,,,,,empty
ZTF24aatbbmg,,,,,,,,,empty
ZTF23aaarwbd,,,,,,,,,empty
ZTF22abfytlh,,,,,,,,,empty
ZTF21acpfndw,,,,,,,,,empty
ZTF25aaqkhyr,0.11919066382826446,18.33489990234375,17.4783992767334,17.169300079345703,0.8565006256103516,0.3090991973876953,0.0,58.0,ok
ZTF23abjvuwc,,,,,,,,,empty
ZTF21abexhlq,,,,,,,,,empty
ZTF20aahqbib,,,,,,,,,empty
ZTF21abngbrl,,,,,,,,,empty
ZTF19ackjtfm,,,,,,,,,empty
ZTF24aaoudyz,,,,,,,,,empty
ZTF22abevcjl,,,,,,,,,empty
ZTF22abwqedu,,,,,,,,,empty
ZTF19acbwhqc,,,,,,,,,empty
ZTF24abrhwmu,0.7407004256755069,21.802900314331055,21.682300567626953,21.076099395751953,0.12059974670410156,0.606201171875,0.0,8.0,ok
ZTF18adbclkd,0.6460721226765052,,21.849899291992188,,,,,2.0,ok
ZTF18abfzixe,0.04379921202778028,19.60110092163086,19.36009979248047,19.275400161743164,0.24100112915039062,0.08469963073730469,0.0,63.0,ok
ZTF22aajhtpy,,,,,,,,,empty
ZTF24aauhawc,1.3272623500159026,,,,,,,2.0,ok
ZTF20abjbiqf,0.3520444567962793,19.655500411987305,19.167999267578125,18.789400100708008,0.4875011444091797,0.3785991668701172,0.0,110.0,ok
ZTF23aatvksz,0.5848874536482723,21.770599365234375,21.239299774169922,21.238100051879883,0.5312995910644531,0.0011997222900390625,0.0,37.0,ok
ZTF22aaszlph,,,,,,,,,empty
ZTF20aadcbux,0.5054473349251136,19.974899291992188,19.52429962158203,19.627199172973633,0.45059967041015625,-0.10289955139160156,0.0,83.0,ok
ZTF21aaaecrv,,,,,,,,,empty
ZTF25aanmgrm,,,,,,,,,empty
ZTF23aaahmyn,,,,,,,,,empty
ZTF23aalklzg,0.3010329673073258,19.526399612426758,19.24570083618164,19.168699264526367,0.2806987762451172,0.07700157165527344,0.0,70.0,ok
ZTF20aaprrgg,0.15763350450631244,18.09040069580078,17.633800506591797,17.315200805664062,0.4566001892089844,0.3185997009277344,0.0,69.0,ok
ZTF21acjgqjl,,,,,,,,,empty
ZTF25acgnldr,,,,,,,,,empty
ZTF22abynpmq,0.4729721583318536,20.889999389648438,20.63089942932129,20.478700637817383,0.25909996032714844,0.15219879150390625,0.0,56.0,ok
ZTF25acamzgr,0.715095190459601,20.030399322509766,19.882600784301758,19.747699737548828,0.1477985382080078,0.1349010467529297,0.0,63.0,ok
ZTF18aatzygk,0.19130516484136736,18.805700302124023,18.08650016784668,17.6830997467041,0.7192001342773438,0.4034004211425781,0.0,76.0,ok
ZTF19aarstfg,,,,,,,,,empty
ZTF24aaisnlp,,,,,,,,,empty
ZTF22abxsocn,,,,,,,,,empty
ZTF22aaabjxi,,,,,,,,,empty
ZTF24aaaieeg,,,,,,,,,empty
ZTF22abbausm,0.9664647607626653,19.794700622558594,19.349700927734375,,0.44499969482421875,,,3.0,ok
ZTF20abeezca,0.3663118622157898,21.966699600219727,,21.645099639892578,,,0.0,4.0,ok
ZTF19aailqir,,,,,,,,,empty
ZTF22abtcsar,0.3397265629574972,17.470699310302734,16.657800674438477,16.047199249267578,0.8128986358642578,0.6106014251708984,0.0,55.0,ok
ZTF21abkzgae,,,,,,,,,empty
ZTF21abnlhxs,0.12153611378685043,18.93600082397461,18.571699142456055,18.14229965209961,0.3643016815185547,0.4293994903564453,0.0,75.0,ok
ZTF24aaarwvd,,,,,,,,,empty
ZTF21aazgkjf,0.1968478235605715,20.24410057067871,19.605600357055664,19.118499755859375,0.6385002136230469,0.48710060119628906,0.0,69.0,ok
ZTF20actekrw,,,,,,,,,empty
ZTF20acgkbjz,,,,,,,,,empty
ZTF18abjgzxw,0.13802679352596378,17.46489906311035,16.972900390625,16.530099868774414,0.49199867248535156,0.44280052185058594,0.0,70.0,ok
ZTF25aabotnk,,,,,,,,,empty
ZTF21aafgljq,,,,,,,,,empty
ZTF21abibhpm,,,,,,,,,empty
ZTF19aagnhug,0.23027767398534954,18.50550079345703,17.873600006103516,17.464599609375,0.6319007873535156,0.4090003967285156,0.0,64.0,ok
ZTF21achaxze,1.0847950985452506,18.850099563598633,18.246700286865234,17.8528995513916,0.6033992767333984,0.3938007354736328,0.0,75.0,ok
ZTF21abjzkjf,,,,,,,,,empty
ZTF19achjpyc,,,,,,,,,empty
ZTF19acyltbi,,,,,,,,,empty
ZTF21aaekkbv,0.8157899197438492,21.752399444580078,21.78860092163086,21.225900650024414,-0.03620147705078125,0.5627002716064453,0.0,15.0,ok
ZTF23aaqqfks,,,,,,,,,empty
ZTF18acrhfbk,0.13440868740202525,17.776899337768555,17.057899475097656,16.650100708007812,0.7189998626708984,0.40779876708984375,0.0,78.0,ok
ZTF20aaepsqa,,,,,,,,,empty
ZTF19abgncfz,0.6184545172015692,19.590599060058594,19.22920036315918,19.194599151611328,0.36139869689941406,0.03460121154785156,0.0,98.0,ok
ZTF23aaabctl,1.0334732474402857,20.443700790405273,20.08209991455078,19.911500930786133,0.3616008758544922,0.17059898376464844,0.0,57.0,ok
ZTF20achvere,,,,,,,,,empty
ZTF20aaezaxk,1.1659812697593814,17.9424991607666,17.28260040283203,16.947200775146484,0.6598987579345703,0.3353996276855469,0.0,91.0,ok
ZTF18abkwfxq,0.27463124656107235,16.799699783325195,15.93850040435791,15.669699668884277,0.8611993789672852,0.2688007354736328,0.0,62.0,ok
ZTF19aazxcvl,1.3466892653505715,20.150400161743164,19.9424991607666,19.618499755859375,0.2079010009765625,0.32399940490722656,0.0,67.0,ok
ZTF25acgtjkh,0.5278587621516084,20.671300888061523,20.54640007019043,20.316099166870117,0.12490081787109375,0.2303009033203125,0.0,22.0,ok
ZTF20abnmahn,0.7090511549012916,19.14109992980957,18.318099975585938,17.977800369262695,0.8229999542236328,0.3402996063232422,0.0,90.0,ok
ZTF20aazpapu,,,,,,,,,empty
ZTF24aaupozr,,,,,,,,,empty
ZTF20aasctts,,,,,,,,,empty
ZTF23aadcltm,1.057189153107445,,,20.364099502563477,,,,4.0,ok
ZTF18abixkdo,,,,,,,,,empty
ZTF25aboscbc,,,,,,,,,empty
ZTF19abdrwsz,,,,,,,,,empty
ZTF25aatzejc,1.2722790423601997,18.758699417114258,18.260400772094727,17.725400924682617,0.49829864501953125,0.5349998474121094,0.0,111.0,ok
ZTF23abavewn,0.3017409292819127,20.252599716186523,19.346399307250977,18.93239974975586,0.9062004089355469,0.4139995574951172,0.0,71.0,ok
ZTF18aawyjjq,,,,,,,,,empty
ZTF23abjrolk,,,,,,,,,empty
ZTF18abxrngw,0.2601007232768395,18.807300567626953,18.501399993896484,17.395099639892578,0.30590057373046875,1.1063003540039062,0.0,66.0,ok
ZTF20acoyyly,,,,,,,,,empty
ZTF21abylukk,0.7476025491545685,,,20.68709945678711,,,1.0,2.0,ok
ZTF19aafncsv,0.4572182838667794,18.234699249267578,,18.75189971923828,,,0.0,2.0,ok
ZTF23aacaftn,0.776234418622404,,19.153400421142578,,,,,2.0,ok
ZTF22aademuj,,,,,,,,,empty
ZTF21aciluqg,1.4800755787641542,18.259700775146484,,17.351600646972656,,,0.0,8.0,ok
ZTF19abjmnlw,0.25993801316374604,18.874300003051758,18.358800888061523,17.82539939880371,0.5154991149902344,0.5334014892578125,0.0,90.0,ok
ZTF22aakynop,,,,,,,,,empty
ZTF21aaxtsqe,0.9876173540934676,19.048999786376953,18.027599334716797,17.405799865722656,1.0214004516601562,0.6217994689941406,0.0,58.0,ok
ZTF21acknxoo,0.27833153376373965,19.289499282836914,18.524700164794922,18.170000076293945,0.7647991180419922,0.35470008850097656,0.0,71.0,ok
ZTF22abfzdkz,,,,,,,,,empty
ZTF18acahvwm,,,,,,,,,empty
ZTF19abulzlj,,,,,,,,,empty
ZTF18acckoil,,,,,,,,,empty
ZTF21aazebgh,,,,,,,,,empty
ZTF19abuhlxk,,,,,,,,,empty
ZTF20aazhyrs,1.0507361670662787,18.05579948425293,17.984699249267578,18.03030014038086,0.07110023498535156,-0.04560089111328125,0.0,66.0,ok
ZTF24aahnutv,1.3393846747359406,22.135900497436523,,,,,,2.0,ok
ZTF18abqtnbk,0.4600236545963531,19.00040054321289,18.95829963684082,18.70549964904785,0.04210090637207031,0.25279998779296875,0.0,54.0,ok
ZTF18aasszwr,0.09369237964522172,18.834999084472656,18.052400588989258,17.585500717163086,0.7825984954833984,0.4668998718261719,0.0,95.0,ok
ZTF19acgpqxt,0.7973568325936637,21.615699768066406,,21.466100692749023,,,0.0,2.0,ok
ZTF18aaunfqq,0.0995739074811477,,,20.147300720214844,,,0.0,2.0,ok
ZTF24aahlvgk,,,,,,,,,empty
ZTF24abllesy,1.2131343680589735,,,21.45479965209961,,,0.0,2.0,ok
ZTF22absxxub,0.36044903698302777,20.983299255371094,20.587400436401367,20.320499420166016,0.39589881896972656,0.26690101623535156,0.0,72.0,ok
ZTF21aamsiqk,,,,,,,,,empty
ZTF20aapycrh,0.33386397019934627,21.346399307250977,21.11949920654297,21.246400833129883,0.2269001007080078,-0.12690162658691406,0.0,45.0,ok
ZTF24abwsaxu,,,,,,,,,empty
ZTF19acfrntd,1.494152960526504,,,21.43670082092285,,,0.0,2.0,ok
ZTF21aamzuxi,,,,,,,,,empty
ZTF23aaenexu,1.0242199536412135,19.549400329589844,18.646099090576172,18.718799591064453,0.9033012390136719,-0.07270050048828125,0.0,26.0,ok
ZTF24aaejvcx,,,,,,,,,empty
ZTF19abaosan,,,,,,,,,empty
ZTF22abnelse,,,,,,,,,empty
ZTF24abzasaz,,,,,,,,,empty
ZTF19aaqhmju,0.5230581250241112,16.468799591064453,15.723799705505371,15.717000007629395,0.744999885559082,0.0067996978759765625,0.0,62.0,ok
ZTF22aaookol,,,,,,,,,empty
ZTF20acpkprl,1.4805386064700667,,19.949499130249023,,,,,2.0,ok
ZTF18ablpmiy,0.08902964534700468,,21.691999435424805,21.300100326538086,,0.39189910888671875,1.0,7.0,ok
ZTF19aazrnvw,,,,,,,,,empty
ZTF24aavzglr,,,,,,,,,empty
ZTF19adbricc,0.3437268275545542,20.48900032043457,19.956600189208984,19.670000076293945,0.5324001312255859,0.28660011291503906,1.0,62.0,ok
ZTF24abqxfrq,1.4081785636799753,,,,,,,2.0,ok
ZTF24aaxlnuv,1.4764412510488405,21.61079978942871,20.744600296020508,19.869800567626953,0.8661994934082031,0.8747997283935547,0.0,78.0,ok
ZTF25abakxkw,,,,,,,,,empty
ZTF22aajpdbs,1.426991805462256,,,,,,,2.0,ok
ZTF18accjqzu,1.432582849389935,20.77589988708496,,,,,,2.0,ok
ZTF20aahtjat,,,,,,,,,empty
ZTF22aadknec,0.21920202597159744,18.145000457763672,17.802400588989258,17.385799407958984,0.34259986877441406,0.41660118103027344,0.0,59.0,ok
ZTF22aamtomc,0.5076964959241764,20.663700103759766,20.332199096679688,20.17639923095703,0.3315010070800781,0.15579986572265625,0.0,49.0,ok
ZTF25aadvjal,,,,,,,,,empty
ZTF23aaaasoh,,,,,,,,,empty
ZTF23aamshoi,,,,,,,,,empty
ZTF25aagacqk,,,,,,,,,empty
ZTF23aazskaz,,,,,,,,,empty
ZTF24abbcmal,,,,,,,,,empty
ZTF20acbjgoa,,,,,,,,,empty
ZTF22abfutah,,,,,,,,,empty
ZTF22abppdqh,,,,,,,,,empty
ZTF21acfjeqk,0.389143147804207,17.93079948425293,17.38719940185547,16.984899520874023,0.5436000823974609,0.4022998809814453,0.0,86.0,ok
ZTF19abcegvm,0.2636974744188694,19.46489906311035,19.068700790405273,18.625200271606445,0.3961982727050781,0.4435005187988281,0.0,80.0,ok
ZTF25abjlntp,,,,,,,,,empty
ZTF21aagtuzm,,,,,,,,,empty
ZTF23aaeozef,0.3535188252047479,21.722999572753906,21.08049964904785,21.240699768066406,0.6424999237060547,-0.1602001190185547,0.0,42.0,ok
ZTF19aavrcew,,,,,,,,,empty
ZTF22abodqjf,0.6498108954201148,19.300199508666992,19.19409942626953,18.706300735473633,0.10610008239746094,0.48779869079589844,0.0,72.0,ok
ZTF23aadmwpn,0.3363223357374525,18.127300262451172,17.713199615478516,17.3927001953125,0.41410064697265625,0.3204994201660156,0.0,62.0,ok
ZTF24aarxxmm,0.13653657228708735,20.077499389648438,20.218599319458008,19.870800018310547,-0.1410999298095703,0.34779930114746094,0.0,97.0,ok
ZTF21abychwq,0.4715996638179445,24.08839988708496,,,,,,2.0,ok
ZTF24aadknte,1.3871156649372016,19.41029930114746,18.962200164794922,18.520200729370117,0.44809913635253906,0.4419994354248047,0.0,78.0,ok
ZTF20acjsazw,,,,,,,,,empty
ZTF20abqcvtk,,,,,,,,,empty
ZTF24aaczgax,,,,,,,,,empty
ZTF20acrheie,0.26533932948620387,17.94930076599121,16.937599182128906,16.562999725341797,1.0117015838623047,0.3745994567871094,0.0,68.0,ok
ZTF25aaaauxw,0.7272547762291298,18.184200286865234,17.498699188232422,16.988000869750977,0.6855010986328125,0.5106983184814453,0.0,74.0,ok
ZTF24aagiouv,,,,,,,,,empty
ZTF21aanehlz,0.23072394563065907,21.15999984741211,21.1112003326416,,0.04879951477050781,,,26.0,ok
ZTF21aawqpuf,,,,,,,,,empty
ZTF22aavcfed,,,,,,,,,empty
ZTF20acrhrcy,0.27338732868655347,,,21.321800231933594,,,0.0,4.0,ok
ZTF24abfmniy,,,,,,,,,empty
ZTF21aappehx,0.13257980145791917,17.0846004486084,16.69770050048828,16.011999130249023,0.3868999481201172,0.6857013702392578,0.0,78.0,ok
ZTF20acpgnej,,,,,,,,,empty
ZTF20aawmlfq,,,,,,,,,empty
ZTF21achyvno,,,,,,,,,empty
ZTF22aasthma,0.482791578809061,19.319700241088867,18.681299209594727,18.328899383544922,0.6384010314941406,0.3523998260498047,0.0,78.0,ok
ZTF19acoxgqw,0.8111800816110877,19.776100158691406,18.402799606323242,17.797000885009766,1.373300552368164,0.6057987213134766,0.0,29.0,ok
ZTF18abcfdzu,1.4505933948850602,21.168399810791016,20.57550048828125,20.221799850463867,0.5928993225097656,0.3537006378173828,0.0,56.0,ok
ZTF18aaqjovh,,,,,,,,,empty
ZTF19aafnend,0.19050597407406528,,21.248899459838867,20.97130012512207,,0.2775993347167969,0.0,23.0,ok
ZTF19aahsgka,,,,,,,,,empty
ZTF22abrexqa,0.45232023838511554,,,,,,,3.0,ok
ZTF22abnvncn,1.1371835871781848,21.63409996032715,21.57270050048828,21.09869956970215,0.06139945983886719,0.4740009307861328,0.0,10.0,ok
ZTF21aaunadg,,,,,,,,,empty
ZTF24abcbmug,,,,,,,,,empty
ZTF21abqikvn,0.8075367497009577,18.397899627685547,18.254600524902344,17.638900756835938,0.14329910278320312,0.6156997680664062,0.0,55.0,ok
ZTF19acxzmck,0.22474390644251038,17.756799697875977,17.11479949951172,16.914199829101562,0.6420001983642578,0.20059967041015625,0.0,83.0,ok
ZTF22aadepde,1.042278545412925,18.466400146484375,17.7893009185791,17.432899475097656,0.6770992279052734,0.3564014434814453,0.0,76.0,ok
ZTF18abucxcj,,,,,,,,,empty
ZTF18acwyqeg,,,,,,,,,empty
ZTF22aaptzap,,,,,,,,,empty
ZTF21aaksblr,,,,,,,,,empty
ZTF25aaixrfr,,,,,,,,,empty
ZTF18abupgps,0.5313071698218766,19.378999710083008,18.787200927734375,18.279399871826172,0.5917987823486328,0.5078010559082031,0.0,76.0,ok
ZTF21acioiha,0.09571202350117916,18.111400604248047,17.622100830078125,17.132299423217773,0.4892997741699219,0.48980140686035156,0.0,88.0,ok
ZTF21abrthyb,,,,,,,,,empty
ZTF25ablxhsq,0.36821824400364217,20.00349998474121,19.055400848388672,18.542299270629883,0.9480991363525391,0.5131015777587891,0.0,88.0,ok
ZTF18aatrkga,,,,,,,,,empty
ZTF18abvfjwt,1.0380652726819986,,,20.568899154663086,,,0.0,2.0,ok
ZTF20acqpkxj,0.34816884110247076,20.06369972229004,20.308500289916992,20.479799270629883,-0.24480056762695312,-0.17129898071289062,1.0,56.0,ok
ZTF22aaijrul,1.1435180216372962,21.065099716186523,20.906200408935547,20.83289909362793,0.15889930725097656,0.07330131530761719,0.0,56.0,ok
ZTF18absldfl,,,,,,,,,empty
ZTF19aatnfvj,0.36390089945378695,18.2903995513916,17.579099655151367,17.30929946899414,0.7112998962402344,0.26980018615722656,0.0,78.0,ok
ZTF24abcnhxx,,,,,,,,,empty
ZTF23aahqvtz,,,,,,,,,empty
ZTF19abbwfgp,,,,,,,,,empty
ZTF21acfflog,0.941611293299394,18.70009994506836,17.989200592041016,17.70599937438965,0.7108993530273438,0.2832012176513672,,9.0,ok
ZTF21abamotd,,,,,,,,,empty
ZTF22aaoxhuh,,,,,,,,,empty
ZTF23abvokyz,,,,,,,,,empty
ZTF24aavzwkd,1.2251137704079855,,20.94849967956543,18.422399520874023,,2.5261001586914062,0.0,2.0,ok
ZTF20aawxsit,,,,,,,,,empty
ZTF24ablssfw,,,,,,,,,empty
ZTF22abfuyqr,0.320915205738012,17.894899368286133,17.3435001373291,16.816200256347656,0.5513992309570312,0.5272998809814453,0.0,74.0,ok
ZTF20acggvnn,0.3782055978502635,18.88089942932129,18.345399856567383,17.968799591064453,0.5354995727539062,0.3766002655029297,0.0,82.0,ok
ZTF24aboqfdy,0.2829522727608642,20.489200592041016,20.765899658203125,21.146900177001953,-0.2766990661621094,-0.3810005187988281,0.0,43.0,ok
ZTF23aaavzeq,,,,,,,,,empty
ZTF23aaxadel,0.9025811614349118,,,,,,,2.0,ok
ZTF24aaztbct,0.4484334010226026,19.202999114990234,19.077800750732422,19.097400665283203,0.1251983642578125,-0.01959991455078125,0.0,62.0,ok
ZTF21abidrcn,,,,,,,,,empty
ZTF25aafhecq,,,,,,,,,empty
ZTF22aadiujq,,,,,,,,,empty
ZTF20abkfkze,0.21115380885557314,,,,,,,2.0,ok
ZTF18adbckox,,,,,,,,,empty
ZTF19acvtvlo,,,,,,,,,empty
ZTF23absguth,,,,,,,,,empty
ZTF20aalxlis,1.0971697884697493,20.15089988708496,20.201099395751953,20.047700881958008,-0.05019950866699219,0.1533985137939453,0.0,22.0,ok
ZTF24abimnpm,1.2742388260020232,21.211200714111328,20.793899536132812,20.37030029296875,0.4173011779785156,0.4235992431640625,0.0,51.0,ok
ZTF24absdppq,0.5189774548715756,18.851600646972656,18.475900650024414,18.061899185180664,0.3756999969482422,0.41400146484375,0.0,79.0,ok
ZTF22abaxmks,0.5583038868368936,,,21.726699829101562,,,0.0,3.0,ok
ZTF22aabnonm,,,,,,,,,empty
ZTF21aakjhcb,,,,,,,,,empty
ZTF22aarynsk,,,,,,,,,empty
ZTF24abbbttv,0.22186547191420916,18.251300811767578,17.727699279785156,17.800500869750977,0.5236015319824219,-0.07280158996582031,0.0,64.0,ok
ZTF24aaisoke,1.0336321005020923,20.648099899291992,20.32710075378418,20.15060043334961,0.3209991455078125,0.1765003204345703,0.0,58.0,ok
ZTF23abrzezc,,,,,,,,,empty
ZTF23aafwvek,1.3094756060173607,,20.723899841308594,18.529300689697266,,2.194599151611328,1.0,2.0,ok
ZTF19acbwejj,,,,,,,,,empty
ZTF19acewuwn,,,,,,,,,empty
ZTF19acxphhl,,,,,,,,,empty
ZTF23aaejvro,,,,,,,,,empty
ZTF24aahmyct,,,,,,,,,empty
ZTF19abqxibq,0.9468585029404682,,,18.939199447631836,,,,2.0,ok
ZTF22aakejxf,0.28384973214900067,19.72949981689453,18.852500915527344,18.864099502563477,0.8769989013671875,-0.011598587036132812,0.0,74.0,ok
ZTF21aaquiwu,,,,,,,,,empty
ZTF19abgnuri,1.4264684896290245,,,20.2101993560791,,,,2.0,ok
ZTF20aahqcup,,,,,,,,,empty
ZTF25aafkcir,0.7804659390840701,20.518299102783203,20.28860092163086,19.520299911499023,0.22969818115234375,0.7683010101318359,0.0,50.0,ok
ZTF24abnxrvh,,,,,,,,,empty
ZTF18acbvhfl,0.9331335000353366,,20.229999542236328,,,,,2.0,ok
ZTF23aadwaiz,,,,,,,,,empty
ZTF19aapreza,,,,,,,,,empty
ZTF19abhphah,0.8898422210264552,20.406299591064453,20.006399154663086,19.70439910888672,0.3999004364013672,0.3020000457763672,0.0,71.0,ok
ZTF19aapcxiy,0.9834709223522614,22.039499282836914,,21.930400848388672,,,0.0,7.0,ok
ZTF24aainaay,,,,,,,,,empty
ZTF25abowvko,,,,,,,,,empty
ZTF23aaiyexs,,,,,,,,,empty
ZTF19adaiibn,0.11100408713505475,17.095699310302734,16.87470054626465,16.365999221801758,0.22099876403808594,0.5087013244628906,0.0,56.0,ok
ZTF24aaceash,,,,,,,,,empty
ZTF20acfviac,,,,,,,,,empty
ZTF22aaydcsb,,,,,,,,,empty
ZTF18abtmbaz,0.670162990863053,19.920000076293945,19.36639976501465,19.60379981994629,0.5536003112792969,-0.23740005493164062,0.0,64.0,ok
ZTF23aapgswu,,,,,,,,,empty
ZTF24abtddls,0.20806351943520504,19.260400772094727,18.92449951171875,18.404199600219727,0.33590126037597656,0.5202999114990234,0.0,75.0,ok
ZTF21aarohyu,0.287371536229922,20.033599853515625,19.77039909362793,19.544300079345703,0.2632007598876953,0.22609901428222656,0.0,83.0,ok
ZTF23aamsddm,1.4116139383201656,,19.555400848388672,,,,,2.0,ok
ZTF25aanvpit,,,,,,,,,empty
ZTF25abxedzr,,,,,,,,,empty
ZTF20acwfcfs,,,,,,,,,empty
ZTF20abpglei,,,,,,,,,empty
ZTF20acptdpf,,,,,,,,,empty
ZTF20abzcsbt,0.4649141843601804,,,20.65880012512207,,,,3.0,ok
ZTF21abfoace,0.7776230384235423,21.425899505615234,21.07349967956543,20.767099380493164,0.3523998260498047,0.3064002990722656,0.0,8.0,ok
ZTF21aagycmk,,,,,,,,,empty
ZTF21acdmwae,,,,,,,,,empty
ZTF23aaylkdm,,,,,,,,,empty
ZTF24aadkslj,0.9877122117240266,19.794700622558594,18.569799423217773,,1.2249011993408203,,,9.0,ok
ZTF22abbiqoi,,,,,,,,,empty
ZTF20acberbd,1.0498284774172018,20.306699752807617,20.103200912475586,19.682899475097656,0.20349884033203125,0.4203014373779297,0.0,17.0,ok
ZTF21aaabxbd,1.2967065927800205,,,19.33099937438965,,,0.0,3.0,ok
ZTF20abxwreg,0.43731031936101655,,,,,,,3.0,ok
ZTF25aacfbem,0.799340290801152,,20.78660011291504,,,,,2.0,ok
ZTF19acgouje,0.2796613952227745,20.718399047851562,20.401500701904297,20.431800842285156,0.3168983459472656,-0.030300140380859375,0.0,57.0,ok
ZTF19acmbiad,0.556706259928079,21.574100494384766,20.779699325561523,,0.7944011688232422,,,3.0,ok
ZTF25abzudli,,,,,,,,,empty
ZTF21aclzodp,,,,,,,,,empty
ZTF18accbppp,,,,,,,,,empty
ZTF24aaxyrrd,,,,,,,,,empty
ZTF18aajjhkq,0.7647107309017064,,,,,,,2.0,ok
ZTF21abatolf,0.10408454239156385,18.17530059814453,18.287200927734375,17.52869987487793,-0.11190032958984375,0.7585010528564453,0.0,35.0,ok
ZTF22abyjfgt,,,,,,,,,empty
ZTF20abisrhp,,,,,,,,,empty
ZTF22abzsylr,,,,,,,,,empty
ZTF22aaynpda,,,,,,,,,empty
ZTF20abgoocl,0.1455576829443624,22.073999404907227,21.85930061340332,21.62529945373535,0.21469879150390625,0.23400115966796875,0.0,13.0,ok
ZTF21abyonuw,0.5440394618221752,19.247600555419922,18.503400802612305,17.890100479125977,0.7441997528076172,0.6133003234863281,0.0,61.0,ok
ZTF18abuhzfc,0.11688950725166093,17.627599716186523,16.84630012512207,16.474300384521484,0.7812995910644531,0.37199974060058594,0.0,77.0,ok
ZTF19aakzwao,,,,,,,,,empty
ZTF18acrxnme,1.4217732753264174,17.50629997253418,16.81920051574707,16.561800003051758,0.6870994567871094,0.2574005126953125,0.0,71.0,ok
ZTF18aaqpeoq,0.28586506475404383,18.44230079650879,17.884700775146484,17.559499740600586,0.5576000213623047,0.32520103454589844,0.0,67.0,ok
ZTF20acpkses,,,,,,,,,empty
ZTF25abyndsj,,,,,,,,,empty
ZTF20aauqhka,0.9154020526119229,,,17.916099548339844,,,0.0,2.0,ok
ZTF22abemgfd,,,,,,,,,empty
ZTF22abrbpyh,,,,,,,,,empty
ZTF20acoqlrd,,,,,,,,,empty
ZTF20acyrodl,,,,,,,,,empty
ZTF21acjoorl,,,,,,,,,empty
ZTF19abcejlb,0.2811005577620721,20.222999572753906,,20.879199981689453,,,0.0,8.0,ok
ZTF25acepuxi,,,,,,,,,empty
ZTF25abflwya,,,,,,,,,empty
ZTF21aaetnfe,,,,,,,,,empty
ZTF25aapenxt,0.2158844165929481,21.995800018310547,,21.02899932861328,,,1.0,3.0,ok
ZTF21achkgap,0.2816056248508745,20.14929962158203,,,,,,2.0,ok
ZTF24absvzdo,0.5768417306459925,20.008699417114258,18.969100952148438,18.538400650024414,1.0395984649658203,0.43070030212402344,0.0,74.0,ok
ZTF19abxqppy,,,,,,,,,empty
ZTF22abcesfo,0.11962706327999413,19.1294002532959,18.62529945373535,18.20170021057129,0.5041007995605469,0.4235992431640625,0.0,70.0,ok
ZTF19abwrzqb,,,,,,,,,empty
ZTF18aarxzmv,0.419263922494464,22.24139976501465,21.838499069213867,22.149200439453125,0.40290069580078125,-0.3107013702392578,0.0,5.0,ok
ZTF19acmbhvv,0.9191402688992856,17.560800552368164,16.84709930419922,16.586200714111328,0.7137012481689453,0.2608985900878906,0.0,95.0,ok
ZTF21abxnghi,,,,,,,,,empty
ZTF22aadlnaf,0.12408031973059135,20.3971004486084,20.003700256347656,19.846900939941406,0.3934001922607422,0.15679931640625,0.0,68.0,ok
ZTF19aarkpif,,,,,,,,,empty
ZTF22aanrqje,,,,,,,,,empty
ZTF18abotthj,0.22342708772342942,15.887800216674805,15.697099685668945,15.344099998474121,0.19070053100585938,0.3529996871948242,0.0,56.0,ok
ZTF23aaikcdx,,,,,,,,,empty
ZTF20abwkqxd,0.8526922847232619,,,21.256799697875977,,,1.0,7.0,ok
ZTF25abseeos,0.45474907286507393,18.86090087890625,18.324199676513672,17.482799530029297,0.5367012023925781,0.841400146484375,0.0,61.0,ok
ZTF22abemgir,,,,,,,,,empty
ZTF20abonvte,,,,,,,,,empty
ZTF25acgqggy,0.3044910837190916,,22.01930046081543,21.841299057006836,,0.17800140380859375,0.0,6.0,ok
ZTF21achdxdn,,,,,,,,,empty
ZTF19aaxhysx,0.18109195573010564,21.67009925842285,21.52989959716797,21.318099975585938,0.1401996612548828,0.21179962158203125,0.0,20.0,ok
ZTF20abuqali,,,,,,,,,empty
ZTF20aaivvwa,0.062262975158274426,19.25119972229004,18.297000885009766,17.833799362182617,0.9541988372802734,0.46320152282714844,0.0,69.0,ok
ZTF21aaagzee,,,,,,,,,empty
ZTF23abbakmt,,,,,,,,,empty
ZTF24ablroer,,,,,,,,,empty
ZTF21acefkpy,,,,,,,,,empty
ZTF25acinunl,1.2497999833796778,17.386699676513672,16.77519989013672,16.573299407958984,0.6114997863769531,0.20190048217773438,0.0,82.0,ok
ZTF21aaagypx,,,,,,,,,empty
ZTF23abtopsg,,,,,,,,,empty
ZTF21aalyvyw,,,,,,,,,empty
ZTF20aamenwg,0.3529322711989613,21.006999969482422,20.75779914855957,20.697900772094727,0.24920082092285156,0.05989837646484375,0.0,43.0,ok
ZTF22aadoihx,,,,,,,,,empty
ZTF19ablpfhz,,,,,,,,,empty
ZTF20aclggpx,0.7488346161417021,19.11389923095703,18.42729949951172,17.834999084472656,0.6865997314453125,0.5923004150390625,0.0,86.0,ok
ZTF25acikmpq,0.7340556490361356,20.96269989013672,20.67259979248047,20.853599548339844,0.29010009765625,-0.180999755859375,0.0,35.0,ok
ZTF23abprvfl,,,,,,,,,empty
ZTF22aaajuiz,0.703092067963574,21.699399948120117,21.480300903320312,,0.2190990447998047,,,6.0,ok
ZTF19abopyyu,0.8321157755517266,,,,,,,2.0,ok
ZTF20acxzqyp,,,,,,,,,empty
ZTF19abhzewi,0.9535438398799468,,17.968299865722656,,,,,2.0,ok
ZTF21abchdql,,,,,,,,,empty
ZTF19aafmfxg,0.9084439653671683,,,19.518699645996094,,,0.0,4.0,ok
ZTF20acpyldh,,,,,,,,,empty
ZTF23aaazbsu,,,,,,,,,empty
ZTF21acgpjbx,,,,,,,,,empty
ZTF19aaphmto,,,,,,,,,empty
ZTF22abyuxlw,,,,,,,,,empty
ZTF20abqfgee,,,,,,,,,empty
ZTF21aafnunh,1.1416827615793343,20.31920051574707,20.168399810791016,20.213600158691406,0.1508007049560547,-0.045200347900390625,0.0,54.0,ok
ZTF25aapwsyj,,,,,,,,,empty
ZTF25acdcysh,,,,,,,,,empty
ZTF22aahebcu,,,,,,,,,empty
ZTF19acwbhih,,,,,,,,,empty
ZTF21aarmuxl,0.16401256292353597,19.081300735473633,18.771699905395508,18.885400772094727,0.309600830078125,-0.11370086669921875,0.0,57.0,ok
ZTF18acbwawc,1.3638869304023045,,,,,,,2.0,ok
ZTF20abixkpg,,,,,,,,,empty
ZTF22aazuuin,,,,,,,,,empty
ZTF18abtswjk,0.3813986920077328,18.044599533081055,17.51460075378418,17.433799743652344,0.529998779296875,0.08080101013183594,0.0,69.0,ok
ZTF19abzsjpn,,,,,,,,,empty
ZTF21aabxjqr,,,,,,,,,empty
ZTF23aaoanrl,,,,,,,,,empty
ZTF23aaduhkq,0.20954250778664749,18.576499938964844,17.92970085144043,17.620100021362305,0.6467990875244141,0.309600830078125,0.0,74.0,ok
ZTF19aapbgty,,,,,,,,,empty
ZTF18aceijsp,0.06005023593977609,17.239099502563477,16.97319984436035,16.446399688720703,0.265899658203125,0.5268001556396484,0.0,81.0,ok
ZTF22aajrfqn,,,,,,,,,empty
ZTF24aaxqnbe,,,,,,,,,empty
ZTF24aadmryr,0.6488752285517975,,21.961599349975586,21.636999130249023,,0.3246002197265625,0.0,5.0,ok
ZTF25aaremst,,,,,,,,,empty
ZTF19acxozhr,,,,,,,,,empty
ZTF25acgnqom,,,,,,,,,empty
ZTF22aafoqrd,,,,,,,,,empty
ZTF21abizmnw,0.3550062662226991,17.4325008392334,16.976299285888672,16.632099151611328,0.45620155334472656,0.34420013427734375,0.0,80.0,ok
ZTF24ablnplh,1.1081389849427619,20.65839958190918,20.342899322509766,20.133899688720703,0.31550025939941406,0.2089996337890625,0.0,67.0,ok
ZTF20aaxmtxg,,,,,,,,,empty
ZTF21abiblpl,,,,,,,,,empty
ZTF22abysshb,,,,,,,,,empty
ZTF22aasrmim,,,,,,,,,empty
ZTF19abgczul,0.14175170599732972,18.748600006103516,,,,,,2.0,ok
ZTF25abghcuc,,,,,,,,,empty
ZTF20abqgsah,0.12111332719176146,,21.733200073242188,21.091400146484375,,0.6417999267578125,1.0,24.0,ok
ZTF22aadltbv,,,,,,,,,empty
ZTF21abtaxou,,,,,,,,,empty
ZTF23abjjrwv,,,,,,,,,empty
ZTF19abwamby,0.7020969887587677,,21.79829978942871,,,,,2.0,ok
ZTF21abulpnc,,,,,,,,,empty
ZTF22aaasqwx,,,,,,,,,empty
ZTF21acpompz,,,,,,,,,empty
ZTF18aauxzle,0.7532414671040911,,,,,,,2.0,ok
ZTF21abouuow,,,,,,,,,empty
ZTF23aajrmfh,,,,,,,,,empty
ZTF22aaijnqy,1.4566102391730493,,,21.670700073242188,,,0.0,2.0,ok
ZTF19acgdxel,0.11532556137378056,19.50659942626953,18.62929916381836,18.164400100708008,0.8773002624511719,0.46489906311035156,0.0,56.0,ok
ZTF22aakjjjj,0.9572592186277008,,18.543699264526367,18.328899383544922,,0.2147998809814453,1.0,5.0,ok
ZTF24abzgggz,,,,,,,,,empty
ZTF24abtbalq,0.4352696704584847,21.3927001953125,20.942100524902344,21.011699676513672,0.45059967041015625,-0.06959915161132812,0.0,24.0,ok
ZTF19acvdyyn,0.8044076494609101,,,,,,,20.0,ok
ZTF21aciustc,1.3618845430854465,21.752500534057617,,18.62190055847168,,,0.0,3.0,ok
ZTF25aaqsuda,0.360829678794136,18.336299896240234,18.048999786376953,17.645200729370117,0.28730010986328125,0.40379905700683594,0.0,81.0,ok
ZTF20aclwowi,0.5385126817263727,,22.282800674438477,21.32360076904297,,0.9591999053955078,1.0,3.0,ok
ZTF24aagoljl,,,,,,,,,empty
ZTF18acybdar,0.015129431640296918,20.981199264526367,20.84630012512207,20.31220054626465,0.13489913940429688,0.5340995788574219,0.0,64.0,ok
ZTF24aapadbb,,,,,,,,,empty
ZTF23aavmycb,,,,,,,,,empty
ZTF18abtqevs,0.2850354767883573,19.69409942626953,19.041400909423828,18.52389907836914,0.6526985168457031,0.5175018310546875,0.0,81.0,ok
ZTF18aansqun,0.6894777849597068,18.37980079650879,17.964099884033203,17.34149932861328,0.41570091247558594,0.6226005554199219,0.0,76.0,ok
ZTF21abameyr,,,,,,,,,empty
ZTF22abftfug,1.2237020254652187,18.81719970703125,18.64780044555664,18.209999084472656,0.16939926147460938,0.4378013610839844,0.0,47.0,ok
ZTF18adbacli,0.12372448765957429,17.21619987487793,16.944499969482422,16.408100128173828,0.2716999053955078,0.5363998413085938,0.0,69.0,ok
ZTF21aapjcqb,,,,,,,,,empty
ZTF21aaahtln,,,,,,,,,empty
ZTF20acwobku,1.402971688921948,,,18.823200225830078,,,0.0,5.0,ok
ZTF18abumflq,,,,,,,,,empty
ZTF22abitewv,0.18700311883213727,19.662700653076172,19.447099685668945,19.096099853515625,0.21560096740722656,0.3509998321533203,0.0,76.0,ok
ZTF21aceqgbv,0.41581753175015906,20.534099578857422,20.101200103759766,19.729000091552734,0.43289947509765625,0.37220001220703125,0.0,73.0,ok
ZTF22abvmasw,,,,,,,,,empty
ZTF19acbvrhb,,,,,,,,,empty
ZTF22aaafjoc,0.9777208906835528,20.449899673461914,20.037399291992188,20.583999633789062,0.41250038146972656,-0.546600341796875,0.0,30.0,ok
ZTF22abqaqnn,1.2635099505182572,21.827499389648438,21.765300750732422,21.03660011291504,0.062198638916015625,0.7287006378173828,0.0,80.0,ok
ZTF18acsovsw,,,,,,,,,empty
ZTF19aailltc,0.7204566767830156,21.411500930786133,21.059999465942383,21.141599655151367,0.35150146484375,-0.08160018920898438,0.0,35.0,ok
ZTF25aabvekt,,,,,,,,,empty
ZTF20aaezizk,,,,,,,,,empty
ZTF25abmjfcf,,,,,,,,,empty
ZTF18aachojf,0.2037761699607644,16.666099548339844,16.292400360107422,16.0398006439209,0.3736991882324219,0.25259971618652344,0.0,73.0,ok
ZTF22abgndif,0.8997386092813974,18.092300415039062,17.628700256347656,17.547800064086914,0.46360015869140625,0.08090019226074219,0.0,58.0,ok
ZTF22aalrcmn,,,,,,,,,empty
ZTF21acimjvp,,,,,,,,,empty
ZTF18acuqskr,1.1213609742813049,18.16349983215332,17.70669937133789,17.17099952697754,0.4568004608154297,0.5356998443603516,0.0,67.0,ok
ZTF25aatxnic,,,,,,,,,empty
ZTF19ablzora,,,,,,,,,empty
ZTF24aaffjrc,0.8752140985676866,,20.676700592041016,,,,,3.0,ok
ZTF22abqrdqq,,,,,,,,,empty
ZTF22aaksdvi,0.3140358535058038,,18.325599670410156,,,,,5.0,ok
ZTF22aagtrsh,,,,,,,,,empty
ZTF21abujejr,0.08983431199596865,18.431299209594727,17.682600021362305,17.172399520874023,0.7486991882324219,0.5102005004882812,0.0,78.0,ok
ZTF22abfzdjj,1.0166620123033785,,,20.170400619506836,,,0.0,4.0,ok
ZTF25aboxset,,,,,,,,,empty
ZTF19acbwilc,,,,,,,,,empty
ZTF23absqicj,,,,,,,,,empty
ZTF24aahlvez,0.6856679877110385,18.322599411010742,18.17020034790039,17.224300384521484,0.15239906311035156,0.9458999633789062,0.0,58.0,ok
ZTF18acebssa,,,,,,,,,empty
ZTF22aaegxpa,,,,,,,,,empty
ZTF23aafsglu,,,,,,,,,empty
ZTF24aashinc,,,,,,,,,empty
ZTF22abhjdlx,0.8161840133701659,19.77910041809082,19.704599380493164,19.24970054626465,0.07450103759765625,0.4548988342285156,0.0,61.0,ok
ZTF24aasntvs,,,,,,,,,empty
ZTF24abnregl,,,,,,,,,empty
ZTF24abikzjx,,,,,,,,,empty
ZTF25abjjlgl,,,,,,,,,empty
ZTF19acxpwil,0.07455405555318904,19.236099243164062,19.225500106811523,18.977699279785156,0.010599136352539062,0.2478008270263672,0.0,88.0,ok
ZTF24abpzxep,,,,,,,,,empty
ZTF25aaymwcj,1.431281911072661,,,,,,,2.0,ok
ZTF25abhrbjt,,,,,,,,,empty
ZTF21achjwus,,,,,,,,,empty
ZTF21aaabvkj,,,,,,,,,empty
ZTF24aaijpbj,,,,,,,,,empty
ZTF19adcddzk,0.0897694672233039,21.630699157714844,21.35569953918457,20.923500061035156,0.27499961853027344,0.43219947814941406,0.0,48.0,ok
ZTF25abztvud,,,,,,,,,empty
ZTF20abvvnqh,1.1706931892511245,19.059799194335938,19.21980094909668,18.6481990814209,-0.1600017547607422,0.5716018676757812,0.0,92.0,ok
ZTF18aaizerg,1.1855991164054083,18.85449981689453,18.21619987487793,17.632600784301758,0.6382999420166016,0.5835990905761719,0.0,67.0,ok
ZTF21aatklhw,,,,,,,,,empty
ZTF21abhqhqb,0.6114527277884271,,21.11479949951172,,,,,6.0,ok
ZTF21aamwqim,,,,,,,,,empty
ZTF21aarasvn,0.6958090792774102,,,,,,,5.0,ok
ZTF19abdviwl,0.5572768397845289,21.417400360107422,,20.99220085144043,,,0.0,3.0,ok
ZTF21aaevrjl,0.5628719804834894,18.492900848388672,18.472000122070312,18.577999114990234,0.020900726318359375,-0.10599899291992188,0.0,103.0,ok
ZTF25abiwxpf,,,,,,,,,empty
ZTF18abrlljc,1.305642930826525,19.821800231933594,19.615999221801758,,0.20580101013183594,,,9.0,ok
ZTF22abdstgi,0.7250017794787158,20.095500946044922,20.14459991455078,20.035400390625,-0.049098968505859375,0.10919952392578125,0.0,44.0,ok
ZTF23abbcycg,0.5461608475652946,17.466699600219727,17.71579933166504,17.385099411010742,-0.2490997314453125,0.3306999206542969,0.0,47.0,ok
ZTF22aahfuaa,,,,,,,,,empty
ZTF21aatwlhj,,,,,,,,,empty
ZTF25aaytlnf,,,,,,,,,empty
ZTF24ablflur,0.5367655017117391,21.34160041809082,21.12220001220703,21.038400650024414,0.21940040588378906,0.08379936218261719,0.0,36.0,ok
ZTF22abakcfy,,,,,,,,,empty
ZTF25aajawti,,,,,,,,,empty
ZTF22aakkmri,,,,,,,,,empty
ZTF20abmcyox,,,,,,,,,empty
ZTF21aawogdl,,,,,,,,,empty
ZTF20abvqibv,0.7643604759297086,21.373199462890625,21.553499221801758,21.274599075317383,-0.1802997589111328,0.278900146484375,0.0,32.0,ok
ZTF22abytupz,,,,,,,,,empty
ZTF19acyndpl,1.2716308732324577,,,19.28190040588379,,,,2.0,ok
ZTF22abtoqfj,,,,,,,,,empty
ZTF18abpttky,0.09815169154011318,20.31599998474121,19.889799118041992,19.504600524902344,0.42620086669921875,0.38519859313964844,0.0,84.0,ok
ZTF23aawqydv,0.29016619225162976,18.8981990814209,18.494600296020508,17.721399307250977,0.4035987854003906,0.7732009887695312,0.0,62.0,ok
ZTF23aajkjxm,0.3117326948546477,18.75779914855957,18.34269905090332,18.601699829101562,0.41510009765625,-0.2590007781982422,0.0,73.0,ok
ZTF18abmjvpb,,,,,,,,,empty
ZTF18aarbgdn,1.2729532028428978,17.218000411987305,16.545700073242188,16.184900283813477,0.6723003387451172,0.36079978942871094,0.0,88.0,ok
ZTF18acqxsyi,0.9480424505888859,19.365100860595703,18.956899642944336,18.41320037841797,0.4082012176513672,0.5436992645263672,0.0,64.0,ok
ZTF19acyjzeo,,,,,,,,,empty
ZTF20abjwvdh,1.3938490672814514,20.745800018310547,19.55030059814453,18.984500885009766,1.1954994201660156,0.5657997131347656,0.0,11.0,ok
ZTF25abzbzom,,,,,,,,,empty
ZTF24aaheprj,,,,,,,,,empty
ZTF18abuicad,,,,,,,,,empty
ZTF24abigauq,,,,,,,,,empty
ZTF24aajqsti,0.4292694207852566,,,20.01569938659668,,,0.0,2.0,ok
ZTF19abqysic,0.3242042752966899,17.41670036315918,16.882299423217773,16.267000198364258,0.5344009399414062,0.6152992248535156,0.0,77.0,ok
ZTF23aajbejz,,,,,,,,,empty
ZTF20abwavab,,,,,,,,,empty
ZTF20aadvunl,0.2420782092991082,20.165599822998047,19.905799865722656,19.600900650024414,0.2597999572753906,0.3048992156982422,0.0,75.0,ok
ZTF25aamrath,,,,,,,,,empty
ZTF23aaahuzc,,,,,,,,,empty
ZTF23abawgqs,1.2489179950933682,17.778600692749023,,,,,,2.0,ok
ZTF21abxniow,,,,,,,,,empty
ZTF20abedydu,1.1890163229851785,22.11750030517578,,21.239700317382812,,,0.0,3.0,ok
ZTF25abbzfjz,0.22253899315871395,19.911500930786133,20.108800888061523,20.201000213623047,-0.19729995727539062,-0.09219932556152344,1.0,23.0,ok
ZTF23abbtkrv,,,,,,,,,empty
ZTF20abjwuuv,,,,,,,,,empty
ZTF24ablozqg,1.2070033435797096,20.182100296020508,,,,,,2.0,ok
ZTF22aaudjgc,,,,,,,,,empty
ZTF18acvgnil,0.14175467447779563,17.325300216674805,17.15410041809082,16.72439956665039,0.17119979858398438,0.4297008514404297,0.0,81.0,ok
ZTF18abxmxbh,1.1481481698330076,19.21310043334961,20.40239906311035,19.231800079345703,-1.1892986297607422,1.1705989837646484,0.0,11.0,ok
ZTF22aaooldm,,,,,,,,,empty
ZTF20abyzgzj,,,,,,,,,empty
ZTF19adcetym,1.2958979217195514,17.545299530029297,16.89889907836914,16.312000274658203,0.6464004516601562,0.5868988037109375,0.0,82.0,ok
ZTF19aatvvvu,,,,,,,,,empty
ZTF20acviwgj,,,,,,,,,empty
ZTF20abefbnz,0.05672746131170091,20.53350067138672,20.078899383544922,19.91390037536621,0.4546012878417969,0.16499900817871094,0.0,53.0,ok
ZTF24abvyngn,0.7788134950873864,18.143699645996094,19.217300415039062,,-1.0736007690429688,,,3.0,ok
ZTF23aaehsgs,,,,,,,,,empty
ZTF22aanzrlh,,,,,,,,,empty
ZTF22aatnyqk,,,,,,,,,empty
ZTF22aaajhkj,,,,,,,,,empty
ZTF23abkbieh,1.380177728857778,19.09910011291504,18.892900466918945,18.608200073242188,0.20619964599609375,0.2847003936767578,0.0,70.0,ok
ZTF25abimrij,0.24082894191659113,21.83060073852539,21.32379913330078,20.840200424194336,0.5068016052246094,0.4835987091064453,1.0,43.0,ok
ZTF24abuqxjx,,,,,,,,,empty
ZTF20acpyaap,,,,,,,,,empty
ZTF23aasovdv,,,,,,,,,empty
ZTF21aagqcfs,,,,,,,,,empty
ZTF23aaqmfgs,0.24921263378128258,,,20.803499221801758,,,0.0,2.0,ok
ZTF20aaifsri,,,,,,,,,empty
ZTF25aantruy,0.9185582761662338,,,21.01849937438965,,,1.0,2.0,ok
ZTF18abgzkmf,,,,,,,,,empty
ZTF21abjhiqp,1.0479699964975395,19.780399322509766,19.695999145507812,19.265499114990234,0.08440017700195312,0.4305000305175781,0.0,51.0,ok
ZTF19abjslyw,,,,,,,,,empty
ZTF24abfsxul,,,,,,,,,empty
ZTF21aapzgtu,0.5936115278587071,,21.4778995513916,21.35219955444336,,0.1256999969482422,0.0,5.0,ok
ZTF23aberpzw,,,,,,,,,empty
ZTF24aahsyhe,,,,,,,,,empty
ZTF22abzkion,,,,,,,,,empty
ZTF22aaffaah,0.11240612968289884,18.95490074157715,18.279600143432617,17.96540069580078,0.6753005981445312,0.31419944763183594,0.0,75.0,ok
ZTF23aazuzip,0.2597972315068777,19.127300262451172,19.618900299072266,,-0.49160003662109375,,,6.0,ok
ZTF24aaimzkp,,,,,,,,,empty
ZTF23aafhfwx,0.10977221201788473,18.97410011291504,18.2992000579834,18.075300216674805,0.6749000549316406,0.22389984130859375,0.0,45.0,ok
ZTF25aapvizs,,,,,,,,,empty
ZTF20acmhpvd,0.2825093611405297,21.80459976196289,21.70989990234375,21.79990005493164,0.09469985961914062,-0.09000015258789062,1.0,16.0,ok
ZTF19abafrvy,0.21122552078989973,19.258399963378906,18.84600067138672,18.481300354003906,0.4123992919921875,0.3647003173828125,0.0,59.0,ok
ZTF22aaqlfwe,,,,,,,,,empty
ZTF25aalufla,1.374511010318169,,20.411699295043945,21.236400604248047,,-0.8247013092041016,,2.0,ok
ZTF19aaynnae,0.1593814291160524,18.812700271606445,18.209400177001953,17.363500595092773,0.6033000946044922,0.8458995819091797,0.0,85.0,ok
ZTF20acumekm,,,,,,,,,empty
ZTF24abmksiy,1.018424232166388,20.33180046081543,20.092199325561523,,0.23960113525390625,,,17.0,ok
ZTF22abyiisu,,,,,,,,,empty
ZTF25acgctjf,,,,,,,,,empty
ZTF22aaobkbh,0.6135753029821499,19.197900772094727,,18.600299835205078,,,0.0,12.0,ok
ZTF23abnymxl,,,,,,,,,empty
ZTF25acgqgrv,,,,,,,,,empty
ZTF24aavhyax,,,,,,,,,empty
ZTF22abgcigh,0.2255064521669708,,22.177499771118164,21.513099670410156,,0.6644001007080078,1.0,19.0,ok
ZTF21abtbygc,,,,,,,,,empty
ZTF24abtzsno,,,,,,,,,empty
ZTF19aanramr,,,,,,,,,empty
ZTF20aavhixe,,,,,,,,,empty
ZTF21aadoizf,,,,,,,,,empty
ZTF20aasmueu,,,,,,,,,empty
ZTF18abbodly,0.6854491976370082,19.227699279785156,18.327199935913086,17.622299194335938,0.9004993438720703,0.7049007415771484,0.0,60.0,ok
ZTF19abywduc,,,,,,,,,empty
ZTF24aaymkrs,,,,,,,,,empty
ZTF19abzvyew,0.04065070853837223,18.56089973449707,17.94059944152832,17.631799697875977,0.62030029296875,0.30879974365234375,0.0,78.0,ok
ZTF25ackrgcs,,,,,,,,,empty
ZTF21aajvtsq,,,,,,,,,empty
ZTF20abirxmf,0.22566991545205942,19.993900299072266,19.6200008392334,19.428800582885742,0.3738994598388672,0.19120025634765625,0.0,57.0,ok
ZTF21aarskup,,,,,,,,,empty
ZTF19acxndsk,,,,,,,,,empty
ZTF21acasrer,0.8079192521320439,,20.322900772094727,,,,,2.0,ok
ZTF20aayvmyh,,,,,,,,,empty
ZTF19abmzmom,,,,,,,,,empty
ZTF19aamkywr,1.3789841176863549,11.630000114440918,12.152000427246094,12.522000312805176,-0.5220003128051758,-0.36999988555908203,,65.0,ok
ZTF18abuhyjv,,,,,,,,,empty
ZTF21aaglamm,,,,,,,,,empty
ZTF23aajucmw,,,,,,,,,empty
ZTF18acurlbt,,,,,,,,,empty
ZTF22abaxqlk,,,,,,,,,empty
ZTF23aaeskhd,,,,,,,,,empty
ZTF24aatzgua,,,,,,,,,empty
ZTF20abxyaje,,,,,,,,,empty
ZTF18aawurud,0.6848757813927242,17.171199798583984,16.505300521850586,16.207799911499023,0.6658992767333984,0.2975006103515625,0.0,84.0,ok
ZTF22aaknhja,1.2428126020989514,20.6919002532959,19.816299438476562,19.133800506591797,0.8756008148193359,0.6824989318847656,0.0,69.0,ok
ZTF24ablnstl,0.6914042181490844,20.592300415039062,20.10849952697754,20.049299240112305,0.48380088806152344,0.059200286865234375,0.0,80.0,ok
ZTF20abeoicg,1.4927015644826611,,20.233200073242188,,,,,5.0,ok
ZTF18aceexmi,1.263230895258504,21.385299682617188,20.845500946044922,,0.5397987365722656,,,4.0,ok
ZTF21abjvtxq,,,,,,,,,empty
ZTF22aafjjuq,,,,,,,,,empty
ZTF23aaasblk,,,,,,,,,empty
ZTF25aaehohz,,,,,,,,,empty
ZTF20aazoqmh,,,,,,,,,empty
ZTF18aahjafd,0.09504645919499952,18.47909927368164,18.060800552368164,17.81100082397461,0.41829872131347656,0.2497997283935547,0.0,64.0,ok
ZTF21aaoiaar,0.5738080341664891,19.944700241088867,,18.450199127197266,,,0.0,3.0,ok
ZTF19acjwqvo,0.7588449427132825,19.511699676513672,18.679500579833984,18.502700805664062,0.8321990966796875,0.17679977416992188,0.0,72.0,ok
ZTF22aabwxnp,1.3776427233519737,,,,,,,2.0,ok
ZTF19aczmnqy,,,,,,,,,empty
ZTF22aajijjf,,,,,,,,,empty
ZTF22aakpvbx,,,,,,,,,empty
ZTF21abvbdyr,,,,,,,,,empty
ZTF19ackjmge,,,,,,,,,empty
ZTF22aaijrci,,,,,,,,,empty
ZTF22aafpbbu,,,,,,,,,empty
ZTF23abbbhak,,,,,,,,,empty
ZTF25abbzcps,,,,,,,,,empty
ZTF25acjnfef,,,,,,,,,empty
ZTF20achdwmq,1.062514277708637,19.93199920654297,19.876100540161133,19.272499084472656,0.05589866638183594,0.6036014556884766,0.0,77.0,ok
ZTF25absindv,,,,,,,,,empty
ZTF25abptfih,,,,,,,,,empty
ZTF21abzcplo,,,,,,,,,empty
ZTF19abyjhpz,,,,,,,,,empty
ZTF23aamamlv,1.0747883176794617,18.07659912109375,17.309799194335938,17.043899536132812,0.7667999267578125,0.265899658203125,0.0,72.0,ok
ZTF20acgzjje,,,,,,,,,empty
ZTF19acmywjc,,,,,,,,,empty
ZTF20abovoji,0.11509208798082636,,,,,,,2.0,ok
ZTF18acurfxn,,,,,,,,,empty
ZTF19acgfvvi,,,,,,,,,empty
ZTF18abyzksx,0.7459415684169863,,,21.53019905090332,,,0.0,2.0,ok
ZTF18acebefc,0.6413754190815756,19.595300674438477,19.437700271606445,19.480499267578125,0.15760040283203125,-0.04279899597167969,0.0,69.0,ok
ZTF21aarucpz,,,,,,,,,empty
ZTF25abkpyds,0.2972311081740333,18.520000457763672,17.839399337768555,17.425100326538086,0.6806011199951172,0.41429901123046875,0.0,108.0,ok
ZTF23aaixdcm,,,,,,,,,empty
ZTF20acqvwzm,,,,,,,,,empty
ZTF20aaetrle,1.183203004897438,19.891799926757812,19.90959930419922,18.811199188232422,-0.01779937744140625,1.0984001159667969,0.0,16.0,ok
ZTF19adcdgca,0.5102297081436464,17.9064998626709,17.298799514770508,16.956499099731445,0.6077003479003906,0.3423004150390625,0.0,81.0,ok
ZTF20acvevsn,,,,,,,,,empty
ZTF19acpfnth,,,,,,,,,empty
ZTF20abfcszi,0.15190318121948498,18.4591007232666,17.725400924682617,17.34160041809082,0.7336997985839844,0.3838005065917969,0.0,71.0,ok
ZTF25abhjxpt,0.5945734264811156,20.686399459838867,20.41010093688965,20.12529945373535,0.27629852294921875,0.2848014831542969,0.0,68.0,ok
ZTF22aaaoyme,0.2851993135226181,19.94610023498535,19.649799346923828,19.506799697875977,0.29630088806152344,0.14299964904785156,0.0,82.0,ok
ZTF22aambeqv,0.6392050414232775,22.087499618530273,,,,,,2.0,ok
ZTF21aapdxxs,,,,,,,,,empty
ZTF23aaxufrf,,,,,,,,,empty
ZTF22aaejjtb,,,,,,,,,empty
ZTF21abfxjkq,,,,,,,,,empty
ZTF19aazpvyr,,,,,,,,,empty
ZTF18acemhyb,1.4154468507003388,,,,,,,2.0,ok
ZTF24abluezl,,,,,,,,,empty
ZTF20aaesewy,,,,,,,,,empty
ZTF21aannoix,,,,,,,,,empty
ZTF21aclhsxb,1.4791452836410948,,,19.360599517822266,,,,2.0,ok
ZTF19abaukyt,0.5625659253515184,17.65920066833496,16.893600463867188,16.45439910888672,0.7656002044677734,0.43920135498046875,0.0,95.0,ok
ZTF19acvrjzd,,,,,,,,,empty
ZTF22aaujqll,,,,,,,,,empty
ZTF23aaeauii,,,,,,,,,empty
ZTF22aaaxkar,1.1738114265520512,17.365999221801758,16.582000732421875,15.926300048828125,0.7839984893798828,0.65570068359375,0.0,85.0,ok
ZTF19accczvs,,,,,,,,,empty
ZTF20acphdbu,,,,,,,,,empty
ZTF21abcimwb,,,,,,,,,empty
ZTF21abdiymf,0.23931873227045952,21.327899932861328,20.95870018005371,20.636999130249023,0.3691997528076172,0.3217010498046875,0.0,9.0,ok
ZTF21aalimya,,,,,,,,,empty
ZTF19acaiylt,0.2562973015312013,21.702800750732422,21.363300323486328,21.334299087524414,0.33950042724609375,0.029001235961914062,0.0,51.0,ok
ZTF24aazszfd,,,,,,,,,empty
ZTF19acjtmjp,0.8411073734304328,,22.06049919128418,21.431100845336914,,0.6293983459472656,1.0,12.0,ok
ZTF18aayjyub,,,,,,,,,empty
ZTF20acxpurh,1.4620002680041384,20.6830997467041,20.501399993896484,19.98579978942871,0.1816997528076172,0.5156002044677734,0.0,33.0,ok
ZTF25abecxkt,,,,,,,,,empty
ZTF23aaqdjhi,0.03730562016179241,18.15489959716797,17.851600646972656,17.654800415039062,0.3032989501953125,0.19680023193359375,0.0,57.0,ok
ZTF18abqyaix,1.3030476190601454,18.925800323486328,18.203500747680664,17.702699661254883,0.7222995758056641,0.5008010864257812,0.0,72.0,ok
ZTF24absbvbs,,,,,,,,,empty
ZTF20acwqlpq,,,,,,,,,empty
ZTF22aakyeps,0.5514140989443468,18.879100799560547,17.994699478149414,17.50309944152832,0.8844013214111328,0.49160003662109375,0.0,93.0,ok
ZTF19acmwkul,,,,,,,,,empty
ZTF20aawxpru,0.3880922019806258,20.141000747680664,,,,,,2.0,ok
ZTF18acqpqph,,,,,,,,,empty
ZTF19abidfsb,0.2588401055163585,19.97760009765625,19.475099563598633,18.88640022277832,0.5025005340576172,0.5886993408203125,0.0,35.0,ok
ZTF18abnuhuy,0.09712100162200164,18.192899703979492,17.563400268554688,16.82309913635254,0.6294994354248047,0.7403011322021484,0.0,50.0,ok
ZTF22aaahklt,0.48480134461039376,20.59040069580078,,,,,,3.0,ok
ZTF24aaistkr,0.39227591380992477,19.141799926757812,18.398799896240234,17.6072998046875,0.7430000305175781,0.7915000915527344,0.0,42.0,ok
ZTF23absddkf,,,,,,,,,empty
ZTF19aboxjlj,0.15564843504562953,21.48539924621582,,20.855899810791016,,,0.0,4.0,ok
ZTF24abiiepg,0.94321050864221,,18.06290054321289,18.073400497436523,,-0.010499954223632812,0.0,3.0,ok
ZTF25aafsvgy,,,,,,,,,empty
ZTF21acfcthx,,,,,,,,,empty
ZTF19aaknvlv,1.4884869544215098,18.149999618530273,17.44260025024414,16.956100463867188,0.7073993682861328,0.4864997863769531,0.0,87.0,ok
ZTF19aadgftj,,,,,,,,,empty
ZTF19aathllr,1.0609520780698563,,21.637500762939453,20.95639991760254,,0.6811008453369141,0.0,2.0,ok
ZTF22aaogyhz,,,,,,,,,empty
ZTF23abrynqp,0.627772588118121,21.55940055847168,21.258399963378906,21.047199249267578,0.30100059509277344,0.21120071411132812,0.0,39.0,ok
ZTF19ackjsys,,,,,,,,,empty
ZTF20abxxvzp,,,,,,,,,empty
ZTF20aasitrr,,,,,,,,,empty
ZTF22abhhxuv,0.24913883256990985,20.05739974975586,19.99850082397461,19.769500732421875,0.05889892578125,0.22900009155273438,0.0,67.0,ok
ZTF19acordoi,0.3865320491218746,18.776399612426758,18.082300186157227,17.771900177001953,0.6940994262695312,0.31040000915527344,0.0,90.0,ok
ZTF19aapcvdi,,,,,,,,,empty
ZTF22abfrbzi,,,,,,,,,empty
ZTF23abrrcgd,,,,,,,,,empty
ZTF22abqdmwt,,,,,,,,,empty
ZTF24abhexdw,,,,,,,,,empty
ZTF24abokdhw,,,,,,,,,empty
ZTF23abkphfu,,,,,,,,,empty
ZTF21aagqdvr,,,,,,,,,empty
ZTF24abvtjkg,1.2952678345330275,20.042600631713867,,,,,,5.0,ok
ZTF24abnsdfm,0.6453741448303405,22.2007999420166,21.318899154663086,21.724899291992188,0.8819007873535156,-0.40600013732910156,0.0,3.0,ok
ZTF20acpklpq,0.22787836244994603,18.45840072631836,17.761699676513672,17.38450050354004,0.6967010498046875,0.3771991729736328,0.0,73.0,ok
ZTF20abavxpk,,,,,,,,,empty
ZTF25aclcowb,0.19285253594980473,21.090200424194336,20.44029998779297,20.457500457763672,0.6499004364013672,-0.017200469970703125,0.0,30.0,ok
ZTF20aaurucm,0.3718766618036258,20.637100219726562,20.27120018005371,19.98200035095215,0.36590003967285156,0.2891998291015625,0.0,52.0,ok
ZTF22aawavtx,,,,,,,,,empty
ZTF18abwqbxc,0.02772268956389914,21.476600646972656,20.038000106811523,20.816299438476562,1.4386005401611328,-0.7782993316650391,1.0,14.0,ok
ZTF20abbihor,0.3021485143069067,19.31760025024414,18.875499725341797,18.25119972229004,0.44210052490234375,0.6243000030517578,0.0,48.0,ok
ZTF20aaghlkv,,,,,,,,,empty
ZTF25abuvvga,,,,,,,,,empty
ZTF20abipuee,1.3626740604425034,18.114700317382812,17.396900177001953,17.00670051574707,0.7178001403808594,0.3901996612548828,0.0,77.0,ok
ZTF23aalwuua,,,,,,,,,empty
ZTF19acxmpnz,,,,,,,,,empty
ZTF19abqyoxh,,,,,,,,,empty
ZTF22aayjsro,,,,,,,,,empty
ZTF25aaqondx,,,,,,,,,empty
ZTF21aaxuywf,,,,,,,,,empty
ZTF19aaupkev,1.2394292306776258,21.680200576782227,21.245399475097656,21.06800079345703,0.4348011016845703,0.177398681640625,0.0,24.0,ok
ZTF18aajiwdu,0.8606706930827578,18.696199417114258,18.88920021057129,18.629899978637695,-0.19300079345703125,0.25930023193359375,0.0,103.0,ok
ZTF19aavlfvn,1.266810979205904,18.82379913330078,18.182100296020508,17.684499740600586,0.6416988372802734,0.4976005554199219,0.0,71.0,ok
ZTF18acauwik,0.1520600416553251,17.349199295043945,17.212900161743164,16.38409996032715,0.13629913330078125,0.8288002014160156,0.0,59.0,ok
ZTF20abeezqx,1.2411555089879878,20.859600067138672,20.69059944152832,20.767900466918945,0.16900062561035156,-0.077301025390625,0.0,12.0,ok
ZTF20abefbiq,,,,,,,,,empty
ZTF19aaleptm,,,,,,,,,empty
ZTF22aanvuvq,,,,,,,,,empty
ZTF21aawtewf,,,,,,,,,empty
ZTF20aaqtlwo,0.7274099267999459,19.242300033569336,19.229700088500977,18.828500747680664,0.012599945068359375,0.4011993408203125,0.0,76.0,ok
ZTF21aatdzmt,1.0222004661269135,19.55739974975586,19.200599670410156,18.93079948425293,0.3568000793457031,0.26980018615722656,0.0,78.0,ok
ZTF18aalcxig,,,,,,,,,empty
ZTF20abejvpr,,,,,,,,,empty
ZTF21acafqtj,,,,,,,,,empty
ZTF20aafzcab,,,,,,,,,empty
ZTF20acnezne,,,,,,,,,empty
ZTF22aaajima,,,,,,,,,empty
ZTF18abojpnr,1.1841817693140035,19.892200469970703,20.039899826049805,19.824800491333008,-0.14769935607910156,0.21509933471679688,0.0,11.0,ok
ZTF20aadccda,0.2561286126347647,21.342599868774414,21.06279945373535,21.000200271606445,0.2798004150390625,0.06259918212890625,0.0,47.0,ok
ZTF18adbacqi,0.12995005930312944,16.614299774169922,15.811100006103516,15.943499565124512,0.8031997680664062,-0.1323995590209961,0.0,71.0,ok
ZTF25aahxijy,,,,,,,,,empty
ZTF20aavgmli,,,,,,,,,empty
ZTF19aacjbsj,,,,,,,,,empty
ZTF25abqfrkp,0.5258855881149226,21.739999771118164,21.741899490356445,21.417200088500977,-0.00189971923828125,0.32469940185546875,0.0,31.0,ok
ZTF24aaocmqx,,,,,,,,,empty
ZTF19aamqebl,,,,,,,,,empty
ZTF22aaahghb,,,,,,,,,empty
ZTF24abxvoop,0.5353313110862947,19.545900344848633,19.012699127197266,18.593299865722656,0.5332012176513672,0.4193992614746094,0.0,78.0,ok
ZTF19abfvnns,1.0847514594911907,21.991300582885742,21.89419937133789,21.579299926757812,0.09710121154785156,0.3148994445800781,0.0,20.0,ok
ZTF18acnbenl,,,,,,,,,empty
ZTF20abeyqmx,,,,,,,,,empty
ZTF19acgcdas,,,,,,,,,empty
ZTF20aauwhyi,1.3875781543111814,,,20.100799560546875,,,,2.0,ok
ZTF18aaojsvk,0.21868522486982706,15.920900344848633,15.781999588012695,15.442999839782715,0.1389007568359375,0.33899974822998047,0.0,76.0,ok
ZTF18aahtkze,0.21029412393544503,17.41320037841797,16.828800201416016,16.52720069885254,0.5844001770019531,0.30159950256347656,0.0,82.0,ok
ZTF23abcsrwv,1.2201525612861297,12.409000396728516,12.670000076293945,12.89900016784668,-0.2609996795654297,-0.22900009155273438,,75.0,ok
ZTF24abwmzop,,,,,,,,,empty
ZTF22aadghdv,,,,,,,,,empty
ZTF22aaycdbt,0.6945678840088805,21.455900192260742,21.150800704956055,20.951400756835938,0.3050994873046875,0.1993999481201172,0.0,63.0,ok
ZTF24aavyicb,0.9837095528163465,20.012399673461914,19.634700775146484,19.52669906616211,0.3776988983154297,0.108001708984375,0.0,76.0,ok
ZTF19abhztqq,0.6836589992597127,22.18600082397461,21.905500411987305,,0.2805004119873047,,,5.0,ok
ZTF23aanptmz,,,,,,,,,empty
ZTF24abljmgf,,,,,,,,,empty
ZTF18aarkwgc,1.468025816192532,17.56399917602539,16.50040054321289,16.13010025024414,1.0635986328125,0.37030029296875,0.0,59.0,ok
ZTF19abwscog,0.8580424509072475,17.945499420166016,17.432899475097656,16.903400421142578,0.5125999450683594,0.5294990539550781,0.0,60.0,ok
ZTF20abccixp,,,,,,,,,empty
ZTF22abtdoxf,,,,,,,,,empty
ZTF24abuhlzm,0.13027713867631677,21.943099975585938,21.257299423217773,,0.6858005523681641,,,2.0,ok
ZTF20aavrukn,,,,,,,,,empty
ZTF24aaskhrq,,,,,,,,,empty
ZTF21abukrln,,,,,,,,,empty
ZTF19aamkmxv,1.2379337098298215,17.153600692749023,16.62070083618164,16.460399627685547,0.5328998565673828,0.16030120849609375,0.0,77.0,ok
ZTF23aaglprc,1.0049018393661973,20.82200050354004,,21.07080078125,,,,2.0,ok
ZTF22aacdlkc,0.22705409522931722,,,,,,,3.0,ok
ZTF21acqdedy,,,,,,,,,empty
ZTF25aacawpa,1.282588535318623,,16.773000717163086,,,,,2.0,ok
ZTF20acpkqhq,0.648940341408247,20.983400344848633,21.60099983215332,,-0.6175994873046875,,,2.0,ok
ZTF18abimsyv,,,,,,,,,empty
ZTF24abrpqhh,,,,,,,,,empty
ZTF22abmtwml,,,,,,,,,empty
ZTF23abshiqq,0.2870287316900756,20.446800231933594,20.187700271606445,20.47249984741211,0.25909996032714844,-0.28479957580566406,0.0,57.0,ok
ZTF21abbkwhn,0.29514131728551446,22.06570053100586,,21.722700119018555,,,1.0,8.0,ok
ZTF19aaycomi,,,,,,,,,empty
ZTF22aamfvrs,,,,,,,,,empty
ZTF22abfjlue,0.2525707308190713,17.529499053955078,16.607799530029297,16.40530014038086,0.9216995239257812,0.2024993896484375,0.0,74.0,ok
ZTF24abglarx,1.1754631913671847,19.146799087524414,18.773000717163086,18.705299377441406,0.3737983703613281,0.06770133972167969,0.0,19.0,ok
ZTF21aafkwtk,,,,,,,,,empty
ZTF21abfmuun,,,,,,,,,empty
ZTF21aciqyqo,0.032056348859840066,21.16939926147461,20.816600799560547,21.003400802612305,0.3527984619140625,-0.1868000030517578,1.0,36.0,ok
ZTF21acguaen,0.3710331622809586,20.702199935913086,,20.996700286865234,,,0.0,3.0,ok
ZTF19ackjszs,,,,,,,,,empty
ZTF21abcgufz,,,,,,,,,empty
ZTF20abeljuj,,,,,,,,,empty
ZTF20acnznol,,,,,,,,,empty
ZTF19abqrrto,1.457578953074587,,,17.73259925842285,,,0.0,2.0,ok
ZTF21aanzcuj,0.9339715798832208,21.130300521850586,20.593000411987305,,0.5373001098632812,,,5.0,ok
ZTF19aamkdtq,0.7152570242210341,,19.78529930114746,18.766700744628906,,1.0185985565185547,,4.0,ok
ZTF20abjxrhg,,,,,,,,,empty
ZTF19acitnck,,,,,,,,,empty
ZTF23aahngej,,,,,,,,,empty
ZTF20acrerzb,,,,,,,,,empty
ZTF19achtifr,1.4260359821136164,18.636999130249023,18.05190086364746,17.720800399780273,0.5850982666015625,0.3311004638671875,0.0,74.0,ok
ZTF23abnpddd,,,,,,,,,empty
ZTF22abevczq,,,,,,,,,empty
ZTF18aaqkqxi,0.08671451419330949,19.414899826049805,18.594499588012695,18.134599685668945,0.8204002380371094,0.45989990234375,0.0,87.0,ok
ZTF20abucjsa,0.7791523888055164,19.084999084472656,18.21540069580078,17.947900772094727,0.869598388671875,0.2674999237060547,0.0,72.0,ok
ZTF19aclhpiz,0.2880732967021352,17.314699172973633,16.49410057067871,15.885299682617188,0.8205986022949219,0.6088008880615234,0.0,54.0,ok
ZTF23abnpjlt,1.114933398970515,,,21.1835994720459,,,0.0,2.0,ok
ZTF21acirmcv,0.5142008156628266,21.74799919128418,21.851200103759766,21.572799682617188,-0.10320091247558594,0.2784004211425781,0.0,40.0,ok
ZTF23aainpnc,1.031572575492507,,,,,,,2.0,ok
ZTF20acioiem,,,,,,,,,empty
ZTF20aavtfxl,,,,,,,,,empty
ZTF21aaqldsk,,,,,,,,,empty
ZTF20abyfmjr,0.7947033248488702,19.15290069580078,18.786100387573242,18.326000213623047,0.36680030822753906,0.4601001739501953,0.0,71.0,ok
ZTF23abascqa,,,,,,,,,empty
ZTF23aawgkqa,1.4759364996356754,21.49799919128418,21.010000228881836,21.31450080871582,0.48799896240234375,-0.3045005798339844,0.0,16.0,ok
ZTF19aawhzsh,1.2576977438305046,18.971799850463867,18.786500930786133,18.93600082397461,0.18529891967773438,-0.14949989318847656,0.0,52.0,ok
ZTF20abxyfye,,,,,,,,,empty
ZTF24abepnpq,,,,,,,,,empty
ZTF24aaormag,,,,,,,,,empty
ZTF22abjafpr,,,,,,,,,empty
ZTF18adbikdz,,,,,,,,,empty
ZTF21aaqvhgk,,,,,,,,,empty
ZTF20acufmte,0.7014010231678708,21.200300216674805,21.0939998626709,21.322399139404297,0.10630035400390625,-0.22839927673339844,1.0,6.0,ok
ZTF20acgdycd,0.7804774298145665,18.945899963378906,,,,,,2.0,ok
ZTF25aabqdqc,0.8989003737769351,20.192899703979492,20.055099487304688,19.7810001373291,0.1378002166748047,0.27409934997558594,0.0,43.0,ok
ZTF24aadxdqn,,,,,,,,,empty
ZTF18aaxqyki,,,,,,,,,empty
ZTF22aaolzrj,,,,,,,,,empty
ZTF19ackjrru,,,,,,,,,empty
ZTF24aalcflg,,,,,,,,,empty
ZTF23abeuope,1.372451559682115,19.388999938964844,18.463300704956055,17.981599807739258,0.9256992340087891,0.4817008972167969,0.0,72.0,ok
ZTF20aafxftu,,,,,,,,,empty
ZTF18abqyvzy,0.8682366993743788,18.28230094909668,18.70479965209961,18.52899932861328,-0.4224987030029297,0.17580032348632812,0.0,20.0,ok
ZTF24aagkuss,,,,,,,,,empty
ZTF21aapkhsc,0.6838235334350947,21.05820083618164,20.912200927734375,20.94969940185547,0.14599990844726562,-0.03749847412109375,0.0,62.0,ok
ZTF23aafumlg,,,,,,,,,empty
ZTF18abtmeds,0.20943402534520217,17.417400360107422,16.99449920654297,16.478099822998047,0.4229011535644531,0.5163993835449219,0.0,63.0,ok
ZTF22aakqruk,0.781896641046809,18.48940086364746,17.611499786376953,17.05699920654297,0.8779010772705078,0.5545005798339844,0.0,71.0,ok
ZTF24aaaefgv,0.13032436964853644,,21.712400436401367,21.33300018310547,,0.37940025329589844,0.0,4.0,ok
ZTF22aaoqlos,,,,,,,,,empty
ZTF24aajvmgm,1.239836846401655,19.554399490356445,19.250699996948242,18.69700050354004,0.3036994934082031,0.5536994934082031,0.0,77.0,ok
ZTF21aagyxhz,,,,,,,,,empty
ZTF18abdkkwa,,,,,,,,,empty
ZTF22aboloxt,0.15458847448282914,21.897199630737305,21.98740005493164,22.08880043029785,-0.09020042419433594,-0.10140037536621094,0.0,10.0,ok
ZTF22aayprcr,,,,,,,,,empty
ZTF20acpjapi,,,,,,,,,empty
ZTF20aahzyep,0.46633716237679207,,22.05109977722168,21.74959945678711,,0.3015003204345703,,6.0,ok
ZTF24aaekkjv,0.8716136909769504,,21.50819969177246,,,,,2.0,ok
ZTF18acbzitw,0.11456720807893615,21.91900062561035,21.598600387573242,18.464799880981445,0.3204002380371094,3.133800506591797,1.0,19.0,ok
ZTF18aawxahl,1.0147189901160956,18.058300018310547,17.419099807739258,17.36840057373047,0.6392002105712891,0.05069923400878906,0.0,59.0,ok
ZTF19acbihyi,0.905480287060272,,,19.035600662231445,,,,2.0,ok
ZTF24abdhylt,,,,,,,,,empty
ZTF19aatzlmw,,,,,,,,,empty
ZTF22aaafnry,1.2063891629717196,18.17569923400879,17.458099365234375,17.09269905090332,0.7175998687744141,0.3654003143310547,0.0,66.0,ok
ZTF18accjecm,0.3261908127051208,19.26180076599121,18.558000564575195,18.328500747680664,0.7038002014160156,0.22949981689453125,0.0,83.0,ok
ZTF21abcgxwy,,,,,,,,,empty
ZTF23abiwnpj,1.475843835731151,19.02429962158203,18.63129997253418,18.34469985961914,0.39299964904785156,0.28660011291503906,0.0,37.0,ok
ZTF25abibtdm,,,,,,,,,empty
ZTF23abjqxbe,,,,,,,,,empty
ZTF18abilofa,,,,,,,,,empty
ZTF24abqkkqz,0.7053911298278588,19.525299072265625,19.03569984436035,18.813100814819336,0.48959922790527344,0.22259902954101562,0.0,58.0,ok
ZTF19acfejbj,,,,,,,,,empty
ZTF21abaakwd,,,,,,,,,empty
ZTF19adbnlki,,,,,,,,,empty
ZTF24aaydpre,,,,,,,,,empty
ZTF18aczdetm,,,,,,,,,empty
ZTF24aaxnrue,1.0908217015313908,17.522899627685547,16.79960060119629,16.464399337768555,0.7232990264892578,0.3352012634277344,0.0,36.0,ok
ZTF20acedqis,,,,,,,,,empty
ZTF22aaaihgr,0.207657840204988,19.815799713134766,19.086299896240234,18.640600204467773,0.7294998168945312,0.44569969177246094,0.0,66.0,ok
ZTF22abfvjeg,,,,,,,,,empty
ZTF18aauvnhh,0.8824838574129095,19.331100463867188,18.62619972229004,18.97640037536621,0.7049007415771484,-0.3502006530761719,0.0,71.0,ok
ZTF23abetodb,,,,,,,,,empty
ZTF23abodvms,,,,,,,,,empty
ZTF19acazbqm,0.9919946257378037,18.504499435424805,17.943199157714844,17.7096004486084,0.5613002777099609,0.2335987091064453,0.0,64.0,ok
ZTF22aazjgoi,0.17474154284743382,20.23349952697754,19.418800354003906,19.119300842285156,0.8146991729736328,0.29949951171875,0.0,66.0,ok
ZTF22abhsrll,,,,,,,,,empty
ZTF23aanexof,0.8196882054434514,21.267499923706055,20.37380027770996,,0.8936996459960938,,,3.0,ok
ZTF18aarlukc,0.10493835807107171,18.54960060119629,17.779600143432617,17.457799911499023,0.7700004577636719,0.32180023193359375,0.0,70.0,ok
ZTF20aczacag,,,,,,,,,empty
ZTF25aaprgxk,,,,,,,,,empty
ZTF20acoplqe,,,,,,,,,empty
ZTF20abxyiqi,0.2612906411867116,18.883499145507812,18.569700241088867,18.26099967956543,0.3137989044189453,0.3087005615234375,0.0,86.0,ok
ZTF19aakpcuw,,,,,,,,,empty
ZTF18aakitiq,0.8282860688043161,17.54159927368164,16.89419937133789,16.788400650024414,0.64739990234375,0.10579872131347656,0.0,75.0,ok
ZTF24abtdiyv,0.276780488629116,18.979999542236328,18.44029998779297,18.150699615478516,0.5396995544433594,0.2896003723144531,0.0,68.0,ok
ZTF18abokpvh,0.8772121479255708,17.234699249267578,,,,,,2.0,ok
ZTF22abvebdc,,,,,,,,,empty
ZTF21aaqldsj,1.4437378095979434,,,19.778400421142578,,,,2.0,ok
ZTF18aajswer,0.0845558313634133,17.652700424194336,17.398799896240234,16.775100708007812,0.25390052795410156,0.6236991882324219,0.0,104.0,ok
ZTF22aatlhve,0.41168555740562107,18.3523006439209,17.763700485229492,17.213899612426758,0.5886001586914062,0.5498008728027344,0.0,66.0,ok
ZTF19aailpwl,0.05783409728907082,19.84779930114746,19.27589988708496,19.117000579833984,0.5718994140625,0.15889930725097656,0.0,67.0,ok
ZTF18aawlfnj,0.29393130043936416,18.260299682617188,17.572500228881836,17.091899871826172,0.6877994537353516,0.48060035705566406,0.0,99.0,ok
ZTF21abdmevk,0.23705602333700276,18.36680030822754,18.261899948120117,17.999500274658203,0.10490036010742188,0.26239967346191406,0.0,79.0,ok
ZTF18aaytovs,1.4842328158825084,18.512500762939453,17.53529930114746,16.789400100708008,0.9772014617919922,0.7458992004394531,0.0,78.0,ok
ZTF25acinfar,,,,,,,,,empty
ZTF24aaorlki,,,,,,,,,empty
ZTF24aahpcfe,,,,,,,,,empty
ZTF20acwkvgj,0.5747837112069047,18.798599243164062,18.12969970703125,17.581499099731445,0.6688995361328125,0.5482006072998047,0.0,69.0,ok
ZTF24aamilir,1.2050390108192646,18.533000946044922,17.876399993896484,17.31909942626953,0.6566009521484375,0.5573005676269531,0.0,48.0,ok
ZTF20aawgrcu,1.2278559811364242,19.670700073242188,19.359600067138672,19.043399810791016,0.3111000061035156,0.31620025634765625,0.0,66.0,ok
ZTF21aaateuz,1.007323849711525,21.83639907836914,21.3705997467041,20.604400634765625,0.46579933166503906,0.7661991119384766,0.0,10.0,ok
ZTF22aaptyed,0.28500522435413383,,,19.82379913330078,,,,3.0,ok
ZTF19aaknvuh,0.15848300963509324,20.042800903320312,19.41699981689453,19.589599609375,0.6258010864257812,-0.17259979248046875,0.0,13.0,ok
ZTF21acipdhn,0.33794239177329977,19.307899475097656,18.641199111938477,18.13800048828125,0.6667003631591797,0.5031986236572266,0.0,67.0,ok
ZTF20aabqiav,0.5162385640458118,,20.31679916381836,20.952199935913086,,-0.6354007720947266,0.0,5.0,ok
ZTF24abqpbas,1.0553013573885512,,19.242300033569336,,,,,2.0,ok
ZTF24aadnhsl,,,,,,,,,empty
ZTF25ablhwja,,,,,,,,,empty
ZTF23aacdkme,,,,,,,,,empty
ZTF19aafcgif,0.20896160945675651,17.2637996673584,16.58370018005371,16.051700592041016,0.6800994873046875,0.5319995880126953,0.0,55.0,ok
ZTF23aaeaptm,,,,,,,,,empty
ZTF22aatnyuo,,,,,,,,,empty
ZTF18acapyww,0.15715046338271108,21.14620018005371,20.768299102783203,20.616500854492188,0.3779010772705078,0.15179824829101562,1.0,80.0,ok
ZTF21abyslhz,0.23553344078790467,19.34429931640625,18.896400451660156,18.64739990234375,0.44789886474609375,0.24900054931640625,0.0,112.0,ok
ZTF18abxcues,0.17264768537438555,21.3518009185791,21.068300247192383,20.62820053100586,0.28350067138671875,0.44009971618652344,0.0,36.0,ok
ZTF24aaouput,0.4043632718163037,21.843799591064453,21.42930030822754,21.230100631713867,0.41449928283691406,0.19919967651367188,0.0,39.0,ok
ZTF18abvvmdf,,,,,,,,,empty
ZTF23aakawpn,,,,,,,,,empty
ZTF22aagtxzo,1.3663813267779135,,19.873899459838867,19.375099182128906,,0.49880027770996094,0.0,2.0,ok
ZTF25acddazz,,,,,,,,,empty
ZTF25aaqwcvn,,,,,,,,,empty
ZTF22aaafdwm,0.8125955631733637,19.20639991760254,18.401599884033203,17.277700424194336,0.8048000335693359,1.1238994598388672,0.0,69.0,ok
ZTF19abhdlxp,0.7642311956100531,19.437299728393555,18.611400604248047,18.955299377441406,0.8258991241455078,-0.3438987731933594,0.0,68.0,ok
ZTF23abrzrcq,,,,,,,,,empty
ZTF21aatwkkg,,,,,,,,,empty
ZTF22abafcrf,,,,,,,,,empty
ZTF22abfweew,,,,,,,,,empty
ZTF24abnshco,0.771026815807015,20.43429946899414,20.223800659179688,19.72640037536621,0.21049880981445312,0.49740028381347656,0.0,70.0,ok
ZTF18abucvbf,1.2230851227432171,19.97260093688965,19.385799407958984,19.029199600219727,0.5868015289306641,0.3565998077392578,0.0,89.0,ok
ZTF25abmhxft,0.9413864024304938,19.263999938964844,18.42099952697754,18.12339973449707,0.8430004119873047,0.29759979248046875,0.0,88.0,ok
ZTF20acjfimy,,,,,,,,,empty
ZTF24abxvcyp,,,,,,,,,empty
ZTF23aaelqpq,0.9189974375087946,20.780899047851562,19.91309928894043,,0.8677997589111328,,,3.0,ok
ZTF22aaygscd,0.6704316608298592,20.637300491333008,20.402700424194336,20.338699340820312,0.23460006713867188,0.06400108337402344,0.0,60.0,ok
ZTF22abbkhja,,,,,,,,,empty
ZTF18aahjdnz,0.10557976489275815,17.38920021057129,17.061500549316406,16.692899703979492,0.3276996612548828,0.36860084533691406,0.0,68.0,ok
ZTF20aadzfzy,0.1964487765641235,,19.849899291992188,18.0575008392334,,1.792398452758789,1.0,4.0,ok
ZTF19acawqlu,,,,,,,,,empty
ZTF24abltheg,0.44866301669676706,,,19.666200637817383,,,,2.0,ok
ZTF25aaytfvv,1.1830521950339763,18.787099838256836,18.201000213623047,18.311500549316406,0.5860996246337891,-0.11050033569335938,0.0,59.0,ok
ZTF21abjwvzu,,,,,,,,,empty
ZTF21aceqhth,,,,,,,,,empty
ZTF19aasekcx,,,,,,,,,empty
ZTF18acvbpcv,0.10336110785970005,,,,,,,2.0,ok
ZTF25aairhqk,,,,,,,,,empty
ZTF25aaaoxjm,0.9254838540460155,21.81130027770996,21.282100677490234,21.391300201416016,0.5291996002197266,-0.10919952392578125,0.0,27.0,ok
ZTF21abouuat,,,,,,,,,empty
ZTF21aagvmtk,,,,,,,,,empty
ZTF21aaydxoo,,,,,,,,,empty
ZTF22aahaufu,,,,,,,,,empty
ZTF20aahirkk,1.4995784560471834,19.174100875854492,18.88450050354004,18.747800827026367,0.2896003723144531,0.13669967651367188,0.0,82.0,ok
ZTF20acikzzn,,,,,,,,,empty
ZTF20abzoaas,0.12347860994107135,19.143999099731445,18.547100067138672,18.532100677490234,0.5968990325927734,0.0149993896484375,0.0,55.0,ok
ZTF24aaacpsp,,,,,,,,,empty
ZTF18aaqduja,0.05613115613226963,16.206100463867188,16.099199295043945,15.471400260925293,0.10690116882324219,0.6277990341186523,0.0,55.0,ok
ZTF22aaoolfh,,,,,,,,,empty
ZTF25abixhdc,,,,,,,,,empty
ZTF19aanxnkd,1.2536786981946941,18.602100372314453,18.033700942993164,17.47439956665039,0.5683994293212891,0.5593013763427734,0.0,75.0,ok
ZTF21ackonrq,0.5755950057933673,,,22.037700653076172,,,0.0,2.0,ok
ZTF20abmmkyv,,,,,,,,,empty
ZTF23aakaqht,0.9688869668708607,18.609399795532227,18.307899475097656,18.11389923095703,0.3015003204345703,0.194000244140625,0.0,99.0,ok
ZTF20acwncbd,0.6949683348338218,19.854999542236328,19.756500244140625,19.305500030517578,0.09849929809570312,0.4510002136230469,0.0,51.0,ok
ZTF25aalpzgd,1.1977816484395338,20.657800674438477,20.256099700927734,20.433799743652344,0.4017009735107422,-0.17770004272460938,0.0,49.0,ok
ZTF19acwqvvn,0.6425883543994239,17.49920082092285,16.88949966430664,16.642099380493164,0.6097011566162109,0.24740028381347656,0.0,69.0,ok
ZTF25aadkeon,,,,,,,,,empty
ZTF19aapfktd,0.45839226052004767,21.364200592041016,20.727699279785156,20.422800064086914,0.6365013122558594,0.3048992156982422,0.0,54.0,ok
ZTF21abxzzys,0.4601524816612753,,,,,,,2.0,ok
ZTF23aamzcfe,1.062127357148401,,20.550100326538086,19.813499450683594,,0.7366008758544922,0.0,2.0,ok
ZTF22aavbezc,0.11501498874546728,18.831899642944336,18.085800170898438,17.750999450683594,0.7460994720458984,0.33480072021484375,0.0,79.0,ok
ZTF19abpnrrf,,,,,,,,,empty
ZTF22abstdmf,1.4251179731066714,,,17.724599838256836,,,0.0,2.0,ok
ZTF22aadqkuv,0.9498077789002868,21.695899963378906,21.49209976196289,21.1737003326416,0.20380020141601562,0.31839942932128906,0.0,8.0,ok
ZTF21aalkltz,0.8004545557418529,21.146900177001953,20.98740005493164,,0.1595001220703125,,,3.0,ok
ZTF24aaeopqq,,,,,,,,,empty
ZTF24abkcder,0.9837719473472745,,,20.82509994506836,,,,2.0,ok
ZTF19acxzafe,1.0751156731514575,19.699199676513672,,,,,,3.0,ok
ZTF21acdtosh,,,,,,,,,empty
ZTF22abmiuan,1.1029080968284417,,,,,,,2.0,ok
ZTF19abcejrr,1.0168118403753028,18.027099609375,18.086299896240234,17.81089973449707,-0.059200286865234375,0.27540016174316406,0.0,49.0,ok
ZTF22abvcnnl,,,,,,,,,empty
ZTF20abaunmw,,,,,,,,,empty
ZTF19aaurhox,0.8309320202455124,22.1382999420166,21.685300827026367,21.2012996673584,0.4529991149902344,0.48400115966796875,0.0,8.0,ok
ZTF21aaheulr,0.3697849687465933,19.76959991455078,,,,,,3.0,ok
ZTF22aapjrvz,,,,,,,,,empty
ZTF24abmntgy,,,,,,,,,empty
ZTF24aaeanrr,0.8002706791721936,,,19.168699264526367,,,0.0,4.0,ok
ZTF19aadnxcw,,,,,,,,,empty
ZTF22abizgac,0.2697253244845188,19.931800842285156,19.759300231933594,19.453500747680664,0.1725006103515625,0.3057994842529297,0.0,77.0,ok
ZTF21abxlmuw,0.9149450883037457,20.68320083618164,20.6382999420166,20.43239974975586,0.04490089416503906,0.2059001922607422,0.0,51.0,ok
ZTF25acfxytw,,,,,,,,,empty
ZTF25acfhaoj,0.1863921061211352,20.856399536132812,20.4906005859375,20.231599807739258,0.3657989501953125,0.2590007781982422,0.0,59.0,ok
ZTF24aatlqae,0.7251003374318897,17.795900344848633,17.179000854492188,16.525299072265625,0.6168994903564453,0.6537017822265625,0.0,94.0,ok
ZTF23aabzrgo,0.5031099615183106,17.173500061035156,16.747499465942383,16.17289924621582,0.42600059509277344,0.5746002197265625,0.0,67.0,ok
ZTF23aaaziou,,,,,,,,,empty
ZTF25aanbdft,,,,,,,,,empty
ZTF19adcbpcj,1.237943720181678,,,,,,,2.0,ok
ZTF19adaylqy,,,,,,,,,empty
ZTF22aajlsrh,,,,,,,,,empty
ZTF21aaaovua,,,,,,,,,empty
ZTF25aapnvqx,,,,,,,,,empty
ZTF25abghnwv,,,,,,,,,empty
ZTF24aapeorz,,,,,,,,,empty
ZTF19acruqph,,,,,,,,,empty
ZTF20aclkcuu,,,,,,,,,empty
ZTF20aabqiiy,0.7781987880934244,,21.23740005493164,,,,,2.0,ok
ZTF25acgeyus,,,,,,,,,empty
ZTF21abjvwdj,,,,,,,,,empty
ZTF24aaqugzv,0.4243867759139052,21.296899795532227,21.7893009185791,21.85409927368164,-0.492401123046875,-0.06479835510253906,0.0,7.0,ok
ZTF23aawbwbu,,,,,,,,,empty
ZTF18aaviawx,,,,,,,,,empty
ZTF19aaacdto,0.24161222489653972,16.181299209594727,13.194000244140625,12.993000030517578,2.9872989654541016,0.20100021362304688,,69.0,ok
ZTF19acchjle,,,,,,,,,empty
ZTF20aawadcp,,,,,,,,,empty
ZTF24aahszxf,,,,,,,,,empty
ZTF21aatnpnl,0.12011287526902285,21.65850067138672,,18.404300689697266,,,0.0,4.0,ok
ZTF22abuhfdv,,,,,,,,,empty
ZTF18abshmro,0.5563820399524781,,,18.73539924621582,,,0.0,3.0,ok
ZTF20acqqdkl,,,,,,,,,empty
ZTF20abdxouw,,,,,,,,,empty
ZTF24aanppvy,0.9720794115506107,19.7947998046875,19.708900451660156,18.721200942993164,0.08589935302734375,0.9876995086669922,0.0,54.0,ok
ZTF20achncvv,,,,,,,,,empty
ZTF19abpavsn,0.6387081919285166,21.68560028076172,21.949800491333008,21.34309959411621,-0.26420021057128906,0.6067008972167969,0.0,17.0,ok
ZTF21acfajbc,,,,,,,,,empty
ZTF22abtsypf,,,,,,,,,empty
ZTF20abzcefc,,,,,,,,,empty
ZTF24aaktjyo,0.8892364297403277,20.397199630737305,,19.701900482177734,,,0.0,3.0,ok
ZTF21abmjivk,,,,,,,,,empty
ZTF18ablwtkf,1.314856015079213,,,20.785200119018555,,,,3.0,ok
ZTF26aaaadal,,,,,,,,,empty
ZTF22abyjttn,,,,,,,,,empty
ZTF23abhublj,,,,,,,,,empty
ZTF23abvyqwv,,,,,,,,,empty
ZTF24abrzgil,,,,,,,,,empty
ZTF25aatdgae,,,,,,,,,empty
ZTF25abwlkls,0.6647319733295726,20.67259979248047,20.44729995727539,20.173900604248047,0.22529983520507812,0.27339935302734375,0.0,95.0,ok
ZTF20achbkud,1.1703145471117529,19.531700134277344,18.631799697875977,18.766799926757812,0.8999004364013672,-0.13500022888183594,0.0,67.0,ok
ZTF18acdyypo,0.4032787644671919,16.844499588012695,16.084400177001953,16.050199508666992,0.7600994110107422,0.03420066833496094,0.0,60.0,ok
ZTF23aaynwdt,,,,,,,,,empty
ZTF19acmxidf,,,,,,,,,empty
ZTF18abktphg,0.2794869446211154,19.25779914855957,,,,,,2.0,ok
ZTF22aadkowq,,,,,,,,,empty
ZTF19abymvpq,0.20448263290634902,21.21109962463379,20.780000686645508,20.764400482177734,0.43109893798828125,0.015600204467773438,0.0,8.0,ok
ZTF18ablwvcy,0.1173573000457402,21.67140007019043,21.72130012512207,19.610599517822266,-0.049900054931640625,2.1107006072998047,1.0,21.0,ok
ZTF23aacrvqj,0.9391367112041589,,20.9419002532959,,,,,3.0,ok
ZTF22aacilhr,1.0191042582138035,,,18.647600173950195,,,0.0,2.0,ok
ZTF24ablzmbm,,,,,,,,,empty
ZTF23aaakoaa,,,,,,,,,empty
ZTF21aazcune,,,,,,,,,empty
ZTF20aapcmur,,,,,,,,,empty
ZTF23abcvqkd,,,,,,,,,empty
ZTF19abxvtmn,,,,,,,,,empty
ZTF24abiesnr,,,,,,,,,empty
ZTF21aaeoqxf,,,,,,,,,empty
ZTF21aahnkut,0.5791811275334157,18.74970054626465,18.464099884033203,18.30030059814453,0.2856006622314453,0.16379928588867188,0.0,77.0,ok
ZTF19aawudku,,,,,,,,,empty
ZTF23aagkgnz,,,,,,,,,empty
ZTF23abjazdg,,,,,,,,,empty
ZTF18adaimlf,0.5595098155852799,20.31220054626465,19.875999450683594,19.22170066833496,0.4362010955810547,0.6542987823486328,0.0,70.0,ok
ZTF20acaczen,,,,,,,,,empty
ZTF24aavhdqy,,,,,,,,,empty
ZTF20aatulug,,,,,,,,,empty
ZTF20aaullwz,0.826168905860727,18.84079933166504,18.530500411987305,18.477500915527344,0.3102989196777344,0.05299949645996094,0.0,56.0,ok
ZTF19aazdsgo,,,,,,,,,empty
ZTF21aaxstsv,0.3516400513383029,18.525400161743164,18.122699737548828,17.640600204467773,0.40270042419433594,0.4820995330810547,0.0,73.0,ok
ZTF24abmqdcc,0.2955922758560739,,,21.642499923706055,,,0.0,2.0,ok
ZTF20abjlaim,,,,,,,,,empty
ZTF18achszwx,0.12252338958032465,17.211999893188477,16.64430046081543,16.891599655151367,0.5676994323730469,-0.2472991943359375,0.0,80.0,ok
ZTF25aalocpf,,,,,,,,,empty
ZTF20abqetet,,,,,,,,,empty
ZTF25abmxakq,0.9122094503758322,,,,,,,2.0,ok
ZTF23abbccir,,,,,,,,,empty
ZTF20ackhzba,0.07060548708723628,18.962900161743164,18.560400009155273,18.160499572753906,0.4025001525878906,0.3999004364013672,0.0,82.0,ok
ZTF22aaabpqn,,,,,,,,,empty
ZTF18aarmnnd,1.2321109658574922,18.888399124145508,18.494300842285156,18.077899932861328,0.39409828186035156,0.4164009094238281,0.0,78.0,ok
ZTF19acdihrz,,,,,,,,,empty
ZTF19abfaqqo,,,,,,,,,empty
ZTF25abvuopa,,,,,,,,,empty
ZTF21abgjldn,,,,,,,,,empty
ZTF22aaoskwd,1.2625595865520192,18.81089973449707,18.284299850463867,18.127599716186523,0.5265998840332031,0.15670013427734375,0.0,80.0,ok
ZTF19abeytzv,1.00454439407307,19.164600372314453,18.75510025024414,18.378299713134766,0.4095001220703125,0.376800537109375,0.0,75.0,ok
ZTF20acyvzbr,1.3608933360526894,20.385000228881836,20.214799880981445,20.322999954223633,0.17020034790039062,-0.1082000732421875,0.0,5.0,ok
ZTF25aastkua,1.0401345885468536,,19.859899520874023,20.337499618530273,,-0.47760009765625,0.0,8.0,ok
ZTF25acehjpc,,,,,,,,,empty
ZTF20aavnnqo,1.1797717014930236,18.087799072265625,17.328899383544922,16.845300674438477,0.7588996887207031,0.4835987091064453,0.0,81.0,ok
ZTF24aawlhdv,1.4059929480708737,18.46179962158203,17.62350082397461,17.340099334716797,0.8382987976074219,0.2834014892578125,0.0,97.0,ok
ZTF23aacjetk,,,,,,,,,empty
ZTF21aabpnlm,,,,,,,,,empty
ZTF21aasuazz,,,,,,,,,empty
ZTF21aayfnjz,0.670325030264064,,,,,,,4.0,ok
ZTF23aaeygvh,,,,,,,,,empty
ZTF19aanesxt,,,,,,,,,empty
ZTF20abccojn,0.4566842053328894,22.20549964904785,21.80900001525879,21.39310073852539,0.3964996337890625,0.41589927673339844,0.0,8.0,ok
ZTF21aarhnwn,0.7318872250710756,18.68280029296875,17.976299285888672,17.696199417114258,0.7065010070800781,0.28009986877441406,0.0,65.0,ok
ZTF25aaxiwgb,,,,,,,,,empty
ZTF23aaeeawl,,,,,,,,,empty
ZTF23abolkiw,,,,,,,,,empty
ZTF23aajaraz,,,,,,,,,empty
ZTF19acnzkph,,,,,,,,,empty
ZTF23abivaby,,,,,,,,,empty
ZTF19aawgxdn,,,,,,,,,empty
ZTF21aaqytjr,,,,,,,,,empty
ZTF25aaduxhj,1.0513100697165414,,,20.801300048828125,,,0.0,3.0,ok
ZTF20acbakkg,,,,,,,,,empty
ZTF20abyznqs,,,,,,,,,empty
ZTF21acfgjiw,0.8707071661384392,,20.842100143432617,20.720399856567383,,0.12170028686523438,0.0,4.0,ok
ZTF25aavggqd,0.6410820869295204,,,20.227800369262695,,,,2.0,ok
ZTF21abvqrln,0.14808381510954605,19.838499069213867,19.102399826049805,18.71809959411621,0.7360992431640625,0.38430023193359375,0.0,82.0,ok
ZTF19abetjcx,,,,,,,,,empty
ZTF25abllldx,,,,,,,,,empty
ZTF22aaudeny,0.9521227092108254,20.98509979248047,20.67180061340332,20.570899963378906,0.31329917907714844,0.10090065002441406,0.0,35.0,ok
ZTF21aceaiqm,,,,,,,,,empty
ZTF23ablaxwm,,,,,,,,,empty
ZTF20acchxpm,0.979444344589328,21.722900390625,21.505800247192383,21.832599639892578,0.2171001434326172,-0.3267993927001953,0.0,10.0,ok
ZTF20aarblcr,,,,,,,,,empty
ZTF19actnwtn,0.6036209622571453,18.447599411010742,,,,,,2.0,ok
ZTF18abkudjo,,,,,,,,,empty
ZTF24abybsoa,,,,,,,,,empty
ZTF24abcwqil,,,,,,,,,empty
ZTF24abofwql,0.6300786066875588,19.247400283813477,19.354000091552734,,-0.10659980773925781,,,2.0,ok
ZTF20aagloch,0.29361610886034156,18.002399444580078,17.479799270629883,,0.5226001739501953,,,2.0,ok
ZTF18abotdef,0.20999926017996778,21.801799774169922,21.534799575805664,21.579999923706055,0.2670001983642578,-0.045200347900390625,0.0,17.0,ok
ZTF19abqhikf,0.8887111884135255,,,,,,,2.0,ok
ZTF21abkggoa,,,,,,,,,empty
ZTF20abopngr,,,,,,,,,empty
ZTF22abdoehm,0.15200777234084203,19.909500122070312,19.7455997467041,19.45490074157715,0.16390037536621094,0.2906990051269531,0.0,60.0,ok
ZTF21acjoskd,1.0324178071362151,,,,,,,2.0,ok
ZTF18abrfchj,0.33794298503438347,13.487000465393066,13.269000053405762,13.23900032043457,0.2180004119873047,0.029999732971191406,,52.0,ok
ZTF20aakodyh,,,,,,,,,empty
ZTF25aaazugo,,,,,,,,,empty
ZTF21aafjjee,,,,,,,,,empty
ZTF23aatukpx,,,,,,,,,empty
ZTF18aakzliv,,,,,,,,,empty
ZTF19abguzsx,,,,,,,,,empty
ZTF22aaddorn,,,,,,,,,empty
ZTF22abnqzle,,,,,,,,,empty
ZTF25abflvtk,,,,,,,,,empty
ZTF23abccimv,0.10049218814270582,17.76580047607422,17.564599990844727,17.694900512695312,0.2012004852294922,-0.13030052185058594,0.0,62.0,ok
ZTF18aajvqye,0.8026040330826119,18.439899444580078,17.719999313354492,17.304899215698242,0.7199001312255859,0.41510009765625,0.0,103.0,ok
ZTF18ablrljh,0.07585010927764316,19.186100006103516,18.44700050354004,18.19529914855957,0.7390995025634766,0.25170135498046875,0.0,98.0,ok
ZTF24abmfgxy,,,,,,,,,empty
ZTF20aamkyyx,0.5469820340822651,,17.755599975585938,18.751100540161133,,-0.9955005645751953,0.0,3.0,ok
ZTF20aamrreb,0.07659502749290566,,,,,,,2.0,ok
ZTF24absfzkh,,,,,,,,,empty
ZTF21aakilyd,,,,,,,,,empty
ZTF22acahury,,,,,,,,,empty
ZTF19aaknate,,,,,,,,,empty
ZTF25abitcpd,,,,,,,,,empty
ZTF25aarhgtc,,,,,,,,,empty
ZTF19abgndlf,,,,,,,,,empty
ZTF24aaughlb,,,,,,,,,empty
ZTF19abvhduf,,,,,,,,,empty
ZTF20acfkyll,1.0844921829718261,17.6924991607666,17.006799697875977,16.926799774169922,0.685699462890625,0.07999992370605469,0.0,87.0,ok
ZTF22abtztxv,,,,,,,,,empty
ZTF18abrzbum,0.6021299390450201,,,21.38089942932129,,,0.0,2.0,ok
ZTF22aaahuly,0.09651741019405936,21.599700927734375,21.316299438476562,21.13450050354004,0.2834014892578125,0.18179893493652344,0.0,26.0,ok
ZTF25acglaha,,,,,,,,,empty
ZTF21aaaosmn,1.1195139746672997,18.194000244140625,17.70490074157715,17.37579917907715,0.48909950256347656,0.3291015625,0.0,69.0,ok
ZTF25aaqiijt,1.2428129093319427,19.50550079345703,18.427600860595703,,1.0778999328613281,,,3.0,ok
ZTF21accwovq,,,,,,,,,empty
ZTF22ablhftq,,,,,,,,,empty
ZTF19abmugyh,0.49875720427897574,17.56329917907715,17.022199630737305,16.94099998474121,0.5410995483398438,0.08119964599609375,0.0,70.0,ok
ZTF21acdkbai,1.4384472918407525,,,21.32469940185547,,,0.0,2.0,ok
ZTF23aadjpsn,1.3134703313019997,17.719600677490234,17.824800491333008,17.87420082092285,-0.10519981384277344,-0.04940032958984375,0.0,72.0,ok
ZTF20achmmex,,,,,,,,,empty
ZTF22abneima,0.43576485297674655,14.211000442504883,14.295000076293945,17.34760093688965,-0.0839996337890625,-3.052600860595703,0.0,42.0,ok
ZTF23abjthou,,,,,,,,,empty
ZTF25aakbbof,0.5005939460730074,19.388900756835938,18.878700256347656,19.442100524902344,0.5102005004882812,-0.5634002685546875,0.0,25.0,ok
ZTF25aabobjw,,,,,,,,,empty
ZTF24aaynaot,1.1096328279688332,,18.559799194335938,18.708999633789062,,-0.149200439453125,0.0,3.0,ok
ZTF18aagrkwn,0.08869087332886179,17.802600860595703,17.640199661254883,17.402799606323242,0.1624011993408203,0.23740005493164062,0.0,82.0,ok
ZTF18aagtwyh,0.1745622574889481,18.254600524902344,17.446199417114258,17.31220054626465,0.8084011077880859,0.13399887084960938,0.0,62.0,ok
ZTF25abbnidh,,,,,,,,,empty
ZTF24aamlalc,,,,,,,,,empty
ZTF24abihiaw,,,,,,,,,empty
ZTF25aceeppc,0.14305219955292425,,21.628400802612305,21.569000244140625,,0.05940055847167969,1.0,9.0,ok
ZTF23aapwlkh,0.6387110242211945,,20.65239906311035,21.2367000579834,,-0.5843009948730469,,2.0,ok
ZTF20aadyukn,1.305438637026578,18.388099670410156,17.64419937133789,17.088699340820312,0.7439002990722656,0.5555000305175781,0.0,66.0,ok
ZTF18acvgjqv,0.4424680793266615,22.16069984436035,,21.725000381469727,,,0.0,3.0,ok
ZTF20aapjiwl,,,,,,,,,empty
ZTF25ackdapv,,,,,,,,,empty
ZTF25acekiok,,,,,,,,,empty
ZTF24abhrlfz,,,,,,,,,empty
ZTF19aamvmer,,,,,,,,,empty
ZTF22aatuxjc,0.5537093629810674,19.87030029296875,19.082500457763672,18.690099716186523,0.7877998352050781,0.39240074157714844,0.0,74.0,ok
ZTF25acgmisi,,,,,,,,,empty
ZTF22abtextj,,,,,,,,,empty
ZTF20abjonjs,1.34497722746746,20.303699493408203,20.287599563598633,19.982099533081055,0.016099929809570312,0.3055000305175781,0.0,21.0,ok
ZTF24aazqavh,0.30246623864153677,21.302099227905273,21.436399459838867,21.1825008392334,-0.13430023193359375,0.25389862060546875,0.0,25.0,ok
ZTF22abvmfrq,,,,,,,,,empty
ZTF20abzpxxu,0.6751755302577315,20.12459945678711,20.034799575805664,19.60810089111328,0.08979988098144531,0.4266986846923828,0.0,55.0,ok
ZTF20abywzvj,,,,,,,,,empty
ZTF25aafqyhb,,,,,,,,,empty
ZTF22abtfczg,0.5231127884999169,18.80459976196289,18.69580078125,18.436500549316406,0.10879898071289062,0.25930023193359375,0.0,55.0,ok
ZTF19abhpvfq,,,,,,,,,empty
ZTF21aalkknw,,,,,,,,,empty
ZTF20abmdplx,0.27306208800905807,19.79990005493164,18.75040054321289,17.673500061035156,1.04949951171875,1.0769004821777344,0.0,69.0,ok
ZTF25aadfajb,1.0428724242629002,20.524700164794922,21.867599487304688,,-1.3428993225097656,,,2.0,ok
ZTF18acaktuk,0.06487211058981292,21.41510009765625,21.15839958190918,18.61709976196289,0.2567005157470703,2.541299819946289,1.0,33.0,ok
ZTF19aanfnvl,,,,,,,,,empty
ZTF20acvejem,,,,,,,,,empty
ZTF20aaurfnl,,,,,,,,,empty
ZTF21abmemav,1.0045909439048193,21.537900924682617,20.917499542236328,20.541400909423828,0.6204013824462891,0.3760986328125,1.0,33.0,ok
ZTF21acgudgo,,,,,,,,,empty
ZTF18abdfaqi,,,,,,,,,empty
ZTF18abmnrgb,,,,,,,,,empty
ZTF19abgppki,1.3120383954089907,17.931100845336914,17.8710994720459,17.47439956665039,0.060001373291015625,0.3966999053955078,0.0,89.0,ok
ZTF22aaakran,0.06004060574659379,19.822399139404297,19.037099838256836,18.142799377441406,0.7852993011474609,0.8943004608154297,0.0,70.0,ok
ZTF22aabzsqo,,,,,,,,,empty
ZTF20abzayoe,1.3473760401909602,,,20.411500930786133,,,,2.0,ok
ZTF22aaqfuhm,,,,,,,,,empty
ZTF25aaoxrmn,,,,,,,,,empty
ZTF22abqwahz,,,,,,,,,empty
ZTF21aaaalaf,,,,,,,,,empty
ZTF23aauubqu,,,,,,,,,empty
ZTF22aakdqqg,,,,,,,,,empty
ZTF21abjvukz,,,,,,,,,empty
ZTF22aaafetg,,,,,,,,,empty
ZTF25abvqjxe,,,,,,,,,empty
ZTF18abvzdvj,0.9461707467552658,20.302000045776367,20.042299270629883,19.813199996948242,0.2597007751464844,0.22909927368164062,0.0,77.0,ok
ZTF22aaektkm,,,,,,,,,empty
ZTF21aaezixn,,,,,,,,,empty
ZTF25abkeyrv,,,,,,,,,empty
ZTF21aamhtui,1.3728757171270136,19.49720001220703,18.638700485229492,18.06800079345703,0.8584995269775391,0.5706996917724609,0.0,70.0,ok
ZTF19aauplxw,1.4031557052879498,,,19.63789939880371,,,,3.0,ok
ZTF22aaphdzl,,,,,,,,,empty
ZTF24aagwnen,,,,,,,,,empty
ZTF22abtootl,,,,,,,,,empty
ZTF18adaadmh,,,,,,,,,empty
ZTF21abidikc,,,,,,,,,empty
ZTF20acmyxdb,,,,,,,,,empty
ZTF23abomeiu,,,,,,,,,empty
ZTF22abdjqlm,0.02746176467783404,19.97879981994629,19.674800872802734,19.04829978942871,0.3039989471435547,0.6265010833740234,0.0,63.0,ok
ZTF20achlced,,,,,,,,,empty
ZTF19aapfmki,,,,,,,,,empty
ZTF20achncqp,,,,,,,,,empty
ZTF20abkdpsy,,,,,,,,,empty
ZTF24absfubu,,,,,,,,,empty
ZTF22abytwjj,,,,,,,,,empty
ZTF24ablsajd,,,,,,,,,empty
ZTF24aahtdhb,,,,,,,,,empty
ZTF25acjpdld,,,,,,,,,empty
ZTF19acykbce,0.7079794425254189,19.13920021057129,18.8346004486084,18.667600631713867,0.3045997619628906,0.16699981689453125,0.0,67.0,ok
ZTF19aathcvn,,,,,,,,,empty
ZTF24aaopnuy,,,,,,,,,empty
ZTF24ablgasd,1.2647038412020748,19.67959976196289,19.368999481201172,19.201200485229492,0.31060028076171875,0.1677989959716797,0.0,53.0,ok
ZTF20acnvniw,1.1314871703958456,,,,,,,2.0,ok
ZTF19aaarhtg,0.5539742888668493,17.771099090576172,17.062599182128906,16.728599548339844,0.7084999084472656,0.3339996337890625,0.0,66.0,ok
ZTF19aakswwb,0.07688152294735207,18.758899688720703,17.88990020751953,17.372400283813477,0.8689994812011719,0.5174999237060547,0.0,57.0,ok
ZTF20abegopd,0.7387566779750002,,,,,,,2.0,ok
ZTF19aavnwyt,0.043735154181907446,21.157699584960938,20.958900451660156,21.451200485229492,0.19879913330078125,-0.49230003356933594,0.0,11.0,ok
ZTF25aaizniw,,,,,,,,,empty
ZTF23aamaeks,,,,,,,,,empty
ZTF23aabwfkc,,,,,,,,,empty
ZTF22aayvaoa,0.553660508298963,20.109500885009766,19.422199249267578,19.793699264526367,0.6873016357421875,-0.37150001525878906,0.0,48.0,ok
ZTF22aafnqfz,0.7956845817317882,18.70439910888672,18.574499130249023,18.27669906616211,0.1298999786376953,0.29780006408691406,0.0,69.0,ok
ZTF20aaummmc,,,,,,,,,empty
ZTF22abtjefa,,,,,,,,,empty
ZTF23aaitimz,,,,,,,,,empty
ZTF25abdhyhr,0.9443295167884558,,24.04159927368164,,,,,2.0,ok
ZTF19abajuqh,1.1984022840770527,18.70490074157715,17.912099838256836,17.58609962463379,0.7928009033203125,0.3260002136230469,0.0,82.0,ok
ZTF21aaafgmv,0.2780166280096292,18.967100143432617,18.347900390625,17.758399963378906,0.6191997528076172,0.5895004272460938,0.0,91.0,ok
ZTF21aapdphm,,,,,,,,,empty
ZTF21aaffxdt,0.8107465482932239,20.734100341796875,20.754100799560547,20.458599090576172,-0.020000457763671875,0.295501708984375,0.0,60.0,ok
ZTF19aadnxat,,,,,,,,,empty
ZTF20acpgolz,0.13023552950896713,18.815799713134766,18.16390037536621,17.53059959411621,0.6518993377685547,0.63330078125,0.0,59.0,ok
ZTF22aaagxev,1.2250122610730705,18.640600204467773,17.879499435424805,17.842199325561523,0.7611007690429688,0.03730010986328125,0.0,68.0,ok
ZTF24abizyga,,,,,,,,,empty
ZTF18abwkczr,0.12927794357960815,20.98819923400879,20.453100204467773,20.28580093383789,0.5350990295410156,0.1672992706298828,0.0,60.0,ok
ZTF22aadliib,,,,,,,,,empty
ZTF22abtcyhv,,,,,,,,,empty
ZTF19aczjytt,,,,,,,,,empty
ZTF21aantxma,0.6566751692901611,,,18.127199172973633,,,0.0,2.0,ok
ZTF24abyhjvc,0.1895891419782096,19.760700225830078,19.10260009765625,18.7106990814209,0.6581001281738281,0.39190101623535156,0.0,70.0,ok
ZTF23aaxyawz,,,,,,,,,empty
ZTF19aauxmqj,,,,,,,,,empty
ZTF22aajsqdv,0.3010135902259397,18.475900650024414,17.802400588989258,17.17449951171875,0.6735000610351562,0.6279010772705078,0.0,90.0,ok
ZTF21aaampui,,,,,,,,,empty
ZTF18acrtvmm,,,,,,,,,empty
ZTF22aalxyqn,0.3867707674286863,18.097000122070312,17.515600204467773,17.019899368286133,0.5813999176025391,0.4957008361816406,0.0,40.0,ok
ZTF19adajqwl,0.503408232006033,21.59429931640625,21.50320053100586,21.15329933166504,0.09109878540039062,0.3499011993408203,0.0,37.0,ok
ZTF24abnqqmr,,,,,,,,,empty
ZTF20abvykmy,,,,,,,,,empty
ZTF24abnpdmk,,,,,,,,,empty
ZTF21acafsjy,,,,,,,,,empty
ZTF19abzzgus,,,,,,,,,empty
ZTF25acelamc,0.8942327249392851,20.666900634765625,20.217100143432617,20.39299964904785,0.4498004913330078,-0.17589950561523438,0.0,66.0,ok
ZTF21abkezqs,0.6604630407313073,20.836700439453125,20.587299346923828,20.92490005493164,0.24940109252929688,-0.3376007080078125,0.0,6.0,ok
ZTF20aadcbvz,,,,,,,,,empty
ZTF25abwvuln,0.15770583422998047,19.240400314331055,18.75510025024414,18.481700897216797,0.48530006408691406,0.27339935302734375,0.0,61.0,ok
ZTF23aavmguj,,,,,,,,,empty
ZTF24aahzezk,0.06250303663942412,19.12190055847168,18.5231990814209,17.985000610351562,0.5987014770507812,0.5381984710693359,0.0,57.0,ok
ZTF25aadnogd,,,,,,,,,empty
ZTF21aclzvgz,0.3758231907475914,18.487899780273438,18.003400802612305,17.89240074157715,0.4844989776611328,0.11100006103515625,0.0,68.0,ok
ZTF18aapictz,1.3368085862888859,21.81060028076172,21.94300079345703,21.343799591064453,-0.1324005126953125,0.5992012023925781,0.0,14.0,ok
ZTF24abfpdbe,1.3541514858199066,,,19.958900451660156,,,0.0,4.0,ok
ZTF18aaakpsa,0.19549463217225974,15.443599700927734,13.326000213623047,13.192000389099121,2.1175994873046875,0.13399982452392578,,59.0,ok
ZTF24aakbqjh,,,,,,,,,empty
ZTF24abtcetf,,,,,,,,,empty
ZTF22aadkxhp,0.10482823375750444,20.850799560546875,20.508899688720703,20.193700790405273,0.3418998718261719,0.3151988983154297,0.0,68.0,ok
ZTF19aadmjtn,,,,,,,,,empty
ZTF22aamgjeh,1.0995187258320358,,,,,,,2.0,ok
ZTF22aaetqzk,0.10100077565920196,19.528799057006836,19.162799835205078,18.810800552368164,0.3659992218017578,0.35199928283691406,0.0,89.0,ok
ZTF19abatvit,0.15645121433342268,18.608200073242188,18.014699935913086,17.768199920654297,0.5935001373291016,0.24650001525878906,0.0,93.0,ok
ZTF22abtcpig,1.155311896167696,20.07270050048828,19.809999465942383,19.81089973449707,0.26270103454589844,-0.0009002685546875,0.0,38.0,ok
ZTF19aapqrsh,,,,,,,,,empty
ZTF22aaafpbi,1.091291978666893,17.711599349975586,17.24449920654297,16.72410011291504,0.4671001434326172,0.5203990936279297,0.0,60.0,ok
ZTF20aazffau,0.48591917377944355,19.909299850463867,19.704299926757812,19.26219940185547,0.2049999237060547,0.44210052490234375,0.0,59.0,ok
ZTF22aaaxjln,,,,,,,,,empty
ZTF19ackjjwf,,,,,,,,,empty
ZTF25abzqhgf,,,,,,,,,empty
ZTF21abiwpjm,0.13294373640610435,,22.01609992980957,22.177099227905273,,-0.16099929809570312,0.0,5.0,ok
ZTF19aadnhdo,,,,,,,,,empty
ZTF21acjnajt,0.37495386562592403,19.384199142456055,19.22330093383789,18.79949951171875,0.16089820861816406,0.4238014221191406,0.0,70.0,ok
ZTF19aakswrb,0.06585954312833986,19.930599212646484,19.44499969482422,18.859100341796875,0.4855995178222656,0.5858993530273438,0.0,74.0,ok
ZTF21abjamta,,,,,,,,,empty
ZTF21abnuldi,,,,,,,,,empty
ZTF23absjgsh,,,,,,,,,empty
ZTF19acxxxec,0.49518926342153513,18.717500686645508,18.447200775146484,17.924100875854492,0.27029991149902344,0.5230998992919922,0.0,82.0,ok
ZTF20aaelulu,0.5268656257626801,16.045900344848633,17.85890007019043,,-1.8129997253417969,,,10.0,ok
ZTF22abhxptt,,,,,,,,,empty
ZTF23aahvmpq,,,,,,,,,empty
ZTF20abrgyhd,,,,,,,,,empty
ZTF23abjfpng,,,,,,,,,empty
ZTF21abvajfq,,,,,,,,,empty
ZTF19abzwaen,,,,,,,,,empty
ZTF18abscyji,,,,,,,,,empty
ZTF20aauyhea,0.14272270356619304,18.25480079650879,17.26300048828125,16.85580062866211,0.9918003082275391,0.4071998596191406,0.0,83.0,ok
ZTF23aavxxef,0.7019249903555761,20.42970085144043,19.9606990814209,19.989599227905273,0.46900177001953125,-0.028900146484375,0.0,70.0,ok
ZTF20acxtdcm,,,,,,,,,empty
ZTF25absdrsu,1.1200481616166977,19.438199996948242,19.11440086364746,19.041799545288086,0.32379913330078125,0.072601318359375,0.0,73.0,ok
ZTF20abxyaqc,,,,,,,,,empty
ZTF22aadeqoe,1.446385549419987,19.25950050354004,18.821399688720703,18.430999755859375,0.43810081481933594,0.3903999328613281,0.0,71.0,ok
ZTF20aakzbfh,0.4048570140309822,17.369400024414062,16.667699813842773,16.157100677490234,0.7017002105712891,0.5105991363525391,0.0,82.0,ok
ZTF22aazbxmi,0.09416714415763934,20.335399627685547,20.082599639892578,19.898300170898438,0.25279998779296875,0.18429946899414062,0.0,62.0,ok
ZTF23abmtzcg,0.1299976313780612,,,20.732900619506836,,,,2.0,ok
ZTF22aauurbv,,,,,,,,,empty
ZTF19aaklbok,0.2678754377217229,18.479400634765625,17.88290023803711,17.443700790405273,0.5965003967285156,0.43919944763183594,0.0,78.0,ok
ZTF20acrbpqd,,,,,,,,,empty
ZTF21acchwaw,,,,,,,,,empty
ZTF20acplhku,,,,,,,,,empty
ZTF18ablmflp,,,,,,,,,empty
ZTF20abmsqaa,,,,,,,,,empty
ZTF24aaoupgb,,,,,,,,,empty
ZTF24aahmqzq,,,,,,,,,empty
ZTF22aaaokni,,,,,,,,,empty
ZTF24abvtoyo,0.046112247082129194,18.68560028076172,17.825300216674805,17.425199508666992,0.8603000640869141,0.4001007080078125,0.0,52.0,ok
ZTF20acsdykp,0.6607257194621684,,,20.337799072265625,,,1.0,2.0,ok
ZTF19aamggnw,,,,,,,,,empty
ZTF25aalwadw,,,,,,,,,empty
ZTF22aafsqud,,,,,,,,,empty
ZTF22abkhrkd,,,,,,,,,empty
ZTF23absdibx,,,,,,,,,empty
ZTF23aantmqa,0.4563011557660446,19.530899047851562,19.386600494384766,19.177499771118164,0.14429855346679688,0.20910072326660156,0.0,59.0,ok
ZTF25aalqkaf,0.7934904699888743,18.31529998779297,17.681900024414062,17.17009925842285,0.6333999633789062,0.5118007659912109,0.0,71.0,ok
ZTF22abbmgdo,,,,,,,,,empty
ZTF17aabvong,0.5157238751530219,18.667999267578125,17.975900650024414,17.984899520874023,0.6920986175537109,-0.008998870849609375,0.0,57.0,ok
ZTF19abjnwcy,0.18468436272274805,21.07229995727539,20.73979949951172,20.732200622558594,0.3325004577636719,0.007598876953125,0.0,74.0,ok
ZTF18acnnevs,0.4528987395111748,20.810800552368164,20.799100875854492,20.443099975585938,0.011699676513671875,0.3560009002685547,0.0,23.0,ok
ZTF24aathzox,0.5346303668000847,22.006099700927734,21.718000411987305,21.499500274658203,0.2880992889404297,0.21850013732910156,0.0,25.0,ok
ZTF24abhtybk,,,,,,,,,empty
ZTF23aaanyts,1.1715124252110147,21.22760009765625,,,,,,2.0,ok
ZTF20acxbbaj,,,,,,,,,empty
ZTF24ablxiwv,,,,,,,,,empty
ZTF21aacwleg,0.22190479273183306,22.028499603271484,21.526599884033203,,0.5018997192382812,,,2.0,ok
ZTF24aaoauvb,,,,,,,,,empty
ZTF25aacbhct,1.33826013037568,,21.930099487304688,21.140899658203125,,0.7891998291015625,0.0,18.0,ok
ZTF25aaggugu,0.05240735301053716,18.955699920654297,18.21820068359375,17.868200302124023,0.7374992370605469,0.35000038146972656,0.0,75.0,ok
ZTF20aafclxb,,,,,,,,,empty
ZTF24abhzshd,,,,,,,,,empty
ZTF20aauowam,,,,,,,,,empty
ZTF18acfwmqj,1.1797631284635566,18.418500900268555,17.797399520874023,17.354799270629883,0.6211013793945312,0.4426002502441406,0.0,70.0,ok
ZTF20aaqhtcd,0.8475134503554402,19.64550018310547,19.783700942993164,19.563800811767578,-0.1382007598876953,0.21990013122558594,0.0,67.0,ok
ZTF24aawjctx,,,,,,,,,empty
ZTF22abnuakd,,,,,,,,,empty
ZTF20aauwjmw,,,,,,,,,empty
ZTF24abzwudv,0.6164983759580153,20.84830093383789,20.38010025024414,19.968700408935547,0.46820068359375,0.41139984130859375,0.0,71.0,ok
ZTF22aameoxg,,,,,,,,,empty
ZTF20abavnaw,,,,,,,,,empty
ZTF19aacijie,,,,,,,,,empty
ZTF24acahvpo,,,,,,,,,empty
ZTF25aanpvix,0.758867949320844,,,18.157800674438477,,,0.0,3.0,ok
ZTF23aaohqcn,0.19073467043862702,,,20.661500930786133,,,0.0,2.0,ok
ZTF20aattqcv,1.0513544943067572,20.42020034790039,20.3085994720459,20.1343994140625,0.11160087585449219,0.17420005798339844,0.0,63.0,ok
ZTF18acqsqrg,,,,,,,,,empty
ZTF23aaawatw,1.4012362253610007,,20.466999053955078,20.398300170898438,,0.06869888305664062,0.0,16.0,ok
ZTF19ablesob,0.23249683277482885,21.549800872802734,21.713899612426758,21.41080093383789,-0.16409873962402344,0.3030986785888672,1.0,26.0,ok
ZTF22aatbtqn,,,,,,,,,empty
ZTF25aajygin,,,,,,,,,empty
ZTF21aavsbkt,,,,,,,,,empty
ZTF19aapszzy,,,,,,,,,empty
ZTF24abribze,,,,,,,,,empty
ZTF24abdzqra,1.1714298801780754,,18.75589942932129,17.781299591064453,,0.9745998382568359,0.0,3.0,ok
ZTF18abvejqt,0.45623894278534455,21.70479965209961,21.7012996673584,21.398399353027344,0.0034999847412109375,0.3029003143310547,1.0,8.0,ok
ZTF25abopkmq,,,,,,,,,empty
ZTF23aaqnhjp,1.1698288256371037,17.822799682617188,17.02400016784668,16.377199172973633,0.7987995147705078,0.6468009948730469,0.0,69.0,ok
ZTF24abyityc,0.19092606386423042,18.3346004486084,17.743000030517578,17.49449920654297,0.5916004180908203,0.24850082397460938,0.0,72.0,ok
ZTF21aaxzczy,,,,,,,,,empty
ZTF18acrknyn,,,,,,,,,empty
ZTF20acgpngg,,,,,,,,,empty
ZTF25aaqhkyi,,,,,,,,,empty
ZTF25aavmyql,,,,,,,,,empty
ZTF25abmtiec,,,,,,,,,empty
ZTF19aanjlwx,,,,,,,,,empty
ZTF19aatgxjy,,,,,,,,,empty
ZTF24aakbptu,1.4674593498382695,21.102500915527344,21.371400833129883,21.422300338745117,-0.26889991760253906,-0.050899505615234375,0.0,15.0,ok
ZTF19actfpmy,,,,,,,,,empty
ZTF18abdiwpt,0.6061105543620249,,21.61210060119629,,,,,2.0,ok
ZTF20aaurjzv,,,,,,,,,empty
ZTF22aanzbru,,,,,,,,,empty
ZTF23abjdrvd,,,,,,,,,empty
ZTF22abcknjm,,,,,,,,,empty
ZTF20abzcokk,0.15648153164469106,21.94610023498535,,22.122900009155273,,,,3.0,ok
ZTF18aaeipng,0.1817738490400829,,,18.74920082092285,,,0.0,6.0,ok
ZTF20aacexgb,0.5563531171862693,19.41309928894043,18.593599319458008,18.185300827026367,0.8194999694824219,0.4082984924316406,0.0,81.0,ok
ZTF22abyknqs,,,,,,,,,empty
ZTF22abmxtqr,,,,,,,,,empty
ZTF18absnqyo,0.7339006008853373,,19.3346004486084,18.92340087890625,,0.41119956970214844,0.0,3.0,ok
ZTF20adadlqm,,,,,,,,,empty
ZTF25aanfaxg,0.31133386448056805,19.61400032043457,19.560199737548828,19.21109962463379,0.05380058288574219,0.34910011291503906,0.0,55.0,ok
ZTF25aaktazi,,,,,,,,,empty
ZTF23abmoxlu,1.235308088137888,19.751800537109375,19.822999954223633,19.39539909362793,-0.07119941711425781,0.4276008605957031,0.0,22.0,ok
ZTF20actvpyc,0.29526634788964573,20.607799530029297,20.364900588989258,20.2362003326416,0.24289894104003906,0.12870025634765625,0.0,55.0,ok
ZTF21aaovdlh,0.7322977326026253,20.417999267578125,20.0231990814209,19.877099990844727,0.39480018615722656,0.14609909057617188,0.0,57.0,ok
ZTF22abyjtmn,,,,,,,,,empty
ZTF20abtjjhb,0.6307119072316998,,19.798099517822266,20.636600494384766,,-0.8385009765625,0.0,7.0,ok
ZTF24aayyqub,,,,,,,,,empty
ZTF24aaumgko,0.715693130046068,20.792800903320312,20.732999801635742,19.64739990234375,0.05980110168457031,1.0855998992919922,0.0,13.0,ok
ZTF20acveadu,0.5039365896659542,19.827800750732422,18.821399688720703,18.231199264526367,1.0064010620117188,0.5902004241943359,0.0,39.0,ok
ZTF23absiytp,,,,,,,,,empty
ZTF19acbpxwt,,,,,,,,,empty
ZTF21aaasirb,0.12432625334950624,17.310800552368164,16.53070068359375,16.348899841308594,0.7800998687744141,0.18180084228515625,0.0,62.0,ok
ZTF20abqgbum,,,,,,,,,empty
ZTF18abckujg,1.079925641965404,,,21.783300399780273,,,,2.0,ok
ZTF19abdkbcx,0.14077324484743678,20.179399490356445,20.150699615478516,19.66200065612793,0.028699874877929688,0.48869895935058594,0.0,82.0,ok
ZTF24abcixyi,,,,,,,,,empty
ZTF25abiwxmw,,,,,,,,,empty
ZTF21aaxylga,,,,,,,,,empty
ZTF21acilvjb,,,,,,,,,empty
ZTF23aatajah,,,,,,,,,empty
ZTF22aayplsv,,,,,,,,,empty
ZTF20abgtran,1.2386236155857135,17.312700271606445,16.393999099731445,16.377199172973633,0.918701171875,0.0167999267578125,0.0,67.0,ok
ZTF21aatyplr,,,,,,,,,empty
ZTF18abvgivy,,,,,,,,,empty
ZTF24aagomqx,0.5696907867004594,,19.944799423217773,19.984600067138672,,-0.03980064392089844,0.0,16.0,ok
ZTF19abtsrup,0.40113243304669055,21.450199127197266,21.622800827026367,,-0.17260169982910156,,,6.0,ok
ZTF23aadcben,,,,,,,,,empty
ZTF21abbuylk,,,,,,,,,empty
ZTF24abamger,0.6993895742073452,20.1289005279541,19.810300827026367,19.634000778198242,0.3185997009277344,0.176300048828125,0.0,68.0,ok
ZTF23aaucaqp,1.0301749794962995,,,19.6830997467041,,,,4.0,ok
ZTF25aafvqth,,,,,,,,,empty
ZTF19adbryab,,,,,,,,,empty
ZTF23abnivuj,,,,,,,,,empty
ZTF25abjeuls,0.239728315579376,22.13909912109375,22.039499282836914,21.69879913330078,0.09959983825683594,0.3407001495361328,0.0,12.0,ok
ZTF23aacnkyh,,,,,,,,,empty
ZTF21aamesud,,,,,,,,,empty
ZTF20aauwjla,,,,,,,,,empty
ZTF18abrzcgl,,,,,,,,,empty
ZTF20aahqbun,,,,,,,,,empty
ZTF22aakcnxq,0.6449341094426424,18.37070083618164,17.27829933166504,17.073299407958984,1.0924015045166016,0.2049999237060547,0.0,73.0,ok
ZTF25aaggdnf,,,,,,,,,empty
ZTF22abgaymw,,,,,,,,,empty
ZTF20aacbtgq,,,,,,,,,empty
ZTF24aakfltk,,,,,,,,,empty
ZTF20abxjefm,1.3510115539339118,19.162099838256836,18.77869987487793,18.611900329589844,0.38339996337890625,0.16679954528808594,0.0,64.0,ok
ZTF22abnqpwe,1.1819434858336155,,,21.125699996948242,,,0.0,2.0,ok
ZTF19acbkczc,0.38332342754675863,11.47700023651123,11.868000030517578,12.178000450134277,-0.39099979400634766,-0.3100004196166992,,70.0,ok
ZTF19abjgdko,0.45776716815938284,19.30739974975586,18.752899169921875,18.172800064086914,0.5545005798339844,0.5800991058349609,0.0,72.0,ok
ZTF20abcdrsm,0.2748741804939583,22.140899658203125,,,,,,2.0,ok
ZTF25acegaon,0.028853144140049854,19.2273006439209,18.154300689697266,17.741899490356445,1.0729999542236328,0.4124011993408203,0.0,50.0,ok
ZTF25aasfogb,0.24497011877928998,20.17729949951172,20.41029930114746,19.661500930786133,-0.2329998016357422,0.7487983703613281,0.0,14.0,ok
ZTF19aamooex,,,,,,,,,empty
ZTF23abnpdod,,,,,,,,,empty
ZTF20acrinvz,,,,,,,,,empty
ZTF20abpucsd,,,,,,,,,empty
ZTF21aagpymw,1.329977649836814,20.89069938659668,20.6742000579834,20.426799774169922,0.21649932861328125,0.24740028381347656,0.0,73.0,ok
ZTF23aaqkpwb,,,,,,,,,empty
ZTF19aapfnym,,,,,,,,,empty
ZTF19aaqcqkv,,,,,,,,,empty
ZTF19acryurj,,,,,,,,,empty
ZTF19abzmmvz,0.6938436593378061,20.20949935913086,19.52899932861328,18.997299194335938,0.6805000305175781,0.5317001342773438,0.0,70.0,ok
ZTF20acodsyb,0.4792213039123039,16.9768009185791,16.219600677490234,15.969499588012695,0.7572002410888672,0.25010108947753906,0.0,80.0,ok
ZTF23aadbbxv,,,,,,,,,empty
ZTF22abeyzcl,,,,,,,,,empty
ZTF19abwaohs,,,,,,,,,empty
ZTF24abcfiff,,,,,,,,,empty
ZTF18absdddn,0.027196438872588283,,21.814599990844727,19.248199462890625,,2.5664005279541016,1.0,9.0,ok
ZTF22aaabzju,,,,,,,,,empty
ZTF19abgiwkt,0.9875740617256473,,20.27989959716797,,,,,2.0,ok
ZTF25achxmlx,0.8830412370281473,17.42569923400879,16.59469985961914,16.156700134277344,0.8309993743896484,0.4379997253417969,0.0,19.0,ok
ZTF20aavfwdo,,,,,,,,,empty
ZTF20aaurfwa,0.41913729656095855,18.443500518798828,18.350099563598633,18.173799514770508,0.09340095520019531,0.176300048828125,0.0,76.0,ok
ZTF21aaeoxfd,0.9628261178151021,19.938800811767578,19.496999740600586,19.574899673461914,0.4418010711669922,-0.07789993286132812,0.0,71.0,ok
ZTF22aayobas,0.29954439073153977,20.264999389648438,19.669700622558594,19.38450050354004,0.5952987670898438,0.2852001190185547,0.0,48.0,ok
ZTF21aalofsw,,,,,,,,,empty
ZTF18acsyzca,,,,,,,,,empty
ZTF19acbjddp,,,,,,,,,empty
ZTF19aafndot,,,,,,,,,empty
ZTF23aatabje,0.11927667908003582,19.097200393676758,19.02630043029785,18.70330047607422,0.07089996337890625,0.3229999542236328,0.0,75.0,ok
ZTF19acmwfli,,,,,,,,,empty
ZTF21abizxkw,0.0962352552872247,19.012800216674805,18.131099700927734,17.58300018310547,0.8817005157470703,0.5480995178222656,0.0,81.0,ok
ZTF21abuxuxj,,,,,,,,,empty
ZTF25aabwjuw,,,,,,,,,empty
ZTF19acduaik,0.10656623444755949,20.830400466918945,20.54520034790039,19.998300552368164,0.2852001190185547,0.5468997955322266,1.0,70.0,ok
ZTF24aasigoj,0.34100331989996385,18.521299362182617,18.135499954223633,17.58449935913086,0.3857994079589844,0.5510005950927734,0.0,54.0,ok
ZTF24aaxjbcd,,,,,,,,,empty
ZTF24aacjcwl,,,,,,,,,empty
ZTF24aangsva,,,,,,,,,empty
ZTF20acggqfs,1.2738004607591202,19.82069969177246,,,,,,2.0,ok
ZTF20abgrory,,,,,,,,,empty
ZTF25aasctdu,,,,,,,,,empty
ZTF21acisemu,0.7773226447236554,18.182600021362305,17.385400772094727,17.1924991607666,0.7971992492675781,0.192901611328125,0.0,63.0,ok
ZTF25abwjtwc,0.09794874167570218,,,19.22249984741211,,,0.0,4.0,ok
ZTF19acdxkek,,,,,,,,,empty
ZTF25acateof,,,,,,,,,empty
ZTF23aadtrzd,,,,,,,,,empty
ZTF25aagbrpb,0.2900330996927501,21.90019989013672,21.861000061035156,21.686199188232422,0.0391998291015625,0.17480087280273438,0.0,9.0,ok
ZTF24abgvkwg,,,,,,,,,empty
ZTF21aaqhhfu,,,,,,,,,empty
ZTF21aabfson,,,,,,,,,empty
ZTF18acwugwx,0.06570261326098843,17.76219940185547,17.24410057067871,16.615699768066406,0.5180988311767578,0.6284008026123047,0.0,61.0,ok
ZTF20acpjfln,0.8397327860140349,,,,,,,2.0,ok
ZTF19adlbofr,,,,,,,,,empty
ZTF23absvnkc,1.3237920837431376,19.028200149536133,18.522499084472656,17.758100509643555,0.5057010650634766,0.7643985748291016,0.0,56.0,ok
ZTF19abhvryy,0.37340181201103084,17.624900817871094,17.254199981689453,16.97800064086914,0.3707008361816406,0.2761993408203125,0.0,70.0,ok
ZTF24aatytqv,0.4210782116793865,19.90719985961914,19.667999267578125,19.921199798583984,0.23920059204101562,-0.2532005310058594,0.0,49.0,ok
ZTF18actuhrs,,,,,,,,,empty
ZTF25aavyqag,,,,,,,,,empty
ZTF23aashxqa,0.09216402350732195,18.012800216674805,17.358400344848633,17.057199478149414,0.6543998718261719,0.30120086669921875,0.0,74.0,ok
ZTF23aahnabd,,,,,,,,,empty
ZTF23abjjqxf,,,,,,,,,empty
ZTF19aauoulb,,,,,,,,,empty
ZTF20abjaapj,1.4732720041070013,20.699899673461914,21.578899383544922,,-0.8789997100830078,,,4.0,ok
ZTF24abszbeu,,,,,,,,,empty
ZTF20acvbrbv,,,,,,,,,empty
ZTF22aahhlnd,0.13757692069954314,20.249099731445312,19.91860008239746,19.657899856567383,0.33049964904785156,0.2607002258300781,0.0,68.0,ok
ZTF25acatfer,1.3539817014916136,18.76759910583496,18.325899124145508,17.7903995513916,0.4416999816894531,0.5354995727539062,0.0,65.0,ok
ZTF22aacdfsw,,,,,,,,,empty
ZTF21abhhbmd,0.5747295207823222,18.321300506591797,17.871200561523438,17.42490005493164,0.4500999450683594,0.4463005065917969,0.0,87.0,ok
ZTF20acuhren,,,,,,,,,empty
ZTF18abmjyvo,,,,,,,,,empty
ZTF23aaelxbd,,,,,,,,,empty
ZTF19abymvoy,,,,,,,,,empty
ZTF18abjrbza,,,,,,,,,empty
ZTF25aafqxkt,,,,,,,,,empty
ZTF23abeudve,0.930631174479254,20.863800048828125,20.500699996948242,20.193500518798828,0.3631000518798828,0.30719947814941406,0.0,57.0,ok
ZTF25aaohuyd,0.33634208459263176,18.344900131225586,17.421199798583984,16.965599060058594,0.9237003326416016,0.4556007385253906,0.0,79.0,ok
ZTF19aariwpf,0.2135517381056882,20.153200149536133,19.533599853515625,19.038400650024414,0.6196002960205078,0.49519920349121094,0.0,71.0,ok
ZTF19adcfsdr,,,,,,,,,empty
ZTF23aabutwh,1.3992987334196638,19.960399627685547,,20.0718994140625,,,,2.0,ok
ZTF18abdrbqp,,,,,,,,,empty
ZTF23abiahyg,,,,,,,,,empty
ZTF21acizlcg,,,,,,,,,empty
ZTF19abzkiuv,,,,,,,,,empty
ZTF18aajpjdi,0.9127323991777803,19.058000564575195,18.715599060058594,18.64900016784668,0.34240150451660156,0.06659889221191406,0.0,55.0,ok
ZTF25aaftdla,,,,,,,,,empty
ZTF21acoqbfm,,,,,,,,,empty
ZTF24abvehrj,,,,,,,,,empty
ZTF21abzithf,0.1016117630341914,19.411399841308594,18.785999298095703,18.502300262451172,0.6254005432128906,0.28369903564453125,0.0,58.0,ok
ZTF23aaemnzd,0.22956425149254708,18.460800170898438,17.99880027770996,17.870100021362305,0.46199989318847656,0.12870025634765625,0.0,59.0,ok
ZTF21acjtxgr,0.5737246739486126,,21.278799057006836,20.36829948425293,,0.9104995727539062,0.0,3.0,ok
ZTF19acigwcg,0.10360267775147862,21.918399810791016,20.996400833129883,20.256000518798828,0.9219989776611328,0.7404003143310547,1.0,47.0,ok
ZTF19aacipwt,0.36894150610533955,17.722000122070312,17.566600799560547,16.687000274658203,0.15539932250976562,0.8796005249023438,0.0,60.0,ok
ZTF23aadbait,0.7149500231472974,18.618200302124023,18.16830062866211,17.919200897216797,0.44989967346191406,0.2490997314453125,0.0,72.0,ok
ZTF23abbejvg,,,,,,,,,empty
ZTF24aapenbt,0.6275011728944256,18.39229965209961,17.399999618530273,16.773700714111328,0.9923000335693359,0.6262989044189453,0.0,53.0,ok
ZTF21abujgmr,0.41561619972753544,19.177200317382812,18.727699279785156,18.422399520874023,0.44950103759765625,0.3052997589111328,0.0,67.0,ok
ZTF18acdwuhy,0.9992420471053878,19.337900161743164,18.4822998046875,18.391599655151367,0.8556003570556641,0.09070014953613281,0.0,72.0,ok
ZTF21abzadod,,,,,,,,,empty
ZTF22aaikzzr,,,,,,,,,empty
ZTF23aadjssg,,,,,,,,,empty
ZTF23aamixrh,,,,,,,,,empty
ZTF19acvtrxj,,,,,,,,,empty
ZTF21abjxbxn,1.361407384138957,21.228700637817383,21.413299560546875,,-0.1845989227294922,,,4.0,ok
ZTF24abutkox,,,,,,,,,empty
ZTF21aamwyql,,,,,,,,,empty
ZTF18aaripcr,0.8780428957769286,21.8523006439209,21.173200607299805,20.779499053955078,0.6791000366210938,0.39370155334472656,0.0,31.0,ok
ZTF23aaakutq,,,,,,,,,empty
ZTF25aajlyns,,,,,,,,,empty
ZTF20aanrdek,0.9215569905558433,20.263700485229492,20.007600784301758,19.844999313354492,0.2560997009277344,0.16260147094726562,0.0,58.0,ok
ZTF19aboueif,0.3223324541439121,22.285400390625,21.730899810791016,21.33289909362793,0.5545005798339844,0.39800071716308594,1.0,15.0,ok
ZTF19aayfhtc,,,,,,,,,empty
ZTF21acdjasw,,,,,,,,,empty
ZTF21acjxzsa,,,,,,,,,empty
ZTF21aafnabs,,,,,,,,,empty
ZTF22aaafbww,1.0258447614986776,,,19.381200790405273,,,0.0,3.0,ok
ZTF19abpyjqx,,,,,,,,,empty
ZTF18acbvgqw,,,,,,,,,empty
ZTF23abqohgc,,,,,,,,,empty
ZTF20abnnftk,,,,,,,,,empty
ZTF22abdlnkm,0.4633972363581298,21.60059928894043,21.452699661254883,21.238800048828125,0.14789962768554688,0.2138996124267578,1.0,33.0,ok
ZTF22abmygmc,,,,,,,,,empty
ZTF18acpuxuh,0.9299686838628496,18.968599319458008,18.05419921875,17.66939926147461,0.9144001007080078,0.3847999572753906,0.0,54.0,ok
ZTF24aayxdbn,,,,,,,,,empty
ZTF22aapmawo,0.08763852900978622,,,21.92300033569336,,,0.0,2.0,ok
ZTF18acrvakb,0.21720303804137425,17.479299545288086,16.804100036621094,16.698699951171875,0.6751995086669922,0.10540008544921875,0.0,70.0,ok
ZTF20aammdfk,,,,,,,,,empty
ZTF20aauooag,0.4142218821274339,18.749300003051758,18.322500228881836,17.77090072631836,0.4267997741699219,0.5515995025634766,0.0,107.0,ok
ZTF23aaenlmq,,,,,,,,,empty
ZTF18acrxnfr,0.08217944352089615,21.33530044555664,20.99679946899414,20.905500411987305,0.3385009765625,0.09129905700683594,0.0,22.0,ok
ZTF20absyium,,,,,,,,,empty
ZTF22aabhtsw,,,,,,,,,empty
ZTF18acbvgry,0.49394897753558076,20.970399856567383,20.419300079345703,20.436500549316406,0.5510997772216797,-0.017200469970703125,0.0,50.0,ok
ZTF23aaeayer,,,,,,,,,empty
ZTF19ackjnuq,0.9780993150976454,20.378999710083008,20.16819953918457,20.164600372314453,0.2108001708984375,0.0035991668701171875,0.0,61.0,ok
ZTF21aaxtrlt,,,,,,,,,empty
ZTF18aawqjjj,0.5004335030351432,19.68160057067871,19.186199188232422,18.94059944152832,0.49540138244628906,0.24559974670410156,0.0,74.0,ok
ZTF21aapdumx,,,,,,,,,empty
ZTF23aavyhbo,,,,,,,,,empty
ZTF25aahfvex,,,,,,,,,empty
ZTF21abouexm,1.4747271986402228,22.053199768066406,,20.93000030517578,,,0.0,2.0,ok
ZTF20aaffgwg,1.3028539073656769,16.83300018310547,19.143600463867188,16.290000915527344,-2.3106002807617188,2.8535995483398438,,2.0,ok
ZTF25acemdgn,0.7165697307783044,,18.61359977722168,18.797000885009766,,-0.18340110778808594,0.0,10.0,ok
ZTF22aadephk,0.4653156553939802,19.505599975585938,19.042600631713867,18.84819984436035,0.4629993438720703,0.19440078735351562,0.0,74.0,ok
ZTF23aapnnuq,,,,,,,,,empty
ZTF24abbbdqs,,,,,,,,,empty
ZTF23absevxk,,,,,,,,,empty
ZTF20abyleyk,0.33213864086991746,20.25160026550293,19.662799835205078,19.38920021057129,0.5888004302978516,0.27359962463378906,0.0,58.0,ok
ZTF20aazdsty,,,,,,,,,empty
ZTF18aavvnzu,0.7907820025122003,,19.492300033569336,19.08989906311035,,0.4024009704589844,0.0,9.0,ok
ZTF21aaflcbk,0.24129442307244517,22.061100006103516,21.476999282836914,21.760900497436523,0.5841007232666016,-0.2839012145996094,0.0,13.0,ok
ZTF19abyihtb,0.12563064145569242,17.031600952148438,16.31909942626953,15.871999740600586,0.7125015258789062,0.4470996856689453,0.0,62.0,ok
ZTF22abfskre,0.4006498417937162,20.077800750732422,,,,,,2.0,ok
ZTF25aaizkhw,,,,,,,,,empty
ZTF21aalenaa,,,,,,,,,empty
ZTF22aavcyar,,,,,,,,,empty
ZTF18abxbhov,,,,,,,,,empty
ZTF18aaydbyc,0.11637308362455422,,16.419099807739258,,,,,2.0,ok
ZTF19acfmwlh,,,,,,,,,empty
ZTF23aazysgv,0.6443740491363111,20.05139923095703,19.6835994720459,19.427400588989258,0.3677997589111328,0.2561988830566406,0.0,66.0,ok
ZTF25abxfpgs,,,,,,,,,empty
ZTF22aahhywm,,,,,,,,,empty
ZTF24abrimib,,,,,,,,,empty
ZTF24aacrbua,,,,,,,,,empty
ZTF23aadozop,,,,,,,,,empty
ZTF21abebgfr,,,,,,,,,empty
ZTF24aaxvjcx,0.24214996017634904,,20.77440071105957,,,,,2.0,ok
ZTF19abipmfl,0.127310405815846,19.513500213623047,18.87150001525879,18.6830997467041,0.6420001983642578,0.1884002685546875,0.0,83.0,ok
ZTF21abzgzvs,,,,,,,,,empty
ZTF21acjrfhr,,,,,,,,,empty
ZTF18adpdhal,0.6936165429557055,18.019899368286133,17.072799682617188,16.91659927368164,0.9470996856689453,0.15620040893554688,0.0,88.0,ok
ZTF19aczrmvs,,,,,,,,,empty
ZTF20acgcpuu,,,,,,,,,empty
ZTF18acsyanq,0.5895249533804529,19.962600708007812,19.711999893188477,19.283599853515625,0.25060081481933594,0.42840003967285156,0.0,76.0,ok
ZTF20acpilio,,,,,,,,,empty
ZTF23aaencty,0.23208970703716938,21.00510025024414,,20.31279945373535,,,0.0,4.0,ok
ZTF18abmjvuf,,,,,,,,,empty
ZTF25aadlqhw,,,,,,,,,empty
ZTF23aaawcpz,0.5652614564127747,,,21.064800262451172,,,0.0,6.0,ok
ZTF23aacdggx,,,,,,,,,empty
ZTF22absphuu,,,,,,,,,empty
ZTF25acgqfpv,,,,,,,,,empty
ZTF21abflmkk,,,,,,,,,empty
ZTF18acwwowy,,,,,,,,,empty
ZTF21aaabwfu,,,,,,,,,empty
ZTF24aaoniol,,,,,,,,,empty
ZTF23aaexcmm,,,,,,,,,empty
ZTF23aaaizts,,,,,,,,,empty
ZTF22abfypms,0.7900906282200716,,21.5856990814209,21.46489906311035,,0.12080001831054688,0.0,9.0,ok
ZTF20acbiwri,0.9951222118808598,19.429000854492188,19.15850067138672,19.02050018310547,0.27050018310546875,0.13800048828125,0.0,74.0,ok
ZTF21abghumo,1.2299947329389083,22.135900497436523,21.64590072631836,21.62980079650879,0.48999977111816406,0.016099929809570312,0.0,14.0,ok
ZTF20abojvde,,,,,,,,,empty
ZTF22abqbljk,,,,,,,,,empty
ZTF22aaafeiu,,,,,,,,,empty
ZTF24aathuwg,,,,,,,,,empty
ZTF21achhwdz,0.6211566079074262,19.820100784301758,19.7367000579834,19.3341007232666,0.08340072631835938,0.4025993347167969,0.0,69.0,ok
ZTF25abxqxhs,,,,,,,,,empty
ZTF19aanhgqg,,,,,,,,,empty
ZTF21abmcori,,,,,,,,,empty
ZTF19aawnqoj,0.9486253624699608,19.323299407958984,18.747699737548828,18.911800384521484,0.5755996704101562,-0.16410064697265625,0.0,60.0,ok
ZTF19acuybzx,1.085006980492555,19.62660026550293,19.664600372314453,19.77869987487793,-0.03800010681152344,-0.11409950256347656,0.0,44.0,ok
ZTF21abmzpmc,0.49058675821323633,20.91309928894043,,20.238500595092773,,,0.0,3.0,ok
ZTF22abtokxg,,,,,,,,,empty
ZTF19abahsgg,,,,,,,,,empty
ZTF18acrgunw,1.3478663784609255,19.331600189208984,19.01569938659668,18.755199432373047,0.3159008026123047,0.2604999542236328,0.0,164.0,ok
ZTF20acxvvnf,1.1869571648041704,,20.348100662231445,20.299400329589844,,0.04870033264160156,0.0,3.0,ok
ZTF19aajxhwa,,,,,,,,,empty
ZTF24aanvvqn,1.1799518187248383,,,19.024799346923828,,,0.0,3.0,ok
ZTF18abgosbg,,,,,,,,,empty
ZTF20achbekh,,,,,,,,,empty
ZTF22abebxpb,0.03227951253354995,20.123699188232422,19.934900283813477,19.566299438476562,0.1887989044189453,0.36860084533691406,0.0,72.0,ok
ZTF23abfubfc,0.17563618137591436,19.024099349975586,18.396699905395508,18.030099868774414,0.6273994445800781,0.36660003662109375,0.0,55.0,ok
ZTF21abimeun,0.3122441310590106,,19.309499740600586,,,,,4.0,ok
ZTF23abprwou,,,,,,,,,empty
ZTF23aaawcwq,,,,,,,,,empty
ZTF24aabwvws,,,,,,,,,empty
ZTF21acjomly,,,,,,,,,empty
ZTF20abpqbgi,0.08208460562440063,,,,,,,2.0,ok
ZTF19aavoweu,,,,,,,,,empty
ZTF18aadkjmo,0.04203334345985994,17.721900939941406,16.641799926757812,16.476600646972656,1.0801010131835938,0.16519927978515625,0.0,61.0,ok
ZTF19acgdfjt,1.2401434458632423,17.49449920654297,16.793800354003906,16.529300689697266,0.7006988525390625,0.2644996643066406,0.0,74.0,ok
ZTF23aastndi,,,,,,,,,empty
ZTF25abyrwhz,,,,,,,,,empty
ZTF25acgdfwz,,,,,,,,,empty
ZTF19aauivtj,0.8004456395664447,20.577499389648438,19.18239974975586,19.537799835205078,1.3950996398925781,-0.35540008544921875,0.0,22.0,ok
ZTF19acbwaah,,,,,,,,,empty
ZTF19abudlps,,,,,,,,,empty
ZTF19aamhhgu,0.920037857664521,19.25029945373535,18.90679931640625,18.401899337768555,0.34350013732910156,0.5048999786376953,0.0,66.0,ok
ZTF18abgxvra,,,,,,,,,empty
ZTF19aawfcgp,,,,,,,,,empty
ZTF18abtfvsk,,,,,,,,,empty
ZTF18abjyime,,,,,,,,,empty
ZTF18abskzjm,,,,,,,,,empty
ZTF25acapohj,,,,,,,,,empty
ZTF20aahdwze,1.0175861162027537,19.3351993560791,19.18670082092285,19.1156005859375,0.14849853515625,0.07110023498535156,0.0,79.0,ok
ZTF24aaumfvx,,,,,,,,,empty
ZTF24abiwsvi,,,,,,,,,empty
ZTF20abmcwtd,1.2360399260029253,,,21.004499435424805,,,0.0,2.0,ok
ZTF22abhsxph,0.677914592954966,19.319400787353516,18.148000717163086,19.020099639892578,1.1714000701904297,-0.8720989227294922,0.0,4.0,ok
ZTF25aattqgf,0.6812297542889577,19.111400604248047,19.081499099731445,19.20560073852539,0.029901504516601562,-0.12410163879394531,,28.0,ok
ZTF20aawwcgb,,,,,,,,,empty
ZTF21acjjtmh,0.09182685494063308,19.979900360107422,,,,,,4.0,ok
ZTF25abmhpuo,1.1358784765809657,,20.670499801635742,19.789199829101562,,0.8812999725341797,0.0,49.0,ok
ZTF19aaeoqkk,0.2937138735024821,20.211599349975586,20.117300033569336,19.828800201416016,0.09429931640625,0.2884998321533203,0.0,14.0,ok
ZTF20acijssu,,,,,,,,,empty
ZTF22aajkpen,,,,,,,,,empty
ZTF20acrdemq,,,,,,,,,empty
ZTF24aawruhq,,,,,,,,,empty
ZTF21aacscvb,,,,,,,,,empty
ZTF24aargoer,1.3285355330620174,18.759700775146484,18.572200775146484,18.225400924682617,0.1875,0.3467998504638672,0.0,107.0,ok
ZTF21aawtazf,0.09614378788290168,17.92569923400879,17.302000045776367,16.85449981689453,0.6236991882324219,0.44750022888183594,0.0,74.0,ok
ZTF19acgfowd,,,,,,,,,empty
ZTF21acheiti,,,,,,,,,empty
ZTF18acnbgrb,,,,,,,,,empty
ZTF21aaxtdrs,,,,,,,,,empty
ZTF21abaputv,,,,,,,,,empty
ZTF24aanmitt,0.0887082515247168,19.430599212646484,18.891000747680664,18.364599227905273,0.5395984649658203,0.5264015197753906,0.0,69.0,ok
ZTF20acoqlav,0.38037903669457296,18.562400817871094,17.65180015563965,17.438800811767578,0.9106006622314453,0.2129993438720703,0.0,70.0,ok
ZTF23aaxpfpa,0.6193079507303897,,17.819799423217773,21.178499221801758,,-3.3586997985839844,0.0,2.0,ok
ZTF22aaoippk,,,,,,,,,empty
ZTF20actrwym,1.027104616470005,21.989099502563477,21.917699813842773,21.83650016784668,0.07139968872070312,0.08119964599609375,0.0,13.0,ok
ZTF22abfavpu,,,,,,,,,empty
ZTF25abopybc,,,,,,,,,empty
ZTF23aaatixf,,,,,,,,,empty
ZTF25abevfgb,,,,,,,,,empty
ZTF20acobamg,0.08067519681917329,,,19.79199981689453,,,0.0,2.0,ok
ZTF24aaehvnx,,,,,,,,,empty
ZTF25aarodyp,0.5957580073824477,20.0939998626709,20.076900482177734,19.88409996032715,0.017099380493164062,0.19280052185058594,0.0,72.0,ok
ZTF19aazpvdy,,,,,,,,,empty
ZTF20abvaida,,,,,,,,,empty
ZTF18abbpyvk,,,,,,,,,empty
ZTF18acjxyak,0.5669708403783797,16.6697998046875,16.136999130249023,15.92300033569336,0.5328006744384766,0.21399879455566406,0.0,80.0,ok
ZTF20aahpwym,0.30328908786142217,,21.309099197387695,,,,,2.0,ok
ZTF20aamnvij,,,,,,,,,empty
ZTF18acbudzh,,,,,,,,,empty
ZTF20acbeanu,0.2640260119139344,18.899099349975586,18.21419906616211,17.857099533081055,0.6849002838134766,0.3570995330810547,0.0,72.0,ok
ZTF25acegczg,,,,,,,,,empty
ZTF18acrygtk,,,,,,,,,empty
ZTF20abbbumr,1.34708100328708,21.35460090637207,21.32080078125,20.875099182128906,0.03380012512207031,0.44570159912109375,0.0,40.0,ok
ZTF20acnzkxb,0.6250343287368586,19.45159912109375,21.114299774169922,,-1.6627006530761719,,,9.0,ok
ZTF22abnejmu,,,,,,,,,empty
ZTF23aakstht,0.8937715030479242,21.138599395751953,20.867399215698242,20.65690040588379,0.27120018005371094,0.21049880981445312,0.0,65.0,ok
ZTF24abkiblx,1.0277024053338315,,19.60580062866211,,,,,2.0,ok
ZTF20acjetyf,0.2135746572276721,,,,,,,2.0,ok
ZTF25aceilra,0.17759238996158536,19.574600219726562,18.7726993560791,18.566699981689453,0.8019008636474609,0.20599937438964844,0.0,66.0,ok
ZTF24abyhmba,0.8320938998740516,21.620399475097656,21.41510009765625,,0.20529937744140625,,,2.0,ok
ZTF21aaewexx,,,,,,,,,empty
ZTF24abgqgdy,,,,,,,,,empty
ZTF21aaaotku,,,,,,,,,empty
ZTF20achvmoj,,,,,,,,,empty
ZTF23abomtge,0.6286546260915857,22.12929916381836,21.524200439453125,21.274099349975586,0.6050987243652344,0.25010108947753906,0.0,15.0,ok
ZTF25acgoxlz,,,,,,,,,empty
ZTF20aattriw,1.3102763614949333,,21.058000564575195,,,,,2.0,ok
ZTF21aarxsfm,0.6107942777917865,19.953100204467773,,18.886899948120117,,,,3.0,ok
ZTF24abtblmg,0.9300679585630997,,,,,,,2.0,ok
ZTF20aavhire,,,,,,,,,empty
ZTF20ablyczu,,,,,,,,,empty
ZTF23absbzli,,,,,,,,,empty
ZTF23abbhuoa,0.36462443677947104,17.990699768066406,17.309799194335938,17.145700454711914,0.6809005737304688,0.16409873962402344,0.0,82.0,ok
ZTF21aafdxca,,,,,,,,,empty
ZTF18acvgyst,,,,,,,,,empty
ZTF23aajscgu,,,,,,,,,empty
ZTF25acbeqrz,,,,,,,,,empty
ZTF24abvgqpr,,,,,,,,,empty
ZTF20aahggbm,0.11967573616605617,19.643999099731445,19.078100204467773,18.642200469970703,0.5658988952636719,0.4358997344970703,0.0,66.0,ok
ZTF25acgaiba,0.777727769689901,,,21.13479995727539,,,0.0,2.0,ok
ZTF19acxowrr,,,,,,,,,empty
ZTF19accjnpz,0.18863001242076807,21.74489974975586,21.599199295043945,21.362300872802734,0.14570045471191406,0.23689842224121094,0.0,35.0,ok
ZTF19aampokl,0.19003366704364522,22.059499740600586,22.041000366210938,19.157699584960938,0.018499374389648438,2.88330078125,1.0,15.0,ok
ZTF19acuymeu,1.196303253260597,,,,,,,2.0,ok
ZTF23aaqhtiq,0.7647863266498985,,,20.89579963684082,,,0.0,3.0,ok
ZTF20aazpaki,0.15874140060277153,20.47920036315918,20.13920021057129,19.922100067138672,0.3400001525878906,0.2171001434326172,0.0,91.0,ok
ZTF21abqxmpa,,,,,,,,,empty
ZTF20abgpksj,,,,,,,,,empty
ZTF20aaomtwl,1.2153074991168318,21.576799392700195,21.559099197387695,21.33289909362793,0.0177001953125,0.22620010375976562,0.0,35.0,ok
ZTF22aapuvqy,,,,,,,,,empty
ZTF18absbgqd,0.4430361437227691,21.960500717163086,21.49799919128418,21.183500289916992,0.46250152587890625,0.3144989013671875,0.0,23.0,ok
ZTF18adbacau,,,,,,,,,empty
ZTF23aausgkl,,,,,,,,,empty
ZTF19aakpccq,,,,,,,,,empty
ZTF23aajjddh,,,,,,,,,empty
ZTF19abvbrve,,,,,,,,,empty
ZTF23aafqzkn,,,,,,,,,empty
ZTF19abiietd,1.0266560739574608,17.02589988708496,17.10140037536621,17.018600463867188,-0.07550048828125,0.08279991149902344,0.0,67.0,ok
ZTF20aanaeev,0.8900347446732539,18.859899520874023,18.603599548339844,18.353500366210938,0.2562999725341797,0.25009918212890625,0.0,87.0,ok
ZTF22aashqrd,,,,,,,,,empty
ZTF25abuvxsy,0.5606733154579825,,,,,,,2.0,ok
ZTF24abqpshs,0.23255712758618932,19.8927001953125,19.535999298095703,19.15130043029785,0.3567008972167969,0.38469886779785156,0.0,83.0,ok
ZTF20abzcokv,,,,,,,,,empty
ZTF18acsremz,0.4565481336157084,16.59630012512207,16.4512996673584,15.865900039672852,0.14500045776367188,0.5853996276855469,0.0,67.0,ok
ZTF24aaibcrw,,,,,,,,,empty
ZTF19abrsssx,,,,,,,,,empty
ZTF20abixkhh,,,,,,,,,empty
ZTF18accrorf,,,,,,,,,empty
ZTF21aamxduf,0.20896676038999767,18.34950065612793,17.70829963684082,17.35379981994629,0.6412010192871094,0.35449981689453125,0.0,58.0,ok
ZTF22aartmuz,0.9616009140388522,,,20.089799880981445,,,0.0,2.0,ok
ZTF20abcxnkh,,,,,,,,,empty
ZTF22aafrsmk,,,,,,,,,empty
ZTF21abvddpq,0.4554672156553432,,,,,,,2.0,ok
ZTF23abjhbcr,0.6974081540546321,20.699100494384766,19.639299392700195,19.135900497436523,1.0598011016845703,0.5033988952636719,0.0,55.0,ok
ZTF22aakfzqz,,,,,,,,,empty
ZTF19accobqx,0.7839069270961594,18.963300704956055,18.650999069213867,18.52680015563965,0.3123016357421875,0.12419891357421875,0.0,59.0,ok
ZTF25aargzjz,0.8887789941152636,19.57509994506836,19.31170082092285,18.8789005279541,0.2633991241455078,0.43280029296875,0.0,78.0,ok
ZTF21aahaksd,0.20781535264834267,16.429899215698242,15.731499671936035,15.272100448608398,0.698399543762207,0.4593992233276367,0.0,94.0,ok
ZTF22abfxmvf,,,,,,,,,empty
ZTF24aahgidl,,,,,,,,,empty
ZTF25acberoe,0.26699511371543994,18.601499557495117,18.05970001220703,18.041799545288086,0.5417995452880859,0.017900466918945312,0.0,70.0,ok
ZTF24aaybeda,,,,,,,,,empty
ZTF22abdtcki,0.668546436836778,21.329500198364258,21.379199981689453,21.079500198364258,-0.04969978332519531,0.2996997833251953,0.0,11.0,ok
ZTF21aapkvrd,0.12061598443074918,18.5851993560791,17.771400451660156,17.462600708007812,0.8137989044189453,0.30879974365234375,0.0,94.0,ok
ZTF21abvhxyk,,,,,,,,,empty
ZTF24aaiaaxr,,,,,,,,,empty
ZTF23aamqtel,1.3146624931338016,19.773700714111328,19.79319953918457,19.864200592041016,-0.019498825073242188,-0.07100105285644531,0.0,48.0,ok
ZTF18acbvhit,,,,,,,,,empty
ZTF22abkjegi,0.9615067097283434,,21.50510025024414,,,,,2.0,ok
ZTF19aaupkrl,,,,,,,,,empty
ZTF23abetwwi,,,,,,,,,empty
ZTF22abfvxlz,0.13535636643886845,19.3710994720459,18.774499893188477,18.43709945678711,0.5965995788574219,0.3374004364013672,0.0,61.0,ok
ZTF23aaeyugg,,,,,,,,,empty
ZTF18abqlpgq,,,,,,,,,empty
ZTF23aajenxf,,,,,,,,,empty
ZTF25abfqfnj,,,,,,,,,empty
ZTF24aavzrue,,,,,,,,,empty
ZTF23aaaboss,0.3929383477266669,17.615400314331055,17.045799255371094,16.788700103759766,0.5696010589599609,0.2570991516113281,0.0,69.0,ok
ZTF23aauqmys,0.04414807204767551,18.114999771118164,17.88640022277832,17.59709930419922,0.22859954833984375,0.28930091857910156,0.0,54.0,ok
ZTF18aaydmkh,0.4657146832187448,19.548999786376953,18.790199279785156,18.016700744628906,0.7588005065917969,0.77349853515625,0.0,76.0,ok
ZTF22aajtaem,1.1559842593434564,,,19.172300338745117,,,0.0,2.0,ok
ZTF20acwlsro,0.7681862209193964,20.405799865722656,20.196500778198242,20.0044002532959,0.20929908752441406,0.19210052490234375,0.0,69.0,ok
ZTF22aatunnt,,,,,,,,,empty
ZTF20aagmrid,,,,,,,,,empty
ZTF22aaafmzj,,,,,,,,,empty
ZTF24abmummp,1.3812116200434121,19.155899047851562,18.590599060058594,18.345800399780273,0.5652999877929688,0.2447986602783203,0.0,82.0,ok
ZTF19aatnfci,,,,,,,,,empty
ZTF25aadeltq,0.8849926852930334,20.04400062561035,19.37980079650879,19.406400680541992,0.6641998291015625,-0.026599884033203125,0.0,11.0,ok
ZTF20acviwcr,,,,,,,,,empty
ZTF22aaolwsd,0.7652022104645217,,,,,,,8.0,ok
ZTF24aaekbzn,,,,,,,,,empty
ZTF23aaazdla,,,,,,,,,empty
ZTF22abiqxao,,,,,,,,,empty
ZTF19abqqrgy,,,,,,,,,empty
ZTF19abrsuah,,,,,,,,,empty
ZTF19acxhkvc,,,,,,,,,empty
ZTF20aaiqiti,1.352869416408531,,,,,,,2.0,ok
ZTF23abphqjk,,,,,,,,,empty
ZTF20acxncha,,,,,,,,,empty
ZTF24abcxfhy,0.2578477303798325,21.645000457763672,21.004199981689453,21.000200271606445,0.6408004760742188,0.0039997100830078125,0.0,29.0,ok
ZTF22aaacmxt,,,,,,,,,empty
ZTF19abfdszw,,,,,,,,,empty
ZTF24aaxlnut,0.3528172933305773,19.840099334716797,19.3789005279541,18.85580062866211,0.4611988067626953,0.5230998992919922,0.0,74.0,ok
ZTF23aavshwi,,,,,,,,,empty
ZTF21aaabxln,,,,,,,,,empty
ZTF21abaaipx,,,,,,,,,empty
ZTF22abgawib,0.2405610054554767,21.52589988708496,21.322799682617188,21.175100326538086,0.20310020446777344,0.14769935607910156,0.0,40.0,ok
ZTF20aanvpzo,,,,,,,,,empty
ZTF22abscvex,,,,,,,,,empty
ZTF19abvhkst,0.13526601907187033,19.843299865722656,19.802600860595703,19.507600784301758,0.040699005126953125,0.2950000762939453,0.0,68.0,ok
ZTF22aahnvmo,,,,,,,,,empty
ZTF18acmznfc,1.032945614672712,18.706899642944336,18.015499114990234,17.500099182128906,0.6914005279541016,0.5153999328613281,0.0,91.0,ok
ZTF20aaifyfx,0.6268839334075333,18.198299407958984,17.377500534057617,17.117399215698242,0.8207988739013672,0.260101318359375,0.0,86.0,ok
ZTF21aadatfg,0.27608344820286673,20.55780029296875,20.39310073852539,20.186100006103516,0.16469955444335938,0.207000732421875,0.0,56.0,ok
ZTF23aadjhyj,,,,,,,,,empty
ZTF21aavxruq,,,,,,,,,empty
ZTF20acwfftd,,,,,,,,,empty
ZTF19aanxufb,,,,,,,,,empty
ZTF20abxpoxd,,,,,,,,,empty
ZTF25aaoefsh,,,,,,,,,empty
ZTF21abhvquj,,,,,,,,,empty
ZTF23aaahegu,0.9745723414964981,18.703500747680664,18.128999710083008,17.489500045776367,0.5745010375976562,0.6394996643066406,0.0,58.0,ok
ZTF20aaogrqe,,,,,,,,,empty
ZTF22aazjvid,,,,,,,,,empty
ZTF25ackyyzk,,,,,,,,,empty
ZTF18adhzhfw,0.0987197192535377,21.84440040588379,21.757699966430664,20.59079933166504,0.086700439453125,1.166900634765625,1.0,20.0,ok
ZTF19aailmfm,,,,,,,,,empty
ZTF24abtlppf,,,,,,,,,empty
ZTF18abfdupq,1.0034445038877877,18.22209930419922,17.634199142456055,16.911500930786133,0.5879001617431641,0.7226982116699219,0.0,113.0,ok
ZTF18acrlmvt,0.7542116667475806,18.99410057067871,18.176599502563477,17.7903995513916,0.8175010681152344,0.386199951171875,0.0,81.0,ok
ZTF23abecphw,,,,,,,,,empty
ZTF19abqrhvy,,,,,,,,,empty
ZTF21abwxext,,,,,,,,,empty
ZTF19acgjnis,,,,,,,,,empty
ZTF23aaedrcn,,,,,,,,,empty
ZTF20acqelhh,,,,,,,,,empty
ZTF20abqlgtv,,,,,,,,,empty
ZTF21abceehu,,,,,,,,,empty
ZTF23aakfysp,,,,,,,,,empty
ZTF23abvrjdu,,,,,,,,,empty
ZTF20acxmxth,0.17413444404667702,19.686500549316406,18.839099884033203,18.662599563598633,0.8474006652832031,0.1765003204345703,0.0,63.0,ok
ZTF25aauhsoe,,,,,,,,,empty
ZTF18aatgdph,,,,,,,,,empty
ZTF21acaeoms,1.3992163193938048,19.3518009185791,18.679899215698242,18.58989906311035,0.6719017028808594,0.09000015258789062,0.0,71.0,ok
ZTF20acxcxkz,1.1527477756288178,,21.45549964904785,,,,,2.0,ok
ZTF25abiksod,,,,,,,,,empty
ZTF19aarphwc,,,,,,,,,empty
ZTF19aaohyqj,,,,,,,,,empty
ZTF19abdkgwo,,,,,,,,,empty
ZTF25abikaaq,,,,,,,,,empty
ZTF22abbirsn,,,,,,,,,empty
ZTF21ackwgzm,,,,,,,,,empty
ZTF19aawmqtd,0.9471029979970954,,19.216400146484375,,,,,3.0,ok
ZTF25aaurwnn,,,,,,,,,empty
ZTF22abrredj,,,,,,,,,empty
ZTF19acyplkt,1.0665116102851915,,,,,,,2.0,ok
ZTF22aapjqpn,,,,,,,,,empty
ZTF19abzrhgq,0.11122603637359448,18.188899993896484,17.533300399780273,17.280899047851562,0.6555995941162109,0.25240135192871094,0.0,85.0,ok
ZTF24abpqghw,,,,,,,,,empty
ZTF21acafwof,,,,,,,,,empty
ZTF18acetnxh,0.018872534790827997,19.077800750732422,18.46500015258789,17.841100692749023,0.6128005981445312,0.6238994598388672,0.0,54.0,ok
ZTF23aaboynz,,,,,,,,,empty
ZTF24aaaenwq,0.5103223803165641,,21.287599563598633,21.780500411987305,,-0.4929008483886719,,2.0,ok
ZTF20achbejn,0.9178372856582969,19.408899307250977,19.968700408935547,,-0.5598011016845703,,,4.0,ok
ZTF19aawblge,,,,,,,,,empty
ZTF20acnvtxy,,,,,,,,,empty
ZTF21aarigsr,0.6534842915060549,22.18790054321289,21.512300491333008,21.390600204467773,0.6756000518798828,0.12170028686523438,0.0,8.0,ok
ZTF20acgided,,,,,,,,,empty
ZTF21abvvivq,0.9230899537795986,18.92770004272461,18.206100463867188,18.006000518798828,0.7215995788574219,0.20009994506835938,0.0,68.0,ok
ZTF25aafezal,,,,,,,,,empty
ZTF19aaprvar,,,,,,,,,empty
ZTF18acqqyah,,,,,,,,,empty
ZTF21aagqbvp,,,,,,,,,empty
ZTF19acbpnii,,,,,,,,,empty
ZTF19abrlvij,1.3855360355562207,20.24410057067871,20.04319953918457,19.655000686645508,0.20090103149414062,0.3881988525390625,0.0,67.0,ok
ZTF24aaqiqpw,,,,,,,,,empty
ZTF25acgqhry,,,,,,,,,empty
ZTF18aahtnlt,0.19811378957653222,16.379199981689453,16.135499954223633,15.8725004196167,0.2437000274658203,0.2629995346069336,0.0,82.0,ok
ZTF21acdontl,,,,,,,,,empty
ZTF23aavvckk,,,,,,,,,empty
ZTF21aapjqdl,,,,,,,,,empty
ZTF20abjapox,0.1546645080363914,17.236299514770508,16.655500411987305,16.153600692749023,0.5807991027832031,0.5018997192382812,0.0,71.0,ok
ZTF25aavddzo,,,,,,,,,empty
ZTF22aarycqo,,,,,,,,,empty
ZTF20aapadwx,,,,,,,,,empty
ZTF20aatpoef,,,,,,,,,empty
ZTF25abbaljx,0.7145357022380003,,,18.571699142456055,,,0.0,2.0,ok
ZTF24aawajih,,,,,,,,,empty
ZTF18absgmhg,0.1854030334532882,16.960399627685547,16.303300857543945,16.05929946899414,0.6570987701416016,0.2440013885498047,0.0,93.0,ok
ZTF19aapocyd,,,,,,,,,empty
ZTF22aacagjm,,,,,,,,,empty
ZTF18acspjqd,0.7399332731359354,19.868200302124023,,19.74530029296875,,,0.0,5.0,ok
ZTF22abaucrh,1.2495816206852797,16.790000915527344,16.11210060119629,15.704099655151367,0.6779003143310547,0.4080009460449219,0.0,69.0,ok
ZTF19acetxvq,,,,,,,,,empty
ZTF18abktmfz,,,,,,,,,empty
ZTF20abqmtsh,0.9743818897491915,18.653400421142578,17.59709930419922,16.838699340820312,1.0563011169433594,0.7583999633789062,,15.0,ok
ZTF20abgaovd,0.5396957009212231,,,,,,,2.0,ok
ZTF19ackbjtf,,,,,,,,,empty
ZTF19abcneik,0.46987585939200427,20.999500274658203,,,,,,2.0,ok
ZTF19acjtkha,,,,,,,,,empty
ZTF24abqbyxd,,,,,,,,,empty
ZTF19abyzuos,,,,,,,,,empty
ZTF25aazgkhd,,,,,,,,,empty
ZTF22aataizc,0.8502329601215348,22.107500076293945,21.802099227905273,21.433700561523438,0.3054008483886719,0.36839866638183594,0.0,17.0,ok
ZTF20acctbbw,0.8931098188069343,21.077199935913086,20.239599227905273,20.544200897216797,0.8376007080078125,-0.30460166931152344,0.0,8.0,ok
ZTF20acoqpbg,,,,,,,,,empty
ZTF20aattqle,0.7638675603600668,20.42140007019043,20.70829963684082,20.531200408935547,-0.2868995666503906,0.17709922790527344,0.0,11.0,ok
ZTF24acaeozu,,,,,,,,,empty
ZTF21abpmlxu,,,,,,,,,empty
ZTF22abhxptj,0.573176508464454,19.827800750732422,19.436899185180664,19.069799423217773,0.3909015655517578,0.3670997619628906,0.0,64.0,ok
ZTF23aanyiwk,1.3650081175284219,21.01110076904297,,,,,,2.0,ok
ZTF18acvwhaz,0.34273892241063547,19.702199935913086,19.459400177001953,19.074199676513672,0.2427997589111328,0.38520050048828125,0.0,73.0,ok
ZTF19accstol,,,,,,,,,empty
ZTF19acdjiml,0.5989649891844674,21.847200393676758,21.465499877929688,21.314199447631836,0.3817005157470703,0.15130043029785156,0.0,8.0,ok
ZTF25aaoyfil,0.3934486177946591,18.286699295043945,17.614299774169922,16.949199676513672,0.6723995208740234,0.66510009765625,0.0,96.0,ok
ZTF19abegxfs,,,,,,,,,empty
ZTF22aaabovl,0.060201862273190174,20.058900833129883,19.388500213623047,19.0393009185791,0.6704006195068359,0.3491992950439453,0.0,75.0,ok
ZTF24aayagxg,,,,,,,,,empty
ZTF20acknpig,,,,,,,,,empty
ZTF23aaqujvz,0.6718510176477179,,,20.017099380493164,,,0.0,3.0,ok
ZTF25abxgmpf,0.8784418833586282,19.351200103759766,18.57430076599121,17.76849937438965,0.7768993377685547,0.8058013916015625,0.0,120.0,ok
ZTF23aarfblz,,,,,,,,,empty
ZTF25acczido,,,,,,,,,empty
ZTF24abluyoy,0.9354964146723209,,,21.242900848388672,,,0.0,2.0,ok
ZTF21aazfkyj,,,,,,,,,empty
ZTF19aazdirb,,,,,,,,,empty
ZTF19abwztsb,,,,,,,,,empty
ZTF20acgnbvv,1.249412030011907,19.874799728393555,19.55620002746582,18.805599212646484,0.3185997009277344,0.7506008148193359,0.0,58.0,ok
ZTF25aaqvwgk,,,,,,,,,empty
ZTF20abxtiyh,,,,,,,,,empty
ZTF20aaynrrh,0.5116823054895971,,,21.300600051879883,,,0.0,2.0,ok
ZTF24aaaisri,,,,,,,,,empty
ZTF20aaavvlv,,,,,,,,,empty
ZTF20abjkvyt,,,,,,,,,empty
ZTF23abmewfr,,,,,,,,,empty
ZTF20aayvubx,,,,,,,,,empty
ZTF19adjvjqi,,,,,,,,,empty
ZTF20abygigy,,,,,,,,,empty
ZTF20abgfvav,,,,,,,,,empty
ZTF21aagtpyw,,,,,,,,,empty
ZTF18acwyvet,,,,,,,,,empty
ZTF19acgemqj,,,,,,,,,empty
ZTF24abwbjpg,1.0696816379915581,,,,,,,4.0,ok
ZTF20acdafau,,,,,,,,,empty
ZTF21aaxwcof,,,,,,,,,empty
ZTF24abgvscf,,,,,,,,,empty
ZTF23aavwpbn,,,,,,,,,empty
ZTF25aashgjy,,,,,,,,,empty
ZTF18acnnxzz,,,,,,,,,empty
ZTF23aaaigqy,,,,,,,,,empty
ZTF23aboemfi,,,,,,,,,empty
ZTF21aabxztv,,,,,,,,,empty
ZTF18aasycpd,,,,,,,,,empty
ZTF24abchpnc,,,,,,,,,empty
ZTF25abyobbm,0.6643306892201557,19.631200790405273,18.875,18.645599365234375,0.7562007904052734,0.229400634765625,0.0,68.0,ok
ZTF21aalkjbl,1.4190709317862769,,22.10740089416504,20.749799728393555,,1.3576011657714844,0.0,2.0,ok
ZTF23aaqnjej,0.5984276819249527,20.012500762939453,19.921600341796875,19.694799423217773,0.09090042114257812,0.22680091857910156,0.0,90.0,ok
ZTF22aaqzqzk,0.7541061682276492,18.216699600219727,17.8080997467041,17.504600524902344,0.408599853515625,0.3034992218017578,0.0,71.0,ok
ZTF19acfqtej,0.399733899777499,17.763399124145508,16.948999404907227,16.415800094604492,0.8143997192382812,0.5331993103027344,0.0,73.0,ok
ZTF21aarejnt,,,,,,,,,empty
ZTF20abuojuw,,,,,,,,,empty
ZTF19aaljeup,0.6451128602924409,,,20.530000686645508,,,0.0,2.0,ok
ZTF21abfflmp,,,,,,,,,empty
ZTF22aboapcj,,,,,,,,,empty
ZTF22aaoolrn,0.24769566689432226,19.353900909423828,18.867900848388672,18.591400146484375,0.48600006103515625,0.2765007019042969,0.0,73.0,ok
ZTF23aapxvut,,,,,,,,,empty
ZTF20abrnklh,0.5051698067993688,19.234600067138672,18.717100143432617,18.34119987487793,0.5174999237060547,0.3759002685546875,0.0,73.0,ok
ZTF22ablvnwa,,,,,,,,,empty
ZTF25abimmqu,,,,,,,,,empty
ZTF22abtsybt,,,,,,,,,empty
ZTF25aabmhdd,1.067542239045525,20.871599197387695,20.518999099731445,20.62579917907715,0.35260009765625,-0.10680007934570312,0.0,53.0,ok
ZTF22aalwnzj,0.603624018815623,19.736799240112305,19.28459930419922,19.18160057067871,0.45219993591308594,0.10299873352050781,0.0,78.0,ok
ZTF19acygbye,0.4459344747743346,,21.375,21.911300659179688,,-0.5363006591796875,0.0,2.0,ok
ZTF21aanefkx,,,,,,,,,empty
ZTF19aarmznp,,,,,,,,,empty
ZTF24aaejwvu,1.0402146338644045,21.124900817871094,20.786300659179688,20.568099975585938,0.33860015869140625,0.21820068359375,0.0,29.0,ok
ZTF22aamgumi,,,,,,,,,empty
ZTF19aaugoig,,,,,,,,,empty
ZTF20acyroke,,,,,,,,,empty
ZTF25aadltat,,,,,,,,,empty
ZTF21acjgafq,,,,,,,,,empty
ZTF19abkdrir,,,,,,,,,empty
ZTF22aajhlaj,,,,,,,,,empty
ZTF21aagkvqa,,,,,,,,,empty
ZTF25abjlnnh,0.8090634912378867,18.864299774169922,18.602800369262695,18.803499221801758,0.26149940490722656,-0.2006988525390625,0.0,51.0,ok
ZTF19abqgxpt,,,,,,,,,empty
ZTF21abfnfdw,,,,,,,,,empty
ZTF21acdwhtf,,,,,,,,,empty
ZTF21abpyauz,,,,,,,,,empty
ZTF24abdebfm,0.8967603529117947,,,21.224599838256836,,,0.0,2.0,ok
ZTF18aaovbiy,0.818987384409883,20.013099670410156,20.052200317382812,19.290199279785156,-0.03910064697265625,0.7620010375976562,0.0,46.0,ok
ZTF22aavcvgd,0.6689659028251227,18.72879981994629,18.07110023498535,18.007400512695312,0.6576995849609375,0.06369972229003906,0.0,92.0,ok
ZTF20acyqzeu,,,,,,,,,empty
ZTF23aachsdv,,,,,,,,,empty
ZTF25abggutl,,,,,,,,,empty
ZTF23aadcbfw,0.6803348442977785,20.60099983215332,20.286100387573242,20.102800369262695,0.3148994445800781,0.18330001831054688,0.0,79.0,ok
ZTF23aagaiju,,,,,,,,,empty
ZTF23ablnqxh,1.1183456300016912,18.789899826049805,18.013399124145508,17.457599639892578,0.7765007019042969,0.5557994842529297,0.0,61.0,ok
ZTF22abarhid,,,,,,,,,empty
ZTF25aanikpq,,,,,,,,,empty
ZTF21abnudtb,1.2495307602289996,19.83060073852539,19.284799575805664,19.139999389648438,0.5458011627197266,0.14480018615722656,0.0,18.0,ok
ZTF24abxwbfy,1.409772872928054,,,21.07200050354004,,,,2.0,ok
ZTF21aaczpca,,,,,,,,,empty
ZTF24aaahwrm,,,,,,,,,empty
ZTF19abcejlc,0.3442316412589112,,19.97879981994629,,,,,2.0,ok
ZTF24aabvczs,,,,,,,,,empty
ZTF22abfxwkm,,,,,,,,,empty
ZTF25aboyxot,0.9444529169010571,19.280399322509766,19.10059928894043,18.9468994140625,0.17980003356933594,0.1536998748779297,0.0,12.0,ok
ZTF21abbzjeq,0.28791662431132325,19.973800659179688,19.708099365234375,19.57469940185547,0.2657012939453125,0.13339996337890625,0.0,68.0,ok
ZTF22aajjqti,,,,,,,,,empty
ZTF21abqtckk,0.015482700398237504,20.35540008544922,19.740400314331055,19.517200469970703,0.6149997711181641,0.22319984436035156,0.0,58.0,ok
ZTF22abmcnmz,,,,,,,,,empty
ZTF19acxpuql,,,,,,,,,empty
ZTF19abxnycf,,,,,,,,,empty
ZTF22aadpuwe,,,,,,,,,empty
ZTF23aawmbkn,1.3705607898967416,12.956000328063965,13.366000175476074,16.69890022277832,-0.4099998474121094,-3.332900047302246,0.0,83.0,ok
ZTF18aajarpg,0.10660535930582375,19.78230094909668,19.0492000579834,18.446699142456055,0.7331008911132812,0.6025009155273438,0.0,69.0,ok
ZTF24abrkybg,0.16352513275543543,19.307899475097656,18.735200881958008,18.43720054626465,0.5726985931396484,0.2980003356933594,0.0,67.0,ok
ZTF23aaclqtq,,,,,,,,,empty
ZTF18acepwhb,,,,,,,,,empty
ZTF21aaswvyc,0.35336662667817403,20.899499893188477,20.58919906616211,20.099000930786133,0.3103008270263672,0.49019813537597656,0.0,74.0,ok
ZTF21abubpng,,,,,,,,,empty
ZTF21abpxuss,,,,,,,,,empty
ZTF19actfxcd,0.8304675286316772,18.791500091552734,19.0403995513916,19.154499053955078,-0.2488994598388672,-0.11409950256347656,0.0,101.0,ok
ZTF21abrofrx,,,,,,,,,empty
ZTF24abeivan,,,,,,,,,empty
ZTF19aazudta,,,,,,,,,empty
ZTF22aaxbape,,,,,,,,,empty
ZTF24abkiwns,,,,,,,,,empty
ZTF25aanxtou,,,,,,,,,empty
ZTF23absqqnj,,,,,,,,,empty
ZTF21abmjgwf,0.14807847541413865,20.497299194335938,19.994400024414062,19.950599670410156,0.502899169921875,0.04380035400390625,0.0,59.0,ok
ZTF23abntqpx,0.7907528478728849,19.37019920349121,18.90220069885254,18.665700912475586,0.4679985046386719,0.23649978637695312,0.0,66.0,ok
ZTF21aacvupj,0.4344443386566734,,,19.436500549316406,,,0.0,2.0,ok
ZTF21aahargb,0.2296011445848154,18.853200912475586,18.091699600219727,17.790599822998047,0.7615013122558594,0.3010997772216797,0.0,71.0,ok
ZTF19adbpulv,,,,,,,,,empty
ZTF24aazkzkl,0.7526372021868168,18.75160026550293,18.117799758911133,17.715599060058594,0.6338005065917969,0.40220069885253906,0.0,73.0,ok
ZTF19adbmewx,,,,,,,,,empty
ZTF18acxgoki,0.15651215427928267,,18.975500106811523,18.440000534057617,,0.5354995727539062,0.0,6.0,ok
ZTF20aapcjjo,,,,,,,,,empty
ZTF19abucwzt,,,,,,,,,empty
ZTF22aacrwal,,,,,,,,,empty
ZTF24aazpqhq,0.7746728068434929,17.849599838256836,17.7893009185791,17.587099075317383,0.060298919677734375,0.20220184326171875,0.0,45.0,ok
ZTF21acdxhuv,,,,,,,,,empty
ZTF24aaudlat,,,,,,,,,empty
ZTF21aanrhag,,,,,,,,,empty
ZTF25abvrbqg,0.08025518892601557,18.42329978942871,17.63249969482422,17.325300216674805,0.7908000946044922,0.30719947814941406,0.0,71.0,ok
ZTF25aaadqsi,,,,,,,,,empty
ZTF20aasivxr,1.306648428530988,18.72010040283203,17.95170021057129,17.59440040588379,0.7684001922607422,0.3572998046875,0.0,97.0,ok
ZTF21aaradzm,1.332192384671804,,,,,,,2.0,ok
ZTF20acpbboa,1.4505762912253002,18.3656005859375,17.949499130249023,17.293800354003906,0.41610145568847656,0.6556987762451172,0.0,72.0,ok
ZTF21abulsgn,0.4210484530655637,20.01889991760254,19.203399658203125,19.007999420166016,0.8155002593994141,0.19540023803710938,0.0,72.0,ok
ZTF19abucvgu,,,,,,,,,empty
ZTF23abgspys,0.17624521043693855,20.416799545288086,19.925399780273438,19.865800857543945,0.49139976501464844,0.05959892272949219,0.0,33.0,ok
ZTF21aayquba,0.7561986172749777,,19.715299606323242,,,,,2.0,ok
ZTF24aadmaqm,,,,,,,,,empty
ZTF21acjosnd,,,,,,,,,empty
ZTF22aajhyin,1.4891722312229323,22.020700454711914,21.466800689697266,21.21540069580078,0.5538997650146484,0.2513999938964844,0.0,19.0,ok
ZTF23absdgcj,,,,,,,,,empty
ZTF19aalxsfe,0.10197042532530334,16.527700424194336,16.682600021362305,16.14150047302246,-0.15489959716796875,0.5410995483398438,0.0,79.0,ok
ZTF24abxvulk,,,,,,,,,empty
ZTF22aakdbia,0.5127900912937498,18.534700393676758,,18.603300094604492,,,0.0,3.0,ok
ZTF19aaweqnm,0.0914045718240691,18.77560043334961,18.24169921875,17.580299377441406,0.5339012145996094,0.6613998413085938,0.0,71.0,ok
ZTF24aahhtgq,,,,,,,,,empty
ZTF20acgpigm,,,,,,,,,empty
ZTF22aawxlpc,,,,,,,,,empty
ZTF21achaudk,,,,,,,,,empty
ZTF21abifrsi,0.29231954849229685,19.864500045776367,19.82939910888672,19.581600189208984,0.03510093688964844,0.24779891967773438,0.0,64.0,ok
ZTF24abmpzmg,,,,,,,,,empty
ZTF20aclnsts,,,,,,,,,empty
ZTF21aassamj,0.5920626350024071,20.47369956970215,20.03809928894043,19.9237003326416,0.43560028076171875,0.11439895629882812,0.0,82.0,ok
ZTF21aagyvtq,,,,,,,,,empty
ZTF20aclkvjy,,,,,,,,,empty
ZTF21abfxfqu,,,,,,,,,empty
ZTF23aafarxf,,,,,,,,,empty
ZTF20accbsxa,1.2728897316196823,21.913799285888672,21.052900314331055,21.216100692749023,0.8608989715576172,-0.16320037841796875,0.0,4.0,ok
ZTF24abzwsfk,0.999701743589778,19.287500381469727,18.825000762939453,18.658300399780273,0.46249961853027344,0.1667003631591797,0.0,80.0,ok
ZTF24abgzvlk,0.986009988046639,22.2106990814209,21.891599655151367,22.202499389648438,0.31909942626953125,-0.3108997344970703,0.0,5.0,ok
ZTF19aadyijk,1.3459816134256335,,,20.669300079345703,,,,2.0,ok
ZTF20aczgvcg,,,,,,,,,empty
ZTF25aaazuaw,1.2689563974247784,,,20.098600387573242,,,,2.0,ok
ZTF21acgrrnl,0.539754310364055,,,,,,,3.0,ok
ZTF18aamvfeb,0.7504366037843463,17.33370018005371,16.65220069885254,16.675399780273438,0.6814994812011719,-0.023199081420898438,0.0,52.0,ok
ZTF21aakvhtz,,,,,,,,,empty
ZTF20acynllu,0.8750228656933263,21.439300537109375,,,,,,5.0,ok
ZTF19abdoior,0.3971273568499813,,,20.39539909362793,,,,3.0,ok
ZTF20abxmwwd,,,,,,,,,empty
ZTF20aamcvyp,0.12152955923631724,18.436800003051758,17.53260040283203,17.150800704956055,0.9041996002197266,0.38179969787597656,0.0,68.0,ok
ZTF21aaxxoei,0.44323896906293486,,19.847900390625,19.923599243164062,,-0.0756988525390625,0.0,2.0,ok
ZTF21aazqkeq,1.019125580244401,,,,,,,2.0,ok
ZTF24ablkziv,,,,,,,,,empty
ZTF25abtsusb,1.1061389089196128,,21.312400817871094,,,,,2.0,ok
ZTF18abuqkdh,0.17845600097037834,17.54290008544922,17.366899490356445,16.88800048828125,0.17600059509277344,0.4788990020751953,0.0,60.0,ok
ZTF19acynije,,,,,,,,,empty
ZTF22abmxsoc,,,,,,,,,empty
ZTF21aaedpyk,,,,,,,,,empty
ZTF19abqmurd,,,,,,,,,empty
ZTF18ablfqxm,0.13996090771913863,,19.821199417114258,19.582300186157227,,0.23889923095703125,1.0,8.0,ok
ZTF18accpjkb,0.5787799130653766,17.29290008544922,16.56730079650879,15.979700088500977,0.7255992889404297,0.5876007080078125,0.0,39.0,ok
ZTF19aadnxgj,,,,,,,,,empty
ZTF20aaetvkh,,,,,,,,,empty
ZTF25abdzkae,,,,,,,,,empty
ZTF23aansgpp,,,,,,,,,empty
ZTF24aaxqhje,1.4131134814640813,20.741199493408203,19.7593994140625,19.383699417114258,0.9818000793457031,0.3756999969482422,0.0,74.0,ok
ZTF22abfuoce,1.403164140893744,17.75119972229004,17.239299774169922,16.702499389648438,0.5118999481201172,0.5368003845214844,0.0,116.0,ok
ZTF25aatxnwx,,,,,,,,,empty
ZTF25aaozpsn,,,,,,,,,empty
ZTF21abultbr,,,,,,,,,empty
ZTF22aaabmmc,,,,,,,,,empty
ZTF24acabxwm,0.864030298968565,19.914899826049805,19.64590072631836,19.641700744628906,0.2689990997314453,0.004199981689453125,0.0,75.0,ok
ZTF21acekmmm,,,,,,,,,empty
ZTF21aavbrwr,,,,,,,,,empty
ZTF23aadbzfq,,,,,,,,,empty
ZTF20abchhuw,,,,,,,,,empty
ZTF25aaptvbh,1.2334545615923271,21.35569953918457,21.23189926147461,20.843799591064453,0.12380027770996094,0.38809967041015625,0.0,17.0,ok
ZTF23aadgdnv,,,,,,,,,empty
ZTF25ackwrun,,,,,,,,,empty
ZTF24aaredhj,,,,,,,,,empty
ZTF19acyjviz,,,,,,,,,empty
ZTF22abquwiv,1.4256516524778173,19.979000091552734,19.731700897216797,19.475900650024414,0.2472991943359375,0.2558002471923828,0.0,61.0,ok
ZTF21aagxmcs,0.573430072567403,21.59910011291504,21.096799850463867,21.097000122070312,0.5023002624511719,-0.0002002716064453125,0.0,36.0,ok
ZTF22aazprmk,0.7152690878212936,20.688800811767578,20.373199462890625,20.30299949645996,0.3156013488769531,0.07019996643066406,0.0,70.0,ok
ZTF19abqmpsr,,,,,,,,,empty
ZTF24abrfsap,,,,,,,,,empty
ZTF20aaeoqqd,,,,,,,,,empty
ZTF24aaxxegw,,,,,,,,,empty
ZTF20acexvcz,,,,,,,,,empty
ZTF19abvjdfc,0.40899216423581575,20.605199813842773,20.23110008239746,19.932300567626953,0.3740997314453125,0.2987995147705078,0.0,85.0,ok
ZTF18adbyxua,,,,,,,,,empty
ZTF18adaslwa,0.8228562122173032,20.13990020751953,20.149700164794922,19.773399353027344,-0.009799957275390625,0.3763008117675781,0.0,59.0,ok
ZTF18abrebsb,0.29112551666428965,18.324600219726562,17.859100341796875,17.537799835205078,0.4654998779296875,0.3213005065917969,0.0,65.0,ok
ZTF18acbxsgy,0.8888255719795694,21.47369956970215,21.626699447631836,,-0.1529998779296875,,,2.0,ok
ZTF20aasapko,0.12264671184366338,19.321300506591797,18.779600143432617,18.122100830078125,0.5417003631591797,0.6574993133544922,0.0,72.0,ok
ZTF25abpwasj,,,,,,,,,empty
ZTF24abkpuna,,,,,,,,,empty
ZTF19aaezale,1.4854373301003083,20.542999267578125,20.098400115966797,19.976900100708008,0.4445991516113281,0.12150001525878906,0.0,53.0,ok
ZTF19acifuyf,,,,,,,,,empty
ZTF20acvjagm,0.7236672451125915,21.675100326538086,20.928300857543945,,0.7467994689941406,,,2.0,ok
ZTF18acwutbr,,,,,,,,,empty
ZTF18abquyqj,0.44946144150763784,17.971399307250977,17.299800872802734,17.058500289916992,0.6715984344482422,0.2413005828857422,0.0,62.0,ok
ZTF19aapbfot,0.7628600813944677,20.930599212646484,20.938600540161133,21.220199584960938,-0.008001327514648438,-0.2815990447998047,0.0,7.0,ok
ZTF25abbjgbd,0.711842544321729,,21.644899368286133,21.152799606323242,,0.4920997619628906,0.0,3.0,ok
ZTF25abzovlx,1.2830535187905492,20.97010040283203,21.16119956970215,20.37220001220703,-0.1910991668701172,0.7889995574951172,0.0,10.0,ok
ZTF25abgwfju,,,,,,,,,empty
ZTF24aakghyl,0.12265145902142287,20.5757999420166,20.184499740600586,20.12969970703125,0.3913002014160156,0.05480003356933594,0.0,16.0,ok
ZTF19aasmkhn,0.6401691358337053,20.95599937438965,,,,,,4.0,ok
ZTF22abtpsco,0.4089451476461722,,,,,,,2.0,ok
ZTF18aawjywv,,,,,,,,,empty
ZTF20achvmjr,,,,,,,,,empty
ZTF24aaltyyy,0.597009572683836,18.838600158691406,18.07539939880371,17.46380043029785,0.7632007598876953,0.6115989685058594,0.0,75.0,ok
ZTF20acuspji,,,,,,,,,empty
ZTF21aaxzbrn,0.40324374783615174,19.610200881958008,19.351200103759766,18.882400512695312,0.2590007781982422,0.4687995910644531,0.0,65.0,ok
ZTF21abjbfpg,,,,,,,,,empty
ZTF23abshmtt,,,,,,,,,empty
ZTF20acudkao,,,,,,,,,empty
ZTF20aabqwtz,,,,,,,,,empty
ZTF20aaophpu,,,,,,,,,empty
ZTF25abjpgmo,,,,,,,,,empty
ZTF18aaybtnt,0.058110834628599846,,,19.462499618530273,,,1.0,3.0,ok
ZTF19acyldun,,,,,,,,,empty
ZTF24abprtdf,,,,,,,,,empty
ZTF25abnqqtq,,,,,,,,,empty
ZTF25aabovpf,1.1922898325535147,18.37350082397461,,18.36280059814453,,,,3.0,ok
ZTF21abrpoaq,1.4608720867191607,,,21.7406005859375,,,,2.0,ok
ZTF22aaqrflg,1.385243372841052,19.54129981994629,18.7539005279541,18.46969985961914,0.7873992919921875,0.28420066833496094,0.0,82.0,ok
ZTF18aawigkf,0.8985877308762616,19.584299087524414,19.537599563598633,19.36590003967285,0.04669952392578125,0.17169952392578125,0.0,82.0,ok
ZTF20aawoojh,0.5079048894866888,19.356000900268555,18.914100646972656,18.59779930114746,0.44190025329589844,0.3163013458251953,0.0,80.0,ok
ZTF21aarnjyd,,,,,,,,,empty
ZTF24abcyfru,,,,,,,,,empty
ZTF20abisysx,0.11993516903817827,18.25749969482422,17.571300506591797,17.249500274658203,0.6861991882324219,0.32180023193359375,0.0,78.0,ok
ZTF21abgcgem,,,,,,,,,empty
ZTF20abywspv,,,,,,,,,empty
ZTF20aclftuo,0.8861161870623269,19.080299377441406,18.562700271606445,18.827699661254883,0.5175991058349609,-0.2649993896484375,0.0,40.0,ok
ZTF24aalbzkr,0.9276149416107895,18.982999801635742,,,,,,2.0,ok
ZTF19aavhypb,,,,,,,,,empty
ZTF21abpivbd,,,,,,,,,empty
ZTF20abybeex,,,,,,,,,empty
ZTF22abhfwmr,,,,,,,,,empty
ZTF19aczlldp,0.4990441799627219,19.667299270629883,20.002099990844727,19.7367000579834,-0.33480072021484375,0.2653999328613281,0.0,63.0,ok
ZTF25abkopax,0.7725725867418434,19.051000595092773,18.555299758911133,18.13330078125,0.4957008361816406,0.4219989776611328,0.0,55.0,ok
ZTF22aajpzwm,,,,,,,,,empty
ZTF24abzadka,,,,,,,,,empty
ZTF22aasjwqv,,,,,,,,,empty
ZTF22abhvfmz,,,,,,,,,empty
ZTF22aaorjov,,,,,,,,,empty
ZTF20aapnqbw,1.1723458319430442,20.822500228881836,,,,,,2.0,ok
ZTF22aabimec,0.031040657575371715,19.84149932861328,19.46929931640625,19.00670051574707,0.37220001220703125,0.4625988006591797,0.0,68.0,ok
ZTF23abhafym,,,,,,,,,empty
ZTF24abtmueg,0.03187559009990295,22.05820083618164,21.89550018310547,21.735700607299805,0.16270065307617188,0.15979957580566406,0.0,18.0,ok
ZTF23aaraamx,1.4858331941841687,19.507299423217773,19.4783992767334,18.9906005859375,0.028900146484375,0.48779869079589844,0.0,73.0,ok
ZTF24aavapoe,,,,,,,,,empty
ZTF23aavshmk,,,,,,,,,empty
ZTF19acryaon,0.11518274917223617,17.333099365234375,16.782899856567383,16.431499481201172,0.5501995086669922,0.35140037536621094,0.0,56.0,ok
ZTF21abujefa,0.09609908831640347,19.215599060058594,18.589000701904297,18.233699798583984,0.6265983581542969,0.3553009033203125,0.0,95.0,ok
ZTF20accrldu,,,,,,,,,empty
ZTF20aatzhhl,,,,,,,,,empty
ZTF19abnimpq,,,,,,,,,empty
ZTF23abfmkep,,,,,,,,,empty
ZTF23abkixfb,,,,,,,,,empty
ZTF21abcympb,,,,,,,,,empty
ZTF21abkiefj,,,,,,,,,empty
ZTF19accjfgv,0.2631871405954253,18.17889976501465,17.791500091552734,17.51059913635254,0.38739967346191406,0.2809009552001953,0.0,87.0,ok
ZTF20aaeipdz,1.2487175423132946,20.7101993560791,,18.51020050048828,,,,3.0,ok
ZTF23abnfram,,,,,,,,,empty
ZTF23abjbkau,,,,,,,,,empty
ZTF24abysvxz,,,,,,,,,empty
ZTF22ablcybb,,,,,,,,,empty
ZTF19aaujiwc,0.3767673969838319,,18.072099685668945,,,,,2.0,ok
ZTF18aaemivw,0.3750281897765466,17.444700241088867,17.008499145507812,16.838600158691406,0.4362010955810547,0.16989898681640625,0.0,65.0,ok
ZTF20aakndsn,0.42322712066887075,16.437999725341797,15.890700340270996,15.707500457763672,0.5472993850708008,0.18319988250732422,0.0,46.0,ok
ZTF21aagmoqw,,,,,,,,,empty
ZTF20aaxndzx,,,,,,,,,empty
ZTF19acxmiyh,,,,,,,,,empty
ZTF19aavounq,,,,,,,,,empty
ZTF25acfbplr,,,,,,,,,empty
ZTF22aahwmww,,,,,,,,,empty
ZTF21acioxcf,,,,,,,,,empty
ZTF21aahdpvi,,,,,,,,,empty
ZTF20acmfacr,0.903483839595057,,,20.496700286865234,,,,2.0,ok
ZTF23abtooan,,,,,,,,,empty
ZTF21aaafrnh,0.9140326561183683,,19.95009994506836,,,,,2.0,ok
ZTF21aapegtd,,,,,,,,,empty
ZTF20abrmmah,0.8688150283208841,20.942399978637695,21.029499053955078,21.187000274658203,-0.08709907531738281,-0.157501220703125,0.0,72.0,ok
ZTF21aaqyuun,0.44735745783720476,,20.388900756835938,,,,,2.0,ok
ZTF23aafratn,1.1165136700494118,18.905399322509766,18.486099243164062,17.990299224853516,0.4193000793457031,0.4958000183105469,0.0,101.0,ok
ZTF21aaglrzc,0.12259564364850718,21.416799545288086,20.801799774169922,20.478200912475586,0.6149997711181641,0.32359886169433594,0.0,46.0,ok
ZTF22abblogu,,,,,,,,,empty
ZTF20abmcwll,,,,,,,,,empty
ZTF22abstbym,1.3704506248100217,,,,,,,3.0,ok
ZTF24absznoi,0.46104433310051574,,20.37700080871582,20.768999099731445,,-0.391998291015625,0.0,3.0,ok
ZTF21aasyzkt,0.6342243798925823,20.504899978637695,20.414199829101562,20.050100326538086,0.09070014953613281,0.36409950256347656,0.0,43.0,ok
ZTF20abasqfx,,,,,,,,,empty
ZTF22aazgaus,,,,,,,,,empty
ZTF25aajrlbu,,,,,,,,,empty
ZTF21acbnfos,,,,,,,,,empty
ZTF22aanppbi,,,,,,,,,empty
ZTF22aakkfre,,,,,,,,,empty
ZTF22aaaifcx,0.9556806380517089,18.258800506591797,17.984100341796875,17.766199111938477,0.2747001647949219,0.21790122985839844,0.0,101.0,ok
ZTF19aaykugs,,,,,,,,,empty
ZTF20abjtavx,,,,,,,,,empty
ZTF21aazeugz,,,,,,,,,empty
ZTF22aatemqx,,,,,,,,,empty
ZTF20acopmey,,,,,,,,,empty
ZTF22abnxoji,,,,,,,,,empty
ZTF25acefezu,,,,,,,,,empty
ZTF20abjyoty,,,,,,,,,empty
ZTF23abtxmmt,1.3386245782042412,,,18.024499893188477,,,0.0,3.0,ok
ZTF20aazhtvi,,,,,,,,,empty
ZTF21aaiaeri,,,,,,,,,empty
ZTF20abqmmhn,,,,,,,,,empty
ZTF19aaokist,,,,,,,,,empty
ZTF23aadwlhl,,,,,,,,,empty
ZTF24abutwuz,,,,,,,,,empty
ZTF25aciguje,,,,,,,,,empty
ZTF18abfgygp,0.20751097961978943,,20.838300704956055,,,,,2.0,ok
ZTF24aakprsy,,,,,,,,,empty
ZTF19acclzaw,1.2068102609536986,17.82309913635254,,,,,,3.0,ok
ZTF19aalsnbp,1.139829110743955,20.63800048828125,20.954599380493164,20.710899353027344,-0.31659889221191406,0.2437000274658203,0.0,66.0,ok
ZTF25acafswd,1.0561445993178302,21.8710994720459,21.717599868774414,21.44529914855957,0.15349960327148438,0.27230072021484375,0.0,6.0,ok
ZTF25abweiaq,,,,,,,,,empty
ZTF18aaaqexr,0.6559598908834902,16.983999252319336,16.531299591064453,16.116100311279297,0.4526996612548828,0.41519927978515625,0.0,42.0,ok
ZTF20aazewcq,,,,,,,,,empty
ZTF17aaajnki,0.13964545456927274,16.26810073852539,16.343900680541992,16.166500091552734,-0.07579994201660156,0.1774005889892578,0.0,83.0,ok
ZTF18acbwtnh,0.4015122773954065,22.055099487304688,21.80940055847168,21.742300033569336,0.2456989288330078,0.06710052490234375,0.0,22.0,ok
ZTF19abgbdcp,0.26927670900433254,20.23259925842285,,,,,,2.0,ok
ZTF23aahxsrk,0.5928790637583319,,20.944499969482422,20.420900344848633,,0.5235996246337891,1.0,2.0,ok
ZTF24aahsukk,0.17497325867898644,18.84309959411621,18.531600952148438,18.18120002746582,0.31149864196777344,0.3504009246826172,0.0,76.0,ok
ZTF25aaqfhvh,1.2019499473039221,21.564300537109375,21.172399520874023,20.79490089416504,0.39190101623535156,0.3774986267089844,0.0,80.0,ok
ZTF25acdgvvd,,,,,,,,,empty
ZTF19aanmdsr,0.5720538403196955,20.556100845336914,20.47130012512207,20.380300521850586,0.08480072021484375,0.09099960327148438,0.0,48.0,ok
ZTF21aavoqpl,0.41843687724807893,19.37660026550293,21.717199325561523,18.381999969482422,-2.3405990600585938,3.3351993560791016,0.0,16.0,ok
ZTF25aairfin,,,,,,,,,empty
ZTF18acvilwk,,,,,,,,,empty
ZTF22aaonqcc,,,,,,,,,empty
ZTF20acmddof,,,,,,,,,empty
ZTF23abndxzj,,,,,,,,,empty
ZTF22abgbfsb,,,,,,,,,empty
ZTF20acjbzrh,,,,,,,,,empty
ZTF22abtsttg,,,,,,,,,empty
ZTF23aabrftw,1.0115510521106077,26.05900001525879,19.094900131225586,19.027000427246094,6.964099884033203,0.06789970397949219,0.0,5.0,ok
ZTF20aalrptc,1.332979651107789,19.277700424194336,,,,,,2.0,ok
ZTF21aayddkn,,,,,,,,,empty
ZTF21aavozbk,1.3207705900679871,,,,,,,3.0,ok
ZTF19abtnbtt,0.41691145377997646,20.857799530029297,20.512800216674805,20.268699645996094,0.3449993133544922,0.24410057067871094,0.0,49.0,ok
ZTF21abisowq,,,,,,,,,empty
ZTF22abgbffy,,,,,,,,,empty
ZTF18abomklq,,,,,,,,,empty
ZTF19aarykkb,1.2840703446976145,20.728700637817383,19.891399383544922,19.347900390625,0.8373012542724609,0.5434989929199219,0.0,37.0,ok
ZTF20acwytht,,,,,,,,,empty
ZTF20abzgfhl,,,,,,,,,empty
ZTF18aawrmvo,,,,,,,,,empty
ZTF20aaukudw,,,,,,,,,empty
ZTF22abiymsf,,,,,,,,,empty
ZTF20abawntz,0.15849108694429712,18.366300582885742,17.831199645996094,17.407400131225586,0.5351009368896484,0.4237995147705078,0.0,74.0,ok
ZTF19aarprog,0.9660755847715651,,,18.49220085144043,,,0.0,2.0,ok
ZTF18acqvqpi,0.07014913387835778,19.57979965209961,18.987600326538086,17.913299560546875,0.5921993255615234,1.074300765991211,0.0,77.0,ok
ZTF25aatxsfd,0.016037639141475206,,20.6737003326416,20.552400588989258,,0.12129974365234375,0.0,6.0,ok
ZTF20acwomqh,,,,,,,,,empty
ZTF20acgynyw,0.612521877940293,21.040700912475586,21.004199981689453,20.415000915527344,0.03650093078613281,0.5891990661621094,0.0,93.0,ok
ZTF22aarrawv,1.2436488394820964,20.42099952697754,,,,,,2.0,ok
ZTF20acjlkpe,0.49094697247156405,17.858699798583984,17.176700592041016,16.827800750732422,0.6819992065429688,0.34889984130859375,0.0,68.0,ok
ZTF23aaggwfh,1.0216507250525089,,21.062599182128906,,,,,3.0,ok
ZTF20acqfssi,,,,,,,,,empty
ZTF19abqmsnk,,,,,,,,,empty
ZTF24aapikyr,,,,,,,,,empty
ZTF22aaahfyi,,,,,,,,,empty
ZTF22aaaivxh,,,,,,,,,empty
ZTF21aantsla,,,,,,,,,empty
ZTF20adadrhw,1.3903423027654647,,,18.84269905090332,,,0.0,2.0,ok
ZTF20aarucek,,,,,,,,,empty
ZTF22abtkkgo,,,,,,,,,empty
ZTF23aayocyn,1.2281774141020745,18.42460060119629,17.67099952697754,17.35540008544922,0.75360107421875,0.3155994415283203,0.0,72.0,ok
ZTF20aboyujf,,,,,,,,,empty
ZTF18abskbng,0.12932518159989312,22.323999404907227,,19.698299407958984,,,1.0,5.0,ok
ZTF19aaeoqst,,,,,,,,,empty
ZTF20acqnhci,0.024078451876763798,17.19860076904297,16.5408992767334,16.344999313354492,0.6577014923095703,0.19589996337890625,0.0,40.0,ok
ZTF23absizez,,,,,,,,,empty
ZTF20aammtwx,,,,,,,,,empty
ZTF18accnlji,0.26481563107914935,19.554899215698242,19.250099182128906,18.89539909362793,0.30480003356933594,0.35470008850097656,0.0,117.0,ok
ZTF21abdahai,0.39354725705973864,21.353700637817383,,21.30660057067871,,,0.0,7.0,ok
ZTF21aaylweu,,,,,,,,,empty
ZTF24abysvaz,,,,,,,,,empty
ZTF20aamdsjv,,,,,,,,,empty
ZTF18aavnvmp,0.06569310089529364,20.362699508666992,19.836999893188477,19.533199310302734,0.5256996154785156,0.3038005828857422,0.0,62.0,ok
ZTF22abbkxor,,,,,,,,,empty
ZTF21aceepnp,,,,,,,,,empty
ZTF19abbthwy,,,,,,,,,empty
ZTF24aaqxwvt,,,,,,,,,empty
ZTF19aaileug,,,,,,,,,empty
ZTF19aavmgtv,,,,,,,,,empty
ZTF24abdtszn,0.6131657850859729,18.399599075317383,18.184799194335938,18.045400619506836,0.2147998809814453,0.13939857482910156,0.0,79.0,ok
ZTF21abprzfg,,,,,,,,,empty
ZTF25abwnnkt,0.3331211975544538,18.330699920654297,17.69029998779297,17.246700286865234,0.6403999328613281,0.4435997009277344,0.0,89.0,ok
ZTF20abyppuk,,,,,,,,,empty
ZTF23aaxcriv,,,,,,,,,empty
ZTF24aancgyl,,,,,,,,,empty
ZTF24aamilxy,1.0417513485996688,,,17.7450008392334,,,0.0,2.0,ok
ZTF20aazooyu,0.3441012586193015,19.739099502563477,19.39889907836914,19.19230079650879,0.34020042419433594,0.20659828186035156,0.0,73.0,ok
ZTF19aabimbg,,,,,,,,,empty
ZTF23aaazegi,,,,,,,,,empty
ZTF19aanfyey,0.3603288022330465,18.860300064086914,18.106300354003906,17.837799072265625,0.7539997100830078,0.26850128173828125,0.0,74.0,ok
ZTF24abihuzi,0.6950495306299137,,,19.873600006103516,,,0.0,19.0,ok
ZTF24abgeiva,,,,,,,,,empty
ZTF21aaaoviv,,,,,,,,,empty
ZTF22aahygkd,1.442696754351105,19.31130027770996,18.752599716186523,18.802600860595703,0.5587005615234375,-0.05000114440917969,0.0,70.0,ok
ZTF21aaabucr,,,,,,,,,empty
ZTF19acbqzvu,,,,,,,,,empty
ZTF21ablducj,0.5576068780780725,,,19.015300750732422,,,0.0,5.0,ok
ZTF25aaekcfy,1.3006947388695314,21.56399917602539,21.278099060058594,21.015899658203125,0.2859001159667969,0.26219940185546875,0.0,25.0,ok
ZTF21aaluqkp,,,,,,,,,empty
ZTF20acitoie,,,,,,,,,empty
ZTF25abgpuno,,,,,,,,,empty
ZTF25aapqpbo,0.6333911405180676,17.88520050048828,17.234100341796875,16.905500411987305,0.6511001586914062,0.3285999298095703,0.0,60.0,ok
ZTF18aahjbii,0.291132607579624,16.98819923400879,17.120100021362305,16.4606990814209,-0.13190078735351562,0.6594009399414062,0.0,75.0,ok
ZTF22aahftli,0.7126150562473369,19.819900512695312,19.827899932861328,19.46339988708496,-0.007999420166015625,0.3645000457763672,0.0,80.0,ok
ZTF20abxezim,0.3938881720603441,18.9906005859375,18.43869972229004,18.261899948120117,0.5519008636474609,0.17679977416992188,0.0,72.0,ok
ZTF18aaumeys,,,,,,,,,empty
ZTF22abegjtx,0.6245532293682279,17.97949981689453,17.333599090576172,17.007699966430664,0.6459007263183594,0.3258991241455078,0.0,71.0,ok
ZTF21abizpri,0.6957050394199672,18.990800857543945,18.42340087890625,18.313800811767578,0.5673999786376953,0.10960006713867188,0.0,58.0,ok
ZTF18acctdhp,1.0997598983386128,20.295400619506836,20.084800720214844,20.132600784301758,0.2105998992919922,-0.04780006408691406,0.0,24.0,ok
ZTF22aahwcya,0.7606535215409084,18.564300537109375,17.59309959411621,17.053499221801758,0.9712009429931641,0.5396003723144531,0.0,91.0,ok
ZTF24aajzrsq,,,,,,,,,empty
ZTF21ababatx,0.12205105874994607,17.261600494384766,16.839000701904297,16.116500854492188,0.42259979248046875,0.7224998474121094,0.0,79.0,ok
ZTF19aaipqls,0.24063154587955277,16.708200454711914,16.026100158691406,15.775400161743164,0.6821002960205078,0.2506999969482422,0.0,72.0,ok
ZTF20aavtdxj,0.6230148985300156,21.909500122070312,21.73900032043457,20.993499755859375,0.1704998016357422,0.7455005645751953,0.0,13.0,ok
ZTF23aatxeki,0.5120304953081403,21.24220085144043,20.894500732421875,21.123600006103516,0.3477001190185547,-0.22909927368164062,0.0,50.0,ok
ZTF22aaafdrn,0.1939919601480434,21.277000427246094,20.977500915527344,20.780799865722656,0.29949951171875,0.1967010498046875,0.0,46.0,ok
ZTF21aarcldd,,,,,,,,,empty
ZTF19acekbyz,,,,,,,,,empty
ZTF24abzsmux,0.44858065577345124,19.352699279785156,19.562999725341797,19.109699249267578,-0.21030044555664062,0.45330047607421875,0.0,83.0,ok
ZTF23abbmnsq,0.793523291976401,,,20.805700302124023,,,0.0,8.0,ok
ZTF22abtcyos,1.353941601391059,19.03059959411621,18.288799285888672,17.791799545288086,0.7418003082275391,0.49699974060058594,0.0,62.0,ok
ZTF19abujuex,0.536559136418387,22.013700485229492,21.76020050048828,21.137699127197266,0.25349998474121094,0.6225013732910156,0.0,15.0,ok
ZTF21acctrsp,,,,,,,,,empty
ZTF19abnagzk,,,,,,,,,empty
ZTF22aaecsvn,0.6636258805715993,17.760499954223633,16.790199279785156,16.222900390625,0.9703006744384766,0.5672988891601562,0.0,50.0,ok
ZTF22abkybyq,0.11670269360027721,19.66510009765625,19.068599700927734,18.558000564575195,0.5965003967285156,0.5105991363525391,0.0,81.0,ok
ZTF19acbmojx,1.3659202827165475,18.29669952392578,17.913299560546875,17.72260093688965,0.38339996337890625,0.19069862365722656,0.0,82.0,ok
ZTF18acsvogv,,,,,,,,,empty
ZTF20abfcsnk,,,,,,,,,empty
ZTF21achujxq,,,,,,,,,empty
ZTF22aaqclvg,0.4509007489027127,18.08060073852539,17.521900177001953,17.302400588989258,0.5587005615234375,0.2194995880126953,0.0,61.0,ok
ZTF23aakmewi,,,,,,,,,empty
ZTF18aaqiivp,0.0896425513691968,16.48979949951172,16.217899322509766,16.262300491333008,0.2719001770019531,-0.04440116882324219,0.0,87.0,ok
ZTF24abfxing,,,,,,,,,empty
ZTF25aaittoe,,,,,,,,,empty
ZTF18aaqpowv,0.5678137639074073,19.120100021362305,18.76729965209961,17.575199127197266,0.3528003692626953,1.1921005249023438,0.0,77.0,ok
ZTF19acgjohb,,,,,,,,,empty
ZTF19abydagb,0.10519900661828882,21.209699630737305,20.6742000579834,19.031299591064453,0.5354995727539062,1.6429004669189453,1.0,35.0,ok
ZTF23aawwcuu,0.1420554163522072,21.899499893188477,21.30139923095703,21.477500915527344,0.5981006622314453,-0.1761016845703125,0.0,18.0,ok
ZTF25aaqgddb,0.21874555147277885,19.353599548339844,18.6205997467041,18.168899536132812,0.7329998016357422,0.45170021057128906,0.0,61.0,ok
ZTF23aangpoz,,,,,,,,,empty
ZTF20abnrdse,,,,,,,,,empty
ZTF18acnbpkq,0.332298581625673,21.430400848388672,,21.07710075378418,,,,2.0,ok
ZTF25aahtica,,,,,,,,,empty
ZTF24aabpeat,,,,,,,,,empty
ZTF23aajadng,,,,,,,,,empty
ZTF25abufvlf,,,,,,,,,empty
ZTF25abuovxv,0.05390795140490306,26.694000244140625,23.444000244140625,19.90239906311035,3.25,3.5416011810302734,0.0,8.0,ok
ZTF21acbuwgu,,,,,,,,,empty
ZTF20abusrwm,0.5997261731685649,21.125600814819336,20.666200637817383,20.7007999420166,0.4594001770019531,-0.03459930419921875,0.0,57.0,ok
ZTF18abauprj,,,,,,,,,empty
ZTF24abjsdsv,0.6137442767966402,19.4237003326416,18.72480010986328,18.242399215698242,0.6989002227783203,0.48240089416503906,0.0,73.0,ok
ZTF23abkgdei,,,,,,,,,empty
ZTF21abqvzjy,0.4968218901388045,20.631799697875977,20.48740005493164,20.351499557495117,0.14439964294433594,0.13590049743652344,0.0,57.0,ok
ZTF23aadwhmn,0.5352900893185769,21.457000732421875,,,,,,2.0,ok
ZTF20aauombk,,,,,,,,,empty
ZTF22aaaltnx,0.16742499434576993,,,20.486600875854492,,,,2.0,ok
ZTF19abqsojs,,,,,,,,,empty
ZTF22aaahull,,,,,,,,,empty
ZTF19abccbee,0.06179505097848537,19.38129997253418,19.436800003051758,20.42970085144043,-0.055500030517578125,-0.9929008483886719,1.0,10.0,ok
ZTF22abzgbtq,0.0734151366045651,19.845600128173828,18.9867000579834,18.15019989013672,0.8589000701904297,0.8365001678466797,0.0,68.0,ok
ZTF21acfccil,1.0001824490019162,19.494400024414062,19.076200485229492,18.881000518798828,0.4181995391845703,0.19519996643066406,0.0,94.0,ok
ZTF20aafwbcs,0.7724368299899989,21.771400451660156,21.31049919128418,21.473100662231445,0.46090126037597656,-0.16260147094726562,0.0,25.0,ok
ZTF19abdgpuv,,,,,,,,,empty
ZTF21aasaxdk,,,,,,,,,empty
ZTF20aaoldej,0.756773867213553,19.632999420166016,,19.791400909423828,,,1.0,2.0,ok
ZTF21abqmrtm,,,,,,,,,empty
ZTF20abndxzn,,,,,,,,,empty
ZTF19abtsnyy,,,,,,,,,empty
ZTF24aaunxxm,,,,,,,,,empty
ZTF25aavgfqk,,,,,,,,,empty
ZTF20acpmxdg,,,,,,,,,empty
ZTF23aahxdhe,,,,,,,,,empty
ZTF20aaieyup,0.914325172937236,,17.301799774169922,17.260000228881836,,0.04179954528808594,0.0,2.0,ok
ZTF18abuatfp,,,,,,,,,empty
ZTF22abgyfnv,,,,,,,,,empty
ZTF20acfaonm,,,,,,,,,empty
ZTF19acjutrw,,,,,,,,,empty
ZTF22abnqomh,,,,,,,,,empty
ZTF20aaerzvi,,,,,,,,,empty
ZTF18aapgrxo,,,,,,,,,empty
ZTF22abfviaz,0.06058942094737538,18.946800231933594,18.218000411987305,17.81909942626953,0.7287998199462891,0.39890098571777344,0.0,81.0,ok
ZTF24abowptn,,,,,,,,,empty
ZTF22abvaggn,,,,,,,,,empty
ZTF24aajvvhj,0.12849959433228114,20.153099060058594,19.555099487304688,19.351200103759766,0.5979995727539062,0.20389938354492188,0.0,57.0,ok
ZTF22abvnonf,0.8749504495489588,22.119699478149414,21.93280029296875,21.531299591064453,0.18689918518066406,0.4015007019042969,0.0,22.0,ok
ZTF21abwgpgt,1.221593647476889,20.875499725341797,20.6835994720459,20.6112003326416,0.19190025329589844,0.07239913940429688,0.0,56.0,ok
ZTF18abcrzfz,0.42467271714358784,20.204700469970703,20.156700134277344,20.10930061340332,0.048000335693359375,0.04739952087402344,0.0,25.0,ok
ZTF23absbjtt,0.6870616287764582,,18.99970054626465,20.00510025024414,,-1.0053997039794922,0.0,2.0,ok
ZTF22abzdzek,,,,,,,,,empty
ZTF25aaitagy,0.6978837413981391,20.004600524902344,,,,,,2.0,ok
ZTF24abwsvpv,1.1932096820184281,20.020999908447266,20.740699768066406,20.29400062561035,-0.7196998596191406,0.4466991424560547,0.0,9.0,ok
ZTF22aaafkpf,1.1588406628532553,,,20.967500686645508,,,1.0,2.0,ok
ZTF21aardybv,0.7901653216043707,18.507400512695312,18.0226993560791,17.716800689697266,0.48470115661621094,0.30589866638183594,0.0,76.0,ok
ZTF20acjpvyd,1.0169679105172371,,,20.708999633789062,,,0.0,5.0,ok
ZTF20aadvaoi,,,,,,,,,empty
ZTF25abmhchv,,,,,,,,,empty
ZTF25abxdhkl,,,,,,,,,empty
ZTF20aalrksw,,,,,,,,,empty
ZTF19acjqecl,1.2019896321182557,20.824100494384766,20.79759979248047,20.52389907836914,0.026500701904296875,0.2737007141113281,0.0,44.0,ok
ZTF22aanumko,,,,,,,,,empty
ZTF18abiiqdl,,,,,,,,,empty
ZTF24aajydvw,,,,,,,,,empty
ZTF19aajwdqt,0.8393641981350173,21.176300048828125,20.962299346923828,20.73590087890625,0.21400070190429688,0.22639846801757812,0.0,27.0,ok
ZTF21abxdibe,0.7566944326359367,18.27750015258789,17.58880043029785,16.997100830078125,0.6886997222900391,0.5916996002197266,0.0,70.0,ok
ZTF21abwprfg,,,,,,,,,empty
ZTF22abvciba,,,,,,,,,empty
ZTF19aaqhelq,0.1403828225473147,17.397600173950195,17.00160026550293,16.607799530029297,0.3959999084472656,0.3938007354736328,0.0,65.0,ok
ZTF19aaxeetj,,,,,,,,,empty
ZTF25aavcgfk,1.350971671736342,,19.328500747680664,18.484399795532227,,0.8441009521484375,0.0,7.0,ok
ZTF22abmzete,,,,,,,,,empty
ZTF19aaprdox,0.12707070962439163,16.867700576782227,16.48240089416504,15.788800239562988,0.3852996826171875,0.6936006546020508,0.0,75.0,ok
ZTF20aavnpug,,,,,,,,,empty
ZTF19aceuacu,0.08457670877944853,19.53459930419922,18.52039909362793,18.41230010986328,1.014200210571289,0.10809898376464844,0.0,83.0,ok
ZTF18aaeauzu,0.06862850482885059,16.39739990234375,16.097299575805664,15.940699577331543,0.30010032653808594,0.1565999984741211,0.0,80.0,ok
ZTF22aadpffd,,,,,,,,,empty
ZTF18aaybvhx,0.05850544021172168,17.828800201416016,17.333099365234375,16.890300750732422,0.4957008361816406,0.4427986145019531,0.0,76.0,ok
ZTF24aagtmbq,,,,,,,,,empty
ZTF19aatlmbo,,,,,,,,,empty
ZTF22aaacswh,0.3124099327170673,,,,,,,2.0,ok
ZTF19abajrpw,,,,,,,,,empty
ZTF24abxypih,,,,,,,,,empty
ZTF21aaazieb,,,,,,,,,empty
ZTF24abltbed,,,,,,,,,empty
ZTF24abyiwhq,,,,,,,,,empty
ZTF19abzpkss,,,,,,,,,empty
ZTF20aaertpj,,,,,,,,,empty
ZTF22abahzeh,,,,,,,,,empty
ZTF22aaboeex,,,,,,,,,empty
ZTF21acaspdb,,,,,,,,,empty
ZTF24abgoksi,,,,,,,,,empty
ZTF23abihzbq,,,,,,,,,empty
ZTF22abzaijw,,,,,,,,,empty
ZTF23aabsice,,,,,,,,,empty
ZTF24aarygdq,,,,,,,,,empty
ZTF20acgnelh,0.25082603242953083,19.582799911499023,19.210899353027344,,0.3719005584716797,,,7.0,ok
ZTF24abxvpre,,,,,,,,,empty
ZTF22aaacdfe,,,,,,,,,empty
ZTF20actfeym,,,,,,,,,empty
ZTF22aacmgor,1.0861543659050694,18.485300064086914,17.871700286865234,17.334800720214844,0.6135997772216797,0.5368995666503906,0.0,58.0,ok
ZTF25aanepai,,,,,,,,,empty
ZTF18aakfabl,1.3073161122129016,17.524200439453125,16.53499984741211,16.77910041809082,0.9892005920410156,-0.24410057067871094,0.0,83.0,ok
ZTF23aamumyw,0.6839974671041227,,,,,,,2.0,ok
ZTF22abbzucj,0.9745381368267511,20.047800064086914,19.375499725341797,18.749799728393555,0.6723003387451172,0.6256999969482422,0.0,59.0,ok
ZTF20acvebcu,0.785189209624687,19.57069969177246,19.290599822998047,,0.28009986877441406,,,10.0,ok
ZTF20aazswwk,,,,,,,,,empty
ZTF22abpulqo,,,,,,,,,empty
ZTF20abpyxja,0.3891826997480395,19.418899536132812,19.020700454711914,18.854000091552734,0.39819908142089844,0.1667003631591797,0.0,99.0,ok
ZTF23abdspgp,,,,,,,,,empty
ZTF20aayubpi,1.2755807797903473,20.241899490356445,19.205400466918945,17.964500427246094,1.0364990234375,1.2409000396728516,0.0,65.0,ok
ZTF18acrxppd,,,,,,,,,empty
ZTF18acbzpag,,,,,,,,,empty
ZTF22aazuqah,,,,,,,,,empty
ZTF18acwwonp,,,,,,,,,empty
ZTF22aaqhirm,1.0652914651726917,18.977500915527344,18.211599349975586,17.854400634765625,0.7659015655517578,0.35719871520996094,0.0,80.0,ok
ZTF20aamqslk,0.988500946957049,18.036500930786133,17.380300521850586,17.11949920654297,0.6562004089355469,0.2608013153076172,0.0,85.0,ok
ZTF22ablnrcv,1.2101642526097791,18.434900283813477,,,,,,2.0,ok
ZTF21aayqdwk,1.3318829937883299,17.686899185180664,16.95840072631836,16.620899200439453,0.7284984588623047,0.33750152587890625,0.0,83.0,ok
ZTF18abqbuaj,1.070780311651007,20.358999252319336,20.158700942993164,20.129100799560547,0.20029830932617188,0.029600143432617188,0.0,51.0,ok
ZTF23aamanim,0.7737806537977996,20.26020050048828,20.018199920654297,19.9158992767334,0.24200057983398438,0.10230064392089844,0.0,38.0,ok
ZTF25aagjcul,,,,,,,,,empty
ZTF20aabconi,,,,,,,,,empty
ZTF19aalxcyo,0.9843783013407229,19.434600830078125,18.600900650024414,17.782499313354492,0.8337001800537109,0.8184013366699219,0.0,73.0,ok
ZTF20aavdcxo,0.29551099222689375,19.26930046081543,19.286399841308594,18.719100952148438,-0.017099380493164062,0.5672988891601562,0.0,75.0,ok
ZTF25abweqoj,0.9229958213314289,18.103700637817383,17.87540054321289,17.769100189208984,0.2283000946044922,0.10630035400390625,0.0,79.0,ok
ZTF18acrtwlx,,,,,,,,,empty
ZTF20acgmvsn,,,,,,,,,empty
ZTF24aauypjo,0.140602211230553,18.94610023498535,18.076799392700195,17.310100555419922,0.8693008422851562,0.7666988372802734,0.0,83.0,ok
ZTF20abzaknn,,,,,,,,,empty
ZTF20aazpyhy,0.3407345215586474,21.423200607299805,21.317899703979492,21.315500259399414,0.1053009033203125,0.002399444580078125,0.0,67.0,ok
ZTF25aagtjfn,0.8903432719753163,,,,,,,2.0,ok
ZTF23abgfwhj,1.1252092669067506,19.38010025024414,19.052600860595703,18.463199615478516,0.3274993896484375,0.5894012451171875,0.0,80.0,ok
ZTF25abhkhny,,,,,,,,,empty
ZTF19abzmpku,0.10831665737697886,21.496200561523438,21.005199432373047,21.06060028076172,0.4910011291503906,-0.055400848388671875,0.0,33.0,ok
ZTF22aalfezf,1.401309213437258,19.93790054321289,19.90679931640625,20.025400161743164,0.031101226806640625,-0.11860084533691406,0.0,25.0,ok
ZTF20ablagfg,0.8374605934342049,20.166500091552734,19.251100540161133,19.06439971923828,0.9153995513916016,0.18670082092285156,0.0,77.0,ok
ZTF24aaheeel,,,,,,,,,empty
ZTF23aaabcgx,0.5963901418750066,20.503000259399414,19.922100067138672,19.829099655151367,0.5809001922607422,0.09300041198730469,0.0,58.0,ok
ZTF19acnskyy,0.23040869431286487,17.246200561523438,16.948200225830078,16.527599334716797,0.2980003356933594,0.42060089111328125,0.0,61.0,ok
ZTF19aaomkvl,,,,,,,,,empty
ZTF24abhupjy,1.2574212927665795,20.712200164794922,20.79560089111328,20.837299346923828,-0.08340072631835938,-0.041698455810546875,0.0,39.0,ok
ZTF19aalzrrz,,,,,,,,,empty
ZTF19aanhlzn,0.1582598416688288,21.94529914855957,21.671899795532227,21.40530014038086,0.27339935302734375,0.2665996551513672,0.0,33.0,ok
ZTF22abyngnw,0.4379284425312658,,,,,,,2.0,ok
ZTF24abitshb,,,,,,,,,empty
ZTF19abrirmk,,,,,,,,,empty
ZTF25acfxgpq,1.1946642800892053,20.771499633789062,20.59320068359375,20.68899917602539,0.1782989501953125,-0.09579849243164062,0.0,5.0,ok
ZTF20aatzfin,,,,,,,,,empty
ZTF21abegynu,1.1826353131710658,,21.528799057006836,20.648099899291992,,0.8806991577148438,0.0,15.0,ok
ZTF22aaxgujq,,,,,,,,,empty
ZTF22acbacvy,0.23804226540475698,19.902700424194336,19.63640022277832,19.475099563598633,0.2663002014160156,0.1613006591796875,0.0,64.0,ok
ZTF18abnbxsy,0.13469574185546018,,,21.547700881958008,,,,2.0,ok
ZTF23aaahtnj,1.2755983739280519,19.277999877929688,18.915199279785156,,0.36280059814453125,,,10.0,ok
ZTF23aacyeaq,,,,,,,,,empty
ZTF19aavnwzv,,,,,,,,,empty
ZTF25acfxafr,,,,,,,,,empty
ZTF21aaodljj,,,,,,,,,empty
ZTF23aahxdsi,,,,,,,,,empty
ZTF24abubygj,,,,,,,,,empty
ZTF19abzyxgz,,,,,,,,,empty
ZTF22aaagxnb,,,,,,,,,empty
ZTF20abylbuf,,,,,,,,,empty
ZTF21abimejj,,,,,,,,,empty
ZTF23abscvhv,,,,,,,,,empty
ZTF24abyipps,,,,,,,,,empty
ZTF23abkixdb,0.04179517359356496,19.460500717163086,18.787700653076172,18.268400192260742,0.6728000640869141,0.5193004608154297,0.0,83.0,ok
ZTF20aazvump,,,,,,,,,empty
ZTF23aabqqsl,,,,,,,,,empty
ZTF21abqvyyz,,,,,,,,,empty
ZTF21abbjybk,0.7995387808591523,21.48390007019043,21.41069984436035,21.024499893188477,0.07320022583007812,0.386199951171875,0.0,48.0,ok
ZTF20actoakx,0.3168440040259043,20.535200119018555,20.01740074157715,20.33880043029785,0.5177993774414062,-0.3213996887207031,0.0,48.0,ok
ZTF19aalcyfd,,,,,,,,,empty
ZTF19aavhxby,,,,,,,,,empty
ZTF23aabbsdi,,,,,,,,,empty
ZTF25aafdnuf,0.7018033645215054,18.615100860595703,18.524900436401367,18.60770034790039,0.09020042419433594,-0.08279991149902344,0.0,69.0,ok
ZTF24aagfeti,,,,,,,,,empty
ZTF19aazdcmj,,,,,,,,,empty
ZTF24abtazxs,,,,,,,,,empty
ZTF19abhzdjp,0.2694051191696368,,20.50510025024414,20.978099822998047,,-0.47299957275390625,0.0,6.0,ok
ZTF19acgemzm,,,,,,,,,empty
ZTF22aalwghb,0.4366372350485024,20.41320037841797,19.989999771118164,19.84440040588379,0.4232006072998047,0.145599365234375,0.0,67.0,ok
ZTF23abndrow,,,,,,,,,empty
ZTF23abqqixn,,,,,,,,,empty
ZTF20acojxtb,1.4314551224543093,19.57539939880371,18.45599937438965,18.143600463867188,1.1194000244140625,0.31239891052246094,0.0,92.0,ok
ZTF19abpxmgt,0.7485939785556784,17.883100509643555,17.288400650024414,16.816699981689453,0.5946998596191406,0.47170066833496094,0.0,70.0,ok
ZTF21aciqppd,,,,,,,,,empty
ZTF20aalcyih,0.10218794251175388,19.06909942626953,19.415199279785156,18.833599090576172,-0.346099853515625,0.5816001892089844,0.0,23.0,ok
ZTF23abvoynt,1.14307423119861,,20.281400680541992,,,,,2.0,ok
ZTF24aaxadom,,,,,,,,,empty
ZTF21aaowaxx,0.09452532260610962,21.274700164794922,21.392499923706055,21.25510025024414,-0.11779975891113281,0.13739967346191406,0.0,33.0,ok
ZTF23aaizmza,0.4126158342457465,19.66200065612793,19.431400299072266,19.183500289916992,0.23060035705566406,0.24790000915527344,0.0,43.0,ok
ZTF23aagmbuf,0.2240971282711477,18.361299514770508,17.842500686645508,17.27680015563965,0.518798828125,0.5657005310058594,0.0,79.0,ok
ZTF20abgijph,,,,,,,,,empty
ZTF20abfyriw,,,,,,,,,empty
ZTF18aatmlsy,0.48393899532449475,18.055700302124023,17.68899917602539,17.481399536132812,0.3667011260986328,0.20759963989257812,0.0,74.0,ok
ZTF20aammnnm,,,,,,,,,empty
ZTF21achaubw,,,,,,,,,empty
ZTF22aanyggd,1.193375301600001,20.622100830078125,19.68269920349121,19.89739990234375,0.9394016265869141,-0.21470069885253906,0.0,77.0,ok
ZTF21abjdqbo,0.6072979544343817,,,,,,,2.0,ok
ZTF22abobobs,,,,,,,,,empty
ZTF21abqqbfz,,,,,,,,,empty
ZTF22aazjiam,0.49196626666554666,20.779600143432617,20.380699157714844,20.167699813842773,0.39890098571777344,0.2129993438720703,0.0,33.0,ok
ZTF20aaggyef,0.08065451099114024,18.16659927368164,17.738500595092773,17.459400177001953,0.4280986785888672,0.2791004180908203,0.0,59.0,ok
ZTF22aajjasl,,,,,,,,,empty
ZTF18abhbqbh,0.2735608783192666,18.467300415039062,17.42889976501465,17.37420082092285,1.038400650024414,0.054698944091796875,0.0,71.0,ok
ZTF20abazeye,,,,,,,,,empty
ZTF19adbnfne,,,,,,,,,empty
ZTF19aakjesi,0.6661014764024987,20.659900665283203,20.345600128173828,20.193899154663086,0.314300537109375,0.1517009735107422,0.0,59.0,ok
ZTF23aaizgvi,,,,,,,,,empty
ZTF20aaurwih,,,,,,,,,empty
ZTF19aaptwpu,,,,,,,,,empty
ZTF25aapjruy,,,,,,,,,empty
ZTF21abzxkyv,,,,,,,,,empty
ZTF23aaeavsh,0.24769687030269394,19.50160026550293,19.004899978637695,18.53230094909668,0.4967002868652344,0.4725990295410156,0.0,88.0,ok
ZTF25aazivum,,,,,,,,,empty
ZTF22aadfjze,0.9393651887796434,18.46619987487793,17.814300537109375,17.491300582885742,0.6518993377685547,0.3229999542236328,0.0,81.0,ok
ZTF21aabgdda,1.3579305056962432,19.74799919128418,,,,,,2.0,ok
ZTF20aaifkyj,,,,,,,,,empty
ZTF21abzlujs,,,,,,,,,empty
ZTF23aadbrdk,,,,,,,,,empty
ZTF20adaghdo,,,,,,,,,empty
ZTF21abfqisi,1.037272870420575,21.902799606323242,22.036100387573242,21.601299285888672,-0.13330078125,0.4348011016845703,0.0,15.0,ok
ZTF19acrwzqs,0.676826037342903,22.339399337768555,,,,,,2.0,ok
ZTF21achakto,1.2861117346551525,21.72089958190918,,22.069700241088867,,,0.0,3.0,ok
ZTF23aaizygy,,,,,,,,,empty
ZTF23aaeqhrg,,,,,,,,,empty
ZTF21abtxqza,,,,,,,,,empty
ZTF18acenqto,,,,,,,,,empty
ZTF21abbzqvv,,,,,,,,,empty
ZTF24aacapby,,,,,,,,,empty
ZTF23aaayzbm,0.5802179382384174,17.93470001220703,17.484800338745117,17.83489990234375,0.44989967346191406,-0.3500995635986328,0.0,69.0,ok
ZTF21aamokak,,,,,,,,,empty
ZTF24aaofopg,,,,,,,,,empty
ZTF20abwdwoa,0.8063240827438531,19.937400817871094,18.87809944152832,18.802600860595703,1.0593013763427734,0.07549858093261719,0.0,63.0,ok
ZTF23aavujng,,,,,,,,,empty
ZTF20aazstdx,,,,,,,,,empty
ZTF18aaiwewk,0.23367212146433158,19.796600341796875,19.412700653076172,19.052900314331055,0.3838996887207031,0.3598003387451172,0.0,85.0,ok
ZTF21aasbkrl,,,,,,,,,empty
ZTF25acfkoue,,,,,,,,,empty
ZTF25aarwoeg,,,,,,,,,empty
ZTF24abqtpoy,,,,,,,,,empty
ZTF24abnpwcx,,,,,,,,,empty
ZTF18aahatvc,0.28512840001286105,19.457599639892578,19.237699508666992,18.718399047851562,0.21990013122558594,0.5193004608154297,0.0,63.0,ok
ZTF19acjdwqv,,,,,,,,,empty
ZTF25abwjmwj,0.8330554815852536,19.395000457763672,,,,,,2.0,ok
ZTF25aapwsub,1.1309712593145718,18.846399307250977,18.450199127197266,18.104700088500977,0.39620018005371094,0.34549903869628906,0.0,48.0,ok
ZTF21aanswls,0.3569038671361843,17.6289005279541,16.724899291992188,16.566200256347656,0.9040012359619141,0.15869903564453125,0.0,76.0,ok
ZTF25abuvsvz,,,,,,,,,empty
ZTF23aavdzpd,0.37440054248793747,20.00029945373535,19.91950035095215,19.704700469970703,0.08079910278320312,0.2147998809814453,0.0,49.0,ok
ZTF19acszmgx,,,,,,,,,empty
ZTF20aciaxil,,,,,,,,,empty
ZTF21abxfyaw,,,,,,,,,empty
ZTF22aaajrdf,,,,,,,,,empty
ZTF21aamucom,0.7743532021312199,20.011600494384766,19.905399322509766,19.19219970703125,0.106201171875,0.7131996154785156,0.0,42.0,ok
ZTF25aaowwja,,,,,,,,,empty
ZTF19abgafkt,0.4217133065498028,19.085399627685547,18.381900787353516,18.191099166870117,0.7034988403320312,0.19080162048339844,0.0,67.0,ok
ZTF23aaaprhz,0.6904851303251134,20.47480010986328,,18.329299926757812,,,0.0,3.0,ok
ZTF25acchxhv,0.45521160840811814,21.402099609375,21.57900047302246,22.09119987487793,-0.17690086364746094,-0.5121994018554688,0.0,18.0,ok
ZTF20aadxrvb,0.14123481984372982,21.809600830078125,21.77720069885254,21.105899810791016,0.03240013122558594,0.6713008880615234,0.0,16.0,ok
ZTF20aannodx,,,,,,,,,empty
ZTF18aangpkx,1.2032503158489165,17.842300415039062,17.028600692749023,16.537099838256836,0.8136997222900391,0.4915008544921875,0.0,68.0,ok
ZTF18abujbio,,,,,,,,,empty
ZTF24aarafaw,0.31846029816050875,21.443700790405273,20.927000045776367,20.6387996673584,0.5167007446289062,0.28820037841796875,0.0,37.0,ok
ZTF25abtoptp,,,,,,,,,empty
ZTF21acchbmn,0.961691503899126,19.422100067138672,19.136600494384766,19.030099868774414,0.28549957275390625,0.10650062561035156,0.0,81.0,ok
ZTF22aaxtysg,,,,,,,,,empty
ZTF19acapeun,,,,,,,,,empty
ZTF22aaaepmu,1.0996014691916982,22.07270050048828,21.777099609375,21.222400665283203,0.29560089111328125,0.5546989440917969,0.0,6.0,ok
ZTF20acpylns,0.5376649535664416,18.369400024414062,17.701900482177734,16.951200485229492,0.6674995422363281,0.7506999969482422,0.0,44.0,ok
ZTF18acvwchp,,,,,,,,,empty
ZTF21abmlldj,,,,,,,,,empty
ZTF18acbyyff,,,,,,,,,empty
ZTF20actodrq,0.8338832266631376,20.56450080871582,19.76219940185547,20.230199813842773,0.8023014068603516,-0.4680004119873047,0.0,8.0,ok
ZTF18abltaxf,,,,,,,,,empty
ZTF24abpzvqo,,,,,,,,,empty
ZTF18aazjztm,1.470038924101511,,,,,,,2.0,ok
ZTF18abdrmin,,,,,,,,,empty
ZTF24aaekclg,,,,,,,,,empty
ZTF20aaawbkz,0.42611722163917204,18.454200744628906,17.662799835205078,17.351299285888672,0.7914009094238281,0.31150054931640625,0.0,52.0,ok
ZTF23aaashjq,,,,,,,,,empty
ZTF21aajgdeu,1.051283865687863,17.69700050354004,17.10689926147461,17.135099411010742,0.5901012420654297,-0.028200149536132812,0.0,87.0,ok
ZTF24aandhbr,1.1459207102676943,19.820600509643555,19.68000030517578,19.74449920654297,0.14060020446777344,-0.0644989013671875,0.0,70.0,ok
ZTF19acpgaet,1.2689811665923005,19.087499618530273,18.753700256347656,18.409500122070312,0.3337993621826172,0.34420013427734375,0.0,62.0,ok
ZTF23abjwegr,,,,,,,,,empty
ZTF20aaurexl,0.48922471019236086,21.555299758911133,21.43079948425293,20.880800247192383,0.12450027465820312,0.5499992370605469,0.0,18.0,ok
ZTF24abllowj,,,,,,,,,empty
ZTF23abqkppm,0.43967875122993677,20.9148006439209,21.36639976501465,21.421100616455078,-0.45159912109375,-0.05470085144042969,0.0,20.0,ok
ZTF23aasrcyv,0.16422965040535983,,,,,,,2.0,ok
ZTF22abfxkdm,,,,,,,,,empty
ZTF21aacpasn,1.3182773357220616,,21.86009979248047,21.835800170898438,,0.02429962158203125,0.0,2.0,ok
ZTF20aaxbvkt,,,,,,,,,empty
ZTF22abtctvo,0.733150077399537,18.92959976196289,18.35099983215332,18.023099899291992,0.5785999298095703,0.3278999328613281,0.0,90.0,ok
ZTF21acdvban,0.031548462003964994,20.793500900268555,20.23259925842285,20.146299362182617,0.5609016418457031,0.08629989624023438,0.0,69.0,ok
ZTF20aamdyal,,,,,,,,,empty
ZTF21aacsuwx,,,,,,,,,empty
ZTF19acbihxh,,,,,,,,,empty
ZTF18abxdkni,,,,,,,,,empty
ZTF22aafapdd,0.2173557338011281,,19.152599334716797,19.117300033569336,,0.03529930114746094,1.0,4.0,ok
ZTF22abtpejn,,,,,,,,,empty
ZTF21abnvlnj,,,,,,,,,empty
ZTF20abhvnzc,0.5350538594264937,,,17.82270050048828,,,,3.0,ok
ZTF24aaxizpd,0.22643040073074805,20.816499710083008,20.438400268554688,20.067399978637695,0.3780994415283203,0.3710002899169922,0.0,68.0,ok
ZTF19aadpxek,0.12825582535398464,20.044099807739258,19.980600357055664,21.309099197387695,0.06349945068359375,-1.3284988403320312,1.0,18.0,ok
ZTF20acvziuf,,,,,,,,,empty
ZTF22aavobvq,,,,,,,,,empty
ZTF25abadcvl,,,,,,,,,empty
ZTF21aagnbev,0.10275108579137904,21.409000396728516,21.534799575805664,21.48270034790039,-0.12579917907714844,0.05209922790527344,0.0,20.0,ok
ZTF21aceenyc,,,,,,,,,empty
ZTF19abhzelh,,,,,,,,,empty
ZTF23abaxlrz,0.4578865529049247,19.774200439453125,18.947099685668945,,0.8271007537841797,,,8.0,ok
ZTF25ackzsok,,,,,,,,,empty
ZTF22aabdvnv,0.3366514236634356,16.784099578857422,,17.660400390625,,,0.0,2.0,ok
ZTF23aaeardk,0.6638903917865734,20.28849983215332,19.720300674438477,19.766399383544922,0.5681991577148438,-0.04609870910644531,0.0,57.0,ok
ZTF21aahkvem,,,,,,,,,empty
ZTF21aaasxel,0.24924655298524534,21.271799087524414,20.735700607299805,20.532499313354492,0.5360984802246094,0.2032012939453125,0.0,53.0,ok
ZTF23abvvkcc,,,,,,,,,empty
ZTF23aazltms,,,,,,,,,empty
ZTF21aacvhsc,,,,,,,,,empty
ZTF18aajnqmp,0.028951602643935925,17.47260093688965,17.19339942932129,16.911300659179688,0.2792015075683594,0.28209877014160156,0.0,58.0,ok
ZTF23abadhsw,0.13167369014798777,18.848899841308594,19.436100006103516,19.872900009155273,-0.5872001647949219,-0.4368000030517578,1.0,52.0,ok
ZTF20acuoclk,0.5640248936756509,20.54050064086914,19.82710075378418,19.47410011291504,0.7133998870849609,0.3530006408691406,0.0,88.0,ok
ZTF21abfyxpf,,,,,,,,,empty
ZTF21accteto,,,,,,,,,empty
ZTF25aaxmmyx,,,,,,,,,empty
ZTF21acajcyb,,,,,,,,,empty
ZTF18aabkrky,0.47160531703599456,17.11240005493164,16.122600555419922,16.000200271606445,0.9897994995117188,0.12240028381347656,0.0,86.0,ok
ZTF22abueufz,,,,,,,,,empty
ZTF21aapqzxr,,,,,,,,,empty
ZTF24aatieok,1.0304226698435854,,22.19580078125,22.13800048828125,,0.05780029296875,0.0,5.0,ok
ZTF25aaiushx,,,,,,,,,empty
ZTF21abczjhy,,,,,,,,,empty
ZTF21aciouwz,0.5082858270696345,18.089399337768555,17.366600036621094,16.989299774169922,0.7227993011474609,0.3773002624511719,0.0,76.0,ok
ZTF23aaazssj,0.6363782217152241,21.445199966430664,21.28380012512207,20.885400772094727,0.16139984130859375,0.39839935302734375,0.0,40.0,ok
ZTF19acyjjni,,,,,,,,,empty
ZTF25aafiibc,,,,,,,,,empty
ZTF20aanvsds,,,,,,,,,empty
ZTF18acusbdy,1.366448187149655,20.751300811767578,,21.18090057373047,,,,4.0,ok
ZTF25abigwgh,,,,,,,,,empty
ZTF18abdfazk,1.2328124533633518,,20.125600814819336,19.80620002746582,,0.3194007873535156,0.0,4.0,ok
ZTF21acgupte,0.8755381577910183,18.868900299072266,18.229299545288086,17.62019920349121,0.6396007537841797,0.609100341796875,0.0,69.0,ok
ZTF18acuscrr,,,,,,,,,empty
ZTF23aauzfbi,,,,,,,,,empty
ZTF23aaiwunc,1.230966437149087,18.58810043334961,18.204500198364258,17.880300521850586,0.38360023498535156,0.3241996765136719,0.0,86.0,ok
ZTF20actvfgr,,,,,,,,,empty
ZTF25abbevau,,,,,,,,,empty
ZTF19aanbojt,0.3151148911440108,16.926000595092773,16.493499755859375,15.806500434875488,0.43250083923339844,0.6869993209838867,0.0,100.0,ok
ZTF20acnviht,0.4637208733996647,16.856199264526367,16.738399505615234,16.33880043029785,0.11779975891113281,0.3995990753173828,0.0,82.0,ok
ZTF18abckxfb,,,,,,,,,empty
ZTF23aawieyi,,,,,,,,,empty
ZTF24abpqeun,,,,,,,,,empty
ZTF20aahfobk,,,,,,,,,empty
ZTF19abjgbmo,,,,,,,,,empty
ZTF21abvajfr,,,,,,,,,empty
ZTF22aabzjge,,,,,,,,,empty
ZTF24abrpedj,,,,,,,,,empty
ZTF24aahhanf,0.5194023023020329,19.67690086364746,,,,,,2.0,ok
ZTF20achtzug,,,,,,,,,empty
ZTF20abqdqyh,1.4410157514711777,20.96339988708496,,21.748699188232422,,,0.0,2.0,ok
ZTF25aadevqv,,,,,,,,,empty
ZTF24aaywvsf,0.5436304660456913,19.438199996948242,19.368600845336914,18.926799774169922,0.06959915161132812,0.4418010711669922,0.0,67.0,ok
ZTF19abrhdui,0.1133345587615394,22.057600021362305,,21.590200424194336,,,,5.0,ok
ZTF23abptnaj,0.966802553131159,17.983299255371094,17.460599899291992,17.127099990844727,0.5226993560791016,0.3334999084472656,0.0,76.0,ok
ZTF19abqyouo,0.02983869584912645,21.33690071105957,21.08650016784668,20.65220069885254,0.2504005432128906,0.4342994689941406,0.0,78.0,ok
ZTF23aaiwlzm,0.9421276412324708,19.425800323486328,18.807300567626953,18.8085994720459,0.618499755859375,-0.0012989044189453125,0.0,76.0,ok
ZTF20aaycmhl,0.8455873673986799,,,21.12849998474121,,,0.0,4.0,ok
ZTF25aachzjr,1.2741714019654906,20.177200317382812,19.221500396728516,18.200300216674805,0.9556999206542969,1.021200180053711,0.0,98.0,ok
ZTF21abezcph,,,,,,,,,empty
ZTF25abacnxx,,,,,,,,,empty
ZTF19abqanpy,,,,,,,,,empty
ZTF22abnmpwx,0.33507828011672763,18.41629981994629,17.681499481201172,17.372100830078125,0.7348003387451172,0.3093986511230469,0.0,92.0,ok
ZTF20abxmgny,0.16460341262433467,19.41710090637207,18.603700637817383,18.23870086669922,0.8134002685546875,0.36499977111816406,0.0,83.0,ok
ZTF23abauieq,,,,,,,,,empty
ZTF23aaqjuux,,,,,,,,,empty
ZTF25aaugeio,,,,,,,,,empty
ZTF18abfeyey,0.12451825063971295,19.615100860595703,18.847999572753906,18.546300888061523,0.7671012878417969,0.3016986846923828,0.0,75.0,ok
ZTF18acuepcb,0.2557503989060446,16.543399810791016,16.432899475097656,16.039499282836914,0.11050033569335938,0.3934001922607422,0.0,82.0,ok
ZTF23aaawbhh,1.2293237438858962,21.67729949951172,21.514400482177734,21.2091007232666,0.16289901733398438,0.3052997589111328,0.0,45.0,ok
ZTF19abhxllw,,,,,,,,,empty
ZTF25aasrort,,,,,,,,,empty
ZTF19aakphow,,,,,,,,,empty
ZTF24aahgkhh,,,,,,,,,empty
ZTF20abwcxio,0.11812120796497848,21.871400833129883,22.082799911499023,,-0.21139907836914062,,,9.0,ok
ZTF22abfutmm,0.7971726913725657,21.391300201416016,,,,,,2.0,ok
ZTF25absblvn,1.00869463338359,,,21.859800338745117,,,,2.0,ok
ZTF18acahuph,,,,,,,,,empty
ZTF22aaagtej,,,,,,,,,empty
ZTF25accmopr,,,,,,,,,empty
ZTF18abckujq,,,,,,,,,empty
ZTF20aciubfx,,,,,,,,,empty
ZTF21abfxhrn,0.42545294360572333,19.033700942993164,,,,,,2.0,ok
ZTF24aahoihk,,,,,,,,,empty
ZTF23aaqmddq,,,,,,,,,empty
ZTF23aaquolj,0.637373139386741,21.18720054626465,,,,,,3.0,ok
ZTF25aavapev,,,,,,,,,empty
ZTF18acszuad,0.21735777773903803,17.802600860595703,16.929800033569336,16.594100952148438,0.8728008270263672,0.33569908142089844,0.0,88.0,ok
ZTF20aaglivt,,,,,,,,,empty
ZTF19acfduxa,0.33923418319228016,21.170400619506836,21.018699645996094,20.754100799560547,0.1517009735107422,0.2645988464355469,0.0,40.0,ok
ZTF25abeclqx,,,,,,,,,empty
ZTF21aafkktu,1.1654815735807427,20.9419002532959,20.45319938659668,20.875699996948242,0.48870086669921875,-0.4225006103515625,0.0,46.0,ok
ZTF18abtnfmp,0.05466754855953465,18.021699905395508,17.220199584960938,16.773099899291992,0.8015003204345703,0.4470996856689453,0.0,74.0,ok
ZTF20abxxzxy,0.4120418595835852,22.167400360107422,,,,,,2.0,ok
ZTF23aapgxic,,,,,,,,,empty
ZTF18aczzrkn,,,,,,,,,empty
ZTF24aaismud,,,,,,,,,empty
ZTF20abcsbux,0.30625571254502737,21.83799934387207,21.996200561523438,21.102100372314453,-0.1582012176513672,0.8941001892089844,0.0,5.0,ok
ZTF24abnappq,,,,,,,,,empty
ZTF25aalbnkr,0.7409059931173214,20.647899627685547,20.40880012512207,20.194299697875977,0.23909950256347656,0.21450042724609375,0.0,64.0,ok
ZTF21aanwfjk,,,,,,,,,empty
ZTF21abzcpiw,0.3618675637319155,19.59830093383789,19.061899185180664,18.869600296020508,0.5364017486572266,0.19229888916015625,0.0,84.0,ok
ZTF23aajfoed,0.28821533866663557,,20.36669921875,19.207199096679688,,1.1595001220703125,1.0,73.0,ok
ZTF18abolvzu,0.056550712786212216,19.54319953918457,18.917299270629883,18.714099884033203,0.6259002685546875,0.2031993865966797,0.0,68.0,ok
ZTF22abaqzcm,0.46851078832506243,21.491899490356445,20.932600021362305,20.831899642944336,0.5592994689941406,0.10070037841796875,0.0,48.0,ok
ZTF23aaciosd,,,,,,,,,empty
ZTF20abkloyg,0.2615693262950263,20.108999252319336,20.559099197387695,20.438400268554688,-0.4500999450683594,0.12069892883300781,0.0,6.0,ok
ZTF21absbwyz,0.3319162501829614,19.659900665283203,18.98940086364746,18.564699172973633,0.6704998016357422,0.4247016906738281,0.0,88.0,ok
ZTF22aauvfay,,,,,,,,,empty
ZTF25aafvgfi,,,,,,,,,empty
ZTF25aaxikcw,1.4767061196257796,,,,,,,2.0,ok
ZTF21abccdld,0.13557294376924575,17.29330062866211,16.71820068359375,16.058799743652344,0.5750999450683594,0.6594009399414062,0.0,75.0,ok
ZTF22abkxbeo,,,,,,,,,empty
ZTF19aalzmmt,,,,,,,,,empty
ZTF19achticg,,,,,,,,,empty
ZTF21aapehpx,,,,,,,,,empty
ZTF20acocohy,,,,,,,,,empty
ZTF18aauotcv,0.08093541278336225,19.128400802612305,18.638500213623047,18.037599563598633,0.4899005889892578,0.6009006500244141,0.0,56.0,ok
ZTF18aamfrvy,,,,,,,,,empty
ZTF19abxfeln,0.8231107767335755,18.854999542236328,18.682899475097656,18.38640022277832,0.17210006713867188,0.29649925231933594,0.0,55.0,ok
ZTF23aaekkai,1.2150851464290486,18.70829963684082,17.753599166870117,17.277599334716797,0.9547004699707031,0.4759998321533203,0.0,64.0,ok
ZTF25aalvqbq,,,,,,,,,empty
ZTF25aafpsjf,0.5968855751897196,,,,,,,3.0,ok
ZTF23aaptfsu,0.4818591401393117,,20.03700065612793,,,,,2.0,ok
ZTF20aaqpxtm,,,,,,,,,empty
ZTF20aawdjlp,,,,,,,,,empty
ZTF19abgitjn,0.09578263188804244,19.177400588989258,20.443599700927734,19.67609977722168,-1.2661991119384766,0.7674999237060547,1.0,26.0,ok
ZTF20actdeqw,0.9996913373188429,19.268199920654297,19.60890007019043,18.645099639892578,-0.3407001495361328,0.9638004302978516,0.0,73.0,ok
ZTF18abzscns,0.30124960176628235,19.697200775146484,19.677000045776367,18.933799743652344,0.020200729370117188,0.7432003021240234,0.0,57.0,ok
ZTF23absbqun,,,,,,,,,empty
ZTF23abpbdfm,,,,,,,,,empty
ZTF19abxfhrq,0.7248266914598204,18.239099502563477,17.389299392700195,16.811500549316406,0.8498001098632812,0.5777988433837891,0.0,69.0,ok
ZTF21abzkgvc,0.1902626726540989,19.194499969482422,18.916799545288086,18.403099060058594,0.27770042419433594,0.5137004852294922,0.0,74.0,ok
ZTF25achiqqs,,,,,,,,,empty
ZTF21abkkwie,,,,,,,,,empty
ZTF18aahxamc,0.2541536079609839,17.681900024414062,17.350400924682617,16.7810001373291,0.3314990997314453,0.5694007873535156,0.0,75.0,ok
ZTF20acqjmzk,0.5197867237886578,19.968399047851562,18.974700927734375,18.650100708007812,0.9936981201171875,0.3246002197265625,0.0,68.0,ok
ZTF21abienbe,,,,,,,,,empty
ZTF20acxznai,,,,,,,,,empty
ZTF19acvmfeg,,,,,,,,,empty
ZTF24abipyia,1.3961994772648723,18.239099502563477,17.6112003326416,17.068899154663086,0.627899169921875,0.5423011779785156,0.0,74.0,ok
ZTF19acgbkzr,,,,,,,,,empty
ZTF22aajrrzz,0.5641286784232366,17.76849937438965,16.985300064086914,16.554800033569336,0.7831993103027344,0.4305000305175781,0.0,69.0,ok
ZTF18aagtevs,0.0732764945569268,16.810199737548828,16.625200271606445,16.248699188232422,0.1849994659423828,0.37650108337402344,0.0,64.0,ok
ZTF19abgprpq,,,,,,,,,empty
ZTF20ackitai,0.3170476371137018,21.886699676513672,21.646699905395508,21.513999938964844,0.23999977111816406,0.13269996643066406,0.0,28.0,ok
ZTF18aakkrjm,0.30796027524926106,18.167400360107422,18.01289939880371,17.721399307250977,0.15450096130371094,0.2915000915527344,0.0,73.0,ok
ZTF24aaecxun,,,,,,,,,empty
ZTF21aagtpro,,,,,,,,,empty
ZTF22aazpfxt,,,,,,,,,empty
ZTF25aayxghj,0.5956463143041482,18.727800369262695,18.015600204467773,17.670400619506836,0.7122001647949219,0.3451995849609375,0.0,57.0,ok
ZTF23aaqxlpn,,,,,,,,,empty
ZTF20achtpbn,,,,,,,,,empty
ZTF18aagtcxj,0.4166164831397566,,,18.261899948120117,,,0.0,3.0,ok
ZTF21aazqtor,0.9086675096048634,19.932300567626953,,18.94879913330078,,,0.0,16.0,ok
ZTF19aaydtur,,,,,,,,,empty
ZTF20aclflxd,1.3882909506075118,19.128400802612305,18.396299362182617,18.116500854492188,0.7321014404296875,0.2797985076904297,0.0,94.0,ok
ZTF23aadayxh,0.6732463838421179,21.547199249267578,21.22800064086914,20.982099533081055,0.3191986083984375,0.24590110778808594,0.0,50.0,ok
ZTF21abhshmt,0.8986124344838142,21.15530014038086,20.726299285888672,20.692800521850586,0.4290008544921875,0.03349876403808594,0.0,51.0,ok
ZTF24aahxyrp,,,,,,,,,empty
ZTF19abjamgc,,,,,,,,,empty
ZTF19abgcbey,0.10941676760826712,19.627099990844727,19.12019920349121,18.731599807739258,0.5069007873535156,0.3885993957519531,0.0,107.0,ok
ZTF23aaymoki,0.6640096182992347,20.728599548339844,20.183000564575195,20.294200897216797,0.5455989837646484,-0.11120033264160156,0.0,12.0,ok
ZTF20abotkfn,,,,,,,,,empty
ZTF20achadaa,,,,,,,,,empty
ZTF21aavqphe,,,,,,,,,empty
ZTF24abbcrsy,,,,,,,,,empty
ZTF19aawscnp,0.1463181666767316,19.495399475097656,,,,,,2.0,ok
ZTF23aadtzse,1.2780827241226034,20.216999053955078,19.82670021057129,,0.39029884338378906,,,9.0,ok
ZTF20abvyare,,,,,,,,,empty
ZTF23abdubpv,,,,,,,,,empty
ZTF21abjbukd,0.6199291804012855,20.406400680541992,20.478500366210938,20.137100219726562,-0.07209968566894531,0.341400146484375,0.0,59.0,ok
ZTF21aaixlfe,0.48542619418999144,17.240400314331055,16.562700271606445,16.20170021057129,0.6777000427246094,0.36100006103515625,0.0,78.0,ok
ZTF24aakfycl,,,,,,,,,empty
ZTF24aajznoi,,,,,,,,,empty
ZTF23aajduvy,,,,,,,,,empty
ZTF22abudhzo,0.9099689622825078,,16.188600540161133,16.08329963684082,,0.1053009033203125,,3.0,ok
ZTF20aboquuv,,,,,,,,,empty
ZTF23absaexv,,,,,,,,,empty
ZTF22abfoiaa,,,,,,,,,empty
ZTF21abdlyrc,,,,,,,,,empty
ZTF19achaspq,,,,,,,,,empty
ZTF19abttstb,,,,,,,,,empty
ZTF24abciekd,,,,,,,,,empty
ZTF24aajvqre,,,,,,,,,empty
ZTF20aahqabk,,,,,,,,,empty
ZTF18abnyktn,,,,,,,,,empty
ZTF21achqzub,1.0226106977020808,,20.738500595092773,,,,,2.0,ok
ZTF23absbjlp,,,,,,,,,empty
ZTF22aalzyzl,0.20338995240135965,18.39419937133789,17.705400466918945,17.51810073852539,0.6887989044189453,0.1872997283935547,0.0,57.0,ok
ZTF19acazaug,,,,,,,,,empty
ZTF23ablutgq,,,,,,,,,empty
ZTF25aajixgi,0.5889442192329981,21.821500778198242,21.464599609375,21.289600372314453,0.3569011688232422,0.17499923706054688,0.0,42.0,ok
ZTF18achxcsh,0.16468101106513136,,,16.66309928894043,,,,2.0,ok
ZTF21aceqmyz,,,,,,,,,empty
ZTF23aarglpk,,,,,,,,,empty
ZTF21acasloo,,,,,,,,,empty
ZTF19acblzux,,,,,,,,,empty
ZTF18abqjvyl,0.4126919353163595,21.149999618530273,21.01449966430664,20.395099639892578,0.1354999542236328,0.6194000244140625,0.0,12.0,ok
ZTF22aajhiri,,,,,,,,,empty
ZTF21aavhnpk,0.26686709009217463,18.35740089416504,18.018800735473633,17.644699096679688,0.33860015869140625,0.3741016387939453,0.0,78.0,ok
ZTF25abiiuxz,,,,,,,,,empty
ZTF25abxrfik,,,,,,,,,empty
ZTF19abxtcio,,,,,,,,,empty
ZTF20achvdtx,,,,,,,,,empty
ZTF19aailcgs,,,,,,,,,empty
ZTF19aanesgt,,,,,,,,,empty
ZTF22abyopkf,,,,,,,,,empty
ZTF19aatvkrn,,,,,,,,,empty
ZTF20aasfaxj,,,,,,,,,empty
ZTF20acfvltv,,,,,,,,,empty
ZTF21abbxdcm,0.35513009327426526,19.002899169921875,18.62070083618164,18.579099655151367,0.3821983337402344,0.04160118103027344,0.0,82.0,ok
ZTF21aadzuil,,,,,,,,,empty
ZTF22abtmrfr,1.2326742084606204,,21.418899536132812,21.256500244140625,,0.1623992919921875,0.0,3.0,ok
ZTF24abfxhta,,,,,,,,,empty
ZTF21abvcxid,,,,,,,,,empty
ZTF18acnbeuu,,,,,,,,,empty
ZTF25aafuzcr,,,,,,,,,empty
ZTF21abpxsck,0.5597599952265366,19.734600067138672,19.88680076599121,19.505800247192383,-0.15220069885253906,0.3810005187988281,,19.0,ok
ZTF18acrdlrp,0.751398252308315,21.2091007232666,20.949100494384766,21.01759910583496,0.26000022888183594,-0.06849861145019531,0.0,12.0,ok
ZTF19aclljyq,0.8332887122627038,20.843399047851562,,,,,,2.0,ok
ZTF22abnfjsm,0.25381733424962816,19.81100082397461,19.34079933166504,18.75749969482422,0.4702014923095703,0.5832996368408203,0.0,29.0,ok
ZTF19aaziick,0.8776720585583602,18.748199462890625,18.03569984436035,17.653400421142578,0.7124996185302734,0.38229942321777344,0.0,70.0,ok
ZTF20aaxccrm,,,,,,,,,empty
ZTF23abhzwll,,,,,,,,,empty
ZTF20abnlsww,0.9168747577622831,20.033899307250977,19.474000930786133,19.471500396728516,0.5598983764648438,0.0025005340576171875,0.0,99.0,ok
ZTF19aambfxc,0.4963564273730384,17.90290069580078,17.259199142456055,17.023300170898438,0.6437015533447266,0.2358989715576172,0.0,100.0,ok
ZTF23abjunlm,0.912664683809741,19.08049964904785,,,,,,2.0,ok
ZTF18acbyeid,0.18983133425135493,17.77440071105957,17.2908992767334,16.734399795532227,0.4835014343261719,0.5564994812011719,0.0,55.0,ok
ZTF23abihavc,0.21765689864242815,18.81049919128418,17.990800857543945,17.590900421142578,0.8196983337402344,0.3999004364013672,0.0,64.0,ok
ZTF20aanvliy,0.43389352291336414,18.76959991455078,18.03059959411621,17.664499282836914,0.7390003204345703,0.3661003112792969,0.0,48.0,ok
ZTF19acjtpmm,,,,,,,,,empty
ZTF22aadgefj,0.14057095919120915,19.442399978637695,18.80660057067871,18.411399841308594,0.6357994079589844,0.3952007293701172,0.0,86.0,ok
ZTF19aavouyw,,,,,,,,,empty
ZTF22aaknczk,,,,,,,,,empty
ZTF21abbsbov,,,,,,,,,empty
ZTF21abbkglo,,,,,,,,,empty
ZTF20abdzrxo,,,,,,,,,empty
ZTF20aavdoqi,0.32972998618905575,17.3976993560791,16.837299346923828,16.363300323486328,0.5604000091552734,0.4739990234375,0.0,49.0,ok
ZTF25aauhbec,0.7678747172549065,18.59429931640625,17.893600463867188,17.88089942932129,0.7006988525390625,0.012701034545898438,0.0,91.0,ok
ZTF25aapzvrh,,,,,,,,,empty
ZTF21aasxgne,,,,,,,,,empty
ZTF19acmwipq,,,,,,,,,empty
ZTF25aapvrng,,,,,,,,,empty
ZTF19abpbqor,,,,,,,,,empty
ZTF20actnuls,,,,,,,,,empty
ZTF18aagrdcs,1.1382605265699572,,20.688400268554688,21.664899826049805,,-0.9764995574951172,0.0,2.0,ok
ZTF21aagxmfv,,,,,,,,,empty
ZTF25aacbtmd,,,,,,,,,empty
ZTF25aakoamh,,,,,,,,,empty
ZTF19acqdbad,0.050697052411929296,21.9375,,,,,,2.0,ok
ZTF19acaxcwg,0.1994436862260481,21.85580062866211,22.003599166870117,,-0.1477985382080078,,,2.0,ok
ZTF19aaywlmi,,,,,,,,,empty
ZTF20aceokvr,,,,,,,,,empty
ZTF23aarvrvd,0.23442491770182175,19.449399948120117,18.74449920654297,18.73349952697754,0.7049007415771484,0.010999679565429688,0.0,90.0,ok
ZTF24aapexhw,0.37481526494919565,21.875,21.631999969482422,21.582799911499023,0.24300003051757812,0.04920005798339844,0.0,22.0,ok
ZTF25achxzkb,,,,,,,,,empty
ZTF22aaobnru,0.06083168305480996,21.306100845336914,20.772199630737305,20.52589988708496,0.5339012145996094,0.24629974365234375,0.0,54.0,ok
ZTF19acsfvog,0.7713187904462344,19.92329978942871,19.569700241088867,19.434900283813477,0.35359954833984375,0.13479995727539062,0.0,97.0,ok
ZTF19aarfyvc,,,,,,,,,empty
ZTF22abfxmiu,,,,,,,,,empty
ZTF25aapwxhm,,,,,,,,,empty
ZTF21aascwrr,,,,,,,,,empty
ZTF25abvpmki,,,,,,,,,empty
ZTF24aakajtn,,,,,,,,,empty
ZTF22aaacnmh,,,,,,,,,empty
ZTF23abnreud,,,,,,,,,empty
ZTF23aaecgwh,0.7427461860022978,19.48940086364746,19.236600875854492,18.976999282836914,0.25279998779296875,0.2596015930175781,0.0,99.0,ok
ZTF18aaaecnk,0.13191089379362547,17.096500396728516,21.3528995513916,21.506200790405273,-4.256399154663086,-0.15330123901367188,1.0,7.0,ok
ZTF19acctwpz,,,,,,,,,empty
ZTF18abpmmpo,,,,,,,,,empty
ZTF23abhzxwm,0.2542435765492223,16.80660057067871,16.912799835205078,16.818599700927734,-0.10619926452636719,0.09420013427734375,0.0,84.0,ok
ZTF24abvgtut,,,,,,,,,empty
ZTF23aaedvtn,0.6035478764220179,20.391199111938477,20.122400283813477,19.614900588989258,0.268798828125,0.5074996948242188,0.0,62.0,ok
ZTF20aattoch,,,,,,,,,empty
ZTF22aaeviey,,,,,,,,,empty
ZTF20adadsgm,,,,,,,,,empty
ZTF21aaxxmvs,0.38494515352441316,20.02790069580078,19.841299057006836,19.705799102783203,0.1866016387939453,0.1354999542236328,0.0,74.0,ok
ZTF20abykfsr,,,,,,,,,empty
ZTF24abchcrp,,,,,,,,,empty
ZTF19abmylxw,,,,,,,,,empty
ZTF19aauqwna,,,,,,,,,empty
ZTF22aapaavr,1.2636299980316668,19.457700729370117,19.15049934387207,18.81559944152832,0.3072013854980469,0.33489990234375,0.0,72.0,ok
ZTF21aaplfah,,,,,,,,,empty
ZTF23aascppn,,,,,,,,,empty
ZTF21aaxubqf,,,,,,,,,empty
ZTF22aboawxv,,,,,,,,,empty
ZTF22abhrjld,,,,,,,,,empty
ZTF18abquopi,0.6082352910140292,17.57110023498535,16.668100357055664,16.529600143432617,0.9029998779296875,0.13850021362304688,0.0,73.0,ok
ZTF24aalepin,0.587202491104564,16.44700050354004,18.754899978637695,16.464000701904297,-2.3078994750976562,2.2908992767333984,,2.0,ok
ZTF21abicajm,,,,,,,,,empty
ZTF21abchjer,1.0491489951433735,19.321199417114258,,,,,,4.0,ok
ZTF25ababeev,,,,,,,,,empty
ZTF20aattztb,1.305539139168818,20.01259994506836,20.0393009185791,19.24049949645996,-0.026700973510742188,0.7988014221191406,0.0,60.0,ok
ZTF18abkhcrj,0.35652851222561577,19.407699584960938,18.930200576782227,18.33880043029785,0.47749900817871094,0.591400146484375,0.0,71.0,ok
ZTF18abcsgvj,,,,,,,,,empty
ZTF22aamwznx,,,,,,,,,empty
ZTF24aaomuhe,0.6509201088861633,,20.575700759887695,20.23550033569336,,0.34020042419433594,1.0,25.0,ok
ZTF25abnzacu,0.5669192402412726,18.827299118041992,,,,,,3.0,ok
ZTF24aabqihk,,,,,,,,,empty
ZTF25aciofxo,0.7332705212666538,,19.48550033569336,,,,,6.0,ok
ZTF20aamttmo,,,,,,,,,empty
ZTF20abxidyb,0.28069450791010725,,20.87649917602539,21.229700088500977,,-0.35320091247558594,,3.0,ok
ZTF23abnmdqn,,,,,,,,,empty
ZTF22aazqoey,,,,,,,,,empty
ZTF21aaiimkv,,,,,,,,,empty
ZTF18abcrtnq,,,,,,,,,empty
ZTF18acqxyiq,,,,,,,,,empty
ZTF25aalthwc,,,,,,,,,empty
ZTF20acfvsze,,,,,,,,,empty
ZTF25abkeqdq,0.6239054805045116,19.803199768066406,18.99679946899414,18.83799934387207,0.8064002990722656,0.1588001251220703,0.0,67.0,ok
ZTF19acshfvz,,,,,,,,,empty
ZTF24aahipde,1.3939656125369833,,,,,,,2.0,ok
ZTF23aaapouh,,,,,,,,,empty
ZTF19actldas,,,,,,,,,empty
ZTF19aapbsne,0.2630827832562698,22.520299911499023,,,,,,2.0,ok
ZTF22abyjewt,,,,,,,,,empty
ZTF20aavgcnu,,,,,,,,,empty
ZTF23abjstcg,,,,,,,,,empty
ZTF21aaskyvp,0.7197323030524214,21.121400833129883,20.753799438476562,20.48240089416504,0.3676013946533203,0.27139854431152344,0.0,38.0,ok
ZTF19accmxtw,,,,,,,,,empty
ZTF19aculczm,0.5523628918756814,19.716800689697266,19.307600021362305,19.455299377441406,0.40920066833496094,-0.14769935607910156,0.0,76.0,ok
ZTF20acuowxj,0.2022035389984647,21.95509910583496,21.93429946899414,21.86639976501465,0.020799636840820312,0.06789970397949219,1.0,10.0,ok
ZTF25aapqvqk,,,,,,,,,empty
ZTF20aalrqbu,,,,,,,,,empty
ZTF23aamsfav,,,,,,,,,empty
ZTF25aakbssn,,,,,,,,,empty
ZTF22absstju,1.0662204910633406,19.624099731445312,19.098600387573242,19.15999984741211,0.5254993438720703,-0.06139945983886719,0.0,85.0,ok
ZTF22abtybkh,,,,,,,,,empty
ZTF19abahvdh,,,,,,,,,empty
ZTF25abuoijl,0.5737267286104277,21.448400497436523,21.213899612426758,21.04640007019043,0.23450088500976562,0.16749954223632812,0.0,32.0,ok
ZTF21aaloalc,0.8797361243804551,19.555299758911133,19.844200134277344,19.80929946899414,-0.28890037536621094,0.034900665283203125,0.0,67.0,ok
ZTF22aatghyo,,,,,,,,,empty
ZTF18accnlhl,0.10487898258334467,18.80620002746582,17.986799240112305,17.409000396728516,0.8194007873535156,0.5777988433837891,0.0,65.0,ok
ZTF18acvweal,0.8286624410939981,21.476900100708008,21.071699142456055,20.926300048828125,0.4052009582519531,0.1453990936279297,0.0,50.0,ok
ZTF21aapdulz,1.2209773751005504,,,20.052099227905273,,,,2.0,ok
ZTF19acjnatv,1.320135898906,18.594600677490234,17.939800262451172,17.81559944152832,0.6548004150390625,0.12420082092285156,0.0,56.0,ok
ZTF21aagkhwf,,,,,,,,,empty
ZTF24aboucqs,,,,,,,,,empty
ZTF23aapksof,,,,,,,,,empty
ZTF24aakdffc,,,,,,,,,empty
ZTF19acfsqjx,0.5726940713603822,20.578399658203125,,,,,,2.0,ok
ZTF22abqyiaa,0.6122030583166445,18.77239990234375,18.040700912475586,17.768400192260742,0.7316989898681641,0.27230072021484375,0.0,77.0,ok
ZTF23abpznvm,1.4077591254095236,,,18.366899490356445,,,0.0,2.0,ok
ZTF23aaazffe,0.5355534369640264,,20.002300262451172,,,,,2.0,ok
ZTF19aaeicsm,,,,,,,,,empty
ZTF25aawmdtp,,,,,,,,,empty
ZTF20accmtgt,,,,,,,,,empty
ZTF21aanfuuk,0.686844771025272,21.59910011291504,21.576200485229492,,0.022899627685546875,,,7.0,ok
ZTF24aarqmlc,,,,,,,,,empty
ZTF19aanmeyw,,,,,,,,,empty
ZTF19aaluprf,0.6182961539214437,18.509300231933594,17.79010009765625,17.58099937438965,0.7192001342773438,0.20910072326660156,0.0,66.0,ok
ZTF21aapffqd,,,,,,,,,empty
ZTF25aadtdef,0.28897441000659707,,,17.748699188232422,,,1.0,2.0,ok
ZTF22abxgnre,1.1190405250418016,20.292699813842773,20.130399703979492,20.13800048828125,0.16230010986328125,-0.0076007843017578125,0.0,12.0,ok
ZTF22abylryw,,,,,,,,,empty
ZTF25aavozkg,0.16611123327113023,19.083900451660156,18.548099517822266,18.533100128173828,0.5358009338378906,0.0149993896484375,0.0,71.0,ok
ZTF25aancloh,,,,,,,,,empty
ZTF21aasyydo,,,,,,,,,empty
ZTF19abpypvc,0.01960004329705221,21.86079978942871,21.635099411010742,21.333200454711914,0.22570037841796875,0.3018989562988281,0.0,40.0,ok
ZTF18aawpwlf,1.1949066542688904,18.50510025024414,18.0039005279541,17.676599502563477,0.5011997222900391,0.327301025390625,0.0,69.0,ok
ZTF24aaekofc,1.1963615905073848,19.75749969482422,19.479299545288086,19.364900588989258,0.2782001495361328,0.11439895629882812,0.0,105.0,ok
ZTF22aajeyek,,,,,,,,,empty
ZTF20abzbfct,,,,,,,,,empty
ZTF20abjkxwa,0.9026208230333176,19.137500762939453,18.7273006439209,18.3794002532959,0.4102001190185547,0.347900390625,0.0,41.0,ok
ZTF23aaizjbj,1.3899208214758674,18.712799072265625,18.486799240112305,18.31399917602539,0.2259998321533203,0.17280006408691406,0.0,59.0,ok
ZTF23aamqzyz,0.624048490990878,18.691600799560547,18.742399215698242,18.417800903320312,-0.05079841613769531,0.3245983123779297,0.0,53.0,ok
ZTF21abahyyj,1.3447089442337565,21.67690086364746,,,,,,3.0,ok
ZTF21acjosti,,,,,,,,,empty
ZTF25aboftol,,,,,,,,,empty
ZTF23abhvuft,1.4220635128538135,16.535900115966797,13.38700008392334,13.307000160217285,3.148900032043457,0.07999992370605469,,66.0,ok
ZTF25aalughb,0.7545413541903925,17.87070083618164,17.08970069885254,16.56209945678711,0.7810001373291016,0.5276012420654297,0.0,80.0,ok
ZTF20abmsxxr,,,,,,,,,empty
ZTF24abbtigi,,,,,,,,,empty
ZTF18aazsabq,,,,,,,,,empty
ZTF20aappghn,,,,,,,,,empty
ZTF20abzjvse,,,,,,,,,empty
ZTF21ablvtrn,,,,,,,,,empty
ZTF20aauoipy,,,,,,,,,empty
ZTF23aavvdix,1.086011627972603,19.917499542236328,19.333599090576172,18.881099700927734,0.5839004516601562,0.4524993896484375,0.0,50.0,ok
ZTF25abqzeqy,0.20624334381150808,19.624900817871094,18.838199615478516,18.405799865722656,0.7867012023925781,0.4323997497558594,0.0,67.0,ok
ZTF18acuatde,0.16708049149371731,21.885000228881836,21.89859962463379,21.432300567626953,-0.013599395751953125,0.46629905700683594,1.0,11.0,ok
ZTF22abajudi,0.18347274786228673,18.569900512695312,17.942399978637695,17.91189956665039,0.6275005340576172,0.030500411987304688,0.0,60.0,ok
ZTF19aademoc,0.06310104450096522,18.215900421142578,17.640399932861328,17.140499114990234,0.57550048828125,0.49990081787109375,0.0,108.0,ok
ZTF19acbjagc,0.09120321961054605,21.88559913635254,21.367700576782227,20.636699676513672,0.5178985595703125,0.7310009002685547,0.0,46.0,ok
ZTF19abuayqg,,,,,,,,,empty
ZTF24aaymouy,,,,,,,,,empty
ZTF25aazqavg,,,,,,,,,empty
ZTF22aaknmzk,,,,,,,,,empty
ZTF21abbqeea,0.34977726694788797,,19.6028995513916,,,,,2.0,ok
ZTF23aajkeia,0.7200940113838579,19.642000198364258,,,,,,3.0,ok
ZTF22abjaqoq,,,,,,,,,empty
ZTF19abqqmui,,,,,,,,,empty
ZTF21abovblm,0.7872063501184955,18.231800079345703,17.804399490356445,17.518800735473633,0.4274005889892578,0.2855987548828125,0.0,75.0,ok
ZTF23aavzyit,1.4733053099909426,19.818199157714844,19.375600814819336,19.122600555419922,0.4425983428955078,0.25300025939941406,0.0,75.0,ok
ZTF22abmdqzf,0.4793924976708685,18.40049934387207,17.86079978942871,17.626300811767578,0.5396995544433594,0.2344989776611328,0.0,67.0,ok
ZTF25abxlcab,,,,,,,,,empty
ZTF19aanlekq,,,,,,,,,empty
ZTF23aaaymxr,,,,,,,,,empty
ZTF25abmsodq,,,,,,,,,empty
ZTF25aagbifh,,,,,,,,,empty
ZTF20acjrytv,,,,,,,,,empty
ZTF20aaispgr,0.3877656755592731,17.934900283813477,17.177600860595703,16.68079948425293,0.7572994232177734,0.49680137634277344,0.0,82.0,ok
ZTF23aavugjj,,,,,,,,,empty
ZTF24aaegskb,,,,,,,,,empty
ZTF23aapthmh,1.342010844780386,,19.66819953918457,,,,,2.0,ok
ZTF18acbwghc,,,,,,,,,empty
ZTF21aavdqgf,0.31782619051888705,20.617700576782227,20.50860023498535,20.362600326538086,0.109100341796875,0.14599990844726562,0.0,51.0,ok
ZTF25aaiokdh,,,,,,,,,empty
ZTF23abizggb,0.9486442048929339,19.227399826049805,18.715900421142578,18.283300399780273,0.5114994049072266,0.4326000213623047,0.0,106.0,ok
ZTF20aasuiks,0.1000356288032283,19.154199600219727,18.592100143432617,18.23509979248047,0.5620994567871094,0.35700035095214844,0.0,75.0,ok
ZTF18abbpeqo,,,,,,,,,empty
ZTF18abxdker,0.1600743467279815,,,19.079500198364258,,,1.0,4.0,ok
ZTF18abjtgdo,0.7397318537850772,,18.373699188232422,,,,,2.0,ok
ZTF22abcvfgs,0.06614219173964979,20.40920066833496,19.891599655151367,19.42259979248047,0.5176010131835938,0.46899986267089844,0.0,68.0,ok
ZTF19aaobwpx,,,,,,,,,empty
ZTF24abwtpan,,,,,,,,,empty
ZTF24absznsg,,,,,,,,,empty
ZTF21aaxtjvm,,,,,,,,,empty
ZTF19aaujzqh,,,,,,,,,empty
ZTF23aaejwkh,0.7577049181797494,18.289600372314453,17.770700454711914,17.529800415039062,0.5188999176025391,0.24090003967285156,0.0,68.0,ok
ZTF21acbpbia,,,,,,,,,empty
ZTF20acnwjwp,,,,,,,,,empty
ZTF24aaheqkp,,,,,,,,,empty
ZTF20abmectx,,,,,,,,,empty
ZTF25aapclig,,,,,,,,,empty
ZTF22aangixh,,,,,,,,,empty
ZTF22abpzyzz,,,,,,,,,empty
ZTF19abxigfc,0.5608994309105119,,20.00979995727539,20.65180015563965,,-0.6420001983642578,0.0,9.0,ok
ZTF20abpscln,0.19712054623493896,,,21.2455997467041,,,,6.0,ok
ZTF22abgheca,0.31570265333637154,19.04050064086914,19.24209976196289,19.48550033569336,-0.20159912109375,-0.24340057373046875,0.0,99.0,ok
ZTF22abaseoc,,,,,,,,,empty
ZTF18aakecej,,,,,,,,,empty
ZTF25abudaqa,1.0733681126159382,18.313199996948242,,,,,,5.0,ok
ZTF19acerhgs,0.09388842907710149,21.730600357055664,21.43160057067871,21.355100631713867,0.2989997863769531,0.07649993896484375,,8.0,ok
ZTF22aahmbwn,,,,,,,,,empty
ZTF19aailuvj,,,,,,,,,empty
ZTF19ackjene,,,,,,,,,empty
ZTF18abffdpa,0.1098316291180052,19.10379981994629,18.23889923095703,17.884199142456055,0.8649005889892578,0.35470008850097656,0.0,104.0,ok
ZTF22aaahesb,0.5360366063305883,,,,,,,2.0,ok
ZTF22abnfsjo,,,,,,,,,empty
ZTF21aaqjmps,,,,,,,,,empty
ZTF25aadhuhm,,,,,,,,,empty
ZTF21aajmkrd,,,,,,,,,empty
ZTF21aalezap,,,,,,,,,empty
ZTF20adaduxg,0.4434368026863249,19.431699752807617,18.913999557495117,,0.5177001953125,,,16.0,ok
ZTF20acxkfrm,,,,,,,,,empty
ZTF21aavhsdw,0.542138865248364,,,,,,,2.0,ok
ZTF23abjzkqu,,,,,,,,,empty
ZTF21aagsysd,,,,,,,,,empty
ZTF20abeeyrs,0.1905310486966861,21.715499877929688,21.716800689697266,21.40850067138672,-0.001300811767578125,0.3083000183105469,0.0,23.0,ok
ZTF21aapxogj,0.5718319901322144,19.316499710083008,18.49570083618164,18.406400680541992,0.8207988739013672,0.08930015563964844,0.0,89.0,ok
ZTF18abffyqp,,,,,,,,,empty
ZTF21aagtqkc,0.08894458001614992,18.62649917602539,17.78420066833496,17.54050064086914,0.8422985076904297,0.2437000274658203,0.0,61.0,ok
ZTF19abimlck,,,,,,,,,empty
ZTF22aaylnhq,0.24045520519278127,21.832599639892578,20.845300674438477,20.250699996948242,0.9872989654541016,0.5946006774902344,0.0,64.0,ok
ZTF21acoqbuo,1.4284139448101012,17.521299362182617,16.899099349975586,16.1028995513916,0.6222000122070312,0.7961997985839844,0.0,87.0,ok
ZTF22aaohpmz,,,,,,,,,empty
ZTF19aakiyly,1.2789883688682666,20.4468994140625,,21.23550033569336,,,0.0,3.0,ok
ZTF20aarcpql,1.354679406744437,,19.785600662231445,18.78350067138672,,1.0020999908447266,0.0,3.0,ok
ZTF19acdtpow,0.08450239504545369,,,19.728900909423828,,,,3.0,ok
ZTF25aaiylpu,,,,,,,,,empty
ZTF24abuuyen,1.2955716231123326,,20.305500030517578,,,,,2.0,ok
ZTF21aavhlry,,,,,,,,,empty
ZTF25aarutzn,0.8496512874298545,20.388500213623047,19.97640037536621,19.902799606323242,0.41209983825683594,0.07360076904296875,0.0,77.0,ok
ZTF18aaxkjmm,0.5493993160083807,21.079099655151367,20.420799255371094,20.05470085144043,0.6583003997802734,0.36609840393066406,0.0,58.0,ok
ZTF19achagst,,,,,,,,,empty
ZTF21abothvq,,,,,,,,,empty
ZTF21aanvncv,,,,,,,,,empty
ZTF23aarytnu,,,,,,,,,empty
ZTF20abglyot,,,,,,,,,empty
ZTF20aaifzfk,,,,,,,,,empty
ZTF21aakyqkb,,,,,,,,,empty
ZTF25aatkssj,,,,,,,,,empty
ZTF19aavkhuy,,,,,,,,,empty
ZTF22aajhlat,,,,,,,,,empty
ZTF24abxwizt,,,,,,,,,empty
ZTF22aazgmum,,,,,,,,,empty
ZTF19aabbnzo,0.1531380502233812,20.93269920349121,20.333599090576172,19.8341007232666,0.5991001129150391,0.4994983673095703,0.0,63.0,ok
ZTF19acbrzzr,0.6120980411181295,20.359699249267578,20.622900009155273,20.55299949645996,-0.2632007598876953,0.0699005126953125,0.0,53.0,ok
ZTF22aawzdti,0.8333418892868457,20.79949951171875,20.606599807739258,20.007999420166016,0.1928997039794922,0.5986003875732422,0.0,55.0,ok
ZTF23aabtfho,,,,,,,,,empty
ZTF19aavhblr,0.5530852742826353,20.65559959411621,20.268600463867188,20.006099700927734,0.38699913024902344,0.2625007629394531,0.0,66.0,ok
ZTF17aacpbmv,0.3708587824436565,18.100900650024414,17.892799377441406,17.850400924682617,0.2081012725830078,0.04239845275878906,0.0,69.0,ok
ZTF20aairvsi,,,,,,,,,empty
ZTF21acgqhru,,,,,,,,,empty
ZTF20aakxwgy,,,,,,,,,empty
ZTF21acgyywa,0.15416271494258274,20.105499267578125,20.17569923400879,19.681400299072266,-0.07019996643066406,0.49429893493652344,0.0,18.0,ok
ZTF22aalpfln,,,,,,,,,empty
ZTF23aaqixha,,,,,,,,,empty
ZTF18abchinz,0.10926167583843358,16.898500442504883,16.507999420166016,16.0531005859375,0.3905010223388672,0.4548988342285156,0.0,85.0,ok
ZTF20aagzchj,,,,,,,,,empty
ZTF19aarhxgn,,,,,,,,,empty
ZTF19aarfkch,,,,,,,,,empty
ZTF24abcrgam,0.11493355904154832,18.562700271606445,17.973899841308594,17.444299697875977,0.5888004302978516,0.5296001434326172,0.0,72.0,ok
ZTF24aajhlhf,,,,,,,,,empty
ZTF18acsofdh,,,,,,,,,empty
ZTF19abyflzw,0.9504888834390532,21.436599731445312,21.556800842285156,21.136899948120117,-0.12020111083984375,0.41990089416503906,0.0,29.0,ok
ZTF23abhzoyw,,,,,,,,,empty
ZTF19adfuzrc,0.5419835340328187,17.554000854492188,17.351600646972656,17.429399490356445,0.20240020751953125,-0.07779884338378906,0.0,58.0,ok
ZTF19adafqoe,,,,,,,,,empty
ZTF25abjecux,,,,,,,,,empty
ZTF19aaezwmr,0.8737843620008136,20.91710090637207,20.475299835205078,20.117900848388672,0.4418010711669922,0.35739898681640625,0.0,59.0,ok
ZTF23aadudtr,,,,,,,,,empty
ZTF22aakaygk,0.2141819387672992,22.135099411010742,22.14620018005371,21.965299606323242,-0.01110076904296875,0.18090057373046875,0.0,7.0,ok
ZTF23aaaehem,,,,,,,,,empty
ZTF24abwsvdz,,,,,,,,,empty
ZTF23ababkmo,,,,,,,,,empty
ZTF25aasnrmc,0.7974262061327841,21.134599685668945,20.826099395751953,20.434600830078125,0.3085002899169922,0.3914985656738281,0.0,28.0,ok
ZTF20abmspyz,,,,,,,,,empty
ZTF18abtogdl,0.13907678478658658,20.803300857543945,20.599700927734375,20.420900344848633,0.2035999298095703,0.1788005828857422,0.0,69.0,ok
ZTF25aaluerd,,,,,,,,,empty
ZTF20aabqkla,,,,,,,,,empty
ZTF22abfvsbt,,,,,,,,,empty
ZTF24abiktwr,,,,,,,,,empty
ZTF19aayfaum,,,,,,,,,empty
ZTF20abxyjtx,,,,,,,,,empty
ZTF24abcnnlb,0.2815147141449612,20.07659912109375,19.336000442504883,18.968799591064453,0.7405986785888672,0.3672008514404297,0.0,103.0,ok
ZTF24abnafgr,0.22616671019582765,19.165800094604492,18.262699127197266,17.822500228881836,0.9031009674072266,0.4401988983154297,0.0,81.0,ok
ZTF19aailvhf,1.134697429001156,19.27910041809082,18.756799697875977,18.035400390625,0.5223007202148438,0.7213993072509766,0.0,73.0,ok
ZTF19aapafit,,,,,,,,,empty
ZTF19acbmjrp,,,,,,,,,empty
ZTF25aatupjy,1.2252996598167105,18.208799362182617,17.816299438476562,17.045299530029297,0.3924999237060547,0.7709999084472656,0.0,99.0,ok
ZTF23aaqqjxv,1.2813804713318815,19.214599609375,18.798999786376953,18.36039924621582,0.4155998229980469,0.4386005401611328,0.0,67.0,ok
ZTF23aaapldg,0.8791970442871028,17.960100173950195,17.111799240112305,16.735200881958008,0.8483009338378906,0.3765983581542969,0.0,35.0,ok
ZTF24abydqbu,,,,,,,,,empty
ZTF24abzkdil,0.8779139660686053,18.599700927734375,17.73819923400879,16.973899841308594,0.8615016937255859,0.7642993927001953,0.0,68.0,ok
ZTF21acermmd,1.407798206862127,19.41629981994629,18.904199600219727,18.366300582885742,0.5121002197265625,0.5378990173339844,0.0,66.0,ok
ZTF22aaimbfz,0.07728986570327674,18.128599166870117,17.54360008239746,16.90679931640625,0.5849990844726562,0.6368007659912109,0.0,62.0,ok
ZTF22abcuctb,,,,,,,,,empty
ZTF22aativsd,,,,,,,,,empty
ZTF18aarszsc,0.10190959792562669,17.234699249267578,17.00279998779297,16.322500228881836,0.23189926147460938,0.6802997589111328,0.0,81.0,ok
ZTF23aamwiqd,,,,,,,,,empty
ZTF19abgbkwv,,,,,,,,,empty
ZTF20abegate,0.7490336144336689,18.11829948425293,18.006799697875977,17.69659996032715,0.11149978637695312,0.3101997375488281,0.0,90.0,ok
ZTF21abcwsho,1.3631639728708638,18.614599227905273,17.955900192260742,17.476900100708008,0.6586990356445312,0.4790000915527344,0.0,109.0,ok
ZTF20abgxlut,0.06247403889855608,20.841800689697266,20.4330997467041,20.12019920349121,0.40870094299316406,0.3129005432128906,1.0,54.0,ok
ZTF18aaxmhvk,,,,,,,,,empty
ZTF19acyqdxa,1.4612578167512114,21.572399139404297,,21.425399780273438,,,0.0,2.0,ok
ZTF24abmuwqd,,,,,,,,,empty
ZTF18aaaorhy,0.0729514863463131,18.04800033569336,17.942699432373047,18.26020050048828,0.1053009033203125,-0.3175010681152344,0.0,62.0,ok
ZTF24abxzhim,1.0803338621519967,,,,,,,2.0,ok
ZTF18acbzoyh,,,,,,,,,empty
ZTF20aasijew,0.4917943674820495,21.109399795532227,20.86319923400879,21.024200439453125,0.2462005615234375,-0.16100120544433594,0.0,7.0,ok
ZTF18abwlupf,0.36780934404156473,19.865299224853516,19.298599243164062,18.890100479125977,0.5666999816894531,0.40849876403808594,0.0,51.0,ok
ZTF20acwkwqn,0.5807297760545307,19.556400299072266,19.630399703979492,19.00670051574707,-0.07399940490722656,0.6236991882324219,0.0,65.0,ok
ZTF20abqnztv,,,,,,,,,empty
ZTF23ablkbom,0.10688854054693289,21.329999923706055,21.162099838256836,21.011699676513672,0.16790008544921875,0.15040016174316406,0.0,42.0,ok
ZTF23abauhvi,0.9066102392265551,21.38159942626953,21.28019905090332,21.16990089416504,0.10140037536621094,0.11029815673828125,0.0,7.0,ok
ZTF24aakajby,,,,,,,,,empty
ZTF23aaiytpy,,,,,,,,,empty
ZTF18acahbqb,0.09885932006242308,17.54509925842285,17.345699310302734,16.800399780273438,0.1993999481201172,0.5452995300292969,0.0,73.0,ok
ZTF23absdvtp,0.9861941626239195,,,20.591699600219727,,,0.0,5.0,ok
ZTF20abajdvf,,,,,,,,,empty
ZTF20acaapwk,1.3492202082532294,,,,,,,3.0,ok
ZTF21acdenty,0.6789705554522378,17.71579933166504,16.61389923095703,16.465700149536133,1.1019001007080078,0.14819908142089844,0.0,63.0,ok
ZTF20aacewxb,,,,,,,,,empty
ZTF22abeijrg,,,,,,,,,empty
ZTF20abgbiet,1.3853588964174302,21.83930015563965,20.938800811767578,19.840700149536133,0.9004993438720703,1.0981006622314453,0.0,62.0,ok
ZTF19abrbmvt,,,,,,,,,empty
ZTF19acgjosf,,,,,,,,,empty
ZTF22aajowwt,0.37263224161381886,18.33650016784668,17.443599700927734,17.056299209594727,0.8929004669189453,0.3873004913330078,0.0,62.0,ok
ZTF19aanonjt,,,,,,,,,empty
ZTF23aaotvsl,,,,,,,,,empty
ZTF21abahgst,0.7230024403367873,,,20.83609962463379,,,0.0,2.0,ok
ZTF23aaekejj,0.7191185260925479,19.523300170898438,18.555400848388672,18.555999755859375,0.9678993225097656,-0.000598907470703125,0.0,56.0,ok
ZTF19abgrchq,,,,,,,,,empty
ZTF21aaxksct,,,,,,,,,empty
ZTF20acrdadi,,,,,,,,,empty
ZTF21aakybgi,1.3814361893105984,,17.913700103759766,,,,,2.0,ok
ZTF22abfuosd,,,,,,,,,empty
ZTF25abmnhes,0.16382290411535075,18.046100616455078,17.142200469970703,16.726200103759766,0.903900146484375,0.4160003662109375,0.0,58.0,ok
ZTF19acardcs,0.550157832578621,18.49970054626465,17.68600082397461,17.332399368286133,0.8136997222900391,0.35360145568847656,0.0,63.0,ok
ZTF25acembpx,,,,,,,,,empty
ZTF23absbygq,0.4263096594428549,19.70709991455078,19.27120018005371,19.355899810791016,0.4358997344970703,-0.08469963073730469,0.0,73.0,ok
ZTF21aaqwjlz,,,,,,,,,empty
ZTF23abvryfw,1.04940367327743,,,20.403900146484375,,,,2.0,ok
ZTF20aaaddgy,,,,,,,,,empty
ZTF22aadexro,,,,,,,,,empty
ZTF20acpxvez,1.244464270534348,18.5393009185791,17.864299774169922,18.008699417114258,0.6750011444091797,-0.14439964294433594,0.0,91.0,ok
ZTF20aacevxq,,,,,,,,,empty
ZTF19abueupg,,,,,,,,,empty
ZTF21aatjavc,,,,,,,,,empty
ZTF25abkrljh,0.8730383990725958,20.74139976501465,20.619300842285156,20.517099380493164,0.12209892272949219,0.10220146179199219,0.0,58.0,ok
ZTF18aavqdyq,,,,,,,,,empty
ZTF23aaoxngr,,,,,,,,,empty
ZTF23aaaaiuc,0.3808895413946199,19.186500549316406,18.400999069213867,18.341899871826172,0.7855014801025391,0.05909919738769531,0.0,56.0,ok
ZTF19aaloqmd,,,,,,,,,empty
ZTF21ablrhtk,1.0051128126602584,,,19.21299934387207,,,0.0,2.0,ok
ZTF21abmdnft,1.0122919730329947,,,20.876800537109375,,,0.0,2.0,ok
ZTF20abmgzuf,0.081234444430693,,,,,,,4.0,ok
ZTF19accmboe,0.1833943850894257,18.091400146484375,17.74880027770996,17.44409942626953,0.34259986877441406,0.3047008514404297,0.0,96.0,ok
ZTF23aadrttb,,,,,,,,,empty
ZTF23aackdba,0.8798809112142071,18.322399139404297,18.139999389648438,18.398300170898438,0.18239974975585938,-0.25830078125,0.0,59.0,ok
ZTF25acgfksh,,,,,,,,,empty
ZTF21abaphri,1.3812550155447498,18.50510025024414,18.160400390625,18.05299949645996,0.3446998596191406,0.10740089416503906,0.0,73.0,ok
ZTF25acgmrgz,,,,,,,,,empty
ZTF21abmxkcq,,,,,,,,,empty
ZTF21aauzzny,1.3719450306430971,,,18.360700607299805,,,,3.0,ok
ZTF23abqiykq,0.5301493977484818,20.864599227905273,20.84980010986328,20.408899307250977,0.014799118041992188,0.4409008026123047,0.0,54.0,ok
ZTF20ackdkva,0.18791542976690634,20.89459991455078,20.408000946044922,20.018600463867188,0.4865989685058594,0.3894004821777344,0.0,69.0,ok
ZTF24aavydau,,,,,,,,,empty
ZTF21abwunpp,,,,,,,,,empty
ZTF18accngfb,,,,,,,,,empty
ZTF21aaoqcnh,0.5621880054841063,19.707799911499023,19.261999130249023,19.407899856567383,0.44580078125,-0.14590072631835938,0.0,67.0,ok
ZTF21aazfmxb,,,,,,,,,empty
ZTF20acpqbfu,,,,,,,,,empty
ZTF22abmsaxp,,,,,,,,,empty
ZTF19aanovps,0.4276283380905667,19.27750015258789,18.97319984436035,18.989099502563477,0.30430030822753906,-0.015899658203125,0.0,65.0,ok
ZTF22abyokkf,0.14814297160117987,20.898099899291992,,20.493000030517578,,,0.0,7.0,ok
ZTF25abxvhmk,,,,,,,,,empty
ZTF19acjwdnu,0.3550374938115429,22.01129913330078,21.95789909362793,21.783700942993164,0.05340003967285156,0.17419815063476562,0.0,10.0,ok
ZTF23aanpuwv,1.2370800518937097,20.026500701904297,19.738399505615234,19.543699264526367,0.2881011962890625,0.1947002410888672,0.0,86.0,ok
ZTF20ablqbvc,0.868058254109566,19.805599212646484,19.230100631713867,18.75830078125,0.5754985809326172,0.4717998504638672,0.0,73.0,ok
ZTF19aaljcsu,0.7323274888840117,19.797199249267578,19.286100387573242,19.074499130249023,0.5110988616943359,0.21160125732421875,0.0,53.0,ok
ZTF19aaktpns,0.7109337239887262,19.24020004272461,18.514699935913086,18.076900482177734,0.7255001068115234,0.43779945373535156,0.0,65.0,ok
ZTF20acuimtq,,,,,,,,,empty
ZTF24abhptym,,,,,,,,,empty
ZTF19acrcupt,,,,,,,,,empty
ZTF25aapuyuf,,,,,,,,,empty
ZTF21abqzays,,,,,,,,,empty
ZTF24aabbxvs,0.6474392140878084,17.570499420166016,17.23390007019043,16.662599563598633,0.33659934997558594,0.5713005065917969,0.0,86.0,ok
ZTF25acilyrg,,,,,,,,,empty
ZTF21abotose,0.21773001374601297,19.1382999420166,18.66309928894043,18.37700080871582,0.4752006530761719,0.2860984802246094,0.0,58.0,ok
ZTF20aadyyvk,0.13078712976840004,21.69529914855957,,21.739200592041016,,,1.0,6.0,ok
ZTF22abfvvpv,1.3708245967653838,18.881099700927734,18.5393009185791,17.999500274658203,0.3417987823486328,0.5398006439208984,0.0,95.0,ok
ZTF20abcgjvq,,,,,,,,,empty
ZTF24aahefwy,,,,,,,,,empty
ZTF22abakwvc,,,,,,,,,empty
ZTF18acxijqw,1.297320477666769,19.104700088500977,18.54599952697754,18.289899826049805,0.5587005615234375,0.2560997009277344,0.0,64.0,ok
ZTF19abppewc,,,,,,,,,empty
ZTF21aamobbh,,,,,,,,,empty
ZTF23aapcllu,,,,,,,,,empty
ZTF20ackzfvn,0.653074240619859,17.160900115966797,17.306900024414062,17.71299934387207,-0.14599990844726562,-0.4060993194580078,0.0,78.0,ok
ZTF25aaoruek,,,,,,,,,empty
ZTF23aaqniyk,,,,,,,,,empty
ZTF24aatsiox,,,,,,,,,empty
ZTF19acrbyzj,,,,,,,,,empty
ZTF19aanxgrz,,,,,,,,,empty
ZTF25aaipveb,0.39713838838893994,21.37459945678711,20.951900482177734,20.74250030517578,0.422698974609375,0.20940017700195312,0.0,49.0,ok
ZTF21acjxsrf,,,,,,,,,empty
ZTF19abkgjmj,,,,,,,,,empty
ZTF20aamoaim,,,,,,,,,empty
ZTF22abtoves,,,,,,,,,empty
ZTF25aajqkss,0.830488211459796,20.259199142456055,19.791400909423828,19.679100036621094,0.46779823303222656,0.11230087280273438,0.0,62.0,ok
ZTF20abzjpsv,0.9220468501985711,19.410499572753906,18.979400634765625,18.62220001220703,0.43109893798828125,0.35720062255859375,0.0,73.0,ok
ZTF24abxvqao,,,,,,,,,empty
ZTF22aagvrlq,0.08650144503548007,,21.336599349975586,20.621400833129883,,0.7151985168457031,0.0,26.0,ok
ZTF24abdjago,,,,,,,,,empty
ZTF22aaajbnz,0.10095872574690666,18.501800537109375,18.063499450683594,17.79330062866211,0.43830108642578125,0.2701988220214844,0.0,65.0,ok
ZTF20abndzyc,0.6924409666117656,18.834400177001953,18.479799270629883,18.029699325561523,0.3546009063720703,0.4500999450683594,0.0,86.0,ok
ZTF21aaxswlc,0.5771055751390258,19.636999130249023,19.59589958190918,19.34819984436035,0.04109954833984375,0.24769973754882812,0.0,115.0,ok
ZTF20aadxcsc,0.2128560468798546,18.024700164794922,17.190099716186523,16.512500762939453,0.8346004486083984,0.6775989532470703,0.0,73.0,ok
ZTF21abhrchb,0.07277642354808386,20.397600173950195,19.707599639892578,19.16010093688965,0.6900005340576172,0.5474987030029297,0.0,97.0,ok
ZTF20abyzomt,1.4231535069650747,19.417999267578125,19.22960090637207,,0.1883983612060547,,,3.0,ok
ZTF21abplsmq,,,,,,,,,empty
ZTF24abkauuv,,,,,,,,,empty
ZTF24aawlglu,0.192087572967376,21.353200912475586,21.183799743652344,20.979900360107422,0.1694011688232422,0.20389938354492188,0.0,47.0,ok
ZTF18abucnqk,0.23141151447522618,22.075000762939453,21.512300491333008,,0.5627002716064453,,,13.0,ok
ZTF21abpjpxr,0.6359088622256817,18.846599578857422,18.33839988708496,17.954999923706055,0.5081996917724609,0.38339996337890625,0.0,64.0,ok
ZTF19aaknqmp,0.6872178969630759,,20.99139976501465,20.49340057373047,,0.4979991912841797,0.0,2.0,ok
ZTF18acrncou,,,,,,,,,empty
ZTF23ablimhl,,,,,,,,,empty
ZTF20acwujgz,1.0660700266543948,,21.856399536132812,21.374900817871094,,0.48149871826171875,1.0,2.0,ok
ZTF20abbjwgc,,,,,,,,,empty
ZTF25aairaww,,,,,,,,,empty
ZTF23abeoblh,,,,,,,,,empty
ZTF24abmkoqc,,,,,,,,,empty
ZTF20acwofhd,0.41388152576885434,19.020099639892578,19.379199981689453,19.055099487304688,-0.359100341796875,0.3241004943847656,,15.0,ok
ZTF24abuvmuo,,,,,,,,,empty
ZTF25aagbsgv,1.2013512040805852,18.25119972229004,18.235300064086914,17.676700592041016,0.015899658203125,0.5585994720458984,0.0,100.0,ok
ZTF24aaqajrc,,,,,,,,,empty
ZTF22aakpyqw,,,,,,,,,empty
ZTF19aabvfwn,,,,,,,,,empty
ZTF25ablgkgi,0.2492455762894172,18.6658992767334,18.45170021057129,18.025400161743164,0.21419906616210938,0.426300048828125,0.0,79.0,ok
ZTF25abwkiga,,,,,,,,,empty
ZTF20aaspvan,,,,,,,,,empty
ZTF24aahjhtv,1.448186935271151,,,19.395599365234375,,,0.0,7.0,ok
ZTF18abtfrbf,,,,,,,,,empty
ZTF22aadeuwu,,,,,,,,,empty
ZTF19abdduix,,,,,,,,,empty
ZTF25aaoxgwp,,,,,,,,,empty
ZTF23aabyiby,0.7349622571994143,18.050800323486328,,19.055599212646484,,,0.0,5.0,ok
ZTF20aatvdwr,,,,,,,,,empty
ZTF19acbonaa,0.45465230913267113,22.05739974975586,21.72559928894043,21.464500427246094,0.3318004608154297,0.26109886169433594,0.0,26.0,ok
ZTF19abgmkef,1.121030100924046,20.85759925842285,20.67919921875,20.490999221801758,0.17840003967285156,0.1881999969482422,0.0,31.0,ok
ZTF25abyqaky,0.6330869469230154,19.219200134277344,18.773099899291992,18.686500549316406,0.44610023498535156,0.08659934997558594,0.0,67.0,ok
ZTF24aaumhmm,0.2645703008903462,21.920900344848633,21.53380012512207,21.416400909423828,0.3871002197265625,0.11739921569824219,0.0,36.0,ok
ZTF24aahhlmp,,,,,,,,,empty
ZTF21aaekmoy,0.39762409188455167,18.7283992767334,18.161399841308594,17.736000061035156,0.5669994354248047,0.4253997802734375,0.0,50.0,ok
ZTF20abxcycq,,,,,,,,,empty
ZTF21abhibro,,,,,,,,,empty
ZTF25aaapkzn,,,,,,,,,empty
ZTF20aahbfmf,,,,,,,,,empty
ZTF21abshszs,,,,,,,,,empty
ZTF24aampakt,1.0110375212265306,18.956499099731445,18.32900047302246,18.447799682617188,0.6274986267089844,-0.11879920959472656,0.0,57.0,ok
ZTF22aabomyi,0.966029533623364,20.047199249267578,19.478599548339844,19.113300323486328,0.5685997009277344,0.3652992248535156,0.0,77.0,ok
ZTF22abgwgsv,,,,,,,,,empty
ZTF20abgbwmt,,,,,,,,,empty
ZTF19aatgznl,,,,,,,,,empty
ZTF22aaacvyy,,,,,,,,,empty
ZTF22aasvuof,,,,,,,,,empty
ZTF19adbsblp,,,,,,,,,empty
ZTF20acxnafa,,,,,,,,,empty
ZTF20aaxunbm,,,,,,,,,empty
ZTF23aaagncz,0.49277807354515185,18.126699447631836,17.640499114990234,17.09469985961914,0.48620033264160156,0.5457992553710938,0.0,81.0,ok
ZTF22abfyqsc,0.7049947857943473,21.626800537109375,21.167699813842773,21.497900009155273,0.45910072326660156,-0.3302001953125,0.0,28.0,ok
ZTF24aapzzfc,,,,,,,,,empty
ZTF25acdbsrg,,,,,,,,,empty
ZTF18achdidy,,,,,,,,,empty
ZTF19aamoqxy,,,,,,,,,empty
ZTF25aaddfzb,,,,,,,,,empty
ZTF21abvctva,0.8969684530611572,18.432199478149414,17.724899291992188,17.361299514770508,0.7073001861572266,0.3635997772216797,0.0,70.0,ok
ZTF19aauxxgk,,,,,,,,,empty
ZTF19abqhobb,,,,,,,,,empty
ZTF19acxxwiz,,,,,,,,,empty
ZTF21aalxurs,,,,,,,,,empty
ZTF23abrydus,1.406071782125246,21.210399627685547,20.31439971923828,20.305299758911133,0.8959999084472656,0.009099960327148438,0.0,18.0,ok
ZTF19aaippyv,0.04121433337303062,18.58300018310547,17.944299697875977,17.355600357055664,0.6387004852294922,0.5886993408203125,0.0,64.0,ok
ZTF20abtfnpl,0.9706592056327358,20.01219940185547,19.261699676513672,19.527099609375,0.7504997253417969,-0.2653999328613281,0.0,81.0,ok
ZTF21aayqrgx,0.24056816741025874,19.03350067138672,18.500200271606445,18.54680061340332,0.5333003997802734,-0.046600341796875,0.0,66.0,ok
ZTF20acngnrs,1.4045071020240765,21.934799194335938,,21.125099182128906,,,0.0,2.0,ok
ZTF20aafjjqj,,,,,,,,,empty
ZTF20aaswzdm,0.805278619577678,,,19.28059959411621,,,0.0,3.0,ok
ZTF21aaabzsj,0.83540440777225,18.49049949645996,17.865100860595703,17.546899795532227,0.6253986358642578,0.31820106506347656,0.0,78.0,ok
ZTF21acmtqzi,0.8403888749391338,17.95319938659668,17.42099952697754,17.0044002532959,0.5321998596191406,0.4165992736816406,0.0,72.0,ok
ZTF18acbxudr,0.8394928422385743,19.70240020751953,19.993200302124023,20.242900848388672,-0.2908000946044922,-0.24970054626464844,0.0,40.0,ok
ZTF20acoredl,,,,,,,,,empty
ZTF25aaqsnsq,1.3878159086181514,18.25779914855957,17.859600067138672,17.218700408935547,0.39819908142089844,0.640899658203125,0.0,68.0,ok
ZTF19aayjqpa,,,,,,,,,empty
ZTF22aaybwtp,,,,,,,,,empty
ZTF24aaxmpne,,,,,,,,,empty
ZTF22aapubaf,,,,,,,,,empty
ZTF18aagrtxs,,,,,,,,,empty
ZTF22aaknmbw,0.49244689777021694,20.25,20.286800384521484,20.155099868774414,-0.036800384521484375,0.1317005157470703,0.0,71.0,ok
ZTF21aackkcp,,,,,,,,,empty
ZTF18acyyhgi,,,,,,,,,empty
ZTF22abeipbi,0.33436135351757124,,,19.3518009185791,,,0.0,5.0,ok
ZTF19aanqzhm,0.7432642038964156,19.801700592041016,19.981800079345703,19.670000076293945,-0.1800994873046875,0.3118000030517578,0.0,68.0,ok
ZTF19aakiyed,,,,,,,,,empty
ZTF22aagvgwl,0.8719671961130749,19.903099060058594,19.8218994140625,19.942800521850586,0.08119964599609375,-0.12090110778808594,0.0,12.0,ok
ZTF18aayxupv,0.24700202010295835,,,,,,,2.0,ok
ZTF19abtslqm,0.43421884497681906,,19.058500289916992,,,,,2.0,ok
ZTF25aahmecj,0.21589190309248432,19.868000030517578,19.719900131225586,19.29800033569336,0.1480998992919922,0.42189979553222656,0.0,89.0,ok
ZTF20abyyvrw,,,,,,,,,empty
ZTF25aciomvg,,,,,,,,,empty
ZTF24aaguphd,,,,,,,,,empty
ZTF23aacfkak,,,,,,,,,empty
ZTF20aarbvub,,,,,,,,,empty
ZTF20abjucyd,0.05568455218645215,18.47279930114746,,,,,,2.0,ok
ZTF21aaazjia,,,,,,,,,empty
ZTF22abfwihc,1.441610261416063,,,18.839399337768555,,,0.0,2.0,ok
ZTF19abraqpf,,,,,,,,,empty
ZTF21aazwtoz,,,,,,,,,empty
ZTF19acmyacs,1.14701272914375,,,,,,,18.0,ok
ZTF24abihsvi,0.8359651340781022,20.333999633789062,,,,,,4.0,ok
ZTF21aaqmqyp,,,,,,,,,empty
ZTF25abbzctu,,,,,,,,,empty
ZTF23abkfsny,,,,,,,,,empty
ZTF22abtdarf,0.6510188723339585,17.726699829101562,17.01110076904297,16.655799865722656,0.7155990600585938,0.3553009033203125,0.0,61.0,ok
ZTF24aabuaij,0.06128573100610589,19.901199340820312,19.5856990814209,19.448400497436523,0.31550025939941406,0.137298583984375,0.0,80.0,ok
ZTF22aahgxbx,0.08591855880387606,18.35810089111328,17.810199737548828,17.8533992767334,0.5479011535644531,-0.04319953918457031,0.0,76.0,ok
ZTF21abcgnqn,0.1883787047906847,18.521900177001953,17.824199676513672,17.47369956970215,0.6977005004882812,0.35050010681152344,0.0,79.0,ok
ZTF22abgiayt,0.06882797436897284,20.42840003967285,19.704999923706055,19.316699981689453,0.7234001159667969,0.38829994201660156,0.0,68.0,ok
ZTF19abaejto,,,,,,,,,empty
ZTF18aaqvuhl,0.2971178930968382,18.659000396728516,18.112199783325195,17.420299530029297,0.5468006134033203,0.6919002532958984,0.0,70.0,ok
ZTF25acgytsy,,,,,,,,,empty
ZTF22aasxakz,,,,,,,,,empty
ZTF21abzywja,1.463798655004238,18.566200256347656,18.02680015563965,17.4419002532959,0.5394001007080078,0.58489990234375,0.0,94.0,ok
ZTF24abdphgu,,,,,,,,,empty
ZTF22aahecwj,,,,,,,,,empty
ZTF23aabntjw,,,,,,,,,empty
ZTF21aacvrzy,0.46412735098723024,21.85409927368164,21.30139923095703,21.641300201416016,0.5527000427246094,-0.3399009704589844,0.0,9.0,ok
ZTF20achtxbi,,,,,,,,,empty
ZTF20abchbds,,,,,,,,,empty
ZTF23aaiecnn,0.337415040617588,19.285400390625,,18.33880043029785,,,,3.0,ok
ZTF18abvsvjs,0.4605634789410922,21.053199768066406,20.962799072265625,20.588899612426758,0.09040069580078125,0.3738994598388672,0.0,37.0,ok
ZTF19aamhlnl,,,,,,,,,empty
ZTF25acfyeke,0.087891378679208,22.171300888061523,20.564300537109375,19.9960994720459,1.6070003509521484,0.5682010650634766,0.0,53.0,ok
ZTF21abqfttg,1.1178914046901454,19.340700149536133,18.239700317382812,17.600900650024414,1.1009998321533203,0.6387996673583984,0.0,85.0,ok
ZTF25acldfsf,,,,,,,,,empty
ZTF22aadlpkc,,,,,,,,,empty
ZTF20abciflj,0.3672823843584557,18.512399673461914,18.187299728393555,17.989999771118164,0.3250999450683594,0.19729995727539062,0.0,68.0,ok
ZTF20acowata,0.8705429047134681,,19.53459930419922,,,,,4.0,ok
ZTF24abdjuga,,,,,,,,,empty
ZTF21abvtikp,,,,,,,,,empty
ZTF25aaqksiw,1.278746634980513,,,20.002300262451172,,,0.0,2.0,ok
ZTF20abpsbyg,,,,,,,,,empty
ZTF20abpvolc,0.16569397445753456,20.407699584960938,20.24169921875,19.93560028076172,0.1660003662109375,0.30609893798828125,0.0,22.0,ok
ZTF24abpynxw,0.18997715396218112,20.13010025024414,19.924999237060547,19.73080062866211,0.20510101318359375,0.1941986083984375,0.0,93.0,ok
ZTF24abajmau,0.07691363082816036,22.175399780273438,21.99720001220703,21.837600708007812,0.17819976806640625,0.15959930419921875,0.0,13.0,ok
ZTF21aaqgrrf,0.15439781081115866,21.553600311279297,21.050600051879883,20.905000686645508,0.5030002593994141,0.145599365234375,0.0,49.0,ok
ZTF25aanezba,,,,,,,,,empty
ZTF25acfwpoa,,,,,,,,,empty
ZTF21abdcauj,0.13262723627765252,18.77359962463379,18.45359992980957,18.076799392700195,0.31999969482421875,0.376800537109375,0.0,80.0,ok
ZTF21acaqdnb,,,,,,,,,empty
ZTF22aavwyfw,,,,,,,,,empty
ZTF25aanmuym,,,,,,,,,empty
ZTF18acxcokz,0.12560717458115675,18.247400283813477,17.61709976196289,17.194700241088867,0.6303005218505859,0.42239952087402344,0.0,78.0,ok
ZTF19abzplvm,,,,,,,,,empty
ZTF19abxvtmy,,,,,,,,,empty
ZTF21abasxdp,,,,,,,,,empty
ZTF18abfhryc,,,,,,,,,empty
ZTF22abyanxw,0.31345309300936747,17.799800872802734,17.216299057006836,16.556800842285156,0.5835018157958984,0.6594982147216797,0.0,71.0,ok
ZTF22aaemoot,0.41386718872832945,20.611400604248047,,,,,,2.0,ok
ZTF20actocyw,,,,,,,,,empty
ZTF21ackeofr,0.19727818408642805,19.55590057373047,18.843700408935547,18.66160011291504,0.7122001647949219,0.1821002960205078,0.0,75.0,ok
ZTF22aaketce,0.6373453477809028,,,19.679899215698242,,,0.0,4.0,ok
ZTF19aaxzdtw,1.3699040496284112,19.3617000579834,19.177400588989258,19.165000915527344,0.18429946899414062,0.012399673461914062,0.0,70.0,ok
ZTF18abcptmt,1.3879407545877585,19.812000274658203,20.01259994506836,19.720399856567383,-0.20059967041015625,0.29220008850097656,0.0,68.0,ok
ZTF25aaaecsu,,,,,,,,,empty
ZTF24aatifzm,,,,,,,,,empty
ZTF21aapfdqw,,,,,,,,,empty
ZTF22aaojcoc,,,,,,,,,empty
ZTF20ackhoov,,,,,,,,,empty
ZTF25aasfkmy,0.36320479121366855,19.04960060119629,18.266700744628906,17.864500045776367,0.7828998565673828,0.40220069885253906,0.0,80.0,ok
ZTF21aagrjag,,,,,,,,,empty
ZTF20abmxstg,,,,,,,,,empty
ZTF19aczkjxn,,,,,,,,,empty
ZTF25abaqwxu,0.46930284912407205,21.271799087524414,20.37310028076172,20.69499969482422,0.8986988067626953,-0.3218994140625,0.0,33.0,ok
ZTF23aamzljd,,,,,,,,,empty
ZTF18adayxxz,0.1621339159285461,18.185800552368164,18.654699325561523,,-0.4688987731933594,,,14.0,ok
ZTF25abeprnk,0.6532120887948359,,20.420299530029297,,,,,2.0,ok
ZTF25aailxex,,,,,,,,,empty
ZTF22abmcfrc,,,,,,,,,empty
ZTF20aauzoca,0.40793799706594824,,,,,,,2.0,ok
ZTF23aajmpsa,1.1584758443248246,21.715299606323242,21.396799087524414,21.341800689697266,0.3185005187988281,0.05499839782714844,0.0,33.0,ok
ZTF23abtlnrc,1.4806785008559022,18.932199478149414,,17.38290023803711,,,0.0,4.0,ok
ZTF19aavkptg,,,,,,,,,empty
ZTF18accnyyz,,,,,,,,,empty
ZTF21aaxbgul,1.0000624501094435,22.083900451660156,21.880699157714844,21.688400268554688,0.2032012939453125,0.19229888916015625,0.0,9.0,ok
ZTF19abzfmak,,,,,,,,,empty
ZTF25acerukf,,,,,,,,,empty
ZTF20aatvzmm,,,,,,,,,empty
ZTF19aacxrab,,,,,,,,,empty
ZTF23aaqaasr,,,,,,,,,empty
ZTF24aahtqlp,1.1956979077141772,19.703399658203125,19.184900283813477,18.809999465942383,0.5184993743896484,0.37490081787109375,0.0,65.0,ok
ZTF21acqtevy,0.8926968191537455,22.046199798583984,21.354299545288086,21.10919952392578,0.6919002532958984,0.2451000213623047,0.0,9.0,ok
ZTF23aaojwkb,,,,,,,,,empty
ZTF24ablstem,,,,,,,,,empty
ZTF19aamrdmm,,,,,,,,,empty
ZTF20aajystl,,,,,,,,,empty
ZTF23aawavgx,,,,,,,,,empty
ZTF21aaqqwln,,,,,,,,,empty
ZTF20aahjymt,0.8986643761775946,20.191299438476562,19.94379997253418,19.68269920349121,0.2474994659423828,0.26110076904296875,0.0,72.0,ok
ZTF19aapeime,,,,,,,,,empty
ZTF20abxgwjr,,,,,,,,,empty
ZTF20acwqkuz,1.0528366692083138,,,21.142200469970703,,,,2.0,ok
ZTF24aaejjps,,,,,,,,,empty
ZTF19abowcic,,,,,,,,,empty
ZTF19aaqtcmy,0.2180005960604332,18.281099319458008,17.598800659179688,17.381799697875977,0.6822986602783203,0.21700096130371094,0.0,71.0,ok
ZTF23aafuhtr,0.1432915858046723,17.382999420166016,16.725000381469727,16.779699325561523,0.6579990386962891,-0.054698944091796875,0.0,67.0,ok
ZTF24aahsmhu,,,,,,,,,empty
ZTF19acmgyka,,,,,,,,,empty
ZTF20abmudrv,,,,,,,,,empty
ZTF21aaoekcj,,,,,,,,,empty
ZTF20acpjqxp,0.5753185877534982,19.252399444580078,17.981199264526367,17.751800537109375,1.271200180053711,0.2293987274169922,0.0,6.0,ok
ZTF21aarenhl,0.6347466502283227,21.483999252319336,21.27440071105957,20.831300735473633,0.20959854125976562,0.4430999755859375,0.0,41.0,ok
ZTF19abzyvfi,,,,,,,,,empty
ZTF18abwkrbl,,,,,,,,,empty
ZTF19aauvjws,0.9587897293490721,18.4591007232666,17.640300750732422,17.282899856567383,0.8187999725341797,0.35740089416503906,0.0,82.0,ok
ZTF25aajoapm,,,,,,,,,empty
ZTF19abcsyho,0.13614885615757863,19.142499923706055,18.281200408935547,17.670400619506836,0.8612995147705078,0.6107997894287109,0.0,64.0,ok
ZTF19aalubxw,0.7404885839497647,21.522199630737305,20.938199996948242,,0.5839996337890625,,,2.0,ok
ZTF23aagfpxq,0.498390934516267,,,,,,,2.0,ok
ZTF22abystdy,0.6933879860169092,,,20.082700729370117,,,0.0,2.0,ok
ZTF23aanpqba,,,,,,,,,empty
ZTF21ackmjip,,,,,,,,,empty
ZTF18aatwqed,,,,,,,,,empty
ZTF24abtnkbi,0.31969870910520126,20.087099075317383,19.64889907836914,20.206199645996094,0.4381999969482422,-0.5573005676269531,,4.0,ok
ZTF21acpuooz,,,,,,,,,empty
ZTF20aajvyja,,,,,,,,,empty
ZTF22aaxzzoc,,,,,,,,,empty
ZTF21aaqugxm,,,,,,,,,empty
ZTF19aavjukt,1.464523315569209,18.534000396728516,18.39739990234375,18.33919906616211,0.13660049438476562,0.058200836181640625,0.0,47.0,ok
ZTF25abqdqzc,0.9201056243153922,18.899200439453125,18.14699935913086,17.710500717163086,0.7522010803222656,0.43649864196777344,0.0,74.0,ok
ZTF21aaoexgy,,,,,,,,,empty
ZTF19aadnmgf,0.3182019910019449,21.821199417114258,21.66309928894043,21.289600372314453,0.15810012817382812,0.37349891662597656,0.0,30.0,ok
ZTF24aamdfll,0.29954442040520934,19.080299377441406,18.29210090637207,17.824600219726562,0.7881984710693359,0.4675006866455078,0.0,62.0,ok
ZTF22abkfgrt,,,,,,,,,empty
ZTF26aaaaary,,,,,,,,,empty
ZTF22abyoczz,,,,,,,,,empty
ZTF21abjtqyq,,,,,,,,,empty
ZTF22aajidyk,1.0524523551558131,19.50469970703125,18.888599395751953,19.10610008239746,0.6161003112792969,-0.2175006866455078,0.0,32.0,ok
ZTF23aaphpnk,0.41131120250451897,20.122600555419922,19.78689956665039,19.801599502563477,0.33570098876953125,-0.014699935913085938,0.0,57.0,ok
ZTF21aasbxng,1.146560306218102,,20.25469970703125,,,,,2.0,ok
ZTF20acoyfpk,,,,,,,,,empty
ZTF20abjcuep,0.3371750768639424,21.220600128173828,20.913799285888672,20.868000030517578,0.30680084228515625,0.04579925537109375,0.0,52.0,ok
ZTF22aaafdpd,,,,,,,,,empty
ZTF20abswjae,0.2565771542582382,18.8700008392334,17.97599983215332,17.68199920654297,0.8940010070800781,0.29400062561035156,0.0,56.0,ok
ZTF19abzhfjj,1.149939054297282,17.492000579833984,,,,,,2.0,ok
ZTF25aaowtpy,1.2801137812832302,18.248600006103516,17.50119972229004,17.00480079650879,0.7474002838134766,0.49639892578125,0.0,86.0,ok
ZTF19abiszzn,1.0421723804075425,20.469200134277344,19.26569938659668,20.05579948425293,1.203500747680664,-0.79010009765625,0.0,64.0,ok
ZTF22aabbfre,,,,,,,,,empty
ZTF22aaorbxb,0.869634208931546,,,19.737300872802734,,,,3.0,ok
ZTF24abkghje,0.38579439748748956,,21.97719955444336,21.129600524902344,,0.8475990295410156,,2.0,ok
ZTF19acfecsg,1.1822214022119055,17.814300537109375,17.388900756835938,16.82069969177246,0.4253997802734375,0.5682010650634766,0.0,108.0,ok
ZTF21achptrd,,,,,,,,,empty
ZTF18aapzqup,0.15913001840872903,17.00160026550293,16.502199172973633,15.823100090026855,0.4994010925292969,0.6790990829467773,0.0,55.0,ok
ZTF18abtslka,0.24246660562713687,16.572200775146484,16.532699584960938,16.132200241088867,0.039501190185546875,0.4004993438720703,0.0,68.0,ok
ZTF18aaflcyp,1.2046045184476317,17.158700942993164,17.268299102783203,17.266599655151367,-0.10959815979003906,0.0016994476318359375,0.0,55.0,ok
ZTF19abjrjdw,,,,,,,,,empty
ZTF19aaoyech,,,,,,,,,empty
ZTF24aahxmmu,0.2910023950380213,20.372299194335938,20.20829963684082,20.015399932861328,0.1639995574951172,0.1928997039794922,0.0,61.0,ok
ZTF22aaahtqz,0.06696028626772886,18.194799423217773,17.747800827026367,17.426599502563477,0.44699859619140625,0.3212013244628906,0.0,80.0,ok
ZTF25aavoysc,,,,,,,,,empty
ZTF19abornyn,,,,,,,,,empty
ZTF20aartnkv,0.1294732244807594,18.64259910583496,18.33919906616211,18.23579978942871,0.30340003967285156,0.10339927673339844,0.0,73.0,ok
ZTF19aacilht,0.6498434208898449,,,19.951000213623047,,,0.0,3.0,ok
ZTF22abyhvtk,,,,,,,,,empty
ZTF25acepqhk,,,,,,,,,empty
ZTF23abbbygf,0.7001212084262093,20.610300064086914,19.95050048828125,19.97719955444336,0.6597995758056641,-0.026699066162109375,0.0,75.0,ok
ZTF22aalunvy,,,,,,,,,empty
ZTF20aaivjce,,,,,,,,,empty
ZTF23abcvbqq,,,,,,,,,empty
ZTF22absiyyk,,,,,,,,,empty
ZTF20aamntsk,,,,,,,,,empty
ZTF24abhzzoq,,,,,,,,,empty
ZTF22aamewfd,,,,,,,,,empty
ZTF18abmefij,0.12944018390016945,16.556900024414062,16.16950035095215,15.977299690246582,0.38739967346191406,0.1922006607055664,0.0,79.0,ok
ZTF21abczimc,,,,,,,,,empty
ZTF24aasodig,0.19553229310877465,,21.187000274658203,,,,,2.0,ok
ZTF23aacdlsh,,,,,,,,,empty
ZTF18aajtlbf,,,,,,,,,empty
ZTF19aamhjlk,,,,,,,,,empty
ZTF20acitbmh,,,,,,,,,empty
ZTF21aalhtgv,,,,,,,,,empty
ZTF19aaozsuh,,,,,,,,,empty
ZTF25aafqepo,,,,,,,,,empty
ZTF25acgaueu,,,,,,,,,empty
ZTF24abqtlxj,0.13643176695359158,,20.16119956970215,,,,,3.0,ok
ZTF19acasuyp,0.6023396261387712,17.031700134277344,16.517799377441406,16.173500061035156,0.5139007568359375,0.34429931640625,0.0,55.0,ok
ZTF23abgfxqn,,,,,,,,,empty
ZTF19adbqznr,0.18136912158342144,21.847900390625,,,,,,2.0,ok
ZTF24aaxnvou,0.4856581402340634,16.32900047302246,18.861099243164062,16.291000366210938,-2.5320987701416016,2.570098876953125,,5.0,ok
ZTF20aaawmxq,0.9333127448416558,20.26919937133789,19.949600219726562,19.68899917602539,0.3195991516113281,0.2606010437011719,0.0,51.0,ok
ZTF23aaomzth,,,,,,,,,empty
ZTF24aahoxay,,,,,,,,,empty
ZTF21aakjkec,,,,,,,,,empty
ZTF21aanwmxn,,,,,,,,,empty
ZTF21aapdmnr,1.4300564599263808,,,20.242799758911133,,,0.0,31.0,ok
ZTF18aatjfoe,1.425165193985844,19.186899185180664,18.359600067138672,18.14859962463379,0.8272991180419922,0.2110004425048828,0.0,58.0,ok
ZTF17aaaukqn,0.10362845132847069,21.904699325561523,19.690200805664062,,2.214498519897461,,,7.0,ok
ZTF22abelwtb,,,,,,,,,empty
ZTF25aajqtfg,,,,,,,,,empty
ZTF25aahmbwa,0.9356698840278749,21.37809944152832,,,,,,2.0,ok
ZTF22aaimgvi,,,,,,,,,empty
ZTF18abbovuc,,,,,,,,,empty
ZTF18abjrfqx,,,,,,,,,empty
ZTF23aapvrkk,1.004452141012856,21.90399932861328,22.071500778198242,,-0.16750144958496094,,,3.0,ok
ZTF21aaabvoj,0.6503356314337981,18.734600067138672,17.68000030517578,17.092100143432617,1.0545997619628906,0.5879001617431641,0.0,60.0,ok
ZTF23abgnfdv,,,,,,,,,empty
ZTF21abcmlzt,,,,,,,,,empty
ZTF21abouznj,,,,,,,,,empty
ZTF21aayyxum,,,,,,,,,empty
ZTF20abwxywy,,,,,,,,,empty
ZTF24aasktmr,,,,,,,,,empty
ZTF19acjdufa,,,,,,,,,empty
ZTF19acxgwid,0.3363872929077758,18.739999771118164,18.08970069885254,17.76449966430664,0.650299072265625,0.32520103454589844,0.0,93.0,ok
ZTF22abfwbgr,,,,,,,,,empty
ZTF25abgkhcw,1.1589135863542168,21.02079963684082,20.783199310302734,20.327899932861328,0.23760032653808594,0.45529937744140625,0.0,59.0,ok
ZTF19abwouqp,0.2000643957640005,,21.384000778198242,21.142799377441406,,0.24120140075683594,0.0,3.0,ok
ZTF18abccqmd,0.19273687493719077,19.154300689697266,21.52680015563965,21.306100845336914,-2.372499465942383,0.22069931030273438,,36.0,ok
ZTF23abvommm,,,,,,,,,empty
ZTF21ackdwjm,,,,,,,,,empty
ZTF22acaucqb,0.7336905511902313,20.32110023498535,20.215200424194336,19.98430061340332,0.10589981079101562,0.23089981079101562,0.0,43.0,ok
ZTF24aakfgvg,0.9470260885438553,19.0403995513916,17.850000381469727,16.326000213623047,1.190399169921875,1.5240001678466797,,2.0,ok
ZTF19abwsxug,0.3409730298005187,18.752899169921875,18.506000518798828,17.91939926147461,0.24689865112304688,0.5866012573242188,0.0,55.0,ok
ZTF25aaqvqvd,0.18981865195204653,21.460500717163086,20.428499221801758,20.070899963378906,1.0320014953613281,0.35759925842285156,0.0,81.0,ok
ZTF22aapucey,0.6120124390579305,19.385499954223633,19.02790069580078,19.385000228881836,0.35759925842285156,-0.3570995330810547,0.0,52.0,ok
ZTF20aamfpcj,1.1370102583946422,,21.176000595092773,,,,,6.0,ok
ZTF24aaaczuf,,,,,,,,,empty
ZTF19abpnpcy,,,,,,,,,empty
ZTF25abimrke,0.971344395043409,19.737699508666992,19.205299377441406,19.166200637817383,0.5324001312255859,0.03909873962402344,0.0,78.0,ok
ZTF19aauvbqv,,,,,,,,,empty
ZTF23aaczunw,,,,,,,,,empty
ZTF19abdkfqe,,,,,,,,,empty
ZTF19acctlps,,,,,,,,,empty
ZTF22aaohilj,,,,,,,,,empty
ZTF22aabtqob,0.3291771540594507,21.55780029296875,21.232900619506836,21.30459976196289,0.32489967346191406,-0.07169914245605469,0.0,42.0,ok
ZTF25aafrgdv,0.717032334495223,,19.468399047851562,,,,,2.0,ok
ZTF24aamipnt,,,,,,,,,empty
ZTF19abirbpd,,,,,,,,,empty
ZTF20abzjads,,,,,,,,,empty
ZTF18acrnfww,,,,,,,,,empty
ZTF19acyndbj,,,,,,,,,empty
ZTF18abxdtyz,0.02477510487828777,18.5216007232666,18.108200073242188,17.820600509643555,0.41340065002441406,0.2875995635986328,0.0,53.0,ok
ZTF21acceboj,,,,,,,,,empty
ZTF24ablvmmq,,,,,,,,,empty
ZTF25aaymnha,0.2211813302931159,19.8080997467041,19.164100646972656,18.709999084472656,0.6439990997314453,0.4541015625,0.0,96.0,ok
ZTF24abmliep,1.0336826964985875,,20.14259910583496,19.90959930419922,,0.2329998016357422,0.0,6.0,ok
ZTF25aagzocg,0.41567972632589073,19.2544002532959,19.152000427246094,18.965499877929688,0.10239982604980469,0.18650054931640625,0.0,17.0,ok
ZTF25acbypmg,,,,,,,,,empty
ZTF18abixkjh,1.4464966885796877,20.791799545288086,20.89459991455078,20.845399856567383,-0.10280036926269531,0.04920005798339844,0.0,11.0,ok
ZTF21acehvay,0.22815391259270834,18.088199615478516,17.47610092163086,17.250600814819336,0.6120986938476562,0.22550010681152344,0.0,76.0,ok
ZTF20abodgpt,,,,,,,,,empty
ZTF25aapsdaj,,,,,,,,,empty
ZTF18absoomk,,,,,,,,,empty
ZTF21abxngcz,0.15340021447974894,21.58060073852539,20.517200469970703,20.062999725341797,1.0634002685546875,0.45420074462890625,0.0,79.0,ok
ZTF19abrhyqs,,,,,,,,,empty
ZTF22abewvtv,0.11657132865863788,20.309900283813477,,,,,,9.0,ok
ZTF25aafydrq,0.8676941542676199,18.174100875854492,17.565099716186523,17.02440071105957,0.6090011596679688,0.5406990051269531,0.0,82.0,ok
ZTF20abjubmm,,,,,,,,,empty
ZTF24ablvaac,,,,,,,,,empty
ZTF22abizuah,0.06240328433562954,19.25029945373535,18.743799209594727,18.413799285888672,0.506500244140625,0.3299999237060547,0.0,66.0,ok
ZTF25abikqkb,,,,,,,,,empty
ZTF20accodxy,0.46293944952302774,21.961000442504883,21.302799224853516,20.903799057006836,0.6582012176513672,0.3990001678466797,0.0,55.0,ok
ZTF25aceneuf,,,,,,,,,empty
ZTF20aavtaib,,,,,,,,,empty
ZTF22abzfotk,0.5728218937020821,,21.839000701904297,21.4955997467041,,0.3434009552001953,0.0,3.0,ok
ZTF20absfrbq,0.4615993890736406,18.132699966430664,17.430400848388672,17.0137996673584,0.7022991180419922,0.41660118103027344,0.0,83.0,ok
ZTF25abvbczt,,,,,,,,,empty
ZTF24absoxlw,,,,,,,,,empty
ZTF20acpkled,0.7727447272205151,,,19.223400115966797,,,,2.0,ok
ZTF25aaakkzs,,,,,,,,,empty
ZTF18ablvxdg,0.10973718330571672,18.42770004272461,17.72960090637207,17.079999923706055,0.6980991363525391,0.6496009826660156,0.0,93.0,ok
ZTF21aalxpnl,,,,,,,,,empty
ZTF20aanvqhk,,,,,,,,,empty
ZTF25aapdkvl,0.2720978747453194,21.319599151611328,21.66670036315918,21.440399169921875,-0.34710121154785156,0.2263011932373047,0.0,9.0,ok
ZTF20aavrloz,,,,,,,,,empty
ZTF18aczenvx,0.6495757716177791,,,,,,,3.0,ok
ZTF25aacautg,,,,,,,,,empty
ZTF23aaepuao,,,,,,,,,empty
ZTF21aaxgwtb,,,,,,,,,empty
ZTF25aanellf,0.22643998270350413,18.810400009155273,18.133800506591797,17.43090057373047,0.6765995025634766,0.7028999328613281,0.0,59.0,ok
ZTF19ackjlrd,0.373117052919051,21.896699905395508,21.40760040283203,21.167800903320312,0.48909950256347656,0.23979949951171875,0.0,26.0,ok
ZTF20aazdsjr,,,,,,,,,empty
ZTF25acdheca,,,,,,,,,empty
ZTF19aawwlxc,0.8961788126792336,19.693199157714844,18.961999893188477,19.162700653076172,0.7311992645263672,-0.2007007598876953,0.0,56.0,ok
ZTF24aahswbd,0.47901130167875516,20.20009994506836,19.77239990234375,19.210100173950195,0.4277000427246094,0.5622997283935547,0.0,68.0,ok
ZTF22aadfnrx,,,,,,,,,empty
ZTF20aavzffg,,,,,,,,,empty
ZTF20abatdly,,,,,,,,,empty
ZTF21acgyciq,,,,,,,,,empty
ZTF22abdxjhr,1.3729603639293644,19.261600494384766,18.62179946899414,18.070600509643555,0.639801025390625,0.5511989593505859,0.0,67.0,ok
ZTF20acrudzk,0.9946007996695945,21.338600158691406,21.249300003051758,20.274799346923828,0.08930015563964844,0.9745006561279297,0.0,6.0,ok
ZTF20acajvrj,,,,,,,,,empty
ZTF18abmkaps,,,,,,,,,empty
ZTF18aafdigb,0.6227655732231524,18.37779998779297,17.806299209594727,17.12420082092285,0.5715007781982422,0.682098388671875,0.0,73.0,ok
ZTF24aaosrdt,,,,,,,,,empty
ZTF20aaghoqz,0.45960565786269447,19.089399337768555,18.6914005279541,18.500900268554688,0.3979988098144531,0.19050025939941406,0.0,66.0,ok
ZTF20abmarcv,0.6724025513155563,20.988000869750977,20.880699157714844,20.494699478149414,0.10730171203613281,0.3859996795654297,0.0,19.0,ok
ZTF19acgjojy,,,,,,,,,empty
ZTF19abpmetl,,,,,,,,,empty
ZTF24acacfgw,,,,,,,,,empty
ZTF25abrggxu,,,,,,,,,empty
ZTF25acgfiwd,1.3519442284278753,,21.54050064086914,20.29199981689453,,1.2485008239746094,0.0,5.0,ok
ZTF22aayrhvp,,,,,,,,,empty
ZTF19abauzma,,,,,,,,,empty
ZTF20ablygyy,,,,,,,,,empty
ZTF22abtsqjo,,,,,,,,,empty
ZTF23abnoilr,,,,,,,,,empty
ZTF25abpuuql,0.163658152171355,19.30470085144043,18.332700729370117,17.98780059814453,0.9720001220703125,0.34490013122558594,0.0,51.0,ok
ZTF20abguygh,0.37769959839753714,19.292699813842773,18.502199172973633,18.03569984436035,0.7905006408691406,0.46649932861328125,0.0,85.0,ok
ZTF21acbmxgn,,,,,,,,,empty
ZTF24aagozfg,,,,,,,,,empty
ZTF23abnogui,,,,,,,,,empty
ZTF23aanpxyp,,,,,,,,,empty
ZTF19acxovyh,,,,,,,,,empty
ZTF18adacicy,,,,,,,,,empty
ZTF20acxmxtu,1.3095873510454277,20.88629913330078,20.342500686645508,19.777000427246094,0.5437984466552734,0.5655002593994141,0.0,70.0,ok
ZTF25aawlldt,,,,,,,,,empty
ZTF25aavmvqg,,,,,,,,,empty
ZTF19acukucu,,,,,,,,,empty
ZTF21aalnhby,0.7906309927038664,,,,,,,2.0,ok
ZTF22abreusl,0.9659811041476533,18.827899932861328,18.16189956665039,17.861400604248047,0.6660003662109375,0.30049896240234375,0.0,90.0,ok
ZTF23aacdnjz,,,,,,,,,empty
ZTF23aaeieqk,,,,,,,,,empty
ZTF21abpvrhn,1.0671571462481604,20.10140037536621,,,,,,2.0,ok
ZTF19actzjrf,,,,,,,,,empty
ZTF22aajrwmu,,,,,,,,,empty
ZTF22abfoehf,,,,,,,,,empty
ZTF20acpiywu,,,,,,,,,empty
ZTF24abycwdb,1.1016869759243142,19.27829933166504,,,,,,2.0,ok
ZTF24abmngxg,,,,,,,,,empty
ZTF19aavhwxs,0.5347947211336868,19.930999755859375,20.162099838256836,19.738100051879883,-0.23110008239746094,0.4239997863769531,0.0,57.0,ok
ZTF19acmvrsw,,,,,,,,,empty
ZTF22abwvcwq,,,,,,,,,empty
ZTF24aaqtode,,,,,,,,,empty
ZTF21abvbihc,,,,,,,,,empty
ZTF20achnfaa,,,,,,,,,empty
ZTF25abwcrqw,,,,,,,,,empty
ZTF24aaxqsey,1.075292753394888,20.08180046081543,19.267499923706055,19.08810043334961,0.814300537109375,0.1793994903564453,0.0,76.0,ok
ZTF24abfpeiw,1.4534781507845824,20.84040069580078,20.02039909362793,19.835500717163086,0.8200016021728516,0.18489837646484375,0.0,4.0,ok
ZTF19aceckmm,,,,,,,,,empty
ZTF23aasbvab,,,,,,,,,empty
ZTF23aaawbre,,,,,,,,,empty
ZTF18aaqkdwu,0.5066621332159268,18.1294002532959,18.008499145507812,17.8262996673584,0.12090110778808594,0.18219947814941406,0.0,57.0,ok
ZTF24absojni,0.7205131606760568,20.761899948120117,20.46489906311035,20.584400177001953,0.2970008850097656,-0.11950111389160156,0.0,56.0,ok
ZTF22aauuxul,,,,,,,,,empty
ZTF24aaegbrh,0.35316515985449853,20.819700241088867,21.059200286865234,,-0.2395000457763672,,,18.0,ok
ZTF20acquetr,,,,,,,,,empty
ZTF24abtjjsg,,,,,,,,,empty
ZTF25aavdsoh,,,,,,,,,empty
ZTF25aapjaog,,,,,,,,,empty
ZTF20aaosuzy,,,,,,,,,empty
ZTF21abicgai,0.9105760786943661,19.83650016784668,19.04210090637207,18.80150032043457,0.7943992614746094,0.2406005859375,0.0,47.0,ok
ZTF23aaixaqp,,,,,,,,,empty
ZTF22aaafmec,0.9893527042285216,21.46820068359375,21.425600051879883,21.105100631713867,0.04260063171386719,0.3204994201660156,0.0,33.0,ok
ZTF23aaawbmy,0.15291792807480334,20.007200241088867,19.734500885009766,19.19219970703125,0.27269935607910156,0.5423011779785156,0.0,85.0,ok
ZTF21aatlbsi,0.6433750659732873,18.445999145507812,17.470699310302734,17.114500045776367,0.9752998352050781,0.3561992645263672,0.0,100.0,ok
ZTF18aatezaj,0.5034306200675049,18.8705997467041,18.418399810791016,18.205299377441406,0.45219993591308594,0.21310043334960938,0.0,75.0,ok
ZTF20aczacou,0.11396915425190746,21.736799240112305,,,,,,3.0,ok
ZTF24aaeczdw,,,,,,,,,empty
ZTF24aabpzuz,,,,,,,,,empty
ZTF20aaczkyw,,,,,,,,,empty
ZTF22aamgjba,,,,,,,,,empty
ZTF22acaxuzp,1.1346067475092212,19.077699661254883,18.798599243164062,18.551599502563477,0.2791004180908203,0.24699974060058594,1.0,25.0,ok
ZTF25acjmhbr,0.13746921512017748,21.548799514770508,21.196500778198242,21.0580997467041,0.3522987365722656,0.13840103149414062,0.0,25.0,ok
ZTF20aahapgw,,,,,,,,,empty
ZTF20aaidnku,,,,,,,,,empty
ZTF19aatlqdf,,,,,,,,,empty
ZTF18abtnlik,,,,,,,,,empty
ZTF19acekreh,,,,,,,,,empty
ZTF21aatgisc,,,,,,,,,empty
ZTF25aarmzhx,0.9816702702156332,19.965099334716797,20.376699447631836,19.46419906616211,-0.41160011291503906,0.9125003814697266,0.0,21.0,ok
ZTF22aayjsls,,,,,,,,,empty
ZTF21aatkdcw,,,,,,,,,empty
ZTF21aahsqng,,,,,,,,,empty
ZTF22abmnhau,0.10368701547722975,20.900400161743164,19.40130043029785,19.312400817871094,1.4990997314453125,0.08889961242675781,0.0,51.0,ok
ZTF24abzatfh,0.7951472746111081,19.958900451660156,19.278900146484375,18.708900451660156,0.6800003051757812,0.5699996948242188,0.0,90.0,ok
ZTF21abjyiiw,,,,,,,,,empty
ZTF22aalfmec,1.461782498239202,20.267900466918945,,19.36590003967285,,,0.0,4.0,ok
ZTF21abvxguf,1.1936828347077362,,,,,,,2.0,ok
ZTF22ablxcrh,,,,,,,,,empty
ZTF22aaknfly,,,,,,,,,empty
ZTF23aadwjtg,,,,,,,,,empty
ZTF21abcpsjy,,,,,,,,,empty
ZTF20acfkkyf,,,,,,,,,empty
ZTF19aaryexs,0.5216784282133827,17.691699981689453,17.17340087890625,16.454299926757812,0.5182991027832031,0.7191009521484375,0.0,51.0,ok
ZTF21acbntop,,,,,,,,,empty
ZTF25abdhnor,0.952011732905399,19.35700035095215,,17.94580078125,,,0.0,3.0,ok
ZTF19acenkuz,,,,,,,,,empty
ZTF20abeeyre,,,,,,,,,empty
ZTF23aagnpbz,,,,,,,,,empty
ZTF20aaymbjk,,,,,,,,,empty
ZTF18acqsroy,1.0655175375184045,,20.87809944152832,,,,,2.0,ok
ZTF23abghttj,,,,,,,,,empty
ZTF20abgbvgl,1.1263201598547454,,21.2731990814209,,,,,2.0,ok
ZTF24abcwvki,1.4989439102106175,,21.07200050354004,21.30299949645996,,-0.23099899291992188,0.0,3.0,ok
ZTF19aapvogv,0.3594830705521596,21.668500900268555,,21.87649917602539,,,0.0,2.0,ok
ZTF21aaqecpl,,,,,,,,,empty
ZTF20aciuakv,,,,,,,,,empty
ZTF18abktleu,0.14697758390402932,,,,,,,2.0,ok
ZTF20abqofgc,,,,,,,,,empty
ZTF25abqimds,,,,,,,,,empty
ZTF24abjflpz,,,,,,,,,empty
ZTF19abrmlxu,1.1909389255888665,18.868799209594727,18.354999542236328,17.905099868774414,0.5137996673583984,0.44989967346191406,0.0,66.0,ok
ZTF22aalmqrv,,,,,,,,,empty
ZTF21aalinof,,,,,,,,,empty
ZTF19aainjpz,,,,,,,,,empty
ZTF18acuscgc,0.32579750421017123,20.19260025024414,19.423200607299805,19.11400032043457,0.7693996429443359,0.3092002868652344,0.0,93.0,ok
ZTF25aapuibm,,,,,,,,,empty
ZTF22aakjlau,1.2570591421873833,,,21.850299835205078,,,,2.0,ok
ZTF20acwpixx,1.0113615044996906,19.013500213623047,18.36639976501465,17.98940086364746,0.6471004486083984,0.3769989013671875,0.0,72.0,ok
ZTF18aaqikyu,0.10896911700967446,19.724000930786133,22.11210060119629,,-2.3880996704101562,,,5.0,ok
ZTF18aczqtpt,1.2109905716773874,21.922700881958008,21.47260093688965,20.971399307250977,0.4500999450683594,0.5012016296386719,0.0,12.0,ok
ZTF21abyazip,,,,,,,,,empty
ZTF20abywsut,,,,,,,,,empty
ZTF19aceckdq,,,,,,,,,empty
ZTF22aadpgmo,,,,,,,,,empty
ZTF23aapvsqz,0.28050283772817575,,,,,,,2.0,ok
ZTF23aadtfgp,,,,,,,,,empty
ZTF21abdkojo,,,,,,,,,empty
ZTF25acggpbd,0.5351467268674356,20.007299423217773,19.42959976196289,19.493900299072266,0.5776996612548828,-0.064300537109375,0.0,70.0,ok
ZTF24aatzgha,,,,,,,,,empty
ZTF19abguqsi,,,,,,,,,empty
ZTF19abvalfd,,,,,,,,,empty
ZTF18acrdwag,,,,,,,,,empty
ZTF25aagbkad,0.34990263136522265,18.1875,17.503999710083008,17.119800567626953,0.6835002899169922,0.3841991424560547,0.0,85.0,ok
ZTF19acgeabh,,,,,,,,,empty
ZTF20acwozwz,1.2375297415541437,20.790599822998047,,20.668699264526367,,,0.0,4.0,ok
ZTF21aazhegf,,,,,,,,,empty
ZTF25abvmqke,1.2951954441300273,,,,,,,2.0,ok
ZTF21abcmzvk,,,,,,,,,empty
ZTF21abhfzzs,,,,,,,,,empty
ZTF23aaqasrd,,,,,,,,,empty
ZTF19aauqywe,1.3309733731267759,18.18269920349121,17.765499114990234,17.417299270629883,0.41720008850097656,0.34819984436035156,0.0,87.0,ok
ZTF20abgfljj,,,,,,,,,empty
ZTF25aalqrrk,,,,,,,,,empty
ZTF19aaoyjoz,,,,,,,,,empty
ZTF21aagtekf,,,,,,,,,empty
ZTF21aaynlsf,0.25796229047692243,,,19.765600204467773,,,0.0,3.0,ok
ZTF21aaavhbu,,,,,,,,,empty
ZTF18abvtrnc,,,,,,,,,empty
ZTF19aaldqvh,,,,,,,,,empty
ZTF24aasmghi,0.8905784193109416,18.83329963684082,18.510700225830078,18.11079978942871,0.3225994110107422,0.3999004364013672,0.0,76.0,ok
ZTF19abgfuhh,,,,,,,,,empty
ZTF21abezono,0.3312112796041082,20.677600860595703,19.510700225830078,,1.166900634765625,,,4.0,ok
ZTF23aaicagr,,,,,,,,,empty
ZTF23aabctje,,,,,,,,,empty
ZTF19aakrawk,0.4988162367760509,18.946800231933594,18.284299850463867,17.85449981689453,0.6625003814697266,0.42980003356933594,0.0,55.0,ok
ZTF23abdgswy,,,,,,,,,empty
ZTF24abunuon,,,,,,,,,empty
ZTF22abbaqil,0.8787582587590664,19.30190086364746,18.86720085144043,18.40959930419922,0.43470001220703125,0.45760154724121094,0.0,79.0,ok
ZTF19acbvisk,,,,,,,,,empty
ZTF20acuhgar,,,,,,,,,empty
ZTF23abbteqg,,,,,,,,,empty
ZTF20abwzqzo,,,,,,,,,empty
ZTF24aadauao,,,,,,,,,empty
ZTF22aaebkwd,,,,,,,,,empty
ZTF20acwcqnv,0.7039133249525158,,,20.744300842285156,,,0.0,3.0,ok
ZTF22abibgsa,1.368678776545319,19.22410011291504,19.2810001373291,19.008499145507812,-0.0569000244140625,0.27250099182128906,0.0,64.0,ok
ZTF21aadalct,,,,,,,,,empty
ZTF21acenkuf,,,,,,,,,empty
ZTF25aazjqwa,1.007976553553437,,21.238000869750977,,,,,2.0,ok
ZTF22aaxnxer,,,,,,,,,empty
ZTF20aahapsq,0.5360661319171433,17.216699600219727,16.589099884033203,16.226299285888672,0.6275997161865234,0.36280059814453125,0.0,88.0,ok
ZTF20aaaxacu,,,,,,,,,empty
ZTF19aadoocn,,,,,,,,,empty
ZTF24aaupnbu,,,,,,,,,empty
ZTF24abcqauy,,,,,,,,,empty
ZTF22aahhvqj,,,,,,,,,empty
ZTF25aavmwrf,0.7095672505184116,19.802799224853516,19.340700149536133,19.079999923706055,0.4620990753173828,0.2607002258300781,0.0,55.0,ok
ZTF18abdefet,,,,,,,,,empty
ZTF25aasltmi,,,,,,,,,empty
ZTF22aaolexr,,,,,,,,,empty
ZTF25abghcmh,0.25992698206677806,22.385900497436523,22.129499435424805,21.636600494384766,0.25640106201171875,0.49289894104003906,0.0,7.0,ok
ZTF22ablbvag,,,,,,,,,empty
ZTF18acbvbox,0.4053250327722902,18.75779914855957,17.989200592041016,17.928699493408203,0.7685985565185547,0.0605010986328125,0.0,52.0,ok
ZTF19aamtwwv,1.0090677599962639,18.732500076293945,18.071500778198242,17.654600143432617,0.6609992980957031,0.416900634765625,0.0,82.0,ok
ZTF20abyjoxb,0.21135519806798225,,21.556900024414062,,,,,3.0,ok
ZTF18aaxwjmp,0.3127614414011103,20.76569938659668,21.393199920654297,20.93470001220703,-0.6275005340576172,0.4584999084472656,0.0,17.0,ok
ZTF21aaxzkfe,,,,,,,,,empty
ZTF19acgqjln,,,,,,,,,empty
ZTF19aaugaam,,,,,,,,,empty
ZTF23aaznfqc,1.3447506761530215,,,,,,,2.0,ok
ZTF23aanzmoz,,,,,,,,,empty
ZTF19aavsahh,0.4289422560359745,17.392000198364258,16.862199783325195,16.46380043029785,0.5298004150390625,0.39839935302734375,0.0,69.0,ok
ZTF18aboebsg,,,,,,,,,empty
ZTF24abpfzww,1.4068430479024578,18.501699447631836,18.005300521850586,17.88450050354004,0.49639892578125,0.12080001831054688,0.0,64.0,ok
ZTF25aavsjkg,0.9341669877561463,,21.787599563598633,21.35700035095215,,0.4305992126464844,0.0,5.0,ok
ZTF20abzhwtq,,,,,,,,,empty
ZTF22abhldat,,,,,,,,,empty
ZTF20aafcgca,,,,,,,,,empty
ZTF20acrzwvx,0.24832881035354615,17.631000518798828,17.7007999420166,18.701900482177734,-0.06979942321777344,-1.0011005401611328,0.0,73.0,ok
ZTF24abtqrea,,,,,,,,,empty
ZTF20abkcril,,,,,,,,,empty
ZTF19aanbfaw,0.27846392433430894,,21.49970054626465,21.40920066833496,,0.0904998779296875,0.0,23.0,ok
ZTF22aadthro,,,,,,,,,empty
ZTF21aarhzdh,,,,,,,,,empty
ZTF21acjurqj,,,,,,,,,empty
ZTF20aaqrddh,,,,,,,,,empty
ZTF22abfyynm,0.3635831357306222,19.952699661254883,19.49250030517578,19.40329933166504,0.46019935607910156,0.08920097351074219,0.0,55.0,ok
ZTF18acehilk,,,,,,,,,empty
ZTF18acbvpzj,0.9954310019953504,,,20.111799240112305,,,0.0,2.0,ok
ZTF23aayngqr,,,,,,,,,empty
ZTF23abtjrbz,,,,,,,,,empty
ZTF20aavdgib,1.2943662161059581,20.876800537109375,20.536800384521484,20.30929946899414,0.3400001525878906,0.22750091552734375,0.0,67.0,ok
ZTF23absouua,1.4000120079037692,,18.866600036621094,,,,,4.0,ok
ZTF25aaitagu,1.102626682752048,18.811500549316406,18.691600799560547,18.180999755859375,0.11989974975585938,0.5106010437011719,0.0,74.0,ok
ZTF22aaotgrc,0.39870122948643005,,,20.299299240112305,,,0.0,3.0,ok
ZTF20aclkyjg,,,,,,,,,empty
ZTF21abnabtv,1.0640150844886236,18.13249969482422,17.316999435424805,16.966999053955078,0.8155002593994141,0.35000038146972656,0.0,65.0,ok
ZTF21abtgbwr,0.14726725493538678,21.63129997253418,20.91069984436035,20.161100387573242,0.7206001281738281,0.7495994567871094,0.0,49.0,ok
ZTF23abaebbd,,,,,,,,,empty
ZTF25acdxdbq,,,,,,,,,empty
ZTF20actiymd,0.9169641206855432,,19.737600326538086,,,,,2.0,ok
ZTF19aaejtof,,,,,,,,,empty
ZTF21aaihala,,,,,,,,,empty
ZTF21aabjfbc,,,,,,,,,empty
ZTF18acrcizr,0.23919295446348846,18.516199111938477,17.81999969482422,17.605600357055664,0.6961994171142578,0.2143993377685547,0.0,49.0,ok
ZTF24aasqcng,,,,,,,,,empty
ZTF24aawkujt,0.3054140889093115,18.372299194335938,17.48539924621582,17.21430015563965,0.8868999481201172,0.2710990905761719,0.0,57.0,ok
ZTF19aapceyj,,,,,,,,,empty
ZTF19acgrbeb,0.43829963076748696,21.745399475097656,21.92300033569336,21.468599319458008,-0.17760086059570312,0.45440101623535156,0.0,13.0,ok
ZTF19abjpelp,,,,,,,,,empty
ZTF24abteeyt,0.8450353124372868,21.742300033569336,21.341800689697266,20.97209930419922,0.4004993438720703,0.3697013854980469,0.0,19.0,ok
ZTF20acowddo,0.781244370206445,,,,,,,3.0,ok
ZTF24aaloeiz,,,,,,,,,empty
ZTF21acdcxfz,,,,,,,,,empty
ZTF18acbznvp,,,,,,,,,empty
ZTF22abatsyj,,,,,,,,,empty
ZTF22aaknvcz,,,,,,,,,empty
ZTF25acgclhz,0.7638453670111629,19.369800567626953,18.854999542236328,19.155799865722656,0.514801025390625,-0.3008003234863281,0.0,68.0,ok
ZTF20abrnavu,0.12331530444355987,,22.0216007232666,,,,,2.0,ok
ZTF20acusecr,0.5820452026612394,18.876399993896484,18.69770050048828,18.940900802612305,0.17869949340820312,-0.24320030212402344,0.0,92.0,ok
ZTF19aaaiosa,,,,,,,,,empty
ZTF20aahbamv,,,,,,,,,empty
ZTF25aanbcou,0.7359921116592344,21.361299514770508,20.993999481201172,20.770700454711914,0.36730003356933594,0.2232990264892578,0.0,44.0,ok
ZTF23aarjsik,,,,,,,,,empty
ZTF20abmapla,,,,,,,,,empty
ZTF24aahicbz,0.6519940589448865,19.177200317382812,18.742599487304688,18.677099227905273,0.434600830078125,0.06550025939941406,0.0,83.0,ok
ZTF24abcyajd,0.7959516874742114,,21.80769920349121,21.780000686645508,,0.027698516845703125,0.0,2.0,ok
ZTF19adaivcf,,,,,,,,,empty
ZTF24abgsvwh,,,,,,,,,empty
ZTF21aaskwgm,,,,,,,,,empty
ZTF25aabnwba,,,,,,,,,empty
ZTF25aaptbyd,,,,,,,,,empty
ZTF20acithxf,,,,,,,,,empty
ZTF20aaideho,,,,,,,,,empty
ZTF18acgvhxo,0.1562546642098833,15.600500106811523,13.38700008392334,13.361000061035156,2.2135000228881836,0.026000022888183594,,73.0,ok
ZTF19acaqyjp,,,,,,,,,empty
ZTF22abzdcar,,,,,,,,,empty
ZTF22aaljyqw,,,,,,,,,empty
ZTF25aakgfpu,1.3992961095778265,17.97879981994629,17.310699462890625,17.052600860595703,0.6681003570556641,0.2580986022949219,0.0,76.0,ok
ZTF19abdvpfj,,,,,,,,,empty
ZTF19aarqmjs,,,,,,,,,empty
ZTF21aaoghxv,0.3003598957879917,18.537200927734375,17.65559959411621,17.35460090637207,0.8816013336181641,0.3009986877441406,0.0,59.0,ok
ZTF22aaafbka,1.0424171150901294,21.672800064086914,21.15690040588379,20.94849967956543,0.515899658203125,0.20840072631835938,,4.0,ok
ZTF22abvmgtl,,,,,,,,,empty
ZTF22aaacxkp,,,,,,,,,empty
ZTF24abckhke,0.9806615881215374,19.315200805664062,18.515499114990234,17.86400032043457,0.7997016906738281,0.6514987945556641,0.0,59.0,ok
ZTF22abuslkt,,,,,,,,,empty
ZTF22abnvmgu,,,,,,,,,empty
ZTF19aanxosu,0.5819292392033301,20.391399383544922,20.59910011291504,20.17729949951172,-0.2077007293701172,0.4218006134033203,0.0,56.0,ok
ZTF19aakrsuo,,,,,,,,,empty
ZTF21aajuerd,0.18895996634878504,18.000600814819336,17.208200454711914,16.89150047302246,0.7924003601074219,0.3166999816894531,0.0,84.0,ok
ZTF19acykjcw,,,,,,,,,empty
ZTF21aaqzkhx,0.47928770332208703,,,19.829999923706055,,,,2.0,ok
ZTF23aajgpos,,,,,,,,,empty
ZTF23aaniabv,,,,,,,,,empty
ZTF21aavoete,,,,,,,,,empty
ZTF20aamerev,1.1023630517764904,19.17889976501465,18.749500274658203,18.305700302124023,0.4293994903564453,0.4437999725341797,0.0,98.0,ok
ZTF20aatqidk,0.6500577121295338,19.58300018310547,18.811100006103516,19.29450035095215,0.7719001770019531,-0.4834003448486328,0.0,41.0,ok
ZTF25acadteh,0.2808173595711778,21.119400024414062,20.86039924621582,20.5177001953125,0.2590007781982422,0.3426990509033203,0.0,34.0,ok
ZTF23aakmsiy,,,,,,,,,empty
ZTF24aaskxde,,,,,,,,,empty
ZTF18abjrdzt,0.16524800127998182,18.367399215698242,,17.953399658203125,,,1.0,4.0,ok
ZTF20aahgejq,1.4784620687865477,19.578399658203125,19.5137996673584,18.82430076599121,0.06459999084472656,0.6894989013671875,0.0,68.0,ok
ZTF19aapbgmp,1.0438073789160556,19.243600845336914,18.6924991607666,18.174100875854492,0.5511016845703125,0.5183982849121094,0.0,79.0,ok
ZTF24aaonrzo,,,,,,,,,empty
ZTF23absohlp,,,,,,,,,empty
ZTF18abfchzq,0.5845904095395136,19.454099655151367,19.197399139404297,19.03179931640625,0.2567005157470703,0.16559982299804688,0.0,98.0,ok
ZTF19aaraxhh,1.3736586528442118,18.436899185180664,18.108400344848633,17.792200088500977,0.32849884033203125,0.31620025634765625,0.0,50.0,ok
ZTF19aargqez,,,,,,,,,empty
ZTF23aaquhaz,,,,,,,,,empty
ZTF22abstcjq,1.43978376431052,20.59819984436035,20.381999969482422,20.218599319458008,0.2161998748779297,0.16340065002441406,0.0,52.0,ok
ZTF22abivebe,1.3566708561911442,,18.773500442504883,,,,,2.0,ok
ZTF18abywcnl,,,,,,,,,empty
ZTF23abgspvs,,,,,,,,,empty
ZTF24aakskvp,,,,,,,,,empty
ZTF24abugvux,,,,,,,,,empty
ZTF20abyxnjo,0.03380452872087575,19.757200241088867,18.644500732421875,18.790199279785156,1.1126995086669922,-0.14569854736328125,0.0,60.0,ok
ZTF19aamljom,,,,,,,,,empty
ZTF19abkjbur,0.289053044025021,18.340499877929688,17.156600952148438,16.887699127197266,1.18389892578125,0.2689018249511719,0.0,56.0,ok
ZTF20abzetdf,0.594603035180975,18.621599197387695,18.17329978942871,17.583599090576172,0.4482994079589844,0.5897006988525391,0.0,70.0,ok
ZTF18abeyqpr,,,,,,,,,empty
ZTF21aaizyqc,,,,,,,,,empty
ZTF19abfwfei,,,,,,,,,empty
ZTF20aafrihv,0.5570956426878227,,21.909500122070312,21.237899780273438,,0.671600341796875,0.0,2.0,ok
ZTF24aaaidva,0.46823460819707163,22.218599319458008,22.25659942626953,21.881200790405273,-0.03800010681152344,0.3753986358642578,0.0,6.0,ok
ZTF20acyvzef,0.763681250311293,17.444299697875977,16.84630012512207,16.452999114990234,0.5979995727539062,0.39330101013183594,0.0,93.0,ok
ZTF21abbytmm,0.37892912468428414,19.234699249267578,18.616899490356445,18.34040069580078,0.6177997589111328,0.27649879455566406,0.0,66.0,ok
ZTF25aafoflc,,,,,,,,,empty
ZTF24aahgqwk,,,,,,,,,empty
ZTF23abhshdk,,,,,,,,,empty
ZTF23abgnvhq,,,,,,,,,empty
ZTF24abeywka,,,,,,,,,empty
ZTF19abqsvgf,1.0864648534029306,,18.8257999420166,,,,,2.0,ok
ZTF21ackmfgz,,,,,,,,,empty
ZTF22abztcly,0.8764696218335747,,20.189800262451172,,,,,2.0,ok
ZTF25aamqhpc,0.665718780349808,20.92460060119629,20.402299880981445,19.797800064086914,0.5223007202148438,0.6044998168945312,0.0,23.0,ok
ZTF20abyiycy,,,,,,,,,empty
ZTF22aabwemz,0.6311039750133565,19.80739974975586,19.481199264526367,19.266000747680664,0.3262004852294922,0.21519851684570312,0.0,67.0,ok
ZTF22aawetbp,1.02586466396598,20.978700637817383,20.88789939880371,20.65369987487793,0.09080123901367188,0.23419952392578125,0.0,39.0,ok
ZTF20aaifyab,0.9916585146355394,19.22879981994629,19.3435001373291,18.875,-0.1147003173828125,0.46850013732910156,,3.0,ok
ZTF25aceglik,,,,,,,,,empty
ZTF19abasxkg,0.15932767114464402,17.444400787353516,16.939699172973633,16.61680030822754,0.5047016143798828,0.32289886474609375,0.0,68.0,ok
ZTF25aaetvgk,,,,,,,,,empty
ZTF20abfcshg,,,,,,,,,empty
ZTF19abqmsbk,0.13740906578644918,18.082300186157227,17.606800079345703,17.565500259399414,0.47550010681152344,0.04129981994628906,0.0,99.0,ok
ZTF23abioirc,1.3098708268764434,20.744800567626953,20.684799194335938,20.46139907836914,0.060001373291015625,0.22340011596679688,0.0,51.0,ok
ZTF18abtmtfy,0.2899416758594414,20.292299270629883,19.89349937438965,19.49970054626465,0.3987998962402344,0.393798828125,0.0,26.0,ok
ZTF19aafmvdb,1.3175116652319976,,19.893999099731445,19.171100616455078,,0.7228984832763672,0.0,4.0,ok
ZTF18acqsqry,,,,,,,,,empty
ZTF23abkkajk,,,,,,,,,empty
ZTF19abqwsuf,1.2555538106267803,19.650699615478516,19.806800842285156,,-0.15610122680664062,,,3.0,ok
ZTF21aawgzda,,,,,,,,,empty
ZTF21aaigqir,,,,,,,,,empty
ZTF24abodqaj,,,,,,,,,empty
ZTF20abhzgly,0.23582648892232358,20.61370086669922,20.231000900268555,19.991600036621094,0.38269996643066406,0.23940086364746094,0.0,70.0,ok
ZTF20aagfjlj,,,,,,,,,empty
ZTF25aaabezb,0.3734905717995433,21.496299743652344,21.05470085144043,20.905000686645508,0.44159889221191406,0.14970016479492188,0.0,47.0,ok
ZTF19aamkfvy,,,,,,,,,empty
ZTF19aaeopgw,0.9276105372296668,20.463199615478516,20.139400482177734,19.906600952148438,0.32379913330078125,0.23279953002929688,0.0,96.0,ok
ZTF18aawzens,0.7727551553237489,19.898300170898438,19.593900680541992,18.958099365234375,0.3043994903564453,0.6358013153076172,0.0,67.0,ok
ZTF20aaknzba,,,,,,,,,empty
ZTF25aauscfu,0.7576492568788008,20.16550064086914,19.2593994140625,19.237199783325195,0.9061012268066406,0.022199630737304688,0.0,72.0,ok
ZTF25aawnctx,,,,,,,,,empty
ZTF20abajtzc,,,,,,,,,empty
ZTF19aarlefl,,,,,,,,,empty
ZTF25aautevd,0.582072609719596,21.42970085144043,21.352399826049805,21.216899871826172,0.077301025390625,0.1354999542236328,0.0,46.0,ok
ZTF23aajdtbw,1.2297318482321906,,18.768199920654297,,,,,2.0,ok
ZTF25aaadytl,0.41624519781554353,20.080900192260742,19.937999725341797,19.353300094604492,0.1429004669189453,0.5846996307373047,0.0,74.0,ok
ZTF22aavpkwo,0.923564859773051,21.212200164794922,21.53529930114746,20.71179962158203,-0.32309913635253906,0.8234996795654297,0.0,17.0,ok
ZTF25aaceybo,,,,,,,,,empty
ZTF23aampyvc,,,,,,,,,empty
ZTF22aakcvbr,,,,,,,,,empty
ZTF22aarlppe,1.0220597640724645,,21.350799560546875,,,,,2.0,ok
ZTF18aawiilg,,,,,,,,,empty
ZTF21abcjpnm,,,,,,,,,empty
ZTF20abehuki,,,,,,,,,empty
ZTF19acytcsg,0.6584108331939679,,,19.25779914855957,,,0.0,3.0,ok
ZTF21abkrteb,,,,,,,,,empty
ZTF20abafzxx,,,,,,,,,empty
ZTF23aahzyls,0.2693482365352275,21.24880027770996,21.18429946899414,21.053800582885742,0.06450080871582031,0.13049888610839844,0.0,40.0,ok
ZTF22abqpflu,,,,,,,,,empty
ZTF22abexkqi,0.37060829633617265,21.311100006103516,,20.131799697875977,,,,2.0,ok
ZTF25abogvjf,,,,,,,,,empty
ZTF20abatfzl,0.9715712676274427,21.0841007232666,20.59280014038086,20.74650001525879,0.4913005828857422,-0.1536998748779297,0.0,29.0,ok
ZTF25acffprp,0.0840547339823334,20.178600311279297,19.874300003051758,19.77400016784668,0.30430030822753906,0.10029983520507812,0.0,77.0,ok
ZTF22aarwtqp,0.5104474817471458,19.13409996032715,19.00200080871582,18.626399993896484,0.13209915161132812,0.37560081481933594,0.0,50.0,ok
ZTF22absqvgm,,,,,,,,,empty
ZTF19aazzpje,,,,,,,,,empty
ZTF18aarunfu,1.0033172926597769,18.396799087524414,17.763099670410156,17.382099151611328,0.6336994171142578,0.3810005187988281,0.0,61.0,ok
ZTF23aaltnze,,,,,,,,,empty
ZTF25abpdxzo,0.33882124489487475,20.20840072631836,19.922399520874023,19.67620086669922,0.28600120544433594,0.2461986541748047,0.0,62.0,ok
ZTF21acgrlmz,1.2788496798687612,21.064199447631836,20.311599731445312,19.861799240112305,0.7525997161865234,0.4498004913330078,0.0,71.0,ok
ZTF21acjbcqw,1.1908455985836441,,19.114999771118164,18.825300216674805,,0.2896995544433594,,2.0,ok
ZTF19abzvvkb,0.6796523526938891,,,20.082799911499023,,,1.0,4.0,ok
ZTF20abyjopm,0.22356756736134856,20.81839942932129,19.44339942932129,,1.375,,,2.0,ok
ZTF18acsvycn,,,,,,,,,empty
ZTF18aaisaqo,,,,,,,,,empty
ZTF22aafnqtw,,,,,,,,,empty
ZTF25abqzdbd,0.6368751958181567,20.458799362182617,20.195499420166016,19.994300842285156,0.26329994201660156,0.20119857788085938,0.0,78.0,ok
ZTF23aasyvbf,,,,,,,,,empty
ZTF24abbinrr,,,,,,,,,empty
ZTF21aautijg,0.6990570088196756,21.880699157714844,21.414899826049805,21.249300003051758,0.46579933166503906,0.16559982299804688,0.0,16.0,ok
ZTF21aapjphz,,,,,,,,,empty
ZTF24absvygp,,,,,,,,,empty
ZTF20aagqrbx,,,,,,,,,empty
ZTF21abieuta,,,,,,,,,empty
ZTF24aawxqjl,0.5022278113278242,19.000600814819336,19.223899841308594,19.01729965209961,-0.2232990264892578,0.20660018920898438,0.0,74.0,ok
ZTF25abpxqho,0.6640567675367643,20.103300094604492,19.66320037841797,19.63050079345703,0.44009971618652344,0.0326995849609375,0.0,106.0,ok
ZTF21achaxmt,0.3911901085800095,18.072799682617188,17.40089988708496,16.8882999420166,0.6718997955322266,0.5125999450683594,0.0,107.0,ok
ZTF22abhvfio,,,,,,,,,empty
ZTF20aakbtyz,,,,,,,,,empty
ZTF19abovtfk,0.15238882448209817,,20.552799224853516,20.694299697875977,,-0.14150047302246094,,2.0,ok
ZTF19acaqqxo,,,,,,,,,empty
ZTF19acvrgde,0.22254435537744197,20.76889991760254,20.46139907836914,20.28660011291504,0.30750083923339844,0.17479896545410156,0.0,47.0,ok
ZTF24aahuulq,,,,,,,,,empty
ZTF19aavissk,,,,,,,,,empty
ZTF24aagssbr,0.9806954336035133,20.62459945678711,20.23870086669922,18.829099655151367,0.3858985900878906,1.4096012115478516,0.0,3.0,ok
ZTF24aaekmnz,,,,,,,,,empty
ZTF20aaichor,,,,,,,,,empty
ZTF25aatvtvy,,,,,,,,,empty
ZTF20abrnvnn,,,,,,,,,empty
ZTF22aasytpm,,,,,,,,,empty
ZTF20acwijiy,,,,,,,,,empty
ZTF19abjozed,,,,,,,,,empty
ZTF22aauwyuq,,,,,,,,,empty
ZTF20aafciit,,,,,,,,,empty
ZTF22abfrkoh,,,,,,,,,empty
ZTF24abpwing,,,,,,,,,empty
ZTF22abnmngf,,,,,,,,,empty
ZTF19acxgwvo,0.39710258745673394,18.534700393676758,18.684799194335938,18.850000381469727,-0.1500988006591797,-0.16520118713378906,0.0,69.0,ok
ZTF25acdqtea,,,,,,,,,empty
ZTF20aaurhzc,,,,,,,,,empty
ZTF21acgxwlz,,,,,,,,,empty
ZTF25aaawpmf,0.5242668141244886,21.526599884033203,21.13559913635254,21.26569938659668,0.39100074768066406,-0.13010025024414062,0.0,45.0,ok
ZTF18accsawg,1.397454009878288,,20.96929931640625,,,,,2.0,ok
ZTF21aavgnld,0.7799141081603044,20.742799758911133,20.13010025024414,19.763399124145508,0.6126995086669922,0.3667011260986328,0.0,88.0,ok
ZTF23abshzag,,,,,,,,,empty
ZTF19abddqhy,,,,,,,,,empty
ZTF19abqmjdq,,,,,,,,,empty
ZTF19aadggnt,0.09453336085852929,17.500200271606445,17.211999893188477,16.71579933166504,0.28820037841796875,0.4962005615234375,0.0,50.0,ok
ZTF23ablavhx,0.7900348907665403,19.081600189208984,19.118999481201172,18.749900817871094,-0.0373992919921875,0.3690986633300781,0.0,98.0,ok
ZTF21accyvil,,,,,,,,,empty
ZTF23abiljba,,,,,,,,,empty
ZTF19acnjwgm,,,,,,,,,empty
ZTF25aacljcu,,,,,,,,,empty
ZTF20abnnfpv,0.46043244167143166,20.22260093688965,19.917699813842773,20.132999420166016,0.304901123046875,-0.2152996063232422,0.0,43.0,ok
ZTF18acvwdkk,0.3596114962506267,21.585100173950195,,21.706899642944336,,,0.0,3.0,ok
ZTF19abqlrtb,0.2884229512430613,,,21.280399322509766,,,0.0,2.0,ok
ZTF18abjyjdz,0.40164268401848635,,,,,,,8.0,ok
ZTF22abqqjih,,,,,,,,,empty
ZTF23absdnmt,,,,,,,,,empty
ZTF24aaicquq,,,,,,,,,empty
ZTF24aaypjcj,,,,,,,,,empty
ZTF22aamfjun,,,,,,,,,empty
ZTF19abpxiff,1.1796811267483132,,,21.695499420166016,,,1.0,2.0,ok
ZTF23aaqqeez,,,,,,,,,empty
ZTF24abygyka,,,,,,,,,empty
ZTF19abgqwed,1.3865258903385478,18.355499267578125,17.60849952697754,17.30820083618164,0.7469997406005859,0.30029869079589844,0.0,70.0,ok
ZTF20aciwrpn,1.1940249127893672,20.02359962463379,19.61319923400879,19.564599990844727,0.410400390625,0.0485992431640625,0.0,67.0,ok
ZTF23aausgtp,,,,,,,,,empty
ZTF20acurtpj,,,,,,,,,empty
ZTF23aagklwb,0.3214626898893327,21.57379913330078,21.457300186157227,21.34160041809082,0.11649894714355469,0.11569976806640625,0.0,27.0,ok
ZTF21abjrwhq,0.45377117291339975,19.06100082397461,18.520200729370117,18.1643009185791,0.5408000946044922,0.3558998107910156,0.0,61.0,ok
ZTF23aaquhcv,0.3544903832191144,20.029399871826172,19.44860076904297,18.974300384521484,0.5807991027832031,0.4743003845214844,0.0,69.0,ok
ZTF23abtdizt,0.8917218194265565,20.829200744628906,19.891000747680664,20.162799835205078,0.9381999969482422,-0.27179908752441406,0.0,32.0,ok
ZTF22aayaemx,1.4818050979184434,,20.02239990234375,,,,,2.0,ok
ZTF24aaieled,,,,,,,,,empty
ZTF20aaflaug,,,,,,,,,empty
ZTF19abxjimu,,,,,,,,,empty
ZTF23aacdlvr,,,,,,,,,empty
ZTF22abmzdzr,0.21669620260283892,19.518800735473633,18.547199249267578,18.640899658203125,0.9716014862060547,-0.09370040893554688,0.0,76.0,ok
ZTF24aagxdol,,,,,,,,,empty
ZTF25acelvvz,0.4884259566716872,19.59469985961914,19.175399780273438,19.002500534057617,0.4193000793457031,0.1728992462158203,0.0,57.0,ok
ZTF18aasrlze,0.10649503562396807,18.106199264526367,17.6924991607666,17.308799743652344,0.4137001037597656,0.3836994171142578,0.0,70.0,ok
ZTF20abdxyae,0.048134601294170985,20.213199615478516,,19.462299346923828,,,0.0,5.0,ok
ZTF23aalcvlh,,,,,,,,,empty
ZTF20aciubjh,,,,,,,,,empty
ZTF21abowqqa,0.7572079979861545,21.223899841308594,20.814800262451172,20.444400787353516,0.4090995788574219,0.37039947509765625,0.0,78.0,ok
ZTF19aallimd,,,,,,,,,empty
ZTF23aaawcyt,,,,,,,,,empty
ZTF19abzzuyl,,,,,,,,,empty
ZTF18acbzpxx,,,,,,,,,empty
ZTF21abkavmp,,,,,,,,,empty
ZTF19adbmwto,0.2742280120543905,21.886600494384766,21.60059928894043,21.50149917602539,0.28600120544433594,0.09910011291503906,0.0,19.0,ok
ZTF25aafjpdg,,,,,,,,,empty
ZTF22abecbbd,,,,,,,,,empty
ZTF25aafywpr,0.43785167909592315,21.374099731445312,20.889999389648438,20.771799087524414,0.484100341796875,0.11820030212402344,0.0,40.0,ok
ZTF24abqxfih,0.9686082018889702,21.66080093383789,21.385700225830078,,0.2751007080078125,,,2.0,ok
ZTF21acjgmiy,,,,,,,,,empty
ZTF20aatuwib,,,,,,,,,empty
ZTF20abeolig,,,,,,,,,empty
ZTF20acpkzxq,,,,,,,,,empty
ZTF19aanuuen,0.7814859980820633,,20.74810028076172,,,,,3.0,ok
ZTF21aadebss,0.9165857195065236,21.92460060119629,21.22909927368164,20.991100311279297,0.6955013275146484,0.23799896240234375,0.0,28.0,ok
ZTF20aaeopvv,0.486732438841512,19.416500091552734,,,,,,2.0,ok
ZTF21abiyyob,,,,,,,,,empty
ZTF20actawpa,0.5866306254468209,19.97570037841797,19.783899307250977,19.721799850463867,0.1918010711669922,0.062099456787109375,0.0,106.0,ok
ZTF20aattqbi,,,,,,,,,empty
ZTF21abyakea,,,,,,,,,empty
ZTF18acbwasc,,,,,,,,,empty
ZTF20ackijbs,0.17526204335697715,17.45829963684082,16.99449920654297,16.566099166870117,0.46380043029785156,0.42840003967285156,0.0,95.0,ok
ZTF19abidbya,0.15399116973414087,20.753000259399414,20.123199462890625,19.891399383544922,0.6298007965087891,0.23180007934570312,0.0,74.0,ok
ZTF24aaerzgz,,,,,,,,,empty
ZTF24abihkka,,,,,,,,,empty
ZTF20aasfdfr,1.184009044520427,19.356700897216797,18.578500747680664,18.649799346923828,0.7782001495361328,-0.07129859924316406,0.0,78.0,ok
ZTF22aaaivqj,,,,,,,,,empty
ZTF18abrcvbu,0.2065453440675873,19.190900802612305,18.37310028076172,18.10099983215332,0.8178005218505859,0.27210044860839844,0.0,80.0,ok
ZTF21abgywux,,,,,,,,,empty
ZTF21acirtph,0.7370965312800001,,,21.1023006439209,,,0.0,3.0,ok
ZTF19acnfjyw,,,,,,,,,empty
ZTF22aabjlih,0.49658658525440846,,,20.45669937133789,,,1.0,2.0,ok
ZTF21aanyyde,,,,,,,,,empty
ZTF20abswdbg,,,,,,,,,empty
ZTF25aaizkcc,,,,,,,,,empty
ZTF21aamwvhr,,,,,,,,,empty
ZTF24aatgvrs,0.7403429689023268,20.771400451660156,19.805700302124023,19.232900619506836,0.9657001495361328,0.5727996826171875,0.0,69.0,ok
ZTF24aazjdml,,,,,,,,,empty
ZTF24aakocjx,,,,,,,,,empty
ZTF19acwsajh,,,,,,,,,empty
ZTF25acidxig,,,,,,,,,empty
ZTF18accmkud,,,,,,,,,empty
ZTF18abvkmgw,,,,,,,,,empty
ZTF23abrrlrf,,,,,,,,,empty
ZTF24aahewml,,,,,,,,,empty
ZTF19abacxod,1.4213562612200619,19.39259910583496,19.33049964904785,19.305700302124023,0.062099456787109375,0.024799346923828125,,12.0,ok
ZTF22ablhldn,,,,,,,,,empty
ZTF24abfaake,0.07547305561329366,20.260700225830078,19.62470054626465,19.389400482177734,0.6359996795654297,0.23530006408691406,0.0,57.0,ok
ZTF19achejoc,1.453738973384099,18.947599411010742,18.89940071105957,18.345800399780273,0.048198699951171875,0.5536003112792969,0.0,81.0,ok
ZTF18abwlsoi,,,,,,,,,empty
ZTF19aakjcxs,,,,,,,,,empty
ZTF20achkgng,,,,,,,,,empty
ZTF20acuofwe,0.07795353193108788,20.197099685668945,20.009300231933594,19.303600311279297,0.18779945373535156,0.7056999206542969,1.0,97.0,ok
ZTF18aafjeeu,0.06188988186341582,16.970699310302734,16.868000030517578,16.46190071105957,0.10269927978515625,0.4060993194580078,0.0,89.0,ok
ZTF20abblqtl,0.41775074143789726,21.94529914855957,21.712200164794922,21.47570037841797,0.23309898376464844,0.23649978637695312,0.0,25.0,ok
ZTF20acklcyp,0.16497756780908246,21.442800521850586,21.081100463867188,21.023300170898438,0.36170005798339844,0.05780029296875,0.0,43.0,ok
ZTF18abvgghe,,,,,,,,,empty
ZTF21aaipypa,0.4430185715311441,20.30699920654297,19.812599182128906,20.109899520874023,0.4944000244140625,-0.2973003387451172,0.0,10.0,ok
ZTF21acjateh,,,,,,,,,empty
ZTF20abyjpxx,,,,,,,,,empty
ZTF21aagydmn,1.003568266535943,,20.0177001953125,,,,,3.0,ok
ZTF21acdajtx,,,,,,,,,empty
ZTF19ablpxtf,,,,,,,,,empty
ZTF22aaavmst,0.7433408951991561,,20.309600830078125,,,,,2.0,ok
ZTF22aaafmxf,,,,,,,,,empty
ZTF20aaodkvl,,,,,,,,,empty
ZTF20abaszgh,,,,,,,,,empty
ZTF19aaurxsa,,,,,,,,,empty
ZTF24abkbhzk,,,,,,,,,empty
ZTF24aaejsaf,,,,,,,,,empty
ZTF24abccaua,,,,,,,,,empty
ZTF20acitpfz,0.08102261063251351,18.214399337768555,17.75749969482422,17.34950065612793,0.45689964294433594,0.40799903869628906,0.0,65.0,ok
ZTF25abxlbva,0.8397123161258809,,,21.41320037841797,,,0.0,3.0,ok
ZTF25aacaoby,0.1768320958928781,21.739700317382812,21.672800064086914,21.53820037841797,0.06690025329589844,0.1345996856689453,0.0,25.0,ok
ZTF19abzsitm,,,,,,,,,empty
ZTF23aaubzzz,0.19138835817282837,19.96660041809082,19.191299438476562,18.64699935913086,0.7753009796142578,0.5443000793457031,0.0,78.0,ok
ZTF23aadbtou,,,,,,,,,empty
ZTF19aceqjqw,,,,,,,,,empty
ZTF19aaycrgf,1.227730954545412,20.809499740600586,19.985200881958008,19.799999237060547,0.8242988586425781,0.18520164489746094,0.0,34.0,ok
ZTF25aaqkvza,0.8028836812827309,19.28619956970215,18.73189926147461,18.47330093383789,0.5543003082275391,0.25859832763671875,0.0,58.0,ok
ZTF20acfkzcg,,,,,,,,,empty
ZTF25acipypu,,,,,,,,,empty
ZTF21abimnii,,,,,,,,,empty
ZTF19aagmsrr,,,,,,,,,empty
ZTF25abiptzd,0.4634597015553668,20.460399627685547,20.274999618530273,20.214399337768555,0.18540000915527344,0.06060028076171875,0.0,61.0,ok
ZTF23abvnahb,,,,,,,,,empty
ZTF22aayrxbb,,,,,,,,,empty
ZTF19aanpcep,,,,,,,,,empty
ZTF19aartylj,,,,,,,,,empty
ZTF23abjrdem,,,,,,,,,empty
ZTF25aanxgnn,,,,,,,,,empty
ZTF19abqyoxj,0.7020153255354917,,,18.310300827026367,,,,2.0,ok
ZTF20ackkejs,,,,,,,,,empty
ZTF21aaptnwj,0.2988699046058195,19.704599380493164,19.61050033569336,19.483600616455078,0.09409904479980469,0.12689971923828125,0.0,84.0,ok
ZTF25aacaxre,0.1563549411481592,19.507999420166016,19.40130043029785,18.68670082092285,0.10669898986816406,0.714599609375,0.0,14.0,ok
ZTF19aavivbl,,,,,,,,,empty
ZTF20abkzhpk,0.9183146781325928,20.46820068359375,20.243099212646484,19.896400451660156,0.22510147094726562,0.3466987609863281,0.0,51.0,ok
ZTF22aakzred,0.7582602735910258,,21.18939971923828,19.808700561523438,,1.3806991577148438,0.0,5.0,ok
ZTF20aazxvox,,,,,,,,,empty
ZTF21aadktwq,0.3606690173248531,18.459299087524414,17.51020050048828,17.37649917602539,0.9490985870361328,0.13370132446289062,0.0,77.0,ok
ZTF20acztnts,,,,,,,,,empty
ZTF19aamhhyo,,,,,,,,,empty
ZTF20aauodrj,,,,,,,,,empty
ZTF21acbgcma,0.738125884778711,19.563800811767578,18.901500701904297,18.556400299072266,0.6623001098632812,0.34510040283203125,0.0,81.0,ok
ZTF25aafulfd,0.6187314723219093,18.604000091552734,18.364999771118164,17.813899993896484,0.2390003204345703,0.5510997772216797,0.0,51.0,ok
ZTF22aaoewrn,0.012745194356215806,20.923900604248047,20.33609962463379,19.939599990844727,0.5878009796142578,0.3964996337890625,0.0,70.0,ok
ZTF18acbwchi,,,,,,,,,empty
ZTF25aadgckg,,,,,,,,,empty
ZTF20abtctgr,,,,,,,,,empty
ZTF22aazjqtu,,,,,,,,,empty
ZTF19aawevyv,0.24418444660275584,,,19.601900100708008,,,1.0,4.0,ok
ZTF25aauhbwo,0.2869214679598717,19.060400009155273,18.44379997253418,17.810400009155273,0.6166000366210938,0.6333999633789062,0.0,58.0,ok
ZTF20actljfs,,,,,,,,,empty
ZTF20aaxfzhw,,,,,,,,,empty
ZTF20aaywban,,,,,,,,,empty
ZTF21abflnze,,,,,,,,,empty
ZTF22aakemmo,0.29632391104313593,18.20330047607422,17.657499313354492,17.41349983215332,0.5458011627197266,0.24399948120117188,0.0,63.0,ok
ZTF18aceynvm,,,,,,,,,empty
ZTF24abtsprb,0.9957665548071802,21.965200424194336,21.949199676513672,,0.016000747680664062,,,2.0,ok
ZTF21aanwbhk,,,,,,,,,empty
ZTF18acvjhht,0.2900453837515865,16.94409942626953,16.49679946899414,16.42490005493164,0.4472999572753906,0.0718994140625,0.0,77.0,ok
ZTF25aarsdkv,,,,,,,,,empty
ZTF20acgchsp,,,,,,,,,empty
ZTF25aaruuln,1.438521261027437,20.98539924621582,,21.241300582885742,,,0.0,2.0,ok
ZTF19aceckht,,,,,,,,,empty
ZTF18acbwvsp,,,,,,,,,empty
ZTF23aaaknoj,,,,,,,,,empty
ZTF19aavitlq,,,,,,,,,empty
ZTF21acdkxcr,0.9625489273485731,,,,,,,6.0,ok
ZTF23abbkulr,,,,,,,,,empty
ZTF21aagteny,,,,,,,,,empty
ZTF23abdshvl,,,,,,,,,empty
ZTF21aatwkkt,,,,,,,,,empty
ZTF21abjcliz,1.3988017950737692,,,,,,,2.0,ok
ZTF24aapzmzb,,,,,,,,,empty
ZTF23abuitpw,0.6130058195038861,19.93280029296875,19.58919906616211,19.26919937133789,0.3436012268066406,0.31999969482421875,0.0,65.0,ok
ZTF22abfvrcb,0.4482411091602369,18.749099731445312,17.903499603271484,17.43549919128418,0.8456001281738281,0.4680004119873047,0.0,77.0,ok
ZTF22aaagxsz,,,,,,,,,empty
ZTF21aafdvxz,0.404147253775375,21.82029914855957,21.768699645996094,21.695499420166016,0.05159950256347656,0.07320022583007812,0.0,7.0,ok
ZTF19aarinmw,0.3855276975539075,17.963499069213867,17.445899963378906,17.089399337768555,0.5175991058349609,0.35650062561035156,0.0,79.0,ok
ZTF24abiiivs,1.2812865872722232,22.17060089111328,,21.172300338745117,,,,3.0,ok
ZTF24abncuhj,,,,,,,,,empty
ZTF20aaiihky,,,,,,,,,empty
ZTF21aagocky,0.4691722769838568,20.704500198364258,,19.936199188232422,,,,3.0,ok
ZTF20acowuix,,,,,,,,,empty
ZTF20aaspiic,0.1579507038471228,18.1737003326416,17.705799102783203,17.271299362182617,0.46790122985839844,0.43449974060058594,0.0,74.0,ok
ZTF25abcgeot,,,,,,,,,empty
ZTF25abmkbaa,,,,,,,,,empty
ZTF24abzsvbq,,,,,,,,,empty
ZTF20aayeims,,,,,,,,,empty
ZTF20aaxahpk,,,,,,,,,empty
ZTF23aaelkos,,,,,,,,,empty
ZTF23abngbvw,0.16985946412930394,,,21.05270004272461,,,0.0,3.0,ok
ZTF18acszayr,,,,,,,,,empty
ZTF19ablusdf,,,,,,,,,empty
ZTF23aaijkwo,0.1336924122783692,19.882999420166016,19.268299102783203,19.035999298095703,0.6147003173828125,0.2322998046875,0.0,70.0,ok
ZTF19aburnqh,,,,,,,,,empty
ZTF19acbunmk,,,,,,,,,empty
ZTF22abfuwel,0.9541043675182388,20.458099365234375,19.742000579833984,19.755699157714844,0.7160987854003906,-0.013698577880859375,0.0,76.0,ok
ZTF21aaqsprr,,,,,,,,,empty
ZTF22abanshu,0.2549669505959595,18.760700225830078,18.22410011291504,17.694299697875977,0.5366001129150391,0.5298004150390625,0.0,85.0,ok
ZTF20acrufey,,,,,,,,,empty
ZTF24abyaspl,1.1858792388205694,,,,,,,3.0,ok
ZTF20aaerqjd,0.728574380206887,,21.88129997253418,21.89699935913086,,-0.015699386596679688,0.0,2.0,ok
ZTF18acsxusq,1.0308557346631007,,20.587600708007812,,,,,2.0,ok
ZTF23abfxxod,,,,,,,,,empty
ZTF25aakcjgj,1.0885373899705317,21.08169937133789,20.602100372314453,20.162099838256836,0.4795989990234375,0.4400005340576172,0.0,61.0,ok
ZTF20acytfkf,0.08624639083851161,,22.486799240112305,,,,,2.0,ok
ZTF24abdjezn,,,,,,,,,empty
ZTF22abmwjev,0.983940345083977,20.760099411010742,,21.3435001373291,,,0.0,5.0,ok
ZTF24aboeilj,0.023930006425922683,17.64699935913086,17.32360076904297,16.561399459838867,0.3233985900878906,0.7622013092041016,0.0,86.0,ok
ZTF22abmcono,,,,,,,,,empty
ZTF18accnlml,0.14706870585680162,12.684000015258789,13.109000205993652,13.444000244140625,-0.4250001907348633,-0.33500003814697266,,77.0,ok
ZTF21aagocor,0.8134393788244972,19.917299270629883,19.507099151611328,18.816299438476562,0.4102001190185547,0.6907997131347656,0.0,79.0,ok
ZTF18acsohut,0.18122290803832278,19.08989906311035,18.474000930786133,18.085800170898438,0.6158981323242188,0.3882007598876953,0.0,70.0,ok
ZTF24aakudig,,,,,,,,,empty
ZTF21achutpj,0.3941013090882993,,,18.613500595092773,,,0.0,3.0,ok
ZTF23aajiucf,,,,,,,,,empty
ZTF22aausgkx,0.6091451156933841,18.879499435424805,18.298999786376953,17.928800582885742,0.5804996490478516,0.37019920349121094,0.0,76.0,ok
ZTF24abrnllc,,,,,,,,,empty
ZTF21abrxoir,,,,,,,,,empty
ZTF21abbwbja,0.4914628996734138,19.993099212646484,19.725099563598633,19.88800048828125,0.26799964904785156,-0.1629009246826172,0.0,18.0,ok
ZTF23aboicxj,0.9380225319058826,19.425800323486328,19.67169952392578,19.40180015563965,-0.24589920043945312,0.2698993682861328,0.0,19.0,ok
ZTF21aaxwpyv,,,,,,,,,empty
ZTF25acfkvbq,1.2953488977941843,,,,,,,2.0,ok
ZTF25abyguri,,,,,,,,,empty
ZTF23aabngtm,,,,,,,,,empty
ZTF18absliyc,0.787542408576841,,21.537900924682617,21.71980094909668,,-0.1819000244140625,0.0,5.0,ok
ZTF22aabnzsk,,,,,,,,,empty
ZTF21aaquyqa,,,,,,,,,empty
ZTF22aadfbbs,0.438522331704049,,19.267099380493164,19.448299407958984,,-0.1812000274658203,,6.0,ok
ZTF21ackzyzj,0.6294171518405299,18.836299896240234,18.08289909362793,17.60569953918457,0.7534008026123047,0.4771995544433594,0.0,66.0,ok
ZTF22aapargp,,,,,,,,,empty
ZTF21acipofv,1.3298843999285217,19.814199447631836,,19.254600524902344,,,0.0,4.0,ok
ZTF25aauvaxd,,,,,,,,,empty
ZTF25abakvtg,,,,,,,,,empty
ZTF24abqaeat,,,,,,,,,empty
ZTF23aaflnok,,,,,,,,,empty
ZTF22aajrjrc,,,,,,,,,empty
ZTF22abpydmh,1.1071314142759854,18.695199966430664,17.686500549316406,17.352699279785156,1.0086994171142578,0.33380126953125,0.0,60.0,ok
ZTF22aahieds,0.13882389456852415,17.22800064086914,16.743000030517578,16.137699127197266,0.4850006103515625,0.6053009033203125,0.0,88.0,ok
ZTF24aaijmct,,,,,,,,,empty
ZTF20aaivego,0.22629568901458383,21.09309959411621,20.3528995513916,20.222200393676758,0.7402000427246094,0.13069915771484375,0.0,51.0,ok
ZTF22aakethm,,,,,,,,,empty
ZTF22abfwxsk,0.018465322542945983,16.898399353027344,21.711299896240234,18.521499633789062,-4.812900543212891,3.189800262451172,1.0,13.0,ok
ZTF24abgscdq,,,,,,,,,empty
ZTF18abobkii,0.12869989431965576,18.857799530029297,18.220800399780273,17.721599578857422,0.6369991302490234,0.49920082092285156,0.0,63.0,ok
ZTF20ackrqfi,1.1017278590089186,,21.566499710083008,,,,,4.0,ok
ZTF20abwrcmq,,,,,,,,,empty
ZTF19acasiwm,0.06343587817994141,18.83769989013672,18.160499572753906,17.76810073852539,0.6772003173828125,0.3923988342285156,0.0,83.0,ok
ZTF18aaceepu,0.38031703472978134,18.67770004272461,18.626100540161133,18.62689971923828,0.05159950256347656,-0.0007991790771484375,0.0,63.0,ok
ZTF22abvrtgj,,,,,,,,,empty
ZTF22aaeasul,1.3508192549637963,18.205400466918945,18.054500579833984,17.89620018005371,0.15089988708496094,0.15830039978027344,0.0,68.0,ok
ZTF20aascvvo,,,,,,,,,empty
ZTF18aabfxpw,0.06843442835925165,,,20.074199676513672,,,1.0,8.0,ok
ZTF25aacldzw,0.9935855328931379,19.763999938964844,19.298099517822266,,0.4659004211425781,,,5.0,ok
ZTF21aaydfro,0.31165260560507063,19.688600540161133,19.289199829101562,18.777999877929688,0.3994007110595703,0.511199951171875,0.0,75.0,ok
ZTF21abvrrmy,,,,,,,,,empty
ZTF20abrnvwf,0.8423592867737072,21.777299880981445,21.75040054321289,21.47100067138672,0.026899337768554688,0.2793998718261719,0.0,33.0,ok
ZTF22abvaetz,,,,,,,,,empty
ZTF24aafyxpj,,,,,,,,,empty
ZTF19aazodnk,,,,,,,,,empty
ZTF24abdfuqr,,,,,,,,,empty
ZTF23aaczrwr,0.7430947465352746,18.629100799560547,18.050899505615234,18.023399353027344,0.5782012939453125,0.027500152587890625,0.0,71.0,ok
ZTF25aabsqgk,0.7733484625589363,,,19.350200653076172,,,0.0,5.0,ok
ZTF21abousyu,,,,,,,,,empty
ZTF25aakatwx,,,,,,,,,empty
ZTF25acgchna,1.363285791250246,20.645599365234375,20.364099502563477,20.45490074157715,0.28149986267089844,-0.09080123901367188,0.0,61.0,ok
ZTF21abqgrqd,,,,,,,,,empty
ZTF21aaopqqk,0.07634287430934546,19.677200317382812,19.350500106811523,18.92169952392578,0.32670021057128906,0.4288005828857422,0.0,81.0,ok
ZTF19acbmqpu,,,,,,,,,empty
ZTF25abeuvaa,0.9004361348651926,21.60070037841797,21.735200881958008,21.406700134277344,-0.13450050354003906,0.32850074768066406,0.0,14.0,ok
ZTF20achsfcq,,,,,,,,,empty
ZTF21abhzboh,0.9397267624705471,17.743799209594727,17.36389923095703,16.785499572753906,0.3798999786376953,0.578399658203125,0.0,69.0,ok
ZTF23aalgqsq,0.3629662313601354,21.1560001373291,21.19879913330078,20.81839942932129,-0.04279899597167969,0.3803997039794922,0.0,70.0,ok
ZTF21ackrvob,1.225640868364773,,,18.683799743652344,,,0.0,2.0,ok
ZTF19abimzvh,0.7389209551076817,21.273000717163086,20.457300186157227,20.49959945678711,0.8157005310058594,-0.04229927062988281,0.0,46.0,ok
ZTF23aaaypgq,,,,,,,,,empty
ZTF23aafvgyf,,,,,,,,,empty
ZTF18aaxiuyp,,,,,,,,,empty
ZTF19abmqasg,1.3264273875095394,,22.23550033569336,,,,,2.0,ok
ZTF18aaylbyr,0.17246560411012785,17.1200008392334,17.059900283813477,16.628000259399414,0.060100555419921875,0.4319000244140625,0.0,63.0,ok
ZTF22abhcqrr,,,,,,,,,empty
ZTF19aaaojck,,,,,,,,,empty
ZTF21abdthxn,0.7971389560947728,,,,,,,2.0,ok
ZTF18abmdpwe,,,,,,,,,empty
ZTF21aagojfe,,,,,,,,,empty
ZTF21aagofnn,1.1962758694492814,,19.923999786376953,,,,,2.0,ok
ZTF21aagpbkj,0.7325277968000707,,21.118099212646484,16.861299514770508,,4.256799697875977,,2.0,ok
ZTF22abcuiht,,,,,,,,,empty
ZTF18abzqsxk,0.2581339323172676,17.72559928894043,17.27389907836914,17.104900360107422,0.45170021057128906,0.16899871826171875,0.0,95.0,ok
ZTF19acbmwtc,0.5217261973188239,18.753299713134766,17.941099166870117,17.499799728393555,0.8122005462646484,0.4412994384765625,0.0,61.0,ok
ZTF19acxyfkf,,,,,,,,,empty
ZTF18aamsgjq,0.8451394326290795,17.556299209594727,16.8346004486084,16.332599639892578,0.7216987609863281,0.5020008087158203,0.0,77.0,ok
ZTF20abgbxzn,0.07581460057691125,20.715099334716797,20.04490089416504,19.894399642944336,0.6701984405517578,0.15050125122070312,0.0,55.0,ok
ZTF22abipthl,0.967549586361052,21.567699432373047,21.206899642944336,20.947399139404297,0.36079978942871094,0.25950050354003906,0.0,38.0,ok
ZTF18acutfne,,,,,,,,,empty
ZTF22abylpnv,,,,,,,,,empty
ZTF22absxatm,,,,,,,,,empty
ZTF22aatcpoo,,,,,,,,,empty
ZTF20abgfegv,,,,,,,,,empty
ZTF20acobxlz,,,,,,,,,empty
ZTF19abjrkqn,,,,,,,,,empty
ZTF21abhuoyz,0.8226292455343936,19.587600708007812,19.177200317382812,18.992799758911133,0.410400390625,0.1844005584716797,0.0,59.0,ok
ZTF20aagjpmt,0.694025066710543,,,22.283100128173828,,,,2.0,ok
ZTF21aabavaz,,,,,,,,,empty
ZTF23aaaahhb,,,,,,,,,empty
ZTF19adcdrng,1.184921998365529,21.322599411010742,20.88450050354004,21.251100540161133,0.4380989074707031,-0.36660003662109375,0.0,38.0,ok
ZTF19acxysob,0.4495157011617623,21.00189971923828,20.5492000579834,20.326200485229492,0.4526996612548828,0.22299957275390625,0.0,58.0,ok
ZTF25aaaprdb,,,,,,,,,empty
ZTF20abmdacd,1.3094904599561945,,21.190900802612305,20.167699813842773,,1.0232009887695312,0.0,2.0,ok
ZTF21abdhetx,,,,,,,,,empty
ZTF19aanejfr,,,,,,,,,empty
ZTF18abceakp,,,,,,,,,empty
ZTF18aaisybp,0.23742281316613423,17.992599487304688,17.319799423217773,16.946199417114258,0.6728000640869141,0.3736000061035156,0.0,56.0,ok
ZTF21abuxitb,,,,,,,,,empty
ZTF20aadfyjl,0.17790229882450634,17.901599884033203,17.4768009185791,17.064199447631836,0.42479896545410156,0.4126014709472656,0.0,83.0,ok
ZTF24abgmtsu,,,,,,,,,empty
ZTF24aaxhomn,0.4549468118680844,21.10569953918457,20.881999969482422,20.661399841308594,0.22369956970214844,0.22060012817382812,0.0,65.0,ok
ZTF24aayncet,,,,,,,,,empty
ZTF21acgxzha,1.4892765335870084,21.915700912475586,21.75629997253418,21.639799118041992,0.15940093994140625,0.1165008544921875,0.0,23.0,ok
ZTF22aaefjef,,,,,,,,,empty
ZTF25aafkily,,,,,,,,,empty
ZTF19aattvhh,0.09539093301536955,,20.266000747680664,19.48780059814453,,0.7782001495361328,0.0,11.0,ok
ZTF22aadqlhy,0.6968053707007675,18.551799774169922,18.07430076599121,,0.47749900817871094,,,10.0,ok
ZTF21abzbuvf,0.19449753840847295,18.72010040283203,18.047300338745117,17.782800674438477,0.6728000640869141,0.2644996643066406,0.0,86.0,ok
ZTF18abifioh,0.3778516289023305,18.856000900268555,18.035600662231445,17.704299926757812,0.8204002380371094,0.3313007354736328,0.0,57.0,ok
ZTF23absgdom,,,,,,,,,empty
ZTF25abbzsku,,,,,,,,,empty
ZTF18abmfpyr,0.09139473775628484,,,,,,,2.0,ok
ZTF25abozezv,1.0428005946518766,18.32159996032715,17.710100173950195,17.04800033569336,0.6114997863769531,0.6620998382568359,0.0,81.0,ok
ZTF21ackbbfs,,,,,,,,,empty
ZTF22abssiet,0.37037288884045705,18.456100463867188,18.70009994506836,18.09760093688965,-0.24399948120117188,0.6024990081787109,0.0,74.0,ok
ZTF19acbveqm,0.11515356801869636,19.400100708007812,19.335100173950195,18.811399459838867,0.06500053405761719,0.5237007141113281,0.0,83.0,ok
ZTF22abyivxh,,,,,,,,,empty
ZTF20acwnqcy,1.2441251477153694,18.813100814819336,18.6737003326416,16.722000122070312,0.13940048217773438,1.951700210571289,,11.0,ok
ZTF21aawmtug,,,,,,,,,empty
ZTF24aarxwyd,,,,,,,,,empty
ZTF25acepwip,,,,,,,,,empty
ZTF24abculqd,,,,,,,,,empty
ZTF20aaxuwuh,,,,,,,,,empty
ZTF21abwtybk,,,,,,,,,empty
ZTF25abuomiz,,,,,,,,,empty
ZTF21abaevgu,,,,,,,,,empty
ZTF21aagtqdu,,,,,,,,,empty
ZTF19acyjysk,,,,,,,,,empty
ZTF24ablhsxr,,,,,,,,,empty
ZTF21abyjydm,,,,,,,,,empty
ZTF23aawzdxd,0.2644693833658216,19.96269989013672,19.399099349975586,19.156099319458008,0.5636005401611328,0.24300003051757812,0.0,78.0,ok
ZTF21abubxmc,,,,,,,,,empty
ZTF22aaailga,,,,,,,,,empty
ZTF22aafiwtv,1.016335881539551,,,19.250499725341797,,,0.0,6.0,ok
ZTF22abdfjjo,,,,,,,,,empty
ZTF20abydkrl,,,,,,,,,empty
ZTF18abwcgrm,0.12432625334950624,17.310800552368164,16.53070068359375,16.348899841308594,0.7800998687744141,0.18180084228515625,0.0,62.0,ok
ZTF18aahfohe,0.5480138947628455,16.77720069885254,16.26569938659668,15.990799903869629,0.5115013122558594,0.2748994827270508,0.0,101.0,ok
ZTF24aaugyhc,,,,,,,,,empty
ZTF20acqzjqz,,,,,,,,,empty
ZTF20acgnzhj,,,,,,,,,empty
ZTF18acrheel,,,,,,,,,empty
ZTF24abnsght,0.8572986785205845,18.049800872802734,17.868200302124023,17.891000747680664,0.18160057067871094,-0.022800445556640625,0.0,72.0,ok
ZTF20abeimho,0.9379448047651248,20.17650032043457,21.422300338745117,,-1.2458000183105469,,,2.0,ok
ZTF19abfvpkq,,,,,,,,,empty
ZTF23aaqusyq,1.1712486244557396,18.8981990814209,,,,,,3.0,ok
ZTF20abqferm,0.957003708443365,21.23430061340332,20.662399291992188,,0.5719013214111328,,,2.0,ok
ZTF22abmicob,,,,,,,,,empty
ZTF22absygcs,0.418846068135897,,,18.44099998474121,,,0.0,2.0,ok
ZTF21aaygmiu,,,,,,,,,empty
ZTF25aacedrs,,,,,,,,,empty
ZTF20actrovz,0.6547876122121964,18.649200439453125,18.03619956970215,17.78969955444336,0.6130008697509766,0.24650001525878906,0.0,112.0,ok
ZTF21acmresp,,,,,,,,,empty
ZTF22aajigho,0.04100323219542587,18.783199310302734,18.130599975585938,17.80419921875,0.6525993347167969,0.3264007568359375,0.0,98.0,ok
ZTF20acgznau,,,,,,,,,empty
ZTF18ablongw,,,,,,,,,empty
ZTF19abnmrqt,0.5122566957383649,19.009700775146484,18.851999282836914,18.359800338745117,0.1577014923095703,0.4921989440917969,0.0,79.0,ok
ZTF19aavrswr,,,,,,,,,empty
ZTF21aaabvjk,,,,,,,,,empty
ZTF23aamlodm,,,,,,,,,empty
ZTF21aagrhot,,,,,,,,,empty
ZTF20aafcmfi,0.2782016627722175,19.66080093383789,19.11750030517578,18.574600219726562,0.5433006286621094,0.5429000854492188,0.0,66.0,ok
ZTF24aahuzig,0.37192023093950466,21.437299728393555,21.098400115966797,21.1471004486084,0.3388996124267578,-0.04870033264160156,0.0,34.0,ok
ZTF21aawiwqh,1.0023308480182747,,18.85930061340332,,,,,3.0,ok
ZTF19aceqlxc,,,,,,,,,empty
ZTF24absbhfe,,,,,,,,,empty
ZTF19aailteb,,,,,,,,,empty
ZTF21acphsgr,0.752417331053441,18.265399932861328,17.82670021057129,17.468700408935547,0.43869972229003906,0.3579998016357422,0.0,96.0,ok
ZTF18abgxkzx,0.4951925652440021,18.115800857543945,17.509899139404297,17.036699295043945,0.6059017181396484,0.47319984436035156,0.0,61.0,ok
ZTF23aaarvxj,,,,,,,,,empty
ZTF22aaajlae,,,,,,,,,empty
ZTF21abbtgsa,,,,,,,,,empty
ZTF20aczfwjj,,,,,,,,,empty
ZTF23aarzbzn,1.262682624858541,19.33530044555664,18.86210060119629,18.62689971923828,0.47319984436035156,0.2352008819580078,1.0,61.0,ok
ZTF20aasivtu,0.014528451023686198,19.127099990844727,18.403900146484375,17.658000946044922,0.7231998443603516,0.7458992004394531,0.0,71.0,ok
ZTF25aawscge,,,,,,,,,empty
ZTF18abmwszl,0.09919562020625938,17.010499954223633,16.88949966430664,16.38249969482422,0.12100028991699219,0.5069999694824219,0.0,63.0,ok
ZTF23aackdlm,0.9198957838615434,17.821199417114258,17.310800552368164,17.048200607299805,0.5103988647460938,0.2625999450683594,0.0,68.0,ok
ZTF19abdmfgf,,,,,,,,,empty
ZTF20acywbes,0.22160701920930784,17.720199584960938,17.281299591064453,16.56909942626953,0.4388999938964844,0.7122001647949219,0.0,98.0,ok
ZTF25abpgjdk,0.13503276549690651,,,19.623600006103516,,,,10.0,ok
ZTF20acgcgnf,,,,,,,,,empty
ZTF22aaaqwar,0.44436115853365593,18.456300735473633,17.773700714111328,17.615999221801758,0.6826000213623047,0.1577014923095703,0.0,72.0,ok
ZTF24aaoaghn,1.0233525154371828,18.91349983215332,18.12339973449707,17.768800735473633,0.79010009765625,0.3545989990234375,0.0,92.0,ok
ZTF18abjtger,,,,,,,,,empty
ZTF24abdxlus,0.5103776115046817,20.42569923400879,19.99410057067871,19.95170021057129,0.4315986633300781,0.042400360107421875,0.0,56.0,ok
ZTF19aayvyfa,0.09764687167866629,18.618000030517578,18.548099517822266,18.212499618530273,0.0699005126953125,0.3355998992919922,0.0,59.0,ok
ZTF23aabtarg,0.4341181753904534,21.17140007019043,20.94890022277832,20.57200050354004,0.22249984741210938,0.37689971923828125,0.0,64.0,ok
ZTF20ababkom,0.22302272283417537,21.928300857543945,21.792200088500977,21.294200897216797,0.13610076904296875,0.4979991912841797,0.0,28.0,ok
ZTF24abzwwli,1.496181599314268,19.082399368286133,18.41790008544922,18.310199737548828,0.6644992828369141,0.10770034790039062,0.0,85.0,ok
ZTF25abyhgdc,,,,,,,,,empty
ZTF22abdxbyh,,,,,,,,,empty
ZTF20aakfofq,,,,,,,,,empty
ZTF23aagkutf,1.3617232804465615,19.0403995513916,17.850000381469727,16.326000213623047,1.190399169921875,1.5240001678466797,,2.0,ok
ZTF18abehrdw,0.11372471302126806,,21.07270050048828,21.25510025024414,,-0.18239974975585938,,4.0,ok
ZTF21acjjwmj,,,,,,,,,empty
ZTF19abukakm,,,,,,,,,empty
ZTF19abxvjzn,1.1678866530426564,,18.350500106811523,,,,,2.0,ok
ZTF21absjlur,,,,,,,,,empty
ZTF24abykwsz,,,,,,,,,empty
ZTF18abjovdz,,,,,,,,,empty
ZTF21abfrbsj,,,,,,,,,empty
ZTF21aagnvvk,,,,,,,,,empty
ZTF21aaygkfw,,,,,,,,,empty
ZTF21aahgspm,,,,,,,,,empty
ZTF20abtcijp,0.15611740882996575,18.090200424194336,17.656600952148438,17.349700927734375,0.43359947204589844,0.3069000244140625,0.0,70.0,ok
ZTF24aaekblj,,,,,,,,,empty
ZTF25aarefui,0.4627445350847648,,,,,,,4.0,ok
ZTF19aamgttu,0.6563708297803416,17.999900817871094,17.358800888061523,17.07819938659668,0.6410999298095703,0.28060150146484375,0.0,65.0,ok
ZTF20abrjmgi,,,,,,,,,empty
ZTF22abvasuw,,,,,,,,,empty
ZTF22acaeaok,1.075578627964004,19.718799591064453,19.03070068359375,18.757200241088867,0.6880989074707031,0.2735004425048828,0.0,75.0,ok
ZTF24aboafrj,,,,,,,,,empty
ZTF18adiqzzp,0.08726735421518932,19.00550079345703,17.88129997253418,17.53019905090332,1.1242008209228516,0.3511009216308594,0.0,54.0,ok
ZTF19abzmpvb,0.16167242712485516,18.710800170898438,18.04400062561035,17.756900787353516,0.6667995452880859,0.28709983825683594,0.0,65.0,ok
ZTF20acovrzx,,,,,,,,,empty
ZTF21aabyifm,,,,,,,,,empty
ZTF23ablvlrz,,,,,,,,,empty
ZTF19abyhxzp,,,,,,,,,empty
ZTF19abkrbjt,1.0255503865952111,17.555999755859375,16.916799545288086,16.544599533081055,0.6392002105712891,0.37220001220703125,0.0,88.0,ok
ZTF25acfswkq,,,,,,,,,empty
ZTF23aanuvih,,,,,,,,,empty
ZTF21aahptas,0.06897676871697049,18.977699279785156,18.182100296020508,17.723800659179688,0.7955989837646484,0.4582996368408203,0.0,48.0,ok
ZTF22abfyyew,,,,,,,,,empty
ZTF21acfjxdx,,,,,,,,,empty
ZTF23abapoiv,,,,,,,,,empty
ZTF21abxknvv,0.17991430688570945,19.886199951171875,19.71780014038086,19.557600021362305,0.16839981079101562,0.1602001190185547,0.0,57.0,ok
ZTF25aavqrpc,,,,,,,,,empty
ZTF25abuvvtw,,,,,,,,,empty
ZTF24aaqxkuz,0.3464366747760824,18.612199783325195,17.979700088500977,17.767000198364258,0.6324996948242188,0.21269989013671875,0.0,67.0,ok
ZTF24abdoosm,0.47273767937694106,17.737300872802734,17.010799407958984,16.666500091552734,0.72650146484375,0.34429931640625,0.0,68.0,ok
ZTF22aaxtias,,,,,,,,,empty
ZTF21abbcsfu,,,,,,,,,empty
ZTF23aadcbay,0.049541201430606786,18.944400787353516,18.428800582885742,17.9419002532959,0.5156002044677734,0.48690032958984375,0.0,59.0,ok
ZTF22aajlruz,0.32594197493739696,21.56730079650879,21.499900817871094,21.125499725341797,0.06739997863769531,0.3744010925292969,1.0,42.0,ok
ZTF24aagozyk,,,,,,,,,empty
ZTF21aazcjbh,,,,,,,,,empty
ZTF24aaqpnyq,,,,,,,,,empty
ZTF18aazixbw,,,,,,,,,empty
ZTF20aapchqy,,,,,,,,,empty
ZTF18abwisaz,0.07550693812557574,18.064699172973633,17.883100509643555,17.542699813842773,0.18159866333007812,0.34040069580078125,0.0,78.0,ok
ZTF19aawtnqd,0.3888035406390307,24.884000778198242,21.944000244140625,18.580299377441406,2.940000534057617,3.3637008666992188,0.0,2.0,ok
ZTF20acvfraq,0.22237249646238824,20.568700790405273,19.6968994140625,19.455799102783203,0.8718013763427734,0.24110031127929688,0.0,58.0,ok
ZTF24aagterj,0.8064729294685339,20.710100173950195,20.647199630737305,,0.06290054321289062,,,2.0,ok
ZTF24aaekccp,0.8667464271942009,20.250099182128906,20.21780014038086,20.172399520874023,0.032299041748046875,0.04540061950683594,0.0,72.0,ok
ZTF24abrophb,,,,,,,,,empty
ZTF24abhxooe,,,,,,,,,empty
ZTF24aajqtjc,0.705135943863692,,,21.550800323486328,,,0.0,3.0,ok
ZTF18abespgb,0.6461651214599612,19.233999252319336,19.063800811767578,18.97249984741211,0.1701984405517578,0.09130096435546875,0.0,60.0,ok
ZTF24abtczwt,,,,,,,,,empty
ZTF22aattwsv,0.6136110893188865,,,16.538999557495117,,,0.0,2.0,ok
ZTF20acpumut,,,,,,,,,empty
ZTF19acxxwvi,,,,,,,,,empty
ZTF21aawfybf,,,,,,,,,empty
ZTF19aayabqe,,,,,,,,,empty
ZTF22abzrrpn,0.08079972437206133,20.13450050354004,19.35260009765625,19.165300369262695,0.7819004058837891,0.1872997283935547,0.0,68.0,ok
ZTF21acfiqtd,0.7841558393388234,,21.009300231933594,,,,,3.0,ok
ZTF23aaqfdby,,,,,,,,,empty
ZTF21aagogqj,0.20142087840797207,,20.678800582885742,,,,,3.0,ok
ZTF19abxvjkn,,,,,,,,,empty
ZTF25aaipaml,0.6993092877241327,18.628299713134766,18.410200119018555,18.107799530029297,0.21809959411621094,0.3024005889892578,0.0,83.0,ok
ZTF18acpdwoa,0.13911097793991745,15.379400253295898,14.487700462341309,14.345199584960938,0.8916997909545898,0.1425008773803711,0.0,61.0,ok
ZTF20aabcemq,0.17865776767194647,19.177400588989258,18.695600509643555,18.38680076599121,0.4818000793457031,0.30879974365234375,0.0,64.0,ok
ZTF19abgrmfu,,,,,,,,,empty
ZTF23abqbpob,,,,,,,,,empty
ZTF20acfdmex,,,,,,,,,empty
ZTF23aadtqlt,1.054698158642882,,22.26569938659668,,,,,2.0,ok
ZTF21aakzmaq,,,,,,,,,empty
ZTF24ablfyfu,0.6541315533700396,,,20.675600051879883,,,,2.0,ok
ZTF19abangws,,,,,,,,,empty
ZTF24aaoviqs,0.2692874987848,21.492700576782227,21.52359962463379,21.284400939941406,-0.0308990478515625,0.2391986846923828,1.0,29.0,ok
ZTF20aczgjdx,,,,,,,,,empty
ZTF21aalgqsv,0.7246378182278753,18.42340087890625,17.609500885009766,17.249900817871094,0.8138999938964844,0.3596000671386719,0.0,82.0,ok
ZTF18aawrotg,,,,,,,,,empty
ZTF21aaxxihx,0.05499396188725532,21.639400482177734,21.463300704956055,21.427200317382812,0.1760997772216797,0.03610038757324219,0.0,47.0,ok
ZTF21aaqztcg,1.1708061993472676,19.570899963378906,19.086599349975586,18.95829963684082,0.4843006134033203,0.12829971313476562,0.0,81.0,ok
ZTF19accloxh,,,,,,,,,empty
ZTF23aaqqeri,,,,,,,,,empty
ZTF21acbpdlz,,,,,,,,,empty
ZTF22aacmgox,,,,,,,,,empty
ZTF21abklnfg,,,,,,,,,empty
ZTF22aasfzzf,,,,,,,,,empty
ZTF25acblpes,,,,,,,,,empty
ZTF20aabqjht,0.5987740365728845,21.812400817871094,21.513200759887695,21.486099243164062,0.29920005798339844,0.027101516723632812,0.0,46.0,ok
ZTF23absdcgi,,,,,,,,,empty
ZTF22abgbhub,1.329557019159387,,18.67930030822754,,,,,3.0,ok
ZTF18abkifng,0.9850695507239402,17.920499801635742,17.460100173950195,16.883699417114258,0.4603996276855469,0.5764007568359375,0.0,80.0,ok
ZTF22aausixa,,,,,,,,,empty
ZTF18accnfrz,0.2587397921576853,21.19260025024414,20.787900924682617,20.644699096679688,0.40469932556152344,0.1432018280029297,0.0,31.0,ok
ZTF23abavosd,,,,,,,,,empty
ZTF19acfwynw,0.14282770424922275,,21.91390037536621,21.835800170898438,,0.07810020446777344,0.0,4.0,ok
ZTF19acxyumq,1.1499428022483191,20.305599212646484,20.274700164794922,19.80270004272461,0.0308990478515625,0.4720001220703125,0.0,63.0,ok
ZTF18abunlhk,0.06429312784129276,16.72170066833496,16.1643009185791,15.722299575805664,0.5573997497558594,0.4420013427734375,0.0,81.0,ok
ZTF23aazmkjh,1.0939451460333538,20.132699966430664,19.661399841308594,19.15329933166504,0.4713001251220703,0.5081005096435547,0.0,96.0,ok
ZTF21abephjt,1.4157696702331106,,19.491500854492188,,,,,3.0,ok
ZTF19aayejww,,,,,,,,,empty
ZTF24abrfcqd,1.2171759753947988,,,,,,,2.0,ok
ZTF20aahkgcz,,,,,,,,,empty
ZTF22aaohkqz,0.8091314132229679,,,,,,,2.0,ok
ZTF19abhbiqq,0.1325162944468502,22.006399154663086,19.32900047302246,17.88279914855957,2.677398681640625,1.4462013244628906,,13.0,ok
ZTF22aaaiyip,,,,,,,,,empty
ZTF22aahhubz,,,,,,,,,empty
ZTF24abyizjg,0.09621481944118722,18.2052001953125,17.46430015563965,17.061100006103516,0.7409000396728516,0.4032001495361328,0.0,96.0,ok
ZTF20aazkjfv,1.2136414175483257,,20.172500610351562,,,,,2.0,ok
ZTF23abhyroo,0.3403750630721538,18.538400650024414,17.979999542236328,17.650699615478516,0.5584011077880859,0.3292999267578125,0.0,95.0,ok
ZTF19aaklquv,,,,,,,,,empty
ZTF23aajbkan,,,,,,,,,empty
ZTF18aavrwhu,,,,,,,,,empty
ZTF18abojrnv,,,,,,,,,empty
ZTF21aazieut,,,,,,,,,empty
ZTF20aanaibf,,,,,,,,,empty
ZTF25aafkowl,,,,,,,,,empty
ZTF23abankea,,,,,,,,,empty
ZTF20aawcjrx,,,,,,,,,empty
ZTF19abyigib,0.3904399479798982,18.596599578857422,17.864099502563477,17.52519989013672,0.7325000762939453,0.3388996124267578,0.0,63.0,ok
ZTF22aaaepob,,,,,,,,,empty
ZTF22aakoxtx,,,,,,,,,empty
ZTF23aaeqsvb,0.19910185639233424,19.340099334716797,18.82830047607422,18.448699951171875,0.5117988586425781,0.37960052490234375,0.0,91.0,ok
ZTF22abtdbdt,,,,,,,,,empty
ZTF22aabfuju,,,,,,,,,empty
ZTF19abcvrpm,0.6428316102112881,22.035200119018555,21.950700759887695,21.6387996673584,0.08449935913085938,0.3119010925292969,0.0,22.0,ok
ZTF19abfiqjg,0.18914430598599888,18.59869956970215,18.207599639892578,17.980300903320312,0.3910999298095703,0.22729873657226562,0.0,67.0,ok
ZTF22abqajav,,,,,,,,,empty
ZTF25acaypgx,,,,,,,,,empty
ZTF21aaoqbbw,1.0992366314414352,,,19.375,,,0.0,2.0,ok
ZTF20aawfnro,,,,,,,,,empty
ZTF23abaqzym,1.194028028095613,20.351699829101562,20.00160026550293,19.8080997467041,0.3500995635986328,0.19350051879882812,0.0,53.0,ok
ZTF20aatqesi,0.29749403001672275,19.74880027770996,,,,,,2.0,ok
ZTF25aadfktz,,,,,,,,,empty
ZTF20abatows,,,,,,,,,empty
ZTF18aahqkbt,0.146533298030375,17.768699645996094,17.3612003326416,16.708599090576172,0.4074993133544922,0.6526012420654297,0.0,54.0,ok
ZTF25acgdelc,,,,,,,,,empty
ZTF21aavodst,0.9708780309179686,,,16.57229995727539,,,0.0,2.0,ok
ZTF22abpyder,1.482236928636979,20.542499542236328,20.023799896240234,,0.5186996459960938,,,3.0,ok
ZTF21aazvrjy,,,,,,,,,empty
ZTF21abcpazz,,,,,,,,,empty
ZTF21aaaawur,,,,,,,,,empty
ZTF20acwtqim,,,,,,,,,empty
ZTF24aawvybe,,,,,,,,,empty
ZTF21aaxjvyl,,,,,,,,,empty
ZTF18acnbgpw,0.7011993909131505,20.302600860595703,20.000499725341797,19.726699829101562,0.30210113525390625,0.2737998962402344,0.0,73.0,ok
ZTF24aaneoyr,,,,,,,,,empty
ZTF18abmxfrc,1.3606357205753932,20.833200454711914,20.51180076599121,20.166900634765625,0.3213996887207031,0.34490013122558594,0.0,83.0,ok
ZTF19aadnwvc,,,,,,,,,empty
ZTF22aaslyzf,0.6415507420579186,,,21.367799758911133,,,0.0,3.0,ok
ZTF23aaynmrz,0.4451831882945828,17.828399658203125,17.52630043029785,17.076099395751953,0.30209922790527344,0.45020103454589844,0.0,92.0,ok
ZTF22abttbmf,0.962874067011311,17.657699584960938,17.19540023803711,16.95599937438965,0.4622993469238281,0.23940086364746094,0.0,57.0,ok
ZTF25abshxur,0.9162507746003997,18.535900115966797,17.851299285888672,17.130199432373047,0.684600830078125,0.721099853515625,0.0,87.0,ok
ZTF24abbtmqs,,,,,,,,,empty
ZTF20actskcf,,,,,,,,,empty
ZTF20aazcnrv,,,,,,,,,empty
ZTF23aayngri,,,,,,,,,empty
ZTF24aaosgwr,,,,,,,,,empty
ZTF21aaxgowh,0.10331894233691108,21.793699264526367,21.311100006103516,20.979999542236328,0.48259925842285156,0.3311004638671875,0.0,34.0,ok
ZTF23aamsekn,,,,,,,,,empty
ZTF23aalsied,1.2739186079190914,,,,,,,2.0,ok
ZTF20acotwur,0.13532547772902792,18.202899932861328,17.50160026550293,17.028200149536133,0.7012996673583984,0.4734001159667969,0.0,64.0,ok
ZTF23abndank,,,,,,,,,empty
ZTF18acchzkf,,,,,,,,,empty
ZTF21aajdbhw,,,,,,,,,empty
ZTF22abqfekp,,,,,,,,,empty
ZTF18abfwuwn,,,,,,,,,empty
ZTF22abjvyib,,,,,,,,,empty
ZTF25acbxwck,,,,,,,,,empty
ZTF18abfzhct,0.09144093466315376,20.88360023498535,21.26930046081543,21.26849937438965,-0.3857002258300781,0.00080108642578125,0.0,5.0,ok
ZTF23abhvkby,,,,,,,,,empty
ZTF23aawyvgl,,,,,,,,,empty
ZTF25acelzgr,0.20862492821432913,20.87619972229004,20.627399444580078,20.305099487304688,0.24880027770996094,0.3222999572753906,0.0,54.0,ok
ZTF19acewotx,,,,,,,,,empty
ZTF19aaticbv,0.18694883088350228,21.351999282836914,21.14080047607422,20.833599090576172,0.2111988067626953,0.3072013854980469,1.0,24.0,ok
ZTF23aafvqat,0.5094694978508815,20.015499114990234,19.927900314331055,19.680700302124023,0.08759880065917969,0.24720001220703125,0.0,74.0,ok
ZTF24abzable,,,,,,,,,empty
ZTF18abmxahs,,,,,,,,,empty
ZTF19abxvtiy,0.36305885353186124,20.23430061340332,20.00909996032715,,0.22520065307617188,,,3.0,ok
ZTF19abiahko,,,,,,,,,empty
ZTF24abnsgpy,0.5655069375388377,21.876699447631836,21.472900390625,21.18199920654297,0.40379905700683594,0.29090118408203125,0.0,32.0,ok
ZTF24aalsuwb,,,,,,,,,empty
ZTF19aavsyhq,,,,,,,,,empty
ZTF17aacldgo,0.6856038063375658,18.71940040588379,18.112199783325195,17.779300689697266,0.6072006225585938,0.3328990936279297,0.0,66.0,ok
ZTF18acrxpxd,0.6382596528715916,21.0762996673584,21.024900436401367,20.684099197387695,0.05139923095703125,0.3408012390136719,0.0,49.0,ok
ZTF20accxzmn,,,,,,,,,empty
ZTF20aanahbq,,,,,,,,,empty
ZTF24aaleeji,,,,,,,,,empty
ZTF24aauekes,,,,,,,,,empty
ZTF20acrxrfv,,,,,,,,,empty
ZTF18achcpwu,,,,,,,,,empty
ZTF25aardatq,,,,,,,,,empty
ZTF19adbsfpf,,,,,,,,,empty
ZTF20abcwuwg,1.2083728318651148,19.449899673461914,18.479799270629883,18.116199493408203,0.9701004028320312,0.3635997772216797,0.0,80.0,ok
ZTF19actfqhp,,,,,,,,,empty
ZTF20acnigox,,,,,,,,,empty
ZTF21abqmrun,,,,,,,,,empty
ZTF21acnfoqn,,,,,,,,,empty
ZTF21aahjlqc,0.005743626072365706,21.544300079345703,21.311199188232422,20.876100540161133,0.23310089111328125,0.43509864807128906,1.0,57.0,ok
ZTF21aallfyn,1.2441649136577928,18.394899368286133,17.914400100708008,17.609899520874023,0.480499267578125,0.3045005798339844,0.0,58.0,ok
ZTF20aclgnds,0.9347829350382444,,20.06730079650879,,,,,2.0,ok
ZTF21aciuriu,1.4852539972306444,,,,,,,2.0,ok
ZTF24abstuin,,,,,,,,,empty
ZTF22abiupzw,,,,,,,,,empty
ZTF24aazqcuz,,,,,,,,,empty
ZTF21abcfgub,,,,,,,,,empty
ZTF18abxucht,,,,,,,,,empty
ZTF20aavrkxw,,,,,,,,,empty
ZTF24aaqajjb,0.6863667886296716,20.717500686645508,20.347400665283203,,0.3701000213623047,,,2.0,ok
ZTF24abrchsb,0.9810714417538007,20.975000381469727,20.637399673461914,20.443700790405273,0.3376007080078125,0.19369888305664062,0.0,67.0,ok
ZTF19aawfbtg,,,,,,,,,empty
ZTF24abaczqu,0.6371215287342156,19.548900604248047,18.757400512695312,18.309799194335938,0.7915000915527344,0.447601318359375,0.0,67.0,ok
ZTF19acyogrm,,,,,,,,,empty
ZTF22aajsdkt,,,,,,,,,empty
ZTF23abokzba,,,,,,,,,empty
ZTF20aajvcwd,0.3980124139151358,17.992599487304688,17.170400619506836,17.0310001373291,0.8221988677978516,0.13940048217773438,0.0,68.0,ok
ZTF23aaxzhor,,,,,,,,,empty
ZTF25abdpshz,,,,,,,,,empty
ZTF25aaizyki,,,,,,,,,empty
ZTF19abheamc,1.4979340894512827,,20.313499450683594,19.80459976196289,,0.5088996887207031,,3.0,ok
ZTF25aalpjxp,,,,,,,,,empty
ZTF20abxfiev,,,,,,,,,empty
ZTF24aalbkdo,,,,,,,,,empty
ZTF18acslpba,,,,,,,,,empty
ZTF22abdlohy,,,,,,,,,empty
ZTF22aaowkts,,,,,,,,,empty
ZTF22abqkzuq,,,,,,,,,empty
ZTF24absmmua,,,,,,,,,empty
ZTF21acjalue,,,,,,,,,empty
ZTF24abpvane,,,,,,,,,empty
ZTF24abkbany,0.8424081489491896,20.243099212646484,20.340599060058594,,-0.09749984741210938,,,3.0,ok
ZTF19aaxhzol,0.4772457815630748,16.448299407958984,15.98169994354248,15.933699607849121,0.4665994644165039,0.048000335693359375,0.0,82.0,ok
ZTF20abpuyau,0.29976574633414615,21.686899185180664,20.98579978942871,20.568599700927734,0.7010993957519531,0.41720008850097656,0.0,31.0,ok
ZTF22abbozja,,,,,,,,,empty
ZTF20acvagdq,,,,,,,,,empty
ZTF22abswzyp,1.3747086141218112,21.754899978637695,21.94529914855957,,-0.190399169921875,,,8.0,ok
ZTF23abtcveg,,,,,,,,,empty
ZTF19aazgpar,,,,,,,,,empty
ZTF25abphhyk,,,,,,,,,empty
ZTF21aapejbx,,,,,,,,,empty
ZTF21abqgbau,1.4412403026671452,21.003000259399414,18.71500015258789,17.222000122070312,2.2880001068115234,1.4930000305175781,,16.0,ok
ZTF24abqwuyx,,,,,,,,,empty
ZTF21aaplnxw,0.60264899771777,20.927000045776367,,21.302200317382812,,,0.0,2.0,ok
ZTF22aaaepck,0.6412136886214137,,20.71969985961914,,,,,2.0,ok
ZTF25aaisnsy,,,,,,,,,empty
ZTF24aaqaroi,,,,,,,,,empty
ZTF24aaeecuf,1.2977335491763435,21.569700241088867,,20.739700317382812,,,0.0,3.0,ok
ZTF24abdumvs,0.5032297697613413,19.707300186157227,19.228200912475586,19.122699737548828,0.4790992736816406,0.10550117492675781,0.0,52.0,ok
ZTF19abvjcii,0.7867751490947695,17.90250015258789,16.921499252319336,16.561899185180664,0.9810009002685547,0.3596000671386719,0.0,72.0,ok
ZTF20acuoxrx,,,,,,,,,empty
ZTF22abszapf,,,,,,,,,empty
ZTF19aaksrlb,,,,,,,,,empty
ZTF20acberfr,,,,,,,,,empty
ZTF25aasaydc,,,,,,,,,empty
ZTF24aagtgln,,,,,,,,,empty
ZTF24aamyrwl,,,,,,,,,empty
ZTF19aaulzvc,,,,,,,,,empty
ZTF23abhxvly,1.2563370406863845,21.022199630737305,20.69230079650879,,0.3298988342285156,,,3.0,ok
ZTF23aaccacy,,,,,,,,,empty
ZTF18abcflnz,,,,,,,,,empty
ZTF22aadewot,,,,,,,,,empty
ZTF20acyzsol,,,,,,,,,empty
ZTF23aaalvut,,,,,,,,,empty
ZTF20aciowcm,1.272587138446149,19.98270034790039,19.81439971923828,19.29010009765625,0.16830062866210938,0.5242996215820312,0.0,58.0,ok
ZTF22aajezaq,,,,,,,,,empty
ZTF24abifpxn,0.1595209258954079,20.226299285888672,19.923999786376953,19.744199752807617,0.30229949951171875,0.17980003356933594,0.0,53.0,ok
ZTF23aawyhqa,,,,,,,,,empty
ZTF20actlvpy,0.4839596537744554,19.711599349975586,,,,,,3.0,ok
ZTF19aapzbjr,,,,,,,,,empty
ZTF20aavpnqt,1.4057493832997932,22.141599655151367,,21.660900115966797,,,0.0,2.0,ok
ZTF20abjrror,1.341707228861659,18.68400001525879,17.798999786376953,17.47960090637207,0.8850002288818359,0.3193988800048828,0.0,66.0,ok
ZTF24absdolw,0.1053730621948384,18.83880043029785,19.014699935913086,19.072099685668945,-0.17589950561523438,-0.057399749755859375,0.0,74.0,ok
ZTF25acgztnh,,,,,,,,,empty
ZTF25acgatak,,,,,,,,,empty
ZTF25aaahknq,,,,,,,,,empty
ZTF21abbxtwv,,,,,,,,,empty
ZTF22aaajazi,,,,,,,,,empty
ZTF25aacerkv,,,,,,,,,empty
ZTF21abwqopp,0.2573172555364807,,20.132299423217773,18.886699676513672,,1.2455997467041016,0.0,5.0,ok
ZTF23aavxvsz,,,,,,,,,empty
ZTF20aanadof,,,,,,,,,empty
ZTF20acitojm,,,,,,,,,empty
ZTF19aatesgp,,,,,,,,,empty
ZTF24aazloim,0.7171145218426562,,,,,,,2.0,ok
ZTF25aagbdyg,0.4864450692553939,21.549100875854492,21.20400047302246,20.989700317382812,0.34510040283203125,0.21430015563964844,0.0,44.0,ok
ZTF25abqiaaj,,,,,,,,,empty
ZTF19abxekxi,,,,,,,,,empty
ZTF18absclsr,,,,,,,,,empty
ZTF25aavivut,0.2962632686388575,19.151500701904297,18.565900802612305,18.709299087524414,0.5855998992919922,-0.14339828491210938,0.0,84.0,ok
ZTF18aazcoob,,,,,,,,,empty
ZTF20acdqjeq,,,,,,,,,empty
ZTF24abuvlqg,0.3122631625639094,20.8125,20.497699737548828,20.343299865722656,0.3148002624511719,0.15439987182617188,0.0,54.0,ok
ZTF20aclzegl,,,,,,,,,empty
ZTF22abvuybj,,,,,,,,,empty
ZTF21aapecxb,1.4160206371009412,20.131500244140625,19.802799224853516,19.39080047607422,0.3287010192871094,0.4119987487792969,0.0,55.0,ok
ZTF22aalzeui,0.7348666327370537,,20.06879997253418,,,,,4.0,ok
ZTF22abgbbal,,,,,,,,,empty
ZTF19acrichx,,,,,,,,,empty
ZTF21abplhpw,,,,,,,,,empty
ZTF19acjtpqd,0.11808331391353323,19.10740089416504,19.242399215698242,18.855899810791016,-0.13499832153320312,0.38649940490722656,0.0,63.0,ok
ZTF18abquxjv,0.4482129185105645,17.64080047607422,16.835899353027344,16.690799713134766,0.804901123046875,0.14509963989257812,0.0,73.0,ok
ZTF19abuzinv,,,,,,,,,empty
ZTF19abdqhzt,,,,,,,,,empty
ZTF20aatpwaf,0.3568083133561048,21.499300003051758,21.424800872802734,21.712600708007812,0.07449913024902344,-0.2877998352050781,0.0,4.0,ok
ZTF18aayivxm,,,,,,,,,empty
ZTF20abpwtmi,,,,,,,,,empty
ZTF21abdonkp,,,,,,,,,empty
ZTF24aahgkxm,0.312343392467818,20.578899383544922,20.655399322509766,20.953899383544922,-0.07649993896484375,-0.29850006103515625,0.0,44.0,ok
ZTF20acoawtj,,,,,,,,,empty
ZTF23abgncdh,,,,,,,,,empty
ZTF19ackzvdp,,,,,,,,,empty
ZTF21acjglei,,,,,,,,,empty
ZTF19ablwwox,,,,,,,,,empty
ZTF24abyaowk,,,,,,,,,empty
ZTF24abyhkxw,,,,,,,,,empty
ZTF23abaxkvy,0.043789565967204555,20.257600784301758,19.830699920654297,19.26729965209961,0.42690086364746094,0.5634002685546875,0.0,85.0,ok
ZTF19abggnnp,,,,,,,,,empty
ZTF22ablcjkn,0.09192173919120103,22.242399215698242,22.01650047302246,,0.22589874267578125,,,7.0,ok
ZTF23aasfkpz,1.2688901881924983,,,18.760099411010742,,,,2.0,ok
ZTF20abgakbv,,,,,,,,,empty
ZTF21abtxnir,1.0888816149776537,,,20.480300903320312,,,,2.0,ok
ZTF25aabsnwc,0.664485351883367,,21.722299575805664,20.665800094604492,,1.0564994812011719,0.0,2.0,ok
ZTF24abttoau,,,,,,,,,empty
ZTF24absshbg,0.668819142126236,19.759000778198242,19.067800521850586,18.98390007019043,0.6912002563476562,0.08390045166015625,0.0,71.0,ok
ZTF20actkmks,,,,,,,,,empty
ZTF22aaaedas,0.10645526841996382,21.178499221801758,20.488800048828125,20.127199172973633,0.6896991729736328,0.3616008758544922,0.0,62.0,ok
ZTF24aakykbz,,,,,,,,,empty
ZTF19abakjao,0.11220991875973448,,,,,,,2.0,ok
ZTF23aaavsyk,1.0909566525141776,21.823400497436523,21.568700790405273,20.90570068359375,0.25469970703125,0.6630001068115234,0.0,25.0,ok
ZTF20acjbhhp,,,,,,,,,empty
ZTF20abazgfi,,,,,,,,,empty
ZTF20aafckit,,,,,,,,,empty
ZTF22aagetzx,,,,,,,,,empty
ZTF20abekbzp,,,,,,,,,empty
ZTF19acoaoty,0.957111785094225,18.82740020751953,18.853300094604492,18.843599319458008,-0.025899887084960938,0.009700775146484375,0.0,66.0,ok
ZTF23aaaahuy,1.4209905840213093,,,18.353500366210938,,,0.0,2.0,ok
ZTF23aamqycj,1.10355863493387,,,22.705799102783203,,,,2.0,ok
ZTF23absjgxb,0.13913654565607295,18.941699981689453,18.672000885009766,18.86590003967285,0.2696990966796875,-0.19389915466308594,0.0,46.0,ok
ZTF24abxyblh,1.206833289349363,21.44219970703125,21.220300674438477,21.102399826049805,0.22189903259277344,0.11790084838867188,0.0,43.0,ok
ZTF22aalvmic,0.45537306898587837,19.66550064086914,19.529600143432617,18.890100479125977,0.13590049743652344,0.6394996643066406,0.0,81.0,ok
ZTF19acsvqrx,0.45751563080627283,,21.95870018005371,,,,,2.0,ok
ZTF23abqbjjb,,,,,,,,,empty
ZTF19acmwszk,0.8721536513501904,20.12179946899414,19.309200286865234,18.56329917907715,0.8125991821289062,0.7459011077880859,0.0,48.0,ok
ZTF20aammicx,1.2595311025205531,17.513599395751953,16.98069953918457,16.531299591064453,0.5328998565673828,0.4493999481201172,0.0,102.0,ok
ZTF19acchtyp,,,,,,,,,empty
ZTF18abmasep,0.17393450343748737,21.934099197387695,21.70509910583496,21.676599502563477,0.22900009155273438,0.028499603271484375,0.0,12.0,ok
ZTF21aaqujke,,,,,,,,,empty
ZTF18achfdlr,0.06010028360263005,19.30900001525879,17.488300323486328,21.203500747680664,1.820699691772461,-3.715200424194336,1.0,15.0,ok
ZTF21abxdact,0.8109420396543697,20.645000457763672,,20.91659927368164,,,,3.0,ok
ZTF21aapliyn,,,,,,,,,empty
ZTF20acgmqgv,,,,,,,,,empty
ZTF24abnrdua,,,,,,,,,empty
ZTF24abbenwl,,,,,,,,,empty
ZTF25aaqyygm,0.5230807502656708,,,18.971799850463867,,,1.0,4.0,ok
ZTF21abepqyt,1.4380266264182762,19.083200454711914,18.43630027770996,18.259199142456055,0.6469001770019531,0.17710113525390625,0.0,60.0,ok
ZTF21aaomuka,,,,,,,,,empty
ZTF21abbvkpr,,,,,,,,,empty
ZTF25aaqgorp,0.738753741049741,19.274799346923828,19.107900619506836,19.21139907836914,0.1668987274169922,-0.10349845886230469,0.0,82.0,ok
ZTF20acjhhqx,,,,,,,,,empty
ZTF23abbcdlp,,,,,,,,,empty
ZTF19aawtqdv,,,,,,,,,empty
ZTF23abijnsm,,,,,,,,,empty
ZTF22abnperq,1.2128741401134941,19.162399291992188,,18.58880043029785,,,,3.0,ok
ZTF25aaoxequ,,,,,,,,,empty
ZTF20abxzwuc,,,,,,,,,empty
ZTF25aaxjzpf,0.33537832602959117,21.322099685668945,21.180099487304688,20.844900131225586,0.1420001983642578,0.33519935607910156,0.0,64.0,ok
ZTF22aaldrem,1.4513331010510353,18.704500198364258,18.083099365234375,17.809099197387695,0.6214008331298828,0.2740001678466797,0.0,58.0,ok
ZTF19aayckwk,,,,,,,,,empty
ZTF21acoshvy,,,,,,,,,empty
ZTF24aaooxcd,,,,,,,,,empty
ZTF21aaocrlm,0.3954654494062198,18.656299591064453,18.521499633789062,18.431800842285156,0.13479995727539062,0.08969879150390625,0.0,40.0,ok
ZTF24aaaewiv,0.1791231750809775,19.459999084472656,18.650699615478516,18.26569938659668,0.8092994689941406,0.38500022888183594,0.0,82.0,ok
ZTF21aaxwcgj,0.5483189210300595,20.329099655151367,19.76289939880371,19.751300811767578,0.5662002563476562,0.011598587036132812,0.0,62.0,ok
ZTF23aaqqdhs,,,,,,,,,empty
ZTF23aaajcbm,0.8724368514595197,19.610599517822266,19.22130012512207,19.2593994140625,0.3892993927001953,-0.03809928894042969,0.0,78.0,ok
ZTF20actowqe,,,,,,,,,empty
ZTF23aaekebt,,,,,,,,,empty
ZTF25aburdzc,,,,,,,,,empty
ZTF24aauoakx,,,,,,,,,empty
ZTF19aamwhat,0.7729757492291104,18.610700607299805,17.667299270629883,18.086000442504883,0.9434013366699219,-0.418701171875,0.0,60.0,ok
ZTF22acaipkl,,,,,,,,,empty
ZTF20acfvgdp,,,,,,,,,empty
ZTF23aafgazi,,,,,,,,,empty
ZTF24abxxfzd,0.3161435539591991,20.65920066833496,20.372800827026367,20.158300399780273,0.28639984130859375,0.21450042724609375,0.0,63.0,ok
ZTF20actvlbq,1.481259191247511,19.00950050354004,18.770200729370117,18.442899703979492,0.23929977416992188,0.327301025390625,0.0,68.0,ok
ZTF23aahkmbj,0.5200664565608414,20.7637996673584,20.280899047851562,19.93950080871582,0.48290061950683594,0.3413982391357422,0.0,58.0,ok
ZTF19acchaza,0.23205374022083647,20.453500747680664,20.161399841308594,20.07509994506836,0.2921009063720703,0.08629989624023438,0.0,50.0,ok
ZTF21aaqyetj,0.9308872177574381,19.030899047851562,,18.39859962463379,,,0.0,2.0,ok
ZTF21abklcjq,,,,,,,,,empty
ZTF19acaotrk,1.0493926753687939,18.821199417114258,18.499300003051758,17.97439956665039,0.3218994140625,0.5249004364013672,0.0,70.0,ok
ZTF21abgdngg,0.7762924714559133,21.839599609375,,21.8257999420166,,,0.0,2.0,ok
ZTF18abrqfjs,,,,,,,,,empty
ZTF20aavhyel,0.6070556376124974,19.051599502563477,19.19420051574707,18.7549991607666,-0.14260101318359375,0.43920135498046875,0.0,66.0,ok
ZTF22aayjzmc,0.946055924898408,19.589599609375,18.847200393676758,18.423999786376953,0.7423992156982422,0.4232006072998047,0.0,71.0,ok
ZTF25absffwy,,,,,,,,,empty
ZTF20acppsay,0.5707261882290594,20.125,20.071399688720703,19.81450080871582,0.053600311279296875,0.2568988800048828,0.0,68.0,ok
ZTF19aauoiow,,,,,,,,,empty
ZTF18aaszvfn,,,,,,,,,empty
ZTF23abqygjv,,,,,,,,,empty
ZTF22aawzgcx,,,,,,,,,empty
ZTF25aakeqyr,,,,,,,,,empty
ZTF21abhuqpe,,,,,,,,,empty
ZTF25aajqkdo,1.140851036747599,17.513099670410156,17.29210090637207,16.708999633789062,0.22099876403808594,0.5831012725830078,0.0,85.0,ok
ZTF18acbxsge,1.205732692567051,,,19.73710060119629,,,0.0,2.0,ok
ZTF19aclkbqc,1.3659036800614077,19.023000717163086,18.29960060119629,17.692800521850586,0.7234001159667969,0.6068000793457031,0.0,97.0,ok
ZTF25abqixdv,,,,,,,,,empty
ZTF21aalgszc,,,,,,,,,empty
ZTF20abgwffm,,,,,,,,,empty
ZTF20abdajyr,0.3388740835851614,,,,,,,2.0,ok
ZTF24aaprkyz,0.7974494425018169,,,19.706499099731445,,,0.0,4.0,ok
ZTF19aamgghn,,,,,,,,,empty
ZTF23aaeogik,,,,,,,,,empty
ZTF19abhduuo,,,,,,,,,empty
ZTF21acafsqe,,,,,,,,,empty
ZTF21acgnagk,0.01329637372990099,18.702499389648438,17.918100357055664,17.553199768066406,0.7843990325927734,0.3649005889892578,0.0,46.0,ok
ZTF20abtkjfw,,,,,,,,,empty
ZTF19aacgslb,,,,,,,,,empty
ZTF20aausahr,,,,,,,,,empty
ZTF23aaxuvkn,0.11180177590432012,18.678199768066406,18.508100509643555,18.1471004486084,0.17009925842285156,0.36100006103515625,0.0,42.0,ok
ZTF19aaqtsky,0.07445583451645037,18.24090003967285,17.260000228881836,16.36359977722168,0.9808998107910156,0.8964004516601562,0.0,70.0,ok
ZTF21aamgrxm,1.0611072228684024,19.54520034790039,18.63960075378418,18.56999969482422,0.9055995941162109,0.06960105895996094,0.0,103.0,ok
ZTF24aagpxan,,,,,,,,,empty
ZTF21acoqncy,,,,,,,,,empty
ZTF18aczqzrj,1.4305801431963943,19.93560028076172,,20.60409927368164,,,,3.0,ok
ZTF19acfrhnq,,,,,,,,,empty
ZTF20acpwjus,0.9266823646348172,18.894100189208984,18.240100860595703,17.778400421142578,0.6539993286132812,0.461700439453125,0.0,78.0,ok
ZTF22abxomzd,1.3032695505290621,18.53499984741211,18.885299682617188,18.672100067138672,-0.3502998352050781,0.21319961547851562,,38.0,ok
ZTF22abqseiq,,,,,,,,,empty
ZTF21aapomdb,0.33372857121019917,21.438499450683594,21.448200225830078,21.02199935913086,-0.009700775146484375,0.42620086669921875,0.0,55.0,ok
ZTF23abjfuhi,,,,,,,,,empty
ZTF21aaqgmjt,,,,,,,,,empty
ZTF19acblhxc,,,,,,,,,empty
ZTF25aaakjsi,0.4887966870214942,18.59160041809082,18.30419921875,18.42449951171875,0.2874011993408203,-0.12030029296875,0.0,71.0,ok
ZTF24aavpxsr,0.16811212440631706,,19.49959945678711,,,,,4.0,ok
ZTF22abbmgne,,,,,,,,,empty
ZTF18acbwasl,,,,,,,,,empty
ZTF20aawihxz,0.4735891611733217,22.028499603271484,21.583499908447266,,0.44499969482421875,,,4.0,ok
ZTF19abotfag,,,,,,,,,empty
ZTF19abjioie,0.051235416724967515,19.91160011291504,19.412799835205078,19.183300018310547,0.49880027770996094,0.22949981689453125,0.0,97.0,ok
ZTF24abgocjp,,,,,,,,,empty
ZTF20accoccp,,,,,,,,,empty
ZTF23aaahuzf,,,,,,,,,empty
ZTF20abpyplw,1.4728363761357846,,,,,,,3.0,ok
ZTF25abbpjct,1.1187138310926963,21.149999618530273,20.99650001525879,,0.15349960327148438,,,3.0,ok
ZTF24abrezqh,0.29512430570289,18.38409996032715,17.747800827026367,17.048200607299805,0.6362991333007812,0.6996002197265625,0.0,75.0,ok
ZTF25acelgwl,,,,,,,,,empty
ZTF19acyksfd,0.6181520790634839,19.964099884033203,19.511999130249023,18.973800659179688,0.4521007537841797,0.5381984710693359,0.0,80.0,ok
ZTF22aadnjsh,,,,,,,,,empty
ZTF24aaigbbv,,,,,,,,,empty
ZTF22aaecdin,,,,,,,,,empty
ZTF25abijxtr,,,,,,,,,empty
ZTF19abcttsc,,,,,,,,,empty
ZTF24aarnmsp,,,,,,,,,empty
ZTF18acvguyi,,,,,,,,,empty
ZTF22abtcphd,0.1812677938908813,18.806499481201172,18.383399963378906,18.243900299072266,0.4230995178222656,0.13949966430664062,0.0,78.0,ok
ZTF19aawsday,0.35843296877146597,17.888900756835938,17.93779945373535,18.06399917602539,-0.04889869689941406,-0.12619972229003906,0.0,71.0,ok
ZTF19aatgsdl,0.8158519856821675,,21.015600204467773,,,,,2.0,ok
ZTF25aaqhnsd,,,,,,,,,empty
ZTF22abxltfq,,,,,,,,,empty
ZTF19abgpgyp,0.04891211505246466,20.554500579833984,20.11829948425293,19.82040023803711,0.4362010955810547,0.2978992462158203,0.0,60.0,ok
ZTF23aaiyuae,,,,,,,,,empty
ZTF20aayprqz,0.8099815799577875,,21.543800354003906,18.165300369262695,,3.378499984741211,1.0,2.0,ok
ZTF21abmdhes,,,,,,,,,empty
ZTF22aaaikzg,,,,,,,,,empty
ZTF23abkhwgb,0.2558476879863124,,,19.660600662231445,,,0.0,5.0,ok
ZTF18abebzog,,,,,,,,,empty
ZTF24aajxpmq,0.7156392931935492,19.99049949645996,19.399799346923828,18.718000411987305,0.5907001495361328,0.6817989349365234,0.0,78.0,ok
ZTF20abwktfx,,,,,,,,,empty
ZTF24abuvnmi,,,,,,,,,empty
ZTF25aavcbih,,,,,,,,,empty
ZTF21aafhftg,1.1377783605448994,,19.824100494384766,,,,,2.0,ok
ZTF25aafdwph,,,,,,,,,empty
ZTF20aczgmai,,,,,,,,,empty
ZTF24abagndi,0.5653630683955352,20.96299934387207,20.527599334716797,20.169200897216797,0.43540000915527344,0.3583984375,0.0,90.0,ok
ZTF24abtnery,,,,,,,,,empty
ZTF23abnbgfb,1.1479452456097576,,,20.4064998626709,,,,2.0,ok
ZTF24abrfiya,0.9085925505675586,21.66699981689453,21.621599197387695,21.75670051574707,0.04540061950683594,-0.135101318359375,0.0,25.0,ok
ZTF22aawptbl,,,,,,,,,empty
ZTF20abhmnom,0.5833021433609982,21.040599822998047,20.727399826049805,20.424299240112305,0.3131999969482422,0.3031005859375,0.0,50.0,ok
ZTF18abqdadp,,,,,,,,,empty
ZTF22aauhism,,,,,,,,,empty
ZTF20acqoxod,0.07795186352716094,,21.819799423217773,21.764699935913086,,0.0550994873046875,,5.0,ok
ZTF21aagolae,,,,,,,,,empty
ZTF23aasocjj,,,,,,,,,empty
ZTF19abecaca,,,,,,,,,empty
ZTF25aagevje,0.11550467172223353,19.936800003051758,19.179000854492188,18.85540008544922,0.7577991485595703,0.32360076904296875,0.0,59.0,ok
ZTF24aaowjlw,,,,,,,,,empty
ZTF23aaarwea,1.209843620975176,,21.054100036621094,,,,,3.0,ok
ZTF20aamsjws,,,,,,,,,empty
ZTF19abdqaao,0.6048224121099876,19.624799728393555,18.792699813842773,18.287599563598633,0.8320999145507812,0.5051002502441406,0.0,56.0,ok
ZTF18abxoqkd,0.9813237041874823,19.070999145507812,18.40489959716797,18.24519920349121,0.6660995483398438,0.1597003936767578,0.0,67.0,ok
ZTF22aaaxiru,,,,,,,,,empty
ZTF24abnmxnl,,,,,,,,,empty
ZTF25aajiutj,1.2141161865582912,19.99650001525879,19.828800201416016,19.76110076904297,0.16769981384277344,0.06769943237304688,0.0,62.0,ok
ZTF20acpeldz,0.4914699743166512,18.80340003967285,17.58639907836914,16.993999481201172,1.217000961303711,0.5923995971679688,0.0,65.0,ok
ZTF24abhstjv,,,,,,,,,empty
ZTF22abhsxkn,,,,,,,,,empty
ZTF18acmzpbf,0.4107039878402574,20.31410026550293,20.397199630737305,20.253999710083008,-0.083099365234375,0.14319992065429688,0.0,57.0,ok
ZTF25aafjphe,,,,,,,,,empty
ZTF20acbovrt,,,,,,,,,empty
ZTF20acnviyk,1.294126569883556,19.945199966430664,19.814599990844727,19.40530014038086,0.1305999755859375,0.4092998504638672,0.0,64.0,ok
ZTF19acyqwlm,0.26677302084280763,18.875,18.203800201416016,17.913000106811523,0.6711997985839844,0.2908000946044922,0.0,94.0,ok
ZTF18aarwxum,0.2409704466483883,,20.150400161743164,,,,,2.0,ok
ZTF21aaaosoq,,,,,,,,,empty
ZTF20aabqdbo,,,,,,,,,empty
ZTF24aaiiwby,,,,,,,,,empty
ZTF21abkaoxe,,,,,,,,,empty
ZTF24abltcrf,,,,,,,,,empty
ZTF20actpuan,,,,,,,,,empty
ZTF23aaiuzpc,,,,,,,,,empty
ZTF23aaweqva,0.2111021536606228,19.63050079345703,18.942100524902344,18.577899932861328,0.6884002685546875,0.3642005920410156,0.0,68.0,ok
ZTF22aaacnbw,,,,,,,,,empty
ZTF20acqzpta,0.564292401245132,18.888200759887695,18.118999481201172,17.535600662231445,0.7692012786865234,0.5833988189697266,0.0,45.0,ok
ZTF21aaflcai,0.5616201479113977,19.00160026550293,18.488300323486328,18.18549919128418,0.5132999420166016,0.30280113220214844,0.0,64.0,ok
ZTF23aadjoew,0.3539628918961221,18.118000030517578,18.038299560546875,17.727800369262695,0.07970046997070312,0.3104991912841797,0.0,72.0,ok
ZTF22abxlqvc,,,,,,,,,empty
ZTF18abujubn,0.2150883233302872,17.14240074157715,17.384199142456055,17.656400680541992,-0.24179840087890625,-0.2722015380859375,0.0,84.0,ok
ZTF25abecvml,0.1369646014494756,21.384300231933594,21.101900100708008,21.007099151611328,0.28240013122558594,0.09480094909667969,0.0,57.0,ok
ZTF25aajesph,,,,,,,,,empty
ZTF23abvnmam,0.36482278270012924,19.62019920349121,19.48509979248047,19.4773006439209,0.1350994110107422,0.0077991485595703125,0.0,66.0,ok
ZTF23aazpvbm,,,,,,,,,empty
ZTF20acpvbbh,0.3518114681296979,,21.766000747680664,21.480300903320312,,0.28569984436035156,1.0,3.0,ok
ZTF22abswuyy,1.3056162570996532,,19.12779998779297,,,,,2.0,ok
ZTF25aanxipy,0.05486496361734209,21.808500289916992,21.32509994506836,20.906999588012695,0.4834003448486328,0.41810035705566406,0.0,11.0,ok
ZTF25aaacrjj,,,,,,,,,empty
ZTF23aaldwgw,0.7288065295978845,21.735700607299805,,21.465099334716797,,,0.0,2.0,ok
ZTF24aaiehiv,,,,,,,,,empty
ZTF21abjdiok,1.3545310063196174,19.34910011291504,19.205900192260742,18.813800811767578,0.14319992065429688,0.39209938049316406,0.0,76.0,ok
ZTF18acrtykk,0.16893757720386843,19.05459976196289,18.460100173950195,17.961200714111328,0.5944995880126953,0.4988994598388672,0.0,66.0,ok
ZTF19abhhocz,,,,,,,,,empty
ZTF20abvowvw,0.7101839059117093,21.46769905090332,20.98900032043457,20.851999282836914,0.47869873046875,0.13700103759765625,0.0,46.0,ok
ZTF25aafifce,,,,,,,,,empty
ZTF24aaekmks,,,,,,,,,empty
ZTF22aagzmcz,,,,,,,,,empty
ZTF23aaxtmrr,,,,,,,,,empty
ZTF25aabrowo,,,,,,,,,empty
ZTF21aadezmh,0.5011470447556843,19.597700119018555,,,,,,3.0,ok
ZTF24abqfgcu,,,,,,,,,empty
ZTF21aazyjlz,,,,,,,,,empty
ZTF24aaxmacd,,,,,,,,,empty
ZTF19acbvujw,,,,,,,,,empty
ZTF18abrxrms,,,,,,,,,empty
ZTF20abobpcb,0.20376909627669318,22.172700881958008,21.908100128173828,21.38170051574707,0.2646007537841797,0.5263996124267578,,7.0,ok
ZTF19ablovot,0.08361369740485695,19.1210994720459,18.181299209594727,17.760099411010742,0.9398002624511719,0.4211997985839844,0.0,67.0,ok
ZTF21aaaekuh,,,,,,,,,empty
ZTF24abltxth,0.8374870379845587,18.712200164794922,18.37350082397461,17.976600646972656,0.3386993408203125,0.3969001770019531,0.0,64.0,ok
ZTF23aavxosl,1.236895836173217,19.371000289916992,18.76799964904785,18.58639907836914,0.6030006408691406,0.18160057067871094,0.0,96.0,ok
ZTF25abxqnqr,,,,,,,,,empty
ZTF19aadnxbh,,,,,,,,,empty
ZTF21abpamxn,1.2886399302924696,18.751300811767578,17.80389976501465,17.46579933166504,0.9474010467529297,0.3381004333496094,0.0,66.0,ok
ZTF19acfvzmr,,,,,,,,,empty
ZTF25aawngni,0.4284218746566764,19.94499969482422,19.903099060058594,19.747499465942383,0.041900634765625,0.15559959411621094,0.0,27.0,ok
ZTF19acbpzir,,,,,,,,,empty
ZTF21abybnni,0.5270379543751694,19.17289924621582,18.382999420166016,18.15049934387207,0.7898998260498047,0.2325000762939453,0.0,100.0,ok
ZTF18abuykiu,,,,,,,,,empty
ZTF18aahrzkb,,,,,,,,,empty
ZTF18abkjnqy,,,,,,,,,empty
ZTF18acgphfu,0.16264697919161467,16.13800048828125,15.933600425720215,15.535799980163574,0.20440006256103516,0.3978004455566406,0.0,75.0,ok
ZTF19aczeomw,,,,,,,,,empty
ZTF20acogesf,1.1076235205778906,20.34980010986328,20.092599868774414,19.900100708007812,0.2572002410888672,0.19249916076660156,0.0,61.0,ok
ZTF22aaaiykj,,,,,,,,,empty
ZTF21abtxxdq,,,,,,,,,empty
ZTF18acpscso,,,,,,,,,empty
ZTF20abkacis,,,,,,,,,empty
ZTF18acwyowc,,,,,,,,,empty
ZTF24abrmdti,,,,,,,,,empty
ZTF24aabvugo,0.7670361345172748,20.864500045776367,20.511699676513672,20.66119956970215,0.3528003692626953,-0.14949989318847656,0.0,51.0,ok
ZTF19acokufi,,,,,,,,,empty
ZTF19abctnpk,0.4062085163442928,19.53459930419922,18.972999572753906,18.750900268554688,0.5615997314453125,0.22209930419921875,0.0,69.0,ok
ZTF18aamigmk,,,,,,,,,empty
ZTF23aaghvkj,,,,,,,,,empty
ZTF23abegkob,,,,,,,,,empty
ZTF19aaneugz,0.34871657877595896,17.921899795532227,17.097400665283203,16.825899124145508,0.8244991302490234,0.2715015411376953,0.0,64.0,ok
ZTF23aamsbpu,0.3095730720299503,,19.38960075378418,,,,,2.0,ok
ZTF23aamzuca,,,,,,,,,empty
ZTF21abiacoi,,,,,,,,,empty
ZTF24aawklme,,,,,,,,,empty
ZTF20acplqek,,,,,,,,,empty
ZTF24abhpyvf,,,,,,,,,empty
ZTF19abztknu,1.1214548316415924,19.57710075378418,19.412500381469727,18.974700927734375,0.16460037231445312,0.43779945373535156,0.0,51.0,ok
ZTF21abhtafw,1.4519101271849262,18.019100189208984,17.5310001373291,17.064699172973633,0.4881000518798828,0.46630096435546875,0.0,85.0,ok
ZTF19aaxffum,1.2652405958075634,19.06909942626953,18.760400772094727,18.454700469970703,0.3086986541748047,0.30570030212402344,0.0,81.0,ok
ZTF21aaljjvt,,,,,,,,,empty
ZTF23abbdbsh,,,,,,,,,empty
ZTF22abgvdis,,,,,,,,,empty
ZTF21abskgap,0.3965496969760072,21.193099975585938,20.60059928894043,20.632099151611328,0.5925006866455078,-0.03149986267089844,0.0,48.0,ok
ZTF20acpkpla,1.1809588670552262,18.939199447631836,19.118200302124023,18.442800521850586,-0.1790008544921875,0.6753997802734375,0.0,51.0,ok
ZTF22aalzjdc,,,,,,,,,empty
ZTF23aaftouh,,,,,,,,,empty
ZTF20aaqtebg,,,,,,,,,empty
ZTF19acfthre,,,,,,,,,empty
ZTF23aansrmz,0.8077390199103652,,,18.719600677490234,,,0.0,2.0,ok
ZTF25aboqxdx,0.40551345237510594,19.858400344848633,20.37809944152832,20.26110076904297,-0.5196990966796875,0.11699867248535156,0.0,52.0,ok
ZTF21abistmz,,,,,,,,,empty
ZTF21aabhxxj,,,,,,,,,empty
ZTF23aaltxkt,,,,,,,,,empty
ZTF19abangub,,,,,,,,,empty
ZTF23aavolri,,,,,,,,,empty
ZTF20aahaxjl,1.1409915615572008,18.395200729370117,17.895700454711914,17.605899810791016,0.4995002746582031,0.28980064392089844,0.0,73.0,ok
ZTF25abqamzb,0.7322570269063701,20.30699920654297,19.766300201416016,19.439199447631836,0.5406990051269531,0.3271007537841797,0.0,52.0,ok
ZTF20abeeyrn,,,,,,,,,empty
ZTF22aaiiiho,,,,,,,,,empty
ZTF23aaanxbm,,,,,,,,,empty
ZTF23aawrcrb,,,,,,,,,empty
ZTF20abdxffu,0.17181191961658965,17.740100860595703,17.001699447631836,16.514699935913086,0.7384014129638672,0.48699951171875,0.0,59.0,ok
ZTF20acwdnbw,,,,,,,,,empty
ZTF21aaqdxzv,,,,,,,,,empty
ZTF21aaygqkb,0.3661812291698899,,19.367700576782227,,,,,8.0,ok
ZTF25aanbchm,,,,,,,,,empty
ZTF18absdgon,,,,,,,,,empty
ZTF21abfjgwr,,,,,,,,,empty
ZTF22aalyumh,1.4117768704311346,18.625999450683594,18.000200271606445,17.277599334716797,0.6257991790771484,0.7226009368896484,0.0,65.0,ok
ZTF25acejaxg,,,,,,,,,empty
ZTF21aamuniy,,,,,,,,,empty
ZTF19aavxufb,,,,,,,,,empty
ZTF23absjgzg,0.1443292698621942,18.02589988708496,17.362199783325195,16.883399963378906,0.6637001037597656,0.47879981994628906,0.0,98.0,ok
ZTF25aaasxhh,,,,,,,,,empty
ZTF22abyzmlx,,,,,,,,,empty
ZTF20acoxmsr,0.1359266957180562,19.53569984436035,18.77440071105957,18.35930061340332,0.7612991333007812,0.41510009765625,0.0,68.0,ok
ZTF24aajhotx,,,,,,,,,empty
ZTF22aaafedw,,,,,,,,,empty
ZTF19acctpgd,0.3932819251842519,19.378599166870117,18.795499801635742,18.304500579833984,0.583099365234375,0.4909992218017578,0.0,64.0,ok
ZTF22abmnzfh,1.1339909184157448,,,20.906700134277344,,,0.0,4.0,ok
ZTF19acmelor,,,,,,,,,empty
ZTF20acnvlgg,,,,,,,,,empty
ZTF18aavnxar,0.2899636930130417,18.887800216674805,18.51759910583496,18.14940071105957,0.37020111083984375,0.3681983947753906,0.0,72.0,ok
ZTF20aauqtcp,1.153979990213566,18.030799865722656,17.134300231933594,17.128599166870117,0.8964996337890625,0.0057010650634765625,0.0,86.0,ok
ZTF24aaovokk,,,,,,,,,empty
ZTF25aadfsmz,,,,,,,,,empty
ZTF20abwynwj,0.7397335534180023,18.87350082397461,18.32270050048828,18.27869987487793,0.5508003234863281,0.04400062561035156,0.0,66.0,ok
ZTF25aaqfffi,,,,,,,,,empty
ZTF23aabyhrz,,,,,,,,,empty
ZTF19acspeuw,0.38176043797326825,19.37980079650879,18.971799850463867,18.54490089416504,0.4080009460449219,0.4268989562988281,0.0,62.0,ok
ZTF21aakbgpf,0.1768853449626106,18.775299072265625,18.19610023498535,17.466400146484375,0.5791988372802734,0.7297000885009766,0.0,81.0,ok
ZTF20aawbxmt,0.13465596440633398,19.358200073242188,19.572900772094727,19.274999618530273,-0.21470069885253906,0.2979011535644531,0.0,94.0,ok
ZTF22aaaeibc,0.878776166050989,20.479000091552734,20.117300033569336,19.832199096679688,0.36170005798339844,0.28510093688964844,0.0,80.0,ok
ZTF23aabxqtq,0.5293130719917302,20.986000061035156,20.651199340820312,20.720199584960938,0.33480072021484375,-0.069000244140625,0.0,45.0,ok
ZTF19abymukc,,,,,,,,,empty
ZTF24aajemkb,,,,,,,,,empty
ZTF21aabcyvd,0.5878495712699847,17.509899139404297,16.842899322509766,16.049100875854492,0.6669998168945312,0.7937984466552734,0.0,73.0,ok
ZTF18aarbaba,0.9321118998157408,17.896699905395508,17.054899215698242,16.546199798583984,0.8418006896972656,0.5086994171142578,0.0,83.0,ok
ZTF19acxmnkc,,,,,,,,,empty
ZTF25abvbjre,,,,,,,,,empty
ZTF20aazycgy,,,,,,,,,empty
ZTF20aaolusw,0.28408651819119357,18.3346004486084,18.015399932861328,17.50189971923828,0.3192005157470703,0.5135002136230469,0.0,74.0,ok
ZTF21abbzcxe,,,,,,,,,empty
ZTF19abwtgqb,0.08654961401200603,16.690399169921875,16.50040054321289,16.07830047607422,0.18999862670898438,0.4221000671386719,0.0,83.0,ok
ZTF23aadwiyy,0.8698533048320818,22.01020050048828,21.75279998779297,21.516199111938477,0.2574005126953125,0.2366008758544922,0.0,15.0,ok
ZTF25aaxjntk,,,,,,,,,empty
ZTF20abatmsa,,,,,,,,,empty
ZTF24aayimjt,,,,,,,,,empty
ZTF22aayxdkd,,,,,,,,,empty
ZTF23aanlmst,0.31139042361377023,,21.653499603271484,21.257999420166016,,0.39550018310546875,0.0,10.0,ok
ZTF22aaaepgu,,,,,,,,,empty
ZTF20aaifyvz,0.2405232396759226,,,20.643800735473633,,,,3.0,ok
ZTF19aatgrxl,0.7228240307534805,20.060300827026367,19.57360076904297,19.142799377441406,0.48670005798339844,0.4308013916015625,0.0,62.0,ok
ZTF22aadizjf,,,,,,,,,empty
ZTF22aaezdtd,0.4130720814150488,18.8302001953125,18.3218994140625,18.048200607299805,0.50830078125,0.2736988067626953,0.0,80.0,ok
ZTF18aarlpzd,0.8664013126838143,,,17.43400001525879,,,0.0,19.0,ok
ZTF18acxgqxq,,,,,,,,,empty
ZTF21acfigoo,,,,,,,,,empty
ZTF19aaxibby,,,,,,,,,empty
ZTF22aaahbrf,0.42284978546476515,18.571399688720703,18.34980010986328,18.109699249267578,0.22159957885742188,0.24010086059570312,0.0,75.0,ok
ZTF24abbdtfp,,,,,,,,,empty
ZTF18abjgyyr,,,,,,,,,empty
ZTF24abkiexn,0.20122998865543595,20.19230079650879,19.70789909362793,19.377300262451172,0.4844017028808594,0.3305988311767578,0.0,71.0,ok
ZTF19acdgwhq,,,,,,,,,empty
ZTF21abcmvci,1.496431107262272,,,,,,,3.0,ok
ZTF24aaindpx,,,,,,,,,empty
ZTF25acakezk,0.6611266416848575,17.94580078125,17.316099166870117,16.995899200439453,0.6297016143798828,0.32019996643066406,0.0,69.0,ok
ZTF24abkfmfr,,,,,,,,,empty
ZTF23abbekte,1.4628182530507474,20.411800384521484,,20.779199600219727,,,0.0,2.0,ok
ZTF25abbgziu,,,,,,,,,empty
ZTF21acljfzt,,,,,,,,,empty
ZTF20aauonld,0.10689331028727792,17.73550033569336,17.04170036315918,16.451000213623047,0.6937999725341797,0.5907001495361328,0.0,71.0,ok
ZTF18aboerpp,0.022484861264156,16.473899841308594,13.451000213623047,13.397000312805176,3.022899627685547,0.053999900817871094,,79.0,ok
ZTF21aahfbkh,,,,,,,,,empty
ZTF20abfybms,,,,,,,,,empty
ZTF18adasisj,0.7529855413415417,20.350099563598633,19.37019920349121,,0.9799003601074219,,,3.0,ok
ZTF25absbohn,0.04101619788640352,19.77899932861328,18.984600067138672,18.46109962463379,0.7943992614746094,0.5235004425048828,0.0,61.0,ok
ZTF19aadnxnl,,,,,,,,,empty
ZTF25aakbqpl,,,,,,,,,empty
ZTF21abcnsaa,,,,,,,,,empty
ZTF25abpawqx,0.7376251447207769,18.232099533081055,17.759599685668945,17.37579917907715,0.4724998474121094,0.3838005065917969,0.0,88.0,ok
ZTF19aatfqzb,,,,,,,,,empty
ZTF18acynmcp,0.5850216143970929,20.21470069885254,20.167800903320312,19.966400146484375,0.04689979553222656,0.2014007568359375,0.0,76.0,ok
ZTF24aaoxbth,0.3798708462351655,21.58989906311035,21.139299392700195,20.60849952697754,0.45059967041015625,0.5307998657226562,0.0,86.0,ok
ZTF22aadedjt,,,,,,,,,empty
ZTF23aaafclb,,,,,,,,,empty
ZTF24aahdfdo,0.5986668744118344,19.238500595092773,18.66629981994629,18.17099952697754,0.5722007751464844,0.49530029296875,0.0,64.0,ok
ZTF25abxjtkv,,,,,,,,,empty
ZTF22aadolze,,,,,,,,,empty
ZTF18acbujhw,,,,,,,,,empty
ZTF23abhzlbh,0.7673400555808277,22.138200759887695,21.84749984741211,21.658599853515625,0.29070091247558594,0.18889999389648438,1.0,8.0,ok
ZTF22abijxly,,,,,,,,,empty
ZTF24abbvpge,0.7945772471048084,18.83639907836914,18.071199417114258,17.825199127197266,0.7651996612548828,0.2460002899169922,0.0,66.0,ok
ZTF24abuclbj,,,,,,,,,empty
ZTF24aafqard,,,,,,,,,empty
ZTF21aagnzjy,,,,,,,,,empty
ZTF21aamgrtx,0.987537878924367,19.206899642944336,18.574600219726562,18.32859992980957,0.6322994232177734,0.2460002899169922,0.0,88.0,ok
ZTF24abpiwwi,0.46418488447012624,21.99530029296875,21.71109962463379,21.104400634765625,0.28420066833496094,0.6066989898681641,0.0,22.0,ok
ZTF21abzciqh,0.09349092466398005,19.025699615478516,18.58799934387207,18.323999404907227,0.4377002716064453,0.26399993896484375,0.0,62.0,ok
ZTF22aadfkzb,,,,,,,,,empty
ZTF24aaoebqp,,,,,,,,,empty
ZTF23aasnwva,1.025184527086126,21.334199905395508,21.199800491333008,21.231399536132812,0.1343994140625,-0.03159904479980469,0.0,46.0,ok
ZTF25acfwfen,,,,,,,,,empty
ZTF21acbcjwa,,,,,,,,,empty
ZTF21acdphro,,,,,,,,,empty
ZTF19abxvmid,0.09712495086659756,17.695499420166016,17.250900268554688,16.60610008239746,0.4445991516113281,0.6448001861572266,0.0,99.0,ok
ZTF20aamqxyi,,,,,,,,,empty
ZTF18abnygkb,1.340131802320972,18.771799087524414,17.98710060119629,17.54840087890625,0.784698486328125,0.43869972229003906,0.0,97.0,ok
ZTF18abjsjyx,0.14148756792612097,,22.02039909362793,19.00589942932129,,3.0144996643066406,1.0,10.0,ok
ZTF18aahijwe,0.32054220177189535,18.635900497436523,18.436500549316406,16.854000091552734,0.1993999481201172,1.5825004577636719,0.0,38.0,ok
ZTF25abuoqgq,,,,,,,,,empty
ZTF21abbewsz,,,,,,,,,empty
ZTF23aaaalsf,0.11988988741038388,,21.39780044555664,21.750099182128906,,-0.3522987365722656,0.0,4.0,ok
ZTF24aadkwol,,,,,,,,,empty
ZTF22aarvtbb,,,,,,,,,empty
ZTF22abteujl,0.8632659148651278,20.63800048828125,20.558300018310547,17.616300582885742,0.07970046997070312,2.9419994354248047,1.0,5.0,ok
ZTF20achptde,,,,,,,,,empty
ZTF23abqimmw,0.7632448793097117,19.046300888061523,19.04400062561035,18.72130012512207,0.002300262451171875,0.32270050048828125,0.0,74.0,ok
ZTF20abzoeiw,,,,,,,,,empty
ZTF19aakppnj,1.2441649136577928,18.394899368286133,17.914400100708008,17.609899520874023,0.480499267578125,0.3045005798339844,0.0,58.0,ok
ZTF19acihlft,1.0964099151980617,18.17530059814453,17.67690086364746,17.44580078125,0.4983997344970703,0.23110008239746094,0.0,87.0,ok
ZTF21aarcobt,0.43693335251407717,,,19.8705997467041,,,,2.0,ok
ZTF19aaoxvfe,,,,,,,,,empty
ZTF18acmvcme,0.5057411629405595,17.395999908447266,16.839099884033203,16.21820068359375,0.5569000244140625,0.6208992004394531,0.0,70.0,ok
ZTF21abifxhe,,,,,,,,,empty
ZTF18aavmrqy,0.11209253524694363,18.09910011291504,17.976900100708008,18.072599411010742,0.12220001220703125,-0.09569931030273438,0.0,59.0,ok
ZTF22abulmbx,,,,,,,,,empty
ZTF23aakrkjt,0.24318421266725918,18.369400024414062,18.042699813842773,17.547000885009766,0.32670021057128906,0.4956989288330078,0.0,89.0,ok
ZTF22abbmemk,1.1346415259719158,19.6481990814209,19.416200637817383,19.02519989013672,0.23199844360351562,0.39100074768066406,0.0,100.0,ok
ZTF22abmmvxz,1.2316807015037872,19.874099731445312,19.35810089111328,19.01020050048828,0.5159988403320312,0.347900390625,,5.0,ok
ZTF25aanmnao,,,,,,,,,empty
ZTF23aaapokf,0.20988777781619375,19.861400604248047,19.64739990234375,19.425399780273438,0.21400070190429688,0.2220001220703125,0.0,95.0,ok
ZTF21aaprevg,,,,,,,,,empty
ZTF22abfyukg,,,,,,,,,empty
ZTF18aaxnkos,,,,,,,,,empty
ZTF23aaenctz,,,,,,,,,empty
ZTF20aaurern,0.23125625026864974,21.934099197387695,21.811100006103516,21.46430015563965,0.12299919128417969,0.3467998504638672,0.0,16.0,ok
ZTF22aaaepao,0.3552409946771633,,20.610000610351562,20.83799934387207,,-0.2279987335205078,0.0,3.0,ok
ZTF18abfbbyh,0.19249808176455482,18.938800811767578,18.428300857543945,17.877399444580078,0.5104999542236328,0.5509014129638672,0.0,107.0,ok
ZTF18abeegsl,,,,,,,,,empty
ZTF18acslbve,0.4687716350182152,20.751300811767578,20.460100173950195,20.402599334716797,0.2912006378173828,0.05750083923339844,0.0,54.0,ok
ZTF20aanvqbi,,,,,,,,,empty
ZTF18acurlbj,,,,,,,,,empty
ZTF22abolsys,,,,,,,,,empty
ZTF25aadhlrs,,,,,,,,,empty
ZTF23aadjoiv,,,,,,,,,empty
ZTF19aaafica,,,,,,,,,empty
ZTF18aakrnvd,,,,,,,,,empty
ZTF21aciwkzc,,,,,,,,,empty
ZTF18abltdfj,,,,,,,,,empty
ZTF20abbhrrt,0.6833184061037503,,,19.350000381469727,,,,2.0,ok
ZTF24aaiigrt,,,,,,,,,empty
ZTF20abxyadt,0.14188478335636637,20.62969970703125,20.163000106811523,19.81879997253418,0.46669960021972656,0.34420013427734375,0.0,49.0,ok
ZTF21aceujob,0.5906567985788168,21.24799919128418,21.08839988708496,20.870899200439453,0.15959930419921875,0.2175006866455078,0.0,56.0,ok
ZTF21acempzi,0.505073151507045,,,,,,,2.0,ok
ZTF22aanwibf,0.3390519019784177,20.70009994506836,20.533300399780273,20.491500854492188,0.16679954528808594,0.04179954528808594,0.0,18.0,ok
ZTF22aaahbyx,,,,,,,,,empty
ZTF25aanpulo,,,,,,,,,empty
ZTF22abhencl,,,,,,,,,empty
ZTF25acevirm,,,,,,,,,empty
ZTF24abzjfdz,,,,,,,,,empty
ZTF22aaznbmz,,,,,,,,,empty
ZTF25aazufyf,,,,,,,,,empty
ZTF24aaskjim,,,,,,,,,empty
ZTF19adcdzjm,,,,,,,,,empty
ZTF22aalorla,,,,,,,,,empty
ZTF19aafmhcl,,,,,,,,,empty
ZTF21aaflzqy,1.239628907817003,20.53860092163086,19.734699249267578,20.017000198364258,0.8039016723632812,-0.2823009490966797,0.0,49.0,ok
ZTF18abxxssh,,,,,,,,,empty
ZTF18aasdted,1.402644131238009,,,20.18910026550293,,,0.0,2.0,ok
ZTF20acpknjk,0.6881733249715893,19.878999710083008,19.19849967956543,18.762399673461914,0.6805000305175781,0.4361000061035156,0.0,82.0,ok
ZTF19aamhhae,0.7550880967627414,20.57040023803711,20.325599670410156,20.505800247192383,0.24480056762695312,-0.18020057678222656,0.0,48.0,ok
ZTF23aavqyaf,0.43356666541855887,21.398700714111328,,,,,,2.0,ok
ZTF24aauekwz,0.5019944030650528,17.928199768066406,16.87019920349121,16.5310001373291,1.0580005645751953,0.3391990661621094,0.0,73.0,ok
ZTF24aaqdgat,,,,,,,,,empty
ZTF20acwoamm,,,,,,,,,empty
ZTF20aaaxrad,,,,,,,,,empty
ZTF22aalwbqe,,,,,,,,,empty
ZTF20achsoln,0.6890105801040985,18.442699432373047,17.771499633789062,17.305500030517578,0.6711997985839844,0.4659996032714844,0.0,62.0,ok
ZTF21abrxwvv,,,,,,,,,empty
ZTF22abgbcef,,,,,,,,,empty
ZTF20aabbvcx,,,,,,,,,empty
ZTF24abqndnz,,,,,,,,,empty
ZTF22aafffpq,0.37425664282433646,19.123899459838867,18.427000045776367,,0.6968994140625,,,4.0,ok
ZTF20abgwfek,0.026371408580009026,18.948999404907227,18.638700485229492,18.347900390625,0.3102989196777344,0.2908000946044922,0.0,73.0,ok
ZTF21aarrplo,,,,,,,,,empty
ZTF21acgzwsc,,,,,,,,,empty
ZTF22aanjyae,,,,,,,,,empty
ZTF19abkfqqp,,,,,,,,,empty
ZTF22abmonux,0.7066896371638054,18.777999877929688,17.936500549316406,17.343900680541992,0.8414993286132812,0.5925998687744141,0.0,59.0,ok
ZTF20acrcewc,,,,,,,,,empty
ZTF23aaintny,,,,,,,,,empty
ZTF23aadchqd,0.31587052098441815,21.319400787353516,21.325899124145508,20.94409942626953,-0.0064983367919921875,0.38179969787597656,0.0,62.0,ok
ZTF19aazfvhh,,,,,,,,,empty
ZTF22aazeagq,0.3190978128541113,20.673799514770508,20.14699935913086,20.065000534057617,0.5268001556396484,0.08199882507324219,0.0,66.0,ok
ZTF22aasmgbb,0.6383810259761572,18.64579963684082,18.01059913635254,18.000600814819336,0.6352005004882812,0.009998321533203125,0.0,72.0,ok
ZTF19abbvzgr,,,,,,,,,empty
ZTF20aceqoer,0.1539577335815156,18.912799835205078,18.195600509643555,17.890300750732422,0.7171993255615234,0.3052997589111328,0.0,71.0,ok
ZTF22abhvyyw,,,,,,,,,empty
ZTF18aabssth,,,,,,,,,empty
ZTF21abrgbex,1.3660799334883325,,22.16469955444336,21.662099838256836,,0.5025997161865234,0.0,4.0,ok
ZTF21abvwuxm,,,,,,,,,empty
ZTF22aaxfqka,0.7568855989546518,18.55929946899414,18.023500442504883,17.527999877929688,0.5357990264892578,0.4955005645751953,0.0,122.0,ok
ZTF21aciuhyy,0.5046700235632895,19.393400192260742,18.69499969482422,18.965200424194336,0.6984004974365234,-0.2702007293701172,0.0,47.0,ok
ZTF24abmhrjk,,,,,,,,,empty
ZTF23aagdebl,,,,,,,,,empty
ZTF20acynjjo,,,,,,,,,empty
ZTF20ablqacl,,,,,,,,,empty
ZTF21aajtszm,,,,,,,,,empty
ZTF22abfvjky,0.6095223135368893,21.97260093688965,22.023300170898438,,-0.05069923400878906,,,3.0,ok
ZTF25abtieic,1.0344422520679812,21.69260025024414,,,,,,4.0,ok
ZTF23aapnixu,,,,,,,,,empty
ZTF22aahwlcv,0.1769958856469369,,,18.66160011291504,,,0.0,3.0,ok
ZTF18acxhvkv,,,,,,,,,empty
ZTF21abwurky,,,,,,,,,empty
ZTF25aaktqzg,,,,,,,,,empty
ZTF19abyfbik,0.7959426454264155,,,19.91469955444336,,,1.0,2.0,ok
ZTF18abgladq,,,,,,,,,empty
ZTF25aalpqkg,,,,,,,,,empty
ZTF18abcxyjp,,,,,,,,,empty
ZTF21aakvrgb,,,,,,,,,empty
ZTF20acbnwyb,,,,,,,,,empty
ZTF25aarodfq,,,,,,,,,empty
ZTF21aclypvs,,,,,,,,,empty
ZTF25abwlscr,0.5135328574325818,21.35890007019043,21.387399673461914,21.097000122070312,-0.028499603271484375,0.29039955139160156,1.0,35.0,ok
ZTF23aasguud,,,,,,,,,empty
ZTF18accngee,1.4460238016707205,,20.803800582885742,,,,,2.0,ok
ZTF22abtspsw,1.088066148826441,18.13249969482422,17.779499053955078,,0.3530006408691406,,,2.0,ok
ZTF18abmjjfu,0.14461282230823364,,,,,,,5.0,ok
ZTF25acfgjhk,,,,,,,,,empty
ZTF20abedygm,1.2903613450747613,20.913799285888672,20.582399368286133,20.33679962158203,0.33139991760253906,0.24559974670410156,0.0,5.0,ok
ZTF20abdtiti,,,,,,,,,empty
ZTF23aaazgtw,,,,,,,,,empty
ZTF21aaplnef,,,,,,,,,empty
ZTF24aalndou,,,,,,,,,empty
ZTF19abdkcib,,,,,,,,,empty
ZTF25aaixenf,0.30598833401808917,18.398000717163086,17.54400062561035,17.23579978942871,0.8540000915527344,0.3082008361816406,0.0,87.0,ok
ZTF21aapjmpq,0.387625752368175,21.76759910583496,21.479900360107422,21.173999786376953,0.28769874572753906,0.30590057373046875,0.0,32.0,ok
ZTF21aagoeny,,,,,,,,,empty
ZTF24aahkglt,,,,,,,,,empty
ZTF18aanlzzf,0.15705592096358723,18.278799057006836,17.953800201416016,17.59709930419922,0.3249988555908203,0.3567008972167969,0.0,88.0,ok
ZTF24ablkerb,,,,,,,,,empty
ZTF20aazquhc,,,,,,,,,empty
ZTF25aankptu,0.07011591492847646,19.488000869750977,18.79450035095215,18.404600143432617,0.6935005187988281,0.38990020751953125,0.0,70.0,ok
ZTF22abkbjsb,,,,,,,,,empty
ZTF21abdfdwi,,,,,,,,,empty
ZTF22abtctzp,0.18368279879998423,19.375200271606445,18.991899490356445,18.862699508666992,0.38330078125,0.12919998168945312,0.0,90.0,ok
ZTF24abgvrdl,,,,,,,,,empty
ZTF20aavrzha,,,,,,,,,empty
ZTF21abiuvdk,,,,,,,,,empty
ZTF18acvrfvv,1.3522166368296178,19.321699142456055,18.131099700927734,17.830299377441406,1.1905994415283203,0.3008003234863281,0.0,81.0,ok
ZTF25abovgwv,,,,,,,,,empty
ZTF24aaknlar,,,,,,,,,empty
ZTF21accuexh,0.542098272421152,20.54599952697754,19.91069984436035,19.944900512695312,0.6352996826171875,-0.03420066833496094,0.0,56.0,ok
ZTF23abfvoig,0.826651992862254,18.48859977722168,18.240100860595703,18.770700454711914,0.24849891662597656,-0.5305995941162109,0.0,64.0,ok
ZTF19abkfmjp,0.8735619452293304,19.448299407958984,19.345399856567383,18.681800842285156,0.10289955139160156,0.6635990142822266,0.0,71.0,ok
ZTF24abbsboo,,,,,,,,,empty
ZTF21abidtrd,0.22861416723052427,18.353300094604492,17.780500411987305,17.128799438476562,0.5727996826171875,0.6517009735107422,0.0,86.0,ok
ZTF25aambvjr,,,,,,,,,empty
ZTF19acblnop,,,,,,,,,empty
ZTF20accmutv,,,,,,,,,empty
ZTF21aaprgdh,0.05904725365235192,20.70709991455078,20.115699768066406,19.643199920654297,0.591400146484375,0.4724998474121094,0.0,65.0,ok
ZTF23aavneat,,,,,,,,,empty
ZTF18adaylyq,0.13164912382653415,18.745800018310547,18.05270004272461,17.59320068359375,0.6930999755859375,0.4594993591308594,0.0,72.0,ok
ZTF18aadmssd,0.1565539578651446,17.80820083618164,17.19849967956543,16.725299835205078,0.6097011566162109,0.47319984436035156,0.0,71.0,ok
ZTF22abrcivs,,,,,,,,,empty
ZTF24aapgvir,,,,,,,,,empty
ZTF18absnibc,,,,,,,,,empty
ZTF18aansqom,0.2687901118407847,17.46190071105957,16.89259910583496,16.161699295043945,0.5693016052246094,0.7308998107910156,0.0,71.0,ok
ZTF22abgbywx,0.8941782928783059,21.250900268554688,,19.595399856567383,,,,3.0,ok
ZTF20abeeahl,0.34487120080774836,18.319799423217773,17.69540023803711,17.257600784301758,0.6243991851806641,0.43779945373535156,0.0,66.0,ok
ZTF24abmuhbu,0.74989771619326,,,20.626399993896484,,,0.0,4.0,ok
ZTF20aaurfcm,,,,,,,,,empty
ZTF19abzzhsa,0.7405047473217266,,18.9237003326416,18.533599853515625,,0.39010047912597656,0.0,2.0,ok
ZTF20aacwxut,,,,,,,,,empty
ZTF23abghfyg,0.5070805260119059,20.953399658203125,20.50189971923828,20.265199661254883,0.45149993896484375,0.23670005798339844,0.0,68.0,ok
ZTF23aafggjj,,,,,,,,,empty
ZTF21acbvwej,0.20167725290677205,19.99250030517578,19.70210075378418,19.511999130249023,0.29039955139160156,0.19010162353515625,0.0,64.0,ok
ZTF19abauylg,0.4302915769458554,19.587900161743164,19.54400062561035,20.09709930419922,0.0438995361328125,-0.5530986785888672,0.0,39.0,ok
ZTF21aagogqe,,,,,,,,,empty
ZTF24abineem,,,,,,,,,empty
ZTF18acbwtmf,,,,,,,,,empty
ZTF20abvquuo,0.2720756381560911,20.292699813842773,20.077699661254883,20.008899688720703,0.21500015258789062,0.06879997253417969,0.0,74.0,ok
ZTF22abrborz,0.5333311775668361,20.30470085144043,20.114099502563477,19.882400512695312,0.19060134887695312,0.23169898986816406,0.0,77.0,ok
ZTF19abxjrge,,,,,,,,,empty
ZTF19ablpnmk,,,,,,,,,empty
ZTF18aazabmh,,,,,,,,,empty
ZTF18abuoilc,0.49251269359886335,18.329200744628906,18.310199737548828,18.048500061035156,0.019001007080078125,0.2616996765136719,0.0,83.0,ok
ZTF20aacdfep,,,,,,,,,empty
ZTF20acgkuay,,,,,,,,,empty
ZTF22abunjts,,,,,,,,,empty
ZTF21aabvdjw,0.7579835428533542,18.401100158691406,18.145200729370117,17.603099822998047,0.25589942932128906,0.5421009063720703,0.0,97.0,ok
ZTF23absirul,,,,,,,,,empty
ZTF24abqldco,1.1349995944768618,19.496200561523438,18.795400619506836,18.322599411010742,0.7007999420166016,0.47280120849609375,0.0,61.0,ok
ZTF22abmmhdm,0.5799577029409709,,22.158000946044922,,,,,2.0,ok
ZTF24abizbpc,0.4437398688446247,20.514299392700195,20.48699951171875,20.23509979248047,0.027299880981445312,0.25189971923828125,0.0,60.0,ok
ZTF23aajsemu,,,,,,,,,empty
ZTF18abmbdbg,,,,,,,,,empty
ZTF21abbliav,0.23361492911434642,19.61829948425293,19.079999923706055,18.76460075378418,0.538299560546875,0.315399169921875,0.0,78.0,ok
ZTF21aauvmck,,,,,,,,,empty
ZTF22abiysva,1.4529956918936902,21.4591007232666,20.958099365234375,20.874000549316406,0.5010013580322266,0.08409881591796875,0.0,29.0,ok
ZTF22aaucozn,,,,,,,,,empty
ZTF18acusegd,,,,,,,,,empty
ZTF25abmtjsr,,,,,,,,,empty
ZTF21aaabviz,,,,,,,,,empty
ZTF24abptzoh,,,,,,,,,empty
ZTF19abyjmei,0.15175913507652736,18.767200469970703,18.524499893188477,17.835100173950195,0.24270057678222656,0.6893997192382812,0.0,80.0,ok
ZTF19aazuqyt,1.3653697133150053,21.389699935913086,21.115999221801758,20.797700881958008,0.2737007141113281,0.31829833984375,0.0,62.0,ok
ZTF24aaiowju,,,,,,,,,empty
ZTF25aakhmwn,,,,,,,,,empty
ZTF22aaaowlo,,,,,,,,,empty
ZTF22abegjkl,,,,,,,,,empty
ZTF21acdykpb,0.7606640801122093,,,,,,,2.0,ok
ZTF23abdsecb,0.3880882940853332,19.141300201416016,18.399099349975586,18.068899154663086,0.7422008514404297,0.3302001953125,0.0,73.0,ok
ZTF24abbwkci,,,,,,,,,empty
ZTF24abifqbz,,,,,,,,,empty
ZTF22aaeaktc,0.3306153424708214,22.20050048828125,21.9281005859375,,0.27239990234375,,,4.0,ok
ZTF19aatgopg,0.5437572851872059,,,18.0669002532959,,,,2.0,ok
ZTF24aaugbew,,,,,,,,,empty
ZTF18abzrgim,,,,,,,,,empty
ZTF20aattsxa,,,,,,,,,empty
ZTF25abklmje,0.7916035748795369,19.896499633789062,19.69580078125,19.39259910583496,0.2006988525390625,0.30320167541503906,0.0,76.0,ok
ZTF20aczgoml,1.0040617060001824,20.416200637817383,,,,,,3.0,ok
ZTF20actvgsy,0.14188118234672986,19.15329933166504,18.429899215698242,18.09510040283203,0.7234001159667969,0.33479881286621094,0.0,78.0,ok
ZTF23abncsdu,1.0611821202449774,21.273799896240234,22.139999389648438,22.16080093383789,-0.8661994934082031,-0.020801544189453125,0.0,27.0,ok
ZTF24aaqgfrp,,,,,,,,,empty
ZTF20aaidnyk,,,,,,,,,empty
ZTF24aabwvcl,,,,,,,,,empty
ZTF21abhthvj,1.2618996771930922,18.861000061035156,19.08839988708496,18.7450008392334,-0.2273998260498047,0.3433990478515625,0.0,18.0,ok
ZTF21acgrero,,,,,,,,,empty
ZTF20abmoans,0.12119593478607626,17.318500518798828,16.700700759887695,16.33489990234375,0.6177997589111328,0.3658008575439453,0.0,67.0,ok
ZTF23aaixylr,,,,,,,,,empty
ZTF25aagbene,1.3281494606419533,17.8705997467041,17.255399703979492,16.78809928894043,0.6152000427246094,0.4673004150390625,0.0,79.0,ok
ZTF21abscohx,,,,,,,,,empty
ZTF21abjtncs,,,,,,,,,empty
ZTF20acqikeh,0.14145963713920984,22.135900497436523,21.870899200439453,21.648700714111328,0.2650012969970703,0.222198486328125,0.0,6.0,ok
ZTF19abormur,,,,,,,,,empty
ZTF24aagfewl,,,,,,,,,empty
ZTF23aajeunk,,,,,,,,,empty
ZTF22aaajaxq,,,,,,,,,empty
ZTF21abqymzg,,,,,,,,,empty
ZTF19aawgfnn,1.4178449871757244,18.912500381469727,18.33609962463379,17.93440055847168,0.5764007568359375,0.4016990661621094,0.0,53.0,ok
ZTF24aacayhd,,,,,,,,,empty
ZTF25acgsoal,,,,,,,,,empty
ZTF25acjthqu,0.4130590341110989,19.630599975585938,18.7539005279541,18.28190040588379,0.8766994476318359,0.4720001220703125,0.0,66.0,ok
ZTF22abtvkgk,,,,,,,,,empty
ZTF18aaxcxih,0.9390231365508795,21.46179962158203,21.07539939880371,20.88680076599121,0.3864002227783203,0.1885986328125,0.0,64.0,ok
ZTF19aapadxs,,,,,,,,,empty
ZTF22aaparwk,,,,,,,,,empty
ZTF19abxvtxk,,,,,,,,,empty
ZTF21abnfgff,0.9163710532770878,18.399900436401367,17.52869987487793,17.175600051879883,0.8712005615234375,0.3530998229980469,0.0,81.0,ok
ZTF19aaknemm,,,,,,,,,empty
ZTF21abjhxqg,,,,,,,,,empty
ZTF20acyybwo,,,,,,,,,empty
ZTF25accmunu,,,,,,,,,empty
ZTF20aabqamf,,,,,,,,,empty
ZTF24abvbcxs,,,,,,,,,empty
ZTF19aaywatq,,,,,,,,,empty
ZTF19abzgdfu,,,,,,,,,empty
ZTF22absqpsa,0.6707340635984889,21.717100143432617,21.635700225830078,21.399900436401367,0.08139991760253906,0.23579978942871094,0.0,39.0,ok
ZTF23abvoqio,,,,,,,,,empty
ZTF18ablvxkh,,,,,,,,,empty
ZTF20aaunfpj,0.4077726469891869,,18.793699264526367,18.836599349975586,,-0.04290008544921875,0.0,2.0,ok
ZTF23aacxofz,1.2875448773622173,,,,,,,2.0,ok
ZTF24aaahwzj,0.6767679863064431,21.219100952148438,20.596099853515625,20.810699462890625,0.6230010986328125,-0.214599609375,0.0,28.0,ok
ZTF22abjbvnv,1.0126018099161862,21.29199981689453,21.904399871826172,,-0.6124000549316406,,,2.0,ok
ZTF21aadtkki,0.40581371965898416,,19.608699798583984,18.888399124145508,,0.7203006744384766,,4.0,ok
ZTF22aacruke,,,,,,,,,empty
ZTF21abybgjx,,,,,,,,,empty
ZTF24abfuscm,,,,,,,,,empty
ZTF22abmifhv,,,,,,,,,empty
ZTF22aaddsxu,0.30278845593067744,19.953800201416016,19.242599487304688,19.013599395751953,0.7112007141113281,0.22900009155273438,0.0,75.0,ok
ZTF20acgprcg,,,,,,,,,empty
ZTF19abxequc,,,,,,,,,empty
ZTF21abnvsic,0.08081124157597162,19.72010040283203,19.042600631713867,18.639999389648438,0.6774997711181641,0.4026012420654297,0.0,100.0,ok
ZTF24abzsuck,0.375295790525079,19.651100158691406,19.252399444580078,19.12540054321289,0.3987007141113281,0.1269989013671875,0.0,83.0,ok
ZTF18acaszeh,,,,,,,,,empty
ZTF23aaozatq,1.495580040818843,,18.92009925842285,19.173900604248047,,-0.2538013458251953,0.0,35.0,ok
ZTF21aagsfzc,,,,,,,,,empty
ZTF19aaksrgj,,,,,,,,,empty
ZTF24aaoodsh,,,,,,,,,empty
ZTF24aahhwwq,,,,,,,,,empty
ZTF19aanjjhk,,,,,,,,,empty
ZTF19aaksxgp,,,,,,,,,empty
ZTF23abrzukd,,,,,,,,,empty
ZTF19acbnhkd,1.1924438197002005,20.86520004272461,,19.82859992980957,,,0.0,5.0,ok
ZTF23aabutcv,,,,,,,,,empty
ZTF19acbwmqd,0.5735806641610169,20.648300170898438,20.805400848388672,20.320499420166016,-0.15710067749023438,0.48490142822265625,0.0,24.0,ok
ZTF20acvdfmw,,,,,,,,,empty
ZTF25abaefwo,0.8225246588118643,19.902000427246094,19.550899505615234,19.260000228881836,0.3511009216308594,0.29089927673339844,0.0,83.0,ok
ZTF24aankvcy,1.0385246514654152,,,19.67569923400879,,,0.0,2.0,ok
ZTF22aaoxiux,,,,,,,,,empty
ZTF24aambaia,,,,,,,,,empty
ZTF19aavoiyc,0.8773319105496129,,,18.840599060058594,,,,2.0,ok
ZTF20aafcjln,1.0712942440805893,18.959800720214844,18.68670082092285,18.532100677490234,0.2730998992919922,0.1546001434326172,0.0,60.0,ok
ZTF25aatrvpg,,,,,,,,,empty
ZTF25aadhuav,0.11718562611404285,17.1560001373291,16.666000366210938,16.228099822998047,0.48999977111816406,0.4379005432128906,0.0,41.0,ok
ZTF21aciwixf,,,,,,,,,empty
ZTF22abqpxyn,,,,,,,,,empty
ZTF20aawiicr,1.2497058921865196,19.432199478149414,18.729900360107422,18.42639923095703,0.7022991180419922,0.3035011291503906,0.0,69.0,ok
ZTF25aaprggu,,,,,,,,,empty
ZTF20aamqmhj,,,,,,,,,empty
ZTF21abotuqo,1.1342439580622954,,20.52869987487793,20.18470001220703,,0.34399986267089844,,3.0,ok
ZTF19aamggua,1.4705931868830575,20.62809944152832,22.145000457763672,,-1.5169010162353516,,,3.0,ok
ZTF22aaoirkj,0.5461969605012178,19.48579978942871,18.808900833129883,18.339099884033203,0.6768989562988281,0.4698009490966797,0.0,50.0,ok
ZTF23aaetxqb,,,,,,,,,empty
ZTF23aaijdwl,0.8502130334399743,21.2539005279541,20.893699645996094,20.655000686645508,0.3602008819580078,0.23869895935058594,0.0,55.0,ok
ZTF24aaplfkj,,,,,,,,,empty
ZTF20acnsgdb,,,,,,,,,empty
ZTF20acgyulx,,,,,,,,,empty
ZTF18ablovbj,0.11021766587971801,,22.086000442504883,21.434200286865234,,0.6518001556396484,,9.0,ok
ZTF19acyupee,0.08314463729768977,,20.809799194335938,19.202499389648438,,1.6072998046875,1.0,6.0,ok
ZTF24abhtxit,0.7628292312570117,20.685100555419922,20.17300033569336,19.8351993560791,0.5121002197265625,0.3378009796142578,0.0,53.0,ok
ZTF18aaygwqd,,,,,,,,,empty
ZTF18acyybvg,,,,,,,,,empty
ZTF24aaueuzb,,,,,,,,,empty
ZTF23abgovnz,0.2131443560123382,19.57360076904297,18.81100082397461,18.30500030517578,0.7625999450683594,0.5060005187988281,0.0,62.0,ok
ZTF18acpdvos,0.11161917037696599,18.3351993560791,17.489500045776367,17.6742000579834,0.8456993103027344,-0.18470001220703125,0.0,60.0,ok
ZTF19aaywtoc,0.3625154969400871,,,21.068199157714844,,,1.0,3.0,ok
ZTF24aacavku,,,,,,,,,empty
ZTF25acgggyl,,,,,,,,,empty
ZTF24aahgtjt,,,,,,,,,empty
ZTF20abpvhqv,,,,,,,,,empty
ZTF19aczllns,,,,,,,,,empty
ZTF23aafarif,,,,,,,,,empty
ZTF18aacemcn,0.545804845874486,19.02239990234375,18.914499282836914,19.048500061035156,0.10790061950683594,-0.1340007781982422,0.0,70.0,ok
ZTF19abkftvd,0.34070212905460934,19.300899505615234,19.07069969177246,18.912799835205078,0.23019981384277344,0.1578998565673828,0.0,83.0,ok
ZTF19aavyvbn,,,,,,,,,empty
ZTF23aapyidj,0.4813824707168328,18.670000076293945,17.988000869750977,17.483999252319336,0.6819992065429688,0.5040016174316406,0.0,70.0,ok
ZTF20aattotq,,,,,,,,,empty
ZTF18abcpmwh,0.4275885681033568,,,,,,,2.0,ok
ZTF20actpavu,,,,,,,,,empty
ZTF22aayjqzc,,,,,,,,,empty
ZTF23aamqonh,,,,,,,,,empty
ZTF19abyrano,0.20053263973748087,18.820199966430664,18.34320068359375,18.4158992767334,0.47699928283691406,-0.07269859313964844,1.0,6.0,ok
ZTF20acytgxf,,,,,,,,,empty
ZTF20aasxerr,,,,,,,,,empty
ZTF20ablkswc,0.054954176719806805,19.024099349975586,18.335800170898438,18.042800903320312,0.6882991790771484,0.292999267578125,0.0,94.0,ok
ZTF20abcbxpj,,,,,,,,,empty
ZTF21abmspkq,0.8110004807833434,,19.617700576782227,,,,,4.0,ok
ZTF25aaocnsp,,,,,,,,,empty
ZTF19abuazly,0.5041121323761132,20.828100204467773,20.683300018310547,20.477100372314453,0.14480018615722656,0.20619964599609375,0.0,39.0,ok
ZTF21ackmlae,0.3920261459812344,19.822599411010742,19.806800842285156,19.356000900268555,0.015798568725585938,0.45079994201660156,0.0,71.0,ok
ZTF25aalyfoi,0.6117421757777008,16.098100662231445,15.804699897766113,15.57289981842041,0.29340076446533203,0.23180007934570312,0.0,59.0,ok
ZTF21abqixak,,,,,,,,,empty
ZTF22aaolvwv,1.3369682200511444,22.083599090576172,21.95159912109375,21.85890007019043,0.13199996948242188,0.09269905090332031,0.0,10.0,ok
ZTF25abbsaee,,,,,,,,,empty
ZTF23aadvjqb,,,,,,,,,empty
ZTF19aaqxosb,,,,,,,,,empty
ZTF24abcgrbl,0.29502849067887,18.592500686645508,17.753700256347656,17.206199645996094,0.8388004302978516,0.5475006103515625,0.0,77.0,ok
ZTF25aaqiwar,,,,,,,,,empty
ZTF22aaerfpk,,,,,,,,,empty
ZTF23absjgik,,,,,,,,,empty
ZTF24abyvmsm,,,,,,,,,empty
ZTF21acefbte,1.1046517865965757,18.09079933166504,17.850500106811523,18.101600646972656,0.24029922485351562,-0.2511005401611328,0.0,54.0,ok
ZTF19aamgokq,1.092308882575443,21.631099700927734,21.518400192260742,21.639299392700195,0.11269950866699219,-0.12089920043945312,0.0,14.0,ok
ZTF18abltfho,,,,,,,,,empty
ZTF21aavotzn,0.325068182782777,20.12299919128418,19.776100158691406,19.238100051879883,0.34689903259277344,0.5380001068115234,0.0,81.0,ok
ZTF20aaetsrw,0.19947116363803785,21.212200164794922,20.527700424194336,20.002099990844727,0.6844997406005859,0.5256004333496094,0.0,66.0,ok
ZTF24aaumzhf,1.1584001814105878,,,19.436800003051758,,,0.0,4.0,ok
ZTF21aaxtctv,0.44761943431517837,,,,,,,3.0,ok
ZTF24aabplhb,,,,,,,,,empty
ZTF18aaslhxt,,,,,,,,,empty
ZTF21abyfxqr,0.5114539982213607,,,,,,,3.0,ok
ZTF24absvlru,,,,,,,,,empty
ZTF21aaxzdxd,,,,,,,,,empty
ZTF22aasygdq,,,,,,,,,empty
ZTF20acjpwdk,0.38098420840450864,18.393199920654297,17.642000198364258,17.179800033569336,0.7511997222900391,0.4622001647949219,0.0,82.0,ok
ZTF20abbpkpa,,,,,,,,,empty
ZTF20acxffhe,0.45549134043738393,16.66629981994629,16.17620086669922,15.938599586486816,0.4900989532470703,0.23760128021240234,0.0,52.0,ok
ZTF24aaygtcf,,,,,,,,,empty
ZTF23aavzgjg,,,,,,,,,empty
ZTF22abnfgcn,1.4730075819477066,20.583900451660156,20.316999435424805,20.255300521850586,0.26690101623535156,0.06169891357421875,0.0,70.0,ok
ZTF25aapqzzl,1.058653096594746,,21.68600082397461,,,,,2.0,ok
ZTF19aczjyuf,,,,,,,,,empty
ZTF25aadlslh,,,,,,,,,empty
ZTF22abnakti,0.12284616482672911,20.53260040283203,19.569299697875977,19.3080997467041,0.9633007049560547,0.261199951171875,0.0,52.0,ok
ZTF24aadxyvz,,,,,,,,,empty
ZTF23abqbuft,,,,,,,,,empty
ZTF20aahklzo,0.11438583327777348,21.947200775146484,,21.86090087890625,,,,3.0,ok
ZTF21aaabzdr,,,,,,,,,empty
ZTF22aaafcvd,,,,,,,,,empty
ZTF18aaqjqqc,0.5197247702858782,17.83690071105957,17.329500198364258,16.539499282836914,0.5074005126953125,0.7900009155273438,0.0,77.0,ok
ZTF25aaluemf,,,,,,,,,empty
ZTF24abyhkwl,,,,,,,,,empty
ZTF23aabkubg,0.5666053220856714,,21.10260009765625,,,,,2.0,ok
ZTF22aayrixx,,,,,,,,,empty
ZTF21abeokcr,,,,,,,,,empty
ZTF24aancjzy,,,,,,,,,empty
ZTF20abyylgi,,,,,,,,,empty
ZTF20aaowuim,0.19918634038213326,17.263900756835938,16.782400131225586,16.281099319458008,0.48150062561035156,0.5013008117675781,0.0,47.0,ok
ZTF22abmnxim,0.8960226999590837,18.37969970703125,17.563499450683594,17.277000427246094,0.8162002563476562,0.2864990234375,0.0,90.0,ok
ZTF24aaofamr,,,,,,,,,empty
ZTF21achpehw,,,,,,,,,empty
ZTF25aagbtlp,,,,,,,,,empty
ZTF21abgywtg,0.5788906570458962,21.664400100708008,21.779300689697266,22.23240089416504,-0.11490058898925781,-0.45310020446777344,0.0,14.0,ok
ZTF22aaanfjh,,,,,,,,,empty
ZTF23aablgzj,,,,,,,,,empty
ZTF20acectxy,,,,,,,,,empty
ZTF21aaiaqhh,0.3813163217686522,21.409900665283203,20.40290069580078,,1.0069999694824219,,,3.0,ok
ZTF21abiatkr,,,,,,,,,empty
ZTF25aaikmwc,1.4567600118400454,20.20050048828125,20.151899337768555,19.9153995513916,0.04860115051269531,0.23649978637695312,0.0,60.0,ok
ZTF22absibqa,,,,,,,,,empty
ZTF20aaurmtf,,,,,,,,,empty
ZTF25abajquu,0.8301508391401035,19.464399337768555,18.95560073852539,19.177099227905273,0.5087985992431641,-0.2214984893798828,0.0,37.0,ok
ZTF23aaeaxgr,,,,,,,,,empty
ZTF24abytspv,,,,,,,,,empty
ZTF23aansdlc,0.41185003565508777,21.526199340820312,21.711299896240234,21.60569953918457,-0.18510055541992188,0.10560035705566406,0.0,16.0,ok
ZTF18aaxvpsw,0.26102362668831525,18.958200454711914,18.140600204467773,17.763099670410156,0.8176002502441406,0.3775005340576172,0.0,88.0,ok
ZTF22aaecenq,,,,,,,,,empty
ZTF18abdkimx,0.532395536405652,20.63719940185547,20.364500045776367,,0.27269935607910156,,,2.0,ok
ZTF21aagyrvh,,,,,,,,,empty
ZTF25abgoqzv,,,,,,,,,empty
ZTF24abnpqkp,0.9552845144422668,22.149099349975586,20.81369972229004,,1.3353996276855469,,,2.0,ok
ZTF25abclliu,0.14822497169324217,20.62649917602539,20.207700729370117,,0.41879844665527344,,,4.0,ok
ZTF19aalzmio,0.7771500185638283,20.50979995727539,20.00480079650879,19.878700256347656,0.5049991607666016,0.1261005401611328,0.0,65.0,ok
ZTF19abvanim,,,,,,,,,empty
ZTF20abupxie,,,,,,,,,empty
ZTF21acissla,,,,,,,,,empty
ZTF19aalbrgu,,,,,,,,,empty
ZTF21aaaaddl,1.019285581483986,17.959400177001953,,,,,,2.0,ok
ZTF19abxivpg,0.11592937642560226,,,,,,,2.0,ok
ZTF21acfgfuy,1.25033716589204,19.74959945678711,,,,,,2.0,ok
ZTF18abcicrq,0.7312896138332324,,19.530099868774414,,,,,2.0,ok
ZTF25aafrcem,0.9677618163781578,20.81410026550293,20.566699981689453,20.949600219726562,0.24740028381347656,-0.3829002380371094,0.0,37.0,ok
ZTF19abnishu,0.4019952819959864,21.98150062561035,21.66469955444336,21.468799591064453,0.3168010711669922,0.19589996337890625,0.0,29.0,ok
ZTF24aavovrp,0.0960259240168001,19.064899444580078,18.390399932861328,18.292600631713867,0.67449951171875,0.09779930114746094,0.0,80.0,ok
ZTF20acucbek,,,,,,,,,empty
ZTF20acwgxhk,,,,,,,,,empty
ZTF20abmoakx,1.3589359640316638,20.106199264526367,20.12540054321289,20.324600219726562,-0.019201278686523438,-0.19919967651367188,0.0,34.0,ok
ZTF19aanjjgr,,,,,,,,,empty
ZTF21abrfvax,0.7153049675602079,21.463600158691406,21.1156005859375,20.540199279785156,0.34799957275390625,0.5754013061523438,0.0,31.0,ok
ZTF22abzbqxx,0.8629472347611473,,,20.189199447631836,,,1.0,3.0,ok
ZTF23aaekiqe,,,,,,,,,empty
ZTF22abyhqkt,,,,,,,,,empty
ZTF21abwprfj,0.9894258661800761,20.233699798583984,19.476999282836914,19.310100555419922,0.7567005157470703,0.1668987274169922,0.0,69.0,ok
ZTF20aamknna,,,,,,,,,empty
ZTF19acftfav,,,,,,,,,empty
ZTF22abxdrsl,0.1428679579591291,18.091699600219727,17.453500747680664,17.154399871826172,0.6381988525390625,0.2991008758544922,0.0,62.0,ok
ZTF20aambbfn,0.9885876460895634,17.86009979248047,17.26059913635254,16.672700881958008,0.5995006561279297,0.5878982543945312,0.0,76.0,ok
ZTF24abszcqd,,,,,,,,,empty
ZTF20aatuqps,,,,,,,,,empty
ZTF20acyvbhj,,,,,,,,,empty
ZTF20aaayaet,,,,,,,,,empty
ZTF24abetsjy,0.10851711602208906,18.891300201416016,18.19099998474121,17.52519989013672,0.7003002166748047,0.6658000946044922,0.0,84.0,ok
ZTF19aanuipj,,,,,,,,,empty
ZTF20abdxuew,,,,,,,,,empty
ZTF19aamrais,1.2044295818346853,19.8976993560791,19.541500091552734,19.133100509643555,0.3561992645263672,0.4083995819091797,0.0,97.0,ok
ZTF24aahfknz,,,,,,,,,empty
ZTF22aaafdna,0.7400338545488345,21.223400115966797,,,,,,2.0,ok
ZTF19acbswdq,,,,,,,,,empty
ZTF23aacdlst,1.3134615493325574,19.42259979248047,18.78510093688965,19.068700790405273,0.6374988555908203,-0.283599853515625,0.0,32.0,ok
ZTF22abbtjlb,0.9737088998919561,18.55929946899414,17.888099670410156,17.39889907836914,0.6711997985839844,0.4892005920410156,0.0,107.0,ok
ZTF22aaijrcl,,,,,,,,,empty
ZTF22abekkwn,,,,,,,,,empty
ZTF24abcugcf,,,,,,,,,empty
ZTF24aaekbou,,,,,,,,,empty
ZTF22abaiyaf,,,,,,,,,empty
ZTF18aaadtdc,0.19861043239727222,16.253000259399414,15.726200103759766,15.873200416564941,0.5268001556396484,-0.14700031280517578,0.0,73.0,ok
ZTF25aaklxxk,0.15899705393099547,19.79129981994629,19.436899185180664,19.1023006439209,0.354400634765625,0.3345985412597656,0.0,65.0,ok
ZTF19aaktorq,0.23578949060514034,17.843799591064453,17.49449920654297,16.958999633789062,0.3493003845214844,0.5354995727539062,0.0,59.0,ok
ZTF21acdcxaf,,,,,,,,,empty
ZTF24abpwwcs,1.3756841056179756,19.7091007232666,19.131399154663086,18.799999237060547,0.5777015686035156,0.33139991760253906,0.0,72.0,ok
ZTF23aazlimw,,,,,,,,,empty
ZTF19achahea,,,,,,,,,empty
ZTF22abyuxix,,,,,,,,,empty
ZTF20aaiovoy,,,,,,,,,empty
ZTF21abhqirx,,,,,,,,,empty
ZTF21abfoyac,0.21926228229852024,20.812000274658203,20.798200607299805,21.185100555419922,0.013799667358398438,-0.3868999481201172,0.0,30.0,ok
ZTF23aaprwrn,,,,,,,,,empty
ZTF24aajioip,,,,,,,,,empty
ZTF23aavzjjp,,,,,,,,,empty
ZTF24aawlotq,1.3105948268629242,19.99959945678711,19.206300735473633,19.116600036621094,0.7932987213134766,0.08970069885253906,0.0,75.0,ok
ZTF20achstwk,1.1261381751988122,,21.78529930114746,21.091299057006836,,0.694000244140625,0.0,6.0,ok
ZTF20aawijco,,,,,,,,,empty
ZTF22aapkbkl,0.05109644033349168,20.758499145507812,19.71649932861328,19.659799575805664,1.0419998168945312,0.05669975280761719,0.0,55.0,ok
ZTF23aaxauuk,0.8294419678109503,20.243200302124023,20.226499557495117,19.831600189208984,0.01670074462890625,0.3948993682861328,0.0,71.0,ok
ZTF19aayvylv,0.46283332927240467,19.873899459838867,19.785999298095703,19.644899368286133,0.08790016174316406,0.1410999298095703,0.0,34.0,ok
ZTF25ackyfnb,0.32772710034259034,19.289899826049805,,,,,,6.0,ok
ZTF25acdqaff,0.7818203534527833,23.01259994506836,,,,,,2.0,ok
ZTF18acbwtng,0.720069513987244,17.72879981994629,17.36359977722168,16.78580093383789,0.3652000427246094,0.5777988433837891,0.0,90.0,ok
ZTF22abxmdxh,,,,,,,,,empty
ZTF21aauamtx,,,,,,,,,empty
ZTF25abacyxb,0.9561378736664817,20.657899856567383,20.415300369262695,20.238000869750977,0.2425994873046875,0.17729949951171875,0.0,82.0,ok
ZTF24aaxtoch,,,,,,,,,empty
ZTF20aatqief,0.2102366094552199,20.749000549316406,20.506099700927734,20.147600173950195,0.24290084838867188,0.35849952697753906,0.0,41.0,ok
ZTF23aalfofn,0.5690471302366688,16.989700317382812,14.35200023651123,14.321000099182129,2.637700080871582,0.031000137329101562,,3.0,ok
ZTF22aaorkwk,0.5327657219405404,18.393299102783203,17.54199981689453,17.253000259399414,0.8512992858886719,0.2889995574951172,0.0,89.0,ok
ZTF23aaeufns,,,,,,,,,empty
ZTF22aaaoxsl,0.5052073698286266,20.29840087890625,19.871700286865234,19.70240020751953,0.4267005920410156,0.16930007934570312,0.0,55.0,ok
ZTF22aarntxu,,,,,,,,,empty
ZTF25aafqvot,0.260031090273875,19.844499588012695,,,,,,5.0,ok
ZTF21ackbhmm,0.32581719702153206,19.77090072631836,18.974599838256836,18.64929962158203,0.7963008880615234,0.3253002166748047,0.0,79.0,ok
ZTF20acisbek,,,,,,,,,empty
ZTF21abqfpsc,0.18522472748193947,19.62849998474121,18.88680076599121,18.527299880981445,0.74169921875,0.3595008850097656,0.0,98.0,ok
ZTF24abjixuq,,,,,,,,,empty
ZTF23aafrhew,0.6334459906137057,21.74020004272461,21.54360008239746,21.29789924621582,0.19659996032714844,0.24570083618164062,0.0,9.0,ok
ZTF23aaecexq,1.3095338018959084,,21.561899185180664,21.766799926757812,,-0.20490074157714844,0.0,3.0,ok
ZTF19acbkyma,0.5386661979421418,20.19420051574707,19.892000198364258,19.79199981689453,0.3022003173828125,0.10000038146972656,0.0,92.0,ok
ZTF19abpbmli,,,,,,,,,empty
ZTF21abwjibi,0.4451528544048296,17.971200942993164,17.343599319458008,17.02669906616211,0.6276016235351562,0.31690025329589844,0.0,104.0,ok
ZTF21absyjff,,,,,,,,,empty
ZTF25aaofuee,,,,,,,,,empty
ZTF24ablkqwu,0.9194183459201851,19.46809959411621,19.144500732421875,18.789899826049805,0.32359886169433594,0.3546009063720703,0.0,55.0,ok
ZTF21aaygmrl,1.1518007817644367,,21.765499114990234,,,,,2.0,ok
ZTF22abtslvh,0.38620259909406746,19.283700942993164,18.53179931640625,18.011699676513672,0.7519016265869141,0.5200996398925781,0.0,73.0,ok
ZTF19aajxwnz,0.2912096109871968,,19.159299850463867,,,,,4.0,ok
ZTF21abhhrpj,0.4331407722603974,,,19.38319969177246,,,,2.0,ok
ZTF21ackbkoy,1.494694778089977,,22.073299407958984,21.180700302124023,,0.8925991058349609,0.0,2.0,ok
ZTF19acvmcdd,,,,,,,,,empty
ZTF22aaolcan,0.10949077568344473,19.398300170898438,18.91510009765625,18.687000274658203,0.4832000732421875,0.22809982299804688,0.0,56.0,ok
ZTF23aavzvmp,0.17099585686987528,,,20.634899139404297,,,0.0,4.0,ok
ZTF22aaaivuk,,,,,,,,,empty
ZTF19abhjhes,0.8443838158887772,19.071699142456055,18.345600128173828,18.121000289916992,0.7260990142822266,0.22459983825683594,0.0,51.0,ok
ZTF22aakndny,0.6926605752015218,,,20.510099411010742,,,,2.0,ok
ZTF23aaiuadl,,,,,,,,,empty
ZTF24aaxmalj,,,,,,,,,empty
ZTF24aaejrzs,,,,,,,,,empty
ZTF21aagsypp,0.9511921822214657,18.77440071105957,18.18269920349121,18.620800018310547,0.5917015075683594,-0.43810081481933594,0.0,64.0,ok
ZTF25abhoijc,,,,,,,,,empty
ZTF19acbwccr,,,,,,,,,empty
ZTF19aadypig,,,,,,,,,empty
ZTF19abgcnzi,,,,,,,,,empty
ZTF20aborzxc,0.13194251761919717,17.929100036621094,17.666200637817383,17.46820068359375,0.26289939880371094,0.1979999542236328,0.0,68.0,ok
ZTF22aajsbbl,1.0741237202872294,19.625099182128906,18.843299865722656,18.42289924621582,0.78179931640625,0.42040061950683594,0.0,51.0,ok
ZTF22abseymh,,,,,,,,,empty
ZTF20aazkxcw,0.7248059985157755,,16.85650062561035,17.169099807739258,,-0.31259918212890625,0.0,3.0,ok
ZTF21acjbedo,0.2780453965794323,21.71299934387207,21.361499786376953,21.697099685668945,0.3514995574951172,-0.3355998992919922,1.0,4.0,ok
ZTF20abyzoof,,,,,,,,,empty
ZTF24abyksvh,,,,,,,,,empty
ZTF20actlumf,0.20060869183427898,,21.866600036621094,21.09320068359375,,0.7733993530273438,0.0,9.0,ok
ZTF21aacudxe,0.9478161859566328,19.921600341796875,19.171600341796875,19.130300521850586,0.75,0.04129981994628906,0.0,46.0,ok
ZTF25aajgcvv,0.2167796944652516,,21.231800079345703,21.558700561523438,,-0.3269004821777344,0.0,3.0,ok
ZTF19acgphsf,,,,,,,,,empty
ZTF23aadndfn,1.4290356741539445,,,,,,,2.0,ok
ZTF20aazpwen,1.4830254425926406,18.850299835205078,18.026899337768555,17.5137996673584,0.8234004974365234,0.5130996704101562,0.0,74.0,ok
ZTF22aabwfvz,,,,,,,,,empty
ZTF24abxxniy,,,,,,,,,empty
ZTF18abptzkg,,,,,,,,,empty
ZTF22abksuwt,,,,,,,,,empty
ZTF18aagstdc,0.17786201183825903,22.164499282836914,21.773000717163086,21.350799560546875,0.3914985656738281,0.42220115661621094,0.0,30.0,ok
ZTF23abgqzhi,0.6290117928586932,,,,,,,2.0,ok
ZTF24aakyqxt,0.6201224066855192,18.968000411987305,18.340499877929688,17.913299560546875,0.6275005340576172,0.4272003173828125,0.0,54.0,ok
ZTF23aapbsmr,,,,,,,,,empty
ZTF24abualfb,1.0286197233948648,,19.391300201416016,,,,,12.0,ok
ZTF18abuwcul,0.11403584221901313,17.63319969177246,17.438100814819336,16.758399963378906,0.195098876953125,0.6797008514404297,0.0,95.0,ok
ZTF24abxvcrm,0.12531826226281556,18.978500366210938,18.40239906311035,18.980300903320312,0.5761013031005859,-0.5779018402099609,0.0,13.0,ok
ZTF21abrqria,,,,,,,,,empty
ZTF19abamqxo,,,,,,,,,empty
ZTF20acyybvq,,,,,,,,,empty
ZTF25aazuxfi,0.35937950493015425,19.55579948425293,18.774999618530273,18.36400032043457,0.7807998657226562,0.4109992980957031,0.0,95.0,ok
ZTF19aapcnzi,0.41217689130110746,21.16819953918457,20.82270050048828,20.83679962158203,0.34549903869628906,-0.01409912109375,0.0,33.0,ok
ZTF21aazlxiw,0.5895160899278735,20.383100509643555,19.733299255371094,19.385799407958984,0.6498012542724609,0.3474998474121094,0.0,53.0,ok
ZTF22aadfstk,,,,,,,,,empty
ZTF25abxrmqc,,,,,,,,,empty
ZTF20abkwvgc,,,,,,,,,empty
ZTF23abgnxri,,,,,,,,,empty
ZTF23abijopy,,,,,,,,,empty
ZTF22abvaxqi,0.2765118812778075,19.97800064086914,19.920499801635742,19.322900772094727,0.05750083923339844,0.5975990295410156,0.0,19.0,ok
ZTF20acvchhw,0.3496379269278299,20.048099517822266,19.403600692749023,,0.6444988250732422,,,4.0,ok
ZTF20abegoix,,,,,,,,,empty
ZTF21aagtqna,,,,,,,,,empty
ZTF24abloann,0.9636480951767284,,19.823699951171875,,,,,2.0,ok
ZTF20acvkjrm,,,,,,,,,empty
ZTF23aaxvsjq,0.5314432552980468,19.751699447631836,19.49489974975586,18.984500885009766,0.25679969787597656,0.5103988647460938,0.0,88.0,ok
ZTF23aaappsd,,,,,,,,,empty
ZTF20acmbhgy,,,,,,,,,empty
ZTF19abzhzet,0.40497760704897945,,,21.18090057373047,,,0.0,2.0,ok
ZTF23abuwrzn,,,,,,,,,empty
ZTF19aailvgo,,,,,,,,,empty
ZTF25acdgvbx,,,,,,,,,empty
ZTF25aatdvzt,0.5651563341138325,17.084199905395508,16.258899688720703,15.67870044708252,0.8253002166748047,0.5801992416381836,0.0,50.0,ok
ZTF21abgzlyi,,,,,,,,,empty
ZTF24abkgfqo,0.6341177623652277,20.92840003967285,20.89579963684082,20.447900772094727,0.03260040283203125,0.44789886474609375,0.0,48.0,ok
ZTF24abydvcs,,,,,,,,,empty
ZTF23aadbswn,,,,,,,,,empty
ZTF22abcbses,,,,,,,,,empty
ZTF24aahdpki,,,,,,,,,empty
ZTF22aabjpii,0.6080821683082288,20.490400314331055,20.187000274658203,20.04829978942871,0.30340003967285156,0.1387004852294922,0.0,68.0,ok
ZTF22aaidexe,,,,,,,,,empty
ZTF19abyjjxp,0.14556942209078863,19.12980079650879,18.161300659179688,17.841999053955078,0.9685001373291016,0.3193016052246094,0.0,74.0,ok
ZTF25acaswtp,0.1671424434424418,18.406999588012695,17.92460060119629,17.63800048828125,0.48239898681640625,0.28660011291503906,0.0,67.0,ok
ZTF21abrpdsp,1.075562875490377,18.069000244140625,16.730499267578125,16.218599319458008,1.3385009765625,0.5118999481201172,0.0,63.0,ok
ZTF21acindcq,,,,,,,,,empty
ZTF18abykswp,,,,,,,,,empty
ZTF19aaafqfi,0.1317192837056513,17.929000854492188,17.39940071105957,17.000499725341797,0.5296001434326172,0.39890098571777344,0.0,58.0,ok
ZTF21acjosgg,0.6540437340822809,18.793399810791016,17.887500762939453,17.484699249267578,0.9058990478515625,0.402801513671875,0.0,75.0,ok
ZTF21abdvcaf,,,,,,,,,empty
ZTF21abdpgua,1.3614590587401665,21.473899841308594,21.019100189208984,20.816600799560547,0.4547996520996094,0.2024993896484375,0.0,47.0,ok
ZTF19aakzash,,,,,,,,,empty
ZTF18acaeous,,,,,,,,,empty
ZTF25aaohnzw,0.15842995498519288,22.1875,21.69930076599121,21.401500701904297,0.48819923400878906,0.29780006408691406,1.0,31.0,ok
ZTF24aayqrow,0.2799771644221349,20.8435001373291,20.259599685668945,20.05769920349121,0.5839004516601562,0.20190048217773438,0.0,91.0,ok
ZTF25aambsqu,,,,,,,,,empty
ZTF22aadfcnz,,,,,,,,,empty
ZTF19aawgolt,,,,,,,,,empty
ZTF24aakymro,,,,,,,,,empty
ZTF20aahirqq,1.1235637278119788,17.748300552368164,17.298900604248047,17.03339958190918,0.4493999481201172,0.2655010223388672,0.0,56.0,ok
ZTF19aavqoyu,0.9740744095820345,22.192899703979492,21.782800674438477,,0.4100990295410156,,,3.0,ok
ZTF24aaqzkpr,,,,,,,,,empty
ZTF25acbxksi,,,,,,,,,empty
ZTF21acciklh,,,,,,,,,empty
ZTF19aatmkll,,,,,,,,,empty
ZTF21aaarmhs,0.1244181780147452,,,,,,,3.0,ok
ZTF19abpuyvi,,,,,,,,,empty
ZTF19aavjlkx,,,,,,,,,empty
ZTF24abbggnw,,,,,,,,,empty
ZTF18acrdciw,,,,,,,,,empty
ZTF18aazcuno,0.38260221786078563,18.464799880981445,18.281999588012695,18.04640007019043,0.18280029296875,0.23559951782226562,0.0,73.0,ok
ZTF22abwmnow,,,,,,,,,empty
ZTF21abnfdqg,0.9686701045432359,,,17.362199783325195,,,0.0,3.0,ok
ZTF20abjxwga,,,,,,,,,empty
ZTF24aaysiig,,,,,,,,,empty
ZTF24abfpcjv,,,,,,,,,empty
ZTF19acvrigb,,,,,,,,,empty
ZTF25abuorhl,,,,,,,,,empty
ZTF25aakatxm,0.0889971432149196,21.959199905395508,21.487199783325195,21.48509979248047,0.4720001220703125,0.0020999908447265625,0.0,18.0,ok
ZTF18abvftig,,,,,,,,,empty
ZTF20aazgxgk,,,,,,,,,empty
ZTF22abtowei,,,,,,,,,empty
ZTF22aaaeeva,1.4639548280452197,20.241500854492188,20.250699996948242,20.3257999420166,-0.009199142456054688,-0.07509994506835938,0.0,51.0,ok
ZTF18acyawjf,,,,,,,,,empty
ZTF21abwtnzp,,,,,,,,,empty
ZTF21aatvcdl,,,,,,,,,empty
ZTF23aaznywn,,,,,,,,,empty
ZTF21accibae,0.8624910156839724,19.200199127197266,18.738300323486328,18.28019905090332,0.4618988037109375,0.4581012725830078,0.0,67.0,ok
ZTF24acaccrk,1.3673313748818734,,18.899999618530273,18.300199508666992,,0.5998001098632812,0.0,10.0,ok
ZTF19acccyxx,1.3366616114841248,,19.327699661254883,,,,,4.0,ok
ZTF20abndopb,,,,,,,,,empty
ZTF21abdpios,1.1309646138921394,17.475799560546875,16.722000122070312,16.391000747680664,0.7537994384765625,0.33099937438964844,0.0,115.0,ok
ZTF25acahppo,0.8459956773922844,20.516799926757812,20.156200408935547,19.830699920654297,0.3605995178222656,0.32550048828125,0.0,35.0,ok
ZTF25aalqsel,0.5436062677261762,18.2106990814209,17.518199920654297,17.24250030517578,0.6924991607666016,0.2756996154785156,0.0,63.0,ok
ZTF19aaojljx,0.5550354383985329,19.58209991455078,18.982799530029297,18.190399169921875,0.5993003845214844,0.7924003601074219,0.0,45.0,ok
ZTF23aaaifdk,,,,,,,,,empty
ZTF20abqbzuv,,,,,,,,,empty
ZTF21aclmgzk,,,,,,,,,empty
ZTF24abbrvli,0.1360256985262913,19.984600067138672,,,,,,2.0,ok
ZTF22aaarcds,,,,,,,,,empty
ZTF20abqefja,0.8993009647988425,,,19.145599365234375,,,0.0,2.0,ok
ZTF19aanhhal,,,,,,,,,empty
ZTF22abrahwy,,,,,,,,,empty
ZTF24abdxiah,,,,,,,,,empty
ZTF24abfawev,0.5647574784181997,22.21980094909668,21.806100845336914,21.75860023498535,0.4137001037597656,0.0475006103515625,0.0,9.0,ok
ZTF21aaxvnjy,1.1621297469353793,22.096799850463867,21.277999877929688,20.656600952148438,0.8187999725341797,0.62139892578125,0.0,69.0,ok
ZTF20acpprmy,,,,,,,,,empty
ZTF24aavdccv,,,,,,,,,empty
ZTF24abnxfrq,,,,,,,,,empty
ZTF24abiltvb,0.7160328814757958,19.398500442504883,19.117300033569336,18.95870018005371,0.2812004089355469,0.158599853515625,0.0,61.0,ok
ZTF18abaeawz,0.694143452806046,,19.929000854492188,,,,,2.0,ok
ZTF23aakcbfv,0.9213348757441215,20.72960090637207,20.44770050048828,20.116600036621094,0.28190040588378906,0.3311004638671875,0.0,52.0,ok
ZTF25abigyri,1.3021041216729863,19.833599090576172,19.6210994720459,19.07469940185547,0.21249961853027344,0.5464000701904297,0.0,73.0,ok
ZTF23aaasden,0.6638456369387993,20.11440086364746,19.962299346923828,19.77549934387207,0.1521015167236328,0.1868000030517578,0.0,69.0,ok
ZTF25acfkgdg,,,,,,,,,empty
ZTF25aangnvu,0.22705606344779203,20.677600860595703,20.17140007019043,19.83169937133789,0.5062007904052734,0.33970069885253906,0.0,62.0,ok
ZTF20abfadah,,,,,,,,,empty
ZTF25achwzws,0.3084161435625183,21.80389976501465,21.677099227905273,21.78230094909668,0.126800537109375,-0.10520172119140625,0.0,8.0,ok
ZTF23aaaznjk,,,,,,,,,empty
ZTF25aceopyo,,,,,,,,,empty
ZTF21abbvvmf,,,,,,,,,empty
ZTF20aazrxef,,,,,,,,,empty
ZTF21acapxdf,1.0969077441334967,,,21.260000228881836,,,0.0,3.0,ok
ZTF22aaojclr,,,,,,,,,empty
ZTF24aabvtdh,,,,,,,,,empty
ZTF23abktfjr,0.11692115980164015,18.850099563598633,,,,,,2.0,ok
ZTF23aaqekiu,0.08453745005257687,21.046499252319336,20.815099716186523,20.46269989013672,0.2313995361328125,0.3523998260498047,0.0,58.0,ok
ZTF20aastgns,0.11821763594356191,17.71109962463379,17.617900848388672,16.8843994140625,0.09319877624511719,0.7335014343261719,0.0,57.0,ok
ZTF20aaieyuw,0.12101348189760038,20.386699676513672,20.162500381469727,20.411399841308594,0.2241992950439453,-0.2488994598388672,0.0,44.0,ok
ZTF21abutpwh,,,,,,,,,empty
ZTF20acgiglu,,,,,,,,,empty
ZTF21abtdlno,,,,,,,,,empty
ZTF20aatpxkq,,,,,,,,,empty
ZTF25aboyxea,,,,,,,,,empty
ZTF25aafvbeq,1.1266054481473506,18.60099983215332,18.92970085144043,18.612699508666992,-0.3287010192871094,0.3170013427734375,,19.0,ok
ZTF21aaqzrat,0.13808597087855842,22.298999786376953,21.9237003326416,,0.37529945373535156,,,3.0,ok
ZTF25ackyhla,,,,,,,,,empty
ZTF22aaqyiqm,,,,,,,,,empty
ZTF22aatfjcy,,,,,,,,,empty
ZTF18abmxdhb,0.295688336114353,21.967199325561523,22.010799407958984,20.558799743652344,-0.04360008239746094,1.4519996643066406,,13.0,ok
ZTF24aawruen,,,,,,,,,empty
ZTF25aauvser,,,,,,,,,empty
ZTF24abavoif,0.6674976626110395,20.146099090576172,19.951000213623047,19.690099716186523,0.195098876953125,0.26090049743652344,0.0,64.0,ok
ZTF22aahgxdt,,,,,,,,,empty
ZTF19abvvpoh,,,,,,,,,empty
ZTF23aagjylc,,,,,,,,,empty
ZTF23aaelgnd,0.563040438500381,19.101299285888672,18.33169937133789,18.406400680541992,0.7695999145507812,-0.07470130920410156,0.0,67.0,ok
ZTF21abbzhvg,0.0732306569144026,18.778499603271484,18.11720085144043,17.65730094909668,0.6612987518310547,0.45989990234375,0.0,90.0,ok
ZTF21aaqafcf,,,,,,,,,empty
ZTF25abtoiqa,,,,,,,,,empty
ZTF20abfhzhm,,,,,,,,,empty
ZTF19acyfkzd,,,,,,,,,empty
ZTF19abyikbv,1.189965338266059,12.01200008392334,12.135000228881836,12.291000366210938,-0.1230001449584961,-0.15600013732910156,,68.0,ok
ZTF19acxlylb,0.654349275137125,17.44379997253418,16.424800872802734,16.198299407958984,1.0189990997314453,0.22650146484375,0.0,58.0,ok
ZTF24aahkesn,,,,,,,,,empty
ZTF24aabwuul,,,,,,,,,empty
ZTF23aadbzqx,,,,,,,,,empty
ZTF19aaplpaa,,,,,,,,,empty
ZTF19acgjpgh,,,,,,,,,empty
ZTF24aawtoiv,0.5144785729842911,18.343000411987305,18.21339988708496,17.980199813842773,0.12960052490234375,0.2332000732421875,0.0,55.0,ok
ZTF25ackwqbt,,,,,,,,,empty
ZTF23abhtsna,,,,,,,,,empty
ZTF20acqoiyt,0.17743227223529495,19.074199676513672,18.60260009765625,18.401399612426758,0.4715995788574219,0.2012004852294922,0.0,67.0,ok
ZTF23abhailb,,,,,,,,,empty
ZTF20acoxdas,,,,,,,,,empty
ZTF25accaqyn,,,,,,,,,empty
ZTF25abmlhkf,,,,,,,,,empty
ZTF19abattvp,0.3729953525776202,19.143999099731445,18.686399459838867,18.326200485229492,0.4575996398925781,0.360198974609375,0.0,73.0,ok
ZTF24abevlcq,0.9446377183470872,18.254199981689453,17.714799880981445,17.430500030517578,0.5394001007080078,0.2842998504638672,0.0,81.0,ok
ZTF25aaidlpx,,,,,,,,,empty
ZTF20aayuyak,,,,,,,,,empty
ZTF20abypkpz,0.24172830571436882,18.395099639892578,17.84469985961914,17.195999145507812,0.5503997802734375,0.6487007141113281,0.0,104.0,ok
ZTF20acyyavb,,,,,,,,,empty
ZTF21aaylpht,0.4085028755852881,,21.846500396728516,,,,,4.0,ok
ZTF20abxrsjb,,,,,,,,,empty
ZTF21abxtfwo,,,,,,,,,empty
ZTF19aailsfh,,,,,,,,,empty
ZTF25abkeofy,0.7633300204542017,,,,,,,2.0,ok
ZTF18aayjvve,,,,,,,,,empty
ZTF19abtulak,1.4898089589786492,,,20.350000381469727,,,,2.0,ok
ZTF22abanxam,0.5757567442712107,18.449199676513672,17.766000747680664,17.422300338745117,0.6831989288330078,0.3437004089355469,0.0,56.0,ok
ZTF20abxgxjd,,,,,,,,,empty
ZTF24aagtesv,,,,,,,,,empty
ZTF22abtcsyd,,,,,,,,,empty
ZTF23abjwgre,1.0159829972883945,16.61400032043457,19.13559913635254,16.069000244140625,-2.5215988159179688,3.066598892211914,,2.0,ok
ZTF25aacmgnn,,,,,,,,,empty
ZTF23aavmarm,,,,,,,,,empty
ZTF24aahtnpc,1.248050845116983,,,,,,,2.0,ok
ZTF20aaxckge,0.1230587736279176,,,15.683199882507324,,,1.0,2.0,ok
ZTF25ablvnyr,0.9002633429007092,21.61910057067871,21.273399353027344,21.465900421142578,0.3457012176513672,-0.19250106811523438,0.0,14.0,ok
ZTF19acxzdht,,,,,,,,,empty
ZTF21abhkeak,0.26927034065514943,20.241100311279297,19.72640037536621,19.659299850463867,0.5146999359130859,0.06710052490234375,0.0,59.0,ok
ZTF25aacdilx,,,,,,,,,empty
ZTF18abdcudb,0.4043478670467695,,20.759599685668945,20.332000732421875,,0.4275989532470703,0.0,3.0,ok
ZTF21aagydov,0.6333748010448079,18.200300216674805,17.24449920654297,16.828399658203125,0.9558010101318359,0.41609954833984375,0.0,85.0,ok
ZTF20aaevbvv,0.27241265099857426,,21.633899688720703,,,,,5.0,ok
ZTF25aalpmfp,,,,,,,,,empty
ZTF22aafqamd,,,,,,,,,empty
ZTF22abbbwtl,,,,,,,,,empty
ZTF20aamttni,,,,,,,,,empty
ZTF25abskhhq,,,,,,,,,empty
ZTF22aaokiud,,,,,,,,,empty
ZTF18aaxhcam,0.6329481318055628,17.524999618530273,17.09980010986328,16.630599975585938,0.4251995086669922,0.46920013427734375,0.0,97.0,ok
ZTF19abidfxd,1.0582727273371249,,20.5531005859375,20.072999954223633,,0.4801006317138672,0.0,2.0,ok
ZTF21aamkxbl,0.0830992420728896,17.877399444580078,17.378599166870117,16.9375,0.49880027770996094,0.4410991668701172,0.0,87.0,ok
ZTF24aaekbxi,1.221829324942774,20.841800689697266,,19.183799743652344,,,,2.0,ok
ZTF18abnnnzk,0.16958582680319872,18.275999069213867,17.402700424194336,17.102500915527344,0.8732986450195312,0.3001995086669922,0.0,87.0,ok
ZTF19accvbkv,0.07563773203956112,20.524799346923828,16.901899337768555,18.664199829101562,3.6229000091552734,-1.7623004913330078,0.0,9.0,ok
ZTF21aagtqpn,,,,,,,,,empty
ZTF24abiihsz,0.6296827563436462,19.72330093383789,18.88450050354004,18.467199325561523,0.8388004302978516,0.4173011779785156,0.0,69.0,ok
ZTF23abbzdoj,,,,,,,,,empty
ZTF23aakrngt,,,,,,,,,empty
ZTF19aaekvhn,1.0200383357445024,,,,,,,4.0,ok
ZTF24abzxalv,1.403868277270766,19.11400032043457,,19.58810043334961,,,0.0,2.0,ok
ZTF20aanxcpf,0.045055375379869166,18.40999984741211,18.20359992980957,17.759700775146484,0.20639991760253906,0.44389915466308594,0.0,77.0,ok
ZTF20actpbck,,,,,,,,,empty
ZTF20aaaweke,0.9180578341088688,18.731399536132812,18.121299743652344,17.524700164794922,0.6100997924804688,0.5965995788574219,0.0,55.0,ok
ZTF22aaagrex,1.0432904566659489,21.790700912475586,22.04129981994629,21.162500381469727,-0.2505989074707031,0.8787994384765625,0.0,16.0,ok
ZTF19abzlmwn,,,,,,,,,empty
ZTF18adjkwyk,0.29216428803315303,17.335100173950195,17.14739990234375,16.819900512695312,0.1877002716064453,0.3274993896484375,0.0,64.0,ok
ZTF18aasyjhd,0.570797775312049,20.226699829101562,19.474000930786133,19.121299743652344,0.7526988983154297,0.35270118713378906,0.0,54.0,ok
ZTF24aazagzl,,,,,,,,,empty
ZTF19acbwouf,,,,,,,,,empty
ZTF22aajhkvu,,,,,,,,,empty
ZTF24aaekaby,,,,,,,,,empty
ZTF20acpjodk,,,,,,,,,empty
ZTF18abnxhmc,,,,,,,,,empty
ZTF18abdiqdh,1.1712489109829896,,,,,,,2.0,ok
ZTF21abugfqj,0.09574835490290218,18.87420082092285,18.649900436401367,20.65839958190918,0.22430038452148438,-2.0084991455078125,0.0,9.0,ok
ZTF18abupgql,,,,,,,,,empty
ZTF21abtucck,,,,,,,,,empty
ZTF22aaynvgi,0.45729167854544583,20.19029998779297,19.959199905395508,19.608299255371094,0.23110008239746094,0.35090065002441406,0.0,74.0,ok
ZTF24ablvshn,0.3416975744474027,17.56060028076172,17.401500701904297,17.290800094604492,0.15909957885742188,0.11070060729980469,0.0,95.0,ok
ZTF22abnmpty,,,,,,,,,empty
ZTF20aculruc,0.9299102140595452,19.11090087890625,18.18779945373535,18.11750030517578,0.9231014251708984,0.07029914855957031,0.0,83.0,ok
ZTF22aaavods,,,,,,,,,empty
ZTF19abwsfsl,0.052077813582078754,21.104700088500977,20.369400024414062,20.58810043334961,0.7353000640869141,-0.21870040893554688,0.0,79.0,ok
ZTF24abuvjgs,0.1781549017287425,19.41080093383789,18.607099533081055,18.31760025024414,0.8037014007568359,0.28949928283691406,0.0,63.0,ok
ZTF25aavykre,,,,,,,,,empty
ZTF19aalouag,,,,,,,,,empty
ZTF19abqykei,,,,,,,,,empty
ZTF18aabkjfv,0.06402557579069043,15.262900352478027,15.012200355529785,15.03499984741211,0.2506999969482422,-0.02279949188232422,0.0,83.0,ok
ZTF19acjurot,0.531526661345564,21.36079978942871,21.077299118041992,,0.28350067138671875,,,10.0,ok
ZTF25abqkwce,,,,,,,,,empty
ZTF20acnrphs,,,,,,,,,empty
ZTF23abahmkx,,,,,,,,,empty
ZTF23abigzke,,,,,,,,,empty
ZTF21aciqcge,0.8647255775981249,,,21.11829948425293,,,,2.0,ok
ZTF25aanqbbl,1.4705114766379486,19.649999618530273,,,,,,2.0,ok
ZTF25acegldm,,,,,,,,,empty
ZTF21aagygzv,,,,,,,,,empty
ZTF25abikjqa,,,,,,,,,empty
ZTF24aauelbz,,,,,,,,,empty
ZTF19aaeflme,,,,,,,,,empty
ZTF24abakgyn,,,,,,,,,empty
ZTF21abghxht,,,,,,,,,empty
ZTF21achbgdo,0.30349935497757036,19.137300491333008,18.395099639892578,17.913000106811523,0.7422008514404297,0.4820995330810547,0.0,90.0,ok
ZTF24abgoeuh,,,,,,,,,empty
ZTF20acphdcg,,,,,,,,,empty
ZTF23aabvcmb,,,,,,,,,empty
ZTF24abtuxkj,,,,,,,,,empty
ZTF25abkwytp,0.8881279393513667,,,19.404199600219727,,,,2.0,ok
ZTF25aaixhxe,,,,,,,,,empty
ZTF25acgsxcb,0.7687317110993684,,,,,,,2.0,ok
ZTF21abctnoh,,,,,,,,,empty
ZTF22abcklkb,1.2204181721451965,18.36039924621582,17.66659927368164,17.295799255371094,0.6937999725341797,0.3708000183105469,0.0,55.0,ok
ZTF22aaaepjq,,,,,,,,,empty
ZTF19aacivvy,0.6711511018112625,20.705299377441406,21.156600952148438,20.523799896240234,-0.45130157470703125,0.6328010559082031,0.0,4.0,ok
ZTF23abvdonl,,,,,,,,,empty
ZTF21achjcui,,,,,,,,,empty
ZTF23aboebgh,,,,,,,,,empty
ZTF21aahccrk,,,,,,,,,empty
ZTF24aapebzb,0.22686472622053191,19.91029930114746,19.48270034790039,19.638900756835938,0.4275989532470703,-0.15620040893554688,0.0,59.0,ok
ZTF22aaahglh,1.4368275964186747,18.915300369262695,18.590200424194336,18.141599655151367,0.3250999450683594,0.44860076904296875,0.0,66.0,ok
ZTF23aarxtro,,,,,,,,,empty
ZTF24abtejwy,1.2845755385697308,,21.01919937133789,,,,,3.0,ok
ZTF24abriexo,0.5013863500061801,21.22570037841797,21.008800506591797,20.939899444580078,0.21689987182617188,0.06890106201171875,0.0,58.0,ok
ZTF24aanngpp,,,,,,,,,empty
ZTF19aclhnkd,,,,,,,,,empty
ZTF21aapxtqg,,,,,,,,,empty
ZTF24abnepdg,1.1602749944799389,,20.145200729370117,,,,,2.0,ok
ZTF20abekcdt,0.635689550210594,20.92460060119629,,20.05430030822754,,,0.0,3.0,ok
ZTF20abewogd,,,,,,,,,empty
ZTF21abpxquj,,,,,,,,,empty
ZTF19aapuohr,,,,,,,,,empty
ZTF23aaaprxt,,,,,,,,,empty
ZTF25aaggqco,,,,,,,,,empty
ZTF18aavdwmh,0.37498266938284913,19.011999130249023,18.22960090637207,17.9335994720459,0.7823982238769531,0.2960014343261719,0.0,76.0,ok
ZTF19aardunx,,,,,,,,,empty
ZTF19aavlnjz,,,,,,,,,empty
ZTF23aaiwwgd,,,,,,,,,empty
ZTF25abcxtvx,,,,,,,,,empty
ZTF23aahyznf,,,,,,,,,empty
ZTF19aajwlap,0.04367372901529009,20.833900451660156,20.356399536132812,20.10420036315918,0.47750091552734375,0.2521991729736328,1.0,68.0,ok
ZTF18abdfwur,0.19580865975812362,19.22089958190918,18.716400146484375,18.364700317382812,0.5044994354248047,0.3516998291015625,0.0,81.0,ok
ZTF19aauvkxu,,,,,,,,,empty
ZTF24aaoupov,,,,,,,,,empty
ZTF19adajivt,0.33534443158134525,,,21.134700775146484,,,0.0,6.0,ok
ZTF21aaprddk,,,,,,,,,empty
ZTF21aabqtsd,1.1910223093844041,,,18.41360092163086,,,0.0,31.0,ok
ZTF21abbaerh,,,,,,,,,empty
ZTF21abfmbix,,,,,,,,,empty
ZTF19acyfakk,,,,,,,,,empty
ZTF20aaybvye,,,,,,,,,empty
ZTF20aakficj,0.2457081410617479,,,21.86389923095703,,,1.0,2.0,ok
ZTF19abxdnhr,,,,,,,,,empty
ZTF23aaxbxlw,,,,,,,,,empty
ZTF24abeiqfc,0.42261415360986443,,19.124300003051758,,,,,4.0,ok
ZTF21aadkuko,0.8203601472743819,19.928300857543945,,,,,,3.0,ok
ZTF24aaqxkvr,0.7446716695533644,18.857799530029297,18.836299896240234,18.77400016784668,0.0214996337890625,0.06229972839355469,0.0,76.0,ok
ZTF22aaacwup,1.1855598660194158,,,18.813899993896484,,,0.0,2.0,ok
ZTF21abcouxj,,,,,,,,,empty
ZTF22abghrui,,,,,,,,,empty
ZTF22abmwonm,0.4913771746532557,,17.849700927734375,17.87310028076172,,-0.02339935302734375,,3.0,ok
ZTF23abooocr,0.4333217581377165,19.669099807739258,22.289100646972656,18.51140022277832,-2.6200008392333984,3.777700424194336,0.0,26.0,ok
ZTF23aaejumk,,,,,,,,,empty
ZTF20aapdgaw,,,,,,,,,empty
ZTF21abqjjrb,0.3218632288277853,20.099199295043945,18.819900512695312,20.20159912109375,1.2792987823486328,-1.3816986083984375,0.0,8.0,ok
ZTF20ablnjvp,0.5779750381261439,19.138999938964844,19.19420051574707,18.752099990844727,-0.05520057678222656,0.44210052490234375,0.0,96.0,ok
ZTF24aaiegnl,0.70478370882007,,,,,,,3.0,ok
ZTF20abnofwd,,,,,,,,,empty
ZTF19acigkma,0.24953990608184853,19.810300827026367,18.978900909423828,18.600900650024414,0.8313999176025391,0.37800025939941406,0.0,93.0,ok
ZTF23abtniaf,,,,,,,,,empty
ZTF24aajqamj,,,,,,,,,empty
ZTF24aagkjca,0.3009548954291235,18.78529930114746,20.681400299072266,17.973499298095703,-1.8961009979248047,2.7079010009765625,0.0,14.0,ok
ZTF20ableiem,,,,,,,,,empty
ZTF23abscruh,0.3138362527225371,21.265199661254883,20.725000381469727,20.632099151611328,0.5401992797851562,0.09290122985839844,0.0,19.0,ok
ZTF21abpaodi,,,,,,,,,empty
ZTF24aabpojp,0.5845751156186035,20.53580093383789,21.09939956665039,20.44659996032715,-0.5635986328125,0.6527996063232422,0.0,9.0,ok
ZTF25abxfixs,,,,,,,,,empty
ZTF20aauvmix,0.08182503119353073,21.447399139404297,21.547300338745117,21.399599075317383,-0.09990119934082031,0.14770126342773438,0.0,12.0,ok
ZTF18aaaehwv,0.27461354215059586,22.076900482177734,,21.30579948425293,,,0.0,3.0,ok
ZTF19aaadwfi,,,,,,,,,empty
ZTF18aawseij,0.20999965192108888,17.90760040283203,17.07040023803711,16.563899993896484,0.8372001647949219,0.506500244140625,0.0,89.0,ok
ZTF24aaosvzx,,,,,,,,,empty
ZTF21abgzyvg,1.386606012221321,18.510700225830078,18.255199432373047,18.135099411010742,0.25550079345703125,0.12010002136230469,0.0,57.0,ok
ZTF22abvkkgu,,,,,,,,,empty
ZTF19achetvw,0.47074485103766617,,,18.618200302124023,,,,2.0,ok
ZTF25acktnvu,0.7642951616325053,18.234899520874023,17.866899490356445,17.54800033569336,0.3680000305175781,0.31889915466308594,0.0,80.0,ok
ZTF20abzumlr,1.1466121720478126,18.65999984741211,19.28619956970215,18.56329917907715,-0.6261997222900391,0.722900390625,0.0,72.0,ok
ZTF20acqexmr,0.4550136056285647,20.35449981689453,19.054100036621094,19.438400268554688,1.3003997802734375,-0.38430023193359375,0.0,30.0,ok
ZTF19acbrola,,,,,,,,,empty
ZTF21ackbmei,0.21649617135656446,20.816699981689453,,,,,,2.0,ok
ZTF25abzmbdb,,,,,,,,,empty
ZTF20aclkuqh,,,,,,,,,empty
ZTF21aapfpod,,,,,,,,,empty
ZTF22abyrvsz,1.0962743753146136,,,18.61680030822754,,,0.0,2.0,ok
ZTF20abyvtds,,,,,,,,,empty
ZTF25acgcdtb,,,,,,,,,empty
ZTF22abfzarj,0.22452351212722388,19.109699249267578,18.42140007019043,17.8174991607666,0.6882991790771484,0.6039009094238281,0.0,84.0,ok
ZTF20abeeytg,,,,,,,,,empty
ZTF21aaekeqv,0.8713093813484462,21.0531005859375,21.041900634765625,20.972200393676758,0.011199951171875,0.06970024108886719,0.0,50.0,ok
ZTF20aciwcuz,,,,,,,,,empty
ZTF19aawlkjx,,,,,,,,,empty
ZTF18absgnbm,,,,,,,,,empty
ZTF19aaypehm,0.9649038853189892,20.510000228881836,19.98310089111328,19.84869956970215,0.5268993377685547,0.1344013214111328,0.0,71.0,ok
ZTF25abibaem,,,,,,,,,empty
ZTF20aamaqak,,,,,,,,,empty
ZTF20acvmzfv,,,,,,,,,empty
ZTF19abitbcj,0.46677567951594556,21.15760040283203,21.140199661254883,20.97599983215332,0.017400741577148438,0.1641998291015625,0.0,23.0,ok
ZTF20abywoaa,0.8658869570111563,,,21.2721004486084,,,0.0,2.0,ok
ZTF18abukavn,0.4626274814637218,19.879499435424805,19.986600875854492,19.835599899291992,-0.1071014404296875,0.1510009765625,0.0,70.0,ok
ZTF23abgpokx,0.7907528478728849,19.37019920349121,18.90220069885254,18.665700912475586,0.4679985046386719,0.23649978637695312,0.0,66.0,ok
ZTF24aaakprs,0.8703814687936322,,,,,,,2.0,ok
ZTF22aambfit,1.0130446993845312,20.386499404907227,20.26569938659668,19.814800262451172,0.12080001831054688,0.4508991241455078,0.0,85.0,ok
ZTF22aaqrszt,0.1262949805063675,18.469600677490234,17.704700469970703,17.52429962158203,0.7649002075195312,0.18040084838867188,0.0,64.0,ok
ZTF20abfsemq,,,,,,,,,empty
ZTF22aafoweb,,,,,,,,,empty
ZTF25aatnbdo,0.4530988703556584,18.184799194335938,17.422399520874023,17.334999084472656,0.7623996734619141,0.08740043640136719,0.0,58.0,ok
ZTF19aceqxtg,,,,,,,,,empty
ZTF20acghodf,,,,,,,,,empty
ZTF18abcohew,0.13836347864417456,18.15180015563965,17.520000457763672,17.00589942932129,0.6317996978759766,0.5141010284423828,0.0,75.0,ok
ZTF19adccrca,,,,,,,,,empty
ZTF19aawyepw,0.20200208343710666,19.064899444580078,18.611000061035156,18.092899322509766,0.4538993835449219,0.5181007385253906,0.0,72.0,ok
ZTF23aaqmwto,0.18394508106811655,19.95330047607422,19.58449935913086,19.321199417114258,0.3688011169433594,0.26329994201660156,0.0,76.0,ok
ZTF25aawdpdu,,,,,,,,,empty
ZTF20acbcfaa,0.16323518953182758,20.78030014038086,19.944499969482422,19.603700637817383,0.8358001708984375,0.34079933166503906,0.0,76.0,ok
ZTF23aaabewy,1.2088167547505986,,,18.67009925842285,,,0.0,2.0,ok
ZTF19abzprpk,0.5678322735113691,18.58810043334961,17.79949951171875,17.668899536132812,0.7886009216308594,0.1305999755859375,0.0,54.0,ok
ZTF18abeaipj,0.25096750841539794,21.865999221801758,21.606800079345703,21.280000686645508,0.2591991424560547,0.3267993927001953,0.0,32.0,ok
ZTF22aaajoxo,1.3367477810449697,,,19.49220085144043,,,,8.0,ok
ZTF20acujaft,0.4832865751224562,19.382299423217773,19.16550064086914,19.188499450683594,0.2167987823486328,-0.022998809814453125,0.0,69.0,ok
ZTF23aaqjrsx,,,,,,,,,empty
ZTF24aaqvqng,,,,,,,,,empty
ZTF19aavxpbx,0.3218969025668866,20.809499740600586,21.236400604248047,20.156200408935547,-0.42690086364746094,1.0802001953125,0.0,23.0,ok
ZTF23aakmqlj,0.8063446344645588,21.28730010986328,,19.840299606323242,,,,4.0,ok
ZTF25acjpvvr,1.1882310142257553,21.253799438476562,21.49410057067871,21.072599411010742,-0.24030113220214844,0.42150115966796875,0.0,15.0,ok
ZTF20abhlncz,,,,,,,,,empty
ZTF21aaqvsvw,1.2796573286734167,,,17.66080093383789,,,0.0,2.0,ok
ZTF22aakmtrc,0.4130529911173993,19.123300552368164,18.49530029296875,18.067899703979492,0.6280002593994141,0.4274005889892578,0.0,58.0,ok
ZTF24aaplfjd,,,,,,,,,empty
ZTF24abddplf,1.0094929045854732,21.873199462890625,21.38330078125,21.08930015563965,0.489898681640625,0.29400062561035156,0.0,4.0,ok
ZTF20aacgrql,,,,,,,,,empty
ZTF22abhyzjq,0.719645665471442,,21.300800323486328,21.007999420166016,,0.2928009033203125,0.0,3.0,ok
ZTF25acjpwla,0.9207485229360829,19.70989990234375,,,,,,2.0,ok
ZTF18aasxahh,0.1801308731199102,18.39389991760254,17.664899826049805,17.792299270629883,0.7290000915527344,-0.12739944458007812,0.0,72.0,ok
ZTF24abmkros,,,,,,,,,empty
ZTF20aamlmec,,,,,,,,,empty
ZTF20abzjoxd,,,,,,,,,empty
ZTF21aaraqpr,1.1737014163118218,,,19.069000244140625,,,,3.0,ok
ZTF18abiyatb,0.2789911364150729,20.870100021362305,21.355300903320312,21.50160026550293,-0.4852008819580078,-0.1462993621826172,0.0,17.0,ok
ZTF23abrvauz,,,,,,,,,empty
ZTF21acdsnsh,0.11531551838678267,20.944900512695312,20.74370002746582,20.697599411010742,0.2012004852294922,0.046100616455078125,0.0,46.0,ok
ZTF25abzswyh,0.40751360333617476,,,19.588199615478516,,,,2.0,ok
ZTF20acpgzif,,,,,,,,,empty
ZTF20aafvzhu,,,,,,,,,empty
ZTF25ablulax,0.3972648115929232,21.800100326538086,21.29990005493164,21.390899658203125,0.5002002716064453,-0.09099960327148438,0.0,28.0,ok
ZTF23aarxtku,,,,,,,,,empty
ZTF23aaetmwj,1.3350396870566494,20.778099060058594,20.48040008544922,20.287700653076172,0.297698974609375,0.19269943237304688,0.0,59.0,ok
ZTF21abbodnh,,,,,,,,,empty
ZTF25aapqogh,,,,,,,,,empty
ZTF18abmxmsv,,,,,,,,,empty
ZTF21aaahuox,,,,,,,,,empty
ZTF23aasyslb,,,,,,,,,empty
ZTF25abiikwy,0.6539498591535506,21.463699340820312,21.516000747680664,21.22319984436035,-0.05230140686035156,0.2928009033203125,0.0,45.0,ok
ZTF21aaqhwgh,0.8499027517789219,,,,,,,2.0,ok
ZTF22aaabnwa,,,,,,,,,empty
ZTF21aaxjpsw,,,,,,,,,empty
ZTF24abokdnf,,,,,,,,,empty
ZTF25aaddjmx,,,,,,,,,empty
ZTF20achrklb,0.5879294250236624,18.639799118041992,17.805599212646484,17.577699661254883,0.8341999053955078,0.22789955139160156,0.0,63.0,ok
ZTF24abdounl,1.4166365204705582,20.26919937133789,20.392900466918945,20.261199951171875,-0.12370109558105469,0.1317005157470703,0.0,51.0,ok
ZTF22aadetzs,,,,,,,,,empty
ZTF20aaknyvm,0.18820834755227964,18.020299911499023,17.753599166870117,17.731300354003906,0.26670074462890625,0.022298812866210938,1.0,56.0,ok
ZTF25aadntob,,,,,,,,,empty
ZTF22abmynyd,,,,,,,,,empty
ZTF21acizrpw,,,,,,,,,empty
ZTF24aahaajg,0.6667275503528564,18.901500701904297,18.025699615478516,18.167600631713867,0.8758010864257812,-0.14190101623535156,0.0,77.0,ok
ZTF20acnvzga,0.7074079353172588,18.721599578857422,17.99570083618164,17.457700729370117,0.7258987426757812,0.5380001068115234,0.0,81.0,ok
ZTF24aaozxhx,0.7751283885141197,18.019399642944336,18.041400909423828,17.68120002746582,-0.022001266479492188,0.3602008819580078,0.0,68.0,ok
ZTF22abyhxlj,0.5299435292487145,19.392499923706055,19.292600631713867,19.194700241088867,0.0998992919921875,0.097900390625,0.0,69.0,ok
ZTF18abspqsn,1.0601309256948035,,,19.13599967956543,,,0.0,2.0,ok
ZTF18ablqjul,0.053687758456177674,22.079200744628906,21.985599517822266,21.0846004486084,0.09360122680664062,0.9009990692138672,0.0,4.0,ok
ZTF18abnzocn,,,,,,,,,empty
ZTF25abpfatp,0.4249268814644159,19.115699768066406,18.87540054321289,18.374000549316406,0.24029922485351562,0.5013999938964844,0.0,48.0,ok
ZTF21aahfjrr,0.8528908081504665,20.564800262451172,20.143800735473633,19.97100067138672,0.42099952697753906,0.17280006408691406,0.0,58.0,ok
ZTF19acxldra,,,,,,,,,empty
ZTF24abqkitr,0.19649952314664104,18.819299697875977,18.104900360107422,17.557199478149414,0.7143993377685547,0.5477008819580078,0.0,83.0,ok
ZTF20acgbkji,,,,,,,,,empty
ZTF23abpnqng,1.0377183924290982,,,18.789499282836914,,,0.0,4.0,ok
ZTF25aaofxjv,,,,,,,,,empty
ZTF24abxqumm,1.2040494488301958,21.43950080871582,21.42729949951172,20.84950065612793,0.012201309204101562,0.5777988433837891,0.0,19.0,ok
ZTF22abyktmi,,,,,,,,,empty
ZTF20abysqxw,,,,,,,,,empty
ZTF20acfwrln,,,,,,,,,empty
ZTF19acdxlns,0.3684138759206634,18.694499969482422,18.38640022277832,18.149099349975586,0.30809974670410156,0.23730087280273438,0.0,71.0,ok
ZTF19aaknacv,,,,,,,,,empty
ZTF18abskove,0.10082554027856294,21.24880027770996,20.997400283813477,20.81060028076172,0.2513999938964844,0.1868000030517578,0.0,68.0,ok
ZTF20aaaydnj,0.5140860312316784,17.39229965209961,17.174299240112305,16.866199493408203,0.2180004119873047,0.30809974670410156,0.0,79.0,ok
ZTF22abjrrea,0.47443764743306,17.752700805664062,17.31290054321289,16.800399780273438,0.4398002624511719,0.5125007629394531,0.0,69.0,ok
ZTF18abvejbm,,,,,,,,,empty
ZTF20acwqndp,,,,,,,,,empty
ZTF20acoojba,1.0649782728432022,,21.70800018310547,21.69099998474121,,0.017000198364257812,0.0,4.0,ok
ZTF21abrhggj,,,,,,,,,empty
ZTF25abedagz,,,,,,,,,empty
ZTF24aauprgc,,,,,,,,,empty
ZTF24abnqnpw,,,,,,,,,empty
ZTF18abesqnb,,,,,,,,,empty
ZTF19aaduufr,,,,,,,,,empty
ZTF25aaxjzzz,,,,,,,,,empty
ZTF19aadtgxw,,,,,,,,,empty
ZTF19aavqiuw,,,,,,,,,empty
ZTF19acxlddi,0.9728358498917132,17.585500717163086,16.891300201416016,16.827299118041992,0.6942005157470703,0.06400108337402344,0.0,66.0,ok
ZTF22abaiyyz,0.19653989811324038,21.339799880981445,21.136999130249023,20.875900268554688,0.20280075073242188,0.26109886169433594,0.0,47.0,ok
ZTF19aabmybj,,,,,,,,,empty
ZTF20acusylb,,,,,,,,,empty
ZTF20acdnmpv,,,,,,,,,empty
ZTF23aajjzbm,,,,,,,,,empty
ZTF25aaiitra,0.11172228987829307,19.506399154663086,18.943500518798828,18.54800033569336,0.5628986358642578,0.39550018310546875,0.0,56.0,ok
ZTF20acwtsrd,,,,,,,,,empty
ZTF23aadxrid,0.8684340461004746,18.910999298095703,18.213899612426758,17.68829917907715,0.6970996856689453,0.5256004333496094,0.0,51.0,ok
ZTF21aaglrfh,1.0841641322873343,17.528499603271484,,,,,,2.0,ok
ZTF20aaeszsm,,,,,,,,,empty
ZTF22aaafrcl,1.0251616223633286,20.68079948425293,,20.278400421142578,,,0.0,11.0,ok
ZTF19aakthjl,,,,,,,,,empty
ZTF24abnyans,,,,,,,,,empty
ZTF19aazlsfj,,,,,,,,,empty
ZTF19achbhfc,,,,,,,,,empty
ZTF24aazlmpe,0.2594904839220336,19.620500564575195,18.704999923706055,18.064699172973633,0.9155006408691406,0.6403007507324219,0.0,72.0,ok
ZTF21aagtqgz,1.4837529253502943,19.92770004272461,,,,,,6.0,ok
ZTF19abgfrbl,,,,,,,,,empty
ZTF23aacydwa,,,,,,,,,empty
ZTF25aagoicl,0.7323215637192162,20.047000885009766,19.994300842285156,19.676000595092773,0.052700042724609375,0.3183002471923828,0.0,91.0,ok
ZTF24abnhusw,,,,,,,,,empty
ZTF24abrumcf,,,,,,,,,empty
ZTF23abqfuwf,,,,,,,,,empty
ZTF21abmfrad,,,,,,,,,empty
ZTF20abwdaeo,,,,,,,,,empty
ZTF18adbinya,0.2585032953448879,17.757600784301758,17.51729965209961,16.890499114990234,0.24030113220214844,0.626800537109375,0.0,80.0,ok
ZTF23absjgta,,,,,,,,,empty
ZTF18abdgwxn,,,,,,,,,empty
ZTF24abljkvr,,,,,,,,,empty
ZTF20abmlxrx,,,,,,,,,empty
ZTF21ablvzhp,,,,,,,,,empty
ZTF19abpelgt,,,,,,,,,empty
ZTF22abfstwn,0.43758651533100174,19.07830047607422,18.082000732421875,17.820199966430664,0.9962997436523438,0.26180076599121094,0.0,55.0,ok
ZTF20abctyza,0.47629398206448326,21.70680046081543,21.985599517822266,21.533199310302734,-0.27879905700683594,0.45240020751953125,0.0,25.0,ok
ZTF21acjvjyk,,,,,,,,,empty
ZTF20acuzfpk,,,,,,,,,empty
ZTF25abxdlzo,,,,,,,,,empty
ZTF22aaaehtn,,,,,,,,,empty
ZTF20aaurhio,1.4078786759558954,,,21.42449951171875,,,1.0,2.0,ok
ZTF21abjrptn,0.9156907686337851,19.564800262451172,19.332300186157227,18.885099411010742,0.2325000762939453,0.4472007751464844,0.0,91.0,ok
ZTF18aabilqu,0.009664295538852466,15.458000183105469,14.816499710083008,15.208399772644043,0.6415004730224609,-0.39190006256103516,0.0,70.0,ok
ZTF20abgbuly,,,,,,,,,empty
ZTF20acifwef,0.5083210121129645,19.9606990814209,19.46579933166504,19.41119956970215,0.4948997497558594,0.054599761962890625,0.0,88.0,ok
ZTF17aadcbei,,,,,,,,,empty
ZTF24aabppgn,,,,,,,,,empty
ZTF19aaysiwt,0.41431862699458405,20.8031005859375,20.6387996673584,20.43950080871582,0.16430091857910156,0.19929885864257812,0.0,18.0,ok
ZTF19aadttht,,,,,,,,,empty
ZTF20acwcfvx,,,,,,,,,empty
ZTF22aatvdon,,,,,,,,,empty
ZTF19abzzuin,0.112874030531732,21.23110008239746,21.309999465942383,21.322599411010742,-0.07889938354492188,-0.012599945068359375,1.0,31.0,ok
ZTF20adaftef,0.5609076761243229,18.770299911499023,18.20800018310547,18.024999618530273,0.5622997283935547,0.1830005645751953,0.0,70.0,ok
ZTF19aarnqys,0.9277466132489794,,,20.636199951171875,,,0.0,2.0,ok
ZTF20acoykif,1.267610391688658,20.73819923400879,20.291799545288086,19.885400772094727,0.4463996887207031,0.4063987731933594,0.0,79.0,ok
ZTF19aayrosj,1.4433102494245702,18.716100692749023,18.505699157714844,18.517200469970703,0.2104015350341797,-0.011501312255859375,0.0,49.0,ok
ZTF25aahccao,,,,,,,,,empty
ZTF21abdveqn,1.0282975566613288,14.446000099182129,18.64419937133789,18.637300491333008,-4.198199272155762,0.0068988800048828125,0.0,3.0,ok
ZTF19abqykyd,1.3376512169364265,,21.543399810791016,21.175500869750977,,0.36789894104003906,0.0,23.0,ok
ZTF18aaqqhis,0.2122004197423732,18.349899291992188,17.86210060119629,17.538400650024414,0.48779869079589844,0.323699951171875,0.0,85.0,ok
ZTF19aayslow,,,,,,,,,empty
ZTF21absbrbd,0.773940074379594,21.714099884033203,21.701099395751953,,0.01300048828125,,,2.0,ok
ZTF18acsjrbc,,,,,,,,,empty
ZTF23abaactr,,,,,,,,,empty
ZTF19abpidqn,0.8165720864319329,19.932899475097656,,,,,,4.0,ok
ZTF18absgnio,0.11958728188553017,18.192800521850586,17.486299514770508,17.298599243164062,0.7065010070800781,0.1877002716064453,0.0,87.0,ok
ZTF24aatlsjq,,,,,,,,,empty
ZTF19aahulyd,0.2527550233632587,19.530500411987305,,,,,,2.0,ok
ZTF19abqgytb,,,,,,,,,empty
ZTF24aahestx,,,,,,,,,empty
ZTF20abjnqcj,0.15972870691893298,17.24970054626465,16.952199935913086,18.389699935913086,0.2975006103515625,-1.4375,1.0,10.0,ok
ZTF19aalemmz,0.7248723457031448,20.434999465942383,19.86520004272461,19.40180015563965,0.5697994232177734,0.46339988708496094,0.0,63.0,ok
ZTF22aaafohf,,,,,,,,,empty
ZTF24aaadcxh,,,,,,,,,empty
ZTF18aataafd,,,,,,,,,empty
ZTF25aarutoh,,,,,,,,,empty
ZTF21aawckpe,0.053720637166996155,18.213600158691406,17.757699966430664,17.41670036315918,0.4559001922607422,0.3409996032714844,0.0,57.0,ok
ZTF18abtgnxs,0.21639736330936904,16.851299285888672,16.270099639892578,15.890199661254883,0.5811996459960938,0.3798999786376953,0.0,90.0,ok
ZTF20acgrvtr,,,,,,,,,empty
ZTF19aclkofz,0.05171756966079565,,,,,,,2.0,ok
ZTF24aacxzca,0.9240412263607674,20.315200805664062,20.509599685668945,20.254499435424805,-0.1943988800048828,0.2551002502441406,0.0,12.0,ok
ZTF24abcqaus,,,,,,,,,empty
ZTF20acueziy,0.7696463972638309,17.984399795532227,17.128000259399414,17.376100540161133,0.8563995361328125,-0.24810028076171875,0.0,60.0,ok
ZTF21aajgdpo,0.6337789391329333,20.035400390625,,19.383100509643555,,,0.0,6.0,ok
ZTF21aagofpx,0.5024927278847349,19.32900047302246,19.252700805664062,18.502399444580078,0.07629966735839844,0.7503013610839844,0.0,15.0,ok
ZTF19aartuli,1.022508109627641,19.805500030517578,18.515399932861328,18.347000122070312,1.29010009765625,0.16839981079101562,0.0,5.0,ok
ZTF18aazrdpr,0.15375234206603006,21.651399612426758,21.749500274658203,21.70549964904785,-0.09810066223144531,0.04400062561035156,0.0,7.0,ok
ZTF24aalqscn,0.9315285806594936,,21.758399963378906,,,,,2.0,ok
ZTF22abkbmob,,,,,,,,,empty
ZTF24abefzuh,,,,,,,,,empty
ZTF20abgdspk,0.5701775038836432,20.136999130249023,19.466699600219727,19.046100616455078,0.6702995300292969,0.42059898376464844,0.0,92.0,ok
ZTF24abnvoty,,,,,,,,,empty
ZTF25acfybcc,0.9205742685138955,21.52630043029785,21.440200805664062,21.15880012512207,0.08609962463378906,0.2814006805419922,0.0,14.0,ok
ZTF24abugkym,0.5671940830959705,20.027099609375,20.05470085144043,,-0.027601242065429688,,,3.0,ok
ZTF19aaxpjpq,0.7869225409280808,19.036399841308594,19.138200759887695,18.58639907836914,-0.10180091857910156,0.5518016815185547,0.0,78.0,ok
ZTF19accuyyg,,,,,,,,,empty
ZTF18abdfydj,1.2303358199822854,21.928300857543945,21.154600143432617,20.339000701904297,0.7737007141113281,0.8155994415283203,0.0,41.0,ok
ZTF20abqdkne,,,,,,,,,empty
ZTF18acbwxou,0.5623503323791762,19.734800338745117,18.717899322509766,18.53459930419922,1.0169010162353516,0.18330001831054688,0.0,68.0,ok
ZTF19aavqics,,,,,,,,,empty
ZTF24aawxtxh,0.9096021283450344,21.791000366210938,21.529699325561523,21.48550033569336,0.26130104064941406,0.04419898986816406,0.0,12.0,ok
ZTF19aakirwj,0.32034028008018245,20.27750015258789,,,,,,3.0,ok
ZTF19actabny,,,,,,,,,empty
ZTF18aajupnt,0.1698729725379403,17.585399627685547,16.8080997467041,16.394100189208984,0.7772998809814453,0.4139995574951172,0.0,74.0,ok
ZTF25abhgdkw,,,,,,,,,empty
ZTF18aaqydat,,,,,,,,,empty
ZTF23aacvise,,,,,,,,,empty
ZTF24abgsfib,,,,,,,,,empty
ZTF19ackjvtl,,,,,,,,,empty
ZTF22abatsqa,0.7469425417175928,19.25779914855957,18.886199951171875,18.48579978942871,0.3715991973876953,0.40040016174316406,0.0,67.0,ok
ZTF23aaqwtak,,,,,,,,,empty
ZTF25aagbkaj,,,,,,,,,empty
ZTF24aayswrc,,,,,,,,,empty
ZTF22abtvgfs,,,,,,,,,empty
ZTF19abzwtiu,1.008627438954594,18.353200912475586,17.46470069885254,16.91699981689453,0.8885002136230469,0.5477008819580078,0.0,72.0,ok
ZTF25abwophe,,,,,,,,,empty
ZTF21aaxyecd,0.8957581046830239,18.30900001525879,17.71940040588379,17.23150062561035,0.589599609375,0.4878997802734375,0.0,64.0,ok
ZTF19abmpoxa,,,,,,,,,empty
ZTF24abnlxnf,1.2747547859742767,20.10300064086914,20.072200775146484,19.601600646972656,0.03079986572265625,0.4706001281738281,0.0,77.0,ok
ZTF19abegruk,,,,,,,,,empty
ZTF20abefyha,1.09665045797201,19.150999069213867,19.06719970703125,17.05340003967285,0.08379936218261719,2.0137996673583984,0.0,5.0,ok
ZTF22abnxovx,1.4836801589244921,,21.0846004486084,,,,,2.0,ok
ZTF20abodalh,,,,,,,,,empty
ZTF22aakpbbc,0.6835854816579688,19.852500915527344,19.19219970703125,18.92060089111328,0.6603012084960938,0.27159881591796875,0.0,77.0,ok
ZTF23aanqoyo,0.6006019324369803,20.47800064086914,20.37220001220703,20.58880043029785,0.10580062866210938,-0.2166004180908203,0.0,62.0,ok
ZTF22aawtunt,0.3249527831606183,18.777599334716797,18.070600509643555,17.73889923095703,0.7069988250732422,0.33170127868652344,0.0,74.0,ok
ZTF25abikgia,1.0202747871992197,19.602100372314453,18.79599952697754,18.40959930419922,0.8061008453369141,0.3864002227783203,,45.0,ok
ZTF21abdlvxh,,,,,,,,,empty
ZTF25acfgotd,,,,,,,,,empty
ZTF18aavrzxp,,,,,,,,,empty
ZTF22aaipocw,,,,,,,,,empty
ZTF22abunrnh,,,,,,,,,empty
ZTF25aascfmn,,,,,,,,,empty
ZTF19acelcan,,,,,,,,,empty
ZTF24aagtlpi,0.12813997632566718,21.962200164794922,21.864200592041016,21.614999771118164,0.09799957275390625,0.24920082092285156,1.0,8.0,ok
ZTF21aagoldn,0.045457731113952876,20.383699417114258,20.61520004272461,20.58769989013672,-0.23150062561035156,0.027500152587890625,1.0,21.0,ok
ZTF25aaabnxh,,,,,,,,,empty
ZTF25aaiouoy,,,,,,,,,empty
ZTF22abfnfud,,,,,,,,,empty
ZTF23aaabztz,1.4448622035312084,20.940000534057617,20.824499130249023,20.571500778198242,0.11550140380859375,0.25299835205078125,0.0,20.0,ok
ZTF19actfpma,,,,,,,,,empty
ZTF20ackpjmb,,,,,,,,,empty
ZTF18abxnvoz,0.08789522261539383,,17.02790069580078,16.88159942626953,,0.14630126953125,1.0,8.0,ok
ZTF24aaiervg,,,,,,,,,empty
ZTF25aalziig,1.0596996167019885,20.21809959411621,20.1023006439209,20.100799560546875,0.1157989501953125,0.0015010833740234375,,4.0,ok
ZTF21acbphas,,,,,,,,,empty
ZTF22abfyjgo,0.3158478036856236,18.281700134277344,17.419599533081055,17.180299758911133,0.8621006011962891,0.23929977416992188,0.0,66.0,ok
ZTF20aaiaaoi,0.21358088194399974,21.065099716186523,20.835500717163086,20.854799270629883,0.2295989990234375,-0.019298553466796875,0.0,18.0,ok
ZTF20aczgvfe,0.4279881352503635,21.302600860595703,21.154499053955078,21.381500244140625,0.148101806640625,-0.22700119018554688,0.0,15.0,ok
ZTF18abcezmh,1.1039360882047395,18.781700134277344,18.78030014038086,18.559900283813477,0.001399993896484375,0.2203998565673828,0.0,87.0,ok
ZTF23abpihew,0.6379226953975119,,,19.190900802612305,,,0.0,2.0,ok
ZTF20abxyjfg,,,,,,,,,empty
ZTF21abyahbi,,,,,,,,,empty
ZTF24aasdtkt,,,,,,,,,empty
ZTF19abakjci,,,,,,,,,empty
ZTF25abpopdk,0.9438619751573307,20.51129913330078,20.16629981994629,19.775800704956055,0.3449993133544922,0.3904991149902344,0.0,68.0,ok
ZTF23aazyntd,0.421150333674729,20.569599151611328,20.499900817871094,19.861600875854492,0.06969833374023438,0.6382999420166016,0.0,44.0,ok
ZTF20aadchdd,0.4557419714724748,21.95199966430664,21.38050079345703,21.713600158691406,0.5714988708496094,-0.333099365234375,0.0,7.0,ok
ZTF19aazwnwy,0.7094507263723067,,20.930700302124023,,,,,2.0,ok
ZTF18ablqqqp,,,,,,,,,empty
ZTF20aakodiq,,,,,,,,,empty
ZTF24aacyttg,,,,,,,,,empty
ZTF20aatxnxq,,,,,,,,,empty
ZTF24abtglxk,,,,,,,,,empty
ZTF24aahmgvr,1.09780470668193,,19.56209945678711,19.091800689697266,,0.47029876708984375,0.0,6.0,ok
ZTF22abfwchw,,,,,,,,,empty
ZTF25absjpon,,,,,,,,,empty
ZTF22acaczle,0.4979211039003527,17.84239959716797,16.98940086364746,16.788999557495117,0.8529987335205078,0.20040130615234375,0.0,69.0,ok
ZTF19abjgdhb,,,,,,,,,empty
ZTF21abuyhau,,,,,,,,,empty
ZTF22aajjawt,,,,,,,,,empty
ZTF20aaljgcp,,,,,,,,,empty
ZTF21aaptouk,,,,,,,,,empty
ZTF18aadlaxo,0.36639914524383316,17.87470054626465,17.246999740600586,16.82670021057129,0.6277008056640625,0.4202995300292969,0.0,86.0,ok
ZTF24aateouu,0.20576522532027006,19.88960075378418,19.243799209594727,18.66830062866211,0.6458015441894531,0.5754985809326172,0.0,39.0,ok
ZTF20acwnrty,1.4035485690534724,20.40920066833496,19.96929931640625,19.25550079345703,0.43990135192871094,0.7137985229492188,0.0,74.0,ok
ZTF20aamdyln,1.2545804804713243,20.41939926147461,20.410600662231445,20.219200134277344,0.008798599243164062,0.19140052795410156,0.0,53.0,ok
ZTF21aamwzfi,0.5003990895844778,20.417499542236328,19.717500686645508,19.644800186157227,0.6999988555908203,0.07270050048828125,0.0,94.0,ok
ZTF23aagdamr,1.2281483224318201,15.168000221252441,15.52400016784668,15.814000129699707,-0.3559999465942383,-0.28999996185302734,,2.0,ok
ZTF20abyxjvm,0.551742287401408,20.36440086364746,20.157800674438477,19.74530029296875,0.20660018920898438,0.41250038146972656,0.0,75.0,ok
ZTF21abxlpkc,0.14397098580028048,22.105499267578125,22.032100677490234,21.635299682617188,0.07339859008789062,0.3968009948730469,0.0,18.0,ok
ZTF21aaglxow,0.9785316457839693,19.181699752807617,18.891599655151367,18.39579963684082,0.29010009765625,0.4958000183105469,0.0,75.0,ok
ZTF22aaxklbk,,,,,,,,,empty
ZTF24aaekobc,0.4023481335230456,19.32270050048828,19.20669937133789,18.975099563598633,0.11600112915039062,0.2315998077392578,0.0,86.0,ok
ZTF19acrdqej,0.14633203589119315,20.367399215698242,20.135900497436523,19.812400817871094,0.23149871826171875,0.3234996795654297,0.0,59.0,ok
ZTF20acpbbqf,1.176412631484765,16.993900299072266,16.390300750732422,15.982600212097168,0.6035995483398438,0.4077005386352539,0.0,78.0,ok
ZTF21abvuttc,,,,,,,,,empty
ZTF21abrylwg,,,,,,,,,empty
ZTF18acaisao,0.0987197192535377,21.84440040588379,21.757699966430664,20.59079933166504,0.086700439453125,1.166900634765625,1.0,20.0,ok
ZTF19aantarc,,,,,,,,,empty
ZTF20acyxrez,,,,,,,,,empty
ZTF21achutuk,0.1628821177338133,19.303699493408203,19.05699920654297,18.224300384521484,0.24670028686523438,0.8326988220214844,0.0,66.0,ok
ZTF20abjpvce,0.7885875246242798,,19.375999450683594,19.8302001953125,,-0.45420074462890625,1.0,3.0,ok
ZTF20aamuqwn,,,,,,,,,empty
ZTF25acinfdh,,,,,,,,,empty
ZTF19acbvpjn,,,,,,,,,empty
ZTF22aafntmb,,,,,,,,,empty
ZTF19abcemxn,,,,,,,,,empty
ZTF24aarqrkn,,,,,,,,,empty
ZTF25aawterb,0.4452652576660975,20.287099838256836,19.805500030517578,19.509199142456055,0.4815998077392578,0.29630088806152344,0.0,70.0,ok
ZTF20abeglzu,,,,,,,,,empty
ZTF20acuzlib,1.3530719384784096,19.4960994720459,19.691999435424805,19.15180015563965,-0.19589996337890625,0.5401992797851562,0.0,95.0,ok
ZTF24aahznij,,,,,,,,,empty
ZTF19abgueit,0.22890468617017398,22.237199783325195,22.06719970703125,,0.1700000762939453,,,2.0,ok
ZTF24abojqpw,0.07829316413439748,18.500200271606445,17.746999740600586,17.436399459838867,0.7532005310058594,0.31060028076171875,0.0,81.0,ok
ZTF25acgohkl,,,,,,,,,empty
ZTF22abemcpy,,,,,,,,,empty
ZTF22aamgkdw,,,,,,,,,empty
ZTF22abjagqj,,,,,,,,,empty
ZTF19abpyqog,,,,,,,,,empty
ZTF19acdsqir,0.7120895058180234,19.486799240112305,18.38759994506836,18.076200485229492,1.0991992950439453,0.3113994598388672,0.0,82.0,ok
ZTF24abzwpkx,,,,,,,,,empty
ZTF21aaphlty,,,,,,,,,empty
ZTF23aadrume,0.045562970075959525,17.1156005859375,16.55030059814453,16.19070053100586,0.5652999877929688,0.3596000671386719,0.0,65.0,ok
ZTF21aaaldio,0.23606934602353705,,,19.223899841308594,,,,2.0,ok
ZTF21aabfwwl,,,,,,,,,empty
ZTF19abkdehm,0.6833499704273472,20.99720001220703,21.32710075378418,20.998300552368164,-0.32990074157714844,0.3288002014160156,0.0,41.0,ok
ZTF21aaqpykm,0.08285278084867993,19.86669921875,19.10569953918457,18.997400283813477,0.7609996795654297,0.10829925537109375,0.0,77.0,ok
ZTF22aasaapb,,,,,,,,,empty
ZTF20aauvjws,,,,,,,,,empty
ZTF25acazvii,,,,,,,,,empty
ZTF19abbxykm,,,,,,,,,empty
ZTF19abgjlef,0.04782662448167573,20.653499603271484,20.082799911499023,19.6643009185791,0.5706996917724609,0.4184989929199219,0.0,74.0,ok
ZTF24abeebbl,,,,,,,,,empty
ZTF18aceqrrs,,,,,,,,,empty
ZTF18acqpobb,,,,,,,,,empty
ZTF20acebgre,,,,,,,,,empty
ZTF22aavvqyh,0.21995343885616095,19.239999771118164,18.652700424194336,18.501800537109375,0.5872993469238281,0.15089988708496094,0.0,69.0,ok
ZTF21abmwwsq,0.9308451569265732,,,,,,,2.0,ok
ZTF25aacqvcq,,,,,,,,,empty
ZTF19aafmwhv,0.22255911432422187,21.1033992767334,21.04990005493164,20.821399688720703,0.05349922180175781,0.2285003662109375,0.0,42.0,ok
ZTF21abfnjiu,0.26233377110658623,19.870800018310547,19.755800247192383,19.515499114990234,0.11499977111816406,0.24030113220214844,0.0,61.0,ok
ZTF21aabyqps,,,,,,,,,empty
ZTF20acpqagp,,,,,,,,,empty
ZTF23abjuygh,,,,,,,,,empty
ZTF25aajuqtp,0.5023417540249283,12.800000190734863,12.678000450134277,12.696000099182129,0.12199974060058594,-0.017999649047851562,,96.0,ok
ZTF25abhtpmw,,,,,,,,,empty
ZTF21abflgpq,,,,,,,,,empty
ZTF24aaguabz,1.0502395955309707,,19.91349983215332,,,,,3.0,ok
ZTF20abucvpo,,,,,,,,,empty
ZTF19abpveqn,,,,,,,,,empty
ZTF23aavdhtr,0.4014229960507136,17.899099349975586,17.25830078125,16.877599716186523,0.6407985687255859,0.38070106506347656,0.0,79.0,ok
ZTF23aafsjor,,,,,,,,,empty
ZTF20abpeyat,,,,,,,,,empty
ZTF19aamhqej,,,,,,,,,empty
ZTF24abrhrgp,,,,,,,,,empty
ZTF22aaahjsi,,,,,,,,,empty
ZTF24abhwtud,,,,,,,,,empty
ZTF25aakmhgu,0.18729748975842253,21.127300262451172,20.302200317382812,19.840299606323242,0.8250999450683594,0.4619007110595703,0.0,68.0,ok
ZTF18abdhsfc,1.3138711797845095,19.1033992767334,18.725099563598633,18.50819969177246,0.3782997131347656,0.21689987182617188,0.0,66.0,ok
ZTF19aalckuo,0.7154422109987976,21.250900268554688,20.83679962158203,20.62540054321289,0.41410064697265625,0.21139907836914062,0.0,8.0,ok
ZTF19aajwjwq,,,,,,,,,empty
ZTF22aaaenuc,,,,,,,,,empty
ZTF23aaxchnm,,,,,,,,,empty
ZTF21abptxfk,,,,,,,,,empty
ZTF23aaakftr,1.1880231126665795,20.922199249267578,20.28809928894043,19.701000213623047,0.6340999603271484,0.5870990753173828,0.0,30.0,ok
ZTF21abcmepi,0.061509732193632524,21.58340072631836,21.087400436401367,21.132099151611328,0.4960002899169922,-0.04469871520996094,0.0,42.0,ok
ZTF20abjapav,,,,,,,,,empty
ZTF22acaunur,,,,,,,,,empty
ZTF25acfwklu,,,,,,,,,empty
ZTF19acrwvao,0.25142067917007893,20.947099685668945,20.942399978637695,20.470300674438477,0.00469970703125,0.47209930419921875,0.0,8.0,ok
ZTF20abegiry,,,,,,,,,empty
ZTF24aazmqbf,,,,,,,,,empty
ZTF18acdwazf,,,,,,,,,empty
ZTF21abhwnvw,,,,,,,,,empty
ZTF25abcfyxt,,,,,,,,,empty
ZTF24abibcib,,,,,,,,,empty
ZTF20aaeujsk,1.303086226333042,,,20.09910011291504,,,0.0,3.0,ok
ZTF20adadlqv,,,,,,,,,empty
ZTF18aceaape,0.1919890554087936,17.676799774169922,17.304899215698242,16.86039924621582,0.3719005584716797,0.4444999694824219,0.0,56.0,ok
ZTF23aapgckf,,,,,,,,,empty
ZTF21aavqwhh,,,,,,,,,empty
ZTF24aataxft,1.4245794704426717,18.356399536132812,17.62350082397461,15.163000106811523,0.7328987121582031,2.460500717163086,,18.0,ok
ZTF20aayknbc,0.4058779199621072,20.130800247192383,20.235599517822266,20.07390022277832,-0.10479927062988281,0.1616992950439453,0.0,60.0,ok
ZTF22aaopawk,,,,,,,,,empty
ZTF25abewmjr,0.8784172184486049,21.75779914855957,21.631900787353516,21.427200317382812,0.1258983612060547,0.20470046997070312,0.0,38.0,ok
ZTF25abwhfuq,,,,,,,,,empty
ZTF18aawitry,1.2578964289583288,19.591299057006836,18.802499771118164,18.679100036621094,0.7887992858886719,0.12339973449707031,0.0,72.0,ok
ZTF19aakrhzj,,,,,,,,,empty
ZTF20abfcrzj,1.147514885137148,,,21.470500946044922,,,0.0,3.0,ok
ZTF19adcdtkw,,,,,,,,,empty
ZTF22abkfhua,0.17680867934837957,19.1835994720459,18.564699172973633,18.43160057067871,0.6189002990722656,0.13309860229492188,0.0,69.0,ok
ZTF19aanetjx,0.12621275314072178,18.085800170898438,17.452899932861328,17.496400833129883,0.6329002380371094,-0.04350090026855469,0.0,66.0,ok
ZTF21aahptim,,,,,,,,,empty
ZTF23aawcatm,,,,,,,,,empty
ZTF21abukwfl,1.445285942899063,18.636199951171875,18.628999710083008,18.555999755859375,0.0072002410888671875,0.07299995422363281,0.0,80.0,ok
ZTF19aayjhpg,1.1903102589974903,,19.688400268554688,19.88759994506836,,-0.19919967651367188,0.0,4.0,ok
ZTF18acqtjcz,0.7175128962328521,19.013200759887695,18.20949935913086,17.757299423217773,0.8037014007568359,0.45219993591308594,0.0,74.0,ok
ZTF21achpuoa,,,,,,,,,empty
ZTF25abmxvln,,,,,,,,,empty
ZTF19acdabep,1.241018618825248,21.022199630737305,,,,,,2.0,ok
ZTF24abqvdnb,0.6480643171886611,18.548999786376953,18.32360076904297,17.89889907836914,0.22539901733398438,0.4247016906738281,0.0,99.0,ok
ZTF22abytqji,0.4436656732657048,18.61590003967285,17.855899810791016,17.45560073852539,0.7600002288818359,0.400299072265625,0.0,84.0,ok
ZTF23aazpupj,0.7421749014602399,17.09280014038086,16.281999588012695,15.984800338745117,0.8108005523681641,0.2971992492675781,0.0,110.0,ok
ZTF18aazblzy,,,,,,,,,empty
ZTF20acvjlev,,,,,,,,,empty
ZTF24aaekbim,0.5313033941224838,20.35219955444336,19.536399841308594,20.012100219726562,0.8157997131347656,-0.47570037841796875,0.0,52.0,ok
ZTF23abcqwkn,0.3187122276194956,18.55780029296875,17.94930076599121,17.703399658203125,0.6084995269775391,0.24590110778808594,0.0,71.0,ok
ZTF23aadwigb,0.2504915137117462,19.736499786376953,19.36479949951172,19.3075008392334,0.3717002868652344,0.05729866027832031,0.0,64.0,ok
ZTF20aaxxepr,,,,,,,,,empty
ZTF19acbrtbh,0.31520746875419886,,19.251800537109375,19.79439926147461,,-0.5425987243652344,0.0,2.0,ok
ZTF22aadggnb,,,,,,,,,empty
ZTF24aaphwtj,0.6836207673550591,21.369699478149414,21.791900634765625,21.314800262451172,-0.42220115661621094,0.4771003723144531,0.0,7.0,ok
ZTF23aawzyao,,,,,,,,,empty
ZTF20aafxzej,0.2629785647152192,19.863800048828125,19.20009994506836,18.529699325561523,0.6637001037597656,0.6704006195068359,0.0,52.0,ok
ZTF21abpwtde,1.0158686902002898,,21.646799087524414,21.4335994720459,,0.21319961547851562,0.0,6.0,ok
ZTF25aceglpp,,,,,,,,,empty
ZTF18acbwaxk,,,,,,,,,empty
ZTF21abrotmc,0.43142601080228005,19.954299926757812,19.28019905090332,18.76259994506836,0.6741008758544922,0.5175991058349609,0.0,73.0,ok
ZTF22aaspijs,,,,,,,,,empty
ZTF21aawxqia,,,,,,,,,empty
ZTF20acnsinb,1.1439674167103746,19.93079948425293,19.827699661254883,19.308399200439453,0.10309982299804688,0.5193004608154297,0.0,86.0,ok
ZTF24aasfxgh,0.32697150762840865,18.531400680541992,18.083499908447266,17.91990089416504,0.44790077209472656,0.16359901428222656,0.0,71.0,ok
ZTF21aaglret,,,,,,,,,empty
ZTF25aajghtw,,,,,,,,,empty
ZTF19acechlg,1.0856505233885276,19.463199615478516,18.946300506591797,18.580799102783203,0.5168991088867188,0.36550140380859375,0.0,74.0,ok
ZTF23abrzfge,,,,,,,,,empty
ZTF25aadkudx,,,,,,,,,empty
ZTF23aaabeyy,,,,,,,,,empty
ZTF19aaysjah,0.131579641798796,16.208799362182617,13.498000144958496,13.29800033569336,2.710799217224121,0.19999980926513672,,70.0,ok
ZTF25aapthsg,,,,,,,,,empty
ZTF20abmdfcy,0.5462724719226482,,,19.648099899291992,,,0.0,2.0,ok
ZTF19aavolzm,,,,,,,,,empty
ZTF18accdvrb,0.915316684968318,16.81570053100586,16.35070037841797,16.066699981689453,0.4650001525878906,0.2840003967285156,0.0,62.0,ok
ZTF18abshtdj,,,,,,,,,empty
ZTF23abdynfn,,,,,,,,,empty
ZTF21aaabwfl,,,,,,,,,empty
ZTF18adazblo,1.4928401372353828,21.124099731445312,,,,,,2.0,ok
ZTF25acfwksj,,,,,,,,,empty
ZTF20aclwwhz,1.1439674167103746,19.93079948425293,19.827699661254883,19.308399200439453,0.10309982299804688,0.5193004608154297,0.0,86.0,ok
ZTF19aalahqa,1.3601122983068572,19.60070037841797,19.53689956665039,19.260799407958984,0.06380081176757812,0.27610015869140625,0.0,77.0,ok
ZTF19abpnsck,,,,,,,,,empty
ZTF18aaxryfw,0.048547704308667165,17.482099533081055,17.207500457763672,16.714099884033203,0.2745990753173828,0.49340057373046875,0.0,101.0,ok
ZTF19abjsmmv,1.2080076527334827,18.76460075378418,,,,,,6.0,ok
ZTF20acuhlns,0.08363170321203976,,,21.45240020751953,,,,4.0,ok
ZTF25aacawsr,0.2569664036244097,18.442100524902344,18.02720069885254,17.68269920349121,0.4148998260498047,0.3445014953613281,0.0,63.0,ok
ZTF22aafnldl,0.4128257076671172,19.627500534057617,19.381799697875977,19.01219940185547,0.24570083618164062,0.3696002960205078,0.0,96.0,ok
ZTF19acrcxri,,,,,,,,,empty
ZTF25aaymdbo,,,,,,,,,empty
ZTF21aceqpgp,,,,,,,,,empty
ZTF19abjswdz,,,,,,,,,empty
ZTF18acrwheu,1.439500881024799,21.737300872802734,21.48419952392578,21.408000946044922,0.2531013488769531,0.07619857788085938,0.0,24.0,ok
ZTF20abqkaoc,,,,,,,,,empty
ZTF22aabwuwv,,,,,,,,,empty
ZTF23aaawbsy,,,,,,,,,empty
ZTF20abkfhzy,,,,,,,,,empty
ZTF25aacbbqh,,,,,,,,,empty
ZTF25aceolpx,0.710959777763058,20.26219940185547,19.76930046081543,19.85580062866211,0.49289894104003906,-0.08650016784667969,0.0,21.0,ok
ZTF18abcyzsf,0.13181691618371388,17.52359962463379,,18.077899932861328,,,1.0,4.0,ok
ZTF22aaskqie,0.07049468227916865,20.12220001220703,19.9143009185791,19.75790023803711,0.2078990936279297,0.1564006805419922,0.0,70.0,ok
ZTF24abwniiv,,,,,,,,,empty
ZTF21acfaugw,,,,,,,,,empty
ZTF22abfytal,0.30524411263564183,21.80069923400879,21.88990020751953,21.686800003051758,-0.08920097351074219,0.20310020446777344,1.0,15.0,ok
ZTF25aamisyt,,,,,,,,,empty
ZTF22abiyeae,,,,,,,,,empty
ZTF23abnxcty,0.8486090502357277,18.540599822998047,18.23259925842285,17.933799743652344,0.3080005645751953,0.2987995147705078,0.0,97.0,ok
ZTF25acieizv,,,,,,,,,empty
ZTF21achqiue,0.8825243993434626,19.415700912475586,19.03849983215332,18.769399642944336,0.3772010803222656,0.2691001892089844,0.0,64.0,ok
ZTF20acaazkt,0.12993871136975998,19.159299850463867,18.78849983215332,18.47610092163086,0.3708000183105469,0.31239891052246094,0.0,71.0,ok
ZTF24aajqwsm,,,,,,,,,empty
ZTF19aamhqow,1.4535488619920307,18.135700225830078,17.29010009765625,16.946300506591797,0.8456001281738281,0.3437995910644531,0.0,69.0,ok
ZTF22abygqnq,,,,,,,,,empty
ZTF20aaifyrs,1.4770795042897864,,19.150400161743164,,,,,2.0,ok
ZTF19aavvozj,,,,,,,,,empty
ZTF25acbduge,0.2631923844320252,,21.59980010986328,21.697200775146484,,-0.09740066528320312,0.0,8.0,ok
ZTF23abovaur,0.9511933359857461,19.050399780273438,18.80270004272461,18.679800033569336,0.24769973754882812,0.12290000915527344,0.0,81.0,ok
ZTF20abgxuqt,,,,,,,,,empty
ZTF19abdlffo,0.11762641111010737,17.888999938964844,17.277700424194336,16.482799530029297,0.6112995147705078,0.7949008941650391,0.0,77.0,ok
ZTF19acxolhu,0.33704622918003374,21.48870086669922,21.263700485229492,,0.22500038146972656,,,2.0,ok
ZTF21acfslmr,,,,,,,,,empty
ZTF21abduoun,,,,,,,,,empty
ZTF18acgqweq,0.036764230727715605,19.712900161743164,19.21139907836914,18.819799423217773,0.5015010833740234,0.3915996551513672,0.0,77.0,ok
ZTF20abrdvpj,0.46366331024759533,20.641000747680664,20.384300231933594,20.084299087524414,0.2567005157470703,0.3000011444091797,0.0,72.0,ok
ZTF22abspgzy,,,,,,,,,empty
ZTF22aaaooyv,,,,,,,,,empty
ZTF22aahaasc,,,,,,,,,empty
ZTF25aabmhly,,,,,,,,,empty
ZTF22abvcdmu,0.8885040863835074,19.745800018310547,,,,,,3.0,ok
ZTF25abcbbho,,,,,,,,,empty
ZTF22abkabeh,,,,,,,,,empty
ZTF25aaglrlj,0.2711081914881418,,21.353099822998047,21.560100555419922,,-0.207000732421875,0.0,4.0,ok
ZTF22abavsqq,,,,,,,,,empty
ZTF23aadruma,,,,,,,,,empty
ZTF23aanpyeb,1.133348791063568,,18.928300857543945,19.236400604248047,,-0.30809974670410156,0.0,3.0,ok
ZTF19abfhszx,0.8971601146938786,21.54599952697754,21.531099319458008,21.427600860595703,0.01490020751953125,0.10349845886230469,1.0,8.0,ok
ZTF20acpbdvm,,,,,,,,,empty
ZTF22aamrkns,0.981977491197651,19.613399505615234,19.266000747680664,18.922000885009766,0.3473987579345703,0.34399986267089844,0.0,91.0,ok
ZTF24aaucrua,,,,,,,,,empty
ZTF22aanmbrl,,,,,,,,,empty
ZTF22aaitzvr,0.6361718869911205,19.795499801635742,19.330799102783203,19.59119987487793,0.46470069885253906,-0.26040077209472656,0.0,75.0,ok
ZTF21abcmjdy,,,,,,,,,empty
ZTF21abvcuhk,,,,,,,,,empty
ZTF25aabmjel,,,,,,,,,empty
ZTF23aadqhae,,,,,,,,,empty
ZTF25aaopvlb,,,,,,,,,empty
ZTF23abjrolf,0.967237700492745,20.13559913635254,19.896299362182617,20.049400329589844,0.23929977416992188,-0.15310096740722656,0.0,25.0,ok
ZTF20acwgnxk,,,,,,,,,empty
ZTF18acmyxfx,0.44931427253225104,20.063499450683594,19.687000274658203,19.32469940185547,0.3764991760253906,0.3623008728027344,0.0,70.0,ok
ZTF21aawlcwh,0.5198641267082321,19.358800888061523,,,,,,3.0,ok
ZTF24abyhunm,0.2616054037163152,18.631200790405273,17.750499725341797,17.508899688720703,0.8807010650634766,0.24160003662109375,0.0,60.0,ok
ZTF19ablojrw,0.6352865736722944,,,21.56170082092285,,,0.0,2.0,ok
ZTF22aajtsxd,0.12721032819652944,,,,,,,2.0,ok
ZTF19aassqix,,,,,,,,,empty
ZTF20abcgkom,0.15620165936082284,20.50200080871582,,17.987600326538086,,,1.0,3.0,ok
ZTF21aahdpqu,0.15383930765951565,18.382600784301758,17.611799240112305,17.33690071105957,0.7708015441894531,0.2748985290527344,0.0,56.0,ok
ZTF19abqshry,,,,,,,,,empty
ZTF23aapwwak,,,,,,,,,empty
ZTF19abzqwpr,,,,,,,,,empty
ZTF21aaobcrz,1.33115969344802,,,20.825700759887695,,,1.0,2.0,ok
ZTF25abhibmk,,,,,,,,,empty
ZTF22abnlwjv,0.8961431238060151,,19.365800857543945,,,,,3.0,ok
ZTF24aaosqgf,1.3573085058564816,19.07349967956543,18.667400360107422,18.696399688720703,0.4060993194580078,-0.02899932861328125,0.0,56.0,ok
ZTF20aaurzce,,,,,,,,,empty
ZTF25aalqrpj,,,,,,,,,empty
ZTF20abujoya,1.2596391300205072,,,,,,,2.0,ok
ZTF22aabxuxf,,,,,,,,,empty
ZTF22aarqrxf,,,,,,,,,empty
ZTF22aaczige,,,,,,,,,empty
ZTF22aaacpav,,,,,,,,,empty
ZTF24aaehfgk,,,,,,,,,empty
ZTF25aabaanf,0.2825601915169481,,19.938100814819336,,,,,5.0,ok
ZTF21acidhhs,,,,,,,,,empty
ZTF25aayvwoc,0.5656824608731368,,19.898300170898438,,,,,2.0,ok
ZTF21abnujlh,0.26422222098781617,18.75469970703125,17.891599655151367,17.865699768066406,0.8631000518798828,0.025899887084960938,0.0,55.0,ok
ZTF22aalyevy,,,,,,,,,empty
ZTF24abugrwf,,,,,,,,,empty
ZTF23aaeqhkx,0.18573115769466236,,,,,,,2.0,ok
ZTF22aarbard,,,,,,,,,empty
ZTF19abfvovo,,,,,,,,,empty
ZTF19abfloxk,,,,,,,,,empty
ZTF21acgzgvm,,,,,,,,,empty
ZTF23aaahusn,,,,,,,,,empty
ZTF19abxhtzs,0.03748323392239583,18.280799865722656,17.944799423217773,17.643999099731445,0.3360004425048828,0.3008003234863281,0.0,69.0,ok
ZTF25aamgkfe,1.4324602843397358,21.092599868774414,,,,,,3.0,ok
ZTF20achawym,1.063883320838429,17.346900939941406,16.980600357055664,16.867000579833984,0.3663005828857422,0.11359977722167969,0.0,71.0,ok
ZTF22abckjon,,,,,,,,,empty
ZTF20actveqm,0.2878768647248402,,21.875200271606445,,,,,2.0,ok
ZTF22abhuvqj,,,,,,,,,empty
ZTF25abxkwsn,0.24491981073608396,19.35449981689453,18.692100524902344,18.184499740600586,0.6623992919921875,0.5076007843017578,0.0,77.0,ok
ZTF20acxtewc,,,,,,,,,empty
ZTF22aawcmcr,0.27669922285132925,20.061100006103516,19.780399322509766,20.083599090576172,0.28070068359375,-0.30319976806640625,0.0,64.0,ok
ZTF20abfhway,,,,,,,,,empty
ZTF18aakvxqj,0.03482573299945448,22.085800170898438,19.071800231933594,20.585599899291992,3.0139999389648438,-1.5137996673583984,1.0,18.0,ok
ZTF25absjvvl,,,,,,,,,empty
ZTF25aappymi,1.0316010588526767,,,20.350799560546875,,,0.0,3.0,ok
ZTF21aahfizt,1.0958865918973275,,,19.192100524902344,,,,2.0,ok
ZTF20acikuon,,,,,,,,,empty
ZTF25aaafbbk,,,,,,,,,empty
ZTF18abxygvv,0.16604048132298121,21.467500686645508,20.754899978637695,20.479299545288086,0.7126007080078125,0.2756004333496094,0.0,71.0,ok
ZTF25aaisfid,,,,,,,,,empty
ZTF20aalbtwh,,,,,,,,,empty
ZTF18achtnvk,,,,,,,,,empty
ZTF23aadtvmb,0.039845168808405204,18.39229965209961,17.97450065612793,17.40180015563965,0.4177989959716797,0.5727005004882812,0.0,58.0,ok
ZTF20abtajxq,,,,,,,,,empty
ZTF21aaabwem,,,,,,,,,empty
ZTF23aadszza,,,,,,,,,empty
ZTF18aaykjei,0.47597305175413956,,21.471099853515625,20.984899520874023,,0.48620033264160156,,3.0,ok
ZTF20acszhad,,,,,,,,,empty
ZTF19actnyae,,,,,,,,,empty
ZTF24abcpmak,,,,,,,,,empty
ZTF25aadnujq,,,,,,,,,empty
ZTF21acoqfar,,,,,,,,,empty
ZTF23aasopeh,,,,,,,,,empty
ZTF20aalejtl,1.3871590994498144,19.572099685668945,18.954500198364258,18.324600219726562,0.6175994873046875,0.6298999786376953,0.0,89.0,ok
ZTF25aajscwm,0.911562974776523,,,18.74340057373047,,,0.0,6.0,ok
ZTF18aayyxxp,,,,,,,,,empty
ZTF24abxgsjr,0.45490227207270145,19.531600952148438,,18.90959930419922,,,0.0,3.0,ok
ZTF21aagtcgb,0.7453942161281983,19.600400924682617,18.88610076904297,18.877300262451172,0.7143001556396484,0.008800506591796875,0.0,86.0,ok
ZTF24aarvbxj,,,,,,,,,empty
ZTF22abgbhjs,,,,,,,,,empty
ZTF20acgyvgs,0.31368893347505983,,19.607500076293945,,,,,2.0,ok
ZTF18acvwbos,0.771580141041913,20.383800506591797,20.47450065612793,20.61240005493164,-0.09070014953613281,-0.13789939880371094,0.0,17.0,ok
ZTF21abbuxfm,,,,,,,,,empty
ZTF26aaoebni,0.671653766345427,,18.99329948425293,17.182600021362305,,1.810699462890625,0.0,4.0,ok
ZTF19aavqoop,0.5625877310113189,21.464399337768555,,20.41900062561035,,,0.0,3.0,ok
ZTF23aawwabr,,,,,,,,,empty
ZTF19aanfukh,0.33894938766732113,20.19770050048828,20.03179931640625,,0.16590118408203125,,,5.0,ok
ZTF18acsxpmp,,,,,,,,,empty
ZTF25acgbahf,,,,,,,,,empty
ZTF22aadgsdi,1.0984160621525256,19.5802001953125,19.68910026550293,19.515499114990234,-0.10890007019042969,0.1736011505126953,0.0,78.0,ok
ZTF23abaxkwq,0.12124963307782259,19.63759994506836,,17.827800750732422,,,0.0,2.0,ok
ZTF21acclizu,,,,,,,,,empty
ZTF21abiawpf,,,,,,,,,empty
ZTF20adadffg,,,,,,,,,empty
ZTF22abgbydx,,,,,,,,,empty
ZTF22aakanzk,,,,,,,,,empty
ZTF24aaxdooe,0.8730708758962431,22.075599670410156,21.996999740600586,,0.07859992980957031,,,4.0,ok
ZTF23aakprat,,,,,,,,,empty
ZTF21aadrtcs,0.5441046703941643,19.369300842285156,18.656200408935547,18.29010009765625,0.7131004333496094,0.3661003112792969,0.0,77.0,ok
ZTF25abscivt,,,,,,,,,empty
ZTF22aaolhhl,,,,,,,,,empty
ZTF24aanyhwz,,,,,,,,,empty
ZTF25aalkyad,0.8017409211707444,,19.787099838256836,20.903099060058594,,-1.1159992218017578,0.0,3.0,ok
ZTF21abvvuhm,,,,,,,,,empty
ZTF21abkqkon,0.6712594970136531,19.430599212646484,19.133399963378906,19.122400283813477,0.2971992492675781,0.010999679565429688,0.0,61.0,ok
ZTF24abzwphv,,,,,,,,,empty
ZTF21abgmyzw,1.3897899801830513,20.97559928894043,21.065099716186523,20.823400497436523,-0.08950042724609375,0.24169921875,0.0,26.0,ok
ZTF24abfzzhc,,,,,,,,,empty
ZTF18aahvndq,,,,,,,,,empty
ZTF24aaecooj,0.2551997219363363,18.566600799560547,17.91390037536621,17.8705997467041,0.6527004241943359,0.043300628662109375,0.0,62.0,ok
ZTF19aagkfvq,0.09993135072109639,18.550500869750977,17.752399444580078,17.371999740600586,0.7981014251708984,0.3803997039794922,0.0,55.0,ok
ZTF18aavsilo,0.3556162075479354,17.270999908447266,16.607500076293945,16.28890037536621,0.6634998321533203,0.3185997009277344,0.0,72.0,ok
ZTF21aaadiap,0.7589947630008462,18.930099487304688,18.616899490356445,,0.3131999969482422,,,4.0,ok
ZTF18aayltmt,0.05133498386448313,16.3356990814209,16.151399612426758,15.611700057983398,0.18429946899414062,0.5396995544433594,0.0,75.0,ok
ZTF23aaqvofl,,,,,,,,,empty
ZTF22abfbjem,,,,,,,,,empty
ZTF20abwaoey,1.1319762804832252,21.580799102783203,21.38990020751953,21.099899291992188,0.19089889526367188,0.29000091552734375,0.0,15.0,ok
ZTF22aaigqsr,0.9385820739269077,17.55340003967285,16.83769989013672,16.239299774169922,0.7157001495361328,0.5984001159667969,0.0,81.0,ok
ZTF19aakobov,,,,,,,,,empty
ZTF23aamsarj,0.5193906981456998,,,,,,,2.0,ok
ZTF25acgngdl,,,,,,,,,empty
ZTF24aaxkipy,,,,,,,,,empty
ZTF20acwqqjs,,,,,,,,,empty
ZTF21abtephz,0.4494703931485178,,,,,,,3.0,ok
ZTF24abllaqk,,,,,,,,,empty
ZTF18abetehf,,,,,,,,,empty
ZTF21aagsihi,0.22608936664374704,,21.06290054321289,19.12779998779297,,1.9351005554199219,,6.0,ok
ZTF22abfyvhf,,,,,,,,,empty
ZTF19abpfxfs,,,,,,,,,empty
ZTF19aallvor,0.9556901995921216,19.97330093383789,19.691699981689453,19.438499450683594,0.2816009521484375,0.2532005310058594,0.0,76.0,ok
ZTF23abiewbt,0.20557796574523102,20.296300888061523,,20.72260093688965,,,0.0,12.0,ok
ZTF18aasypqx,0.06817193903066526,18.556900024414062,17.957700729370117,18.105499267578125,0.5991992950439453,-0.1477985382080078,0.0,65.0,ok
ZTF23aaoqytf,0.7451551474937405,,,,,,,2.0,ok
ZTF20aaurgib,,,,,,,,,empty
ZTF18aanygjk,0.7172621571453354,17.290800094604492,16.597000122070312,16.290599822998047,0.6937999725341797,0.3064002990722656,0.0,82.0,ok
ZTF20aahptds,,,,,,,,,empty
ZTF19acnkeji,1.2521258577397976,,,21.622600555419922,,,,2.0,ok
ZTF19ablekwo,0.24591514396724903,19.162500381469727,18.4867000579834,17.98550033569336,0.6758003234863281,0.5011997222900391,0.0,75.0,ok
ZTF22abnvurz,,,,,,,,,empty
ZTF18abdfwcy,,,,,,,,,empty
ZTF19abplfxs,,,,,,,,,empty
ZTF21aaokvio,,,,,,,,,empty
ZTF25aadjukb,,,,,,,,,empty
ZTF22aaajcft,0.16777422870669914,20.616600036621094,20.2273006439209,20.048200607299805,0.3892993927001953,0.17910003662109375,0.0,67.0,ok
ZTF22abniami,0.6468427480754352,19.853099822998047,19.30030059814453,18.890300750732422,0.5527992248535156,0.4099998474121094,0.0,71.0,ok
ZTF18aaxkfos,0.4374845216426148,19.798900604248047,19.049299240112305,18.6112003326416,0.7496013641357422,0.4380989074707031,0.0,73.0,ok
ZTF24aahgcwg,,,,,,,,,empty
ZTF23abahlns,,,,,,,,,empty
ZTF25abnnpmt,0.42645108502966994,21.795799255371094,21.153600692749023,20.577699661254883,0.6421985626220703,0.5759010314941406,0.0,23.0,ok
ZTF20aavvaup,0.6726344649866516,20.03230094909668,20.06839942932129,20.673599243164062,-0.036098480224609375,-0.6051998138427734,0.0,28.0,ok
ZTF25abvnrxq,,,,,,,,,empty
ZTF25aaupzsu,,,,,,,,,empty
ZTF20aagnbes,,,,,,,,,empty
ZTF18abakjgq,,,,,,,,,empty
ZTF20abgbdeh,,,,,,,,,empty
ZTF25abhynnb,,,,,,,,,empty
ZTF19abdkcts,,,,,,,,,empty
ZTF25aawvhce,0.2955987562496519,21.833499908447266,21.655399322509766,21.302900314331055,0.1781005859375,0.35249900817871094,0.0,26.0,ok
ZTF20acpjbgc,,,,,,,,,empty
ZTF25aaoqltj,,,,,,,,,empty
ZTF21abvcarc,,,,,,,,,empty
ZTF18aanxlcr,0.7984326235199435,18.167999267578125,17.577199935913086,17.03689956665039,0.5907993316650391,0.5403003692626953,0.0,85.0,ok
ZTF23aarrwwl,,,,,,,,,empty
ZTF19aavaikm,,,,,,,,,empty
ZTF19aanfqug,0.369756923009551,21.718599319458008,21.246700286865234,,0.47189903259277344,,,3.0,ok
ZTF23aaqjumr,0.9150237391227267,19.77869987487793,19.55660057067871,18.97249984741211,0.22209930419921875,0.5841007232666016,0.0,60.0,ok
ZTF24abqqven,1.3472092517010057,,,,,,,2.0,ok
ZTF25abwqbxp,,,,,,,,,empty
ZTF25aabegog,1.4189706115107215,20.44659996032715,,,,,,2.0,ok
ZTF24abojoup,,,,,,,,,empty
ZTF19acgzwbm,,,,,,,,,empty
ZTF23abcglga,,,,,,,,,empty
ZTF23abaeenk,,,,,,,,,empty
ZTF20acozxxt,0.041793907345682495,21.704599380493164,22.11669921875,21.579599380493164,-0.41209983825683594,0.5370998382568359,,9.0,ok
ZTF25aavjytr,0.7281323767199469,19.930200576782227,19.417200088500977,18.754600524902344,0.51300048828125,0.6625995635986328,0.0,7.0,ok
ZTF18aahfqbc,,,,,,,,,empty
ZTF21aamjgfp,,,,,,,,,empty
ZTF20abfehpe,1.0482555984659516,20.3302001953125,20.043699264526367,20.043800354003906,0.2865009307861328,-0.0001010894775390625,0.0,64.0,ok
ZTF22ablbgrl,,,,,,,,,empty
ZTF23aadcaqo,1.1036909874251868,,,17.68199920654297,,,,2.0,ok
ZTF19acojxzo,,,,,,,,,empty
ZTF19abbxvlp,0.10216652876734682,19.122900009155273,19.013999938964844,18.617700576782227,0.10890007019042969,0.3962993621826172,0.0,92.0,ok
ZTF20acgrvqo,0.6756105217686573,17.585800170898438,16.904600143432617,16.79439926147461,0.6812000274658203,0.11020088195800781,0.0,76.0,ok
ZTF21aaafzwx,0.07771266729300831,19.618200302124023,18.82349967956543,18.40570068359375,0.7947006225585938,0.4177989959716797,0.0,61.0,ok
ZTF25aakhihh,,,,,,,,,empty
ZTF21aagtqgq,1.248599522979791,18.513500213623047,17.972400665283203,17.460899353027344,0.5410995483398438,0.5115013122558594,0.0,110.0,ok
ZTF21aaossxf,,,,,,,,,empty
ZTF25aavpdlj,0.049503273440824364,21.428499221801758,21.100299835205078,20.72330093383789,0.3281993865966797,0.3769989013671875,0.0,49.0,ok
ZTF21abqftqr,,,,,,,,,empty
ZTF23abpydvb,,,,,,,,,empty
ZTF25achhduc,,,,,,,,,empty
ZTF23aaajtan,,,,,,,,,empty
ZTF22abgawlh,,,,,,,,,empty
ZTF20aaoojli,,,,,,,,,empty
ZTF21abwukki,,,,,,,,,empty
ZTF25acjddvq,1.1594945789112585,19.769899368286133,19.135299682617188,18.75309944152832,0.6345996856689453,0.3822002410888672,0.0,66.0,ok
ZTF18acxhvzb,0.08499310473876212,19.1697998046875,18.420799255371094,17.9862003326416,0.7490005493164062,0.4345989227294922,0.0,68.0,ok
ZTF19aawsdlq,,,,,,,,,empty
ZTF23aagygjg,,,,,,,,,empty
ZTF22abynxyi,1.3296568576221164,,,,,,,2.0,ok
ZTF25aavhxan,,,,,,,,,empty
ZTF21acincqb,,,,,,,,,empty
ZTF21achlxxo,0.17309436993910332,17.974899291992188,17.21150016784668,16.8218994140625,0.7633991241455078,0.3896007537841797,0.0,68.0,ok
ZTF20aauqlwv,0.6976559657442724,,19.931800842285156,18.572399139404297,,1.3594017028808594,,2.0,ok
ZTF23aajakys,,,,,,,,,empty
ZTF19abrvagn,,,,,,,,,empty
ZTF22aaafeil,0.923366883101216,20.225000381469727,,19.544700622558594,,,0.0,13.0,ok
ZTF24abqtclj,,,,,,,,,empty
ZTF23absejyc,,,,,,,,,empty
ZTF20abvyauy,,,,,,,,,empty
ZTF24abyzgqo,1.1888576835999378,20.614599227905273,20.378299713134766,20.354299545288086,0.2362995147705078,0.024000167846679688,0.0,53.0,ok
ZTF20adadshh,,,,,,,,,empty
ZTF23aalqgpk,,,,,,,,,empty
ZTF22abilaka,0.5900441633916237,21.337900161743164,21.734800338745117,21.832000732421875,-0.3969001770019531,-0.09720039367675781,1.0,7.0,ok
ZTF19aalcwjt,0.8167452896473412,,,19.69409942626953,,,0.0,4.0,ok
ZTF21aagnwkk,0.3212079206604634,20.469600677490234,19.87150001525879,19.42300033569336,0.5981006622314453,0.4484996795654297,0.0,61.0,ok
ZTF19aayveer,,,,,,,,,empty
ZTF20aaurwes,0.8177266193391822,19.97480010986328,20.409400939941406,19.917200088500977,-0.434600830078125,0.4922008514404297,0.0,5.0,ok
ZTF22aauxpfb,,,,,,,,,empty
ZTF18aavtklk,0.09384729651033798,17.350799560546875,16.99090003967285,16.524200439453125,0.35989952087402344,0.46669960021972656,0.0,59.0,ok
ZTF22aaiisww,,,,,,,,,empty
ZTF23aavaaox,0.8374730364370945,19.118999481201172,18.21980094909668,,0.8991985321044922,,,11.0,ok
ZTF18acbweyd,0.04642024503369351,19.740999221801758,18.604700088500977,18.215200424194336,1.1362991333007812,0.3894996643066406,0.0,71.0,ok
ZTF20actqnhg,0.2745662664052908,,,18.642900466918945,,,0.0,2.0,ok
ZTF20aahpxzz,0.41257367369185405,17.700599670410156,16.89189910888672,16.518600463867188,0.8087005615234375,0.37329864501953125,0.0,51.0,ok
ZTF24abvtglw,,,,,,,,,empty
ZTF24ablleoq,,,,,,,,,empty
ZTF23aaspcfl,0.5704435762404284,21.168800354003906,20.87380027770996,20.97570037841797,0.2950000762939453,-0.10190010070800781,0.0,27.0,ok
ZTF20abeywdn,1.0719746892605426,20.562700271606445,20.736799240112305,20.19339942932129,-0.17409896850585938,0.5433998107910156,0.0,58.0,ok
ZTF24aawrszo,,,,,,,,,empty
ZTF24aaxzjdt,0.280742459996957,19.972400665283203,19.231800079345703,18.851699829101562,0.7406005859375,0.3801002502441406,0.0,55.0,ok
ZTF18adasopt,,,,,,,,,empty
ZTF19aapcwdq,,,,,,,,,empty
ZTF19aakoasy,,,,,,,,,empty
ZTF21abconph,,,,,,,,,empty
ZTF21aaqqlfw,,,,,,,,,empty
ZTF18acqphpd,,,,,,,,,empty
ZTF25acjtaqb,0.35601782198987114,18.880300521850586,18.307100296020508,18.007299423217773,0.5732002258300781,0.2998008728027344,0.0,58.0,ok
ZTF18acusrws,,,,,,,,,empty
ZTF20acnserh,1.4327910403435458,17.6914005279541,16.940900802612305,16.766700744628906,0.7504997253417969,0.17420005798339844,0.0,80.0,ok
ZTF18acuefvt,,,,,,,,,empty
ZTF22abyomty,,,,,,,,,empty
ZTF19acgogcm,0.28185821314171644,17.526399612426758,16.942399978637695,16.703800201416016,0.5839996337890625,0.2385997772216797,0.0,86.0,ok
ZTF24aafqyax,,,,,,,,,empty
ZTF21abvcugy,,,,,,,,,empty
ZTF19aatjfny,0.16101864536885896,17.457300186157227,16.623199462890625,16.39579963684082,0.8341007232666016,0.2273998260498047,0.0,72.0,ok
ZTF25abcpjtf,0.9263077208359359,20.792499542236328,20.564300537109375,20.358999252319336,0.22819900512695312,0.20530128479003906,0.0,62.0,ok
ZTF19abzmnuk,,,,,,,,,empty
ZTF25abqopkf,,,,,,,,,empty
ZTF18aawmeiw,1.4316658029250242,18.273099899291992,17.18090057373047,16.844100952148438,1.0921993255615234,0.33679962158203125,0.0,91.0,ok
ZTF19acgbzam,0.2839701325693926,20.816200256347656,,,,,,4.0,ok
ZTF22abyrurb,1.4931099401683818,,21.468399047851562,,,,,5.0,ok
ZTF25aafsrzj,0.9658042992883226,,20.130599975585938,,,,,2.0,ok
ZTF25aaraels,0.3477179287240028,17.807600021362305,17.17289924621582,16.63159942626953,0.6347007751464844,0.5412998199462891,0.0,82.0,ok
ZTF18abvmlow,,,,,,,,,empty
ZTF18abtrowl,0.1838585908694517,17.372100830078125,16.608200073242188,16.4822998046875,0.7639007568359375,0.1259002685546875,0.0,66.0,ok
ZTF19aalxlpp,,,,,,,,,empty
ZTF25acdceqb,,,,,,,,,empty
ZTF19abajxet,1.2427762085522291,,,20.547199249267578,,,1.0,2.0,ok
ZTF25aagbpag,,,,,,,,,empty
ZTF18adatosi,,,,,,,,,empty
ZTF21aaydbtk,,,,,,,,,empty
ZTF24aahwcei,0.7844003711289327,,,19.974700927734375,,,0.0,4.0,ok
ZTF19abxvles,,,,,,,,,empty
ZTF19aasfsoi,,,,,,,,,empty
ZTF24aaeahrt,1.2299762070374947,,,21.000499725341797,,,,2.0,ok
ZTF21abnspht,,,,,,,,,empty
ZTF24abcvpyp,1.402879788682006,,,,,,,2.0,ok
ZTF25aaxbflr,0.5980802322766662,17.881999969482422,17.217599868774414,16.70490074157715,0.6644001007080078,0.5126991271972656,0.0,83.0,ok
ZTF25abcydiy,,,,,,,,,empty
ZTF19abdyawn,,,,,,,,,empty
ZTF24acahwtt,,,,,,,,,empty
ZTF23aamxuks,,,,,,,,,empty
ZTF21achqhuz,,,,,,,,,empty
ZTF19abflpfn,0.21699592791004899,22.3439998626709,,19.662799835205078,,,,9.0,ok
ZTF19aayrjnf,,,,,,,,,empty
ZTF20aayhacx,0.37463860830644935,,21.06089973449707,20.729299545288086,,0.3316001892089844,0.0,10.0,ok
ZTF25abxublf,,,,,,,,,empty
ZTF18aahtjsc,0.849970200338186,,,14.409799575805664,,,,3.0,ok
ZTF22aambnsg,,,,,,,,,empty
ZTF25aaluens,0.6229560516317202,,,19.407100677490234,,,0.0,2.0,ok
ZTF18abvxqtp,,,,,,,,,empty
ZTF18acvwcig,,,,,,,,,empty
ZTF25aaufltl,,,,,,,,,empty
ZTF18accbwow,,,,,,,,,empty
ZTF20acymtcs,,,,,,,,,empty
ZTF23abjzcde,,,,,,,,,empty
ZTF22aaputwp,,,,,,,,,empty
ZTF23aazqikj,,,,,,,,,empty
ZTF24abyqywh,,,,,,,,,empty
ZTF24aakzgdx,,,,,,,,,empty
ZTF19aaripqw,,,,,,,,,empty
ZTF22aaaefgq,,,,,,,,,empty
ZTF25aaqqfkv,,,,,,,,,empty
ZTF24aaqkvyl,,,,,,,,,empty
ZTF18abshezu,,,,,,,,,empty
ZTF25aablymz,0.5862874318714708,18.272199630737305,17.59040069580078,17.28569984436035,0.6817989349365234,0.3047008514404297,0.0,76.0,ok
ZTF24aadracm,0.19132875705477978,21.683300018310547,21.649099349975586,21.253799438476562,0.03420066833496094,0.39529991149902344,0.0,24.0,ok
ZTF22aaedgbt,,,,,,,,,empty
ZTF22aboixdd,,,,,,,,,empty
ZTF20abqlmwn,,,,,,,,,empty
ZTF20aaerxne,,,,,,,,,empty
ZTF22abynkpz,,,,,,,,,empty
ZTF19abnktws,0.37600020348226765,20.597000122070312,,,,,,3.0,ok
ZTF23aabutzu,,,,,,,,,empty
ZTF24abjfuew,0.14052607738015996,20.50429916381836,19.509199142456055,19.217300415039062,0.9951000213623047,0.2918987274169922,0.0,81.0,ok
ZTF21aartgiv,,,,,,,,,empty
ZTF25acapnze,,,,,,,,,empty
ZTF20acveyyv,0.3787175267187564,,21.974599838256836,21.769100189208984,,0.20549964904785156,,2.0,ok
ZTF20acxqnhn,,,,,,,,,empty
ZTF20acpkjsn,0.9109697786576285,21.07699966430664,20.64109992980957,20.588600158691406,0.4358997344970703,0.05249977111816406,0.0,50.0,ok
ZTF24aaejytl,,,,,,,,,empty
ZTF22abyhxkq,0.08366411487437507,18.599000930786133,18.484699249267578,17.834199905395508,0.11430168151855469,0.6504993438720703,0.0,74.0,ok
ZTF19abzzgec,,,,,,,,,empty
ZTF24abnbcpd,,,,,,,,,empty
ZTF19abmprjj,,,,,,,,,empty
ZTF22aaeigxr,,,,,,,,,empty
ZTF20aalmeaj,,,,,,,,,empty
ZTF21aaoppzc,,,,,,,,,empty
ZTF23aaelzdb,,,,,,,,,empty
ZTF20abszyjg,,,,,,,,,empty
ZTF25aaaqkbi,0.7678700773115091,20.886899948120117,,20.098100662231445,,,,2.0,ok
ZTF23aaazett,,,,,,,,,empty
ZTF25aahmbaq,1.3731292403392252,19.896900177001953,19.47960090637207,19.306499481201172,0.4172992706298828,0.17310142517089844,0.0,70.0,ok
ZTF18abeamgv,,,,,,,,,empty
ZTF21achcwnd,1.4387613047319423,,21.56909942626953,21.553800582885742,,0.015298843383789062,0.0,10.0,ok
ZTF23aailodz,1.1836197748457369,17.965099334716797,17.256399154663086,16.864099502563477,0.7087001800537109,0.3922996520996094,0.0,87.0,ok
ZTF19ackbclh,,,,,,,,,empty
ZTF24aafqxmg,,,,,,,,,empty
ZTF20abyskia,,,,,,,,,empty
ZTF19aaugupw,,,,,,,,,empty
ZTF20abvqilf,0.9201213120618745,20.719100952148438,20.981000900268555,20.847700119018555,-0.2618999481201172,0.13330078125,0.0,54.0,ok
ZTF25acgmdbm,,,,,,,,,empty
ZTF20abefdvd,,,,,,,,,empty
ZTF18acbwxcc,0.05418112076020458,17.746999740600586,17.243999481201172,17.079700469970703,0.5030002593994141,0.16429901123046875,0.0,71.0,ok
ZTF23aaenpcd,,,,,,,,,empty
ZTF19aawupxb,0.3777951076217192,18.228700637817383,17.574600219726562,17.163700103759766,0.6541004180908203,0.4109001159667969,0.0,63.0,ok
ZTF19abvdgqo,0.4017444867420506,,18.14349937438965,18.758899688720703,,-0.6154003143310547,,2.0,ok
ZTF20abgxwyt,,,,,,,,,empty
ZTF20aciigcw,,,,,,,,,empty
ZTF24aaiahuu,0.9011157432080183,18.700300216674805,18.050899505615234,17.670900344848633,0.6494007110595703,0.37999916076660156,0.0,62.0,ok
ZTF22abfxwub,,,,,,,,,empty
ZTF21aaifyvi,,,,,,,,,empty
ZTF17aaaobyl,0.07127993674881136,,,,,,,2.0,ok
ZTF19accbeju,1.3121665848508808,19.081199645996094,,18.6072998046875,,,0.0,3.0,ok
ZTF21abxmxut,,,,,,,,,empty
ZTF19abzkyjy,0.6885277919168378,,,19.362300872802734,,,,4.0,ok
ZTF25aalrvjj,,,,,,,,,empty
ZTF20acnagjb,,,,,,,,,empty
ZTF22aabrffl,0.8575352363710038,20.43869972229004,19.653900146484375,,0.7847995758056641,,,3.0,ok
ZTF24aajxqgz,,,,,,,,,empty
ZTF18achyqcq,0.9398432483583579,20.566999435424805,19.971799850463867,19.645099639892578,0.5951995849609375,0.32670021057128906,0.0,63.0,ok
ZTF20adadmsg,,,,,,,,,empty
ZTF23aakxqrp,,,,,,,,,empty
ZTF21aappdnv,0.09934731778867158,,21.17650032043457,21.771799087524414,,-0.5952987670898438,1.0,5.0,ok
ZTF23aadbxsz,,,,,,,,,empty
ZTF22abfmtdy,0.7914077348716322,20.06130027770996,19.747699737548828,19.72260093688965,0.3136005401611328,0.025098800659179688,0.0,95.0,ok
ZTF24aagnlaw,,,,,,,,,empty
ZTF22aaedtvn,1.1500230538302725,19.299400329589844,18.908899307250977,18.234899520874023,0.3905010223388672,0.6739997863769531,0.0,65.0,ok
ZTF21aaplooj,1.0134132870319024,18.204700469970703,17.77079963684082,16.96380043029785,0.4339008331298828,0.8069992065429688,0.0,65.0,ok
ZTF21ablwfcp,,,,,,,,,empty
ZTF19abzlsbl,,,,,,,,,empty
ZTF23abezmku,,,,,,,,,empty
ZTF19aawqckx,0.7808102811318798,,18.45050048828125,,,,,3.0,ok
ZTF22aasthrj,,,,,,,,,empty
ZTF23aamvyyl,,,,,,,,,empty
ZTF22aahhzqi,1.4469378672870967,,,20.634300231933594,,,0.0,2.0,ok
ZTF25aalrums,,,,,,,,,empty
ZTF24aaabljq,0.4860389567965687,22.007400512695312,21.736799240112305,21.48579978942871,0.2706012725830078,0.25099945068359375,0.0,23.0,ok
ZTF24aatjphv,,,,,,,,,empty
ZTF18abimhfu,,,,,,,,,empty
ZTF22aajvhrj,,,,,,,,,empty
ZTF20abbhyxu,,,,,,,,,empty
ZTF24aaabbse,1.4109456911465483,18.08650016784668,17.791900634765625,17.458099365234375,0.2945995330810547,0.33380126953125,0.0,68.0,ok
ZTF25aarzwve,0.9616236427669627,,,18.85740089416504,,,0.0,2.0,ok
ZTF20abptxls,0.49499331962808385,19.99169921875,,,,,,2.0,ok
ZTF23aazmqkn,,,,,,,,,empty
ZTF19abfsxpw,,,,,,,,,empty
ZTF23absboby,,,,,,,,,empty
ZTF25abkoomo,1.3394734371789319,21.584400177001953,21.377399444580078,21.035999298095703,0.207000732421875,0.341400146484375,0.0,43.0,ok
ZTF20acmgsfo,,,,,,,,,empty
ZTF21aajaljq,,,,,,,,,empty
ZTF20aaumnfl,,,,,,,,,empty
ZTF25aajffqa,0.4699066303350635,,19.709800720214844,,,,,2.0,ok
ZTF21aaugbus,0.03037088139474915,17.84480094909668,17.266700744628906,16.900299072265625,0.5781002044677734,0.36640167236328125,0.0,75.0,ok
ZTF23aaoygit,,,,,,,,,empty
ZTF25abkprmd,0.13150137307718276,18.497900009155273,17.966100692749023,17.456300735473633,0.53179931640625,0.5097999572753906,0.0,86.0,ok
ZTF18aaxkqgy,0.4973493989932977,20.11199951171875,,20.34600067138672,,,,4.0,ok
ZTF19acgcxop,,,,,,,,,empty
ZTF25abflwiu,0.48766915246639064,18.48699951171875,17.854900360107422,17.340700149536133,0.6320991516113281,0.5142002105712891,0.0,63.0,ok
ZTF18abxyudf,,,,,,,,,empty
ZTF21abjvwcd,,,,,,,,,empty
ZTF21acfqldh,,,,,,,,,empty
ZTF19aacwljg,,,,,,,,,empty
ZTF19aapfohi,,,,,,,,,empty
ZTF22abhuvug,,,,,,,,,empty
ZTF23aaxdfya,,,,,,,,,empty
ZTF20acphccy,,,,,,,,,empty
ZTF24aazszlu,0.7510783809288927,18.356000900268555,18.17840003967285,17.212099075317383,0.17760086059570312,0.9663009643554688,0.0,90.0,ok
ZTF21aabygea,,,,,,,,,empty
ZTF22abiyjlx,0.7715841650629222,,19.001100540161133,18.640399932861328,,0.3607006072998047,0.0,3.0,ok
ZTF21acnveyk,1.1537688404013462,,,18.6653995513916,,,0.0,2.0,ok
ZTF18adbntwo,,,,,,,,,empty
ZTF18adbmrug,0.734339333165138,,,,,,,2.0,ok
ZTF22aaajhqk,0.3244365324871979,18.93910026550293,18.480100631713867,18.214599609375,0.4589996337890625,0.2655010223388672,0.0,76.0,ok
ZTF21ackcrao,0.5346358371151699,,,19.73550033569336,,,0.0,2.0,ok
ZTF22abahblc,,,,,,,,,empty
ZTF23aaojbdj,,,,,,,,,empty
ZTF25acjpvvv,,,,,,,,,empty
ZTF18acsouxk,,,,,,,,,empty
ZTF22abxacvm,0.5811466578521369,18.472000122070312,17.463199615478516,16.70490074157715,1.0088005065917969,0.7582988739013672,0.0,75.0,ok
ZTF21aagsgit,,,,,,,,,empty
ZTF18abcvush,0.5284328861487302,18.00160026550293,17.180999755859375,16.335899353027344,0.8206005096435547,0.8451004028320312,0.0,69.0,ok
ZTF22abxzuje,,,,,,,,,empty
ZTF24aajdqbw,1.4428556570537432,,20.42799949645996,21.509300231933594,,-1.0813007354736328,,2.0,ok
ZTF20acxbnjd,1.4393176059177386,20.152299880981445,,,,,,3.0,ok
ZTF19adcdtyy,0.4128198050996207,21.650999069213867,21.42169952392578,21.3075008392334,0.22929954528808594,0.11419868469238281,0.0,33.0,ok
ZTF25abkrnxc,,,,,,,,,empty
ZTF23aaghvsv,,,,,,,,,empty
ZTF20achzugy,0.13135102916342062,17.810100555419922,17.00670051574707,16.63479995727539,0.8034000396728516,0.3719005584716797,0.0,40.0,ok
ZTF21aawihwx,,,,,,,,,empty
ZTF23abcqzvm,,,,,,,,,empty
ZTF25abshatc,,,,,,,,,empty
ZTF20acbnoqi,,,,,,,,,empty
ZTF19acwrqtv,0.20744616403788463,20.58839988708496,,,,,,2.0,ok
ZTF24aahnnsa,0.49006213721968617,20.524799346923828,20.488000869750977,20.363500595092773,0.03679847717285156,0.12450027465820312,0.0,68.0,ok
ZTF24aalywdn,,,,,,,,,empty
ZTF24aagvvun,0.5081061348108455,21.13170051574707,20.910999298095703,20.671899795532227,0.2207012176513672,0.23909950256347656,0.0,10.0,ok
ZTF21abioeyq,,,,,,,,,empty
ZTF24abzmhtv,,,,,,,,,empty
ZTF21aamgcrv,,,,,,,,,empty
ZTF25aaxeojh,,,,,,,,,empty
ZTF21abiacmi,,,,,,,,,empty
ZTF24abuunge,,,,,,,,,empty
ZTF18abetewu,0.09329800673735812,19.06999969482422,18.47719955444336,18.213499069213867,0.5928001403808594,0.2637004852294922,0.0,61.0,ok
ZTF22aahnkdv,,,,,,,,,empty
ZTF21abbyhvw,,,,,,,,,empty
ZTF18abhxidv,0.3211506371320651,19.36370086669922,18.929100036621094,18.488100051879883,0.434600830078125,0.44099998474121094,0.0,76.0,ok
ZTF24abokpyn,,,,,,,,,empty
ZTF18aayidfz,,,,,,,,,empty
ZTF21abpltyn,1.2443246363880855,20.377500534057617,19.365999221801758,18.682300567626953,1.0115013122558594,0.6836986541748047,0.0,78.0,ok
ZTF21abrpeix,,,,,,,,,empty
ZTF22aadoypp,,,,,,,,,empty
ZTF18abmoung,1.21366039763567,,,19.25629997253418,,,0.0,2.0,ok
ZTF20aayxldg,,,,,,,,,empty
ZTF19abanfrn,0.28489528667827896,19.9424991607666,19.53499984741211,19.425899505615234,0.4074993133544922,0.109100341796875,0.0,65.0,ok
ZTF25abrgeib,0.6336481454068189,,20.793800354003906,21.054399490356445,,-0.26059913635253906,,2.0,ok
ZTF20abaslyx,,,,,,,,,empty
ZTF21aasbjgq,,,,,,,,,empty
ZTF23aajpxbm,,,,,,,,,empty
ZTF19ablfaey,,,,,,,,,empty
ZTF19abddsvk,,,,,,,,,empty
ZTF25aafpotv,0.4012930987693162,21.928800582885742,21.626699447631836,21.6294002532959,0.30210113525390625,-0.0027008056640625,0.0,12.0,ok
ZTF23aanpyuy,,,,,,,,,empty
ZTF19aaozplq,1.1387506218582593,21.167999267578125,20.91699981689453,20.719900131225586,0.25099945068359375,0.1970996856689453,0.0,56.0,ok
ZTF21aafkgvj,1.3807196170067078,19.35070037841797,18.88319969177246,18.3523006439209,0.4675006866455078,0.5308990478515625,0.0,78.0,ok
ZTF23aadaxfn,0.21178541114682853,,,19.912200927734375,,,0.0,6.0,ok
ZTF22aaptcfi,,,,,,,,,empty
ZTF20aadcitq,,,,,,,,,empty
ZTF18aaenfaa,0.06401703853482228,16.53860092163086,16.12779998779297,15.366299629211426,0.4108009338378906,0.761500358581543,0.0,100.0,ok
ZTF22abtomri,0.06537895169332114,19.855199813842773,19.495899200439453,19.3789005279541,0.3593006134033203,0.11699867248535156,0.0,59.0,ok
ZTF22aapgtoe,,,,,,,,,empty
ZTF20acqnfzn,,,,,,,,,empty
ZTF19aaphntn,,,,,,,,,empty
ZTF18acgvgiq,,,,,,,,,empty
ZTF25aavkgat,,,,,,,,,empty
ZTF18aaxcfbt,0.8085005145809415,,,19.509899139404297,,,0.0,3.0,ok
ZTF18aajivpr,0.759868328252809,,,18.957599639892578,,,0.0,3.0,ok
ZTF18acatuts,,,,,,,,,empty
ZTF23aadcavq,,,,,,,,,empty
ZTF21acjvgxg,1.022941966543289,21.080799102783203,20.834699630737305,20.638099670410156,0.24609947204589844,0.19659996032714844,0.0,69.0,ok
ZTF18abkhbra,0.7503676311997605,21.976200103759766,21.918899536132812,21.22719955444336,0.057300567626953125,0.6916999816894531,0.0,6.0,ok
ZTF18abkxfou,0.17215315828853558,19.362199783325195,18.457199096679688,18.242900848388672,0.9050006866455078,0.21429824829101562,1.0,7.0,ok
ZTF18acbwglb,,,,,,,,,empty
ZTF23aaialcw,,,,,,,,,empty
ZTF21abtcftb,,,,,,,,,empty
ZTF19acgpkye,,,,,,,,,empty
ZTF19acylgic,,,,,,,,,empty
ZTF24aaxmpyh,0.8747759209825274,19.859800338745117,19.127099990844727,18.499300003051758,0.7327003479003906,0.6277999877929688,0.0,82.0,ok
ZTF19acgonwy,0.1066805911199213,18.05660057067871,17.617599487304688,17.207799911499023,0.43900108337402344,0.40979957580566406,0.0,85.0,ok
ZTF25aameuts,1.4546824223270978,19.57469940185547,19.434499740600586,19.099700927734375,0.1401996612548828,0.33479881286621094,0.0,93.0,ok
ZTF20abeohfn,,,,,,,,,empty
ZTF19aamhgwm,,,,,,,,,empty
ZTF23abolyrl,,,,,,,,,empty
ZTF19acihfxz,0.47310457274598733,,,,,,,2.0,ok
ZTF20aatwonv,0.22028005238880446,19.645599365234375,,19.568300247192383,,,0.0,4.0,ok
ZTF20acppruo,0.7850151256496897,18.718900680541992,18.111000061035156,17.756099700927734,0.6079006195068359,0.3549003601074219,0.0,93.0,ok
ZTF23aabrsdd,,,,,,,,,empty
ZTF19aawrumx,,,,,,,,,empty
ZTF20aauoktk,,,,,,,,,empty
ZTF21aaaajfe,,,,,,,,,empty
ZTF20abjyorg,,,,,,,,,empty
ZTF22abfwxtr,1.4939474260390952,19.519399642944336,19.762699127197266,,-0.2432994842529297,,,18.0,ok
ZTF25aaaeykb,,,,,,,,,empty
ZTF25aabsnyf,,,,,,,,,empty
ZTF25aakhogj,0.17824628213859944,21.653600692749023,21.013099670410156,20.632200241088867,0.6405010223388672,0.38089942932128906,0.0,44.0,ok
ZTF19abxvkvc,0.10460471783756771,22.167800903320312,,,,,,2.0,ok
ZTF19acbmxky,,,,,,,,,empty
ZTF21aarmjai,1.0324629524743345,,21.98740005493164,,,,,3.0,ok
ZTF20abcsjtx,,,,,,,,,empty
ZTF22aadtowh,0.8177943825110275,18.365400314331055,18.6968994140625,18.582500457763672,-0.3314990997314453,0.11439895629882812,0.0,58.0,ok
ZTF19absfopz,,,,,,,,,empty
ZTF23abtubey,,,,,,,,,empty
ZTF23ablspnz,,,,,,,,,empty
ZTF19aamhmsx,,,,,,,,,empty
ZTF20aavpnlv,,,,,,,,,empty
ZTF19aanevcu,0.7185500164957994,19.242700576782227,19.070899963378906,18.575700759887695,0.1718006134033203,0.49519920349121094,0.0,64.0,ok
ZTF25acgqich,,,,,,,,,empty
ZTF22aajuhsi,0.34573588828705754,21.656099319458008,21.252199172973633,21.648399353027344,0.403900146484375,-0.39620018005371094,0.0,14.0,ok
ZTF20abapyxl,,,,,,,,,empty
ZTF18abjsybd,0.08388950253240653,18.462600708007812,18.453899383544922,18.551700592041016,0.008701324462890625,-0.09780120849609375,1.0,8.0,ok
ZTF21aazcgof,,,,,,,,,empty
ZTF23aapiyqi,,,,,,,,,empty
ZTF24aasktkt,0.43434159508121656,20.429399490356445,20.28809928894043,20.096799850463867,0.14130020141601562,0.1912994384765625,0.0,49.0,ok
ZTF18abiybfq,,,,,,,,,empty
ZTF20acwmpsj,,,,,,,,,empty
ZTF24aadltss,1.0154821772379192,21.94540023803711,21.493499755859375,21.329200744628906,0.4519004821777344,0.16429901123046875,0.0,37.0,ok
ZTF22aaveqbx,,,,,,,,,empty
ZTF24abmffvh,0.27606231777948365,,17.756500244140625,17.50429916381836,,0.2522010803222656,0.0,3.0,ok
ZTF20aatpoeh,,,,,,,,,empty
ZTF24aardahz,,,,,,,,,empty
ZTF22acadszu,1.299848636748648,18.69930076599121,18.211700439453125,17.969900131225586,0.48760032653808594,0.24180030822753906,0.0,70.0,ok
ZTF21abvtuir,,,,,,,,,empty
ZTF24abosmkt,0.9242447027995007,20.221200942993164,19.943700790405273,19.781700134277344,0.2775001525878906,0.1620006561279297,0.0,92.0,ok
ZTF19acokzjy,,,,,,,,,empty
ZTF19abpangr,0.20749646294634225,20.986099243164062,20.529600143432617,20.399200439453125,0.4564990997314453,0.1303997039794922,0.0,48.0,ok
ZTF20abbpkng,0.14849526048081593,17.75119972229004,17.197900772094727,16.95709991455078,0.5532989501953125,0.2408008575439453,0.0,107.0,ok
ZTF21acpkdbe,,,,,,,,,empty
ZTF22aarsjvn,0.3579346224699686,,21.808300018310547,21.44409942626953,,0.3642005920410156,,4.0,ok
ZTF21aarojxa,,,,,,,,,empty
ZTF22abyzzfy,,,,,,,,,empty
ZTF21abhaqju,,,,,,,,,empty
ZTF24aawbgfo,0.9618560713055817,17.73870086669922,17.095500946044922,16.741199493408203,0.6431999206542969,0.35430145263671875,0.0,67.0,ok
ZTF23aarlcue,,,,,,,,,empty
ZTF24aahesvl,1.2632783693129588,20.25950050354004,,,,,,2.0,ok
ZTF25acgsnst,,,,,,,,,empty
ZTF20acpwmui,,,,,,,,,empty
ZTF19abzhvxk,0.7623655809564557,19.24570083618164,19.147300720214844,19.035600662231445,0.09840011596679688,0.11170005798339844,0.0,72.0,ok
ZTF21abfiuqf,,,,,,,,,empty
ZTF24aalbepd,,,,,,,,,empty
ZTF21abbgkgc,0.6615373478600215,,21.605100631713867,21.454099655151367,,0.1510009765625,0.0,4.0,ok
ZTF21aakupth,,,,,,,,,empty
ZTF23ablrwcj,1.095907945104875,,,,,,,2.0,ok
ZTF25aavxepu,,,,,,,,,empty
ZTF18aarunub,,,,,,,,,empty
ZTF18abxbmqh,,,,,,,,,empty
ZTF20abqosnh,0.017232109999213787,19.436100006103516,18.623199462890625,18.40570068359375,0.8129005432128906,0.217498779296875,0.0,59.0,ok
ZTF20abfrdei,0.37501711923729064,18.111099243164062,17.423799514770508,17.100799560546875,0.6872997283935547,0.3229999542236328,0.0,83.0,ok
ZTF24aavcfby,0.8382437167487349,,22.04360008239746,21.149099349975586,,0.894500732421875,,3.0,ok
ZTF20acoalxr,0.35549006668742117,17.934600830078125,17.45599937438965,17.439899444580078,0.47860145568847656,0.016099929809570312,0.0,51.0,ok
ZTF21aastazz,,,,,,,,,empty
ZTF21aaxsnvk,0.5308873973594878,13.475000381469727,17.632400512695312,17.111600875854492,-4.157400131225586,0.5207996368408203,0.0,68.0,ok
ZTF24aawakwl,0.3672772841236639,18.132699966430664,17.63170051574707,17.51219940185547,0.5009994506835938,0.11950111389160156,0.0,53.0,ok
ZTF23abmpqvv,,,,,,,,,empty
ZTF21aahvuvi,,,,,,,,,empty
ZTF20acwpaov,,,,,,,,,empty
ZTF25aaqojwg,,,,,,,,,empty
ZTF24aaysowl,,,,,,,,,empty
ZTF18aauuohe,0.20644140260160318,17.13050079345703,17.16320037841797,16.69849967956543,-0.0326995849609375,0.46470069885253906,0.0,78.0,ok
ZTF25abpkect,,,,,,,,,empty
ZTF23aaogzgq,0.3527307247088603,19.756200790405273,18.819000244140625,18.553699493408203,0.9372005462646484,0.2653007507324219,0.0,82.0,ok
ZTF24abccoav,,,,,,,,,empty
ZTF20aawigqc,,,,,,,,,empty
ZTF21aagtexi,0.27317993693983045,20.37299919128418,19.836000442504883,19.38050079345703,0.5369987487792969,0.45549964904785156,0.0,106.0,ok
ZTF20acyntiu,,,,,,,,,empty
ZTF21acinyte,,,,,,,,,empty
ZTF22aadetzg,,,,,,,,,empty
ZTF20aattqnm,,,,,,,,,empty
ZTF21abccplz,,,,,,,,,empty
ZTF25aaccmjq,,,,,,,,,empty
ZTF21aaabwzx,,,,,,,,,empty
ZTF22aamjqvc,,,,,,,,,empty
ZTF19acsghpg,0.12268967168275728,,,,,,,2.0,ok
ZTF19abudjie,,,,,,,,,empty
ZTF25abewrxj,,,,,,,,,empty
ZTF21abkintm,,,,,,,,,empty
ZTF22aauxzqe,,,,,,,,,empty
ZTF24aajxppf,0.9176284291965845,20.85420036315918,20.178300857543945,19.911100387573242,0.6758995056152344,0.2672004699707031,0.0,66.0,ok
ZTF18aaqgadq,,,,,,,,,empty
ZTF24aaswnkx,,,,,,,,,empty
ZTF25abxyxnn,0.05975482164368545,19.616500854492188,19.26580047607422,18.926599502563477,0.35070037841796875,0.3392009735107422,0.0,99.0,ok
ZTF20aavnnat,,,,,,,,,empty
ZTF20abxzrqw,0.9492326882203032,20.06439971923828,,,,,,2.0,ok
ZTF23aaffhua,,,,,,,,,empty
ZTF20acnwbuo,0.10615674552028449,22.30069923400879,22.10070037841797,21.697599411010742,0.1999988555908203,0.40310096740722656,0.0,10.0,ok
ZTF19aauitks,1.0291045128648009,20.008800506591797,19.746999740600586,19.78380012512207,0.26180076599121094,-0.036800384521484375,0.0,34.0,ok
ZTF25ablfisj,,,,,,,,,empty
ZTF25abxfwqa,,,,,,,,,empty
ZTF20aatvupb,,,,,,,,,empty
ZTF22abmcezf,,,,,,,,,empty
ZTF25aafkubt,1.0202087914020181,21.933700561523438,21.086299896240234,,0.8474006652832031,,,2.0,ok
ZTF24aakrqzs,0.27340104187624253,19.166400909423828,18.633800506591797,18.30620002746582,0.5326004028320312,0.32760047912597656,0.0,85.0,ok
ZTF18abddrhd,,,,,,,,,empty
ZTF22aaofpts,1.28417697157717,,,,,,,2.0,ok
ZTF24aalfntr,,,,,,,,,empty
ZTF20abfqeef,0.8459733458011179,,,20.31719970703125,,,0.0,2.0,ok
ZTF24abaoemb,0.8400328158275245,,,20.827199935913086,,,0.0,2.0,ok
ZTF21abmgxyu,0.55433035739693,22.095199584960938,21.17009925842285,21.06760025024414,0.9251003265380859,0.10249900817871094,0.0,10.0,ok
ZTF18abotcjv,0.6081131459400779,20.350099563598633,20.46470069885254,,-0.11460113525390625,,,2.0,ok
ZTF23abtycgb,,,,,,,,,empty
ZTF23abqrshk,1.2238550043171323,19.328699111938477,,19.089599609375,,,0.0,4.0,ok
ZTF24abffaqw,0.2910525639953222,21.703699111938477,21.73189926147461,21.56999969482422,-0.028200149536132812,0.16189956665039062,0.0,21.0,ok
ZTF22aafdaai,0.22680143482917803,20.964099884033203,20.030899047851562,20.158199310302734,0.9332008361816406,-0.12730026245117188,0.0,56.0,ok
ZTF19aalveag,0.7289069455575338,18.79330062866211,18.497299194335938,18.03860092163086,0.2960014343261719,0.4586982727050781,0.0,70.0,ok
ZTF20abqgzhh,0.8346158097592332,19.165800094604492,18.643199920654297,18.587400436401367,0.5226001739501953,0.05579948425292969,0.0,90.0,ok
ZTF21aciuvmg,1.4544599592757712,20.405500411987305,20.387500762939453,20.18899917602539,0.017999649047851562,0.1985015869140625,0.0,36.0,ok
ZTF19acxyucu,,,,,,,,,empty
ZTF23aaaaxuq,0.24133186582747593,22.148099899291992,21.656600952148438,21.409700393676758,0.4914989471435547,0.2469005584716797,0.0,12.0,ok
ZTF24aatjgxs,,,,,,,,,empty
ZTF22aaezyos,0.6816496083580611,19.894899368286133,20.112199783325195,19.857200622558594,-0.2173004150390625,0.25499916076660156,0.0,61.0,ok
ZTF19acbacvu,,,,,,,,,empty
ZTF19abanayw,,,,,,,,,empty
ZTF19aamtwiz,0.9212011135823331,,,19.12150001525879,,,0.0,2.0,ok
ZTF25abxdupm,0.059868533391438605,19.742900848388672,19.601299285888672,19.143600463867188,0.1416015625,0.4576988220214844,0.0,60.0,ok
ZTF25aaugeir,1.1221584735106476,,19.498899459838867,19.793899536132812,,-0.2950000762939453,0.0,6.0,ok
ZTF22aamrhna,0.6246364833231851,,,17.787799835205078,,,0.0,2.0,ok
ZTF25acfojmo,,,,,,,,,empty
ZTF21abwfnru,1.482344028626981,20.306699752807617,19.285999298095703,18.260799407958984,1.020700454711914,1.0251998901367188,1.0,63.0,ok
ZTF24aankvon,,,,,,,,,empty
ZTF20aamxuwl,,,,,,,,,empty
ZTF22aadpsxa,0.9193980765754873,21.016199111938477,21.28499984741211,20.999900817871094,-0.2688007354736328,0.2850990295410156,0.0,16.0,ok
ZTF24aawktbk,1.3426472430634078,,22.212799072265625,,,,,3.0,ok
ZTF21abwdzio,,,,,,,,,empty
ZTF23aapphlk,1.4422306975753434,17.456100463867188,17.28619956970215,16.975799560546875,0.16990089416503906,0.31040000915527344,0.0,83.0,ok
ZTF23aamubjk,,,,,,,,,empty
ZTF25aceiycd,0.556784778682725,20.38610076904297,20.205400466918945,20.25860023498535,0.18070030212402344,-0.05319976806640625,0.0,65.0,ok
ZTF23abfroaw,,,,,,,,,empty
ZTF18acbwarv,,,,,,,,,empty
ZTF21aalimtr,0.3803480890436729,18.809900283813477,18.001399993896484,17.73189926147461,0.8085002899169922,0.269500732421875,0.0,58.0,ok
ZTF24aamtsgz,,,,,,,,,empty
ZTF22aafrjnw,,,,,,,,,empty
ZTF24aaahbvh,,,,,,,,,empty
ZTF23abkdzxh,,,,,,,,,empty
ZTF23abgltid,0.10314863889722635,18.165199279785156,17.766599655151367,17.396400451660156,0.39859962463378906,0.37019920349121094,0.0,76.0,ok
ZTF24aajzmzf,,,,,,,,,empty
ZTF24abrpezq,0.2697013014105225,17.604700088500977,16.89430046081543,16.29400062561035,0.7103996276855469,0.6002998352050781,0.0,72.0,ok
ZTF21abflhkz,0.8279746221803956,,,21.778499603271484,,,0.0,2.0,ok
ZTF23aaakcxv,,,,,,,,,empty
ZTF20aatxryt,0.3176188352037398,20.970300674438477,20.578699111938477,20.675500869750977,0.3916015625,-0.0968017578125,0.0,48.0,ok
ZTF25aaozsgb,,,,,,,,,empty
ZTF24aagpwsh,0.9104650143843179,19.725000381469727,19.091299057006836,18.67639923095703,0.6337013244628906,0.4148998260498047,0.0,78.0,ok
ZTF23abbbomo,,,,,,,,,empty
ZTF20acobevy,0.19340076516656737,18.940399169921875,18.141300201416016,17.86680030822754,0.7990989685058594,0.27449989318847656,0.0,52.0,ok
ZTF25abckwuq,,,,,,,,,empty
ZTF24abhgzjl,0.6658537656444123,,,19.50029945373535,,,,2.0,ok
ZTF22aaryrrl,,,,,,,,,empty
ZTF24aailzom,,,,,,,,,empty
ZTF18aagteoy,0.040976761412432734,17.024099349975586,16.768600463867188,16.40690040588379,0.25549888610839844,0.36170005798339844,0.0,70.0,ok
ZTF22aalwnjf,,,,,,,,,empty
ZTF25aazhyde,,,,,,,,,empty
ZTF24aarrxzf,,,,,,,,,empty
ZTF19aavqotz,0.1779337926540859,20.861000061035156,20.4783992767334,20.130199432373047,0.3826007843017578,0.34819984436035156,0.0,71.0,ok
ZTF20aauqoim,,,,,,,,,empty
ZTF23abochfb,,,,,,,,,empty
ZTF24abzkoyr,,,,,,,,,empty
ZTF18aczbgpm,,,,,,,,,empty
ZTF19aarifvr,0.8577299294327992,21.037200927734375,,21.54509925842285,,,0.0,3.0,ok
ZTF21aaqprjz,,,,,,,,,empty
ZTF20achpcvt,0.21012172392753992,18.554800033569336,17.940200805664062,17.60610008239746,0.6145992279052734,0.33410072326660156,0.0,69.0,ok
ZTF18acrxpzx,,,,,,,,,empty
ZTF20aavnnkm,0.7912993881448519,21.192899703979492,20.649499893188477,19.941499710083008,0.5433998107910156,0.7080001831054688,0.0,63.0,ok
ZTF21aafkpnp,,,,,,,,,empty
ZTF23aadbwtw,,,,,,,,,empty
ZTF20abzfoyg,,,,,,,,,empty
ZTF20aaxhzhc,1.3057507864026061,20.185800552368164,19.959800720214844,,0.2259998321533203,,,7.0,ok
ZTF20aagyuvy,,,,,,,,,empty
ZTF20acdalpf,,,,,,,,,empty
ZTF19aczjsqn,,,,,,,,,empty
ZTF21abbomrf,,,,,,,,,empty
ZTF20abawhtd,,,,,,,,,empty
ZTF18abrbywo,0.5051359795039847,17.14590072631836,16.524700164794922,16.432300567626953,0.6212005615234375,0.09239959716796875,0.0,72.0,ok
ZTF19acqxoll,0.5887020063500513,21.649799346923828,,,,,,2.0,ok
ZTF18abdbysy,,,,,,,,,empty
ZTF25aalyccn,,,,,,,,,empty
ZTF22aaanfhy,,,,,,,,,empty
ZTF24abbrcrq,0.05721927877636029,17.683000564575195,16.930999755859375,16.39739990234375,0.7520008087158203,0.533599853515625,0.0,78.0,ok
ZTF20aaevgyr,,,,,,,,,empty
ZTF24absvdpn,,,,,,,,,empty
ZTF21aahfjlo,0.11857616676937081,21.58289909362793,21.36549949645996,20.946199417114258,0.21739959716796875,0.4193000793457031,0.0,35.0,ok
ZTF21aaprfqv,,,,,,,,,empty
ZTF19abqgtqo,,,,,,,,,empty
ZTF22aajwlug,,,,,,,,,empty
ZTF25abioriw,,,,,,,,,empty
ZTF24abxwjab,,,,,,,,,empty
ZTF24aahiitr,0.2907127234125142,20.805099487304688,20.826099395751953,20.618900299072266,-0.020999908447265625,0.2071990966796875,0.0,8.0,ok
ZTF20acwyihb,,,,,,,,,empty
ZTF21aapkkgx,,,,,,,,,empty
ZTF19aculgvn,,,,,,,,,empty
ZTF25aaathgi,,,,,,,,,empty
ZTF24aaybafr,0.17362925578216862,,19.125099182128906,21.231300354003906,,-2.106201171875,0.0,3.0,ok
ZTF21abrpkzp,,,,,,,,,empty
ZTF23aaaatjn,,,,,,,,,empty
ZTF18acarupz,,,,,,,,,empty
ZTF21abywdxt,,,,,,,,,empty
ZTF19acymzwh,,,,,,,,,empty
ZTF23abjyjpb,,,,,,,,,empty
ZTF18abdffeo,1.3434594152337396,17.53700065612793,17.908199310302734,17.949399948120117,-0.3711986541748047,-0.04120063781738281,0.0,13.0,ok
ZTF22abfpgcn,,,,,,,,,empty
ZTF18abtvgxv,0.08611247054547774,19.806800842285156,18.974199295043945,18.312000274658203,0.8326015472412109,0.6621990203857422,0.0,81.0,ok
ZTF24ablersy,,,,,,,,,empty
ZTF20aadtarr,1.2991207880218536,,,20.4143009185791,,,,2.0,ok
ZTF19acgcshq,1.0629687585879082,21.62150001525879,21.242000579833984,21.24690055847168,0.3794994354248047,-0.0048999786376953125,0.0,23.0,ok
ZTF20acukxat,,,,,,,,,empty
ZTF21acbxtqq,0.9671611940692924,19.2731990814209,18.844999313354492,18.49920082092285,0.42819976806640625,0.3457984924316406,0.0,71.0,ok
ZTF24absmsee,,,,,,,,,empty
ZTF18acbwazl,,,,,,,,,empty
ZTF19aaznwze,,,,,,,,,empty
ZTF17aaapufz,0.08511347966192923,19.0044002532959,19.44659996032715,19.331100463867188,-0.44219970703125,0.11549949645996094,0.0,64.0,ok
ZTF18acbwfza,,,,,,,,,empty
ZTF18aczbkqp,,,,,,,,,empty
ZTF19aadyppr,,,,,,,,,empty
ZTF19aagqkrq,,,,,,,,,empty
ZTF19acoaiub,,,,,,,,,empty
ZTF19acpmbvd,0.7583631841989101,19.387300491333008,18.806900024414062,18.8218994140625,0.5804004669189453,-0.0149993896484375,0.0,68.0,ok
ZTF20aawdwch,,,,,,,,,empty
ZTF21aagppzg,,,,,,,,,empty
ZTF22aadpscu,,,,,,,,,empty
ZTF22abbcnay,,,,,,,,,empty
ZTF23aajlkxc,,,,,,,,,empty
ZTF23aatekmu,0.009384521655440254,,,20.54360008239746,,,0.0,10.0,ok
ZTF18abnuzzt,,,,,,,,,empty
ZTF19abirmkt,0.6145563005978172,,21.74810028076172,20.960800170898438,,0.7873001098632812,0.0,7.0,ok
ZTF19abzsnqm,,,,,,,,,empty
ZTF19acbzgog,,,,,,,,,empty
ZTF19acfsteg,,,,,,,,,empty
ZTF19acgfhfd,0.7190932072935695,,18.16629981994629,17.687400817871094,,0.4788990020751953,0.0,9.0,ok
ZTF19acnfsij,,,,,,,,,empty
ZTF19acqprad,0.6712973339223861,,21.51140022277832,20.719600677490234,,0.7917995452880859,0.0,15.0,ok
ZTF19acxrihd,,,,,,,,,empty
ZTF19adakuos,,,,,,,,,empty
ZTF20abqhsxb,,,,,,,,,empty
ZTF20abzbtgm,,,,,,,,,empty
ZTF20aceeeuz,1.206577100359294,,,,,,,2.0,ok
ZTF20acfucwr,1.023013097289458,,,20.99410057067871,,,,4.0,ok
ZTF20acgigfo,,,,,,,,,empty
ZTF20acplkub,,,,,,,,,empty
ZTF21aagkzmc,,,,,,,,,empty
ZTF21abjiotr,0.21896097862790412,21.832500457763672,,21.41010093688965,,,0.0,19.0,ok
ZTF21acbcfmh,0.8422049721100406,,,20.44610023498535,,,0.0,2.0,ok
ZTF21acbutpl,,,,,,,,,empty
ZTF22aaombjf,0.23186890281893607,,,21.254199981689453,,,0.0,5.0,ok
ZTF22aatixbc,1.3094976743914537,,,,,,,2.0,ok
ZTF22aazdzyj,0.45524632219900535,,,21.138200759887695,,,0.0,7.0,ok
ZTF22aazmooy,,,,,,,,,empty
ZTF22abfxmpc,,,,,,,,,empty
ZTF22abnrgno,,,,,,,,,empty
ZTF22abrpjxu,0.19174899904659826,,,,,,,2.0,ok
ZTF22abtltcw,,,,,,,,,empty
ZTF23aaaairl,,,,,,,,,empty
ZTF23aaaatei,,,,,,,,,empty
ZTF23aabvpgb,,,,,,,,,empty
ZTF23aapqkvw,0.891901383826355,,20.961999893188477,20.513900756835938,,0.44809913635253906,1.0,11.0,ok
ZTF23aarlxdf,,,,,,,,,empty
ZTF23aatzhso,,,,,,,,,empty
ZTF23abigaao,1.4139170542524664,,,21.432300567626953,,,1.0,7.0,ok
ZTF23abiwrwo,,,,,,,,,empty
ZTF24abartsb,1.232845672121163,,21.59510040283203,21.092199325561523,,0.5029010772705078,1.0,11.0,ok
ZTF18abcfcoo,,,,,,,,,empty
