obj_id,filepath,bts_type,broad,group,n_events,n_g,n_r,passes_quality,cls
ZTF22abzhahz,events/ZTF22abzhahz.npz,SN Ia,SNI,core,17,7,10,True,SN_Ia
ZTF23aaqmveu,events/ZTF23aaqmveu.npz,SN Ia,SNI,core,26,11,15,True,SN_Ia
ZTF18adazbol,events/ZTF18adazbol.npz,SN Ia,SNI,core,13,6,7,True,SN_Ia
ZTF18aaqfziz,events/ZTF18aaqfziz.npz,SN Ia,SNI,core,15,4,11,True,SN_Ia
ZTF25acctbaz,events/ZTF25acctbaz.npz,SN IIb,SNII,core,58,19,39,True,SN_CC
ZTF24aasvscv,events/ZTF24aasvscv.npz,SN Ia,SNI,core,36,14,22,True,SN_Ia
ZTF19acvdzfq,events/ZTF19acvdzfq.npz,SN Ia,SNI,core,13,8,5,True,SN_Ia
ZTF24aauuovk,events/ZTF24aauuovk.npz,SN Ia,SNI,core,8,3,5,True,SN_Ia
ZTF21aagtoic,events/ZTF21aagtoic.npz,SN Ia,SNI,core,28,11,17,True,SN_Ia
ZTF20aascwar,events/ZTF20aascwar.npz,SN Ia,SNI,core,39,18,21,True,SN_Ia
ZTF19aakiwxx,events/ZTF19aakiwxx.npz,SN Ia,SNI,core,34,15,19,True,SN_Ia
ZTF24aafnwpr,events/ZTF24aafnwpr.npz,SN Ia,SNI,core,38,16,22,True,SN_Ia
ZTF25abxotzn,events/ZTF25abxotzn.npz,SN Ia,SNI,core,22,9,13,True,SN_Ia
ZTF24abtalyw,events/ZTF24abtalyw.npz,SN Ia,SNI,core,17,11,6,True,SN_Ia
ZTF24abmvicj,events/ZTF24abmvicj.npz,SN IIP,SNII,core,18,10,8,True,SN_CC
ZTF21aalrkqr,events/ZTF21aalrkqr.npz,AGN,AGN,core,45,22,23,True,AGN
ZTF19acjfhom,events/ZTF19acjfhom.npz,SN Ia,SNI,core,13,4,9,True,SN_Ia
ZTF20acgremo,events/ZTF20acgremo.npz,SN Ia,SNI,core,44,14,30,True,SN_Ia
ZTF22aakbzzl,events/ZTF22aakbzzl.npz,SN Ia,SNI,core,25,14,11,True,SN_Ia
ZTF21aagmqic,events/ZTF21aagmqic.npz,SN Ia,SNI,core,41,18,23,True,SN_Ia
ZTF21aajfpwk,events/ZTF21aajfpwk.npz,SN Ia,SNI,core,43,20,23,True,SN_Ia
ZTF23aavugvk,events/ZTF23aavugvk.npz,SN Ia,SNI,core,39,16,23,True,SN_Ia
ZTF22aaafbrd,events/ZTF22aaafbrd.npz,SN Ia,SNI,core,11,6,5,True,SN_Ia
ZTF21abmdgyx,events/ZTF21abmdgyx.npz,SN Ia,SNI,core,40,24,16,True,SN_Ia
ZTF21abhtaiv,events/ZTF21abhtaiv.npz,SN Ia,SNI,core,26,13,13,True,SN_Ia
ZTF18achmxsx,events/ZTF18achmxsx.npz,SN Ia,SNI,core,10,3,7,True,SN_Ia
ZTF21abhrmrv,events/ZTF21abhrmrv.npz,SN Ia,SNI,core,61,27,34,True,SN_Ia
ZTF22abyivoq,events/ZTF22abyivoq.npz,SN II,SNII,core,27,9,18,True,SN_CC
ZTF25aajsaas,events/ZTF25aajsaas.npz,SN Ia,SNI,core,36,22,14,True,SN_Ia
ZTF23aavmcbq,events/ZTF23aavmcbq.npz,SN Ia,SNI,core,55,21,34,True,SN_Ia
ZTF24aautbcb,events/ZTF24aautbcb.npz,SN Ia,SNI,core,18,10,8,True,SN_Ia
ZTF23aacceix,events/ZTF23aacceix.npz,SN Ia,SNI,core,10,3,7,True,SN_Ia
ZTF25abihgig,events/ZTF25abihgig.npz,SN Ia,SNI,core,19,10,9,True,SN_Ia
ZTF24abefrsz,events/ZTF24abefrsz.npz,SN Ia,SNI,core,36,15,21,True,SN_Ia
ZTF18acbzvpg,events/ZTF18acbzvpg.npz,SN IIb,SNII,core,21,7,14,True,SN_CC
ZTF18abltdkd,events/ZTF18abltdkd.npz,SN Ia,SNI,core,13,8,5,True,SN_Ia
ZTF19acqehbt,events/ZTF19acqehbt.npz,SN Ia,SNI,core,8,3,5,True,SN_Ia
ZTF20aaaxerd,events/ZTF20aaaxerd.npz,SN Ia,SNI,core,13,6,7,True,SN_Ia
ZTF19aakljys,events/ZTF19aakljys.npz,SN Ia,SNI,core,16,8,8,True,SN_Ia
ZTF23abrqzjb,events/ZTF23abrqzjb.npz,SN Ia,SNI,core,8,4,4,True,SN_Ia
ZTF25aajfyvr,events/ZTF25aajfyvr.npz,SN II,SNII,core,19,17,2,True,SN_CC
ZTF23abfglcy,events/ZTF23abfglcy.npz,SN IIn,SNII,core,27,13,14,True,SN_CC
ZTF21aakildf,events/ZTF21aakildf.npz,SN Ia,SNI,core,52,21,31,True,SN_Ia
ZTF20abvtybi,events/ZTF20abvtybi.npz,SN II,SNII,core,64,24,40,True,SN_CC
ZTF24ablvhhd,events/ZTF24ablvhhd.npz,SN Ia,SNI,core,14,6,8,True,SN_Ia
ZTF18absdxpk,events/ZTF18absdxpk.npz,SN Ia,SNI,core,9,5,4,True,SN_Ia
ZTF19abvgnxg,events/ZTF19abvgnxg.npz,SN Ia,SNI,core,20,10,10,True,SN_Ia
ZTF20acogywb,events/ZTF20acogywb.npz,SN Ia,SNI,core,33,21,12,True,SN_Ia
ZTF19abylcik,events/ZTF19abylcik.npz,CV,CV,core,15,7,8,True,CV
ZTF25abzyzac,events/ZTF25abzyzac.npz,SLSN-I,NOVEL,novel,38,20,18,True,SLSN
ZTF22aahhgue,events/ZTF22aahhgue.npz,SN Ia,SNI,core,27,13,14,True,SN_Ia
ZTF24aaypock,events/ZTF24aaypock.npz,SN Ia,SNI,core,37,14,23,True,SN_Ia
ZTF19aafljiq,events/ZTF19aafljiq.npz,SLSN-II,SNII,peculiar,40,21,19,True,SLSN
ZTF25abupdae,events/ZTF25abupdae.npz,SN IIb,SNII,core,58,30,28,True,SN_CC
ZTF19aalafip,events/ZTF19aalafip.npz,SN Ia,SNI,core,16,3,13,True,SN_Ia
ZTF22aagyuao,events/ZTF22aagyuao.npz,TDE,TDE,core,21,9,12,True,TDE
ZTF25aatclux,events/ZTF25aatclux.npz,SN IIb,SNII,core,204,83,76,True,SN_CC
ZTF19aakpfax,events/ZTF19aakpfax.npz,SN Ia,SNI,core,20,8,12,True,SN_Ia
ZTF20aajjxwc,events/ZTF20aajjxwc.npz,SN Ia,SNI,core,19,6,13,True,SN_Ia
ZTF25abwlkze,events/ZTF25abwlkze.npz,SN Ia,SNI,core,23,11,12,True,SN_Ia
ZTF21abowsub,events/ZTF21abowsub.npz,SN Ia,SNI,core,31,15,16,True,SN_Ia
ZTF21abqvykn,events/ZTF21abqvykn.npz,SN Ia-91bg,SNI,core,21,10,11,True,SN_Ia
ZTF18abhqdpv,events/ZTF18abhqdpv.npz,SN Ia,SNI,core,30,10,20,True,SN_Ia
ZTF25aatqacd,events/ZTF25aatqacd.npz,SN II,SNII,core,64,27,37,True,SN_CC
ZTF18aczergg,events/ZTF18aczergg.npz,AGN,AGN,core,11,7,4,True,AGN
ZTF19abzulhk,events/ZTF19abzulhk.npz,SN Ia,SNI,core,74,34,40,True,SN_Ia
ZTF24abyatmu,events/ZTF24abyatmu.npz,SN Ia,SNI,core,9,7,2,True,SN_Ia
ZTF24abljlca,events/ZTF24abljlca.npz,SN Ia,SNI,core,12,7,5,True,SN_Ia
ZTF23abhzfww,events/ZTF23abhzfww.npz,SN II,SNII,core,30,15,15,True,SN_CC
ZTF24aaopngg,events/ZTF24aaopngg.npz,SN Ia,SNI,core,31,17,14,True,SN_Ia
ZTF21abuibjs,events/ZTF21abuibjs.npz,SN Ia,SNI,core,102,54,48,True,SN_Ia
ZTF20aazgtmp,events/ZTF20aazgtmp.npz,SN Ia,SNI,core,20,11,9,True,SN_Ia
ZTF21abdahjc,events/ZTF21abdahjc.npz,SN Ia,SNI,core,19,4,15,True,SN_Ia
ZTF22aaypvib,events/ZTF22aaypvib.npz,SN Ia,SNI,core,40,18,22,True,SN_Ia
ZTF22abaxtfy,events/ZTF22abaxtfy.npz,SN Ia,SNI,core,8,5,3,True,SN_Ia
ZTF19aaxqsbn,events/ZTF19aaxqsbn.npz,SN Ia,SNI,core,57,22,35,True,SN_Ia
ZTF19aboudfp,events/ZTF19aboudfp.npz,SN Ia,SNI,core,11,3,8,True,SN_Ia
ZTF19aanxrkt,events/ZTF19aanxrkt.npz,SN Ia,SNI,core,12,5,7,True,SN_Ia
ZTF24abvevzs,events/ZTF24abvevzs.npz,SN IIb,SNII,core,58,28,30,True,SN_CC
ZTF19adavzew,events/ZTF19adavzew.npz,SN II,SNII,core,44,21,23,True,SN_CC
ZTF24abdirzu,events/ZTF24abdirzu.npz,SN Ia-91T,SNI,core,38,16,19,True,SN_Ia
ZTF18abxqemv,events/ZTF18abxqemv.npz,SN II,SNII,core,16,8,8,True,SN_CC
ZTF25aavguaf,events/ZTF25aavguaf.npz,SN Ia-91T,SNI,core,14,7,7,True,SN_Ia
ZTF19abzmoov,events/ZTF19abzmoov.npz,SN II,SNII,core,10,6,4,True,SN_CC
ZTF20aavvzlw,events/ZTF20aavvzlw.npz,SN Ia,SNI,core,13,7,6,True,SN_Ia
ZTF18acxyarg,events/ZTF18acxyarg.npz,SN Ia,SNI,core,19,8,11,True,SN_Ia
ZTF21aaqmoof,events/ZTF21aaqmoof.npz,SN II,SNII,core,63,27,36,True,SN_CC
ZTF24aarxtma,events/ZTF24aarxtma.npz,SN Ia,SNI,core,31,18,13,True,SN_Ia
ZTF24aagupsf,events/ZTF24aagupsf.npz,SN II,SNII,core,56,26,29,True,SN_CC
ZTF18adaldgc,events/ZTF18adaldgc.npz,AGN,AGN,core,13,7,6,True,AGN
ZTF25abuvlkk,events/ZTF25abuvlkk.npz,SN Ia,SNI,core,28,14,14,True,SN_Ia
ZTF19aakpcfi,events/ZTF19aakpcfi.npz,SN Ia,SNI,core,23,12,11,True,SN_Ia
ZTF20aaormnl,events/ZTF20aaormnl.npz,SN Ia,SNI,core,13,6,7,True,SN_Ia
ZTF18aclieva,events/ZTF18aclieva.npz,SN II,SNII,core,26,12,14,True,SN_CC
ZTF19abfqhis,events/ZTF19abfqhis.npz,SN Ia,SNI,core,16,8,8,True,SN_Ia
ZTF20abnbilr,events/ZTF20abnbilr.npz,SN Ia,SNI,core,74,38,36,True,SN_Ia
ZTF19abpzuzd,events/ZTF19abpzuzd.npz,SN Ia,SNI,core,49,19,30,True,SN_Ia
ZTF24abdakwo,events/ZTF24abdakwo.npz,SN Ia,SNI,core,26,12,14,True,SN_Ia
ZTF22aavakpj,events/ZTF22aavakpj.npz,SN Ia,SNI,core,36,14,22,True,SN_Ia
ZTF20aatzwgk,events/ZTF20aatzwgk.npz,SN Ia,SNI,core,80,36,44,True,SN_Ia
ZTF22abpxxil,events/ZTF22abpxxil.npz,SN II,SNII,core,31,11,20,True,SN_CC
ZTF18abjkryl,events/ZTF18abjkryl.npz,SN II,SNII,core,20,12,8,True,SN_CC
ZTF19acyitga,events/ZTF19acyitga.npz,SN Ia,SNI,core,15,6,9,True,SN_Ia
ZTF25acfwyhj,events/ZTF25acfwyhj.npz,SN Ia,SNI,core,45,20,25,True,SN_Ia
ZTF22aaemvhi,events/ZTF22aaemvhi.npz,SN Ia-CSM,SNI,peculiar,58,27,31,True,SN_CC
ZTF23abjpcza,events/ZTF23abjpcza.npz,SN Ia,SNI,core,45,23,22,True,SN_Ia
ZTF22abembaz,events/ZTF22abembaz.npz,SN Ia,SNI,core,31,16,15,True,SN_Ia
ZTF23aaqcaeo,events/ZTF23aaqcaeo.npz,SN Ia,SNI,core,39,16,23,True,SN_Ia
ZTF18acbznkf,events/ZTF18acbznkf.npz,SN Ia,SNI,core,13,6,7,True,SN_Ia
ZTF23aazwytj,events/ZTF23aazwytj.npz,SN Ia,SNI,core,16,11,5,True,SN_Ia
ZTF23abjfrbi,events/ZTF23abjfrbi.npz,SN Ia,SNI,core,50,32,18,True,SN_Ia
ZTF20achoqvb,events/ZTF20achoqvb.npz,SN Ia,SNI,core,25,12,13,True,SN_Ia
ZTF20abxyayj,events/ZTF20abxyayj.npz,AGN,AGN,core,52,28,24,True,AGN
ZTF20aafdzfo,events/ZTF20aafdzfo.npz,AGN,AGN,core,48,31,17,True,AGN
ZTF21aarzgql,events/ZTF21aarzgql.npz,SN Ia,SNI,core,19,7,12,True,SN_Ia
ZTF20aatqgeo,events/ZTF20aatqgeo.npz,SN II,SNII,core,28,15,13,True,SN_CC
ZTF18aavohdq,events/ZTF18aavohdq.npz,AGN,AGN,core,8,3,5,True,AGN
ZTF22abveefy,events/ZTF22abveefy.npz,SN Ia-91bg,SNI,core,13,5,8,True,SN_Ia
ZTF25abxxkod,events/ZTF25abxxkod.npz,SN II,SNII,core,57,28,29,True,SN_CC
ZTF18aaybfsd,events/ZTF18aaybfsd.npz,SN Ia,SNI,core,60,27,33,True,SN_Ia
ZTF23aadjqvm,events/ZTF23aadjqvm.npz,SN Ia,SNI,core,41,19,22,True,SN_Ia
ZTF22abulusd,events/ZTF22abulusd.npz,SN II,SNII,core,21,9,12,True,SN_CC
ZTF21abxowzx,events/ZTF21abxowzx.npz,AGN,AGN,core,38,20,18,True,AGN
ZTF21aaxjiii,events/ZTF21aaxjiii.npz,SN Ia,SNI,core,43,2,41,True,SN_Ia
ZTF25aaaalin,events/ZTF25aaaalin.npz,SN Ia,SNI,core,16,7,9,True,SN_Ia
ZTF23aaftnvx,events/ZTF23aaftnvx.npz,SN Ia,SNI,core,22,8,14,True,SN_Ia
ZTF23abvbwys,events/ZTF23abvbwys.npz,SN Ia-91T,SNI,core,22,11,11,True,SN_Ia
ZTF19acyjzbe,events/ZTF19acyjzbe.npz,SLSN-I,NOVEL,novel,41,19,22,True,SLSN
ZTF21aapvoqy,events/ZTF21aapvoqy.npz,CV,CV,core,14,6,8,True,CV
ZTF20acvbcrd,events/ZTF20acvbcrd.npz,SN Ia,SNI,core,9,4,5,True,SN_Ia
ZTF20aacbgvj,events/ZTF20aacbgvj.npz,SN Ia,SNI,core,9,3,6,True,SN_Ia
ZTF19aacwjfb,events/ZTF19aacwjfb.npz,AGN,AGN,core,26,17,9,True,AGN
ZTF19abgmjtu,events/ZTF19abgmjtu.npz,SN Ia-91T,SNI,core,18,7,11,True,SN_Ia
ZTF22aarwpcf,events/ZTF22aarwpcf.npz,SN Ia,SNI,core,26,10,16,True,SN_Ia
ZTF21aaabzap,events/ZTF21aaabzap.npz,SN Ia,SNI,core,12,5,7,True,SN_Ia
ZTF19abitljz,events/ZTF19abitljz.npz,SN Ia,SNI,core,15,7,8,True,SN_Ia
ZTF19acfsjcu,events/ZTF19acfsjcu.npz,SN Ia,SNI,core,8,4,4,True,SN_Ia
ZTF20aazhzna,events/ZTF20aazhzna.npz,SN Ia,SNI,core,16,6,10,True,SN_Ia
ZTF21acdbcxy,events/ZTF21acdbcxy.npz,SN II,SNII,core,23,13,10,True,SN_CC
ZTF20aamhocj,events/ZTF20aamhocj.npz,SN Ia,SNI,core,32,12,20,True,SN_Ia
ZTF23abobwsd,events/ZTF23abobwsd.npz,SN IIb,SNII,core,17,6,11,True,SN_CC
ZTF20aavofki,events/ZTF20aavofki.npz,SN Ia,SNI,core,26,16,10,True,SN_Ia
ZTF20aaurjbj,events/ZTF20aaurjbj.npz,SN II,SNII,core,59,27,32,True,SN_CC
ZTF25aajobsh,events/ZTF25aajobsh.npz,SN Ia,SNI,core,28,9,19,True,SN_Ia
ZTF19acjifxp,events/ZTF19acjifxp.npz,SN Ia,SNI,core,26,14,12,True,SN_Ia
ZTF24aahnefg,events/ZTF24aahnefg.npz,SN II,SNII,core,12,4,8,True,SN_CC
ZTF21abtfogg,events/ZTF21abtfogg.npz,SN Ia,SNI,core,23,8,15,True,SN_Ia
ZTF20aappgod,events/ZTF20aappgod.npz,SN Ia,SNI,core,12,3,9,True,SN_Ia
ZTF19aaxfcpq,events/ZTF19aaxfcpq.npz,SN Ic-BL,SNI,core,26,11,15,True,SN_CC
ZTF23abayogx,events/ZTF23abayogx.npz,SN Ia,SNI,core,45,19,26,True,SN_Ia
ZTF21aaabvit,events/ZTF21aaabvit.npz,SN Ia,SNI,core,56,30,26,True,SN_Ia
ZTF18adbadqp,events/ZTF18adbadqp.npz,SN Ia,SNI,core,13,7,6,True,SN_Ia
ZTF25aaxegmh,events/ZTF25aaxegmh.npz,SLSN-I,NOVEL,novel,88,44,38,True,SLSN
ZTF22abqxkhd,events/ZTF22abqxkhd.npz,SN Ia,SNI,core,43,17,26,True,SN_Ia
ZTF22aadeurv,events/ZTF22aadeurv.npz,SN Ia,SNI,core,33,12,21,True,SN_Ia
ZTF19aatgwhs,events/ZTF19aatgwhs.npz,SN Ia,SNI,core,82,34,48,True,SN_Ia
ZTF23abnyvka,events/ZTF23abnyvka.npz,SN Ia,SNI,core,17,9,8,True,SN_Ia
ZTF21aabhqng,events/ZTF21aabhqng.npz,SN Ia,SNI,core,23,12,11,True,SN_Ia
ZTF19abceftq,events/ZTF19abceftq.npz,AGN,AGN,core,27,13,14,True,AGN
ZTF23abvgvab,events/ZTF23abvgvab.npz,SN II,SNII,core,18,11,7,True,SN_CC
ZTF22abyiqfa,events/ZTF22abyiqfa.npz,SN Ia,SNI,core,12,5,7,True,SN_Ia
ZTF23abgnkrr,events/ZTF23abgnkrr.npz,SN Ia,SNI,core,19,8,11,True,SN_Ia
ZTF22abjrqxz,events/ZTF22abjrqxz.npz,SN Ia,SNI,core,9,6,3,True,SN_Ia
ZTF21aajvukh,events/ZTF21aajvukh.npz,SN II,SNII,core,23,7,16,True,SN_CC
ZTF25aarxine,events/ZTF25aarxine.npz,SN Ia,SNI,core,27,11,16,True,SN_Ia
ZTF23abjpakq,events/ZTF23abjpakq.npz,SN Ia,SNI,core,22,11,11,True,SN_Ia
ZTF21aaqhqke,events/ZTF21aaqhqke.npz,SN IIn,SNII,core,75,36,39,True,SN_CC
ZTF25abxfsza,events/ZTF25abxfsza.npz,SLSN-I,NOVEL,novel,15,4,11,True,SLSN
ZTF18aajrwju,events/ZTF18aajrwju.npz,AGN,AGN,core,54,28,26,True,AGN
ZTF18acisruf,events/ZTF18acisruf.npz,SN Ib/c,SNI,core,9,4,5,True,SN_CC
ZTF21aabvqlo,events/ZTF21aabvqlo.npz,SN Ia,SNI,core,32,14,18,True,SN_Ia
ZTF22abfwign,events/ZTF22abfwign.npz,SN II,SNII,core,46,24,22,True,SN_CC
ZTF23aamgeom,events/ZTF23aamgeom.npz,SN Ia,SNI,core,79,15,64,True,SN_Ia
ZTF20aczsjzc,events/ZTF20aczsjzc.npz,SN Ia,SNI,core,25,10,15,True,SN_Ia
ZTF19acykaae,events/ZTF19acykaae.npz,SN IIn,SNII,core,23,11,12,True,SN_CC
ZTF22aaabnan,events/ZTF22aaabnan.npz,SN Ia,SNI,core,15,6,9,True,SN_Ia
ZTF18aayivoq,events/ZTF18aayivoq.npz,SN Ia,SNI,core,10,7,3,True,SN_Ia
ZTF19abfjjbi,events/ZTF19abfjjbi.npz,AGN,AGN,core,10,8,2,True,AGN
ZTF22aaacwcc,events/ZTF22aaacwcc.npz,SN Ia,SNI,core,18,8,10,True,SN_Ia
ZTF22aaambwy,events/ZTF22aaambwy.npz,SN II,SNII,core,10,5,5,True,SN_CC
ZTF19acykjad,events/ZTF19acykjad.npz,SN Ia,SNI,core,16,7,9,True,SN_Ia
ZTF19acbhvgi,events/ZTF19acbhvgi.npz,SN IIP,SNII,core,42,21,21,True,SN_CC
ZTF24aajplyg,events/ZTF24aajplyg.npz,SN Ia,SNI,core,21,8,12,True,SN_Ia
ZTF19aafltef,events/ZTF19aafltef.npz,AGN,AGN,core,29,17,12,True,AGN
ZTF25aaprgjx,events/ZTF25aaprgjx.npz,SN II,SNII,core,26,15,11,True,SN_CC
ZTF23aaatrek,events/ZTF23aaatrek.npz,SN Ia,SNI,core,15,5,10,True,SN_Ia
ZTF23abbczlg,events/ZTF23abbczlg.npz,SN Ia,SNI,core,19,10,9,True,SN_Ia
ZTF20actquzl,events/ZTF20actquzl.npz,SN II,SNII,core,51,23,28,True,SN_CC
ZTF21aaaokyp,events/ZTF21aaaokyp.npz,TDE,TDE,core,86,48,38,True,TDE
ZTF20abzvxyk,events/ZTF20abzvxyk.npz,SN Ia,SNI,core,82,40,42,True,SN_Ia
ZTF23aazrbus,events/ZTF23aazrbus.npz,SN Ia,SNI,core,25,12,13,True,SN_Ia
ZTF19aandjiw,events/ZTF19aandjiw.npz,SN II,SNII,core,12,8,4,True,SN_CC
ZTF21abufayv,events/ZTF21abufayv.npz,SN Ia,SNI,core,30,14,16,True,SN_Ia
ZTF23abjxqwr,events/ZTF23abjxqwr.npz,SN Ia-91T,SNI,core,68,32,36,True,SN_Ia
ZTF20abpuijn,events/ZTF20abpuijn.npz,SN Ia,SNI,core,29,12,17,True,SN_Ia
ZTF25abwlocm,events/ZTF25abwlocm.npz,SN II,SNII,core,28,9,19,True,SN_CC
ZTF19abxiqve,events/ZTF19abxiqve.npz,SN Ia,SNI,core,27,12,15,True,SN_Ia
ZTF25acgxbpg,events/ZTF25acgxbpg.npz,SN Ia,SNI,core,40,13,27,True,SN_Ia
ZTF20abzjcdg,events/ZTF20abzjcdg.npz,SN Ic,SNI,core,22,6,16,True,SN_CC
ZTF25abuzfte,events/ZTF25abuzfte.npz,SN Ia,SNI,core,31,15,16,True,SN_Ia
ZTF18abzbkby,events/ZTF18abzbkby.npz,SN Ia,SNI,core,28,14,14,True,SN_Ia
ZTF18adazgdh,events/ZTF18adazgdh.npz,SN Ia,SNI,core,31,10,21,True,SN_Ia
ZTF24abzfqtk,events/ZTF24abzfqtk.npz,SN Ia,SNI,core,11,8,3,True,SN_Ia
ZTF24aavttjp,events/ZTF24aavttjp.npz,SN II,SNII,core,41,21,20,True,SN_CC
ZTF19aanhdwf,events/ZTF19aanhdwf.npz,SN Ia,SNI,core,12,4,8,True,SN_Ia
ZTF19abegxob,events/ZTF19abegxob.npz,SN Ia,SNI,core,37,17,20,True,SN_Ia
ZTF21abrzsol,events/ZTF21abrzsol.npz,SN Ia,SNI,core,22,11,11,True,SN_Ia
ZTF20acauthg,events/ZTF20acauthg.npz,SN Ia,SNI,core,85,32,53,True,SN_Ia
ZTF21abvicne,events/ZTF21abvicne.npz,SN Ia,SNI,core,71,34,37,True,SN_Ia
ZTF17aaahrni,events/ZTF17aaahrni.npz,CV,CV,core,14,7,7,True,CV
ZTF21aapnlfx,events/ZTF21aapnlfx.npz,SN Ia,SNI,core,28,11,17,True,SN_Ia
ZTF22abyergl,events/ZTF22abyergl.npz,SN Ia,SNI,core,16,6,10,True,SN_Ia
ZTF18abdjmfh,events/ZTF18abdjmfh.npz,SN IIP,SNII,core,24,6,18,True,SN_CC
ZTF19abdzehg,events/ZTF19abdzehg.npz,SN Ia,SNI,core,38,17,21,True,SN_Ia
ZTF19acgaxej,events/ZTF19acgaxej.npz,SN Ia,SNI,core,18,7,11,True,SN_Ia
ZTF23abnrtcb,events/ZTF23abnrtcb.npz,SN II,SNII,core,12,10,2,True,SN_CC
ZTF20actjbaf,events/ZTF20actjbaf.npz,SN Ia,SNI,core,18,9,9,True,SN_Ia
ZTF18abrfccm,events/ZTF18abrfccm.npz,SN Ia,SNI,core,35,16,19,True,SN_Ia
ZTF21acbxtir,events/ZTF21acbxtir.npz,SN Ia,SNI,core,34,17,17,True,SN_Ia
ZTF23aaqxjta,events/ZTF23aaqxjta.npz,SN Ia,SNI,core,22,11,11,True,SN_Ia
ZTF19aamqlyl,events/ZTF19aamqlyl.npz,SN Ia,SNI,core,20,8,12,True,SN_Ia
ZTF19aatgrxv,events/ZTF19aatgrxv.npz,SN Ia,SNI,core,17,8,9,True,SN_Ia
ZTF22abygkts,events/ZTF22abygkts.npz,SN Ia,SNI,core,11,6,5,True,SN_Ia
ZTF21aaaewsb,events/ZTF21aaaewsb.npz,SN Ia,SNI,core,48,22,26,True,SN_Ia
ZTF19aavhzsc,events/ZTF19aavhzsc.npz,SN Ia,SNI,core,79,35,44,True,SN_Ia
ZTF19aazdroc,events/ZTF19aazdroc.npz,AGN,AGN,core,40,22,18,True,AGN
ZTF25aaurzyo,events/ZTF25aaurzyo.npz,SN Ic-BL,SNI,core,10,4,6,True,SN_CC
ZTF21abfjlxb,events/ZTF21abfjlxb.npz,SN IIb,SNII,core,34,15,19,True,SN_CC
ZTF18achaqmd,events/ZTF18achaqmd.npz,SN Ia,SNI,core,14,8,6,True,SN_Ia
ZTF23aacztqb,events/ZTF23aacztqb.npz,SN Ia,SNI,core,8,3,5,True,SN_Ia
ZTF23abcdorg,events/ZTF23abcdorg.npz,SN IIP,SNII,core,49,8,41,True,SN_CC
ZTF24aaiehwu,events/ZTF24aaiehwu.npz,SN Ia,SNI,core,40,22,18,True,SN_Ia
ZTF25acgfdia,events/ZTF25acgfdia.npz,SN Ia,SNI,core,18,8,10,True,SN_Ia
ZTF19abqyoxt,events/ZTF19abqyoxt.npz,SN II,SNII,core,47,22,25,True,SN_CC
ZTF22aapenmy,events/ZTF22aapenmy.npz,SN Ia,SNI,core,26,10,16,True,SN_Ia
ZTF23abjehlx,events/ZTF23abjehlx.npz,SN II,SNII,core,32,14,18,True,SN_CC
ZTF22aalizik,events/ZTF22aalizik.npz,SN Ia-91T,SNI,core,45,17,28,True,SN_Ia
ZTF25acitiuq,events/ZTF25acitiuq.npz,SN Ia,SNI,core,221,79,87,True,SN_Ia
ZTF24abkjtsn,events/ZTF24abkjtsn.npz,SN Ia,SNI,core,36,14,22,True,SN_Ia
ZTF22abnwpmq,events/ZTF22abnwpmq.npz,SN Ia,SNI,core,77,36,41,True,SN_Ia
ZTF23abauhqr,events/ZTF23abauhqr.npz,SN Ia,SNI,core,29,11,18,True,SN_Ia
ZTF18acclexy,events/ZTF18acclexy.npz,SN Ia,SNI,core,19,8,11,True,SN_Ia
ZTF20aagewqr,events/ZTF20aagewqr.npz,SN Ic,SNI,core,10,2,8,True,SN_CC
ZTF19acpmuwu,events/ZTF19acpmuwu.npz,SN Ia,SNI,core,23,13,10,True,SN_Ia
ZTF19aauisdr,events/ZTF19aauisdr.npz,SN II,SNII,core,20,9,11,True,SN_CC
ZTF20abliiex,events/ZTF20abliiex.npz,SN II,SNII,core,10,5,5,True,SN_CC
ZTF22abjeeqt,events/ZTF22abjeeqt.npz,SN Ia,SNI,core,55,23,32,True,SN_Ia
ZTF18abcdzyc,events/ZTF18abcdzyc.npz,SN Ia,SNI,core,13,5,8,True,SN_Ia
ZTF24aahggdt,events/ZTF24aahggdt.npz,SN Ia,SNI,core,10,5,5,True,SN_Ia
ZTF18aaroihe,events/ZTF18aaroihe.npz,SN Ia,SNI,core,35,13,22,True,SN_Ia
ZTF22aauiabm,events/ZTF22aauiabm.npz,SN Ia,SNI,core,13,8,5,True,SN_Ia
ZTF18abhhnnv,events/ZTF18abhhnnv.npz,SN Ic-BL,SNI,core,11,3,8,True,SN_CC
ZTF20aciugdl,events/ZTF20aciugdl.npz,SN Ia,SNI,core,36,18,18,True,SN_Ia
ZTF20aauhbvu,events/ZTF20aauhbvu.npz,SN IIP,SNII,core,92,46,46,True,SN_CC
ZTF25abtaiij,events/ZTF25abtaiij.npz,SN Ia,SNI,core,19,10,9,True,SN_Ia
ZTF20aazcnnw,events/ZTF20aazcnnw.npz,CV,CV,core,10,5,5,True,CV
ZTF22aajryew,events/ZTF22aajryew.npz,SN Ia,SNI,core,17,10,7,True,SN_Ia
ZTF22aajakms,events/ZTF22aajakms.npz,SN Ib/c,SNI,core,22,8,14,True,SN_CC
ZTF21abedvkp,events/ZTF21abedvkp.npz,SN Ia,SNI,core,25,14,11,True,SN_Ia
ZTF19aatgrpm,events/ZTF19aatgrpm.npz,SN Ia,SNI,core,30,14,16,True,SN_Ia
ZTF21acjeegy,events/ZTF21acjeegy.npz,SN Ia,SNI,core,17,9,8,True,SN_Ia
ZTF24abcubkx,events/ZTF24abcubkx.npz,SN Ia,SNI,core,36,14,20,True,SN_Ia
ZTF22aavqlzi,events/ZTF22aavqlzi.npz,SN Ia,SNI,core,15,11,4,True,SN_Ia
ZTF23abndgbw,events/ZTF23abndgbw.npz,SN II,SNII,core,20,11,9,True,SN_CC
ZTF24abxvxpa,events/ZTF24abxvxpa.npz,SN II,SNII,core,20,3,17,True,SN_CC
ZTF20actfoxr,events/ZTF20actfoxr.npz,SN Ia,SNI,core,24,12,12,True,SN_Ia
ZTF23abffvrm,events/ZTF23abffvrm.npz,SN Ia-91T,SNI,core,33,18,15,True,SN_Ia
ZTF25aanbnfj,events/ZTF25aanbnfj.npz,SN Ia,SNI,core,16,11,5,True,SN_Ia
ZTF21ablxfwc,events/ZTF21ablxfwc.npz,SN Ia,SNI,core,52,15,37,True,SN_Ia
ZTF21abjciip,events/ZTF21abjciip.npz,SN Ia,SNI,core,36,17,19,True,SN_Ia
ZTF23aaejvsg,events/ZTF23aaejvsg.npz,SN Ia,SNI,core,25,9,16,True,SN_Ia
ZTF22aaslkoa,events/ZTF22aaslkoa.npz,SN Ia,SNI,core,96,45,51,True,SN_Ia
ZTF21aappkns,events/ZTF21aappkns.npz,SN IIn,SNII,core,28,10,18,True,SN_CC
ZTF22absdier,events/ZTF22absdier.npz,SN Ia,SNI,core,25,12,13,True,SN_Ia
ZTF25abghevu,events/ZTF25abghevu.npz,SN II,SNII,core,67,31,36,True,SN_CC
ZTF20abpuwxl,events/ZTF20abpuwxl.npz,SLSN-I,NOVEL,novel,49,24,25,True,SLSN
ZTF25aabzbve,events/ZTF25aabzbve.npz,SN Ic-BL,SNI,core,14,4,10,True,SN_CC
ZTF18acbudzo,events/ZTF18acbudzo.npz,SN Ia,SNI,core,19,8,11,True,SN_Ia
ZTF25aboyusb,events/ZTF25aboyusb.npz,SN Ib,SNI,core,19,6,13,True,SN_CC
ZTF19abzqkdz,events/ZTF19abzqkdz.npz,SN Ia,SNI,core,16,5,11,True,SN_Ia
ZTF22abivkuq,events/ZTF22abivkuq.npz,SN Ia,SNI,core,23,11,12,True,SN_Ia
ZTF19aauhwbp,events/ZTF19aauhwbp.npz,SN Ia,SNI,core,14,6,8,True,SN_Ia
ZTF24absgzvv,events/ZTF24absgzvv.npz,SN II,SNII,core,49,25,24,True,SN_CC
ZTF21abyqrli,events/ZTF21abyqrli.npz,SN IIb,SNII,core,27,12,15,True,SN_CC
ZTF21aaabtyq,events/ZTF21aaabtyq.npz,SN Ia,SNI,core,40,15,25,True,SN_Ia
ZTF24aascytf,events/ZTF24aascytf.npz,SN II,SNII,core,36,16,20,True,SN_CC
ZTF25aafifqa,events/ZTF25aafifqa.npz,SN Ia,SNI,core,11,8,3,True,SN_Ia
ZTF20aafclqz,events/ZTF20aafclqz.npz,SN II,SNII,core,31,15,16,True,SN_CC
ZTF21abpryuv,events/ZTF21abpryuv.npz,SN Ia,SNI,core,20,9,11,True,SN_Ia
ZTF18acvjnst,events/ZTF18acvjnst.npz,SN Ia,SNI,core,20,14,6,True,SN_Ia
ZTF18aasxvsg,events/ZTF18aasxvsg.npz,SN II,SNII,core,40,16,24,True,SN_CC
ZTF20aayrobw,events/ZTF20aayrobw.npz,SN II,SNII,core,8,5,3,True,SN_CC
ZTF21aaglgcb,events/ZTF21aaglgcb.npz,SN Ia,SNI,core,20,9,11,True,SN_Ia
ZTF24aacivdo,events/ZTF24aacivdo.npz,SN Ia,SNI,core,25,12,13,True,SN_Ia
ZTF23abkhajf,events/ZTF23abkhajf.npz,SN IIP,SNII,core,47,23,24,True,SN_CC
ZTF18acakwsu,events/ZTF18acakwsu.npz,SN II,SNII,core,41,16,25,True,SN_CC
ZTF23aamgmay,events/ZTF23aamgmay.npz,SN Ia,SNI,core,8,6,2,True,SN_Ia
ZTF22abkkhao,events/ZTF22abkkhao.npz,SN II,SNII,core,50,25,25,True,SN_CC
ZTF21abicabp,events/ZTF21abicabp.npz,SN Ia,SNI,core,23,8,15,True,SN_Ia
ZTF19achvpik,events/ZTF19achvpik.npz,SN Ia,SNI,core,10,4,6,True,SN_Ia
ZTF24abjjeet,events/ZTF24abjjeet.npz,SN Ia,SNI,core,22,9,13,True,SN_Ia
ZTF22abtnuch,events/ZTF22abtnuch.npz,SN Ia,SNI,core,20,10,10,True,SN_Ia
ZTF18absqhza,events/ZTF18absqhza.npz,SN Ia,SNI,core,21,18,3,True,SN_Ia
ZTF24aatdjua,events/ZTF24aatdjua.npz,SN Ia,SNI,core,13,10,3,True,SN_Ia
ZTF23aajfere,events/ZTF23aajfere.npz,SN Ic,SNI,core,51,19,32,True,SN_CC
ZTF20acpjcoe,events/ZTF20acpjcoe.npz,SN Ia,SNI,core,33,17,16,True,SN_Ia
ZTF18abpmwfx,events/ZTF18abpmwfx.npz,CV,CV,core,13,8,5,True,CV
ZTF22aajjdkr,events/ZTF22aajjdkr.npz,SN Ia-91bg,SNI,core,14,3,11,True,SN_Ia
ZTF19aatihek,events/ZTF19aatihek.npz,CV,CV,core,29,14,15,True,CV
ZTF19aailepg,events/ZTF19aailepg.npz,SN II,SNII,core,52,26,26,True,SN_CC
ZTF21aaxwnlr,events/ZTF21aaxwnlr.npz,SN Ia,SNI,core,41,20,21,True,SN_Ia
ZTF24aawhjnm,events/ZTF24aawhjnm.npz,SN Ia,SNI,core,11,3,8,True,SN_Ia
ZTF18aahpbal,events/ZTF18aahpbal.npz,AGN,AGN,core,12,9,3,True,AGN
ZTF19acytidb,events/ZTF19acytidb.npz,SN Ia,SNI,core,31,14,17,True,SN_Ia
ZTF19abegizf,events/ZTF19abegizf.npz,SN II,SNII,core,24,8,16,True,SN_CC
ZTF21aalydkl,events/ZTF21aalydkl.npz,SN Ia,SNI,core,48,25,23,True,SN_Ia
ZTF23abbaqbs,events/ZTF23abbaqbs.npz,SN Ia,SNI,core,25,13,12,True,SN_Ia
ZTF23aawtmcf,events/ZTF23aawtmcf.npz,SN Ic,SNI,core,21,9,12,True,SN_CC
ZTF22aaoemmz,events/ZTF22aaoemmz.npz,SN Ia,SNI,core,24,10,14,True,SN_Ia
ZTF20aclxbwk,events/ZTF20aclxbwk.npz,SN Ia,SNI,core,16,6,10,True,SN_Ia
ZTF25abjqeok,events/ZTF25abjqeok.npz,SN Ia,SNI,core,38,14,24,True,SN_Ia
ZTF18abzmujj,events/ZTF18abzmujj.npz,CV,CV,core,10,4,6,True,CV
ZTF21aayrbnn,events/ZTF21aayrbnn.npz,SN Ia,SNI,core,30,15,15,True,SN_Ia
ZTF21aareexg,events/ZTF21aareexg.npz,SN Ia,SNI,core,15,9,6,True,SN_Ia
ZTF20aawjbsf,events/ZTF20aawjbsf.npz,SN II,SNII,core,10,5,5,True,SN_CC
ZTF25abxhgoi,events/ZTF25abxhgoi.npz,SN Ia,SNI,core,49,24,25,True,SN_Ia
ZTF23absjgww,events/ZTF23absjgww.npz,SN IIP,SNII,core,16,9,7,True,SN_CC
ZTF25abwpbqb,events/ZTF25abwpbqb.npz,SN Ia-91T,SNI,core,32,16,16,True,SN_Ia
ZTF21abwzpgf,events/ZTF21abwzpgf.npz,SN Ia,SNI,core,40,20,20,True,SN_Ia
ZTF20aabqkxs,events/ZTF20aabqkxs.npz,SN Ib,SNI,core,19,9,10,True,SN_CC
ZTF25aceixir,events/ZTF25aceixir.npz,SN Ia,SNI,core,29,13,16,True,SN_Ia
ZTF19aavidqf,events/ZTF19aavidqf.npz,SN Ia-91T,SNI,core,68,25,43,True,SN_Ia
ZTF20abvycao,events/ZTF20abvycao.npz,SN Ia,SNI,core,14,2,12,True,SN_Ia
ZTF20aafmdzj,events/ZTF20aafmdzj.npz,SN Ic-BL,SNI,core,18,9,9,True,SN_CC
ZTF22aahjayr,events/ZTF22aahjayr.npz,SN Ia,SNI,core,24,10,14,True,SN_Ia
ZTF23abgnvsh,events/ZTF23abgnvsh.npz,SN II,SNII,core,69,11,58,True,SN_CC
ZTF19aabgncx,events/ZTF19aabgncx.npz,SN Ia,SNI,core,15,7,8,True,SN_Ia
ZTF19aaajarm,events/ZTF19aaajarm.npz,AGN,AGN,core,11,7,4,True,AGN
ZTF25abilyro,events/ZTF25abilyro.npz,SN Ia,SNI,core,31,13,18,True,SN_Ia
ZTF19aarhhfx,events/ZTF19aarhhfx.npz,SN IIb,SNII,core,9,4,5,True,SN_CC
ZTF25acfzcip,events/ZTF25acfzcip.npz,SN Ic-BL,SNI,core,20,7,13,True,SN_CC
ZTF22abnoofs,events/ZTF22abnoofs.npz,SN Ia,SNI,core,33,15,18,True,SN_Ia
ZTF23abdshyr,events/ZTF23abdshyr.npz,SN Ia,SNI,core,30,14,16,True,SN_Ia
ZTF23aasrkck,events/ZTF23aasrkck.npz,SN II,SNII,core,39,11,28,True,SN_CC
ZTF25abbslda,events/ZTF25abbslda.npz,SN IIP,SNII,core,176,70,83,True,SN_CC
ZTF19acudiph,events/ZTF19acudiph.npz,SN Ia,SNI,core,12,7,5,True,SN_Ia
ZTF24abbiqob,events/ZTF24abbiqob.npz,SN Ia,SNI,core,42,17,23,True,SN_Ia
ZTF20acurrzb,events/ZTF20acurrzb.npz,SN Ia,SNI,core,21,8,13,True,SN_Ia
ZTF19acqypso,events/ZTF19acqypso.npz,SN Ia,SNI,core,50,23,27,True,SN_Ia
ZTF19acennqf,events/ZTF19acennqf.npz,SN Ia,SNI,core,12,5,7,True,SN_Ia
ZTF19acanzwg,events/ZTF19acanzwg.npz,SN II,SNII,core,62,28,34,True,SN_CC
ZTF22abyrqec,events/ZTF22abyrqec.npz,SN Ia,SNI,core,20,9,11,True,SN_Ia
ZTF22abjzweh,events/ZTF22abjzweh.npz,SN II,SNII,core,47,21,26,True,SN_CC
ZTF25abvcnay,events/ZTF25abvcnay.npz,SN Ic,SNI,core,23,11,12,True,SN_CC
ZTF19aaaicmw,events/ZTF19aaaicmw.npz,AGN,AGN,core,27,15,12,True,AGN
ZTF18aaivnak,events/ZTF18aaivnak.npz,SN Ia,SNI,core,12,9,3,True,SN_Ia
ZTF20aagzqsb,events/ZTF20aagzqsb.npz,SN Ia,SNI,core,16,8,8,True,SN_Ia
ZTF23aaiwvdh,events/ZTF23aaiwvdh.npz,SN Ia,SNI,core,135,65,70,True,SN_Ia
ZTF25accsisb,events/ZTF25accsisb.npz,SN Ia,SNI,core,39,17,22,True,SN_Ia
ZTF20abzgegm,events/ZTF20abzgegm.npz,SN II,SNII,core,32,14,18,True,SN_CC
ZTF19acjnaxa,events/ZTF19acjnaxa.npz,SN Ia,SNI,core,15,4,11,True,SN_Ia
ZTF25aaaszhh,events/ZTF25aaaszhh.npz,SN Ia,SNI,core,8,3,5,True,SN_Ia
ZTF19aaozpew,events/ZTF19aaozpew.npz,SN Ia,SNI,core,32,18,14,True,SN_Ia
ZTF20aawqywr,events/ZTF20aawqywr.npz,SN Ia,SNI,core,35,18,17,True,SN_Ia
ZTF22abjrcte,events/ZTF22abjrcte.npz,SN Ia,SNI,core,11,6,5,True,SN_Ia
ZTF21aagnqnz,events/ZTF21aagnqnz.npz,SN IIn,SNII,core,57,30,27,True,SN_CC
ZTF18aaermez,events/ZTF18aaermez.npz,SN Ia,SNI,core,19,8,11,True,SN_Ia
ZTF18abmrhom,events/ZTF18abmrhom.npz,SN Ia,SNI,core,15,9,6,True,SN_Ia
ZTF19acdulhn,events/ZTF19acdulhn.npz,SN Ia,SNI,core,9,5,4,True,SN_Ia
ZTF21abjaksr,events/ZTF21abjaksr.npz,SN Ia,SNI,core,30,13,17,True,SN_Ia
ZTF25accwqaq,events/ZTF25accwqaq.npz,SN Ia,SNI,core,23,11,12,True,SN_Ia
ZTF21aagolqa,events/ZTF21aagolqa.npz,SN Ia,SNI,core,32,15,17,True,SN_Ia
ZTF18abskoyh,events/ZTF18abskoyh.npz,SN II,SNII,core,13,2,11,True,SN_CC
ZTF20aaqepvb,events/ZTF20aaqepvb.npz,SN II,SNII,core,18,9,9,True,SN_CC
ZTF22abtdbnx,events/ZTF22abtdbnx.npz,SN Ia,SNI,core,41,10,31,True,SN_Ia
ZTF19acbwjue,events/ZTF19acbwjue.npz,SN Ia,SNI,core,8,3,5,True,SN_Ia
ZTF20abdsunu,events/ZTF20abdsunu.npz,SN Ia,SNI,core,62,29,33,True,SN_Ia
ZTF23aaabpao,events/ZTF23aaabpao.npz,SN II,SNII,core,17,8,9,True,SN_CC
ZTF21aaabubo,events/ZTF21aaabubo.npz,SN Ia,SNI,core,19,9,10,True,SN_Ia
ZTF20abychpb,events/ZTF20abychpb.npz,CV,CV,core,13,7,6,True,CV
ZTF18aatiffa,events/ZTF18aatiffa.npz,SN Ia,SNI,core,14,3,11,True,SN_Ia
ZTF19adcfsad,events/ZTF19adcfsad.npz,SN Ib,SNI,core,23,10,13,True,SN_CC
ZTF19acbykmk,events/ZTF19acbykmk.npz,SN Ia,SNI,core,21,11,10,True,SN_Ia
ZTF25aaplvcd,events/ZTF25aaplvcd.npz,SN Ia,SNI,core,14,11,3,True,SN_Ia
ZTF19acgxbwo,events/ZTF19acgxbwo.npz,SN Ia,SNI,core,37,17,20,True,SN_Ia
ZTF22aaafbma,events/ZTF22aaafbma.npz,SN IIP,SNII,core,19,5,14,True,SN_CC
ZTF20acusqsp,events/ZTF20acusqsp.npz,SN Ia,SNI,core,31,14,17,True,SN_Ia
ZTF19abvgwvp,events/ZTF19abvgwvp.npz,SN Ia,SNI,core,21,9,12,True,SN_Ia
ZTF20acoxtxr,events/ZTF20acoxtxr.npz,SN Ia,SNI,core,32,12,20,True,SN_Ia
ZTF22aakpwqf,events/ZTF22aakpwqf.npz,SN Ia,SNI,core,23,14,9,True,SN_Ia
ZTF23aagpjyp,events/ZTF23aagpjyp.npz,SN Ia-CSM,SNI,peculiar,75,37,38,True,SN_CC
ZTF19abcejsg,events/ZTF19abcejsg.npz,SN II,SNII,core,41,18,23,True,SN_CC
ZTF19aclobbu,events/ZTF19aclobbu.npz,SN II,SNII,core,141,69,72,True,SN_CC
ZTF23aaebopi,events/ZTF23aaebopi.npz,SN Ia,SNI,core,12,3,9,True,SN_Ia
ZTF24aamiomv,events/ZTF24aamiomv.npz,SN IIn,SNII,core,61,26,35,True,SN_CC
ZTF18actacux,events/ZTF18actacux.npz,SN Ia,SNI,core,10,5,5,True,SN_Ia
ZTF19acgmkrt,events/ZTF19acgmkrt.npz,SN Ia,SNI,core,35,18,17,True,SN_Ia
ZTF22aaecoej,events/ZTF22aaecoej.npz,SN Ia,SNI,core,18,9,9,True,SN_Ia
ZTF19abxiqqm,events/ZTF19abxiqqm.npz,SN Ia,SNI,core,18,6,12,True,SN_Ia
ZTF19abfwtkw,events/ZTF19abfwtkw.npz,SN Ia,SNI,core,70,30,40,True,SN_Ia
ZTF22abyohff,events/ZTF22abyohff.npz,SN II,SNII,core,21,11,10,True,SN_CC
ZTF20acypdlh,events/ZTF20acypdlh.npz,CV,CV,core,24,12,12,True,CV
ZTF25aaggpqs,events/ZTF25aaggpqs.npz,SN Ia,SNI,core,10,6,4,True,SN_Ia
ZTF18abrwwzs,events/ZTF18abrwwzs.npz,CV,CV,core,44,22,22,True,CV
ZTF20acnwgtl,events/ZTF20acnwgtl.npz,SN Ia,SNI,core,9,6,3,True,SN_Ia
ZTF23aaiwxqy,events/ZTF23aaiwxqy.npz,SN Ia,SNI,core,33,18,15,True,SN_Ia
ZTF23abgvtxr,events/ZTF23abgvtxr.npz,SN Ia,SNI,core,37,19,18,True,SN_Ia
ZTF18acsxvrp,events/ZTF18acsxvrp.npz,SN Ia,SNI,core,17,4,13,True,SN_Ia
ZTF20abbrptu,events/ZTF20abbrptu.npz,SN Ia,SNI,core,24,12,12,True,SN_Ia
ZTF24aamtwya,events/ZTF24aamtwya.npz,SN Ia,SNI,core,17,10,7,True,SN_Ia
ZTF25acffkdr,events/ZTF25acffkdr.npz,SN II,SNII,core,58,23,31,True,SN_CC
ZTF19abcfzdy,events/ZTF19abcfzdy.npz,SN Ia,SNI,core,16,8,8,True,SN_Ia
ZTF23aaefqrs,events/ZTF23aaefqrs.npz,SN Ib/c,SNI,core,22,8,14,True,SN_CC
ZTF22abqbqty,events/ZTF22abqbqty.npz,SN II,SNII,core,30,13,17,True,SN_CC
ZTF18abvlchy,events/ZTF18abvlchy.npz,SN Ia-91T,SNI,core,15,7,8,True,SN_Ia
ZTF23aadwitm,events/ZTF23aadwitm.npz,SN Ia,SNI,core,28,12,16,True,SN_Ia
ZTF25abiwauq,events/ZTF25abiwauq.npz,SN Ia,SNI,core,23,11,12,True,SN_Ia
ZTF19abpvbzf,events/ZTF19abpvbzf.npz,SLSN-II,SNII,peculiar,37,19,18,True,SLSN
ZTF19abnoxud,events/ZTF19abnoxud.npz,SN Ia,SNI,core,10,5,5,True,SN_Ia
ZTF19aarflsx,events/ZTF19aarflsx.npz,SN Ia,SNI,core,14,5,9,True,SN_Ia
ZTF20abqvsik,events/ZTF20abqvsik.npz,SN Ia,SNI,core,57,29,28,True,SN_Ia
ZTF21aanyfqu,events/ZTF21aanyfqu.npz,SN Ia,SNI,core,29,13,16,True,SN_Ia
ZTF24aamtvxb,events/ZTF24aamtvxb.npz,SN Ia,SNI,core,10,7,3,True,SN_Ia
ZTF18adathpb,events/ZTF18adathpb.npz,SN Ia,SNI,core,18,6,12,True,SN_Ia
ZTF19acygjmg,events/ZTF19acygjmg.npz,SN Ia,SNI,core,45,19,26,True,SN_Ia
ZTF19acllsbq,events/ZTF19acllsbq.npz,SN Ic,SNI,core,16,6,10,True,SN_CC
ZTF21acguqsc,events/ZTF21acguqsc.npz,SN Ia,SNI,core,8,3,5,True,SN_Ia
ZTF20abffaxl,events/ZTF20abffaxl.npz,SN Ia,SNI,core,113,57,56,True,SN_Ia
ZTF25aaoxxlf,events/ZTF25aaoxxlf.npz,SN Ia-91bg,SNI,core,14,7,7,True,SN_Ia
ZTF20abyxuky,events/ZTF20abyxuky.npz,SN Ia,SNI,core,32,11,21,True,SN_Ia
ZTF20abweedo,events/ZTF20abweedo.npz,SN Ia,SNI,core,62,28,34,True,SN_Ia
ZTF24aawktlo,events/ZTF24aawktlo.npz,SN Ia,SNI,core,14,9,5,True,SN_Ia
ZTF19abmolyr,events/ZTF19abmolyr.npz,SN Ia,SNI,core,52,26,26,True,SN_Ia
ZTF25abbgajq,events/ZTF25abbgajq.npz,SN Ia,SNI,core,75,41,34,True,SN_Ia
ZTF19aansyyn,events/ZTF19aansyyn.npz,SN Ia,SNI,core,37,14,23,True,SN_Ia
ZTF22aankymj,events/ZTF22aankymj.npz,SN Ia,SNI,core,16,7,8,True,SN_Ia
ZTF21abmspzt,events/ZTF21abmspzt.npz,SN Ia,SNI,core,24,12,12,True,SN_Ia
ZTF21aagyhax,events/ZTF21aagyhax.npz,SN Ia,SNI,core,17,9,8,True,SN_Ia
ZTF22aaagvdj,events/ZTF22aaagvdj.npz,CV,CV,core,10,5,5,True,CV
ZTF21aaqizwm,events/ZTF21aaqizwm.npz,SN Ia,SNI,core,44,20,24,True,SN_Ia
ZTF20abvycvf,events/ZTF20abvycvf.npz,SN Ia,SNI,core,52,21,31,True,SN_Ia
ZTF19aalztms,events/ZTF19aalztms.npz,SN II,SNII,core,14,6,8,True,SN_CC
ZTF25abuvoav,events/ZTF25abuvoav.npz,SN Ia-91T,SNI,core,58,26,32,True,SN_Ia
ZTF19abxgmzr,events/ZTF19abxgmzr.npz,SLSN-I,NOVEL,novel,24,10,14,True,SLSN
ZTF24abhgjqn,events/ZTF24abhgjqn.npz,SN II,SNII,core,42,18,21,True,SN_CC
ZTF24abvkpjr,events/ZTF24abvkpjr.npz,SN Ia,SNI,core,17,8,9,True,SN_Ia
ZTF23aaeeugd,events/ZTF23aaeeugd.npz,SN II,SNII,core,37,17,20,True,SN_CC
ZTF20achaxsk,events/ZTF20achaxsk.npz,SN II,SNII,core,31,13,18,True,SN_CC
ZTF18aavjcpf,events/ZTF18aavjcpf.npz,SLSN-II,SNII,peculiar,16,4,12,True,SLSN
ZTF21acdalyp,events/ZTF21acdalyp.npz,SN Ia-91T,SNI,core,27,12,15,True,SN_Ia
ZTF22abxhvfb,events/ZTF22abxhvfb.npz,SN Ia,SNI,core,13,4,9,True,SN_Ia
ZTF18aaeqjmc,events/ZTF18aaeqjmc.npz,SN Ia,SNI,core,12,9,3,True,SN_Ia
ZTF21aaarmti,events/ZTF21aaarmti.npz,SLSN-I,NOVEL,novel,43,20,23,True,SLSN
ZTF18aabicqe,events/ZTF18aabicqe.npz,AGN,AGN,core,10,2,8,True,AGN
ZTF18abeecwe,events/ZTF18abeecwe.npz,SN Ia,SNI,core,31,12,19,True,SN_Ia
ZTF18acdvrfu,events/ZTF18acdvrfu.npz,SN II,SNII,core,31,6,25,True,SN_CC
ZTF23aaeuaci,events/ZTF23aaeuaci.npz,SN Ia,SNI,core,12,6,6,True,SN_Ia
ZTF18abgqkpc,events/ZTF18abgqkpc.npz,SN Ia,SNI,core,8,5,3,True,SN_Ia
ZTF19abexfad,events/ZTF19abexfad.npz,SN Ia,SNI,core,17,7,10,True,SN_Ia
ZTF22absqxti,events/ZTF22absqxti.npz,SN Ia,SNI,core,23,9,14,True,SN_Ia
ZTF21aatvqcl,events/ZTF21aatvqcl.npz,SN II,SNII,core,33,15,18,True,SN_CC
ZTF25aavdmzf,events/ZTF25aavdmzf.npz,SN Ia,SNI,core,166,81,57,True,SN_Ia
ZTF24aadsehp,events/ZTF24aadsehp.npz,SN Ia,SNI,core,15,4,11,True,SN_Ia
ZTF20actddoh,events/ZTF20actddoh.npz,SN Ia,SNI,core,54,27,27,True,SN_Ia
ZTF20aabrydh,events/ZTF20aabrydh.npz,SN Ia,SNI,core,14,7,7,True,SN_Ia
ZTF21abyvjeq,events/ZTF21abyvjeq.npz,SN Ia,SNI,core,23,11,12,True,SN_Ia
ZTF26aaabexn,events/ZTF26aaabexn.npz,SN II,SNII,core,34,14,17,True,SN_CC
ZTF23aadcgak,events/ZTF23aadcgak.npz,SN II,SNII,core,32,18,14,True,SN_CC
ZTF21acfabut,events/ZTF21acfabut.npz,SN Ia,SNI,core,25,12,13,True,SN_Ia
ZTF19acjerdh,events/ZTF19acjerdh.npz,SN Ia,SNI,core,24,8,16,True,SN_Ia
ZTF25abwgpjb,events/ZTF25abwgpjb.npz,SN II,SNII,core,59,26,33,True,SN_CC
ZTF22aaafqzd,events/ZTF22aaafqzd.npz,SN Ia,SNI,core,18,7,11,True,SN_Ia
ZTF24abgweei,events/ZTF24abgweei.npz,SN II,SNII,core,58,9,49,True,SN_CC
ZTF25aareirf,events/ZTF25aareirf.npz,SN Ia,SNI,core,22,13,9,True,SN_Ia
ZTF19aavhvkd,events/ZTF19aavhvkd.npz,SN Ia,SNI,core,19,11,8,True,SN_Ia
ZTF20aabqiti,events/ZTF20aabqiti.npz,SN Ia,SNI,core,71,34,37,True,SN_Ia
ZTF20abazekd,events/ZTF20abazekd.npz,SN Ia,SNI,core,33,18,15,True,SN_Ia
ZTF20acovdho,events/ZTF20acovdho.npz,SN Ia,SNI,core,21,10,11,True,SN_Ia
ZTF22aahyqck,events/ZTF22aahyqck.npz,SN Ia,SNI,core,20,11,9,True,SN_Ia
ZTF24abhluet,events/ZTF24abhluet.npz,SN Ia,SNI,core,20,8,9,True,SN_Ia
ZTF23aakbjqx,events/ZTF23aakbjqx.npz,SN Ia,SNI,core,22,9,13,True,SN_Ia
ZTF24aacluoy,events/ZTF24aacluoy.npz,SN Ia,SNI,core,12,6,6,True,SN_Ia
ZTF23aabrsiv,events/ZTF23aabrsiv.npz,SN Ia,SNI,core,11,3,8,True,SN_Ia
ZTF20acpvxmk,events/ZTF20acpvxmk.npz,SN Ia,SNI,core,20,9,11,True,SN_Ia
ZTF23aazjwtl,events/ZTF23aazjwtl.npz,SN IIb,SNII,core,35,10,25,True,SN_CC
ZTF19aculypc,events/ZTF19aculypc.npz,SN Ia,SNI,core,27,9,18,True,SN_Ia
ZTF24abinhbc,events/ZTF24abinhbc.npz,SN Ia,SNI,core,9,4,5,True,SN_Ia
ZTF24aahybvf,events/ZTF24aahybvf.npz,SN Ia-91bg,SNI,core,10,5,3,True,SN_Ia
ZTF19aanujan,events/ZTF19aanujan.npz,CV,CV,core,13,6,7,True,CV
ZTF22aanesux,events/ZTF22aanesux.npz,SN IIn,SNII,core,74,35,39,True,SN_CC
ZTF19abxzumq,events/ZTF19abxzumq.npz,CV,CV,core,13,6,7,True,CV
ZTF23aansctq,events/ZTF23aansctq.npz,SN Ia,SNI,core,51,23,28,True,SN_Ia
ZTF19aampqcq,events/ZTF19aampqcq.npz,SN Ia,SNI,core,20,13,7,True,SN_Ia
ZTF22aamgpzz,events/ZTF22aamgpzz.npz,SN II,SNII,core,32,11,21,True,SN_CC
ZTF18acdvvej,events/ZTF18acdvvej.npz,SN Ia,SNI,core,40,18,22,True,SN_Ia
ZTF20aalbjpf,events/ZTF20aalbjpf.npz,SN Ia,SNI,core,12,6,6,True,SN_Ia
ZTF25abugbyo,events/ZTF25abugbyo.npz,SN Ia,SNI,core,32,16,16,True,SN_Ia
ZTF23aagphxh,events/ZTF23aagphxh.npz,SN Ia,SNI,core,13,6,7,True,SN_Ia
ZTF22abhcrfy,events/ZTF22abhcrfy.npz,SN Ia,SNI,core,31,15,16,True,SN_Ia
ZTF22abfspdz,events/ZTF22abfspdz.npz,SN Ia,SNI,core,33,20,13,True,SN_Ia
ZTF18abyxwrf,events/ZTF18abyxwrf.npz,SN Ia,SNI,core,25,18,7,True,SN_Ia
ZTF25abghdgt,events/ZTF25abghdgt.npz,SN II,SNII,core,26,12,14,True,SN_CC
ZTF22abykahf,events/ZTF22abykahf.npz,SN Ia,SNI,core,29,14,15,True,SN_Ia
ZTF18aczuooo,events/ZTF18aczuooo.npz,SN IIn,SNII,core,24,10,14,True,SN_CC
ZTF24abxxltd,events/ZTF24abxxltd.npz,SN Ia,SNI,core,39,20,19,True,SN_Ia
ZTF24aayjrde,events/ZTF24aayjrde.npz,SN Ia,SNI,core,49,21,28,True,SN_Ia
ZTF18abdpvnd,events/ZTF18abdpvnd.npz,SN Ia,SNI,core,95,41,54,True,SN_Ia
ZTF22aaemhwl,events/ZTF22aaemhwl.npz,SN Ia,SNI,core,44,19,25,True,SN_Ia
ZTF25aadfkug,events/ZTF25aadfkug.npz,SN Ia,SNI,core,36,14,22,True,SN_Ia
ZTF19aayjien,events/ZTF19aayjien.npz,AGN,AGN,core,14,4,10,True,AGN
ZTF18acxcttu,events/ZTF18acxcttu.npz,AGN,AGN,core,9,5,4,True,AGN
ZTF18aakpnyt,events/ZTF18aakpnyt.npz,AGN,AGN,core,18,10,8,True,AGN
ZTF22aaagrce,events/ZTF22aaagrce.npz,SN Ib,SNI,core,10,5,5,True,SN_CC
ZTF20acgnrqu,events/ZTF20acgnrqu.npz,SN Ia,SNI,core,53,26,27,True,SN_Ia
ZTF23abbpswf,events/ZTF23abbpswf.npz,SN Ib,SNI,core,28,15,13,True,SN_CC
ZTF18aczemzj,events/ZTF18aczemzj.npz,SN Ia,SNI,core,17,9,8,True,SN_Ia
ZTF23abluzif,events/ZTF23abluzif.npz,SN Ia,SNI,core,31,14,17,True,SN_Ia
ZTF18abdbuty,events/ZTF18abdbuty.npz,SN Ia,SNI,core,22,10,12,True,SN_Ia
ZTF21acipmgw,events/ZTF21acipmgw.npz,SN Ia,SNI,core,15,8,7,True,SN_Ia
ZTF20aauvbez,events/ZTF20aauvbez.npz,SN II,SNII,core,21,12,9,True,SN_CC
ZTF24abtrbqi,events/ZTF24abtrbqi.npz,SN Ia-91bg,SNI,core,14,6,8,True,SN_Ia
ZTF23aawokan,events/ZTF23aawokan.npz,SN II,SNII,core,9,2,7,True,SN_CC
ZTF22absmrdt,events/ZTF22absmrdt.npz,SN Ia,SNI,core,39,7,32,True,SN_Ia
ZTF22aahibvx,events/ZTF22aahibvx.npz,SN II,SNII,core,98,49,49,True,SN_CC
ZTF21abraccv,events/ZTF21abraccv.npz,SN Ic,SNI,core,49,21,28,True,SN_CC
ZTF19abnhegb,events/ZTF19abnhegb.npz,SN Ia,SNI,core,10,4,6,True,SN_Ia
ZTF18abuesai,events/ZTF18abuesai.npz,AGN,AGN,core,12,9,3,True,AGN
ZTF24ablsxza,events/ZTF24ablsxza.npz,SN Ic,SNI,core,26,15,11,True,SN_CC
ZTF22aboisvs,events/ZTF22aboisvs.npz,SN Ia,SNI,core,24,12,12,True,SN_Ia
ZTF21ablwehd,events/ZTF21ablwehd.npz,SN II,SNII,core,18,7,11,True,SN_CC
ZTF19aanwwlo,events/ZTF19aanwwlo.npz,SN Ia,SNI,core,11,4,7,True,SN_Ia
ZTF18aaqskoy,events/ZTF18aaqskoy.npz,SN Ia,SNI,core,23,11,12,True,SN_Ia
ZTF20abupbub,events/ZTF20abupbub.npz,SN Ia,SNI,core,86,40,46,True,SN_Ia
ZTF24aalubmp,events/ZTF24aalubmp.npz,SN Ia,SNI,core,67,32,35,True,SN_Ia
ZTF24aagiwoi,events/ZTF24aagiwoi.npz,SN II,SNII,core,46,26,20,True,SN_CC
ZTF19abnkrcd,events/ZTF19abnkrcd.npz,SN Ia,SNI,core,12,5,7,True,SN_Ia
ZTF21aapjmda,events/ZTF21aapjmda.npz,SN Ia-91bg,SNI,core,26,12,14,True,SN_Ia
ZTF22abfzaed,events/ZTF22abfzaed.npz,SN Ia,SNI,core,27,9,18,True,SN_Ia
ZTF24ablmzkk,events/ZTF24ablmzkk.npz,SN Ia,SNI,core,16,6,10,True,SN_Ia
ZTF25acgprsb,events/ZTF25acgprsb.npz,SN Ia,SNI,core,18,6,12,True,SN_Ia
ZTF21acjxiqw,events/ZTF21acjxiqw.npz,SN IIP,SNII,core,14,8,6,True,SN_CC
ZTF18aaxokeg,events/ZTF18aaxokeg.npz,SN Ia,SNI,core,23,9,14,True,SN_Ia
ZTF21aaaytny,events/ZTF21aaaytny.npz,SN Ia,SNI,core,18,7,11,True,SN_Ia
ZTF24abpdzvm,events/ZTF24abpdzvm.npz,SN IIb,SNII,core,37,14,23,True,SN_CC
ZTF23aacjeou,events/ZTF23aacjeou.npz,SN Ia,SNI,core,12,5,7,True,SN_Ia
ZTF19aapxocr,events/ZTF19aapxocr.npz,SN Ia,SNI,core,10,6,4,True,SN_Ia
ZTF21abahiow,events/ZTF21abahiow.npz,SN Ib,SNI,core,58,26,32,True,SN_CC
ZTF22aadkocy,events/ZTF22aadkocy.npz,SN Ia,SNI,core,23,12,11,True,SN_Ia
ZTF20aansktb,events/ZTF20aansktb.npz,SN Ia,SNI,core,16,7,9,True,SN_Ia
ZTF19aawmkja,events/ZTF19aawmkja.npz,SN Ia,SNI,core,68,35,33,True,SN_Ia
ZTF21aakvroo,events/ZTF21aakvroo.npz,SN IIP,SNII,core,68,31,37,True,SN_CC
ZTF25abwpmrd,events/ZTF25abwpmrd.npz,SN Ia,SNI,core,34,15,19,True,SN_Ia
ZTF24abernvw,events/ZTF24abernvw.npz,SN Ia,SNI,core,22,5,17,True,SN_Ia
ZTF20abpqdgh,events/ZTF20abpqdgh.npz,SN Ia,SNI,core,23,11,12,True,SN_Ia
ZTF21abmpnui,events/ZTF21abmpnui.npz,SN Ia,SNI,core,37,13,24,True,SN_Ia
ZTF20abxyajd,events/ZTF20abxyajd.npz,SN Ia,SNI,core,51,28,23,True,SN_Ia
ZTF24abrorvi,events/ZTF24abrorvi.npz,SN Ia,SNI,core,53,26,27,True,SN_Ia
ZTF19aawhniz,events/ZTF19aawhniz.npz,SN Ia,SNI,core,11,3,8,True,SN_Ia
ZTF18acbxkop,events/ZTF18acbxkop.npz,SN II,SNII,core,30,13,17,True,SN_CC
ZTF20acwyoxc,events/ZTF20acwyoxc.npz,SN Ia,SNI,core,18,9,9,True,SN_Ia
ZTF21abeeewf,events/ZTF21abeeewf.npz,SN Ia,SNI,core,22,10,12,True,SN_Ia
ZTF23abhshea,events/ZTF23abhshea.npz,SN Ia,SNI,core,26,10,16,True,SN_Ia
ZTF23aafwykt,events/ZTF23aafwykt.npz,SN Ic,SNI,core,18,7,11,True,SN_CC
ZTF20aavzlxm,events/ZTF20aavzlxm.npz,SN Ia,SNI,core,60,29,31,True,SN_Ia
ZTF22aaliywk,events/ZTF22aaliywk.npz,SN Ia,SNI,core,24,12,12,True,SN_Ia
ZTF22abeskuc,events/ZTF22abeskuc.npz,SN Ia,SNI,core,25,11,14,True,SN_Ia
ZTF19aamgjtz,events/ZTF19aamgjtz.npz,SN Ia,SNI,core,19,8,11,True,SN_Ia
ZTF19abovstj,events/ZTF19abovstj.npz,SN II,SNII,core,13,7,6,True,SN_CC
ZTF24abfuwoh,events/ZTF24abfuwoh.npz,SN Ia,SNI,core,12,7,5,True,SN_Ia
ZTF24aazkvzi,events/ZTF24aazkvzi.npz,SN Ia,SNI,core,49,19,28,True,SN_Ia
ZTF25aaafxvn,events/ZTF25aaafxvn.npz,SN Ib/c,SNI,core,9,4,5,True,SN_CC
ZTF24aahdigc,events/ZTF24aahdigc.npz,SN Ia,SNI,core,13,9,4,True,SN_Ia
ZTF22aapjbix,events/ZTF22aapjbix.npz,SN Ia,SNI,core,13,7,6,True,SN_Ia
ZTF20acphbem,events/ZTF20acphbem.npz,SN Ia,SNI,core,36,17,19,True,SN_Ia
ZTF22aamssbr,events/ZTF22aamssbr.npz,SN II,SNII,core,43,24,19,True,SN_CC
ZTF21aaufthj,events/ZTF21aaufthj.npz,SN Ia,SNI,core,28,13,15,True,SN_Ia
ZTF24aanmrts,events/ZTF24aanmrts.npz,SN Ia,SNI,core,46,20,26,True,SN_Ia
ZTF23aamwpmg,events/ZTF23aamwpmg.npz,SN Ia-91T,SNI,core,29,17,12,True,SN_Ia
ZTF22aajnffd,events/ZTF22aajnffd.npz,SN Ia,SNI,core,27,16,11,True,SN_Ia
ZTF23aaaifls,events/ZTF23aaaifls.npz,SN II,SNII,core,20,9,11,True,SN_CC
ZTF24aatyini,events/ZTF24aatyini.npz,SN Ia,SNI,core,61,28,32,True,SN_Ia
ZTF18aamftst,events/ZTF18aamftst.npz,SN IIn,SNII,core,20,2,18,True,SN_CC
ZTF23abscohj,events/ZTF23abscohj.npz,SN Ia,SNI,core,23,13,10,True,SN_Ia
ZTF24abeppdw,events/ZTF24abeppdw.npz,SN Ia,SNI,core,31,12,19,True,SN_Ia
ZTF20aahtral,events/ZTF20aahtral.npz,SN Ia,SNI,core,11,5,6,True,SN_Ia
ZTF20acpgnsn,events/ZTF20acpgnsn.npz,SN Ia,SNI,core,16,6,10,True,SN_Ia
ZTF24abasrjx,events/ZTF24abasrjx.npz,SN Ia,SNI,core,15,12,3,True,SN_Ia
ZTF20aaxablt,events/ZTF20aaxablt.npz,SN Ia,SNI,core,20,11,9,True,SN_Ia
ZTF18abuqugw,events/ZTF18abuqugw.npz,SN Ia,SNI,core,13,7,6,True,SN_Ia
ZTF25abxjgzg,events/ZTF25abxjgzg.npz,SN II,SNII,core,48,26,22,True,SN_CC
ZTF19aarfksi,events/ZTF19aarfksi.npz,SN Ia,SNI,core,20,9,11,True,SN_Ia
ZTF19abzkexb,events/ZTF19abzkexb.npz,SN Ia,SNI,core,11,4,7,True,SN_Ia
ZTF23abhxbjo,events/ZTF23abhxbjo.npz,SN Ia,SNI,core,10,7,3,True,SN_Ia
ZTF25acgeibe,events/ZTF25acgeibe.npz,SN Ia,SNI,core,14,6,8,True,SN_Ia
ZTF21abfxjik,events/ZTF21abfxjik.npz,SN Ia,SNI,core,17,7,10,True,SN_Ia
ZTF20abexyxk,events/ZTF20abexyxk.npz,SN Ia,SNI,core,146,68,78,True,SN_Ia
ZTF21aaygchh,events/ZTF21aaygchh.npz,CV,CV,core,12,3,9,True,CV
ZTF22aaaffxq,events/ZTF22aaaffxq.npz,SN Ia,SNI,core,11,5,6,True,SN_Ia
ZTF18acgsdvk,events/ZTF18acgsdvk.npz,CV,CV,core,17,7,10,True,CV
ZTF23abcegak,events/ZTF23abcegak.npz,SN Ia,SNI,core,36,16,20,True,SN_Ia
ZTF22abgiout,events/ZTF22abgiout.npz,SN Ia,SNI,core,17,13,4,True,SN_Ia
ZTF25abawltx,events/ZTF25abawltx.npz,SN II,SNII,core,77,37,40,True,SN_CC
ZTF19adbkvnr,events/ZTF19adbkvnr.npz,CV,CV,core,16,7,9,True,CV
ZTF21acaohjl,events/ZTF21acaohjl.npz,CV,CV,core,13,7,6,True,CV
ZTF20adaplsj,events/ZTF20adaplsj.npz,SN Ia,SNI,core,11,4,7,True,SN_Ia
ZTF22aabgazg,events/ZTF22aabgazg.npz,SN Ic-BL,SNI,core,16,5,11,True,SN_CC
ZTF19aamowaf,events/ZTF19aamowaf.npz,SN II,SNII,core,23,11,12,True,SN_CC
ZTF20aammhli,events/ZTF20aammhli.npz,SN Ia,SNI,core,66,32,34,True,SN_Ia
ZTF19abclykm,events/ZTF19abclykm.npz,AGN,AGN,core,182,87,95,True,AGN
ZTF18aauuzmf,events/ZTF18aauuzmf.npz,SN Ia,SNI,core,31,28,3,True,SN_Ia
ZTF24ablflcx,events/ZTF24ablflcx.npz,SN Ia,SNI,core,13,6,7,True,SN_Ia
ZTF23aajjzml,events/ZTF23aajjzml.npz,SN II,SNII,core,25,7,18,True,SN_CC
ZTF20aafcnem,events/ZTF20aafcnem.npz,SN Ia,SNI,core,31,16,15,True,SN_Ia
ZTF19abdoznh,events/ZTF19abdoznh.npz,SN Ia,SNI,core,30,12,18,True,SN_Ia
ZTF21aavuqzr,events/ZTF21aavuqzr.npz,SN IIn,SNII,core,148,74,74,True,SN_CC
ZTF23abnprwj,events/ZTF23abnprwj.npz,SN Ia,SNI,core,21,11,10,True,SN_Ia
ZTF24absxhcd,events/ZTF24absxhcd.npz,SN Ia,SNI,core,35,17,18,True,SN_Ia
ZTF18abaxlpi,events/ZTF18abaxlpi.npz,SN Ia,SNI,core,24,10,14,True,SN_Ia
ZTF21aanuyro,events/ZTF21aanuyro.npz,SN Ia,SNI,core,37,15,22,True,SN_Ia
ZTF19acftude,events/ZTF19acftude.npz,SN IIn,SNII,core,36,19,17,True,SN_CC
ZTF18aaaniwu,events/ZTF18aaaniwu.npz,AGN,AGN,core,14,9,5,True,AGN
ZTF24abqlxaf,events/ZTF24abqlxaf.npz,SN IIP,SNII,core,41,19,22,True,SN_CC
ZTF25aawpfbf,events/ZTF25aawpfbf.npz,SN Ia-91T,SNI,core,52,2,50,True,SN_Ia
ZTF18abvglon,events/ZTF18abvglon.npz,SN Ia,SNI,core,27,10,17,True,SN_Ia
ZTF21abdxhgv,events/ZTF21abdxhgv.npz,SN Ib/c,SNI,core,80,36,44,True,SN_CC
ZTF24aaqgmxz,events/ZTF24aaqgmxz.npz,SN Ia,SNI,core,8,6,2,True,SN_Ia
ZTF24aarjcbz,events/ZTF24aarjcbz.npz,SN Ia,SNI,core,12,6,6,True,SN_Ia
ZTF25aahrlwa,events/ZTF25aahrlwa.npz,SN Ia,SNI,core,43,23,20,True,SN_Ia
ZTF21abrghol,events/ZTF21abrghol.npz,SN Ia,SNI,core,45,21,24,True,SN_Ia
ZTF19abdkgns,events/ZTF19abdkgns.npz,SN Ia,SNI,core,37,15,22,True,SN_Ia
ZTF19ababmsi,events/ZTF19ababmsi.npz,SN Ia,SNI,core,45,20,25,True,SN_Ia
ZTF22aagvxjc,events/ZTF22aagvxjc.npz,SN IIn,SNII,core,74,33,41,True,SN_CC
ZTF22abbsbys,events/ZTF22abbsbys.npz,SN Ia,SNI,core,33,15,18,True,SN_Ia
ZTF23aaftebr,events/ZTF23aaftebr.npz,SN Ia,SNI,core,13,6,7,True,SN_Ia
ZTF21aaaigfg,events/ZTF21aaaigfg.npz,SN Ia,SNI,core,45,6,39,True,SN_Ia
ZTF23abclpxs,events/ZTF23abclpxs.npz,SN Ia,SNI,core,54,24,30,True,SN_Ia
ZTF22aakdwiu,events/ZTF22aakdwiu.npz,SN Ia,SNI,core,58,28,30,True,SN_Ia
ZTF25aajlsss,events/ZTF25aajlsss.npz,SN Ia,SNI,core,10,6,4,True,SN_Ia
ZTF20aarbget,events/ZTF20aarbget.npz,SN Ia,SNI,core,25,12,13,True,SN_Ia
ZTF18acbvgtu,events/ZTF18acbvgtu.npz,SN Ia,SNI,core,10,4,6,True,SN_Ia
ZTF25abvqhcq,events/ZTF25abvqhcq.npz,SN Ia,SNI,core,25,15,10,True,SN_Ia
ZTF24aawjwxx,events/ZTF24aawjwxx.npz,SN Ic,SNI,core,39,15,24,True,SN_CC
ZTF20abegirf,events/ZTF20abegirf.npz,SN II,SNII,core,98,40,58,True,SN_CC
ZTF20aahqbsr,events/ZTF20aahqbsr.npz,SN II,SNII,core,48,21,27,True,SN_CC
ZTF24abihpmn,events/ZTF24abihpmn.npz,SN II,SNII,core,41,16,25,True,SN_CC
ZTF21abkoccb,events/ZTF21abkoccb.npz,SN II,SNII,core,49,30,19,True,SN_CC
ZTF18acqighv,events/ZTF18acqighv.npz,AGN,AGN,core,9,3,6,True,AGN
ZTF20aasfhia,events/ZTF20aasfhia.npz,SN II,SNII,core,26,14,12,True,SN_CC
ZTF18acusbyf,events/ZTF18acusbyf.npz,SN Ia,SNI,core,22,7,15,True,SN_Ia
ZTF19aawqcgy,events/ZTF19aawqcgy.npz,SN Ic-BL,SNI,core,19,7,12,True,SN_CC
ZTF20abjwuju,events/ZTF20abjwuju.npz,SN Ia,SNI,core,37,18,19,True,SN_Ia
ZTF23abavpyk,events/ZTF23abavpyk.npz,SN Ia,SNI,core,14,10,4,True,SN_Ia
ZTF22aajlzbs,events/ZTF22aajlzbs.npz,SN Ia,SNI,core,20,7,13,True,SN_Ia
ZTF20abapvvq,events/ZTF20abapvvq.npz,SN Ia,SNI,core,15,6,9,True,SN_Ia
ZTF19abjbtbm,events/ZTF19abjbtbm.npz,SN II,SNII,core,10,7,3,True,SN_CC
ZTF23aavxtvg,events/ZTF23aavxtvg.npz,SN Ia,SNI,core,63,31,32,True,SN_Ia
ZTF18acqxcga,events/ZTF18acqxcga.npz,SN Ia,SNI,core,73,25,48,True,SN_Ia
ZTF21abhtkiy,events/ZTF21abhtkiy.npz,SN Ia,SNI,core,53,25,28,True,SN_Ia
ZTF18acbvnen,events/ZTF18acbvnen.npz,SN Ia,SNI,core,16,9,7,True,SN_Ia
ZTF18abxftqm,events/ZTF18abxftqm.npz,TDE,TDE,core,30,14,16,True,TDE
ZTF24aahxokj,events/ZTF24aahxokj.npz,SN II,SNII,core,27,6,21,True,SN_CC
ZTF23aaxfnwp,events/ZTF23aaxfnwp.npz,SN Ia,SNI,core,26,11,15,True,SN_Ia
ZTF23abtjkql,events/ZTF23abtjkql.npz,SN Ia,SNI,core,48,22,26,True,SN_Ia
ZTF22abwlapx,events/ZTF22abwlapx.npz,SN Ia,SNI,core,19,10,9,True,SN_Ia
ZTF19abfpupe,events/ZTF19abfpupe.npz,SN Ia,SNI,core,12,6,6,True,SN_Ia
ZTF21aarguvb,events/ZTF21aarguvb.npz,SN Ia,SNI,core,27,12,15,True,SN_Ia
ZTF21abljmmv,events/ZTF21abljmmv.npz,SN Ia,SNI,core,29,13,16,True,SN_Ia
ZTF24aaifila,events/ZTF24aaifila.npz,SN IIn,SNII,core,134,101,31,True,SN_CC
ZTF18adalgmc,events/ZTF18adalgmc.npz,SN Ia,SNI,core,17,10,7,True,SN_Ia
ZTF22abayewb,events/ZTF22abayewb.npz,SN Ia,SNI,core,36,18,18,True,SN_Ia
ZTF25absvroj,events/ZTF25absvroj.npz,SN Ia,SNI,core,41,21,20,True,SN_Ia
ZTF22aaoqfsm,events/ZTF22aaoqfsm.npz,SN Ia,SNI,core,36,18,18,True,SN_Ia
ZTF19ababigc,events/ZTF19ababigc.npz,SN Ia,SNI,core,15,6,9,True,SN_Ia
ZTF22aadljkb,events/ZTF22aadljkb.npz,SN IIP,SNII,core,47,19,28,True,SN_CC
ZTF22aausjcd,events/ZTF22aausjcd.npz,SN Ia,SNI,core,22,14,8,True,SN_Ia
ZTF20actpqgc,events/ZTF20actpqgc.npz,SN Ic,SNI,core,50,21,29,True,SN_CC
ZTF20aanadlu,events/ZTF20aanadlu.npz,SN Ia,SNI,core,29,13,16,True,SN_Ia
ZTF21abvcxel,events/ZTF21abvcxel.npz,SN II,SNII,core,50,24,26,True,SN_CC
ZTF20aamksoq,events/ZTF20aamksoq.npz,SN Ia,SNI,core,9,4,5,True,SN_Ia
ZTF20abvtozi,events/ZTF20abvtozi.npz,SN Ia,SNI,core,173,83,90,True,SN_Ia
ZTF22acablwr,events/ZTF22acablwr.npz,SN Ia,SNI,core,22,11,11,True,SN_Ia
ZTF19acjjwsy,events/ZTF19acjjwsy.npz,SN Ia,SNI,core,16,5,11,True,SN_Ia
ZTF22aalsabr,events/ZTF22aalsabr.npz,SN Ia,SNI,core,28,14,14,True,SN_Ia
ZTF21aanortq,events/ZTF21aanortq.npz,SN Ia-pec,SNI,core,29,13,16,True,SN_Ia
ZTF19ablrkfz,events/ZTF19ablrkfz.npz,SN Ia,SNI,core,11,6,5,True,SN_Ia
ZTF20aaeuxqk,events/ZTF20aaeuxqk.npz,SN Ia,SNI,core,45,20,25,True,SN_Ia
ZTF21abgxudc,events/ZTF21abgxudc.npz,SN Ia,SNI,core,29,14,15,True,SN_Ia
ZTF19aarnqzw,events/ZTF19aarnqzw.npz,SN Ia,SNI,core,38,20,18,True,SN_Ia
ZTF24aaupoba,events/ZTF24aaupoba.npz,SN Ib-pec,SNI,core,49,36,13,True,SN_CC
ZTF22aakquvw,events/ZTF22aakquvw.npz,SN Ia,SNI,core,14,6,8,True,SN_Ia
ZTF21abgjdtt,events/ZTF21abgjdtt.npz,CV,CV,core,27,11,16,True,CV
ZTF23absephc,events/ZTF23absephc.npz,SN Ia,SNI,core,9,4,5,True,SN_Ia
ZTF18aaezzww,events/ZTF18aaezzww.npz,SN Ia,SNI,core,72,8,64,True,SN_Ia
ZTF21aagyewh,events/ZTF21aagyewh.npz,SN Ia,SNI,core,22,9,13,True,SN_Ia
ZTF18ablerlf,events/ZTF18ablerlf.npz,CV,CV,core,8,2,6,True,CV
ZTF22aamdxkj,events/ZTF22aamdxkj.npz,SN Ia,SNI,core,30,14,16,True,SN_Ia
ZTF24abyatjx,events/ZTF24abyatjx.npz,SN II,SNII,core,50,22,28,True,SN_CC
ZTF24abhsqly,events/ZTF24abhsqly.npz,SN Ic,SNI,core,24,16,8,True,SN_CC
ZTF22aabiyjw,events/ZTF22aabiyjw.npz,SN Ia,SNI,core,12,6,6,True,SN_Ia
ZTF20aclwclm,events/ZTF20aclwclm.npz,SN Ia,SNI,core,12,3,9,True,SN_Ia
ZTF25aaylqqq,events/ZTF25aaylqqq.npz,SN Ia,SNI,core,78,29,49,True,SN_Ia
ZTF19aatvljp,events/ZTF19aatvljp.npz,SN Ia,SNI,core,29,14,15,True,SN_Ia
ZTF22aahndul,events/ZTF22aahndul.npz,SN Ia,SNI,core,38,17,21,True,SN_Ia
ZTF24abmtnee,events/ZTF24abmtnee.npz,SN II,SNII,core,61,33,28,True,SN_CC
ZTF23aarvjaf,events/ZTF23aarvjaf.npz,SN Ia,SNI,core,29,14,15,True,SN_Ia
ZTF19abglmpf,events/ZTF19abglmpf.npz,SN Ia,SNI,core,61,30,31,True,SN_Ia
ZTF21abvtfxn,events/ZTF21abvtfxn.npz,SN Ia,SNI,core,24,10,14,True,SN_Ia
ZTF20aazewhe,events/ZTF20aazewhe.npz,SN Ia,SNI,core,22,5,17,True,SN_Ia
ZTF19abdkbwy,events/ZTF19abdkbwy.npz,SN Ia,SNI,core,8,3,5,True,SN_Ia
ZTF25abfnszm,events/ZTF25abfnszm.npz,SN Ia,SNI,core,13,4,9,True,SN_Ia
ZTF23abtjdtm,events/ZTF23abtjdtm.npz,SN Ic-BL,SNI,core,26,14,12,True,SN_CC
ZTF18aasuray,events/ZTF18aasuray.npz,AGN,AGN,core,26,12,14,True,AGN
ZTF21aaxwytv,events/ZTF21aaxwytv.npz,SN Ia,SNI,core,23,13,10,True,SN_Ia
ZTF23aaemepn,events/ZTF23aaemepn.npz,SN Ia,SNI,core,25,15,10,True,SN_Ia
ZTF25aawaobl,events/ZTF25aawaobl.npz,SN Ic-BL,SNI,core,56,24,32,True,SN_CC
ZTF18abuncpe,events/ZTF18abuncpe.npz,SN Ia,SNI,core,17,12,5,True,SN_Ia
ZTF19aabyheu,events/ZTF19aabyheu.npz,SN Ia,SNI,core,36,18,18,True,SN_Ia
ZTF19aavnuur,events/ZTF19aavnuur.npz,SN II,SNII,core,19,7,12,True,SN_CC
ZTF21abalnud,events/ZTF21abalnud.npz,SN Ia,SNI,core,10,5,5,True,SN_Ia
ZTF24aaemydm,events/ZTF24aaemydm.npz,SN II,SNII,core,30,16,14,True,SN_CC
ZTF19abqwtfu,events/ZTF19abqwtfu.npz,SN Ib,SNI,core,75,35,40,True,SN_CC
ZTF19abyjgal,events/ZTF19abyjgal.npz,SN Ia,SNI,core,11,7,4,True,SN_Ia
ZTF25abbdvqe,events/ZTF25abbdvqe.npz,SN Ia,SNI,core,19,9,10,True,SN_Ia
ZTF21acjmvhx,events/ZTF21acjmvhx.npz,SN Ic-BL,SNI,core,12,5,7,True,SN_CC
ZTF23abaeeae,events/ZTF23abaeeae.npz,SN II,SNII,core,22,5,17,True,SN_CC
ZTF22aadepkk,events/ZTF22aadepkk.npz,SN Ia,SNI,core,53,23,30,True,SN_Ia
ZTF21aahzspd,events/ZTF21aahzspd.npz,SN Ia,SNI,core,23,11,12,True,SN_Ia
ZTF18aaqqoqs,events/ZTF18aaqqoqs.npz,SN Ia-91T,SNI,core,20,9,11,True,SN_Ia
ZTF23aaphnyz,events/ZTF23aaphnyz.npz,SN II,SNII,core,67,33,34,True,SN_CC
ZTF19abkhmcv,events/ZTF19abkhmcv.npz,AGN,AGN,core,11,7,4,True,AGN
ZTF25abansec,events/ZTF25abansec.npz,SN Ia,SNI,core,103,55,48,True,SN_Ia
ZTF24aalbwpz,events/ZTF24aalbwpz.npz,SN Ia,SNI,core,40,16,22,True,SN_Ia
ZTF24ablkvvn,events/ZTF24ablkvvn.npz,SN II,SNII,core,51,24,27,True,SN_CC
ZTF21abvrfsr,events/ZTF21abvrfsr.npz,SN Ia,SNI,core,34,17,17,True,SN_Ia
ZTF19acvijnj,events/ZTF19acvijnj.npz,SN Ia,SNI,core,15,7,8,True,SN_Ia
ZTF22aagyrlp,events/ZTF22aagyrlp.npz,SN Ia,SNI,core,22,10,12,True,SN_Ia
ZTF25aafdwin,events/ZTF25aafdwin.npz,SN Ia,SNI,core,21,10,11,True,SN_Ia
ZTF18abnuexr,events/ZTF18abnuexr.npz,SN II,SNII,core,12,7,5,True,SN_CC
ZTF18acqxwgl,events/ZTF18acqxwgl.npz,SN Ia-pec,SNI,core,13,4,9,True,SN_Ia
ZTF20aamttiw,events/ZTF20aamttiw.npz,SN II,SNII,core,38,15,23,True,SN_CC
ZTF23aaaepzi,events/ZTF23aaaepzi.npz,SN Ia,SNI,core,9,5,4,True,SN_Ia
ZTF19acyogvo,events/ZTF19acyogvo.npz,SN Ia,SNI,core,28,12,16,True,SN_Ia
ZTF19aafnecv,events/ZTF19aafnecv.npz,SN Ia,SNI,core,22,13,9,True,SN_Ia
ZTF24abjftxl,events/ZTF24abjftxl.npz,SN IIn,SNII,core,65,27,38,True,SN_CC
ZTF21abfjrjy,events/ZTF21abfjrjy.npz,SN Ia,SNI,core,9,7,2,True,SN_Ia
ZTF21aanjejr,events/ZTF21aanjejr.npz,SN Ia,SNI,core,13,11,2,True,SN_Ia
ZTF19achcdju,events/ZTF19achcdju.npz,CV,CV,core,16,10,6,True,CV
ZTF25abdcdwd,events/ZTF25abdcdwd.npz,SN Ia,SNI,core,42,19,23,True,SN_Ia
ZTF18acwzyor,events/ZTF18acwzyor.npz,SN IIn,SNII,core,36,18,18,True,SN_CC
ZTF19acduqvr,events/ZTF19acduqvr.npz,SN Ia,SNI,core,11,6,5,True,SN_Ia
ZTF24aboinfr,events/ZTF24aboinfr.npz,SN Ia,SNI,core,12,7,5,True,SN_Ia
ZTF18aacnlxz,events/ZTF18aacnlxz.npz,SN II,SNII,core,18,8,10,True,SN_CC
ZTF25aacaxkg,events/ZTF25aacaxkg.npz,SN Ia,SNI,core,41,20,21,True,SN_Ia
ZTF19aanircs,events/ZTF19aanircs.npz,SN Ia,SNI,core,32,12,20,True,SN_Ia
ZTF21abiewrh,events/ZTF21abiewrh.npz,SN Ia,SNI,core,17,9,8,True,SN_Ia
ZTF21aaabrpu,events/ZTF21aaabrpu.npz,SN IIb,SNII,core,38,16,22,True,SN_CC
ZTF22absxaxv,events/ZTF22absxaxv.npz,SN Ia,SNI,core,21,9,12,True,SN_Ia
ZTF18aaheszr,events/ZTF18aaheszr.npz,AGN,AGN,core,23,2,21,True,AGN
ZTF20aatpqps,events/ZTF20aatpqps.npz,SN Ia,SNI,core,15,8,7,True,SN_Ia
ZTF24aaejkyp,events/ZTF24aaejkyp.npz,SN IIb,SNII,core,15,5,10,True,SN_CC
ZTF22abzkgja,events/ZTF22abzkgja.npz,SN Ia,SNI,core,19,8,11,True,SN_Ia
ZTF24aaekbmc,events/ZTF24aaekbmc.npz,SN Ia,SNI,core,8,4,4,True,SN_Ia
ZTF18aayigdr,events/ZTF18aayigdr.npz,AGN,AGN,core,39,19,20,True,AGN
ZTF22abggmuu,events/ZTF22abggmuu.npz,SN Ia,SNI,core,33,17,16,True,SN_Ia
ZTF18aawxlxf,events/ZTF18aawxlxf.npz,SN Ia,SNI,core,11,5,6,True,SN_Ia
ZTF22aafracj,events/ZTF22aafracj.npz,SN Ia,SNI,core,15,7,8,True,SN_Ia
ZTF18acvwmpw,events/ZTF18acvwmpw.npz,SN Ia,SNI,core,34,15,19,True,SN_Ia
ZTF18abmqrwk,events/ZTF18abmqrwk.npz,CV,CV,core,16,6,10,True,CV
ZTF23abmzebo,events/ZTF23abmzebo.npz,SN Ia,SNI,core,18,10,8,True,SN_Ia
ZTF25abiknny,events/ZTF25abiknny.npz,SN Ia,SNI,core,17,8,9,True,SN_Ia
ZTF19aalzmiu,events/ZTF19aalzmiu.npz,SN Ia,SNI,core,23,10,13,True,SN_Ia
ZTF22aakqvzc,events/ZTF22aakqvzc.npz,SN Ia,SNI,core,27,16,11,True,SN_Ia
ZTF18aafpfwr,events/ZTF18aafpfwr.npz,SN Ia,SNI,core,13,6,7,True,SN_Ia
ZTF20acwyoqx,events/ZTF20acwyoqx.npz,AGN,AGN,core,11,4,7,True,AGN
ZTF21acdoyqt,events/ZTF21acdoyqt.npz,SN II,SNII,core,51,22,29,True,SN_CC
ZTF20acqntkr,events/ZTF20acqntkr.npz,SN Ia,SNI,core,22,14,8,True,SN_Ia
ZTF21acmwjza,events/ZTF21acmwjza.npz,SN Ia,SNI,core,11,5,6,True,SN_Ia
ZTF18aajkcdn,events/ZTF18aajkcdn.npz,SN Ia,SNI,core,11,7,4,True,SN_Ia
ZTF20abnvdem,events/ZTF20abnvdem.npz,SN Ia,SNI,core,27,9,18,True,SN_Ia
ZTF20aauuiri,events/ZTF20aauuiri.npz,SN Ia,SNI,core,23,11,12,True,SN_Ia
ZTF20acvcxkz,events/ZTF20acvcxkz.npz,SN Ic-BL,SNI,core,29,10,19,True,SN_CC
ZTF24abnpnbn,events/ZTF24abnpnbn.npz,SN Ia,SNI,core,11,6,5,True,SN_Ia
ZTF24aadplte,events/ZTF24aadplte.npz,SN Ia,SNI,core,12,4,8,True,SN_Ia
ZTF24aakzive,events/ZTF24aakzive.npz,SN II,SNII,core,41,16,25,True,SN_CC
ZTF24aacbpej,events/ZTF24aacbpej.npz,SN Ia,SNI,core,14,7,7,True,SN_Ia
ZTF19acenveq,events/ZTF19acenveq.npz,SN Ia,SNI,core,10,5,5,True,SN_Ia
ZTF23aanzbtf,events/ZTF23aanzbtf.npz,SN Ia,SNI,core,30,13,17,True,SN_Ia
ZTF21abwxhje,events/ZTF21abwxhje.npz,SN Ia,SNI,core,23,9,14,True,SN_Ia
ZTF25aapafwq,events/ZTF25aapafwq.npz,SN II,SNII,core,18,14,4,True,SN_CC
ZTF18acbvkwl,events/ZTF18acbvkwl.npz,AGN,AGN,core,33,16,17,True,AGN
ZTF22aaagvyp,events/ZTF22aaagvyp.npz,SN Ia,SNI,core,14,6,8,True,SN_Ia
ZTF22aaddvbe,events/ZTF22aaddvbe.npz,SN Ia,SNI,core,89,41,48,True,SN_Ia
ZTF19aapqqrb,events/ZTF19aapqqrb.npz,SN Ia,SNI,core,14,7,7,True,SN_Ia
ZTF19abuclhk,events/ZTF19abuclhk.npz,SN Ia,SNI,core,18,8,10,True,SN_Ia
ZTF22aaemgsl,events/ZTF22aaemgsl.npz,SN Ia,SNI,core,28,10,18,True,SN_Ia
ZTF18accndxn,events/ZTF18accndxn.npz,SN Ia,SNI,core,35,15,20,True,SN_Ia
ZTF20abxawtg,events/ZTF20abxawtg.npz,SN II,SNII,core,41,22,19,True,SN_CC
ZTF18acbxmvy,events/ZTF18acbxmvy.npz,SN Ia,SNI,core,18,7,11,True,SN_Ia
ZTF23abcnhzq,events/ZTF23abcnhzq.npz,SN Ia,SNI,core,29,11,18,True,SN_Ia
ZTF20aamgdkb,events/ZTF20aamgdkb.npz,SN Ia,SNI,core,41,21,20,True,SN_Ia
ZTF23aabrson,events/ZTF23aabrson.npz,SN II,SNII,core,8,5,3,True,SN_CC
ZTF25aazkont,events/ZTF25aazkont.npz,SN II,SNII,core,38,17,21,True,SN_CC
ZTF21aceqrju,events/ZTF21aceqrju.npz,SN II,SNII,core,27,13,14,True,SN_CC
ZTF18acbxhua,events/ZTF18acbxhua.npz,SN Ia,SNI,core,9,5,4,True,SN_Ia
ZTF20aafrjqw,events/ZTF20aafrjqw.npz,SN Ia,SNI,core,34,12,22,True,SN_Ia
ZTF18adbadic,events/ZTF18adbadic.npz,SN II,SNII,core,12,6,6,True,SN_CC
ZTF24aavdxwf,events/ZTF24aavdxwf.npz,SN Ia,SNI,core,16,9,7,True,SN_Ia
ZTF24aairune,events/ZTF24aairune.npz,SN Ia,SNI,core,18,10,8,True,SN_Ia
ZTF19aazgdvh,events/ZTF19aazgdvh.npz,SN Ia,SNI,core,20,9,11,True,SN_Ia
ZTF23aaalcjc,events/ZTF23aaalcjc.npz,SN Ia,SNI,core,18,7,11,True,SN_Ia
ZTF22abcsiqk,events/ZTF22abcsiqk.npz,SN Ia,SNI,core,18,11,7,True,SN_Ia
ZTF23abivscl,events/ZTF23abivscl.npz,SN Iax,SNI,peculiar,21,12,9,True,SN_Ia
ZTF25aachzhd,events/ZTF25aachzhd.npz,SN Ia,SNI,core,20,9,11,True,SN_Ia
ZTF19acbiwjk,events/ZTF19acbiwjk.npz,SN Ia,SNI,core,65,29,36,True,SN_Ia
ZTF23aaapgxe,events/ZTF23aaapgxe.npz,SN Ia,SNI,core,15,6,9,True,SN_Ia
ZTF19acccyyt,events/ZTF19acccyyt.npz,AGN,AGN,core,22,10,12,True,AGN
ZTF23absscow,events/ZTF23absscow.npz,SN II,SNII,core,8,4,4,True,SN_CC
ZTF23abccwbx,events/ZTF23abccwbx.npz,SN II,SNII,core,12,10,2,True,SN_CC
ZTF19aapnzde,events/ZTF19aapnzde.npz,SN Ia,SNI,core,21,7,14,True,SN_Ia
ZTF22abfyqmh,events/ZTF22abfyqmh.npz,SN Ia,SNI,core,23,17,6,True,SN_Ia
ZTF19acojuzv,events/ZTF19acojuzv.npz,SN Ia,SNI,core,51,20,31,True,SN_Ia
ZTF18ablqehq,events/ZTF18ablqehq.npz,SN IIn,SNII,core,10,6,4,True,SN_CC
ZTF24aakdmwg,events/ZTF24aakdmwg.npz,SN Ia,SNI,core,48,21,26,True,SN_Ia
ZTF20aamazzl,events/ZTF20aamazzl.npz,SN II,SNII,core,39,20,19,True,SN_CC
ZTF20abtsecq,events/ZTF20abtsecq.npz,SN Ia,SNI,core,44,21,23,True,SN_Ia
ZTF22aacrugz,events/ZTF22aacrugz.npz,SN Ia,SNI,core,44,19,25,True,SN_Ia
ZTF21aalekwo,events/ZTF21aalekwo.npz,SN Ia,SNI,core,27,10,17,True,SN_Ia
ZTF24abzvnik,events/ZTF24abzvnik.npz,SN Ia,SNI,core,29,14,15,True,SN_Ia
ZTF18abqarng,events/ZTF18abqarng.npz,AGN,AGN,core,31,13,18,True,AGN
ZTF23aavecfo,events/ZTF23aavecfo.npz,SN II,SNII,core,25,9,16,True,SN_CC
ZTF21achzpyc,events/ZTF21achzpyc.npz,SN Ia,SNI,core,33,16,17,True,SN_Ia
ZTF19aanydko,events/ZTF19aanydko.npz,SN Ia,SNI,core,16,7,9,True,SN_Ia
ZTF19acawgrs,events/ZTF19acawgrs.npz,CV,CV,core,15,10,5,True,CV
ZTF20acxqxyw,events/ZTF20acxqxyw.npz,SN Ib,SNI,core,21,7,14,True,SN_CC
ZTF22aaywnyg,events/ZTF22aaywnyg.npz,SN II,SNII,core,40,18,22,True,SN_CC
ZTF24ablkjdd,events/ZTF24ablkjdd.npz,SN Ia,SNI,core,17,9,8,True,SN_Ia
ZTF21aarycyl,events/ZTF21aarycyl.npz,SN Ia-91T,SNI,core,13,7,6,True,SN_Ia
ZTF23aaahuzb,events/ZTF23aaahuzb.npz,SN Ia,SNI,core,15,8,7,True,SN_Ia
ZTF22abbiwrr,events/ZTF22abbiwrr.npz,SN II,SNII,core,52,25,27,True,SN_CC
ZTF19aaxptsd,events/ZTF19aaxptsd.npz,SN Ia,SNI,core,12,5,7,True,SN_Ia
ZTF18aarnbhk,events/ZTF18aarnbhk.npz,SN Ia,SNI,core,25,11,14,True,SN_Ia
ZTF20acqvwzb,events/ZTF20acqvwzb.npz,SN II,SNII,core,61,24,37,True,SN_CC
ZTF23aabtgej,events/ZTF23aabtgej.npz,SN Ia,SNI,core,37,18,19,True,SN_Ia
ZTF24aakaiha,events/ZTF24aakaiha.npz,TDE-He,TDE,peculiar,39,21,18,True,TDE
ZTF24abqqoww,events/ZTF24abqqoww.npz,SN Ia,SNI,core,95,45,50,True,SN_Ia
ZTF21acfmxeu,events/ZTF21acfmxeu.npz,SN Ia,SNI,core,18,9,9,True,SN_Ia
ZTF19abidbqp,events/ZTF19abidbqp.npz,SN II,SNII,core,76,37,39,True,SN_CC
ZTF19aavjzrz,events/ZTF19aavjzrz.npz,SN IIP,SNII,core,55,29,26,True,SN_CC
ZTF21acjjxww,events/ZTF21acjjxww.npz,SN Ia,SNI,core,16,8,8,True,SN_Ia
ZTF25aacdjzo,events/ZTF25aacdjzo.npz,SN Ic,SNI,core,39,19,20,True,SN_CC
ZTF23abgyyvj,events/ZTF23abgyyvj.npz,SN II,SNII,core,58,30,28,True,SN_CC
ZTF22abfvibh,events/ZTF22abfvibh.npz,SN Ia,SNI,core,29,17,12,True,SN_Ia
ZTF18abhpzig,events/ZTF18abhpzig.npz,SN Ia,SNI,core,24,19,5,True,SN_Ia
ZTF19aazlpqy,events/ZTF19aazlpqy.npz,AGN,AGN,core,25,10,15,True,AGN
ZTF21aaxkckg,events/ZTF21aaxkckg.npz,SN Ia,SNI,core,28,13,15,True,SN_Ia
ZTF18abadjhx,events/ZTF18abadjhx.npz,SN Ia,SNI,core,19,10,9,True,SN_Ia
ZTF23abjtozz,events/ZTF23abjtozz.npz,SN Ia,SNI,core,21,10,11,True,SN_Ia
ZTF22abyskhb,events/ZTF22abyskhb.npz,SN Ia,SNI,core,18,6,12,True,SN_Ia
ZTF24aatxshz,events/ZTF24aatxshz.npz,TDE,TDE,core,71,40,31,True,TDE
ZTF22abyaood,events/ZTF22abyaood.npz,SN Ia,SNI,core,36,15,21,True,SN_Ia
ZTF20acsesce,events/ZTF20acsesce.npz,SN Ia,SNI,core,19,9,10,True,SN_Ia
ZTF21abwcnpe,events/ZTF21abwcnpe.npz,SN Ia,SNI,core,28,11,17,True,SN_Ia
ZTF20abasxmb,events/ZTF20abasxmb.npz,SN Ia,SNI,core,17,9,8,True,SN_Ia
ZTF25abmhmbk,events/ZTF25abmhmbk.npz,SN Ia,SNI,core,71,27,38,True,SN_Ia
ZTF20acumxrh,events/ZTF20acumxrh.npz,SN Ia,SNI,core,30,12,18,True,SN_Ia
ZTF21ackqbow,events/ZTF21ackqbow.npz,SN Ia,SNI,core,15,8,7,True,SN_Ia
ZTF18aafzers,events/ZTF18aafzers.npz,SN Ia-pec,SNI,core,20,8,12,True,SN_Ia
ZTF24aaidazw,events/ZTF24aaidazw.npz,SN Ia,SNI,core,24,14,10,True,SN_Ia
ZTF20aaerxsd,events/ZTF20aaerxsd.npz,SN Ia,SNI,core,40,18,22,True,SN_Ia
ZTF19acbmddl,events/ZTF19acbmddl.npz,SN Ia-pec,SNI,core,16,7,9,True,SN_Ia
ZTF19aamsoze,events/ZTF19aamsoze.npz,AGN,AGN,core,20,8,12,True,AGN
ZTF20abjatqy,events/ZTF20abjatqy.npz,SN II,SNII,core,40,22,18,True,SN_CC
ZTF19abomiel,events/ZTF19abomiel.npz,SN Ia,SNI,core,20,11,9,True,SN_Ia
ZTF25abioepd,events/ZTF25abioepd.npz,SN Ia,SNI,core,30,15,15,True,SN_Ia
ZTF22abkpgpa,events/ZTF22abkpgpa.npz,SN Ia,SNI,core,54,29,25,True,SN_Ia
ZTF20aajcdad,events/ZTF20aajcdad.npz,SN Ib,SNI,core,43,22,21,True,SN_CC
ZTF25abvcnys,events/ZTF25abvcnys.npz,SN Ia,SNI,core,17,9,8,True,SN_Ia
ZTF21aaikpnj,events/ZTF21aaikpnj.npz,SN Ia,SNI,core,12,7,5,True,SN_Ia
ZTF18abvfecb,events/ZTF18abvfecb.npz,SN II,SNII,core,30,14,16,True,SN_CC
ZTF19acwrujg,events/ZTF19acwrujg.npz,SN Ia,SNI,core,34,15,19,True,SN_Ia
ZTF23abomtjc,events/ZTF23abomtjc.npz,SN Ic,SNI,core,109,9,100,True,SN_CC
ZTF22aajhsbn,events/ZTF22aajhsbn.npz,SN Ib,SNI,core,19,5,14,True,SN_CC
ZTF20aanyxvu,events/ZTF20aanyxvu.npz,SN Ia,SNI,core,24,11,13,True,SN_Ia
ZTF21abcixor,events/ZTF21abcixor.npz,SN II,SNII,core,56,29,27,True,SN_CC
ZTF22aaibhya,events/ZTF22aaibhya.npz,SN Ia,SNI,core,14,6,8,True,SN_Ia
ZTF18abmxatl,events/ZTF18abmxatl.npz,CV,CV,core,18,7,11,True,CV
ZTF20aciievv,events/ZTF20aciievv.npz,SN Ia,SNI,core,58,27,31,True,SN_Ia
ZTF19aavxikq,events/ZTF19aavxikq.npz,SN Ia,SNI,core,25,12,13,True,SN_Ia
ZTF19abdjsss,events/ZTF19abdjsss.npz,SN Ia,SNI,core,11,4,7,True,SN_Ia
ZTF21aasctwo,events/ZTF21aasctwo.npz,SN Ia,SNI,core,26,12,14,True,SN_Ia
ZTF22abafbzv,events/ZTF22abafbzv.npz,SN Ia,SNI,core,24,15,9,True,SN_Ia
ZTF22aamfwtc,events/ZTF22aamfwtc.npz,SN Ia,SNI,core,16,9,7,True,SN_Ia
ZTF25abitgrj,events/ZTF25abitgrj.npz,SN Ia,SNI,core,23,8,15,True,SN_Ia
ZTF18abuxjrd,events/ZTF18abuxjrd.npz,SN Ia,SNI,core,15,7,8,True,SN_Ia
ZTF25aanitpo,events/ZTF25aanitpo.npz,SN Ia,SNI,core,8,3,5,True,SN_Ia
ZTF23aakidwn,events/ZTF23aakidwn.npz,SN Ia,SNI,core,23,11,12,True,SN_Ia
ZTF21abxjcdc,events/ZTF21abxjcdc.npz,SN Ia,SNI,core,21,8,13,True,SN_Ia
ZTF23aaeqonb,events/ZTF23aaeqonb.npz,SN II,SNII,core,32,18,14,True,SN_CC
ZTF19aanhlxe,events/ZTF19aanhlxe.npz,SN Ia,SNI,core,19,7,12,True,SN_Ia
ZTF23aazodoj,events/ZTF23aazodoj.npz,SLSN-I,NOVEL,novel,49,24,25,True,SLSN
ZTF20aclnqle,events/ZTF20aclnqle.npz,SLSN-II,SNII,peculiar,54,27,27,True,SLSN
ZTF19abjpkdz,events/ZTF19abjpkdz.npz,SN Ia,SNI,core,13,6,7,True,SN_Ia
ZTF20acvdqtg,events/ZTF20acvdqtg.npz,SN Ia,SNI,core,22,8,14,True,SN_Ia
ZTF21achiyue,events/ZTF21achiyue.npz,SN Ia,SNI,core,32,16,16,True,SN_Ia
ZTF22aaajuya,events/ZTF22aaajuya.npz,SN Ia,SNI,core,21,9,12,True,SN_Ia
ZTF22aatgiuw,events/ZTF22aatgiuw.npz,SN Ia,SNI,core,13,3,10,True,SN_Ia
ZTF20acgrwej,events/ZTF20acgrwej.npz,SN Ia,SNI,core,18,9,9,True,SN_Ia
ZTF21aawyyha,events/ZTF21aawyyha.npz,SN Ia,SNI,core,96,41,55,True,SN_Ia
ZTF22absphlp,events/ZTF22absphlp.npz,SN Ia,SNI,core,16,7,9,True,SN_Ia
ZTF22aattfmb,events/ZTF22aattfmb.npz,SN II,SNII,core,47,22,25,True,SN_CC
ZTF25aadobka,events/ZTF25aadobka.npz,SN Ia,SNI,core,49,18,31,True,SN_Ia
ZTF25abbwsqe,events/ZTF25abbwsqe.npz,SN Ia,SNI,core,33,16,17,True,SN_Ia
ZTF24ablngnq,events/ZTF24ablngnq.npz,SN II,SNII,core,27,9,18,True,SN_CC
ZTF21acjosix,events/ZTF21acjosix.npz,SN Ia,SNI,core,14,7,7,True,SN_Ia
ZTF24aaejwxv,events/ZTF24aaejwxv.npz,SN Ia,SNI,core,8,4,4,True,SN_Ia
ZTF21aagtceu,events/ZTF21aagtceu.npz,SN Ia,SNI,core,22,10,12,True,SN_Ia
ZTF20acfasbq,events/ZTF20acfasbq.npz,SN Ia,SNI,core,91,40,51,True,SN_Ia
ZTF21abvrlup,events/ZTF21abvrlup.npz,SN Ia,SNI,core,23,12,11,True,SN_Ia
ZTF23absbyol,events/ZTF23absbyol.npz,SN Ia,SNI,core,17,12,5,True,SN_Ia
ZTF22abgepyb,events/ZTF22abgepyb.npz,SN Ia,SNI,core,47,22,25,True,SN_Ia
ZTF23aaeinqq,events/ZTF23aaeinqq.npz,SN Ia,SNI,core,18,8,10,True,SN_Ia
ZTF23aaqmauw,events/ZTF23aaqmauw.npz,SN IIn,SNII,core,15,7,8,True,SN_CC
ZTF22abxlqol,events/ZTF22abxlqol.npz,SN II,SNII,core,24,7,17,True,SN_CC
ZTF20aazymxi,events/ZTF20aazymxi.npz,SN Ia,SNI,core,63,31,32,True,SN_Ia
ZTF22aahoxbx,events/ZTF22aahoxbx.npz,SN Ia,SNI,core,13,8,5,True,SN_Ia
ZTF20aaaxghv,events/ZTF20aaaxghv.npz,SN Ib,SNI,core,10,5,5,True,SN_CC
ZTF24abnsdev,events/ZTF24abnsdev.npz,SN II,SNII,core,15,11,4,True,SN_CC
ZTF25aavilsy,events/ZTF25aavilsy.npz,SN Ia,SNI,core,60,19,33,True,SN_Ia
ZTF23abjarpv,events/ZTF23abjarpv.npz,SLSN-I,NOVEL,novel,27,14,13,True,SLSN
ZTF18aamyexb,events/ZTF18aamyexb.npz,AGN,AGN,core,8,4,4,True,AGN
ZTF22abgdjwt,events/ZTF22abgdjwt.npz,SN Ia,SNI,core,50,26,24,True,SN_Ia
ZTF18aawuzxa,events/ZTF18aawuzxa.npz,AGN,AGN,core,47,20,27,True,AGN
ZTF25acgklik,events/ZTF25acgklik.npz,SN II,SNII,core,34,11,15,True,SN_CC
ZTF18abryqnn,events/ZTF18abryqnn.npz,SN Ia,SNI,core,17,13,4,True,SN_Ia
ZTF21abhymom,events/ZTF21abhymom.npz,SN Ia,SNI,core,15,7,8,True,SN_Ia
ZTF20abqaqgv,events/ZTF20abqaqgv.npz,SN Ia,SNI,core,106,52,54,True,SN_Ia
ZTF20aatvsjw,events/ZTF20aatvsjw.npz,SN Ia-91T,SNI,core,10,4,6,True,SN_Ia
ZTF22aaklhfg,events/ZTF22aaklhfg.npz,SN Ia,SNI,core,44,26,18,True,SN_Ia
ZTF21achlshg,events/ZTF21achlshg.npz,SN II,SNII,core,23,13,10,True,SN_CC
ZTF18adachkc,events/ZTF18adachkc.npz,AGN,AGN,core,10,6,4,True,AGN
ZTF22aaoiddx,events/ZTF22aaoiddx.npz,SN Ia,SNI,core,28,13,15,True,SN_Ia
ZTF23aamseob,events/ZTF23aamseob.npz,SN Ib,SNI,core,58,28,30,True,SN_CC
ZTF20abyzprl,events/ZTF20abyzprl.npz,SN II,SNII,core,78,41,37,True,SN_CC
ZTF22aaokitb,events/ZTF22aaokitb.npz,SN Ia,SNI,core,86,17,69,True,SN_Ia
ZTF24abeuxkq,events/ZTF24abeuxkq.npz,SN Ia,SNI,core,42,18,21,True,SN_Ia
ZTF19aawfkeg,events/ZTF19aawfkeg.npz,SN II,SNII,core,11,5,6,True,SN_CC
ZTF19aapdkza,events/ZTF19aapdkza.npz,SN Ia,SNI,core,9,3,6,True,SN_Ia
ZTF22ablviyf,events/ZTF22ablviyf.npz,SN Ia,SNI,core,29,12,17,True,SN_Ia
ZTF23aadjwkw,events/ZTF23aadjwkw.npz,SN Ia,SNI,core,17,8,9,True,SN_Ia
ZTF19aamgypy,events/ZTF19aamgypy.npz,SN Ia-91T,SNI,core,32,16,16,True,SN_Ia
ZTF19aafwrhf,events/ZTF19aafwrhf.npz,SN Ia,SNI,core,15,4,11,True,SN_Ia
ZTF22aalwbgz,events/ZTF22aalwbgz.npz,SN Ia,SNI,core,24,10,14,True,SN_Ia
ZTF18abnurff,events/ZTF18abnurff.npz,CV,CV,core,23,5,18,True,CV
ZTF18abwkzuc,events/ZTF18abwkzuc.npz,SN Ia,SNI,core,8,5,3,True,SN_Ia
ZTF25aauurnj,events/ZTF25aauurnj.npz,SN Ia,SNI,core,32,13,19,True,SN_Ia
ZTF21aahfjbs,events/ZTF21aahfjbs.npz,SN Ia-pec,SNI,core,30,12,18,True,SN_Ia
ZTF25abvuktq,events/ZTF25abvuktq.npz,SN Ia,SNI,core,59,17,42,True,SN_Ia
ZTF19acbwrsu,events/ZTF19acbwrsu.npz,CV,CV,core,38,16,22,True,CV
ZTF23abavxmm,events/ZTF23abavxmm.npz,SN Ia,SNI,core,37,18,19,True,SN_Ia
ZTF25abxqslz,events/ZTF25abxqslz.npz,SN IIn,SNII,core,47,25,22,True,SN_CC
ZTF20acflmyv,events/ZTF20acflmyv.npz,SN Ia,SNI,core,22,11,11,True,SN_Ia
ZTF19aariwfe,events/ZTF19aariwfe.npz,SN II,SNII,core,20,10,10,True,SN_CC
ZTF19aavwbpc,events/ZTF19aavwbpc.npz,SN Ia,SNI,core,18,7,11,True,SN_Ia
ZTF19aaojnrx,events/ZTF19aaojnrx.npz,SN Ia,SNI,core,12,4,8,True,SN_Ia
ZTF25abyfbss,events/ZTF25abyfbss.npz,SN Ia,SNI,core,32,15,17,True,SN_Ia
ZTF22abdtpru,events/ZTF22abdtpru.npz,SN Ia,SNI,core,47,25,22,True,SN_Ia
ZTF25aadcylv,events/ZTF25aadcylv.npz,SN Ia,SNI,core,16,7,9,True,SN_Ia
ZTF20acpzaoa,events/ZTF20acpzaoa.npz,SN Ib,SNI,core,19,13,6,True,SN_CC
ZTF18aatlfus,events/ZTF18aatlfus.npz,SN IIP,SNII,core,24,11,13,True,SN_CC
ZTF22aatuatn,events/ZTF22aatuatn.npz,SN Ia,SNI,core,26,13,13,True,SN_Ia
ZTF24aaiahlv,events/ZTF24aaiahlv.npz,SN II,SNII,core,26,7,19,True,SN_CC
ZTF23abdefkq,events/ZTF23abdefkq.npz,SN Ia,SNI,core,8,5,3,True,SN_Ia
ZTF19aaqxcfs,events/ZTF19aaqxcfs.npz,SN Ia,SNI,core,20,11,9,True,SN_Ia
ZTF22abtjcbg,events/ZTF22abtjcbg.npz,SN Ia,SNI,core,35,15,20,True,SN_Ia
ZTF21aaydwzt,events/ZTF21aaydwzt.npz,SN Ia,SNI,core,36,17,19,True,SN_Ia
ZTF18aceyjco,events/ZTF18aceyjco.npz,SN Ia,SNI,core,10,4,6,True,SN_Ia
ZTF24aaoumhw,events/ZTF24aaoumhw.npz,SN Ia,SNI,core,24,9,15,True,SN_Ia
ZTF23aaaprnb,events/ZTF23aaaprnb.npz,SN Ia,SNI,core,36,20,16,True,SN_Ia
ZTF19acyggzu,events/ZTF19acyggzu.npz,SN Ic,SNI,core,77,21,56,True,SN_CC
ZTF22abgteub,events/ZTF22abgteub.npz,SN Ia,SNI,core,49,22,27,True,SN_Ia
ZTF21aabjesm,events/ZTF21aabjesm.npz,SN II,SNII,core,59,25,34,True,SN_CC
ZTF19acngsnb,events/ZTF19acngsnb.npz,SN Ia,SNI,core,23,8,15,True,SN_Ia
ZTF20abzettb,events/ZTF20abzettb.npz,SN Ia,SNI,core,16,4,12,True,SN_Ia
ZTF22aasyitj,events/ZTF22aasyitj.npz,SN Ia,SNI,core,51,21,30,True,SN_Ia
ZTF22aarqzls,events/ZTF22aarqzls.npz,SN Ia,SNI,core,47,19,28,True,SN_Ia
ZTF24ablthst,events/ZTF24ablthst.npz,SN Ia,SNI,core,19,10,9,True,SN_Ia
ZTF18aazppgf,events/ZTF18aazppgf.npz,AGN,AGN,core,9,7,2,True,AGN
ZTF19aatudsq,events/ZTF19aatudsq.npz,SN Ia,SNI,core,11,2,9,True,SN_Ia
ZTF19acnxvkp,events/ZTF19acnxvkp.npz,AGN,AGN,core,65,25,40,True,AGN
ZTF25acbsugc,events/ZTF25acbsugc.npz,SN Ia,SNI,core,37,17,20,True,SN_Ia
ZTF19aalvaxt,events/ZTF19aalvaxt.npz,SN Ia,SNI,core,50,26,24,True,SN_Ia
ZTF21abfaohe,events/ZTF21abfaohe.npz,SN Ia,SNI,core,29,15,14,True,SN_Ia
ZTF24aahzfwk,events/ZTF24aahzfwk.npz,SN Ia,SNI,core,24,14,10,True,SN_Ia
ZTF20acmzoxo,events/ZTF20acmzoxo.npz,SN Ia,SNI,core,36,18,18,True,SN_Ia
ZTF24aawrofs,events/ZTF24aawrofs.npz,SN Iax,SNI,peculiar,51,25,26,True,SN_Ia
ZTF23aabbrdb,events/ZTF23aabbrdb.npz,SN II,SNII,core,22,11,11,True,SN_CC
ZTF25aadnsyh,events/ZTF25aadnsyh.npz,SN Ia,SNI,core,42,14,28,True,SN_Ia
ZTF24aaaibep,events/ZTF24aaaibep.npz,SN II,SNII,core,36,18,15,True,SN_CC
ZTF22abnehge,events/ZTF22abnehge.npz,SN Ia-91T,SNI,core,20,11,9,True,SN_Ia
ZTF21abrzdqx,events/ZTF21abrzdqx.npz,SN Ia,SNI,core,25,10,15,True,SN_Ia
ZTF24abllcax,events/ZTF24abllcax.npz,SN Ia,SNI,core,23,10,13,True,SN_Ia
ZTF20abmbxrq,events/ZTF20abmbxrq.npz,SN Ia,SNI,core,24,10,14,True,SN_Ia
ZTF25aanilxe,events/ZTF25aanilxe.npz,SN Ia,SNI,core,12,10,2,True,SN_Ia
ZTF23abjieca,events/ZTF23abjieca.npz,SN Ia,SNI,core,21,11,10,True,SN_Ia
ZTF22abybwdz,events/ZTF22abybwdz.npz,SN Ia,SNI,core,15,6,9,True,SN_Ia
ZTF20abehvas,events/ZTF20abehvas.npz,SN Ia,SNI,core,51,14,37,True,SN_Ia
ZTF21achauvx,events/ZTF21achauvx.npz,SN Ia,SNI,core,11,5,6,True,SN_Ia
ZTF18abixrei,events/ZTF18abixrei.npz,SN Ia,SNI,core,10,5,5,True,SN_Ia
ZTF23aacyylg,events/ZTF23aacyylg.npz,SN Ia,SNI,core,11,4,7,True,SN_Ia
ZTF22aahgvlx,events/ZTF22aahgvlx.npz,SN IIb,SNII,core,18,7,11,True,SN_CC
ZTF20aavptjf,events/ZTF20aavptjf.npz,SN II,SNII,core,31,14,17,True,SN_CC
ZTF25aakrsbo,events/ZTF25aakrsbo.npz,SN Ia,SNI,core,20,10,10,True,SN_Ia
ZTF21abrapmf,events/ZTF21abrapmf.npz,SN Ia,SNI,core,10,5,5,True,SN_Ia
ZTF20acpgokr,events/ZTF20acpgokr.npz,SN II,SNII,core,23,9,14,True,SN_CC
ZTF25aavahfn,events/ZTF25aavahfn.npz,SN Ib,SNI,core,16,5,11,True,SN_CC
ZTF20aacbyec,events/ZTF20aacbyec.npz,SN IIn,SNII,core,46,25,21,True,SN_CC
ZTF20aakyoez,events/ZTF20aakyoez.npz,SN Ia,SNI,core,153,77,76,True,SN_Ia
ZTF21abowrey,events/ZTF21abowrey.npz,SN Ia,SNI,core,15,8,7,True,SN_Ia
ZTF21abbodsc,events/ZTF21abbodsc.npz,SN Ia-91T,SNI,core,11,5,6,True,SN_Ia
ZTF24aaxdojc,events/ZTF24aaxdojc.npz,SN Ia,SNI,core,38,26,12,True,SN_Ia
ZTF19aaillan,events/ZTF19aaillan.npz,SN Ia,SNI,core,35,15,20,True,SN_Ia
ZTF19abycslo,events/ZTF19abycslo.npz,SN Ia,SNI,core,19,8,11,True,SN_Ia
ZTF25aagezfh,events/ZTF25aagezfh.npz,SN Ia,SNI,core,52,22,30,True,SN_Ia
ZTF25abfmbhf,events/ZTF25abfmbhf.npz,SN II,SNII,core,26,12,14,True,SN_CC
ZTF25aapsieb,events/ZTF25aapsieb.npz,SN Ia,SNI,core,33,10,23,True,SN_Ia
ZTF22aaaffer,events/ZTF22aaaffer.npz,SN Ia,SNI,core,14,7,7,True,SN_Ia
ZTF20acorjop,events/ZTF20acorjop.npz,SN II,SNII,core,31,12,19,True,SN_CC
ZTF21aciuhqw,events/ZTF21aciuhqw.npz,SN Ic-BL,SNI,core,38,18,20,True,SN_CC
ZTF22abkpkej,events/ZTF22abkpkej.npz,SN Ia,SNI,core,19,10,9,True,SN_Ia
ZTF25aafdxjr,events/ZTF25aafdxjr.npz,SN IIb,SNII,core,65,25,40,True,SN_CC
ZTF25abyevmr,events/ZTF25abyevmr.npz,SN Ic,SNI,core,56,28,28,True,SN_CC
ZTF19aatvmbo,events/ZTF19aatvmbo.npz,SN Ia-91T,SNI,core,18,8,10,True,SN_Ia
ZTF20acobvxk,events/ZTF20acobvxk.npz,SN Ia,SNI,core,37,18,19,True,SN_Ia
ZTF24aasgaac,events/ZTF24aasgaac.npz,SN Ia,SNI,core,33,16,17,True,SN_Ia
ZTF18abxyutn,events/ZTF18abxyutn.npz,CV,CV,core,15,8,7,True,CV
ZTF19aatvlfl,events/ZTF19aatvlfl.npz,SN Ia,SNI,core,17,8,9,True,SN_Ia
ZTF24aagtqam,events/ZTF24aagtqam.npz,SN II,SNII,core,44,19,24,True,SN_CC
ZTF22aauexsq,events/ZTF22aauexsq.npz,SN Ia,SNI,core,44,21,23,True,SN_Ia
ZTF20aazjwgh,events/ZTF20aazjwgh.npz,SN Ia,SNI,core,18,7,11,True,SN_Ia
ZTF21abuvury,events/ZTF21abuvury.npz,SN Ibn,SNI,peculiar,20,10,10,True,SN_CC
ZTF25aaiwalj,events/ZTF25aaiwalj.npz,SN Ia,SNI,core,21,11,10,True,SN_Ia
ZTF25aafejer,events/ZTF25aafejer.npz,SN II,SNII,core,64,24,40,True,SN_CC
ZTF20ablvukx,events/ZTF20ablvukx.npz,SN Ia,SNI,core,12,4,8,True,SN_Ia
ZTF19acygjgx,events/ZTF19acygjgx.npz,SN Ia,SNI,core,29,8,21,True,SN_Ia
ZTF18aarikzk,events/ZTF18aarikzk.npz,SN Ia,SNI,core,35,17,18,True,SN_Ia
ZTF23aadaypx,events/ZTF23aadaypx.npz,SN II,SNII,core,25,11,14,True,SN_CC
ZTF19acitkzs,events/ZTF19acitkzs.npz,SN Ia,SNI,core,26,12,14,True,SN_Ia
ZTF20achksbc,events/ZTF20achksbc.npz,SN Ia,SNI,core,51,21,30,True,SN_Ia
ZTF21abglcxm,events/ZTF21abglcxm.npz,SN II,SNII,core,23,9,14,True,SN_CC
ZTF20acyrhbo,events/ZTF20acyrhbo.npz,SN Ia,SNI,core,51,24,27,True,SN_Ia
ZTF20aascwvz,events/ZTF20aascwvz.npz,SN Ia,SNI,core,9,5,4,True,SN_Ia
ZTF23abmodbf,events/ZTF23abmodbf.npz,SN Ia-91T,SNI,core,14,8,6,True,SN_Ia
ZTF24abbsuhu,events/ZTF24abbsuhu.npz,SN Ib,SNI,core,15,11,4,True,SN_CC
ZTF18aazjflo,events/ZTF18aazjflo.npz,SN II,SNII,core,75,35,40,True,SN_CC
ZTF21abrssvd,events/ZTF21abrssvd.npz,SN Ia,SNI,core,19,9,10,True,SN_Ia
ZTF25aaabnwi,events/ZTF25aaabnwi.npz,SN IIn,SNII,core,29,14,15,True,SN_CC
ZTF20acqvgav,events/ZTF20acqvgav.npz,SN Ia,SNI,core,25,13,12,True,SN_Ia
ZTF22aajivyw,events/ZTF22aajivyw.npz,SN IIP,SNII,core,54,20,34,True,SN_CC
ZTF21abtsoky,events/ZTF21abtsoky.npz,SN Ia,SNI,core,21,10,11,True,SN_Ia
ZTF19abvdbyx,events/ZTF19abvdbyx.npz,SN II,SNII,core,19,6,13,True,SN_CC
ZTF24ablnmez,events/ZTF24ablnmez.npz,SN Ia,SNI,core,16,6,10,True,SN_Ia
ZTF18abthqde,events/ZTF18abthqde.npz,CV,CV,core,10,5,5,True,CV
ZTF18acbzojv,events/ZTF18acbzojv.npz,SN Ia,SNI,core,30,11,19,True,SN_Ia
ZTF20abelnha,events/ZTF20abelnha.npz,SN Ia,SNI,core,58,18,40,True,SN_Ia
ZTF23aaawixk,events/ZTF23aaawixk.npz,SN Ia,SNI,core,14,7,7,True,SN_Ia
ZTF18acuimze,events/ZTF18acuimze.npz,SN Ia,SNI,core,16,7,9,True,SN_Ia
ZTF18aauenwu,events/ZTF18aauenwu.npz,SN IIn,SNII,core,27,20,7,True,SN_CC
ZTF23aacfiuv,events/ZTF23aacfiuv.npz,SN Ia,SNI,core,22,12,10,True,SN_Ia
ZTF21acqbnkt,events/ZTF21acqbnkt.npz,SN Ia,SNI,core,8,5,3,True,SN_Ia
ZTF22abteetl,events/ZTF22abteetl.npz,SN Ia,SNI,core,23,9,14,True,SN_Ia
ZTF20aaporoa,events/ZTF20aaporoa.npz,SN Ia,SNI,core,9,3,6,True,SN_Ia
ZTF18abjhbss,events/ZTF18abjhbss.npz,AGN,AGN,core,60,38,22,True,AGN
ZTF23aajhosl,events/ZTF23aajhosl.npz,SN II,SNII,core,20,11,9,True,SN_CC
ZTF21abrpdwb,events/ZTF21abrpdwb.npz,SN II,SNII,core,21,5,16,True,SN_CC
ZTF22aaaehzd,events/ZTF22aaaehzd.npz,SN Ia,SNI,core,12,4,8,True,SN_Ia
ZTF23abrqyby,events/ZTF23abrqyby.npz,SN II,SNII,core,10,8,2,True,SN_CC
ZTF25aaqyaob,events/ZTF25aaqyaob.npz,SN II,SNII,core,47,19,28,True,SN_CC
ZTF22aaabpkx,events/ZTF22aaabpkx.npz,SN Ia,SNI,core,22,12,10,True,SN_Ia
ZTF18accnnyu,events/ZTF18accnnyu.npz,SN Ia,SNI,core,36,11,25,True,SN_Ia
ZTF19abasxmh,events/ZTF19abasxmh.npz,CV,CV,core,11,4,7,True,CV
ZTF19acxnemy,events/ZTF19acxnemy.npz,SN Ia,SNI,core,37,10,27,True,SN_Ia
ZTF24abqlrdc,events/ZTF24abqlrdc.npz,SN Ia,SNI,core,35,15,20,True,SN_Ia
ZTF22aamhfyu,events/ZTF22aamhfyu.npz,SN Ia,SNI,core,87,5,82,True,SN_Ia
ZTF22abvmfpq,events/ZTF22abvmfpq.npz,SN Ia,SNI,core,13,7,6,True,SN_Ia
ZTF19acshkft,events/ZTF19acshkft.npz,SN Ia,SNI,core,21,12,9,True,SN_Ia
ZTF24abnpugu,events/ZTF24abnpugu.npz,SN Ia,SNI,core,20,10,10,True,SN_Ia
ZTF19abozuxh,events/ZTF19abozuxh.npz,SN Ia,SNI,core,13,5,8,True,SN_Ia
ZTF23abdhvou,events/ZTF23abdhvou.npz,SN Ia,SNI,core,32,15,17,True,SN_Ia
ZTF18ablqkud,events/ZTF18ablqkud.npz,SN Ia,SNI,core,19,5,14,True,SN_Ia
ZTF20abcxnbb,events/ZTF20abcxnbb.npz,SN Ia,SNI,core,70,33,37,True,SN_Ia
ZTF23abmpuhp,events/ZTF23abmpuhp.npz,SN Ia,SNI,core,33,19,14,True,SN_Ia
ZTF20acmafkf,events/ZTF20acmafkf.npz,SN Ia,SNI,core,24,11,13,True,SN_Ia
ZTF24abuyefl,events/ZTF24abuyefl.npz,SN Ia,SNI,core,22,11,11,True,SN_Ia
ZTF21acionva,events/ZTF21acionva.npz,SN Ia,SNI,core,33,18,15,True,SN_Ia
ZTF19aanijpu,events/ZTF19aanijpu.npz,SN Ic,SNI,core,36,18,18,True,SN_CC
ZTF20abcqpdj,events/ZTF20abcqpdj.npz,SN Ia,SNI,core,19,7,12,True,SN_Ia
ZTF19aawethv,events/ZTF19aawethv.npz,SN IIb,SNII,core,10,2,8,True,SN_CC
ZTF22abivrnq,events/ZTF22abivrnq.npz,SN Ia,SNI,core,32,16,16,True,SN_Ia
ZTF25acgxfng,events/ZTF25acgxfng.npz,SN Ia,SNI,core,18,9,9,True,SN_Ia
ZTF23abjhvzr,events/ZTF23abjhvzr.npz,SN Ia,SNI,core,25,13,12,True,SN_Ia
ZTF18acqsztr,events/ZTF18acqsztr.npz,SN Ia,SNI,core,16,12,4,True,SN_Ia
ZTF21aaswtok,events/ZTF21aaswtok.npz,SN Ia,SNI,core,32,15,17,True,SN_Ia
ZTF19acaqoef,events/ZTF19acaqoef.npz,SN Ic,SNI,core,62,26,36,True,SN_CC
ZTF19aadyoqz,events/ZTF19aadyoqz.npz,SN Ia,SNI,core,11,7,4,True,SN_Ia
ZTF20aaomeaa,events/ZTF20aaomeaa.npz,SN Ia,SNI,core,11,6,5,True,SN_Ia
ZTF24abpvqxe,events/ZTF24abpvqxe.npz,SN Ia,SNI,core,40,17,23,True,SN_Ia
ZTF25aaortzp,events/ZTF25aaortzp.npz,SN Ia,SNI,core,32,13,19,True,SN_Ia
ZTF24abzlfhf,events/ZTF24abzlfhf.npz,SN Ia,SNI,core,40,21,19,True,SN_Ia
ZTF21acaszik,events/ZTF21acaszik.npz,SN Ia,SNI,core,33,17,16,True,SN_Ia
ZTF23aanptpp,events/ZTF23aanptpp.npz,SLSN-II,SNII,peculiar,70,35,35,True,SLSN
ZTF24abnpelc,events/ZTF24abnpelc.npz,SN Ia,SNI,core,28,15,13,True,SN_Ia
ZTF20aceyolc,events/ZTF20aceyolc.npz,SN II,SNII,core,40,19,21,True,SN_CC
ZTF18aaxsioa,events/ZTF18aaxsioa.npz,SN Ia,SNI,core,46,22,24,True,SN_Ia
ZTF21aarqkes,events/ZTF21aarqkes.npz,SN Ia,SNI,core,50,26,24,True,SN_Ia
ZTF22aahefxi,events/ZTF22aahefxi.npz,SN Ia,SNI,core,11,4,7,True,SN_Ia
ZTF22abiflfo,events/ZTF22abiflfo.npz,SN Ia,SNI,core,15,10,5,True,SN_Ia
ZTF21aaqwfqe,events/ZTF21aaqwfqe.npz,SN Ib,SNI,core,41,16,25,True,SN_CC
ZTF21acaqdee,events/ZTF21acaqdee.npz,SN IIP,SNII,core,33,20,13,True,SN_CC
ZTF19aazyvub,events/ZTF19aazyvub.npz,SN II,SNII,core,41,19,22,True,SN_CC
ZTF20aausxam,events/ZTF20aausxam.npz,SN Ia,SNI,core,17,8,9,True,SN_Ia
ZTF21aaxycms,events/ZTF21aaxycms.npz,SN Ia,SNI,core,18,8,10,True,SN_Ia
ZTF20aavvjie,events/ZTF20aavvjie.npz,SN Ia,SNI,core,10,5,5,True,SN_Ia
ZTF19acmbekd,events/ZTF19acmbekd.npz,SN Ibn,SNI,peculiar,11,5,6,True,SN_CC
ZTF20aaznpor,events/ZTF20aaznpor.npz,SN Ia,SNI,core,33,18,15,True,SN_Ia
ZTF22abinbxm,events/ZTF22abinbxm.npz,SN IIP,SNII,core,34,15,19,True,SN_CC
ZTF23aaelwoi,events/ZTF23aaelwoi.npz,SN Ia,SNI,core,19,9,10,True,SN_Ia
ZTF21aavodtn,events/ZTF21aavodtn.npz,SN Ia,SNI,core,18,10,8,True,SN_Ia
ZTF18acrdmmw,events/ZTF18acrdmmw.npz,SN Ia,SNI,core,25,11,14,True,SN_Ia
ZTF19acjuomg,events/ZTF19acjuomg.npz,SN Ia,SNI,core,30,16,14,True,SN_Ia
ZTF25aairncf,events/ZTF25aairncf.npz,SN Ia,SNI,core,93,39,54,True,SN_Ia
ZTF21abfionl,events/ZTF21abfionl.npz,SN II,SNII,core,61,7,54,True,SN_CC
ZTF23abtttrl,events/ZTF23abtttrl.npz,SN Ia-91T,SNI,core,18,9,9,True,SN_Ia
ZTF18abjijwk,events/ZTF18abjijwk.npz,SN Ia,SNI,core,22,12,10,True,SN_Ia
ZTF25aajcusp,events/ZTF25aajcusp.npz,SN Ia,SNI,core,39,22,17,True,SN_Ia
ZTF24aaoosca,events/ZTF24aaoosca.npz,SN IIb,SNII,core,68,29,39,True,SN_CC
ZTF19abafmwj,events/ZTF19abafmwj.npz,SN Ic,SNI,core,15,5,10,True,SN_CC
ZTF18acsxwdi,events/ZTF18acsxwdi.npz,SLSN-II,SNII,peculiar,23,10,13,True,SLSN
ZTF23abiearq,events/ZTF23abiearq.npz,SN Ia,SNI,core,38,10,28,True,SN_Ia
ZTF25aalycqc,events/ZTF25aalycqc.npz,SN Ia,SNI,core,10,5,5,True,SN_Ia
ZTF24abfwmpi,events/ZTF24abfwmpi.npz,SN Ia,SNI,core,34,12,19,True,SN_Ia
ZTF22aaygzdb,events/ZTF22aaygzdb.npz,SN Ia,SNI,core,30,13,17,True,SN_Ia
ZTF22aajpgof,events/ZTF22aajpgof.npz,SN Ia,SNI,core,24,10,14,True,SN_Ia
ZTF20acqucpz,events/ZTF20acqucpz.npz,CV,CV,core,21,10,11,True,CV
ZTF19abadskf,events/ZTF19abadskf.npz,SN Ia,SNI,core,39,23,16,True,SN_Ia
ZTF22aaiiikj,events/ZTF22aaiiikj.npz,SN Ia,SNI,core,19,9,10,True,SN_Ia
ZTF21aagmzio,events/ZTF21aagmzio.npz,SN Ia,SNI,core,15,9,6,True,SN_Ia
ZTF20aayjyhp,events/ZTF20aayjyhp.npz,SN Ia,SNI,core,82,29,53,True,SN_Ia
ZTF22abyivov,events/ZTF22abyivov.npz,SN Ia,SNI,core,14,3,11,True,SN_Ia
ZTF20aautzif,events/ZTF20aautzif.npz,SN Ia,SNI,core,49,24,25,True,SN_Ia
ZTF23abahmgm,events/ZTF23abahmgm.npz,SN Ia,SNI,core,27,10,17,True,SN_Ia
ZTF22aaaeibb,events/ZTF22aaaeibb.npz,SN Ia,SNI,core,17,7,10,True,SN_Ia
ZTF19acspfcb,events/ZTF19acspfcb.npz,SN Ia,SNI,core,13,6,7,True,SN_Ia
ZTF20aaimqhh,events/ZTF20aaimqhh.npz,CV,CV,core,11,4,7,True,CV
ZTF22abcfics,events/ZTF22abcfics.npz,SN II,SNII,core,81,38,43,True,SN_CC
ZTF24abdndji,events/ZTF24abdndji.npz,SN Ia,SNI,core,112,50,57,True,SN_Ia
ZTF18acptgzz,events/ZTF18acptgzz.npz,SN Ia,SNI,core,24,9,15,True,SN_Ia
ZTF19aayogzn,events/ZTF19aayogzn.npz,SN Ia,SNI,core,26,11,15,True,SN_Ia
ZTF20abrgzfn,events/ZTF20abrgzfn.npz,SLSN-II,SNII,peculiar,57,25,32,True,SLSN
ZTF21aabpszb,events/ZTF21aabpszb.npz,SN Ia,SNI,core,12,7,5,True,SN_Ia
ZTF21abfqvjb,events/ZTF21abfqvjb.npz,SN Ia,SNI,core,19,7,12,True,SN_Ia
ZTF22abxonqa,events/ZTF22abxonqa.npz,SN Ia,SNI,core,13,6,7,True,SN_Ia
ZTF22aaddtiu,events/ZTF22aaddtiu.npz,SN II,SNII,core,67,38,29,True,SN_CC
ZTF25aalvbwm,events/ZTF25aalvbwm.npz,SN II,SNII,core,45,19,26,True,SN_CC
ZTF22abghgca,events/ZTF22abghgca.npz,SN Ia,SNI,core,52,24,28,True,SN_Ia
ZTF23abcdfwg,events/ZTF23abcdfwg.npz,SN Ia,SNI,core,38,14,24,True,SN_Ia
ZTF18abjdjge,events/ZTF18abjdjge.npz,SN Ia-91T,SNI,core,20,9,11,True,SN_Ia
ZTF22abkisoc,events/ZTF22abkisoc.npz,SN Ia,SNI,core,49,21,28,True,SN_Ia
ZTF24aaijpcp,events/ZTF24aaijpcp.npz,SN Ia,SNI,core,23,8,15,True,SN_Ia
ZTF18abyfcns,events/ZTF18abyfcns.npz,AGN,AGN,core,36,13,23,True,AGN
ZTF20acnvprg,events/ZTF20acnvprg.npz,SN Ia,SNI,core,12,7,5,True,SN_Ia
ZTF24abbmixl,events/ZTF24abbmixl.npz,SN Ia,SNI,core,57,33,22,True,SN_Ia
ZTF19acgzzea,events/ZTF19acgzzea.npz,SN IIP,SNII,core,27,9,18,True,SN_CC
ZTF22aaaiyzf,events/ZTF22aaaiyzf.npz,SN II,SNII,core,39,15,24,True,SN_CC
ZTF21aagrbpi,events/ZTF21aagrbpi.npz,SN Ia,SNI,core,21,8,13,True,SN_Ia
ZTF18acuring,events/ZTF18acuring.npz,SN II,SNII,core,18,7,11,True,SN_CC
ZTF23abovvas,events/ZTF23abovvas.npz,SN Ia,SNI,core,11,5,6,True,SN_Ia
ZTF21aapkfjx,events/ZTF21aapkfjx.npz,SN Ia,SNI,core,61,27,34,True,SN_Ia
ZTF19aayvpbf,events/ZTF19aayvpbf.npz,AGN,AGN,core,23,12,11,True,AGN
ZTF22abiwpck,events/ZTF22abiwpck.npz,SN Ia,SNI,core,27,13,14,True,SN_Ia
ZTF20aaifybu,events/ZTF20aaifybu.npz,SLSN-I,NOVEL,novel,29,14,15,True,SLSN
ZTF22aaajife,events/ZTF22aaajife.npz,SN Ia,SNI,core,16,8,8,True,SN_Ia
ZTF18aadzfso,events/ZTF18aadzfso.npz,SN Ia,SNI,core,27,12,15,True,SN_Ia
ZTF21aateglh,events/ZTF21aateglh.npz,SN Ia,SNI,core,35,15,20,True,SN_Ia
ZTF19adaxzax,events/ZTF19adaxzax.npz,SN II,SNII,core,9,3,6,True,SN_CC
ZTF19abiqwtf,events/ZTF19abiqwtf.npz,CV,CV,core,8,4,4,True,CV
ZTF21abmsppx,events/ZTF21abmsppx.npz,SN Ia,SNI,core,27,12,15,True,SN_Ia
ZTF20aarkdoj,events/ZTF20aarkdoj.npz,SN Ia,SNI,core,14,6,8,True,SN_Ia
ZTF20abxpzxg,events/ZTF20abxpzxg.npz,SN Ia,SNI,core,68,29,39,True,SN_Ia
ZTF18abquher,events/ZTF18abquher.npz,SN Ia,SNI,core,46,23,23,True,SN_Ia
ZTF18abpaywm,events/ZTF18abpaywm.npz,SN Ia,SNI,core,45,20,25,True,SN_Ia
ZTF18abmwnov,events/ZTF18abmwnov.npz,SN Ia,SNI,core,35,15,20,True,SN_Ia
ZTF25abdkrgt,events/ZTF25abdkrgt.npz,SN II,SNII,core,41,19,22,True,SN_CC
ZTF24aaiegxv,events/ZTF24aaiegxv.npz,SN Ia,SNI,core,36,33,3,True,SN_Ia
ZTF23abudnet,events/ZTF23abudnet.npz,SN Ia,SNI,core,23,12,11,True,SN_Ia
ZTF21abowpnd,events/ZTF21abowpnd.npz,SN Ia,SNI,core,25,12,13,True,SN_Ia
ZTF18aauhxce,events/ZTF18aauhxce.npz,SN Ia,SNI,core,37,13,24,True,SN_Ia
ZTF19abdkdoz,events/ZTF19abdkdoz.npz,SN Ia,SNI,core,15,9,6,True,SN_Ia
ZTF25aaqqjud,events/ZTF25aaqqjud.npz,SN II,SNII,core,29,13,16,True,SN_CC
ZTF22aahhrks,events/ZTF22aahhrks.npz,SN II,SNII,core,34,15,19,True,SN_CC
ZTF22aaozpun,events/ZTF22aaozpun.npz,SN Ia,SNI,core,32,14,18,True,SN_Ia
ZTF21aapvsxv,events/ZTF21aapvsxv.npz,SN Ia,SNI,core,37,14,23,True,SN_Ia
ZTF19acmbkmr,events/ZTF19acmbkmr.npz,SN Ia,SNI,core,8,3,5,True,SN_Ia
ZTF21aapkcmr,events/ZTF21aapkcmr.npz,SN II,SNII,core,33,16,17,True,SN_CC
ZTF20acizliy,events/ZTF20acizliy.npz,SN Ia,SNI,core,37,16,21,True,SN_Ia
ZTF20abjbgjj,events/ZTF20abjbgjj.npz,SN II,SNII,core,28,13,15,True,SN_CC
ZTF23aaqajsw,events/ZTF23aaqajsw.npz,SN Ia,SNI,core,21,15,6,True,SN_Ia
ZTF19abqgzea,events/ZTF19abqgzea.npz,SN Ia,SNI,core,25,10,15,True,SN_Ia
ZTF25aawvjbd,events/ZTF25aawvjbd.npz,SN Ia,SNI,core,26,11,15,True,SN_Ia
ZTF21achgfbk,events/ZTF21achgfbk.npz,SN Ib,SNI,core,39,17,22,True,SN_CC
ZTF24aatccmo,events/ZTF24aatccmo.npz,SN Ia,SNI,core,14,8,6,True,SN_Ia
ZTF22aaskqqq,events/ZTF22aaskqqq.npz,SN Ia,SNI,core,15,6,9,True,SN_Ia
ZTF20aamiwbp,events/ZTF20aamiwbp.npz,SN Ia,SNI,core,28,14,14,True,SN_Ia
ZTF22aahgubb,events/ZTF22aahgubb.npz,SN II,SNII,core,29,15,14,True,SN_CC
ZTF25aadjmcf,events/ZTF25aadjmcf.npz,SN Ia,SNI,core,29,11,18,True,SN_Ia
ZTF24abtvopb,events/ZTF24abtvopb.npz,SN Ia,SNI,core,9,6,3,True,SN_Ia
ZTF20aaiftgi,events/ZTF20aaiftgi.npz,SN Ic,SNI,core,13,7,6,True,SN_CC
ZTF18aamtrdu,events/ZTF18aamtrdu.npz,SN Ia,SNI,core,8,3,5,True,SN_Ia
ZTF20abjuxoy,events/ZTF20abjuxoy.npz,SN II,SNII,core,78,39,39,True,SN_CC
ZTF19aadgimr,events/ZTF19aadgimr.npz,SN IIn,SNII,core,37,18,19,True,SN_CC
ZTF21aaxtije,events/ZTF21aaxtije.npz,SN IIn,SNII,core,142,73,69,True,SN_CC
ZTF20abbpory,events/ZTF20abbpory.npz,SN Ia,SNI,core,54,26,28,True,SN_Ia
ZTF23abjacqc,events/ZTF23abjacqc.npz,SN Iax,SNI,peculiar,20,8,12,True,SN_Ia
ZTF20acqksdi,events/ZTF20acqksdi.npz,SN Ia,SNI,core,47,19,28,True,SN_Ia
ZTF19abopflp,events/ZTF19abopflp.npz,SN Ia,SNI,core,66,26,40,True,SN_Ia
ZTF24abquyel,events/ZTF24abquyel.npz,SN Ia,SNI,core,24,11,13,True,SN_Ia
ZTF21aceehxt,events/ZTF21aceehxt.npz,SN Ib,SNI,core,22,8,14,True,SN_CC
ZTF20abbplei,events/ZTF20abbplei.npz,SN Ic-BL,SNI,core,71,38,33,True,SN_CC
ZTF19abuzpmr,events/ZTF19abuzpmr.npz,SN Ia,SNI,core,15,7,8,True,SN_Ia
ZTF19ablfdwt,events/ZTF19ablfdwt.npz,SN II,SNII,core,30,13,17,True,SN_CC
ZTF18aaqcugm,events/ZTF18aaqcugm.npz,SN Ia,SNI,core,28,14,14,True,SN_Ia
ZTF21abkquhv,events/ZTF21abkquhv.npz,SN Ib/c,SNI,core,19,6,13,True,SN_CC
ZTF22abxlfpl,events/ZTF22abxlfpl.npz,SN Ic,SNI,core,11,6,5,True,SN_CC
ZTF18acqnzso,events/ZTF18acqnzso.npz,SN Ia,SNI,core,17,9,8,True,SN_Ia
ZTF22aarwwyy,events/ZTF22aarwwyy.npz,SN Ic-BL,SNI,core,32,12,20,True,SN_CC
ZTF22abfrbnl,events/ZTF22abfrbnl.npz,SN Ia,SNI,core,54,30,24,True,SN_Ia
ZTF21abvfacx,events/ZTF21abvfacx.npz,SN Ia,SNI,core,41,18,23,True,SN_Ia
ZTF21abwxaht,events/ZTF21abwxaht.npz,SN Ia,SNI,core,40,20,20,True,SN_Ia
ZTF18absspcp,events/ZTF18absspcp.npz,SN Ia,SNI,core,18,10,8,True,SN_Ia
ZTF22abaadbc,events/ZTF22abaadbc.npz,SN Ia,SNI,core,16,6,10,True,SN_Ia
ZTF21acgumps,events/ZTF21acgumps.npz,SN Ia,SNI,core,15,6,9,True,SN_Ia
ZTF21aauuybx,events/ZTF21aauuybx.npz,TDE,TDE,core,27,12,15,True,TDE
ZTF23aajkisd,events/ZTF23aajkisd.npz,SN IIn,SNII,core,48,27,21,True,SN_CC
ZTF21abfxlvo,events/ZTF21abfxlvo.npz,SN Ia,SNI,core,47,18,29,True,SN_Ia
ZTF23abbzhug,events/ZTF23abbzhug.npz,SN II,SNII,core,60,25,35,True,SN_CC
ZTF23aaczpmh,events/ZTF23aaczpmh.npz,SN Ia,SNI,core,18,5,13,True,SN_Ia
ZTF19abgqvyr,events/ZTF19abgqvyr.npz,SN Ia,SNI,core,20,8,12,True,SN_Ia
ZTF24abhhzrp,events/ZTF24abhhzrp.npz,SN Ic,SNI,core,15,10,5,True,SN_CC
ZTF25aboruxa,events/ZTF25aboruxa.npz,SN Ia,SNI,core,40,11,29,True,SN_Ia
ZTF22abipidm,events/ZTF22abipidm.npz,SN Ia,SNI,core,30,18,12,True,SN_Ia
ZTF20abmcxct,events/ZTF20abmcxct.npz,SN Ia,SNI,core,34,17,17,True,SN_Ia
ZTF18adaruzw,events/ZTF18adaruzw.npz,SN Ia,SNI,core,15,7,8,True,SN_Ia
ZTF22abatqod,events/ZTF22abatqod.npz,SN Ia-91bg,SNI,core,8,5,3,True,SN_Ia
ZTF20acgoxns,events/ZTF20acgoxns.npz,SN II,SNII,core,43,19,24,True,SN_CC
ZTF22aamiomf,events/ZTF22aamiomf.npz,SN Ia,SNI,core,30,14,16,True,SN_Ia
ZTF25ablihfx,events/ZTF25ablihfx.npz,SN II,SNII,core,52,26,26,True,SN_CC
ZTF18aailmnv,events/ZTF18aailmnv.npz,SN Ia,SNI,core,33,15,18,True,SN_Ia
ZTF22abegteh,events/ZTF22abegteh.npz,SN Ia,SNI,core,34,15,19,True,SN_Ia
ZTF18aaiwzie,events/ZTF18aaiwzie.npz,SN Ia,SNI,core,25,11,14,True,SN_Ia
ZTF22aajluly,events/ZTF22aajluly.npz,CV,CV,core,21,8,13,True,CV
ZTF22abjhwce,events/ZTF22abjhwce.npz,SN Ia,SNI,core,33,12,21,True,SN_Ia
ZTF19aadooun,events/ZTF19aadooun.npz,SN Ia,SNI,core,37,14,23,True,SN_Ia
ZTF22abbtqmf,events/ZTF22abbtqmf.npz,SN Ia,SNI,core,35,18,17,True,SN_Ia
ZTF22abghdno,events/ZTF22abghdno.npz,SN Ia-91T,SNI,core,39,17,22,True,SN_Ia
ZTF21abrxgiv,events/ZTF21abrxgiv.npz,SN Ia,SNI,core,30,11,19,True,SN_Ia
ZTF19aamfxby,events/ZTF19aamfxby.npz,SN Ia-91T,SNI,core,37,19,18,True,SN_Ia
ZTF19abxfunp,events/ZTF19abxfunp.npz,SN Ia,SNI,core,34,17,17,True,SN_Ia
ZTF18aaaibml,events/ZTF18aaaibml.npz,SN II,SNII,core,22,10,12,True,SN_CC
ZTF23abcufxh,events/ZTF23abcufxh.npz,SN Ia,SNI,core,24,18,6,True,SN_Ia
ZTF23aamfmqm,events/ZTF23aamfmqm.npz,SN Ia,SNI,core,64,29,35,True,SN_Ia
ZTF19aadwtoe,events/ZTF19aadwtoe.npz,SN Ic,SNI,core,18,4,14,True,SN_CC
ZTF22abddvec,events/ZTF22abddvec.npz,SN Ia,SNI,core,32,15,17,True,SN_Ia
ZTF21abdbodg,events/ZTF21abdbodg.npz,SN Ia,SNI,core,16,8,8,True,SN_Ia
ZTF21acjnzdh,events/ZTF21acjnzdh.npz,SN Ia,SNI,core,14,7,7,True,SN_Ia
ZTF23aazfapq,events/ZTF23aazfapq.npz,SN Ia,SNI,core,27,19,8,True,SN_Ia
ZTF22aasdtcq,events/ZTF22aasdtcq.npz,SN Ia,SNI,core,24,11,13,True,SN_Ia
ZTF21abaxaqq,events/ZTF21abaxaqq.npz,TDE,TDE,core,109,35,74,True,TDE
ZTF25abwkmwj,events/ZTF25abwkmwj.npz,SN Ia,SNI,core,44,19,25,True,SN_Ia
ZTF25abxcktl,events/ZTF25abxcktl.npz,SN II,SNII,core,99,45,54,True,SN_CC
ZTF19abcoosk,events/ZTF19abcoosk.npz,CV,CV,core,10,5,5,True,CV
ZTF24aagkwfe,events/ZTF24aagkwfe.npz,SN Ia,SNI,core,52,26,24,True,SN_Ia
ZTF24aakrsww,events/ZTF24aakrsww.npz,SN Ia,SNI,core,23,14,9,True,SN_Ia
ZTF24aaartcf,events/ZTF24aaartcf.npz,SN Iax,SNI,peculiar,13,4,9,True,SN_Ia
ZTF20acfvqjl,events/ZTF20acfvqjl.npz,SN Ia,SNI,core,44,25,19,True,SN_Ia
ZTF23abvbqrz,events/ZTF23abvbqrz.npz,SN Ia,SNI,core,25,4,21,True,SN_Ia
ZTF24abjledk,events/ZTF24abjledk.npz,SN Ia,SNI,core,26,8,18,True,SN_Ia
ZTF19abylxyt,events/ZTF19abylxyt.npz,SN Ia,SNI,core,13,6,7,True,SN_Ia
ZTF25abidcdj,events/ZTF25abidcdj.npz,SN Ia,SNI,core,45,16,29,True,SN_Ia
ZTF18aczdtgn,events/ZTF18aczdtgn.npz,SN Ia-91T,SNI,core,12,6,6,True,SN_Ia
ZTF23aadtwfs,events/ZTF23aadtwfs.npz,SN Ia,SNI,core,20,10,10,True,SN_Ia
ZTF19aatqzim,events/ZTF19aatqzim.npz,SN II,SNII,core,26,11,15,True,SN_CC
ZTF20acxdawc,events/ZTF20acxdawc.npz,SN Ia,SNI,core,16,6,10,True,SN_Ia
ZTF18acpfwmm,events/ZTF18acpfwmm.npz,SN Ia,SNI,core,17,3,14,True,SN_Ia
ZTF22aaevnvp,events/ZTF22aaevnvp.npz,SN Ia,SNI,core,28,10,18,True,SN_Ia
ZTF22abhwlnm,events/ZTF22abhwlnm.npz,SN IIn,SNII,core,49,26,23,True,SN_CC
ZTF20aczhajq,events/ZTF20aczhajq.npz,SN Ia,SNI,core,26,15,11,True,SN_Ia
ZTF23aaqtcxl,events/ZTF23aaqtcxl.npz,SN Ia,SNI,core,14,11,3,True,SN_Ia
ZTF20acgnenc,events/ZTF20acgnenc.npz,SN II,SNII,core,38,18,20,True,SN_CC
ZTF20aciudrr,events/ZTF20aciudrr.npz,SN Ia,SNI,core,32,16,16,True,SN_Ia
ZTF22abuqitl,events/ZTF22abuqitl.npz,SN Ia,SNI,core,17,8,9,True,SN_Ia
ZTF21aaublej,events/ZTF21aaublej.npz,SN Ia,SNI,core,183,83,100,True,SN_Ia
ZTF20abqlawg,events/ZTF20abqlawg.npz,SN Ia,SNI,core,30,15,15,True,SN_Ia
ZTF23aacgjgl,events/ZTF23aacgjgl.npz,SN II,SNII,core,10,6,4,True,SN_CC
ZTF19aaeopqn,events/ZTF19aaeopqn.npz,SN Ia,SNI,core,16,6,10,True,SN_Ia
ZTF22aaokebo,events/ZTF22aaokebo.npz,SN II,SNII,core,52,24,28,True,SN_CC
ZTF18acsyaye,events/ZTF18acsyaye.npz,SN II,SNII,core,13,6,7,True,SN_CC
ZTF20aaezgkg,events/ZTF20aaezgkg.npz,SN Ic,SNI,core,8,2,6,True,SN_CC
ZTF23aandvzg,events/ZTF23aandvzg.npz,SN Ib/c,SNI,core,34,12,22,True,SN_CC
ZTF22aasojye,events/ZTF22aasojye.npz,SN II,SNII,core,63,31,32,True,SN_CC
ZTF21abcnkbe,events/ZTF21abcnkbe.npz,SN Ia,SNI,core,29,14,15,True,SN_Ia
ZTF23abfmlft,events/ZTF23abfmlft.npz,SN Ia,SNI,core,28,13,15,True,SN_Ia
ZTF23aacyfpi,events/ZTF23aacyfpi.npz,SN Ia,SNI,core,21,10,11,True,SN_Ia
ZTF19adajqcq,events/ZTF19adajqcq.npz,SN Ia,SNI,core,41,19,22,True,SN_Ia
ZTF24aappkyo,events/ZTF24aappkyo.npz,SN Ia,SNI,core,46,22,24,True,SN_Ia
ZTF23abaxtlq,events/ZTF23abaxtlq.npz,SN II,SNII,core,104,51,53,True,SN_CC
ZTF24aaoaega,events/ZTF24aaoaega.npz,SN II,SNII,core,25,12,13,True,SN_CC
ZTF22aaosjja,events/ZTF22aaosjja.npz,SN II,SNII,core,24,10,14,True,SN_CC
ZTF25acibvls,events/ZTF25acibvls.npz,SLSN-I,NOVEL,novel,72,33,39,True,SLSN
ZTF18achbllm,events/ZTF18achbllm.npz,SN Ia,SNI,core,16,6,10,True,SN_Ia
ZTF24abzbdqw,events/ZTF24abzbdqw.npz,SN II,SNII,core,13,5,8,True,SN_CC
ZTF19aarfnto,events/ZTF19aarfnto.npz,SN Ia,SNI,core,14,4,10,True,SN_Ia
ZTF22abggmae,events/ZTF22abggmae.npz,SN Ia,SNI,core,26,14,12,True,SN_Ia
ZTF21aarrwdu,events/ZTF21aarrwdu.npz,SN Ia,SNI,core,12,4,8,True,SN_Ia
ZTF21abmxiuf,events/ZTF21abmxiuf.npz,SN Ib,SNI,core,52,26,26,True,SN_CC
ZTF21aapowty,events/ZTF21aapowty.npz,SN Ia,SNI,core,42,23,19,True,SN_Ia
ZTF20aanafwi,events/ZTF20aanafwi.npz,SN Ia,SNI,core,15,6,9,True,SN_Ia
ZTF20aclnplo,events/ZTF20aclnplo.npz,SN Ic,SNI,core,28,12,16,True,SN_CC
ZTF25aafpooi,events/ZTF25aafpooi.npz,SN Ia,SNI,core,14,6,8,True,SN_Ia
ZTF24abpzvky,events/ZTF24abpzvky.npz,SN Ia,SNI,core,9,7,2,True,SN_Ia
ZTF24aagjqcx,events/ZTF24aagjqcx.npz,SN II,SNII,core,16,8,8,True,SN_CC
ZTF21abezlqc,events/ZTF21abezlqc.npz,SN Ia,SNI,core,53,25,28,True,SN_Ia
ZTF22aaialae,events/ZTF22aaialae.npz,SN II,SNII,core,14,6,8,True,SN_CC
ZTF20aasvmbk,events/ZTF20aasvmbk.npz,SN Ib/c,SNI,core,25,9,16,True,SN_CC
ZTF19acdtmwh,events/ZTF19acdtmwh.npz,SN Ia,SNI,core,12,6,6,True,SN_Ia
ZTF21acgmvhs,events/ZTF21acgmvhs.npz,CV,CV,core,8,6,2,True,CV
ZTF18abjsdwi,events/ZTF18abjsdwi.npz,CV,CV,core,8,4,4,True,CV
ZTF23aaczaua,events/ZTF23aaczaua.npz,SN Ia,SNI,core,19,8,11,True,SN_Ia
ZTF18aawpcel,events/ZTF18aawpcel.npz,SN Ia,SNI,core,16,7,9,True,SN_Ia
ZTF21acolmss,events/ZTF21acolmss.npz,SN Ia,SNI,core,10,4,6,True,SN_Ia
ZTF18abujcwj,events/ZTF18abujcwj.npz,CV,CV,core,32,17,15,True,CV
ZTF18acbwavp,events/ZTF18acbwavp.npz,SN Ia-91T,SNI,core,9,3,6,True,SN_Ia
ZTF22abrboyl,events/ZTF22abrboyl.npz,SN Ia,SNI,core,22,7,15,True,SN_Ia
ZTF25abadtsx,events/ZTF25abadtsx.npz,SN Ia,SNI,core,79,41,38,True,SN_Ia
ZTF22abfwthv,events/ZTF22abfwthv.npz,SN Ia,SNI,core,27,13,14,True,SN_Ia
ZTF23absgcqv,events/ZTF23absgcqv.npz,SN Ic,SNI,core,18,8,10,True,SN_CC
ZTF25abwkieo,events/ZTF25abwkieo.npz,SN IIb,SNII,core,51,22,29,True,SN_CC
ZTF25abrpnbo,events/ZTF25abrpnbo.npz,SN Ia-CSM,SNI,peculiar,20,12,8,True,SN_CC
ZTF19abqxhhr,events/ZTF19abqxhhr.npz,SN Ia,SNI,core,17,6,11,True,SN_Ia
ZTF19abqimia,events/ZTF19abqimia.npz,SN Ia,SNI,core,10,5,5,True,SN_Ia
ZTF21acdkydg,events/ZTF21acdkydg.npz,SN Ia,SNI,core,27,12,15,True,SN_Ia
ZTF20acfnuee,events/ZTF20acfnuee.npz,SN Ia,SNI,core,25,11,14,True,SN_Ia
ZTF23aadqalu,events/ZTF23aadqalu.npz,SN Ia,SNI,core,32,12,20,True,SN_Ia
ZTF25aapdivq,events/ZTF25aapdivq.npz,SN Ia,SNI,core,17,10,7,True,SN_Ia
ZTF21aafepon,events/ZTF21aafepon.npz,SN II,SNII,core,36,17,19,True,SN_CC
ZTF22abtciik,events/ZTF22abtciik.npz,SN Ia,SNI,core,28,12,16,True,SN_Ia
ZTF18acecqjl,events/ZTF18acecqjl.npz,CV,CV,core,13,4,9,True,CV
ZTF20abushtf,events/ZTF20abushtf.npz,SN Ia,SNI,core,73,23,50,True,SN_Ia
ZTF24ablkgwk,events/ZTF24ablkgwk.npz,SN Ia,SNI,core,30,12,18,True,SN_Ia
ZTF18aawglif,events/ZTF18aawglif.npz,SN Ia,SNI,core,43,17,25,True,SN_Ia
ZTF22aaekgxv,events/ZTF22aaekgxv.npz,SN Ia,SNI,core,32,15,17,True,SN_Ia
ZTF21aaabuoj,events/ZTF21aaabuoj.npz,SN Ia,SNI,core,24,12,12,True,SN_Ia
ZTF20achwpvs,events/ZTF20achwpvs.npz,SN Ia,SNI,core,23,9,14,True,SN_Ia
ZTF19adgooar,events/ZTF19adgooar.npz,SN II,SNII,core,56,9,47,True,SN_CC
ZTF21aaaadmo,events/ZTF21aaaadmo.npz,SN Ia,SNI,core,16,8,8,True,SN_Ia
ZTF19acetwqh,events/ZTF19acetwqh.npz,SN Ia,SNI,core,14,10,4,True,SN_Ia
ZTF19aanbpus,events/ZTF19aanbpus.npz,SN IIb,SNII,core,39,16,23,True,SN_CC
ZTF22abeltic,events/ZTF22abeltic.npz,SN Ia,SNI,core,39,20,19,True,SN_Ia
ZTF20abbozif,events/ZTF20abbozif.npz,SN Ia,SNI,core,140,62,78,True,SN_Ia
ZTF22aaezjuu,events/ZTF22aaezjuu.npz,SN Ia,SNI,core,61,29,32,True,SN_Ia
ZTF25ababepu,events/ZTF25ababepu.npz,SN Ia,SNI,core,53,2,43,True,SN_Ia
ZTF21aaqupdt,events/ZTF21aaqupdt.npz,SN Ia,SNI,core,37,13,24,True,SN_Ia
ZTF21aahdqrg,events/ZTF21aahdqrg.npz,SN Ic,SNI,core,26,12,14,True,SN_CC
ZTF24aaqkwby,events/ZTF24aaqkwby.npz,SN Ia,SNI,core,13,10,3,True,SN_Ia
ZTF20aautscv,events/ZTF20aautscv.npz,SN Ia,SNI,core,17,10,7,True,SN_Ia
ZTF22aaofdht,events/ZTF22aaofdht.npz,CV,CV,core,30,18,12,True,CV
ZTF18aaqehoc,events/ZTF18aaqehoc.npz,SN Ia,SNI,core,21,7,14,True,SN_Ia
ZTF25aafofmu,events/ZTF25aafofmu.npz,SN IIn,SNII,core,20,15,5,True,SN_CC
ZTF25abjiyiz,events/ZTF25abjiyiz.npz,SN Ia,SNI,core,24,11,13,True,SN_Ia
ZTF24aatakmz,events/ZTF24aatakmz.npz,SN Ia,SNI,core,9,3,6,True,SN_Ia
ZTF20acumrio,events/ZTF20acumrio.npz,SN Ia,SNI,core,24,7,17,True,SN_Ia
ZTF19aaairqh,events/ZTF19aaairqh.npz,SN Ia,SNI,core,30,10,20,True,SN_Ia
ZTF21aaopqyt,events/ZTF21aaopqyt.npz,CV,CV,core,15,7,8,True,CV
ZTF20aafdeza,events/ZTF20aafdeza.npz,SN Ia,SNI,core,11,5,6,True,SN_Ia
ZTF20aaulzvl,events/ZTF20aaulzvl.npz,SN Ia,SNI,core,24,12,12,True,SN_Ia
ZTF21abplgag,events/ZTF21abplgag.npz,SN Ia,SNI,core,21,7,14,True,SN_Ia
ZTF19aawscqd,events/ZTF19aawscqd.npz,AGN,AGN,core,34,18,16,True,AGN
ZTF22abyszwg,events/ZTF22abyszwg.npz,SN Ia,SNI,core,24,13,11,True,SN_Ia
ZTF25aactdcs,events/ZTF25aactdcs.npz,SN Ia,SNI,core,22,8,14,True,SN_Ia
ZTF24aaugxzp,events/ZTF24aaugxzp.npz,SN II,SNII,core,58,41,17,True,SN_CC
ZTF19abfdsbu,events/ZTF19abfdsbu.npz,SN Ia,SNI,core,12,8,4,True,SN_Ia
ZTF24aauyupk,events/ZTF24aauyupk.npz,SN Ia,SNI,core,15,10,5,True,SN_Ia
ZTF24abesffh,events/ZTF24abesffh.npz,SN II,SNII,core,9,4,5,True,SN_CC
ZTF22abmxzxm,events/ZTF22abmxzxm.npz,SN Ia,SNI,core,23,10,13,True,SN_Ia
ZTF20acfvqdz,events/ZTF20acfvqdz.npz,SN II,SNII,core,20,10,10,True,SN_CC
ZTF24abtzpka,events/ZTF24abtzpka.npz,SN Ia,SNI,core,50,22,28,True,SN_Ia
ZTF25abzmbay,events/ZTF25abzmbay.npz,SN Ia,SNI,core,30,13,17,True,SN_Ia
ZTF19abbnamr,events/ZTF19abbnamr.npz,SN II,SNII,core,143,71,72,True,SN_CC
ZTF20aaewban,events/ZTF20aaewban.npz,SN Ia,SNI,core,10,4,6,True,SN_Ia
ZTF22aalyfii,events/ZTF22aalyfii.npz,SN Ia,SNI,core,8,4,4,True,SN_Ia
ZTF24abejmqz,events/ZTF24abejmqz.npz,SN Ia-91bg,SNI,core,15,5,8,True,SN_Ia
ZTF24aauvgjm,events/ZTF24aauvgjm.npz,SN Ia-91T,SNI,core,37,15,22,True,SN_Ia
ZTF23aarjxfj,events/ZTF23aarjxfj.npz,SN Ia,SNI,core,25,9,16,True,SN_Ia
ZTF19abdkecj,events/ZTF19abdkecj.npz,SN Ia,SNI,core,21,10,11,True,SN_Ia
ZTF25abkxdfp,events/ZTF25abkxdfp.npz,SN Ia,SNI,core,19,8,11,True,SN_Ia
ZTF19aadnxog,events/ZTF19aadnxog.npz,SN IIP,SNII,core,47,19,28,True,SN_CC
ZTF22aakyrye,events/ZTF22aakyrye.npz,SN Ia,SNI,core,32,16,16,True,SN_Ia
ZTF20abwyyjc,events/ZTF20abwyyjc.npz,SN Ia,SNI,core,25,9,16,True,SN_Ia
ZTF21abfoxwp,events/ZTF21abfoxwp.npz,SN Ia,SNI,core,19,13,6,True,SN_Ia
ZTF22aaknrtp,events/ZTF22aaknrtp.npz,SN Ia,SNI,core,31,14,17,True,SN_Ia
ZTF20abefzfc,events/ZTF20abefzfc.npz,SN Ia,SNI,core,48,22,26,True,SN_Ia
ZTF23aaemgsd,events/ZTF23aaemgsd.npz,SN Ia,SNI,core,21,11,10,True,SN_Ia
ZTF19abdznxo,events/ZTF19abdznxo.npz,SN Ia,SNI,core,12,7,5,True,SN_Ia
ZTF23aaejwfe,events/ZTF23aaejwfe.npz,SN Ia,SNI,core,69,34,35,True,SN_Ia
ZTF22abgvnle,events/ZTF22abgvnle.npz,SN Ia,SNI,core,16,10,6,True,SN_Ia
ZTF23abgkmxh,events/ZTF23abgkmxh.npz,SN Ia,SNI,core,42,18,24,True,SN_Ia
ZTF25acczblu,events/ZTF25acczblu.npz,SN Ia,SNI,core,18,6,12,True,SN_Ia
ZTF24aajhxqs,events/ZTF24aajhxqs.npz,SN Ia,SNI,core,37,23,12,True,SN_Ia
ZTF23aabsicf,events/ZTF23aabsicf.npz,SN Ia,SNI,core,14,7,7,True,SN_Ia
ZTF20acusneh,events/ZTF20acusneh.npz,SN Ia,SNI,core,32,16,16,True,SN_Ia
ZTF20aaydgsu,events/ZTF20aaydgsu.npz,SN Ia,SNI,core,13,6,7,True,SN_Ia
ZTF18accnmri,events/ZTF18accnmri.npz,SN IIP,SNII,core,31,6,25,True,SN_CC
ZTF22aamglev,events/ZTF22aamglev.npz,SN Ia,SNI,core,20,12,8,True,SN_Ia
ZTF19aavbkly,events/ZTF19aavbkly.npz,SN IIP,SNII,core,27,11,16,True,SN_CC
ZTF20abmxovj,events/ZTF20abmxovj.npz,SN Ia,SNI,core,35,16,19,True,SN_Ia
ZTF21acaegsr,events/ZTF21acaegsr.npz,SN Ia,SNI,core,28,14,14,True,SN_Ia
ZTF19aailqli,events/ZTF19aailqli.npz,SN Ia,SNI,core,23,10,13,True,SN_Ia
ZTF21aasgcve,events/ZTF21aasgcve.npz,SN Ia-91T,SNI,core,29,14,15,True,SN_Ia
ZTF23aaejvzv,events/ZTF23aaejvzv.npz,SN Ia,SNI,core,14,9,5,True,SN_Ia
ZTF22absmdsy,events/ZTF22absmdsy.npz,SN II,SNII,core,22,10,12,True,SN_CC
ZTF18aaakpoh,events/ZTF18aaakpoh.npz,AGN,AGN,core,14,9,5,True,AGN
ZTF22abyagmy,events/ZTF22abyagmy.npz,SN Ia,SNI,core,13,5,8,True,SN_Ia
ZTF21aaigdly,events/ZTF21aaigdly.npz,SN II,SNII,core,28,10,18,True,SN_CC
ZTF23aangpza,events/ZTF23aangpza.npz,SN Ia,SNI,core,81,15,66,True,SN_Ia
ZTF22aajrdad,events/ZTF22aajrdad.npz,SN Ia,SNI,core,8,3,5,True,SN_Ia
ZTF20abfemvr,events/ZTF20abfemvr.npz,SN Ia,SNI,core,46,25,21,True,SN_Ia
ZTF20aavqfli,events/ZTF20aavqfli.npz,SN Ia,SNI,core,29,15,14,True,SN_Ia
ZTF24aaitxdn,events/ZTF24aaitxdn.npz,SN IIb,SNII,core,10,5,5,True,SN_CC
ZTF20aaurknv,events/ZTF20aaurknv.npz,SN Ia,SNI,core,35,15,20,True,SN_Ia
ZTF21aaejeyu,events/ZTF21aaejeyu.npz,SN Ia,SNI,core,52,26,26,True,SN_Ia
ZTF18aankxqv,events/ZTF18aankxqv.npz,SN Ia,SNI,core,18,8,10,True,SN_Ia
ZTF24abzklro,events/ZTF24abzklro.npz,SN Ia,SNI,core,22,11,11,True,SN_Ia
ZTF20aadcdzj,events/ZTF20aadcdzj.npz,SN Ia,SNI,core,50,24,26,True,SN_Ia
ZTF20aayknlo,events/ZTF20aayknlo.npz,SN Ia,SNI,core,25,13,12,True,SN_Ia
ZTF25aabpoxz,events/ZTF25aabpoxz.npz,SN Ia,SNI,core,31,11,20,True,SN_Ia
ZTF23aaawcvx,events/ZTF23aaawcvx.npz,SN Ia,SNI,core,32,17,15,True,SN_Ia
ZTF25aanmfji,events/ZTF25aanmfji.npz,SN Ib,SNI,core,13,5,8,True,SN_CC
ZTF23aaavyag,events/ZTF23aaavyag.npz,SN IIn,SNII,core,28,15,13,True,SN_CC
ZTF18acbwaax,events/ZTF18acbwaax.npz,SN Ia,SNI,core,18,8,10,True,SN_Ia
ZTF21aazazvw,events/ZTF21aazazvw.npz,SN Ia,SNI,core,44,17,27,True,SN_Ia
ZTF25aaexcaf,events/ZTF25aaexcaf.npz,SLSN-I,NOVEL,novel,12,5,7,True,SLSN
ZTF20abrgylo,events/ZTF20abrgylo.npz,CV,CV,core,21,13,8,True,CV
ZTF23aafvstn,events/ZTF23aafvstn.npz,SN Ia,SNI,core,22,14,8,True,SN_Ia
ZTF20abvdtgl,events/ZTF20abvdtgl.npz,SN Ia,SNI,core,22,14,8,True,SN_Ia
ZTF22aacwsjl,events/ZTF22aacwsjl.npz,SN Ia,SNI,core,8,4,4,True,SN_Ia
ZTF22aadkxfy,events/ZTF22aadkxfy.npz,SN Ia,SNI,core,21,13,8,True,SN_Ia
ZTF19acrenwk,events/ZTF19acrenwk.npz,SN Ia,SNI,core,13,4,9,True,SN_Ia
ZTF18abbvsiv,events/ZTF18abbvsiv.npz,SN Ia,SNI,core,22,8,14,True,SN_Ia
ZTF19abinjcy,events/ZTF19abinjcy.npz,SN Ia,SNI,core,140,63,77,True,SN_Ia
ZTF22abmucza,events/ZTF22abmucza.npz,SN Ia,SNI,core,22,10,12,True,SN_Ia
ZTF23aadjsyj,events/ZTF23aadjsyj.npz,SN Ia,SNI,core,31,13,18,True,SN_Ia
ZTF24abtzczp,events/ZTF24abtzczp.npz,SN Ia,SNI,core,26,6,20,True,SN_Ia
ZTF20aazsyvu,events/ZTF20aazsyvu.npz,SN Ia,SNI,core,62,22,40,True,SN_Ia
ZTF25aajupcd,events/ZTF25aajupcd.npz,SN Ia,SNI,core,35,17,18,True,SN_Ia
ZTF25abbshoi,events/ZTF25abbshoi.npz,SN Ia,SNI,core,39,20,19,True,SN_Ia
ZTF20aamovgw,events/ZTF20aamovgw.npz,SN Ia,SNI,core,8,4,4,True,SN_Ia
ZTF25abekolv,events/ZTF25abekolv.npz,SN Ia,SNI,core,122,40,55,True,SN_Ia
ZTF21abctmnb,events/ZTF21abctmnb.npz,SN Ia,SNI,core,41,20,21,True,SN_Ia
ZTF22abmjdfo,events/ZTF22abmjdfo.npz,SN Ia,SNI,core,17,7,10,True,SN_Ia
ZTF25acbcfzr,events/ZTF25acbcfzr.npz,SN II,SNII,core,67,34,33,True,SN_CC
ZTF20achdcni,events/ZTF20achdcni.npz,SN Ia,SNI,core,28,14,14,True,SN_Ia
ZTF20aauompx,events/ZTF20aauompx.npz,SN II,SNII,core,31,14,17,True,SN_CC
ZTF19abqrhvt,events/ZTF19abqrhvt.npz,SN II,SNII,core,29,14,15,True,SN_CC
ZTF21aaoqvzv,events/ZTF21aaoqvzv.npz,SN Ia,SNI,core,10,5,5,True,SN_Ia
ZTF20acfqngt,events/ZTF20acfqngt.npz,SN Ic,SNI,core,47,16,31,True,SN_CC
ZTF18aavoyoq,events/ZTF18aavoyoq.npz,CV,CV,core,11,6,5,True,CV
ZTF21abqpwpu,events/ZTF21abqpwpu.npz,SN Ia,SNI,core,54,24,30,True,SN_Ia
ZTF22aawdqfp,events/ZTF22aawdqfp.npz,SN Ia,SNI,core,116,56,60,True,SN_Ia
ZTF24abxpkhb,events/ZTF24abxpkhb.npz,SN IIn,SNII,core,35,15,20,True,SN_CC
ZTF24aagijmg,events/ZTF24aagijmg.npz,SN Ia,SNI,core,22,12,10,True,SN_Ia
ZTF21abqqcxf,events/ZTF21abqqcxf.npz,SN Ia,SNI,core,16,6,10,True,SN_Ia
ZTF24ablvbgb,events/ZTF24ablvbgb.npz,SN Ia,SNI,core,29,14,15,True,SN_Ia
ZTF22abyrlaw,events/ZTF22abyrlaw.npz,SN Ia,SNI,core,14,5,9,True,SN_Ia
ZTF18abfhaji,events/ZTF18abfhaji.npz,SN Ia,SNI,core,37,18,19,True,SN_Ia
ZTF21aagoliy,events/ZTF21aagoliy.npz,SN Ia,SNI,core,39,17,22,True,SN_Ia
ZTF25aaqfvek,events/ZTF25aaqfvek.npz,SN Ia,SNI,core,28,15,13,True,SN_Ia
ZTF19acxqaot,events/ZTF19acxqaot.npz,SN IIn,SNII,core,20,12,8,True,SN_CC
ZTF18acpeesd,events/ZTF18acpeesd.npz,SN Ia,SNI,core,13,4,9,True,SN_Ia
ZTF22aadesjc,events/ZTF22aadesjc.npz,SN IIn,SNII,core,75,36,39,True,SN_CC
ZTF24abszjmr,events/ZTF24abszjmr.npz,SN Ia,SNI,core,22,9,13,True,SN_Ia
ZTF25abskgbv,events/ZTF25abskgbv.npz,SN Ia,SNI,core,29,16,13,True,SN_Ia
ZTF23aaxoybh,events/ZTF23aaxoybh.npz,SN Ia,SNI,core,46,19,27,True,SN_Ia
ZTF25aacgxjf,events/ZTF25aacgxjf.npz,SN Ia,SNI,core,15,5,10,True,SN_Ia
ZTF20abaknoz,events/ZTF20abaknoz.npz,SN Ia,SNI,core,17,7,10,True,SN_Ia
ZTF20aacedmi,events/ZTF20aacedmi.npz,SN Ia,SNI,core,30,14,16,True,SN_Ia
ZTF19abpxcaf,events/ZTF19abpxcaf.npz,SN Ia,SNI,core,16,5,11,True,SN_Ia
ZTF22aajiynq,events/ZTF22aajiynq.npz,SN Ia,SNI,core,34,15,19,True,SN_Ia
ZTF25abpzwne,events/ZTF25abpzwne.npz,SN IIn,SNII,core,32,16,13,True,SN_CC
ZTF22abkaaje,events/ZTF22abkaaje.npz,SN Ia,SNI,core,31,13,18,True,SN_Ia
ZTF20acpksoc,events/ZTF20acpksoc.npz,SN Ia,SNI,core,24,11,13,True,SN_Ia
ZTF23aavmthe,events/ZTF23aavmthe.npz,SN IIn,SNII,core,45,23,22,True,SN_CC
ZTF21aaaodzf,events/ZTF21aaaodzf.npz,SN Ia,SNI,core,23,8,15,True,SN_Ia
ZTF22aaslyzj,events/ZTF22aaslyzj.npz,SN Ia,SNI,core,23,9,14,True,SN_Ia
ZTF19abuxhqc,events/ZTF19abuxhqc.npz,SN Ia,SNI,core,23,9,14,True,SN_Ia
ZTF18acxwtyx,events/ZTF18acxwtyx.npz,SN Ia,SNI,core,8,4,4,True,SN_Ia
ZTF19acmblbi,events/ZTF19acmblbi.npz,SN Ia,SNI,core,11,4,7,True,SN_Ia
ZTF25acellum,events/ZTF25acellum.npz,SN Ia,SNI,core,19,9,10,True,SN_Ia
ZTF21aazsgyr,events/ZTF21aazsgyr.npz,SN Ia,SNI,core,25,14,11,True,SN_Ia
ZTF19aanirdx,events/ZTF19aanirdx.npz,SN Ia,SNI,core,18,8,10,True,SN_Ia
ZTF22aaohmcv,events/ZTF22aaohmcv.npz,SN Ia,SNI,core,36,14,22,True,SN_Ia
ZTF21abjbnhh,events/ZTF21abjbnhh.npz,SN Ia,SNI,core,33,16,17,True,SN_Ia
ZTF19abwsagv,events/ZTF19abwsagv.npz,SN II,SNII,core,37,17,20,True,SN_CC
ZTF19aanpgdu,events/ZTF19aanpgdu.npz,CV,CV,core,12,6,6,True,CV
ZTF25aawnphj,events/ZTF25aawnphj.npz,SN Ia,SNI,core,40,16,24,True,SN_Ia
ZTF20abawgdl,events/ZTF20abawgdl.npz,SN Ia,SNI,core,33,15,18,True,SN_Ia
ZTF19abiqfxi,events/ZTF19abiqfxi.npz,SN II,SNII,core,43,21,22,True,SN_CC
ZTF20acounxo,events/ZTF20acounxo.npz,SN IIn,SNII,core,30,13,17,True,SN_CC
ZTF24abnldrb,events/ZTF24abnldrb.npz,SN Ia,SNI,core,23,11,12,True,SN_Ia
ZTF23aagjkww,events/ZTF23aagjkww.npz,SN Ia,SNI,core,17,8,9,True,SN_Ia
ZTF22aabwfss,events/ZTF22aabwfss.npz,SN Ia,SNI,core,12,6,6,True,SN_Ia
ZTF21acngvxd,events/ZTF21acngvxd.npz,SN Ia,SNI,core,8,3,5,True,SN_Ia
ZTF23aaamjwv,events/ZTF23aaamjwv.npz,CV,CV,core,19,11,8,True,CV
ZTF23aaxftlt,events/ZTF23aaxftlt.npz,SN Ia,SNI,core,34,14,20,True,SN_Ia
ZTF25aadavqf,events/ZTF25aadavqf.npz,SN Ia,SNI,core,8,3,5,True,SN_Ia
ZTF23abaalvd,events/ZTF23abaalvd.npz,SN Ia,SNI,core,38,19,19,True,SN_Ia
ZTF20acxsxac,events/ZTF20acxsxac.npz,SN Ia,SNI,core,42,21,21,True,SN_Ia
ZTF18acuixmb,events/ZTF18acuixmb.npz,SN Ia,SNI,core,14,6,8,True,SN_Ia
ZTF20aatppnn,events/ZTF20aatppnn.npz,SN Ia,SNI,core,15,6,9,True,SN_Ia
ZTF18abtrknw,events/ZTF18abtrknw.npz,SN II,SNII,core,33,17,16,True,SN_CC
ZTF18acbvahw,events/ZTF18acbvahw.npz,SN Ib,SNI,core,23,7,16,True,SN_CC
ZTF23aaptflh,events/ZTF23aaptflh.npz,SN Ia-91T,SNI,core,12,3,9,True,SN_Ia
ZTF20acgpqqr,events/ZTF20acgpqqr.npz,SN Ia,SNI,core,29,14,15,True,SN_Ia
ZTF18adiaqui,events/ZTF18adiaqui.npz,CV,CV,core,8,4,4,True,CV
ZTF25ackyjjn,events/ZTF25ackyjjn.npz,SN Ia,SNI,core,17,7,10,True,SN_Ia
ZTF19abdkdir,events/ZTF19abdkdir.npz,SN Ia-91T,SNI,core,16,7,9,True,SN_Ia
ZTF21acipvuz,events/ZTF21acipvuz.npz,SN II,SNII,core,13,8,5,True,SN_CC
ZTF24abqttfy,events/ZTF24abqttfy.npz,SN Ia,SNI,core,16,8,8,True,SN_Ia
ZTF20accagnf,events/ZTF20accagnf.npz,SN Ia,SNI,core,27,17,10,True,SN_Ia
ZTF21abtcgoh,events/ZTF21abtcgoh.npz,SN II,SNII,core,50,27,23,True,SN_CC
ZTF23aahfxpr,events/ZTF23aahfxpr.npz,SN Ia,SNI,core,71,37,34,True,SN_Ia
ZTF25achvrzd,events/ZTF25achvrzd.npz,SN Ia,SNI,core,71,31,38,True,SN_Ia
ZTF25acavlfh,events/ZTF25acavlfh.npz,SN Ia,SNI,core,15,7,8,True,SN_Ia
ZTF19aavweum,events/ZTF19aavweum.npz,SN Ia,SNI,core,8,4,4,True,SN_Ia
ZTF18abvptts,events/ZTF18abvptts.npz,SN Ia-pec,SNI,core,22,12,10,True,SN_Ia
ZTF21aaxhzru,events/ZTF21aaxhzru.npz,SN Ia,SNI,core,32,16,16,True,SN_Ia
ZTF20abdxoeu,events/ZTF20abdxoeu.npz,SN II,SNII,core,42,18,24,True,SN_CC
ZTF23aaaqdcr,events/ZTF23aaaqdcr.npz,SN Ia,SNI,core,15,6,9,True,SN_Ia
ZTF22abuygtu,events/ZTF22abuygtu.npz,SN Ia,SNI,core,20,9,11,True,SN_Ia
ZTF21accgsbf,events/ZTF21accgsbf.npz,SN IIn,SNII,core,35,16,19,True,SN_CC
ZTF18acbwkso,events/ZTF18acbwkso.npz,CV,CV,core,8,4,4,True,CV
ZTF19aailsge,events/ZTF19aailsge.npz,SN Ib,SNI,core,16,6,10,True,SN_CC
ZTF25aaiyxzl,events/ZTF25aaiyxzl.npz,SN Ia,SNI,core,24,11,13,True,SN_Ia
ZTF23abnqbkx,events/ZTF23abnqbkx.npz,SN Ia,SNI,core,13,7,6,True,SN_Ia
ZTF19aaciohh,events/ZTF19aaciohh.npz,AGN,AGN,core,55,34,21,True,AGN
ZTF20acrqeje,events/ZTF20acrqeje.npz,SN Ia,SNI,core,33,15,18,True,SN_Ia
ZTF23abhvlji,events/ZTF23abhvlji.npz,SN Ia,SNI,core,26,12,14,True,SN_Ia
ZTF23abaslfm,events/ZTF23abaslfm.npz,SN Ia,SNI,core,41,18,23,True,SN_Ia
ZTF20aaqvzko,events/ZTF20aaqvzko.npz,SN Ia,SNI,core,46,26,20,True,SN_Ia
ZTF24aasvdze,events/ZTF24aasvdze.npz,SN II,SNII,core,60,27,33,True,SN_CC
ZTF19abcndvf,events/ZTF19abcndvf.npz,SN Ia,SNI,core,16,9,7,True,SN_Ia
ZTF24abocnoi,events/ZTF24abocnoi.npz,SN Ia,SNI,core,32,20,12,True,SN_Ia
ZTF19aavmlqh,events/ZTF19aavmlqh.npz,SN Ia,SNI,core,24,10,14,True,SN_Ia
ZTF22abgveih,events/ZTF22abgveih.npz,SN II,SNII,core,72,17,55,True,SN_CC
ZTF21aaaadvr,events/ZTF21aaaadvr.npz,SN II,SNII,core,19,11,8,True,SN_CC
ZTF18aaxavsk,events/ZTF18aaxavsk.npz,SN Ia,SNI,core,26,10,16,True,SN_Ia
ZTF19aasszud,events/ZTF19aasszud.npz,SN Ia,SNI,core,8,4,4,True,SN_Ia
ZTF21aamcpte,events/ZTF21aamcpte.npz,SN Ia,SNI,core,10,5,5,True,SN_Ia
ZTF19aaqdkrm,events/ZTF19aaqdkrm.npz,SN II,SNII,core,43,18,25,True,SN_CC
ZTF19abupned,events/ZTF19abupned.npz,SN Ic-BL,SNI,core,56,26,30,True,SN_CC
ZTF19abeloei,events/ZTF19abeloei.npz,SN Ia,SNI,core,84,36,48,True,SN_Ia
ZTF22abtbijr,events/ZTF22abtbijr.npz,SN Ia,SNI,core,26,12,14,True,SN_Ia
ZTF25aajbcmc,events/ZTF25aajbcmc.npz,SLSN-I,NOVEL,novel,25,12,13,True,SLSN
ZTF19aczjyre,events/ZTF19aczjyre.npz,SN Ia,SNI,core,20,10,10,True,SN_Ia
ZTF21aciiaio,events/ZTF21aciiaio.npz,SN II,SNII,core,15,4,11,True,SN_CC
ZTF24aaedpbn,events/ZTF24aaedpbn.npz,SN Ia,SNI,core,10,4,6,True,SN_Ia
ZTF18acbxsap,events/ZTF18acbxsap.npz,SN Ia,SNI,core,14,3,11,True,SN_Ia
ZTF25aaftthw,events/ZTF25aaftthw.npz,SN Ia,SNI,core,13,6,7,True,SN_Ia
ZTF21aavhlok,events/ZTF21aavhlok.npz,SN Ia-91T,SNI,core,34,13,21,True,SN_Ia
ZTF25abbanem,events/ZTF25abbanem.npz,SN Ia,SNI,core,22,3,19,True,SN_Ia
ZTF24aadfmaf,events/ZTF24aadfmaf.npz,SLSN-I,NOVEL,novel,27,15,12,True,SLSN
ZTF19abocled,events/ZTF19abocled.npz,SN Ia,SNI,core,17,8,9,True,SN_Ia
ZTF25acfokdq,events/ZTF25acfokdq.npz,SN Ia,SNI,core,23,8,15,True,SN_Ia
ZTF25aaadxsn,events/ZTF25aaadxsn.npz,SN Ia,SNI,core,9,6,3,True,SN_Ia
ZTF20abawtpy,events/ZTF20abawtpy.npz,SN Ia,SNI,core,48,21,27,True,SN_Ia
ZTF25acfgklb,events/ZTF25acfgklb.npz,SN Ia,SNI,core,66,33,33,True,SN_Ia
ZTF22aadqgoa,events/ZTF22aadqgoa.npz,SLSN-I,NOVEL,novel,31,24,7,True,SLSN
ZTF21aaglscz,events/ZTF21aaglscz.npz,CV,CV,core,8,3,5,True,CV
ZTF20ablxtlp,events/ZTF20ablxtlp.npz,SN Ia,SNI,core,25,11,14,True,SN_Ia
ZTF25abkqros,events/ZTF25abkqros.npz,SN Ia,SNI,core,37,16,21,True,SN_Ia
ZTF22aakzsrj,events/ZTF22aakzsrj.npz,CV,CV,core,32,18,14,True,CV
ZTF18aaupmks,events/ZTF18aaupmks.npz,SN Ia,SNI,core,26,14,12,True,SN_Ia
ZTF22abbtmdv,events/ZTF22abbtmdv.npz,SN Ia,SNI,core,28,15,13,True,SN_Ia
ZTF20aautzig,events/ZTF20aautzig.npz,SN Ia,SNI,core,18,10,8,True,SN_Ia
ZTF20acwfanr,events/ZTF20acwfanr.npz,SN Ia,SNI,core,41,3,38,True,SN_Ia
ZTF21abvyxfs,events/ZTF21abvyxfs.npz,SN Ia,SNI,core,29,16,13,True,SN_Ia
ZTF24aahalmb,events/ZTF24aahalmb.npz,SN II,SNII,core,12,8,3,True,SN_CC
ZTF20aaekkuv,events/ZTF20aaekkuv.npz,SN Ic,SNI,core,13,5,8,True,SN_CC
ZTF22aaejlrf,events/ZTF22aaejlrf.npz,SN Ia,SNI,core,17,9,8,True,SN_Ia
ZTF25aawjnuz,events/ZTF25aawjnuz.npz,SN Ia,SNI,core,41,18,23,True,SN_Ia
ZTF22abjpfpl,events/ZTF22abjpfpl.npz,SN Ia,SNI,core,51,21,30,True,SN_Ia
ZTF22aajvkrd,events/ZTF22aajvkrd.npz,SN Ia,SNI,core,73,40,33,True,SN_Ia
ZTF22aaaoiaz,events/ZTF22aaaoiaz.npz,SN Ia,SNI,core,13,6,7,True,SN_Ia
ZTF25aalylco,events/ZTF25aalylco.npz,SN Ia,SNI,core,14,10,4,True,SN_Ia
ZTF19aabyuze,events/ZTF19aabyuze.npz,SN Ia,SNI,core,35,18,17,True,SN_Ia
ZTF25abvepyj,events/ZTF25abvepyj.npz,SN Ia,SNI,core,40,12,28,True,SN_Ia
ZTF22abgbbez,events/ZTF22abgbbez.npz,SN Ia,SNI,core,18,9,9,True,SN_Ia
ZTF20aavhqvo,events/ZTF20aavhqvo.npz,SN Ia,SNI,core,18,7,11,True,SN_Ia
ZTF24abnoldv,events/ZTF24abnoldv.npz,SN Ia,SNI,core,14,6,8,True,SN_Ia
ZTF23abokhwf,events/ZTF23abokhwf.npz,SN Ia,SNI,core,18,8,10,True,SN_Ia
ZTF21acdwvwo,events/ZTF21acdwvwo.npz,SN Ia,SNI,core,24,10,14,True,SN_Ia
ZTF22abihtsn,events/ZTF22abihtsn.npz,SN Ia,SNI,core,34,17,17,True,SN_Ia
ZTF20aapcbmc,events/ZTF20aapcbmc.npz,SN Ic-BL,SNI,core,9,4,5,True,SN_CC
ZTF24aacrfok,events/ZTF24aacrfok.npz,SN Ia,SNI,core,14,8,6,True,SN_Ia
ZTF19adcbxkw,events/ZTF19adcbxkw.npz,SN Ia,SNI,core,13,6,7,True,SN_Ia
ZTF18aczeesl,events/ZTF18aczeesl.npz,SN Ia,SNI,core,33,20,13,True,SN_Ia
ZTF24aawyrsn,events/ZTF24aawyrsn.npz,SN Ia,SNI,core,39,13,26,True,SN_Ia
ZTF25acgyaed,events/ZTF25acgyaed.npz,SN Ia,SNI,core,79,33,35,True,SN_Ia
ZTF19aakozyp,events/ZTF19aakozyp.npz,SN Ia,SNI,core,30,13,17,True,SN_Ia
ZTF18acefxko,events/ZTF18acefxko.npz,SN Ia,SNI,core,22,2,20,True,SN_Ia
ZTF21aaoexjt,events/ZTF21aaoexjt.npz,SN Ia,SNI,core,24,12,12,True,SN_Ia
ZTF22abtlaew,events/ZTF22abtlaew.npz,SN Ia,SNI,core,22,10,12,True,SN_Ia
ZTF20abwcnhm,events/ZTF20abwcnhm.npz,SN Ia,SNI,core,60,29,31,True,SN_Ia
ZTF22aakmhas,events/ZTF22aakmhas.npz,SN Ia,SNI,core,18,5,13,True,SN_Ia
ZTF21aajtsba,events/ZTF21aajtsba.npz,SN Ia-91T,SNI,core,35,14,21,True,SN_Ia
ZTF25acfxvcu,events/ZTF25acfxvcu.npz,SN II,SNII,core,22,11,11,True,SN_CC
ZTF21aapriwm,events/ZTF21aapriwm.npz,SN Ia-pec,SNI,core,21,10,11,True,SN_Ia
ZTF23aaeyqoa,events/ZTF23aaeyqoa.npz,SN Ia,SNI,core,19,7,12,True,SN_Ia
ZTF19abxdnzt,events/ZTF19abxdnzt.npz,SN Ia,SNI,core,21,13,8,True,SN_Ia
ZTF24aawwzqz,events/ZTF24aawwzqz.npz,SN Ia,SNI,core,45,23,20,True,SN_Ia
ZTF20acsfdnn,events/ZTF20acsfdnn.npz,SN Ia,SNI,core,25,12,13,True,SN_Ia
ZTF22abiozoc,events/ZTF22abiozoc.npz,SN Ia,SNI,core,25,15,10,True,SN_Ia
ZTF20aaghnxd,events/ZTF20aaghnxd.npz,SN Ia,SNI,core,31,14,17,True,SN_Ia
ZTF21abicckd,events/ZTF21abicckd.npz,SN Ia,SNI,core,23,14,9,True,SN_Ia
ZTF21aasfseg,events/ZTF21aasfseg.npz,SN II,SNII,core,76,35,41,True,SN_CC
ZTF19aartuev,events/ZTF19aartuev.npz,SN Ia,SNI,core,20,11,9,True,SN_Ia
ZTF21aatsafx,events/ZTF21aatsafx.npz,SN Ia,SNI,core,38,14,24,True,SN_Ia
ZTF18abnvwgk,events/ZTF18abnvwgk.npz,CV,CV,core,13,5,8,True,CV
ZTF18aczuwxb,events/ZTF18aczuwxb.npz,SN Ia,SNI,core,22,12,10,True,SN_Ia
ZTF18abtgkdo,events/ZTF18abtgkdo.npz,SN Ia,SNI,core,13,8,5,True,SN_Ia
ZTF23aavpzil,events/ZTF23aavpzil.npz,SN Ia,SNI,core,11,5,6,True,SN_Ia
ZTF19aakssnv,events/ZTF19aakssnv.npz,SN II,SNII,core,59,26,33,True,SN_CC
ZTF18acnmifq,events/ZTF18acnmifq.npz,SN IIb,SNII,core,43,13,30,True,SN_CC
ZTF18abkojhi,events/ZTF18abkojhi.npz,AGN,AGN,core,32,17,15,True,AGN
ZTF18acbufud,events/ZTF18acbufud.npz,SN Ia,SNI,core,11,5,6,True,SN_Ia
ZTF20abyosmd,events/ZTF20abyosmd.npz,SN II,SNII,core,38,19,19,True,SN_CC
ZTF19abqgwuy,events/ZTF19abqgwuy.npz,SN Ia,SNI,core,48,25,23,True,SN_Ia
ZTF19acihgng,events/ZTF19acihgng.npz,SN Ia,SNI,core,39,18,21,True,SN_Ia
ZTF23aabmbdj,events/ZTF23aabmbdj.npz,SN Ia,SNI,core,11,5,6,True,SN_Ia
ZTF23aapfyou,events/ZTF23aapfyou.npz,SN IIP,SNII,core,9,5,4,True,SN_CC
ZTF22aabwrov,events/ZTF22aabwrov.npz,SN Ia,SNI,core,10,5,5,True,SN_Ia
ZTF22aajsqug,events/ZTF22aajsqug.npz,SN Ia,SNI,core,29,7,21,True,SN_Ia
ZTF21abbwajr,events/ZTF21abbwajr.npz,SN II,SNII,core,13,7,6,True,SN_CC
ZTF23abprqjx,events/ZTF23abprqjx.npz,SN Ia,SNI,core,14,6,8,True,SN_Ia
ZTF18aczexlh,events/ZTF18aczexlh.npz,AGN,AGN,core,15,10,5,True,AGN
ZTF19aapafqd,events/ZTF19aapafqd.npz,SN II,SNII,core,45,19,26,True,SN_CC
ZTF19achajnc,events/ZTF19achajnc.npz,SN Ia,SNI,core,33,15,18,True,SN_Ia
ZTF25absklbq,events/ZTF25absklbq.npz,SN II,SNII,core,31,12,19,True,SN_CC
ZTF23aadpbvm,events/ZTF23aadpbvm.npz,SN Ia,SNI,core,15,5,10,True,SN_Ia
ZTF19aaynsyd,events/ZTF19aaynsyd.npz,SN Ia,SNI,core,66,33,33,True,SN_Ia
ZTF22aadmgan,events/ZTF22aadmgan.npz,SN Ia,SNI,core,32,14,18,True,SN_Ia
ZTF23aarhuik,events/ZTF23aarhuik.npz,SN Ia,SNI,core,37,20,17,True,SN_Ia
ZTF18aceathd,events/ZTF18aceathd.npz,SN Ia,SNI,core,19,8,11,True,SN_Ia
ZTF25aapsisw,events/ZTF25aapsisw.npz,SN IIn,SNII,core,55,3,52,True,SN_CC
ZTF24absrpsn,events/ZTF24absrpsn.npz,SN Ic-BL,SNI,core,8,3,5,True,SN_CC
ZTF24abtartn,events/ZTF24abtartn.npz,SN Ia,SNI,core,27,18,9,True,SN_Ia
ZTF22aaafkvn,events/ZTF22aaafkvn.npz,SN Ic,SNI,core,39,17,22,True,SN_CC
ZTF19aaflhah,events/ZTF19aaflhah.npz,AGN,AGN,core,13,4,9,True,AGN
ZTF23abojjkh,events/ZTF23abojjkh.npz,SN Iax,SNI,peculiar,22,15,7,True,SN_Ia
ZTF19acyiqnw,events/ZTF19acyiqnw.npz,SN Ia,SNI,core,62,27,35,True,SN_Ia
ZTF20acrrssy,events/ZTF20acrrssy.npz,SN II,SNII,core,33,10,23,True,SN_CC
ZTF21acgxypn,events/ZTF21acgxypn.npz,SN Ic-BL,SNI,core,17,7,10,True,SN_CC
ZTF21acowrme,events/ZTF21acowrme.npz,SN Ia,SNI,core,9,4,5,True,SN_Ia
ZTF18abcecfi,events/ZTF18abcecfi.npz,SN Ia,SNI,core,18,7,11,True,SN_Ia
ZTF23abazdqu,events/ZTF23abazdqu.npz,SN Ia,SNI,core,38,18,20,True,SN_Ia
ZTF20acoaqpm,events/ZTF20acoaqpm.npz,SN Ia,SNI,core,18,7,11,True,SN_Ia
ZTF24abnyruv,events/ZTF24abnyruv.npz,SN Ia,SNI,core,36,11,25,True,SN_Ia
ZTF22aazuotw,events/ZTF22aazuotw.npz,SN Ib,SNI,core,12,7,5,True,SN_CC
ZTF21aceejop,events/ZTF21aceejop.npz,CV,CV,core,11,6,5,True,CV
ZTF21acinvvh,events/ZTF21acinvvh.npz,SN Ia,SNI,core,18,8,10,True,SN_Ia
ZTF18acefuhk,events/ZTF18acefuhk.npz,SN II,SNII,core,60,27,33,True,SN_CC
ZTF22abyokjo,events/ZTF22abyokjo.npz,SN Ia,SNI,core,22,10,12,True,SN_Ia
ZTF18aaqcqvr,events/ZTF18aaqcqvr.npz,SN Ia,SNI,core,22,8,14,True,SN_Ia
ZTF19aamvfmx,events/ZTF19aamvfmx.npz,CV,CV,core,12,5,7,True,CV
ZTF21abjpphz,events/ZTF21abjpphz.npz,SN Ia,SNI,core,25,12,13,True,SN_Ia
ZTF18abpamut,events/ZTF18abpamut.npz,SN Ia,SNI,core,25,12,13,True,SN_Ia
ZTF25abgahjn,events/ZTF25abgahjn.npz,SN Ia,SNI,core,60,31,22,True,SN_Ia
ZTF25abiqcvi,events/ZTF25abiqcvi.npz,SN Ia,SNI,core,56,22,34,True,SN_Ia
ZTF22aahxaiv,events/ZTF22aahxaiv.npz,SN Ic-BL,SNI,core,19,5,14,True,SN_CC
ZTF24abflhlp,events/ZTF24abflhlp.npz,SN Ia,SNI,core,58,36,22,True,SN_Ia
ZTF20acuosvy,events/ZTF20acuosvy.npz,SN Ia,SNI,core,33,9,24,True,SN_Ia
ZTF25aacrydo,events/ZTF25aacrydo.npz,SN Ia-91T,SNI,core,9,6,3,True,SN_Ia
ZTF20achfdib,events/ZTF20achfdib.npz,SN Ia,SNI,core,28,12,16,True,SN_Ia
ZTF24absuydh,events/ZTF24absuydh.npz,SN Ia,SNI,core,27,12,15,True,SN_Ia
ZTF20acouofb,events/ZTF20acouofb.npz,SN II,SNII,core,29,16,13,True,SN_CC
ZTF24aahaanm,events/ZTF24aahaanm.npz,SN IIb,SNII,core,25,9,13,True,SN_CC
ZTF19acignlo,events/ZTF19acignlo.npz,SN II,SNII,core,134,62,72,True,SN_CC
ZTF20aalyeut,events/ZTF20aalyeut.npz,SN Ia,SNI,core,20,10,10,True,SN_Ia
ZTF25abiwbsb,events/ZTF25abiwbsb.npz,SN II,SNII,core,28,13,15,True,SN_CC
ZTF18abqxaqe,events/ZTF18abqxaqe.npz,SN Ia,SNI,core,18,10,8,True,SN_Ia
ZTF19acqupbp,events/ZTF19acqupbp.npz,SN Ia,SNI,core,10,4,6,True,SN_Ia
ZTF19aaydpiq,events/ZTF19aaydpiq.npz,SN II,SNII,core,14,7,7,True,SN_CC
ZTF19adaiyrd,events/ZTF19adaiyrd.npz,SN Ia,SNI,core,10,4,6,True,SN_Ia
ZTF18abecbks,events/ZTF18abecbks.npz,SN Ic,SNI,core,32,14,18,True,SN_CC
ZTF22abmolve,events/ZTF22abmolve.npz,SN Ia,SNI,core,74,34,40,True,SN_Ia
ZTF21aawxdbc,events/ZTF21aawxdbc.npz,SN Ia,SNI,core,12,6,6,True,SN_Ia
ZTF19abjacdu,events/ZTF19abjacdu.npz,SN IIn,SNII,core,156,71,85,True,SN_CC
ZTF19aaqasrq,events/ZTF19aaqasrq.npz,SN IIn,SNII,core,32,13,19,True,SN_CC
ZTF24aahgaov,events/ZTF24aahgaov.npz,SN Ia,SNI,core,41,2,39,True,SN_Ia
ZTF21aaufvpg,events/ZTF21aaufvpg.npz,SN Ia,SNI,core,40,22,18,True,SN_Ia
ZTF23aamsavc,events/ZTF23aamsavc.npz,SN Ia,SNI,core,16,10,6,True,SN_Ia
ZTF22abmvmyh,events/ZTF22abmvmyh.npz,SN Ia,SNI,core,31,10,21,True,SN_Ia
ZTF22abngjlt,events/ZTF22abngjlt.npz,SN Ia,SNI,core,30,13,17,True,SN_Ia
ZTF25acldgpg,events/ZTF25acldgpg.npz,SN Ia,SNI,core,21,11,10,True,SN_Ia
ZTF20acxooam,events/ZTF20acxooam.npz,SN Ia,SNI,core,22,9,13,True,SN_Ia
ZTF25aagvkqj,events/ZTF25aagvkqj.npz,SN Ia,SNI,core,16,7,9,True,SN_Ia
ZTF21aahtmlu,events/ZTF21aahtmlu.npz,SN Ia,SNI,core,28,12,16,True,SN_Ia
ZTF18adbadfz,events/ZTF18adbadfz.npz,SN II,SNII,core,13,5,8,True,SN_CC
ZTF20aatwisu,events/ZTF20aatwisu.npz,SN II,SNII,core,24,11,13,True,SN_CC
ZTF23abhzcbs,events/ZTF23abhzcbs.npz,SN Ia,SNI,core,19,4,15,True,SN_Ia
ZTF22aadfrjm,events/ZTF22aadfrjm.npz,SN Ia,SNI,core,54,25,29,True,SN_Ia
ZTF22aawfeov,events/ZTF22aawfeov.npz,SN IIn,SNII,core,60,30,30,True,SN_CC
ZTF18acbwopo,events/ZTF18acbwopo.npz,SN II,SNII,core,11,6,5,True,SN_CC
ZTF21aclcfej,events/ZTF21aclcfej.npz,SN II,SNII,core,12,8,4,True,SN_CC
ZTF25aatnwif,events/ZTF25aatnwif.npz,SN Ia-91T,SNI,core,53,25,28,True,SN_Ia
ZTF21acdnnfg,events/ZTF21acdnnfg.npz,SN Ia,SNI,core,17,6,11,True,SN_Ia
ZTF23aapogvn,events/ZTF23aapogvn.npz,SN Ia,SNI,core,40,19,21,True,SN_Ia
ZTF25aatmfzy,events/ZTF25aatmfzy.npz,SLSN-II,SNII,peculiar,61,24,37,True,SLSN
ZTF21aalodzw,events/ZTF21aalodzw.npz,SN II,SNII,core,48,16,32,True,SN_CC
ZTF19abjpntj,events/ZTF19abjpntj.npz,SN II,SNII,core,69,30,39,True,SN_CC
ZTF21abtcgdo,events/ZTF21abtcgdo.npz,SN II,SNII,core,25,13,12,True,SN_CC
ZTF20abrcnbr,events/ZTF20abrcnbr.npz,SN Ib/c,SNI,core,10,7,3,True,SN_CC
ZTF21acfkkad,events/ZTF21acfkkad.npz,SN Ia,SNI,core,9,4,5,True,SN_Ia
ZTF21aakijia,events/ZTF21aakijia.npz,SN Ia,SNI,core,34,13,21,True,SN_Ia
ZTF21acdezwk,events/ZTF21acdezwk.npz,SN II,SNII,core,62,30,32,True,SN_CC
ZTF19aamkfxb,events/ZTF19aamkfxb.npz,SN Ia,SNI,core,24,12,12,True,SN_Ia
ZTF25aavsycu,events/ZTF25aavsycu.npz,SN Ia,SNI,core,33,14,19,True,SN_Ia
ZTF21aazybsh,events/ZTF21aazybsh.npz,SN II,SNII,core,52,25,27,True,SN_CC
ZTF21abpapvy,events/ZTF21abpapvy.npz,SN Ia,SNI,core,49,21,28,True,SN_Ia
ZTF24aaagezy,events/ZTF24aaagezy.npz,SN Ia,SNI,core,13,4,9,True,SN_Ia
ZTF19aaxbzqp,events/ZTF19aaxbzqp.npz,CV,CV,core,13,7,6,True,CV
ZTF19aclthzj,events/ZTF19aclthzj.npz,SN Ia,SNI,core,41,23,18,True,SN_Ia
ZTF19aawbsek,events/ZTF19aawbsek.npz,SN Ia,SNI,core,14,4,10,True,SN_Ia
ZTF20achatyv,events/ZTF20achatyv.npz,SN Ia,SNI,core,15,8,7,True,SN_Ia
ZTF24abmybnp,events/ZTF24abmybnp.npz,TDE,TDE,core,50,26,24,True,TDE
ZTF24aahvyso,events/ZTF24aahvyso.npz,SN Ia,SNI,core,12,5,7,True,SN_Ia
ZTF23aapsuva,events/ZTF23aapsuva.npz,SN IIn,SNII,core,69,35,34,True,SN_CC
ZTF18acpefgk,events/ZTF18acpefgk.npz,SN Ia,SNI,core,8,5,3,True,SN_Ia
ZTF19ablujxj,events/ZTF19ablujxj.npz,CV,CV,core,19,9,10,True,CV
ZTF19aarioci,events/ZTF19aarioci.npz,TDE,TDE,core,42,22,20,True,TDE
ZTF19acfxbki,events/ZTF19acfxbki.npz,SN Ia,SNI,core,12,6,6,True,SN_Ia
ZTF22abnvmzz,events/ZTF22abnvmzz.npz,SN Ia,SNI,core,31,13,18,True,SN_Ia
ZTF25aaizxrf,events/ZTF25aaizxrf.npz,SN Ia,SNI,core,27,5,22,True,SN_Ia
ZTF18aaisyyp,events/ZTF18aaisyyp.npz,SN Ic,SNI,core,31,14,17,True,SN_CC
ZTF20acwytxn,events/ZTF20acwytxn.npz,TDE,TDE,core,62,20,42,True,TDE
ZTF24aaczfve,events/ZTF24aaczfve.npz,SN Ib,SNI,core,45,21,22,True,SN_CC
ZTF19acxxwrs,events/ZTF19acxxwrs.npz,SN II-pec,SNII,peculiar,29,10,19,True,SN_CC
ZTF22abswuoz,events/ZTF22abswuoz.npz,SN Ia,SNI,core,14,6,8,True,SN_Ia
ZTF20aaghpdc,events/ZTF20aaghpdc.npz,SN Ia,SNI,core,87,42,45,True,SN_Ia
ZTF20abbvnpr,events/ZTF20abbvnpr.npz,CV,CV,core,28,12,16,True,CV
ZTF21abcgrcj,events/ZTF21abcgrcj.npz,SN Ia,SNI,core,31,11,20,True,SN_Ia
ZTF24abqzvao,events/ZTF24abqzvao.npz,SN Ia,SNI,core,19,12,7,True,SN_Ia
ZTF24aaihwaq,events/ZTF24aaihwaq.npz,SN Ia,SNI,core,17,9,6,True,SN_Ia
ZTF21abhyukx,events/ZTF21abhyukx.npz,SN Ia,SNI,core,24,13,11,True,SN_Ia
ZTF23abvpeqs,events/ZTF23abvpeqs.npz,SN Ia,SNI,core,22,10,12,True,SN_Ia
ZTF25acfhiob,events/ZTF25acfhiob.npz,SN Ia,SNI,core,30,13,17,True,SN_Ia
ZTF23abanqhu,events/ZTF23abanqhu.npz,SN Ia,SNI,core,62,29,33,True,SN_Ia
ZTF23abiixsk,events/ZTF23abiixsk.npz,SN Ia,SNI,core,35,4,31,True,SN_Ia
ZTF20aaosoct,events/ZTF20aaosoct.npz,SN Ia-91T,SNI,core,13,5,8,True,SN_Ia
ZTF19aaocbes,events/ZTF19aaocbes.npz,SN Ia-91T,SNI,core,11,5,6,True,SN_Ia
ZTF19acexijn,events/ZTF19acexijn.npz,SN Ia,SNI,core,32,15,17,True,SN_Ia
ZTF25acbyhbm,events/ZTF25acbyhbm.npz,SN II,SNII,core,8,4,4,True,SN_CC
ZTF25aantell,events/ZTF25aantell.npz,SN Ia,SNI,core,8,5,3,True,SN_Ia
ZTF21aamiukc,events/ZTF21aamiukc.npz,SN Ia,SNI,core,31,12,19,True,SN_Ia
ZTF22abrreei,events/ZTF22abrreei.npz,SN Ia,SNI,core,22,8,14,True,SN_Ia
ZTF18abcysdx,events/ZTF18abcysdx.npz,SN Ia,SNI,core,18,9,9,True,SN_Ia
ZTF18abtkqkb,events/ZTF18abtkqkb.npz,SN Ia,SNI,core,13,6,7,True,SN_Ia
ZTF20acywefl,events/ZTF20acywefl.npz,SN Ia,SNI,core,19,11,8,True,SN_Ia
ZTF24ablkeoh,events/ZTF24ablkeoh.npz,SN Ia,SNI,core,23,11,12,True,SN_Ia
ZTF22aasyada,events/ZTF22aasyada.npz,SN Ia,SNI,core,30,13,17,True,SN_Ia
ZTF21achltea,events/ZTF21achltea.npz,SN II,SNII,core,21,10,11,True,SN_CC
ZTF21abuuzrk,events/ZTF21abuuzrk.npz,SN Ia,SNI,core,16,8,8,True,SN_Ia
ZTF24aaoasjl,events/ZTF24aaoasjl.npz,SN Ia-91bg,SNI,core,12,6,6,True,SN_Ia
ZTF20abyptpc,events/ZTF20abyptpc.npz,SN Ia,SNI,core,83,44,39,True,SN_Ia
ZTF18aaxjuwy,events/ZTF18aaxjuwy.npz,SN IIn,SNII,core,8,2,6,True,SN_CC
ZTF25aajgoqd,events/ZTF25aajgoqd.npz,SN Ia,SNI,core,25,21,4,True,SN_Ia
ZTF20aahzyml,events/ZTF20aahzyml.npz,SN Ia,SNI,core,12,6,6,True,SN_Ia
ZTF20abrcsdn,events/ZTF20abrcsdn.npz,SN II,SNII,core,59,26,33,True,SN_CC
ZTF23abbanlv,events/ZTF23abbanlv.npz,SN II,SNII,core,22,11,11,True,SN_CC
ZTF23aaaihae,events/ZTF23aaaihae.npz,SN Ia,SNI,core,21,8,13,True,SN_Ia
ZTF19acftaml,events/ZTF19acftaml.npz,SN Ia,SNI,core,11,5,6,True,SN_Ia
ZTF25acegmcy,events/ZTF25acegmcy.npz,SN II,SNII,core,30,13,17,True,SN_CC
ZTF19acvlycr,events/ZTF19acvlycr.npz,SN Ia,SNI,core,19,6,13,True,SN_Ia
ZTF18abcbwnd,events/ZTF18abcbwnd.npz,AGN,AGN,core,14,11,3,True,AGN
ZTF25acemaph,events/ZTF25acemaph.npz,SLSN-I,NOVEL,novel,75,27,40,True,SLSN
ZTF22aalqzkz,events/ZTF22aalqzkz.npz,SN Ia,SNI,core,39,20,19,True,SN_Ia
ZTF22abfzaqd,events/ZTF22abfzaqd.npz,SN Ia,SNI,core,33,14,19,True,SN_Ia
ZTF25acewrgw,events/ZTF25acewrgw.npz,SN Ia,SNI,core,14,6,8,True,SN_Ia
ZTF24aaekboj,events/ZTF24aaekboj.npz,SN Ia,SNI,core,16,13,3,True,SN_Ia
ZTF18abmjija,events/ZTF18abmjija.npz,AGN,AGN,core,12,7,5,True,AGN
ZTF20abpuxna,events/ZTF20abpuxna.npz,SN II,SNII,core,62,18,44,True,SN_CC
ZTF24aaugavy,events/ZTF24aaugavy.npz,SN Ia,SNI,core,79,37,42,True,SN_Ia
ZTF21abzxxic,events/ZTF21abzxxic.npz,SN Ia,SNI,core,18,9,9,True,SN_Ia
ZTF18aaiwsqa,events/ZTF18aaiwsqa.npz,AGN,AGN,core,143,122,21,True,AGN
ZTF22abtctfn,events/ZTF22abtctfn.npz,SN Ia,SNI,core,23,11,12,True,SN_Ia
ZTF21acmrdga,events/ZTF21acmrdga.npz,SN IIb,SNII,core,15,7,8,True,SN_CC
ZTF23abvtzdz,events/ZTF23abvtzdz.npz,SN Ia,SNI,core,19,8,11,True,SN_Ia
ZTF19abqqcyo,events/ZTF19abqqcyo.npz,SN Ia,SNI,core,10,4,6,True,SN_Ia
ZTF19aauguzk,events/ZTF19aauguzk.npz,SN Ia,SNI,core,16,6,10,True,SN_Ia
ZTF22aasoali,events/ZTF22aasoali.npz,SN IIn,SNII,core,67,35,32,True,SN_CC
ZTF24ablkvjn,events/ZTF24ablkvjn.npz,SN II,SNII,core,34,12,22,True,SN_CC
ZTF19abixauz,events/ZTF19abixauz.npz,SN Ia,SNI,core,12,5,7,True,SN_Ia
ZTF22abivqkc,events/ZTF22abivqkc.npz,SN II-pec,SNII,peculiar,38,22,16,True,SN_CC
ZTF24aabuisb,events/ZTF24aabuisb.npz,SN Ia,SNI,core,20,11,9,True,SN_Ia
ZTF25aaxnchn,events/ZTF25aaxnchn.npz,SN Ia,SNI,core,65,32,33,True,SN_Ia
ZTF18abuyrgo,events/ZTF18abuyrgo.npz,CV,CV,core,8,5,3,True,CV
ZTF19aanfrmq,events/ZTF19aanfrmq.npz,AGN,AGN,core,14,8,6,True,AGN
ZTF21aaahyjj,events/ZTF21aaahyjj.npz,SN Ia-91T,SNI,core,64,25,39,True,SN_Ia
ZTF19ablpwta,events/ZTF19ablpwta.npz,AGN,AGN,core,35,19,16,True,AGN
ZTF19aarmtgu,events/ZTF19aarmtgu.npz,SN Ia,SNI,core,38,18,20,True,SN_Ia
ZTF19aatheus,events/ZTF19aatheus.npz,SN Ic,SNI,core,34,18,16,True,SN_CC
ZTF21abrskvb,events/ZTF21abrskvb.npz,SN Ia,SNI,core,14,5,9,True,SN_Ia
ZTF20abyqdyg,events/ZTF20abyqdyg.npz,SN Ia,SNI,core,35,17,18,True,SN_Ia
ZTF21aaxgzln,events/ZTF21aaxgzln.npz,SN Ia,SNI,core,29,14,15,True,SN_Ia
ZTF20acnznms,events/ZTF20acnznms.npz,TDE,TDE,core,47,26,21,True,TDE
ZTF25aanlfdo,events/ZTF25aanlfdo.npz,SN Ia,SNI,core,18,8,10,True,SN_Ia
ZTF21aamnngb,events/ZTF21aamnngb.npz,SN Ia,SNI,core,10,4,6,True,SN_Ia
ZTF23aanbdib,events/ZTF23aanbdib.npz,SN Ia,SNI,core,41,17,24,True,SN_Ia
ZTF18acdwohd,events/ZTF18acdwohd.npz,SN Ia,SNI,core,11,6,5,True,SN_Ia
ZTF20accsfkt,events/ZTF20accsfkt.npz,SN Ia,SNI,core,43,20,23,True,SN_Ia
ZTF22abftrwv,events/ZTF22abftrwv.npz,SN Ia,SNI,core,76,30,46,True,SN_Ia
ZTF18abupiap,events/ZTF18abupiap.npz,SN Ia,SNI,core,13,7,6,True,SN_Ia
ZTF24aavsmbp,events/ZTF24aavsmbp.npz,SN Ia-pec,SNI,core,11,6,5,True,SN_Ia
ZTF25acglarj,events/ZTF25acglarj.npz,SN Ia,SNI,core,21,10,11,True,SN_Ia
ZTF22abhclyh,events/ZTF22abhclyh.npz,SN IIn,SNII,core,52,22,30,True,SN_CC
ZTF20aammbrw,events/ZTF20aammbrw.npz,SN Ia,SNI,core,21,9,12,True,SN_Ia
ZTF20acixidp,events/ZTF20acixidp.npz,SN Ia,SNI,core,31,13,18,True,SN_Ia
ZTF19abqkpoi,events/ZTF19abqkpoi.npz,SN Ia,SNI,core,12,9,3,True,SN_Ia
ZTF20aayvymx,events/ZTF20aayvymx.npz,SN Ia,SNI,core,32,15,17,True,SN_Ia
ZTF19acckggd,events/ZTF19acckggd.npz,SN Ia,SNI,core,25,12,13,True,SN_Ia
ZTF19aaurstb,events/ZTF19aaurstb.npz,SN Ia,SNI,core,28,11,17,True,SN_Ia
ZTF19aceifef,events/ZTF19aceifef.npz,CV,CV,core,13,7,6,True,CV
ZTF20acqlfwb,events/ZTF20acqlfwb.npz,SN Ia,SNI,core,30,10,20,True,SN_Ia
ZTF25abxjtsp,events/ZTF25abxjtsp.npz,SN Ia,SNI,core,52,26,26,True,SN_Ia
ZTF24abhbrcs,events/ZTF24abhbrcs.npz,SN II,SNII,core,67,33,31,True,SN_CC
ZTF22aagzcai,events/ZTF22aagzcai.npz,SN Ia,SNI,core,21,9,12,True,SN_Ia
ZTF21abwycli,events/ZTF21abwycli.npz,SN II,SNII,core,44,21,23,True,SN_CC
ZTF23aaedrzc,events/ZTF23aaedrzc.npz,SN Ia,SNI,core,16,8,8,True,SN_Ia
ZTF22abfvzqg,events/ZTF22abfvzqg.npz,SN Ia,SNI,core,21,10,11,True,SN_Ia
ZTF20abrempf,events/ZTF20abrempf.npz,SN Ia,SNI,core,9,4,5,True,SN_Ia
ZTF22aaafbjo,events/ZTF22aaafbjo.npz,SN Ia,SNI,core,8,4,4,True,SN_Ia
ZTF22aavbdfn,events/ZTF22aavbdfn.npz,SN Ia,SNI,core,26,14,12,True,SN_Ia
ZTF20aclvtnk,events/ZTF20aclvtnk.npz,SN II,SNII,core,35,16,19,True,SN_CC
ZTF25aauczue,events/ZTF25aauczue.npz,SN II,SNII,core,53,24,29,True,SN_CC
ZTF20acuzjqk,events/ZTF20acuzjqk.npz,SN Ia,SNI,core,26,9,17,True,SN_Ia
ZTF23abciuka,events/ZTF23abciuka.npz,SN Ia,SNI,core,51,25,26,True,SN_Ia
ZTF19abwnpus,events/ZTF19abwnpus.npz,SN Ia,SNI,core,23,11,12,True,SN_Ia
ZTF23aaavxzf,events/ZTF23aaavxzf.npz,SN Ia,SNI,core,10,5,5,True,SN_Ia
ZTF22aboaiim,events/ZTF22aboaiim.npz,SN Ia,SNI,core,24,11,13,True,SN_Ia
ZTF19aapcoqg,events/ZTF19aapcoqg.npz,SN Ia,SNI,core,13,8,5,True,SN_Ia
ZTF22abobhmn,events/ZTF22abobhmn.npz,SN Ia,SNI,core,23,9,14,True,SN_Ia
ZTF21abcgaln,events/ZTF21abcgaln.npz,SN Ic,SNI,core,51,28,23,True,SN_CC
ZTF25abikqrb,events/ZTF25abikqrb.npz,SN II,SNII,core,18,5,13,True,SN_CC
ZTF19abwsecm,events/ZTF19abwsecm.npz,SN Ia,SNI,core,24,11,13,True,SN_Ia
ZTF25aaamyjq,events/ZTF25aaamyjq.npz,SN Ia,SNI,core,18,8,10,True,SN_Ia
ZTF18abyjgcx,events/ZTF18abyjgcx.npz,AGN,AGN,core,16,10,6,True,AGN
ZTF22abxxyup,events/ZTF22abxxyup.npz,SN Ia,SNI,core,9,5,4,True,SN_Ia
ZTF21abcmtev,events/ZTF21abcmtev.npz,SN II,SNII,core,53,26,27,True,SN_CC
ZTF19achqzdy,events/ZTF19achqzdy.npz,SN Ia,SNI,core,14,5,9,True,SN_Ia
ZTF19abfibel,events/ZTF19abfibel.npz,SN Ia,SNI,core,42,18,24,True,SN_Ia
ZTF18ablhvfr,events/ZTF18ablhvfr.npz,SN Ia,SNI,core,22,10,12,True,SN_Ia
ZTF19aapemqu,events/ZTF19aapemqu.npz,SN Iax,SNI,peculiar,11,4,7,True,SN_Ia
ZTF20acvamwo,events/ZTF20acvamwo.npz,AGN,AGN,core,44,17,27,True,AGN
ZTF22aahiyfc,events/ZTF22aahiyfc.npz,SN Ia,SNI,core,20,6,14,True,SN_Ia
ZTF25aafwxov,events/ZTF25aafwxov.npz,SN Ia,SNI,core,37,19,18,True,SN_Ia
ZTF22aajspto,events/ZTF22aajspto.npz,SN Ia,SNI,core,22,9,13,True,SN_Ia
ZTF19aahjhoy,events/ZTF19aahjhoy.npz,SN Ia,SNI,core,8,5,3,True,SN_Ia
ZTF22abakwxh,events/ZTF22abakwxh.npz,SN Ia,SNI,core,17,9,8,True,SN_Ia
ZTF22abtkkxz,events/ZTF22abtkkxz.npz,SN Ia,SNI,core,51,6,45,True,SN_Ia
ZTF21abcrhbt,events/ZTF21abcrhbt.npz,SN Ia,SNI,core,26,12,14,True,SN_Ia
ZTF21ackcxql,events/ZTF21ackcxql.npz,SN Ia,SNI,core,17,8,9,True,SN_Ia
ZTF20abhrmxh,events/ZTF20abhrmxh.npz,SN Ia,SNI,core,70,27,43,True,SN_Ia
ZTF18abwdcdv,events/ZTF18abwdcdv.npz,SN Ia,SNI,core,10,5,5,True,SN_Ia
ZTF19aamhhey,events/ZTF19aamhhey.npz,SN Ia,SNI,core,37,17,20,True,SN_Ia
ZTF21ackwihz,events/ZTF21ackwihz.npz,SN Ia,SNI,core,10,6,4,True,SN_Ia
ZTF23aadwfed,events/ZTF23aadwfed.npz,SN Ia,SNI,core,46,19,27,True,SN_Ia
ZTF19aaerbzy,events/ZTF19aaerbzy.npz,SN IIn,SNII,core,9,4,5,True,SN_CC
ZTF25aavikep,events/ZTF25aavikep.npz,SN Ia,SNI,core,35,13,22,True,SN_Ia
ZTF20acpevli,events/ZTF20acpevli.npz,SN II,SNII,core,92,40,52,True,SN_CC
ZTF19aanrrqu,events/ZTF19aanrrqu.npz,SN II,SNII,core,39,16,23,True,SN_CC
ZTF20abywydb,events/ZTF20abywydb.npz,SN II,SNII,core,43,19,24,True,SN_CC
ZTF21aaeeuqz,events/ZTF21aaeeuqz.npz,CV,CV,core,21,11,10,True,CV
ZTF19aayjsty,events/ZTF19aayjsty.npz,SN Ia,SNI,core,14,6,8,True,SN_Ia
ZTF20acphcdv,events/ZTF20acphcdv.npz,SN Ia,SNI,core,47,22,25,True,SN_Ia
ZTF23abogwmg,events/ZTF23abogwmg.npz,SN Ia,SNI,core,32,17,15,True,SN_Ia
ZTF22abtprtn,events/ZTF22abtprtn.npz,SN Ia-pec,SNI,core,13,6,7,True,SN_Ia
ZTF24abbwztk,events/ZTF24abbwztk.npz,SN Ia,SNI,core,21,10,11,True,SN_Ia
ZTF23aaqmbar,events/ZTF23aaqmbar.npz,SN IIb,SNII,core,15,6,9,True,SN_CC
ZTF25aakgmne,events/ZTF25aakgmne.npz,SN Ia,SNI,core,19,9,10,True,SN_Ia
ZTF22abakeha,events/ZTF22abakeha.npz,SN Ia,SNI,core,10,6,4,True,SN_Ia
ZTF21aaahliy,events/ZTF21aaahliy.npz,SN Ia-91T,SNI,core,28,15,13,True,SN_Ia
ZTF20abyyfmw,events/ZTF20abyyfmw.npz,SN Ia,SNI,core,77,37,40,True,SN_Ia
ZTF19aawgopm,events/ZTF19aawgopm.npz,SN Ia,SNI,core,14,7,7,True,SN_Ia
ZTF24aaoyfpn,events/ZTF24aaoyfpn.npz,SN IIb,SNII,core,33,5,28,True,SN_CC
ZTF24aackkba,events/ZTF24aackkba.npz,SN Ia,SNI,core,13,9,4,True,SN_Ia
ZTF22aankzby,events/ZTF22aankzby.npz,SN Ia,SNI,core,22,5,16,True,SN_Ia
ZTF24abvbzbd,events/ZTF24abvbzbd.npz,SN II,SNII,core,30,16,14,True,SN_CC
ZTF21abtorlk,events/ZTF21abtorlk.npz,SN IIn,SNII,core,50,25,25,True,SN_CC
ZTF21aapzzgf,events/ZTF21aapzzgf.npz,SN Ia,SNI,core,17,12,5,True,SN_Ia
ZTF19adalouc,events/ZTF19adalouc.npz,SN Ia,SNI,core,8,4,4,True,SN_Ia
ZTF20aahidaa,events/ZTF20aahidaa.npz,SN Ia,SNI,core,11,5,6,True,SN_Ia
ZTF20abquppg,events/ZTF20abquppg.npz,SN Ia,SNI,core,57,28,29,True,SN_Ia
ZTF21acmnpqa,events/ZTF21acmnpqa.npz,SN Ia,SNI,core,9,4,5,True,SN_Ia
ZTF22aaymjam,events/ZTF22aaymjam.npz,SN Ia,SNI,core,26,12,14,True,SN_Ia
ZTF25acdjiob,events/ZTF25acdjiob.npz,SN Ia,SNI,core,33,15,18,True,SN_Ia
ZTF19acbmxxh,events/ZTF19acbmxxh.npz,SN Ia,SNI,core,12,7,5,True,SN_Ia
ZTF24abcqasv,events/ZTF24abcqasv.npz,SN Ib,SNI,core,14,2,10,True,SN_CC
ZTF25aagrfgg,events/ZTF25aagrfgg.npz,SN Ia,SNI,core,10,5,5,True,SN_Ia
ZTF18acmxkzj,events/ZTF18acmxkzj.npz,SN Ia,SNI,core,15,7,8,True,SN_Ia
ZTF20aalkcea,events/ZTF20aalkcea.npz,SN Ia,SNI,core,8,4,4,True,SN_Ia
ZTF19aavvvrc,events/ZTF19aavvvrc.npz,SN Ia,SNI,core,24,3,21,True,SN_Ia
ZTF22aavxkto,events/ZTF22aavxkto.npz,SN Ia,SNI,core,10,4,6,True,SN_Ia
ZTF19aaynskj,events/ZTF19aaynskj.npz,SN Ia,SNI,core,10,6,4,True,SN_Ia
ZTF18adbbhww,events/ZTF18adbbhww.npz,SN Ia,SNI,core,13,7,6,True,SN_Ia
ZTF21absbrag,events/ZTF21absbrag.npz,SN Ia,SNI,core,11,6,5,True,SN_Ia
ZTF18abckutn,events/ZTF18abckutn.npz,SN IIP,SNII,core,46,22,24,True,SN_CC
ZTF20abgfekk,events/ZTF20abgfekk.npz,SN Ia,SNI,core,36,16,20,True,SN_Ia
ZTF25aafeedj,events/ZTF25aafeedj.npz,SN Ia,SNI,core,18,9,9,True,SN_Ia
ZTF20actkulc,events/ZTF20actkulc.npz,SN IIn,SNII,core,46,22,24,True,SN_CC
ZTF23abbkvxe,events/ZTF23abbkvxe.npz,SN Ia,SNI,core,25,11,14,True,SN_Ia
ZTF18abfzfcv,events/ZTF18abfzfcv.npz,SN IIb,SNII,core,47,17,30,True,SN_CC
ZTF21acjotbf,events/ZTF21acjotbf.npz,SN Ia,SNI,core,19,10,9,True,SN_Ia
ZTF20abwftit,events/ZTF20abwftit.npz,SN IIP,SNII,core,58,24,34,True,SN_CC
ZTF19aaprzcr,events/ZTF19aaprzcr.npz,SN Ia-91T,SNI,core,12,6,6,True,SN_Ia
ZTF19acbpwwg,events/ZTF19acbpwwg.npz,SN Ia,SNI,core,25,11,14,True,SN_Ia
ZTF25acargjq,events/ZTF25acargjq.npz,SN II,SNII,core,55,26,29,True,SN_CC
ZTF21absbujl,events/ZTF21absbujl.npz,SN Ia,SNI,core,43,21,22,True,SN_Ia
ZTF24aazsigv,events/ZTF24aazsigv.npz,SN Ia,SNI,core,14,10,4,True,SN_Ia
ZTF22abubrek,events/ZTF22abubrek.npz,SN Ia-91T,SNI,core,19,9,10,True,SN_Ia
ZTF18acqsfxh,events/ZTF18acqsfxh.npz,SN Ia,SNI,core,29,9,20,True,SN_Ia
ZTF19abdmdow,events/ZTF19abdmdow.npz,SN Ia-91T,SNI,core,14,9,5,True,SN_Ia
ZTF20abjorou,events/ZTF20abjorou.npz,CV,CV,core,61,24,37,True,CV
ZTF22aadesap,events/ZTF22aadesap.npz,AGN,AGN,core,70,35,35,True,AGN
ZTF21abwcned,events/ZTF21abwcned.npz,SN Ia,SNI,core,24,9,15,True,SN_Ia
ZTF21acisqde,events/ZTF21acisqde.npz,SN Ia,SNI,core,38,20,18,True,SN_Ia
ZTF20aahidph,events/ZTF20aahidph.npz,SN Ia,SNI,core,10,4,6,True,SN_Ia
ZTF20abgwgqj,events/ZTF20abgwgqj.npz,SN Ia,SNI,core,37,16,21,True,SN_Ia
ZTF20abdxzlz,events/ZTF20abdxzlz.npz,CV,CV,core,15,7,8,True,CV
ZTF20abyfgri,events/ZTF20abyfgri.npz,SN Ia,SNI,core,21,8,13,True,SN_Ia
ZTF25absdyqi,events/ZTF25absdyqi.npz,SN Ia,SNI,core,57,30,27,True,SN_Ia
ZTF20aagvvnr,events/ZTF20aagvvnr.npz,SN Ia,SNI,core,18,7,11,True,SN_Ia
ZTF24aaknuqh,events/ZTF24aaknuqh.npz,SN Ia,SNI,core,12,7,4,True,SN_Ia
ZTF22aapmmtu,events/ZTF22aapmmtu.npz,SN Ia,SNI,core,35,13,22,True,SN_Ia
ZTF18adalarn,events/ZTF18adalarn.npz,SN Ia-pec,SNI,core,23,11,12,True,SN_Ia
ZTF20aaullwp,events/ZTF20aaullwp.npz,SN Ia,SNI,core,42,23,19,True,SN_Ia
ZTF24aahsupm,events/ZTF24aahsupm.npz,SN Ia,SNI,core,10,7,3,True,SN_Ia
ZTF20acqgklx,events/ZTF20acqgklx.npz,SN IIn,SNII,core,63,31,32,True,SN_CC
ZTF21aalcsng,events/ZTF21aalcsng.npz,SN Ia,SNI,core,24,9,15,True,SN_Ia
ZTF19aavjzwm,events/ZTF19aavjzwm.npz,SN IIP,SNII,core,48,22,26,True,SN_CC
ZTF19aahygro,events/ZTF19aahygro.npz,SN Ia,SNI,core,16,5,11,True,SN_Ia
ZTF22aaaedvr,events/ZTF22aaaedvr.npz,SN II,SNII,core,29,15,14,True,SN_CC
ZTF24aagolgy,events/ZTF24aagolgy.npz,SN Ia,SNI,core,29,13,16,True,SN_Ia
ZTF19abiahik,events/ZTF19abiahik.npz,SN Ia,SNI,core,25,10,15,True,SN_Ia
ZTF19abzrdup,events/ZTF19abzrdup.npz,SN II,SNII,core,33,17,16,True,SN_CC
ZTF23aagqyym,events/ZTF23aagqyym.npz,SN II,SNII,core,18,7,11,True,SN_CC
ZTF25aafofcs,events/ZTF25aafofcs.npz,TDE-He,TDE,peculiar,45,21,24,True,TDE
ZTF19aanuipr,events/ZTF19aanuipr.npz,SN Ia,SNI,core,15,6,9,True,SN_Ia
ZTF25aafihgk,events/ZTF25aafihgk.npz,SN II,SNII,core,38,15,23,True,SN_CC
ZTF24abdzyyc,events/ZTF24abdzyyc.npz,SN Ia,SNI,core,23,10,11,True,SN_Ia
ZTF20abxyaaf,events/ZTF20abxyaaf.npz,SN Ic,SNI,core,66,30,36,True,SN_CC
ZTF18abvrzqj,events/ZTF18abvrzqj.npz,SN Ia,SNI,core,10,6,4,True,SN_Ia
ZTF24aaosmwq,events/ZTF24aaosmwq.npz,SN Ia-91T,SNI,core,15,7,8,True,SN_Ia
ZTF23abpedpu,events/ZTF23abpedpu.npz,SN Ia,SNI,core,18,8,10,True,SN_Ia
ZTF22aarrbne,events/ZTF22aarrbne.npz,SN Ia,SNI,core,37,12,25,True,SN_Ia
ZTF20acjzzyr,events/ZTF20acjzzyr.npz,SN Ia,SNI,core,19,9,10,True,SN_Ia
ZTF21aagmryd,events/ZTF21aagmryd.npz,SN Ia,SNI,core,59,26,33,True,SN_Ia
ZTF20achncxi,events/ZTF20achncxi.npz,SN Ia,SNI,core,25,11,14,True,SN_Ia
ZTF23aanxepa,events/ZTF23aanxepa.npz,SN Ia,SNI,core,38,16,22,True,SN_Ia
ZTF21aapjmgf,events/ZTF21aapjmgf.npz,SN II,SNII,core,54,23,31,True,SN_CC
ZTF19acgjnfz,events/ZTF19acgjnfz.npz,SN Ia,SNI,core,58,23,35,True,SN_Ia
ZTF23aadvxih,events/ZTF23aadvxih.npz,SN Ia,SNI,core,10,5,5,True,SN_Ia
ZTF22aaafjir,events/ZTF22aaafjir.npz,SN II,SNII,core,48,20,28,True,SN_CC
ZTF25acfjqjb,events/ZTF25acfjqjb.npz,SN Ia,SNI,core,35,15,20,True,SN_Ia
ZTF24aajvldc,events/ZTF24aajvldc.npz,SN Ia,SNI,core,14,7,7,True,SN_Ia
ZTF19aamsetj,events/ZTF19aamsetj.npz,SN Ic,SNI,core,26,11,15,True,SN_CC
ZTF25abwwabv,events/ZTF25abwwabv.npz,SN II,SNII,core,41,23,18,True,SN_CC
ZTF24aajibzs,events/ZTF24aajibzs.npz,SN Ia,SNI,core,35,14,21,True,SN_Ia
ZTF20acezpem,events/ZTF20acezpem.npz,SN Ia,SNI,core,44,17,27,True,SN_Ia
ZTF25aankqhe,events/ZTF25aankqhe.npz,SN Ia,SNI,core,31,18,13,True,SN_Ia
ZTF20acggzxc,events/ZTF20acggzxc.npz,SN Ia,SNI,core,20,7,13,True,SN_Ia
ZTF24aaygegk,events/ZTF24aaygegk.npz,SN Ia,SNI,core,47,19,25,True,SN_Ia
ZTF21aatlesr,events/ZTF21aatlesr.npz,SN Ia,SNI,core,80,39,41,True,SN_Ia
ZTF25abcznka,events/ZTF25abcznka.npz,SN IIn,SNII,core,76,37,39,True,SN_CC
ZTF25achktzx,events/ZTF25achktzx.npz,SN Ib/c,SNI,core,9,2,7,True,SN_CC
ZTF20accmtgu,events/ZTF20accmtgu.npz,SN IIP,SNII,core,31,12,19,True,SN_CC
ZTF22aaspkif,events/ZTF22aaspkif.npz,SN II,SNII,core,44,22,22,True,SN_CC
ZTF18aaoecso,events/ZTF18aaoecso.npz,AGN,AGN,core,35,23,12,True,AGN
ZTF23aaritkm,events/ZTF23aaritkm.npz,SN Ia,SNI,core,48,23,25,True,SN_Ia
ZTF19adcecwu,events/ZTF19adcecwu.npz,SN Ia,SNI,core,117,60,57,True,SN_Ia
ZTF21abaiono,events/ZTF21abaiono.npz,SLSN-I,NOVEL,novel,14,7,7,True,SLSN
ZTF19abhibzk,events/ZTF19abhibzk.npz,SN Ia-91bg,SNI,core,19,8,11,True,SN_Ia
ZTF20abxyggc,events/ZTF20abxyggc.npz,SN Ia,SNI,core,57,27,30,True,SN_Ia
ZTF21aanrvcq,events/ZTF21aanrvcq.npz,SN Ia-91T,SNI,core,35,12,23,True,SN_Ia
ZTF18aaqkcso,events/ZTF18aaqkcso.npz,SN Ia,SNI,core,42,19,23,True,SN_Ia
ZTF21aaufwyh,events/ZTF21aaufwyh.npz,SN Ib,SNI,core,29,13,16,True,SN_CC
ZTF23aadvtxf,events/ZTF23aadvtxf.npz,SN Ia,SNI,core,21,10,11,True,SN_Ia
ZTF19acrwyyb,events/ZTF19acrwyyb.npz,SN Ibn,SNI,peculiar,9,5,4,True,SN_CC
ZTF21abuguyw,events/ZTF21abuguyw.npz,SN II,SNII,core,12,5,7,True,SN_CC
ZTF19aajwhse,events/ZTF19aajwhse.npz,SN Ia,SNI,core,21,11,10,True,SN_Ia
ZTF25aadngyo,events/ZTF25aadngyo.npz,SN Ia,SNI,core,10,5,5,True,SN_Ia
ZTF22abfyrxh,events/ZTF22abfyrxh.npz,SN Ia,SNI,core,26,13,13,True,SN_Ia
ZTF21abulrsl,events/ZTF21abulrsl.npz,SN Ia-91bg,SNI,core,16,9,7,True,SN_Ia
ZTF22abtondh,events/ZTF22abtondh.npz,CV,CV,core,12,5,7,True,CV
ZTF18acdvvgx,events/ZTF18acdvvgx.npz,SN II,SNII,core,41,14,27,True,SN_CC
ZTF23aarktow,events/ZTF23aarktow.npz,SN II,SNII,core,31,7,24,True,SN_CC
ZTF19abimkwn,events/ZTF19abimkwn.npz,SN Ia,SNI,core,51,23,28,True,SN_Ia
ZTF21aaphjyn,events/ZTF21aaphjyn.npz,CV,CV,core,17,8,9,True,CV
ZTF22aaaehzu,events/ZTF22aaaehzu.npz,SN II,SNII,core,39,19,20,True,SN_CC
ZTF20abtnpwt,events/ZTF20abtnpwt.npz,SN Ia,SNI,core,43,20,23,True,SN_Ia
ZTF21abdosld,events/ZTF21abdosld.npz,SN Ia,SNI,core,47,19,28,True,SN_Ia
ZTF23aabmevr,events/ZTF23aabmevr.npz,SN Ia,SNI,core,13,7,6,True,SN_Ia
ZTF20aamdhut,events/ZTF20aamdhut.npz,SN Ia,SNI,core,15,8,7,True,SN_Ia
ZTF22aahhocd,events/ZTF22aahhocd.npz,SN Ia,SNI,core,29,12,17,True,SN_Ia
ZTF22aamzzjw,events/ZTF22aamzzjw.npz,SN Ia,SNI,core,79,36,43,True,SN_Ia
ZTF20aadcaop,events/ZTF20aadcaop.npz,SN Ia,SNI,core,14,7,7,True,SN_Ia
ZTF18aasufva,events/ZTF18aasufva.npz,SLSN-II,SNII,peculiar,17,6,11,True,SLSN
ZTF21aasafkl,events/ZTF21aasafkl.npz,SN Ia,SNI,core,73,36,37,True,SN_Ia
ZTF19abhiayh,events/ZTF19abhiayh.npz,SN Ia,SNI,core,16,6,10,True,SN_Ia
ZTF20aalbjqh,events/ZTF20aalbjqh.npz,SN Ia,SNI,core,12,6,6,True,SN_Ia
ZTF21aaxstzy,events/ZTF21aaxstzy.npz,SN Ia,SNI,core,81,35,46,True,SN_Ia
ZTF21abilrxd,events/ZTF21abilrxd.npz,SN Ia,SNI,core,43,23,20,True,SN_Ia
ZTF18adjoimi,events/ZTF18adjoimi.npz,AGN,AGN,core,11,6,5,True,AGN
ZTF21aaxlbad,events/ZTF21aaxlbad.npz,SN Ia,SNI,core,71,33,38,True,SN_Ia
ZTF22aaweukv,events/ZTF22aaweukv.npz,SN Ia,SNI,core,23,11,12,True,SN_Ia
ZTF21abcrhpk,events/ZTF21abcrhpk.npz,SN Ia,SNI,core,44,20,24,True,SN_Ia
ZTF22aaafomy,events/ZTF22aaafomy.npz,SN Ia,SNI,core,14,5,9,True,SN_Ia
ZTF20abhjghg,events/ZTF20abhjghg.npz,SN Ia,SNI,core,60,25,35,True,SN_Ia
ZTF24aafqxyz,events/ZTF24aafqxyz.npz,SN Ia,SNI,core,10,4,6,True,SN_Ia
ZTF19abkrlew,events/ZTF19abkrlew.npz,SN Ia,SNI,core,29,13,16,True,SN_Ia
ZTF22aaaoqer,events/ZTF22aaaoqer.npz,SN Ia,SNI,core,9,2,7,True,SN_Ia
ZTF22aamxszf,events/ZTF22aamxszf.npz,SN Ia,SNI,core,30,15,15,True,SN_Ia
ZTF19aavnwxf,events/ZTF19aavnwxf.npz,SN Ia,SNI,core,41,21,20,True,SN_Ia
ZTF21aaahzpr,events/ZTF21aaahzpr.npz,SN Ia,SNI,core,20,6,14,True,SN_Ia
ZTF24abdkfqu,events/ZTF24abdkfqu.npz,SN Ia,SNI,core,23,10,12,True,SN_Ia
ZTF20aacdfyv,events/ZTF20aacdfyv.npz,SN Ic,SNI,core,26,14,12,True,SN_CC
ZTF20abgbxvb,events/ZTF20abgbxvb.npz,SN Ib,SNI,core,91,26,65,True,SN_CC
ZTF22aantrtp,events/ZTF22aantrtp.npz,SN Ia,SNI,core,35,17,18,True,SN_Ia
ZTF21abbxnbm,events/ZTF21abbxnbm.npz,CV,CV,core,13,6,7,True,CV
ZTF19acbjlnt,events/ZTF19acbjlnt.npz,SN Ia-91T,SNI,core,20,9,11,True,SN_Ia
ZTF18aannern,events/ZTF18aannern.npz,SN Ia,SNI,core,22,12,10,True,SN_Ia
ZTF24abuonfe,events/ZTF24abuonfe.npz,SN Ia,SNI,core,22,13,9,True,SN_Ia
ZTF21abgyxmv,events/ZTF21abgyxmv.npz,SN II,SNII,core,35,14,21,True,SN_CC
ZTF22aajjlin,events/ZTF22aajjlin.npz,SN Ia,SNI,core,30,13,17,True,SN_Ia
ZTF24aasnamf,events/ZTF24aasnamf.npz,SN Ia,SNI,core,40,31,9,True,SN_Ia
ZTF23aaaplbq,events/ZTF23aaaplbq.npz,SN Ia,SNI,core,11,4,7,True,SN_Ia
ZTF24aavbrtq,events/ZTF24aavbrtq.npz,SN Ia,SNI,core,23,12,11,True,SN_Ia
ZTF19aclofmz,events/ZTF19aclofmz.npz,SN Ia,SNI,core,85,36,49,True,SN_Ia
ZTF20aasiwcu,events/ZTF20aasiwcu.npz,SN Ia,SNI,core,35,16,19,True,SN_Ia
ZTF18abolvoh,events/ZTF18abolvoh.npz,SN Ia,SNI,core,22,13,9,True,SN_Ia
ZTF22aakhqrd,events/ZTF22aakhqrd.npz,CV,CV,core,18,8,10,True,CV
ZTF20acpmgdz,events/ZTF20acpmgdz.npz,SN Ia,SNI,core,61,32,29,True,SN_Ia
ZTF23aazrtdy,events/ZTF23aazrtdy.npz,SN Ia,SNI,core,64,31,33,True,SN_Ia
ZTF18aadsuxd,events/ZTF18aadsuxd.npz,SN II,SNII,core,62,26,36,True,SN_CC
ZTF25acgyzdb,events/ZTF25acgyzdb.npz,SN Ia,SNI,core,16,8,8,True,SN_Ia
ZTF20acgokbj,events/ZTF20acgokbj.npz,SN Ia,SNI,core,47,21,26,True,SN_Ia
ZTF21aazsylk,events/ZTF21aazsylk.npz,SN Ia,SNI,core,50,20,30,True,SN_Ia
ZTF20abgbfyk,events/ZTF20abgbfyk.npz,SN Ia,SNI,core,17,8,9,True,SN_Ia
ZTF22aalmrqp,events/ZTF22aalmrqp.npz,SN Ia,SNI,core,15,8,7,True,SN_Ia
ZTF23aapbrrq,events/ZTF23aapbrrq.npz,SN Ib,SNI,core,35,22,13,True,SN_CC
ZTF23absbzfi,events/ZTF23absbzfi.npz,SN Ia,SNI,core,19,12,7,True,SN_Ia
ZTF19aanuhox,events/ZTF19aanuhox.npz,SN Ia,SNI,core,32,10,22,True,SN_Ia
ZTF22aaowhti,events/ZTF22aaowhti.npz,SN Ia,SNI,core,20,7,13,True,SN_Ia
ZTF20abeolsw,events/ZTF20abeolsw.npz,SN Ia,SNI,core,35,15,20,True,SN_Ia
ZTF20abeffoq,events/ZTF20abeffoq.npz,CV,CV,core,9,6,3,True,CV
ZTF22abntdem,events/ZTF22abntdem.npz,SN Ia,SNI,core,20,9,11,True,SN_Ia
ZTF20abkgypx,events/ZTF20abkgypx.npz,SN Ia,SNI,core,26,12,14,True,SN_Ia
ZTF23aamtyjs,events/ZTF23aamtyjs.npz,SN Ia,SNI,core,20,10,10,True,SN_Ia
ZTF19abhdqlq,events/ZTF19abhdqlq.npz,SN Ia,SNI,core,10,4,6,True,SN_Ia
ZTF25abtahaz,events/ZTF25abtahaz.npz,SN Ia,SNI,core,27,14,13,True,SN_Ia
ZTF22absqhkw,events/ZTF22absqhkw.npz,SN II,SNII,core,31,15,16,True,SN_CC
ZTF20abxlham,events/ZTF20abxlham.npz,SN Ia,SNI,core,8,4,4,True,SN_Ia
ZTF20aasmdec,events/ZTF20aasmdec.npz,SN Ia,SNI,core,11,6,5,True,SN_Ia
ZTF22aaafgdl,events/ZTF22aaafgdl.npz,SN Ia,SNI,core,23,9,14,True,SN_Ia
ZTF20abmzfql,events/ZTF20abmzfql.npz,SN Ia,SNI,core,80,37,43,True,SN_Ia
ZTF20aafdglk,events/ZTF20aafdglk.npz,SN Ia,SNI,core,21,12,9,True,SN_Ia
ZTF21aaqzqaa,events/ZTF21aaqzqaa.npz,SN Ia,SNI,core,48,18,30,True,SN_Ia
ZTF23aajsjon,events/ZTF23aajsjon.npz,SN II,SNII,core,30,10,20,True,SN_CC
ZTF19aadyiao,events/ZTF19aadyiao.npz,SN IIb,SNII,core,17,7,10,True,SN_CC
ZTF24abkegqp,events/ZTF24abkegqp.npz,SN Ia,SNI,core,27,11,16,True,SN_Ia
ZTF19abahjuv,events/ZTF19abahjuv.npz,CV,CV,core,9,4,5,True,CV
ZTF24aaotmdk,events/ZTF24aaotmdk.npz,SN Ia,SNI,core,47,22,25,True,SN_Ia
ZTF23abhvsbo,events/ZTF23abhvsbo.npz,SN Ia,SNI,core,16,8,8,True,SN_Ia
ZTF18aazvajy,events/ZTF18aazvajy.npz,CV,CV,core,98,51,47,True,CV
ZTF23aaaytvp,events/ZTF23aaaytvp.npz,SN II,SNII,core,20,4,16,True,SN_CC
ZTF20aattqye,events/ZTF20aattqye.npz,SN Ia,SNI,core,18,3,15,True,SN_Ia
ZTF25aayxsry,events/ZTF25aayxsry.npz,SN Ia,SNI,core,113,67,46,True,SN_Ia
ZTF18aaiykoz,events/ZTF18aaiykoz.npz,SN Ia,SNI,core,136,66,70,True,SN_Ia
ZTF21abuyyxi,events/ZTF21abuyyxi.npz,SN Ia,SNI,core,25,9,16,True,SN_Ia
ZTF19aaywazj,events/ZTF19aaywazj.npz,SN Ia,SNI,core,41,21,20,True,SN_Ia
ZTF23aboywdj,events/ZTF23aboywdj.npz,SN II,SNII,core,22,9,13,True,SN_CC
ZTF19achtewn,events/ZTF19achtewn.npz,SN Ia,SNI,core,17,8,9,True,SN_Ia
ZTF17aadlxmv,events/ZTF17aadlxmv.npz,SN Ia,SNI,core,27,9,18,True,SN_Ia
ZTF20abywpkl,events/ZTF20abywpkl.npz,SN Ia,SNI,core,45,18,27,True,SN_Ia
ZTF21acjotip,events/ZTF21acjotip.npz,SN Ia,SNI,core,18,8,10,True,SN_Ia
ZTF20abefaya,events/ZTF20abefaya.npz,SN Ia,SNI,core,19,10,9,True,SN_Ia
ZTF24aamtpla,events/ZTF24aamtpla.npz,SN Ia,SNI,core,44,19,25,True,SN_Ia
ZTF25abqsbxy,events/ZTF25abqsbxy.npz,SN Ic,SNI,core,46,14,22,True,SN_CC
ZTF18acrcogn,events/ZTF18acrcogn.npz,SN II,SNII,core,22,8,14,True,SN_CC
ZTF24aabqfbn,events/ZTF24aabqfbn.npz,SN II,SNII,core,27,12,15,True,SN_CC
ZTF24aawshuy,events/ZTF24aawshuy.npz,SN Ia,SNI,core,45,17,28,True,SN_Ia
ZTF19abpbopt,events/ZTF19abpbopt.npz,SLSN-I,NOVEL,novel,83,45,38,True,SLSN
ZTF20aajbsxt,events/ZTF20aajbsxt.npz,SN Ia,SNI,core,123,59,64,True,SN_Ia
ZTF18abhhxcp,events/ZTF18abhhxcp.npz,SN Ia,SNI,core,17,7,10,True,SN_Ia
ZTF20acxpvhu,events/ZTF20acxpvhu.npz,SN Ia,SNI,core,28,14,14,True,SN_Ia
ZTF21acigjrl,events/ZTF21acigjrl.npz,SN Ia,SNI,core,13,8,5,True,SN_Ia
ZTF21abmqpja,events/ZTF21abmqpja.npz,SN Ia,SNI,core,21,11,10,True,SN_Ia
ZTF25abieqtz,events/ZTF25abieqtz.npz,SN Ia,SNI,core,58,28,30,True,SN_Ia
ZTF18acbwppb,events/ZTF18acbwppb.npz,SN Ia,SNI,core,8,3,5,True,SN_Ia
ZTF21abhtlrj,events/ZTF21abhtlrj.npz,SN Ia,SNI,core,64,31,33,True,SN_Ia
ZTF20acjjkhr,events/ZTF20acjjkhr.npz,SN Ia,SNI,core,16,8,8,True,SN_Ia
ZTF19aavybbf,events/ZTF19aavybbf.npz,CV,CV,core,8,4,4,True,CV
ZTF19abcyqqg,events/ZTF19abcyqqg.npz,SN Ib,SNI,core,14,4,10,True,SN_CC
ZTF20aamamnp,events/ZTF20aamamnp.npz,SN II,SNII,core,21,15,6,True,SN_CC
ZTF20acoyvdg,events/ZTF20acoyvdg.npz,SN Ia,SNI,core,22,9,13,True,SN_Ia
ZTF21acdoydr,events/ZTF21acdoydr.npz,SN Ia,SNI,core,27,14,13,True,SN_Ia
ZTF22abymzuk,events/ZTF22abymzuk.npz,SN Ia,SNI,core,8,4,4,True,SN_Ia
ZTF18aawfqax,events/ZTF18aawfqax.npz,SN Ia,SNI,core,45,24,19,True,SN_Ia
ZTF21abhzicj,events/ZTF21abhzicj.npz,SN Ia,SNI,core,45,23,22,True,SN_Ia
ZTF25abceqol,events/ZTF25abceqol.npz,SN Ia,SNI,core,66,31,35,True,SN_Ia
ZTF24aaekazg,events/ZTF24aaekazg.npz,SN II,SNII,core,34,13,21,True,SN_CC
ZTF22abxkfjy,events/ZTF22abxkfjy.npz,SN Ia,SNI,core,14,7,7,True,SN_Ia
ZTF25abbpvih,events/ZTF25abbpvih.npz,SN II,SNII,core,42,4,38,True,SN_CC
ZTF23aahfzhm,events/ZTF23aahfzhm.npz,SN Ia,SNI,core,32,28,4,True,SN_Ia
ZTF22abuafhn,events/ZTF22abuafhn.npz,SN Ia,SNI,core,13,4,9,True,SN_Ia
ZTF22abqiyik,events/ZTF22abqiyik.npz,SN Ia,SNI,core,28,12,16,True,SN_Ia
ZTF21aacufip,events/ZTF21aacufip.npz,SN Ic,SNI,core,29,18,11,True,SN_CC
ZTF18aanjzkp,events/ZTF18aanjzkp.npz,SN Ib,SNI,core,8,4,4,True,SN_CC
ZTF23absjheu,events/ZTF23absjheu.npz,SN IIP,SNII,core,11,7,4,True,SN_CC
ZTF24aasbtjr,events/ZTF24aasbtjr.npz,SN II,SNII,core,60,10,50,True,SN_CC
ZTF19abxvksn,events/ZTF19abxvksn.npz,CV,CV,core,28,10,18,True,CV
ZTF18aaqgbju,events/ZTF18aaqgbju.npz,SN Ia,SNI,core,18,8,10,True,SN_Ia
ZTF19acwrrvg,events/ZTF19acwrrvg.npz,SN II,SNII,core,67,32,35,True,SN_CC
ZTF19abkfxfb,events/ZTF19abkfxfb.npz,SN II,SNII,core,32,16,16,True,SN_CC
ZTF19abyreuq,events/ZTF19abyreuq.npz,SN Ia,SNI,core,19,10,9,True,SN_Ia
ZTF25aajlrlk,events/ZTF25aajlrlk.npz,SN Ia,SNI,core,16,10,6,True,SN_Ia
ZTF20acufmrl,events/ZTF20acufmrl.npz,CV,CV,core,11,6,5,True,CV
ZTF25aaapgir,events/ZTF25aaapgir.npz,SN Ia,SNI,core,14,5,9,True,SN_Ia
ZTF23aazqmwp,events/ZTF23aazqmwp.npz,SN II,SNII,core,61,29,32,True,SN_CC
ZTF25abtzltn,events/ZTF25abtzltn.npz,SN Ia-91T,SNI,core,34,20,14,True,SN_Ia
ZTF19abandzh,events/ZTF19abandzh.npz,SN IIn,SNII,core,26,15,11,True,SN_CC
ZTF18aahfbqp,events/ZTF18aahfbqp.npz,SN Ia,SNI,core,22,10,12,True,SN_Ia
ZTF23absbkhe,events/ZTF23absbkhe.npz,SN Ia,SNI,core,9,4,5,True,SN_Ia
ZTF19abgrcxs,events/ZTF19abgrcxs.npz,SN Ia,SNI,core,41,15,26,True,SN_Ia
ZTF25abyzhlr,events/ZTF25abyzhlr.npz,SN Ia,SNI,core,16,8,8,True,SN_Ia
ZTF23aaczpey,events/ZTF23aaczpey.npz,SN Ia,SNI,core,13,6,7,True,SN_Ia
ZTF20achmgee,events/ZTF20achmgee.npz,SN Ia,SNI,core,34,16,18,True,SN_Ia
ZTF20acowpur,events/ZTF20acowpur.npz,SN Ia,SNI,core,26,11,15,True,SN_Ia
ZTF19abulzhy,events/ZTF19abulzhy.npz,SN IIn,SNII,core,76,37,39,True,SN_CC
ZTF20aansmsj,events/ZTF20aansmsj.npz,SN Ia,SNI,core,10,6,4,True,SN_Ia
ZTF20aavnnzx,events/ZTF20aavnnzx.npz,SN Ia,SNI,core,84,43,41,True,SN_Ia
ZTF23aabkxss,events/ZTF23aabkxss.npz,AGN,AGN,core,35,17,18,True,AGN
ZTF18aaqlblz,events/ZTF18aaqlblz.npz,AGN,AGN,core,9,5,4,True,AGN
ZTF22abikqri,events/ZTF22abikqri.npz,SN Ia,SNI,core,12,9,3,True,SN_Ia
ZTF20aazdxlx,events/ZTF20aazdxlx.npz,SN Ia,SNI,core,14,4,10,True,SN_Ia
ZTF23aakanao,events/ZTF23aakanao.npz,SN IIb,SNII,core,9,5,4,True,SN_CC
ZTF24abcjovt,events/ZTF24abcjovt.npz,SN Ia,SNI,core,46,18,28,True,SN_Ia
ZTF21acpkzcc,events/ZTF21acpkzcc.npz,SN IIn-pec,SNII,peculiar,11,6,5,True,SN_CC
ZTF24aaqzpcv,events/ZTF24aaqzpcv.npz,SN Ia,SNI,core,18,9,9,True,SN_Ia
ZTF18aansqov,events/ZTF18aansqov.npz,SN Ia,SNI,core,21,11,10,True,SN_Ia
ZTF21abvbhul,events/ZTF21abvbhul.npz,SN Ia,SNI,core,24,9,15,True,SN_Ia
ZTF18abufgdj,events/ZTF18abufgdj.npz,AGN,AGN,core,9,7,2,True,AGN
ZTF25aahtbjr,events/ZTF25aahtbjr.npz,SN Ia,SNI,core,52,23,29,True,SN_Ia
ZTF23abexebx,events/ZTF23abexebx.npz,SN Ia,SNI,core,38,15,23,True,SN_Ia
ZTF20abgbxfm,events/ZTF20abgbxfm.npz,SN Ia,SNI,core,67,29,38,True,SN_Ia
ZTF20aavcvrm,events/ZTF20aavcvrm.npz,SN Ic-BL,SNI,core,52,20,32,True,SN_CC
ZTF21abtzlnh,events/ZTF21abtzlnh.npz,SN II,SNII,core,34,14,20,True,SN_CC
ZTF19abhcefa,events/ZTF19abhcefa.npz,SN Ibn,SNI,peculiar,10,4,6,True,SN_CC
ZTF24abqexho,events/ZTF24abqexho.npz,SN Ia,SNI,core,8,5,3,True,SN_Ia
ZTF23aaelbgl,events/ZTF23aaelbgl.npz,SN Ia,SNI,core,16,7,9,True,SN_Ia
ZTF25absfiyt,events/ZTF25absfiyt.npz,SN Ia,SNI,core,35,17,18,True,SN_Ia
ZTF23abnevza,events/ZTF23abnevza.npz,SN II,SNII,core,11,9,2,True,SN_CC
ZTF19aauishy,events/ZTF19aauishy.npz,SN II,SNII,core,39,18,21,True,SN_CC
ZTF22abjpcjy,events/ZTF22abjpcjy.npz,SN Ia,SNI,core,65,26,39,True,SN_Ia
ZTF23aailjjs,events/ZTF23aailjjs.npz,SN II,SNII,core,52,22,30,True,SN_CC
ZTF23abijmzk,events/ZTF23abijmzk.npz,SN Ia,SNI,core,30,12,18,True,SN_Ia
ZTF22abfyzir,events/ZTF22abfyzir.npz,SN Ia,SNI,core,82,38,44,True,SN_Ia
ZTF22aavzfwp,events/ZTF22aavzfwp.npz,SN Ia,SNI,core,26,10,16,True,SN_Ia
ZTF18acwwkyl,events/ZTF18acwwkyl.npz,AGN,AGN,core,19,10,9,True,AGN
ZTF20acwpfvq,events/ZTF20acwpfvq.npz,SN Ia,SNI,core,24,9,15,True,SN_Ia
ZTF24aanbjel,events/ZTF24aanbjel.npz,SN II,SNII,core,151,110,41,True,SN_CC
ZTF23aaynddf,events/ZTF23aaynddf.npz,SN Ia-91T,SNI,core,72,27,45,True,SN_Ia
ZTF21aavutkm,events/ZTF21aavutkm.npz,SN Ia,SNI,core,34,24,10,True,SN_Ia
ZTF20acpguww,events/ZTF20acpguww.npz,AGN,AGN,core,21,12,9,True,AGN
ZTF21aapduck,events/ZTF21aapduck.npz,SN Ia,SNI,core,27,13,14,True,SN_Ia
ZTF20aattrld,events/ZTF20aattrld.npz,SN Ia,SNI,core,59,23,36,True,SN_Ia
ZTF25acgorke,events/ZTF25acgorke.npz,SN IIn,SNII,core,27,13,14,True,SN_CC
ZTF24aaidlza,events/ZTF24aaidlza.npz,SN Ia,SNI,core,22,11,9,True,SN_Ia
ZTF24aaaimkm,events/ZTF24aaaimkm.npz,SLSN-I,NOVEL,novel,15,7,8,True,SLSN
ZTF20abowpvf,events/ZTF20abowpvf.npz,SN Ia,SNI,core,36,18,18,True,SN_Ia
ZTF18aaqkjuw,events/ZTF18aaqkjuw.npz,SN Ia,SNI,core,24,10,14,True,SN_Ia
ZTF20actnzzk,events/ZTF20actnzzk.npz,SN II,SNII,core,43,17,26,True,SN_CC
ZTF20abqnctf,events/ZTF20abqnctf.npz,SN Ia,SNI,core,12,2,10,True,SN_Ia
ZTF21abtxglm,events/ZTF21abtxglm.npz,SN Ia,SNI,core,22,10,12,True,SN_Ia
ZTF25aazqbmd,events/ZTF25aazqbmd.npz,SN Ia,SNI,core,50,18,20,True,SN_Ia
ZTF25aanmrqp,events/ZTF25aanmrqp.npz,SN Ia,SNI,core,13,6,7,True,SN_Ia
ZTF24abhvotc,events/ZTF24abhvotc.npz,SN Ia,SNI,core,54,20,31,True,SN_Ia
ZTF22abaegxq,events/ZTF22abaegxq.npz,SN II,SNII,core,120,52,68,True,SN_CC
ZTF21ablqsnv,events/ZTF21ablqsnv.npz,SN Ia,SNI,core,26,15,11,True,SN_Ia
ZTF19aamggmk,events/ZTF19aamggmk.npz,SN II,SNII,core,14,4,10,True,SN_CC
ZTF21acdvkcj,events/ZTF21acdvkcj.npz,SN Ia,SNI,core,25,12,13,True,SN_Ia
ZTF22aasxgjp,events/ZTF22aasxgjp.npz,SN Ic-pec,SNI,core,30,13,17,True,SN_CC
ZTF25aavikwq,events/ZTF25aavikwq.npz,SN Ia,SNI,core,64,19,34,True,SN_Ia
ZTF20aamdqiz,events/ZTF20aamdqiz.npz,SN Ia,SNI,core,26,14,12,True,SN_Ia
ZTF23aadxxrd,events/ZTF23aadxxrd.npz,SN Ia,SNI,core,13,5,8,True,SN_Ia
ZTF19abqjypm,events/ZTF19abqjypm.npz,SN Ia,SNI,core,11,6,5,True,SN_Ia
ZTF20abeyvwv,events/ZTF20abeyvwv.npz,SN Ia,SNI,core,13,8,5,True,SN_Ia
ZTF24ablmayf,events/ZTF24ablmayf.npz,SN Ib,SNI,core,14,4,10,True,SN_CC
ZTF25aabowed,events/ZTF25aabowed.npz,SN Ia,SNI,core,9,6,3,True,SN_Ia
ZTF23aaesmsf,events/ZTF23aaesmsf.npz,SN IIb,SNII,core,46,27,19,True,SN_CC
ZTF20accdijx,events/ZTF20accdijx.npz,SN II,SNII,core,58,27,31,True,SN_CC
ZTF19acykqyr,events/ZTF19acykqyr.npz,SN Ia,SNI,core,22,10,12,True,SN_Ia
ZTF19adalarj,events/ZTF19adalarj.npz,SN IIn,SNII,core,8,3,5,True,SN_CC
ZTF20abkiarz,events/ZTF20abkiarz.npz,SN Ic,SNI,core,11,4,7,True,SN_CC
ZTF22aaoolua,events/ZTF22aaoolua.npz,SN Ic,SNI,core,24,6,18,True,SN_CC
ZTF18abrzeym,events/ZTF18abrzeym.npz,SN Ia,SNI,core,23,9,14,True,SN_Ia
ZTF20acpcuwx,events/ZTF20acpcuwx.npz,SN Ia,SNI,core,30,12,18,True,SN_Ia
ZTF24aahsuoj,events/ZTF24aahsuoj.npz,SN Ia,SNI,core,26,10,14,True,SN_Ia
ZTF19acbpqvc,events/ZTF19acbpqvc.npz,SN Ia,SNI,core,28,15,13,True,SN_Ia
ZTF24aamvzfc,events/ZTF24aamvzfc.npz,SN Ia,SNI,core,29,23,6,True,SN_Ia
ZTF21aaobkmg,events/ZTF21aaobkmg.npz,SN II,SNII,core,44,15,29,True,SN_CC
ZTF22abwtqeb,events/ZTF22abwtqeb.npz,SN Ic,SNI,core,14,6,8,True,SN_CC
ZTF20abcqkts,events/ZTF20abcqkts.npz,SN Ia,SNI,core,8,6,2,True,SN_Ia
ZTF23aaznifc,events/ZTF23aaznifc.npz,SN Ia,SNI,core,24,10,14,True,SN_Ia
ZTF21aadkhte,events/ZTF21aadkhte.npz,SN II,SNII,core,59,30,29,True,SN_CC
ZTF19acuyvtl,events/ZTF19acuyvtl.npz,SN Ia,SNI,core,24,8,16,True,SN_Ia
ZTF23aamhlcu,events/ZTF23aamhlcu.npz,SN Ia,SNI,core,41,24,17,True,SN_Ia
ZTF25abhngxo,events/ZTF25abhngxo.npz,SN Ia,SNI,core,24,10,14,True,SN_Ia
ZTF19abmtpvz,events/ZTF19abmtpvz.npz,SN II,SNII,core,13,2,11,True,SN_CC
ZTF20acnyxln,events/ZTF20acnyxln.npz,SN Ia,SNI,core,55,26,29,True,SN_Ia
ZTF23aajahua,events/ZTF23aajahua.npz,SN Ia,SNI,core,22,15,7,True,SN_Ia
ZTF20aaqshoz,events/ZTF20aaqshoz.npz,SN Ia,SNI,core,37,16,21,True,SN_Ia
ZTF19acyfhnn,events/ZTF19acyfhnn.npz,CV,CV,core,24,11,13,True,CV
ZTF22abfviis,events/ZTF22abfviis.npz,SN Ia,SNI,core,40,18,22,True,SN_Ia
ZTF18abulkrl,events/ZTF18abulkrl.npz,SN Ia,SNI,core,44,19,25,True,SN_Ia
ZTF23aawkjdx,events/ZTF23aawkjdx.npz,SN II,SNII,core,10,5,5,True,SN_CC
ZTF20acehyxd,events/ZTF20acehyxd.npz,SN Ia,SNI,core,33,13,20,True,SN_Ia
ZTF18abjvhec,events/ZTF18abjvhec.npz,SN Ia,SNI,core,21,9,12,True,SN_Ia
ZTF21aarmkuj,events/ZTF21aarmkuj.npz,SN Ia,SNI,core,35,17,18,True,SN_Ia
ZTF24aantppw,events/ZTF24aantppw.npz,SN Ic-BL,SNI,core,38,14,24,True,SN_CC
ZTF23abefecu,events/ZTF23abefecu.npz,SN II,SNII,core,60,4,56,True,SN_CC
ZTF19aaumvig,events/ZTF19aaumvig.npz,SN Ia,SNI,core,35,14,21,True,SN_Ia
ZTF23aacbziz,events/ZTF23aacbziz.npz,SN Ia,SNI,core,19,10,9,True,SN_Ia
ZTF21abourqt,events/ZTF21abourqt.npz,SN Ia-91bg,SNI,core,14,6,8,True,SN_Ia
ZTF24abvkugf,events/ZTF24abvkugf.npz,SN Ia,SNI,core,23,9,14,True,SN_Ia
ZTF21acpqqgu,events/ZTF21acpqqgu.npz,SN II,SNII,core,10,3,7,True,SN_CC
ZTF19abpnrqa,events/ZTF19abpnrqa.npz,SN Ia,SNI,core,12,5,7,True,SN_Ia
ZTF23absdqly,events/ZTF23absdqly.npz,SN Ia,SNI,core,21,11,10,True,SN_Ia
ZTF25abhkdne,events/ZTF25abhkdne.npz,SN II,SNII,core,105,51,47,True,SN_CC
ZTF25abtgvqq,events/ZTF25abtgvqq.npz,SN II,SNII,core,12,5,7,True,SN_CC
ZTF25acivwpw,events/ZTF25acivwpw.npz,SN Ia,SNI,core,10,3,7,True,SN_Ia
ZTF21aayggyo,events/ZTF21aayggyo.npz,SN Ia,SNI,core,20,10,10,True,SN_Ia
ZTF19abaeyln,events/ZTF19abaeyln.npz,SN Ia,SNI,core,20,8,12,True,SN_Ia
ZTF24abqaesu,events/ZTF24abqaesu.npz,SN Ia,SNI,core,20,8,12,True,SN_Ia
ZTF19aahsnmq,events/ZTF19aahsnmq.npz,SN Ia,SNI,core,22,9,13,True,SN_Ia
ZTF20aayvuwu,events/ZTF20aayvuwu.npz,AGN,AGN,core,24,15,9,True,AGN
ZTF22abawyul,events/ZTF22abawyul.npz,SN Ia,SNI,core,14,11,3,True,SN_Ia
ZTF23aadakub,events/ZTF23aadakub.npz,SN Ia,SNI,core,14,5,9,True,SN_Ia
ZTF20abyiohf,events/ZTF20abyiohf.npz,SN Ia,SNI,core,41,22,19,True,SN_Ia
ZTF24aavkhwi,events/ZTF24aavkhwi.npz,SN Ia,SNI,core,56,23,33,True,SN_Ia
ZTF20aadxvfj,events/ZTF20aadxvfj.npz,SN Ia,SNI,core,19,10,9,True,SN_Ia
ZTF22aankxcq,events/ZTF22aankxcq.npz,SN Ia,SNI,core,35,15,19,True,SN_Ia
ZTF24aakftxp,events/ZTF24aakftxp.npz,SN Ic,SNI,core,18,14,4,True,SN_CC
ZTF23aabasoe,events/ZTF23aabasoe.npz,SN Ia,SNI,core,14,7,7,True,SN_Ia
ZTF17aabtvsy,events/ZTF17aabtvsy.npz,SN Ia,SNI,core,23,10,13,True,SN_Ia
ZTF25acfcmnb,events/ZTF25acfcmnb.npz,SN II,SNII,core,24,13,11,True,SN_CC
ZTF20abmbycd,events/ZTF20abmbycd.npz,SN Ia,SNI,core,53,21,32,True,SN_Ia
ZTF19aclyezb,events/ZTF19aclyezb.npz,SN Ia,SNI,core,28,10,18,True,SN_Ia
ZTF25abqxnbr,events/ZTF25abqxnbr.npz,SN Ia,SNI,core,45,18,27,True,SN_Ia
ZTF21abcnpnk,events/ZTF21abcnpnk.npz,SN Ia,SNI,core,41,20,21,True,SN_Ia
ZTF20aaxxhib,events/ZTF20aaxxhib.npz,SN Ia,SNI,core,18,5,13,True,SN_Ia
ZTF25aatoasz,events/ZTF25aatoasz.npz,SN Ia,SNI,core,28,13,15,True,SN_Ia
ZTF19abzqywg,events/ZTF19abzqywg.npz,SN Ib,SNI,core,8,4,4,True,SN_CC
ZTF22aaeaqmz,events/ZTF22aaeaqmz.npz,SN Ia,SNI,core,35,19,16,True,SN_Ia
ZTF20abafjtw,events/ZTF20abafjtw.npz,CV,CV,core,10,6,4,True,CV
ZTF21accyxid,events/ZTF21accyxid.npz,SN IIP,SNII,core,22,9,13,True,SN_CC
ZTF23aaczpkm,events/ZTF23aaczpkm.npz,SN IIn,SNII,core,29,13,16,True,SN_CC
ZTF18aasprui,events/ZTF18aasprui.npz,SN Ia,SNI,core,26,10,16,True,SN_Ia
ZTF21acixxub,events/ZTF21acixxub.npz,SN Ia,SNI,core,12,5,7,True,SN_Ia
ZTF20abahhml,events/ZTF20abahhml.npz,SN Ia,SNI,core,68,18,50,True,SN_Ia
ZTF19acvgjme,events/ZTF19acvgjme.npz,SN Ia,SNI,core,19,9,10,True,SN_Ia
ZTF25aasrzlo,events/ZTF25aasrzlo.npz,SN Ia,SNI,core,31,13,18,True,SN_Ia
ZTF21abviabc,events/ZTF21abviabc.npz,SN II,SNII,core,31,19,12,True,SN_CC
ZTF19abmzord,events/ZTF19abmzord.npz,SN Ia,SNI,core,12,5,7,True,SN_Ia
ZTF20abeqsrm,events/ZTF20abeqsrm.npz,SN Ia,SNI,core,24,10,14,True,SN_Ia
ZTF24aadkwni,events/ZTF24aadkwni.npz,SN II,SNII,core,16,5,9,True,SN_CC
ZTF22aadeqxu,events/ZTF22aadeqxu.npz,SN Iax,SNI,peculiar,71,34,37,True,SN_Ia
ZTF25aafpqvd,events/ZTF25aafpqvd.npz,SN Ia,SNI,core,10,8,2,True,SN_Ia
ZTF19abucvhz,events/ZTF19abucvhz.npz,SN Ia,SNI,core,8,4,4,True,SN_Ia
ZTF19abcnpkt,events/ZTF19abcnpkt.npz,SN Ia,SNI,core,13,5,8,True,SN_Ia
ZTF25acayrnp,events/ZTF25acayrnp.npz,SN Ia,SNI,core,37,18,19,True,SN_Ia
ZTF18abmmdif,events/ZTF18abmmdif.npz,SN Ia,SNI,core,26,11,15,True,SN_Ia
ZTF23aahxppo,events/ZTF23aahxppo.npz,SN Ia,SNI,core,14,7,7,True,SN_Ia
ZTF25abusgsz,events/ZTF25abusgsz.npz,SN Ia,SNI,core,28,12,16,True,SN_Ia
ZTF18aaqznkg,events/ZTF18aaqznkg.npz,CV,CV,core,12,4,8,True,CV
ZTF22abpusrt,events/ZTF22abpusrt.npz,SN Ia,SNI,core,40,18,22,True,SN_Ia
ZTF23abvzhwa,events/ZTF23abvzhwa.npz,SN Ia,SNI,core,20,8,12,True,SN_Ia
ZTF18aauqdyb,events/ZTF18aauqdyb.npz,SN Ia-91T,SNI,core,33,16,17,True,SN_Ia
ZTF20aatxmcd,events/ZTF20aatxmcd.npz,SN II,SNII,core,16,8,8,True,SN_CC
ZTF18abkhcwl,events/ZTF18abkhcwl.npz,SN Ia,SNI,core,44,21,23,True,SN_Ia
ZTF20abgzvff,events/ZTF20abgzvff.npz,SN Ia,SNI,core,60,23,37,True,SN_Ia
ZTF23abhwhho,events/ZTF23abhwhho.npz,SN Ia,SNI,core,37,18,19,True,SN_Ia
ZTF20aatsjyu,events/ZTF20aatsjyu.npz,CV,CV,core,10,6,4,True,CV
ZTF18abclfee,events/ZTF18abclfee.npz,SN Iax,SNI,peculiar,43,14,29,True,SN_Ia
ZTF23aapuknd,events/ZTF23aapuknd.npz,SN II,SNII,core,108,42,66,True,SN_CC
ZTF24aafroqa,events/ZTF24aafroqa.npz,SN Ia,SNI,core,12,4,8,True,SN_Ia
ZTF19accczao,events/ZTF19accczao.npz,AGN,AGN,core,14,7,7,True,AGN
ZTF24aaijqso,events/ZTF24aaijqso.npz,SN Ia,SNI,core,8,3,5,True,SN_Ia
ZTF25aaxfkwe,events/ZTF25aaxfkwe.npz,SN II,SNII,core,42,9,33,True,SN_CC
ZTF21aagvmqr,events/ZTF21aagvmqr.npz,SN Ia,SNI,core,18,8,10,True,SN_Ia
ZTF25abfntiq,events/ZTF25abfntiq.npz,SN II,SNII,core,10,3,7,True,SN_CC
ZTF25abeqaoy,events/ZTF25abeqaoy.npz,SLSN-II,SNII,peculiar,53,23,30,True,SLSN
ZTF22aadmbfq,events/ZTF22aadmbfq.npz,SN II,SNII,core,13,4,9,True,SN_CC
ZTF24ablucio,events/ZTF24ablucio.npz,SN Ia,SNI,core,39,16,23,True,SN_Ia
ZTF22acaexru,events/ZTF22acaexru.npz,SN II,SNII,core,10,6,4,True,SN_CC
ZTF23aahnmag,events/ZTF23aahnmag.npz,SN Ic,SNI,core,54,23,31,True,SN_CC
ZTF22aajjojx,events/ZTF22aajjojx.npz,SN IIn,SNII,core,49,22,27,True,SN_CC
ZTF24aaqxajf,events/ZTF24aaqxajf.npz,SN Ia,SNI,core,14,11,3,True,SN_Ia
ZTF23aacggqz,events/ZTF23aacggqz.npz,SN Ia,SNI,core,10,6,4,True,SN_Ia
ZTF22abynlvk,events/ZTF22abynlvk.npz,SN Ia-91T,SNI,core,20,8,12,True,SN_Ia
ZTF22abgibib,events/ZTF22abgibib.npz,SN IIb,SNII,core,17,9,8,True,SN_CC
ZTF22abtdzyw,events/ZTF22abtdzyw.npz,SN Ia,SNI,core,17,7,10,True,SN_Ia
ZTF25aajfjhm,events/ZTF25aajfjhm.npz,TDE,TDE,core,17,10,7,True,TDE
ZTF19aamqfxq,events/ZTF19aamqfxq.npz,SN Ia,SNI,core,61,30,31,True,SN_Ia
ZTF25ablvccx,events/ZTF25ablvccx.npz,SN Ia,SNI,core,22,13,9,True,SN_Ia
ZTF22aaafgwq,events/ZTF22aaafgwq.npz,SN Ia,SNI,core,23,9,14,True,SN_Ia
ZTF23aarqyio,events/ZTF23aarqyio.npz,SN Ia,SNI,core,28,11,17,True,SN_Ia
ZTF24aadykqs,events/ZTF24aadykqs.npz,SLSN-II,SNII,peculiar,55,30,23,True,SLSN
ZTF24abgzsnd,events/ZTF24abgzsnd.npz,SN Ia,SNI,core,35,12,17,True,SN_Ia
ZTF24abljlku,events/ZTF24abljlku.npz,SN IIP,SNII,core,98,40,58,True,SN_CC
ZTF20accxqqo,events/ZTF20accxqqo.npz,SN Ia,SNI,core,38,14,24,True,SN_Ia
ZTF20acpujxl,events/ZTF20acpujxl.npz,SN Ia,SNI,core,58,26,32,True,SN_Ia
ZTF21aaphzsw,events/ZTF21aaphzsw.npz,SN Ia,SNI,core,63,32,31,True,SN_Ia
ZTF19aavbjfp,events/ZTF19aavbjfp.npz,SN II,SNII,core,75,39,36,True,SN_CC
ZTF25aaprfzh,events/ZTF25aaprfzh.npz,SN IIb,SNII,core,14,7,7,True,SN_CC
ZTF23aaqmxxo,events/ZTF23aaqmxxo.npz,SN II,SNII,core,40,18,22,True,SN_CC
ZTF24abeqjgr,events/ZTF24abeqjgr.npz,SN Ia,SNI,core,14,4,10,True,SN_Ia
ZTF18adaifep,events/ZTF18adaifep.npz,SN Ia,SNI,core,19,10,9,True,SN_Ia
ZTF19aaqyvdn,events/ZTF19aaqyvdn.npz,SN Ia,SNI,core,14,4,10,True,SN_Ia
ZTF22abvasxc,events/ZTF22abvasxc.npz,SN Ia,SNI,core,17,9,8,True,SN_Ia
ZTF22aavskaa,events/ZTF22aavskaa.npz,SN Ia,SNI,core,39,18,21,True,SN_Ia
ZTF21abcbwke,events/ZTF21abcbwke.npz,SN Ia,SNI,core,9,6,3,True,SN_Ia
ZTF21aatnxwt,events/ZTF21aatnxwt.npz,SN Ia-91T,SNI,core,29,12,17,True,SN_Ia
ZTF22aadfecx,events/ZTF22aadfecx.npz,SN Ia,SNI,core,36,13,23,True,SN_Ia
ZTF22aaahewf,events/ZTF22aaahewf.npz,SN Ia,SNI,core,25,11,14,True,SN_Ia
ZTF20aafsnpp,events/ZTF20aafsnpp.npz,SN Ia,SNI,core,70,29,41,True,SN_Ia
ZTF23abqbtam,events/ZTF23abqbtam.npz,SN Ia,SNI,core,17,8,9,True,SN_Ia
ZTF25abjkphq,events/ZTF25abjkphq.npz,SN Ia,SNI,core,25,13,12,True,SN_Ia
ZTF24aalbxfh,events/ZTF24aalbxfh.npz,CV,CV,core,17,7,9,True,CV
ZTF22abggmtd,events/ZTF22abggmtd.npz,SN Ia,SNI,core,27,12,15,True,SN_Ia
ZTF18abtrvkm,events/ZTF18abtrvkm.npz,SN Ia,SNI,core,37,18,19,True,SN_Ia
ZTF20abfklsy,events/ZTF20abfklsy.npz,SN Ia,SNI,core,47,19,28,True,SN_Ia
ZTF19abkgbul,events/ZTF19abkgbul.npz,SN Ia,SNI,core,19,10,9,True,SN_Ia
ZTF25acftcra,events/ZTF25acftcra.npz,SN II,SNII,core,11,6,5,True,SN_CC
ZTF21acgunkr,events/ZTF21acgunkr.npz,SN II,SNII,core,21,9,12,True,SN_CC
ZTF19abzzhgx,events/ZTF19abzzhgx.npz,SN Ia,SNI,core,48,20,28,True,SN_Ia
ZTF24abagjgq,events/ZTF24abagjgq.npz,SN Ia,SNI,core,24,11,13,True,SN_Ia
ZTF21aagqcnl,events/ZTF21aagqcnl.npz,SN Ia,SNI,core,139,69,70,True,SN_Ia
ZTF24abhbvwm,events/ZTF24abhbvwm.npz,SN Ia,SNI,core,26,9,17,True,SN_Ia
ZTF18abcrxoj,events/ZTF18abcrxoj.npz,SN Ia,SNI,core,38,16,22,True,SN_Ia
ZTF23aabfyfn,events/ZTF23aabfyfn.npz,SN Ia,SNI,core,14,10,4,True,SN_Ia
ZTF18aajqcue,events/ZTF18aajqcue.npz,SLSN-I,NOVEL,novel,97,44,53,True,SLSN
ZTF23aaqknaw,events/ZTF23aaqknaw.npz,SN II,SNII,core,50,17,33,True,SN_CC
ZTF18adachwf,events/ZTF18adachwf.npz,SN II,SNII,core,18,7,11,True,SN_CC
ZTF19abcejoa,events/ZTF19abcejoa.npz,SN Ia,SNI,core,21,12,9,True,SN_Ia
ZTF22abgawhn,events/ZTF22abgawhn.npz,SN Ia,SNI,core,55,29,26,True,SN_Ia
ZTF19aarjfqe,events/ZTF19aarjfqe.npz,SN II,SNII,core,23,10,13,True,SN_CC
ZTF25ackmpgh,events/ZTF25ackmpgh.npz,SN Ia,SNI,core,15,9,6,True,SN_Ia
ZTF20abqkbfx,events/ZTF20abqkbfx.npz,SN Ia-CSM,SNI,peculiar,66,31,35,True,SN_CC
ZTF24aaheedw,events/ZTF24aaheedw.npz,SN Ia,SNI,core,129,63,62,True,SN_Ia
ZTF25abyojpd,events/ZTF25abyojpd.npz,SN Ia,SNI,core,29,13,16,True,SN_Ia
ZTF21aanhvpo,events/ZTF21aanhvpo.npz,SN II,SNII,core,17,5,12,True,SN_CC
ZTF22abykjae,events/ZTF22abykjae.npz,SN Ia,SNI,core,17,7,10,True,SN_Ia
ZTF24abijcdx,events/ZTF24abijcdx.npz,SN II,SNII,core,13,3,9,True,SN_CC
ZTF19acchink,events/ZTF19acchink.npz,SN Ia,SNI,core,32,17,15,True,SN_Ia
ZTF19achjqbk,events/ZTF19achjqbk.npz,SN IIP,SNII,core,13,5,8,True,SN_CC
ZTF21abcxner,events/ZTF21abcxner.npz,SN Ia,SNI,core,36,17,19,True,SN_Ia
ZTF24aaervkt,events/ZTF24aaervkt.npz,SN Ia,SNI,core,42,23,19,True,SN_Ia
ZTF20aayjxdv,events/ZTF20aayjxdv.npz,SN Ia,SNI,core,54,26,28,True,SN_Ia
ZTF20abpuxcc,events/ZTF20abpuxcc.npz,SN Ic,SNI,core,15,5,10,True,SN_CC
ZTF20aaswbty,events/ZTF20aaswbty.npz,SN II,SNII,core,19,3,16,True,SN_CC
ZTF19aavnzti,events/ZTF19aavnzti.npz,SN Ia,SNI,core,13,7,6,True,SN_Ia
ZTF20abkrwdu,events/ZTF20abkrwdu.npz,SN Ia-91T,SNI,core,27,13,14,True,SN_Ia
ZTF24aatsmxc,events/ZTF24aatsmxc.npz,SN II,SNII,core,53,22,31,True,SN_CC
ZTF18aaqxbvf,events/ZTF18aaqxbvf.npz,AGN,AGN,core,9,2,7,True,AGN
ZTF24aabsmvc,events/ZTF24aabsmvc.npz,SN II,SNII,core,35,16,19,True,SN_CC
ZTF18acyxnyw,events/ZTF18acyxnyw.npz,SLSN-I,NOVEL,novel,28,16,12,True,SLSN
ZTF22abunrdy,events/ZTF22abunrdy.npz,SN II,SNII,core,43,4,39,True,SN_CC
ZTF20acmaaan,events/ZTF20acmaaan.npz,SN II,SNII,core,91,45,46,True,SN_CC
ZTF23aajkejg,events/ZTF23aajkejg.npz,SN Ia-91T,SNI,core,15,8,7,True,SN_Ia
ZTF19aakjbej,events/ZTF19aakjbej.npz,SN Ia,SNI,core,10,5,5,True,SN_Ia
ZTF20aattyuz,events/ZTF20aattyuz.npz,SLSN-I,NOVEL,novel,50,26,24,True,SLSN
ZTF23aamfqxc,events/ZTF23aamfqxc.npz,SN II,SNII,core,58,30,28,True,SN_CC
ZTF20acwxbyr,events/ZTF20acwxbyr.npz,SN Ia,SNI,core,43,20,23,True,SN_Ia
ZTF22abttupc,events/ZTF22abttupc.npz,SN Ia,SNI,core,16,9,7,True,SN_Ia
ZTF24aavhseb,events/ZTF24aavhseb.npz,SN II,SNII,core,18,5,13,True,SN_CC
ZTF24abyzbkt,events/ZTF24abyzbkt.npz,SN Ia,SNI,core,10,5,5,True,SN_Ia
ZTF22abadzpo,events/ZTF22abadzpo.npz,SN II,SNII,core,38,22,16,True,SN_CC
ZTF23abpqklj,events/ZTF23abpqklj.npz,SN Ia,SNI,core,16,6,10,True,SN_Ia
ZTF23aaxcdfm,events/ZTF23aaxcdfm.npz,SN Ia,SNI,core,16,14,2,True,SN_Ia
ZTF23abawvxd,events/ZTF23abawvxd.npz,SN Ia,SNI,core,65,15,50,True,SN_Ia
ZTF23aatdcey,events/ZTF23aatdcey.npz,SN IIn,SNII,core,54,27,27,True,SN_CC
ZTF19abujhgm,events/ZTF19abujhgm.npz,SN Ia,SNI,core,61,18,43,True,SN_Ia
ZTF21aamttit,events/ZTF21aamttit.npz,SN Ia,SNI,core,15,6,9,True,SN_Ia
ZTF21acfcgnk,events/ZTF21acfcgnk.npz,SN Ia,SNI,core,16,8,8,True,SN_Ia
ZTF25abqkiqr,events/ZTF25abqkiqr.npz,SN Ia,SNI,core,28,11,17,True,SN_Ia
ZTF20abjgfac,events/ZTF20abjgfac.npz,SN Ia,SNI,core,44,19,25,True,SN_Ia
ZTF22abqqepp,events/ZTF22abqqepp.npz,SN Ia,SNI,core,22,12,10,True,SN_Ia
ZTF24aaekbjb,events/ZTF24aaekbjb.npz,SN Ia,SNI,core,24,11,13,True,SN_Ia
ZTF23aajkfls,events/ZTF23aajkfls.npz,SN II,SNII,core,68,33,35,True,SN_CC
ZTF24abnfuyr,events/ZTF24abnfuyr.npz,SN Ib/c,SNI,core,31,12,19,True,SN_CC
ZTF20aauomaf,events/ZTF20aauomaf.npz,SN Ia,SNI,core,19,6,13,True,SN_Ia
ZTF25acgqhjx,events/ZTF25acgqhjx.npz,SN Ia-91T,SNI,core,44,21,23,True,SN_Ia
ZTF24aakaiqs,events/ZTF24aakaiqs.npz,SN Ib,SNI,core,146,65,77,True,SN_CC
ZTF20abeldyn,events/ZTF20abeldyn.npz,SN Ia,SNI,core,19,8,11,True,SN_Ia
ZTF21abrmefg,events/ZTF21abrmefg.npz,SN Ia,SNI,core,27,13,14,True,SN_Ia
ZTF19aafnfyc,events/ZTF19aafnfyc.npz,SN Ia,SNI,core,12,6,6,True,SN_Ia
ZTF21abcmcuq,events/ZTF21abcmcuq.npz,SN Ia,SNI,core,26,13,13,True,SN_Ia
ZTF23abhtkba,events/ZTF23abhtkba.npz,SN Ibn,SNI,peculiar,32,17,15,True,SN_CC
ZTF25aagbelb,events/ZTF25aagbelb.npz,SN Ia,SNI,core,12,7,5,True,SN_Ia
ZTF25abogfap,events/ZTF25abogfap.npz,SN Ia,SNI,core,16,5,11,True,SN_Ia
ZTF21aakiqbm,events/ZTF21aakiqbm.npz,AGN,AGN,core,10,6,4,True,AGN
ZTF25aahmdjb,events/ZTF25aahmdjb.npz,SN IIn,SNII,core,24,11,13,True,SN_CC
ZTF22abamnmb,events/ZTF22abamnmb.npz,SN Ia,SNI,core,35,18,17,True,SN_Ia
ZTF21abmwghp,events/ZTF21abmwghp.npz,SN Ia,SNI,core,25,13,12,True,SN_Ia
ZTF21aaquhqr,events/ZTF21aaquhqr.npz,SN II,SNII,core,109,57,52,True,SN_CC
ZTF24aayshhu,events/ZTF24aayshhu.npz,SN Ia,SNI,core,30,14,16,True,SN_Ia
ZTF20aciouqw,events/ZTF20aciouqw.npz,CV,CV,core,19,10,9,True,CV
ZTF23abcegjv,events/ZTF23abcegjv.npz,SN Ia,SNI,core,25,12,13,True,SN_Ia
ZTF24aadlwsg,events/ZTF24aadlwsg.npz,SN Ia,SNI,core,12,4,8,True,SN_Ia
ZTF22aaedrzw,events/ZTF22aaedrzw.npz,SN Ia,SNI,core,10,5,5,True,SN_Ia
ZTF19abrdnty,events/ZTF19abrdnty.npz,SN Ia,SNI,core,30,14,16,True,SN_Ia
ZTF25abyakba,events/ZTF25abyakba.npz,SN Ia,SNI,core,29,12,17,True,SN_Ia
ZTF25ablgfxf,events/ZTF25ablgfxf.npz,SN Ia,SNI,core,19,10,9,True,SN_Ia
ZTF23absbmfw,events/ZTF23absbmfw.npz,SN Ia,SNI,core,22,11,11,True,SN_Ia
ZTF21ackhddc,events/ZTF21ackhddc.npz,SN Ia,SNI,core,11,5,6,True,SN_Ia
ZTF20aasitqe,events/ZTF20aasitqe.npz,SN Ia,SNI,core,9,4,5,True,SN_Ia
ZTF20achaxvo,events/ZTF20achaxvo.npz,SN Ia,SNI,core,11,6,5,True,SN_Ia
ZTF23abavrya,events/ZTF23abavrya.npz,SN Ia,SNI,core,44,18,26,True,SN_Ia
ZTF22abmfmng,events/ZTF22abmfmng.npz,SN Ia,SNI,core,23,11,12,True,SN_Ia
ZTF21achpqlr,events/ZTF21achpqlr.npz,SN II,SNII,core,16,7,9,True,SN_CC
ZTF18acqwdla,events/ZTF18acqwdla.npz,SN II,SNII,core,31,11,20,True,SN_CC
ZTF19aamwyzl,events/ZTF19aamwyzl.npz,SN Ia,SNI,core,18,7,11,True,SN_Ia
ZTF22aajcupz,events/ZTF22aajcupz.npz,SN IIn,SNII,core,47,25,22,True,SN_CC
ZTF22abubnqs,events/ZTF22abubnqs.npz,SN Ia,SNI,core,11,5,6,True,SN_Ia
ZTF21abuffew,events/ZTF21abuffew.npz,SN Ia,SNI,core,25,9,16,True,SN_Ia
ZTF20actpatx,events/ZTF20actpatx.npz,SN Ia,SNI,core,28,14,14,True,SN_Ia
ZTF23abspaqj,events/ZTF23abspaqj.npz,SN IIb,SNII,core,17,3,14,True,SN_CC
ZTF25abtaydf,events/ZTF25abtaydf.npz,SN Ia,SNI,core,8,3,5,True,SN_Ia
ZTF23aaetxdd,events/ZTF23aaetxdd.npz,SN Ia,SNI,core,13,6,7,True,SN_Ia
ZTF19aclhohd,events/ZTF19aclhohd.npz,SN Ia,SNI,core,12,3,9,True,SN_Ia
ZTF21aasgffc,events/ZTF21aasgffc.npz,SN Ia,SNI,core,49,23,26,True,SN_Ia
ZTF20aamknxn,events/ZTF20aamknxn.npz,SN Ia,SNI,core,14,8,6,True,SN_Ia
ZTF24acacfds,events/ZTF24acacfds.npz,SN Ia,SNI,core,12,9,3,True,SN_Ia
ZTF22abwuaru,events/ZTF22abwuaru.npz,SN Ia,SNI,core,12,5,7,True,SN_Ia
ZTF19aciuhwi,events/ZTF19aciuhwi.npz,CV,CV,core,12,5,7,True,CV
ZTF21aaabaey,events/ZTF21aaabaey.npz,SN Ia,SNI,core,111,45,66,True,SN_Ia
ZTF21aaukcog,events/ZTF21aaukcog.npz,SN II,SNII,core,47,23,24,True,SN_CC
ZTF19acnqsui,events/ZTF19acnqsui.npz,SN Ia,SNI,core,21,4,17,True,SN_Ia
ZTF18abmmkaz,events/ZTF18abmmkaz.npz,SN Ia,SNI,core,24,12,12,True,SN_Ia
ZTF21abjrysr,events/ZTF21abjrysr.npz,TDE,TDE,core,50,26,24,True,TDE
ZTF24aaifvcs,events/ZTF24aaifvcs.npz,SN Ia,SNI,core,13,5,8,True,SN_Ia
ZTF20aaxicpu,events/ZTF20aaxicpu.npz,SN Ia,SNI,core,21,12,9,True,SN_Ia
ZTF24aaekphr,events/ZTF24aaekphr.npz,SN Ia,SNI,core,20,8,12,True,SN_Ia
ZTF20aabcouv,events/ZTF20aabcouv.npz,SN Ia,SNI,core,27,13,14,True,SN_Ia
ZTF20aaszzez,events/ZTF20aaszzez.npz,SN Ia,SNI,core,25,11,14,True,SN_Ia
ZTF18abhqaxd,events/ZTF18abhqaxd.npz,CV,CV,core,16,8,8,True,CV
ZTF20abthxfr,events/ZTF20abthxfr.npz,SN Ia,SNI,core,75,35,40,True,SN_Ia
ZTF20ablklei,events/ZTF20ablklei.npz,SN II,SNII,core,128,59,69,True,SN_CC
ZTF21abkkuja,events/ZTF21abkkuja.npz,SN Ia,SNI,core,26,13,13,True,SN_Ia
ZTF25aafwfof,events/ZTF25aafwfof.npz,SN Ia,SNI,core,9,5,4,True,SN_Ia
ZTF25aceeneu,events/ZTF25aceeneu.npz,SN IIb,SNII,core,18,4,14,True,SN_CC
ZTF18acrcyqw,events/ZTF18acrcyqw.npz,SN IIb,SNII,core,24,4,20,True,SN_CC
ZTF24aadecbb,events/ZTF24aadecbb.npz,SN II,SNII,core,23,13,10,True,SN_CC
ZTF22aaafnvl,events/ZTF22aaafnvl.npz,SN Ia-91T,SNI,core,15,7,8,True,SN_Ia
ZTF21abxnulm,events/ZTF21abxnulm.npz,SN Ia,SNI,core,20,6,14,True,SN_Ia
ZTF23abnpoqp,events/ZTF23abnpoqp.npz,SN Ib,SNI,core,12,7,5,True,SN_CC
ZTF20abmtaya,events/ZTF20abmtaya.npz,SN II,SNII,core,50,18,32,True,SN_CC
ZTF21aaluoym,events/ZTF21aaluoym.npz,SN Ia,SNI,core,14,9,5,True,SN_Ia
ZTF24aaahxwr,events/ZTF24aaahxwr.npz,TDE,TDE,core,25,13,12,True,TDE
ZTF22abepfmn,events/ZTF22abepfmn.npz,SN II,SNII,core,22,8,14,True,SN_CC
ZTF18acyarki,events/ZTF18acyarki.npz,SN Ia,SNI,core,27,17,10,True,SN_Ia
ZTF21aalnyny,events/ZTF21aalnyny.npz,SN Ia,SNI,core,36,13,23,True,SN_Ia
ZTF25abogteg,events/ZTF25abogteg.npz,SN IIb,SNII,core,13,6,7,True,SN_CC
ZTF21aarjczf,events/ZTF21aarjczf.npz,SN Ia,SNI,core,44,15,29,True,SN_Ia
ZTF22abyivor,events/ZTF22abyivor.npz,SN II,SNII,core,13,3,10,True,SN_CC
ZTF21aapyiku,events/ZTF21aapyiku.npz,SN Ia,SNI,core,44,17,27,True,SN_Ia
ZTF19acgkead,events/ZTF19acgkead.npz,AGN,AGN,core,8,5,3,True,AGN
ZTF19acdubmt,events/ZTF19acdubmt.npz,SN Ia,SNI,core,18,9,9,True,SN_Ia
ZTF24aaabybk,events/ZTF24aaabybk.npz,SN Ic,SNI,core,13,5,8,True,SN_CC
ZTF25aaynaqk,events/ZTF25aaynaqk.npz,CV,CV,core,65,16,49,True,CV
ZTF21abcdtoi,events/ZTF21abcdtoi.npz,SN Ia,SNI,core,39,15,24,True,SN_Ia
ZTF20abmihnc,events/ZTF20abmihnc.npz,SN II,SNII,core,42,23,19,True,SN_CC
ZTF21abtuutw,events/ZTF21abtuutw.npz,SN Ia,SNI,core,18,8,10,True,SN_Ia
ZTF19aadtqcd,events/ZTF19aadtqcd.npz,SN II,SNII,core,14,4,10,True,SN_CC
ZTF25accgpkr,events/ZTF25accgpkr.npz,SN Ia,SNI,core,22,12,10,True,SN_Ia
ZTF19aamsnhu,events/ZTF19aamsnhu.npz,SN Ia,SNI,core,15,8,7,True,SN_Ia
ZTF22abfvshc,events/ZTF22abfvshc.npz,SN Ia,SNI,core,20,11,9,True,SN_Ia
ZTF22abjqztl,events/ZTF22abjqztl.npz,SN Ia,SNI,core,16,7,9,True,SN_Ia
ZTF24abaiddj,events/ZTF24abaiddj.npz,SN Ia,SNI,core,30,15,15,True,SN_Ia
ZTF21acdvfjr,events/ZTF21acdvfjr.npz,SN Ia-91bg,SNI,core,8,2,6,True,SN_Ia
ZTF21abvdikq,events/ZTF21abvdikq.npz,SN II,SNII,core,51,12,39,True,SN_CC
ZTF24aaieino,events/ZTF24aaieino.npz,SN Ia,SNI,core,21,9,12,True,SN_Ia
ZTF22abkwdhr,events/ZTF22abkwdhr.npz,SN Ia,SNI,core,30,21,9,True,SN_Ia
ZTF25aayxhar,events/ZTF25aayxhar.npz,SN Ia,SNI,core,61,26,35,True,SN_Ia
ZTF22aadfgpu,events/ZTF22aadfgpu.npz,SN Ia,SNI,core,64,26,38,True,SN_Ia
ZTF19aadyioa,events/ZTF19aadyioa.npz,SN Ia,SNI,core,13,5,8,True,SN_Ia
ZTF22abbgyvi,events/ZTF22abbgyvi.npz,SN Ia,SNI,core,58,26,30,True,SN_Ia
ZTF24abllcml,events/ZTF24abllcml.npz,SN Ia,SNI,core,13,8,5,True,SN_Ia
ZTF19acdisjm,events/ZTF19acdisjm.npz,SN Ia,SNI,core,18,8,10,True,SN_Ia
ZTF20aarbktd,events/ZTF20aarbktd.npz,SN II,SNII,core,22,6,16,True,SN_CC
ZTF23aapmokr,events/ZTF23aapmokr.npz,SN Ia,SNI,core,27,13,14,True,SN_Ia
ZTF21aaocibg,events/ZTF21aaocibg.npz,SN Ia,SNI,core,59,24,35,True,SN_Ia
ZTF25aauvber,events/ZTF25aauvber.npz,SN II,SNII,core,26,11,15,True,SN_CC
ZTF19acyfoha,events/ZTF19acyfoha.npz,SN Ia,SNI,core,11,4,7,True,SN_Ia
ZTF25abghglc,events/ZTF25abghglc.npz,SN Ia,SNI,core,91,44,47,True,SN_Ia
ZTF25abmwwga,events/ZTF25abmwwga.npz,CV,CV,core,13,7,6,True,CV
ZTF23aamzucf,events/ZTF23aamzucf.npz,SN Ia,SNI,core,72,34,38,True,SN_Ia
ZTF19adcfsoc,events/ZTF19adcfsoc.npz,SLSN-II,SNII,peculiar,34,16,18,True,SLSN
ZTF18acbvcmw,events/ZTF18acbvcmw.npz,SN Ia,SNI,core,21,6,15,True,SN_Ia
ZTF25abvejtn,events/ZTF25abvejtn.npz,SN Ia,SNI,core,53,27,26,True,SN_Ia
ZTF25abczmes,events/ZTF25abczmes.npz,SN Ia,SNI,core,65,40,24,True,SN_Ia
ZTF21aadrtqz,events/ZTF21aadrtqz.npz,SN Ia,SNI,core,15,8,7,True,SN_Ia
ZTF25aatruwp,events/ZTF25aatruwp.npz,SN Ia,SNI,core,45,16,26,True,SN_Ia
ZTF20acllntr,events/ZTF20acllntr.npz,SN Ia,SNI,core,27,13,14,True,SN_Ia
ZTF19abpgggu,events/ZTF19abpgggu.npz,SN Ia,SNI,core,25,11,14,True,SN_Ia
ZTF24aaizdbb,events/ZTF24aaizdbb.npz,SLSN-II,SNII,peculiar,139,69,64,True,SLSN
ZTF23aanxrjm,events/ZTF23aanxrjm.npz,SN II,SNII,core,23,11,12,True,SN_CC
ZTF24aahahuu,events/ZTF24aahahuu.npz,SN Ia,SNI,core,13,9,3,True,SN_Ia
ZTF23aaawbsc,events/ZTF23aaawbsc.npz,SN IIb,SNII,core,34,13,21,True,SN_CC
ZTF21aasufxv,events/ZTF21aasufxv.npz,SN Ia,SNI,core,21,9,12,True,SN_Ia
ZTF21aarybxo,events/ZTF21aarybxo.npz,SN Ia,SNI,core,30,15,15,True,SN_Ia
ZTF25abmpomc,events/ZTF25abmpomc.npz,SN Ia,SNI,core,9,3,6,True,SN_Ia
ZTF24abnoozs,events/ZTF24abnoozs.npz,SN II,SNII,core,98,47,51,True,SN_CC
ZTF20abgdtmv,events/ZTF20abgdtmv.npz,SN Ia,SNI,core,33,13,20,True,SN_Ia
ZTF22aaudftc,events/ZTF22aaudftc.npz,SN Ia,SNI,core,22,7,15,True,SN_Ia
ZTF18aatyqds,events/ZTF18aatyqds.npz,SN IIP,SNII,core,104,54,50,True,SN_CC
ZTF22abynjkd,events/ZTF22abynjkd.npz,SN Ia,SNI,core,34,14,20,True,SN_Ia
ZTF25acgqfpt,events/ZTF25acgqfpt.npz,SN II,SNII,core,34,20,14,True,SN_CC
ZTF21ablwdur,events/ZTF21ablwdur.npz,SN Ia,SNI,core,24,11,13,True,SN_Ia
ZTF19abyuzch,events/ZTF19abyuzch.npz,SN II,SNII,core,26,17,9,True,SN_CC
ZTF18abokyfk,events/ZTF18abokyfk.npz,SN II,SNII,core,37,16,21,True,SN_CC
ZTF22abtknum,events/ZTF22abtknum.npz,SN Ia,SNI,core,24,12,12,True,SN_Ia
ZTF19aadolpe,events/ZTF19aadolpe.npz,SN Ia,SNI,core,34,13,21,True,SN_Ia
ZTF24aabwuok,events/ZTF24aabwuok.npz,SN Ia,SNI,core,10,5,5,True,SN_Ia
ZTF22abylrge,events/ZTF22abylrge.npz,SN Ia,SNI,core,9,3,6,True,SN_Ia
ZTF19aarxrem,events/ZTF19aarxrem.npz,SN IIn,SNII,core,12,5,7,True,SN_CC
ZTF18aazndjw,events/ZTF18aazndjw.npz,CV,CV,core,184,89,95,True,CV
ZTF24abgjkys,events/ZTF24abgjkys.npz,SN Ia,SNI,core,17,6,11,True,SN_Ia
ZTF21aaqyifh,events/ZTF21aaqyifh.npz,SN II-pec,SNII,peculiar,34,16,18,True,SN_CC
ZTF24aaeikvz,events/ZTF24aaeikvz.npz,SN Ia,SNI,core,12,4,8,True,SN_Ia
ZTF19abxtdgh,events/ZTF19abxtdgh.npz,SN Ia,SNI,core,38,11,27,True,SN_Ia
ZTF23aaelbbq,events/ZTF23aaelbbq.npz,SN Ia,SNI,core,30,13,17,True,SN_Ia
ZTF21aclyyfm,events/ZTF21aclyyfm.npz,SN II,SNII,core,12,7,5,True,SN_CC
ZTF24aaahwjj,events/ZTF24aaahwjj.npz,SN Ia,SNI,core,9,4,5,True,SN_Ia
ZTF24abgvkxx,events/ZTF24abgvkxx.npz,SN Ia,SNI,core,37,13,24,True,SN_Ia
ZTF25aageefz,events/ZTF25aageefz.npz,SN Ia,SNI,core,21,9,12,True,SN_Ia
ZTF25abiqcie,events/ZTF25abiqcie.npz,SN Ia,SNI,core,29,13,16,True,SN_Ia
ZTF20acxtgek,events/ZTF20acxtgek.npz,SN II,SNII,core,56,12,44,True,SN_CC
ZTF21aaupkow,events/ZTF21aaupkow.npz,SN Ia,SNI,core,26,13,13,True,SN_Ia
ZTF22aajhkpo,events/ZTF22aajhkpo.npz,SN II,SNII,core,17,11,6,True,SN_CC
ZTF20aabqisb,events/ZTF20aabqisb.npz,SN Ia,SNI,core,82,30,52,True,SN_Ia
ZTF22aaaovio,events/ZTF22aaaovio.npz,SN Ia,SNI,core,45,18,27,True,SN_Ia
ZTF25acauqtp,events/ZTF25acauqtp.npz,SN Ia,SNI,core,32,17,15,True,SN_Ia
ZTF23aaabzea,events/ZTF23aaabzea.npz,SN IIn,SNII,core,21,11,10,True,SN_CC
ZTF23aabnyfa,events/ZTF23aabnyfa.npz,SN II,SNII,core,31,10,21,True,SN_CC
ZTF19aaywash,events/ZTF19aaywash.npz,CV,CV,core,22,11,11,True,CV
ZTF20aaazjwc,events/ZTF20aaazjwc.npz,SN II,SNII,core,22,11,11,True,SN_CC
ZTF18aaakpbx,events/ZTF18aaakpbx.npz,CV,CV,core,21,8,13,True,CV
ZTF20absvwdh,events/ZTF20absvwdh.npz,SN Ia,SNI,core,23,6,17,True,SN_Ia
ZTF25aarutux,events/ZTF25aarutux.npz,SN II,SNII,core,14,6,8,True,SN_CC
ZTF19aazpkyv,events/ZTF19aazpkyv.npz,SN Ia-91T,SNI,core,9,4,5,True,SN_Ia
ZTF20acumcrz,events/ZTF20acumcrz.npz,SN Ia,SNI,core,22,11,11,True,SN_Ia
ZTF23aaohfxx,events/ZTF23aaohfxx.npz,SN II,SNII,core,58,23,35,True,SN_CC
ZTF19aaniore,events/ZTF19aaniore.npz,SN II,SNII,core,52,24,28,True,SN_CC
ZTF25aafedas,events/ZTF25aafedas.npz,SN Ib,SNI,core,21,8,13,True,SN_CC
ZTF21aarwlht,events/ZTF21aarwlht.npz,SN Ia,SNI,core,49,23,26,True,SN_Ia
ZTF21abrlslx,events/ZTF21abrlslx.npz,SN Ia,SNI,core,26,11,15,True,SN_Ia
ZTF24aaijsxa,events/ZTF24aaijsxa.npz,SN II,SNII,core,60,25,33,True,SN_CC
ZTF19aaoikti,events/ZTF19aaoikti.npz,SN Ia,SNI,core,19,10,9,True,SN_Ia
ZTF21accwcrh,events/ZTF21accwcrh.npz,SN II,SNII,core,31,14,17,True,SN_CC
ZTF24aakzgnd,events/ZTF24aakzgnd.npz,SN Ia,SNI,core,54,21,33,True,SN_Ia
ZTF21aaphvyi,events/ZTF21aaphvyi.npz,SN Ia,SNI,core,28,10,18,True,SN_Ia
ZTF21abhyqlv,events/ZTF21abhyqlv.npz,SN II,SNII,core,69,36,33,True,SN_CC
ZTF19aanhlzi,events/ZTF19aanhlzi.npz,SN Ia,SNI,core,20,7,13,True,SN_Ia
ZTF23abayagw,events/ZTF23abayagw.npz,SN Ia,SNI,core,38,18,20,True,SN_Ia
ZTF18abklbam,events/ZTF18abklbam.npz,SN II,SNII,core,9,5,4,True,SN_CC
ZTF21aaprfkc,events/ZTF21aaprfkc.npz,SN Ia,SNI,core,23,12,11,True,SN_Ia
ZTF20acugxbm,events/ZTF20acugxbm.npz,SN Ia,SNI,core,42,20,22,True,SN_Ia
ZTF22aaettxg,events/ZTF22aaettxg.npz,SN Ia-91T,SNI,core,33,13,20,True,SN_Ia
ZTF20acynaba,events/ZTF20acynaba.npz,SN Ia,SNI,core,27,14,13,True,SN_Ia
ZTF23aacopzi,events/ZTF23aacopzi.npz,SN Ia,SNI,core,15,4,11,True,SN_Ia
ZTF18accnbgw,events/ZTF18accnbgw.npz,SN Ia-91T,SNI,core,57,22,35,True,SN_Ia
ZTF22abnemvx,events/ZTF22abnemvx.npz,SN Ia,SNI,core,29,14,15,True,SN_Ia
ZTF18acszaiy,events/ZTF18acszaiy.npz,SN II,SNII,core,22,13,9,True,SN_CC
ZTF24abtpmhk,events/ZTF24abtpmhk.npz,SN Ia,SNI,core,17,8,9,True,SN_Ia
ZTF19aapwnmb,events/ZTF19aapwnmb.npz,SN Ib,SNI,core,16,6,10,True,SN_CC
ZTF19aavnxwj,events/ZTF19aavnxwj.npz,SN Ia,SNI,core,18,8,10,True,SN_Ia
ZTF23aaajtqn,events/ZTF23aaajtqn.npz,SN Ia,SNI,core,14,5,9,True,SN_Ia
ZTF22aahedwz,events/ZTF22aahedwz.npz,SN IIn,SNII,core,15,7,8,True,SN_CC
ZTF23abjyups,events/ZTF23abjyups.npz,SN Ia,SNI,core,79,39,40,True,SN_Ia
ZTF23abgtmzs,events/ZTF23abgtmzs.npz,SN Ia,SNI,core,30,14,16,True,SN_Ia
ZTF20adadrdh,events/ZTF20adadrdh.npz,SN Ia,SNI,core,22,9,13,True,SN_Ia
ZTF22abbdxho,events/ZTF22abbdxho.npz,SN Ic,SNI,core,10,5,5,True,SN_CC
ZTF21aaxlhyl,events/ZTF21aaxlhyl.npz,SN II,SNII,core,44,24,20,True,SN_CC
ZTF19aakoese,events/ZTF19aakoese.npz,SN Ia,SNI,core,8,3,5,True,SN_Ia
ZTF24aahdikd,events/ZTF24aahdikd.npz,SN Ia,SNI,core,9,4,5,True,SN_Ia
ZTF19aaxfzao,events/ZTF19aaxfzao.npz,SN Ia,SNI,core,64,30,34,True,SN_Ia
ZTF23abjhwem,events/ZTF23abjhwem.npz,SN IIn,SNII,core,44,23,21,True,SN_CC
ZTF20aamdloh,events/ZTF20aamdloh.npz,CV,CV,core,8,4,4,True,CV
ZTF20acxzkkf,events/ZTF20acxzkkf.npz,SN Ia,SNI,core,34,14,20,True,SN_Ia
ZTF23aaiyjbk,events/ZTF23aaiyjbk.npz,SN Ia,SNI,core,25,13,12,True,SN_Ia
ZTF20acioekr,events/ZTF20acioekr.npz,CV,CV,core,21,8,13,True,CV
ZTF24aaugudk,events/ZTF24aaugudk.npz,SN Ia,SNI,core,40,17,23,True,SN_Ia
ZTF19aakpcfy,events/ZTF19aakpcfy.npz,SN Ia,SNI,core,25,12,13,True,SN_Ia
ZTF18abntsgz,events/ZTF18abntsgz.npz,SN Ia,SNI,core,47,18,29,True,SN_Ia
ZTF24aadkvnv,events/ZTF24aadkvnv.npz,SN Ia,SNI,core,21,9,12,True,SN_Ia
ZTF21aavuprl,events/ZTF21aavuprl.npz,SN Ia,SNI,core,78,27,51,True,SN_Ia
ZTF24acahvpc,events/ZTF24acahvpc.npz,SN Ia,SNI,core,15,8,7,True,SN_Ia
ZTF25aaprtxj,events/ZTF25aaprtxj.npz,SLSN-II,SNII,peculiar,36,19,17,True,SLSN
ZTF25aabreke,events/ZTF25aabreke.npz,SN Ia,SNI,core,29,14,15,True,SN_Ia
ZTF24abtdiyn,events/ZTF24abtdiyn.npz,SN Ia,SNI,core,42,36,6,True,SN_Ia
ZTF23aaqanze,events/ZTF23aaqanze.npz,SN Ia,SNI,core,31,18,13,True,SN_Ia
ZTF19aawafvn,events/ZTF19aawafvn.npz,SN Ia,SNI,core,21,10,11,True,SN_Ia
ZTF18acaqdaa,events/ZTF18acaqdaa.npz,TDE,TDE,core,10,5,5,True,TDE
ZTF24aarryoz,events/ZTF24aarryoz.npz,SN Ia,SNI,core,10,8,2,True,SN_Ia
ZTF19aarixue,events/ZTF19aarixue.npz,SN Ia,SNI,core,20,7,13,True,SN_Ia
ZTF21aagyscx,events/ZTF21aagyscx.npz,SN Ia,SNI,core,24,12,12,True,SN_Ia
ZTF19acxowwt,events/ZTF19acxowwt.npz,SN Ia,SNI,core,17,4,13,True,SN_Ia
ZTF19acaqqke,events/ZTF19acaqqke.npz,SN II,SNII,core,19,3,16,True,SN_CC
ZTF23aawyiyk,events/ZTF23aawyiyk.npz,SN II,SNII,core,18,8,10,True,SN_CC
ZTF22aafqaew,events/ZTF22aafqaew.npz,SN Ia,SNI,core,14,6,8,True,SN_Ia
ZTF20acwphqb,events/ZTF20acwphqb.npz,SN Ia,SNI,core,10,4,6,True,SN_Ia
ZTF23aauytqw,events/ZTF23aauytqw.npz,SN Ia,SNI,core,16,7,9,True,SN_Ia
ZTF19aafmyow,events/ZTF19aafmyow.npz,SN Ic,SNI,core,33,12,21,True,SN_CC
ZTF24abqcqkt,events/ZTF24abqcqkt.npz,SN Ia,SNI,core,10,7,3,True,SN_Ia
ZTF19aceshib,events/ZTF19aceshib.npz,SN II,SNII,core,22,10,12,True,SN_CC
ZTF21abtxxjk,events/ZTF21abtxxjk.npz,SN Ia,SNI,core,21,8,13,True,SN_Ia
ZTF24aasokij,events/ZTF24aasokij.npz,SN Ia,SNI,core,33,18,15,True,SN_Ia
ZTF25acbyrqc,events/ZTF25acbyrqc.npz,SN Ia,SNI,core,34,17,17,True,SN_Ia
ZTF23aaqhzwu,events/ZTF23aaqhzwu.npz,SN Ia,SNI,core,19,9,10,True,SN_Ia
ZTF20abxkwbi,events/ZTF20abxkwbi.npz,SN II,SNII,core,85,30,55,True,SN_CC
ZTF19abcejfo,events/ZTF19abcejfo.npz,SN IIn,SNII,core,39,20,19,True,SN_CC
ZTF25abtlmgv,events/ZTF25abtlmgv.npz,SN II,SNII,core,44,3,38,True,SN_CC
ZTF20aaupolv,events/ZTF20aaupolv.npz,SN Ia,SNI,core,47,22,25,True,SN_Ia
ZTF20abuusst,events/ZTF20abuusst.npz,SN Ia,SNI,core,25,11,14,True,SN_Ia
ZTF24abbgjue,events/ZTF24abbgjue.npz,SN Ia,SNI,core,24,13,11,True,SN_Ia
ZTF23aaldzxz,events/ZTF23aaldzxz.npz,SN Ia,SNI,core,18,6,12,True,SN_Ia
ZTF18ablqlzp,events/ZTF18ablqlzp.npz,SN Ia,SNI,core,18,7,11,True,SN_Ia
ZTF18acaipdc,events/ZTF18acaipdc.npz,SN Ia-pec,SNI,core,9,4,5,True,SN_Ia
ZTF21aatpsky,events/ZTF21aatpsky.npz,SN II,SNII,core,20,11,9,True,SN_CC
ZTF22abjrpmv,events/ZTF22abjrpmv.npz,SN Ia,SNI,core,14,9,5,True,SN_Ia
ZTF20abyzbxa,events/ZTF20abyzbxa.npz,SN Ia,SNI,core,26,14,12,True,SN_Ia
ZTF19absymnz,events/ZTF19absymnz.npz,SN Ia,SNI,core,9,6,3,True,SN_Ia
ZTF20abmxtnh,events/ZTF20abmxtnh.npz,SN Ia,SNI,core,20,10,10,True,SN_Ia
ZTF21absvlrr,events/ZTF21absvlrr.npz,SN Ia,SNI,core,106,51,55,True,SN_Ia
ZTF22abehuah,events/ZTF22abehuah.npz,SN Ia,SNI,core,47,8,39,True,SN_Ia
ZTF22aaqwdjw,events/ZTF22aaqwdjw.npz,SN Ia,SNI,core,34,17,17,True,SN_Ia
ZTF22abjrctf,events/ZTF22abjrctf.npz,SN Ia,SNI,core,10,6,4,True,SN_Ia
ZTF24abrirtr,events/ZTF24abrirtr.npz,SN II,SNII,core,20,7,13,True,SN_CC
ZTF22abdondo,events/ZTF22abdondo.npz,SN II,SNII,core,63,33,30,True,SN_CC
ZTF21abmwgdf,events/ZTF21abmwgdf.npz,SN Ia,SNI,core,32,18,14,True,SN_Ia
ZTF23aaijgnu,events/ZTF23aaijgnu.npz,SN Ia,SNI,core,30,12,18,True,SN_Ia
ZTF22aasppdz,events/ZTF22aasppdz.npz,SN Ia-91T,SNI,core,24,11,13,True,SN_Ia
ZTF19acvwllm,events/ZTF19acvwllm.npz,SN Ia,SNI,core,37,16,21,True,SN_Ia
ZTF20aaurfhs,events/ZTF20aaurfhs.npz,SN II,SNII,core,42,16,26,True,SN_CC
ZTF21aaqftpz,events/ZTF21aaqftpz.npz,SN Ia,SNI,core,82,13,69,True,SN_Ia
ZTF21abkdpnw,events/ZTF21abkdpnw.npz,SN Ia,SNI,core,138,74,64,True,SN_Ia
ZTF25aajqewt,events/ZTF25aajqewt.npz,SN Ia,SNI,core,24,11,13,True,SN_Ia
ZTF21acjdwfe,events/ZTF21acjdwfe.npz,SN Ia,SNI,core,12,6,6,True,SN_Ia
ZTF18adbcqwv,events/ZTF18adbcqwv.npz,CV,CV,core,32,19,13,True,CV
ZTF24abcrkus,events/ZTF24abcrkus.npz,SN Ia,SNI,core,33,13,18,True,SN_Ia
ZTF20actzmzp,events/ZTF20actzmzp.npz,CV,CV,core,117,59,58,True,CV
ZTF25aaompnz,events/ZTF25aaompnz.npz,SN Ibn,SNI,peculiar,11,6,5,True,SN_CC
ZTF23aavygyn,events/ZTF23aavygyn.npz,SN Ia,SNI,core,51,26,25,True,SN_Ia
ZTF22aallgci,events/ZTF22aallgci.npz,SN Ia,SNI,core,30,14,14,True,SN_Ia
ZTF25aaldcfz,events/ZTF25aaldcfz.npz,SN Ia,SNI,core,27,11,16,True,SN_Ia
ZTF25aatoqiw,events/ZTF25aatoqiw.npz,SN Ia,SNI,core,23,12,11,True,SN_Ia
ZTF19abrcvzz,events/ZTF19abrcvzz.npz,SN Ia,SNI,core,49,20,29,True,SN_Ia
ZTF22abemaki,events/ZTF22abemaki.npz,SN Ia,SNI,core,27,12,15,True,SN_Ia
ZTF21aapfime,events/ZTF21aapfime.npz,SN Ia,SNI,core,33,17,16,True,SN_Ia
ZTF18acrflch,events/ZTF18acrflch.npz,SN II,SNII,core,18,8,10,True,SN_CC
ZTF19acxgxcu,events/ZTF19acxgxcu.npz,SN Ia,SNI,core,13,6,7,True,SN_Ia
ZTF25abdezjn,events/ZTF25abdezjn.npz,SN Ia,SNI,core,30,10,20,True,SN_Ia
ZTF19acxmmys,events/ZTF19acxmmys.npz,SN Ia,SNI,core,12,2,10,True,SN_Ia
ZTF20aabqihu,events/ZTF20aabqihu.npz,TDE,TDE,core,31,16,15,True,TDE
ZTF18adallcx,events/ZTF18adallcx.npz,AGN,AGN,core,15,10,5,True,AGN
ZTF24abvftmi,events/ZTF24abvftmi.npz,SLSN-II,SNII,peculiar,43,22,21,True,SLSN
ZTF19aaladlt,events/ZTF19aaladlt.npz,SN II-pec,SNII,peculiar,12,7,5,True,SN_CC
ZTF20aaiawlj,events/ZTF20aaiawlj.npz,SN Ia,SNI,core,14,7,7,True,SN_Ia
ZTF18abeajml,events/ZTF18abeajml.npz,SN II,SNII,core,54,21,33,True,SN_CC
ZTF25aarrwlq,events/ZTF25aarrwlq.npz,SN Ia,SNI,core,24,9,15,True,SN_Ia
ZTF21abmdfyi,events/ZTF21abmdfyi.npz,SN II,SNII,core,16,6,10,True,SN_CC
ZTF22aadfbim,events/ZTF22aadfbim.npz,SN Ia,SNI,core,41,23,18,True,SN_Ia
ZTF19abgsyrp,events/ZTF19abgsyrp.npz,SN Ia,SNI,core,23,10,13,True,SN_Ia
ZTF19aazlpel,events/ZTF19aazlpel.npz,SN II,SNII,core,22,7,15,True,SN_CC
ZTF22aaedebi,events/ZTF22aaedebi.npz,SN II,SNII,core,24,11,13,True,SN_CC
ZTF21abccaue,events/ZTF21abccaue.npz,SN Ib,SNI,core,29,21,8,True,SN_CC
ZTF20abyxcib,events/ZTF20abyxcib.npz,SN Ia,SNI,core,65,27,38,True,SN_Ia
ZTF19aamjvie,events/ZTF19aamjvie.npz,SN Ia,SNI,core,60,30,30,True,SN_Ia
ZTF19abymhad,events/ZTF19abymhad.npz,SN Ia,SNI,core,12,5,7,True,SN_Ia
ZTF21aciobmz,events/ZTF21aciobmz.npz,SN IIP,SNII,core,20,9,11,True,SN_CC
ZTF24acacfhu,events/ZTF24acacfhu.npz,SN IIn,SNII,core,16,13,3,True,SN_CC
ZTF21aarasky,events/ZTF21aarasky.npz,SN IIb,SNII,core,10,5,5,True,SN_CC
ZTF24aaqzycc,events/ZTF24aaqzycc.npz,SN Ia-91T,SNI,core,34,17,17,True,SN_Ia
ZTF19aaxibpz,events/ZTF19aaxibpz.npz,SN Ia,SNI,core,21,10,11,True,SN_Ia
ZTF19acapech,events/ZTF19acapech.npz,SN IIn,SNII,core,54,27,27,True,SN_CC
ZTF18accwjiu,events/ZTF18accwjiu.npz,SN Ia,SNI,core,45,5,40,True,SN_Ia
ZTF22abykdbm,events/ZTF22abykdbm.npz,SN IIP,SNII,core,26,10,16,True,SN_CC
ZTF22aaagxuu,events/ZTF22aaagxuu.npz,SN Ia,SNI,core,21,10,11,True,SN_Ia
ZTF19aaoaaap,events/ZTF19aaoaaap.npz,SN Ia,SNI,core,12,8,4,True,SN_Ia
ZTF20acgsvwb,events/ZTF20acgsvwb.npz,SN Ia,SNI,core,22,9,13,True,SN_Ia
ZTF22aanczjk,events/ZTF22aanczjk.npz,SN Ia,SNI,core,9,6,3,True,SN_Ia
ZTF23aadvpwt,events/ZTF23aadvpwt.npz,SN Ia-91T,SNI,core,21,9,12,True,SN_Ia
ZTF20aaxagnm,events/ZTF20aaxagnm.npz,SN Ia,SNI,core,10,3,7,True,SN_Ia
ZTF20abhfrxt,events/ZTF20abhfrxt.npz,CV,CV,core,14,8,6,True,CV
ZTF23aavtugd,events/ZTF23aavtugd.npz,SN IIn,SNII,core,62,28,34,True,SN_CC
ZTF18acbuemc,events/ZTF18acbuemc.npz,SN II,SNII,core,16,5,11,True,SN_CC
ZTF22abyknqk,events/ZTF22abyknqk.npz,SN Ia,SNI,core,14,4,10,True,SN_Ia
ZTF21aagycrc,events/ZTF21aagycrc.npz,SN Ia,SNI,core,76,32,44,True,SN_Ia
ZTF23aacosic,events/ZTF23aacosic.npz,SN Ia,SNI,core,12,5,7,True,SN_Ia
ZTF22aadlmgg,events/ZTF22aadlmgg.npz,SN Ia-91bg,SNI,core,33,13,20,True,SN_Ia
ZTF24abgviom,events/ZTF24abgviom.npz,SN Ia,SNI,core,26,8,16,True,SN_Ia
ZTF23aaxldkr,events/ZTF23aaxldkr.npz,SN IIn,SNII,core,42,19,23,True,SN_CC
ZTF20acbttnt,events/ZTF20acbttnt.npz,SN Ia-91T,SNI,core,46,19,27,True,SN_Ia
ZTF21acqstfo,events/ZTF21acqstfo.npz,SN Ia,SNI,core,14,7,7,True,SN_Ia
ZTF21achzfpg,events/ZTF21achzfpg.npz,SN Ia,SNI,core,14,6,8,True,SN_Ia
ZTF18aagkwgz,events/ZTF18aagkwgz.npz,SN Ia,SNI,core,26,11,13,True,SN_Ia
ZTF18aacfonx,events/ZTF18aacfonx.npz,AGN,AGN,core,22,11,11,True,AGN
ZTF23aamskdj,events/ZTF23aamskdj.npz,SN II,SNII,core,95,16,79,True,SN_CC
ZTF20aattrkw,events/ZTF20aattrkw.npz,SN II,SNII,core,134,64,70,True,SN_CC
ZTF19aazdiwq,events/ZTF19aazdiwq.npz,SN Ia,SNI,core,24,11,13,True,SN_Ia
ZTF22abtekni,events/ZTF22abtekni.npz,SN Ia,SNI,core,19,5,14,True,SN_Ia
ZTF19acyflhv,events/ZTF19acyflhv.npz,SN Ia,SNI,core,8,4,4,True,SN_Ia
ZTF24abxvvfi,events/ZTF24abxvvfi.npz,SN Ia,SNI,core,38,23,15,True,SN_Ia
ZTF22aaoelte,events/ZTF22aaoelte.npz,SN Ia,SNI,core,27,11,16,True,SN_Ia
ZTF24aahxgoa,events/ZTF24aahxgoa.npz,SN II,SNII,core,62,29,31,True,SN_CC
ZTF19aaynsws,events/ZTF19aaynsws.npz,SN Ia,SNI,core,9,5,4,True,SN_Ia
ZTF21abbkefe,events/ZTF21abbkefe.npz,SN Ia,SNI,core,106,50,56,True,SN_Ia
ZTF22abvpklt,events/ZTF22abvpklt.npz,SN Ia,SNI,core,15,7,8,True,SN_Ia
ZTF20acbekkx,events/ZTF20acbekkx.npz,SN IIn,SNII,core,75,39,36,True,SN_CC
ZTF18aatrllk,events/ZTF18aatrllk.npz,SN Ia,SNI,core,8,5,3,True,SN_Ia
ZTF24abhwvrb,events/ZTF24abhwvrb.npz,SN II,SNII,core,13,4,9,True,SN_CC
ZTF24abhidcc,events/ZTF24abhidcc.npz,SN Ia,SNI,core,27,10,17,True,SN_Ia
ZTF19aacxrzt,events/ZTF19aacxrzt.npz,SN Ia,SNI,core,10,2,8,True,SN_Ia
ZTF25aafibim,events/ZTF25aafibim.npz,SN II,SNII,core,41,21,20,True,SN_CC
ZTF18acqppuj,events/ZTF18acqppuj.npz,SN II,SNII,core,17,5,12,True,SN_CC
ZTF24aaajtzg,events/ZTF24aaajtzg.npz,SN Ia,SNI,core,18,7,11,True,SN_Ia
ZTF20abjfufv,events/ZTF20abjfufv.npz,SN Ia,SNI,core,37,20,17,True,SN_Ia
ZTF20aayxdse,events/ZTF20aayxdse.npz,SN II,SNII,core,36,18,18,True,SN_CC
ZTF25aaxwrva,events/ZTF25aaxwrva.npz,SN Ibn,SNI,peculiar,29,15,14,True,SN_CC
ZTF24abfnkzm,events/ZTF24abfnkzm.npz,SN Ia,SNI,core,19,6,12,True,SN_Ia
ZTF25aadnxae,events/ZTF25aadnxae.npz,SN Ia-91T,SNI,core,42,17,25,True,SN_Ia
ZTF20aaumsrr,events/ZTF20aaumsrr.npz,SN Ia,SNI,core,34,19,15,True,SN_Ia
ZTF19aaphifl,events/ZTF19aaphifl.npz,SN Ia,SNI,core,14,4,10,True,SN_Ia
ZTF22abhodtl,events/ZTF22abhodtl.npz,SN Ia,SNI,core,33,16,17,True,SN_Ia
ZTF23abndgcq,events/ZTF23abndgcq.npz,SN Ia,SNI,core,20,10,10,True,SN_Ia
ZTF22aadksbz,events/ZTF22aadksbz.npz,SN II,SNII,core,34,17,17,True,SN_CC
ZTF20abrffom,events/ZTF20abrffom.npz,SN Ia-pec,SNI,core,35,18,17,True,SN_Ia
ZTF22aakrimd,events/ZTF22aakrimd.npz,SN Ia,SNI,core,37,18,19,True,SN_Ia
ZTF21acefcnp,events/ZTF21acefcnp.npz,SN Ia,SNI,core,18,7,11,True,SN_Ia
ZTF21abmwgow,events/ZTF21abmwgow.npz,SN Ia,SNI,core,10,4,6,True,SN_Ia
ZTF19abwsdic,events/ZTF19abwsdic.npz,SN Ia,SNI,core,15,8,7,True,SN_Ia
ZTF25aaluvkb,events/ZTF25aaluvkb.npz,SN Ia,SNI,core,25,15,10,True,SN_Ia
ZTF23abbimnx,events/ZTF23abbimnx.npz,SN Ia,SNI,core,45,18,27,True,SN_Ia
ZTF24abizspq,events/ZTF24abizspq.npz,SN Ia,SNI,core,36,14,22,True,SN_Ia
ZTF25abecbib,events/ZTF25abecbib.npz,SN Ibn,SNI,peculiar,79,42,37,True,SN_CC
ZTF21aaqvuyf,events/ZTF21aaqvuyf.npz,SN Ia,SNI,core,33,13,20,True,SN_Ia
ZTF23aaqhvds,events/ZTF23aaqhvds.npz,SN Ia,SNI,core,54,25,29,True,SN_Ia
ZTF20aagnbpw,events/ZTF20aagnbpw.npz,SN Ia,SNI,core,27,7,20,True,SN_Ia
ZTF25aaaawig,events/ZTF25aaaawig.npz,SN Ia,SNI,core,16,4,12,True,SN_Ia
ZTF22aalsbwt,events/ZTF22aalsbwt.npz,SN Ia,SNI,core,39,19,20,True,SN_Ia
ZTF25aagdrsk,events/ZTF25aagdrsk.npz,SN Ia,SNI,core,17,8,9,True,SN_Ia
ZTF22aadeslb,events/ZTF22aadeslb.npz,SN Ia,SNI,core,11,5,6,True,SN_Ia
ZTF25aajitmc,events/ZTF25aajitmc.npz,SN Ia,SNI,core,27,12,15,True,SN_Ia
ZTF20aauqrpe,events/ZTF20aauqrpe.npz,SN Ia,SNI,core,22,9,13,True,SN_Ia
ZTF23aajjxso,events/ZTF23aajjxso.npz,SN Ia,SNI,core,49,26,23,True,SN_Ia
ZTF19abuonnx,events/ZTF19abuonnx.npz,SN Ia,SNI,core,14,6,8,True,SN_Ia
ZTF23aatihwk,events/ZTF23aatihwk.npz,SN Ia,SNI,core,21,10,11,True,SN_Ia
ZTF23aaaasrd,events/ZTF23aaaasrd.npz,SN Ia-91bg,SNI,core,10,8,2,True,SN_Ia
ZTF19aauhhjy,events/ZTF19aauhhjy.npz,SN Ia,SNI,core,17,6,11,True,SN_Ia
ZTF24aaidwhg,events/ZTF24aaidwhg.npz,SN Ia-91T,SNI,core,12,7,5,True,SN_Ia
ZTF19abtnftd,events/ZTF19abtnftd.npz,SN Ia,SNI,core,33,16,17,True,SN_Ia
ZTF21abgzpii,events/ZTF21abgzpii.npz,SN Ia,SNI,core,70,7,63,True,SN_Ia
ZTF18abwktmm,events/ZTF18abwktmm.npz,SN Ia,SNI,core,13,7,6,True,SN_Ia
ZTF21abtwvyl,events/ZTF21abtwvyl.npz,SN Ia-pec,SNI,core,22,7,15,True,SN_Ia
ZTF25aaggkxk,events/ZTF25aaggkxk.npz,SN II,SNII,core,46,23,23,True,SN_CC
ZTF25aalycbc,events/ZTF25aalycbc.npz,SN Ia,SNI,core,11,5,6,True,SN_Ia
ZTF21aawzsew,events/ZTF21aawzsew.npz,SN Ia,SNI,core,38,17,21,True,SN_Ia
ZTF19aangier,events/ZTF19aangier.npz,SN Ia,SNI,core,23,12,11,True,SN_Ia
ZTF24abyystl,events/ZTF24abyystl.npz,SN Ia,SNI,core,18,11,7,True,SN_Ia
ZTF22aatuxpc,events/ZTF22aatuxpc.npz,SN Ia,SNI,core,33,13,20,True,SN_Ia
ZTF19aawrpwn,events/ZTF19aawrpwn.npz,CV,CV,core,36,17,19,True,CV
ZTF19aarhrru,events/ZTF19aarhrru.npz,AGN,AGN,core,9,4,5,True,AGN
ZTF18acnnxor,events/ZTF18acnnxor.npz,SN Ia,SNI,core,14,3,11,True,SN_Ia
ZTF22abzadkd,events/ZTF22abzadkd.npz,SN Ia,SNI,core,10,4,6,True,SN_Ia
ZTF20aaxxcms,events/ZTF20aaxxcms.npz,SN Ia,SNI,core,35,13,22,True,SN_Ia
ZTF23aafwsuu,events/ZTF23aafwsuu.npz,CV,CV,core,22,10,12,True,CV
ZTF19aayqait,events/ZTF19aayqait.npz,SN Ia,SNI,core,55,27,28,True,SN_Ia
ZTF20abedyov,events/ZTF20abedyov.npz,SN Ia,SNI,core,22,9,13,True,SN_Ia
ZTF19abctxhf,events/ZTF19abctxhf.npz,SN II,SNII,core,57,27,30,True,SN_CC
ZTF20abgevcw,events/ZTF20abgevcw.npz,SN Ia,SNI,core,50,22,28,True,SN_Ia
ZTF18abcyues,events/ZTF18abcyues.npz,SN II,SNII,core,13,6,7,True,SN_CC
ZTF22aasycgf,events/ZTF22aasycgf.npz,SN Ia,SNI,core,54,23,31,True,SN_Ia
ZTF21abboibr,events/ZTF21abboibr.npz,SN Ia,SNI,core,16,8,8,True,SN_Ia
ZTF19aaputrv,events/ZTF19aaputrv.npz,SN Ia-pec,SNI,core,17,6,11,True,SN_Ia
ZTF22aapqaqe,events/ZTF22aapqaqe.npz,SN IIP,SNII,core,67,35,32,True,SN_CC
ZTF20abefbpl,events/ZTF20abefbpl.npz,SN Ic,SNI,core,26,7,19,True,SN_CC
ZTF20aaxvzja,events/ZTF20aaxvzja.npz,SN Ib,SNI,core,28,10,18,True,SN_CC
ZTF21abmwzxt,events/ZTF21abmwzxt.npz,SN II,SNII,core,43,19,24,True,SN_CC
ZTF23aabtrno,events/ZTF23aabtrno.npz,SN Ia,SNI,core,9,4,5,True,SN_Ia
ZTF25aacnour,events/ZTF25aacnour.npz,SN Ia,SNI,core,27,12,15,True,SN_Ia
ZTF20acnywhz,events/ZTF20acnywhz.npz,SN Ia,SNI,core,21,9,12,True,SN_Ia
ZTF23abieafn,events/ZTF23abieafn.npz,SN Ia,SNI,core,23,11,12,True,SN_Ia
ZTF20acigusw,events/ZTF20acigusw.npz,SN II,SNII,core,8,4,4,True,SN_CC
ZTF23aacunui,events/ZTF23aacunui.npz,SN Ia,SNI,core,14,4,10,True,SN_Ia
ZTF22aacgcwv,events/ZTF22aacgcwv.npz,TDE,TDE,core,28,14,14,True,TDE
ZTF18aawgrxz,events/ZTF18aawgrxz.npz,SN II,SNII,core,55,21,34,True,SN_CC
ZTF18abtcikd,events/ZTF18abtcikd.npz,AGN,AGN,core,17,13,4,True,AGN
ZTF20aaemtgw,events/ZTF20aaemtgw.npz,SN Ia,SNI,core,30,15,15,True,SN_Ia
ZTF21aauapli,events/ZTF21aauapli.npz,SN Ia-91T,SNI,core,78,38,40,True,SN_Ia
ZTF18aaxcntm,events/ZTF18aaxcntm.npz,SN Ia,SNI,core,43,22,21,True,SN_Ia
ZTF20acordqz,events/ZTF20acordqz.npz,SN Ia,SNI,core,19,5,14,True,SN_Ia
ZTF21abqsysj,events/ZTF21abqsysj.npz,SN Ia-91T,SNI,core,59,29,30,True,SN_Ia
ZTF20abpmqnr,events/ZTF20abpmqnr.npz,SN IIn,SNII,core,82,40,42,True,SN_CC
ZTF23aadqctr,events/ZTF23aadqctr.npz,SN Ia,SNI,core,17,9,8,True,SN_Ia
ZTF23aaedsfn,events/ZTF23aaedsfn.npz,SN Ia,SNI,core,20,10,10,True,SN_Ia
ZTF25aabxywm,events/ZTF25aabxywm.npz,SN II,SNII,core,46,23,23,True,SN_CC
ZTF25aaipwch,events/ZTF25aaipwch.npz,SN Ia,SNI,core,16,8,8,True,SN_Ia
ZTF19aabyppp,events/ZTF19aabyppp.npz,SN Ia,SNI,core,35,17,18,True,SN_Ia
ZTF19aavnotr,events/ZTF19aavnotr.npz,CV,CV,core,13,7,6,True,CV
ZTF23abkoshi,events/ZTF23abkoshi.npz,SN II,SNII,core,21,6,15,True,SN_CC
ZTF23absjede,events/ZTF23absjede.npz,SN Ia,SNI,core,29,18,11,True,SN_Ia
ZTF22aadolby,events/ZTF22aadolby.npz,SN II,SNII,core,69,30,39,True,SN_CC
ZTF20achusux,events/ZTF20achusux.npz,SN II,SNII,core,73,36,37,True,SN_CC
ZTF25achwsgj,events/ZTF25achwsgj.npz,SN IIn,SNII,core,61,31,30,True,SN_CC
ZTF19abuejud,events/ZTF19abuejud.npz,SN Ia,SNI,core,11,6,5,True,SN_Ia
ZTF21aceztiz,events/ZTF21aceztiz.npz,SN Ia,SNI,core,19,10,9,True,SN_Ia
ZTF18aatpqxq,events/ZTF18aatpqxq.npz,SN Ia,SNI,core,16,10,6,True,SN_Ia
ZTF22aaagqvw,events/ZTF22aaagqvw.npz,SN Ic,SNI,core,9,4,5,True,SN_CC
ZTF19aavnwtf,events/ZTF19aavnwtf.npz,SN Ia,SNI,core,17,7,10,True,SN_Ia
ZTF21abuetwv,events/ZTF21abuetwv.npz,SN Ia,SNI,core,25,13,12,True,SN_Ia
ZTF22aadevoi,events/ZTF22aadevoi.npz,SN Ia,SNI,core,12,5,7,True,SN_Ia
ZTF23aakbqgc,events/ZTF23aakbqgc.npz,SN Ia,SNI,core,17,14,3,True,SN_Ia
ZTF20abxyifx,events/ZTF20abxyifx.npz,SN II,SNII,core,46,21,25,True,SN_CC
ZTF20aagzzbi,events/ZTF20aagzzbi.npz,SN Ia,SNI,core,15,9,6,True,SN_Ia
ZTF21abaiicy,events/ZTF21abaiicy.npz,SN Ia,SNI,core,14,7,7,True,SN_Ia
ZTF20aboytzr,events/ZTF20aboytzr.npz,SN Ia,SNI,core,18,8,10,True,SN_Ia
ZTF21aapvxnf,events/ZTF21aapvxnf.npz,SN Ia-91T,SNI,core,38,19,19,True,SN_Ia
ZTF25acdesme,events/ZTF25acdesme.npz,SN Ia,SNI,core,28,12,16,True,SN_Ia
ZTF24aatwwpj,events/ZTF24aatwwpj.npz,SN Ia,SNI,core,37,17,20,True,SN_Ia
ZTF19abiszoe,events/ZTF19abiszoe.npz,SN IIn,SNII,core,10,5,5,True,SN_CC
ZTF19abaejrh,events/ZTF19abaejrh.npz,SN Ia,SNI,core,13,5,8,True,SN_Ia
ZTF20acuaqlf,events/ZTF20acuaqlf.npz,SN II,SNII,core,28,15,13,True,SN_CC
ZTF19aaptzar,events/ZTF19aaptzar.npz,SN Ia,SNI,core,19,7,12,True,SN_Ia
ZTF21aayqycm,events/ZTF21aayqycm.npz,SN Ia,SNI,core,19,10,9,True,SN_Ia
ZTF21aakymbv,events/ZTF21aakymbv.npz,SN Ic,SNI,core,16,8,8,True,SN_CC
ZTF19abcekty,events/ZTF19abcekty.npz,SN II,SNII,core,44,19,25,True,SN_CC
ZTF22abaette,events/ZTF22abaette.npz,SN Ia,SNI,core,24,10,14,True,SN_Ia
ZTF23abahief,events/ZTF23abahief.npz,SN Ia,SNI,core,33,13,20,True,SN_Ia
ZTF23aalftvv,events/ZTF23aalftvv.npz,SN II,SNII,core,37,16,21,True,SN_CC
ZTF23aajaygo,events/ZTF23aajaygo.npz,SN Ia,SNI,core,27,11,16,True,SN_Ia
ZTF25abjvflp,events/ZTF25abjvflp.npz,SN Ia,SNI,core,9,4,5,True,SN_Ia
ZTF23abjikaf,events/ZTF23abjikaf.npz,SN IIn,SNII,core,39,19,20,True,SN_CC
ZTF23aabksje,events/ZTF23aabksje.npz,SN II,SNII,core,36,17,19,True,SN_CC
ZTF21achxlkq,events/ZTF21achxlkq.npz,SN Ia,SNI,core,22,10,12,True,SN_Ia
ZTF23aaoihto,events/ZTF23aaoihto.npz,SN II,SNII,core,180,27,153,True,SN_CC
ZTF22abyhxlt,events/ZTF22abyhxlt.npz,SN Ia,SNI,core,9,5,4,True,SN_Ia
ZTF22aabvetw,events/ZTF22aabvetw.npz,SN Ia,SNI,core,18,5,13,True,SN_Ia
ZTF18aaqkoyr,events/ZTF18aaqkoyr.npz,SN II,SNII,core,19,6,13,True,SN_CC
ZTF19aapreis,events/ZTF19aapreis.npz,TDE,TDE,core,34,15,19,True,TDE
ZTF21abqueax,events/ZTF21abqueax.npz,SN Ia,SNI,core,23,11,12,True,SN_Ia
ZTF19abrogbl,events/ZTF19abrogbl.npz,SN Ia,SNI,core,54,30,24,True,SN_Ia
ZTF25abzklfa,events/ZTF25abzklfa.npz,SN II,SNII,core,82,35,47,True,SN_CC
ZTF23ablpfnb,events/ZTF23ablpfnb.npz,SN Ia,SNI,core,26,12,14,True,SN_Ia
ZTF22aaahhbo,events/ZTF22aaahhbo.npz,SN II,SNII,core,24,10,14,True,SN_CC
ZTF21aawlwoy,events/ZTF21aawlwoy.npz,SN Ia,SNI,core,31,15,16,True,SN_Ia
ZTF23aaeebxm,events/ZTF23aaeebxm.npz,SN Ib,SNI,core,22,9,13,True,SN_CC
ZTF19ablqnuw,events/ZTF19ablqnuw.npz,SN Ia,SNI,core,14,4,10,True,SN_Ia
ZTF21aacxung,events/ZTF21aacxung.npz,SN Ia,SNI,core,27,11,16,True,SN_Ia
ZTF21aadkgpm,events/ZTF21aadkgpm.npz,SN Ia,SNI,core,40,20,20,True,SN_Ia
ZTF24abnfurd,events/ZTF24abnfurd.npz,SN Ia,SNI,core,17,5,12,True,SN_Ia
ZTF25aaazubi,events/ZTF25aaazubi.npz,SN Ia,SNI,core,19,5,14,True,SN_Ia
ZTF23aadnpbq,events/ZTF23aadnpbq.npz,SN Ia,SNI,core,23,7,16,True,SN_Ia
ZTF23aaeklqg,events/ZTF23aaeklqg.npz,SN II,SNII,core,48,10,38,True,SN_CC
ZTF24abyfijk,events/ZTF24abyfijk.npz,SN Ia,SNI,core,25,13,12,True,SN_Ia
ZTF23aafxfeu,events/ZTF23aafxfeu.npz,SN Ia-91bg,SNI,core,15,5,10,True,SN_Ia
ZTF25aafkxdu,events/ZTF25aafkxdu.npz,SN Ib,SNI,core,20,9,11,True,SN_CC
ZTF19abcncdg,events/ZTF19abcncdg.npz,SN Ia,SNI,core,13,6,7,True,SN_Ia
ZTF24aahgncc,events/ZTF24aahgncc.npz,SN Ia,SNI,core,22,13,9,True,SN_Ia
ZTF25achlrsy,events/ZTF25achlrsy.npz,SN Ic,SNI,core,14,7,7,True,SN_CC
ZTF24abryzhm,events/ZTF24abryzhm.npz,SN Ia,SNI,core,23,12,11,True,SN_Ia
ZTF22abmiohu,events/ZTF22abmiohu.npz,SN Ia,SNI,core,78,35,43,True,SN_Ia
ZTF18abgmcmv,events/ZTF18abgmcmv.npz,SN Ia-91T,SNI,core,66,35,31,True,SN_Ia
ZTF19abnacvf,events/ZTF19abnacvf.npz,SLSN-I,NOVEL,novel,30,14,16,True,SLSN
ZTF25absqinr,events/ZTF25absqinr.npz,SN II,SNII,core,35,13,22,True,SN_CC
ZTF23abjzkmx,events/ZTF23abjzkmx.npz,SN Ib,SNI,core,21,9,12,True,SN_CC
ZTF22aanzset,events/ZTF22aanzset.npz,SN Ia,SNI,core,16,14,2,True,SN_Ia
ZTF24ablxkvj,events/ZTF24ablxkvj.npz,SN Ia,SNI,core,20,9,11,True,SN_Ia
ZTF21aaqftuq,events/ZTF21aaqftuq.npz,SN Ia-91T,SNI,core,79,12,67,True,SN_Ia
ZTF25aazxxqi,events/ZTF25aazxxqi.npz,SN Ia,SNI,core,33,14,19,True,SN_Ia
ZTF18abygcwk,events/ZTF18abygcwk.npz,CV,CV,core,8,4,4,True,CV
ZTF19aavkvpw,events/ZTF19aavkvpw.npz,SN Ic-BL,SNI,core,23,10,13,True,SN_CC
ZTF19abjibet,events/ZTF19abjibet.npz,SN Ia,SNI,core,95,44,51,True,SN_Ia
ZTF22aadionf,events/ZTF22aadionf.npz,SN Ia,SNI,core,9,5,4,True,SN_Ia
ZTF22aavdiim,events/ZTF22aavdiim.npz,SN Ia,SNI,core,36,14,22,True,SN_Ia
ZTF23aaclyrt,events/ZTF23aaclyrt.npz,SN Ia,SNI,core,20,7,13,True,SN_Ia
ZTF21achplgf,events/ZTF21achplgf.npz,SN Ia,SNI,core,40,16,24,True,SN_Ia
ZTF18aaxdrjn,events/ZTF18aaxdrjn.npz,SN Ia,SNI,core,40,16,24,True,SN_Ia
ZTF21aappktx,events/ZTF21aappktx.npz,SN Ia,SNI,core,31,16,15,True,SN_Ia
ZTF19abjarhj,events/ZTF19abjarhj.npz,SN Ia-91T,SNI,core,27,15,12,True,SN_Ia
ZTF24aagtgij,events/ZTF24aagtgij.npz,SN Ia,SNI,core,8,2,6,True,SN_Ia
ZTF19aamvape,events/ZTF19aamvape.npz,SN II,SNII,core,62,29,33,True,SN_CC
ZTF19abpbbxx,events/ZTF19abpbbxx.npz,SN Ia,SNI,core,22,8,14,True,SN_Ia
ZTF21aaxxjen,events/ZTF21aaxxjen.npz,SN Ia,SNI,core,22,10,12,True,SN_Ia
ZTF18aawmxdx,events/ZTF18aawmxdx.npz,SN Ia,SNI,core,21,9,12,True,SN_Ia
ZTF25aalsxks,events/ZTF25aalsxks.npz,SN Ia,SNI,core,16,8,8,True,SN_Ia
ZTF25aaqyssy,events/ZTF25aaqyssy.npz,SN Ia,SNI,core,33,19,14,True,SN_Ia
ZTF20aayvqhl,events/ZTF20aayvqhl.npz,SN Ia,SNI,core,13,6,7,True,SN_Ia
ZTF21abhqqfa,events/ZTF21abhqqfa.npz,SN IIn,SNII,core,37,19,18,True,SN_CC
ZTF19acruaaa,events/ZTF19acruaaa.npz,SN Ia,SNI,core,33,14,19,True,SN_Ia
ZTF19aamfupg,events/ZTF19aamfupg.npz,CV,CV,core,8,5,3,True,CV
ZTF18accnoli,events/ZTF18accnoli.npz,SN II,SNII,core,29,14,15,True,SN_CC
ZTF23aaavxye,events/ZTF23aaavxye.npz,SN IIP,SNII,core,30,12,18,True,SN_CC
ZTF22abeioig,events/ZTF22abeioig.npz,SN Ia,SNI,core,17,11,6,True,SN_Ia
ZTF18abtzzka,events/ZTF18abtzzka.npz,SN Ia-91T,SNI,core,44,26,18,True,SN_Ia
ZTF23abankfn,events/ZTF23abankfn.npz,SN Ia-91T,SNI,core,48,25,23,True,SN_Ia
ZTF24abxylal,events/ZTF24abxylal.npz,SN II,SNII,core,36,17,19,True,SN_CC
ZTF21aaaubig,events/ZTF21aaaubig.npz,SN Ic,SNI,core,52,24,28,True,SN_CC
ZTF20acjutba,events/ZTF20acjutba.npz,SN Ia,SNI,core,22,10,12,True,SN_Ia
ZTF23abhyssf,events/ZTF23abhyssf.npz,SN II,SNII,core,130,22,108,True,SN_CC
ZTF18aaqfqaa,events/ZTF18aaqfqaa.npz,SN II,SNII,core,37,17,20,True,SN_CC
ZTF25ablmtlg,events/ZTF25ablmtlg.npz,SN Ia,SNI,core,34,15,19,True,SN_Ia
ZTF23abrrdxz,events/ZTF23abrrdxz.npz,SN Ia,SNI,core,12,5,7,True,SN_Ia
ZTF19aakxogv,events/ZTF19aakxogv.npz,AGN,AGN,core,11,5,6,True,AGN
ZTF20abgtvhl,events/ZTF20abgtvhl.npz,SN II,SNII,core,123,41,82,True,SN_CC
ZTF19ablfcjr,events/ZTF19ablfcjr.npz,SN Ia,SNI,core,16,7,9,True,SN_Ia
ZTF22abfunyc,events/ZTF22abfunyc.npz,SN Ia,SNI,core,25,14,11,True,SN_Ia
ZTF19acxlcdz,events/ZTF19acxlcdz.npz,SN Ia,SNI,core,39,10,29,True,SN_Ia
ZTF19abpztlw,events/ZTF19abpztlw.npz,SN Ia,SNI,core,22,7,15,True,SN_Ia
ZTF20accovje,events/ZTF20accovje.npz,SN Ia,SNI,core,29,16,13,True,SN_Ia
ZTF20abisvtr,events/ZTF20abisvtr.npz,SN Ia,SNI,core,33,14,19,True,SN_Ia
ZTF20aandwrl,events/ZTF20aandwrl.npz,SN Ia,SNI,core,53,26,27,True,SN_Ia
ZTF25aalzmga,events/ZTF25aalzmga.npz,SN II,SNII,core,59,30,29,True,SN_CC
ZTF20aawbodq,events/ZTF20aawbodq.npz,CV,CV,core,17,9,8,True,CV
ZTF25aaylgpw,events/ZTF25aaylgpw.npz,SN Ia,SNI,core,67,33,34,True,SN_Ia
ZTF25aavhjcz,events/ZTF25aavhjcz.npz,SN Ia,SNI,core,23,8,15,True,SN_Ia
ZTF24aaotzpd,events/ZTF24aaotzpd.npz,SN II,SNII,core,46,17,29,True,SN_CC
ZTF19adannbl,events/ZTF19adannbl.npz,SN IIn,SNII,core,19,9,10,True,SN_CC
ZTF23aajfdxf,events/ZTF23aajfdxf.npz,SN Ib,SNI,core,21,11,10,True,SN_CC
ZTF23abfpegt,events/ZTF23abfpegt.npz,SN IIb,SNII,core,44,22,22,True,SN_CC
ZTF19abzipjc,events/ZTF19abzipjc.npz,CV,CV,core,29,14,15,True,CV
ZTF20aabqbxm,events/ZTF20aabqbxm.npz,SN Iax,SNI,peculiar,16,7,9,True,SN_Ia
ZTF19abisbgx,events/ZTF19abisbgx.npz,SN Ia,SNI,core,10,5,5,True,SN_Ia
ZTF22aaaeiag,events/ZTF22aaaeiag.npz,SN Ia,SNI,core,11,3,8,True,SN_Ia
ZTF21aagbeah,events/ZTF21aagbeah.npz,SN II,SNII,core,33,14,19,True,SN_CC
ZTF23abjexnw,events/ZTF23abjexnw.npz,SN Ia,SNI,core,38,19,19,True,SN_Ia
ZTF22abzvyku,events/ZTF22abzvyku.npz,SN Ia,SNI,core,15,5,10,True,SN_Ia
ZTF19abrtjsf,events/ZTF19abrtjsf.npz,SN IIP,SNII,core,14,6,8,True,SN_CC
ZTF25ablufrt,events/ZTF25ablufrt.npz,SN Ia,SNI,core,34,16,18,True,SN_Ia
ZTF24aarecvo,events/ZTF24aarecvo.npz,SN Ia,SNI,core,20,12,8,True,SN_Ia
ZTF25acibrgc,events/ZTF25acibrgc.npz,SN Ia,SNI,core,21,7,14,True,SN_Ia
ZTF25aadlcbi,events/ZTF25aadlcbi.npz,SN Ia,SNI,core,32,10,22,True,SN_Ia
ZTF22abllclb,events/ZTF22abllclb.npz,SN Ic,SNI,core,19,9,10,True,SN_CC
ZTF24aaerzgo,events/ZTF24aaerzgo.npz,SN II,SNII,core,29,11,18,True,SN_CC
ZTF25aabjdvo,events/ZTF25aabjdvo.npz,SN Ia,SNI,core,10,6,4,True,SN_Ia
ZTF22aadnqsf,events/ZTF22aadnqsf.npz,SN II,SNII,core,95,44,51,True,SN_CC
ZTF25aaqvrbi,events/ZTF25aaqvrbi.npz,SN Ia-91T,SNI,core,11,5,6,True,SN_Ia
ZTF21abxdcmp,events/ZTF21abxdcmp.npz,SN Ia,SNI,core,22,8,14,True,SN_Ia
ZTF25aaqylva,events/ZTF25aaqylva.npz,SN Ia,SNI,core,37,18,19,True,SN_Ia
ZTF18ablwafp,events/ZTF18ablwafp.npz,SLSN-I,NOVEL,novel,34,16,18,True,SLSN
ZTF19aaxyukr,events/ZTF19aaxyukr.npz,SN Ia,SNI,core,17,7,10,True,SN_Ia
ZTF20aahcslg,events/ZTF20aahcslg.npz,CV,CV,core,11,4,7,True,CV
ZTF25aaspxly,events/ZTF25aaspxly.npz,SN Ia,SNI,core,23,11,12,True,SN_Ia
ZTF25aaqoukg,events/ZTF25aaqoukg.npz,SN Ia,SNI,core,45,21,24,True,SN_Ia
ZTF25aaittqc,events/ZTF25aaittqc.npz,SN Ia,SNI,core,28,17,11,True,SN_Ia
ZTF18adcdcrd,events/ZTF18adcdcrd.npz,SN Ia,SNI,core,28,13,15,True,SN_Ia
ZTF19abqviuy,events/ZTF19abqviuy.npz,SN Ia,SNI,core,34,17,17,True,SN_Ia
ZTF21abmwmnp,events/ZTF21abmwmnp.npz,SN Ia,SNI,core,19,10,9,True,SN_Ia
ZTF20acynlkj,events/ZTF20acynlkj.npz,SN Ia,SNI,core,18,9,9,True,SN_Ia
ZTF24abrossu,events/ZTF24abrossu.npz,SN Ia,SNI,core,27,14,13,True,SN_Ia
ZTF20aaactgu,events/ZTF20aaactgu.npz,SN Ia,SNI,core,23,9,14,True,SN_Ia
ZTF22abybbud,events/ZTF22abybbud.npz,SN II,SNII,core,26,12,14,True,SN_CC
ZTF23aaaatee,events/ZTF23aaaatee.npz,SN Ia,SNI,core,24,13,11,True,SN_Ia
ZTF23abarweh,events/ZTF23abarweh.npz,SN Ia,SNI,core,15,7,8,True,SN_Ia
ZTF18acnncve,events/ZTF18acnncve.npz,SN Ib,SNI,core,15,4,11,True,SN_CC
ZTF22abiwwyf,events/ZTF22abiwwyf.npz,SN II,SNII,core,41,15,26,True,SN_CC
ZTF19abwswzb,events/ZTF19abwswzb.npz,SN Ia,SNI,core,60,29,31,True,SN_Ia
ZTF20acvkqxy,events/ZTF20acvkqxy.npz,SN Ia,SNI,core,10,6,4,True,SN_Ia
ZTF18acyctqi,events/ZTF18acyctqi.npz,SN Ia,SNI,core,16,8,8,True,SN_Ia
ZTF19abpxttd,events/ZTF19abpxttd.npz,SN Ia,SNI,core,15,8,7,True,SN_Ia
ZTF19acsbxgw,events/ZTF19acsbxgw.npz,SN Ia,SNI,core,23,16,7,True,SN_Ia
ZTF23aaemgto,events/ZTF23aaemgto.npz,SN Ia,SNI,core,48,18,30,True,SN_Ia
ZTF22abcckha,events/ZTF22abcckha.npz,SN Ia,SNI,core,21,15,6,True,SN_Ia
ZTF21abrluay,events/ZTF21abrluay.npz,SN II,SNII,core,61,28,33,True,SN_CC
ZTF21acjxjpu,events/ZTF21acjxjpu.npz,SN Ic,SNI,core,11,6,5,True,SN_CC
ZTF24aaejwkz,events/ZTF24aaejwkz.npz,SN Ia,SNI,core,23,14,6,True,SN_Ia
ZTF24aasqeih,events/ZTF24aasqeih.npz,SLSN-I,NOVEL,novel,17,8,9,True,SLSN
ZTF21abjbrrj,events/ZTF21abjbrrj.npz,SN Ia,SNI,core,16,8,8,True,SN_Ia
ZTF19aakyxsq,events/ZTF19aakyxsq.npz,SN Ia,SNI,core,21,6,15,True,SN_Ia
ZTF20aaawbxl,events/ZTF20aaawbxl.npz,SN Ia,SNI,core,11,3,8,True,SN_Ia
ZTF22aawfjnt,events/ZTF22aawfjnt.npz,SN Ia,SNI,core,30,14,16,True,SN_Ia
ZTF24aawxpeu,events/ZTF24aawxpeu.npz,SN Ia,SNI,core,28,12,16,True,SN_Ia
ZTF21abpvssa,events/ZTF21abpvssa.npz,SN Ia-pec,SNI,core,119,52,67,True,SN_Ia
ZTF22aaohzok,events/ZTF22aaohzok.npz,SN Ia,SNI,core,25,8,17,True,SN_Ia
ZTF23abawdgm,events/ZTF23abawdgm.npz,SN IIP,SNII,core,49,24,25,True,SN_CC
ZTF19aaknign,events/ZTF19aaknign.npz,SN Ia,SNI,core,11,4,7,True,SN_Ia
ZTF21abplypq,events/ZTF21abplypq.npz,SN II,SNII,core,26,9,17,True,SN_CC
ZTF19aamaeve,events/ZTF19aamaeve.npz,SN Ia,SNI,core,16,6,10,True,SN_Ia
ZTF20aaumlmu,events/ZTF20aaumlmu.npz,SN II,SNII,core,19,8,11,True,SN_CC
ZTF24abvzghz,events/ZTF24abvzghz.npz,SN Ia-pec,SNI,core,14,7,7,True,SN_Ia
ZTF18acdzzyf,events/ZTF18acdzzyf.npz,SN Ia,SNI,core,15,4,11,True,SN_Ia
ZTF21aamfcji,events/ZTF21aamfcji.npz,SN Ia,SNI,core,54,24,30,True,SN_Ia
ZTF25aafoang,events/ZTF25aafoang.npz,SN II,SNII,core,38,23,15,True,SN_CC
ZTF19acxpkpv,events/ZTF19acxpkpv.npz,SN Ia,SNI,core,37,22,15,True,SN_Ia
ZTF25aauijjd,events/ZTF25aauijjd.npz,SN Ia,SNI,core,51,23,28,True,SN_Ia
ZTF23abkornc,events/ZTF23abkornc.npz,SN II,SNII,core,26,11,15,True,SN_CC
ZTF22abyrovo,events/ZTF22abyrovo.npz,SN Ia,SNI,core,28,11,17,True,SN_Ia
ZTF24aarrkmj,events/ZTF24aarrkmj.npz,SN Ia,SNI,core,19,8,11,True,SN_Ia
ZTF23aaaahln,events/ZTF23aaaahln.npz,SN Ia,SNI,core,18,8,10,True,SN_Ia
ZTF25acehbsy,events/ZTF25acehbsy.npz,SN Ia,SNI,core,19,9,10,True,SN_Ia
ZTF20actnzxm,events/ZTF20actnzxm.npz,SN II,SNII,core,46,19,27,True,SN_CC
ZTF19abxihut,events/ZTF19abxihut.npz,SN Ia,SNI,core,14,7,7,True,SN_Ia
ZTF19abfvhlx,events/ZTF19abfvhlx.npz,SN Ia,SNI,core,17,10,7,True,SN_Ia
ZTF23abjrdne,events/ZTF23abjrdne.npz,SN Ia,SNI,core,48,24,24,True,SN_Ia
ZTF21aaespww,events/ZTF21aaespww.npz,SN Ia,SNI,core,38,16,22,True,SN_Ia
ZTF23aaxvgor,events/ZTF23aaxvgor.npz,SN Ia,SNI,core,10,7,3,True,SN_Ia
ZTF21acbjxhr,events/ZTF21acbjxhr.npz,SN Ia,SNI,core,17,7,10,True,SN_Ia
ZTF18abncdhd,events/ZTF18abncdhd.npz,SN Ia,SNI,core,15,13,2,True,SN_Ia
ZTF24aaupoie,events/ZTF24aaupoie.npz,SN Ia,SNI,core,52,28,24,True,SN_Ia
ZTF25aadlhzw,events/ZTF25aadlhzw.npz,SN II,SNII,core,78,34,44,True,SN_CC
ZTF25abmsmeg,events/ZTF25abmsmeg.npz,SN Ic,SNI,core,53,29,24,True,SN_CC
ZTF22aajltzm,events/ZTF22aajltzm.npz,CV,CV,core,33,12,21,True,CV
ZTF23aaabbwj,events/ZTF23aaabbwj.npz,SN Ia-91T,SNI,core,8,3,5,True,SN_Ia
ZTF22aagvtzz,events/ZTF22aagvtzz.npz,SN IIn,SNII,core,45,14,31,True,SN_CC
ZTF22abzqwmp,events/ZTF22abzqwmp.npz,SN II,SNII,core,17,8,9,True,SN_CC
ZTF19acyfkbf,events/ZTF19acyfkbf.npz,SN Ia,SNI,core,25,9,16,True,SN_Ia
ZTF18acpeemg,events/ZTF18acpeemg.npz,SN Ia,SNI,core,10,3,7,True,SN_Ia
ZTF19aaqtyku,events/ZTF19aaqtyku.npz,SN Ia,SNI,core,66,30,36,True,SN_Ia
ZTF20absvtnc,events/ZTF20absvtnc.npz,SN Ia,SNI,core,91,47,44,True,SN_Ia
ZTF21abcgnql,events/ZTF21abcgnql.npz,SN Ib,SNI,core,24,8,16,True,SN_CC
ZTF19aaoiawb,events/ZTF19aaoiawb.npz,AGN,AGN,core,12,8,4,True,AGN
ZTF21aagtqug,events/ZTF21aagtqug.npz,SN Ia-91bg,SNI,core,28,13,15,True,SN_Ia
ZTF24abqncdb,events/ZTF24abqncdb.npz,SN II,SNII,core,23,10,13,True,SN_CC
ZTF20acggxac,events/ZTF20acggxac.npz,SN Ia,SNI,core,26,10,16,True,SN_Ia
ZTF23aazjqov,events/ZTF23aazjqov.npz,SN Ia,SNI,core,42,16,26,True,SN_Ia
ZTF24abipjoh,events/ZTF24abipjoh.npz,SN Ia,SNI,core,73,24,45,True,SN_Ia
ZTF20acntqoh,events/ZTF20acntqoh.npz,SN Ia,SNI,core,23,7,16,True,SN_Ia
ZTF23abofyzh,events/ZTF23abofyzh.npz,SN Ia-91T,SNI,core,12,9,3,True,SN_Ia
ZTF21abjeyoh,events/ZTF21abjeyoh.npz,SN Ia,SNI,core,47,23,24,True,SN_Ia
ZTF22aaevwec,events/ZTF22aaevwec.npz,SN II,SNII,core,38,13,25,True,SN_CC
ZTF24aaadjyb,events/ZTF24aaadjyb.npz,SN IIb,SNII,core,10,4,6,True,SN_CC
ZTF21acgyzel,events/ZTF21acgyzel.npz,SN Ia,SNI,core,17,7,10,True,SN_Ia
ZTF22abdibiz,events/ZTF22abdibiz.npz,SN Ia,SNI,core,43,5,38,True,SN_Ia
ZTF22aandlod,events/ZTF22aandlod.npz,CV,CV,core,12,5,7,True,CV
ZTF24abzkfuo,events/ZTF24abzkfuo.npz,SN Ia,SNI,core,28,11,17,True,SN_Ia
ZTF20acvezdt,events/ZTF20acvezdt.npz,SN II,SNII,core,45,22,23,True,SN_CC
ZTF23abgwvkv,events/ZTF23abgwvkv.npz,SN Ia,SNI,core,13,7,6,True,SN_Ia
ZTF25aaudpzv,events/ZTF25aaudpzv.npz,SN Ia-91T,SNI,core,25,12,13,True,SN_Ia
ZTF22abdvqqn,events/ZTF22abdvqqn.npz,SN Ia,SNI,core,36,6,30,True,SN_Ia
ZTF23abhyxpr,events/ZTF23abhyxpr.npz,SN Ib,SNI,core,15,8,7,True,SN_CC
ZTF19acecluy,events/ZTF19acecluy.npz,SN II,SNII,core,39,11,28,True,SN_CC
ZTF22abmpqbq,events/ZTF22abmpqbq.npz,SN Ia,SNI,core,17,9,8,True,SN_Ia
ZTF22aayfpso,events/ZTF22aayfpso.npz,SN Ia,SNI,core,53,26,27,True,SN_Ia
ZTF21abdlrpr,events/ZTF21abdlrpr.npz,SN Ia,SNI,core,55,37,18,True,SN_Ia
ZTF25aaglicm,events/ZTF25aaglicm.npz,SN II,SNII,core,32,10,22,True,SN_CC
ZTF23aapkxkq,events/ZTF23aapkxkq.npz,SN II,SNII,core,16,8,8,True,SN_CC
ZTF18acbwxgn,events/ZTF18acbwxgn.npz,SN Ia,SNI,core,18,8,10,True,SN_Ia
ZTF21abrpdjh,events/ZTF21abrpdjh.npz,SN Ib/c,SNI,core,13,2,11,True,SN_CC
ZTF19aapcvxi,events/ZTF19aapcvxi.npz,SN Ia,SNI,core,11,5,6,True,SN_Ia
ZTF20aavpyxo,events/ZTF20aavpyxo.npz,SN II,SNII,core,34,15,19,True,SN_CC
ZTF22aazuowq,events/ZTF22aazuowq.npz,SN Ia,SNI,core,19,11,8,True,SN_Ia
ZTF22abgbbec,events/ZTF22abgbbec.npz,SN Ia,SNI,core,21,10,11,True,SN_Ia
ZTF24aatbbmg,events/ZTF24aatbbmg.npz,SN Ia,SNI,core,33,28,5,True,SN_Ia
ZTF23aaarwbd,events/ZTF23aaarwbd.npz,SN IIn,SNII,core,17,8,9,True,SN_CC
ZTF22abfytlh,events/ZTF22abfytlh.npz,SN Ia,SNI,core,24,12,12,True,SN_Ia
ZTF21acpfndw,events/ZTF21acpfndw.npz,SN Ia,SNI,core,24,14,10,True,SN_Ia
ZTF25aaqkhyr,events/ZTF25aaqkhyr.npz,SN Ia,SNI,core,17,8,9,True,SN_Ia
ZTF23abjvuwc,events/ZTF23abjvuwc.npz,SN IIn,SNII,core,48,27,21,True,SN_CC
ZTF21abexhlq,events/ZTF21abexhlq.npz,SN Ia,SNI,core,68,32,36,True,SN_Ia
ZTF20aahqbib,events/ZTF20aahqbib.npz,SN Ia,SNI,core,23,8,15,True,SN_Ia
ZTF21abngbrl,events/ZTF21abngbrl.npz,SN Ib,SNI,core,16,8,8,True,SN_CC
ZTF19ackjtfm,events/ZTF19ackjtfm.npz,SN II,SNII,core,26,11,15,True,SN_CC
ZTF24aaoudyz,events/ZTF24aaoudyz.npz,SN Ia-91bg,SNI,core,8,4,4,True,SN_Ia
ZTF22abevcjl,events/ZTF22abevcjl.npz,SN Ia,SNI,core,22,7,15,True,SN_Ia
ZTF22abwqedu,events/ZTF22abwqedu.npz,SN Ia,SNI,core,14,7,7,True,SN_Ia
ZTF19acbwhqc,events/ZTF19acbwhqc.npz,SN Ia,SNI,core,25,15,10,True,SN_Ia
ZTF24abrhwmu,events/ZTF24abrhwmu.npz,SN Ia,SNI,core,24,11,13,True,SN_Ia
ZTF18adbclkd,events/ZTF18adbclkd.npz,SN II,SNII,core,13,8,5,True,SN_CC
ZTF18abfzixe,events/ZTF18abfzixe.npz,SN IIP,SNII,core,21,6,15,True,SN_CC
ZTF22aajhtpy,events/ZTF22aajhtpy.npz,SN Ia,SNI,core,51,23,28,True,SN_Ia
ZTF24aauhawc,events/ZTF24aauhawc.npz,SN Ia,SNI,core,47,20,27,True,SN_Ia
ZTF20abjbiqf,events/ZTF20abjbiqf.npz,SN Ia,SNI,core,50,20,30,True,SN_Ia
ZTF23aatvksz,events/ZTF23aatvksz.npz,SN Ia,SNI,core,44,19,25,True,SN_Ia
ZTF22aaszlph,events/ZTF22aaszlph.npz,SN Ia,SNI,core,49,18,31,True,SN_Ia
ZTF20aadcbux,events/ZTF20aadcbux.npz,SN Ia,SNI,core,11,4,7,True,SN_Ia
ZTF21aaaecrv,events/ZTF21aaaecrv.npz,SN Ia,SNI,core,18,8,10,True,SN_Ia
ZTF25aanmgrm,events/ZTF25aanmgrm.npz,SN Ia,SNI,core,41,15,26,True,SN_Ia
ZTF23aaahmyn,events/ZTF23aaahmyn.npz,SN Ia,SNI,core,14,7,7,True,SN_Ia
ZTF23aalklzg,events/ZTF23aalklzg.npz,SN Ia,SNI,core,27,12,15,True,SN_Ia
ZTF20aaprrgg,events/ZTF20aaprrgg.npz,SN Ia,SNI,core,29,12,17,True,SN_Ia
ZTF21acjgqjl,events/ZTF21acjgqjl.npz,SN Ia,SNI,core,16,7,9,True,SN_Ia
ZTF25acgnldr,events/ZTF25acgnldr.npz,SN Ia,SNI,core,22,10,12,True,SN_Ia
ZTF22abynpmq,events/ZTF22abynpmq.npz,SN Ia,SNI,core,24,9,15,True,SN_Ia
ZTF25acamzgr,events/ZTF25acamzgr.npz,SN Ia,SNI,core,46,22,24,True,SN_Ia
ZTF18aatzygk,events/ZTF18aatzygk.npz,SN Ia,SNI,core,21,8,13,True,SN_Ia
ZTF19aarstfg,events/ZTF19aarstfg.npz,SN Ia,SNI,core,14,9,5,True,SN_Ia
ZTF24aaisnlp,events/ZTF24aaisnlp.npz,SN IIn,SNII,core,88,68,19,True,SN_CC
ZTF22abxsocn,events/ZTF22abxsocn.npz,SN Ia,SNI,core,13,6,7,True,SN_Ia
ZTF22aaabjxi,events/ZTF22aaabjxi.npz,SN Ia,SNI,core,9,3,6,True,SN_Ia
ZTF24aaaieeg,events/ZTF24aaaieeg.npz,SN II,SNII,core,31,13,18,True,SN_CC
ZTF22abbausm,events/ZTF22abbausm.npz,SN Ia,SNI,core,50,24,26,True,SN_Ia
ZTF20abeezca,events/ZTF20abeezca.npz,SN Ic,SNI,core,11,5,6,True,SN_CC
ZTF19aailqir,events/ZTF19aailqir.npz,SN Ia,SNI,core,11,4,7,True,SN_Ia
ZTF22abtcsar,events/ZTF22abtcsar.npz,SN Ia-91bg,SNI,core,17,8,9,True,SN_Ia
ZTF21abkzgae,events/ZTF21abkzgae.npz,SN Ia,SNI,core,37,18,19,True,SN_Ia
ZTF21abnlhxs,events/ZTF21abnlhxs.npz,SN II,SNII,core,60,32,28,True,SN_CC
ZTF24aaarwvd,events/ZTF24aaarwvd.npz,SN Ia,SNI,core,21,12,9,True,SN_Ia
ZTF21aazgkjf,events/ZTF21aazgkjf.npz,SN IIn,SNII,core,100,47,53,True,SN_CC
ZTF20actekrw,events/ZTF20actekrw.npz,SN Ic,SNI,core,18,5,13,True,SN_CC
ZTF20acgkbjz,events/ZTF20acgkbjz.npz,SN Ia,SNI,core,38,18,20,True,SN_Ia
ZTF18abjgzxw,events/ZTF18abjgzxw.npz,AGN,AGN,core,27,11,16,True,AGN
ZTF25aabotnk,events/ZTF25aabotnk.npz,SN Ia,SNI,core,15,5,10,True,SN_Ia
ZTF21aafgljq,events/ZTF21aafgljq.npz,SN Ia,SNI,core,50,22,28,True,SN_Ia
ZTF21abibhpm,events/ZTF21abibhpm.npz,SN Ia-pec,SNI,core,20,10,10,True,SN_Ia
ZTF19aagnhug,events/ZTF19aagnhug.npz,AGN,AGN,core,12,5,7,True,AGN
ZTF21achaxze,events/ZTF21achaxze.npz,SN Ia-91T,SNI,core,13,6,7,True,SN_Ia
ZTF21abjzkjf,events/ZTF21abjzkjf.npz,SN Ia,SNI,core,12,5,7,True,SN_Ia
ZTF19achjpyc,events/ZTF19achjpyc.npz,SN Ia-91T,SNI,core,12,4,8,True,SN_Ia
ZTF19acyltbi,events/ZTF19acyltbi.npz,SN Ia,SNI,core,25,13,12,True,SN_Ia
ZTF21aaekkbv,events/ZTF21aaekkbv.npz,SN Ia,SNI,core,23,10,13,True,SN_Ia
ZTF23aaqqfks,events/ZTF23aaqqfks.npz,SN Ia,SNI,core,12,5,7,True,SN_Ia
ZTF18acrhfbk,events/ZTF18acrhfbk.npz,AGN,AGN,core,20,10,10,True,AGN
ZTF20aaepsqa,events/ZTF20aaepsqa.npz,SN Ia,SNI,core,24,12,12,True,SN_Ia
ZTF19abgncfz,events/ZTF19abgncfz.npz,SN II,SNII,core,32,15,17,True,SN_CC
ZTF23aaabctl,events/ZTF23aaabctl.npz,SN Ia,SNI,core,18,10,8,True,SN_Ia
ZTF20achvere,events/ZTF20achvere.npz,SN Ia,SNI,core,19,9,10,True,SN_Ia
ZTF20aaezaxk,events/ZTF20aaezaxk.npz,SN Ia,SNI,core,18,10,8,True,SN_Ia
ZTF18abkwfxq,events/ZTF18abkwfxq.npz,AGN,AGN,core,11,6,5,True,AGN
ZTF19aazxcvl,events/ZTF19aazxcvl.npz,SN Ia,SNI,core,25,13,12,True,SN_Ia
ZTF25acgtjkh,events/ZTF25acgtjkh.npz,SN II,SNII,core,76,17,50,True,SN_CC
ZTF20abnmahn,events/ZTF20abnmahn.npz,SN Ia,SNI,core,56,26,30,True,SN_Ia
ZTF20aazpapu,events/ZTF20aazpapu.npz,SN Ia,SNI,core,21,12,9,True,SN_Ia
ZTF24aaupozr,events/ZTF24aaupozr.npz,SN II,SNII,core,45,33,12,True,SN_CC
ZTF20aasctts,events/ZTF20aasctts.npz,SN Ia-91T,SNI,core,78,33,45,True,SN_Ia
ZTF23aadcltm,events/ZTF23aadcltm.npz,SN II,SNII,core,29,10,19,True,SN_CC
ZTF18abixkdo,events/ZTF18abixkdo.npz,SN Ia,SNI,core,16,4,12,True,SN_Ia
ZTF25aboscbc,events/ZTF25aboscbc.npz,SN Ia,SNI,core,25,10,15,True,SN_Ia
ZTF19abdrwsz,events/ZTF19abdrwsz.npz,SN Ia,SNI,core,37,21,16,True,SN_Ia
ZTF25aatzejc,events/ZTF25aatzejc.npz,SN Ia,SNI,core,77,31,46,True,SN_Ia
ZTF23abavewn,events/ZTF23abavewn.npz,SN Ia,SNI,core,38,19,19,True,SN_Ia
ZTF18aawyjjq,events/ZTF18aawyjjq.npz,SN II,SNII,core,74,27,47,True,SN_CC
ZTF23abjrolk,events/ZTF23abjrolk.npz,SN Ic,SNI,core,19,9,10,True,SN_CC
ZTF18abxrngw,events/ZTF18abxrngw.npz,AGN,AGN,core,12,9,3,True,AGN
ZTF20acoyyly,events/ZTF20acoyyly.npz,SN Ia,SNI,core,23,7,16,True,SN_Ia
ZTF21abylukk,events/ZTF21abylukk.npz,SN Ia,SNI,core,20,10,10,True,SN_Ia
ZTF19aafncsv,events/ZTF19aafncsv.npz,SN Ia,SNI,core,16,8,8,True,SN_Ia
ZTF23aacaftn,events/ZTF23aacaftn.npz,SN Ia,SNI,core,8,3,5,True,SN_Ia
ZTF22aademuj,events/ZTF22aademuj.npz,SN Ia,SNI,core,22,10,12,True,SN_Ia
ZTF21aciluqg,events/ZTF21aciluqg.npz,SN II,SNII,core,20,10,10,True,SN_CC
ZTF19abjmnlw,events/ZTF19abjmnlw.npz,AGN,AGN,core,32,14,18,True,AGN
ZTF22aakynop,events/ZTF22aakynop.npz,SN Ia,SNI,core,39,19,20,True,SN_Ia
ZTF21aaxtsqe,events/ZTF21aaxtsqe.npz,SN Ia,SNI,core,18,9,9,True,SN_Ia
ZTF21acknxoo,events/ZTF21acknxoo.npz,SN Ia,SNI,core,13,7,6,True,SN_Ia
ZTF22abfzdkz,events/ZTF22abfzdkz.npz,SN II,SNII,core,60,32,28,True,SN_CC
ZTF18acahvwm,events/ZTF18acahvwm.npz,SN IIb,SNII,core,9,5,4,True,SN_CC
ZTF19abulzlj,events/ZTF19abulzlj.npz,SN Ia,SNI,core,60,28,32,True,SN_Ia
ZTF18acckoil,events/ZTF18acckoil.npz,SN Ia,SNI,core,16,7,9,True,SN_Ia
ZTF21aazebgh,events/ZTF21aazebgh.npz,SN Ia,SNI,core,23,11,12,True,SN_Ia
ZTF19abuhlxk,events/ZTF19abuhlxk.npz,SN Ia,SNI,core,86,44,42,True,SN_Ia
ZTF20aazhyrs,events/ZTF20aazhyrs.npz,SN Ib,SNI,core,16,5,11,True,SN_CC
ZTF24aahnutv,events/ZTF24aahnutv.npz,SLSN-I,NOVEL,novel,46,16,30,True,SLSN
ZTF18abqtnbk,events/ZTF18abqtnbk.npz,SN Ic-BL,SNI,core,12,6,6,True,SN_CC
ZTF18aasszwr,events/ZTF18aasszwr.npz,AGN,AGN,core,22,8,14,True,AGN
ZTF19acgpqxt,events/ZTF19acgpqxt.npz,SN Ia,SNI,core,19,7,12,True,SN_Ia
ZTF18aaunfqq,events/ZTF18aaunfqq.npz,SN Ia,SNI,core,22,8,14,True,SN_Ia
ZTF24aahlvgk,events/ZTF24aahlvgk.npz,SN Ia-pec,SNI,core,9,6,3,True,SN_Ia
ZTF24abllesy,events/ZTF24abllesy.npz,SN Ia,SNI,core,23,9,14,True,SN_Ia
ZTF22absxxub,events/ZTF22absxxub.npz,SN Ia,SNI,core,14,6,8,True,SN_Ia
ZTF21aamsiqk,events/ZTF21aamsiqk.npz,SN Ia,SNI,core,14,6,8,True,SN_Ia
ZTF20aapycrh,events/ZTF20aapycrh.npz,SN II,SNII,core,50,25,25,True,SN_CC
ZTF24abwsaxu,events/ZTF24abwsaxu.npz,SN Ic-BL,SNI,core,21,10,11,True,SN_CC
ZTF19acfrntd,events/ZTF19acfrntd.npz,SN Ia,SNI,core,14,4,10,True,SN_Ia
ZTF21aamzuxi,events/ZTF21aamzuxi.npz,SN II,SNII,core,53,26,27,True,SN_CC
ZTF23aaenexu,events/ZTF23aaenexu.npz,SN Ia,SNI,core,18,9,9,True,SN_Ia
ZTF24aaejvcx,events/ZTF24aaejvcx.npz,SN II,SNII,core,46,20,22,True,SN_CC
ZTF19abaosan,events/ZTF19abaosan.npz,SN Ia,SNI,core,47,21,26,True,SN_Ia
ZTF22abnelse,events/ZTF22abnelse.npz,SN Ia,SNI,core,35,15,20,True,SN_Ia
ZTF24abzasaz,events/ZTF24abzasaz.npz,SN Ia,SNI,core,17,9,8,True,SN_Ia
ZTF19aaqhmju,events/ZTF19aaqhmju.npz,AGN,AGN,core,11,6,5,True,AGN
ZTF22aaookol,events/ZTF22aaookol.npz,SN II,SNII,core,56,29,27,True,SN_CC
ZTF20acpkprl,events/ZTF20acpkprl.npz,SN Ia,SNI,core,21,10,11,True,SN_Ia
ZTF18ablpmiy,events/ZTF18ablpmiy.npz,CV,CV,core,10,5,5,True,CV
ZTF19aazrnvw,events/ZTF19aazrnvw.npz,CV,CV,core,10,4,6,True,CV
ZTF24aavzglr,events/ZTF24aavzglr.npz,SN Ia,SNI,core,22,9,13,True,SN_Ia
ZTF19adbricc,events/ZTF19adbricc.npz,SN Ia,SNI,core,36,10,26,True,SN_Ia
ZTF24abqxfrq,events/ZTF24abqxfrq.npz,SN Ia,SNI,core,32,15,17,True,SN_Ia
ZTF24aaxlnuv,events/ZTF24aaxlnuv.npz,SN Ia,SNI,core,39,18,21,True,SN_Ia
ZTF25abakxkw,events/ZTF25abakxkw.npz,SN II,SNII,core,122,60,62,True,SN_CC
ZTF22aajpdbs,events/ZTF22aajpdbs.npz,SN Ia,SNI,core,32,13,19,True,SN_Ia
ZTF18accjqzu,events/ZTF18accjqzu.npz,SN Ia,SNI,core,28,11,17,True,SN_Ia
ZTF20aahtjat,events/ZTF20aahtjat.npz,SN Ia,SNI,core,14,7,7,True,SN_Ia
ZTF22aadknec,events/ZTF22aadknec.npz,SN Ia,SNI,core,16,5,11,True,SN_Ia
ZTF22aamtomc,events/ZTF22aamtomc.npz,SN Ia,SNI,core,28,17,11,True,SN_Ia
ZTF25aadvjal,events/ZTF25aadvjal.npz,SN Ia,SNI,core,25,11,14,True,SN_Ia
ZTF23aaaasoh,events/ZTF23aaaasoh.npz,SN Ia,SNI,core,23,13,10,True,SN_Ia
ZTF23aamshoi,events/ZTF23aamshoi.npz,SN IIn,SNII,core,54,19,35,True,SN_CC
ZTF25aagacqk,events/ZTF25aagacqk.npz,SN Ia,SNI,core,12,4,8,True,SN_Ia
ZTF23aazskaz,events/ZTF23aazskaz.npz,SN Ia,SNI,core,35,14,21,True,SN_Ia
ZTF24abbcmal,events/ZTF24abbcmal.npz,SN Ia,SNI,core,35,18,17,True,SN_Ia
ZTF20acbjgoa,events/ZTF20acbjgoa.npz,SN II,SNII,core,24,7,17,True,SN_CC
ZTF22abfutah,events/ZTF22abfutah.npz,SN II,SNII,core,35,18,17,True,SN_CC
ZTF22abppdqh,events/ZTF22abppdqh.npz,SN Ia,SNI,core,34,14,20,True,SN_Ia
ZTF21acfjeqk,events/ZTF21acfjeqk.npz,SN Ia,SNI,core,10,4,6,True,SN_Ia
ZTF19abcegvm,events/ZTF19abcegvm.npz,SN Ic,SNI,core,34,16,18,True,SN_CC
ZTF25abjlntp,events/ZTF25abjlntp.npz,SN Ia,SNI,core,21,11,10,True,SN_Ia
ZTF21aagtuzm,events/ZTF21aagtuzm.npz,SN Ia,SNI,core,67,33,34,True,SN_Ia
ZTF23aaeozef,events/ZTF23aaeozef.npz,SN Ia,SNI,core,24,11,13,True,SN_Ia
ZTF19aavrcew,events/ZTF19aavrcew.npz,SN II,SNII,core,28,14,14,True,SN_CC
ZTF22abodqjf,events/ZTF22abodqjf.npz,SN Ia,SNI,core,32,13,19,True,SN_Ia
ZTF23aadmwpn,events/ZTF23aadmwpn.npz,SN Ia,SNI,core,14,8,6,True,SN_Ia
ZTF24aarxxmm,events/ZTF24aarxxmm.npz,SN II,SNII,core,60,34,24,True,SN_CC
ZTF21abychwq,events/ZTF21abychwq.npz,SN Ia,SNI,core,33,14,19,True,SN_Ia
ZTF24aadknte,events/ZTF24aadknte.npz,SN Ia,SNI,core,12,5,7,True,SN_Ia
ZTF20acjsazw,events/ZTF20acjsazw.npz,SN Ia,SNI,core,28,11,17,True,SN_Ia
ZTF20abqcvtk,events/ZTF20abqcvtk.npz,SN Ia,SNI,core,27,11,16,True,SN_Ia
ZTF24aaczgax,events/ZTF24aaczgax.npz,SN II,SNII,core,11,7,4,True,SN_CC
ZTF20acrheie,events/ZTF20acrheie.npz,SN Ia,SNI,core,16,6,10,True,SN_Ia
ZTF25aaaauxw,events/ZTF25aaaauxw.npz,SN Ia,SNI,core,24,9,15,True,SN_Ia
ZTF24aagiouv,events/ZTF24aagiouv.npz,SN Ia,SNI,core,20,9,11,True,SN_Ia
ZTF21aanehlz,events/ZTF21aanehlz.npz,CV,CV,core,65,30,35,True,CV
ZTF21aawqpuf,events/ZTF21aawqpuf.npz,SN Ia,SNI,core,29,16,13,True,SN_Ia
ZTF22aavcfed,events/ZTF22aavcfed.npz,SN Ia,SNI,core,34,18,16,True,SN_Ia
ZTF20acrhrcy,events/ZTF20acrhrcy.npz,SN Ia,SNI,core,14,6,8,True,SN_Ia
ZTF24abfmniy,events/ZTF24abfmniy.npz,SN Ia,SNI,core,52,25,26,True,SN_Ia
ZTF21aappehx,events/ZTF21aappehx.npz,SN Ia,SNI,core,9,4,5,True,SN_Ia
ZTF20acpgnej,events/ZTF20acpgnej.npz,SN Ia,SNI,core,42,19,23,True,SN_Ia
ZTF20aawmlfq,events/ZTF20aawmlfq.npz,SN Ia,SNI,core,61,27,34,True,SN_Ia
ZTF21achyvno,events/ZTF21achyvno.npz,SN Ia,SNI,core,19,11,8,True,SN_Ia
ZTF22aasthma,events/ZTF22aasthma.npz,SN Ia,SNI,core,15,8,7,True,SN_Ia
ZTF19acoxgqw,events/ZTF19acoxgqw.npz,SN Ia,SNI,core,8,4,4,True,SN_Ia
ZTF18abcfdzu,events/ZTF18abcfdzu.npz,SN IIP,SNII,core,94,43,51,True,SN_CC
ZTF18aaqjovh,events/ZTF18aaqjovh.npz,SN Ic-BL,SNI,core,18,6,12,True,SN_CC
ZTF19aafnend,events/ZTF19aafnend.npz,SN IIP,SNII,core,12,10,2,True,SN_CC
ZTF19aahsgka,events/ZTF19aahsgka.npz,SN Ia,SNI,core,23,15,8,True,SN_Ia
ZTF22abrexqa,events/ZTF22abrexqa.npz,SN II,SNII,core,28,9,19,True,SN_CC
ZTF22abnvncn,events/ZTF22abnvncn.npz,SN IIb,SNII,core,67,29,38,True,SN_CC
ZTF21aaunadg,events/ZTF21aaunadg.npz,SN Ia,SNI,core,141,68,73,True,SN_Ia
ZTF24abcbmug,events/ZTF24abcbmug.npz,SN II,SNII,core,79,39,38,True,SN_CC
ZTF21abqikvn,events/ZTF21abqikvn.npz,SN Ia,SNI,core,60,29,31,True,SN_Ia
ZTF19acxzmck,events/ZTF19acxzmck.npz,SN Ia,SNI,core,8,3,5,True,SN_Ia
ZTF22aadepde,events/ZTF22aadepde.npz,SN Ia,SNI,core,23,9,14,True,SN_Ia
ZTF18abucxcj,events/ZTF18abucxcj.npz,SN IIn,SNII,core,9,6,3,True,SN_CC
ZTF18acwyqeg,events/ZTF18acwyqeg.npz,SN Ia,SNI,core,14,8,6,True,SN_Ia
ZTF22aaptzap,events/ZTF22aaptzap.npz,SN II,SNII,core,42,13,29,True,SN_CC
ZTF21aaksblr,events/ZTF21aaksblr.npz,SN Ia,SNI,core,28,11,17,True,SN_Ia
ZTF25aaixrfr,events/ZTF25aaixrfr.npz,SLSN-II,SNII,peculiar,47,23,24,True,SLSN
ZTF18abupgps,events/ZTF18abupgps.npz,SN Ia-91T,SNI,core,9,4,5,True,SN_Ia
ZTF21acioiha,events/ZTF21acioiha.npz,SN Ia,SNI,core,15,7,8,True,SN_Ia
ZTF21abrthyb,events/ZTF21abrthyb.npz,CV,CV,core,19,10,9,True,CV
ZTF25ablxhsq,events/ZTF25ablxhsq.npz,TDE-H-He,TDE,peculiar,114,51,48,True,TDE
ZTF18aatrkga,events/ZTF18aatrkga.npz,SN Ia,SNI,core,59,25,34,True,SN_Ia
ZTF18abvfjwt,events/ZTF18abvfjwt.npz,SN Ic-BL,SNI,core,12,5,7,True,SN_CC
ZTF20acqpkxj,events/ZTF20acqpkxj.npz,CV,CV,core,23,10,13,True,CV
ZTF22aaijrul,events/ZTF22aaijrul.npz,SN Ia,SNI,core,31,12,19,True,SN_Ia
ZTF18absldfl,events/ZTF18absldfl.npz,SN II,SNII,core,34,14,20,True,SN_CC
ZTF19aatnfvj,events/ZTF19aatnfvj.npz,SN Ia,SNI,core,10,5,5,True,SN_Ia
ZTF24abcnhxx,events/ZTF24abcnhxx.npz,SN Ia,SNI,core,13,7,6,True,SN_Ia
ZTF23aahqvtz,events/ZTF23aahqvtz.npz,SN II,SNII,core,37,18,19,True,SN_CC
ZTF19abbwfgp,events/ZTF19abbwfgp.npz,SN II,SNII,core,44,22,22,True,SN_CC
ZTF21acfflog,events/ZTF21acfflog.npz,SN Ia,SNI,core,19,9,10,True,SN_Ia
ZTF21abamotd,events/ZTF21abamotd.npz,SN Ia,SNI,core,86,40,46,True,SN_Ia
ZTF22aaoxhuh,events/ZTF22aaoxhuh.npz,SN II,SNII,core,53,22,31,True,SN_CC
ZTF23abvokyz,events/ZTF23abvokyz.npz,SLSN-I,NOVEL,novel,19,10,9,True,SLSN
ZTF24aavzwkd,events/ZTF24aavzwkd.npz,SN Ia,SNI,core,44,20,24,True,SN_Ia
ZTF20aawxsit,events/ZTF20aawxsit.npz,SN Ia-pec,SNI,core,15,5,10,True,SN_Ia
ZTF24ablssfw,events/ZTF24ablssfw.npz,SN Ia,SNI,core,129,63,66,True,SN_Ia
ZTF22abfuyqr,events/ZTF22abfuyqr.npz,SN Ia,SNI,core,30,18,12,True,SN_Ia
ZTF20acggvnn,events/ZTF20acggvnn.npz,SN II,SNII,core,18,6,12,True,SN_CC
ZTF24aboqfdy,events/ZTF24aboqfdy.npz,SN II,SNII,core,65,32,33,True,SN_CC
ZTF23aaavzeq,events/ZTF23aaavzeq.npz,SN Ia,SNI,core,20,7,13,True,SN_Ia
ZTF23aaxadel,events/ZTF23aaxadel.npz,SN II,SNII,core,65,32,33,True,SN_CC
ZTF24aaztbct,events/ZTF24aaztbct.npz,SN Ic,SNI,core,16,9,7,True,SN_CC
ZTF21abidrcn,events/ZTF21abidrcn.npz,SN IIb,SNII,core,57,30,27,True,SN_CC
ZTF25aafhecq,events/ZTF25aafhecq.npz,SN Ia,SNI,core,23,13,10,True,SN_Ia
ZTF22aadiujq,events/ZTF22aadiujq.npz,SN Ia,SNI,core,17,10,7,True,SN_Ia
ZTF20abkfkze,events/ZTF20abkfkze.npz,CV,CV,core,9,5,4,True,CV
ZTF18adbckox,events/ZTF18adbckox.npz,SN Ia,SNI,core,17,7,10,True,SN_Ia
ZTF19acvtvlo,events/ZTF19acvtvlo.npz,SN Ia,SNI,core,15,4,11,True,SN_Ia
ZTF23absguth,events/ZTF23absguth.npz,SN Ia,SNI,core,35,19,16,True,SN_Ia
ZTF20aalxlis,events/ZTF20aalxlis.npz,SN Ic-BL,SNI,core,45,23,22,True,SN_CC
ZTF24abimnpm,events/ZTF24abimnpm.npz,SN Ia,SNI,core,26,12,14,True,SN_Ia
ZTF24absdppq,events/ZTF24absdppq.npz,SN Ia,SNI,core,11,9,2,True,SN_Ia
ZTF22abaxmks,events/ZTF22abaxmks.npz,SN Ia,SNI,core,11,9,2,True,SN_Ia
ZTF22aabnonm,events/ZTF22aabnonm.npz,SN Ia,SNI,core,11,4,7,True,SN_Ia
ZTF21aakjhcb,events/ZTF21aakjhcb.npz,SN Ia,SNI,core,33,12,21,True,SN_Ia
ZTF22aarynsk,events/ZTF22aarynsk.npz,SN II,SNII,core,41,19,22,True,SN_CC
ZTF24abbbttv,events/ZTF24abbbttv.npz,SN Ia,SNI,core,45,20,25,True,SN_Ia
ZTF24aaisoke,events/ZTF24aaisoke.npz,SN Ia,SNI,core,104,40,63,True,SN_Ia
ZTF23abrzezc,events/ZTF23abrzezc.npz,SN Ia,SNI,core,27,15,12,True,SN_Ia
ZTF23aafwvek,events/ZTF23aafwvek.npz,SN Ia,SNI,core,34,13,21,True,SN_Ia
ZTF19acbwejj,events/ZTF19acbwejj.npz,SN II,SNII,core,34,16,18,True,SN_CC
ZTF19acewuwn,events/ZTF19acewuwn.npz,SN II,SNII,core,47,23,24,True,SN_CC
ZTF19acxphhl,events/ZTF19acxphhl.npz,SN Ia,SNI,core,52,27,25,True,SN_Ia
ZTF23aaejvro,events/ZTF23aaejvro.npz,SN Ia,SNI,core,42,17,25,True,SN_Ia
ZTF24aahmyct,events/ZTF24aahmyct.npz,SN II,SNII,core,22,19,3,True,SN_CC
ZTF19abqxibq,events/ZTF19abqxibq.npz,SN Ib,SNI,core,36,16,20,True,SN_CC
ZTF22aakejxf,events/ZTF22aakejxf.npz,SN Ia-91bg,SNI,core,12,5,7,True,SN_Ia
ZTF21aaquiwu,events/ZTF21aaquiwu.npz,SN Ia,SNI,core,73,38,35,True,SN_Ia
ZTF19abgnuri,events/ZTF19abgnuri.npz,SN Ia,SNI,core,65,29,36,True,SN_Ia
ZTF20aahqcup,events/ZTF20aahqcup.npz,SN Ia,SNI,core,31,12,19,True,SN_Ia
ZTF25aafkcir,events/ZTF25aafkcir.npz,SN Ia,SNI,core,24,9,15,True,SN_Ia
ZTF24abnxrvh,events/ZTF24abnxrvh.npz,SN IIn,SNII,core,20,2,18,True,SN_CC
ZTF18acbvhfl,events/ZTF18acbvhfl.npz,SLSN-II,SNII,peculiar,30,15,15,True,SLSN
ZTF23aadwaiz,events/ZTF23aadwaiz.npz,SN II,SNII,core,20,9,11,True,SN_CC
ZTF19aapreza,events/ZTF19aapreza.npz,SN II,SNII,core,12,3,9,True,SN_CC
ZTF19abhphah,events/ZTF19abhphah.npz,SN Ia,SNI,core,127,60,67,True,SN_Ia
ZTF19aapcxiy,events/ZTF19aapcxiy.npz,SN Ia,SNI,core,10,4,6,True,SN_Ia
ZTF24aainaay,events/ZTF24aainaay.npz,SN Ia,SNI,core,27,13,14,True,SN_Ia
ZTF25abowvko,events/ZTF25abowvko.npz,SN Ia,SNI,core,19,7,12,True,SN_Ia
ZTF23aaiyexs,events/ZTF23aaiyexs.npz,SN Ia,SNI,core,19,9,10,True,SN_Ia
ZTF19adaiibn,events/ZTF19adaiibn.npz,AGN,AGN,core,10,4,6,True,AGN
ZTF24aaceash,events/ZTF24aaceash.npz,SN Ia,SNI,core,14,4,10,True,SN_Ia
ZTF20acfviac,events/ZTF20acfviac.npz,SN Ia,SNI,core,58,29,29,True,SN_Ia
ZTF22aaydcsb,events/ZTF22aaydcsb.npz,SN Ia,SNI,core,52,25,27,True,SN_Ia
ZTF18abtmbaz,events/ZTF18abtmbaz.npz,SN Ia,SNI,core,14,10,4,True,SN_Ia
ZTF23aapgswu,events/ZTF23aapgswu.npz,SN Ia,SNI,core,50,22,28,True,SN_Ia
ZTF24abtddls,events/ZTF24abtddls.npz,SN Ia,SNI,core,37,16,21,True,SN_Ia
ZTF21aarohyu,events/ZTF21aarohyu.npz,SN Ia,SNI,core,41,19,22,True,SN_Ia
ZTF23aamsddm,events/ZTF23aamsddm.npz,SN Ia,SNI,core,9,5,4,True,SN_Ia
ZTF25aanvpit,events/ZTF25aanvpit.npz,SN Ia,SNI,core,33,14,19,True,SN_Ia
ZTF25abxedzr,events/ZTF25abxedzr.npz,SN Ia,SNI,core,44,21,23,True,SN_Ia
ZTF20acwfcfs,events/ZTF20acwfcfs.npz,SN Ia,SNI,core,65,12,53,True,SN_Ia
ZTF20abpglei,events/ZTF20abpglei.npz,SN Ia,SNI,core,42,17,25,True,SN_Ia
ZTF20acptdpf,events/ZTF20acptdpf.npz,SN Ia,SNI,core,14,2,12,True,SN_Ia
ZTF20abzcsbt,events/ZTF20abzcsbt.npz,SN Ia,SNI,core,77,38,39,True,SN_Ia
ZTF21abfoace,events/ZTF21abfoace.npz,SN IIb,SNII,core,39,14,25,True,SN_CC
ZTF21aagycmk,events/ZTF21aagycmk.npz,SN Ia,SNI,core,16,7,9,True,SN_Ia
ZTF21acdmwae,events/ZTF21acdmwae.npz,SN Ia-SC,SNI,peculiar,30,14,16,True,SN_Ia
ZTF23aaylkdm,events/ZTF23aaylkdm.npz,SN Ia,SNI,core,19,9,10,True,SN_Ia
ZTF24aadkslj,events/ZTF24aadkslj.npz,SN Ia,SNI,core,41,21,19,True,SN_Ia
ZTF22abbiqoi,events/ZTF22abbiqoi.npz,SN Ia,SNI,core,18,10,8,True,SN_Ia
ZTF20acberbd,events/ZTF20acberbd.npz,SN Ia,SNI,core,43,17,26,True,SN_Ia
ZTF21aaabxbd,events/ZTF21aaabxbd.npz,SN IIn,SNII,core,58,27,31,True,SN_CC
ZTF20abxwreg,events/ZTF20abxwreg.npz,SN Ia,SNI,core,27,11,16,True,SN_Ia
ZTF25aacfbem,events/ZTF25aacfbem.npz,SN Ia,SNI,core,13,6,7,True,SN_Ia
ZTF19acgouje,events/ZTF19acgouje.npz,SN Ia,SNI,core,9,5,4,True,SN_Ia
ZTF19acmbiad,events/ZTF19acmbiad.npz,SN Ia,SNI,core,37,14,23,True,SN_Ia
ZTF25abzudli,events/ZTF25abzudli.npz,SN Ic,SNI,core,24,6,18,True,SN_CC
ZTF21aclzodp,events/ZTF21aclzodp.npz,SN Ia,SNI,core,26,14,12,True,SN_Ia
ZTF18accbppp,events/ZTF18accbppp.npz,SN Ia,SNI,core,11,5,6,True,SN_Ia
ZTF24aaxyrrd,events/ZTF24aaxyrrd.npz,SN II,SNII,core,70,31,37,True,SN_CC
ZTF18aajjhkq,events/ZTF18aajjhkq.npz,SN Ia,SNI,core,31,14,17,True,SN_Ia
ZTF21abatolf,events/ZTF21abatolf.npz,SN Ia,SNI,core,16,4,12,True,SN_Ia
ZTF22abyjfgt,events/ZTF22abyjfgt.npz,SN Ia,SNI,core,18,9,9,True,SN_Ia
ZTF20abisrhp,events/ZTF20abisrhp.npz,SN Ia,SNI,core,13,8,5,True,SN_Ia
ZTF22abzsylr,events/ZTF22abzsylr.npz,SN Ia,SNI,core,9,5,4,True,SN_Ia
ZTF22aaynpda,events/ZTF22aaynpda.npz,SN Ia,SNI,core,57,31,26,True,SN_Ia
ZTF20abgoocl,events/ZTF20abgoocl.npz,SN II,SNII,core,43,20,23,True,SN_CC
ZTF21abyonuw,events/ZTF21abyonuw.npz,SN Ia,SNI,core,27,12,15,True,SN_Ia
ZTF18abuhzfc,events/ZTF18abuhzfc.npz,SN Ia,SNI,core,24,11,13,True,SN_Ia
ZTF19aakzwao,events/ZTF19aakzwao.npz,SN Ia,SNI,core,45,18,27,True,SN_Ia
ZTF18acrxnme,events/ZTF18acrxnme.npz,SN Ia,SNI,core,9,5,4,True,SN_Ia
ZTF18aaqpeoq,events/ZTF18aaqpeoq.npz,SN Ia,SNI,core,23,9,14,True,SN_Ia
ZTF20acpkses,events/ZTF20acpkses.npz,SN II,SNII,core,32,13,19,True,SN_CC
ZTF25abyndsj,events/ZTF25abyndsj.npz,SN Ia,SNI,core,23,11,12,True,SN_Ia
ZTF20aauqhka,events/ZTF20aauqhka.npz,SN II,SNII,core,43,24,19,True,SN_CC
ZTF22abemgfd,events/ZTF22abemgfd.npz,SN Ia,SNI,core,53,25,28,True,SN_Ia
ZTF22abrbpyh,events/ZTF22abrbpyh.npz,SN Ia,SNI,core,23,12,11,True,SN_Ia
ZTF20acoqlrd,events/ZTF20acoqlrd.npz,SN Ia,SNI,core,25,8,17,True,SN_Ia
ZTF20acyrodl,events/ZTF20acyrodl.npz,SN Ia,SNI,core,16,8,8,True,SN_Ia
ZTF21acjoorl,events/ZTF21acjoorl.npz,SN Ic,SNI,core,15,7,8,True,SN_CC
ZTF19abcejlb,events/ZTF19abcejlb.npz,SN II,SNII,core,20,11,9,True,SN_CC
ZTF25acepuxi,events/ZTF25acepuxi.npz,SN Ia,SNI,core,34,15,19,True,SN_Ia
ZTF25abflwya,events/ZTF25abflwya.npz,SN Ia,SNI,core,26,13,13,True,SN_Ia
ZTF21aaetnfe,events/ZTF21aaetnfe.npz,SN Ia,SNI,core,37,17,20,True,SN_Ia
ZTF25aapenxt,events/ZTF25aapenxt.npz,SN Ia,SNI,core,29,10,19,True,SN_Ia
ZTF21achkgap,events/ZTF21achkgap.npz,SN Ia,SNI,core,32,12,20,True,SN_Ia
ZTF24absvzdo,events/ZTF24absvzdo.npz,SN Ia,SNI,core,22,10,12,True,SN_Ia
ZTF19abxqppy,events/ZTF19abxqppy.npz,SN IIb,SNII,core,9,4,5,True,SN_CC
ZTF22abcesfo,events/ZTF22abcesfo.npz,SN IIn,SNII,core,66,34,32,True,SN_CC
ZTF19abwrzqb,events/ZTF19abwrzqb.npz,CV,CV,core,9,4,5,True,CV
ZTF18aarxzmv,events/ZTF18aarxzmv.npz,SN Ia,SNI,core,21,11,10,True,SN_Ia
ZTF19acmbhvv,events/ZTF19acmbhvv.npz,SN Ia,SNI,core,10,5,5,True,SN_Ia
ZTF21abxnghi,events/ZTF21abxnghi.npz,SN Ia,SNI,core,22,9,13,True,SN_Ia
ZTF22aadlnaf,events/ZTF22aadlnaf.npz,SN Ia,SNI,core,30,10,20,True,SN_Ia
ZTF19aarkpif,events/ZTF19aarkpif.npz,SN Ia,SNI,core,20,6,14,True,SN_Ia
ZTF22aanrqje,events/ZTF22aanrqje.npz,SN II,SNII,core,60,8,52,True,SN_CC
ZTF18abotthj,events/ZTF18abotthj.npz,AGN,AGN,core,15,11,4,True,AGN
ZTF23aaikcdx,events/ZTF23aaikcdx.npz,SN Ia,SNI,core,33,16,17,True,SN_Ia
ZTF20abwkqxd,events/ZTF20abwkqxd.npz,SN Ia,SNI,core,57,23,34,True,SN_Ia
ZTF25abseeos,events/ZTF25abseeos.npz,SN Ia,SNI,core,25,10,15,True,SN_Ia
ZTF22abemgir,events/ZTF22abemgir.npz,SN Ia,SNI,core,21,12,9,True,SN_Ia
ZTF20abonvte,events/ZTF20abonvte.npz,SN IIn,SNII,core,55,26,29,True,SN_CC
ZTF25acgqggy,events/ZTF25acgqggy.npz,SN Ia-91T,SNI,core,45,21,24,True,SN_Ia
ZTF21achdxdn,events/ZTF21achdxdn.npz,SN Ia-91T,SNI,core,20,10,10,True,SN_Ia
ZTF19aaxhysx,events/ZTF19aaxhysx.npz,SN Ia,SNI,core,16,7,9,True,SN_Ia
ZTF20abuqali,events/ZTF20abuqali.npz,SN II,SNII,core,24,11,13,True,SN_CC
ZTF20aaivvwa,events/ZTF20aaivvwa.npz,SN Ia,SNI,core,12,8,4,True,SN_Ia
ZTF21aaagzee,events/ZTF21aaagzee.npz,SN Ia,SNI,core,23,11,12,True,SN_Ia
ZTF23abbakmt,events/ZTF23abbakmt.npz,SN Ia,SNI,core,28,13,15,True,SN_Ia
ZTF24ablroer,events/ZTF24ablroer.npz,SN Ia,SNI,core,25,9,16,True,SN_Ia
ZTF21acefkpy,events/ZTF21acefkpy.npz,SN Ia,SNI,core,22,6,16,True,SN_Ia
ZTF25acinunl,events/ZTF25acinunl.npz,SN Ia,SNI,core,17,10,7,True,SN_Ia
ZTF21aaagypx,events/ZTF21aaagypx.npz,SN IIP,SNII,core,94,39,55,True,SN_CC
ZTF23abtopsg,events/ZTF23abtopsg.npz,SN Ib,SNI,core,16,6,10,True,SN_CC
ZTF21aalyvyw,events/ZTF21aalyvyw.npz,SN Ia,SNI,core,23,8,15,True,SN_Ia
ZTF20aamenwg,events/ZTF20aamenwg.npz,SN Ia,SNI,core,11,5,6,True,SN_Ia
ZTF22aadoihx,events/ZTF22aadoihx.npz,SN Ib,SNI,core,53,14,39,True,SN_CC
ZTF19ablpfhz,events/ZTF19ablpfhz.npz,SN Ia,SNI,core,31,14,17,True,SN_Ia
ZTF20aclggpx,events/ZTF20aclggpx.npz,SN Ia,SNI,core,27,15,12,True,SN_Ia
ZTF25acikmpq,events/ZTF25acikmpq.npz,SN Ia,SNI,core,25,10,15,True,SN_Ia
ZTF23abprvfl,events/ZTF23abprvfl.npz,SN Ia-91T,SNI,core,20,8,12,True,SN_Ia
ZTF22aaajuiz,events/ZTF22aaajuiz.npz,SN Ia,SNI,core,25,12,13,True,SN_Ia
ZTF19abopyyu,events/ZTF19abopyyu.npz,SN Ia,SNI,core,28,13,15,True,SN_Ia
ZTF20acxzqyp,events/ZTF20acxzqyp.npz,SN Ia,SNI,core,62,31,31,True,SN_Ia
ZTF19abhzewi,events/ZTF19abhzewi.npz,SN Ia,SNI,core,26,16,10,True,SN_Ia
ZTF21abchdql,events/ZTF21abchdql.npz,SN Ia,SNI,core,22,7,15,True,SN_Ia
ZTF19aafmfxg,events/ZTF19aafmfxg.npz,SN Ia-91T,SNI,core,26,16,10,True,SN_Ia
ZTF20acpyldh,events/ZTF20acpyldh.npz,SLSN-I,NOVEL,novel,41,18,23,True,SLSN
ZTF23aaazbsu,events/ZTF23aaazbsu.npz,SN Ia,SNI,core,10,4,6,True,SN_Ia
ZTF21acgpjbx,events/ZTF21acgpjbx.npz,SN II,SNII,core,24,11,13,True,SN_CC
ZTF19aaphmto,events/ZTF19aaphmto.npz,SN Ia,SNI,core,19,9,10,True,SN_Ia
ZTF22abyuxlw,events/ZTF22abyuxlw.npz,SN Ia,SNI,core,27,14,13,True,SN_Ia
ZTF20abqfgee,events/ZTF20abqfgee.npz,SN Ia,SNI,core,82,37,45,True,SN_Ia
ZTF21aafnunh,events/ZTF21aafnunh.npz,SN Ic-BL,SNI,core,10,3,7,True,SN_CC
ZTF25aapwsyj,events/ZTF25aapwsyj.npz,SN Ia,SNI,core,13,9,4,True,SN_Ia
ZTF25acdcysh,events/ZTF25acdcysh.npz,SN Ia,SNI,core,34,18,16,True,SN_Ia
ZTF22aahebcu,events/ZTF22aahebcu.npz,SN Ia,SNI,core,135,63,72,True,SN_Ia
ZTF19acwbhih,events/ZTF19acwbhih.npz,SN II,SNII,core,23,9,14,True,SN_CC
ZTF21aarmuxl,events/ZTF21aarmuxl.npz,SN Ib/c,SNI,core,28,11,17,True,SN_CC
ZTF18acbwawc,events/ZTF18acbwawc.npz,SN Ia,SNI,core,12,7,5,True,SN_Ia
ZTF20abixkpg,events/ZTF20abixkpg.npz,SN Ia,SNI,core,12,6,6,True,SN_Ia
ZTF22aazuuin,events/ZTF22aazuuin.npz,SN IIb,SNII,core,45,32,13,True,SN_CC
ZTF18abtswjk,events/ZTF18abtswjk.npz,SN IIn,SNII,core,29,13,16,True,SN_CC
ZTF19abzsjpn,events/ZTF19abzsjpn.npz,SN Ia,SNI,core,16,6,10,True,SN_Ia
ZTF21aabxjqr,events/ZTF21aabxjqr.npz,SN IIb,SNII,core,20,10,10,True,SN_CC
ZTF23aaoanrl,events/ZTF23aaoanrl.npz,SN Ia,SNI,core,72,30,42,True,SN_Ia
ZTF23aaduhkq,events/ZTF23aaduhkq.npz,SN Ia,SNI,core,18,9,9,True,SN_Ia
ZTF19aapbgty,events/ZTF19aapbgty.npz,SN Ia,SNI,core,20,8,12,True,SN_Ia
ZTF18aceijsp,events/ZTF18aceijsp.npz,AGN,AGN,core,8,6,2,True,AGN
ZTF22aajrfqn,events/ZTF22aajrfqn.npz,SN Ia,SNI,core,14,7,7,True,SN_Ia
ZTF24aaxqnbe,events/ZTF24aaxqnbe.npz,SN II,SNII,core,51,15,34,True,SN_CC
ZTF24aadmryr,events/ZTF24aadmryr.npz,SN Ia,SNI,core,13,7,6,True,SN_Ia
ZTF25aaremst,events/ZTF25aaremst.npz,SN II,SNII,core,33,15,18,True,SN_CC
ZTF19acxozhr,events/ZTF19acxozhr.npz,SN Ia,SNI,core,8,2,6,True,SN_Ia
ZTF25acgnqom,events/ZTF25acgnqom.npz,SN Ia,SNI,core,16,9,7,True,SN_Ia
ZTF22aafoqrd,events/ZTF22aafoqrd.npz,SN Ia,SNI,core,48,28,20,True,SN_Ia
ZTF21abizmnw,events/ZTF21abizmnw.npz,SN Ia,SNI,core,13,6,7,True,SN_Ia
ZTF24ablnplh,events/ZTF24ablnplh.npz,SN Ia,SNI,core,26,10,16,True,SN_Ia
ZTF20aaxmtxg,events/ZTF20aaxmtxg.npz,SN Ia,SNI,core,36,17,19,True,SN_Ia
ZTF21abiblpl,events/ZTF21abiblpl.npz,SN II,SNII,core,68,33,35,True,SN_CC
ZTF22abysshb,events/ZTF22abysshb.npz,SN II,SNII,core,16,7,9,True,SN_CC
ZTF22aasrmim,events/ZTF22aasrmim.npz,SN Ia,SNI,core,34,15,19,True,SN_Ia
ZTF19abgczul,events/ZTF19abgczul.npz,CV,CV,core,12,6,6,True,CV
ZTF25abghcuc,events/ZTF25abghcuc.npz,SN II,SNII,core,13,2,11,True,SN_CC
ZTF20abqgsah,events/ZTF20abqgsah.npz,CV,CV,core,18,11,7,True,CV
ZTF22aadltbv,events/ZTF22aadltbv.npz,SN Ia,SNI,core,20,9,11,True,SN_Ia
ZTF21abtaxou,events/ZTF21abtaxou.npz,SN Ia,SNI,core,30,11,19,True,SN_Ia
ZTF23abjjrwv,events/ZTF23abjjrwv.npz,SN Ibn,SNI,peculiar,23,10,13,True,SN_CC
ZTF19abwamby,events/ZTF19abwamby.npz,SN II,SNII,core,44,15,29,True,SN_CC
ZTF21abulpnc,events/ZTF21abulpnc.npz,SN IIn,SNII,core,44,21,23,True,SN_CC
ZTF22aaasqwx,events/ZTF22aaasqwx.npz,SN Ib,SNI,core,26,10,16,True,SN_CC
ZTF21acpompz,events/ZTF21acpompz.npz,SN Ia,SNI,core,10,6,4,True,SN_Ia
ZTF18aauxzle,events/ZTF18aauxzle.npz,SN II,SNII,core,35,2,33,True,SN_CC
ZTF21abouuow,events/ZTF21abouuow.npz,SN Ia,SNI,core,58,24,34,True,SN_Ia
ZTF23aajrmfh,events/ZTF23aajrmfh.npz,SN II,SNII,core,23,14,9,True,SN_CC
ZTF22aaijnqy,events/ZTF22aaijnqy.npz,SN Ia-91T,SNI,core,48,23,25,True,SN_Ia
ZTF19acgdxel,events/ZTF19acgdxel.npz,SN Ia,SNI,core,11,6,5,True,SN_Ia
ZTF22aakjjjj,events/ZTF22aakjjjj.npz,SN Ia,SNI,core,12,5,7,True,SN_Ia
ZTF24abzgggz,events/ZTF24abzgggz.npz,SN Ic,SNI,core,8,4,4,True,SN_CC
ZTF24abtbalq,events/ZTF24abtbalq.npz,SN II,SNII,core,55,28,27,True,SN_CC
ZTF19acvdyyn,events/ZTF19acvdyyn.npz,SN Ia-91T,SNI,core,31,17,14,True,SN_Ia
ZTF21aciustc,events/ZTF21aciustc.npz,SN Ib,SNI,core,11,4,7,True,SN_CC
ZTF25aaqsuda,events/ZTF25aaqsuda.npz,SN Ia,SNI,core,30,13,17,True,SN_Ia
ZTF20aclwowi,events/ZTF20aclwowi.npz,SN Ia,SNI,core,25,12,13,True,SN_Ia
ZTF24aagoljl,events/ZTF24aagoljl.npz,SN Ia,SNI,core,40,17,22,True,SN_Ia
ZTF18acybdar,events/ZTF18acybdar.npz,SN Ia,SNI,core,40,17,23,True,SN_Ia
ZTF24aapadbb,events/ZTF24aapadbb.npz,SLSN-I,NOVEL,novel,72,36,36,True,SLSN
ZTF23aavmycb,events/ZTF23aavmycb.npz,SN Ia,SNI,core,23,12,11,True,SN_Ia
ZTF18abtqevs,events/ZTF18abtqevs.npz,SN Ia,SNI,core,17,9,8,True,SN_Ia
ZTF18aansqun,events/ZTF18aansqun.npz,SN Ia,SNI,core,15,4,11,True,SN_Ia
ZTF21abameyr,events/ZTF21abameyr.npz,SN Ia,SNI,core,28,8,20,True,SN_Ia
ZTF22abftfug,events/ZTF22abftfug.npz,SN Ia,SNI,core,17,8,9,True,SN_Ia
ZTF18adbacli,events/ZTF18adbacli.npz,AGN,AGN,core,8,6,2,True,AGN
ZTF21aapjcqb,events/ZTF21aapjcqb.npz,SN Ia,SNI,core,43,18,25,True,SN_Ia
ZTF21aaahtln,events/ZTF21aaahtln.npz,SN Ia,SNI,core,28,13,15,True,SN_Ia
ZTF20acwobku,events/ZTF20acwobku.npz,SN IIn,SNII,core,21,9,12,True,SN_CC
ZTF18abumflq,events/ZTF18abumflq.npz,CV,CV,core,13,8,5,True,CV
ZTF22abitewv,events/ZTF22abitewv.npz,SN Ia,SNI,core,26,12,14,True,SN_Ia
ZTF21aceqgbv,events/ZTF21aceqgbv.npz,SN Ia,SNI,core,24,12,12,True,SN_Ia
ZTF22abvmasw,events/ZTF22abvmasw.npz,SN II,SNII,core,15,8,7,True,SN_CC
ZTF19acbvrhb,events/ZTF19acbvrhb.npz,SN Ia,SNI,core,10,2,8,True,SN_Ia
ZTF22aaafjoc,events/ZTF22aaafjoc.npz,SN II,SNII,core,46,22,24,True,SN_CC
ZTF22abqaqnn,events/ZTF22abqaqnn.npz,SN II,SNII,core,18,8,10,True,SN_CC
ZTF18acsovsw,events/ZTF18acsovsw.npz,SN Ia,SNI,core,29,11,18,True,SN_Ia
ZTF19aailltc,events/ZTF19aailltc.npz,SN Ia,SNI,core,66,33,33,True,SN_Ia
ZTF25aabvekt,events/ZTF25aabvekt.npz,SN Ia,SNI,core,23,6,17,True,SN_Ia
ZTF20aaezizk,events/ZTF20aaezizk.npz,SN Ia,SNI,core,27,12,15,True,SN_Ia
ZTF25abmjfcf,events/ZTF25abmjfcf.npz,SLSN-I,NOVEL,novel,37,15,22,True,SLSN
ZTF18aachojf,events/ZTF18aachojf.npz,AGN,AGN,core,8,4,4,True,AGN
ZTF22abgndif,events/ZTF22abgndif.npz,SN Ia,SNI,core,26,10,16,True,SN_Ia
ZTF22aalrcmn,events/ZTF22aalrcmn.npz,SN Ia,SNI,core,23,9,14,True,SN_Ia
ZTF21acimjvp,events/ZTF21acimjvp.npz,SN Ia,SNI,core,19,8,11,True,SN_Ia
ZTF18acuqskr,events/ZTF18acuqskr.npz,SN II,SNII,core,17,7,10,True,SN_CC
ZTF25aatxnic,events/ZTF25aatxnic.npz,SN II,SNII,core,46,3,41,True,SN_CC
ZTF19ablzora,events/ZTF19ablzora.npz,SN IIn,SNII,core,11,6,5,True,SN_CC
ZTF24aaffjrc,events/ZTF24aaffjrc.npz,SN Ia,SNI,core,16,6,10,True,SN_Ia
ZTF22abqrdqq,events/ZTF22abqrdqq.npz,SN Ia,SNI,core,28,12,16,True,SN_Ia
ZTF22aaksdvi,events/ZTF22aaksdvi.npz,SN Ia,SNI,core,53,23,30,True,SN_Ia
ZTF22aagtrsh,events/ZTF22aagtrsh.npz,SN Ia,SNI,core,14,6,8,True,SN_Ia
ZTF21abujejr,events/ZTF21abujejr.npz,SN Ia,SNI,core,63,27,36,True,SN_Ia
ZTF22abfzdjj,events/ZTF22abfzdjj.npz,SN Ia,SNI,core,31,15,16,True,SN_Ia
ZTF25aboxset,events/ZTF25aboxset.npz,SN Ia,SNI,core,42,18,24,True,SN_Ia
ZTF19acbwilc,events/ZTF19acbwilc.npz,SN II,SNII,core,12,7,5,True,SN_CC
ZTF23absqicj,events/ZTF23absqicj.npz,SN Ia,SNI,core,8,3,5,True,SN_Ia
ZTF24aahlvez,events/ZTF24aahlvez.npz,SN Ia,SNI,core,9,5,4,True,SN_Ia
ZTF18acebssa,events/ZTF18acebssa.npz,SN II,SNII,core,29,11,18,True,SN_CC
ZTF22aaegxpa,events/ZTF22aaegxpa.npz,SN II,SNII,core,49,15,34,True,SN_CC
ZTF23aafsglu,events/ZTF23aafsglu.npz,SN Ia,SNI,core,14,6,8,True,SN_Ia
ZTF24aashinc,events/ZTF24aashinc.npz,SN Ia,SNI,core,21,10,11,True,SN_Ia
ZTF22abhjdlx,events/ZTF22abhjdlx.npz,SN Ia,SNI,core,42,17,25,True,SN_Ia
ZTF24aasntvs,events/ZTF24aasntvs.npz,SN Ia,SNI,core,30,7,23,True,SN_Ia
ZTF24abnregl,events/ZTF24abnregl.npz,SN Ia,SNI,core,28,14,14,True,SN_Ia
ZTF24abikzjx,events/ZTF24abikzjx.npz,SN Ia,SNI,core,45,18,24,True,SN_Ia
ZTF25abjjlgl,events/ZTF25abjjlgl.npz,SN IIn,SNII,core,63,31,32,True,SN_CC
ZTF19acxpwil,events/ZTF19acxpwil.npz,AGN,AGN,core,33,15,18,True,AGN
ZTF24abpzxep,events/ZTF24abpzxep.npz,SN Ia-91bg,SNI,core,8,5,3,True,SN_Ia
ZTF25aaymwcj,events/ZTF25aaymwcj.npz,SN Ia,SNI,core,8,6,2,True,SN_Ia
ZTF25abhrbjt,events/ZTF25abhrbjt.npz,SN II,SNII,core,37,14,23,True,SN_CC
ZTF21achjwus,events/ZTF21achjwus.npz,SN Ia,SNI,core,14,6,8,True,SN_Ia
ZTF21aaabvkj,events/ZTF21aaabvkj.npz,SN Ia,SNI,core,28,16,12,True,SN_Ia
ZTF24aaijpbj,events/ZTF24aaijpbj.npz,SN Ia,SNI,core,43,16,24,True,SN_Ia
ZTF19adcddzk,events/ZTF19adcddzk.npz,AGN,AGN,core,99,45,54,True,AGN
ZTF25abztvud,events/ZTF25abztvud.npz,SN II,SNII,core,46,24,22,True,SN_CC
ZTF20abvvnqh,events/ZTF20abvvnqh.npz,SN Ic,SNI,core,32,13,19,True,SN_CC
ZTF18aaizerg,events/ZTF18aaizerg.npz,SN Ia,SNI,core,28,10,18,True,SN_Ia
ZTF21aatklhw,events/ZTF21aatklhw.npz,SN Ia,SNI,core,28,13,15,True,SN_Ia
ZTF21abhqhqb,events/ZTF21abhqhqb.npz,SN II,SNII,core,29,14,15,True,SN_CC
ZTF21aamwqim,events/ZTF21aamwqim.npz,SN II,SNII,core,32,7,25,True,SN_CC
ZTF21aarasvn,events/ZTF21aarasvn.npz,SN II,SNII,core,32,15,17,True,SN_CC
ZTF19abdviwl,events/ZTF19abdviwl.npz,SN IIn,SNII,core,38,19,19,True,SN_CC
ZTF21aaevrjl,events/ZTF21aaevrjl.npz,SN II,SNII,core,25,11,14,True,SN_CC
ZTF25abiwxpf,events/ZTF25abiwxpf.npz,SN Ia,SNI,core,27,13,14,True,SN_Ia
ZTF18abrlljc,events/ZTF18abrlljc.npz,SN IIP,SNII,core,15,7,8,True,SN_CC
ZTF22abdstgi,events/ZTF22abdstgi.npz,SN Ia,SNI,core,25,14,11,True,SN_Ia
ZTF23abbcycg,events/ZTF23abbcycg.npz,SN II,SNII,core,42,15,27,True,SN_CC
ZTF22aahfuaa,events/ZTF22aahfuaa.npz,SN Ia,SNI,core,30,12,18,True,SN_Ia
ZTF21aatwlhj,events/ZTF21aatwlhj.npz,SN Ia,SNI,core,32,15,17,True,SN_Ia
ZTF25aaytlnf,events/ZTF25aaytlnf.npz,SN Ia,SNI,core,26,14,12,True,SN_Ia
ZTF24ablflur,events/ZTF24ablflur.npz,SN II,SNII,core,38,16,22,True,SN_CC
ZTF22abakcfy,events/ZTF22abakcfy.npz,SN Ia,SNI,core,38,16,22,True,SN_Ia
ZTF25aajawti,events/ZTF25aajawti.npz,SN Ia,SNI,core,13,10,3,True,SN_Ia
ZTF22aakkmri,events/ZTF22aakkmri.npz,SN Ia,SNI,core,14,6,8,True,SN_Ia
ZTF20abmcyox,events/ZTF20abmcyox.npz,SN Ia,SNI,core,14,6,8,True,SN_Ia
ZTF21aawogdl,events/ZTF21aawogdl.npz,SN Ib,SNI,core,21,9,12,True,SN_CC
ZTF20abvqibv,events/ZTF20abvqibv.npz,SN Ia-91T,SNI,core,56,23,33,True,SN_Ia
ZTF22abytupz,events/ZTF22abytupz.npz,SN Ia,SNI,core,13,5,8,True,SN_Ia
ZTF19acyndpl,events/ZTF19acyndpl.npz,SN Ia,SNI,core,18,9,9,True,SN_Ia
ZTF22abtoqfj,events/ZTF22abtoqfj.npz,SN Ia,SNI,core,10,4,6,True,SN_Ia
ZTF18abpttky,events/ZTF18abpttky.npz,SN Ia,SNI,core,14,6,8,True,SN_Ia
ZTF23aawqydv,events/ZTF23aawqydv.npz,SN Ia,SNI,core,18,8,10,True,SN_Ia
ZTF23aajkjxm,events/ZTF23aajkjxm.npz,SN II,SNII,core,68,5,63,True,SN_CC
ZTF18abmjvpb,events/ZTF18abmjvpb.npz,SN Ia,SNI,core,11,2,9,True,SN_Ia
ZTF18aarbgdn,events/ZTF18aarbgdn.npz,SN Ia,SNI,core,17,14,3,True,SN_Ia
ZTF18acqxsyi,events/ZTF18acqxsyi.npz,SN Ia,SNI,core,16,2,14,True,SN_Ia
ZTF19acyjzeo,events/ZTF19acyjzeo.npz,SN Ib,SNI,core,11,7,4,True,SN_CC
ZTF20abjwvdh,events/ZTF20abjwvdh.npz,SN Ia,SNI,core,47,25,22,True,SN_Ia
ZTF25abzbzom,events/ZTF25abzbzom.npz,SN Ia,SNI,core,26,11,15,True,SN_Ia
ZTF24aaheprj,events/ZTF24aaheprj.npz,SN Ia,SNI,core,30,9,19,True,SN_Ia
ZTF18abuicad,events/ZTF18abuicad.npz,SLSN-II,SNII,peculiar,27,12,15,True,SLSN
ZTF24abigauq,events/ZTF24abigauq.npz,SN Ib,SNI,core,38,13,25,True,SN_CC
ZTF24aajqsti,events/ZTF24aajqsti.npz,SN Ia,SNI,core,33,15,18,True,SN_Ia
ZTF19abqysic,events/ZTF19abqysic.npz,SN Ia-pec,SNI,core,40,19,21,True,SN_Ia
ZTF23aajbejz,events/ZTF23aajbejz.npz,SN Ia,SNI,core,26,13,13,True,SN_Ia
ZTF20abwavab,events/ZTF20abwavab.npz,SN Ia,SNI,core,109,51,58,True,SN_Ia
ZTF20aadvunl,events/ZTF20aadvunl.npz,SN Ia,SNI,core,41,17,24,True,SN_Ia
ZTF25aamrath,events/ZTF25aamrath.npz,SN Ia,SNI,core,36,10,26,True,SN_Ia
ZTF23aaahuzc,events/ZTF23aaahuzc.npz,SN Ia,SNI,core,11,5,6,True,SN_Ia
ZTF23abawgqs,events/ZTF23abawgqs.npz,SN Ia,SNI,core,13,7,6,True,SN_Ia
ZTF21abxniow,events/ZTF21abxniow.npz,SN Ia,SNI,core,18,12,6,True,SN_Ia
ZTF20abedydu,events/ZTF20abedydu.npz,SN Ia,SNI,core,36,17,19,True,SN_Ia
ZTF25abbzfjz,events/ZTF25abbzfjz.npz,SN IIn,SNII,core,128,56,72,True,SN_CC
ZTF23abbtkrv,events/ZTF23abbtkrv.npz,SN II,SNII,core,74,19,55,True,SN_CC
ZTF20abjwuuv,events/ZTF20abjwuuv.npz,SN Ia,SNI,core,25,14,11,True,SN_Ia
ZTF24ablozqg,events/ZTF24ablozqg.npz,SN II,SNII,core,38,19,19,True,SN_CC
ZTF22aaudjgc,events/ZTF22aaudjgc.npz,SN II,SNII,core,39,20,19,True,SN_CC
ZTF18acvgnil,events/ZTF18acvgnil.npz,AGN,AGN,core,13,9,4,True,AGN
ZTF18abxmxbh,events/ZTF18abxmxbh.npz,SN Ia,SNI,core,11,9,2,True,SN_Ia
ZTF22aaooldm,events/ZTF22aaooldm.npz,SN Ia,SNI,core,22,10,10,True,SN_Ia
ZTF20abyzgzj,events/ZTF20abyzgzj.npz,SN Ia,SNI,core,54,27,27,True,SN_Ia
ZTF19adcetym,events/ZTF19adcetym.npz,SN Ia,SNI,core,18,11,7,True,SN_Ia
ZTF19aatvvvu,events/ZTF19aatvvvu.npz,SN Ia,SNI,core,20,8,12,True,SN_Ia
ZTF20acviwgj,events/ZTF20acviwgj.npz,SN II,SNII,core,46,21,25,True,SN_CC
ZTF20abefbnz,events/ZTF20abefbnz.npz,SN Ia,SNI,core,36,16,20,True,SN_Ia
ZTF24abvyngn,events/ZTF24abvyngn.npz,SN Ia,SNI,core,15,8,7,True,SN_Ia
ZTF23aaehsgs,events/ZTF23aaehsgs.npz,SN Ia,SNI,core,35,17,18,True,SN_Ia
ZTF22aanzrlh,events/ZTF22aanzrlh.npz,SN Ia,SNI,core,56,28,28,True,SN_Ia
ZTF22aatnyqk,events/ZTF22aatnyqk.npz,SN Ia,SNI,core,32,14,18,True,SN_Ia
ZTF22aaajhkj,events/ZTF22aaajhkj.npz,SN Ia,SNI,core,12,5,7,True,SN_Ia
ZTF23abkbieh,events/ZTF23abkbieh.npz,SN Ia,SNI,core,25,11,14,True,SN_Ia
ZTF25abimrij,events/ZTF25abimrij.npz,SN Ia,SNI,core,68,25,37,True,SN_Ia
ZTF24abuqxjx,events/ZTF24abuqxjx.npz,SN Ia,SNI,core,11,7,4,True,SN_Ia
ZTF20acpyaap,events/ZTF20acpyaap.npz,SN Ia,SNI,core,45,21,24,True,SN_Ia
ZTF23aasovdv,events/ZTF23aasovdv.npz,SN Ia,SNI,core,31,16,15,True,SN_Ia
ZTF21aagqcfs,events/ZTF21aagqcfs.npz,SN Ia,SNI,core,62,33,29,True,SN_Ia
ZTF23aaqmfgs,events/ZTF23aaqmfgs.npz,SN Ia,SNI,core,35,15,20,True,SN_Ia
ZTF20aaifsri,events/ZTF20aaifsri.npz,SN Ia,SNI,core,12,7,5,True,SN_Ia
ZTF25aantruy,events/ZTF25aantruy.npz,SN Ia,SNI,core,16,13,3,True,SN_Ia
ZTF18abgzkmf,events/ZTF18abgzkmf.npz,SN II,SNII,core,39,12,27,True,SN_CC
ZTF21abjhiqp,events/ZTF21abjhiqp.npz,SN IIn,SNII,core,58,26,32,True,SN_CC
ZTF19abjslyw,events/ZTF19abjslyw.npz,SN Ia,SNI,core,10,6,4,True,SN_Ia
ZTF24abfsxul,events/ZTF24abfsxul.npz,SN Ia,SNI,core,38,13,22,True,SN_Ia
ZTF21aapzgtu,events/ZTF21aapzgtu.npz,SN Ia,SNI,core,31,15,16,True,SN_Ia
ZTF23aberpzw,events/ZTF23aberpzw.npz,SN II,SNII,core,34,16,18,True,SN_CC
ZTF24aahsyhe,events/ZTF24aahsyhe.npz,SN Ia,SNI,core,28,11,14,True,SN_Ia
ZTF22abzkion,events/ZTF22abzkion.npz,SN Ia,SNI,core,10,5,5,True,SN_Ia
ZTF22aaffaah,events/ZTF22aaffaah.npz,SN Ia,SNI,core,25,11,14,True,SN_Ia
ZTF23aazuzip,events/ZTF23aazuzip.npz,SN Ib,SNI,core,14,7,7,True,SN_CC
ZTF24aaimzkp,events/ZTF24aaimzkp.npz,SN II,SNII,core,36,33,3,True,SN_CC
ZTF23aafhfwx,events/ZTF23aafhfwx.npz,SN Ia,SNI,core,22,10,12,True,SN_Ia
ZTF25aapvizs,events/ZTF25aapvizs.npz,SN Ia,SNI,core,23,10,13,True,SN_Ia
ZTF20acmhpvd,events/ZTF20acmhpvd.npz,CV,CV,core,10,5,5,True,CV
ZTF19abafrvy,events/ZTF19abafrvy.npz,SN Ia,SNI,core,11,5,6,True,SN_Ia
ZTF22aaqlfwe,events/ZTF22aaqlfwe.npz,SN Ia,SNI,core,21,9,11,True,SN_Ia
ZTF25aalufla,events/ZTF25aalufla.npz,SN Ia,SNI,core,25,9,16,True,SN_Ia
ZTF19aaynnae,events/ZTF19aaynnae.npz,AGN,AGN,core,30,14,16,True,AGN
ZTF20acumekm,events/ZTF20acumekm.npz,SN Ia,SNI,core,13,6,7,True,SN_Ia
ZTF24abmksiy,events/ZTF24abmksiy.npz,SN Ia,SNI,core,39,26,13,True,SN_Ia
ZTF22abyiisu,events/ZTF22abyiisu.npz,SN II,SNII,core,13,6,7,True,SN_CC
ZTF25acgctjf,events/ZTF25acgctjf.npz,SN Ia,SNI,core,19,6,13,True,SN_Ia
ZTF22aaobkbh,events/ZTF22aaobkbh.npz,SN Ia,SNI,core,15,10,5,True,SN_Ia
ZTF23abnymxl,events/ZTF23abnymxl.npz,SN Ia,SNI,core,15,6,9,True,SN_Ia
ZTF25acgqgrv,events/ZTF25acgqgrv.npz,SN Ia,SNI,core,10,7,3,True,SN_Ia
ZTF24aavhyax,events/ZTF24aavhyax.npz,SN Ia,SNI,core,17,6,11,True,SN_Ia
ZTF22abgcigh,events/ZTF22abgcigh.npz,CV,CV,core,19,12,7,True,CV
ZTF21abtbygc,events/ZTF21abtbygc.npz,SN Ia,SNI,core,18,8,10,True,SN_Ia
ZTF24abtzsno,events/ZTF24abtzsno.npz,SN Ia,SNI,core,24,13,11,True,SN_Ia
ZTF19aanramr,events/ZTF19aanramr.npz,SN Ia,SNI,core,57,23,34,True,SN_Ia
ZTF20aavhixe,events/ZTF20aavhixe.npz,SN IIn,SNII,core,32,16,16,True,SN_CC
ZTF21aadoizf,events/ZTF21aadoizf.npz,SN II,SNII,core,58,27,31,True,SN_CC
ZTF20aasmueu,events/ZTF20aasmueu.npz,SN Ia,SNI,core,14,7,7,True,SN_Ia
ZTF18abbodly,events/ZTF18abbodly.npz,SN Ia,SNI,core,99,45,54,True,SN_Ia
ZTF19abywduc,events/ZTF19abywduc.npz,SN Ia,SNI,core,9,3,6,True,SN_Ia
ZTF24aaymkrs,events/ZTF24aaymkrs.npz,SN Ib,SNI,core,75,34,39,True,SN_CC
ZTF19abzvyew,events/ZTF19abzvyew.npz,SN Ia,SNI,core,11,4,7,True,SN_Ia
ZTF25ackrgcs,events/ZTF25ackrgcs.npz,SN Ia,SNI,core,25,14,11,True,SN_Ia
ZTF21aajvtsq,events/ZTF21aajvtsq.npz,SN Ia,SNI,core,26,11,15,True,SN_Ia
ZTF20abirxmf,events/ZTF20abirxmf.npz,SN Ia-pec,SNI,core,14,6,8,True,SN_Ia
ZTF21aarskup,events/ZTF21aarskup.npz,SN Ia,SNI,core,31,13,18,True,SN_Ia
ZTF19acxndsk,events/ZTF19acxndsk.npz,SN Ia,SNI,core,92,35,57,True,SN_Ia
ZTF21acasrer,events/ZTF21acasrer.npz,SN Ia,SNI,core,27,11,16,True,SN_Ia
ZTF20aayvmyh,events/ZTF20aayvmyh.npz,SN IIn,SNII,core,12,6,6,True,SN_CC
ZTF19abmzmom,events/ZTF19abmzmom.npz,SN Ia,SNI,core,9,3,6,True,SN_Ia
ZTF19aamkywr,events/ZTF19aamkywr.npz,SN Ia,SNI,core,16,8,8,True,SN_Ia
ZTF18abuhyjv,events/ZTF18abuhyjv.npz,SN Ia,SNI,core,26,11,15,True,SN_Ia
ZTF21aaglamm,events/ZTF21aaglamm.npz,SN Ia,SNI,core,8,2,6,True,SN_Ia
ZTF23aajucmw,events/ZTF23aajucmw.npz,SN II,SNII,core,52,15,37,True,SN_CC
ZTF18acurlbt,events/ZTF18acurlbt.npz,SN Ia,SNI,core,14,8,6,True,SN_Ia
ZTF22abaxqlk,events/ZTF22abaxqlk.npz,SN Ia,SNI,core,31,14,17,True,SN_Ia
ZTF23aaeskhd,events/ZTF23aaeskhd.npz,SN Ia,SNI,core,33,15,18,True,SN_Ia
ZTF24aatzgua,events/ZTF24aatzgua.npz,SN Ia,SNI,core,35,19,16,True,SN_Ia
ZTF20abxyaje,events/ZTF20abxyaje.npz,SN II,SNII,core,49,21,28,True,SN_CC
ZTF18aawurud,events/ZTF18aawurud.npz,SN Ia,SNI,core,19,6,13,True,SN_Ia
ZTF22aaknhja,events/ZTF22aaknhja.npz,SN Ia,SNI,core,47,19,28,True,SN_Ia
ZTF24ablnstl,events/ZTF24ablnstl.npz,SN Ia,SNI,core,31,15,16,True,SN_Ia
ZTF20abeoicg,events/ZTF20abeoicg.npz,SN Ia,SNI,core,41,21,20,True,SN_Ia
ZTF18aceexmi,events/ZTF18aceexmi.npz,SN Ia,SNI,core,21,7,14,True,SN_Ia
ZTF21abjvtxq,events/ZTF21abjvtxq.npz,SN Ia,SNI,core,26,15,11,True,SN_Ia
ZTF22aafjjuq,events/ZTF22aafjjuq.npz,CV,CV,core,8,3,5,True,CV
ZTF23aaasblk,events/ZTF23aaasblk.npz,SN II,SNII,core,8,5,3,True,SN_CC
ZTF25aaehohz,events/ZTF25aaehohz.npz,SN Ia,SNI,core,30,12,18,True,SN_Ia
ZTF20aazoqmh,events/ZTF20aazoqmh.npz,SN Ia,SNI,core,68,31,37,True,SN_Ia
ZTF18aahjafd,events/ZTF18aahjafd.npz,SN Ia,SNI,core,26,16,10,True,SN_Ia
ZTF21aaoiaar,events/ZTF21aaoiaar.npz,SN IIb,SNII,core,34,10,24,True,SN_CC
ZTF19acjwqvo,events/ZTF19acjwqvo.npz,SN Ia,SNI,core,30,12,18,True,SN_Ia
ZTF22aabwxnp,events/ZTF22aabwxnp.npz,SN Ia,SNI,core,18,7,11,True,SN_Ia
ZTF19aczmnqy,events/ZTF19aczmnqy.npz,SN IIb,SNII,core,12,7,5,True,SN_CC
ZTF22aajijjf,events/ZTF22aajijjf.npz,SN Ia,SNI,core,58,28,30,True,SN_Ia
ZTF22aakpvbx,events/ZTF22aakpvbx.npz,SN Ia,SNI,core,27,16,11,True,SN_Ia
ZTF21abvbdyr,events/ZTF21abvbdyr.npz,SN II,SNII,core,34,13,21,True,SN_CC
ZTF19ackjmge,events/ZTF19ackjmge.npz,SN Ia,SNI,core,14,4,10,True,SN_Ia
ZTF22aaijrci,events/ZTF22aaijrci.npz,SN IIP,SNII,core,37,10,27,True,SN_CC
ZTF22aafpbbu,events/ZTF22aafpbbu.npz,SN Ia,SNI,core,28,13,15,True,SN_Ia
ZTF23abbbhak,events/ZTF23abbbhak.npz,SN Ia,SNI,core,27,11,16,True,SN_Ia
ZTF25abbzcps,events/ZTF25abbzcps.npz,SN IIn,SNII,core,89,48,41,True,SN_CC
ZTF25acjnfef,events/ZTF25acjnfef.npz,SN Ia-91bg,SNI,core,40,18,22,True,SN_Ia
ZTF20achdwmq,events/ZTF20achdwmq.npz,SN Ia,SNI,core,31,14,17,True,SN_Ia
ZTF25absindv,events/ZTF25absindv.npz,SN II,SNII,core,45,18,27,True,SN_CC
ZTF25abptfih,events/ZTF25abptfih.npz,SN Ia,SNI,core,48,18,21,True,SN_Ia
ZTF21abzcplo,events/ZTF21abzcplo.npz,SN Ia,SNI,core,20,11,9,True,SN_Ia
ZTF19abyjhpz,events/ZTF19abyjhpz.npz,SN Ia,SNI,core,16,10,6,True,SN_Ia
ZTF23aamamlv,events/ZTF23aamamlv.npz,SN Ia,SNI,core,26,14,12,True,SN_Ia
ZTF20acgzjje,events/ZTF20acgzjje.npz,SN Ia,SNI,core,24,10,14,True,SN_Ia
ZTF19acmywjc,events/ZTF19acmywjc.npz,SN Ia,SNI,core,15,8,7,True,SN_Ia
ZTF20abovoji,events/ZTF20abovoji.npz,CV,CV,core,23,7,16,True,CV
ZTF18acurfxn,events/ZTF18acurfxn.npz,SN Ia,SNI,core,10,6,4,True,SN_Ia
ZTF19acgfvvi,events/ZTF19acgfvvi.npz,SN II,SNII,core,21,7,14,True,SN_CC
ZTF18abyzksx,events/ZTF18abyzksx.npz,SN Ia,SNI,core,11,5,6,True,SN_Ia
ZTF18acebefc,events/ZTF18acebefc.npz,SN Ia,SNI,core,36,21,15,True,SN_Ia
ZTF21aarucpz,events/ZTF21aarucpz.npz,CV,CV,core,8,4,4,True,CV
ZTF25abkpyds,events/ZTF25abkpyds.npz,SN Ia,SNI,core,46,23,22,True,SN_Ia
ZTF23aaixdcm,events/ZTF23aaixdcm.npz,SN II,SNII,core,53,24,29,True,SN_CC
ZTF20acqvwzm,events/ZTF20acqvwzm.npz,SN Ib,SNI,core,13,5,8,True,SN_CC
ZTF20aaetrle,events/ZTF20aaetrle.npz,SN II,SNII,core,43,23,20,True,SN_CC
ZTF19adcdgca,events/ZTF19adcdgca.npz,SN Ia,SNI,core,49,16,33,True,SN_Ia
ZTF20acvevsn,events/ZTF20acvevsn.npz,SN II,SNII,core,16,7,9,True,SN_CC
ZTF19acpfnth,events/ZTF19acpfnth.npz,SN Ia,SNI,core,12,6,6,True,SN_Ia
ZTF20abfcszi,events/ZTF20abfcszi.npz,TDE,TDE,core,106,51,55,True,TDE
ZTF25abhjxpt,events/ZTF25abhjxpt.npz,SN Ia,SNI,core,41,21,20,True,SN_Ia
ZTF22aaaoyme,events/ZTF22aaaoyme.npz,SN Ic-BL,SNI,core,8,3,5,True,SN_CC
ZTF22aambeqv,events/ZTF22aambeqv.npz,SN Ia,SNI,core,56,26,30,True,SN_Ia
ZTF21aapdxxs,events/ZTF21aapdxxs.npz,SN II,SNII,core,25,12,13,True,SN_CC
ZTF23aaxufrf,events/ZTF23aaxufrf.npz,SN IIb,SNII,core,31,17,14,True,SN_CC
ZTF22aaejjtb,events/ZTF22aaejjtb.npz,SN Ia,SNI,core,20,11,9,True,SN_Ia
ZTF21abfxjkq,events/ZTF21abfxjkq.npz,SN II,SNII,core,41,16,25,True,SN_CC
ZTF19aazpvyr,events/ZTF19aazpvyr.npz,SN Ia,SNI,core,12,6,6,True,SN_Ia
ZTF18acemhyb,events/ZTF18acemhyb.npz,SN Ia,SNI,core,11,4,7,True,SN_Ia
ZTF24abluezl,events/ZTF24abluezl.npz,SN Ia,SNI,core,27,10,17,True,SN_Ia
ZTF20aaesewy,events/ZTF20aaesewy.npz,SN Ia,SNI,core,33,18,15,True,SN_Ia
ZTF21aannoix,events/ZTF21aannoix.npz,SN Ic,SNI,core,48,21,27,True,SN_CC
ZTF21aclhsxb,events/ZTF21aclhsxb.npz,SN Ia,SNI,core,11,6,5,True,SN_Ia
ZTF19abaukyt,events/ZTF19abaukyt.npz,SN Ia,SNI,core,9,6,3,True,SN_Ia
ZTF19acvrjzd,events/ZTF19acvrjzd.npz,SN II,SNII,core,75,28,47,True,SN_CC
ZTF22aaujqll,events/ZTF22aaujqll.npz,SN Ia,SNI,core,26,10,16,True,SN_Ia
ZTF23aaeauii,events/ZTF23aaeauii.npz,SN Ia,SNI,core,18,12,6,True,SN_Ia
ZTF22aaaxkar,events/ZTF22aaaxkar.npz,SN Ia,SNI,core,9,4,5,True,SN_Ia
ZTF19accczvs,events/ZTF19accczvs.npz,CV,CV,core,8,3,5,True,CV
ZTF20acphdbu,events/ZTF20acphdbu.npz,SN Ia,SNI,core,43,20,23,True,SN_Ia
ZTF21abcimwb,events/ZTF21abcimwb.npz,SN Ia,SNI,core,34,11,23,True,SN_Ia
ZTF21abdiymf,events/ZTF21abdiymf.npz,CV,CV,core,10,6,4,True,CV
ZTF21aalimya,events/ZTF21aalimya.npz,SN IIb,SNII,core,97,36,61,True,SN_CC
ZTF19acaiylt,events/ZTF19acaiylt.npz,SN Ia,SNI,core,19,9,10,True,SN_Ia
ZTF24aazszfd,events/ZTF24aazszfd.npz,SN Ia,SNI,core,35,22,13,True,SN_Ia
ZTF19acjtmjp,events/ZTF19acjtmjp.npz,CV,CV,core,8,4,4,True,CV
ZTF18aayjyub,events/ZTF18aayjyub.npz,SN Ia,SNI,core,52,24,28,True,SN_Ia
ZTF20acxpurh,events/ZTF20acxpurh.npz,SN Ia,SNI,core,32,16,16,True,SN_Ia
ZTF25abecxkt,events/ZTF25abecxkt.npz,SN Ia,SNI,core,23,11,12,True,SN_Ia
ZTF23aaqdjhi,events/ZTF23aaqdjhi.npz,TDE,TDE,core,9,7,2,True,TDE
ZTF18abqyaix,events/ZTF18abqyaix.npz,SN Ia,SNI,core,46,32,14,True,SN_Ia
ZTF24absbvbs,events/ZTF24absbvbs.npz,SN II,SNII,core,69,30,39,True,SN_CC
ZTF20acwqlpq,events/ZTF20acwqlpq.npz,SN Ia,SNI,core,21,10,11,True,SN_Ia
ZTF22aakyeps,events/ZTF22aakyeps.npz,SLSN-I,NOVEL,novel,48,22,26,True,SLSN
ZTF19acmwkul,events/ZTF19acmwkul.npz,SN Ia,SNI,core,17,6,11,True,SN_Ia
ZTF20aawxpru,events/ZTF20aawxpru.npz,SN II,SNII,core,20,6,14,True,SN_CC
ZTF18acqpqph,events/ZTF18acqpqph.npz,SN Ia,SNI,core,25,13,12,True,SN_Ia
ZTF19abidfsb,events/ZTF19abidfsb.npz,SN Ia,SNI,core,14,5,9,True,SN_Ia
ZTF18abnuhuy,events/ZTF18abnuhuy.npz,AGN,AGN,core,31,15,16,True,AGN
ZTF22aaahklt,events/ZTF22aaahklt.npz,SN Ia,SNI,core,15,7,8,True,SN_Ia
ZTF24aaistkr,events/ZTF24aaistkr.npz,SN Ia,SNI,core,89,44,45,True,SN_Ia
ZTF23absddkf,events/ZTF23absddkf.npz,SN Ia,SNI,core,20,8,12,True,SN_Ia
ZTF19aboxjlj,events/ZTF19aboxjlj.npz,SN Ia,SNI,core,31,14,17,True,SN_Ia
ZTF24abiiepg,events/ZTF24abiiepg.npz,SN Ia,SNI,core,10,4,6,True,SN_Ia
ZTF25aafsvgy,events/ZTF25aafsvgy.npz,SN II,SNII,core,39,16,23,True,SN_CC
ZTF21acfcthx,events/ZTF21acfcthx.npz,SN Ia,SNI,core,13,6,7,True,SN_Ia
ZTF19aaknvlv,events/ZTF19aaknvlv.npz,SN Ia,SNI,core,9,6,3,True,SN_Ia
ZTF19aadgftj,events/ZTF19aadgftj.npz,SN Ia-91T,SNI,core,11,5,6,True,SN_Ia
ZTF19aathllr,events/ZTF19aathllr.npz,SN II,SNII,core,35,11,24,True,SN_CC
ZTF22aaogyhz,events/ZTF22aaogyhz.npz,SN Ia,SNI,core,10,5,5,True,SN_Ia
ZTF23abrynqp,events/ZTF23abrynqp.npz,SN Ia,SNI,core,11,3,8,True,SN_Ia
ZTF19ackjsys,events/ZTF19ackjsys.npz,SN Ia,SNI,core,16,8,8,True,SN_Ia
ZTF20abxxvzp,events/ZTF20abxxvzp.npz,SN Ia,SNI,core,34,7,27,True,SN_Ia
ZTF20aasitrr,events/ZTF20aasitrr.npz,SN Ia,SNI,core,22,11,11,True,SN_Ia
ZTF22abhhxuv,events/ZTF22abhhxuv.npz,SN II,SNII,core,33,12,21,True,SN_CC
ZTF19acordoi,events/ZTF19acordoi.npz,SN Ia-91T,SNI,core,21,12,9,True,SN_Ia
ZTF19aapcvdi,events/ZTF19aapcvdi.npz,SN Ia,SNI,core,12,7,5,True,SN_Ia
ZTF22abfrbzi,events/ZTF22abfrbzi.npz,SN Ia,SNI,core,29,17,12,True,SN_Ia
ZTF23abrrcgd,events/ZTF23abrrcgd.npz,SN Ia,SNI,core,10,5,5,True,SN_Ia
ZTF22abqdmwt,events/ZTF22abqdmwt.npz,SN Ia,SNI,core,21,11,10,True,SN_Ia
ZTF24abhexdw,events/ZTF24abhexdw.npz,SN IIn,SNII,core,28,10,17,True,SN_CC
ZTF24abokdhw,events/ZTF24abokdhw.npz,SN Ia,SNI,core,17,7,10,True,SN_Ia
ZTF23abkphfu,events/ZTF23abkphfu.npz,SN IIn,SNII,core,25,12,13,True,SN_CC
ZTF21aagqdvr,events/ZTF21aagqdvr.npz,SN Iax,SNI,peculiar,31,15,16,True,SN_Ia
ZTF24abvtjkg,events/ZTF24abvtjkg.npz,SN Ia,SNI,core,26,22,4,True,SN_Ia
ZTF24abnsdfm,events/ZTF24abnsdfm.npz,SN II,SNII,core,22,13,9,True,SN_CC
ZTF20acpklpq,events/ZTF20acpklpq.npz,SN Ia,SNI,core,27,14,13,True,SN_Ia
ZTF20abavxpk,events/ZTF20abavxpk.npz,SN Ia,SNI,core,23,12,11,True,SN_Ia
ZTF25aclcowb,events/ZTF25aclcowb.npz,SN Ia,SNI,core,28,11,16,True,SN_Ia
ZTF20aaurucm,events/ZTF20aaurucm.npz,SN Ia,SNI,core,28,13,15,True,SN_Ia
ZTF22aawavtx,events/ZTF22aawavtx.npz,SN Ia,SNI,core,57,27,30,True,SN_Ia
ZTF18abwqbxc,events/ZTF18abwqbxc.npz,CV,CV,core,29,14,15,True,CV
ZTF20abbihor,events/ZTF20abbihor.npz,SN Ia,SNI,core,22,12,10,True,SN_Ia
ZTF20aaghlkv,events/ZTF20aaghlkv.npz,SN Ia,SNI,core,47,23,24,True,SN_Ia
ZTF25abuvvga,events/ZTF25abuvvga.npz,SN II,SNII,core,8,2,6,True,SN_CC
ZTF20abipuee,events/ZTF20abipuee.npz,SN Ia,SNI,core,70,34,36,True,SN_Ia
ZTF23aalwuua,events/ZTF23aalwuua.npz,SN II,SNII,core,32,20,12,True,SN_CC
ZTF19acxmpnz,events/ZTF19acxmpnz.npz,SN Ib/c,SNI,core,18,5,13,True,SN_CC
ZTF19abqyoxh,events/ZTF19abqyoxh.npz,SN Ia,SNI,core,23,11,12,True,SN_Ia
ZTF22aayjsro,events/ZTF22aayjsro.npz,SN Ia-91T,SNI,core,58,31,27,True,SN_Ia
ZTF25aaqondx,events/ZTF25aaqondx.npz,SN Ia,SNI,core,13,7,6,True,SN_Ia
ZTF21aaxuywf,events/ZTF21aaxuywf.npz,SN Ia,SNI,core,65,33,32,True,SN_Ia
ZTF19aaupkev,events/ZTF19aaupkev.npz,SN Ia,SNI,core,32,13,19,True,SN_Ia
ZTF18aajiwdu,events/ZTF18aajiwdu.npz,AGN,AGN,core,13,8,5,True,AGN
ZTF19aavlfvn,events/ZTF19aavlfvn.npz,SN Ia,SNI,core,10,5,5,True,SN_Ia
ZTF18acauwik,events/ZTF18acauwik.npz,AGN,AGN,core,21,13,8,True,AGN
ZTF20abeezqx,events/ZTF20abeezqx.npz,SN Ia,SNI,core,8,4,4,True,SN_Ia
ZTF20abefbiq,events/ZTF20abefbiq.npz,SN Ia,SNI,core,11,8,3,True,SN_Ia
ZTF19aaleptm,events/ZTF19aaleptm.npz,SN Ia,SNI,core,22,11,11,True,SN_Ia
ZTF22aanvuvq,events/ZTF22aanvuvq.npz,SN Ia,SNI,core,58,26,32,True,SN_Ia
ZTF21aawtewf,events/ZTF21aawtewf.npz,SN Ia,SNI,core,35,16,19,True,SN_Ia
ZTF20aaqtlwo,events/ZTF20aaqtlwo.npz,SN Ic,SNI,core,53,18,35,True,SN_CC
ZTF21aatdzmt,events/ZTF21aatdzmt.npz,SN Ia,SNI,core,43,20,23,True,SN_Ia
ZTF18aalcxig,events/ZTF18aalcxig.npz,SN Ia,SNI,core,27,14,13,True,SN_Ia
ZTF20abejvpr,events/ZTF20abejvpr.npz,SN Ia,SNI,core,54,27,27,True,SN_Ia
ZTF21acafqtj,events/ZTF21acafqtj.npz,SN II,SNII,core,38,19,19,True,SN_CC
ZTF20aafzcab,events/ZTF20aafzcab.npz,SN Ia,SNI,core,14,7,7,True,SN_Ia
ZTF20acnezne,events/ZTF20acnezne.npz,SN II,SNII,core,34,17,17,True,SN_CC
ZTF22aaajima,events/ZTF22aaajima.npz,SN Ib,SNI,core,14,6,8,True,SN_CC
ZTF18abojpnr,events/ZTF18abojpnr.npz,SN IIb,SNII,core,16,10,6,True,SN_CC
ZTF20aadccda,events/ZTF20aadccda.npz,SN Ia,SNI,core,18,5,13,True,SN_Ia
ZTF18adbacqi,events/ZTF18adbacqi.npz,AGN,AGN,core,11,7,4,True,AGN
ZTF25aahxijy,events/ZTF25aahxijy.npz,SN Ia,SNI,core,27,10,17,True,SN_Ia
ZTF20aavgmli,events/ZTF20aavgmli.npz,SN Ib,SNI,core,10,4,6,True,SN_CC
ZTF19aacjbsj,events/ZTF19aacjbsj.npz,SN IIn,SNII,core,22,12,10,True,SN_CC
ZTF25abqfrkp,events/ZTF25abqfrkp.npz,SN Ia,SNI,core,44,10,34,True,SN_Ia
ZTF24aaocmqx,events/ZTF24aaocmqx.npz,SN Ia,SNI,core,27,10,17,True,SN_Ia
ZTF19aamqebl,events/ZTF19aamqebl.npz,SN Ia,SNI,core,32,11,21,True,SN_Ia
ZTF22aaahghb,events/ZTF22aaahghb.npz,SN Ia,SNI,core,30,14,16,True,SN_Ia
ZTF24abxvoop,events/ZTF24abxvoop.npz,SN Ia,SNI,core,46,22,24,True,SN_Ia
ZTF19abfvnns,events/ZTF19abfvnns.npz,SLSN-I,NOVEL,novel,61,30,31,True,SLSN
ZTF18acnbenl,events/ZTF18acnbenl.npz,SN Ia,SNI,core,14,6,8,True,SN_Ia
ZTF20abeyqmx,events/ZTF20abeyqmx.npz,SN Ia,SNI,core,11,6,5,True,SN_Ia
ZTF19acgcdas,events/ZTF19acgcdas.npz,SN Ia,SNI,core,16,5,11,True,SN_Ia
ZTF20aauwhyi,events/ZTF20aauwhyi.npz,SN Ia,SNI,core,30,11,19,True,SN_Ia
ZTF18aaojsvk,events/ZTF18aaojsvk.npz,AGN,AGN,core,24,20,4,True,AGN
ZTF18aahtkze,events/ZTF18aahtkze.npz,AGN,AGN,core,16,2,14,True,AGN
ZTF23abcsrwv,events/ZTF23abcsrwv.npz,SN Ia,SNI,core,12,7,5,True,SN_Ia
ZTF24abwmzop,events/ZTF24abwmzop.npz,SN Ib/c,SNI,core,45,23,22,True,SN_CC
ZTF22aadghdv,events/ZTF22aadghdv.npz,SN Ia,SNI,core,42,14,28,True,SN_Ia
ZTF22aaycdbt,events/ZTF22aaycdbt.npz,SN Ia,SNI,core,47,21,26,True,SN_Ia
ZTF24aavyicb,events/ZTF24aavyicb.npz,SN II,SNII,core,67,31,34,True,SN_CC
ZTF19abhztqq,events/ZTF19abhztqq.npz,SN Ia,SNI,core,63,28,35,True,SN_Ia
ZTF23aanptmz,events/ZTF23aanptmz.npz,SN Ia,SNI,core,42,19,23,True,SN_Ia
ZTF24abljmgf,events/ZTF24abljmgf.npz,SN Ia,SNI,core,34,13,21,True,SN_Ia
ZTF18aarkwgc,events/ZTF18aarkwgc.npz,SN Ia,SNI,core,15,11,4,True,SN_Ia
ZTF19abwscog,events/ZTF19abwscog.npz,SN Ia,SNI,core,13,7,6,True,SN_Ia
ZTF20abccixp,events/ZTF20abccixp.npz,SN II,SNII,core,58,28,30,True,SN_CC
ZTF22abtdoxf,events/ZTF22abtdoxf.npz,SN Ia,SNI,core,18,9,9,True,SN_Ia
ZTF24abuhlzm,events/ZTF24abuhlzm.npz,SN II,SNII,core,12,2,10,True,SN_CC
ZTF20aavrukn,events/ZTF20aavrukn.npz,SN Ia,SNI,core,30,16,14,True,SN_Ia
ZTF24aaskhrq,events/ZTF24aaskhrq.npz,SN Ia,SNI,core,15,6,9,True,SN_Ia
ZTF21abukrln,events/ZTF21abukrln.npz,SN Ia,SNI,core,31,15,16,True,SN_Ia
ZTF19aamkmxv,events/ZTF19aamkmxv.npz,SN IIn,SNII,core,33,15,18,True,SN_CC
ZTF23aaglprc,events/ZTF23aaglprc.npz,SN Ia,SNI,core,29,14,15,True,SN_Ia
ZTF22aacdlkc,events/ZTF22aacdlkc.npz,SN Ia,SNI,core,15,7,8,True,SN_Ia
ZTF21acqdedy,events/ZTF21acqdedy.npz,SN Ia,SNI,core,10,3,7,True,SN_Ia
ZTF25aacawpa,events/ZTF25aacawpa.npz,SN II,SNII,core,17,7,10,True,SN_CC
ZTF20acpkqhq,events/ZTF20acpkqhq.npz,SN Ia,SNI,core,22,10,12,True,SN_Ia
ZTF18abimsyv,events/ZTF18abimsyv.npz,SN Ia,SNI,core,45,20,25,True,SN_Ia
ZTF24abrpqhh,events/ZTF24abrpqhh.npz,SN Ia,SNI,core,29,16,13,True,SN_Ia
ZTF22abmtwml,events/ZTF22abmtwml.npz,SN Ia,SNI,core,22,10,12,True,SN_Ia
ZTF23abshiqq,events/ZTF23abshiqq.npz,SN II,SNII,core,19,7,12,True,SN_CC
ZTF21abbkwhn,events/ZTF21abbkwhn.npz,CV,CV,core,11,5,6,True,CV
ZTF19aaycomi,events/ZTF19aaycomi.npz,SN Ia,SNI,core,91,51,40,True,SN_Ia
ZTF22aamfvrs,events/ZTF22aamfvrs.npz,SN Ia,SNI,core,81,41,40,True,SN_Ia
ZTF22abfjlue,events/ZTF22abfjlue.npz,SN Ia,SNI,core,23,4,19,True,SN_Ia
ZTF24abglarx,events/ZTF24abglarx.npz,SN Ia,SNI,core,30,9,19,True,SN_Ia
ZTF21aafkwtk,events/ZTF21aafkwtk.npz,SN II,SNII,core,48,19,29,True,SN_CC
ZTF21abfmuun,events/ZTF21abfmuun.npz,SN Ia,SNI,core,13,5,8,True,SN_Ia
ZTF21aciqyqo,events/ZTF21aciqyqo.npz,CV,CV,core,10,5,5,True,CV
ZTF21acguaen,events/ZTF21acguaen.npz,SN II,SNII,core,23,11,12,True,SN_CC
ZTF19ackjszs,events/ZTF19ackjszs.npz,SN Ib,SNI,core,24,12,12,True,SN_CC
ZTF21abcgufz,events/ZTF21abcgufz.npz,SN Ia,SNI,core,16,9,7,True,SN_Ia
ZTF20abeljuj,events/ZTF20abeljuj.npz,SN Ia,SNI,core,150,71,79,True,SN_Ia
ZTF20acnznol,events/ZTF20acnznol.npz,SN Ia,SNI,core,16,7,9,True,SN_Ia
ZTF19abqrrto,events/ZTF19abqrrto.npz,SN Ia-91T,SNI,core,213,42,171,True,SN_Ia
ZTF21aanzcuj,events/ZTF21aanzcuj.npz,SN II,SNII,core,70,33,37,True,SN_CC
ZTF19aamkdtq,events/ZTF19aamkdtq.npz,SN Ia,SNI,core,30,12,18,True,SN_Ia
ZTF20abjxrhg,events/ZTF20abjxrhg.npz,SN Ia,SNI,core,46,22,24,True,SN_Ia
ZTF19acitnck,events/ZTF19acitnck.npz,SN Ia,SNI,core,10,5,5,True,SN_Ia
ZTF23aahngej,events/ZTF23aahngej.npz,SN II,SNII,core,33,22,11,True,SN_CC
ZTF20acrerzb,events/ZTF20acrerzb.npz,SN Ia,SNI,core,31,13,18,True,SN_Ia
ZTF19achtifr,events/ZTF19achtifr.npz,SN II,SNII,core,18,10,8,True,SN_CC
ZTF23abnpddd,events/ZTF23abnpddd.npz,SN Ia,SNI,core,10,6,4,True,SN_Ia
ZTF22abevczq,events/ZTF22abevczq.npz,CV,CV,core,27,15,12,True,CV
ZTF18aaqkqxi,events/ZTF18aaqkqxi.npz,SN Ia,SNI,core,10,4,6,True,SN_Ia
ZTF20abucjsa,events/ZTF20abucjsa.npz,SN Ia,SNI,core,50,20,30,True,SN_Ia
ZTF19aclhpiz,events/ZTF19aclhpiz.npz,AGN,AGN,core,18,8,10,True,AGN
ZTF23abnpjlt,events/ZTF23abnpjlt.npz,SN Ia,SNI,core,12,6,6,True,SN_Ia
ZTF21acirmcv,events/ZTF21acirmcv.npz,SN Ia,SNI,core,12,4,8,True,SN_Ia
ZTF23aainpnc,events/ZTF23aainpnc.npz,SN Ia,SNI,core,10,4,6,True,SN_Ia
ZTF20acioiem,events/ZTF20acioiem.npz,CV,CV,core,18,8,10,True,CV
ZTF20aavtfxl,events/ZTF20aavtfxl.npz,CV,CV,core,29,15,14,True,CV
ZTF21aaqldsk,events/ZTF21aaqldsk.npz,SN Ic,SNI,core,85,29,56,True,SN_CC
ZTF20abyfmjr,events/ZTF20abyfmjr.npz,SN Ia,SNI,core,46,19,27,True,SN_Ia
ZTF23abascqa,events/ZTF23abascqa.npz,SN II,SNII,core,58,30,28,True,SN_CC
ZTF23aawgkqa,events/ZTF23aawgkqa.npz,SN II,SNII,core,59,29,30,True,SN_CC
ZTF19aawhzsh,events/ZTF19aawhzsh.npz,SN Ic-BL,SNI,core,18,16,2,True,SN_CC
ZTF20abxyfye,events/ZTF20abxyfye.npz,SN Ia,SNI,core,44,23,21,True,SN_Ia
ZTF24abepnpq,events/ZTF24abepnpq.npz,SN Ia,SNI,core,61,28,30,True,SN_Ia
ZTF24aaormag,events/ZTF24aaormag.npz,SN Ia,SNI,core,14,9,5,True,SN_Ia
ZTF22abjafpr,events/ZTF22abjafpr.npz,SN Ic-BL,SNI,core,35,15,20,True,SN_CC
ZTF18adbikdz,events/ZTF18adbikdz.npz,SN II,SNII,core,27,17,10,True,SN_CC
ZTF21aaqvhgk,events/ZTF21aaqvhgk.npz,CV,CV,core,15,8,7,True,CV
ZTF20acufmte,events/ZTF20acufmte.npz,SN II,SNII,core,49,22,27,True,SN_CC
ZTF20acgdycd,events/ZTF20acgdycd.npz,SN Ia,SNI,core,49,20,29,True,SN_Ia
ZTF25aabqdqc,events/ZTF25aabqdqc.npz,SN Ia,SNI,core,22,10,12,True,SN_Ia
ZTF24aadxdqn,events/ZTF24aadxdqn.npz,SN Ia,SNI,core,10,5,5,True,SN_Ia
ZTF18aaxqyki,events/ZTF18aaxqyki.npz,SN Ia,SNI,core,21,10,11,True,SN_Ia
ZTF22aaolzrj,events/ZTF22aaolzrj.npz,SN Ia,SNI,core,19,7,10,True,SN_Ia
ZTF19ackjrru,events/ZTF19ackjrru.npz,SLSN-I,NOVEL,novel,112,43,69,True,SLSN
ZTF24aalcflg,events/ZTF24aalcflg.npz,SN Ia,SNI,core,38,16,20,True,SN_Ia
ZTF23abeuope,events/ZTF23abeuope.npz,SN Ia,SNI,core,8,6,2,True,SN_Ia
ZTF20aafxftu,events/ZTF20aafxftu.npz,SN Ia,SNI,core,13,7,6,True,SN_Ia
ZTF18abqyvzy,events/ZTF18abqyvzy.npz,SN II,SNII,core,37,17,20,True,SN_CC
ZTF24aagkuss,events/ZTF24aagkuss.npz,SN II,SNII,core,34,15,19,True,SN_CC
ZTF21aapkhsc,events/ZTF21aapkhsc.npz,SN Ia,SNI,core,54,26,28,True,SN_Ia
ZTF23aafumlg,events/ZTF23aafumlg.npz,SN II,SNII,core,41,18,23,True,SN_CC
ZTF18abtmeds,events/ZTF18abtmeds.npz,AGN,AGN,core,13,5,8,True,AGN
ZTF22aakqruk,events/ZTF22aakqruk.npz,SN Ia,SNI,core,27,17,10,True,SN_Ia
ZTF24aaaefgv,events/ZTF24aaaefgv.npz,SN II,SNII,core,20,10,10,True,SN_CC
ZTF22aaoqlos,events/ZTF22aaoqlos.npz,SN Ia,SNI,core,25,13,12,True,SN_Ia
ZTF24aajvmgm,events/ZTF24aajvmgm.npz,SN Ia,SNI,core,20,12,8,True,SN_Ia
ZTF21aagyxhz,events/ZTF21aagyxhz.npz,SN Ia,SNI,core,23,11,12,True,SN_Ia
ZTF18abdkkwa,events/ZTF18abdkkwa.npz,SN Ic,SNI,core,38,21,17,True,SN_CC
ZTF22aboloxt,events/ZTF22aboloxt.npz,SN II,SNII,core,35,18,17,True,SN_CC
ZTF22aayprcr,events/ZTF22aayprcr.npz,SN Ia,SNI,core,41,17,24,True,SN_Ia
ZTF20acpjapi,events/ZTF20acpjapi.npz,SN Ia,SNI,core,16,9,7,True,SN_Ia
ZTF20aahzyep,events/ZTF20aahzyep.npz,SN Ia,SNI,core,31,16,15,True,SN_Ia
ZTF24aaekkjv,events/ZTF24aaekkjv.npz,SN Ia,SNI,core,13,5,8,True,SN_Ia
ZTF18acbzitw,events/ZTF18acbzitw.npz,CV,CV,core,21,8,13,True,CV
ZTF18aawxahl,events/ZTF18aawxahl.npz,SN Ia,SNI,core,12,5,7,True,SN_Ia
ZTF19acbihyi,events/ZTF19acbihyi.npz,SN Ia,SNI,core,16,5,11,True,SN_Ia
ZTF24abdhylt,events/ZTF24abdhylt.npz,SLSN-II,SNII,peculiar,60,26,34,True,SLSN
ZTF19aatzlmw,events/ZTF19aatzlmw.npz,SN Ia,SNI,core,11,4,7,True,SN_Ia
ZTF22aaafnry,events/ZTF22aaafnry.npz,SN Ia,SNI,core,11,6,5,True,SN_Ia
ZTF18accjecm,events/ZTF18accjecm.npz,SN Ia,SNI,core,11,4,7,True,SN_Ia
ZTF21abcgxwy,events/ZTF21abcgxwy.npz,SN Ia,SNI,core,28,13,15,True,SN_Ia
ZTF23abiwnpj,events/ZTF23abiwnpj.npz,SN Ia,SNI,core,68,32,36,True,SN_Ia
ZTF25abibtdm,events/ZTF25abibtdm.npz,SN II,SNII,core,107,31,76,True,SN_CC
ZTF23abjqxbe,events/ZTF23abjqxbe.npz,SN Ia,SNI,core,29,14,15,True,SN_Ia
ZTF18abilofa,events/ZTF18abilofa.npz,SN Ia,SNI,core,18,15,3,True,SN_Ia
ZTF24abqkkqz,events/ZTF24abqkkqz.npz,SN Ia,SNI,core,37,16,21,True,SN_Ia
ZTF19acfejbj,events/ZTF19acfejbj.npz,SN II,SNII,core,21,10,11,True,SN_CC
ZTF21abaakwd,events/ZTF21abaakwd.npz,SN Ia,SNI,core,63,25,38,True,SN_Ia
ZTF19adbnlki,events/ZTF19adbnlki.npz,SN Ia,SNI,core,44,22,22,True,SN_Ia
ZTF24aaydpre,events/ZTF24aaydpre.npz,SN Ia,SNI,core,43,19,23,True,SN_Ia
ZTF18aczdetm,events/ZTF18aczdetm.npz,SN Ia,SNI,core,49,25,24,True,SN_Ia
ZTF24aaxnrue,events/ZTF24aaxnrue.npz,SN Ia,SNI,core,14,9,5,True,SN_Ia
ZTF20acedqis,events/ZTF20acedqis.npz,SN II,SNII,core,44,21,23,True,SN_CC
ZTF22aaaihgr,events/ZTF22aaaihgr.npz,TDE,TDE,core,16,7,9,True,TDE
ZTF22abfvjeg,events/ZTF22abfvjeg.npz,SN Ia,SNI,core,24,12,12,True,SN_Ia
ZTF18aauvnhh,events/ZTF18aauvnhh.npz,SN Ia,SNI,core,28,2,26,True,SN_Ia
ZTF23abetodb,events/ZTF23abetodb.npz,SN Ia,SNI,core,41,20,21,True,SN_Ia
ZTF23abodvms,events/ZTF23abodvms.npz,SN Ia,SNI,core,12,4,8,True,SN_Ia
ZTF19acazbqm,events/ZTF19acazbqm.npz,SN Ia,SNI,core,89,35,54,True,SN_Ia
ZTF22aazjgoi,events/ZTF22aazjgoi.npz,SN Ia,SNI,core,23,11,12,True,SN_Ia
ZTF22abhsrll,events/ZTF22abhsrll.npz,SN Ia,SNI,core,16,9,7,True,SN_Ia
ZTF23aanexof,events/ZTF23aanexof.npz,SN II,SNII,core,45,19,26,True,SN_CC
ZTF18aarlukc,events/ZTF18aarlukc.npz,SN Ia,SNI,core,48,22,26,True,SN_Ia
ZTF20aczacag,events/ZTF20aczacag.npz,SN Ia,SNI,core,33,15,18,True,SN_Ia
ZTF25aaprgxk,events/ZTF25aaprgxk.npz,SN Ic,SNI,core,11,4,7,True,SN_CC
ZTF20acoplqe,events/ZTF20acoplqe.npz,SN II,SNII,core,20,8,12,True,SN_CC
ZTF20abxyiqi,events/ZTF20abxyiqi.npz,SN II,SNII,core,20,6,14,True,SN_CC
ZTF19aakpcuw,events/ZTF19aakpcuw.npz,SN Ic,SNI,core,23,11,12,True,SN_CC
ZTF18aakitiq,events/ZTF18aakitiq.npz,SN Ia,SNI,core,55,26,29,True,SN_Ia
ZTF24abtdiyv,events/ZTF24abtdiyv.npz,SN II,SNII,core,17,15,2,True,SN_CC
ZTF18abokpvh,events/ZTF18abokpvh.npz,SN Ia,SNI,core,42,17,25,True,SN_Ia
ZTF22abvebdc,events/ZTF22abvebdc.npz,SN Ia,SNI,core,20,10,10,True,SN_Ia
ZTF21aaqldsj,events/ZTF21aaqldsj.npz,SN II,SNII,core,40,10,30,True,SN_CC
ZTF18aajswer,events/ZTF18aajswer.npz,AGN,AGN,core,34,16,18,True,AGN
ZTF22aatlhve,events/ZTF22aatlhve.npz,SN Ia,SNI,core,10,4,6,True,SN_Ia
ZTF19aailpwl,events/ZTF19aailpwl.npz,AGN,AGN,core,46,18,28,True,AGN
ZTF18aawlfnj,events/ZTF18aawlfnj.npz,SN Ia,SNI,core,32,17,15,True,SN_Ia
ZTF21abdmevk,events/ZTF21abdmevk.npz,SN II,SNII,core,79,39,40,True,SN_CC
ZTF18aaytovs,events/ZTF18aaytovs.npz,SN Ia-91T,SNI,core,29,12,17,True,SN_Ia
ZTF25acinfar,events/ZTF25acinfar.npz,SN Ia,SNI,core,25,12,13,True,SN_Ia
ZTF24aaorlki,events/ZTF24aaorlki.npz,SN Ia,SNI,core,19,12,7,True,SN_Ia
ZTF24aahpcfe,events/ZTF24aahpcfe.npz,SN Ia-91T,SNI,core,17,9,8,True,SN_Ia
ZTF20acwkvgj,events/ZTF20acwkvgj.npz,SN Ia,SNI,core,19,9,10,True,SN_Ia
ZTF24aamilir,events/ZTF24aamilir.npz,SN Ia,SNI,core,18,12,6,True,SN_Ia
ZTF20aawgrcu,events/ZTF20aawgrcu.npz,SN II,SNII,core,127,41,86,True,SN_CC
ZTF21aaateuz,events/ZTF21aaateuz.npz,SN Ia,SNI,core,22,11,11,True,SN_Ia
ZTF22aaptyed,events/ZTF22aaptyed.npz,SN Ia,SNI,core,12,3,9,True,SN_Ia
ZTF19aaknvuh,events/ZTF19aaknvuh.npz,SN Ia,SNI,core,47,20,27,True,SN_Ia
ZTF21acipdhn,events/ZTF21acipdhn.npz,SN Ia,SNI,core,16,8,8,True,SN_Ia
ZTF20aabqiav,events/ZTF20aabqiav.npz,SN II,SNII,core,31,15,16,True,SN_CC
ZTF24abqpbas,events/ZTF24abqpbas.npz,SN Ia,SNI,core,21,11,10,True,SN_Ia
ZTF24aadnhsl,events/ZTF24aadnhsl.npz,SN Ia-91T,SNI,core,32,2,30,True,SN_Ia
ZTF25ablhwja,events/ZTF25ablhwja.npz,SN Ia,SNI,core,49,28,21,True,SN_Ia
ZTF23aacdkme,events/ZTF23aacdkme.npz,SN Ia,SNI,core,16,10,6,True,SN_Ia
ZTF19aafcgif,events/ZTF19aafcgif.npz,AGN,AGN,core,12,6,6,True,AGN
ZTF23aaeaptm,events/ZTF23aaeaptm.npz,SN Ia,SNI,core,13,11,2,True,SN_Ia
ZTF22aatnyuo,events/ZTF22aatnyuo.npz,SN Ia,SNI,core,22,10,12,True,SN_Ia
ZTF18acapyww,events/ZTF18acapyww.npz,SLSN-I,NOVEL,novel,8,5,3,True,SLSN
ZTF21abyslhz,events/ZTF21abyslhz.npz,SN Ia,SNI,core,13,4,9,True,SN_Ia
ZTF18abxcues,events/ZTF18abxcues.npz,CV,CV,core,16,10,6,True,CV
ZTF24aaouput,events/ZTF24aaouput.npz,SLSN-II,SNII,peculiar,50,21,29,True,SLSN
ZTF18abvvmdf,events/ZTF18abvvmdf.npz,SN II,SNII,core,9,5,4,True,SN_CC
ZTF23aakawpn,events/ZTF23aakawpn.npz,SN Ia,SNI,core,36,14,22,True,SN_Ia
ZTF22aagtxzo,events/ZTF22aagtxzo.npz,SN Ia,SNI,core,17,7,10,True,SN_Ia
ZTF25acddazz,events/ZTF25acddazz.npz,SN Ia,SNI,core,27,13,14,True,SN_Ia
ZTF25aaqwcvn,events/ZTF25aaqwcvn.npz,SN Ia,SNI,core,17,10,7,True,SN_Ia
ZTF22aaafdwm,events/ZTF22aaafdwm.npz,SN Ia,SNI,core,15,8,7,True,SN_Ia
ZTF19abhdlxp,events/ZTF19abhdlxp.npz,SN Ia,SNI,core,22,9,13,True,SN_Ia
ZTF23abrzrcq,events/ZTF23abrzrcq.npz,SN Ia,SNI,core,21,10,11,True,SN_Ia
ZTF21aatwkkg,events/ZTF21aatwkkg.npz,SN IIn,SNII,core,49,30,19,True,SN_CC
ZTF22abafcrf,events/ZTF22abafcrf.npz,SN Ia-91T,SNI,core,11,6,5,True,SN_Ia
ZTF22abfweew,events/ZTF22abfweew.npz,SN Ia,SNI,core,25,13,12,True,SN_Ia
ZTF24abnshco,events/ZTF24abnshco.npz,SN Ia,SNI,core,15,7,8,True,SN_Ia
ZTF18abucvbf,events/ZTF18abucvbf.npz,SN Ia,SNI,core,14,7,7,True,SN_Ia
ZTF25abmhxft,events/ZTF25abmhxft.npz,SN Ia,SNI,core,21,11,10,True,SN_Ia
ZTF20acjfimy,events/ZTF20acjfimy.npz,SN Ia,SNI,core,29,13,16,True,SN_Ia
ZTF24abxvcyp,events/ZTF24abxvcyp.npz,SN Ia,SNI,core,28,16,12,True,SN_Ia
ZTF23aaelqpq,events/ZTF23aaelqpq.npz,SN IIP,SNII,core,25,11,14,True,SN_CC
ZTF22aaygscd,events/ZTF22aaygscd.npz,SN II,SNII,core,31,12,19,True,SN_CC
ZTF22abbkhja,events/ZTF22abbkhja.npz,SN Ia,SNI,core,76,23,53,True,SN_Ia
ZTF18aahjdnz,events/ZTF18aahjdnz.npz,AGN,AGN,core,23,13,10,True,AGN
ZTF20aadzfzy,events/ZTF20aadzfzy.npz,CV,CV,core,11,6,5,True,CV
ZTF19acawqlu,events/ZTF19acawqlu.npz,CV,CV,core,16,8,8,True,CV
ZTF24abltheg,events/ZTF24abltheg.npz,SN Ic,SNI,core,20,9,11,True,SN_CC
ZTF25aaytfvv,events/ZTF25aaytfvv.npz,SN Ia,SNI,core,26,12,14,True,SN_Ia
ZTF21abjwvzu,events/ZTF21abjwvzu.npz,SN Ia,SNI,core,38,2,36,True,SN_Ia
ZTF21aceqhth,events/ZTF21aceqhth.npz,SN Ia,SNI,core,11,6,5,True,SN_Ia
ZTF19aasekcx,events/ZTF19aasekcx.npz,SN IIn,SNII,core,47,20,27,True,SN_CC
ZTF18acvbpcv,events/ZTF18acvbpcv.npz,CV,CV,core,19,8,11,True,CV
ZTF25aairhqk,events/ZTF25aairhqk.npz,SN IIn,SNII,core,49,26,23,True,SN_CC
ZTF25aaaoxjm,events/ZTF25aaaoxjm.npz,SN Ibn,SNI,peculiar,29,16,13,True,SN_CC
ZTF21abouuat,events/ZTF21abouuat.npz,SN II,SNII,core,116,61,55,True,SN_CC
ZTF21aagvmtk,events/ZTF21aagvmtk.npz,CV,CV,core,19,9,10,True,CV
ZTF21aaydxoo,events/ZTF21aaydxoo.npz,SN IIn,SNII,core,32,16,16,True,SN_CC
ZTF22aahaufu,events/ZTF22aahaufu.npz,SN Ia,SNI,core,29,13,16,True,SN_Ia
ZTF20aahirkk,events/ZTF20aahirkk.npz,SN Ia-91T,SNI,core,10,6,4,True,SN_Ia
ZTF20acikzzn,events/ZTF20acikzzn.npz,SN Ia,SNI,core,16,7,9,True,SN_Ia
ZTF20abzoaas,events/ZTF20abzoaas.npz,SN II,SNII,core,39,21,18,True,SN_CC
ZTF24aaacpsp,events/ZTF24aaacpsp.npz,SN Ia,SNI,core,24,11,13,True,SN_Ia
ZTF18aaqduja,events/ZTF18aaqduja.npz,AGN,AGN,core,31,22,9,True,AGN
ZTF22aaoolfh,events/ZTF22aaoolfh.npz,SN Ia,SNI,core,32,12,20,True,SN_Ia
ZTF25abixhdc,events/ZTF25abixhdc.npz,SLSN-I,NOVEL,novel,88,36,32,True,SLSN
ZTF19aanxnkd,events/ZTF19aanxnkd.npz,SN Ia,SNI,core,16,8,8,True,SN_Ia
ZTF21ackonrq,events/ZTF21ackonrq.npz,SN Ia,SNI,core,15,7,8,True,SN_Ia
ZTF20abmmkyv,events/ZTF20abmmkyv.npz,SN Ia,SNI,core,10,4,6,True,SN_Ia
ZTF23aakaqht,events/ZTF23aakaqht.npz,SN Ia,SNI,core,28,16,12,True,SN_Ia
ZTF20acwncbd,events/ZTF20acwncbd.npz,SN Ia,SNI,core,32,15,17,True,SN_Ia
ZTF25aalpzgd,events/ZTF25aalpzgd.npz,SN II,SNII,core,52,21,31,True,SN_CC
ZTF19acwqvvn,events/ZTF19acwqvvn.npz,SN Ia,SNI,core,28,14,14,True,SN_Ia
ZTF25aadkeon,events/ZTF25aadkeon.npz,SN Ia,SNI,core,24,10,14,True,SN_Ia
ZTF19aapfktd,events/ZTF19aapfktd.npz,SN Ia,SNI,core,15,7,8,True,SN_Ia
ZTF21abxzzys,events/ZTF21abxzzys.npz,SN Ia,SNI,core,20,10,10,True,SN_Ia
ZTF23aamzcfe,events/ZTF23aamzcfe.npz,SN Ia,SNI,core,59,25,34,True,SN_Ia
ZTF22aavbezc,events/ZTF22aavbezc.npz,SN Ia,SNI,core,17,7,10,True,SN_Ia
ZTF19abpnrrf,events/ZTF19abpnrrf.npz,SN II,SNII,core,17,7,10,True,SN_CC
ZTF22abstdmf,events/ZTF22abstdmf.npz,SN Ia,SNI,core,9,2,7,True,SN_Ia
ZTF22aadqkuv,events/ZTF22aadqkuv.npz,SN Ia-91T,SNI,core,22,8,14,True,SN_Ia
ZTF21aalkltz,events/ZTF21aalkltz.npz,SN Ibn,SNI,peculiar,15,7,8,True,SN_CC
ZTF24aaeopqq,events/ZTF24aaeopqq.npz,SN Ia,SNI,core,9,3,6,True,SN_Ia
ZTF24abkcder,events/ZTF24abkcder.npz,SN II,SNII,core,39,19,20,True,SN_CC
ZTF19acxzafe,events/ZTF19acxzafe.npz,SN Ia,SNI,core,9,6,3,True,SN_Ia
ZTF21acdtosh,events/ZTF21acdtosh.npz,SN Ia,SNI,core,15,8,7,True,SN_Ia
ZTF22abmiuan,events/ZTF22abmiuan.npz,SN Ia-91T,SNI,core,17,8,9,True,SN_Ia
ZTF19abcejrr,events/ZTF19abcejrr.npz,SN II,SNII,core,34,17,17,True,SN_CC
ZTF22abvcnnl,events/ZTF22abvcnnl.npz,SLSN-I,NOVEL,novel,27,12,15,True,SLSN
ZTF20abaunmw,events/ZTF20abaunmw.npz,SN Iax,SNI,peculiar,19,9,10,True,SN_Ia
ZTF19aaurhox,events/ZTF19aaurhox.npz,SN Ia,SNI,core,69,28,41,True,SN_Ia
ZTF21aaheulr,events/ZTF21aaheulr.npz,SN Ia,SNI,core,14,5,9,True,SN_Ia
ZTF22aapjrvz,events/ZTF22aapjrvz.npz,SN II,SNII,core,33,15,18,True,SN_CC
ZTF24abmntgy,events/ZTF24abmntgy.npz,SN Ia,SNI,core,25,12,13,True,SN_Ia
ZTF24aaeanrr,events/ZTF24aaeanrr.npz,SN Ia,SNI,core,8,4,4,True,SN_Ia
ZTF19aadnxcw,events/ZTF19aadnxcw.npz,SN Ia,SNI,core,20,9,11,True,SN_Ia
ZTF22abizgac,events/ZTF22abizgac.npz,SN Ia,SNI,core,34,13,21,True,SN_Ia
ZTF21abxlmuw,events/ZTF21abxlmuw.npz,SN IIn,SNII,core,14,7,7,True,SN_CC
ZTF25acfxytw,events/ZTF25acfxytw.npz,SN Ia,SNI,core,17,12,5,True,SN_Ia
ZTF25acfhaoj,events/ZTF25acfhaoj.npz,SN Ia,SNI,core,11,5,6,True,SN_Ia
ZTF24aatlqae,events/ZTF24aatlqae.npz,SN Ia,SNI,core,9,6,3,True,SN_Ia
ZTF23aabzrgo,events/ZTF23aabzrgo.npz,SN Ia,SNI,core,13,5,8,True,SN_Ia
ZTF23aaaziou,events/ZTF23aaaziou.npz,SN II,SNII,core,30,3,27,True,SN_CC
ZTF25aanbdft,events/ZTF25aanbdft.npz,SN Ia,SNI,core,14,7,7,True,SN_Ia
ZTF19adcbpcj,events/ZTF19adcbpcj.npz,SN Ia,SNI,core,13,5,8,True,SN_Ia
ZTF19adaylqy,events/ZTF19adaylqy.npz,SN Ia,SNI,core,10,5,5,True,SN_Ia
ZTF22aajlsrh,events/ZTF22aajlsrh.npz,SN II,SNII,core,55,27,28,True,SN_CC
ZTF21aaaovua,events/ZTF21aaaovua.npz,SN Ia,SNI,core,21,7,14,True,SN_Ia
ZTF25aapnvqx,events/ZTF25aapnvqx.npz,SN Ia,SNI,core,16,7,9,True,SN_Ia
ZTF25abghnwv,events/ZTF25abghnwv.npz,SN Ia,SNI,core,93,22,45,True,SN_Ia
ZTF24aapeorz,events/ZTF24aapeorz.npz,SN Ia,SNI,core,27,14,13,True,SN_Ia
ZTF19acruqph,events/ZTF19acruqph.npz,SN Ia,SNI,core,19,8,11,True,SN_Ia
ZTF20aclkcuu,events/ZTF20aclkcuu.npz,SN Ia,SNI,core,32,13,19,True,SN_Ia
ZTF20aabqiiy,events/ZTF20aabqiiy.npz,SN Ia,SNI,core,21,9,12,True,SN_Ia
ZTF25acgeyus,events/ZTF25acgeyus.npz,SN Ia,SNI,core,18,7,11,True,SN_Ia
ZTF21abjvwdj,events/ZTF21abjvwdj.npz,SN Ia,SNI,core,25,8,17,True,SN_Ia
ZTF24aaqugzv,events/ZTF24aaqugzv.npz,SN II,SNII,core,35,11,24,True,SN_CC
ZTF23aawbwbu,events/ZTF23aawbwbu.npz,SN II,SNII,core,11,3,8,True,SN_CC
ZTF18aaviawx,events/ZTF18aaviawx.npz,SN Ia,SNI,core,12,9,3,True,SN_Ia
ZTF19aaacdto,events/ZTF19aaacdto.npz,AGN,AGN,core,11,6,5,True,AGN
ZTF19acchjle,events/ZTF19acchjle.npz,SN Ia,SNI,core,23,10,13,True,SN_Ia
ZTF20aawadcp,events/ZTF20aawadcp.npz,SN Ia,SNI,core,20,8,12,True,SN_Ia
ZTF24aahszxf,events/ZTF24aahszxf.npz,SN II,SNII,core,40,30,8,True,SN_CC
ZTF21aatnpnl,events/ZTF21aatnpnl.npz,CV,CV,core,10,4,6,True,CV
ZTF22abuhfdv,events/ZTF22abuhfdv.npz,SN Ia,SNI,core,11,6,5,True,SN_Ia
ZTF18abshmro,events/ZTF18abshmro.npz,SN Ia,SNI,core,8,3,5,True,SN_Ia
ZTF20acqqdkl,events/ZTF20acqqdkl.npz,SN IIn,SNII,core,57,30,27,True,SN_CC
ZTF20abdxouw,events/ZTF20abdxouw.npz,SN Ia,SNI,core,22,11,11,True,SN_Ia
ZTF24aanppvy,events/ZTF24aanppvy.npz,SN II,SNII,core,41,18,23,True,SN_CC
ZTF20achncvv,events/ZTF20achncvv.npz,SLSN-II,SNII,peculiar,65,27,38,True,SLSN
ZTF19abpavsn,events/ZTF19abpavsn.npz,SN Ia,SNI,core,15,7,8,True,SN_Ia
ZTF21acfajbc,events/ZTF21acfajbc.npz,SN II,SNII,core,23,12,11,True,SN_CC
ZTF22abtsypf,events/ZTF22abtsypf.npz,SN IIn,SNII,core,36,16,20,True,SN_CC
ZTF20abzcefc,events/ZTF20abzcefc.npz,SN II,SNII,core,39,13,26,True,SN_CC
ZTF24aaktjyo,events/ZTF24aaktjyo.npz,SN Ia,SNI,core,14,7,6,True,SN_Ia
ZTF21abmjivk,events/ZTF21abmjivk.npz,SN Ia,SNI,core,40,18,22,True,SN_Ia
ZTF18ablwtkf,events/ZTF18ablwtkf.npz,SN Ia,SNI,core,13,6,7,True,SN_Ia
ZTF26aaaadal,events/ZTF26aaaadal.npz,SN Ia-91T,SNI,core,13,7,6,True,SN_Ia
ZTF22abyjttn,events/ZTF22abyjttn.npz,SN Ia,SNI,core,23,11,12,True,SN_Ia
ZTF23abhublj,events/ZTF23abhublj.npz,SN Ia,SNI,core,19,9,10,True,SN_Ia
ZTF23abvyqwv,events/ZTF23abvyqwv.npz,SN Ia,SNI,core,16,8,8,True,SN_Ia
ZTF24abrzgil,events/ZTF24abrzgil.npz,SN II,SNII,core,34,15,19,True,SN_CC
ZTF25aatdgae,events/ZTF25aatdgae.npz,SN Ib,SNI,core,19,8,11,True,SN_CC
ZTF25abwlkls,events/ZTF25abwlkls.npz,SN Ia-91T,SNI,core,29,12,17,True,SN_Ia
ZTF20achbkud,events/ZTF20achbkud.npz,SN Ia,SNI,core,27,10,17,True,SN_Ia
ZTF18acdyypo,events/ZTF18acdyypo.npz,SN Ia,SNI,core,15,5,10,True,SN_Ia
ZTF23aaynwdt,events/ZTF23aaynwdt.npz,SN Ia,SNI,core,24,3,21,True,SN_Ia
ZTF19acmxidf,events/ZTF19acmxidf.npz,SN Ia,SNI,core,11,2,9,True,SN_Ia
ZTF18abktphg,events/ZTF18abktphg.npz,SN Ia,SNI,core,17,14,3,True,SN_Ia
ZTF22aadkowq,events/ZTF22aadkowq.npz,SN Ia,SNI,core,32,15,17,True,SN_Ia
ZTF19abymvpq,events/ZTF19abymvpq.npz,SN Ia,SNI,core,25,14,11,True,SN_Ia
ZTF18ablwvcy,events/ZTF18ablwvcy.npz,CV,CV,core,13,3,10,True,CV
ZTF23aacrvqj,events/ZTF23aacrvqj.npz,SN II,SNII,core,41,20,21,True,SN_CC
ZTF22aacilhr,events/ZTF22aacilhr.npz,SN Ia,SNI,core,37,19,18,True,SN_Ia
ZTF24ablzmbm,events/ZTF24ablzmbm.npz,SN Iax,SNI,peculiar,33,13,20,True,SN_Ia
ZTF23aaakoaa,events/ZTF23aaakoaa.npz,SN Ia,SNI,core,23,9,14,True,SN_Ia
ZTF21aazcune,events/ZTF21aazcune.npz,SN Ia,SNI,core,15,6,9,True,SN_Ia
ZTF20aapcmur,events/ZTF20aapcmur.npz,SN Ia,SNI,core,29,12,17,True,SN_Ia
ZTF23abcvqkd,events/ZTF23abcvqkd.npz,SN Ia-91T,SNI,core,109,54,55,True,SN_Ia
ZTF19abxvtmn,events/ZTF19abxvtmn.npz,SN II,SNII,core,62,34,28,True,SN_CC
ZTF24abiesnr,events/ZTF24abiesnr.npz,SN Ibn,SNI,peculiar,14,6,5,True,SN_CC
ZTF21aaeoqxf,events/ZTF21aaeoqxf.npz,SN II,SNII,core,30,13,17,True,SN_CC
ZTF21aahnkut,events/ZTF21aahnkut.npz,SN Ia,SNI,core,23,9,14,True,SN_Ia
ZTF19aawudku,events/ZTF19aawudku.npz,SN Ia,SNI,core,15,8,7,True,SN_Ia
ZTF23aagkgnz,events/ZTF23aagkgnz.npz,SN Ia,SNI,core,46,28,18,True,SN_Ia
ZTF23abjazdg,events/ZTF23abjazdg.npz,SN Ia,SNI,core,27,14,13,True,SN_Ia
ZTF18adaimlf,events/ZTF18adaimlf.npz,SN Ia,SNI,core,15,6,9,True,SN_Ia
ZTF20acaczen,events/ZTF20acaczen.npz,SN Ia,SNI,core,21,10,11,True,SN_Ia
ZTF24aavhdqy,events/ZTF24aavhdqy.npz,SN Ia,SNI,core,32,13,19,True,SN_Ia
ZTF20aatulug,events/ZTF20aatulug.npz,SN Ia,SNI,core,58,26,32,True,SN_Ia
ZTF20aaullwz,events/ZTF20aaullwz.npz,SN II,SNII,core,22,12,10,True,SN_CC
ZTF19aazdsgo,events/ZTF19aazdsgo.npz,SN Ib,SNI,core,22,7,15,True,SN_CC
ZTF21aaxstsv,events/ZTF21aaxstsv.npz,SN Ia,SNI,core,24,9,15,True,SN_Ia
ZTF24abmqdcc,events/ZTF24abmqdcc.npz,SN Ia,SNI,core,20,9,11,True,SN_Ia
ZTF20abjlaim,events/ZTF20abjlaim.npz,SN Ia,SNI,core,28,14,14,True,SN_Ia
ZTF18achszwx,events/ZTF18achszwx.npz,AGN,AGN,core,31,16,15,True,AGN
ZTF25aalocpf,events/ZTF25aalocpf.npz,SN Iax,SNI,peculiar,24,22,2,True,SN_Ia
ZTF20abqetet,events/ZTF20abqetet.npz,SN Ia,SNI,core,56,21,35,True,SN_Ia
ZTF25abmxakq,events/ZTF25abmxakq.npz,SN Ia,SNI,core,74,24,50,True,SN_Ia
ZTF23abbccir,events/ZTF23abbccir.npz,SN II,SNII,core,54,26,28,True,SN_CC
ZTF20ackhzba,events/ZTF20ackhzba.npz,SN Ia,SNI,core,27,14,13,True,SN_Ia
ZTF22aaabpqn,events/ZTF22aaabpqn.npz,SN II,SNII,core,40,15,25,True,SN_CC
ZTF18aarmnnd,events/ZTF18aarmnnd.npz,SN Ia,SNI,core,15,11,4,True,SN_Ia
ZTF19acdihrz,events/ZTF19acdihrz.npz,SN Ia,SNI,core,18,6,12,True,SN_Ia
ZTF19abfaqqo,events/ZTF19abfaqqo.npz,SN Ia,SNI,core,13,7,6,True,SN_Ia
ZTF25abvuopa,events/ZTF25abvuopa.npz,SN Ia,SNI,core,52,2,50,True,SN_Ia
ZTF21abgjldn,events/ZTF21abgjldn.npz,SN IIn,SNII,core,51,24,27,True,SN_CC
ZTF22aaoskwd,events/ZTF22aaoskwd.npz,SN Ia,SNI,core,24,10,14,True,SN_Ia
ZTF19abeytzv,events/ZTF19abeytzv.npz,SN Ia,SNI,core,22,7,15,True,SN_Ia
ZTF20acyvzbr,events/ZTF20acyvzbr.npz,SN Ia,SNI,core,37,18,19,True,SN_Ia
ZTF25aastkua,events/ZTF25aastkua.npz,SN Iax,SNI,peculiar,143,66,77,True,SN_Ia
ZTF25acehjpc,events/ZTF25acehjpc.npz,SN Ia,SNI,core,42,19,23,True,SN_Ia
ZTF20aavnnqo,events/ZTF20aavnnqo.npz,SN Ia,SNI,core,39,16,23,True,SN_Ia
ZTF24aawlhdv,events/ZTF24aawlhdv.npz,SN Ia,SNI,core,14,5,9,True,SN_Ia
ZTF23aacjetk,events/ZTF23aacjetk.npz,SN II,SNII,core,22,10,12,True,SN_CC
ZTF21aabpnlm,events/ZTF21aabpnlm.npz,SN Ibn,SNI,peculiar,10,6,4,True,SN_CC
ZTF21aasuazz,events/ZTF21aasuazz.npz,SN Ia,SNI,core,23,11,12,True,SN_Ia
ZTF21aayfnjz,events/ZTF21aayfnjz.npz,SN IIb,SNII,core,61,28,33,True,SN_CC
ZTF23aaeygvh,events/ZTF23aaeygvh.npz,SN Ia,SNI,core,15,8,7,True,SN_Ia
ZTF19aanesxt,events/ZTF19aanesxt.npz,SN Ia,SNI,core,18,9,9,True,SN_Ia
ZTF20abccojn,events/ZTF20abccojn.npz,SN Ia,SNI,core,52,22,30,True,SN_Ia
ZTF21aarhnwn,events/ZTF21aarhnwn.npz,SN Ia,SNI,core,30,13,17,True,SN_Ia
ZTF25aaxiwgb,events/ZTF25aaxiwgb.npz,SN Ia,SNI,core,45,20,25,True,SN_Ia
ZTF23aaeeawl,events/ZTF23aaeeawl.npz,SN Ia,SNI,core,39,16,23,True,SN_Ia
ZTF23abolkiw,events/ZTF23abolkiw.npz,SN II,SNII,core,24,11,13,True,SN_CC
ZTF23aajaraz,events/ZTF23aajaraz.npz,SN Ia,SNI,core,22,10,12,True,SN_Ia
ZTF19acnzkph,events/ZTF19acnzkph.npz,SN Ia,SNI,core,28,14,14,True,SN_Ia
ZTF23abivaby,events/ZTF23abivaby.npz,SN Ia,SNI,core,38,18,20,True,SN_Ia
ZTF19aawgxdn,events/ZTF19aawgxdn.npz,SN II,SNII,core,98,51,47,True,SN_CC
ZTF21aaqytjr,events/ZTF21aaqytjr.npz,SN Ia,SNI,core,66,35,31,True,SN_Ia
ZTF25aaduxhj,events/ZTF25aaduxhj.npz,SN Ia-91T,SNI,core,19,10,9,True,SN_Ia
ZTF20acbakkg,events/ZTF20acbakkg.npz,SN Ia,SNI,core,24,10,14,True,SN_Ia
ZTF20abyznqs,events/ZTF20abyznqs.npz,SN Ibn,SNI,peculiar,25,16,9,True,SN_CC
ZTF21acfgjiw,events/ZTF21acfgjiw.npz,SN Ia,SNI,core,26,12,14,True,SN_Ia
ZTF25aavggqd,events/ZTF25aavggqd.npz,SN Ia,SNI,core,10,4,6,True,SN_Ia
ZTF21abvqrln,events/ZTF21abvqrln.npz,SN Ia,SNI,core,25,11,14,True,SN_Ia
ZTF19abetjcx,events/ZTF19abetjcx.npz,SN Ia,SNI,core,12,3,9,True,SN_Ia
ZTF25abllldx,events/ZTF25abllldx.npz,SN Ia,SNI,core,49,20,29,True,SN_Ia
ZTF22aaudeny,events/ZTF22aaudeny.npz,SN Ia,SNI,core,40,19,21,True,SN_Ia
ZTF21aceaiqm,events/ZTF21aceaiqm.npz,SN Ia,SNI,core,12,5,7,True,SN_Ia
ZTF23ablaxwm,events/ZTF23ablaxwm.npz,SN II,SNII,core,26,14,12,True,SN_CC
ZTF20acchxpm,events/ZTF20acchxpm.npz,SN Ia,SNI,core,34,15,19,True,SN_Ia
ZTF20aarblcr,events/ZTF20aarblcr.npz,SN II,SNII,core,23,5,18,True,SN_CC
ZTF19actnwtn,events/ZTF19actnwtn.npz,SN II,SNII,core,57,6,51,True,SN_CC
ZTF18abkudjo,events/ZTF18abkudjo.npz,SN Ia,SNI,core,18,7,11,True,SN_Ia
ZTF24abybsoa,events/ZTF24abybsoa.npz,SN II,SNII,core,18,12,6,True,SN_CC
ZTF24abcwqil,events/ZTF24abcwqil.npz,SN Ia,SNI,core,23,9,14,True,SN_Ia
ZTF24abofwql,events/ZTF24abofwql.npz,SN Ia,SNI,core,20,14,6,True,SN_Ia
ZTF20aagloch,events/ZTF20aagloch.npz,SN Ia,SNI,core,88,40,48,True,SN_Ia
ZTF18abotdef,events/ZTF18abotdef.npz,SN Ia,SNI,core,18,10,8,True,SN_Ia
ZTF19abqhikf,events/ZTF19abqhikf.npz,SN Ia,SNI,core,27,15,12,True,SN_Ia
ZTF21abkggoa,events/ZTF21abkggoa.npz,SN II,SNII,core,40,15,25,True,SN_CC
ZTF20abopngr,events/ZTF20abopngr.npz,CV,CV,core,35,16,19,True,CV
ZTF22abdoehm,events/ZTF22abdoehm.npz,SN Ia,SNI,core,42,8,34,True,SN_Ia
ZTF21acjoskd,events/ZTF21acjoskd.npz,SN II,SNII,core,13,7,6,True,SN_CC
ZTF18abrfchj,events/ZTF18abrfchj.npz,SN Ic,SNI,core,9,2,7,True,SN_CC
ZTF20aakodyh,events/ZTF20aakodyh.npz,SN Ib,SNI,core,14,4,10,True,SN_CC
ZTF25aaazugo,events/ZTF25aaazugo.npz,SN Ia,SNI,core,20,9,11,True,SN_Ia
ZTF21aafjjee,events/ZTF21aafjjee.npz,SN Ia,SNI,core,38,16,22,True,SN_Ia
ZTF23aatukpx,events/ZTF23aatukpx.npz,SN Ia,SNI,core,43,21,22,True,SN_Ia
ZTF18aakzliv,events/ZTF18aakzliv.npz,SN Ia,SNI,core,18,6,12,True,SN_Ia
ZTF19abguzsx,events/ZTF19abguzsx.npz,SN Ia,SNI,core,10,6,4,True,SN_Ia
ZTF22aaddorn,events/ZTF22aaddorn.npz,SN Ia,SNI,core,28,14,14,True,SN_Ia
ZTF22abnqzle,events/ZTF22abnqzle.npz,SN Ia,SNI,core,19,8,11,True,SN_Ia
ZTF25abflvtk,events/ZTF25abflvtk.npz,SN Ia,SNI,core,27,12,15,True,SN_Ia
ZTF23abccimv,events/ZTF23abccimv.npz,SN II,SNII,core,49,25,24,True,SN_CC
ZTF18aajvqye,events/ZTF18aajvqye.npz,SN Ia,SNI,core,27,12,15,True,SN_Ia
ZTF18ablrljh,events/ZTF18ablrljh.npz,SN Ia,SNI,core,49,20,29,True,SN_Ia
ZTF24abmfgxy,events/ZTF24abmfgxy.npz,SN Ia,SNI,core,80,42,38,True,SN_Ia
ZTF20aamkyyx,events/ZTF20aamkyyx.npz,SN Ia,SNI,core,14,6,8,True,SN_Ia
ZTF20aamrreb,events/ZTF20aamrreb.npz,SN IIn,SNII,core,10,5,5,True,SN_CC
ZTF24absfzkh,events/ZTF24absfzkh.npz,SN II,SNII,core,24,16,8,True,SN_CC
ZTF21aakilyd,events/ZTF21aakilyd.npz,SN Icn,SNI,peculiar,16,8,8,True,SN_CC
ZTF22acahury,events/ZTF22acahury.npz,SN II,SNII,core,21,11,10,True,SN_CC
ZTF19aaknate,events/ZTF19aaknate.npz,SN IIb,SNII,core,31,16,15,True,SN_CC
ZTF25abitcpd,events/ZTF25abitcpd.npz,SN Ic,SNI,core,56,26,30,True,SN_CC
ZTF25aarhgtc,events/ZTF25aarhgtc.npz,SN II,SNII,core,28,5,23,True,SN_CC
ZTF19abgndlf,events/ZTF19abgndlf.npz,SN IIn,SNII,core,82,41,41,True,SN_CC
ZTF24aaughlb,events/ZTF24aaughlb.npz,SN Ia,SNI,core,22,9,13,True,SN_Ia
ZTF19abvhduf,events/ZTF19abvhduf.npz,SN Ia,SNI,core,53,24,29,True,SN_Ia
ZTF20acfkyll,events/ZTF20acfkyll.npz,SN II,SNII,core,69,29,40,True,SN_CC
ZTF22abtztxv,events/ZTF22abtztxv.npz,SN II,SNII,core,11,5,6,True,SN_CC
ZTF18abrzbum,events/ZTF18abrzbum.npz,SN II,SNII,core,23,5,18,True,SN_CC
ZTF22aaahuly,events/ZTF22aaahuly.npz,SN Ic-BL,SNI,core,16,8,8,True,SN_CC
ZTF25acglaha,events/ZTF25acglaha.npz,SN Ia,SNI,core,18,9,9,True,SN_Ia
ZTF21aaaosmn,events/ZTF21aaaosmn.npz,SN Ia,SNI,core,15,8,7,True,SN_Ia
ZTF25aaqiijt,events/ZTF25aaqiijt.npz,SN Ia,SNI,core,37,18,19,True,SN_Ia
ZTF21accwovq,events/ZTF21accwovq.npz,SLSN-I,NOVEL,novel,35,18,17,True,SLSN
ZTF22ablhftq,events/ZTF22ablhftq.npz,SN Ia,SNI,core,34,14,20,True,SN_Ia
ZTF19abmugyh,events/ZTF19abmugyh.npz,SN Ia,SNI,core,18,10,8,True,SN_Ia
ZTF21acdkbai,events/ZTF21acdkbai.npz,SN Ia,SNI,core,14,6,8,True,SN_Ia
ZTF23aadjpsn,events/ZTF23aadjpsn.npz,SN Ia-91T,SNI,core,23,11,12,True,SN_Ia
ZTF20achmmex,events/ZTF20achmmex.npz,SN II,SNII,core,34,7,27,True,SN_CC
ZTF22abneima,events/ZTF22abneima.npz,SN Ia,SNI,core,26,14,12,True,SN_Ia
ZTF23abjthou,events/ZTF23abjthou.npz,SN II,SNII,core,26,13,13,True,SN_CC
ZTF25aakbbof,events/ZTF25aakbbof.npz,SN Ib,SNI,core,8,3,5,True,SN_CC
ZTF25aabobjw,events/ZTF25aabobjw.npz,SN Ic,SNI,core,21,10,11,True,SN_CC
ZTF24aaynaot,events/ZTF24aaynaot.npz,SN Ia,SNI,core,11,6,5,True,SN_Ia
ZTF18aagrkwn,events/ZTF18aagrkwn.npz,AGN,AGN,core,25,12,13,True,AGN
ZTF18aagtwyh,events/ZTF18aagtwyh.npz,SN Ia,SNI,core,19,8,11,True,SN_Ia
ZTF25abbnidh,events/ZTF25abbnidh.npz,SN Ia,SNI,core,18,8,10,True,SN_Ia
ZTF24aamlalc,events/ZTF24aamlalc.npz,SN Ia-SC,SNI,peculiar,47,32,15,True,SN_Ia
ZTF24abihiaw,events/ZTF24abihiaw.npz,SN Ia,SNI,core,21,14,7,True,SN_Ia
ZTF25aceeppc,events/ZTF25aceeppc.npz,SLSN-I,NOVEL,novel,33,16,17,True,SLSN
ZTF23aapwlkh,events/ZTF23aapwlkh.npz,SN II,SNII,core,43,19,24,True,SN_CC
ZTF20aadyukn,events/ZTF20aadyukn.npz,SN Ia,SNI,core,59,21,38,True,SN_Ia
ZTF18acvgjqv,events/ZTF18acvgjqv.npz,SN IIn,SNII,core,33,18,15,True,SN_CC
ZTF20aapjiwl,events/ZTF20aapjiwl.npz,SN II,SNII,core,14,6,8,True,SN_CC
ZTF25ackdapv,events/ZTF25ackdapv.npz,SN Ia,SNI,core,44,22,22,True,SN_Ia
ZTF25acekiok,events/ZTF25acekiok.npz,SN Ia,SNI,core,22,12,10,True,SN_Ia
ZTF24abhrlfz,events/ZTF24abhrlfz.npz,SN Ia,SNI,core,19,7,10,True,SN_Ia
ZTF19aamvmer,events/ZTF19aamvmer.npz,SN Ia,SNI,core,26,8,18,True,SN_Ia
ZTF22aatuxjc,events/ZTF22aatuxjc.npz,SN Ia,SNI,core,24,10,14,True,SN_Ia
ZTF25acgmisi,events/ZTF25acgmisi.npz,SN Ia,SNI,core,16,5,11,True,SN_Ia
ZTF22abtextj,events/ZTF22abtextj.npz,SN Ia,SNI,core,13,7,6,True,SN_Ia
ZTF20abjonjs,events/ZTF20abjonjs.npz,SN II,SNII,core,70,34,36,True,SN_CC
ZTF24aazqavh,events/ZTF24aazqavh.npz,SN Ic-BL,SNI,core,27,14,13,True,SN_CC
ZTF22abvmfrq,events/ZTF22abvmfrq.npz,SN II,SNII,core,10,3,7,True,SN_CC
ZTF20abzpxxu,events/ZTF20abzpxxu.npz,SN Ia,SNI,core,91,49,42,True,SN_Ia
ZTF20abywzvj,events/ZTF20abywzvj.npz,SN Ia,SNI,core,57,25,32,True,SN_Ia
ZTF25aafqyhb,events/ZTF25aafqyhb.npz,SN Ia,SNI,core,22,10,12,True,SN_Ia
ZTF22abtfczg,events/ZTF22abtfczg.npz,SN II,SNII,core,27,14,13,True,SN_CC
ZTF19abhpvfq,events/ZTF19abhpvfq.npz,SN Ia,SNI,core,10,2,8,True,SN_Ia
ZTF21aalkknw,events/ZTF21aalkknw.npz,SN Ia,SNI,core,36,16,20,True,SN_Ia
ZTF20abmdplx,events/ZTF20abmdplx.npz,AGN,AGN,core,47,7,40,True,AGN
ZTF25aadfajb,events/ZTF25aadfajb.npz,SN Ia,SNI,core,27,10,17,True,SN_Ia
ZTF18acaktuk,events/ZTF18acaktuk.npz,CV,CV,core,15,8,7,True,CV
ZTF19aanfnvl,events/ZTF19aanfnvl.npz,SN II,SNII,core,15,7,8,True,SN_CC
ZTF20acvejem,events/ZTF20acvejem.npz,SN Ia,SNI,core,37,16,21,True,SN_Ia
ZTF20aaurfnl,events/ZTF20aaurfnl.npz,SN Ic,SNI,core,8,3,5,True,SN_CC
ZTF21abmemav,events/ZTF21abmemav.npz,CV,CV,core,8,4,4,True,CV
ZTF21acgudgo,events/ZTF21acgudgo.npz,SN Ia,SNI,core,13,7,6,True,SN_Ia
ZTF18abdfaqi,events/ZTF18abdfaqi.npz,SN Ia,SNI,core,30,13,17,True,SN_Ia
ZTF18abmnrgb,events/ZTF18abmnrgb.npz,SN Ia,SNI,core,14,10,4,True,SN_Ia
ZTF19abgppki,events/ZTF19abgppki.npz,SN Ia,SNI,core,13,5,8,True,SN_Ia
ZTF22aaakran,events/ZTF22aaakran.npz,AGN,AGN,core,58,31,27,True,AGN
ZTF22aabzsqo,events/ZTF22aabzsqo.npz,SN II,SNII,core,42,17,25,True,SN_CC
ZTF20abzayoe,events/ZTF20abzayoe.npz,SN Ia,SNI,core,14,3,11,True,SN_Ia
ZTF22aaqfuhm,events/ZTF22aaqfuhm.npz,SN Ia,SNI,core,17,8,9,True,SN_Ia
ZTF25aaoxrmn,events/ZTF25aaoxrmn.npz,SN II,SNII,core,77,35,42,True,SN_CC
ZTF22abqwahz,events/ZTF22abqwahz.npz,SN Ia,SNI,core,20,6,14,True,SN_Ia
ZTF21aaaalaf,events/ZTF21aaaalaf.npz,SN Ia,SNI,core,40,16,24,True,SN_Ia
ZTF23aauubqu,events/ZTF23aauubqu.npz,SN Ia,SNI,core,32,14,18,True,SN_Ia
ZTF22aakdqqg,events/ZTF22aakdqqg.npz,SN II,SNII,core,57,26,31,True,SN_CC
ZTF21abjvukz,events/ZTF21abjvukz.npz,SN IIn,SNII,core,60,29,31,True,SN_CC
ZTF22aaafetg,events/ZTF22aaafetg.npz,SN Ia,SNI,core,14,7,7,True,SN_Ia
ZTF25abvqjxe,events/ZTF25abvqjxe.npz,SN II,SNII,core,74,27,47,True,SN_CC
ZTF18abvzdvj,events/ZTF18abvzdvj.npz,SN II,SNII,core,18,7,11,True,SN_CC
ZTF22aaektkm,events/ZTF22aaektkm.npz,SN Ia,SNI,core,41,22,19,True,SN_Ia
ZTF21aaezixn,events/ZTF21aaezixn.npz,SN Ia,SNI,core,11,4,7,True,SN_Ia
ZTF25abkeyrv,events/ZTF25abkeyrv.npz,SN Iax,SNI,peculiar,33,15,18,True,SN_Ia
ZTF21aamhtui,events/ZTF21aamhtui.npz,SN Ia,SNI,core,73,35,38,True,SN_Ia
ZTF19aauplxw,events/ZTF19aauplxw.npz,SN Ia,SNI,core,24,11,13,True,SN_Ia
ZTF22aaphdzl,events/ZTF22aaphdzl.npz,SN Ia,SNI,core,20,11,9,True,SN_Ia
ZTF24aagwnen,events/ZTF24aagwnen.npz,SN Ia,SNI,core,9,2,7,True,SN_Ia
ZTF22abtootl,events/ZTF22abtootl.npz,SN Ia,SNI,core,26,12,14,True,SN_Ia
ZTF18adaadmh,events/ZTF18adaadmh.npz,SN Ia,SNI,core,12,7,5,True,SN_Ia
ZTF21abidikc,events/ZTF21abidikc.npz,SN Ia,SNI,core,21,11,10,True,SN_Ia
ZTF20acmyxdb,events/ZTF20acmyxdb.npz,CV,CV,core,16,8,8,True,CV
ZTF23abomeiu,events/ZTF23abomeiu.npz,SN Ia,SNI,core,9,5,4,True,SN_Ia
ZTF22abdjqlm,events/ZTF22abdjqlm.npz,SN II,SNII,core,39,18,21,True,SN_CC
ZTF20achlced,events/ZTF20achlced.npz,SN Ia,SNI,core,66,36,30,True,SN_Ia
ZTF19aapfmki,events/ZTF19aapfmki.npz,SN Ibn,SNI,peculiar,18,10,8,True,SN_CC
ZTF20achncqp,events/ZTF20achncqp.npz,SN Ia,SNI,core,63,30,33,True,SN_Ia
ZTF20abkdpsy,events/ZTF20abkdpsy.npz,SN Ia,SNI,core,127,62,65,True,SN_Ia
ZTF24absfubu,events/ZTF24absfubu.npz,SN Ia,SNI,core,11,5,6,True,SN_Ia
ZTF22abytwjj,events/ZTF22abytwjj.npz,SN Ib/c,SNI,core,27,10,17,True,SN_CC
ZTF24ablsajd,events/ZTF24ablsajd.npz,SN Ia,SNI,core,25,11,14,True,SN_Ia
ZTF24aahtdhb,events/ZTF24aahtdhb.npz,SN IIn,SNII,core,56,24,32,True,SN_CC
ZTF25acjpdld,events/ZTF25acjpdld.npz,SN Ia,SNI,core,18,10,8,True,SN_Ia
ZTF19acykbce,events/ZTF19acykbce.npz,SLSN-II,SNII,peculiar,13,5,8,True,SLSN
ZTF19aathcvn,events/ZTF19aathcvn.npz,SN Ia,SNI,core,38,17,21,True,SN_Ia
ZTF24aaopnuy,events/ZTF24aaopnuy.npz,SN Ia,SNI,core,34,24,10,True,SN_Ia
ZTF24ablgasd,events/ZTF24ablgasd.npz,SN Ia,SNI,core,24,11,13,True,SN_Ia
ZTF20acnvniw,events/ZTF20acnvniw.npz,SN IIn,SNII,core,55,26,29,True,SN_CC
ZTF19aaarhtg,events/ZTF19aaarhtg.npz,SN Ia,SNI,core,22,8,14,True,SN_Ia
ZTF19aakswwb,events/ZTF19aakswwb.npz,AGN,AGN,core,17,9,8,True,AGN
ZTF20abegopd,events/ZTF20abegopd.npz,SN Ia-91bg,SNI,core,18,5,13,True,SN_Ia
ZTF19aavnwyt,events/ZTF19aavnwyt.npz,SN Ia,SNI,core,29,16,13,True,SN_Ia
ZTF25aaizniw,events/ZTF25aaizniw.npz,SN Ia,SNI,core,22,13,9,True,SN_Ia
ZTF23aamaeks,events/ZTF23aamaeks.npz,SN Ia,SNI,core,17,12,5,True,SN_Ia
ZTF23aabwfkc,events/ZTF23aabwfkc.npz,SN Ia,SNI,core,33,12,21,True,SN_Ia
ZTF22aayvaoa,events/ZTF22aayvaoa.npz,SN Ia,SNI,core,49,21,28,True,SN_Ia
ZTF22aafnqfz,events/ZTF22aafnqfz.npz,SN Ia,SNI,core,23,13,10,True,SN_Ia
ZTF20aaummmc,events/ZTF20aaummmc.npz,SN Ia,SNI,core,11,5,6,True,SN_Ia
ZTF22abtjefa,events/ZTF22abtjefa.npz,SN II,SNII,core,43,22,21,True,SN_CC
ZTF23aaitimz,events/ZTF23aaitimz.npz,SN Ia,SNI,core,27,14,13,True,SN_Ia
ZTF25abdhyhr,events/ZTF25abdhyhr.npz,SN II,SNII,core,57,26,31,True,SN_CC
ZTF19abajuqh,events/ZTF19abajuqh.npz,SN Ia,SNI,core,25,12,13,True,SN_Ia
ZTF21aaafgmv,events/ZTF21aaafgmv.npz,SN Ia,SNI,core,30,13,17,True,SN_Ia
ZTF21aapdphm,events/ZTF21aapdphm.npz,SN Ia,SNI,core,15,8,7,True,SN_Ia
ZTF21aaffxdt,events/ZTF21aaffxdt.npz,SN IIn,SNII,core,21,12,9,True,SN_CC
ZTF19aadnxat,events/ZTF19aadnxat.npz,SN Ia,SNI,core,27,14,13,True,SN_Ia
ZTF20acpgolz,events/ZTF20acpgolz.npz,AGN,AGN,core,38,20,18,True,AGN
ZTF22aaagxev,events/ZTF22aaagxev.npz,SN Ia,SNI,core,9,4,5,True,SN_Ia
ZTF24abizyga,events/ZTF24abizyga.npz,SN Ia,SNI,core,13,4,9,True,SN_Ia
ZTF18abwkczr,events/ZTF18abwkczr.npz,SN Ia,SNI,core,25,17,8,True,SN_Ia
ZTF22aadliib,events/ZTF22aadliib.npz,SN Ia,SNI,core,16,5,11,True,SN_Ia
ZTF22abtcyhv,events/ZTF22abtcyhv.npz,SN II,SNII,core,28,11,17,True,SN_CC
ZTF19aczjytt,events/ZTF19aczjytt.npz,SN II,SNII,core,18,9,9,True,SN_CC
ZTF21aantxma,events/ZTF21aantxma.npz,SN Ia,SNI,core,17,8,9,True,SN_Ia
ZTF24abyhjvc,events/ZTF24abyhjvc.npz,TDE,TDE,core,32,17,15,True,TDE
ZTF23aaxyawz,events/ZTF23aaxyawz.npz,SN Ia,SNI,core,28,14,14,True,SN_Ia
ZTF19aauxmqj,events/ZTF19aauxmqj.npz,SN Ia,SNI,core,26,10,16,True,SN_Ia
ZTF22aajsqdv,events/ZTF22aajsqdv.npz,SN Ia,SNI,core,21,7,14,True,SN_Ia
ZTF21aaampui,events/ZTF21aaampui.npz,SN Ia,SNI,core,122,59,63,True,SN_Ia
ZTF18acrtvmm,events/ZTF18acrtvmm.npz,SN II,SNII,core,27,10,17,True,SN_CC
ZTF22aalxyqn,events/ZTF22aalxyqn.npz,SN Ia,SNI,core,18,7,11,True,SN_Ia
ZTF19adajqwl,events/ZTF19adajqwl.npz,SN Ia,SNI,core,63,31,32,True,SN_Ia
ZTF24abnqqmr,events/ZTF24abnqqmr.npz,SN Ia,SNI,core,36,17,19,True,SN_Ia
ZTF20abvykmy,events/ZTF20abvykmy.npz,SN Ia,SNI,core,50,23,27,True,SN_Ia
ZTF24abnpdmk,events/ZTF24abnpdmk.npz,SN Ia,SNI,core,36,15,21,True,SN_Ia
ZTF21acafsjy,events/ZTF21acafsjy.npz,SN Ia,SNI,core,23,11,12,True,SN_Ia
ZTF19abzzgus,events/ZTF19abzzgus.npz,CV,CV,core,8,3,5,True,CV
ZTF25acelamc,events/ZTF25acelamc.npz,SN Ia,SNI,core,26,13,13,True,SN_Ia
ZTF21abkezqs,events/ZTF21abkezqs.npz,SN Ia,SNI,core,10,7,3,True,SN_Ia
ZTF20aadcbvz,events/ZTF20aadcbvz.npz,SLSN-II,SNII,peculiar,29,14,15,True,SLSN
ZTF25abwvuln,events/ZTF25abwvuln.npz,TDE,TDE,core,39,22,17,True,TDE
ZTF23aavmguj,events/ZTF23aavmguj.npz,SN Ia,SNI,core,16,4,12,True,SN_Ia
ZTF24aahzezk,events/ZTF24aahzezk.npz,SN Ia,SNI,core,8,4,4,True,SN_Ia
ZTF25aadnogd,events/ZTF25aadnogd.npz,SN Ic,SNI,core,67,29,38,True,SN_CC
ZTF21aclzvgz,events/ZTF21aclzvgz.npz,SN II,SNII,core,11,6,5,True,SN_CC
ZTF18aapictz,events/ZTF18aapictz.npz,SN Ia-91T,SNI,core,21,6,15,True,SN_Ia
ZTF24abfpdbe,events/ZTF24abfpdbe.npz,SN IIb,SNII,core,47,13,34,True,SN_CC
ZTF18aaakpsa,events/ZTF18aaakpsa.npz,AGN,AGN,core,9,7,2,True,AGN
ZTF24aakbqjh,events/ZTF24aakbqjh.npz,SN Ia,SNI,core,35,13,19,True,SN_Ia
ZTF24abtcetf,events/ZTF24abtcetf.npz,SN Ia,SNI,core,22,6,16,True,SN_Ia
ZTF22aadkxhp,events/ZTF22aadkxhp.npz,SN Ia,SNI,core,27,13,14,True,SN_Ia
ZTF19aadmjtn,events/ZTF19aadmjtn.npz,SN Ia,SNI,core,15,8,7,True,SN_Ia
ZTF22aamgjeh,events/ZTF22aamgjeh.npz,SN Ia,SNI,core,26,12,14,True,SN_Ia
ZTF22aaetqzk,events/ZTF22aaetqzk.npz,SN IIn,SNII,core,69,27,42,True,SN_CC
ZTF19abatvit,events/ZTF19abatvit.npz,SN Ia,SNI,core,9,4,5,True,SN_Ia
ZTF22abtcpig,events/ZTF22abtcpig.npz,SN IIn,SNII,core,45,20,25,True,SN_CC
ZTF19aapqrsh,events/ZTF19aapqrsh.npz,SN Ia,SNI,core,14,6,8,True,SN_Ia
ZTF22aaafpbi,events/ZTF22aaafpbi.npz,SN II,SNII,core,36,15,21,True,SN_CC
ZTF20aazffau,events/ZTF20aazffau.npz,SN IIn,SNII,core,169,76,93,True,SN_CC
ZTF22aaaxjln,events/ZTF22aaaxjln.npz,SN Ia,SNI,core,30,12,18,True,SN_Ia
ZTF19ackjjwf,events/ZTF19ackjjwf.npz,SN Ib,SNI,core,42,15,27,True,SN_CC
ZTF25abzqhgf,events/ZTF25abzqhgf.npz,SN Ia,SNI,core,34,18,16,True,SN_Ia
ZTF21abiwpjm,events/ZTF21abiwpjm.npz,SN IIn,SNII,core,12,8,4,True,SN_CC
ZTF19aadnhdo,events/ZTF19aadnhdo.npz,SN Ic,SNI,core,9,4,5,True,SN_CC
ZTF21acjnajt,events/ZTF21acjnajt.npz,SN Ia,SNI,core,16,8,8,True,SN_Ia
ZTF19aakswrb,events/ZTF19aakswrb.npz,TDE,TDE,core,25,14,11,True,TDE
ZTF21abjamta,events/ZTF21abjamta.npz,SN II,SNII,core,16,8,8,True,SN_CC
ZTF21abnuldi,events/ZTF21abnuldi.npz,SN IIb,SNII,core,25,11,14,True,SN_CC
ZTF23absjgsh,events/ZTF23absjgsh.npz,SN Ib,SNI,core,20,11,9,True,SN_CC
ZTF19acxxxec,events/ZTF19acxxxec.npz,SN Ic,SNI,core,24,7,17,True,SN_CC
ZTF20aaelulu,events/ZTF20aaelulu.npz,SN Ic,SNI,core,53,27,26,True,SN_CC
ZTF22abhxptt,events/ZTF22abhxptt.npz,SN Ia,SNI,core,41,17,24,True,SN_Ia
ZTF23aahvmpq,events/ZTF23aahvmpq.npz,SN Ia,SNI,core,40,19,21,True,SN_Ia
ZTF20abrgyhd,events/ZTF20abrgyhd.npz,SN Ia,SNI,core,42,18,24,True,SN_Ia
ZTF23abjfpng,events/ZTF23abjfpng.npz,SN II,SNII,core,31,17,14,True,SN_CC
ZTF21abvajfq,events/ZTF21abvajfq.npz,SN Ia,SNI,core,16,6,10,True,SN_Ia
ZTF19abzwaen,events/ZTF19abzwaen.npz,SN Ic-BL,SNI,core,19,9,10,True,SN_CC
ZTF18abscyji,events/ZTF18abscyji.npz,SN II,SNII,core,15,2,13,True,SN_CC
ZTF20aauyhea,events/ZTF20aauyhea.npz,SN Ia,SNI,core,10,5,5,True,SN_Ia
ZTF23aavxxef,events/ZTF23aavxxef.npz,SN Ia,SNI,core,31,15,16,True,SN_Ia
ZTF20acxtdcm,events/ZTF20acxtdcm.npz,SN II,SNII,core,41,17,24,True,SN_CC
ZTF25absdrsu,events/ZTF25absdrsu.npz,SN Ia,SNI,core,41,15,26,True,SN_Ia
ZTF20abxyaqc,events/ZTF20abxyaqc.npz,SN Ia,SNI,core,22,9,13,True,SN_Ia
ZTF22aadeqoe,events/ZTF22aadeqoe.npz,SN Ia,SNI,core,33,13,20,True,SN_Ia
ZTF20aakzbfh,events/ZTF20aakzbfh.npz,SN II,SNII,core,10,5,5,True,SN_CC
ZTF22aazbxmi,events/ZTF22aazbxmi.npz,SN IIn,SNII,core,42,20,22,True,SN_CC
ZTF23abmtzcg,events/ZTF23abmtzcg.npz,SN Ia,SNI,core,15,10,5,True,SN_Ia
ZTF22aauurbv,events/ZTF22aauurbv.npz,SN II-pec,SNII,peculiar,31,18,13,True,SN_CC
ZTF19aaklbok,events/ZTF19aaklbok.npz,SN Ia,SNI,core,8,3,5,True,SN_Ia
ZTF20acrbpqd,events/ZTF20acrbpqd.npz,SN Ia,SNI,core,36,15,21,True,SN_Ia
ZTF21acchwaw,events/ZTF21acchwaw.npz,SN Ia,SNI,core,41,16,25,True,SN_Ia
ZTF20acplhku,events/ZTF20acplhku.npz,SN Ia,SNI,core,33,15,18,True,SN_Ia
ZTF18ablmflp,events/ZTF18ablmflp.npz,SN Ia,SNI,core,12,4,8,True,SN_Ia
ZTF20abmsqaa,events/ZTF20abmsqaa.npz,SN Ia,SNI,core,12,6,6,True,SN_Ia
ZTF24aaoupgb,events/ZTF24aaoupgb.npz,SN II,SNII,core,59,9,50,True,SN_CC
ZTF24aahmqzq,events/ZTF24aahmqzq.npz,SN Ia,SNI,core,11,4,7,True,SN_Ia
ZTF22aaaokni,events/ZTF22aaaokni.npz,SN Ia,SNI,core,12,6,6,True,SN_Ia
ZTF24abvtoyo,events/ZTF24abvtoyo.npz,SN Ia,SNI,core,14,6,8,True,SN_Ia
ZTF20acsdykp,events/ZTF20acsdykp.npz,SN Ia,SNI,core,15,9,6,True,SN_Ia
ZTF19aamggnw,events/ZTF19aamggnw.npz,SN II,SNII,core,27,11,16,True,SN_CC
ZTF25aalwadw,events/ZTF25aalwadw.npz,SN Ia,SNI,core,15,3,12,True,SN_Ia
ZTF22aafsqud,events/ZTF22aafsqud.npz,SN II,SNII,core,64,32,32,True,SN_CC
ZTF22abkhrkd,events/ZTF22abkhrkd.npz,SN II,SNII,core,101,46,55,True,SN_CC
ZTF23absdibx,events/ZTF23absdibx.npz,SN IIn,SNII,core,26,11,15,True,SN_CC
ZTF23aantmqa,events/ZTF23aantmqa.npz,SN Ia,SNI,core,36,17,19,True,SN_Ia
ZTF25aalqkaf,events/ZTF25aalqkaf.npz,SN Ia,SNI,core,11,5,6,True,SN_Ia
ZTF22abbmgdo,events/ZTF22abbmgdo.npz,SN Ia,SNI,core,32,16,16,True,SN_Ia
ZTF17aabvong,events/ZTF17aabvong.npz,SN Ia,SNI,core,31,23,8,True,SN_Ia
ZTF19abjnwcy,events/ZTF19abjnwcy.npz,AGN,AGN,core,29,9,20,True,AGN
ZTF18acnnevs,events/ZTF18acnnevs.npz,SLSN-II,SNII,peculiar,56,30,26,True,SLSN
ZTF24aathzox,events/ZTF24aathzox.npz,SN Ia,SNI,core,45,24,21,True,SN_Ia
ZTF24abhtybk,events/ZTF24abhtybk.npz,SN Ia,SNI,core,119,53,64,True,SN_Ia
ZTF23aaanyts,events/ZTF23aaanyts.npz,SN Ia,SNI,core,9,6,3,True,SN_Ia
ZTF20acxbbaj,events/ZTF20acxbbaj.npz,SN Ia,SNI,core,28,14,14,True,SN_Ia
ZTF24ablxiwv,events/ZTF24ablxiwv.npz,SN II,SNII,core,48,22,26,True,SN_CC
ZTF21aacwleg,events/ZTF21aacwleg.npz,SN II,SNII,core,32,11,21,True,SN_CC
ZTF24aaoauvb,events/ZTF24aaoauvb.npz,SN Ia,SNI,core,19,8,11,True,SN_Ia
ZTF25aacbhct,events/ZTF25aacbhct.npz,SN II,SNII,core,19,6,13,True,SN_CC
ZTF25aaggugu,events/ZTF25aaggugu.npz,SN Ia,SNI,core,15,7,8,True,SN_Ia
ZTF20aafclxb,events/ZTF20aafclxb.npz,SN II,SNII,core,22,11,11,True,SN_CC
ZTF24abhzshd,events/ZTF24abhzshd.npz,SN Ia,SNI,core,25,7,18,True,SN_Ia
ZTF20aauowam,events/ZTF20aauowam.npz,SN Ia,SNI,core,65,31,34,True,SN_Ia
ZTF18acfwmqj,events/ZTF18acfwmqj.npz,SN Ia,SNI,core,27,8,19,True,SN_Ia
ZTF20aaqhtcd,events/ZTF20aaqhtcd.npz,SN Ia,SNI,core,25,12,13,True,SN_Ia
ZTF24aawjctx,events/ZTF24aawjctx.npz,SN Ia,SNI,core,20,12,8,True,SN_Ia
ZTF22abnuakd,events/ZTF22abnuakd.npz,SN Ia,SNI,core,49,23,26,True,SN_Ia
ZTF20aauwjmw,events/ZTF20aauwjmw.npz,SN Ia,SNI,core,32,15,17,True,SN_Ia
ZTF24abzwudv,events/ZTF24abzwudv.npz,SN Ia,SNI,core,23,11,12,True,SN_Ia
ZTF22aameoxg,events/ZTF22aameoxg.npz,SN Ia,SNI,core,8,3,5,True,SN_Ia
ZTF20abavnaw,events/ZTF20abavnaw.npz,SN Ia,SNI,core,40,16,24,True,SN_Ia
ZTF19aacijie,events/ZTF19aacijie.npz,SN Ia,SNI,core,10,7,3,True,SN_Ia
ZTF24acahvpo,events/ZTF24acahvpo.npz,SN Ia,SNI,core,10,5,5,True,SN_Ia
ZTF25aanpvix,events/ZTF25aanpvix.npz,SN II,SNII,core,35,12,23,True,SN_CC
ZTF23aaohqcn,events/ZTF23aaohqcn.npz,SN IIn,SNII,core,57,30,27,True,SN_CC
ZTF20aattqcv,events/ZTF20aattqcv.npz,SN Ia,SNI,core,36,16,20,True,SN_Ia
ZTF18acqsqrg,events/ZTF18acqsqrg.npz,SN IIP,SNII,core,31,13,18,True,SN_CC
ZTF23aaawatw,events/ZTF23aaawatw.npz,SN II,SNII,core,29,14,15,True,SN_CC
ZTF19ablesob,events/ZTF19ablesob.npz,SN Ic-BL,SNI,core,49,21,28,True,SN_CC
ZTF22aatbtqn,events/ZTF22aatbtqn.npz,SN Ia,SNI,core,35,11,24,True,SN_Ia
ZTF25aajygin,events/ZTF25aajygin.npz,SN II,SNII,core,77,52,25,True,SN_CC
ZTF21aavsbkt,events/ZTF21aavsbkt.npz,SN Ia,SNI,core,45,21,24,True,SN_Ia
ZTF19aapszzy,events/ZTF19aapszzy.npz,SN Ia,SNI,core,29,12,17,True,SN_Ia
ZTF24abribze,events/ZTF24abribze.npz,SN Ia,SNI,core,14,6,8,True,SN_Ia
ZTF24abdzqra,events/ZTF24abdzqra.npz,SN Ia,SNI,core,37,16,19,True,SN_Ia
ZTF18abvejqt,events/ZTF18abvejqt.npz,SN II,SNII,core,12,5,7,True,SN_CC
ZTF25abopkmq,events/ZTF25abopkmq.npz,SN Ia,SNI,core,8,4,4,True,SN_Ia
ZTF23aaqnhjp,events/ZTF23aaqnhjp.npz,SN Ia,SNI,core,18,11,7,True,SN_Ia
ZTF24abyityc,events/ZTF24abyityc.npz,SN Ia,SNI,core,13,6,7,True,SN_Ia
ZTF21aaxzczy,events/ZTF21aaxzczy.npz,SN Ia,SNI,core,28,12,16,True,SN_Ia
ZTF18acrknyn,events/ZTF18acrknyn.npz,SN Ia,SNI,core,33,10,23,True,SN_Ia
ZTF20acgpngg,events/ZTF20acgpngg.npz,SN Ia,SNI,core,17,3,14,True,SN_Ia
ZTF25aaqhkyi,events/ZTF25aaqhkyi.npz,SN Ia,SNI,core,86,40,46,True,SN_Ia
ZTF25aavmyql,events/ZTF25aavmyql.npz,SN Ia,SNI,core,36,23,13,True,SN_Ia
ZTF25abmtiec,events/ZTF25abmtiec.npz,SN Ic-BL,SNI,core,18,9,9,True,SN_CC
ZTF19aanjlwx,events/ZTF19aanjlwx.npz,SN Ia,SNI,core,12,6,6,True,SN_Ia
ZTF19aatgxjy,events/ZTF19aatgxjy.npz,SN II,SNII,core,47,18,29,True,SN_CC
ZTF24aakbptu,events/ZTF24aakbptu.npz,SN Ia,SNI,core,35,14,20,True,SN_Ia
ZTF19actfpmy,events/ZTF19actfpmy.npz,SN Ia,SNI,core,10,4,6,True,SN_Ia
ZTF18abdiwpt,events/ZTF18abdiwpt.npz,SN Ia,SNI,core,42,19,23,True,SN_Ia
ZTF20aaurjzv,events/ZTF20aaurjzv.npz,SN Ia,SNI,core,11,4,7,True,SN_Ia
ZTF22aanzbru,events/ZTF22aanzbru.npz,SN II,SNII,core,20,5,14,True,SN_CC
ZTF23abjdrvd,events/ZTF23abjdrvd.npz,SN Ia,SNI,core,48,23,25,True,SN_Ia
ZTF22abcknjm,events/ZTF22abcknjm.npz,SN Ia,SNI,core,18,8,10,True,SN_Ia
ZTF20abzcokk,events/ZTF20abzcokk.npz,CV,CV,core,36,17,19,True,CV
ZTF18aaeipng,events/ZTF18aaeipng.npz,SN IIb,SNII,core,28,12,16,True,SN_CC
ZTF20aacexgb,events/ZTF20aacexgb.npz,SN Ia,SNI,core,11,4,7,True,SN_Ia
ZTF22abyknqs,events/ZTF22abyknqs.npz,SN Ia,SNI,core,38,15,23,True,SN_Ia
ZTF22abmxtqr,events/ZTF22abmxtqr.npz,SN Ia,SNI,core,21,9,12,True,SN_Ia
ZTF18absnqyo,events/ZTF18absnqyo.npz,SN Ia,SNI,core,15,7,8,True,SN_Ia
ZTF20adadlqm,events/ZTF20adadlqm.npz,SN II,SNII,core,39,17,22,True,SN_CC
ZTF25aanfaxg,events/ZTF25aanfaxg.npz,SN Ia,SNI,core,11,8,3,True,SN_Ia
ZTF25aaktazi,events/ZTF25aaktazi.npz,SN Ia,SNI,core,51,24,27,True,SN_Ia
ZTF23abmoxlu,events/ZTF23abmoxlu.npz,SN II,SNII,core,47,24,23,True,SN_CC
ZTF20actvpyc,events/ZTF20actvpyc.npz,SN Ia,SNI,core,23,10,13,True,SN_Ia
ZTF21aaovdlh,events/ZTF21aaovdlh.npz,SN Ia,SNI,core,32,14,18,True,SN_Ia
ZTF22abyjtmn,events/ZTF22abyjtmn.npz,SN Ia,SNI,core,16,8,8,True,SN_Ia
ZTF20abtjjhb,events/ZTF20abtjjhb.npz,SN IIn,SNII,core,91,41,50,True,SN_CC
ZTF24aayyqub,events/ZTF24aayyqub.npz,SN Ia,SNI,core,35,13,21,True,SN_Ia
ZTF24aaumgko,events/ZTF24aaumgko.npz,SN Ia,SNI,core,29,15,14,True,SN_Ia
ZTF20acveadu,events/ZTF20acveadu.npz,SN II,SNII,core,44,21,23,True,SN_CC
ZTF23absiytp,events/ZTF23absiytp.npz,SN II,SNII,core,16,8,8,True,SN_CC
ZTF19acbpxwt,events/ZTF19acbpxwt.npz,SN Ia,SNI,core,104,45,59,True,SN_Ia
ZTF21aaasirb,events/ZTF21aaasirb.npz,AGN,AGN,core,66,31,35,True,AGN
ZTF20abqgbum,events/ZTF20abqgbum.npz,SN IIn,SNII,core,32,19,13,True,SN_CC
ZTF18abckujg,events/ZTF18abckujg.npz,SN Ia,SNI,core,27,12,15,True,SN_Ia
ZTF19abdkbcx,events/ZTF19abdkbcx.npz,AGN,AGN,core,26,13,13,True,AGN
ZTF24abcixyi,events/ZTF24abcixyi.npz,SN Ia,SNI,core,12,5,7,True,SN_Ia
ZTF25abiwxmw,events/ZTF25abiwxmw.npz,SLSN-I,NOVEL,novel,58,31,27,True,SLSN
ZTF21aaxylga,events/ZTF21aaxylga.npz,SN Ia,SNI,core,54,22,32,True,SN_Ia
ZTF21acilvjb,events/ZTF21acilvjb.npz,SN Ia,SNI,core,40,19,21,True,SN_Ia
ZTF23aatajah,events/ZTF23aatajah.npz,SN Ia,SNI,core,20,13,7,True,SN_Ia
ZTF22aayplsv,events/ZTF22aayplsv.npz,SN Ia,SNI,core,21,10,11,True,SN_Ia
ZTF20abgtran,events/ZTF20abgtran.npz,SN Ia,SNI,core,32,16,16,True,SN_Ia
ZTF21aatyplr,events/ZTF21aatyplr.npz,SN Ia,SNI,core,40,13,27,True,SN_Ia
ZTF18abvgivy,events/ZTF18abvgivy.npz,SN II,SNII,core,18,5,13,True,SN_CC
ZTF24aagomqx,events/ZTF24aagomqx.npz,SN Ia,SNI,core,13,4,9,True,SN_Ia
ZTF19abtsrup,events/ZTF19abtsrup.npz,SN Ia,SNI,core,79,35,44,True,SN_Ia
ZTF23aadcben,events/ZTF23aadcben.npz,SN Ia,SNI,core,60,30,30,True,SN_Ia
ZTF21abbuylk,events/ZTF21abbuylk.npz,SN Ia,SNI,core,21,10,11,True,SN_Ia
ZTF24abamger,events/ZTF24abamger.npz,SN Ia,SNI,core,38,20,17,True,SN_Ia
ZTF23aaucaqp,events/ZTF23aaucaqp.npz,SN Ia,SNI,core,22,13,9,True,SN_Ia
ZTF25aafvqth,events/ZTF25aafvqth.npz,SN Ia,SNI,core,24,10,14,True,SN_Ia
ZTF19adbryab,events/ZTF19adbryab.npz,SN II,SNII,core,26,9,17,True,SN_CC
ZTF23abnivuj,events/ZTF23abnivuj.npz,SN Ia,SNI,core,8,6,2,True,SN_Ia
ZTF25abjeuls,events/ZTF25abjeuls.npz,SN II,SNII,core,20,9,11,True,SN_CC
ZTF23aacnkyh,events/ZTF23aacnkyh.npz,SN Ia,SNI,core,29,12,17,True,SN_Ia
ZTF21aamesud,events/ZTF21aamesud.npz,SN Ia,SNI,core,9,5,4,True,SN_Ia
ZTF20aauwjla,events/ZTF20aauwjla.npz,SN Ia,SNI,core,15,7,8,True,SN_Ia
ZTF18abrzcgl,events/ZTF18abrzcgl.npz,SN Ia,SNI,core,21,6,15,True,SN_Ia
ZTF20aahqbun,events/ZTF20aahqbun.npz,SN II,SNII,core,37,11,26,True,SN_CC
ZTF22aakcnxq,events/ZTF22aakcnxq.npz,SN Ia,SNI,core,15,9,6,True,SN_Ia
ZTF25aaggdnf,events/ZTF25aaggdnf.npz,SN Ia,SNI,core,11,4,7,True,SN_Ia
ZTF22abgaymw,events/ZTF22abgaymw.npz,SN Ia,SNI,core,13,6,7,True,SN_Ia
ZTF20aacbtgq,events/ZTF20aacbtgq.npz,SN Ia,SNI,core,90,41,49,True,SN_Ia
ZTF24aakfltk,events/ZTF24aakfltk.npz,SN Ia,SNI,core,41,16,24,True,SN_Ia
ZTF20abxjefm,events/ZTF20abxjefm.npz,SN Ia,SNI,core,30,13,17,True,SN_Ia
ZTF22abnqpwe,events/ZTF22abnqpwe.npz,SN Ia,SNI,core,11,4,7,True,SN_Ia
ZTF19acbkczc,events/ZTF19acbkczc.npz,SN Ia,SNI,core,19,7,12,True,SN_Ia
ZTF19abjgdko,events/ZTF19abjgdko.npz,SN Ia,SNI,core,28,7,21,True,SN_Ia
ZTF20abcdrsm,events/ZTF20abcdrsm.npz,CV,CV,core,20,9,11,True,CV
ZTF25acegaon,events/ZTF25acegaon.npz,SN II,SNII,core,43,8,35,True,SN_CC
ZTF25aasfogb,events/ZTF25aasfogb.npz,SN II,SNII,core,106,53,53,True,SN_CC
ZTF19aamooex,events/ZTF19aamooex.npz,SN Ia,SNI,core,15,6,9,True,SN_Ia
ZTF23abnpdod,events/ZTF23abnpdod.npz,CV,CV,core,22,11,11,True,CV
ZTF20acrinvz,events/ZTF20acrinvz.npz,SN IIP,SNII,core,53,25,28,True,SN_CC
ZTF20abpucsd,events/ZTF20abpucsd.npz,SN Ia,SNI,core,14,2,12,True,SN_Ia
ZTF21aagpymw,events/ZTF21aagpymw.npz,SLSN-I,NOVEL,novel,62,33,29,True,SLSN
ZTF23aaqkpwb,events/ZTF23aaqkpwb.npz,SN II,SNII,core,42,21,21,True,SN_CC
ZTF19aapfnym,events/ZTF19aapfnym.npz,SN II,SNII,core,15,5,10,True,SN_CC
ZTF19aaqcqkv,events/ZTF19aaqcqkv.npz,SN Ia,SNI,core,30,11,19,True,SN_Ia
ZTF19acryurj,events/ZTF19acryurj.npz,SN II,SNII,core,51,21,30,True,SN_CC
ZTF19abzmmvz,events/ZTF19abzmmvz.npz,SN IIn,SNII,core,16,10,6,True,SN_CC
ZTF20acodsyb,events/ZTF20acodsyb.npz,AGN,AGN,core,16,13,3,True,AGN
ZTF23aadbbxv,events/ZTF23aadbbxv.npz,SN II,SNII,core,31,13,18,True,SN_CC
ZTF22abeyzcl,events/ZTF22abeyzcl.npz,SN IIn,SNII,core,35,21,14,True,SN_CC
ZTF19abwaohs,events/ZTF19abwaohs.npz,SN Ia,SNI,core,100,43,57,True,SN_Ia
ZTF24abcfiff,events/ZTF24abcfiff.npz,SN Ia,SNI,core,22,10,12,True,SN_Ia
ZTF18absdddn,events/ZTF18absdddn.npz,CV,CV,core,8,4,4,True,CV
ZTF22aaabzju,events/ZTF22aaabzju.npz,SN IIn,SNII,core,16,9,7,True,SN_CC
ZTF19abgiwkt,events/ZTF19abgiwkt.npz,SN II,SNII,core,51,25,26,True,SN_CC
ZTF25achxmlx,events/ZTF25achxmlx.npz,SN Ia,SNI,core,16,4,12,True,SN_Ia
ZTF20aavfwdo,events/ZTF20aavfwdo.npz,SN Ia,SNI,core,31,12,19,True,SN_Ia
ZTF20aaurfwa,events/ZTF20aaurfwa.npz,SN IIn,SNII,core,111,52,59,True,SN_CC
ZTF21aaeoxfd,events/ZTF21aaeoxfd.npz,SN Ia,SNI,core,16,6,10,True,SN_Ia
ZTF22aayobas,events/ZTF22aayobas.npz,SN Ia,SNI,core,20,9,11,True,SN_Ia
ZTF21aalofsw,events/ZTF21aalofsw.npz,SN Ia,SNI,core,12,5,7,True,SN_Ia
ZTF18acsyzca,events/ZTF18acsyzca.npz,SN Ia,SNI,core,20,10,10,True,SN_Ia
ZTF19acbjddp,events/ZTF19acbjddp.npz,SN Ia-CSM,SNI,peculiar,54,22,32,True,SN_CC
ZTF19aafndot,events/ZTF19aafndot.npz,SN IIP,SNII,core,20,11,9,True,SN_CC
ZTF23aatabje,events/ZTF23aatabje.npz,SN Ia-CSM,SNI,peculiar,40,11,29,True,SN_CC
ZTF19acmwfli,events/ZTF19acmwfli.npz,SN II,SNII,core,24,10,14,True,SN_CC
ZTF21abizxkw,events/ZTF21abizxkw.npz,SN Ia,SNI,core,29,14,15,True,SN_Ia
ZTF21abuxuxj,events/ZTF21abuxuxj.npz,SN Ia,SNI,core,46,24,22,True,SN_Ia
ZTF25aabwjuw,events/ZTF25aabwjuw.npz,SN Ia,SNI,core,11,3,8,True,SN_Ia
ZTF19acduaik,events/ZTF19acduaik.npz,AGN,AGN,core,12,4,8,True,AGN
ZTF24aasigoj,events/ZTF24aasigoj.npz,SN II,SNII,core,30,10,20,True,SN_CC
ZTF24aaxjbcd,events/ZTF24aaxjbcd.npz,SN Ia,SNI,core,9,7,2,True,SN_Ia
ZTF24aacjcwl,events/ZTF24aacjcwl.npz,SN Ic,SNI,core,12,2,10,True,SN_CC
ZTF24aangsva,events/ZTF24aangsva.npz,SN Ia,SNI,core,51,26,25,True,SN_Ia
ZTF20acggqfs,events/ZTF20acggqfs.npz,SN IIn,SNII,core,47,20,27,True,SN_CC
ZTF20abgrory,events/ZTF20abgrory.npz,CV,CV,core,29,16,13,True,CV
ZTF25aasctdu,events/ZTF25aasctdu.npz,SN Ia,SNI,core,40,16,24,True,SN_Ia
ZTF21acisemu,events/ZTF21acisemu.npz,SN Ia,SNI,core,14,6,8,True,SN_Ia
ZTF25abwjtwc,events/ZTF25abwjtwc.npz,SN IIb,SNII,core,61,29,32,True,SN_CC
ZTF19acdxkek,events/ZTF19acdxkek.npz,SN II,SNII,core,11,4,7,True,SN_CC
ZTF25acateof,events/ZTF25acateof.npz,SN Ia,SNI,core,28,14,14,True,SN_Ia
ZTF23aadtrzd,events/ZTF23aadtrzd.npz,SN Ib,SNI,core,35,15,20,True,SN_CC
ZTF25aagbrpb,events/ZTF25aagbrpb.npz,SN IIn,SNII,core,51,24,27,True,SN_CC
ZTF24abgvkwg,events/ZTF24abgvkwg.npz,SN II,SNII,core,45,19,23,True,SN_CC
ZTF21aaqhhfu,events/ZTF21aaqhhfu.npz,SN Ib,SNI,core,41,17,24,True,SN_CC
ZTF21aabfson,events/ZTF21aabfson.npz,SN Ia,SNI,core,13,5,8,True,SN_Ia
ZTF18acwugwx,events/ZTF18acwugwx.npz,AGN,AGN,core,29,13,16,True,AGN
ZTF20acpjfln,events/ZTF20acpjfln.npz,SN Ia,SNI,core,20,6,14,True,SN_Ia
ZTF19adlbofr,events/ZTF19adlbofr.npz,SN II,SNII,core,10,4,6,True,SN_CC
ZTF23absvnkc,events/ZTF23absvnkc.npz,SN Ia,SNI,core,23,15,8,True,SN_Ia
ZTF19abhvryy,events/ZTF19abhvryy.npz,AGN,AGN,core,25,12,13,True,AGN
ZTF24aatytqv,events/ZTF24aatytqv.npz,SN IIn,SNII,core,68,30,34,True,SN_CC
ZTF18actuhrs,events/ZTF18actuhrs.npz,SN Ia-CSM,SNI,peculiar,18,8,10,True,SN_CC
ZTF25aavyqag,events/ZTF25aavyqag.npz,SN II,SNII,core,41,5,36,True,SN_CC
ZTF23aashxqa,events/ZTF23aashxqa.npz,SN Ia,SNI,core,20,11,9,True,SN_Ia
ZTF23aahnabd,events/ZTF23aahnabd.npz,SN Ia,SNI,core,16,14,2,True,SN_Ia
ZTF23abjjqxf,events/ZTF23abjjqxf.npz,SN II,SNII,core,48,29,19,True,SN_CC
ZTF19aauoulb,events/ZTF19aauoulb.npz,SN Ia,SNI,core,12,5,7,True,SN_Ia
ZTF20abjaapj,events/ZTF20abjaapj.npz,SN II,SNII,core,115,55,60,True,SN_CC
ZTF24abszbeu,events/ZTF24abszbeu.npz,SN IIn,SNII,core,27,22,5,True,SN_CC
ZTF20acvbrbv,events/ZTF20acvbrbv.npz,SN Ia-91bg,SNI,core,12,5,7,True,SN_Ia
ZTF22aahhlnd,events/ZTF22aahhlnd.npz,SN Ia,SNI,core,44,22,22,True,SN_Ia
ZTF25acatfer,events/ZTF25acatfer.npz,SN Ia,SNI,core,26,14,12,True,SN_Ia
ZTF22aacdfsw,events/ZTF22aacdfsw.npz,SN Ia,SNI,core,23,9,14,True,SN_Ia
ZTF21abhhbmd,events/ZTF21abhhbmd.npz,SN Ia,SNI,core,33,15,18,True,SN_Ia
ZTF20acuhren,events/ZTF20acuhren.npz,SN II,SNII,core,50,23,27,True,SN_CC
ZTF18abmjyvo,events/ZTF18abmjyvo.npz,SN Ia,SNI,core,18,6,12,True,SN_Ia
ZTF23aaelxbd,events/ZTF23aaelxbd.npz,SN Ia,SNI,core,24,10,14,True,SN_Ia
ZTF19abymvoy,events/ZTF19abymvoy.npz,SN Ia,SNI,core,60,29,31,True,SN_Ia
ZTF18abjrbza,events/ZTF18abjrbza.npz,SN Ic,SNI,core,24,19,5,True,SN_CC
ZTF25aafqxkt,events/ZTF25aafqxkt.npz,SN II,SNII,core,23,2,21,True,SN_CC
ZTF23abeudve,events/ZTF23abeudve.npz,SN Ia,SNI,core,36,14,22,True,SN_Ia
ZTF25aaohuyd,events/ZTF25aaohuyd.npz,SN Ia,SNI,core,14,6,8,True,SN_Ia
ZTF19aariwpf,events/ZTF19aariwpf.npz,SN Ia,SNI,core,21,7,14,True,SN_Ia
ZTF19adcfsdr,events/ZTF19adcfsdr.npz,SN Ia,SNI,core,14,7,7,True,SN_Ia
ZTF23aabutwh,events/ZTF23aabutwh.npz,SN Ia,SNI,core,31,12,19,True,SN_Ia
ZTF18abdrbqp,events/ZTF18abdrbqp.npz,SN IIP,SNII,core,12,7,5,True,SN_CC
ZTF23abiahyg,events/ZTF23abiahyg.npz,SN Ia,SNI,core,29,14,15,True,SN_Ia
ZTF21acizlcg,events/ZTF21acizlcg.npz,SN IIb,SNII,core,9,3,6,True,SN_CC
ZTF19abzkiuv,events/ZTF19abzkiuv.npz,SN Ia,SNI,core,19,7,12,True,SN_Ia
ZTF18aajpjdi,events/ZTF18aajpjdi.npz,SN Ia,SNI,core,32,15,17,True,SN_Ia
ZTF25aaftdla,events/ZTF25aaftdla.npz,SN Ia,SNI,core,34,16,18,True,SN_Ia
ZTF21acoqbfm,events/ZTF21acoqbfm.npz,SN Ia,SNI,core,12,7,5,True,SN_Ia
ZTF24abvehrj,events/ZTF24abvehrj.npz,SN Ia,SNI,core,27,19,8,True,SN_Ia
ZTF21abzithf,events/ZTF21abzithf.npz,SN Ia,SNI,core,23,11,12,True,SN_Ia
ZTF23aaemnzd,events/ZTF23aaemnzd.npz,SN Ic,SNI,core,21,7,14,True,SN_CC
ZTF21acjtxgr,events/ZTF21acjtxgr.npz,SN Ia-91T,SNI,core,16,8,8,True,SN_Ia
ZTF19acigwcg,events/ZTF19acigwcg.npz,CV,CV,core,44,21,23,True,CV
ZTF19aacipwt,events/ZTF19aacipwt.npz,AGN,AGN,core,8,5,3,True,AGN
ZTF23aadbait,events/ZTF23aadbait.npz,SN Ia,SNI,core,43,20,23,True,SN_Ia
ZTF23abbejvg,events/ZTF23abbejvg.npz,SN II,SNII,core,49,22,27,True,SN_CC
ZTF24aapenbt,events/ZTF24aapenbt.npz,SN Ia,SNI,core,10,6,4,True,SN_Ia
ZTF21abujgmr,events/ZTF21abujgmr.npz,SN IIn,SNII,core,76,35,41,True,SN_CC
ZTF18acdwuhy,events/ZTF18acdwuhy.npz,SN Ia,SNI,core,22,9,13,True,SN_Ia
ZTF21abzadod,events/ZTF21abzadod.npz,SN Ia,SNI,core,44,22,22,True,SN_Ia
ZTF22aaikzzr,events/ZTF22aaikzzr.npz,SN Ia,SNI,core,14,5,9,True,SN_Ia
ZTF23aadjssg,events/ZTF23aadjssg.npz,SN Ia-91T,SNI,core,52,25,27,True,SN_Ia
ZTF23aamixrh,events/ZTF23aamixrh.npz,SN Ia,SNI,core,28,14,14,True,SN_Ia
ZTF19acvtrxj,events/ZTF19acvtrxj.npz,SN II,SNII,core,20,6,14,True,SN_CC
ZTF21abjxbxn,events/ZTF21abjxbxn.npz,SN Ia,SNI,core,10,5,5,True,SN_Ia
ZTF24abutkox,events/ZTF24abutkox.npz,SN II,SNII,core,56,44,12,True,SN_CC
ZTF21aamwyql,events/ZTF21aamwyql.npz,SN Ia,SNI,core,11,4,7,True,SN_Ia
ZTF18aaripcr,events/ZTF18aaripcr.npz,SN Ia,SNI,core,63,19,44,True,SN_Ia
ZTF23aaakutq,events/ZTF23aaakutq.npz,SN Ia,SNI,core,16,7,9,True,SN_Ia
ZTF25aajlyns,events/ZTF25aajlyns.npz,SN II,SNII,core,42,26,16,True,SN_CC
ZTF20aanrdek,events/ZTF20aanrdek.npz,SN Iax,SNI,peculiar,10,6,4,True,SN_Ia
ZTF19aboueif,events/ZTF19aboueif.npz,CV,CV,core,8,4,4,True,CV
ZTF19aayfhtc,events/ZTF19aayfhtc.npz,CV,CV,core,15,8,7,True,CV
ZTF21acdjasw,events/ZTF21acdjasw.npz,SN Ia,SNI,core,47,19,28,True,SN_Ia
ZTF21acjxzsa,events/ZTF21acjxzsa.npz,SN Ic,SNI,core,14,7,7,True,SN_CC
ZTF21aafnabs,events/ZTF21aafnabs.npz,SN Ia,SNI,core,12,7,5,True,SN_Ia
ZTF22aaafbww,events/ZTF22aaafbww.npz,SN Ia,SNI,core,9,5,4,True,SN_Ia
ZTF19abpyjqx,events/ZTF19abpyjqx.npz,SN Ia,SNI,core,8,4,4,True,SN_Ia
ZTF18acbvgqw,events/ZTF18acbvgqw.npz,SN Ia,SNI,core,28,12,16,True,SN_Ia
ZTF23abqohgc,events/ZTF23abqohgc.npz,SN Ia,SNI,core,8,4,4,True,SN_Ia
ZTF20abnnftk,events/ZTF20abnnftk.npz,SN Ia,SNI,core,41,20,21,True,SN_Ia
ZTF22abdlnkm,events/ZTF22abdlnkm.npz,SN Ia,SNI,core,44,23,21,True,SN_Ia
ZTF22abmygmc,events/ZTF22abmygmc.npz,SN Ia-91T,SNI,core,33,16,17,True,SN_Ia
ZTF18acpuxuh,events/ZTF18acpuxuh.npz,SN Ia,SNI,core,10,4,6,True,SN_Ia
ZTF24aayxdbn,events/ZTF24aayxdbn.npz,SN II,SNII,core,36,11,25,True,SN_CC
ZTF22aapmawo,events/ZTF22aapmawo.npz,SN IIn,SNII,core,18,8,10,True,SN_CC
ZTF18acrvakb,events/ZTF18acrvakb.npz,SN Ia,SNI,core,15,6,9,True,SN_Ia
ZTF20aammdfk,events/ZTF20aammdfk.npz,SN IIn,SNII,core,16,9,7,True,SN_CC
ZTF20aauooag,events/ZTF20aauooag.npz,SN Ia,SNI,core,24,7,17,True,SN_Ia
ZTF23aaenlmq,events/ZTF23aaenlmq.npz,SN II,SNII,core,62,32,30,True,SN_CC
ZTF18acrxnfr,events/ZTF18acrxnfr.npz,CV,CV,core,19,15,4,True,CV
ZTF20absyium,events/ZTF20absyium.npz,SN Ia,SNI,core,11,4,7,True,SN_Ia
ZTF22aabhtsw,events/ZTF22aabhtsw.npz,SN Ia,SNI,core,12,4,8,True,SN_Ia
ZTF18acbvgry,events/ZTF18acbvgry.npz,SN Ia-pec,SNI,core,11,5,6,True,SN_Ia
ZTF23aaeayer,events/ZTF23aaeayer.npz,SN II,SNII,core,38,14,24,True,SN_CC
ZTF19ackjnuq,events/ZTF19ackjnuq.npz,SN Ia,SNI,core,14,3,11,True,SN_Ia
ZTF21aaxtrlt,events/ZTF21aaxtrlt.npz,SN Ia-91T,SNI,core,32,12,20,True,SN_Ia
ZTF18aawqjjj,events/ZTF18aawqjjj.npz,SN Ia,SNI,core,12,5,7,True,SN_Ia
ZTF21aapdumx,events/ZTF21aapdumx.npz,SN Ibn,SNI,peculiar,17,8,9,True,SN_CC
ZTF23aavyhbo,events/ZTF23aavyhbo.npz,SN Ia,SNI,core,16,10,6,True,SN_Ia
ZTF25aahfvex,events/ZTF25aahfvex.npz,SN Ia,SNI,core,14,7,7,True,SN_Ia
ZTF21abouexm,events/ZTF21abouexm.npz,SN Ia,SNI,core,47,24,23,True,SN_Ia
ZTF20aaffgwg,events/ZTF20aaffgwg.npz,SN Ia,SNI,core,22,8,14,True,SN_Ia
ZTF25acemdgn,events/ZTF25acemdgn.npz,SN Ia,SNI,core,31,8,23,True,SN_Ia
ZTF22aadephk,events/ZTF22aadephk.npz,SN Ia,SNI,core,51,24,27,True,SN_Ia
ZTF23aapnnuq,events/ZTF23aapnnuq.npz,SN Ia,SNI,core,32,5,27,True,SN_Ia
ZTF24abbbdqs,events/ZTF24abbbdqs.npz,SN Ia,SNI,core,79,30,45,True,SN_Ia
ZTF23absevxk,events/ZTF23absevxk.npz,SN Ia,SNI,core,10,5,5,True,SN_Ia
ZTF20abyleyk,events/ZTF20abyleyk.npz,SN Ia,SNI,core,19,8,11,True,SN_Ia
ZTF20aazdsty,events/ZTF20aazdsty.npz,SN Ia,SNI,core,54,23,31,True,SN_Ia
ZTF18aavvnzu,events/ZTF18aavvnzu.npz,SN Ia,SNI,core,65,31,34,True,SN_Ia
ZTF21aaflcbk,events/ZTF21aaflcbk.npz,SN Ia,SNI,core,18,6,12,True,SN_Ia
ZTF19abyihtb,events/ZTF19abyihtb.npz,AGN,AGN,core,28,17,11,True,AGN
ZTF22abfskre,events/ZTF22abfskre.npz,SN Ia,SNI,core,27,9,18,True,SN_Ia
ZTF25aaizkhw,events/ZTF25aaizkhw.npz,SN Ia,SNI,core,14,6,8,True,SN_Ia
ZTF21aalenaa,events/ZTF21aalenaa.npz,SN Ia,SNI,core,27,11,16,True,SN_Ia
ZTF22aavcyar,events/ZTF22aavcyar.npz,SN Ia,SNI,core,23,11,12,True,SN_Ia
ZTF18abxbhov,events/ZTF18abxbhov.npz,SN IIn,SNII,core,17,8,9,True,SN_CC
ZTF18aaydbyc,events/ZTF18aaydbyc.npz,CV,CV,core,18,9,9,True,CV
ZTF19acfmwlh,events/ZTF19acfmwlh.npz,SN Ia,SNI,core,20,8,12,True,SN_Ia
ZTF23aazysgv,events/ZTF23aazysgv.npz,SN Ia,SNI,core,39,20,19,True,SN_Ia
ZTF25abxfpgs,events/ZTF25abxfpgs.npz,SN Ia,SNI,core,30,17,13,True,SN_Ia
ZTF22aahhywm,events/ZTF22aahhywm.npz,SN Ia-SC,SNI,peculiar,114,58,56,True,SN_Ia
ZTF24abrimib,events/ZTF24abrimib.npz,SN Ia,SNI,core,22,10,12,True,SN_Ia
ZTF24aacrbua,events/ZTF24aacrbua.npz,SLSN-I,NOVEL,novel,23,12,11,True,SLSN
ZTF23aadozop,events/ZTF23aadozop.npz,SN Ia-91T,SNI,core,27,12,15,True,SN_Ia
ZTF21abebgfr,events/ZTF21abebgfr.npz,SN IIn,SNII,core,55,32,23,True,SN_CC
ZTF24aaxvjcx,events/ZTF24aaxvjcx.npz,SN Ia-pec,SNI,core,22,7,15,True,SN_Ia
ZTF19abipmfl,events/ZTF19abipmfl.npz,SN Ia,SNI,core,12,5,7,True,SN_Ia
ZTF21abzgzvs,events/ZTF21abzgzvs.npz,SN Ia,SNI,core,21,11,10,True,SN_Ia
ZTF21acjrfhr,events/ZTF21acjrfhr.npz,SN Ia,SNI,core,14,6,8,True,SN_Ia
ZTF18adpdhal,events/ZTF18adpdhal.npz,SN Ia,SNI,core,9,4,5,True,SN_Ia
ZTF19aczrmvs,events/ZTF19aczrmvs.npz,SN Ia,SNI,core,22,10,12,True,SN_Ia
ZTF20acgcpuu,events/ZTF20acgcpuu.npz,CV,CV,core,13,7,6,True,CV
ZTF18acsyanq,events/ZTF18acsyanq.npz,SN Ia,SNI,core,16,8,8,True,SN_Ia
ZTF20acpilio,events/ZTF20acpilio.npz,SN Ia,SNI,core,41,19,22,True,SN_Ia
ZTF23aaencty,events/ZTF23aaencty.npz,SN Ia,SNI,core,36,13,23,True,SN_Ia
ZTF18abmjvuf,events/ZTF18abmjvuf.npz,SN Ia,SNI,core,13,5,8,True,SN_Ia
ZTF25aadlqhw,events/ZTF25aadlqhw.npz,SN II,SNII,core,48,38,10,True,SN_CC
ZTF23aaawcpz,events/ZTF23aaawcpz.npz,SN Ia,SNI,core,15,3,12,True,SN_Ia
ZTF23aacdggx,events/ZTF23aacdggx.npz,SN Ia,SNI,core,15,5,10,True,SN_Ia
ZTF22absphuu,events/ZTF22absphuu.npz,SN Ib,SNI,core,22,11,11,True,SN_CC
ZTF25acgqfpv,events/ZTF25acgqfpv.npz,SN Ia,SNI,core,11,6,5,True,SN_Ia
ZTF21abflmkk,events/ZTF21abflmkk.npz,SN Ia,SNI,core,37,17,20,True,SN_Ia
ZTF18acwwowy,events/ZTF18acwwowy.npz,SN Ia,SNI,core,20,9,11,True,SN_Ia
ZTF21aaabwfu,events/ZTF21aaabwfu.npz,SN IIb,SNII,core,21,7,14,True,SN_CC
ZTF24aaoniol,events/ZTF24aaoniol.npz,SN Ia,SNI,core,19,8,11,True,SN_Ia
ZTF23aaexcmm,events/ZTF23aaexcmm.npz,SN Ia,SNI,core,24,13,11,True,SN_Ia
ZTF23aaaizts,events/ZTF23aaaizts.npz,SN Ia,SNI,core,20,10,10,True,SN_Ia
ZTF22abfypms,events/ZTF22abfypms.npz,SN Ia,SNI,core,21,17,4,True,SN_Ia
ZTF20acbiwri,events/ZTF20acbiwri.npz,SN II,SNII,core,51,21,30,True,SN_CC
ZTF21abghumo,events/ZTF21abghumo.npz,SN IIn,SNII,core,75,38,37,True,SN_CC
ZTF20abojvde,events/ZTF20abojvde.npz,CV,CV,core,18,7,11,True,CV
ZTF22abqbljk,events/ZTF22abqbljk.npz,SN Ia,SNI,core,22,12,10,True,SN_Ia
ZTF22aaafeiu,events/ZTF22aaafeiu.npz,SN Ia,SNI,core,51,24,27,True,SN_Ia
ZTF24aathuwg,events/ZTF24aathuwg.npz,SN Ia-91T,SNI,core,19,13,6,True,SN_Ia
ZTF21achhwdz,events/ZTF21achhwdz.npz,SN Ia,SNI,core,25,11,14,True,SN_Ia
ZTF25abxqxhs,events/ZTF25abxqxhs.npz,SN Ia,SNI,core,24,13,11,True,SN_Ia
ZTF19aanhgqg,events/ZTF19aanhgqg.npz,SN Ia-91bg,SNI,core,35,17,18,True,SN_Ia
ZTF21abmcori,events/ZTF21abmcori.npz,SN Ia,SNI,core,19,8,11,True,SN_Ia
ZTF19aawnqoj,events/ZTF19aawnqoj.npz,SN Ia,SNI,core,27,12,15,True,SN_Ia
ZTF19acuybzx,events/ZTF19acuybzx.npz,SN Ia,SNI,core,28,10,18,True,SN_Ia
ZTF21abmzpmc,events/ZTF21abmzpmc.npz,SN Ia,SNI,core,14,8,6,True,SN_Ia
ZTF22abtokxg,events/ZTF22abtokxg.npz,SN Ia,SNI,core,19,7,12,True,SN_Ia
ZTF19abahsgg,events/ZTF19abahsgg.npz,SN Ia,SNI,core,14,6,8,True,SN_Ia
ZTF18acrgunw,events/ZTF18acrgunw.npz,SN Ia,SNI,core,14,5,9,True,SN_Ia
ZTF20acxvvnf,events/ZTF20acxvvnf.npz,SN Ia,SNI,core,35,15,20,True,SN_Ia
ZTF19aajxhwa,events/ZTF19aajxhwa.npz,SN Ia,SNI,core,22,11,11,True,SN_Ia
ZTF24aanvvqn,events/ZTF24aanvvqn.npz,SN Ia,SNI,core,71,35,36,True,SN_Ia
ZTF18abgosbg,events/ZTF18abgosbg.npz,SN Ia,SNI,core,28,14,14,True,SN_Ia
ZTF20achbekh,events/ZTF20achbekh.npz,SN Ia,SNI,core,34,15,19,True,SN_Ia
ZTF22abebxpb,events/ZTF22abebxpb.npz,AGN,AGN,core,50,25,25,True,AGN
ZTF23abfubfc,events/ZTF23abfubfc.npz,SN Ia,SNI,core,30,11,19,True,SN_Ia
ZTF21abimeun,events/ZTF21abimeun.npz,SN Ib,SNI,core,8,3,5,True,SN_CC
ZTF23abprwou,events/ZTF23abprwou.npz,SN Ibn,SNI,peculiar,22,14,8,True,SN_CC
ZTF23aaawcwq,events/ZTF23aaawcwq.npz,SN IIP,SNII,core,9,3,6,True,SN_CC
ZTF24aabwvws,events/ZTF24aabwvws.npz,SN Ibn,SNI,peculiar,8,5,3,True,SN_CC
ZTF21acjomly,events/ZTF21acjomly.npz,SN Ia,SNI,core,16,7,9,True,SN_Ia
ZTF20abpqbgi,events/ZTF20abpqbgi.npz,CV,CV,core,58,26,32,True,CV
ZTF19aavoweu,events/ZTF19aavoweu.npz,SN Ic,SNI,core,15,7,8,True,SN_CC
ZTF18aadkjmo,events/ZTF18aadkjmo.npz,AGN,AGN,core,14,2,12,True,AGN
ZTF19acgdfjt,events/ZTF19acgdfjt.npz,SN Ia,SNI,core,15,4,11,True,SN_Ia
ZTF23aastndi,events/ZTF23aastndi.npz,SN Ia,SNI,core,22,10,12,True,SN_Ia
ZTF25abyrwhz,events/ZTF25abyrwhz.npz,SLSN-I,NOVEL,novel,51,26,25,True,SLSN
ZTF25acgdfwz,events/ZTF25acgdfwz.npz,SN Ib/c,SNI,core,35,14,21,True,SN_CC
ZTF19aauivtj,events/ZTF19aauivtj.npz,SN Ia,SNI,core,18,8,10,True,SN_Ia
ZTF19acbwaah,events/ZTF19acbwaah.npz,SN Ia,SNI,core,41,25,16,True,SN_Ia
ZTF19abudlps,events/ZTF19abudlps.npz,SN II,SNII,core,38,18,20,True,SN_CC
ZTF19aamhhgu,events/ZTF19aamhhgu.npz,SN Ia,SNI,core,23,11,12,True,SN_Ia
ZTF18abgxvra,events/ZTF18abgxvra.npz,SN Ia,SNI,core,24,13,11,True,SN_Ia
ZTF19aawfcgp,events/ZTF19aawfcgp.npz,SN Ia,SNI,core,37,15,22,True,SN_Ia
ZTF18abtfvsk,events/ZTF18abtfvsk.npz,SN Ia,SNI,core,29,13,16,True,SN_Ia
ZTF18abjyime,events/ZTF18abjyime.npz,SN Ia,SNI,core,10,3,7,True,SN_Ia
ZTF18abskzjm,events/ZTF18abskzjm.npz,SN Ia,SNI,core,14,8,6,True,SN_Ia
ZTF25acapohj,events/ZTF25acapohj.npz,SN Ia,SNI,core,17,10,7,True,SN_Ia
ZTF20aahdwze,events/ZTF20aahdwze.npz,SN Ia,SNI,core,86,40,46,True,SN_Ia
ZTF24aaumfvx,events/ZTF24aaumfvx.npz,SN II,SNII,core,79,35,44,True,SN_CC
ZTF24abiwsvi,events/ZTF24abiwsvi.npz,SN Ia-91T,SNI,core,59,28,31,True,SN_Ia
ZTF20abmcwtd,events/ZTF20abmcwtd.npz,SN Ia,SNI,core,15,6,9,True,SN_Ia
ZTF22abhsxph,events/ZTF22abhsxph.npz,SN IIP,SNII,core,49,23,26,True,SN_CC
ZTF25aattqgf,events/ZTF25aattqgf.npz,SN II,SNII,core,20,10,10,True,SN_CC
ZTF20aawwcgb,events/ZTF20aawwcgb.npz,SN Ia,SNI,core,37,16,21,True,SN_Ia
ZTF21acjjtmh,events/ZTF21acjjtmh.npz,CV,CV,core,12,6,6,True,CV
ZTF25abmhpuo,events/ZTF25abmhpuo.npz,SN Ia,SNI,core,18,9,9,True,SN_Ia
ZTF19aaeoqkk,events/ZTF19aaeoqkk.npz,SN Ia,SNI,core,28,10,18,True,SN_Ia
ZTF20acijssu,events/ZTF20acijssu.npz,SN Ia,SNI,core,21,7,14,True,SN_Ia
ZTF22aajkpen,events/ZTF22aajkpen.npz,SN IIb,SNII,core,13,6,7,True,SN_CC
ZTF20acrdemq,events/ZTF20acrdemq.npz,SN Ia,SNI,core,42,19,23,True,SN_Ia
ZTF24aawruhq,events/ZTF24aawruhq.npz,CV,CV,core,16,10,6,True,CV
ZTF21aacscvb,events/ZTF21aacscvb.npz,SN Ia,SNI,core,29,13,16,True,SN_Ia
ZTF24aargoer,events/ZTF24aargoer.npz,SN Ia,SNI,core,44,15,29,True,SN_Ia
ZTF21aawtazf,events/ZTF21aawtazf.npz,SN Ia,SNI,core,44,22,22,True,SN_Ia
ZTF19acgfowd,events/ZTF19acgfowd.npz,SN Ia,SNI,core,11,6,5,True,SN_Ia
ZTF21acheiti,events/ZTF21acheiti.npz,SN IIP,SNII,core,21,8,13,True,SN_CC
ZTF18acnbgrb,events/ZTF18acnbgrb.npz,SN Ia,SNI,core,23,7,16,True,SN_Ia
ZTF21aaxtdrs,events/ZTF21aaxtdrs.npz,SN Ia,SNI,core,16,7,9,True,SN_Ia
ZTF21abaputv,events/ZTF21abaputv.npz,SN Ia,SNI,core,32,14,18,True,SN_Ia
ZTF24aanmitt,events/ZTF24aanmitt.npz,AGN,AGN,core,135,118,17,True,AGN
ZTF20acoqlav,events/ZTF20acoqlav.npz,SN Ia,SNI,core,23,8,15,True,SN_Ia
ZTF23aaxpfpa,events/ZTF23aaxpfpa.npz,SN Ia,SNI,core,19,9,10,True,SN_Ia
ZTF22aaoippk,events/ZTF22aaoippk.npz,SN Ia,SNI,core,34,16,18,True,SN_Ia
ZTF20actrwym,events/ZTF20actrwym.npz,SN Ia,SNI,core,12,5,7,True,SN_Ia
ZTF22abfavpu,events/ZTF22abfavpu.npz,SN II,SNII,core,110,53,57,True,SN_CC
ZTF25abopybc,events/ZTF25abopybc.npz,SN Ia,SNI,core,32,16,16,True,SN_Ia
ZTF23aaatixf,events/ZTF23aaatixf.npz,SN Ia,SNI,core,17,8,9,True,SN_Ia
ZTF25abevfgb,events/ZTF25abevfgb.npz,SN Ia,SNI,core,15,6,9,True,SN_Ia
ZTF20acobamg,events/ZTF20acobamg.npz,SN Ia,SNI,core,19,7,12,True,SN_Ia
ZTF24aaehvnx,events/ZTF24aaehvnx.npz,SN Ia,SNI,core,16,7,9,True,SN_Ia
ZTF25aarodyp,events/ZTF25aarodyp.npz,SN Ia,SNI,core,23,10,13,True,SN_Ia
ZTF19aazpvdy,events/ZTF19aazpvdy.npz,SN II,SNII,core,13,6,7,True,SN_CC
ZTF20abvaida,events/ZTF20abvaida.npz,SN Ia,SNI,core,27,11,16,True,SN_Ia
ZTF18abbpyvk,events/ZTF18abbpyvk.npz,SN IIP,SNII,core,15,5,10,True,SN_CC
ZTF18acjxyak,events/ZTF18acjxyak.npz,SN Ia,SNI,core,15,4,11,True,SN_Ia
ZTF20aahpwym,events/ZTF20aahpwym.npz,SN Ia,SNI,core,39,17,22,True,SN_Ia
ZTF20aamnvij,events/ZTF20aamnvij.npz,SN Ia,SNI,core,36,17,19,True,SN_Ia
ZTF18acbudzh,events/ZTF18acbudzh.npz,SN Ia,SNI,core,11,6,5,True,SN_Ia
ZTF20acbeanu,events/ZTF20acbeanu.npz,SN Ia,SNI,core,64,31,33,True,SN_Ia
ZTF25acegczg,events/ZTF25acegczg.npz,SN II,SNII,core,46,21,25,True,SN_CC
ZTF18acrygtk,events/ZTF18acrygtk.npz,SN II,SNII,core,8,3,5,True,SN_CC
ZTF20abbbumr,events/ZTF20abbbumr.npz,SN Ia,SNI,core,17,9,8,True,SN_Ia
ZTF20acnzkxb,events/ZTF20acnzkxb.npz,SN II,SNII,core,28,13,15,True,SN_CC
ZTF22abnejmu,events/ZTF22abnejmu.npz,SN II,SNII,core,28,12,16,True,SN_CC
ZTF23aakstht,events/ZTF23aakstht.npz,SN Ic,SNI,core,58,23,35,True,SN_CC
ZTF24abkiblx,events/ZTF24abkiblx.npz,SN Ib,SNI,core,13,5,8,True,SN_CC
ZTF20acjetyf,events/ZTF20acjetyf.npz,SN Ia,SNI,core,19,10,9,True,SN_Ia
ZTF25aceilra,events/ZTF25aceilra.npz,SN Ia,SNI,core,29,14,15,True,SN_Ia
ZTF24abyhmba,events/ZTF24abyhmba.npz,SN Ia,SNI,core,27,10,17,True,SN_Ia
ZTF21aaewexx,events/ZTF21aaewexx.npz,SN Ia,SNI,core,27,11,16,True,SN_Ia
ZTF24abgqgdy,events/ZTF24abgqgdy.npz,SN Ia,SNI,core,22,8,14,True,SN_Ia
ZTF21aaaotku,events/ZTF21aaaotku.npz,SN Ia,SNI,core,28,11,17,True,SN_Ia
ZTF20achvmoj,events/ZTF20achvmoj.npz,SN Ia,SNI,core,57,29,28,True,SN_Ia
ZTF23abomtge,events/ZTF23abomtge.npz,SN IIn,SNII,core,23,10,13,True,SN_CC
ZTF25acgoxlz,events/ZTF25acgoxlz.npz,SN Ia,SNI,core,29,12,17,True,SN_Ia
ZTF20aattriw,events/ZTF20aattriw.npz,SN Ia,SNI,core,47,14,33,True,SN_Ia
ZTF21aarxsfm,events/ZTF21aarxsfm.npz,SN Ia,SNI,core,28,13,15,True,SN_Ia
ZTF24abtblmg,events/ZTF24abtblmg.npz,SN II,SNII,core,12,8,4,True,SN_CC
ZTF20aavhire,events/ZTF20aavhire.npz,SN Ia,SNI,core,26,13,13,True,SN_Ia
ZTF20ablyczu,events/ZTF20ablyczu.npz,CV,CV,core,149,70,79,True,CV
ZTF23absbzli,events/ZTF23absbzli.npz,SN IIn,SNII,core,34,21,13,True,SN_CC
ZTF23abbhuoa,events/ZTF23abbhuoa.npz,SN Ia,SNI,core,10,6,4,True,SN_Ia
ZTF21aafdxca,events/ZTF21aafdxca.npz,SN Ia,SNI,core,105,36,69,True,SN_Ia
ZTF18acvgyst,events/ZTF18acvgyst.npz,SN II,SNII,core,25,12,13,True,SN_CC
ZTF23aajscgu,events/ZTF23aajscgu.npz,SN Ia,SNI,core,58,28,30,True,SN_Ia
ZTF25acbeqrz,events/ZTF25acbeqrz.npz,SN Ia,SNI,core,18,6,12,True,SN_Ia
ZTF24abvgqpr,events/ZTF24abvgqpr.npz,SN Ia,SNI,core,35,2,33,True,SN_Ia
ZTF20aahggbm,events/ZTF20aahggbm.npz,SN Ia,SNI,core,27,13,14,True,SN_Ia
ZTF25acgaiba,events/ZTF25acgaiba.npz,SN Ia,SNI,core,29,14,15,True,SN_Ia
ZTF19acxowrr,events/ZTF19acxowrr.npz,SN II,SNII,core,131,65,66,True,SN_CC
ZTF19accjnpz,events/ZTF19accjnpz.npz,SN Ia,SNI,core,19,9,10,True,SN_Ia
ZTF19aampokl,events/ZTF19aampokl.npz,CV,CV,core,8,5,3,True,CV
ZTF19acuymeu,events/ZTF19acuymeu.npz,SN Ia,SNI,core,11,5,6,True,SN_Ia
ZTF23aaqhtiq,events/ZTF23aaqhtiq.npz,SN Ia,SNI,core,51,25,26,True,SN_Ia
ZTF20aazpaki,events/ZTF20aazpaki.npz,SN Ia,SNI,core,34,19,15,True,SN_Ia
ZTF21abqxmpa,events/ZTF21abqxmpa.npz,SN II,SNII,core,12,4,8,True,SN_CC
ZTF20abgpksj,events/ZTF20abgpksj.npz,SN Ia,SNI,core,47,22,25,True,SN_Ia
ZTF20aaomtwl,events/ZTF20aaomtwl.npz,SN Ia,SNI,core,30,15,15,True,SN_Ia
ZTF22aapuvqy,events/ZTF22aapuvqy.npz,SN Ia,SNI,core,17,8,9,True,SN_Ia
ZTF18absbgqd,events/ZTF18absbgqd.npz,SN II,SNII,core,18,6,12,True,SN_CC
ZTF18adbacau,events/ZTF18adbacau.npz,SN II,SNII,core,25,11,14,True,SN_CC
ZTF23aausgkl,events/ZTF23aausgkl.npz,SN II,SNII,core,55,27,28,True,SN_CC
ZTF19aakpccq,events/ZTF19aakpccq.npz,SN II,SNII,core,17,5,12,True,SN_CC
ZTF23aajjddh,events/ZTF23aajjddh.npz,SN Ia,SNI,core,39,16,23,True,SN_Ia
ZTF19abvbrve,events/ZTF19abvbrve.npz,SN IIP,SNII,core,17,10,7,True,SN_CC
ZTF23aafqzkn,events/ZTF23aafqzkn.npz,SN Ia,SNI,core,68,28,40,True,SN_Ia
ZTF19abiietd,events/ZTF19abiietd.npz,SN II,SNII,core,31,17,14,True,SN_CC
ZTF20aanaeev,events/ZTF20aanaeev.npz,SN Ia,SNI,core,20,12,8,True,SN_Ia
ZTF22aashqrd,events/ZTF22aashqrd.npz,SN Ia,SNI,core,33,15,18,True,SN_Ia
ZTF25abuvxsy,events/ZTF25abuvxsy.npz,SN Ia,SNI,core,31,12,19,True,SN_Ia
ZTF24abqpshs,events/ZTF24abqpshs.npz,SN Ia,SNI,core,21,8,13,True,SN_Ia
ZTF20abzcokv,events/ZTF20abzcokv.npz,SN Ia,SNI,core,46,21,25,True,SN_Ia
ZTF18acsremz,events/ZTF18acsremz.npz,SN Ia,SNI,core,50,25,25,True,SN_Ia
ZTF24aaibcrw,events/ZTF24aaibcrw.npz,SN IIP,SNII,core,31,14,17,True,SN_CC
ZTF19abrsssx,events/ZTF19abrsssx.npz,SN Ia,SNI,core,19,5,14,True,SN_Ia
ZTF20abixkhh,events/ZTF20abixkhh.npz,SN Ia,SNI,core,44,20,24,True,SN_Ia
ZTF18accrorf,events/ZTF18accrorf.npz,SN Ia,SNI,core,14,5,9,True,SN_Ia
ZTF21aamxduf,events/ZTF21aamxduf.npz,SN Ia,SNI,core,14,7,7,True,SN_Ia
ZTF22aartmuz,events/ZTF22aartmuz.npz,SN Ia,SNI,core,23,9,14,True,SN_Ia
ZTF20abcxnkh,events/ZTF20abcxnkh.npz,SN Ia,SNI,core,30,6,24,True,SN_Ia
ZTF22aafrsmk,events/ZTF22aafrsmk.npz,SN Ia,SNI,core,15,6,9,True,SN_Ia
ZTF21abvddpq,events/ZTF21abvddpq.npz,SN Ia,SNI,core,17,7,10,True,SN_Ia
ZTF23abjhbcr,events/ZTF23abjhbcr.npz,SLSN-I,NOVEL,novel,17,8,9,True,SLSN
ZTF22aakfzqz,events/ZTF22aakfzqz.npz,SN Ia,SNI,core,16,9,7,True,SN_Ia
ZTF19accobqx,events/ZTF19accobqx.npz,SN Ia,SNI,core,18,7,11,True,SN_Ia
ZTF25aargzjz,events/ZTF25aargzjz.npz,SN Ia,SNI,core,36,15,21,True,SN_Ia
ZTF21aahaksd,events/ZTF21aahaksd.npz,SN Ia,SNI,core,44,24,20,True,SN_Ia
ZTF22abfxmvf,events/ZTF22abfxmvf.npz,SN Ia,SNI,core,67,37,30,True,SN_Ia
ZTF24aahgidl,events/ZTF24aahgidl.npz,SN Ia,SNI,core,10,5,5,True,SN_Ia
ZTF25acberoe,events/ZTF25acberoe.npz,SN II,SNII,core,37,5,32,True,SN_CC
ZTF24aaybeda,events/ZTF24aaybeda.npz,SN Ia,SNI,core,30,14,16,True,SN_Ia
ZTF22abdtcki,events/ZTF22abdtcki.npz,SN Ia,SNI,core,61,32,29,True,SN_Ia
ZTF21aapkvrd,events/ZTF21aapkvrd.npz,SN Ia,SNI,core,39,17,22,True,SN_Ia
ZTF21abvhxyk,events/ZTF21abvhxyk.npz,SN Ia,SNI,core,20,8,12,True,SN_Ia
ZTF24aaiaaxr,events/ZTF24aaiaaxr.npz,SN Ia-91T,SNI,core,23,3,15,True,SN_Ia
ZTF23aamqtel,events/ZTF23aamqtel.npz,SN Ia,SNI,core,26,17,9,True,SN_Ia
ZTF18acbvhit,events/ZTF18acbvhit.npz,SN II,SNII,core,31,16,15,True,SN_CC
ZTF22abkjegi,events/ZTF22abkjegi.npz,SN Ia,SNI,core,53,25,28,True,SN_Ia
ZTF19aaupkrl,events/ZTF19aaupkrl.npz,SN Ia,SNI,core,28,12,16,True,SN_Ia
ZTF23abetwwi,events/ZTF23abetwwi.npz,SN Ia,SNI,core,38,16,22,True,SN_Ia
ZTF22abfvxlz,events/ZTF22abfvxlz.npz,SN Ia,SNI,core,23,13,10,True,SN_Ia
ZTF23aaeyugg,events/ZTF23aaeyugg.npz,SN Ia,SNI,core,61,29,32,True,SN_Ia
ZTF18abqlpgq,events/ZTF18abqlpgq.npz,SN Ia,SNI,core,18,7,11,True,SN_Ia
ZTF23aajenxf,events/ZTF23aajenxf.npz,SN Ia,SNI,core,31,14,17,True,SN_Ia
ZTF25abfqfnj,events/ZTF25abfqfnj.npz,SN Ia,SNI,core,24,11,13,True,SN_Ia
ZTF24aavzrue,events/ZTF24aavzrue.npz,SN Ia,SNI,core,77,34,43,True,SN_Ia
ZTF23aaaboss,events/ZTF23aaaboss.npz,SN Ia,SNI,core,12,5,7,True,SN_Ia
ZTF23aauqmys,events/ZTF23aauqmys.npz,SN Ia,SNI,core,27,13,14,True,SN_Ia
ZTF18aaydmkh,events/ZTF18aaydmkh.npz,SN Ia,SNI,core,15,5,10,True,SN_Ia
ZTF22aajtaem,events/ZTF22aajtaem.npz,SN Ia,SNI,core,27,12,15,True,SN_Ia
ZTF20acwlsro,events/ZTF20acwlsro.npz,SN II,SNII,core,24,11,13,True,SN_CC
ZTF22aatunnt,events/ZTF22aatunnt.npz,SN Ib,SNI,core,39,16,23,True,SN_CC
ZTF20aagmrid,events/ZTF20aagmrid.npz,SN Ia,SNI,core,12,5,7,True,SN_Ia
ZTF22aaafmzj,events/ZTF22aaafmzj.npz,SN Ia,SNI,core,14,7,7,True,SN_Ia
ZTF24abmummp,events/ZTF24abmummp.npz,SN Ia,SNI,core,8,3,5,True,SN_Ia
ZTF19aatnfci,events/ZTF19aatnfci.npz,SN Ia,SNI,core,10,5,5,True,SN_Ia
ZTF25aadeltq,events/ZTF25aadeltq.npz,SN II,SNII,core,20,8,12,True,SN_CC
ZTF20acviwcr,events/ZTF20acviwcr.npz,SN Ia,SNI,core,31,13,18,True,SN_Ia
ZTF22aaolwsd,events/ZTF22aaolwsd.npz,SN II,SNII,core,137,68,67,True,SN_CC
ZTF24aaekbzn,events/ZTF24aaekbzn.npz,SN Ia,SNI,core,15,5,10,True,SN_Ia
ZTF23aaazdla,events/ZTF23aaazdla.npz,SN II,SNII,core,27,9,18,True,SN_CC
ZTF22abiqxao,events/ZTF22abiqxao.npz,SN Ia,SNI,core,15,7,8,True,SN_Ia
ZTF19abqqrgy,events/ZTF19abqqrgy.npz,SN Ib,SNI,core,19,7,12,True,SN_CC
ZTF19abrsuah,events/ZTF19abrsuah.npz,SN Ia,SNI,core,12,7,5,True,SN_Ia
ZTF19acxhkvc,events/ZTF19acxhkvc.npz,SN Ia,SNI,core,25,6,19,True,SN_Ia
ZTF20aaiqiti,events/ZTF20aaiqiti.npz,SN Ic-BL,SNI,core,27,10,17,True,SN_CC
ZTF23abphqjk,events/ZTF23abphqjk.npz,SN II,SNII,core,20,8,12,True,SN_CC
ZTF20acxncha,events/ZTF20acxncha.npz,SN Ia,SNI,core,30,15,15,True,SN_Ia
ZTF24abcxfhy,events/ZTF24abcxfhy.npz,SN Ia,SNI,core,9,5,4,True,SN_Ia
ZTF22aaacmxt,events/ZTF22aaacmxt.npz,SN Ia,SNI,core,8,3,5,True,SN_Ia
ZTF19abfdszw,events/ZTF19abfdszw.npz,SN Ia,SNI,core,15,8,7,True,SN_Ia
ZTF24aaxlnut,events/ZTF24aaxlnut.npz,SN II,SNII,core,79,30,46,True,SN_CC
ZTF23aavshwi,events/ZTF23aavshwi.npz,SN Ia,SNI,core,20,7,13,True,SN_Ia
ZTF21aaabxln,events/ZTF21aaabxln.npz,SN Ia,SNI,core,45,16,29,True,SN_Ia
ZTF21abaaipx,events/ZTF21abaaipx.npz,SN Ia,SNI,core,28,12,16,True,SN_Ia
ZTF22abgawib,events/ZTF22abgawib.npz,SN Ia,SNI,core,24,12,12,True,SN_Ia
ZTF20aanvpzo,events/ZTF20aanvpzo.npz,SN Ia,SNI,core,16,6,10,True,SN_Ia
ZTF22abscvex,events/ZTF22abscvex.npz,SN Ia,SNI,core,59,25,34,True,SN_Ia
ZTF19abvhkst,events/ZTF19abvhkst.npz,SN Ia,SNI,core,82,33,49,True,SN_Ia
ZTF22aahnvmo,events/ZTF22aahnvmo.npz,CV,CV,core,38,18,20,True,CV
ZTF18acmznfc,events/ZTF18acmznfc.npz,SN Ia,SNI,core,38,17,21,True,SN_Ia
ZTF20aaifyfx,events/ZTF20aaifyfx.npz,SN Ia,SNI,core,13,6,7,True,SN_Ia
ZTF21aadatfg,events/ZTF21aadatfg.npz,SN Ic-BL,SNI,core,22,9,13,True,SN_CC
ZTF23aadjhyj,events/ZTF23aadjhyj.npz,SN II,SNII,core,41,15,26,True,SN_CC
ZTF21aavxruq,events/ZTF21aavxruq.npz,SN Ia,SNI,core,29,14,15,True,SN_Ia
ZTF20acwfftd,events/ZTF20acwfftd.npz,SN Ia,SNI,core,60,11,49,True,SN_Ia
ZTF19aanxufb,events/ZTF19aanxufb.npz,SN Ia,SNI,core,9,3,6,True,SN_Ia
ZTF20abxpoxd,events/ZTF20abxpoxd.npz,SN Ic,SNI,core,170,79,91,True,SN_CC
ZTF25aaoefsh,events/ZTF25aaoefsh.npz,SN Ia,SNI,core,40,22,18,True,SN_Ia
ZTF21abhvquj,events/ZTF21abhvquj.npz,SN Ia,SNI,core,22,12,10,True,SN_Ia
ZTF23aaahegu,events/ZTF23aaahegu.npz,SN Ia,SNI,core,10,4,6,True,SN_Ia
ZTF20aaogrqe,events/ZTF20aaogrqe.npz,SN Ia,SNI,core,17,8,9,True,SN_Ia
ZTF22aazjvid,events/ZTF22aazjvid.npz,SN Ia,SNI,core,27,12,15,True,SN_Ia
ZTF25ackyyzk,events/ZTF25ackyyzk.npz,SN Ia,SNI,core,42,4,38,True,SN_Ia
ZTF18adhzhfw,events/ZTF18adhzhfw.npz,CV,CV,core,12,6,6,True,CV
ZTF19aailmfm,events/ZTF19aailmfm.npz,SN Ia,SNI,core,9,5,4,True,SN_Ia
ZTF24abtlppf,events/ZTF24abtlppf.npz,SLSN-I,NOVEL,novel,36,18,18,True,SLSN
ZTF18abfdupq,events/ZTF18abfdupq.npz,SN Ia,SNI,core,10,2,8,True,SN_Ia
ZTF18acrlmvt,events/ZTF18acrlmvt.npz,SN Ia,SNI,core,28,6,22,True,SN_Ia
ZTF23abecphw,events/ZTF23abecphw.npz,SN II,SNII,core,42,20,22,True,SN_CC
ZTF19abqrhvy,events/ZTF19abqrhvy.npz,SN II,SNII,core,164,83,81,True,SN_CC
ZTF21abwxext,events/ZTF21abwxext.npz,SN Ia,SNI,core,36,16,20,True,SN_Ia
ZTF19acgjnis,events/ZTF19acgjnis.npz,SN Ia,SNI,core,21,9,12,True,SN_Ia
ZTF23aaedrcn,events/ZTF23aaedrcn.npz,SN Ia,SNI,core,28,16,12,True,SN_Ia
ZTF20acqelhh,events/ZTF20acqelhh.npz,SN Ia,SNI,core,33,12,21,True,SN_Ia
ZTF20abqlgtv,events/ZTF20abqlgtv.npz,SN Ia,SNI,core,29,12,17,True,SN_Ia
ZTF21abceehu,events/ZTF21abceehu.npz,SN Ia,SNI,core,31,16,15,True,SN_Ia
ZTF23aakfysp,events/ZTF23aakfysp.npz,SN Ibn,SNI,peculiar,17,8,9,True,SN_CC
ZTF23abvrjdu,events/ZTF23abvrjdu.npz,SN II,SNII,core,12,8,4,True,SN_CC
ZTF20acxmxth,events/ZTF20acxmxth.npz,SN Ia,SNI,core,18,10,8,True,SN_Ia
ZTF25aauhsoe,events/ZTF25aauhsoe.npz,SN II,SNII,core,89,25,45,True,SN_CC
ZTF18aatgdph,events/ZTF18aatgdph.npz,SN Ia,SNI,core,73,38,35,True,SN_Ia
ZTF21acaeoms,events/ZTF21acaeoms.npz,SN Ia,SNI,core,20,9,11,True,SN_Ia
ZTF20acxcxkz,events/ZTF20acxcxkz.npz,SN Ia,SNI,core,19,6,13,True,SN_Ia
ZTF25abiksod,events/ZTF25abiksod.npz,SN Ia,SNI,core,15,7,8,True,SN_Ia
ZTF19aarphwc,events/ZTF19aarphwc.npz,SLSN-I,NOVEL,novel,80,35,45,True,SLSN
ZTF19aaohyqj,events/ZTF19aaohyqj.npz,SN Ia,SNI,core,37,19,18,True,SN_Ia
ZTF19abdkgwo,events/ZTF19abdkgwo.npz,SN II,SNII,core,82,43,39,True,SN_CC
ZTF25abikaaq,events/ZTF25abikaaq.npz,SN Ia,SNI,core,100,47,53,True,SN_Ia
ZTF22abbirsn,events/ZTF22abbirsn.npz,SN Ia,SNI,core,32,16,16,True,SN_Ia
ZTF21ackwgzm,events/ZTF21ackwgzm.npz,SN Ia,SNI,core,14,8,6,True,SN_Ia
ZTF19aawmqtd,events/ZTF19aawmqtd.npz,SN Ia,SNI,core,29,14,15,True,SN_Ia
ZTF25aaurwnn,events/ZTF25aaurwnn.npz,SN Ia,SNI,core,30,10,20,True,SN_Ia
ZTF22abrredj,events/ZTF22abrredj.npz,SN Ia,SNI,core,20,7,13,True,SN_Ia
ZTF19acyplkt,events/ZTF19acyplkt.npz,SN IIP,SNII,core,27,11,16,True,SN_CC
ZTF22aapjqpn,events/ZTF22aapjqpn.npz,SLSN-I,NOVEL,novel,67,35,32,True,SLSN
ZTF19abzrhgq,events/ZTF19abzrhgq.npz,TDE,TDE,core,41,21,20,True,TDE
ZTF24abpqghw,events/ZTF24abpqghw.npz,SN Ic-BL,SNI,core,11,6,5,True,SN_CC
ZTF21acafwof,events/ZTF21acafwof.npz,SN Ia,SNI,core,27,15,12,True,SN_Ia
ZTF18acetnxh,events/ZTF18acetnxh.npz,AGN,AGN,core,10,5,5,True,AGN
ZTF23aaboynz,events/ZTF23aaboynz.npz,SN II,SNII,core,9,2,7,True,SN_CC
ZTF24aaaenwq,events/ZTF24aaaenwq.npz,SN Ia,SNI,core,17,8,9,True,SN_Ia
ZTF20achbejn,events/ZTF20achbejn.npz,SN II,SNII,core,50,20,30,True,SN_CC
ZTF19aawblge,events/ZTF19aawblge.npz,SN Ia,SNI,core,18,7,11,True,SN_Ia
ZTF20acnvtxy,events/ZTF20acnvtxy.npz,SN IIP,SNII,core,14,6,8,True,SN_CC
ZTF21aarigsr,events/ZTF21aarigsr.npz,SN Ia,SNI,core,66,30,36,True,SN_Ia
ZTF20acgided,events/ZTF20acgided.npz,SN II,SNII,core,73,34,39,True,SN_CC
ZTF21abvvivq,events/ZTF21abvvivq.npz,SN Ia,SNI,core,30,16,14,True,SN_Ia
ZTF25aafezal,events/ZTF25aafezal.npz,SN Ia,SNI,core,9,3,6,True,SN_Ia
ZTF19aaprvar,events/ZTF19aaprvar.npz,SN II,SNII,core,30,11,19,True,SN_CC
ZTF18acqqyah,events/ZTF18acqqyah.npz,SN Ia,SNI,core,31,17,14,True,SN_Ia
ZTF21aagqbvp,events/ZTF21aagqbvp.npz,SN II,SNII,core,80,29,51,True,SN_CC
ZTF19acbpnii,events/ZTF19acbpnii.npz,SN Ia,SNI,core,12,5,7,True,SN_Ia
ZTF19abrlvij,events/ZTF19abrlvij.npz,SN II,SNII,core,85,33,52,True,SN_CC
ZTF24aaqiqpw,events/ZTF24aaqiqpw.npz,SN II,SNII,core,249,198,51,True,SN_CC
ZTF25acgqhry,events/ZTF25acgqhry.npz,SN Ia,SNI,core,20,10,10,True,SN_Ia
ZTF18aahtnlt,events/ZTF18aahtnlt.npz,AGN,AGN,core,32,16,16,True,AGN
ZTF21acdontl,events/ZTF21acdontl.npz,SN II,SNII,core,29,11,18,True,SN_CC
ZTF23aavvckk,events/ZTF23aavvckk.npz,SN IIn,SNII,core,49,33,16,True,SN_CC
ZTF21aapjqdl,events/ZTF21aapjqdl.npz,SN Ia,SNI,core,53,19,34,True,SN_Ia
ZTF20abjapox,events/ZTF20abjapox.npz,AGN,AGN,core,15,7,8,True,AGN
ZTF25aavddzo,events/ZTF25aavddzo.npz,SN II,SNII,core,20,9,11,True,SN_CC
ZTF22aarycqo,events/ZTF22aarycqo.npz,SN IIP,SNII,core,68,34,34,True,SN_CC
ZTF20aapadwx,events/ZTF20aapadwx.npz,SN Ia,SNI,core,13,6,7,True,SN_Ia
ZTF20aatpoef,events/ZTF20aatpoef.npz,SN Ia,SNI,core,17,6,11,True,SN_Ia
ZTF25abbaljx,events/ZTF25abbaljx.npz,SN Ib,SNI,core,29,9,20,True,SN_CC
ZTF24aawajih,events/ZTF24aawajih.npz,SN Ia,SNI,core,37,13,24,True,SN_Ia
ZTF18absgmhg,events/ZTF18absgmhg.npz,AGN,AGN,core,22,16,6,True,AGN
ZTF19aapocyd,events/ZTF19aapocyd.npz,SN Ia,SNI,core,26,10,16,True,SN_Ia
ZTF22aacagjm,events/ZTF22aacagjm.npz,SN Ia,SNI,core,12,7,5,True,SN_Ia
ZTF18acspjqd,events/ZTF18acspjqd.npz,SN Ia,SNI,core,11,2,9,True,SN_Ia
ZTF22abaucrh,events/ZTF22abaucrh.npz,SN Ia,SNI,core,20,11,9,True,SN_Ia
ZTF19acetxvq,events/ZTF19acetxvq.npz,SN Ia,SNI,core,61,28,33,True,SN_Ia
ZTF18abktmfz,events/ZTF18abktmfz.npz,SN Ib,SNI,core,80,37,43,True,SN_CC
ZTF20abqmtsh,events/ZTF20abqmtsh.npz,SN Ia,SNI,core,34,18,16,True,SN_Ia
ZTF20abgaovd,events/ZTF20abgaovd.npz,SN Ia,SNI,core,14,7,7,True,SN_Ia
ZTF19ackbjtf,events/ZTF19ackbjtf.npz,SN Ia,SNI,core,10,4,6,True,SN_Ia
ZTF19abcneik,events/ZTF19abcneik.npz,SN II,SNII,core,16,9,7,True,SN_CC
ZTF19acjtkha,events/ZTF19acjtkha.npz,SN Ia,SNI,core,15,7,8,True,SN_Ia
ZTF24abqbyxd,events/ZTF24abqbyxd.npz,SN Ic,SNI,core,8,2,6,True,SN_CC
ZTF19abyzuos,events/ZTF19abyzuos.npz,SN Ia,SNI,core,26,11,15,True,SN_Ia
ZTF25aazgkhd,events/ZTF25aazgkhd.npz,SN Ia,SNI,core,58,29,29,True,SN_Ia
ZTF22aataizc,events/ZTF22aataizc.npz,SN Ia,SNI,core,50,17,33,True,SN_Ia
ZTF20acctbbw,events/ZTF20acctbbw.npz,SN Ia,SNI,core,36,14,22,True,SN_Ia
ZTF20acoqpbg,events/ZTF20acoqpbg.npz,SN Ia,SNI,core,24,10,14,True,SN_Ia
ZTF20aattqle,events/ZTF20aattqle.npz,SN II,SNII,core,61,26,35,True,SN_CC
ZTF24acaeozu,events/ZTF24acaeozu.npz,SN II,SNII,core,71,32,39,True,SN_CC
ZTF21abpmlxu,events/ZTF21abpmlxu.npz,SN IIn,SNII,core,52,30,22,True,SN_CC
ZTF22abhxptj,events/ZTF22abhxptj.npz,SN Ia,SNI,core,36,17,19,True,SN_Ia
ZTF23aanyiwk,events/ZTF23aanyiwk.npz,SN Ia,SNI,core,32,14,18,True,SN_Ia
ZTF18acvwhaz,events/ZTF18acvwhaz.npz,SN Ia,SNI,core,13,6,7,True,SN_Ia
ZTF19accstol,events/ZTF19accstol.npz,SN Ia,SNI,core,15,6,9,True,SN_Ia
ZTF19acdjiml,events/ZTF19acdjiml.npz,SN Ia,SNI,core,15,7,8,True,SN_Ia
ZTF25aaoyfil,events/ZTF25aaoyfil.npz,SN Ia,SNI,core,19,7,12,True,SN_Ia
ZTF19abegxfs,events/ZTF19abegxfs.npz,SN IIn,SNII,core,37,17,20,True,SN_CC
ZTF22aaabovl,events/ZTF22aaabovl.npz,TDE,TDE,core,28,14,14,True,TDE
ZTF24aayagxg,events/ZTF24aayagxg.npz,SN Ia,SNI,core,11,9,2,True,SN_Ia
ZTF20acknpig,events/ZTF20acknpig.npz,SN II,SNII,core,67,34,33,True,SN_CC
ZTF23aaqujvz,events/ZTF23aaqujvz.npz,SN Ia,SNI,core,70,33,37,True,SN_Ia
ZTF25abxgmpf,events/ZTF25abxgmpf.npz,SN Ia,SNI,core,22,12,10,True,SN_Ia
ZTF23aarfblz,events/ZTF23aarfblz.npz,SN Ia,SNI,core,23,9,14,True,SN_Ia
ZTF25acczido,events/ZTF25acczido.npz,SN Ia,SNI,core,27,14,13,True,SN_Ia
ZTF24abluyoy,events/ZTF24abluyoy.npz,SN Ia,SNI,core,40,18,22,True,SN_Ia
ZTF21aazfkyj,events/ZTF21aazfkyj.npz,SN Ia,SNI,core,24,10,14,True,SN_Ia
ZTF19aazdirb,events/ZTF19aazdirb.npz,SN Ia,SNI,core,13,4,9,True,SN_Ia
ZTF19abwztsb,events/ZTF19abwztsb.npz,SN II,SNII,core,28,18,10,True,SN_CC
ZTF20acgnbvv,events/ZTF20acgnbvv.npz,SN Ia,SNI,core,65,29,36,True,SN_Ia
ZTF25aaqvwgk,events/ZTF25aaqvwgk.npz,CV,CV,core,8,4,4,True,CV
ZTF20abxtiyh,events/ZTF20abxtiyh.npz,SN Ia,SNI,core,13,5,8,True,SN_Ia
ZTF20aaynrrh,events/ZTF20aaynrrh.npz,SN II,SNII,core,24,14,10,True,SN_CC
ZTF24aaaisri,events/ZTF24aaaisri.npz,SN Ia,SNI,core,21,8,13,True,SN_Ia
ZTF20aaavvlv,events/ZTF20aaavvlv.npz,SN Ia,SNI,core,160,74,86,True,SN_Ia
ZTF20abjkvyt,events/ZTF20abjkvyt.npz,SN Ia,SNI,core,29,15,14,True,SN_Ia
ZTF23abmewfr,events/ZTF23abmewfr.npz,SN Ia,SNI,core,23,11,12,True,SN_Ia
ZTF20aayvubx,events/ZTF20aayvubx.npz,SN Ia,SNI,core,64,31,33,True,SN_Ia
ZTF19adjvjqi,events/ZTF19adjvjqi.npz,SN Ia,SNI,core,12,9,3,True,SN_Ia
ZTF20abygigy,events/ZTF20abygigy.npz,SN Ia,SNI,core,51,23,28,True,SN_Ia
ZTF20abgfvav,events/ZTF20abgfvav.npz,SN Ia,SNI,core,44,21,23,True,SN_Ia
ZTF21aagtpyw,events/ZTF21aagtpyw.npz,SN Ia,SNI,core,29,13,16,True,SN_Ia
ZTF18acwyvet,events/ZTF18acwyvet.npz,SN IIL,SNII,core,37,20,17,True,SN_CC
ZTF19acgemqj,events/ZTF19acgemqj.npz,SN Ia-91T,SNI,core,17,9,8,True,SN_Ia
ZTF24abwbjpg,events/ZTF24abwbjpg.npz,SN Ia,SNI,core,68,25,43,True,SN_Ia
ZTF20acdafau,events/ZTF20acdafau.npz,SN Ia,SNI,core,57,30,27,True,SN_Ia
ZTF21aaxwcof,events/ZTF21aaxwcof.npz,SN II,SNII,core,85,16,69,True,SN_CC
ZTF24abgvscf,events/ZTF24abgvscf.npz,SN Ia,SNI,core,59,26,30,True,SN_Ia
ZTF23aavwpbn,events/ZTF23aavwpbn.npz,SN Ia,SNI,core,35,13,22,True,SN_Ia
ZTF25aashgjy,events/ZTF25aashgjy.npz,SN II,SNII,core,26,9,17,True,SN_CC
ZTF18acnnxzz,events/ZTF18acnnxzz.npz,SN Ia,SNI,core,11,4,7,True,SN_Ia
ZTF23aaaigqy,events/ZTF23aaaigqy.npz,SN II,SNII,core,22,8,14,True,SN_CC
ZTF23aboemfi,events/ZTF23aboemfi.npz,SN Ia,SNI,core,29,13,16,True,SN_Ia
ZTF21aabxztv,events/ZTF21aabxztv.npz,SN Ia,SNI,core,40,17,23,True,SN_Ia
ZTF18aasycpd,events/ZTF18aasycpd.npz,SN IIb,SNII,core,21,5,16,True,SN_CC
ZTF24abchpnc,events/ZTF24abchpnc.npz,SN Ic,SNI,core,11,4,7,True,SN_CC
ZTF25abyobbm,events/ZTF25abyobbm.npz,SN Ia,SNI,core,58,27,31,True,SN_Ia
ZTF21aalkjbl,events/ZTF21aalkjbl.npz,SN Ic,SNI,core,12,4,8,True,SN_CC
ZTF23aaqnjej,events/ZTF23aaqnjej.npz,SN Ia,SNI,core,29,13,16,True,SN_Ia
ZTF22aaqzqzk,events/ZTF22aaqzqzk.npz,SN Ia,SNI,core,13,6,7,True,SN_Ia
ZTF19acfqtej,events/ZTF19acfqtej.npz,SN Ia,SNI,core,25,10,15,True,SN_Ia
ZTF21aarejnt,events/ZTF21aarejnt.npz,SN Ia,SNI,core,17,7,10,True,SN_Ia
ZTF20abuojuw,events/ZTF20abuojuw.npz,SN Ia,SNI,core,47,21,26,True,SN_Ia
ZTF19aaljeup,events/ZTF19aaljeup.npz,SN Ia,SNI,core,10,6,4,True,SN_Ia
ZTF21abfflmp,events/ZTF21abfflmp.npz,SN Ia-91T,SNI,core,67,35,32,True,SN_Ia
ZTF22aboapcj,events/ZTF22aboapcj.npz,SN Ia-91T,SNI,core,21,11,10,True,SN_Ia
ZTF22aaoolrn,events/ZTF22aaoolrn.npz,SN Ia,SNI,core,23,10,13,True,SN_Ia
ZTF23aapxvut,events/ZTF23aapxvut.npz,SN Ia,SNI,core,25,12,13,True,SN_Ia
ZTF20abrnklh,events/ZTF20abrnklh.npz,SN Ia,SNI,core,36,17,19,True,SN_Ia
ZTF22ablvnwa,events/ZTF22ablvnwa.npz,SN IIb,SNII,core,36,4,32,True,SN_CC
ZTF25abimmqu,events/ZTF25abimmqu.npz,SN II,SNII,core,25,10,15,True,SN_CC
ZTF22abtsybt,events/ZTF22abtsybt.npz,SN II,SNII,core,21,7,14,True,SN_CC
ZTF25aabmhdd,events/ZTF25aabmhdd.npz,SN Ia,SNI,core,12,8,4,True,SN_Ia
ZTF22aalwnzj,events/ZTF22aalwnzj.npz,SN Ia,SNI,core,40,19,21,True,SN_Ia
ZTF19acygbye,events/ZTF19acygbye.npz,SN Ia,SNI,core,11,3,8,True,SN_Ia
ZTF21aanefkx,events/ZTF21aanefkx.npz,SLSN-II,SNII,peculiar,49,25,24,True,SLSN
ZTF19aarmznp,events/ZTF19aarmznp.npz,SN Ia,SNI,core,20,9,11,True,SN_Ia
ZTF24aaejwvu,events/ZTF24aaejwvu.npz,SN IIn,SNII,core,88,46,41,True,SN_CC
ZTF22aamgumi,events/ZTF22aamgumi.npz,SN II,SNII,core,60,31,29,True,SN_CC
ZTF19aaugoig,events/ZTF19aaugoig.npz,SN Ia,SNI,core,22,10,12,True,SN_Ia
ZTF20acyroke,events/ZTF20acyroke.npz,SN Ia,SNI,core,35,16,19,True,SN_Ia
ZTF25aadltat,events/ZTF25aadltat.npz,SN Ia,SNI,core,13,6,7,True,SN_Ia
ZTF21acjgafq,events/ZTF21acjgafq.npz,SN Ia,SNI,core,13,6,7,True,SN_Ia
ZTF19abkdrir,events/ZTF19abkdrir.npz,SN Ia,SNI,core,29,15,14,True,SN_Ia
ZTF22aajhlaj,events/ZTF22aajhlaj.npz,SN II,SNII,core,87,42,45,True,SN_CC
ZTF21aagkvqa,events/ZTF21aagkvqa.npz,SN Ia,SNI,core,12,4,8,True,SN_Ia
ZTF25abjlnnh,events/ZTF25abjlnnh.npz,SN IIP,SNII,core,21,11,10,True,SN_CC
ZTF19abqgxpt,events/ZTF19abqgxpt.npz,SN Ia,SNI,core,20,8,12,True,SN_Ia
ZTF21abfnfdw,events/ZTF21abfnfdw.npz,SN Ia,SNI,core,91,46,45,True,SN_Ia
ZTF21acdwhtf,events/ZTF21acdwhtf.npz,SN Ia,SNI,core,19,9,10,True,SN_Ia
ZTF21abpyauz,events/ZTF21abpyauz.npz,SN II,SNII,core,53,26,27,True,SN_CC
ZTF24abdebfm,events/ZTF24abdebfm.npz,SN Ia,SNI,core,56,24,30,True,SN_Ia
ZTF18aaovbiy,events/ZTF18aaovbiy.npz,SN Ia,SNI,core,9,3,6,True,SN_Ia
ZTF22aavcvgd,events/ZTF22aavcvgd.npz,SN II,SNII,core,50,22,28,True,SN_CC
ZTF20acyqzeu,events/ZTF20acyqzeu.npz,SN II,SNII,core,58,28,30,True,SN_CC
ZTF23aachsdv,events/ZTF23aachsdv.npz,SN Ic,SNI,core,19,5,14,True,SN_CC
ZTF25abggutl,events/ZTF25abggutl.npz,SN Ia,SNI,core,16,8,8,True,SN_Ia
ZTF23aadcbfw,events/ZTF23aadcbfw.npz,SN Ia,SNI,core,23,8,15,True,SN_Ia
ZTF23aagaiju,events/ZTF23aagaiju.npz,SN Ia,SNI,core,31,16,15,True,SN_Ia
ZTF23ablnqxh,events/ZTF23ablnqxh.npz,SN Ia,SNI,core,21,10,11,True,SN_Ia
ZTF22abarhid,events/ZTF22abarhid.npz,SN Ia,SNI,core,26,12,14,True,SN_Ia
ZTF25aanikpq,events/ZTF25aanikpq.npz,SLSN-I,NOVEL,novel,13,8,5,True,SLSN
ZTF21abnudtb,events/ZTF21abnudtb.npz,SN II,SNII,core,68,35,33,True,SN_CC
ZTF24abxwbfy,events/ZTF24abxwbfy.npz,SN Ia,SNI,core,18,13,5,True,SN_Ia
ZTF21aaczpca,events/ZTF21aaczpca.npz,SN Ia,SNI,core,33,14,19,True,SN_Ia
ZTF24aaahwrm,events/ZTF24aaahwrm.npz,SN Ia,SNI,core,12,4,8,True,SN_Ia
ZTF19abcejlc,events/ZTF19abcejlc.npz,SN Ia,SNI,core,9,5,4,True,SN_Ia
ZTF24aabvczs,events/ZTF24aabvczs.npz,SN Ia,SNI,core,9,6,3,True,SN_Ia
ZTF22abfxwkm,events/ZTF22abfxwkm.npz,SN Ia,SNI,core,25,13,12,True,SN_Ia
ZTF25aboyxot,events/ZTF25aboyxot.npz,SN II,SNII,core,61,27,34,True,SN_CC
ZTF21abbzjeq,events/ZTF21abbzjeq.npz,SN Ia,SNI,core,71,33,38,True,SN_Ia
ZTF22aajjqti,events/ZTF22aajjqti.npz,CV,CV,core,56,26,30,True,CV
ZTF21abqtckk,events/ZTF21abqtckk.npz,TDE,TDE,core,41,23,18,True,TDE
ZTF22abmcnmz,events/ZTF22abmcnmz.npz,SN Ia,SNI,core,53,17,36,True,SN_Ia
ZTF19acxpuql,events/ZTF19acxpuql.npz,SN Ib,SNI,core,50,26,24,True,SN_CC
ZTF19abxnycf,events/ZTF19abxnycf.npz,SN II,SNII,core,33,13,20,True,SN_CC
ZTF22aadpuwe,events/ZTF22aadpuwe.npz,SN IIP,SNII,core,24,12,12,True,SN_CC
ZTF23aawmbkn,events/ZTF23aawmbkn.npz,SN Ia,SNI,core,19,9,10,True,SN_Ia
ZTF18aajarpg,events/ZTF18aajarpg.npz,AGN,AGN,core,12,7,5,True,AGN
ZTF24abrkybg,events/ZTF24abrkybg.npz,SN Ia,SNI,core,50,20,30,True,SN_Ia
ZTF23aaclqtq,events/ZTF23aaclqtq.npz,SN II,SNII,core,26,12,14,True,SN_CC
ZTF18acepwhb,events/ZTF18acepwhb.npz,SN Ia,SNI,core,15,4,11,True,SN_Ia
ZTF21aaswvyc,events/ZTF21aaswvyc.npz,SN Ia,SNI,core,41,17,24,True,SN_Ia
ZTF21abubpng,events/ZTF21abubpng.npz,SN II,SNII,core,31,13,18,True,SN_CC
ZTF21abpxuss,events/ZTF21abpxuss.npz,SN Ia,SNI,core,15,3,12,True,SN_Ia
ZTF19actfxcd,events/ZTF19actfxcd.npz,SN IIP,SNII,core,20,10,10,True,SN_CC
ZTF21abrofrx,events/ZTF21abrofrx.npz,SN Ia,SNI,core,22,15,7,True,SN_Ia
ZTF24abeivan,events/ZTF24abeivan.npz,SN IIn,SNII,core,47,20,24,True,SN_CC
ZTF19aazudta,events/ZTF19aazudta.npz,SN II,SNII,core,21,11,10,True,SN_CC
ZTF22aaxbape,events/ZTF22aaxbape.npz,SN II,SNII,core,50,23,27,True,SN_CC
ZTF24abkiwns,events/ZTF24abkiwns.npz,SN IIn,SNII,core,33,5,28,True,SN_CC
ZTF25aanxtou,events/ZTF25aanxtou.npz,SLSN-I,NOVEL,novel,40,15,25,True,SLSN
ZTF23absqqnj,events/ZTF23absqqnj.npz,SN Ia,SNI,core,8,5,3,True,SN_Ia
ZTF21abmjgwf,events/ZTF21abmjgwf.npz,SN Ic-BL,SNI,core,51,23,28,True,SN_CC
ZTF23abntqpx,events/ZTF23abntqpx.npz,SN Ia,SNI,core,21,10,11,True,SN_Ia
ZTF21aacvupj,events/ZTF21aacvupj.npz,SN Ia,SNI,core,21,6,15,True,SN_Ia
ZTF21aahargb,events/ZTF21aahargb.npz,SN Ia,SNI,core,22,10,12,True,SN_Ia
ZTF19adbpulv,events/ZTF19adbpulv.npz,SN Ia,SNI,core,28,13,15,True,SN_Ia
ZTF24aazkzkl,events/ZTF24aazkzkl.npz,SN Ia,SNI,core,36,17,19,True,SN_Ia
ZTF19adbmewx,events/ZTF19adbmewx.npz,SN Ia,SNI,core,36,13,23,True,SN_Ia
ZTF18acxgoki,events/ZTF18acxgoki.npz,SN Ic-BL,SNI,core,10,5,5,True,SN_CC
ZTF20aapcjjo,events/ZTF20aapcjjo.npz,CV,CV,core,17,9,8,True,CV
ZTF19abucwzt,events/ZTF19abucwzt.npz,SN Ib,SNI,core,28,15,13,True,SN_CC
ZTF22aacrwal,events/ZTF22aacrwal.npz,SN Ia-91T,SNI,core,29,9,20,True,SN_Ia
ZTF24aazpqhq,events/ZTF24aazpqhq.npz,SN II,SNII,core,9,7,2,True,SN_CC
ZTF21acdxhuv,events/ZTF21acdxhuv.npz,SN Ib,SNI,core,35,16,19,True,SN_CC
ZTF24aaudlat,events/ZTF24aaudlat.npz,SN Ia,SNI,core,52,24,27,True,SN_Ia
ZTF21aanrhag,events/ZTF21aanrhag.npz,SN IIb,SNII,core,32,9,23,True,SN_CC
ZTF25abvrbqg,events/ZTF25abvrbqg.npz,SN Ia,SNI,core,36,19,17,True,SN_Ia
ZTF25aaadqsi,events/ZTF25aaadqsi.npz,SN II,SNII,core,77,36,41,True,SN_CC
ZTF20aasivxr,events/ZTF20aasivxr.npz,SN Ia,SNI,core,41,19,22,True,SN_Ia
ZTF21aaradzm,events/ZTF21aaradzm.npz,SN IIn,SNII,core,71,37,34,True,SN_CC
ZTF20acpbboa,events/ZTF20acpbboa.npz,SN II,SNII,core,106,52,54,True,SN_CC
ZTF21abulsgn,events/ZTF21abulsgn.npz,SN Ia,SNI,core,62,5,57,True,SN_Ia
ZTF19abucvgu,events/ZTF19abucvgu.npz,SN Ia,SNI,core,15,8,7,True,SN_Ia
ZTF23abgspys,events/ZTF23abgspys.npz,SN Ia,SNI,core,31,14,17,True,SN_Ia
ZTF21aayquba,events/ZTF21aayquba.npz,SN Ia,SNI,core,43,18,25,True,SN_Ia
ZTF24aadmaqm,events/ZTF24aadmaqm.npz,SN Ia,SNI,core,10,7,3,True,SN_Ia
ZTF21acjosnd,events/ZTF21acjosnd.npz,SN Ia,SNI,core,13,6,7,True,SN_Ia
ZTF22aajhyin,events/ZTF22aajhyin.npz,SN II,SNII,core,39,17,22,True,SN_CC
ZTF23absdgcj,events/ZTF23absdgcj.npz,SN Ia,SNI,core,22,13,9,True,SN_Ia
ZTF19aalxsfe,events/ZTF19aalxsfe.npz,AGN,AGN,core,8,4,4,True,AGN
ZTF24abxvulk,events/ZTF24abxvulk.npz,SN Ia,SNI,core,64,27,37,True,SN_Ia
ZTF22aakdbia,events/ZTF22aakdbia.npz,SN II,SNII,core,46,26,20,True,SN_CC
ZTF19aaweqnm,events/ZTF19aaweqnm.npz,AGN,AGN,core,24,16,8,True,AGN
ZTF24aahhtgq,events/ZTF24aahhtgq.npz,SN II,SNII,core,26,11,14,True,SN_CC
ZTF20acgpigm,events/ZTF20acgpigm.npz,SN Ia,SNI,core,16,8,8,True,SN_Ia
ZTF22aawxlpc,events/ZTF22aawxlpc.npz,SN Ibn,SNI,peculiar,35,18,17,True,SN_CC
ZTF21achaudk,events/ZTF21achaudk.npz,SN Ia,SNI,core,27,14,13,True,SN_Ia
ZTF21abifrsi,events/ZTF21abifrsi.npz,SN Ia,SNI,core,18,8,10,True,SN_Ia
ZTF24abmpzmg,events/ZTF24abmpzmg.npz,SN Ia,SNI,core,33,13,20,True,SN_Ia
ZTF20aclnsts,events/ZTF20aclnsts.npz,SN Ia,SNI,core,31,14,17,True,SN_Ia
ZTF21aassamj,events/ZTF21aassamj.npz,SN Ia,SNI,core,54,24,30,True,SN_Ia
ZTF21aagyvtq,events/ZTF21aagyvtq.npz,SN Ia,SNI,core,20,8,12,True,SN_Ia
ZTF20aclkvjy,events/ZTF20aclkvjy.npz,SN IIn,SNII,core,31,14,17,True,SN_CC
ZTF21abfxfqu,events/ZTF21abfxfqu.npz,SN Ia,SNI,core,31,8,23,True,SN_Ia
ZTF23aafarxf,events/ZTF23aafarxf.npz,SN II,SNII,core,53,25,28,True,SN_CC
ZTF20accbsxa,events/ZTF20accbsxa.npz,SN Ic,SNI,core,26,13,13,True,SN_CC
ZTF24abzwsfk,events/ZTF24abzwsfk.npz,SN Ia,SNI,core,17,9,8,True,SN_Ia
ZTF24abgzvlk,events/ZTF24abgzvlk.npz,SN Ia,SNI,core,49,31,18,True,SN_Ia
ZTF19aadyijk,events/ZTF19aadyijk.npz,SN Ia,SNI,core,19,7,12,True,SN_Ia
ZTF20aczgvcg,events/ZTF20aczgvcg.npz,SN Ia,SNI,core,18,8,10,True,SN_Ia
ZTF25aaazuaw,events/ZTF25aaazuaw.npz,SN Ia,SNI,core,19,7,12,True,SN_Ia
ZTF21acgrrnl,events/ZTF21acgrrnl.npz,SN II,SNII,core,44,20,24,True,SN_CC
ZTF18aamvfeb,events/ZTF18aamvfeb.npz,SN Ia,SNI,core,41,23,18,True,SN_Ia
ZTF21aakvhtz,events/ZTF21aakvhtz.npz,SN Ia,SNI,core,17,8,9,True,SN_Ia
ZTF20acynllu,events/ZTF20acynllu.npz,SN Ia,SNI,core,17,9,8,True,SN_Ia
ZTF19abdoior,events/ZTF19abdoior.npz,SN Ic,SNI,core,14,7,7,True,SN_CC
ZTF20abxmwwd,events/ZTF20abxmwwd.npz,SN IIP,SNII,core,194,96,98,True,SN_CC
ZTF20aamcvyp,events/ZTF20aamcvyp.npz,SN Ia,SNI,core,8,6,2,True,SN_Ia
ZTF21aaxxoei,events/ZTF21aaxxoei.npz,SN II,SNII,core,124,55,69,True,SN_CC
ZTF21aazqkeq,events/ZTF21aazqkeq.npz,SN II,SNII,core,48,22,26,True,SN_CC
ZTF24ablkziv,events/ZTF24ablkziv.npz,SN Ia,SNI,core,29,12,17,True,SN_Ia
ZTF25abtsusb,events/ZTF25abtsusb.npz,SN Ia,SNI,core,41,18,23,True,SN_Ia
ZTF18abuqkdh,events/ZTF18abuqkdh.npz,AGN,AGN,core,11,5,6,True,AGN
ZTF19acynije,events/ZTF19acynije.npz,SN Ia,SNI,core,42,21,21,True,SN_Ia
ZTF22abmxsoc,events/ZTF22abmxsoc.npz,SN Ic,SNI,core,35,14,21,True,SN_CC
ZTF21aaedpyk,events/ZTF21aaedpyk.npz,CV,CV,core,11,6,5,True,CV
ZTF19abqmurd,events/ZTF19abqmurd.npz,SN II,SNII,core,8,5,3,True,SN_CC
ZTF18ablfqxm,events/ZTF18ablfqxm.npz,CV,CV,core,25,13,12,True,CV
ZTF18accpjkb,events/ZTF18accpjkb.npz,SN Ia,SNI,core,9,4,5,True,SN_Ia
ZTF19aadnxgj,events/ZTF19aadnxgj.npz,SN Ia,SNI,core,13,8,5,True,SN_Ia
ZTF20aaetvkh,events/ZTF20aaetvkh.npz,SN Ia,SNI,core,25,10,15,True,SN_Ia
ZTF25abdzkae,events/ZTF25abdzkae.npz,SN Ia,SNI,core,72,34,38,True,SN_Ia
ZTF23aansgpp,events/ZTF23aansgpp.npz,SN Ia,SNI,core,11,8,3,True,SN_Ia
ZTF24aaxqhje,events/ZTF24aaxqhje.npz,SN Ia,SNI,core,36,17,19,True,SN_Ia
ZTF22abfuoce,events/ZTF22abfuoce.npz,SN Ia,SNI,core,18,13,5,True,SN_Ia
ZTF25aatxnwx,events/ZTF25aatxnwx.npz,SN Ia,SNI,core,17,2,15,True,SN_Ia
ZTF25aaozpsn,events/ZTF25aaozpsn.npz,SN Ia,SNI,core,23,11,12,True,SN_Ia
ZTF21abultbr,events/ZTF21abultbr.npz,SN II,SNII,core,47,16,31,True,SN_CC
ZTF22aaabmmc,events/ZTF22aaabmmc.npz,SN II,SNII,core,59,23,36,True,SN_CC
ZTF24acabxwm,events/ZTF24acabxwm.npz,SN Ia,SNI,core,55,21,34,True,SN_Ia
ZTF21acekmmm,events/ZTF21acekmmm.npz,SN Ic-BL,SNI,core,25,14,11,True,SN_CC
ZTF21aavbrwr,events/ZTF21aavbrwr.npz,SN Ia,SNI,core,32,13,19,True,SN_Ia
ZTF23aadbzfq,events/ZTF23aadbzfq.npz,SN II,SNII,core,39,20,19,True,SN_CC
ZTF20abchhuw,events/ZTF20abchhuw.npz,SN Ia,SNI,core,205,94,111,True,SN_Ia
ZTF25aaptvbh,events/ZTF25aaptvbh.npz,SN II,SNII,core,37,17,20,True,SN_CC
ZTF23aadgdnv,events/ZTF23aadgdnv.npz,SN II,SNII,core,34,18,16,True,SN_CC
ZTF25ackwrun,events/ZTF25ackwrun.npz,SN Ia,SNI,core,20,10,10,True,SN_Ia
ZTF24aaredhj,events/ZTF24aaredhj.npz,SN Ia,SNI,core,51,20,31,True,SN_Ia
ZTF19acyjviz,events/ZTF19acyjviz.npz,SN IIn,SNII,core,72,32,40,True,SN_CC
ZTF22abquwiv,events/ZTF22abquwiv.npz,SN Ia,SNI,core,31,14,17,True,SN_Ia
ZTF21aagxmcs,events/ZTF21aagxmcs.npz,SN Ia,SNI,core,24,12,12,True,SN_Ia
ZTF22aazprmk,events/ZTF22aazprmk.npz,SN Ia,SNI,core,14,5,9,True,SN_Ia
ZTF19abqmpsr,events/ZTF19abqmpsr.npz,SN Ia,SNI,core,37,17,20,True,SN_Ia
ZTF24abrfsap,events/ZTF24abrfsap.npz,SN Ia,SNI,core,19,17,2,True,SN_Ia
ZTF20aaeoqqd,events/ZTF20aaeoqqd.npz,SN II,SNII,core,21,10,11,True,SN_CC
ZTF24aaxxegw,events/ZTF24aaxxegw.npz,SN II,SNII,core,44,17,26,True,SN_CC
ZTF20acexvcz,events/ZTF20acexvcz.npz,SN Ia,SNI,core,15,11,4,True,SN_Ia
ZTF19abvjdfc,events/ZTF19abvjdfc.npz,SN Ia,SNI,core,12,4,8,True,SN_Ia
ZTF18adbyxua,events/ZTF18adbyxua.npz,SN Ia,SNI,core,23,14,9,True,SN_Ia
ZTF18adaslwa,events/ZTF18adaslwa.npz,SN Ia,SNI,core,32,11,21,True,SN_Ia
ZTF18abrebsb,events/ZTF18abrebsb.npz,SN Ia,SNI,core,28,11,17,True,SN_Ia
ZTF18acbxsgy,events/ZTF18acbxsgy.npz,SN Ia,SNI,core,12,7,5,True,SN_Ia
ZTF20aasapko,events/ZTF20aasapko.npz,SN Ia,SNI,core,19,10,9,True,SN_Ia
ZTF25abpwasj,events/ZTF25abpwasj.npz,SN Ia,SNI,core,20,6,14,True,SN_Ia
ZTF24abkpuna,events/ZTF24abkpuna.npz,SN IIn,SNII,core,24,20,4,True,SN_CC
ZTF19aaezale,events/ZTF19aaezale.npz,SN IIn,SNII,core,44,19,25,True,SN_CC
ZTF19acifuyf,events/ZTF19acifuyf.npz,SN Ia,SNI,core,21,7,14,True,SN_Ia
ZTF20acvjagm,events/ZTF20acvjagm.npz,SN II,SNII,core,121,61,60,True,SN_CC
ZTF18acwutbr,events/ZTF18acwutbr.npz,SN Ia,SNI,core,29,11,18,True,SN_Ia
ZTF18abquyqj,events/ZTF18abquyqj.npz,SN Ia,SNI,core,21,8,13,True,SN_Ia
ZTF19aapbfot,events/ZTF19aapbfot.npz,SN II,SNII,core,38,16,22,True,SN_CC
ZTF25abbjgbd,events/ZTF25abbjgbd.npz,SN Ia,SNI,core,36,19,17,True,SN_Ia
ZTF25abzovlx,events/ZTF25abzovlx.npz,SN Ia,SNI,core,27,13,14,True,SN_Ia
ZTF25abgwfju,events/ZTF25abgwfju.npz,SN Ia,SNI,core,29,13,16,True,SN_Ia
ZTF24aakghyl,events/ZTF24aakghyl.npz,SN II,SNII,core,66,34,31,True,SN_CC
ZTF19aasmkhn,events/ZTF19aasmkhn.npz,SN Ia,SNI,core,15,6,9,True,SN_Ia
ZTF22abtpsco,events/ZTF22abtpsco.npz,SN Ia,SNI,core,8,4,4,True,SN_Ia
ZTF18aawjywv,events/ZTF18aawjywv.npz,SN Ia,SNI,core,17,8,9,True,SN_Ia
ZTF20achvmjr,events/ZTF20achvmjr.npz,SN Ia,SNI,core,17,10,7,True,SN_Ia
ZTF24aaltyyy,events/ZTF24aaltyyy.npz,SN Ia,SNI,core,19,9,10,True,SN_Ia
ZTF20acuspji,events/ZTF20acuspji.npz,SN Ia,SNI,core,10,5,5,True,SN_Ia
ZTF21aaxzbrn,events/ZTF21aaxzbrn.npz,SN Ia,SNI,core,38,15,23,True,SN_Ia
ZTF21abjbfpg,events/ZTF21abjbfpg.npz,SN II,SNII,core,32,14,18,True,SN_CC
ZTF23abshmtt,events/ZTF23abshmtt.npz,SN Ia-pec,SNI,core,24,15,9,True,SN_Ia
ZTF20acudkao,events/ZTF20acudkao.npz,SN Ia,SNI,core,20,7,13,True,SN_Ia
ZTF20aabqwtz,events/ZTF20aabqwtz.npz,SN II,SNII,core,65,32,33,True,SN_CC
ZTF20aaophpu,events/ZTF20aaophpu.npz,SN II,SNII,core,19,10,9,True,SN_CC
ZTF25abjpgmo,events/ZTF25abjpgmo.npz,SN Ia,SNI,core,24,10,14,True,SN_Ia
ZTF18aaybtnt,events/ZTF18aaybtnt.npz,CV,CV,core,13,5,8,True,CV
ZTF19acyldun,events/ZTF19acyldun.npz,SN IIn,SNII,core,27,12,15,True,SN_CC
ZTF24abprtdf,events/ZTF24abprtdf.npz,SN Ia,SNI,core,24,15,9,True,SN_Ia
ZTF25abnqqtq,events/ZTF25abnqqtq.npz,SN Ia,SNI,core,27,10,17,True,SN_Ia
ZTF25aabovpf,events/ZTF25aabovpf.npz,SN Ia,SNI,core,22,11,11,True,SN_Ia
ZTF21abrpoaq,events/ZTF21abrpoaq.npz,SN Ia,SNI,core,27,11,16,True,SN_Ia
ZTF22aaqrflg,events/ZTF22aaqrflg.npz,SN Ia,SNI,core,21,16,5,True,SN_Ia
ZTF18aawigkf,events/ZTF18aawigkf.npz,SN IIb,SNII,core,24,11,13,True,SN_CC
ZTF20aawoojh,events/ZTF20aawoojh.npz,SN Ia,SNI,core,50,23,27,True,SN_Ia
ZTF21aarnjyd,events/ZTF21aarnjyd.npz,SN Ib,SNI,core,147,71,76,True,SN_CC
ZTF24abcyfru,events/ZTF24abcyfru.npz,SN II,SNII,core,48,16,30,True,SN_CC
ZTF20abisysx,events/ZTF20abisysx.npz,TDE,TDE,core,21,11,10,True,TDE
ZTF21abgcgem,events/ZTF21abgcgem.npz,SN Ia,SNI,core,26,14,12,True,SN_Ia
ZTF20abywspv,events/ZTF20abywspv.npz,SN Ia,SNI,core,36,14,22,True,SN_Ia
ZTF20aclftuo,events/ZTF20aclftuo.npz,SN II,SNII,core,31,16,15,True,SN_CC
ZTF24aalbzkr,events/ZTF24aalbzkr.npz,SN Ia,SNI,core,35,17,17,True,SN_Ia
ZTF19aavhypb,events/ZTF19aavhypb.npz,SN Ia,SNI,core,55,25,30,True,SN_Ia
ZTF21abpivbd,events/ZTF21abpivbd.npz,SN Ia,SNI,core,25,13,12,True,SN_Ia
ZTF20abybeex,events/ZTF20abybeex.npz,SN II,SNII,core,31,16,15,True,SN_CC
ZTF22abhfwmr,events/ZTF22abhfwmr.npz,SN Ia,SNI,core,99,45,54,True,SN_Ia
ZTF19aczlldp,events/ZTF19aczlldp.npz,SN II,SNII,core,31,14,17,True,SN_CC
ZTF25abkopax,events/ZTF25abkopax.npz,SN Ia,SNI,core,18,9,9,True,SN_Ia
ZTF22aajpzwm,events/ZTF22aajpzwm.npz,SN Ia,SNI,core,65,24,41,True,SN_Ia
ZTF24abzadka,events/ZTF24abzadka.npz,SN Ia,SNI,core,11,6,5,True,SN_Ia
ZTF22aasjwqv,events/ZTF22aasjwqv.npz,SN IIb,SNII,core,32,16,16,True,SN_CC
ZTF22abhvfmz,events/ZTF22abhvfmz.npz,SN Ia,SNI,core,10,4,6,True,SN_Ia
ZTF22aaorjov,events/ZTF22aaorjov.npz,SN Ia,SNI,core,22,7,14,True,SN_Ia
ZTF20aapnqbw,events/ZTF20aapnqbw.npz,SN Ib,SNI,core,13,8,5,True,SN_CC
ZTF22aabimec,events/ZTF22aabimec.npz,TDE-H-He,TDE,peculiar,31,15,16,True,TDE
ZTF23abhafym,events/ZTF23abhafym.npz,SN Ia,SNI,core,31,11,20,True,SN_Ia
ZTF24abtmueg,events/ZTF24abtmueg.npz,SLSN-I,NOVEL,novel,42,20,22,True,SLSN
ZTF23aaraamx,events/ZTF23aaraamx.npz,SN II,SNII,core,30,13,17,True,SN_CC
ZTF24aavapoe,events/ZTF24aavapoe.npz,SN Ia,SNI,core,35,16,19,True,SN_Ia
ZTF23aavshmk,events/ZTF23aavshmk.npz,SN Ia,SNI,core,14,5,9,True,SN_Ia
ZTF19acryaon,events/ZTF19acryaon.npz,SN Ia,SNI,core,9,4,5,True,SN_Ia
ZTF21abujefa,events/ZTF21abujefa.npz,SN Ia-91T,SNI,core,35,17,18,True,SN_Ia
ZTF20accrldu,events/ZTF20accrldu.npz,SN II,SNII,core,66,31,35,True,SN_CC
ZTF20aatzhhl,events/ZTF20aatzhhl.npz,SN IIb,SNII,core,39,23,16,True,SN_CC
ZTF19abnimpq,events/ZTF19abnimpq.npz,SN Ia,SNI,core,42,18,24,True,SN_Ia
ZTF23abfmkep,events/ZTF23abfmkep.npz,SN Ia,SNI,core,11,5,6,True,SN_Ia
ZTF23abkixfb,events/ZTF23abkixfb.npz,SN II,SNII,core,29,15,14,True,SN_CC
ZTF21abcympb,events/ZTF21abcympb.npz,SN Ia,SNI,core,44,25,19,True,SN_Ia
ZTF21abkiefj,events/ZTF21abkiefj.npz,SN Ia-91T,SNI,core,27,12,15,True,SN_Ia
ZTF19accjfgv,events/ZTF19accjfgv.npz,SN IIb,SNII,core,10,5,5,True,SN_CC
ZTF20aaeipdz,events/ZTF20aaeipdz.npz,SN Ia,SNI,core,21,4,17,True,SN_Ia
ZTF23abnfram,events/ZTF23abnfram.npz,SN Ia,SNI,core,15,8,7,True,SN_Ia
ZTF23abjbkau,events/ZTF23abjbkau.npz,SN Ia,SNI,core,12,6,6,True,SN_Ia
ZTF24abysvxz,events/ZTF24abysvxz.npz,SN Ia,SNI,core,13,7,6,True,SN_Ia
ZTF22ablcybb,events/ZTF22ablcybb.npz,SN Ia,SNI,core,20,11,9,True,SN_Ia
ZTF19aaujiwc,events/ZTF19aaujiwc.npz,SN Ia,SNI,core,26,10,16,True,SN_Ia
ZTF18aaemivw,events/ZTF18aaemivw.npz,SN Ia,SNI,core,11,4,7,True,SN_Ia
ZTF20aakndsn,events/ZTF20aakndsn.npz,SN Ia,SNI,core,8,5,3,True,SN_Ia
ZTF21aagmoqw,events/ZTF21aagmoqw.npz,SN Ia,SNI,core,30,13,17,True,SN_Ia
ZTF20aaxndzx,events/ZTF20aaxndzx.npz,SN Ia,SNI,core,115,56,59,True,SN_Ia
ZTF19acxmiyh,events/ZTF19acxmiyh.npz,SN Ia,SNI,core,25,6,19,True,SN_Ia
ZTF19aavounq,events/ZTF19aavounq.npz,SN Ia,SNI,core,28,12,16,True,SN_Ia
ZTF25acfbplr,events/ZTF25acfbplr.npz,SLSN-I,NOVEL,novel,30,14,16,True,SLSN
ZTF22aahwmww,events/ZTF22aahwmww.npz,SN II,SNII,core,28,13,15,True,SN_CC
ZTF21acioxcf,events/ZTF21acioxcf.npz,SN II,SNII,core,18,8,10,True,SN_CC
ZTF21aahdpvi,events/ZTF21aahdpvi.npz,SN Ia,SNI,core,42,18,24,True,SN_Ia
ZTF20acmfacr,events/ZTF20acmfacr.npz,SN Ia,SNI,core,30,14,16,True,SN_Ia
ZTF23abtooan,events/ZTF23abtooan.npz,SN Ia,SNI,core,12,7,5,True,SN_Ia
ZTF21aaafrnh,events/ZTF21aaafrnh.npz,SN Ia-91T,SNI,core,24,10,14,True,SN_Ia
ZTF21aapegtd,events/ZTF21aapegtd.npz,SN II,SNII,core,42,17,25,True,SN_CC
ZTF20abrmmah,events/ZTF20abrmmah.npz,SN Ic-BL,SNI,core,10,5,5,True,SN_CC
ZTF21aaqyuun,events/ZTF21aaqyuun.npz,SN II,SNII,core,114,54,60,True,SN_CC
ZTF23aafratn,events/ZTF23aafratn.npz,SN Ia,SNI,core,21,11,10,True,SN_Ia
ZTF21aaglrzc,events/ZTF21aaglrzc.npz,SN II,SNII,core,42,20,22,True,SN_CC
ZTF22abblogu,events/ZTF22abblogu.npz,SN Ia,SNI,core,82,36,46,True,SN_Ia
ZTF20abmcwll,events/ZTF20abmcwll.npz,SN Ia,SNI,core,8,3,5,True,SN_Ia
ZTF22abstbym,events/ZTF22abstbym.npz,SN Ia,SNI,core,42,2,40,True,SN_Ia
ZTF24absznoi,events/ZTF24absznoi.npz,SN Ic,SNI,core,16,13,3,True,SN_CC
ZTF21aasyzkt,events/ZTF21aasyzkt.npz,SN Ia,SNI,core,54,23,31,True,SN_Ia
ZTF20abasqfx,events/ZTF20abasqfx.npz,SN Ia,SNI,core,26,13,13,True,SN_Ia
ZTF22aazgaus,events/ZTF22aazgaus.npz,SN Ia,SNI,core,30,15,15,True,SN_Ia
ZTF25aajrlbu,events/ZTF25aajrlbu.npz,SN Ia-91T,SNI,core,30,13,17,True,SN_Ia
ZTF21acbnfos,events/ZTF21acbnfos.npz,SN Ic-BL,SNI,core,19,7,12,True,SN_CC
ZTF22aanppbi,events/ZTF22aanppbi.npz,SN Ia,SNI,core,46,24,20,True,SN_Ia
ZTF22aakkfre,events/ZTF22aakkfre.npz,SN Ia,SNI,core,8,3,5,True,SN_Ia
ZTF22aaaifcx,events/ZTF22aaaifcx.npz,SN II,SNII,core,31,9,22,True,SN_CC
ZTF19aaykugs,events/ZTF19aaykugs.npz,SN Ia,SNI,core,16,7,9,True,SN_Ia
ZTF20abjtavx,events/ZTF20abjtavx.npz,SN Ib,SNI,core,71,35,36,True,SN_CC
ZTF21aazeugz,events/ZTF21aazeugz.npz,SN Ia,SNI,core,80,33,47,True,SN_Ia
ZTF22aatemqx,events/ZTF22aatemqx.npz,SN Ia,SNI,core,31,12,19,True,SN_Ia
ZTF20acopmey,events/ZTF20acopmey.npz,SN Ia-91T,SNI,core,22,10,12,True,SN_Ia
ZTF22abnxoji,events/ZTF22abnxoji.npz,SN Ia,SNI,core,21,11,10,True,SN_Ia
ZTF25acefezu,events/ZTF25acefezu.npz,SN II,SNII,core,26,7,19,True,SN_CC
ZTF20abjyoty,events/ZTF20abjyoty.npz,SN II,SNII,core,53,22,31,True,SN_CC
ZTF23abtxmmt,events/ZTF23abtxmmt.npz,SN Ia,SNI,core,24,13,11,True,SN_Ia
ZTF20aazhtvi,events/ZTF20aazhtvi.npz,SN Ia,SNI,core,88,34,54,True,SN_Ia
ZTF21aaiaeri,events/ZTF21aaiaeri.npz,SN II,SNII,core,36,18,18,True,SN_CC
ZTF20abqmmhn,events/ZTF20abqmmhn.npz,SN Ia,SNI,core,12,6,6,True,SN_Ia
ZTF19aaokist,events/ZTF19aaokist.npz,SN Ia,SNI,core,40,17,23,True,SN_Ia
ZTF23aadwlhl,events/ZTF23aadwlhl.npz,SN Ia,SNI,core,25,10,15,True,SN_Ia
ZTF24abutwuz,events/ZTF24abutwuz.npz,SN Ia,SNI,core,18,6,12,True,SN_Ia
ZTF25aciguje,events/ZTF25aciguje.npz,SN Ia,SNI,core,23,10,13,True,SN_Ia
ZTF18abfgygp,events/ZTF18abfgygp.npz,SN Ia,SNI,core,53,24,29,True,SN_Ia
ZTF24aakprsy,events/ZTF24aakprsy.npz,SN Ia,SNI,core,19,7,12,True,SN_Ia
ZTF19acclzaw,events/ZTF19acclzaw.npz,SN Ia,SNI,core,11,5,6,True,SN_Ia
ZTF19aalsnbp,events/ZTF19aalsnbp.npz,SN II,SNII,core,38,15,23,True,SN_CC
ZTF25acafswd,events/ZTF25acafswd.npz,SN Ia,SNI,core,27,13,14,True,SN_Ia
ZTF25abweiaq,events/ZTF25abweiaq.npz,SN Ia,SNI,core,33,14,19,True,SN_Ia
ZTF18aaaqexr,events/ZTF18aaaqexr.npz,SN Ia,SNI,core,11,9,2,True,SN_Ia
ZTF20aazewcq,events/ZTF20aazewcq.npz,SN Ia,SNI,core,28,13,15,True,SN_Ia
ZTF17aaajnki,events/ZTF17aaajnki.npz,AGN,AGN,core,15,8,7,True,AGN
ZTF18acbwtnh,events/ZTF18acbwtnh.npz,SN Ia,SNI,core,11,7,4,True,SN_Ia
ZTF19abgbdcp,events/ZTF19abgbdcp.npz,SN II,SNII,core,9,6,3,True,SN_CC
ZTF23aahxsrk,events/ZTF23aahxsrk.npz,SN Ia,SNI,core,22,10,12,True,SN_Ia
ZTF24aahsukk,events/ZTF24aahsukk.npz,SN II,SNII,core,62,33,29,True,SN_CC
ZTF25aaqfhvh,events/ZTF25aaqfhvh.npz,SN Ia,SNI,core,34,14,20,True,SN_Ia
ZTF25acdgvvd,events/ZTF25acdgvvd.npz,SN Ia,SNI,core,24,9,15,True,SN_Ia
ZTF19aanmdsr,events/ZTF19aanmdsr.npz,SN Ia,SNI,core,20,9,11,True,SN_Ia
ZTF21aavoqpl,events/ZTF21aavoqpl.npz,SN II,SNII,core,70,35,35,True,SN_CC
ZTF25aairfin,events/ZTF25aairfin.npz,SN II,SNII,core,13,6,7,True,SN_CC
ZTF18acvilwk,events/ZTF18acvilwk.npz,SN II,SNII,core,29,15,14,True,SN_CC
ZTF22aaonqcc,events/ZTF22aaonqcc.npz,SN Ia,SNI,core,33,15,18,True,SN_Ia
ZTF20acmddof,events/ZTF20acmddof.npz,SN Ia,SNI,core,29,6,23,True,SN_Ia
ZTF23abndxzj,events/ZTF23abndxzj.npz,SN Ia,SNI,core,41,17,24,True,SN_Ia
ZTF22abgbfsb,events/ZTF22abgbfsb.npz,SN Ia,SNI,core,46,23,23,True,SN_Ia
ZTF20acjbzrh,events/ZTF20acjbzrh.npz,SN Ib,SNI,core,17,3,14,True,SN_CC
ZTF22abtsttg,events/ZTF22abtsttg.npz,SN II,SNII,core,19,9,10,True,SN_CC
ZTF23aabrftw,events/ZTF23aabrftw.npz,SN Ia,SNI,core,27,7,20,True,SN_Ia
ZTF20aalrptc,events/ZTF20aalrptc.npz,SN Ia,SNI,core,21,11,10,True,SN_Ia
ZTF21aayddkn,events/ZTF21aayddkn.npz,SN Ib,SNI,core,26,13,13,True,SN_CC
ZTF21aavozbk,events/ZTF21aavozbk.npz,SN Ia,SNI,core,39,18,21,True,SN_Ia
ZTF19abtnbtt,events/ZTF19abtnbtt.npz,SN Ia,SNI,core,15,7,8,True,SN_Ia
ZTF21abisowq,events/ZTF21abisowq.npz,SN Ia,SNI,core,23,14,9,True,SN_Ia
ZTF22abgbffy,events/ZTF22abgbffy.npz,SN Ia,SNI,core,57,38,19,True,SN_Ia
ZTF18abomklq,events/ZTF18abomklq.npz,SN Ia-91T,SNI,core,18,11,7,True,SN_Ia
ZTF19aarykkb,events/ZTF19aarykkb.npz,SN II,SNII,core,21,6,15,True,SN_CC
ZTF20acwytht,events/ZTF20acwytht.npz,SN IIP,SNII,core,48,9,39,True,SN_CC
ZTF20abzgfhl,events/ZTF20abzgfhl.npz,SN Ia,SNI,core,15,7,8,True,SN_Ia
ZTF18aawrmvo,events/ZTF18aawrmvo.npz,CV,CV,core,8,4,4,True,CV
ZTF20aaukudw,events/ZTF20aaukudw.npz,SN Ia,SNI,core,10,5,5,True,SN_Ia
ZTF22abiymsf,events/ZTF22abiymsf.npz,SN Ia,SNI,core,21,11,10,True,SN_Ia
ZTF20abawntz,events/ZTF20abawntz.npz,SN Ia,SNI,core,12,6,6,True,SN_Ia
ZTF19aarprog,events/ZTF19aarprog.npz,SN Ia-91T,SNI,core,27,12,15,True,SN_Ia
ZTF18acqvqpi,events/ZTF18acqvqpi.npz,AGN,AGN,core,21,6,15,True,AGN
ZTF25aatxsfd,events/ZTF25aatxsfd.npz,SN Ia,SNI,core,16,5,11,True,SN_Ia
ZTF20acwomqh,events/ZTF20acwomqh.npz,SN Ia,SNI,core,24,11,13,True,SN_Ia
ZTF20acgynyw,events/ZTF20acgynyw.npz,SN Ia,SNI,core,19,9,10,True,SN_Ia
ZTF22aarrawv,events/ZTF22aarrawv.npz,SN IIn,SNII,core,65,32,33,True,SN_CC
ZTF20acjlkpe,events/ZTF20acjlkpe.npz,SN Ia,SNI,core,32,16,16,True,SN_Ia
ZTF23aaggwfh,events/ZTF23aaggwfh.npz,SN II,SNII,core,20,9,11,True,SN_CC
ZTF20acqfssi,events/ZTF20acqfssi.npz,SN Ia-91T,SNI,core,28,17,11,True,SN_Ia
ZTF19abqmsnk,events/ZTF19abqmsnk.npz,SN IIb,SNII,core,14,7,7,True,SN_CC
ZTF24aapikyr,events/ZTF24aapikyr.npz,SN Ia,SNI,core,10,5,5,True,SN_Ia
ZTF22aaahfyi,events/ZTF22aaahfyi.npz,SN Ia,SNI,core,9,4,5,True,SN_Ia
ZTF22aaaivxh,events/ZTF22aaaivxh.npz,SN Ia,SNI,core,10,5,5,True,SN_Ia
ZTF21aantsla,events/ZTF21aantsla.npz,SN II,SNII,core,138,71,67,True,SN_CC
ZTF20adadrhw,events/ZTF20adadrhw.npz,SN Ic,SNI,core,57,28,29,True,SN_CC
ZTF20aarucek,events/ZTF20aarucek.npz,SN Ia,SNI,core,28,10,18,True,SN_Ia
ZTF22abtkkgo,events/ZTF22abtkkgo.npz,SN Ia,SNI,core,18,5,13,True,SN_Ia
ZTF23aayocyn,events/ZTF23aayocyn.npz,SN Ia,SNI,core,19,2,17,True,SN_Ia
ZTF20aboyujf,events/ZTF20aboyujf.npz,SN Ia,SNI,core,11,4,7,True,SN_Ia
ZTF18abskbng,events/ZTF18abskbng.npz,CV,CV,core,8,4,4,True,CV
ZTF19aaeoqst,events/ZTF19aaeoqst.npz,SN Ia-CSM,SNI,peculiar,31,16,15,True,SN_CC
ZTF20acqnhci,events/ZTF20acqnhci.npz,AGN,AGN,core,50,22,28,True,AGN
ZTF23absizez,events/ZTF23absizez.npz,SN Ia-91T,SNI,core,36,18,18,True,SN_Ia
ZTF20aammtwx,events/ZTF20aammtwx.npz,SN Ic,SNI,core,24,10,14,True,SN_CC
ZTF18accnlji,events/ZTF18accnlji.npz,SN Ia,SNI,core,26,14,12,True,SN_Ia
ZTF21abdahai,events/ZTF21abdahai.npz,SN II,SNII,core,42,18,24,True,SN_CC
ZTF21aaylweu,events/ZTF21aaylweu.npz,SN Ia,SNI,core,15,6,9,True,SN_Ia
ZTF24abysvaz,events/ZTF24abysvaz.npz,SN Ia,SNI,core,16,13,3,True,SN_Ia
ZTF20aamdsjv,events/ZTF20aamdsjv.npz,SN Ia,SNI,core,32,17,15,True,SN_Ia
ZTF18aavnvmp,events/ZTF18aavnvmp.npz,SN Ia,SNI,core,20,8,12,True,SN_Ia
ZTF22abbkxor,events/ZTF22abbkxor.npz,SN Ia,SNI,core,40,19,21,True,SN_Ia
ZTF21aceepnp,events/ZTF21aceepnp.npz,SN Ia,SNI,core,25,10,15,True,SN_Ia
ZTF19abbthwy,events/ZTF19abbthwy.npz,SN IIb,SNII,core,9,3,6,True,SN_CC
ZTF24aaqxwvt,events/ZTF24aaqxwvt.npz,SN Ia,SNI,core,12,7,5,True,SN_Ia
ZTF19aaileug,events/ZTF19aaileug.npz,SN Ia,SNI,core,29,14,15,True,SN_Ia
ZTF19aavmgtv,events/ZTF19aavmgtv.npz,SN Ia,SNI,core,20,7,13,True,SN_Ia
ZTF24abdtszn,events/ZTF24abdtszn.npz,SN II,SNII,core,64,27,34,True,SN_CC
ZTF21abprzfg,events/ZTF21abprzfg.npz,SN Ia,SNI,core,66,31,35,True,SN_Ia
ZTF25abwnnkt,events/ZTF25abwnnkt.npz,SN Ia,SNI,core,21,13,8,True,SN_Ia
ZTF20abyppuk,events/ZTF20abyppuk.npz,SN Ia,SNI,core,49,22,27,True,SN_Ia
ZTF23aaxcriv,events/ZTF23aaxcriv.npz,SN II,SNII,core,57,10,47,True,SN_CC
ZTF24aancgyl,events/ZTF24aancgyl.npz,SN Ic-BL,SNI,core,36,12,24,True,SN_CC
ZTF24aamilxy,events/ZTF24aamilxy.npz,SN Ia,SNI,core,55,28,26,True,SN_Ia
ZTF20aazooyu,events/ZTF20aazooyu.npz,SN Ia,SNI,core,58,28,30,True,SN_Ia
ZTF19aabimbg,events/ZTF19aabimbg.npz,CV,CV,core,37,17,20,True,CV
ZTF23aaazegi,events/ZTF23aaazegi.npz,SN Ia-CSM,SNI,peculiar,26,13,13,True,SN_CC
ZTF19aanfyey,events/ZTF19aanfyey.npz,SN Ia,SNI,core,22,9,13,True,SN_Ia
ZTF24abihuzi,events/ZTF24abihuzi.npz,SN Ia,SNI,core,19,5,11,True,SN_Ia
ZTF24abgeiva,events/ZTF24abgeiva.npz,SN II,SNII,core,25,9,15,True,SN_CC
ZTF21aaaoviv,events/ZTF21aaaoviv.npz,SN Ia,SNI,core,42,18,24,True,SN_Ia
ZTF22aahygkd,events/ZTF22aahygkd.npz,SN Ia,SNI,core,28,10,18,True,SN_Ia
ZTF21aaabucr,events/ZTF21aaabucr.npz,SN Ia,SNI,core,31,14,17,True,SN_Ia
ZTF19acbqzvu,events/ZTF19acbqzvu.npz,SN Ia,SNI,core,61,28,33,True,SN_Ia
ZTF21ablducj,events/ZTF21ablducj.npz,SN Ia,SNI,core,35,12,23,True,SN_Ia
ZTF25aaekcfy,events/ZTF25aaekcfy.npz,SN Ia,SNI,core,24,10,14,True,SN_Ia
ZTF21aaluqkp,events/ZTF21aaluqkp.npz,SN II,SNII,core,60,32,28,True,SN_CC
ZTF20acitoie,events/ZTF20acitoie.npz,SN II,SNII,core,65,32,33,True,SN_CC
ZTF25abgpuno,events/ZTF25abgpuno.npz,SN Ia,SNI,core,27,12,15,True,SN_Ia
ZTF25aapqpbo,events/ZTF25aapqpbo.npz,SN Ia,SNI,core,9,5,4,True,SN_Ia
ZTF18aahjbii,events/ZTF18aahjbii.npz,AGN,AGN,core,29,14,15,True,AGN
ZTF22aahftli,events/ZTF22aahftli.npz,SN Ibn,SNI,peculiar,20,9,11,True,SN_CC
ZTF20abxezim,events/ZTF20abxezim.npz,SN Ia,SNI,core,41,18,23,True,SN_Ia
ZTF18aaumeys,events/ZTF18aaumeys.npz,SN Ia-91T,SNI,core,40,17,23,True,SN_Ia
ZTF22abegjtx,events/ZTF22abegjtx.npz,TDE,TDE,core,46,24,22,True,TDE
ZTF21abizpri,events/ZTF21abizpri.npz,SN Ia,SNI,core,21,8,13,True,SN_Ia
ZTF18acctdhp,events/ZTF18acctdhp.npz,SN Ia,SNI,core,8,5,3,True,SN_Ia
ZTF22aahwcya,events/ZTF22aahwcya.npz,SN Ia,SNI,core,16,7,9,True,SN_Ia
ZTF24aajzrsq,events/ZTF24aajzrsq.npz,SN II,SNII,core,36,23,12,True,SN_CC
ZTF21ababatx,events/ZTF21ababatx.npz,AGN,AGN,core,42,3,39,True,AGN
ZTF19aaipqls,events/ZTF19aaipqls.npz,AGN,AGN,core,13,4,9,True,AGN
ZTF20aavtdxj,events/ZTF20aavtdxj.npz,SN Ia,SNI,core,27,13,14,True,SN_Ia
ZTF23aatxeki,events/ZTF23aatxeki.npz,SN Ia,SNI,core,38,18,20,True,SN_Ia
ZTF22aaafdrn,events/ZTF22aaafdrn.npz,SN Ia,SNI,core,26,15,11,True,SN_Ia
ZTF21aarcldd,events/ZTF21aarcldd.npz,SN Ia,SNI,core,35,17,18,True,SN_Ia
ZTF19acekbyz,events/ZTF19acekbyz.npz,SN Ia,SNI,core,15,7,8,True,SN_Ia
ZTF24abzsmux,events/ZTF24abzsmux.npz,SN Ia-91T,SNI,core,22,9,13,True,SN_Ia
ZTF23abbmnsq,events/ZTF23abbmnsq.npz,SN Ia,SNI,core,15,9,6,True,SN_Ia
ZTF22abtcyos,events/ZTF22abtcyos.npz,SN Ia,SNI,core,11,5,6,True,SN_Ia
ZTF19abujuex,events/ZTF19abujuex.npz,SN Ia,SNI,core,19,8,11,True,SN_Ia
ZTF21acctrsp,events/ZTF21acctrsp.npz,SN Ia,SNI,core,19,10,9,True,SN_Ia
ZTF19abnagzk,events/ZTF19abnagzk.npz,SN Ia,SNI,core,65,10,55,True,SN_Ia
ZTF22aaecsvn,events/ZTF22aaecsvn.npz,SN Ia,SNI,core,9,6,3,True,SN_Ia
ZTF22abkybyq,events/ZTF22abkybyq.npz,SN Ia,SNI,core,31,13,18,True,SN_Ia
ZTF19acbmojx,events/ZTF19acbmojx.npz,SN Ib,SNI,core,17,6,11,True,SN_CC
ZTF18acsvogv,events/ZTF18acsvogv.npz,CV,CV,core,12,7,5,True,CV
ZTF20abfcsnk,events/ZTF20abfcsnk.npz,SN Ia,SNI,core,48,15,33,True,SN_Ia
ZTF21achujxq,events/ZTF21achujxq.npz,SN Ibn,SNI,peculiar,28,8,20,True,SN_CC
ZTF22aaqclvg,events/ZTF22aaqclvg.npz,SN Ia,SNI,core,18,11,7,True,SN_Ia
ZTF23aakmewi,events/ZTF23aakmewi.npz,SN Ic-BL,SNI,core,70,35,35,True,SN_CC
ZTF18aaqiivp,events/ZTF18aaqiivp.npz,AGN,AGN,core,23,19,4,True,AGN
ZTF24abfxing,events/ZTF24abfxing.npz,SN Ia,SNI,core,27,11,16,True,SN_Ia
ZTF25aaittoe,events/ZTF25aaittoe.npz,SN Ia,SNI,core,14,7,7,True,SN_Ia
ZTF18aaqpowv,events/ZTF18aaqpowv.npz,SN II,SNII,core,18,10,8,True,SN_CC
ZTF19acgjohb,events/ZTF19acgjohb.npz,SN Ia,SNI,core,14,6,8,True,SN_Ia
ZTF19abydagb,events/ZTF19abydagb.npz,CV,CV,core,10,3,7,True,CV
ZTF23aawwcuu,events/ZTF23aawwcuu.npz,SN Ia,SNI,core,66,30,36,True,SN_Ia
ZTF25aaqgddb,events/ZTF25aaqgddb.npz,SN Ia-91T,SNI,core,16,7,9,True,SN_Ia
ZTF23aangpoz,events/ZTF23aangpoz.npz,SN Ia,SNI,core,80,14,66,True,SN_Ia
ZTF20abnrdse,events/ZTF20abnrdse.npz,SN Ia,SNI,core,28,11,17,True,SN_Ia
ZTF18acnbpkq,events/ZTF18acnbpkq.npz,SN Ia,SNI,core,11,4,7,True,SN_Ia
ZTF25aahtica,events/ZTF25aahtica.npz,SN Ia,SNI,core,17,7,10,True,SN_Ia
ZTF24aabpeat,events/ZTF24aabpeat.npz,SN Ia,SNI,core,8,6,2,True,SN_Ia
ZTF23aajadng,events/ZTF23aajadng.npz,SN Ia,SNI,core,21,8,13,True,SN_Ia
ZTF25abufvlf,events/ZTF25abufvlf.npz,SN Ia,SNI,core,39,15,24,True,SN_Ia
ZTF25abuovxv,events/ZTF25abuovxv.npz,TDE-featureless,TDE,peculiar,52,27,25,True,TDE
ZTF21acbuwgu,events/ZTF21acbuwgu.npz,SN Ia,SNI,core,13,7,6,True,SN_Ia
ZTF20abusrwm,events/ZTF20abusrwm.npz,SN Ic,SNI,core,37,11,26,True,SN_CC
ZTF18abauprj,events/ZTF18abauprj.npz,SN Ia-91T,SNI,core,56,27,29,True,SN_Ia
ZTF24abjsdsv,events/ZTF24abjsdsv.npz,SN Ia,SNI,core,24,11,13,True,SN_Ia
ZTF23abkgdei,events/ZTF23abkgdei.npz,SN Ia-pec,SNI,core,21,8,13,True,SN_Ia
ZTF21abqvzjy,events/ZTF21abqvzjy.npz,SN II,SNII,core,46,20,26,True,SN_CC
ZTF23aadwhmn,events/ZTF23aadwhmn.npz,SN Ia,SNI,core,15,9,6,True,SN_Ia
ZTF20aauombk,events/ZTF20aauombk.npz,SN Ia,SNI,core,41,18,23,True,SN_Ia
ZTF22aaaltnx,events/ZTF22aaaltnx.npz,SN Ia,SNI,core,15,6,9,True,SN_Ia
ZTF19abqsojs,events/ZTF19abqsojs.npz,SN Ia-91T,SNI,core,16,9,7,True,SN_Ia
ZTF22aaahull,events/ZTF22aaahull.npz,SN Ia,SNI,core,11,5,6,True,SN_Ia
ZTF19abccbee,events/ZTF19abccbee.npz,CV,CV,core,10,5,5,True,CV
ZTF22abzgbtq,events/ZTF22abzgbtq.npz,SN IIn,SNII,core,23,8,15,True,SN_CC
ZTF21acfccil,events/ZTF21acfccil.npz,SN Ia-91T,SNI,core,14,5,9,True,SN_Ia
ZTF20aafwbcs,events/ZTF20aafwbcs.npz,SN Ia,SNI,core,16,10,6,True,SN_Ia
ZTF19abdgpuv,events/ZTF19abdgpuv.npz,SN Ia,SNI,core,15,6,9,True,SN_Ia
ZTF21aasaxdk,events/ZTF21aasaxdk.npz,SN Ia,SNI,core,70,34,36,True,SN_Ia
ZTF20aaoldej,events/ZTF20aaoldej.npz,SN II,SNII,core,49,21,28,True,SN_CC
ZTF21abqmrtm,events/ZTF21abqmrtm.npz,SN II,SNII,core,40,21,19,True,SN_CC
ZTF20abndxzn,events/ZTF20abndxzn.npz,CV,CV,core,9,5,4,True,CV
ZTF19abtsnyy,events/ZTF19abtsnyy.npz,SN Ic,SNI,core,50,20,30,True,SN_CC
ZTF24aaunxxm,events/ZTF24aaunxxm.npz,SN II,SNII,core,59,27,32,True,SN_CC
ZTF25aavgfqk,events/ZTF25aavgfqk.npz,SN Ib,SNI,core,8,2,6,True,SN_CC
ZTF20acpmxdg,events/ZTF20acpmxdg.npz,SN Ia,SNI,core,26,12,14,True,SN_Ia
ZTF23aahxdhe,events/ZTF23aahxdhe.npz,SN Ia,SNI,core,26,12,14,True,SN_Ia
ZTF20aaieyup,events/ZTF20aaieyup.npz,SN II,SNII,core,14,6,8,True,SN_CC
ZTF18abuatfp,events/ZTF18abuatfp.npz,SN Ia-CSM,SNI,peculiar,18,4,14,True,SN_CC
ZTF22abgyfnv,events/ZTF22abgyfnv.npz,SN II,SNII,core,19,7,12,True,SN_CC
ZTF20acfaonm,events/ZTF20acfaonm.npz,SN Ia,SNI,core,33,14,19,True,SN_Ia
ZTF19acjutrw,events/ZTF19acjutrw.npz,SN IIn,SNII,core,8,5,3,True,SN_CC
ZTF22abnqomh,events/ZTF22abnqomh.npz,SN Ia,SNI,core,34,15,19,True,SN_Ia
ZTF20aaerzvi,events/ZTF20aaerzvi.npz,SN Ia,SNI,core,8,5,3,True,SN_Ia
ZTF18aapgrxo,events/ZTF18aapgrxo.npz,SLSN-I,NOVEL,novel,39,22,17,True,SLSN
ZTF22abfviaz,events/ZTF22abfviaz.npz,SN Ia,SNI,core,22,11,11,True,SN_Ia
ZTF24abowptn,events/ZTF24abowptn.npz,SN II,SNII,core,33,16,17,True,SN_CC
ZTF22abvaggn,events/ZTF22abvaggn.npz,SN Ia,SNI,core,14,6,8,True,SN_Ia
ZTF24aajvvhj,events/ZTF24aajvvhj.npz,TDE,TDE,core,24,15,9,True,TDE
ZTF22abvnonf,events/ZTF22abvnonf.npz,SN Ia,SNI,core,16,8,8,True,SN_Ia
ZTF21abwgpgt,events/ZTF21abwgpgt.npz,SN Ia,SNI,core,53,28,25,True,SN_Ia
ZTF18abcrzfz,events/ZTF18abcrzfz.npz,SN Ia,SNI,core,13,7,6,True,SN_Ia
ZTF23absbjtt,events/ZTF23absbjtt.npz,SN Ia,SNI,core,21,14,7,True,SN_Ia
ZTF22abzdzek,events/ZTF22abzdzek.npz,SN II,SNII,core,14,6,8,True,SN_CC
ZTF25aaitagy,events/ZTF25aaitagy.npz,SN Ia,SNI,core,27,21,6,True,SN_Ia
ZTF24abwsvpv,events/ZTF24abwsvpv.npz,SN Ia,SNI,core,19,14,5,True,SN_Ia
ZTF22aaafkpf,events/ZTF22aaafkpf.npz,SN Ia,SNI,core,11,4,7,True,SN_Ia
ZTF21aardybv,events/ZTF21aardybv.npz,SN Ia,SNI,core,21,11,10,True,SN_Ia
ZTF20acjpvyd,events/ZTF20acjpvyd.npz,SN IIb,SNII,core,62,32,30,True,SN_CC
ZTF20aadvaoi,events/ZTF20aadvaoi.npz,SN Ia,SNI,core,73,35,38,True,SN_Ia
ZTF25abmhchv,events/ZTF25abmhchv.npz,SN IIn,SNII,core,18,10,8,True,SN_CC
ZTF25abxdhkl,events/ZTF25abxdhkl.npz,SN Ia,SNI,core,35,14,21,True,SN_Ia
ZTF20aalrksw,events/ZTF20aalrksw.npz,SN Ia,SNI,core,24,13,11,True,SN_Ia
ZTF19acjqecl,events/ZTF19acjqecl.npz,SN Ia,SNI,core,11,5,6,True,SN_Ia
ZTF22aanumko,events/ZTF22aanumko.npz,SN Ia,SNI,core,43,22,20,True,SN_Ia
ZTF18abiiqdl,events/ZTF18abiiqdl.npz,SN II,SNII,core,15,8,7,True,SN_CC
ZTF24aajydvw,events/ZTF24aajydvw.npz,SN Ia,SNI,core,11,9,2,True,SN_Ia
ZTF19aajwdqt,events/ZTF19aajwdqt.npz,SN Ia,SNI,core,17,7,10,True,SN_Ia
ZTF21abxdibe,events/ZTF21abxdibe.npz,SN Ia,SNI,core,12,7,5,True,SN_Ia
ZTF21abwprfg,events/ZTF21abwprfg.npz,SN Ia,SNI,core,33,15,18,True,SN_Ia
ZTF22abvciba,events/ZTF22abvciba.npz,SN Ia,SNI,core,18,9,9,True,SN_Ia
ZTF19aaqhelq,events/ZTF19aaqhelq.npz,SN Ia,SNI,core,16,7,9,True,SN_Ia
ZTF19aaxeetj,events/ZTF19aaxeetj.npz,SN Ia,SNI,core,10,4,6,True,SN_Ia
ZTF25aavcgfk,events/ZTF25aavcgfk.npz,SN II,SNII,core,34,12,22,True,SN_CC
ZTF22abmzete,events/ZTF22abmzete.npz,SN Ia,SNI,core,21,2,19,True,SN_Ia
ZTF19aaprdox,events/ZTF19aaprdox.npz,AGN,AGN,core,26,12,14,True,AGN
ZTF20aavnpug,events/ZTF20aavnpug.npz,CV,CV,core,28,14,14,True,CV
ZTF19aceuacu,events/ZTF19aceuacu.npz,SN Ia,SNI,core,48,23,25,True,SN_Ia
ZTF18aaeauzu,events/ZTF18aaeauzu.npz,AGN,AGN,core,22,4,18,True,AGN
ZTF22aadpffd,events/ZTF22aadpffd.npz,SN Ia,SNI,core,12,7,5,True,SN_Ia
ZTF18aaybvhx,events/ZTF18aaybvhx.npz,AGN,AGN,core,19,5,14,True,AGN
ZTF24aagtmbq,events/ZTF24aagtmbq.npz,SN Ic,SNI,core,25,8,16,True,SN_CC
ZTF19aatlmbo,events/ZTF19aatlmbo.npz,SN Ia,SNI,core,48,20,28,True,SN_Ia
ZTF22aaacswh,events/ZTF22aaacswh.npz,SN Ia,SNI,core,13,6,7,True,SN_Ia
ZTF19abajrpw,events/ZTF19abajrpw.npz,SN Ia,SNI,core,17,6,11,True,SN_Ia
ZTF24abxypih,events/ZTF24abxypih.npz,SN Ia,SNI,core,29,10,19,True,SN_Ia
ZTF21aaazieb,events/ZTF21aaazieb.npz,SN Ia,SNI,core,28,14,14,True,SN_Ia
ZTF24abltbed,events/ZTF24abltbed.npz,SN Ia,SNI,core,81,39,42,True,SN_Ia
ZTF24abyiwhq,events/ZTF24abyiwhq.npz,SN Ia,SNI,core,26,14,12,True,SN_Ia
ZTF19abzpkss,events/ZTF19abzpkss.npz,CV,CV,core,19,10,9,True,CV
ZTF20aaertpj,events/ZTF20aaertpj.npz,SN Ib,SNI,core,21,10,11,True,SN_CC
ZTF22abahzeh,events/ZTF22abahzeh.npz,SN Ia,SNI,core,28,13,15,True,SN_Ia
ZTF22aaboeex,events/ZTF22aaboeex.npz,SN Ia,SNI,core,32,12,20,True,SN_Ia
ZTF21acaspdb,events/ZTF21acaspdb.npz,SN Ia,SNI,core,17,9,8,True,SN_Ia
ZTF24abgoksi,events/ZTF24abgoksi.npz,SN II,SNII,core,88,26,62,True,SN_CC
ZTF23abihzbq,events/ZTF23abihzbq.npz,SN Ia,SNI,core,25,11,14,True,SN_Ia
ZTF22abzaijw,events/ZTF22abzaijw.npz,SN Ia,SNI,core,11,5,6,True,SN_Ia
ZTF23aabsice,events/ZTF23aabsice.npz,SN Ia,SNI,core,15,7,8,True,SN_Ia
ZTF24aarygdq,events/ZTF24aarygdq.npz,SN II,SNII,core,90,48,42,True,SN_CC
ZTF20acgnelh,events/ZTF20acgnelh.npz,SN II,SNII,core,41,15,26,True,SN_CC
ZTF24abxvpre,events/ZTF24abxvpre.npz,SN Ia,SNI,core,41,19,22,True,SN_Ia
ZTF22aaacdfe,events/ZTF22aaacdfe.npz,SN Ia,SNI,core,10,4,6,True,SN_Ia
ZTF20actfeym,events/ZTF20actfeym.npz,SN Ia,SNI,core,33,12,21,True,SN_Ia
ZTF22aacmgor,events/ZTF22aacmgor.npz,SN Ia,SNI,core,10,5,5,True,SN_Ia
ZTF25aanepai,events/ZTF25aanepai.npz,SN Ia,SNI,core,14,9,5,True,SN_Ia
ZTF18aakfabl,events/ZTF18aakfabl.npz,SN II,SNII,core,16,6,10,True,SN_CC
ZTF23aamumyw,events/ZTF23aamumyw.npz,SN Ia,SNI,core,14,9,5,True,SN_Ia
ZTF22abbzucj,events/ZTF22abbzucj.npz,SN Ia,SNI,core,17,9,8,True,SN_Ia
ZTF20acvebcu,events/ZTF20acvebcu.npz,SN Ib,SNI,core,42,18,24,True,SN_CC
ZTF20aazswwk,events/ZTF20aazswwk.npz,SN II,SNII,core,163,75,88,True,SN_CC
ZTF22abpulqo,events/ZTF22abpulqo.npz,SN Ia,SNI,core,24,11,13,True,SN_Ia
ZTF20abpyxja,events/ZTF20abpyxja.npz,SN Ia,SNI,core,98,38,60,True,SN_Ia
ZTF23abdspgp,events/ZTF23abdspgp.npz,SN Ia,SNI,core,17,6,11,True,SN_Ia
ZTF20aayubpi,events/ZTF20aayubpi.npz,SN Ia,SNI,core,27,7,20,True,SN_Ia
ZTF18acrxppd,events/ZTF18acrxppd.npz,SN Ia,SNI,core,19,11,8,True,SN_Ia
ZTF18acbzpag,events/ZTF18acbzpag.npz,SN Ia,SNI,core,14,7,7,True,SN_Ia
ZTF22aazuqah,events/ZTF22aazuqah.npz,CV,CV,core,40,17,23,True,CV
ZTF18acwwonp,events/ZTF18acwwonp.npz,SN Ia,SNI,core,30,15,15,True,SN_Ia
ZTF22aaqhirm,events/ZTF22aaqhirm.npz,SN Ia,SNI,core,39,23,16,True,SN_Ia
ZTF20aamqslk,events/ZTF20aamqslk.npz,SN Ia,SNI,core,41,20,21,True,SN_Ia
ZTF22ablnrcv,events/ZTF22ablnrcv.npz,SN II,SNII,core,34,11,23,True,SN_CC
ZTF21aayqdwk,events/ZTF21aayqdwk.npz,SN Ia,SNI,core,19,10,9,True,SN_Ia
ZTF18abqbuaj,events/ZTF18abqbuaj.npz,SN Ibn,SNI,peculiar,10,3,7,True,SN_CC
ZTF23aamanim,events/ZTF23aamanim.npz,SN IIn,SNII,core,36,16,20,True,SN_CC
ZTF25aagjcul,events/ZTF25aagjcul.npz,SN Ia,SNI,core,13,9,4,True,SN_Ia
ZTF20aabconi,events/ZTF20aabconi.npz,SN II,SNII,core,21,10,11,True,SN_CC
ZTF19aalxcyo,events/ZTF19aalxcyo.npz,SN Ia,SNI,core,11,3,8,True,SN_Ia
ZTF20aavdcxo,events/ZTF20aavdcxo.npz,SN II,SNII,core,75,30,45,True,SN_CC
ZTF25abweqoj,events/ZTF25abweqoj.npz,SN Ic-BL,SNI,core,11,3,8,True,SN_CC
ZTF18acrtwlx,events/ZTF18acrtwlx.npz,SN II,SNII,core,15,4,11,True,SN_CC
ZTF20acgmvsn,events/ZTF20acgmvsn.npz,SN Ia,SNI,core,25,10,15,True,SN_Ia
ZTF24aauypjo,events/ZTF24aauypjo.npz,SN Ia,SNI,core,28,15,13,True,SN_Ia
ZTF20abzaknn,events/ZTF20abzaknn.npz,SN Ia,SNI,core,29,8,21,True,SN_Ia
ZTF20aazpyhy,events/ZTF20aazpyhy.npz,SN Ic,SNI,core,67,29,38,True,SN_CC
ZTF25aagtjfn,events/ZTF25aagtjfn.npz,SN IIn,SNII,core,84,44,40,True,SN_CC
ZTF23abgfwhj,events/ZTF23abgfwhj.npz,SN Ia,SNI,core,23,10,13,True,SN_Ia
ZTF25abhkhny,events/ZTF25abhkhny.npz,SN Ia,SNI,core,35,13,22,True,SN_Ia
ZTF19abzmpku,events/ZTF19abzmpku.npz,SN Ia,SNI,core,10,6,4,True,SN_Ia
ZTF22aalfezf,events/ZTF22aalfezf.npz,SN Ia,SNI,core,56,24,32,True,SN_Ia
ZTF20ablagfg,events/ZTF20ablagfg.npz,SN Ia,SNI,core,10,6,4,True,SN_Ia
ZTF24aaheeel,events/ZTF24aaheeel.npz,SN Ia-91T,SNI,core,135,65,66,True,SN_Ia
ZTF23aaabcgx,events/ZTF23aaabcgx.npz,SN Ia,SNI,core,13,5,8,True,SN_Ia
ZTF19acnskyy,events/ZTF19acnskyy.npz,AGN,AGN,core,25,16,9,True,AGN
ZTF19aaomkvl,events/ZTF19aaomkvl.npz,SN Ia,SNI,core,30,10,20,True,SN_Ia
ZTF24abhupjy,events/ZTF24abhupjy.npz,SN II,SNII,core,100,45,55,True,SN_CC
ZTF19aalzrrz,events/ZTF19aalzrrz.npz,SN Ia,SNI,core,26,11,15,True,SN_Ia
ZTF19aanhlzn,events/ZTF19aanhlzn.npz,SN Ia,SNI,core,30,13,17,True,SN_Ia
ZTF22abyngnw,events/ZTF22abyngnw.npz,SN Ia,SNI,core,15,6,9,True,SN_Ia
ZTF24abitshb,events/ZTF24abitshb.npz,SN Ia,SNI,core,67,30,36,True,SN_Ia
ZTF19abrirmk,events/ZTF19abrirmk.npz,SN Ib,SNI,core,16,8,8,True,SN_CC
ZTF25acfxgpq,events/ZTF25acfxgpq.npz,SN Ia,SNI,core,25,14,11,True,SN_Ia
ZTF20aatzfin,events/ZTF20aatzfin.npz,SN Ia,SNI,core,16,5,11,True,SN_Ia
ZTF21abegynu,events/ZTF21abegynu.npz,SN Ia-91T,SNI,core,31,14,17,True,SN_Ia
ZTF22aaxgujq,events/ZTF22aaxgujq.npz,SN II,SNII,core,65,34,31,True,SN_CC
ZTF22acbacvy,events/ZTF22acbacvy.npz,SN II,SNII,core,30,15,15,True,SN_CC
ZTF18abnbxsy,events/ZTF18abnbxsy.npz,CV,CV,core,13,5,8,True,CV
ZTF23aaahtnj,events/ZTF23aaahtnj.npz,SN Ib,SNI,core,33,10,23,True,SN_CC
ZTF23aacyeaq,events/ZTF23aacyeaq.npz,SN Ia,SNI,core,10,5,5,True,SN_Ia
ZTF19aavnwzv,events/ZTF19aavnwzv.npz,SN Ia,SNI,core,12,3,9,True,SN_Ia
ZTF25acfxafr,events/ZTF25acfxafr.npz,SN Ia,SNI,core,39,17,22,True,SN_Ia
ZTF21aaodljj,events/ZTF21aaodljj.npz,SN Ia,SNI,core,45,17,28,True,SN_Ia
ZTF23aahxdsi,events/ZTF23aahxdsi.npz,SN Ia,SNI,core,29,12,17,True,SN_Ia
ZTF24abubygj,events/ZTF24abubygj.npz,SN Ia,SNI,core,52,27,25,True,SN_Ia
ZTF19abzyxgz,events/ZTF19abzyxgz.npz,CV,CV,core,17,8,9,True,CV
ZTF22aaagxnb,events/ZTF22aaagxnb.npz,SN Ia,SNI,core,22,10,12,True,SN_Ia
ZTF20abylbuf,events/ZTF20abylbuf.npz,SN Ia,SNI,core,74,32,42,True,SN_Ia
ZTF21abimejj,events/ZTF21abimejj.npz,SN Ia,SNI,core,70,33,37,True,SN_Ia
ZTF23abscvhv,events/ZTF23abscvhv.npz,SN II,SNII,core,17,8,9,True,SN_CC
ZTF24abyipps,events/ZTF24abyipps.npz,SN Ia,SNI,core,21,12,9,True,SN_Ia
ZTF23abkixdb,events/ZTF23abkixdb.npz,TDE,TDE,core,23,13,10,True,TDE
ZTF20aazvump,events/ZTF20aazvump.npz,CV,CV,core,10,4,6,True,CV
ZTF23aabqqsl,events/ZTF23aabqqsl.npz,SN Ia,SNI,core,16,6,10,True,SN_Ia
ZTF21abqvyyz,events/ZTF21abqvyyz.npz,SN Ia,SNI,core,22,10,12,True,SN_Ia
ZTF21abbjybk,events/ZTF21abbjybk.npz,SN Ia,SNI,core,34,13,21,True,SN_Ia
ZTF20actoakx,events/ZTF20actoakx.npz,SN Ia,SNI,core,76,31,45,True,SN_Ia
ZTF19aalcyfd,events/ZTF19aalcyfd.npz,SN Ia,SNI,core,28,14,14,True,SN_Ia
ZTF19aavhxby,events/ZTF19aavhxby.npz,SN Ia,SNI,core,61,34,27,True,SN_Ia
ZTF23aabbsdi,events/ZTF23aabbsdi.npz,SN Ia,SNI,core,12,6,6,True,SN_Ia
ZTF25aafdnuf,events/ZTF25aafdnuf.npz,SN Ic,SNI,core,28,8,20,True,SN_CC
ZTF24aagfeti,events/ZTF24aagfeti.npz,SLSN-I,NOVEL,novel,45,21,23,True,SLSN
ZTF19aazdcmj,events/ZTF19aazdcmj.npz,SN Ia,SNI,core,16,7,9,True,SN_Ia
ZTF24abtazxs,events/ZTF24abtazxs.npz,SN Ia,SNI,core,26,13,13,True,SN_Ia
ZTF19abhzdjp,events/ZTF19abhzdjp.npz,SN Ia,SNI,core,30,10,20,True,SN_Ia
ZTF19acgemzm,events/ZTF19acgemzm.npz,SN Ia,SNI,core,18,8,10,True,SN_Ia
ZTF22aalwghb,events/ZTF22aalwghb.npz,SN Ia,SNI,core,29,16,13,True,SN_Ia
ZTF23abndrow,events/ZTF23abndrow.npz,SN Ia,SNI,core,13,8,5,True,SN_Ia
ZTF23abqqixn,events/ZTF23abqqixn.npz,SN Ia,SNI,core,20,12,8,True,SN_Ia
ZTF20acojxtb,events/ZTF20acojxtb.npz,SN Ia,SNI,core,21,10,11,True,SN_Ia
ZTF19abpxmgt,events/ZTF19abpxmgt.npz,AGN,AGN,core,10,7,3,True,AGN
ZTF21aciqppd,events/ZTF21aciqppd.npz,SN Ia,SNI,core,17,8,9,True,SN_Ia
ZTF20aalcyih,events/ZTF20aalcyih.npz,SN Ib,SNI,core,25,9,16,True,SN_CC
ZTF23abvoynt,events/ZTF23abvoynt.npz,SN Ia,SNI,core,15,5,10,True,SN_Ia
ZTF24aaxadom,events/ZTF24aaxadom.npz,SN Ia,SNI,core,55,11,44,True,SN_Ia
ZTF21aaowaxx,events/ZTF21aaowaxx.npz,SN IIn,SNII,core,145,70,75,True,SN_CC
ZTF23aaizmza,events/ZTF23aaizmza.npz,SN Ia,SNI,core,22,9,13,True,SN_Ia
ZTF23aagmbuf,events/ZTF23aagmbuf.npz,SN Ia,SNI,core,56,19,37,True,SN_Ia
ZTF20abgijph,events/ZTF20abgijph.npz,SN Ia,SNI,core,117,43,74,True,SN_Ia
ZTF20abfyriw,events/ZTF20abfyriw.npz,SN Ia,SNI,core,35,18,17,True,SN_Ia
ZTF18aatmlsy,events/ZTF18aatmlsy.npz,SN Ia,SNI,core,39,15,24,True,SN_Ia
ZTF20aammnnm,events/ZTF20aammnnm.npz,SN Ia,SNI,core,46,26,20,True,SN_Ia
ZTF21achaubw,events/ZTF21achaubw.npz,SN Ia,SNI,core,15,8,7,True,SN_Ia
ZTF22aanyggd,events/ZTF22aanyggd.npz,SN II,SNII,core,33,16,17,True,SN_CC
ZTF21abjdqbo,events/ZTF21abjdqbo.npz,SN Ia,SNI,core,32,16,16,True,SN_Ia
ZTF22abobobs,events/ZTF22abobobs.npz,SN Ia,SNI,core,18,10,8,True,SN_Ia
ZTF21abqqbfz,events/ZTF21abqqbfz.npz,SN Ia,SNI,core,21,8,13,True,SN_Ia
ZTF22aazjiam,events/ZTF22aazjiam.npz,SN II,SNII,core,50,22,28,True,SN_CC
ZTF20aaggyef,events/ZTF20aaggyef.npz,AGN,AGN,core,16,6,10,True,AGN
ZTF22aajjasl,events/ZTF22aajjasl.npz,SN Ia,SNI,core,41,16,25,True,SN_Ia
ZTF18abhbqbh,events/ZTF18abhbqbh.npz,SN Ia,SNI,core,43,16,27,True,SN_Ia
ZTF20abazeye,events/ZTF20abazeye.npz,CV,CV,core,15,7,8,True,CV
ZTF19adbnfne,events/ZTF19adbnfne.npz,SN Ia,SNI,core,29,13,16,True,SN_Ia
ZTF19aakjesi,events/ZTF19aakjesi.npz,SN Ia,SNI,core,25,13,12,True,SN_Ia
ZTF23aaizgvi,events/ZTF23aaizgvi.npz,SN Ia,SNI,core,32,15,17,True,SN_Ia
ZTF20aaurwih,events/ZTF20aaurwih.npz,SN Ia,SNI,core,10,4,6,True,SN_Ia
ZTF19aaptwpu,events/ZTF19aaptwpu.npz,SN Ia,SNI,core,19,8,11,True,SN_Ia
ZTF25aapjruy,events/ZTF25aapjruy.npz,SN Ia,SNI,core,102,37,65,True,SN_Ia
ZTF21abzxkyv,events/ZTF21abzxkyv.npz,SN Ia,SNI,core,28,15,13,True,SN_Ia
ZTF23aaeavsh,events/ZTF23aaeavsh.npz,SN Ia,SNI,core,26,10,16,True,SN_Ia
ZTF25aazivum,events/ZTF25aazivum.npz,SN IIn,SNII,core,19,10,9,True,SN_CC
ZTF22aadfjze,events/ZTF22aadfjze.npz,SN Ia,SNI,core,20,9,11,True,SN_Ia
ZTF21aabgdda,events/ZTF21aabgdda.npz,SN Ia,SNI,core,21,11,10,True,SN_Ia
ZTF20aaifkyj,events/ZTF20aaifkyj.npz,SN Ia,SNI,core,15,8,7,True,SN_Ia
ZTF21abzlujs,events/ZTF21abzlujs.npz,SN Ia,SNI,core,79,7,72,True,SN_Ia
ZTF23aadbrdk,events/ZTF23aadbrdk.npz,SN Ia,SNI,core,23,11,12,True,SN_Ia
ZTF20adaghdo,events/ZTF20adaghdo.npz,SN Ia,SNI,core,9,4,5,True,SN_Ia
ZTF21abfqisi,events/ZTF21abfqisi.npz,SN Ia,SNI,core,39,19,20,True,SN_Ia
ZTF19acrwzqs,events/ZTF19acrwzqs.npz,SN Ia,SNI,core,12,5,7,True,SN_Ia
ZTF21achakto,events/ZTF21achakto.npz,SN II,SNII,core,24,6,18,True,SN_CC
ZTF23aaizygy,events/ZTF23aaizygy.npz,SN Ia-91T,SNI,core,70,33,37,True,SN_Ia
ZTF23aaeqhrg,events/ZTF23aaeqhrg.npz,SN Ia,SNI,core,59,31,28,True,SN_Ia
ZTF21abtxqza,events/ZTF21abtxqza.npz,SN Ia,SNI,core,34,11,23,True,SN_Ia
ZTF18acenqto,events/ZTF18acenqto.npz,SLSN-I,NOVEL,novel,16,12,4,True,SLSN
ZTF21abbzqvv,events/ZTF21abbzqvv.npz,SN Ia,SNI,core,55,25,30,True,SN_Ia
ZTF24aacapby,events/ZTF24aacapby.npz,SN Ia-91T,SNI,core,8,3,5,True,SN_Ia
ZTF23aaayzbm,events/ZTF23aaayzbm.npz,SN Ia,SNI,core,8,3,5,True,SN_Ia
ZTF21aamokak,events/ZTF21aamokak.npz,SN Ia,SNI,core,50,26,24,True,SN_Ia
ZTF24aaofopg,events/ZTF24aaofopg.npz,SN Ia,SNI,core,49,19,30,True,SN_Ia
ZTF20abwdwoa,events/ZTF20abwdwoa.npz,SN Ia,SNI,core,46,19,27,True,SN_Ia
ZTF23aavujng,events/ZTF23aavujng.npz,SN Ia,SNI,core,37,14,23,True,SN_Ia
ZTF20aazstdx,events/ZTF20aazstdx.npz,SN Ia,SNI,core,39,22,17,True,SN_Ia
ZTF18aaiwewk,events/ZTF18aaiwewk.npz,SN Ia,SNI,core,22,8,14,True,SN_Ia
ZTF21aasbkrl,events/ZTF21aasbkrl.npz,SN Ia,SNI,core,33,17,16,True,SN_Ia
ZTF25acfkoue,events/ZTF25acfkoue.npz,SN Ic,SNI,core,23,8,15,True,SN_CC
ZTF25aarwoeg,events/ZTF25aarwoeg.npz,SN Ia,SNI,core,33,16,17,True,SN_Ia
ZTF24abqtpoy,events/ZTF24abqtpoy.npz,SN Ia,SNI,core,27,8,19,True,SN_Ia
ZTF24abnpwcx,events/ZTF24abnpwcx.npz,SN Ia,SNI,core,29,13,16,True,SN_Ia
ZTF18aahatvc,events/ZTF18aahatvc.npz,SN Ia-91T,SNI,core,53,22,31,True,SN_Ia
ZTF19acjdwqv,events/ZTF19acjdwqv.npz,SN Ia,SNI,core,15,5,10,True,SN_Ia
ZTF25abwjmwj,events/ZTF25abwjmwj.npz,SN IIP,SNII,core,30,16,14,True,SN_CC
ZTF25aapwsub,events/ZTF25aapwsub.npz,SN Ia,SNI,core,19,9,10,True,SN_Ia
ZTF21aanswls,events/ZTF21aanswls.npz,SN Ia,SNI,core,68,30,38,True,SN_Ia
ZTF25abuvsvz,events/ZTF25abuvsvz.npz,SN II,SNII,core,18,6,12,True,SN_CC
ZTF23aavdzpd,events/ZTF23aavdzpd.npz,SN Ia,SNI,core,28,10,18,True,SN_Ia
ZTF19acszmgx,events/ZTF19acszmgx.npz,SN II,SNII,core,29,13,16,True,SN_CC
ZTF20aciaxil,events/ZTF20aciaxil.npz,SN Ia,SNI,core,16,8,8,True,SN_Ia
ZTF21abxfyaw,events/ZTF21abxfyaw.npz,SN Ia,SNI,core,41,19,22,True,SN_Ia
ZTF22aaajrdf,events/ZTF22aaajrdf.npz,SN Ia-91bg,SNI,core,21,7,14,True,SN_Ia
ZTF21aamucom,events/ZTF21aamucom.npz,SN Ia-91T,SNI,core,69,37,32,True,SN_Ia
ZTF25aaowwja,events/ZTF25aaowwja.npz,SN Ia,SNI,core,13,8,5,True,SN_Ia
ZTF19abgafkt,events/ZTF19abgafkt.npz,SN Ia,SNI,core,25,14,11,True,SN_Ia
ZTF23aaaprhz,events/ZTF23aaaprhz.npz,SN IIb,SNII,core,19,7,12,True,SN_CC
ZTF25acchxhv,events/ZTF25acchxhv.npz,SN II,SNII,core,97,26,61,True,SN_CC
ZTF20aadxrvb,events/ZTF20aadxrvb.npz,SN IIn,SNII,core,23,14,9,True,SN_CC
ZTF20aannodx,events/ZTF20aannodx.npz,SN Ia,SNI,core,25,12,13,True,SN_Ia
ZTF18aangpkx,events/ZTF18aangpkx.npz,SN Ia,SNI,core,30,24,6,True,SN_Ia
ZTF18abujbio,events/ZTF18abujbio.npz,SN Ia,SNI,core,17,10,7,True,SN_Ia
ZTF24aarafaw,events/ZTF24aarafaw.npz,SN Ia,SNI,core,27,9,18,True,SN_Ia
ZTF25abtoptp,events/ZTF25abtoptp.npz,SN Ia,SNI,core,47,25,22,True,SN_Ia
ZTF21acchbmn,events/ZTF21acchbmn.npz,SN II,SNII,core,41,22,19,True,SN_CC
ZTF22aaxtysg,events/ZTF22aaxtysg.npz,SN Ia,SNI,core,49,26,23,True,SN_Ia
ZTF19acapeun,events/ZTF19acapeun.npz,SN Ia,SNI,core,79,38,41,True,SN_Ia
ZTF22aaaepmu,events/ZTF22aaaepmu.npz,SN II,SNII,core,33,15,18,True,SN_CC
ZTF20acpylns,events/ZTF20acpylns.npz,SN Ia,SNI,core,11,6,5,True,SN_Ia
ZTF18acvwchp,events/ZTF18acvwchp.npz,SN Ia,SNI,core,21,8,13,True,SN_Ia
ZTF21abmlldj,events/ZTF21abmlldj.npz,SN Ib-pec,SNI,core,49,22,27,True,SN_CC
ZTF18acbyyff,events/ZTF18acbyyff.npz,SN Ia,SNI,core,9,5,4,True,SN_Ia
ZTF20actodrq,events/ZTF20actodrq.npz,SN II,SNII,core,17,4,13,True,SN_CC
ZTF18abltaxf,events/ZTF18abltaxf.npz,SN Ia,SNI,core,21,12,9,True,SN_Ia
ZTF24abpzvqo,events/ZTF24abpzvqo.npz,SN Ia,SNI,core,24,14,10,True,SN_Ia
ZTF18aazjztm,events/ZTF18aazjztm.npz,SN Ia,SNI,core,15,6,9,True,SN_Ia
ZTF18abdrmin,events/ZTF18abdrmin.npz,SN Ia,SNI,core,18,8,10,True,SN_Ia
ZTF24aaekclg,events/ZTF24aaekclg.npz,SN II,SNII,core,42,19,23,True,SN_CC
ZTF20aaawbkz,events/ZTF20aaawbkz.npz,SN Ia,SNI,core,10,4,6,True,SN_Ia
ZTF23aaashjq,events/ZTF23aaashjq.npz,SN Ia,SNI,core,14,6,8,True,SN_Ia
ZTF21aajgdeu,events/ZTF21aajgdeu.npz,SN IIP,SNII,core,48,10,38,True,SN_CC
ZTF24aandhbr,events/ZTF24aandhbr.npz,SN Ia,SNI,core,16,6,10,True,SN_Ia
ZTF19acpgaet,events/ZTF19acpgaet.npz,SN Ia,SNI,core,17,8,9,True,SN_Ia
ZTF23abjwegr,events/ZTF23abjwegr.npz,SN Ia,SNI,core,27,13,14,True,SN_Ia
ZTF20aaurexl,events/ZTF20aaurexl.npz,SN Ic-BL,SNI,core,51,21,30,True,SN_CC
ZTF24abllowj,events/ZTF24abllowj.npz,SN Ia,SNI,core,25,10,15,True,SN_Ia
ZTF23abqkppm,events/ZTF23abqkppm.npz,SN II,SNII,core,35,20,15,True,SN_CC
ZTF23aasrcyv,events/ZTF23aasrcyv.npz,SN II,SNII,core,30,27,3,True,SN_CC
ZTF22abfxkdm,events/ZTF22abfxkdm.npz,SN II,SNII,core,62,34,28,True,SN_CC
ZTF21aacpasn,events/ZTF21aacpasn.npz,SN Ia,SNI,core,18,7,11,True,SN_Ia
ZTF20aaxbvkt,events/ZTF20aaxbvkt.npz,SN Ia,SNI,core,14,3,11,True,SN_Ia
ZTF22abtctvo,events/ZTF22abtctvo.npz,SN Ia,SNI,core,22,8,14,True,SN_Ia
ZTF21acdvban,events/ZTF21acdvban.npz,SN Ia,SNI,core,15,7,8,True,SN_Ia
ZTF20aamdyal,events/ZTF20aamdyal.npz,SN Ia,SNI,core,42,22,20,True,SN_Ia
ZTF21aacsuwx,events/ZTF21aacsuwx.npz,SN Ia,SNI,core,22,10,12,True,SN_Ia
ZTF19acbihxh,events/ZTF19acbihxh.npz,SN II,SNII,core,13,3,10,True,SN_CC
ZTF18abxdkni,events/ZTF18abxdkni.npz,SN Ia,SNI,core,12,6,6,True,SN_Ia
ZTF22aafapdd,events/ZTF22aafapdd.npz,CV,CV,core,15,6,9,True,CV
ZTF22abtpejn,events/ZTF22abtpejn.npz,SN Ia,SNI,core,12,7,5,True,SN_Ia
ZTF21abnvlnj,events/ZTF21abnvlnj.npz,SN II,SNII,core,13,7,6,True,SN_CC
ZTF20abhvnzc,events/ZTF20abhvnzc.npz,SN Ia,SNI,core,19,9,10,True,SN_Ia
ZTF24aaxizpd,events/ZTF24aaxizpd.npz,SN Ia,SNI,core,23,10,13,True,SN_Ia
ZTF19aadpxek,events/ZTF19aadpxek.npz,CV,CV,core,8,4,4,True,CV
ZTF20acvziuf,events/ZTF20acvziuf.npz,SN Ia,SNI,core,49,24,25,True,SN_Ia
ZTF22aavobvq,events/ZTF22aavobvq.npz,SN II,SNII,core,33,19,14,True,SN_CC
ZTF25abadcvl,events/ZTF25abadcvl.npz,SN Ia,SNI,core,35,17,18,True,SN_Ia
ZTF21aagnbev,events/ZTF21aagnbev.npz,CV,CV,core,25,11,14,True,CV
ZTF21aceenyc,events/ZTF21aceenyc.npz,SN Ia-91bg,SNI,core,8,2,6,True,SN_Ia
ZTF19abhzelh,events/ZTF19abhzelh.npz,SN Ia,SNI,core,44,16,28,True,SN_Ia
ZTF23abaxlrz,events/ZTF23abaxlrz.npz,SN Ic,SNI,core,53,24,29,True,SN_CC
ZTF25ackzsok,events/ZTF25ackzsok.npz,SN Ia,SNI,core,19,9,10,True,SN_Ia
ZTF22aabdvnv,events/ZTF22aabdvnv.npz,SN Ib,SNI,core,12,4,8,True,SN_CC
ZTF23aaeardk,events/ZTF23aaeardk.npz,SN Ia,SNI,core,25,12,13,True,SN_Ia
ZTF21aahkvem,events/ZTF21aahkvem.npz,SN Ia,SNI,core,41,18,23,True,SN_Ia
ZTF21aaasxel,events/ZTF21aaasxel.npz,SN Ia,SNI,core,26,12,14,True,SN_Ia
ZTF23abvvkcc,events/ZTF23abvvkcc.npz,SN Ia,SNI,core,11,8,3,True,SN_Ia
ZTF23aazltms,events/ZTF23aazltms.npz,SN II,SNII,core,44,11,33,True,SN_CC
ZTF21aacvhsc,events/ZTF21aacvhsc.npz,SN Ia,SNI,core,32,17,15,True,SN_Ia
ZTF18aajnqmp,events/ZTF18aajnqmp.npz,AGN,AGN,core,18,10,8,True,AGN
ZTF23abadhsw,events/ZTF23abadhsw.npz,SN Ic-BL,SNI,core,31,9,22,True,SN_CC
ZTF20acuoclk,events/ZTF20acuoclk.npz,SN Ia,SNI,core,18,7,11,True,SN_Ia
ZTF21abfyxpf,events/ZTF21abfyxpf.npz,SN Ia-pec,SNI,core,41,23,18,True,SN_Ia
ZTF21accteto,events/ZTF21accteto.npz,SN Ia,SNI,core,17,8,9,True,SN_Ia
ZTF25aaxmmyx,events/ZTF25aaxmmyx.npz,SN II,SNII,core,51,21,30,True,SN_CC
ZTF21acajcyb,events/ZTF21acajcyb.npz,SN Ia,SNI,core,15,7,8,True,SN_Ia
ZTF18aabkrky,events/ZTF18aabkrky.npz,SN Ia,SNI,core,10,8,2,True,SN_Ia
ZTF22abueufz,events/ZTF22abueufz.npz,SN Ia,SNI,core,15,7,8,True,SN_Ia
ZTF21aapqzxr,events/ZTF21aapqzxr.npz,SN Ia,SNI,core,45,19,26,True,SN_Ia
ZTF24aatieok,events/ZTF24aatieok.npz,SN IIb,SNII,core,133,56,73,True,SN_CC
ZTF25aaiushx,events/ZTF25aaiushx.npz,SN Ia,SNI,core,27,14,13,True,SN_Ia
ZTF21abczjhy,events/ZTF21abczjhy.npz,SN Ia,SNI,core,42,17,25,True,SN_Ia
ZTF21aciouwz,events/ZTF21aciouwz.npz,SN Ia,SNI,core,11,3,8,True,SN_Ia
ZTF23aaazssj,events/ZTF23aaazssj.npz,SN Ia,SNI,core,11,7,4,True,SN_Ia
ZTF19acyjjni,events/ZTF19acyjjni.npz,SN IIb,SNII,core,28,8,20,True,SN_CC
ZTF25aafiibc,events/ZTF25aafiibc.npz,SN Iax,SNI,peculiar,12,10,2,True,SN_Ia
ZTF20aanvsds,events/ZTF20aanvsds.npz,SN Ia,SNI,core,30,13,17,True,SN_Ia
ZTF18acusbdy,events/ZTF18acusbdy.npz,SN Ia,SNI,core,17,6,11,True,SN_Ia
ZTF25abigwgh,events/ZTF25abigwgh.npz,SN Ia,SNI,core,19,7,12,True,SN_Ia
ZTF18abdfazk,events/ZTF18abdfazk.npz,SN Ia,SNI,core,17,8,9,True,SN_Ia
ZTF21acgupte,events/ZTF21acgupte.npz,SN Ia,SNI,core,21,10,11,True,SN_Ia
ZTF18acuscrr,events/ZTF18acuscrr.npz,SN Ia,SNI,core,16,7,9,True,SN_Ia
ZTF23aauzfbi,events/ZTF23aauzfbi.npz,SN II,SNII,core,40,12,28,True,SN_CC
ZTF23aaiwunc,events/ZTF23aaiwunc.npz,SN Ia,SNI,core,38,17,21,True,SN_Ia
ZTF20actvfgr,events/ZTF20actvfgr.npz,SN Ia,SNI,core,14,6,8,True,SN_Ia
ZTF25abbevau,events/ZTF25abbevau.npz,SN Ia,SNI,core,121,35,49,True,SN_Ia
ZTF19aanbojt,events/ZTF19aanbojt.npz,SN Ia,SNI,core,41,20,21,True,SN_Ia
ZTF20acnviht,events/ZTF20acnviht.npz,AGN,AGN,core,31,24,7,True,AGN
ZTF18abckxfb,events/ZTF18abckxfb.npz,CV,CV,core,10,5,5,True,CV
ZTF23aawieyi,events/ZTF23aawieyi.npz,SN Ia,SNI,core,36,17,19,True,SN_Ia
ZTF24abpqeun,events/ZTF24abpqeun.npz,SN II,SNII,core,33,15,18,True,SN_CC
ZTF20aahfobk,events/ZTF20aahfobk.npz,SN Ia,SNI,core,94,46,48,True,SN_Ia
ZTF19abjgbmo,events/ZTF19abjgbmo.npz,SN Ia,SNI,core,20,8,12,True,SN_Ia
ZTF21abvajfr,events/ZTF21abvajfr.npz,SN Ia,SNI,core,25,11,14,True,SN_Ia
ZTF22aabzjge,events/ZTF22aabzjge.npz,SN Ia,SNI,core,29,10,19,True,SN_Ia
ZTF24abrpedj,events/ZTF24abrpedj.npz,SN Ia,SNI,core,61,25,36,True,SN_Ia
ZTF24aahhanf,events/ZTF24aahhanf.npz,SN II,SNII,core,24,14,10,True,SN_CC
ZTF20achtzug,events/ZTF20achtzug.npz,SN Ia,SNI,core,62,30,32,True,SN_Ia
ZTF20abqdqyh,events/ZTF20abqdqyh.npz,SN II,SNII,core,30,7,23,True,SN_CC
ZTF25aadevqv,events/ZTF25aadevqv.npz,SN II,SNII,core,67,25,42,True,SN_CC
ZTF24aaywvsf,events/ZTF24aaywvsf.npz,SN Ia,SNI,core,43,19,24,True,SN_Ia
ZTF19abrhdui,events/ZTF19abrhdui.npz,CV,CV,core,29,11,18,True,CV
ZTF23abptnaj,events/ZTF23abptnaj.npz,SN Ia,SNI,core,22,13,9,True,SN_Ia
ZTF19abqyouo,events/ZTF19abqyouo.npz,SN IIP,SNII,core,24,11,13,True,SN_CC
ZTF23aaiwlzm,events/ZTF23aaiwlzm.npz,SN Ia,SNI,core,28,13,15,True,SN_Ia
ZTF20aaycmhl,events/ZTF20aaycmhl.npz,SN II,SNII,core,134,32,102,True,SN_CC
ZTF25aachzjr,events/ZTF25aachzjr.npz,SN Ia,SNI,core,31,12,19,True,SN_Ia
ZTF21abezcph,events/ZTF21abezcph.npz,CV,CV,core,28,15,13,True,CV
ZTF25abacnxx,events/ZTF25abacnxx.npz,SN Ia,SNI,core,55,26,29,True,SN_Ia
ZTF19abqanpy,events/ZTF19abqanpy.npz,SN Ia,SNI,core,271,37,234,True,SN_Ia
ZTF22abnmpwx,events/ZTF22abnmpwx.npz,SN Ia,SNI,core,14,7,7,True,SN_Ia
ZTF20abxmgny,events/ZTF20abxmgny.npz,SN Ia,SNI,core,37,16,21,True,SN_Ia
ZTF23abauieq,events/ZTF23abauieq.npz,SN Ia-91T,SNI,core,14,7,7,True,SN_Ia
ZTF23aaqjuux,events/ZTF23aaqjuux.npz,SN Ia,SNI,core,31,15,16,True,SN_Ia
ZTF25aaugeio,events/ZTF25aaugeio.npz,SN II,SNII,core,19,11,8,True,SN_CC
ZTF18abfeyey,events/ZTF18abfeyey.npz,SN Ia,SNI,core,27,14,13,True,SN_Ia
ZTF18acuepcb,events/ZTF18acuepcb.npz,AGN,AGN,core,19,12,7,True,AGN
ZTF23aaawbhh,events/ZTF23aaawbhh.npz,SN Ia,SNI,core,10,3,7,True,SN_Ia
ZTF19abhxllw,events/ZTF19abhxllw.npz,SN Ia,SNI,core,17,9,8,True,SN_Ia
ZTF25aasrort,events/ZTF25aasrort.npz,SN Ia,SNI,core,44,20,24,True,SN_Ia
ZTF19aakphow,events/ZTF19aakphow.npz,SLSN-II,SNII,peculiar,21,10,11,True,SLSN
ZTF24aahgkhh,events/ZTF24aahgkhh.npz,SN Ia,SNI,core,10,5,5,True,SN_Ia
ZTF20abwcxio,events/ZTF20abwcxio.npz,CV,CV,core,20,11,9,True,CV
ZTF22abfutmm,events/ZTF22abfutmm.npz,SN Ia,SNI,core,30,13,17,True,SN_Ia
ZTF25absblvn,events/ZTF25absblvn.npz,SN Ia,SNI,core,37,15,22,True,SN_Ia
ZTF18acahuph,events/ZTF18acahuph.npz,SN Ia-91T,SNI,core,15,6,9,True,SN_Ia
ZTF22aaagtej,events/ZTF22aaagtej.npz,SN II,SNII,core,12,5,7,True,SN_CC
ZTF25accmopr,events/ZTF25accmopr.npz,SLSN-I,NOVEL,novel,73,37,30,True,SLSN
ZTF18abckujq,events/ZTF18abckujq.npz,SN Ia,SNI,core,10,3,7,True,SN_Ia
ZTF20aciubfx,events/ZTF20aciubfx.npz,SN II,SNII,core,43,20,23,True,SN_CC
ZTF21abfxhrn,events/ZTF21abfxhrn.npz,SN II,SNII,core,58,26,32,True,SN_CC
ZTF24aahoihk,events/ZTF24aahoihk.npz,SN Ia,SNI,core,11,5,6,True,SN_Ia
ZTF23aaqmddq,events/ZTF23aaqmddq.npz,SN Ia,SNI,core,10,6,4,True,SN_Ia
ZTF23aaquolj,events/ZTF23aaquolj.npz,SN IIn,SNII,core,68,32,36,True,SN_CC
ZTF25aavapev,events/ZTF25aavapev.npz,SN IIb,SNII,core,8,3,5,True,SN_CC
ZTF18acszuad,events/ZTF18acszuad.npz,SN Ia,SNI,core,16,6,10,True,SN_Ia
ZTF20aaglivt,events/ZTF20aaglivt.npz,SN Ia,SNI,core,28,11,17,True,SN_Ia
ZTF19acfduxa,events/ZTF19acfduxa.npz,SN Ia,SNI,core,9,4,5,True,SN_Ia
ZTF25abeclqx,events/ZTF25abeclqx.npz,SN IIb,SNII,core,16,7,9,True,SN_CC
ZTF21aafkktu,events/ZTF21aafkktu.npz,SN II,SNII,core,54,25,29,True,SN_CC
ZTF18abtnfmp,events/ZTF18abtnfmp.npz,AGN,AGN,core,23,4,19,True,AGN
ZTF20abxxzxy,events/ZTF20abxxzxy.npz,SN Ia,SNI,core,23,9,14,True,SN_Ia
ZTF23aapgxic,events/ZTF23aapgxic.npz,SN Ia,SNI,core,15,12,3,True,SN_Ia
ZTF18aczzrkn,events/ZTF18aczzrkn.npz,SN Ia,SNI,core,9,4,5,True,SN_Ia
ZTF24aaismud,events/ZTF24aaismud.npz,SN Ia,SNI,core,26,11,15,True,SN_Ia
ZTF20abcsbux,events/ZTF20abcsbux.npz,SN Ia,SNI,core,32,12,20,True,SN_Ia
ZTF24abnappq,events/ZTF24abnappq.npz,SN Ia,SNI,core,26,18,8,True,SN_Ia
ZTF25aalbnkr,events/ZTF25aalbnkr.npz,SN II,SNII,core,54,28,26,True,SN_CC
ZTF21aanwfjk,events/ZTF21aanwfjk.npz,SN Ia,SNI,core,39,14,25,True,SN_Ia
ZTF21abzcpiw,events/ZTF21abzcpiw.npz,SN Ia,SNI,core,21,14,7,True,SN_Ia
ZTF23aajfoed,events/ZTF23aajfoed.npz,SN Ia,SNI,core,25,10,15,True,SN_Ia
ZTF18abolvzu,events/ZTF18abolvzu.npz,AGN,AGN,core,21,12,9,True,AGN
ZTF22abaqzcm,events/ZTF22abaqzcm.npz,SN Ia,SNI,core,35,17,18,True,SN_Ia
ZTF23aaciosd,events/ZTF23aaciosd.npz,SN Ia,SNI,core,19,9,10,True,SN_Ia
ZTF20abkloyg,events/ZTF20abkloyg.npz,SN Ia,SNI,core,11,6,5,True,SN_Ia
ZTF21absbwyz,events/ZTF21absbwyz.npz,SN Ia,SNI,core,16,8,8,True,SN_Ia
ZTF22aauvfay,events/ZTF22aauvfay.npz,SN Ia,SNI,core,26,13,13,True,SN_Ia
ZTF25aafvgfi,events/ZTF25aafvgfi.npz,SN Ia,SNI,core,17,7,10,True,SN_Ia
ZTF25aaxikcw,events/ZTF25aaxikcw.npz,SN II,SNII,core,31,8,23,True,SN_CC
ZTF21abccdld,events/ZTF21abccdld.npz,SN IIn,SNII,core,127,72,55,True,SN_CC
ZTF22abkxbeo,events/ZTF22abkxbeo.npz,SN Ia-pec,SNI,core,28,8,20,True,SN_Ia
ZTF19aalzmmt,events/ZTF19aalzmmt.npz,SN Ia-91T,SNI,core,19,10,9,True,SN_Ia
ZTF19achticg,events/ZTF19achticg.npz,SN Ia,SNI,core,29,15,14,True,SN_Ia
ZTF21aapehpx,events/ZTF21aapehpx.npz,SN Ia,SNI,core,55,24,31,True,SN_Ia
ZTF20acocohy,events/ZTF20acocohy.npz,SN II,SNII,core,48,24,24,True,SN_CC
ZTF18aauotcv,events/ZTF18aauotcv.npz,SN Ia,SNI,core,26,12,14,True,SN_Ia
ZTF18aamfrvy,events/ZTF18aamfrvy.npz,SN IIP,SNII,core,25,10,15,True,SN_CC
ZTF19abxfeln,events/ZTF19abxfeln.npz,SN Ia,SNI,core,9,5,4,True,SN_Ia
ZTF23aaekkai,events/ZTF23aaekkai.npz,SN Ia,SNI,core,8,4,4,True,SN_Ia
ZTF25aalvqbq,events/ZTF25aalvqbq.npz,SN Ia,SNI,core,8,6,2,True,SN_Ia
ZTF25aafpsjf,events/ZTF25aafpsjf.npz,SN Ia,SNI,core,37,13,24,True,SN_Ia
ZTF23aaptfsu,events/ZTF23aaptfsu.npz,SN Ia,SNI,core,28,11,17,True,SN_Ia
ZTF20aaqpxtm,events/ZTF20aaqpxtm.npz,SN Ia,SNI,core,55,26,29,True,SN_Ia
ZTF20aawdjlp,events/ZTF20aawdjlp.npz,SN Ia,SNI,core,29,15,14,True,SN_Ia
ZTF19abgitjn,events/ZTF19abgitjn.npz,CV,CV,core,15,7,8,True,CV
ZTF20actdeqw,events/ZTF20actdeqw.npz,SN Ia,SNI,core,50,19,31,True,SN_Ia
ZTF18abzscns,events/ZTF18abzscns.npz,SN II,SNII,core,13,6,7,True,SN_CC
ZTF23absbqun,events/ZTF23absbqun.npz,SN Ib,SNI,core,9,4,5,True,SN_CC
ZTF23abpbdfm,events/ZTF23abpbdfm.npz,SN Ia,SNI,core,51,27,24,True,SN_Ia
ZTF19abxfhrq,events/ZTF19abxfhrq.npz,SN Ia,SNI,core,28,11,17,True,SN_Ia
ZTF21abzkgvc,events/ZTF21abzkgvc.npz,SN Ia,SNI,core,22,11,11,True,SN_Ia
ZTF25achiqqs,events/ZTF25achiqqs.npz,SN Ia,SNI,core,62,25,37,True,SN_Ia
ZTF21abkkwie,events/ZTF21abkkwie.npz,SN Ia,SNI,core,20,10,10,True,SN_Ia
ZTF18aahxamc,events/ZTF18aahxamc.npz,AGN,AGN,core,36,16,20,True,AGN
ZTF20acqjmzk,events/ZTF20acqjmzk.npz,SN Ia,SNI,core,11,6,5,True,SN_Ia
ZTF21abienbe,events/ZTF21abienbe.npz,SN Ia-91T,SNI,core,31,16,15,True,SN_Ia
ZTF20acxznai,events/ZTF20acxznai.npz,SN Ia,SNI,core,17,10,7,True,SN_Ia
ZTF19acvmfeg,events/ZTF19acvmfeg.npz,SN Ia,SNI,core,11,4,7,True,SN_Ia
ZTF24abipyia,events/ZTF24abipyia.npz,SN Ia,SNI,core,19,12,7,True,SN_Ia
ZTF19acgbkzr,events/ZTF19acgbkzr.npz,SN II,SNII,core,38,14,24,True,SN_CC
ZTF22aajrrzz,events/ZTF22aajrrzz.npz,SN Ia,SNI,core,15,8,7,True,SN_Ia
ZTF18aagtevs,events/ZTF18aagtevs.npz,AGN,AGN,core,64,35,29,True,AGN
ZTF19abgprpq,events/ZTF19abgprpq.npz,SN Ia,SNI,core,22,9,13,True,SN_Ia
ZTF20ackitai,events/ZTF20ackitai.npz,SN Ia,SNI,core,38,13,25,True,SN_Ia
ZTF18aakkrjm,events/ZTF18aakkrjm.npz,SN Ib,SNI,core,29,14,15,True,SN_CC
ZTF24aaecxun,events/ZTF24aaecxun.npz,SN Ia,SNI,core,64,31,33,True,SN_Ia
ZTF21aagtpro,events/ZTF21aagtpro.npz,SN Ic-BL,SNI,core,50,25,25,True,SN_CC
ZTF22aazpfxt,events/ZTF22aazpfxt.npz,SN Ia,SNI,core,23,8,15,True,SN_Ia
ZTF25aayxghj,events/ZTF25aayxghj.npz,SN Ia,SNI,core,70,27,43,True,SN_Ia
ZTF23aaqxlpn,events/ZTF23aaqxlpn.npz,SN Ia,SNI,core,16,4,12,True,SN_Ia
ZTF20achtpbn,events/ZTF20achtpbn.npz,SN Ia,SNI,core,24,11,13,True,SN_Ia
ZTF18aagtcxj,events/ZTF18aagtcxj.npz,SN Ia,SNI,core,88,42,46,True,SN_Ia
ZTF21aazqtor,events/ZTF21aazqtor.npz,SN Ia,SNI,core,17,8,9,True,SN_Ia
ZTF19aaydtur,events/ZTF19aaydtur.npz,SN II,SNII,core,32,17,15,True,SN_CC
ZTF20aclflxd,events/ZTF20aclflxd.npz,SN Ia,SNI,core,47,20,27,True,SN_Ia
ZTF23aadayxh,events/ZTF23aadayxh.npz,SN Ia,SNI,core,16,7,9,True,SN_Ia
ZTF21abhshmt,events/ZTF21abhshmt.npz,SN Ia-91T,SNI,core,35,19,16,True,SN_Ia
ZTF24aahxyrp,events/ZTF24aahxyrp.npz,SN Ia,SNI,core,33,21,12,True,SN_Ia
ZTF19abjamgc,events/ZTF19abjamgc.npz,SN Ia,SNI,core,16,8,8,True,SN_Ia
ZTF19abgcbey,events/ZTF19abgcbey.npz,SN Ia,SNI,core,23,11,12,True,SN_Ia
ZTF23aaymoki,events/ZTF23aaymoki.npz,SN Ia,SNI,core,37,18,19,True,SN_Ia
ZTF20abotkfn,events/ZTF20abotkfn.npz,SN II,SNII,core,58,29,29,True,SN_CC
ZTF20achadaa,events/ZTF20achadaa.npz,SN Ia,SNI,core,35,18,17,True,SN_Ia
ZTF21aavqphe,events/ZTF21aavqphe.npz,SN Ia,SNI,core,65,32,33,True,SN_Ia
ZTF24abbcrsy,events/ZTF24abbcrsy.npz,SN II,SNII,core,28,16,12,True,SN_CC
ZTF19aawscnp,events/ZTF19aawscnp.npz,SN Ia,SNI,core,16,7,9,True,SN_Ia
ZTF23aadtzse,events/ZTF23aadtzse.npz,SN II,SNII,core,41,14,27,True,SN_CC
ZTF20abvyare,events/ZTF20abvyare.npz,SN Ia,SNI,core,44,23,21,True,SN_Ia
ZTF23abdubpv,events/ZTF23abdubpv.npz,SN II,SNII,core,53,6,47,True,SN_CC
ZTF21abjbukd,events/ZTF21abjbukd.npz,SN II,SNII,core,15,8,7,True,SN_CC
ZTF21aaixlfe,events/ZTF21aaixlfe.npz,SN Ia,SNI,core,20,11,9,True,SN_Ia
ZTF24aakfycl,events/ZTF24aakfycl.npz,SN Ia,SNI,core,20,8,11,True,SN_Ia
ZTF24aajznoi,events/ZTF24aajznoi.npz,SN Ia,SNI,core,8,6,2,True,SN_Ia
ZTF23aajduvy,events/ZTF23aajduvy.npz,SN Ia,SNI,core,17,12,5,True,SN_Ia
ZTF22abudhzo,events/ZTF22abudhzo.npz,SN Ia,SNI,core,25,13,12,True,SN_Ia
ZTF20aboquuv,events/ZTF20aboquuv.npz,SN Ia,SNI,core,145,68,77,True,SN_Ia
ZTF23absaexv,events/ZTF23absaexv.npz,SN Ia,SNI,core,17,9,8,True,SN_Ia
ZTF22abfoiaa,events/ZTF22abfoiaa.npz,SN Ia,SNI,core,17,8,9,True,SN_Ia
ZTF21abdlyrc,events/ZTF21abdlyrc.npz,SN Ia,SNI,core,41,20,21,True,SN_Ia
ZTF19achaspq,events/ZTF19achaspq.npz,SN Ia,SNI,core,10,5,5,True,SN_Ia
ZTF19abttstb,events/ZTF19abttstb.npz,SN Ia,SNI,core,19,6,13,True,SN_Ia
ZTF24abciekd,events/ZTF24abciekd.npz,SN Ia-pec,SNI,core,10,5,5,True,SN_Ia
ZTF24aajvqre,events/ZTF24aajvqre.npz,SN Ia,SNI,core,24,12,12,True,SN_Ia
ZTF20aahqabk,events/ZTF20aahqabk.npz,SN Ia,SNI,core,13,6,7,True,SN_Ia
ZTF18abnyktn,events/ZTF18abnyktn.npz,CV,CV,core,16,12,4,True,CV
ZTF21achqzub,events/ZTF21achqzub.npz,SN Ia,SNI,core,22,10,12,True,SN_Ia
ZTF23absbjlp,events/ZTF23absbjlp.npz,SN Ic,SNI,core,11,5,6,True,SN_CC
ZTF22aalzyzl,events/ZTF22aalzyzl.npz,SN Ia,SNI,core,22,10,12,True,SN_Ia
ZTF19acazaug,events/ZTF19acazaug.npz,SN Ia,SNI,core,86,41,45,True,SN_Ia
ZTF23ablutgq,events/ZTF23ablutgq.npz,SN IIn,SNII,core,11,4,7,True,SN_CC
ZTF25aajixgi,events/ZTF25aajixgi.npz,SN Ia,SNI,core,31,11,20,True,SN_Ia
ZTF18achxcsh,events/ZTF18achxcsh.npz,SN Ia,SNI,core,18,9,9,True,SN_Ia
ZTF21aceqmyz,events/ZTF21aceqmyz.npz,SN II,SNII,core,22,12,10,True,SN_CC
ZTF23aarglpk,events/ZTF23aarglpk.npz,SN Ia,SNI,core,8,3,5,True,SN_Ia
ZTF21acasloo,events/ZTF21acasloo.npz,SN Ia,SNI,core,47,22,25,True,SN_Ia
ZTF19acblzux,events/ZTF19acblzux.npz,SN Ia,SNI,core,10,5,5,True,SN_Ia
ZTF18abqjvyl,events/ZTF18abqjvyl.npz,SN Ia,SNI,core,16,7,9,True,SN_Ia
ZTF22aajhiri,events/ZTF22aajhiri.npz,SN Ia,SNI,core,18,6,12,True,SN_Ia
ZTF21aavhnpk,events/ZTF21aavhnpk.npz,SN II,SNII,core,94,41,53,True,SN_CC
ZTF25abiiuxz,events/ZTF25abiiuxz.npz,SN II,SNII,core,42,16,26,True,SN_CC
ZTF25abxrfik,events/ZTF25abxrfik.npz,SN Ia,SNI,core,35,18,17,True,SN_Ia
ZTF19abxtcio,events/ZTF19abxtcio.npz,SN IIb,SNII,core,34,13,21,True,SN_CC
ZTF20achvdtx,events/ZTF20achvdtx.npz,SN II,SNII,core,33,13,20,True,SN_CC
ZTF19aailcgs,events/ZTF19aailcgs.npz,SN Ic,SNI,core,34,14,20,True,SN_CC
ZTF19aanesgt,events/ZTF19aanesgt.npz,SLSN-I,NOVEL,novel,15,8,7,True,SLSN
ZTF22abyopkf,events/ZTF22abyopkf.npz,SN Ia,SNI,core,12,3,9,True,SN_Ia
ZTF19aatvkrn,events/ZTF19aatvkrn.npz,SN Ia,SNI,core,9,5,4,True,SN_Ia
ZTF20aasfaxj,events/ZTF20aasfaxj.npz,SN Ia,SNI,core,13,5,8,True,SN_Ia
ZTF20acfvltv,events/ZTF20acfvltv.npz,SN Ia,SNI,core,27,10,17,True,SN_Ia
ZTF21abbxdcm,events/ZTF21abbxdcm.npz,SN Ia-91T,SNI,core,55,26,29,True,SN_Ia
ZTF21aadzuil,events/ZTF21aadzuil.npz,SN Ia,SNI,core,22,11,11,True,SN_Ia
ZTF22abtmrfr,events/ZTF22abtmrfr.npz,SN II,SNII,core,34,15,19,True,SN_CC
ZTF24abfxhta,events/ZTF24abfxhta.npz,SN Ia,SNI,core,51,36,15,True,SN_Ia
ZTF21abvcxid,events/ZTF21abvcxid.npz,SN II,SNII,core,46,21,25,True,SN_CC
ZTF18acnbeuu,events/ZTF18acnbeuu.npz,SN Ia,SNI,core,38,14,24,True,SN_Ia
ZTF25aafuzcr,events/ZTF25aafuzcr.npz,SN IIn,SNII,core,29,14,15,True,SN_CC
ZTF21abpxsck,events/ZTF21abpxsck.npz,SN II,SNII,core,20,8,12,True,SN_CC
ZTF18acrdlrp,events/ZTF18acrdlrp.npz,SN Ia,SNI,core,38,15,23,True,SN_Ia
ZTF19aclljyq,events/ZTF19aclljyq.npz,SN Ia,SNI,core,18,8,10,True,SN_Ia
ZTF22abnfjsm,events/ZTF22abnfjsm.npz,SN IIn,SNII,core,35,15,20,True,SN_CC
ZTF19aaziick,events/ZTF19aaziick.npz,SN Ia,SNI,core,15,5,10,True,SN_Ia
ZTF20aaxccrm,events/ZTF20aaxccrm.npz,SN Ia,SNI,core,49,21,28,True,SN_Ia
ZTF23abhzwll,events/ZTF23abhzwll.npz,SN Ia,SNI,core,20,9,11,True,SN_Ia
ZTF20abnlsww,events/ZTF20abnlsww.npz,SN Ia,SNI,core,17,5,12,True,SN_Ia
ZTF19aambfxc,events/ZTF19aambfxc.npz,SN Ia,SNI,core,27,8,19,True,SN_Ia
ZTF23abjunlm,events/ZTF23abjunlm.npz,SN Iax,SNI,peculiar,33,22,11,True,SN_Ia
ZTF18acbyeid,events/ZTF18acbyeid.npz,AGN,AGN,core,32,14,18,True,AGN
ZTF23abihavc,events/ZTF23abihavc.npz,SN Ia,SNI,core,23,10,13,True,SN_Ia
ZTF20aanvliy,events/ZTF20aanvliy.npz,SN Ia,SNI,core,11,5,6,True,SN_Ia
ZTF19acjtpmm,events/ZTF19acjtpmm.npz,SN II,SNII,core,9,5,4,True,SN_CC
ZTF22aadgefj,events/ZTF22aadgefj.npz,TDE,TDE,core,73,36,37,True,TDE
ZTF19aavouyw,events/ZTF19aavouyw.npz,SLSN-I,NOVEL,novel,25,13,12,True,SLSN
ZTF22aaknczk,events/ZTF22aaknczk.npz,SN Ia,SNI,core,37,16,21,True,SN_Ia
ZTF21abbsbov,events/ZTF21abbsbov.npz,SN Ia,SNI,core,48,22,26,True,SN_Ia
ZTF21abbkglo,events/ZTF21abbkglo.npz,SN Ia,SNI,core,40,20,20,True,SN_Ia
ZTF20abdzrxo,events/ZTF20abdzrxo.npz,SN Ia,SNI,core,37,18,19,True,SN_Ia
ZTF20aavdoqi,events/ZTF20aavdoqi.npz,AGN,AGN,core,9,4,5,True,AGN
ZTF25aauhbec,events/ZTF25aauhbec.npz,SN II,SNII,core,42,16,26,True,SN_CC
ZTF25aapzvrh,events/ZTF25aapzvrh.npz,SN II,SNII,core,36,16,20,True,SN_CC
ZTF21aasxgne,events/ZTF21aasxgne.npz,CV,CV,core,12,6,6,True,CV
ZTF19acmwipq,events/ZTF19acmwipq.npz,SN Ia,SNI,core,10,5,5,True,SN_Ia
ZTF25aapvrng,events/ZTF25aapvrng.npz,SN Ia,SNI,core,11,8,3,True,SN_Ia
ZTF19abpbqor,events/ZTF19abpbqor.npz,SN Ia,SNI,core,16,10,6,True,SN_Ia
ZTF20actnuls,events/ZTF20actnuls.npz,SN II,SNII,core,39,22,17,True,SN_CC
ZTF18aagrdcs,events/ZTF18aagrdcs.npz,SN Ib,SNI,core,43,20,23,True,SN_CC
ZTF21aagxmfv,events/ZTF21aagxmfv.npz,SN Ia-91T,SNI,core,23,12,11,True,SN_Ia
ZTF25aacbtmd,events/ZTF25aacbtmd.npz,SN II,SNII,core,48,25,23,True,SN_CC
ZTF25aakoamh,events/ZTF25aakoamh.npz,SN Ia,SNI,core,20,10,10,True,SN_Ia
ZTF19acqdbad,events/ZTF19acqdbad.npz,CV,CV,core,17,5,12,True,CV
ZTF19acaxcwg,events/ZTF19acaxcwg.npz,SN Ia,SNI,core,56,25,31,True,SN_Ia
ZTF19aaywlmi,events/ZTF19aaywlmi.npz,SN Ia,SNI,core,26,12,14,True,SN_Ia
ZTF20aceokvr,events/ZTF20aceokvr.npz,SN IIn,SNII,core,42,5,37,True,SN_CC
ZTF23aarvrvd,events/ZTF23aarvrvd.npz,SN Ia,SNI,core,53,19,34,True,SN_Ia
ZTF24aapexhw,events/ZTF24aapexhw.npz,SN II,SNII,core,44,29,15,True,SN_CC
ZTF25achxzkb,events/ZTF25achxzkb.npz,SN Ia,SNI,core,14,8,6,True,SN_Ia
ZTF22aaobnru,events/ZTF22aaobnru.npz,SLSN-II,SNII,peculiar,57,24,33,True,SLSN
ZTF19acsfvog,events/ZTF19acsfvog.npz,SN Ia,SNI,core,9,4,5,True,SN_Ia
ZTF19aarfyvc,events/ZTF19aarfyvc.npz,SN Ic,SNI,core,26,10,16,True,SN_CC
ZTF22abfxmiu,events/ZTF22abfxmiu.npz,SN Ia,SNI,core,19,14,5,True,SN_Ia
ZTF25aapwxhm,events/ZTF25aapwxhm.npz,SN Ia,SNI,core,47,19,28,True,SN_Ia
ZTF21aascwrr,events/ZTF21aascwrr.npz,SN Ia,SNI,core,14,4,10,True,SN_Ia
ZTF25abvpmki,events/ZTF25abvpmki.npz,SN Ia,SNI,core,67,32,35,True,SN_Ia
ZTF24aakajtn,events/ZTF24aakajtn.npz,SN Ia,SNI,core,84,39,42,True,SN_Ia
ZTF22aaacnmh,events/ZTF22aaacnmh.npz,SN II,SNII,core,18,5,13,True,SN_CC
ZTF23abnreud,events/ZTF23abnreud.npz,SN Ia,SNI,core,24,7,17,True,SN_Ia
ZTF23aaecgwh,events/ZTF23aaecgwh.npz,SN Ic,SNI,core,24,9,15,True,SN_CC
ZTF18aaaecnk,events/ZTF18aaaecnk.npz,CV,CV,core,8,3,5,True,CV
ZTF19acctwpz,events/ZTF19acctwpz.npz,SN II,SNII,core,48,18,30,True,SN_CC
ZTF18abpmmpo,events/ZTF18abpmmpo.npz,SN Ia,SNI,core,19,9,10,True,SN_Ia
ZTF23abhzxwm,events/ZTF23abhzxwm.npz,SN II,SNII,core,41,21,20,True,SN_CC
ZTF24abvgtut,events/ZTF24abvgtut.npz,SN Ia,SNI,core,34,17,17,True,SN_Ia
ZTF23aaedvtn,events/ZTF23aaedvtn.npz,SN II,SNII,core,53,26,27,True,SN_CC
ZTF20aattoch,events/ZTF20aattoch.npz,SN II,SNII,core,41,20,21,True,SN_CC
ZTF22aaeviey,events/ZTF22aaeviey.npz,SN Ia,SNI,core,46,21,25,True,SN_Ia
ZTF20adadsgm,events/ZTF20adadsgm.npz,SN Ia,SNI,core,27,13,14,True,SN_Ia
ZTF21aaxxmvs,events/ZTF21aaxxmvs.npz,SN IIb,SNII,core,69,30,39,True,SN_CC
ZTF20abykfsr,events/ZTF20abykfsr.npz,SN II,SNII,core,66,29,37,True,SN_CC
ZTF24abchcrp,events/ZTF24abchcrp.npz,SN Ia,SNI,core,28,17,11,True,SN_Ia
ZTF19abmylxw,events/ZTF19abmylxw.npz,SN Ia,SNI,core,114,56,58,True,SN_Ia
ZTF19aauqwna,events/ZTF19aauqwna.npz,SN IIP,SNII,core,67,20,47,True,SN_CC
ZTF22aapaavr,events/ZTF22aapaavr.npz,SN Ia,SNI,core,33,19,14,True,SN_Ia
ZTF21aaplfah,events/ZTF21aaplfah.npz,SN Ia,SNI,core,16,5,11,True,SN_Ia
ZTF23aascppn,events/ZTF23aascppn.npz,SN Ia,SNI,core,15,7,8,True,SN_Ia
ZTF21aaxubqf,events/ZTF21aaxubqf.npz,SN Ia,SNI,core,22,10,12,True,SN_Ia
ZTF22aboawxv,events/ZTF22aboawxv.npz,SN Iax,SNI,peculiar,67,31,36,True,SN_Ia
ZTF22abhrjld,events/ZTF22abhrjld.npz,SN Ia-pec,SNI,core,58,29,29,True,SN_Ia
ZTF18abquopi,events/ZTF18abquopi.npz,SN Ia,SNI,core,14,7,7,True,SN_Ia
ZTF24aalepin,events/ZTF24aalepin.npz,SN Ia,SNI,core,13,10,3,True,SN_Ia
ZTF21abicajm,events/ZTF21abicajm.npz,SN Ia,SNI,core,11,3,8,True,SN_Ia
ZTF21abchjer,events/ZTF21abchjer.npz,SN Ic-BL,SNI,core,15,5,10,True,SN_CC
ZTF25ababeev,events/ZTF25ababeev.npz,SN Ia,SNI,core,98,35,43,True,SN_Ia
ZTF20aattztb,events/ZTF20aattztb.npz,SN IIn,SNII,core,51,24,27,True,SN_CC
ZTF18abkhcrj,events/ZTF18abkhcrj.npz,SN Ia,SNI,core,33,15,18,True,SN_Ia
ZTF18abcsgvj,events/ZTF18abcsgvj.npz,SN Ia,SNI,core,16,9,7,True,SN_Ia
ZTF22aamwznx,events/ZTF22aamwznx.npz,SN Ia,SNI,core,163,26,137,True,SN_Ia
ZTF24aaomuhe,events/ZTF24aaomuhe.npz,SN Ia-pec,SNI,core,48,15,33,True,SN_Ia
ZTF25abnzacu,events/ZTF25abnzacu.npz,SN Ic-BL,SNI,core,48,4,44,True,SN_CC
ZTF24aabqihk,events/ZTF24aabqihk.npz,SN Ia,SNI,core,9,5,4,True,SN_Ia
ZTF25aciofxo,events/ZTF25aciofxo.npz,SN Ia,SNI,core,21,7,14,True,SN_Ia
ZTF20aamttmo,events/ZTF20aamttmo.npz,SN Ia,SNI,core,23,10,13,True,SN_Ia
ZTF20abxidyb,events/ZTF20abxidyb.npz,SN Ia,SNI,core,50,22,28,True,SN_Ia
ZTF23abnmdqn,events/ZTF23abnmdqn.npz,SN Ia,SNI,core,39,23,16,True,SN_Ia
ZTF22aazqoey,events/ZTF22aazqoey.npz,SN Ib,SNI,core,64,3,61,True,SN_CC
ZTF21aaiimkv,events/ZTF21aaiimkv.npz,SN Ia,SNI,core,13,7,6,True,SN_Ia
ZTF18abcrtnq,events/ZTF18abcrtnq.npz,SN Ia,SNI,core,15,7,8,True,SN_Ia
ZTF18acqxyiq,events/ZTF18acqxyiq.npz,SN IIb,SNII,core,12,2,10,True,SN_CC
ZTF25aalthwc,events/ZTF25aalthwc.npz,SN Ia,SNI,core,9,3,6,True,SN_Ia
ZTF20acfvsze,events/ZTF20acfvsze.npz,SN Ia,SNI,core,26,11,15,True,SN_Ia
ZTF25abkeqdq,events/ZTF25abkeqdq.npz,SN Ia,SNI,core,12,4,8,True,SN_Ia
ZTF19acshfvz,events/ZTF19acshfvz.npz,SN Ia,SNI,core,16,5,11,True,SN_Ia
ZTF24aahipde,events/ZTF24aahipde.npz,SN Ia,SNI,core,10,3,7,True,SN_Ia
ZTF23aaapouh,events/ZTF23aaapouh.npz,SN Ia,SNI,core,10,6,4,True,SN_Ia
ZTF19actldas,events/ZTF19actldas.npz,SN Ia,SNI,core,94,40,54,True,SN_Ia
ZTF19aapbsne,events/ZTF19aapbsne.npz,CV,CV,core,8,4,4,True,CV
ZTF22abyjewt,events/ZTF22abyjewt.npz,SN Ia,SNI,core,31,11,20,True,SN_Ia
ZTF20aavgcnu,events/ZTF20aavgcnu.npz,SN Ic,SNI,core,10,5,5,True,SN_CC
ZTF23abjstcg,events/ZTF23abjstcg.npz,SN II,SNII,core,25,6,19,True,SN_CC
ZTF21aaskyvp,events/ZTF21aaskyvp.npz,SN Ia,SNI,core,41,17,24,True,SN_Ia
ZTF19accmxtw,events/ZTF19accmxtw.npz,SN Ia,SNI,core,21,10,11,True,SN_Ia
ZTF19aculczm,events/ZTF19aculczm.npz,SN Ia,SNI,core,13,5,8,True,SN_Ia
ZTF20acuowxj,events/ZTF20acuowxj.npz,SN Ia,SNI,core,30,14,16,True,SN_Ia
ZTF25aapqvqk,events/ZTF25aapqvqk.npz,SN Ia,SNI,core,21,9,12,True,SN_Ia
ZTF20aalrqbu,events/ZTF20aalrqbu.npz,SN Ibn,SNI,peculiar,57,29,28,True,SN_CC
ZTF23aamsfav,events/ZTF23aamsfav.npz,SN Ia,SNI,core,43,18,25,True,SN_Ia
ZTF25aakbssn,events/ZTF25aakbssn.npz,SN Ia,SNI,core,26,14,12,True,SN_Ia
ZTF22absstju,events/ZTF22absstju.npz,SN Ia,SNI,core,16,5,11,True,SN_Ia
ZTF22abtybkh,events/ZTF22abtybkh.npz,SN Ia,SNI,core,25,13,12,True,SN_Ia
ZTF19abahvdh,events/ZTF19abahvdh.npz,SN Ia,SNI,core,25,11,14,True,SN_Ia
ZTF25abuoijl,events/ZTF25abuoijl.npz,SN Ia,SNI,core,29,14,15,True,SN_Ia
ZTF21aaloalc,events/ZTF21aaloalc.npz,SN Ia,SNI,core,44,19,25,True,SN_Ia
ZTF22aatghyo,events/ZTF22aatghyo.npz,SN Ia,SNI,core,41,16,25,True,SN_Ia
ZTF18accnlhl,events/ZTF18accnlhl.npz,AGN,AGN,core,22,12,10,True,AGN
ZTF18acvweal,events/ZTF18acvweal.npz,SN Ia,SNI,core,12,5,7,True,SN_Ia
ZTF21aapdulz,events/ZTF21aapdulz.npz,SN II,SNII,core,45,27,18,True,SN_CC
ZTF19acjnatv,events/ZTF19acjnatv.npz,SN Ia,SNI,core,8,2,6,True,SN_Ia
ZTF21aagkhwf,events/ZTF21aagkhwf.npz,SN Ia,SNI,core,32,16,16,True,SN_Ia
ZTF24aboucqs,events/ZTF24aboucqs.npz,SN Ia,SNI,core,8,5,3,True,SN_Ia
ZTF23aapksof,events/ZTF23aapksof.npz,SN Ia,SNI,core,72,35,37,True,SN_Ia
ZTF24aakdffc,events/ZTF24aakdffc.npz,SN Ia,SNI,core,31,17,13,True,SN_Ia
ZTF19acfsqjx,events/ZTF19acfsqjx.npz,SN Ia,SNI,core,44,21,23,True,SN_Ia
ZTF22abqyiaa,events/ZTF22abqyiaa.npz,SN Ia,SNI,core,26,13,13,True,SN_Ia
ZTF23abpznvm,events/ZTF23abpznvm.npz,SN IIn,SNII,core,44,23,21,True,SN_CC
ZTF23aaazffe,events/ZTF23aaazffe.npz,SN Ic,SNI,core,30,15,15,True,SN_CC
ZTF19aaeicsm,events/ZTF19aaeicsm.npz,SN Ia,SNI,core,16,6,10,True,SN_Ia
ZTF25aawmdtp,events/ZTF25aawmdtp.npz,SN Ic,SNI,core,18,5,13,True,SN_CC
ZTF20accmtgt,events/ZTF20accmtgt.npz,SN Ia,SNI,core,49,26,23,True,SN_Ia
ZTF21aanfuuk,events/ZTF21aanfuuk.npz,SN II,SNII,core,10,6,4,True,SN_CC
ZTF24aarqmlc,events/ZTF24aarqmlc.npz,SN Ia,SNI,core,11,5,6,True,SN_Ia
ZTF19aanmeyw,events/ZTF19aanmeyw.npz,SN Ia,SNI,core,29,13,16,True,SN_Ia
ZTF19aaluprf,events/ZTF19aaluprf.npz,SN Ia,SNI,core,13,6,7,True,SN_Ia
ZTF21aapffqd,events/ZTF21aapffqd.npz,SN II,SNII,core,33,16,17,True,SN_CC
ZTF25aadtdef,events/ZTF25aadtdef.npz,SN Ia,SNI,core,18,8,10,True,SN_Ia
ZTF22abxgnre,events/ZTF22abxgnre.npz,SN II,SNII,core,22,10,12,True,SN_CC
ZTF22abylryw,events/ZTF22abylryw.npz,SN Ia,SNI,core,18,8,10,True,SN_Ia
ZTF25aavozkg,events/ZTF25aavozkg.npz,SN Ic,SNI,core,15,8,7,True,SN_CC
ZTF25aancloh,events/ZTF25aancloh.npz,SN Ia,SNI,core,29,11,18,True,SN_Ia
ZTF21aasyydo,events/ZTF21aasyydo.npz,SN Ia,SNI,core,34,16,18,True,SN_Ia
ZTF19abpypvc,events/ZTF19abpypvc.npz,SN Ia,SNI,core,10,3,7,True,SN_Ia
ZTF18aawpwlf,events/ZTF18aawpwlf.npz,SN II,SNII,core,25,13,12,True,SN_CC
ZTF24aaekofc,events/ZTF24aaekofc.npz,SN II,SNII,core,41,15,23,True,SN_CC
ZTF22aajeyek,events/ZTF22aajeyek.npz,SN II,SNII,core,44,20,24,True,SN_CC
ZTF20abzbfct,events/ZTF20abzbfct.npz,SN Ia,SNI,core,60,27,33,True,SN_Ia
ZTF20abjkxwa,events/ZTF20abjkxwa.npz,SN Ia,SNI,core,123,55,68,True,SN_Ia
ZTF23aaizjbj,events/ZTF23aaizjbj.npz,SN Ia,SNI,core,31,14,17,True,SN_Ia
ZTF23aamqzyz,events/ZTF23aamqzyz.npz,SN Ia,SNI,core,61,31,30,True,SN_Ia
ZTF21abahyyj,events/ZTF21abahyyj.npz,SN Ia,SNI,core,30,14,16,True,SN_Ia
ZTF21acjosti,events/ZTF21acjosti.npz,SN Ia,SNI,core,14,7,7,True,SN_Ia
ZTF25aboftol,events/ZTF25aboftol.npz,SN Ib,SNI,core,51,23,28,True,SN_CC
ZTF23abhvuft,events/ZTF23abhvuft.npz,SN Ia,SNI,core,36,18,18,True,SN_Ia
ZTF25aalughb,events/ZTF25aalughb.npz,SN Ia,SNI,core,48,26,22,True,SN_Ia
ZTF20abmsxxr,events/ZTF20abmsxxr.npz,SN Ia,SNI,core,26,8,18,True,SN_Ia
ZTF24abbtigi,events/ZTF24abbtigi.npz,SN Ia,SNI,core,15,6,9,True,SN_Ia
ZTF18aazsabq,events/ZTF18aazsabq.npz,SN Ia,SNI,core,27,10,17,True,SN_Ia
ZTF20aappghn,events/ZTF20aappghn.npz,SN Ia,SNI,core,10,3,7,True,SN_Ia
ZTF20abzjvse,events/ZTF20abzjvse.npz,SN Ia,SNI,core,64,30,34,True,SN_Ia
ZTF21ablvtrn,events/ZTF21ablvtrn.npz,SN Ia,SNI,core,19,11,8,True,SN_Ia
ZTF20aauoipy,events/ZTF20aauoipy.npz,SN II,SNII,core,22,9,13,True,SN_CC
ZTF23aavvdix,events/ZTF23aavvdix.npz,SN II,SNII,core,117,52,65,True,SN_CC
ZTF25abqzeqy,events/ZTF25abqzeqy.npz,SN Ia,SNI,core,37,18,19,True,SN_Ia
ZTF18acuatde,events/ZTF18acuatde.npz,CV,CV,core,13,5,8,True,CV
ZTF22abajudi,events/ZTF22abajudi.npz,TDE,TDE,core,48,27,21,True,TDE
ZTF19aademoc,events/ZTF19aademoc.npz,AGN,AGN,core,23,12,11,True,AGN
ZTF19acbjagc,events/ZTF19acbjagc.npz,CV,CV,core,8,4,4,True,CV
ZTF19abuayqg,events/ZTF19abuayqg.npz,SN Ia,SNI,core,44,19,25,True,SN_Ia
ZTF24aaymouy,events/ZTF24aaymouy.npz,SN Ia,SNI,core,29,13,16,True,SN_Ia
ZTF25aazqavg,events/ZTF25aazqavg.npz,SN Ia,SNI,core,86,27,37,True,SN_Ia
ZTF22aaknmzk,events/ZTF22aaknmzk.npz,SN Ia,SNI,core,37,18,19,True,SN_Ia
ZTF21abbqeea,events/ZTF21abbqeea.npz,SLSN-I,NOVEL,novel,69,34,35,True,SLSN
ZTF23aajkeia,events/ZTF23aajkeia.npz,SN Ia,SNI,core,32,15,17,True,SN_Ia
ZTF22abjaqoq,events/ZTF22abjaqoq.npz,SN Ia,SNI,core,27,10,17,True,SN_Ia
ZTF19abqqmui,events/ZTF19abqqmui.npz,SN Ia,SNI,core,19,7,12,True,SN_Ia
ZTF21abovblm,events/ZTF21abovblm.npz,SN Ia,SNI,core,11,6,5,True,SN_Ia
ZTF23aavzyit,events/ZTF23aavzyit.npz,SN Ia,SNI,core,38,16,22,True,SN_Ia
ZTF22abmdqzf,events/ZTF22abmdqzf.npz,SN Ia-91bg,SNI,core,19,9,10,True,SN_Ia
ZTF25abxlcab,events/ZTF25abxlcab.npz,SLSN-I,NOVEL,novel,44,20,24,True,SLSN
ZTF19aanlekq,events/ZTF19aanlekq.npz,SN II,SNII,core,36,14,22,True,SN_CC
ZTF23aaaymxr,events/ZTF23aaaymxr.npz,SN Ia,SNI,core,12,4,8,True,SN_Ia
ZTF25abmsodq,events/ZTF25abmsodq.npz,SN Ia,SNI,core,27,12,15,True,SN_Ia
ZTF25aagbifh,events/ZTF25aagbifh.npz,SN Ia,SNI,core,9,5,4,True,SN_Ia
ZTF20acjrytv,events/ZTF20acjrytv.npz,SN Ia,SNI,core,15,6,9,True,SN_Ia
ZTF20aaispgr,events/ZTF20aaispgr.npz,SN Ia,SNI,core,18,10,8,True,SN_Ia
ZTF23aavugjj,events/ZTF23aavugjj.npz,SN Ia,SNI,core,46,18,28,True,SN_Ia
ZTF24aaegskb,events/ZTF24aaegskb.npz,SN Ia,SNI,core,12,4,8,True,SN_Ia
ZTF23aapthmh,events/ZTF23aapthmh.npz,SN Ia,SNI,core,30,13,17,True,SN_Ia
ZTF18acbwghc,events/ZTF18acbwghc.npz,SN Ia,SNI,core,45,24,21,True,SN_Ia
ZTF21aavdqgf,events/ZTF21aavdqgf.npz,SLSN-I,NOVEL,novel,55,28,27,True,SLSN
ZTF25aaiokdh,events/ZTF25aaiokdh.npz,SN Ia,SNI,core,14,7,7,True,SN_Ia
ZTF23abizggb,events/ZTF23abizggb.npz,SN Ia,SNI,core,12,7,5,True,SN_Ia
ZTF20aasuiks,events/ZTF20aasuiks.npz,AGN,AGN,core,17,8,9,True,AGN
ZTF18abbpeqo,events/ZTF18abbpeqo.npz,SN Ia,SNI,core,56,21,35,True,SN_Ia
ZTF18abxdker,events/ZTF18abxdker.npz,CV,CV,core,11,8,3,True,CV
ZTF18abjtgdo,events/ZTF18abjtgdo.npz,SN Ia,SNI,core,25,11,14,True,SN_Ia
ZTF22abcvfgs,events/ZTF22abcvfgs.npz,SLSN-I,NOVEL,novel,44,29,15,True,SLSN
ZTF19aaobwpx,events/ZTF19aaobwpx.npz,SN Ia,SNI,core,20,8,12,True,SN_Ia
ZTF24abwtpan,events/ZTF24abwtpan.npz,SN Ia,SNI,core,18,8,10,True,SN_Ia
ZTF24absznsg,events/ZTF24absznsg.npz,SN Ia,SNI,core,19,14,5,True,SN_Ia
ZTF21aaxtjvm,events/ZTF21aaxtjvm.npz,SN Ia,SNI,core,29,13,16,True,SN_Ia
ZTF19aaujzqh,events/ZTF19aaujzqh.npz,SN Ia,SNI,core,52,26,26,True,SN_Ia
ZTF23aaejwkh,events/ZTF23aaejwkh.npz,SN Ia,SNI,core,20,9,11,True,SN_Ia
ZTF21acbpbia,events/ZTF21acbpbia.npz,SN Ia,SNI,core,26,12,14,True,SN_Ia
ZTF20acnwjwp,events/ZTF20acnwjwp.npz,SN Ia,SNI,core,24,10,14,True,SN_Ia
ZTF24aaheqkp,events/ZTF24aaheqkp.npz,SN Ia,SNI,core,28,11,17,True,SN_Ia
ZTF20abmectx,events/ZTF20abmectx.npz,SN Ia,SNI,core,20,12,8,True,SN_Ia
ZTF25aapclig,events/ZTF25aapclig.npz,SN Ia-91bg,SNI,core,14,8,6,True,SN_Ia
ZTF22aangixh,events/ZTF22aangixh.npz,SN Ia,SNI,core,35,13,22,True,SN_Ia
ZTF22abpzyzz,events/ZTF22abpzyzz.npz,SN Ia,SNI,core,22,11,11,True,SN_Ia
ZTF19abxigfc,events/ZTF19abxigfc.npz,SN Ia,SNI,core,10,5,5,True,SN_Ia
ZTF20abpscln,events/ZTF20abpscln.npz,SN Ia,SNI,core,84,31,53,True,SN_Ia
ZTF22abgheca,events/ZTF22abgheca.npz,SN IIP,SNII,core,51,29,22,True,SN_CC
ZTF22abaseoc,events/ZTF22abaseoc.npz,SN Ia,SNI,core,20,11,9,True,SN_Ia
ZTF18aakecej,events/ZTF18aakecej.npz,SN Ia,SNI,core,22,12,10,True,SN_Ia
ZTF25abudaqa,events/ZTF25abudaqa.npz,SN II,SNII,core,29,13,16,True,SN_CC
ZTF19acerhgs,events/ZTF19acerhgs.npz,CV,CV,core,25,13,12,True,CV
ZTF22aahmbwn,events/ZTF22aahmbwn.npz,SN Ia,SNI,core,23,6,17,True,SN_Ia
ZTF19aailuvj,events/ZTF19aailuvj.npz,SN Ia,SNI,core,18,8,10,True,SN_Ia
ZTF19ackjene,events/ZTF19ackjene.npz,SN IIb,SNII,core,13,5,8,True,SN_CC
ZTF18abffdpa,events/ZTF18abffdpa.npz,SN Ia,SNI,core,59,28,31,True,SN_Ia
ZTF22aaahesb,events/ZTF22aaahesb.npz,SN II,SNII,core,38,20,18,True,SN_CC
ZTF22abnfsjo,events/ZTF22abnfsjo.npz,SN Ia-91T,SNI,core,39,17,22,True,SN_Ia
ZTF21aaqjmps,events/ZTF21aaqjmps.npz,SN II,SNII,core,65,32,33,True,SN_CC
ZTF25aadhuhm,events/ZTF25aadhuhm.npz,SN II,SNII,core,12,7,5,True,SN_CC
ZTF21aajmkrd,events/ZTF21aajmkrd.npz,SN Ia,SNI,core,30,18,12,True,SN_Ia
ZTF21aalezap,events/ZTF21aalezap.npz,SN Ia-pec,SNI,core,34,13,21,True,SN_Ia
ZTF20adaduxg,events/ZTF20adaduxg.npz,SN II,SNII,core,82,38,44,True,SN_CC
ZTF20acxkfrm,events/ZTF20acxkfrm.npz,SN II,SNII,core,50,13,37,True,SN_CC
ZTF21aavhsdw,events/ZTF21aavhsdw.npz,SN Ia,SNI,core,21,11,10,True,SN_Ia
ZTF23abjzkqu,events/ZTF23abjzkqu.npz,SN Ia,SNI,core,33,18,15,True,SN_Ia
ZTF21aagsysd,events/ZTF21aagsysd.npz,SN II,SNII,core,60,22,38,True,SN_CC
ZTF20abeeyrs,events/ZTF20abeeyrs.npz,SN Ia,SNI,core,20,9,11,True,SN_Ia
ZTF21aapxogj,events/ZTF21aapxogj.npz,SN II,SNII,core,40,19,21,True,SN_CC
ZTF18abffyqp,events/ZTF18abffyqp.npz,SN II,SNII,core,37,18,19,True,SN_CC
ZTF21aagtqkc,events/ZTF21aagtqkc.npz,AGN,AGN,core,51,27,24,True,AGN
ZTF19abimlck,events/ZTF19abimlck.npz,SN Ia,SNI,core,170,27,143,True,SN_Ia
ZTF22aaylnhq,events/ZTF22aaylnhq.npz,SN Ia,SNI,core,45,19,26,True,SN_Ia
ZTF21acoqbuo,events/ZTF21acoqbuo.npz,SN Ia,SNI,core,8,4,4,True,SN_Ia
ZTF22aaohpmz,events/ZTF22aaohpmz.npz,SN Ia,SNI,core,26,12,14,True,SN_Ia
ZTF19aakiyly,events/ZTF19aakiyly.npz,SN Ia,SNI,core,21,7,14,True,SN_Ia
ZTF20aarcpql,events/ZTF20aarcpql.npz,SN Ia,SNI,core,20,8,12,True,SN_Ia
ZTF19acdtpow,events/ZTF19acdtpow.npz,SN Ia,SNI,core,18,9,9,True,SN_Ia
ZTF25aaiylpu,events/ZTF25aaiylpu.npz,SN II,SNII,core,21,11,10,True,SN_CC
ZTF24abuuyen,events/ZTF24abuuyen.npz,SN Ia,SNI,core,20,8,12,True,SN_Ia
ZTF21aavhlry,events/ZTF21aavhlry.npz,SN Ia,SNI,core,52,24,28,True,SN_Ia
ZTF25aarutzn,events/ZTF25aarutzn.npz,SN Ia,SNI,core,11,6,5,True,SN_Ia
ZTF18aaxkjmm,events/ZTF18aaxkjmm.npz,SN Ia,SNI,core,25,8,17,True,SN_Ia
ZTF19achagst,events/ZTF19achagst.npz,SN Ia,SNI,core,25,9,16,True,SN_Ia
ZTF21abothvq,events/ZTF21abothvq.npz,SN Ia,SNI,core,50,24,26,True,SN_Ia
ZTF21aanvncv,events/ZTF21aanvncv.npz,SN Ib/c,SNI,core,49,13,36,True,SN_CC
ZTF23aarytnu,events/ZTF23aarytnu.npz,SN II,SNII,core,40,18,22,True,SN_CC
ZTF20abglyot,events/ZTF20abglyot.npz,SN Ia,SNI,core,30,9,21,True,SN_Ia
ZTF20aaifzfk,events/ZTF20aaifzfk.npz,SN II,SNII,core,46,19,27,True,SN_CC
ZTF21aakyqkb,events/ZTF21aakyqkb.npz,SN Ia,SNI,core,34,15,19,True,SN_Ia
ZTF25aatkssj,events/ZTF25aatkssj.npz,SN Iax,SNI,peculiar,11,3,8,True,SN_Ia
ZTF19aavkhuy,events/ZTF19aavkhuy.npz,SN Ia,SNI,core,26,13,13,True,SN_Ia
ZTF22aajhlat,events/ZTF22aajhlat.npz,SN Ia,SNI,core,16,7,9,True,SN_Ia
ZTF24abxwizt,events/ZTF24abxwizt.npz,SN Ia,SNI,core,16,8,8,True,SN_Ia
ZTF22aazgmum,events/ZTF22aazgmum.npz,SN Ia,SNI,core,19,8,11,True,SN_Ia
ZTF19aabbnzo,events/ZTF19aabbnzo.npz,TDE,TDE,core,28,13,15,True,TDE
ZTF19acbrzzr,events/ZTF19acbrzzr.npz,SN II,SNII,core,30,12,18,True,SN_CC
ZTF22aawzdti,events/ZTF22aawzdti.npz,SN Ia,SNI,core,46,22,24,True,SN_Ia
ZTF23aabtfho,events/ZTF23aabtfho.npz,SN Ia,SNI,core,46,33,13,True,SN_Ia
ZTF19aavhblr,events/ZTF19aavhblr.npz,SN II,SNII,core,36,13,23,True,SN_CC
ZTF17aacpbmv,events/ZTF17aacpbmv.npz,SN Ic,SNI,core,16,7,9,True,SN_CC
ZTF20aairvsi,events/ZTF20aairvsi.npz,SN Ia,SNI,core,33,14,19,True,SN_Ia
ZTF21acgqhru,events/ZTF21acgqhru.npz,SN II,SNII,core,26,13,13,True,SN_CC
ZTF20aakxwgy,events/ZTF20aakxwgy.npz,SN Ia,SNI,core,17,5,12,True,SN_Ia
ZTF21acgyywa,events/ZTF21acgyywa.npz,SN II,SNII,core,20,10,10,True,SN_CC
ZTF22aalpfln,events/ZTF22aalpfln.npz,SN Ia-91T,SNI,core,28,17,11,True,SN_Ia
ZTF23aaqixha,events/ZTF23aaqixha.npz,SN Ia,SNI,core,22,20,2,True,SN_Ia
ZTF18abchinz,events/ZTF18abchinz.npz,AGN,AGN,core,75,38,37,True,AGN
ZTF20aagzchj,events/ZTF20aagzchj.npz,SN Ia,SNI,core,22,11,11,True,SN_Ia
ZTF19aarhxgn,events/ZTF19aarhxgn.npz,SN Ia,SNI,core,15,7,8,True,SN_Ia
ZTF19aarfkch,events/ZTF19aarfkch.npz,SN IIb,SNII,core,76,26,50,True,SN_CC
ZTF24abcrgam,events/ZTF24abcrgam.npz,SN Ia,SNI,core,26,14,12,True,SN_Ia
ZTF24aajhlhf,events/ZTF24aajhlhf.npz,SN Ia,SNI,core,44,28,16,True,SN_Ia
ZTF18acsofdh,events/ZTF18acsofdh.npz,SN Ia,SNI,core,13,5,8,True,SN_Ia
ZTF19abyflzw,events/ZTF19abyflzw.npz,SN Ia,SNI,core,124,57,67,True,SN_Ia
ZTF23abhzoyw,events/ZTF23abhzoyw.npz,SN Ia,SNI,core,20,10,10,True,SN_Ia
ZTF19adfuzrc,events/ZTF19adfuzrc.npz,SN Ia,SNI,core,32,17,15,True,SN_Ia
ZTF19adafqoe,events/ZTF19adafqoe.npz,SN Ia,SNI,core,30,12,18,True,SN_Ia
ZTF25abjecux,events/ZTF25abjecux.npz,SN II,SNII,core,97,17,80,True,SN_CC
ZTF19aaezwmr,events/ZTF19aaezwmr.npz,SN Ia,SNI,core,10,3,7,True,SN_Ia
ZTF23aadudtr,events/ZTF23aadudtr.npz,SN Ic,SNI,core,15,4,11,True,SN_CC
ZTF22aakaygk,events/ZTF22aakaygk.npz,SN II,SNII,core,72,33,39,True,SN_CC
ZTF23aaaehem,events/ZTF23aaaehem.npz,SN Ia,SNI,core,24,10,14,True,SN_Ia
ZTF24abwsvdz,events/ZTF24abwsvdz.npz,SN Ia,SNI,core,24,19,5,True,SN_Ia
ZTF23ababkmo,events/ZTF23ababkmo.npz,SN II,SNII,core,61,30,31,True,SN_CC
ZTF25aasnrmc,events/ZTF25aasnrmc.npz,SN Ia,SNI,core,38,13,24,True,SN_Ia
ZTF20abmspyz,events/ZTF20abmspyz.npz,SN Ia,SNI,core,11,6,5,True,SN_Ia
ZTF18abtogdl,events/ZTF18abtogdl.npz,SN Ia,SNI,core,10,7,3,True,SN_Ia
ZTF25aaluerd,events/ZTF25aaluerd.npz,SN II,SNII,core,76,34,42,True,SN_CC
ZTF20aabqkla,events/ZTF20aabqkla.npz,SN Ia,SNI,core,10,3,7,True,SN_Ia
ZTF22abfvsbt,events/ZTF22abfvsbt.npz,SN Ia,SNI,core,15,8,7,True,SN_Ia
ZTF24abiktwr,events/ZTF24abiktwr.npz,SN Ia,SNI,core,38,22,16,True,SN_Ia
ZTF19aayfaum,events/ZTF19aayfaum.npz,SN Ia,SNI,core,47,23,24,True,SN_Ia
ZTF20abxyjtx,events/ZTF20abxyjtx.npz,SN II,SNII,core,9,4,5,True,SN_CC
ZTF24abcnnlb,events/ZTF24abcnnlb.npz,SN Ia,SNI,core,26,11,15,True,SN_Ia
ZTF24abnafgr,events/ZTF24abnafgr.npz,SN Ic,SNI,core,19,5,14,True,SN_CC
ZTF19aailvhf,events/ZTF19aailvhf.npz,SN II,SNII,core,21,10,11,True,SN_CC
ZTF19aapafit,events/ZTF19aapafit.npz,SN II,SNII,core,47,22,25,True,SN_CC
ZTF19acbmjrp,events/ZTF19acbmjrp.npz,SN Ia,SNI,core,25,10,15,True,SN_Ia
ZTF25aatupjy,events/ZTF25aatupjy.npz,SN Ia,SNI,core,21,11,10,True,SN_Ia
ZTF23aaqqjxv,events/ZTF23aaqqjxv.npz,SN Ia,SNI,core,14,5,9,True,SN_Ia
ZTF23aaapldg,events/ZTF23aaapldg.npz,SN Ia,SNI,core,11,5,6,True,SN_Ia
ZTF24abydqbu,events/ZTF24abydqbu.npz,SN Ia,SNI,core,15,7,8,True,SN_Ia
ZTF24abzkdil,events/ZTF24abzkdil.npz,SN Ia,SNI,core,13,6,7,True,SN_Ia
ZTF21acermmd,events/ZTF21acermmd.npz,SN Ia,SNI,core,40,18,22,True,SN_Ia
ZTF22aaimbfz,events/ZTF22aaimbfz.npz,SN Ia,SNI,core,23,12,11,True,SN_Ia
ZTF22abcuctb,events/ZTF22abcuctb.npz,SN Ia,SNI,core,19,9,10,True,SN_Ia
ZTF22aativsd,events/ZTF22aativsd.npz,SN II,SNII,core,81,41,40,True,SN_CC
ZTF18aarszsc,events/ZTF18aarszsc.npz,AGN,AGN,core,11,9,2,True,AGN
ZTF23aamwiqd,events/ZTF23aamwiqd.npz,SN Ia,SNI,core,30,10,20,True,SN_Ia
ZTF19abgbkwv,events/ZTF19abgbkwv.npz,SN Ia,SNI,core,16,7,9,True,SN_Ia
ZTF20abegate,events/ZTF20abegate.npz,SN Ia,SNI,core,73,32,41,True,SN_Ia
ZTF21abcwsho,events/ZTF21abcwsho.npz,SN Ia,SNI,core,23,11,12,True,SN_Ia
ZTF20abgxlut,events/ZTF20abgxlut.npz,AGN,AGN,core,38,20,18,True,AGN
ZTF18aaxmhvk,events/ZTF18aaxmhvk.npz,SN Ia,SNI,core,28,9,19,True,SN_Ia
ZTF19acyqdxa,events/ZTF19acyqdxa.npz,SN Ia,SNI,core,26,11,15,True,SN_Ia
ZTF24abmuwqd,events/ZTF24abmuwqd.npz,SN Ia,SNI,core,27,12,15,True,SN_Ia
ZTF18aaaorhy,events/ZTF18aaaorhy.npz,AGN,AGN,core,11,9,2,True,AGN
ZTF24abxzhim,events/ZTF24abxzhim.npz,SN Ia,SNI,core,23,13,10,True,SN_Ia
ZTF18acbzoyh,events/ZTF18acbzoyh.npz,SN IIb,SNII,core,14,5,9,True,SN_CC
ZTF20aasijew,events/ZTF20aasijew.npz,SN II,SNII,core,35,13,22,True,SN_CC
ZTF18abwlupf,events/ZTF18abwlupf.npz,SLSN-II,SNII,peculiar,9,4,5,True,SLSN
ZTF20acwkwqn,events/ZTF20acwkwqn.npz,SN Ia,SNI,core,32,13,19,True,SN_Ia
ZTF20abqnztv,events/ZTF20abqnztv.npz,SN Ia,SNI,core,14,6,8,True,SN_Ia
ZTF23ablkbom,events/ZTF23ablkbom.npz,SN Ia-SC,SNI,peculiar,48,25,23,True,SN_Ia
ZTF23abauhvi,events/ZTF23abauhvi.npz,SN Ia,SNI,core,39,16,23,True,SN_Ia
ZTF24aakajby,events/ZTF24aakajby.npz,SN Ia,SNI,core,36,22,14,True,SN_Ia
ZTF23aaiytpy,events/ZTF23aaiytpy.npz,SN Ia,SNI,core,41,29,12,True,SN_Ia
ZTF18acahbqb,events/ZTF18acahbqb.npz,AGN,AGN,core,29,13,16,True,AGN
ZTF23absdvtp,events/ZTF23absdvtp.npz,SN Ia,SNI,core,11,4,7,True,SN_Ia
ZTF20abajdvf,events/ZTF20abajdvf.npz,SN Ia,SNI,core,28,11,17,True,SN_Ia
ZTF20acaapwk,events/ZTF20acaapwk.npz,SN Ia,SNI,core,9,2,7,True,SN_Ia
ZTF21acdenty,events/ZTF21acdenty.npz,SN Ia,SNI,core,27,15,12,True,SN_Ia
ZTF20aacewxb,events/ZTF20aacewxb.npz,SN II,SNII,core,13,4,9,True,SN_CC
ZTF22abeijrg,events/ZTF22abeijrg.npz,SN Ia,SNI,core,26,15,11,True,SN_Ia
ZTF20abgbiet,events/ZTF20abgbiet.npz,SN Ia,SNI,core,11,4,7,True,SN_Ia
ZTF19abrbmvt,events/ZTF19abrbmvt.npz,SN II,SNII,core,71,29,42,True,SN_CC
ZTF19acgjosf,events/ZTF19acgjosf.npz,SN Ia,SNI,core,60,24,36,True,SN_Ia
ZTF22aajowwt,events/ZTF22aajowwt.npz,SN II,SNII,core,32,13,19,True,SN_CC
ZTF19aanonjt,events/ZTF19aanonjt.npz,SN Ia,SNI,core,13,6,7,True,SN_Ia
ZTF23aaotvsl,events/ZTF23aaotvsl.npz,SN Ia,SNI,core,38,16,22,True,SN_Ia
ZTF21abahgst,events/ZTF21abahgst.npz,SN Ia,SNI,core,34,11,23,True,SN_Ia
ZTF23aaekejj,events/ZTF23aaekejj.npz,SN Ia,SNI,core,25,10,15,True,SN_Ia
ZTF19abgrchq,events/ZTF19abgrchq.npz,SN II,SNII,core,17,5,12,True,SN_CC
ZTF21aaxksct,events/ZTF21aaxksct.npz,SN Ia,SNI,core,31,15,16,True,SN_Ia
ZTF20acrdadi,events/ZTF20acrdadi.npz,SN Ia,SNI,core,9,4,5,True,SN_Ia
ZTF21aakybgi,events/ZTF21aakybgi.npz,SN Ia,SNI,core,17,10,7,True,SN_Ia
ZTF22abfuosd,events/ZTF22abfuosd.npz,SN Ia,SNI,core,20,11,9,True,SN_Ia
ZTF25abmnhes,events/ZTF25abmnhes.npz,SN Ia,SNI,core,18,8,10,True,SN_Ia
ZTF19acardcs,events/ZTF19acardcs.npz,SN Ia,SNI,core,15,7,8,True,SN_Ia
ZTF25acembpx,events/ZTF25acembpx.npz,SN Ia,SNI,core,15,4,11,True,SN_Ia
ZTF23absbygq,events/ZTF23absbygq.npz,SN Ia,SNI,core,23,15,8,True,SN_Ia
ZTF21aaqwjlz,events/ZTF21aaqwjlz.npz,SN Ia,SNI,core,81,40,41,True,SN_Ia
ZTF23abvryfw,events/ZTF23abvryfw.npz,SN Ia,SNI,core,17,9,8,True,SN_Ia
ZTF20aaaddgy,events/ZTF20aaaddgy.npz,SN IIn,SNII,core,68,36,32,True,SN_CC
ZTF22aadexro,events/ZTF22aadexro.npz,SN Ia,SNI,core,21,9,12,True,SN_Ia
ZTF20acpxvez,events/ZTF20acpxvez.npz,SN Ia,SNI,core,32,15,17,True,SN_Ia
ZTF20aacevxq,events/ZTF20aacevxq.npz,SN Ia,SNI,core,33,16,17,True,SN_Ia
ZTF19abueupg,events/ZTF19abueupg.npz,SN II,SNII,core,123,60,63,True,SN_CC
ZTF21aatjavc,events/ZTF21aatjavc.npz,SN Ia,SNI,core,23,11,12,True,SN_Ia
ZTF25abkrljh,events/ZTF25abkrljh.npz,SN Ia,SNI,core,28,15,13,True,SN_Ia
ZTF18aavqdyq,events/ZTF18aavqdyq.npz,SN II,SNII,core,46,22,24,True,SN_CC
ZTF23aaoxngr,events/ZTF23aaoxngr.npz,SN Ia,SNI,core,73,34,39,True,SN_Ia
ZTF23aaaaiuc,events/ZTF23aaaaiuc.npz,SN Ia,SNI,core,11,4,7,True,SN_Ia
ZTF19aaloqmd,events/ZTF19aaloqmd.npz,SN II,SNII,core,43,15,28,True,SN_CC
ZTF21ablrhtk,events/ZTF21ablrhtk.npz,SN Ia,SNI,core,30,13,17,True,SN_Ia
ZTF21abmdnft,events/ZTF21abmdnft.npz,SN Ia,SNI,core,16,6,10,True,SN_Ia
ZTF20abmgzuf,events/ZTF20abmgzuf.npz,CV,CV,core,17,7,10,True,CV
ZTF19accmboe,events/ZTF19accmboe.npz,SN Ia,SNI,core,34,18,16,True,SN_Ia
ZTF23aadrttb,events/ZTF23aadrttb.npz,SN Ia,SNI,core,14,12,2,True,SN_Ia
ZTF23aackdba,events/ZTF23aackdba.npz,SN II,SNII,core,26,11,15,True,SN_CC
ZTF25acgfksh,events/ZTF25acgfksh.npz,SN Ia,SNI,core,18,8,10,True,SN_Ia
ZTF21abaphri,events/ZTF21abaphri.npz,SN Ia,SNI,core,28,12,16,True,SN_Ia
ZTF25acgmrgz,events/ZTF25acgmrgz.npz,SN Ia,SNI,core,17,8,9,True,SN_Ia
ZTF21abmxkcq,events/ZTF21abmxkcq.npz,SN IIb,SNII,core,13,8,5,True,SN_CC
ZTF21aauzzny,events/ZTF21aauzzny.npz,SN Ia,SNI,core,17,7,10,True,SN_Ia
ZTF23abqiykq,events/ZTF23abqiykq.npz,SN Ic-BL,SNI,core,16,8,8,True,SN_CC
ZTF20ackdkva,events/ZTF20ackdkva.npz,SN Ia,SNI,core,25,13,12,True,SN_Ia
ZTF24aavydau,events/ZTF24aavydau.npz,SN Ia,SNI,core,45,18,27,True,SN_Ia
ZTF21abwunpp,events/ZTF21abwunpp.npz,SN Ia,SNI,core,17,6,11,True,SN_Ia
ZTF18accngfb,events/ZTF18accngfb.npz,SN Ia,SNI,core,20,5,15,True,SN_Ia
ZTF21aaoqcnh,events/ZTF21aaoqcnh.npz,SN Ia,SNI,core,31,10,21,True,SN_Ia
ZTF21aazfmxb,events/ZTF21aazfmxb.npz,SN Ia,SNI,core,39,16,23,True,SN_Ia
ZTF20acpqbfu,events/ZTF20acpqbfu.npz,SN II,SNII,core,29,14,15,True,SN_CC
ZTF22abmsaxp,events/ZTF22abmsaxp.npz,SN II,SNII,core,39,22,17,True,SN_CC
ZTF19aanovps,events/ZTF19aanovps.npz,SN II,SNII,core,41,19,22,True,SN_CC
ZTF22abyokkf,events/ZTF22abyokkf.npz,SN II,SNII,core,25,13,12,True,SN_CC
ZTF25abxvhmk,events/ZTF25abxvhmk.npz,TDE-H-He,TDE,peculiar,45,26,19,True,TDE
ZTF19acjwdnu,events/ZTF19acjwdnu.npz,SN II,SNII,core,22,10,12,True,SN_CC
ZTF23aanpuwv,events/ZTF23aanpuwv.npz,SN Ia,SNI,core,50,15,35,True,SN_Ia
ZTF20ablqbvc,events/ZTF20ablqbvc.npz,SN Ia,SNI,core,41,17,24,True,SN_Ia
ZTF19aaljcsu,events/ZTF19aaljcsu.npz,SN Ia,SNI,core,8,4,4,True,SN_Ia
ZTF19aaktpns,events/ZTF19aaktpns.npz,SN Ia-pec,SNI,core,14,7,7,True,SN_Ia
ZTF20acuimtq,events/ZTF20acuimtq.npz,SN Ia,SNI,core,29,12,17,True,SN_Ia
ZTF24abhptym,events/ZTF24abhptym.npz,SN II,SNII,core,26,4,22,True,SN_CC
ZTF19acrcupt,events/ZTF19acrcupt.npz,SN Ia,SNI,core,21,9,12,True,SN_Ia
ZTF25aapuyuf,events/ZTF25aapuyuf.npz,SN Ia,SNI,core,33,14,19,True,SN_Ia
ZTF21abqzays,events/ZTF21abqzays.npz,SN Ia,SNI,core,23,10,13,True,SN_Ia
ZTF24aabbxvs,events/ZTF24aabbxvs.npz,AGN,AGN,core,361,2,359,True,AGN
ZTF25acilyrg,events/ZTF25acilyrg.npz,SN Ia,SNI,core,42,29,11,True,SN_Ia
ZTF21abotose,events/ZTF21abotose.npz,SN IIb,SNII,core,26,12,14,True,SN_CC
ZTF20aadyyvk,events/ZTF20aadyyvk.npz,SN IIn,SNII,core,184,91,93,True,SN_CC
ZTF22abfvvpv,events/ZTF22abfvvpv.npz,SN Ia,SNI,core,16,6,10,True,SN_Ia
ZTF20abcgjvq,events/ZTF20abcgjvq.npz,SN Ia,SNI,core,27,13,14,True,SN_Ia
ZTF24aahefwy,events/ZTF24aahefwy.npz,SN Ia,SNI,core,31,11,20,True,SN_Ia
ZTF22abakwvc,events/ZTF22abakwvc.npz,SN Ia-91bg,SNI,core,11,6,5,True,SN_Ia
ZTF18acxijqw,events/ZTF18acxijqw.npz,SN Ia,SNI,core,13,6,7,True,SN_Ia
ZTF19abppewc,events/ZTF19abppewc.npz,CV,CV,core,25,10,15,True,CV
ZTF21aamobbh,events/ZTF21aamobbh.npz,SN Ibn,SNI,peculiar,18,9,9,True,SN_CC
ZTF23aapcllu,events/ZTF23aapcllu.npz,SN II,SNII,core,51,19,32,True,SN_CC
ZTF20ackzfvn,events/ZTF20ackzfvn.npz,SN II,SNII,core,14,7,7,True,SN_CC
ZTF25aaoruek,events/ZTF25aaoruek.npz,SN Ia,SNI,core,36,17,19,True,SN_Ia
ZTF23aaqniyk,events/ZTF23aaqniyk.npz,SN II,SNII,core,43,16,27,True,SN_CC
ZTF24aatsiox,events/ZTF24aatsiox.npz,SN Ia,SNI,core,53,20,32,True,SN_Ia
ZTF19acrbyzj,events/ZTF19acrbyzj.npz,SN Ia,SNI,core,26,9,17,True,SN_Ia
ZTF19aanxgrz,events/ZTF19aanxgrz.npz,SN Ia,SNI,core,23,7,16,True,SN_Ia
ZTF25aaipveb,events/ZTF25aaipveb.npz,SN Ia,SNI,core,11,5,6,True,SN_Ia
ZTF21acjxsrf,events/ZTF21acjxsrf.npz,SN Ia,SNI,core,15,6,9,True,SN_Ia
ZTF19abkgjmj,events/ZTF19abkgjmj.npz,SN II,SNII,core,50,28,22,True,SN_CC
ZTF20aamoaim,events/ZTF20aamoaim.npz,SN II,SNII,core,14,6,8,True,SN_CC
ZTF22abtoves,events/ZTF22abtoves.npz,SN Ia,SNI,core,18,4,14,True,SN_Ia
ZTF25aajqkss,events/ZTF25aajqkss.npz,SN Ia,SNI,core,18,13,5,True,SN_Ia
ZTF20abzjpsv,events/ZTF20abzjpsv.npz,SN Ia,SNI,core,45,24,21,True,SN_Ia
ZTF24abxvqao,events/ZTF24abxvqao.npz,SN Ia,SNI,core,10,5,5,True,SN_Ia
ZTF22aagvrlq,events/ZTF22aagvrlq.npz,TDE,TDE,core,24,18,6,True,TDE
ZTF24abdjago,events/ZTF24abdjago.npz,SN Ia,SNI,core,31,15,15,True,SN_Ia
ZTF22aaajbnz,events/ZTF22aaajbnz.npz,SN IIn,SNII,core,12,5,7,True,SN_CC
ZTF20abndzyc,events/ZTF20abndzyc.npz,SN Ia,SNI,core,27,13,14,True,SN_Ia
ZTF21aaxswlc,events/ZTF21aaxswlc.npz,SN Ia,SNI,core,37,16,21,True,SN_Ia
ZTF20aadxcsc,events/ZTF20aadxcsc.npz,SN Ia,SNI,core,12,6,6,True,SN_Ia
ZTF21abhrchb,events/ZTF21abhrchb.npz,TDE,TDE,core,37,19,18,True,TDE
ZTF20abyzomt,events/ZTF20abyzomt.npz,SN II,SNII,core,75,40,35,True,SN_CC
ZTF21abplsmq,events/ZTF21abplsmq.npz,SN Ia,SNI,core,16,4,12,True,SN_Ia
ZTF24abkauuv,events/ZTF24abkauuv.npz,SN Ia,SNI,core,20,7,13,True,SN_Ia
ZTF24aawlglu,events/ZTF24aawlglu.npz,SN Ia,SNI,core,25,12,13,True,SN_Ia
ZTF18abucnqk,events/ZTF18abucnqk.npz,CV,CV,core,11,8,3,True,CV
ZTF21abpjpxr,events/ZTF21abpjpxr.npz,SN Ia,SNI,core,45,23,22,True,SN_Ia
ZTF19aaknqmp,events/ZTF19aaknqmp.npz,SLSN-I,NOVEL,novel,13,6,7,True,SLSN
ZTF18acrncou,events/ZTF18acrncou.npz,SN Ia,SNI,core,21,7,14,True,SN_Ia
ZTF23ablimhl,events/ZTF23ablimhl.npz,SN Ia,SNI,core,26,21,5,True,SN_Ia
ZTF20acwujgz,events/ZTF20acwujgz.npz,SN Ia,SNI,core,41,18,23,True,SN_Ia
ZTF20abbjwgc,events/ZTF20abbjwgc.npz,SN Ia,SNI,core,15,6,9,True,SN_Ia
ZTF25aairaww,events/ZTF25aairaww.npz,SN Ia,SNI,core,14,9,5,True,SN_Ia
ZTF23abeoblh,events/ZTF23abeoblh.npz,SN Ia,SNI,core,27,14,13,True,SN_Ia
ZTF24abmkoqc,events/ZTF24abmkoqc.npz,SN Ia,SNI,core,26,11,15,True,SN_Ia
ZTF20acwofhd,events/ZTF20acwofhd.npz,SN Ic,SNI,core,60,18,42,True,SN_CC
ZTF24abuvmuo,events/ZTF24abuvmuo.npz,SN IIb,SNII,core,34,12,22,True,SN_CC
ZTF25aagbsgv,events/ZTF25aagbsgv.npz,SN Ia,SNI,core,16,6,10,True,SN_Ia
ZTF24aaqajrc,events/ZTF24aaqajrc.npz,SN Ia,SNI,core,61,11,50,True,SN_Ia
ZTF22aakpyqw,events/ZTF22aakpyqw.npz,SN Ib,SNI,core,36,17,19,True,SN_CC
ZTF19aabvfwn,events/ZTF19aabvfwn.npz,SN Ia,SNI,core,10,6,4,True,SN_Ia
ZTF25ablgkgi,events/ZTF25ablgkgi.npz,SN Ic-BL,SNI,core,40,14,26,True,SN_CC
ZTF25abwkiga,events/ZTF25abwkiga.npz,SN II,SNII,core,63,26,37,True,SN_CC
ZTF20aaspvan,events/ZTF20aaspvan.npz,SN IIP,SNII,core,15,6,9,True,SN_CC
ZTF24aahjhtv,events/ZTF24aahjhtv.npz,SN Ia,SNI,core,8,6,2,True,SN_Ia
ZTF18abtfrbf,events/ZTF18abtfrbf.npz,SN Ia,SNI,core,16,9,7,True,SN_Ia
ZTF22aadeuwu,events/ZTF22aadeuwu.npz,SLSN-I,NOVEL,novel,73,34,39,True,SLSN
ZTF19abdduix,events/ZTF19abdduix.npz,SN Ia,SNI,core,13,8,5,True,SN_Ia
ZTF25aaoxgwp,events/ZTF25aaoxgwp.npz,SN Ia,SNI,core,70,26,44,True,SN_Ia
ZTF23aabyiby,events/ZTF23aabyiby.npz,SN Ia,SNI,core,9,6,3,True,SN_Ia
ZTF20aatvdwr,events/ZTF20aatvdwr.npz,SN IIP,SNII,core,37,18,19,True,SN_CC
ZTF19acbonaa,events/ZTF19acbonaa.npz,SLSN-I,NOVEL,novel,31,11,20,True,SLSN
ZTF19abgmkef,events/ZTF19abgmkef.npz,SN II,SNII,core,40,18,22,True,SN_CC
ZTF25abyqaky,events/ZTF25abyqaky.npz,SN Ia,SNI,core,37,18,19,True,SN_Ia
ZTF24aaumhmm,events/ZTF24aaumhmm.npz,SN Ia,SNI,core,57,27,30,True,SN_Ia
ZTF24aahhlmp,events/ZTF24aahhlmp.npz,SN Ia,SNI,core,28,26,2,True,SN_Ia
ZTF21aaekmoy,events/ZTF21aaekmoy.npz,SN Ia,SNI,core,19,8,11,True,SN_Ia
ZTF20abxcycq,events/ZTF20abxcycq.npz,SN Ia,SNI,core,15,7,8,True,SN_Ia
ZTF21abhibro,events/ZTF21abhibro.npz,SN IIn,SNII,core,46,21,25,True,SN_CC
ZTF25aaapkzn,events/ZTF25aaapkzn.npz,SN II,SNII,core,17,8,9,True,SN_CC
ZTF20aahbfmf,events/ZTF20aahbfmf.npz,SLSN-I,NOVEL,novel,23,8,15,True,SLSN
ZTF21abshszs,events/ZTF21abshszs.npz,SN Ia,SNI,core,22,5,17,True,SN_Ia
ZTF24aampakt,events/ZTF24aampakt.npz,SN II,SNII,core,34,30,4,True,SN_CC
ZTF22aabomyi,events/ZTF22aabomyi.npz,SLSN-II,SNII,peculiar,28,11,17,True,SLSN
ZTF22abgwgsv,events/ZTF22abgwgsv.npz,SN II,SNII,core,25,13,12,True,SN_CC
ZTF20abgbwmt,events/ZTF20abgbwmt.npz,SN Ia,SNI,core,98,52,46,True,SN_Ia
ZTF19aatgznl,events/ZTF19aatgznl.npz,SN Ia,SNI,core,21,8,13,True,SN_Ia
ZTF22aaacvyy,events/ZTF22aaacvyy.npz,SLSN-II,SNII,peculiar,54,25,29,True,SLSN
ZTF22aasvuof,events/ZTF22aasvuof.npz,SN Ia,SNI,core,15,3,12,True,SN_Ia
ZTF19adbsblp,events/ZTF19adbsblp.npz,SN II,SNII,core,18,8,10,True,SN_CC
ZTF20acxnafa,events/ZTF20acxnafa.npz,SN Ia,SNI,core,23,12,11,True,SN_Ia
ZTF20aaxunbm,events/ZTF20aaxunbm.npz,SN II,SNII,core,47,24,23,True,SN_CC
ZTF23aaagncz,events/ZTF23aaagncz.npz,SN Ia,SNI,core,20,9,11,True,SN_Ia
ZTF22abfyqsc,events/ZTF22abfyqsc.npz,SN Ib,SNI,core,34,14,20,True,SN_CC
ZTF24aapzzfc,events/ZTF24aapzzfc.npz,SN Ia,SNI,core,21,8,13,True,SN_Ia
ZTF25acdbsrg,events/ZTF25acdbsrg.npz,SN Ia,SNI,core,34,15,19,True,SN_Ia
ZTF18achdidy,events/ZTF18achdidy.npz,SLSN-I,NOVEL,novel,17,9,8,True,SLSN
ZTF19aamoqxy,events/ZTF19aamoqxy.npz,SN Ia,SNI,core,10,5,5,True,SN_Ia
ZTF25aaddfzb,events/ZTF25aaddfzb.npz,SN Ia,SNI,core,41,19,22,True,SN_Ia
ZTF21abvctva,events/ZTF21abvctva.npz,SN Ia,SNI,core,14,6,8,True,SN_Ia
ZTF19aauxxgk,events/ZTF19aauxxgk.npz,SN II,SNII,core,78,34,44,True,SN_CC
ZTF19abqhobb,events/ZTF19abqhobb.npz,SN II,SNII,core,147,72,75,True,SN_CC
ZTF19acxxwiz,events/ZTF19acxxwiz.npz,SN Ia-91T,SNI,core,31,10,21,True,SN_Ia
ZTF21aalxurs,events/ZTF21aalxurs.npz,SN Ia,SNI,core,20,8,12,True,SN_Ia
ZTF23abrydus,events/ZTF23abrydus.npz,SN IIn,SNII,core,14,7,7,True,SN_CC
ZTF19aaippyv,events/ZTF19aaippyv.npz,AGN,AGN,core,10,4,6,True,AGN
ZTF20abtfnpl,events/ZTF20abtfnpl.npz,SN Ia,SNI,core,28,12,16,True,SN_Ia
ZTF21aayqrgx,events/ZTF21aayqrgx.npz,SN Ib,SNI,core,19,6,13,True,SN_CC
ZTF20acngnrs,events/ZTF20acngnrs.npz,SN IIP,SNII,core,85,45,40,True,SN_CC
ZTF20aafjjqj,events/ZTF20aafjjqj.npz,SN Ia,SNI,core,81,38,43,True,SN_Ia
ZTF20aaswzdm,events/ZTF20aaswzdm.npz,SN IIn,SNII,core,20,9,11,True,SN_CC
ZTF21aaabzsj,events/ZTF21aaabzsj.npz,SN Ia,SNI,core,14,5,9,True,SN_Ia
ZTF21acmtqzi,events/ZTF21acmtqzi.npz,SN Ia,SNI,core,11,6,5,True,SN_Ia
ZTF18acbxudr,events/ZTF18acbxudr.npz,SN II,SNII,core,18,10,8,True,SN_CC
ZTF20acoredl,events/ZTF20acoredl.npz,SN Ia,SNI,core,15,7,8,True,SN_Ia
ZTF25aaqsnsq,events/ZTF25aaqsnsq.npz,SN Ia,SNI,core,32,17,15,True,SN_Ia
ZTF19aayjqpa,events/ZTF19aayjqpa.npz,SN Ia,SNI,core,17,9,8,True,SN_Ia
ZTF22aaybwtp,events/ZTF22aaybwtp.npz,CV,CV,core,19,8,11,True,CV
ZTF24aaxmpne,events/ZTF24aaxmpne.npz,SN Ia,SNI,core,57,27,30,True,SN_Ia
ZTF22aapubaf,events/ZTF22aapubaf.npz,SN II,SNII,core,42,18,24,True,SN_CC
ZTF18aagrtxs,events/ZTF18aagrtxs.npz,SN Ia,SNI,core,32,16,16,True,SN_Ia
ZTF22aaknmbw,events/ZTF22aaknmbw.npz,SN II,SNII,core,57,25,32,True,SN_CC
ZTF21aackkcp,events/ZTF21aackkcp.npz,SN Ia,SNI,core,20,10,10,True,SN_Ia
ZTF18acyyhgi,events/ZTF18acyyhgi.npz,SN Ia,SNI,core,10,3,7,True,SN_Ia
ZTF22abeipbi,events/ZTF22abeipbi.npz,SN Ia,SNI,core,24,8,16,True,SN_Ia
ZTF19aanqzhm,events/ZTF19aanqzhm.npz,SN IIn,SNII,core,13,5,8,True,SN_CC
ZTF19aakiyed,events/ZTF19aakiyed.npz,SN II,SNII,core,40,17,23,True,SN_CC
ZTF22aagvgwl,events/ZTF22aagvgwl.npz,SN II,SNII,core,42,20,22,True,SN_CC
ZTF18aayxupv,events/ZTF18aayxupv.npz,SN Ia,SNI,core,11,5,6,True,SN_Ia
ZTF19abtslqm,events/ZTF19abtslqm.npz,SN IIP,SNII,core,20,9,11,True,SN_CC
ZTF25aahmecj,events/ZTF25aahmecj.npz,SN Ia,SNI,core,16,6,10,True,SN_Ia
ZTF20abyyvrw,events/ZTF20abyyvrw.npz,SN Ia,SNI,core,72,36,36,True,SN_Ia
ZTF25aciomvg,events/ZTF25aciomvg.npz,SN Ia,SNI,core,24,11,13,True,SN_Ia
ZTF24aaguphd,events/ZTF24aaguphd.npz,SN Ia,SNI,core,15,6,9,True,SN_Ia
ZTF23aacfkak,events/ZTF23aacfkak.npz,SN II,SNII,core,27,11,16,True,SN_CC
ZTF20aarbvub,events/ZTF20aarbvub.npz,SN IIP,SNII,core,18,5,13,True,SN_CC
ZTF20abjucyd,events/ZTF20abjucyd.npz,CV,CV,core,9,6,3,True,CV
ZTF21aaazjia,events/ZTF21aaazjia.npz,SN Ia,SNI,core,10,4,6,True,SN_Ia
ZTF22abfwihc,events/ZTF22abfwihc.npz,SN Ia-91bg,SNI,core,20,9,11,True,SN_Ia
ZTF19abraqpf,events/ZTF19abraqpf.npz,CV,CV,core,18,11,7,True,CV
ZTF21aazwtoz,events/ZTF21aazwtoz.npz,SN Ia,SNI,core,24,12,12,True,SN_Ia
ZTF19acmyacs,events/ZTF19acmyacs.npz,SN II,SNII,core,23,5,18,True,SN_CC
ZTF24abihsvi,events/ZTF24abihsvi.npz,SN IIP,SNII,core,45,6,39,True,SN_CC
ZTF21aaqmqyp,events/ZTF21aaqmqyp.npz,CV,CV,core,39,17,22,True,CV
ZTF25abbzctu,events/ZTF25abbzctu.npz,SN Ia,SNI,core,29,14,15,True,SN_Ia
ZTF23abkfsny,events/ZTF23abkfsny.npz,SN Ia-91T,SNI,core,21,13,8,True,SN_Ia
ZTF22abtdarf,events/ZTF22abtdarf.npz,SN Ia,SNI,core,18,10,8,True,SN_Ia
ZTF24aabuaij,events/ZTF24aabuaij.npz,SN Ic-BL,SNI,core,8,2,6,True,SN_CC
ZTF22aahgxbx,events/ZTF22aahgxbx.npz,SN Ia,SNI,core,17,7,10,True,SN_Ia
ZTF21abcgnqn,events/ZTF21abcgnqn.npz,TDE,TDE,core,57,37,20,True,TDE
ZTF22abgiayt,events/ZTF22abgiayt.npz,SN Ia,SNI,core,21,13,8,True,SN_Ia
ZTF19abaejto,events/ZTF19abaejto.npz,SN Ia,SNI,core,37,20,17,True,SN_Ia
ZTF18aaqvuhl,events/ZTF18aaqvuhl.npz,SN Ia,SNI,core,17,9,8,True,SN_Ia
ZTF25acgytsy,events/ZTF25acgytsy.npz,SN Ia,SNI,core,14,8,6,True,SN_Ia
ZTF22aasxakz,events/ZTF22aasxakz.npz,SN Ia,SNI,core,152,60,92,True,SN_Ia
ZTF21abzywja,events/ZTF21abzywja.npz,SN Ia,SNI,core,17,8,9,True,SN_Ia
ZTF24abdphgu,events/ZTF24abdphgu.npz,SN Ia,SNI,core,46,13,33,True,SN_Ia
ZTF22aahecwj,events/ZTF22aahecwj.npz,SN Ia,SNI,core,49,21,28,True,SN_Ia
ZTF23aabntjw,events/ZTF23aabntjw.npz,SN Ia,SNI,core,15,12,3,True,SN_Ia
ZTF21aacvrzy,events/ZTF21aacvrzy.npz,SN Ia,SNI,core,26,12,14,True,SN_Ia
ZTF20achtxbi,events/ZTF20achtxbi.npz,SN Ia,SNI,core,36,15,21,True,SN_Ia
ZTF20abchbds,events/ZTF20abchbds.npz,SN Ia,SNI,core,30,16,14,True,SN_Ia
ZTF23aaiecnn,events/ZTF23aaiecnn.npz,SN II,SNII,core,16,6,10,True,SN_CC
ZTF18abvsvjs,events/ZTF18abvsvjs.npz,SN Ia,SNI,core,11,7,4,True,SN_Ia
ZTF19aamhlnl,events/ZTF19aamhlnl.npz,SN Ia,SNI,core,15,6,9,True,SN_Ia
ZTF25acfyeke,events/ZTF25acfyeke.npz,TDE-featureless,TDE,peculiar,36,19,17,True,TDE
ZTF21abqfttg,events/ZTF21abqfttg.npz,SN Ia,SNI,core,19,7,12,True,SN_Ia
ZTF25acldfsf,events/ZTF25acldfsf.npz,SN Ia,SNI,core,113,41,43,True,SN_Ia
ZTF22aadlpkc,events/ZTF22aadlpkc.npz,SN Ib,SNI,core,19,8,11,True,SN_CC
ZTF20abciflj,events/ZTF20abciflj.npz,SN Ia,SNI,core,38,20,18,True,SN_Ia
ZTF20acowata,events/ZTF20acowata.npz,SN Ia,SNI,core,32,14,18,True,SN_Ia
ZTF24abdjuga,events/ZTF24abdjuga.npz,SN Ia,SNI,core,18,3,15,True,SN_Ia
ZTF21abvtikp,events/ZTF21abvtikp.npz,SN Ia,SNI,core,20,7,13,True,SN_Ia
ZTF25aaqksiw,events/ZTF25aaqksiw.npz,SN Ia,SNI,core,140,41,77,True,SN_Ia
ZTF20abpsbyg,events/ZTF20abpsbyg.npz,SN Ia,SNI,core,25,5,20,True,SN_Ia
ZTF20abpvolc,events/ZTF20abpvolc.npz,SN Ia,SNI,core,87,38,49,True,SN_Ia
ZTF24abpynxw,events/ZTF24abpynxw.npz,SN Ia,SNI,core,15,7,8,True,SN_Ia
ZTF24abajmau,events/ZTF24abajmau.npz,SN Ic-BL,SNI,core,43,18,23,True,SN_CC
ZTF21aaqgrrf,events/ZTF21aaqgrrf.npz,SN Ia,SNI,core,36,17,19,True,SN_Ia
ZTF25aanezba,events/ZTF25aanezba.npz,SN Ia-91bg,SNI,core,8,3,5,True,SN_Ia
ZTF25acfwpoa,events/ZTF25acfwpoa.npz,SN Ia,SNI,core,37,16,21,True,SN_Ia
ZTF21abdcauj,events/ZTF21abdcauj.npz,SN Ia,SNI,core,26,11,15,True,SN_Ia
ZTF21acaqdnb,events/ZTF21acaqdnb.npz,SN Ia,SNI,core,38,18,20,True,SN_Ia
ZTF22aavwyfw,events/ZTF22aavwyfw.npz,SN Ia,SNI,core,21,11,10,True,SN_Ia
ZTF25aanmuym,events/ZTF25aanmuym.npz,SN Ia,SNI,core,19,10,9,True,SN_Ia
ZTF18acxcokz,events/ZTF18acxcokz.npz,AGN,AGN,core,20,6,14,True,AGN
ZTF19abzplvm,events/ZTF19abzplvm.npz,SN Ia,SNI,core,36,12,24,True,SN_Ia
ZTF19abxvtmy,events/ZTF19abxvtmy.npz,SN Ia,SNI,core,16,9,7,True,SN_Ia
ZTF21abasxdp,events/ZTF21abasxdp.npz,SN Ia,SNI,core,22,11,11,True,SN_Ia
ZTF18abfhryc,events/ZTF18abfhryc.npz,SN Ia,SNI,core,40,16,24,True,SN_Ia
ZTF22abyanxw,events/ZTF22abyanxw.npz,AGN,AGN,core,9,6,3,True,AGN
ZTF22aaemoot,events/ZTF22aaemoot.npz,SN II,SNII,core,22,11,11,True,SN_CC
ZTF20actocyw,events/ZTF20actocyw.npz,SN Ia,SNI,core,15,2,13,True,SN_Ia
ZTF21ackeofr,events/ZTF21ackeofr.npz,SN Ia,SNI,core,17,9,8,True,SN_Ia
ZTF22aaketce,events/ZTF22aaketce.npz,SN Ia,SNI,core,30,11,19,True,SN_Ia
ZTF19aaxzdtw,events/ZTF19aaxzdtw.npz,SN Ic,SNI,core,19,7,12,True,SN_CC
ZTF18abcptmt,events/ZTF18abcptmt.npz,SN II,SNII,core,39,14,25,True,SN_CC
ZTF25aaaecsu,events/ZTF25aaaecsu.npz,SLSN-I,NOVEL,novel,36,17,19,True,SLSN
ZTF24aatifzm,events/ZTF24aatifzm.npz,SN II,SNII,core,24,14,10,True,SN_CC
ZTF21aapfdqw,events/ZTF21aapfdqw.npz,SN II,SNII,core,33,18,15,True,SN_CC
ZTF22aaojcoc,events/ZTF22aaojcoc.npz,SN Ia,SNI,core,26,10,16,True,SN_Ia
ZTF20ackhoov,events/ZTF20ackhoov.npz,SN II,SNII,core,35,15,20,True,SN_CC
ZTF25aasfkmy,events/ZTF25aasfkmy.npz,SN Ia,SNI,core,79,24,52,True,SN_Ia
ZTF21aagrjag,events/ZTF21aagrjag.npz,SN Ia,SNI,core,22,8,14,True,SN_Ia
ZTF20abmxstg,events/ZTF20abmxstg.npz,SN Ia,SNI,core,57,27,30,True,SN_Ia
ZTF19aczkjxn,events/ZTF19aczkjxn.npz,SN II,SNII,core,33,12,21,True,SN_CC
ZTF25abaqwxu,events/ZTF25abaqwxu.npz,SN Ia,SNI,core,100,37,38,True,SN_Ia
ZTF23aamzljd,events/ZTF23aamzljd.npz,SN Ic,SNI,core,14,6,8,True,SN_CC
ZTF18adayxxz,events/ZTF18adayxxz.npz,CV,CV,core,8,3,5,True,CV
ZTF25abeprnk,events/ZTF25abeprnk.npz,SN Ia,SNI,core,63,33,30,True,SN_Ia
ZTF25aailxex,events/ZTF25aailxex.npz,SN Ia,SNI,core,28,14,14,True,SN_Ia
ZTF22abmcfrc,events/ZTF22abmcfrc.npz,SN Ia,SNI,core,26,13,13,True,SN_Ia
ZTF20aauzoca,events/ZTF20aauzoca.npz,SN Ia,SNI,core,16,8,8,True,SN_Ia
ZTF23aajmpsa,events/ZTF23aajmpsa.npz,SN Ia,SNI,core,44,21,23,True,SN_Ia
ZTF23abtlnrc,events/ZTF23abtlnrc.npz,SN Ia,SNI,core,9,5,4,True,SN_Ia
ZTF19aavkptg,events/ZTF19aavkptg.npz,SN IIP,SNII,core,25,13,12,True,SN_CC
ZTF18accnyyz,events/ZTF18accnyyz.npz,CV,CV,core,10,4,6,True,CV
ZTF21aaxbgul,events/ZTF21aaxbgul.npz,SN Ia,SNI,core,27,13,14,True,SN_Ia
ZTF19abzfmak,events/ZTF19abzfmak.npz,SN Ia,SNI,core,16,9,7,True,SN_Ia
ZTF25acerukf,events/ZTF25acerukf.npz,SN IIn,SNII,core,18,8,10,True,SN_CC
ZTF20aatvzmm,events/ZTF20aatvzmm.npz,SN Ia,SNI,core,18,6,12,True,SN_Ia
ZTF19aacxrab,events/ZTF19aacxrab.npz,SLSN-I,NOVEL,novel,21,9,12,True,SLSN
ZTF23aaqaasr,events/ZTF23aaqaasr.npz,SN Ia,SNI,core,14,7,7,True,SN_Ia
ZTF24aahtqlp,events/ZTF24aahtqlp.npz,SN Ia,SNI,core,8,4,4,True,SN_Ia
ZTF21acqtevy,events/ZTF21acqtevy.npz,SN Ia,SNI,core,8,3,5,True,SN_Ia
ZTF23aaojwkb,events/ZTF23aaojwkb.npz,SN Ia,SNI,core,32,16,16,True,SN_Ia
ZTF24ablstem,events/ZTF24ablstem.npz,SN II,SNII,core,53,24,29,True,SN_CC
ZTF19aamrdmm,events/ZTF19aamrdmm.npz,SN Ia,SNI,core,26,11,15,True,SN_Ia
ZTF20aajystl,events/ZTF20aajystl.npz,SN Ia,SNI,core,8,4,4,True,SN_Ia
ZTF23aawavgx,events/ZTF23aawavgx.npz,SN Ia,SNI,core,20,7,13,True,SN_Ia
ZTF21aaqqwln,events/ZTF21aaqqwln.npz,SN Ia,SNI,core,32,5,27,True,SN_Ia
ZTF20aahjymt,events/ZTF20aahjymt.npz,SN Ia,SNI,core,18,8,10,True,SN_Ia
ZTF19aapeime,events/ZTF19aapeime.npz,SN Ia,SNI,core,20,11,9,True,SN_Ia
ZTF20abxgwjr,events/ZTF20abxgwjr.npz,SN Ia,SNI,core,110,54,56,True,SN_Ia
ZTF20acwqkuz,events/ZTF20acwqkuz.npz,SN Ia,SNI,core,51,23,28,True,SN_Ia
ZTF24aaejjps,events/ZTF24aaejjps.npz,SN IIP,SNII,core,19,14,5,True,SN_CC
ZTF19abowcic,events/ZTF19abowcic.npz,SN Ia,SNI,core,69,29,40,True,SN_Ia
ZTF19aaqtcmy,events/ZTF19aaqtcmy.npz,SN Ia,SNI,core,10,3,7,True,SN_Ia
ZTF23aafuhtr,events/ZTF23aafuhtr.npz,SN Ia,SNI,core,13,11,2,True,SN_Ia
ZTF24aahsmhu,events/ZTF24aahsmhu.npz,SN Ia,SNI,core,12,5,7,True,SN_Ia
ZTF19acmgyka,events/ZTF19acmgyka.npz,SN Ia,SNI,core,82,40,42,True,SN_Ia
ZTF20abmudrv,events/ZTF20abmudrv.npz,SN Ia,SNI,core,76,32,44,True,SN_Ia
ZTF21aaoekcj,events/ZTF21aaoekcj.npz,SN Ia,SNI,core,14,4,10,True,SN_Ia
ZTF20acpjqxp,events/ZTF20acpjqxp.npz,SN Ib-pec,SNI,core,41,20,21,True,SN_CC
ZTF21aarenhl,events/ZTF21aarenhl.npz,SN Ia-pec,SNI,core,68,31,37,True,SN_Ia
ZTF19abzyvfi,events/ZTF19abzyvfi.npz,SN Ia,SNI,core,20,6,14,True,SN_Ia
ZTF18abwkrbl,events/ZTF18abwkrbl.npz,SN IIb,SNII,core,24,10,14,True,SN_CC
ZTF19aauvjws,events/ZTF19aauvjws.npz,SN Ia,SNI,core,16,6,10,True,SN_Ia
ZTF25aajoapm,events/ZTF25aajoapm.npz,SN Ia,SNI,core,22,9,13,True,SN_Ia
ZTF19abcsyho,events/ZTF19abcsyho.npz,AGN,AGN,core,25,14,11,True,AGN
ZTF19aalubxw,events/ZTF19aalubxw.npz,SN II,SNII,core,17,9,8,True,SN_CC
ZTF23aagfpxq,events/ZTF23aagfpxq.npz,SN Ia,SNI,core,62,14,48,True,SN_Ia
ZTF22abystdy,events/ZTF22abystdy.npz,SN Ia,SNI,core,17,7,10,True,SN_Ia
ZTF23aanpqba,events/ZTF23aanpqba.npz,SN Ia,SNI,core,28,8,20,True,SN_Ia
ZTF21ackmjip,events/ZTF21ackmjip.npz,SN Ia,SNI,core,8,3,5,True,SN_Ia
ZTF18aatwqed,events/ZTF18aatwqed.npz,SN Ia,SNI,core,30,28,2,True,SN_Ia
ZTF24abtnkbi,events/ZTF24abtnkbi.npz,SN Ic,SNI,core,36,19,17,True,SN_CC
ZTF21acpuooz,events/ZTF21acpuooz.npz,SN II,SNII,core,9,5,4,True,SN_CC
ZTF20aajvyja,events/ZTF20aajvyja.npz,SN IIn,SNII,core,38,18,20,True,SN_CC
ZTF22aaxzzoc,events/ZTF22aaxzzoc.npz,SN II,SNII,core,38,16,22,True,SN_CC
ZTF21aaqugxm,events/ZTF21aaqugxm.npz,SN II,SNII,core,70,32,38,True,SN_CC
ZTF19aavjukt,events/ZTF19aavjukt.npz,SN IIn,SNII,core,37,25,12,True,SN_CC
ZTF25abqdqzc,events/ZTF25abqdqzc.npz,SN Ia,SNI,core,18,8,10,True,SN_Ia
ZTF21aaoexgy,events/ZTF21aaoexgy.npz,SN Ia,SNI,core,31,15,16,True,SN_Ia
ZTF19aadnmgf,events/ZTF19aadnmgf.npz,SN Ia,SNI,core,18,6,12,True,SN_Ia
ZTF24aamdfll,events/ZTF24aamdfll.npz,SN Ia,SNI,core,19,10,9,True,SN_Ia
ZTF22abkfgrt,events/ZTF22abkfgrt.npz,SN Ia,SNI,core,19,7,12,True,SN_Ia
ZTF26aaaaary,events/ZTF26aaaaary.npz,SN Ia,SNI,core,17,8,9,True,SN_Ia
ZTF22abyoczz,events/ZTF22abyoczz.npz,SN IIb,SNII,core,14,9,5,True,SN_CC
ZTF21abjtqyq,events/ZTF21abjtqyq.npz,SN Ia,SNI,core,90,41,49,True,SN_Ia
ZTF22aajidyk,events/ZTF22aajidyk.npz,SN Ia,SNI,core,24,9,15,True,SN_Ia
ZTF23aaphpnk,events/ZTF23aaphpnk.npz,SN Ia,SNI,core,36,17,19,True,SN_Ia
ZTF21aasbxng,events/ZTF21aasbxng.npz,SN Ia,SNI,core,26,11,15,True,SN_Ia
ZTF20acoyfpk,events/ZTF20acoyfpk.npz,SN Ia,SNI,core,51,25,26,True,SN_Ia
ZTF20abjcuep,events/ZTF20abjcuep.npz,SN Ia,SNI,core,18,8,10,True,SN_Ia
ZTF22aaafdpd,events/ZTF22aaafdpd.npz,SN Ia,SNI,core,14,7,7,True,SN_Ia
ZTF20abswjae,events/ZTF20abswjae.npz,SN Ia,SNI,core,45,23,22,True,SN_Ia
ZTF19abzhfjj,events/ZTF19abzhfjj.npz,SN Ia,SNI,core,8,5,3,True,SN_Ia
ZTF25aaowtpy,events/ZTF25aaowtpy.npz,SN Ia,SNI,core,30,14,16,True,SN_Ia
ZTF19abiszzn,events/ZTF19abiszzn.npz,SN II,SNII,core,17,9,8,True,SN_CC
ZTF22aabbfre,events/ZTF22aabbfre.npz,SN Ia,SNI,core,22,8,14,True,SN_Ia
ZTF22aaorbxb,events/ZTF22aaorbxb.npz,SN Ia,SNI,core,26,13,13,True,SN_Ia
ZTF24abkghje,events/ZTF24abkghje.npz,SN Ia,SNI,core,46,24,22,True,SN_Ia
ZTF19acfecsg,events/ZTF19acfecsg.npz,SN Ia,SNI,core,8,4,4,True,SN_Ia
ZTF21achptrd,events/ZTF21achptrd.npz,SN Ia,SNI,core,19,8,11,True,SN_Ia
ZTF18aapzqup,events/ZTF18aapzqup.npz,AGN,AGN,core,45,23,22,True,AGN
ZTF18abtslka,events/ZTF18abtslka.npz,AGN,AGN,core,12,10,2,True,AGN
ZTF18aaflcyp,events/ZTF18aaflcyp.npz,AGN,AGN,core,16,5,11,True,AGN
ZTF19abjrjdw,events/ZTF19abjrjdw.npz,SN II,SNII,core,26,15,11,True,SN_CC
ZTF19aaoyech,events/ZTF19aaoyech.npz,SN Ia,SNI,core,30,12,18,True,SN_Ia
ZTF24aahxmmu,events/ZTF24aahxmmu.npz,SN II,SNII,core,50,24,24,True,SN_CC
ZTF22aaahtqz,events/ZTF22aaahtqz.npz,TDE,TDE,core,27,17,10,True,TDE
ZTF25aavoysc,events/ZTF25aavoysc.npz,SN II,SNII,core,15,7,8,True,SN_CC
ZTF19abornyn,events/ZTF19abornyn.npz,SN Ia,SNI,core,16,9,7,True,SN_Ia
ZTF20aartnkv,events/ZTF20aartnkv.npz,SN IIn,SNII,core,40,22,18,True,SN_CC
ZTF19aacilht,events/ZTF19aacilht.npz,SN Ia,SNI,core,10,4,6,True,SN_Ia
ZTF22abyhvtk,events/ZTF22abyhvtk.npz,SN Ia,SNI,core,13,7,6,True,SN_Ia
ZTF25acepqhk,events/ZTF25acepqhk.npz,SN Ia,SNI,core,21,7,14,True,SN_Ia
ZTF23abbbygf,events/ZTF23abbbygf.npz,SN Ia,SNI,core,15,12,3,True,SN_Ia
ZTF22aalunvy,events/ZTF22aalunvy.npz,SN Ia,SNI,core,24,11,13,True,SN_Ia
ZTF20aaivjce,events/ZTF20aaivjce.npz,SN Ia,SNI,core,10,3,7,True,SN_Ia
ZTF23abcvbqq,events/ZTF23abcvbqq.npz,SLSN-II,SNII,peculiar,53,27,26,True,SLSN
ZTF22absiyyk,events/ZTF22absiyyk.npz,SN Ia,SNI,core,24,11,13,True,SN_Ia
ZTF20aamntsk,events/ZTF20aamntsk.npz,SN Ia,SNI,core,12,6,6,True,SN_Ia
ZTF24abhzzoq,events/ZTF24abhzzoq.npz,SN Ia,SNI,core,15,6,7,True,SN_Ia
ZTF22aamewfd,events/ZTF22aamewfd.npz,SN Ia,SNI,core,10,2,8,True,SN_Ia
ZTF18abmefij,events/ZTF18abmefij.npz,AGN,AGN,core,19,11,8,True,AGN
ZTF21abczimc,events/ZTF21abczimc.npz,SN II,SNII,core,51,20,31,True,SN_CC
ZTF24aasodig,events/ZTF24aasodig.npz,SN Ia,SNI,core,10,6,4,True,SN_Ia
ZTF23aacdlsh,events/ZTF23aacdlsh.npz,SN II,SNII,core,41,22,19,True,SN_CC
ZTF18aajtlbf,events/ZTF18aajtlbf.npz,SN Ia,SNI,core,37,24,13,True,SN_Ia
ZTF19aamhjlk,events/ZTF19aamhjlk.npz,SN Ia,SNI,core,36,15,21,True,SN_Ia
ZTF20acitbmh,events/ZTF20acitbmh.npz,SN Ia,SNI,core,25,10,15,True,SN_Ia
ZTF21aalhtgv,events/ZTF21aalhtgv.npz,SLSN-I,NOVEL,novel,63,34,29,True,SLSN
ZTF19aaozsuh,events/ZTF19aaozsuh.npz,SN IIn,SNII,core,45,23,22,True,SN_CC
ZTF25aafqepo,events/ZTF25aafqepo.npz,SN Ia,SNI,core,21,11,10,True,SN_Ia
ZTF25acgaueu,events/ZTF25acgaueu.npz,SN Ia,SNI,core,9,5,4,True,SN_Ia
ZTF24abqtlxj,events/ZTF24abqtlxj.npz,SN Ia,SNI,core,21,8,13,True,SN_Ia
ZTF19acasuyp,events/ZTF19acasuyp.npz,SN II,SNII,core,23,9,14,True,SN_CC
ZTF23abgfxqn,events/ZTF23abgfxqn.npz,SN Ia,SNI,core,43,18,25,True,SN_Ia
ZTF19adbqznr,events/ZTF19adbqznr.npz,CV,CV,core,50,23,27,True,CV
ZTF24aaxnvou,events/ZTF24aaxnvou.npz,SN II,SNII,core,47,14,33,True,SN_CC
ZTF20aaawmxq,events/ZTF20aaawmxq.npz,SN Ia,SNI,core,131,59,72,True,SN_Ia
ZTF23aaomzth,events/ZTF23aaomzth.npz,SN II,SNII,core,36,6,30,True,SN_CC
ZTF24aahoxay,events/ZTF24aahoxay.npz,SN II,SNII,core,19,12,7,True,SN_CC
ZTF21aakjkec,events/ZTF21aakjkec.npz,SLSN-I,NOVEL,novel,65,10,55,True,SLSN
ZTF21aanwmxn,events/ZTF21aanwmxn.npz,SN II,SNII,core,59,25,34,True,SN_CC
ZTF21aapdmnr,events/ZTF21aapdmnr.npz,SN Ia,SNI,core,19,8,11,True,SN_Ia
ZTF18aatjfoe,events/ZTF18aatjfoe.npz,SN Ia,SNI,core,38,19,19,True,SN_Ia
ZTF17aaaukqn,events/ZTF17aaaukqn.npz,CV,CV,core,28,11,17,True,CV
ZTF22abelwtb,events/ZTF22abelwtb.npz,SN Ia,SNI,core,57,32,25,True,SN_Ia
ZTF25aajqtfg,events/ZTF25aajqtfg.npz,SN II,SNII,core,72,26,46,True,SN_CC
ZTF25aahmbwa,events/ZTF25aahmbwa.npz,SN Ia,SNI,core,14,6,8,True,SN_Ia
ZTF22aaimgvi,events/ZTF22aaimgvi.npz,SN Ia,SNI,core,22,11,11,True,SN_Ia
ZTF18abbovuc,events/ZTF18abbovuc.npz,SN Ic,SNI,core,17,8,9,True,SN_CC
ZTF18abjrfqx,events/ZTF18abjrfqx.npz,SN Ia,SNI,core,35,14,21,True,SN_Ia
ZTF23aapvrkk,events/ZTF23aapvrkk.npz,SN Ia,SNI,core,15,11,4,True,SN_Ia
ZTF21aaabvoj,events/ZTF21aaabvoj.npz,SN Ia,SNI,core,10,5,5,True,SN_Ia
ZTF23abgnfdv,events/ZTF23abgnfdv.npz,SN Ia,SNI,core,28,11,17,True,SN_Ia
ZTF21abcmlzt,events/ZTF21abcmlzt.npz,SN Ia,SNI,core,42,19,23,True,SN_Ia
ZTF21abouznj,events/ZTF21abouznj.npz,SN II,SNII,core,24,12,12,True,SN_CC
ZTF21aayyxum,events/ZTF21aayyxum.npz,SN Ia,SNI,core,22,11,11,True,SN_Ia
ZTF20abwxywy,events/ZTF20abwxywy.npz,SN Ic,SNI,core,82,37,45,True,SN_CC
ZTF24aasktmr,events/ZTF24aasktmr.npz,SN II,SNII,core,84,38,44,True,SN_CC
ZTF19acjdufa,events/ZTF19acjdufa.npz,SN Ia,SNI,core,18,9,9,True,SN_Ia
ZTF19acxgwid,events/ZTF19acxgwid.npz,SN Ia,SNI,core,9,4,5,True,SN_Ia
ZTF22abfwbgr,events/ZTF22abfwbgr.npz,SN Ia,SNI,core,29,14,15,True,SN_Ia
ZTF25abgkhcw,events/ZTF25abgkhcw.npz,SLSN-II,SNII,peculiar,66,33,33,True,SLSN
ZTF19abwouqp,events/ZTF19abwouqp.npz,SN Ia,SNI,core,46,20,26,True,SN_Ia
ZTF18abccqmd,events/ZTF18abccqmd.npz,CV,CV,core,8,4,4,True,CV
ZTF23abvommm,events/ZTF23abvommm.npz,SN II,SNII,core,22,12,10,True,SN_CC
ZTF21ackdwjm,events/ZTF21ackdwjm.npz,SN Ia,SNI,core,16,8,8,True,SN_Ia
ZTF22acaucqb,events/ZTF22acaucqb.npz,SN Ia,SNI,core,18,8,10,True,SN_Ia
ZTF24aakfgvg,events/ZTF24aakfgvg.npz,SN Ia,SNI,core,19,17,2,True,SN_Ia
ZTF19abwsxug,events/ZTF19abwsxug.npz,SN Ia,SNI,core,16,8,8,True,SN_Ia
ZTF25aaqvqvd,events/ZTF25aaqvqvd.npz,SLSN-II,SNII,peculiar,201,85,76,True,SLSN
ZTF22aapucey,events/ZTF22aapucey.npz,SN II,SNII,core,17,7,9,True,SN_CC
ZTF20aamfpcj,events/ZTF20aamfpcj.npz,SN Ia-91T,SNI,core,42,21,21,True,SN_Ia
ZTF24aaaczuf,events/ZTF24aaaczuf.npz,SN Ia,SNI,core,17,9,8,True,SN_Ia
ZTF19abpnpcy,events/ZTF19abpnpcy.npz,CV,CV,core,8,4,4,True,CV
ZTF25abimrke,events/ZTF25abimrke.npz,SN Ia,SNI,core,8,3,5,True,SN_Ia
ZTF19aauvbqv,events/ZTF19aauvbqv.npz,SN II,SNII,core,10,4,6,True,SN_CC
ZTF23aaczunw,events/ZTF23aaczunw.npz,SN IIn,SNII,core,46,26,20,True,SN_CC
ZTF19abdkfqe,events/ZTF19abdkfqe.npz,SN Ia,SNI,core,35,18,17,True,SN_Ia
ZTF19acctlps,events/ZTF19acctlps.npz,SN II,SNII,core,9,5,4,True,SN_CC
ZTF22aaohilj,events/ZTF22aaohilj.npz,SN IIn,SNII,core,66,34,32,True,SN_CC
ZTF22aabtqob,events/ZTF22aabtqob.npz,SN Ia,SNI,core,8,2,6,True,SN_Ia
ZTF25aafrgdv,events/ZTF25aafrgdv.npz,SN II,SNII,core,34,15,19,True,SN_CC
ZTF24aamipnt,events/ZTF24aamipnt.npz,SN Ia,SNI,core,86,42,42,True,SN_Ia
ZTF19abirbpd,events/ZTF19abirbpd.npz,SN Ia,SNI,core,24,11,13,True,SN_Ia
ZTF20abzjads,events/ZTF20abzjads.npz,SN Ia,SNI,core,68,31,37,True,SN_Ia
ZTF18acrnfww,events/ZTF18acrnfww.npz,SN Ia,SNI,core,19,9,10,True,SN_Ia
ZTF19acyndbj,events/ZTF19acyndbj.npz,SN Ia,SNI,core,48,22,26,True,SN_Ia
ZTF18abxdtyz,events/ZTF18abxdtyz.npz,SN II,SNII,core,9,4,5,True,SN_CC
ZTF21acceboj,events/ZTF21acceboj.npz,SN IIP,SNII,core,106,53,53,True,SN_CC
ZTF24ablvmmq,events/ZTF24ablvmmq.npz,SN Ia,SNI,core,28,12,16,True,SN_Ia
ZTF25aaymnha,events/ZTF25aaymnha.npz,TDE,TDE,core,150,81,55,True,TDE
ZTF24abmliep,events/ZTF24abmliep.npz,SN Ia,SNI,core,25,10,15,True,SN_Ia
ZTF25aagzocg,events/ZTF25aagzocg.npz,SN IIb,SNII,core,20,10,10,True,SN_CC
ZTF25acbypmg,events/ZTF25acbypmg.npz,SN Ia,SNI,core,27,12,15,True,SN_Ia
ZTF18abixkjh,events/ZTF18abixkjh.npz,SN Ia,SNI,core,22,9,13,True,SN_Ia
ZTF21acehvay,events/ZTF21acehvay.npz,SN Ia,SNI,core,17,8,9,True,SN_Ia
ZTF20abodgpt,events/ZTF20abodgpt.npz,SN Ia,SNI,core,88,37,51,True,SN_Ia
ZTF25aapsdaj,events/ZTF25aapsdaj.npz,SLSN-I,NOVEL,novel,145,65,54,True,SLSN
ZTF18absoomk,events/ZTF18absoomk.npz,SN Ia,SNI,core,27,14,13,True,SN_Ia
ZTF21abxngcz,events/ZTF21abxngcz.npz,TDE,TDE,core,44,20,24,True,TDE
ZTF19abrhyqs,events/ZTF19abrhyqs.npz,SN Ia,SNI,core,10,4,6,True,SN_Ia
ZTF22abewvtv,events/ZTF22abewvtv.npz,SN II,SNII,core,59,21,38,True,SN_CC
ZTF25aafydrq,events/ZTF25aafydrq.npz,SN Ia,SNI,core,10,5,5,True,SN_Ia
ZTF20abjubmm,events/ZTF20abjubmm.npz,SN Ia,SNI,core,39,19,20,True,SN_Ia
ZTF24ablvaac,events/ZTF24ablvaac.npz,SN Ia,SNI,core,26,11,15,True,SN_Ia
ZTF22abizuah,events/ZTF22abizuah.npz,SN IIn,SNII,core,46,22,24,True,SN_CC
ZTF25abikqkb,events/ZTF25abikqkb.npz,SN II,SNII,core,21,9,12,True,SN_CC
ZTF20accodxy,events/ZTF20accodxy.npz,SN Ia,SNI,core,49,17,32,True,SN_Ia
ZTF25aceneuf,events/ZTF25aceneuf.npz,SN Ia,SNI,core,12,5,7,True,SN_Ia
ZTF20aavtaib,events/ZTF20aavtaib.npz,CV,CV,core,47,24,23,True,CV
ZTF22abzfotk,events/ZTF22abzfotk.npz,SN Ia,SNI,core,20,7,13,True,SN_Ia
ZTF20absfrbq,events/ZTF20absfrbq.npz,SN Ia,SNI,core,22,12,10,True,SN_Ia
ZTF25abvbczt,events/ZTF25abvbczt.npz,SN II,SNII,core,58,29,29,True,SN_CC
ZTF24absoxlw,events/ZTF24absoxlw.npz,SN Ia,SNI,core,30,11,19,True,SN_Ia
ZTF20acpkled,events/ZTF20acpkled.npz,SN Ia,SNI,core,25,12,13,True,SN_Ia
ZTF25aaakkzs,events/ZTF25aaakkzs.npz,SN Ia,SNI,core,10,5,5,True,SN_Ia
ZTF18ablvxdg,events/ZTF18ablvxdg.npz,AGN,AGN,core,15,12,3,True,AGN
ZTF21aalxpnl,events/ZTF21aalxpnl.npz,SN Ia,SNI,core,13,8,5,True,SN_Ia
ZTF20aanvqhk,events/ZTF20aanvqhk.npz,SN Ia,SNI,core,9,4,5,True,SN_Ia
ZTF25aapdkvl,events/ZTF25aapdkvl.npz,SN Ia,SNI,core,30,11,19,True,SN_Ia
ZTF20aavrloz,events/ZTF20aavrloz.npz,SN Ia,SNI,core,109,48,61,True,SN_Ia
ZTF18aczenvx,events/ZTF18aczenvx.npz,SN Ia,SNI,core,13,8,5,True,SN_Ia
ZTF25aacautg,events/ZTF25aacautg.npz,SN Ia,SNI,core,14,5,9,True,SN_Ia
ZTF23aaepuao,events/ZTF23aaepuao.npz,SN Ia,SNI,core,21,9,12,True,SN_Ia
ZTF21aaxgwtb,events/ZTF21aaxgwtb.npz,SN Ia,SNI,core,19,11,8,True,SN_Ia
ZTF25aanellf,events/ZTF25aanellf.npz,SN Ia,SNI,core,8,5,3,True,SN_Ia
ZTF19ackjlrd,events/ZTF19ackjlrd.npz,SN Ia,SNI,core,10,4,6,True,SN_Ia
ZTF20aazdsjr,events/ZTF20aazdsjr.npz,SN Ia,SNI,core,47,20,27,True,SN_Ia
ZTF25acdheca,events/ZTF25acdheca.npz,SN II,SNII,core,66,32,34,True,SN_CC
ZTF19aawwlxc,events/ZTF19aawwlxc.npz,SN Ia-91T,SNI,core,30,13,17,True,SN_Ia
ZTF24aahswbd,events/ZTF24aahswbd.npz,SN Ia,SNI,core,8,5,3,True,SN_Ia
ZTF22aadfnrx,events/ZTF22aadfnrx.npz,SN II,SNII,core,78,41,37,True,SN_CC
ZTF20aavzffg,events/ZTF20aavzffg.npz,SN Ib,SNI,core,73,37,36,True,SN_CC
ZTF20abatdly,events/ZTF20abatdly.npz,SN Ia,SNI,core,18,8,10,True,SN_Ia
ZTF21acgyciq,events/ZTF21acgyciq.npz,SN Ia-91T,SNI,core,22,10,12,True,SN_Ia
ZTF22abdxjhr,events/ZTF22abdxjhr.npz,SN Ia,SNI,core,39,18,21,True,SN_Ia
ZTF20acrudzk,events/ZTF20acrudzk.npz,SN Ia,SNI,core,76,39,37,True,SN_Ia
ZTF20acajvrj,events/ZTF20acajvrj.npz,SN Ia,SNI,core,40,18,22,True,SN_Ia
ZTF18abmkaps,events/ZTF18abmkaps.npz,SN Ia-91T,SNI,core,17,7,10,True,SN_Ia
ZTF18aafdigb,events/ZTF18aafdigb.npz,SN Ia,SNI,core,14,6,8,True,SN_Ia
ZTF24aaosrdt,events/ZTF24aaosrdt.npz,SN II,SNII,core,73,36,37,True,SN_CC
ZTF20aaghoqz,events/ZTF20aaghoqz.npz,SN Ia,SNI,core,19,6,13,True,SN_Ia
ZTF20abmarcv,events/ZTF20abmarcv.npz,SN Ia,SNI,core,22,8,14,True,SN_Ia
ZTF19acgjojy,events/ZTF19acgjojy.npz,SN Ia,SNI,core,17,6,11,True,SN_Ia
ZTF19abpmetl,events/ZTF19abpmetl.npz,SN Ia,SNI,core,28,12,16,True,SN_Ia
ZTF24acacfgw,events/ZTF24acacfgw.npz,SN Ia,SNI,core,14,8,6,True,SN_Ia
ZTF25abrggxu,events/ZTF25abrggxu.npz,SN Ia,SNI,core,23,11,12,True,SN_Ia
ZTF25acgfiwd,events/ZTF25acgfiwd.npz,SN Ia,SNI,core,53,25,26,True,SN_Ia
ZTF22aayrhvp,events/ZTF22aayrhvp.npz,SN Ia,SNI,core,24,12,12,True,SN_Ia
ZTF19abauzma,events/ZTF19abauzma.npz,SN Ia,SNI,core,25,11,14,True,SN_Ia
ZTF20ablygyy,events/ZTF20ablygyy.npz,SN II,SNII,core,34,16,18,True,SN_CC
ZTF22abtsqjo,events/ZTF22abtsqjo.npz,SN Ia,SNI,core,14,6,8,True,SN_Ia
ZTF23abnoilr,events/ZTF23abnoilr.npz,SN Ia-91T,SNI,core,23,11,12,True,SN_Ia
ZTF25abpuuql,events/ZTF25abpuuql.npz,SN Ia,SNI,core,15,7,8,True,SN_Ia
ZTF20abguygh,events/ZTF20abguygh.npz,SN Ia,SNI,core,19,9,10,True,SN_Ia
ZTF21acbmxgn,events/ZTF21acbmxgn.npz,SN Ia,SNI,core,29,15,14,True,SN_Ia
ZTF24aagozfg,events/ZTF24aagozfg.npz,SN Ia,SNI,core,26,23,3,True,SN_Ia
ZTF23abnogui,events/ZTF23abnogui.npz,SN II,SNII,core,30,13,17,True,SN_CC
ZTF23aanpxyp,events/ZTF23aanpxyp.npz,SN Ia,SNI,core,25,8,17,True,SN_Ia
ZTF19acxovyh,events/ZTF19acxovyh.npz,SN Ia,SNI,core,25,12,13,True,SN_Ia
ZTF18adacicy,events/ZTF18adacicy.npz,SN II,SNII,core,11,5,6,True,SN_CC
ZTF20acxmxtu,events/ZTF20acxmxtu.npz,SN IIn,SNII,core,14,9,5,True,SN_CC
ZTF25aawlldt,events/ZTF25aawlldt.npz,SN Ia,SNI,core,104,44,60,True,SN_Ia
ZTF25aavmvqg,events/ZTF25aavmvqg.npz,SN II,SNII,core,120,25,67,True,SN_CC
ZTF19acukucu,events/ZTF19acukucu.npz,SN IIn,SNII,core,20,11,9,True,SN_CC
ZTF21aalnhby,events/ZTF21aalnhby.npz,SN Ia,SNI,core,18,10,8,True,SN_Ia
ZTF22abreusl,events/ZTF22abreusl.npz,SN Ia,SNI,core,17,9,8,True,SN_Ia
ZTF23aacdnjz,events/ZTF23aacdnjz.npz,SN Ia-CSM,SNI,peculiar,25,10,15,True,SN_CC
ZTF23aaeieqk,events/ZTF23aaeieqk.npz,SN Ia-91T,SNI,core,23,13,10,True,SN_Ia
ZTF21abpvrhn,events/ZTF21abpvrhn.npz,SN Ia,SNI,core,23,9,14,True,SN_Ia
ZTF19actzjrf,events/ZTF19actzjrf.npz,SN Ia,SNI,core,12,6,6,True,SN_Ia
ZTF22aajrwmu,events/ZTF22aajrwmu.npz,SN Ia,SNI,core,34,15,19,True,SN_Ia
ZTF22abfoehf,events/ZTF22abfoehf.npz,SN II,SNII,core,18,8,10,True,SN_CC
ZTF20acpiywu,events/ZTF20acpiywu.npz,SN Ia,SNI,core,19,8,11,True,SN_Ia
ZTF24abycwdb,events/ZTF24abycwdb.npz,SN Ia,SNI,core,18,7,11,True,SN_Ia
ZTF24abmngxg,events/ZTF24abmngxg.npz,SN Ia,SNI,core,10,5,5,True,SN_Ia
ZTF19aavhwxs,events/ZTF19aavhwxs.npz,SN Ia,SNI,core,22,11,11,True,SN_Ia
ZTF19acmvrsw,events/ZTF19acmvrsw.npz,SN Ia,SNI,core,14,5,9,True,SN_Ia
ZTF22abwvcwq,events/ZTF22abwvcwq.npz,SN Ia,SNI,core,13,7,6,True,SN_Ia
ZTF24aaqtode,events/ZTF24aaqtode.npz,SN Ia,SNI,core,72,40,32,True,SN_Ia
ZTF21abvbihc,events/ZTF21abvbihc.npz,SN Ia,SNI,core,22,10,12,True,SN_Ia
ZTF20achnfaa,events/ZTF20achnfaa.npz,SN II,SNII,core,32,11,21,True,SN_CC
ZTF25abwcrqw,events/ZTF25abwcrqw.npz,SN Ia,SNI,core,28,14,14,True,SN_Ia
ZTF24aaxqsey,events/ZTF24aaxqsey.npz,SN Ia,SNI,core,40,18,22,True,SN_Ia
ZTF24abfpeiw,events/ZTF24abfpeiw.npz,SN Ia-91T,SNI,core,46,20,24,True,SN_Ia
ZTF19aceckmm,events/ZTF19aceckmm.npz,SN II,SNII,core,21,8,13,True,SN_CC
ZTF23aasbvab,events/ZTF23aasbvab.npz,SN II,SNII,core,129,62,67,True,SN_CC
ZTF23aaawbre,events/ZTF23aaawbre.npz,SN Ic,SNI,core,33,16,17,True,SN_CC
ZTF18aaqkdwu,events/ZTF18aaqkdwu.npz,SN II,SNII,core,38,16,22,True,SN_CC
ZTF24absojni,events/ZTF24absojni.npz,SN Ia,SNI,core,16,7,9,True,SN_Ia
ZTF22aauuxul,events/ZTF22aauuxul.npz,SN Ia,SNI,core,22,10,12,True,SN_Ia
ZTF24aaegbrh,events/ZTF24aaegbrh.npz,SN II,SNII,core,13,7,6,True,SN_CC
ZTF20acquetr,events/ZTF20acquetr.npz,SN Ia,SNI,core,22,10,12,True,SN_Ia
ZTF24abtjjsg,events/ZTF24abtjjsg.npz,SN II,SNII,core,25,4,21,True,SN_CC
ZTF25aavdsoh,events/ZTF25aavdsoh.npz,SN Ia,SNI,core,16,6,10,True,SN_Ia
ZTF25aapjaog,events/ZTF25aapjaog.npz,SN Ia,SNI,core,52,15,37,True,SN_Ia
ZTF20aaosuzy,events/ZTF20aaosuzy.npz,SN Ia,SNI,core,28,13,15,True,SN_Ia
ZTF21abicgai,events/ZTF21abicgai.npz,SN Ia,SNI,core,39,16,23,True,SN_Ia
ZTF23aaixaqp,events/ZTF23aaixaqp.npz,SN Ia,SNI,core,22,9,13,True,SN_Ia
ZTF22aaafmec,events/ZTF22aaafmec.npz,SN Ia,SNI,core,8,5,3,True,SN_Ia
ZTF23aaawbmy,events/ZTF23aaawbmy.npz,SN Ia,SNI,core,17,6,11,True,SN_Ia
ZTF21aatlbsi,events/ZTF21aatlbsi.npz,SN Ia,SNI,core,28,13,15,True,SN_Ia
ZTF18aatezaj,events/ZTF18aatezaj.npz,SN Ia,SNI,core,29,12,17,True,SN_Ia
ZTF20aczacou,events/ZTF20aczacou.npz,CV,CV,core,11,6,5,True,CV
ZTF24aaeczdw,events/ZTF24aaeczdw.npz,SN Ib,SNI,core,11,5,6,True,SN_CC
ZTF24aabpzuz,events/ZTF24aabpzuz.npz,SN II,SNII,core,30,15,15,True,SN_CC
ZTF20aaczkyw,events/ZTF20aaczkyw.npz,SN II,SNII,core,23,12,11,True,SN_CC
ZTF22aamgjba,events/ZTF22aamgjba.npz,SN Ia,SNI,core,38,18,20,True,SN_Ia
ZTF22acaxuzp,events/ZTF22acaxuzp.npz,SN Ia,SNI,core,21,10,11,True,SN_Ia
ZTF25acjmhbr,events/ZTF25acjmhbr.npz,SN Ia-91T,SNI,core,23,7,16,True,SN_Ia
ZTF20aahapgw,events/ZTF20aahapgw.npz,SN IIn,SNII,core,36,17,19,True,SN_CC
ZTF20aaidnku,events/ZTF20aaidnku.npz,CV,CV,core,10,5,5,True,CV
ZTF19aatlqdf,events/ZTF19aatlqdf.npz,SN II,SNII,core,45,17,28,True,SN_CC
ZTF18abtnlik,events/ZTF18abtnlik.npz,SN Ia,SNI,core,15,9,6,True,SN_Ia
ZTF19acekreh,events/ZTF19acekreh.npz,SN Ia,SNI,core,35,21,14,True,SN_Ia
ZTF21aatgisc,events/ZTF21aatgisc.npz,SN II,SNII,core,134,62,72,True,SN_CC
ZTF25aarmzhx,events/ZTF25aarmzhx.npz,SN Ic-BL,SNI,core,90,25,65,True,SN_CC
ZTF22aayjsls,events/ZTF22aayjsls.npz,SN Ia,SNI,core,39,19,20,True,SN_Ia
ZTF21aatkdcw,events/ZTF21aatkdcw.npz,SN Ia,SNI,core,28,14,14,True,SN_Ia
ZTF21aahsqng,events/ZTF21aahsqng.npz,SN Ia,SNI,core,12,6,6,True,SN_Ia
ZTF22abmnhau,events/ZTF22abmnhau.npz,SN Ia,SNI,core,25,11,14,True,SN_Ia
ZTF24abzatfh,events/ZTF24abzatfh.npz,SN Ia,SNI,core,21,11,10,True,SN_Ia
ZTF21abjyiiw,events/ZTF21abjyiiw.npz,SN IIb,SNII,core,34,13,21,True,SN_CC
ZTF22aalfmec,events/ZTF22aalfmec.npz,SN Ic,SNI,core,18,5,12,True,SN_CC
ZTF21abvxguf,events/ZTF21abvxguf.npz,SN Ia,SNI,core,22,8,14,True,SN_Ia
ZTF22ablxcrh,events/ZTF22ablxcrh.npz,SN Ia-CSM,SNI,peculiar,41,21,20,True,SN_CC
ZTF22aaknfly,events/ZTF22aaknfly.npz,SN Ia,SNI,core,42,19,23,True,SN_Ia
ZTF23aadwjtg,events/ZTF23aadwjtg.npz,SN Ia,SNI,core,22,9,13,True,SN_Ia
ZTF21abcpsjy,events/ZTF21abcpsjy.npz,SLSN-I,NOVEL,novel,58,35,23,True,SLSN
ZTF20acfkkyf,events/ZTF20acfkkyf.npz,SN Ia,SNI,core,30,11,19,True,SN_Ia
ZTF19aaryexs,events/ZTF19aaryexs.npz,AGN,AGN,core,13,5,8,True,AGN
ZTF21acbntop,events/ZTF21acbntop.npz,SN Ia,SNI,core,14,6,8,True,SN_Ia
ZTF25abdhnor,events/ZTF25abdhnor.npz,SN II,SNII,core,27,16,11,True,SN_CC
ZTF19acenkuz,events/ZTF19acenkuz.npz,CV,CV,core,53,23,30,True,CV
ZTF20abeeyre,events/ZTF20abeeyre.npz,SN Ia,SNI,core,20,8,12,True,SN_Ia
ZTF23aagnpbz,events/ZTF23aagnpbz.npz,SN Ia,SNI,core,9,4,5,True,SN_Ia
ZTF20aaymbjk,events/ZTF20aaymbjk.npz,SN Ia,SNI,core,15,2,13,True,SN_Ia
ZTF18acqsroy,events/ZTF18acqsroy.npz,SN II,SNII,core,15,5,10,True,SN_CC
ZTF23abghttj,events/ZTF23abghttj.npz,SN II,SNII,core,24,13,11,True,SN_CC
ZTF20abgbvgl,events/ZTF20abgbvgl.npz,SN Ia,SNI,core,25,4,21,True,SN_Ia
ZTF24abcwvki,events/ZTF24abcwvki.npz,SN Ia,SNI,core,31,11,18,True,SN_Ia
ZTF19aapvogv,events/ZTF19aapvogv.npz,SN Ia,SNI,core,11,4,7,True,SN_Ia
ZTF21aaqecpl,events/ZTF21aaqecpl.npz,SN Ia,SNI,core,29,12,17,True,SN_Ia
ZTF20aciuakv,events/ZTF20aciuakv.npz,SN Ia,SNI,core,49,25,24,True,SN_Ia
ZTF18abktleu,events/ZTF18abktleu.npz,CV,CV,core,23,20,3,True,CV
ZTF20abqofgc,events/ZTF20abqofgc.npz,SN Ia,SNI,core,40,22,18,True,SN_Ia
ZTF25abqimds,events/ZTF25abqimds.npz,SN Ia,SNI,core,32,12,20,True,SN_Ia
ZTF24abjflpz,events/ZTF24abjflpz.npz,SN Ia,SNI,core,62,24,38,True,SN_Ia
ZTF19abrmlxu,events/ZTF19abrmlxu.npz,SN Ia,SNI,core,18,6,12,True,SN_Ia
ZTF22aalmqrv,events/ZTF22aalmqrv.npz,SN Ia,SNI,core,14,6,8,True,SN_Ia
ZTF21aalinof,events/ZTF21aalinof.npz,SN Ia,SNI,core,59,27,32,True,SN_Ia
ZTF19aainjpz,events/ZTF19aainjpz.npz,SN Ia,SNI,core,11,6,5,True,SN_Ia
ZTF18acuscgc,events/ZTF18acuscgc.npz,SN Ia,SNI,core,15,6,9,True,SN_Ia
ZTF25aapuibm,events/ZTF25aapuibm.npz,SN Ia,SNI,core,33,15,18,True,SN_Ia
ZTF22aakjlau,events/ZTF22aakjlau.npz,SN Ia,SNI,core,13,6,7,True,SN_Ia
ZTF20acwpixx,events/ZTF20acwpixx.npz,SN Ia,SNI,core,26,12,14,True,SN_Ia
ZTF18aaqikyu,events/ZTF18aaqikyu.npz,CV,CV,core,10,7,3,True,CV
ZTF18aczqtpt,events/ZTF18aczqtpt.npz,SN Ia,SNI,core,13,5,8,True,SN_Ia
ZTF21abyazip,events/ZTF21abyazip.npz,SN Ia,SNI,core,25,14,11,True,SN_Ia
ZTF20abywsut,events/ZTF20abywsut.npz,SN Ic,SNI,core,41,17,24,True,SN_CC
ZTF19aceckdq,events/ZTF19aceckdq.npz,SN II,SNII,core,17,8,9,True,SN_CC
ZTF22aadpgmo,events/ZTF22aadpgmo.npz,SN Ia,SNI,core,19,11,8,True,SN_Ia
ZTF23aapvsqz,events/ZTF23aapvsqz.npz,SN Ia,SNI,core,49,19,30,True,SN_Ia
ZTF23aadtfgp,events/ZTF23aadtfgp.npz,SN Ia,SNI,core,14,6,8,True,SN_Ia
ZTF21abdkojo,events/ZTF21abdkojo.npz,SN Ib,SNI,core,15,5,10,True,SN_CC
ZTF25acggpbd,events/ZTF25acggpbd.npz,SN IIn,SNII,core,26,13,13,True,SN_CC
ZTF24aatzgha,events/ZTF24aatzgha.npz,SN II,SNII,core,17,9,8,True,SN_CC
ZTF19abguqsi,events/ZTF19abguqsi.npz,SN II,SNII,core,21,8,13,True,SN_CC
ZTF19abvalfd,events/ZTF19abvalfd.npz,SN Ia,SNI,core,18,7,11,True,SN_Ia
ZTF18acrdwag,events/ZTF18acrdwag.npz,SN Ia,SNI,core,12,6,6,True,SN_Ia
ZTF25aagbkad,events/ZTF25aagbkad.npz,SN Ia,SNI,core,20,10,10,True,SN_Ia
ZTF19acgeabh,events/ZTF19acgeabh.npz,SN Ia,SNI,core,10,5,5,True,SN_Ia
ZTF20acwozwz,events/ZTF20acwozwz.npz,SN Ia,SNI,core,33,14,19,True,SN_Ia
ZTF21aazhegf,events/ZTF21aazhegf.npz,SN II,SNII,core,14,6,8,True,SN_CC
ZTF25abvmqke,events/ZTF25abvmqke.npz,SN Ia,SNI,core,23,11,12,True,SN_Ia
ZTF21abcmzvk,events/ZTF21abcmzvk.npz,SN II,SNII,core,26,16,10,True,SN_CC
ZTF21abhfzzs,events/ZTF21abhfzzs.npz,SN Ia-91bg,SNI,core,13,3,10,True,SN_Ia
ZTF23aaqasrd,events/ZTF23aaqasrd.npz,SN Ia,SNI,core,27,14,13,True,SN_Ia
ZTF19aauqywe,events/ZTF19aauqywe.npz,SN Ia,SNI,core,12,5,7,True,SN_Ia
ZTF20abgfljj,events/ZTF20abgfljj.npz,SN Ia,SNI,core,26,13,13,True,SN_Ia
ZTF25aalqrrk,events/ZTF25aalqrrk.npz,SN Ia,SNI,core,15,10,5,True,SN_Ia
ZTF19aaoyjoz,events/ZTF19aaoyjoz.npz,SN Ia,SNI,core,15,7,8,True,SN_Ia
ZTF21aagtekf,events/ZTF21aagtekf.npz,SN II,SNII,core,72,34,38,True,SN_CC
ZTF21aaynlsf,events/ZTF21aaynlsf.npz,SN Ia,SNI,core,14,7,7,True,SN_Ia
ZTF21aaavhbu,events/ZTF21aaavhbu.npz,SN Ia,SNI,core,15,8,7,True,SN_Ia
ZTF18abvtrnc,events/ZTF18abvtrnc.npz,SN Ia,SNI,core,25,6,19,True,SN_Ia
ZTF19aaldqvh,events/ZTF19aaldqvh.npz,SN Ia,SNI,core,17,8,9,True,SN_Ia
ZTF24aasmghi,events/ZTF24aasmghi.npz,SN Ia,SNI,core,20,9,11,True,SN_Ia
ZTF19abgfuhh,events/ZTF19abgfuhh.npz,SN IIb,SNII,core,33,18,15,True,SN_CC
ZTF21abezono,events/ZTF21abezono.npz,SN II,SNII,core,35,9,26,True,SN_CC
ZTF23aaicagr,events/ZTF23aaicagr.npz,SN Ia,SNI,core,19,9,10,True,SN_Ia
ZTF23aabctje,events/ZTF23aabctje.npz,SN IIP,SNII,core,20,7,13,True,SN_CC
ZTF19aakrawk,events/ZTF19aakrawk.npz,SN Ia,SNI,core,16,6,10,True,SN_Ia
ZTF23abdgswy,events/ZTF23abdgswy.npz,SN II,SNII,core,32,13,19,True,SN_CC
ZTF24abunuon,events/ZTF24abunuon.npz,SN Ia,SNI,core,24,9,15,True,SN_Ia
ZTF22abbaqil,events/ZTF22abbaqil.npz,SN Ia,SNI,core,25,12,13,True,SN_Ia
ZTF19acbvisk,events/ZTF19acbvisk.npz,SN II,SNII,core,35,14,21,True,SN_CC
ZTF20acuhgar,events/ZTF20acuhgar.npz,SN II,SNII,core,54,29,25,True,SN_CC
ZTF23abbteqg,events/ZTF23abbteqg.npz,SN Ia,SNI,core,31,10,21,True,SN_Ia
ZTF20abwzqzo,events/ZTF20abwzqzo.npz,SN IIb,SNII,core,38,10,28,True,SN_CC
ZTF24aadauao,events/ZTF24aadauao.npz,SN Ia,SNI,core,12,7,5,True,SN_Ia
ZTF22aaebkwd,events/ZTF22aaebkwd.npz,SN Ib,SNI,core,17,9,8,True,SN_CC
ZTF20acwcqnv,events/ZTF20acwcqnv.npz,SN Ia,SNI,core,26,13,13,True,SN_Ia
ZTF22abibgsa,events/ZTF22abibgsa.npz,SN Ia,SNI,core,19,10,9,True,SN_Ia
ZTF21aadalct,events/ZTF21aadalct.npz,SN Ia,SNI,core,27,12,15,True,SN_Ia
ZTF21acenkuf,events/ZTF21acenkuf.npz,SN Ia,SNI,core,28,14,14,True,SN_Ia
ZTF25aazjqwa,events/ZTF25aazjqwa.npz,SN Ia,SNI,core,15,6,9,True,SN_Ia
ZTF22aaxnxer,events/ZTF22aaxnxer.npz,SN Ia,SNI,core,25,11,14,True,SN_Ia
ZTF20aahapsq,events/ZTF20aahapsq.npz,SN Ia,SNI,core,14,7,7,True,SN_Ia
ZTF20aaaxacu,events/ZTF20aaaxacu.npz,SN Ia,SNI,core,48,22,26,True,SN_Ia
ZTF19aadoocn,events/ZTF19aadoocn.npz,SN Ia,SNI,core,18,8,10,True,SN_Ia
ZTF24aaupnbu,events/ZTF24aaupnbu.npz,SN Ia-91T,SNI,core,41,16,25,True,SN_Ia
ZTF24abcqauy,events/ZTF24abcqauy.npz,SN II,SNII,core,21,3,16,True,SN_CC
ZTF22aahhvqj,events/ZTF22aahhvqj.npz,SN Ia-91T,SNI,core,39,14,25,True,SN_Ia
ZTF25aavmwrf,events/ZTF25aavmwrf.npz,SN Ia,SNI,core,118,65,53,True,SN_Ia
ZTF18abdefet,events/ZTF18abdefet.npz,SN Ia,SNI,core,16,7,9,True,SN_Ia
ZTF25aasltmi,events/ZTF25aasltmi.npz,SN IIn,SNII,core,24,12,12,True,SN_CC
ZTF22aaolexr,events/ZTF22aaolexr.npz,SN Ia,SNI,core,24,14,10,True,SN_Ia
ZTF25abghcmh,events/ZTF25abghcmh.npz,SN Ia,SNI,core,52,25,27,True,SN_Ia
ZTF22ablbvag,events/ZTF22ablbvag.npz,SN II,SNII,core,48,4,44,True,SN_CC
ZTF18acbvbox,events/ZTF18acbvbox.npz,SN Ia,SNI,core,15,4,11,True,SN_Ia
ZTF19aamtwwv,events/ZTF19aamtwwv.npz,SN Ia,SNI,core,16,7,9,True,SN_Ia
ZTF20abyjoxb,events/ZTF20abyjoxb.npz,SN Ia,SNI,core,52,23,29,True,SN_Ia
ZTF18aaxwjmp,events/ZTF18aaxwjmp.npz,SN Ia,SNI,core,44,20,24,True,SN_Ia
ZTF21aaxzkfe,events/ZTF21aaxzkfe.npz,SN Ia,SNI,core,26,11,15,True,SN_Ia
ZTF19acgqjln,events/ZTF19acgqjln.npz,SN Ia,SNI,core,94,48,46,True,SN_Ia
ZTF19aaugaam,events/ZTF19aaugaam.npz,SN II,SNII,core,32,16,16,True,SN_CC
ZTF23aaznfqc,events/ZTF23aaznfqc.npz,SN Ia,SNI,core,58,27,31,True,SN_Ia
ZTF23aanzmoz,events/ZTF23aanzmoz.npz,SN II,SNII,core,16,9,7,True,SN_CC
ZTF19aavsahh,events/ZTF19aavsahh.npz,SN Ia,SNI,core,20,11,9,True,SN_Ia
ZTF18aboebsg,events/ZTF18aboebsg.npz,SN Ia,SNI,core,13,8,5,True,SN_Ia
ZTF24abpfzww,events/ZTF24abpfzww.npz,SN Ia,SNI,core,22,14,8,True,SN_Ia
ZTF25aavsjkg,events/ZTF25aavsjkg.npz,SN Ia,SNI,core,28,11,17,True,SN_Ia
ZTF20abzhwtq,events/ZTF20abzhwtq.npz,SN Ia,SNI,core,27,13,14,True,SN_Ia
ZTF22abhldat,events/ZTF22abhldat.npz,SN Ia,SNI,core,49,23,26,True,SN_Ia
ZTF20aafcgca,events/ZTF20aafcgca.npz,SN Ia,SNI,core,66,25,41,True,SN_Ia
ZTF20acrzwvx,events/ZTF20acrzwvx.npz,SN II,SNII,core,61,30,31,True,SN_CC
ZTF24abtqrea,events/ZTF24abtqrea.npz,SN Ia,SNI,core,25,12,13,True,SN_Ia
ZTF20abkcril,events/ZTF20abkcril.npz,SN Ia,SNI,core,51,21,30,True,SN_Ia
ZTF19aanbfaw,events/ZTF19aanbfaw.npz,SN Ia,SNI,core,25,13,12,True,SN_Ia
ZTF22aadthro,events/ZTF22aadthro.npz,SN Ia,SNI,core,25,11,14,True,SN_Ia
ZTF21aarhzdh,events/ZTF21aarhzdh.npz,SN Ia,SNI,core,40,21,19,True,SN_Ia
ZTF21acjurqj,events/ZTF21acjurqj.npz,SN Ia,SNI,core,32,16,16,True,SN_Ia
ZTF20aaqrddh,events/ZTF20aaqrddh.npz,SN Ia,SNI,core,23,11,12,True,SN_Ia
ZTF22abfyynm,events/ZTF22abfyynm.npz,SN Ia,SNI,core,24,11,13,True,SN_Ia
ZTF18acehilk,events/ZTF18acehilk.npz,SN Ia,SNI,core,10,4,6,True,SN_Ia
ZTF18acbvpzj,events/ZTF18acbvpzj.npz,SN Ic-BL,SNI,core,9,4,5,True,SN_CC
ZTF23aayngqr,events/ZTF23aayngqr.npz,SN Ia,SNI,core,10,8,2,True,SN_Ia
ZTF23abtjrbz,events/ZTF23abtjrbz.npz,SN Ic,SNI,core,19,9,10,True,SN_CC
ZTF20aavdgib,events/ZTF20aavdgib.npz,SN Ia,SNI,core,59,27,32,True,SN_Ia
ZTF23absouua,events/ZTF23absouua.npz,SN Ia,SNI,core,16,10,6,True,SN_Ia
ZTF25aaitagu,events/ZTF25aaitagu.npz,SN Ia,SNI,core,29,13,16,True,SN_Ia
ZTF22aaotgrc,events/ZTF22aaotgrc.npz,SN IIb,SNII,core,66,34,32,True,SN_CC
ZTF20aclkyjg,events/ZTF20aclkyjg.npz,SN Ia,SNI,core,28,16,12,True,SN_Ia
ZTF21abnabtv,events/ZTF21abnabtv.npz,SN Ia,SNI,core,13,7,6,True,SN_Ia
ZTF21abtgbwr,events/ZTF21abtgbwr.npz,SN Ia,SNI,core,24,10,14,True,SN_Ia
ZTF23abaebbd,events/ZTF23abaebbd.npz,SN II,SNII,core,48,26,22,True,SN_CC
ZTF25acdxdbq,events/ZTF25acdxdbq.npz,SN Ia,SNI,core,15,6,9,True,SN_Ia
ZTF20actiymd,events/ZTF20actiymd.npz,SN Ia,SNI,core,40,16,24,True,SN_Ia
ZTF19aaejtof,events/ZTF19aaejtof.npz,SN IIb,SNII,core,16,7,9,True,SN_CC
ZTF21aaihala,events/ZTF21aaihala.npz,SN Ia,SNI,core,54,29,25,True,SN_Ia
ZTF21aabjfbc,events/ZTF21aabjfbc.npz,SN II,SNII,core,27,17,10,True,SN_CC
ZTF18acrcizr,events/ZTF18acrcizr.npz,SN Ia,SNI,core,14,4,10,True,SN_Ia
ZTF24aasqcng,events/ZTF24aasqcng.npz,SN II,SNII,core,33,14,19,True,SN_CC
ZTF24aawkujt,events/ZTF24aawkujt.npz,SN Ia,SNI,core,25,9,16,True,SN_Ia
ZTF19aapceyj,events/ZTF19aapceyj.npz,SN Ic,SNI,core,8,6,2,True,SN_CC
ZTF19acgrbeb,events/ZTF19acgrbeb.npz,SN Ia,SNI,core,26,11,15,True,SN_Ia
ZTF19abjpelp,events/ZTF19abjpelp.npz,SN Ia,SNI,core,16,8,8,True,SN_Ia
ZTF24abteeyt,events/ZTF24abteeyt.npz,SLSN-I,NOVEL,novel,16,13,3,True,SLSN
ZTF20acowddo,events/ZTF20acowddo.npz,SN Ia,SNI,core,38,19,19,True,SN_Ia
ZTF24aaloeiz,events/ZTF24aaloeiz.npz,SN Ia,SNI,core,11,6,5,True,SN_Ia
ZTF21acdcxfz,events/ZTF21acdcxfz.npz,SN Ia,SNI,core,29,14,15,True,SN_Ia
ZTF18acbznvp,events/ZTF18acbznvp.npz,SN Ia,SNI,core,12,6,6,True,SN_Ia
ZTF22abatsyj,events/ZTF22abatsyj.npz,SN Ia,SNI,core,27,14,13,True,SN_Ia
ZTF22aaknvcz,events/ZTF22aaknvcz.npz,SN Ia,SNI,core,49,22,27,True,SN_Ia
ZTF25acgclhz,events/ZTF25acgclhz.npz,SN II,SNII,core,21,8,13,True,SN_CC
ZTF20abrnavu,events/ZTF20abrnavu.npz,SN Ia,SNI,core,30,13,17,True,SN_Ia
ZTF20acusecr,events/ZTF20acusecr.npz,SN IIb,SNII,core,19,6,13,True,SN_CC
ZTF19aaaiosa,events/ZTF19aaaiosa.npz,CV,CV,core,8,5,3,True,CV
ZTF20aahbamv,events/ZTF20aahbamv.npz,SN II,SNII,core,95,43,52,True,SN_CC
ZTF25aanbcou,events/ZTF25aanbcou.npz,SN Ia,SNI,core,15,7,8,True,SN_Ia
ZTF23aarjsik,events/ZTF23aarjsik.npz,SN Ia,SNI,core,45,13,32,True,SN_Ia
ZTF20abmapla,events/ZTF20abmapla.npz,SN Ia,SNI,core,20,8,12,True,SN_Ia
ZTF24aahicbz,events/ZTF24aahicbz.npz,SN Ia,SNI,core,28,12,16,True,SN_Ia
ZTF24abcyajd,events/ZTF24abcyajd.npz,SN Ia,SNI,core,35,16,17,True,SN_Ia
ZTF19adaivcf,events/ZTF19adaivcf.npz,SLSN-I,NOVEL,novel,177,82,95,True,SLSN
ZTF24abgsvwh,events/ZTF24abgsvwh.npz,SN Ia,SNI,core,35,13,19,True,SN_Ia
ZTF21aaskwgm,events/ZTF21aaskwgm.npz,SN Ia,SNI,core,42,15,27,True,SN_Ia
ZTF25aabnwba,events/ZTF25aabnwba.npz,SN Ia,SNI,core,16,6,10,True,SN_Ia
ZTF25aaptbyd,events/ZTF25aaptbyd.npz,SN Ia,SNI,core,18,9,9,True,SN_Ia
ZTF20acithxf,events/ZTF20acithxf.npz,SN Ia,SNI,core,47,28,19,True,SN_Ia
ZTF20aaideho,events/ZTF20aaideho.npz,SN Ia,SNI,core,12,5,7,True,SN_Ia
ZTF18acgvhxo,events/ZTF18acgvhxo.npz,AGN,AGN,core,28,11,17,True,AGN
ZTF19acaqyjp,events/ZTF19acaqyjp.npz,SN Ia,SNI,core,13,8,5,True,SN_Ia
ZTF22abzdcar,events/ZTF22abzdcar.npz,SN Ia,SNI,core,15,7,8,True,SN_Ia
ZTF22aaljyqw,events/ZTF22aaljyqw.npz,SN Ia,SNI,core,47,20,27,True,SN_Ia
ZTF25aakgfpu,events/ZTF25aakgfpu.npz,SN Ia,SNI,core,8,4,4,True,SN_Ia
ZTF19abdvpfj,events/ZTF19abdvpfj.npz,SN Ia,SNI,core,9,6,3,True,SN_Ia
ZTF19aarqmjs,events/ZTF19aarqmjs.npz,SN Ia,SNI,core,10,6,4,True,SN_Ia
ZTF21aaoghxv,events/ZTF21aaoghxv.npz,SN Ia,SNI,core,19,9,10,True,SN_Ia
ZTF22aaafbka,events/ZTF22aaafbka.npz,SN Ia,SNI,core,18,9,9,True,SN_Ia
ZTF22abvmgtl,events/ZTF22abvmgtl.npz,SN Ia,SNI,core,14,9,5,True,SN_Ia
ZTF22aaacxkp,events/ZTF22aaacxkp.npz,SN II,SNII,core,47,22,25,True,SN_CC
ZTF24abckhke,events/ZTF24abckhke.npz,SN Ia,SNI,core,25,9,16,True,SN_Ia
ZTF22abuslkt,events/ZTF22abuslkt.npz,SN Ia,SNI,core,15,5,10,True,SN_Ia
ZTF22abnvmgu,events/ZTF22abnvmgu.npz,SN IIb,SNII,core,9,4,5,True,SN_CC
ZTF19aanxosu,events/ZTF19aanxosu.npz,SN Ia,SNI,core,50,16,34,True,SN_Ia
ZTF19aakrsuo,events/ZTF19aakrsuo.npz,SN II,SNII,core,20,8,12,True,SN_CC
ZTF21aajuerd,events/ZTF21aajuerd.npz,SN Ia,SNI,core,28,14,14,True,SN_Ia
ZTF19acykjcw,events/ZTF19acykjcw.npz,SN Ia,SNI,core,27,12,15,True,SN_Ia
ZTF21aaqzkhx,events/ZTF21aaqzkhx.npz,SN Ia,SNI,core,39,17,22,True,SN_Ia
ZTF23aajgpos,events/ZTF23aajgpos.npz,SN Ia,SNI,core,9,5,4,True,SN_Ia
ZTF23aaniabv,events/ZTF23aaniabv.npz,SN Ia,SNI,core,22,12,10,True,SN_Ia
ZTF21aavoete,events/ZTF21aavoete.npz,SN Ia,SNI,core,23,12,11,True,SN_Ia
ZTF20aamerev,events/ZTF20aamerev.npz,SN Ia,SNI,core,29,12,17,True,SN_Ia
ZTF20aatqidk,events/ZTF20aatqidk.npz,SN II,SNII,core,47,22,25,True,SN_CC
ZTF25acadteh,events/ZTF25acadteh.npz,SN Ia,SNI,core,28,12,16,True,SN_Ia
ZTF23aakmsiy,events/ZTF23aakmsiy.npz,SN Ia,SNI,core,35,18,17,True,SN_Ia
ZTF24aaskxde,events/ZTF24aaskxde.npz,SN Ia,SNI,core,17,11,6,True,SN_Ia
ZTF18abjrdzt,events/ZTF18abjrdzt.npz,CV,CV,core,22,12,10,True,CV
ZTF20aahgejq,events/ZTF20aahgejq.npz,SN IIb,SNII,core,73,34,39,True,SN_CC
ZTF19aapbgmp,events/ZTF19aapbgmp.npz,SN Ia,SNI,core,24,9,15,True,SN_Ia
ZTF24aaonrzo,events/ZTF24aaonrzo.npz,SN Ia,SNI,core,17,12,5,True,SN_Ia
ZTF23absohlp,events/ZTF23absohlp.npz,SN Ia,SNI,core,11,5,6,True,SN_Ia
ZTF18abfchzq,events/ZTF18abfchzq.npz,SN Ia,SNI,core,31,14,17,True,SN_Ia
ZTF19aaraxhh,events/ZTF19aaraxhh.npz,SN Ia,SNI,core,31,16,15,True,SN_Ia
ZTF19aargqez,events/ZTF19aargqez.npz,SN Ia,SNI,core,18,11,7,True,SN_Ia
ZTF23aaquhaz,events/ZTF23aaquhaz.npz,SN II,SNII,core,75,37,38,True,SN_CC
ZTF22abstcjq,events/ZTF22abstcjq.npz,SN Ia,SNI,core,36,3,33,True,SN_Ia
ZTF22abivebe,events/ZTF22abivebe.npz,SN Ic-BL,SNI,core,16,8,8,True,SN_CC
ZTF18abywcnl,events/ZTF18abywcnl.npz,SN Ia,SNI,core,15,7,8,True,SN_Ia
ZTF23abgspvs,events/ZTF23abgspvs.npz,SN Ia,SNI,core,32,15,17,True,SN_Ia
ZTF24aakskvp,events/ZTF24aakskvp.npz,SN Ia,SNI,core,39,21,18,True,SN_Ia
ZTF24abugvux,events/ZTF24abugvux.npz,SN Ia,SNI,core,16,7,9,True,SN_Ia
ZTF20abyxnjo,events/ZTF20abyxnjo.npz,SN Ia,SNI,core,40,19,21,True,SN_Ia
ZTF19aamljom,events/ZTF19aamljom.npz,SN II,SNII,core,38,14,24,True,SN_CC
ZTF19abkjbur,events/ZTF19abkjbur.npz,SN Ia,SNI,core,10,6,4,True,SN_Ia
ZTF20abzetdf,events/ZTF20abzetdf.npz,SN Ia,SNI,core,45,21,24,True,SN_Ia
ZTF18abeyqpr,events/ZTF18abeyqpr.npz,SN Ic,SNI,core,24,9,15,True,SN_CC
ZTF21aaizyqc,events/ZTF21aaizyqc.npz,SN II,SNII,core,89,44,45,True,SN_CC
ZTF19abfwfei,events/ZTF19abfwfei.npz,SN Ia,SNI,core,16,11,5,True,SN_Ia
ZTF20aafrihv,events/ZTF20aafrihv.npz,SN Ia,SNI,core,91,42,49,True,SN_Ia
ZTF24aaaidva,events/ZTF24aaaidva.npz,SN Ia,SNI,core,17,8,9,True,SN_Ia
ZTF20acyvzef,events/ZTF20acyvzef.npz,SN Ia,SNI,core,19,10,9,True,SN_Ia
ZTF21abbytmm,events/ZTF21abbytmm.npz,SN Ia,SNI,core,23,10,13,True,SN_Ia
ZTF25aafoflc,events/ZTF25aafoflc.npz,SN Ia,SNI,core,11,5,6,True,SN_Ia
ZTF24aahgqwk,events/ZTF24aahgqwk.npz,SN II,SNII,core,39,18,21,True,SN_CC
ZTF23abhshdk,events/ZTF23abhshdk.npz,SN Ia,SNI,core,29,13,16,True,SN_Ia
ZTF23abgnvhq,events/ZTF23abgnvhq.npz,SN Ia,SNI,core,49,7,42,True,SN_Ia
ZTF24abeywka,events/ZTF24abeywka.npz,SN IIn,SNII,core,49,18,31,True,SN_CC
ZTF19abqsvgf,events/ZTF19abqsvgf.npz,SN Ia,SNI,core,29,16,13,True,SN_Ia
ZTF21ackmfgz,events/ZTF21ackmfgz.npz,SN Ia,SNI,core,16,5,11,True,SN_Ia
ZTF22abztcly,events/ZTF22abztcly.npz,SN Ic,SNI,core,39,19,20,True,SN_CC
ZTF25aamqhpc,events/ZTF25aamqhpc.npz,SN Ia,SNI,core,26,9,17,True,SN_Ia
ZTF20abyiycy,events/ZTF20abyiycy.npz,SN Ia,SNI,core,23,12,11,True,SN_Ia
ZTF22aabwemz,events/ZTF22aabwemz.npz,SN IIn,SNII,core,11,5,6,True,SN_CC
ZTF22aawetbp,events/ZTF22aawetbp.npz,SN Ia,SNI,core,23,10,13,True,SN_Ia
ZTF20aaifyab,events/ZTF20aaifyab.npz,SN Ia,SNI,core,18,9,9,True,SN_Ia
ZTF25aceglik,events/ZTF25aceglik.npz,SN Ia,SNI,core,26,13,13,True,SN_Ia
ZTF19abasxkg,events/ZTF19abasxkg.npz,SN Ia,SNI,core,34,17,17,True,SN_Ia
ZTF25aaetvgk,events/ZTF25aaetvgk.npz,SN II,SNII,core,37,18,19,True,SN_CC
ZTF20abfcshg,events/ZTF20abfcshg.npz,SN Ia,SNI,core,110,51,59,True,SN_Ia
ZTF19abqmsbk,events/ZTF19abqmsbk.npz,SN Ic,SNI,core,14,11,3,True,SN_CC
ZTF23abioirc,events/ZTF23abioirc.npz,SN II,SNII,core,45,26,19,True,SN_CC
ZTF18abtmtfy,events/ZTF18abtmtfy.npz,SN Ia,SNI,core,14,9,5,True,SN_Ia
ZTF19aafmvdb,events/ZTF19aafmvdb.npz,SN Ia,SNI,core,26,13,13,True,SN_Ia
ZTF18acqsqry,events/ZTF18acqsqry.npz,SN Ia,SNI,core,13,3,10,True,SN_Ia
ZTF23abkkajk,events/ZTF23abkkajk.npz,SN Ia,SNI,core,20,12,8,True,SN_Ia
ZTF19abqwsuf,events/ZTF19abqwsuf.npz,SN II,SNII,core,28,6,22,True,SN_CC
ZTF21aawgzda,events/ZTF21aawgzda.npz,SN II,SNII,core,36,15,21,True,SN_CC
ZTF21aaigqir,events/ZTF21aaigqir.npz,SN Ia,SNI,core,11,7,4,True,SN_Ia
ZTF24abodqaj,events/ZTF24abodqaj.npz,SN Ia,SNI,core,9,6,3,True,SN_Ia
ZTF20abhzgly,events/ZTF20abhzgly.npz,SN Ia,SNI,core,93,35,58,True,SN_Ia
ZTF20aagfjlj,events/ZTF20aagfjlj.npz,SN Ia,SNI,core,19,9,10,True,SN_Ia
ZTF25aaabezb,events/ZTF25aaabezb.npz,SN Ia,SNI,core,15,11,4,True,SN_Ia
ZTF19aamkfvy,events/ZTF19aamkfvy.npz,SN II,SNII,core,50,24,26,True,SN_CC
ZTF19aaeopgw,events/ZTF19aaeopgw.npz,SLSN-II,SNII,peculiar,42,18,24,True,SLSN
ZTF18aawzens,events/ZTF18aawzens.npz,SN Ia,SNI,core,41,19,22,True,SN_Ia
ZTF20aaknzba,events/ZTF20aaknzba.npz,SN Ia,SNI,core,18,9,9,True,SN_Ia
ZTF25aauscfu,events/ZTF25aauscfu.npz,SN Ia-pec,SNI,core,42,16,26,True,SN_Ia
ZTF25aawnctx,events/ZTF25aawnctx.npz,SN Ia,SNI,core,10,5,5,True,SN_Ia
ZTF20abajtzc,events/ZTF20abajtzc.npz,SN Ia,SNI,core,17,10,7,True,SN_Ia
ZTF19aarlefl,events/ZTF19aarlefl.npz,SN Ia,SNI,core,41,19,22,True,SN_Ia
ZTF25aautevd,events/ZTF25aautevd.npz,SN Ia,SNI,core,22,10,12,True,SN_Ia
ZTF23aajdtbw,events/ZTF23aajdtbw.npz,SN Ia,SNI,core,22,20,2,True,SN_Ia
ZTF25aaadytl,events/ZTF25aaadytl.npz,SN Ic,SNI,core,45,19,26,True,SN_CC
ZTF22aavpkwo,events/ZTF22aavpkwo.npz,SN II,SNII,core,54,25,29,True,SN_CC
ZTF25aaceybo,events/ZTF25aaceybo.npz,SN Ia,SNI,core,12,5,7,True,SN_Ia
ZTF23aampyvc,events/ZTF23aampyvc.npz,SN Ia,SNI,core,24,8,16,True,SN_Ia
ZTF22aakcvbr,events/ZTF22aakcvbr.npz,SN Ia,SNI,core,18,9,9,True,SN_Ia
ZTF22aarlppe,events/ZTF22aarlppe.npz,SN Ia,SNI,core,23,11,12,True,SN_Ia
ZTF18aawiilg,events/ZTF18aawiilg.npz,SN Ia,SNI,core,21,10,11,True,SN_Ia
ZTF21abcjpnm,events/ZTF21abcjpnm.npz,SN II,SNII,core,72,36,36,True,SN_CC
ZTF20abehuki,events/ZTF20abehuki.npz,CV,CV,core,9,4,5,True,CV
ZTF19acytcsg,events/ZTF19acytcsg.npz,SN II,SNII,core,98,45,53,True,SN_CC
ZTF21abkrteb,events/ZTF21abkrteb.npz,SN Ia,SNI,core,19,10,9,True,SN_Ia
ZTF20abafzxx,events/ZTF20abafzxx.npz,SN Ia,SNI,core,32,14,18,True,SN_Ia
ZTF23aahzyls,events/ZTF23aahzyls.npz,SN II,SNII,core,19,14,5,True,SN_CC
ZTF22abqpflu,events/ZTF22abqpflu.npz,SN Ia,SNI,core,16,7,9,True,SN_Ia
ZTF22abexkqi,events/ZTF22abexkqi.npz,SN Ib,SNI,core,44,21,23,True,SN_CC
ZTF25abogvjf,events/ZTF25abogvjf.npz,SN Ia,SNI,core,39,19,20,True,SN_Ia
ZTF20abatfzl,events/ZTF20abatfzl.npz,SN Ia,SNI,core,40,19,21,True,SN_Ia
ZTF25acffprp,events/ZTF25acffprp.npz,SN Ia,SNI,core,24,9,15,True,SN_Ia
ZTF22aarwtqp,events/ZTF22aarwtqp.npz,SN Ia,SNI,core,26,13,13,True,SN_Ia
ZTF22absqvgm,events/ZTF22absqvgm.npz,SN Ia,SNI,core,19,10,9,True,SN_Ia
ZTF19aazzpje,events/ZTF19aazzpje.npz,SN Ia,SNI,core,19,9,10,True,SN_Ia
ZTF18aarunfu,events/ZTF18aarunfu.npz,SN Ia,SNI,core,33,15,18,True,SN_Ia
ZTF23aaltnze,events/ZTF23aaltnze.npz,SN Ia,SNI,core,37,17,20,True,SN_Ia
ZTF25abpdxzo,events/ZTF25abpdxzo.npz,SN Ia,SNI,core,21,8,13,True,SN_Ia
ZTF21acgrlmz,events/ZTF21acgrlmz.npz,SN II,SNII,core,22,10,12,True,SN_CC
ZTF21acjbcqw,events/ZTF21acjbcqw.npz,SN IIP,SNII,core,10,5,5,True,SN_CC
ZTF19abzvvkb,events/ZTF19abzvvkb.npz,SN Ia-91T,SNI,core,20,8,12,True,SN_Ia
ZTF20abyjopm,events/ZTF20abyjopm.npz,SN Ia,SNI,core,42,19,23,True,SN_Ia
ZTF18acsvycn,events/ZTF18acsvycn.npz,SN II,SNII,core,9,6,3,True,SN_CC
ZTF18aaisaqo,events/ZTF18aaisaqo.npz,SN Ia-CSM,SNI,peculiar,71,35,36,True,SN_CC
ZTF22aafnqtw,events/ZTF22aafnqtw.npz,SN Ia,SNI,core,19,9,10,True,SN_Ia
ZTF25abqzdbd,events/ZTF25abqzdbd.npz,SN Ia,SNI,core,38,17,21,True,SN_Ia
ZTF23aasyvbf,events/ZTF23aasyvbf.npz,SN II,SNII,core,21,19,2,True,SN_CC
ZTF24abbinrr,events/ZTF24abbinrr.npz,SN IIb,SNII,core,28,12,15,True,SN_CC
ZTF21aautijg,events/ZTF21aautijg.npz,SN IIn,SNII,core,75,40,35,True,SN_CC
ZTF21aapjphz,events/ZTF21aapjphz.npz,SN II,SNII,core,48,19,29,True,SN_CC
ZTF24absvygp,events/ZTF24absvygp.npz,SN Ia,SNI,core,22,12,10,True,SN_Ia
ZTF20aagqrbx,events/ZTF20aagqrbx.npz,CV,CV,core,21,10,11,True,CV
ZTF21abieuta,events/ZTF21abieuta.npz,SN Ib,SNI,core,21,7,14,True,SN_CC
ZTF24aawxqjl,events/ZTF24aawxqjl.npz,SN Ia,SNI,core,47,24,23,True,SN_Ia
ZTF25abpxqho,events/ZTF25abpxqho.npz,SN Ia,SNI,core,33,13,20,True,SN_Ia
ZTF21achaxmt,events/ZTF21achaxmt.npz,SN Ia,SNI,core,9,6,3,True,SN_Ia
ZTF22abhvfio,events/ZTF22abhvfio.npz,SN Ia,SNI,core,29,14,15,True,SN_Ia
ZTF20aakbtyz,events/ZTF20aakbtyz.npz,SN Ia,SNI,core,38,20,18,True,SN_Ia
ZTF19abovtfk,events/ZTF19abovtfk.npz,SN Ia,SNI,core,9,4,5,True,SN_Ia
ZTF19acaqqxo,events/ZTF19acaqqxo.npz,SN II,SNII,core,28,8,20,True,SN_CC
ZTF19acvrgde,events/ZTF19acvrgde.npz,SN Ia,SNI,core,9,3,6,True,SN_Ia
ZTF24aahuulq,events/ZTF24aahuulq.npz,SN Ia,SNI,core,13,6,7,True,SN_Ia
ZTF19aavissk,events/ZTF19aavissk.npz,SN Ia,SNI,core,79,30,49,True,SN_Ia
ZTF24aagssbr,events/ZTF24aagssbr.npz,SN Ia,SNI,core,22,7,15,True,SN_Ia
ZTF24aaekmnz,events/ZTF24aaekmnz.npz,SN II,SNII,core,15,6,9,True,SN_CC
ZTF20aaichor,events/ZTF20aaichor.npz,SN Ia,SNI,core,52,26,26,True,SN_Ia
ZTF25aatvtvy,events/ZTF25aatvtvy.npz,SN Ia,SNI,core,39,17,22,True,SN_Ia
ZTF20abrnvnn,events/ZTF20abrnvnn.npz,SN II,SNII,core,37,13,24,True,SN_CC
ZTF22aasytpm,events/ZTF22aasytpm.npz,SN Ia-91bg,SNI,core,8,3,5,True,SN_Ia
ZTF20acwijiy,events/ZTF20acwijiy.npz,SN Ia,SNI,core,20,8,12,True,SN_Ia
ZTF19abjozed,events/ZTF19abjozed.npz,SN Ia,SNI,core,26,12,14,True,SN_Ia
ZTF22aauwyuq,events/ZTF22aauwyuq.npz,SN Ia,SNI,core,19,9,10,True,SN_Ia
ZTF20aafciit,events/ZTF20aafciit.npz,SN Ia,SNI,core,35,15,20,True,SN_Ia
ZTF22abfrkoh,events/ZTF22abfrkoh.npz,SN Ic,SNI,core,31,19,12,True,SN_CC
ZTF24abpwing,events/ZTF24abpwing.npz,SN Ia,SNI,core,14,5,9,True,SN_Ia
ZTF22abnmngf,events/ZTF22abnmngf.npz,SN Ia,SNI,core,12,3,9,True,SN_Ia
ZTF19acxgwvo,events/ZTF19acxgwvo.npz,SN II,SNII,core,14,5,9,True,SN_CC
ZTF25acdqtea,events/ZTF25acdqtea.npz,SN Ia,SNI,core,24,10,14,True,SN_Ia
ZTF20aaurhzc,events/ZTF20aaurhzc.npz,SN Ia,SNI,core,22,4,18,True,SN_Ia
ZTF21acgxwlz,events/ZTF21acgxwlz.npz,SN Ia,SNI,core,14,8,6,True,SN_Ia
ZTF25aaawpmf,events/ZTF25aaawpmf.npz,SN II,SNII,core,20,8,12,True,SN_CC
ZTF18accsawg,events/ZTF18accsawg.npz,SN Ia,SNI,core,12,6,6,True,SN_Ia
ZTF21aavgnld,events/ZTF21aavgnld.npz,SLSN-II,SNII,peculiar,72,31,41,True,SLSN
ZTF23abshzag,events/ZTF23abshzag.npz,SN Ia,SNI,core,19,12,7,True,SN_Ia
ZTF19abddqhy,events/ZTF19abddqhy.npz,SN Ia,SNI,core,14,7,7,True,SN_Ia
ZTF19abqmjdq,events/ZTF19abqmjdq.npz,SN Ia,SNI,core,22,11,11,True,SN_Ia
ZTF19aadggnt,events/ZTF19aadggnt.npz,AGN,AGN,core,15,8,7,True,AGN
ZTF23ablavhx,events/ZTF23ablavhx.npz,SN Ia,SNI,core,20,10,10,True,SN_Ia
ZTF21accyvil,events/ZTF21accyvil.npz,SN Ia,SNI,core,20,9,11,True,SN_Ia
ZTF23abiljba,events/ZTF23abiljba.npz,SN Ia,SNI,core,17,7,10,True,SN_Ia
ZTF19acnjwgm,events/ZTF19acnjwgm.npz,SN Ia,SNI,core,81,40,41,True,SN_Ia
ZTF25aacljcu,events/ZTF25aacljcu.npz,SN Ia,SNI,core,34,16,18,True,SN_Ia
ZTF20abnnfpv,events/ZTF20abnnfpv.npz,SN II,SNII,core,50,15,35,True,SN_CC
ZTF18acvwdkk,events/ZTF18acvwdkk.npz,SN II,SNII,core,29,12,17,True,SN_CC
ZTF19abqlrtb,events/ZTF19abqlrtb.npz,SN Ia,SNI,core,22,10,12,True,SN_Ia
ZTF18abjyjdz,events/ZTF18abjyjdz.npz,SN Ib,SNI,core,8,2,6,True,SN_CC
ZTF22abqqjih,events/ZTF22abqqjih.npz,SN Ia,SNI,core,28,13,15,True,SN_Ia
ZTF23absdnmt,events/ZTF23absdnmt.npz,SN Ia,SNI,core,13,4,9,True,SN_Ia
ZTF24aaicquq,events/ZTF24aaicquq.npz,SN Ia,SNI,core,9,4,5,True,SN_Ia
ZTF24aaypjcj,events/ZTF24aaypjcj.npz,SN Ia,SNI,core,39,17,22,True,SN_Ia
ZTF22aamfjun,events/ZTF22aamfjun.npz,SN Ia,SNI,core,34,14,20,True,SN_Ia
ZTF19abpxiff,events/ZTF19abpxiff.npz,SN II,SNII,core,20,10,10,True,SN_CC
ZTF23aaqqeez,events/ZTF23aaqqeez.npz,SN Ia,SNI,core,19,8,11,True,SN_Ia
ZTF24abygyka,events/ZTF24abygyka.npz,SN Ic-BL,SNI,core,22,8,14,True,SN_CC
ZTF19abgqwed,events/ZTF19abgqwed.npz,SN Ia,SNI,core,12,5,7,True,SN_Ia
ZTF20aciwrpn,events/ZTF20aciwrpn.npz,SN II,SNII,core,40,15,25,True,SN_CC
ZTF23aausgtp,events/ZTF23aausgtp.npz,SN Ia,SNI,core,28,11,17,True,SN_Ia
ZTF20acurtpj,events/ZTF20acurtpj.npz,SN Ia,SNI,core,42,16,26,True,SN_Ia
ZTF23aagklwb,events/ZTF23aagklwb.npz,SLSN-II,SNII,peculiar,44,24,20,True,SLSN
ZTF21abjrwhq,events/ZTF21abjrwhq.npz,SN Ia,SNI,core,28,15,13,True,SN_Ia
ZTF23aaquhcv,events/ZTF23aaquhcv.npz,SN Ia,SNI,core,25,11,14,True,SN_Ia
ZTF23abtdizt,events/ZTF23abtdizt.npz,SN IIb,SNII,core,24,15,9,True,SN_CC
ZTF22aayaemx,events/ZTF22aayaemx.npz,SN Ia,SNI,core,19,9,10,True,SN_Ia
ZTF24aaieled,events/ZTF24aaieled.npz,SN Ia-91T,SNI,core,9,6,3,True,SN_Ia
ZTF20aaflaug,events/ZTF20aaflaug.npz,SN Ia,SNI,core,50,19,31,True,SN_Ia
ZTF19abxjimu,events/ZTF19abxjimu.npz,SN Ia,SNI,core,72,40,32,True,SN_Ia
ZTF23aacdlvr,events/ZTF23aacdlvr.npz,SN Ia,SNI,core,12,5,7,True,SN_Ia
ZTF22abmzdzr,events/ZTF22abmzdzr.npz,SN Ia,SNI,core,43,7,36,True,SN_Ia
ZTF24aagxdol,events/ZTF24aagxdol.npz,SN Ia-91T,SNI,core,10,5,5,True,SN_Ia
ZTF25acelvvz,events/ZTF25acelvvz.npz,SN Ia,SNI,core,33,15,18,True,SN_Ia
ZTF18aasrlze,events/ZTF18aasrlze.npz,SN Ia,SNI,core,94,47,47,True,SN_Ia
ZTF20abdxyae,events/ZTF20abdxyae.npz,SN Iax,SNI,peculiar,41,12,29,True,SN_Ia
ZTF23aalcvlh,events/ZTF23aalcvlh.npz,SN II,SNII,core,12,9,3,True,SN_CC
ZTF20aciubjh,events/ZTF20aciubjh.npz,SN II,SNII,core,49,16,33,True,SN_CC
ZTF21abowqqa,events/ZTF21abowqqa.npz,SN Ia,SNI,core,29,13,16,True,SN_Ia
ZTF19aallimd,events/ZTF19aallimd.npz,SN II,SNII,core,16,5,11,True,SN_CC
ZTF23aaawcyt,events/ZTF23aaawcyt.npz,SN Ia,SNI,core,10,3,7,True,SN_Ia
ZTF19abzzuyl,events/ZTF19abzzuyl.npz,SN II,SNII,core,27,6,21,True,SN_CC
ZTF18acbzpxx,events/ZTF18acbzpxx.npz,SN Ia,SNI,core,24,12,12,True,SN_Ia
ZTF21abkavmp,events/ZTF21abkavmp.npz,SN Ia,SNI,core,27,13,14,True,SN_Ia
ZTF19adbmwto,events/ZTF19adbmwto.npz,SN Ia,SNI,core,15,4,11,True,SN_Ia
ZTF25aafjpdg,events/ZTF25aafjpdg.npz,SN Ia,SNI,core,20,15,5,True,SN_Ia
ZTF22abecbbd,events/ZTF22abecbbd.npz,SN Ia,SNI,core,72,36,36,True,SN_Ia
ZTF25aafywpr,events/ZTF25aafywpr.npz,TDE-He,TDE,peculiar,22,11,11,True,TDE
ZTF24abqxfih,events/ZTF24abqxfih.npz,SN Ia,SNI,core,35,14,21,True,SN_Ia
ZTF21acjgmiy,events/ZTF21acjgmiy.npz,SN Ia,SNI,core,11,4,7,True,SN_Ia
ZTF20aatuwib,events/ZTF20aatuwib.npz,SN Ia,SNI,core,23,11,12,True,SN_Ia
ZTF20abeolig,events/ZTF20abeolig.npz,SN Ia,SNI,core,27,14,13,True,SN_Ia
ZTF20acpkzxq,events/ZTF20acpkzxq.npz,SN Ia,SNI,core,17,9,8,True,SN_Ia
ZTF19aanuuen,events/ZTF19aanuuen.npz,SN Ia,SNI,core,31,15,16,True,SN_Ia
ZTF21aadebss,events/ZTF21aadebss.npz,SN Ia,SNI,core,20,7,13,True,SN_Ia
ZTF20aaeopvv,events/ZTF20aaeopvv.npz,SN Ia,SNI,core,22,10,12,True,SN_Ia
ZTF21abiyyob,events/ZTF21abiyyob.npz,SN Ia,SNI,core,56,25,31,True,SN_Ia
ZTF20actawpa,events/ZTF20actawpa.npz,SN II,SNII,core,54,27,27,True,SN_CC
ZTF20aattqbi,events/ZTF20aattqbi.npz,SN Ia,SNI,core,39,16,23,True,SN_Ia
ZTF21abyakea,events/ZTF21abyakea.npz,SN Ia,SNI,core,30,15,15,True,SN_Ia
