tree
version=v4
num_class=1
num_tree_per_iteration=1
label_index=0
max_feature_idx=189
objective=binary sigmoid:1
feature_names=g_amplitude g_anderson_darling_normal g_bazin_amplitude g_bazin_baseline g_bazin_fall_over_rise g_bazin_fall_time g_bazin_reduced_chi2 g_bazin_reference_time g_bazin_rise_time g_beyond_1_std g_beyond_2_std g_chi2 g_cusum g_eta_e g_excess_variance g_frac_obs_before_peak g_gap_max g_gap_median g_inter_percentile_range_10 g_inter_percentile_range_25 g_kurtosis g_linear_fit_reduced_chi2 g_linear_fit_slope g_linear_fit_slope_sigma g_linear_trend g_linear_trend_noise g_linear_trend_sigma g_logflux_last_minus_peak g_logflux_peak g_magnitude_percentage_ratio_20_10 g_magnitude_percentage_ratio_40_5 g_maximum_slope g_mean g_mean_variance g_median_absolute_deviation g_median_buffer_range_percentage_10 g_n_obs g_percent_amplitude g_percent_difference_magnitude_percentile_5 g_r_early g_r_late g_r_late_minus_early g_r_mean g_r_n g_r_slope g_r_std g_r_wmean g_skew g_snr_mean g_span g_standard_deviation g_stetson_K g_t_peak g_weighted_mean gr_n_ratio gr_peak_dt gr_peak_logflux_ratio i_amplitude i_anderson_darling_normal i_bazin_amplitude i_bazin_baseline i_bazin_fall_over_rise i_bazin_fall_time i_bazin_reduced_chi2 i_bazin_reference_time i_bazin_rise_time i_beyond_1_std i_beyond_2_std i_chi2 i_cusum i_eta_e i_excess_variance i_frac_obs_before_peak i_gap_max i_gap_median i_inter_percentile_range_10 i_inter_percentile_range_25 i_kurtosis i_linear_fit_reduced_chi2 i_linear_fit_slope i_linear_fit_slope_sigma i_linear_trend i_linear_trend_noise i_linear_trend_sigma i_logflux_last_minus_peak i_logflux_peak i_magnitude_percentage_ratio_20_10 i_magnitude_percentage_ratio_40_5 i_maximum_slope i_mean i_mean_variance i_median_absolute_deviation i_median_buffer_range_percentage_10 i_n_obs i_percent_amplitude i_percent_difference_magnitude_percentile_5 i_skew i_snr_mean i_span i_standard_deviation i_stetson_K i_t_peak i_weighted_mean n_bands n_obs_total r_amplitude r_anderson_darling_normal r_bazin_amplitude r_bazin_baseline r_bazin_fall_over_rise r_bazin_fall_time r_bazin_reduced_chi2 r_bazin_reference_time r_bazin_rise_time r_beyond_1_std r_beyond_2_std r_chi2 r_cusum r_eta_e r_excess_variance r_frac_obs_before_peak r_gap_max r_gap_median r_i_early r_i_late r_i_late_minus_early r_i_mean r_i_n r_i_slope r_i_std r_i_wmean r_inter_percentile_range_10 r_inter_percentile_range_25 r_kurtosis r_linear_fit_reduced_chi2 r_linear_fit_slope r_linear_fit_slope_sigma r_linear_trend r_linear_trend_noise r_linear_trend_sigma r_logflux_last_minus_peak r_logflux_peak r_magnitude_percentage_ratio_20_10 r_magnitude_percentage_ratio_40_5 r_maximum_slope r_mean r_mean_variance r_median_absolute_deviation r_median_buffer_range_percentage_10 r_n_obs r_percent_amplitude r_percent_difference_magnitude_percentile_5 r_skew r_snr_mean r_span r_standard_deviation r_stetson_K r_t_peak r_weighted_mean span_total host_sep host_r host_i host_gr host_ri host_iz host_ext n_ext_30 near_sep near_ext M_pseudo gaia_sep parallax parallax_over_error pm pm_over_error gaia_g ruwe wise_sep w1 w1w2 w2w3 pos_sep pos_g pos_r pos_i pos_gr pos_ri pos_star pos_ndet
feature_infos=[0.018620014190673828:1.0611915588378906] [0.068054997490111679:38.443945107856898] [0:50815.549316488046] [-9417.1182541605685:2554.5061828961598] [6.3252529266740701e-05:205170.29866173762] [0.074756819750800646:50351.161554419137] [0.0011713737962699578:1855.1692966305384] [-968.63357543945324:3812.3472417939788] [6.7456654299852348e-05:454227.76908494555] [0:0.66666666666666663] [0:0.16666666666666666] [0.020180479256290355:780.37808159529436] [0.18584690174331023:0.47139677381088557] [0.015400620513877418:182227470.7515569] [-0.0065632294009872411:0.15271975737144347] [0:0.97058823529411764] [0.0004749298095703125:85.76976490020752] [0.00046289991587400436:48.926120758056641] [0.037240028381347656:1.9060643514332867] [0.028240025043487549:1.3506558835506439] [-5.9030143927352894:21.9354614594703] [0.002824128348557756:339.61847491909913] [-0.066812676846681962:0.090979253705562008] [8.0429077103703439e-05:0.034466752598991034] [-0.071848833447013011:0.091349464452902845] [0.004255350971000561:0.46269443147872269] [4.0981360416023333e-05:0.045485447841910311] [-1.9955030679702759:0] [1.1358799934387207:3.839897632598877] [0.18725200631346708:0.97823284367948726] [0.0013308811092515593:0.73414964897350898] [0.0053821724741816681:548.05572916666665] [1.2256718397140502:3.6124750375747681] [0.0098974949494284991:0.39445312022026979] [0.0046335458755493164:0.66371273994445801] [0:0.76142131979695427] [2:197] [0.020299971103668213:1.496428370475769] [0.022031604473418922:1.2497244032779611] [-0.66771900653839111:1.8445462905443633] [-1.3817030191421509:2.0576709906260171] [-0.9598440064324274:1.4307917099859979] [-0.78796100616455078:1.8207730431305735] [0:182] [-4.0549688830143102:5.4024335046938141] [0:0.77052098271061753] [-0.66771900653839111:1.809220157562035] [-4.1577090788422302:2.6116435317916271] [3.1385620911006513:43.520248401890299] [0.0004749298095703125:99.979965209960938] [0.0171398301213656:0.73242481794706216] [0.52496868232634653:0.99428056724999914] [0:99.757057189941406] [1.2738422862898833:3.6282587673248443] [0.049180327868852458:13.5] [-97.731826782226562:90.872716799378395] [-1.3102458715438843:0.66042792797088623] none none none none none none none none none none none none none none none [0:0.94736842105263153] [0.030672073364257812:25.934131622314453] [0.00141143798828125:14.001689910888672] none none none none none none none none none [-0.39864885807037354:0] [1.555400013923645:3.3978784084320068] none none none none none none none [1:43] none none none [3.8110234244438494:98.071838166456985] [0:59.951322555541992] none none [0:99.896652221679688] none [2:3] [8:249] [0.017206549644470215:0.89060920476913452] [0.073376635891487546:21.205709959630504] [0:141421.63555941751] [-10948.056658603036:5326.7394639378881] [3.9534617667185693e-05:1127764.4693812956] [0.14147698394999572:116426.1015432069] [0.00028279056444974101:2123.6525145823434] [-998.46664428710949:4320.8690290399336] [7.7748353337850178e-05:1083003.1715121954] [0:0.66666666666666663] [0:0.16666666666666666] [0.048369994347256584:1318.6418753424671] [0.17580865688134781:0.48142171078050655] [0.011019728251346329:54330473.015611634] [-0.0045501559505961228:0.12492980967537974] [0:0.97499999999999998] [0.063043594360351562:92.795947074890137] [0.0004730224609375:68.056098937988281] [-0.73727894876454325:0.48675160408020018] [-0.66179903969168663:0.44740599393844604] [-0.37280560383307082:0.38851332912842435] [-0.70758193535882918:0.4507371962070465] [0:107] [-0.1948050482731091:0.26053088007648595] [0:0.2267783668760216] [-0.70630957695722563:0.45056141725006088] [0.03081812745033119:1.6658839776370655] [0.011184334754943848:1.3894501328468323] [-5.9738128678396265:27.565890178487578] [0.0067577657419446184:525.37112943273485] [-0.12121997310292702:0.042733487961011382] [6.6922483467193248e-05:0.042490376929145063] [-0.13085153549249798:0.049286311987836118] [0.0031308274486241349:0.58419308043900686] [3.841137526036744e-05:0.052162679047211648] [-1.781218409538269:0] [1.3930604457855225:4.0161514282226562] [0.080979280316886657:0.98291089159774936] [0.0047178909997727426:0.76049694091133346] [0.0020864697685337745:1329.574638429752] [1.331341062273298:3.7802561980027418] [0.0048388678001473921:0.35558642953580616] [0.0018861293792724609:0.61119687557220459] [0:0.83333333333333337] [2:153] [0.024126768112182617:1.6464507579803467] [0.014189584817037771:1.027991472579348] [-4.7041726337565892:4.0785784457722851] [4.4782556765842747:65.535216902977211] [0.34310150146484375:99.993888854980469] [0.012313722876388466:0.65180034328169412] [0.49720532844924631:0.99736189929220631] [0:99.846664428710938] [1.3371423382131917:3.783131022928087] [7.1215853691101074:99.999488830566406] [0.027461764677834:29.110858382416467] [11.420700073242188:22.118400573730469] [9.2600803375244141:22.038600921630859] [-2.3021001815795898:5.4693994522094727] [-3.9055995941162109:4.3890008926391602] [-3.7961997985839839:2.5100002288818359] [0.052598953247070299:6.7820987701416016] [0:29] [0.027461764677834:26.773704248272121] [-1.0125007629394531:6.7820987701416016] [-29.186788095211753:-12.885916113130474] [0.0212560210159294:2.6381641507072571] none none none none [18.047045000000001:21.888867999999999] none [0.046484331682926899:7.9437951210300977] [9.2430000000000003:18.239999999999998] [-0.77499999999999858:1.208000000000002] [0.51100000000000101:5.5630000000000006] [0.024775104878287699:1.4949312591904484] [13.487000465393066:22.200799942016602] [13.269000053405762:24.041599273681641] [13.23900032043457:22.177099227905277] [-1.8129997253417969:1.2712001800537109] [-1.0011005401611328:3.3755989074707031] [0:1] [2:117]
tree_sizes=2288 1941 2043 1723 1932 2046 2250 2239 1914 2055 2487 2143 2253 2059 1925 1927 2032 2252 2255 2151 2039 2045 2051 2041 2475 2361 2161 2260 2351 2146 2152 2155 2035 2037 2563 2367 2570 2372 2039 2251 2485 2678 2697 2692 2158 2359 2266 2260 2357 2583 2674 2049 1933 2458 2059 2049 2354 2696 2464 2484 2489 2584 2678 2474 2371 2360 2370 2574 2055 2463 2250 2696 2688 2688 2363 2161 2473 2485 2483 2274 2474 2159 2370 2710 2483 2691 2157 2698 2061 2705 2372 2273 2464 2362 2600 2685 2688 2714 2481 2385 2279 2614 2386 2373 2728 2710 2707 2728 2697 2060 2380 2275 2620 2612 2492 2494 2714 2505 2181 2370 2729 2738 2723 2395 2502 2708 2728 2725 2708 2507 2729 2727 2411 2620 2741 2394 2737 2187 2731 2746 2307 2641 2287 2511 2729 2734 2755 2739 2636 2489 2745 2624 2316 2303 2741 2641 2640 2645 2647 2531 2749 2756 2752 2314 2631 2304 2755 2637 2741 2749 2742 2764 2184 2757 2652 2768 2415 2749 2753 2199 2744 2749 2416 2210 2531 2763 2766 2742 2655 2774 2755 2766 2424 2758 2770 2649 2766 2658

Tree=0
num_leaves=21
num_cat=0
split_feature=52 39 46 4 157 145 170 3 107 56 13 179 183 137 3 25 39 158 16 39
split_gain=505.897 202.793 66.4912 60.79 47.0919 42.2411 41.9613 35.7517 23.2233 19.5431 16.6927 14.2135 9.07587 3.34893 2.88598 2.41375 2.3705 1.28007 1.49839 0.798923
threshold=18.983154296875004 0.33642599849651261 0.045395345857553816 11.216077530005384 30.921261787414554 1.9213172852510385 -20.286039327296717 -3.7859522693113159 133.28442894340409 0.091922283172607436 0.45950185406160676 17.224000000000004 21.304100036621101 -0.019458966474437449 36.320448809765644 0.19409961123725053 -0.060789433494210239 1.8604186768264959 15.00992012023926 0.083278444078233524
decision_type=2 8 8 8 2 8 8 10 8 2 8 10 10 8 10 8 8 8 2 10
left_child=2 3 5 4 6 -1 -2 -5 -3 15 -8 12 13 -4 -10 -7 -15 18 -18 -6
right_child=1 8 11 7 19 9 10 -9 14 -11 -12 -13 -14 16 -16 -17 17 -19 -20 -21
leaf_value=-1.2586207944472612 -1.2006094509193774 -1.3274967246076588 -1.3823961293730964 -1.4012698267574135 -1.1586357985785827 -1.4269791183803193 -1.3032016608192372 -1.2487418817577971 -1.4288817496622788 -1.3024035316418496 -1.4210615969607132 -1.3385146551818201 -1.368888974988661 -1.393094543625091 -1.3791849109539562 -1.3791849109539562 -1.4217262245675437 -1.4323518106590365 -1.3791849109539562 -1.2220257405847819
leaf_weight=8.9505200982093829 7.3632026314735413 9.5119086503982562 4.3904080092906952 7.6216109693050385 24.359593898057938 9.8551690280437469 5.9293013811111459 6.147429555654524 15.186653912067415 4.2854158878326407 4.3621239960193643 4.0955717265605918 6.5189739465713492 5.8444493412971497 4.06728771328926 4.0672877132892618 4.685244292020796 154.28994134068489 4.0672877132892609 14.156872779130934
leaf_count=30 17 43 24 44 46 61 24 19 94 17 27 19 34 33 22 22 29 955 22 40
internal_value=-1.37008 -1.27719 -1.41376 -1.23177 -1.20892 -1.34157 -1.28392 -1.32957 -1.38857 -1.38602 -1.35325 -1.42451 -1.42664 -1.4288 -1.41935 -1.41456 -1.42993 -1.4311 -1.40492 -1.1776
internal_weight=309.756 98.706 211.05 69.9401 56.1711 27.1584 17.6546 13.769 28.7659 18.2079 10.2914 183.892 179.796 173.277 19.2539 13.9225 168.887 163.042 8.75253 38.5165
internal_count=1622 376 1246 217 154 130 68 63 159 100 51 1116 1097 1063 116 83 1039 1006 51 86
is_linear=0
shrinkage=1


Tree=1
num_leaves=17
num_cat=0
split_feature=52 46 4 166 170 122 22 56 7 52 31 46 181 47 182 142
split_gain=456.635 179.613 58.8951 37.0827 37.0729 39.7907 29.2515 25.1473 23.4926 17.1995 16.3802 15.0256 15.0353 8.14597 3.91414 3.99594
threshold=18.983154296875004 0.39506262160963213 1.1268999096054333 1.0125494003295901 -20.349383976743812 5.9846553802490243 0.00058737389062041832 0.045687556266784675 18.915898693723047 27.986377716064457 1.1805629905093475 -0.066340574214645773 4.6295000000000002 0.29628008579628262 0.18167639169743735 0.92372714234569953
decision_type=2 8 10 10 8 2 10 2 8 2 10 8 10 10 8 10
left_child=4 2 -2 9 5 7 10 13 -5 -4 -3 -6 14 -1 -13 -16
right_child=1 6 3 8 11 -7 -8 -9 -10 -11 -12 12 -14 -15 15 -17
leaf_value=-0.058806514721099337 -0.023269971261050779 -0.059481923136570372 0.10322143194235239 -0.003298157657640668 0.0116840883667906 0.12166484528329546 0.070351861531452911 0.06540264954858542 0.11679188149072231 0.17980519637363934 0.028004987358931699 -0.0078071629452221404 0.032280709941432742 0.0075369390539165651 -0.061616490178269728 -0.0091473374646059858
leaf_weight=17.596093967556961 5.7358822226524344 19.364369496703151 15.578224405646322 7.0082505494356138 8.2333578616380674 4.9979616701602927 7.3053906857967368 5.9688936173915854 8.5475423634052259 37.645224899053574 6.5791227221488944 3.9775251746177673 4.0620851367712012 5.880433425307273 143.40349121391773 4.1121784895658484
leaf_count=112 31 121 49 36 41 15 29 23 23 70 31 22 19 31 917 23
internal_value=0.00198323 0.0843753 0.127018 0.139705 -0.0430059 0.00405749 -0.0121101 -0.0192453 0.0657572 0.159707 -0.0370798 -0.0528675 -0.056337 -0.0425597 -0.0589092 -0.0602253
internal_weight=305.996 107.764 74.5151 68.7792 198.232 34.4434 33.2489 29.4454 15.5558 53.2234 25.9435 163.789 155.555 23.4765 151.493 147.516
internal_count=1593 390 209 178 1203 181 181 166 59 119 152 1022 981 143 962 940
is_linear=0
shrinkage=0.05


Tree=2
num_leaves=18
num_cat=0
split_feature=42 7 22 166 22 166 42 7 25 108 135 185 163 104 148 39 168
split_gain=269.048 142.543 59.0693 53.1105 38.3782 35.2976 34.141 43.545 37.375 29.0466 28.2951 25.6642 25.6614 15.9694 12.2024 11.5544 10.9048
threshold=0.36009749592940293 8.9909197388362205 0.0012662736440113042 1.0880498886108401 -0.00013686060311691911 0.84679889678955089 0.47050274908542639 10.854778326837156 0.1525406162255388 75.645051008011421 -0.0012399171062670484 18.657899856567386 0.45079994201660162 46.500000000000007 0.42640692640692646 0.11114012133029681 0.17808889831252708
decision_type=8 10 10 10 10 8 8 10 8 8 8 10 8 2 10 8 10
left_child=1 2 5 9 6 12 7 -2 13 16 -5 -6 -1 -9 -7 -8 -3
right_child=4 3 -4 10 11 14 15 8 -10 -11 -12 -13 -14 -15 -16 -17 -18
leaf_value=-0.050107880944232477 -0.058119815876600339 0.094241196343306299 0.094047731956075409 -0.054090714253234834 -0.014401363144530003 -0.060185446186530892 0.011007698183112086 -0.053558566669057117 0.13776029240077023 0.014852317970417245 0.078681588706216277 0.11726116458190315 0.088830851313380685 0.057848014664748683 0.023225604131804037 -0.060968738904397926 0.16291175660387464
leaf_weight=4.2032264024019224 16.508149415254593 13.757303789258001 12.559864372014998 6.2409756183624268 8.9207905381917936 31.074494227766991 5.5450003147125262 6.4699021875858325 6.5247608125209799 5.0521841794252387 8.1220475584268552 5.1065523624420157 8.9552464783191663 4.657705619931221 4.5392594486474982 122.46178518235683 31.056820780038834
leaf_count=27 108 42 41 39 49 199 29 42 15 23 26 14 30 18 21 808 54
internal_value=0.000628997 0.0563067 0.0015581 0.10776 -0.0391424 -0.0236709 -0.0460203 -0.00152863 0.051673 0.131778 0.0212242 0.038143 0.044045 -0.00600203 -0.0492101 -0.0577897 0.144348
internal_weight=301.756 125.561 61.3321 64.2293 176.195 48.7722 162.167 34.1605 17.6524 49.8663 14.363 14.0273 13.1585 11.1276 35.6138 128.007 44.8141
internal_count=1585 502 318 184 1083 277 1020 183 75 119 65 63 57 60 220 837 96
is_linear=0
shrinkage=0.05


Tree=3
num_leaves=15
num_cat=0
split_feature=52 46 169 13 179 179 46 45 117 20 136 170 142 39
split_gain=394.032 127.409 41.7228 36.8905 29.5448 27.2164 25.1044 27.9843 21.6192 19.3024 13.9768 8.70112 7.22293 21.7251
threshold=15.957702636718752 0.39506262160963213 1.298799514770508 11.657000859457975 17.489000000000001 15.684500000000002 0.0185439094579757 0.20101912413370457 0.37296327533738366 2.2820409667721218 0.00091686655600624692 -21.514680019921013 0.86617275671561467 0.11114012133029681
decision_type=2 8 10 10 10 8 8 10 10 8 8 10 10 8
left_child=4 2 5 10 6 -2 7 -1 -4 11 -3 -7 -8 -14
right_child=1 3 8 -5 -6 9 12 -9 -10 -11 -12 -13 13 -15
leaf_value=-0.055929032233250991 0.026558492871801277 -0.058726045713346123 0.067993896632839085 0.061842628715666974 0.076295179287994508 0.1458497389960775 -0.060463278785336839 0.061589078620806204 -0.053746075380958082 0.040714926151548245 0.038001663262025455 0.089040340056218831 0.06017986707563433 -0.056560193712427979
leaf_weight=8.7943881452083605 8.6865895539522153 21.549097090959553 7.2564361840486509 11.181660175323485 3.9008887410163871 45.955733552575104 136.83449967205524 9.5004892945289594 5.5776503086090088 7.4048820883035651 3.758231356739997 15.400139376521116 4.6257143318653107 13.178219854831697
leaf_count=56 35 143 24 46 13 81 933 38 34 28 17 43 20 90
internal_value=0.00131836 0.0682946 0.0998679 -0.0104045 -0.0468102 0.113557 -0.0500098 0.005127 0.0150255 0.124009 -0.0434631 0.133247 -0.0565239 -0.0246421
internal_weight=303.605 126.77 90.2814 36.489 176.834 77.4473 172.933 18.2949 12.8341 68.7608 25.3073 61.3559 154.638 17.8039
internal_count=1601 451 245 206 1150 187 1137 94 58 152 160 124 1043 110
is_linear=0
shrinkage=0.05


Tree=4
num_leaves=17
num_cat=0
split_feature=52 39 162 56 159 139 8 134 166 136 149 38 52 35 52 122
split_gain=358.069 122.233 52.795 35.4289 34.8736 34.0234 28.7142 18.7145 18.6865 16.5235 12.9363 8.0296 6.61672 19.7355 4.06724 1.66776
threshold=18.983154296875004 0.33642599849651261 16.623650550842289 0.044710874557495124 62.000953674316413 0.0023195850393877468 4.3736846456694671 0.74043369688427052 0.40784931182861334 0.00034880515589811071 51.500000000000007 0.1978074996280236 14.998906135559084 0.048003072196620589 27.986377716064457 1.0441159009933474
decision_type=2 8 8 2 2 8 10 8 8 10 2 10 2 8 2 2
left_child=3 2 -2 8 5 -5 -4 -3 9 -1 -9 -8 15 -14 -13 -10
right_child=1 7 6 4 -6 -7 11 10 12 -11 -12 14 13 -15 -16 -17
leaf_value=0.061731267634780256 -0.053258193648623955 0.04767082996198771 0.013740135612834523 0.10783773329098401 -0.056415430598664967 -0.028996770126514443 0.068942280743370374 -0.058521902493808467 -0.029106000727311634 -0.050840891450006989 0.03474794708054104 0.093698214545077263 0.05502439220352965 -0.056410647540804375 0.13700287241797182 -0.059842858678147814
leaf_weight=6.1892027556896192 4.7768313437700263 7.0969151407480267 7.5398493856191626 10.215066164731985 10.980123639106749 7.0531336069107047 11.508473068475721 17.997041478753093 7.5222707092761985 4.9956368207931519 3.9129596948623648 18.711072653532028 4.8154515773057964 11.958042100071905 44.265272542834282 127.23623116314411
leaf_count=26 28 31 31 30 73 41 32 119 49 34 18 49 20 81 68 900
internal_value=0.000881535 0.0699039 0.0993195 -0.0411223 0.010258 0.0534203 0.10874 -0.0184971 -0.0500503 0.0114056 -0.041075 0.118047 -0.0546315 -0.0231232 0.125802 -0.0583541
internal_weight=306.774 115.808 86.8015 190.965 28.2483 17.2682 82.0247 29.0069 162.717 11.1848 21.91 74.4848 151.532 16.7735 62.9763 134.759
internal_count=1630 376 208 1254 144 71 180 168 1110 60 137 149 1050 101 117 949
is_linear=0
shrinkage=0.05


Tree=5
num_leaves=18
num_cat=0
split_feature=157 166 56 39 4 179 22 17 15 131 40 162 39 168 32 154 39
split_gain=260.982 87.6527 53.9465 50.7946 40.4031 34.3028 32.7031 29.997 25.1706 23.8669 17.8783 15.0654 3.77829 15.2351 19.1573 4.28966 2.87389
threshold=25.037488937377933 1.2437500953674319 0.045687556266784675 0.29583228544696522 10.668096072325389 17.296500000000005 -0.00013686060311691911 4.0051360130310067 0.1526806526806527 0.30241024840660208 0.31964331329800194 20.873700141906742 0.11114012133029681 1.0000000180025095e-35 1.9131563731602264 99.875469207763686 0.025784499943256382
decision_type=2 10 2 8 8 10 10 2 2 8 10 10 8 10 10 2 10
left_child=2 3 5 9 8 11 -5 -3 -4 10 -2 12 13 14 -1 -14 -11
right_child=1 7 4 6 -6 -7 -8 -9 -10 16 -12 -13 15 -15 -16 -17 -18
leaf_value=0.068746560058061998 0.089351519473885935 -0.058484433939963235 0.0037274899447433986 -0.054777275728412289 -0.055919622391956948 0.065782345529838498 0.07475646707372112 0.052433759049377353 0.11408393332512648 0.13367668901006513 -0.0099316775025932516 0.041231212076453028 -0.059370149264297026 -0.058699894248162798 -0.051809099684175845 -0.0038587080285435375 0.094032330466426839
leaf_weight=5.7820920944213849 9.7019532173872012 16.739715158939365 9.2966026365757042 9.2191500812768954 9.1937272250652295 5.7705668359994879 8.324695095419882 8.3662711977958661 10.831694170832632 31.369424879550934 7.5519942343235007 3.6603644639253607 112.8036245405674 23.374593064188957 5.4381964504718781 3.7385290861129752 22.066414013504982
leaf_count=23 20 111 49 65 60 19 27 33 26 42 37 18 823 160 37 23 50
internal_value=0.00112091 0.0608559 -0.0346651 0.0841009 0.0269823 -0.0460202 0.00740429 -0.0209296 0.0657027 0.102767 0.0477321 -0.0505834 -0.0530635 -0.0364687 0.010858 -0.0576374 0.119334
internal_weight=303.23 113.34 189.89 88.2336 29.322 160.568 17.5438 25.106 20.1283 70.6898 17.2539 154.797 151.137 34.5949 11.2203 116.542 53.4358
internal_count=1623 385 1238 241 135 1103 92 144 75 149 57 1084 1066 220 60 846 92
is_linear=0
shrinkage=0.05


Tree=6
num_leaves=20
num_cat=0
split_feature=157 39 166 22 170 132 39 2 181 161 6 4 97 159 42 110 111 111 131
split_gain=233.537 89.1185 49.792 46.6103 34.0769 31.4052 29.9625 26.8977 24.6596 13.9491 7.44157 6.25581 4.09014 3.89862 3.57771 1.8199 1.06821 2.19248 0.136937
threshold=25.037488937377933 0.10675157577945638 0.73869991302490245 0.00058737389062041832 -22.287462806278981 0.23244304955005649 -0.12345905230557988 361.23823983180256 3.7155 18.556650161743168 0.082691381981085429 6.6686418809830537 9.5262393781756121 99.894958496093764 0.7457410396919365 19.273712033284671 0.21473876286100355 0.18208788676706866 0.31875101734997108
decision_type=2 8 8 10 8 10 8 10 10 8 8 8 8 2 10 10 8 8 10
left_child=2 9 4 5 -1 -3 7 15 14 -2 -8 18 -12 16 -6 -4 17 -14 -11
right_child=1 3 6 -5 8 -7 10 -9 -10 11 12 -13 13 -15 -16 -17 -18 -19 -20
leaf_value=0.099770930153238083 0.029630299524312516 -0.058855193140397888 -0.051330136125111572 0.076137722291815868 -0.056461319888205387 0.040049742372056697 0.00032245624534522747 0.099360253897679038 0.070781019332258874 0.079687625274859814 0.00041721638251555719 0.067989408832066153 -0.050858012850535372 -0.0050038275243220551 0.00113968943101487 -0.0048259259048176704 -0.059168672905025047 -0.0022800422554406338 0.12084577040234851
leaf_weight=9.2345032095909101 8.3698880821466428 23.04063056409359 4.5217642933130247 15.230583861470221 11.684093520045286 11.204014256596563 6.468211516737937 5.630130097270011 5.5756551772356024 8.9460753053426725 3.2822548449039459 15.895690396428106 5.941972762346265 3.8426811546087256 3.3737797886133185 3.7664022594690323 113.18861672282219 3.6372508406639108 33.806824266910553
leaf_count=22 35 160 29 43 80 45 36 14 20 20 19 43 45 24 21 22 843 23 42
internal_value=0.00242726 0.0573206 -0.0331904 0.00613393 0.0251186 -0.0262777 -0.0448688 0.0236177 -0.0113594 0.0944625 -0.0519802 0.103063 -0.0545673 -0.0559848 -0.0442883 -0.032992 -0.0575272 -0.0343719 0.114252
internal_weight=296.641 116.494 180.147 49.4752 29.868 34.2446 150.279 13.9183 20.6335 67.0185 136.361 58.6486 129.893 126.611 15.0579 8.28817 122.768 9.57922 42.7529
internal_count=1586 388 1198 248 143 205 1055 65 121 140 990 105 954 935 101 51 911 68 62
is_linear=0
shrinkage=0.05


Tree=7
num_leaves=20
num_cat=0
split_feature=52 166 170 46 6 4 46 178 148 170 11 1 179 52 143 6 8 16 159
split_gain=231.88 65.7575 47.5535 40.2026 28.2063 25.0165 22.5632 21.8466 18.5419 17.9867 16.9485 16.306 14.5768 11.3759 6.4867 13.7749 20.4415 2.84936 1.48912
threshold=16.933964729309086 1.236299514770508 -20.17647286317349 0.045395345857553816 0.23368798316325015 9.6316471522801059 0.39506262160963213 2.1602534306323649 0.28801843317972359 -22.111830669465878 46.166721339877121 1.2122923776178711 17.489000000000001 45.922819137573249 0.24337160869909602 0.37741231530565328 6.844823554628169 16.000266075134281 88.937191009521499
decision_type=2 10 10 8 8 8 8 8 8 10 10 10 10 2 10 8 10 2 2
left_child=3 2 5 4 -1 6 18 -3 -4 -7 -6 -8 14 -9 -5 16 17 -16 -2
right_child=1 7 8 12 10 9 11 13 -10 -11 -12 -13 -14 -15 15 -17 -18 -19 -20
leaf_value=0.085900706477543748 0.086559309671665058 0.05915862106858049 -0.05766556814964921 -0.058349905297138273 -0.056052539594376116 -0.021170865898943347 -0.025333982594194233 -0.058278600934898429 0.057905676929527354 0.083157607938361855 0.047942814296220139 0.088274694381727081 0.045365822465819071 0.029455993321617802 -0.052342826220227172 -0.056603301583331295 0.071623647383100994 0.0019979123474833729 0.11916170952103176
leaf_weight=8.9405990242958087 22.410234212875366 6.2303381562232998 8.7268326729536021 99.089640781283379 10.372524693608282 9.0590658336877805 6.2113298922777158 17.170046254992489 4.4465724825859079 6.1497896015644065 5.0674321800470343 4.7915573269128799 3.2801903933286658 3.9751768335700026 7.6747066378593463 23.833289623260498 5.7288268804550162 3.2425056919455528 36.183878034353256
leaf_count=27 44 24 55 775 70 42 37 116 14 14 20 14 11 16 59 186 26 20 47
internal_value=-0.00024091 0.050946 0.0699329 -0.0386852 0.0199891 0.0835307 0.0961206 -0.0170795 -0.0173223 0.0235427 -0.0210809 0.0273731 -0.0487687 -0.0411997 -0.051288 -0.0330113 0.00206055 -0.0373898 0.108354
internal_weight=292.585 125.355 97.9793 167.23 24.3806 84.8059 69.597 27.3756 13.1734 15.2089 15.44 11.0029 142.849 21.1452 139.569 40.4793 16.646 10.9172 58.5941
internal_count=1617 423 267 1194 117 198 142 156 69 56 90 51 1077 132 1066 291 105 79 91
is_linear=0
shrinkage=0.05


Tree=8
num_leaves=17
num_cat=0
split_feature=157 46 56 4 161 4 161 112 170 179 170 6 142 17 142 112
split_gain=207.2 94.5453 47.6477 32.6851 28.7106 26.5549 24.1739 22.0492 19.0447 14.1012 5.71265 18.5585 4.5699 1.4607 2.29237 0.74457
threshold=25.037488937377933 0.39506262160963213 0.048161983489990241 10.668096072325389 20.329299926757816 inf 17.724699974060062 12.7349546439084 -24.641444354797304 15.845000000000001 -20.745981668264612 0.24205783321629121 0.77786944203037411 1.0503790080547335 0.72546344225481285 13.850724365967112
decision_type=2 8 2 8 10 8 8 8 10 8 8 8 8 2 10 8
left_child=2 6 4 8 10 -3 -2 -6 -4 -8 11 -1 15 14 -12 -11
right_child=1 5 3 -5 7 -7 9 -9 -10 12 13 -13 -14 -15 -16 -17
leaf_value=0.051032296477385219 -0.0084141605221465989 -0.05708539594213468 0.097942241651295434 -0.054178419081426649 -0.051287293812463608 0.071150758211123155 0.025867186089138718 0.067433174658510495 -0.0050902882417017577 0.07747630030265798 -0.048779508948998518 -0.055018918925837157 0.060429617475588372 -0.0581764606282155 0.0031383955295581079 0.1077359819168061
leaf_weight=4.9875741899013546 7.6232393011450759 20.508294209837917 11.765933580696586 7.8831053897738448 5.6171645745635015 4.0721412226557723 10.306804932653902 8.7345471680164319 6.7679063603281984 17.963318437337879 4.5748439505696288 12.784923791885374 15.921618342399595 110.05215275287628 3.2518843710422516 36.806445352733135
leaf_count=22 41 154 30 55 41 15 35 31 33 35 35 99 37 884 21 52
internal_value=-0.000714458 0.0518195 -0.0345255 0.026608 -0.0453966 -0.0338901 0.0757052 0.0206527 0.0619839 0.0836282 -0.0524846 -0.0241242 0.0915715 -0.0565215 -0.0292967 0.0993786
internal_weight=289.622 113.202 176.42 26.4169 150.003 24.5804 88.6214 14.3517 18.5338 80.9982 135.651 17.7725 70.6914 117.879 7.82673 54.7698
internal_count=1620 369 1251 118 1133 169 200 72 63 159 1061 121 124 940 56 87
is_linear=0
shrinkage=0.05


Tree=9
num_leaves=18
num_cat=0
split_feature=52 39 166 39 170 162 108 44 13 166 167 2 136 1 135 135 46
split_gain=210.694 59.5266 34.7097 22.2047 33.3755 24.1256 20.3928 16.7625 17.9994 16.3736 15.5122 17.4343 13.2417 7.62401 4.08859 2.84052 2.55581
threshold=18.060780525207523 0.35169306651435123 1.2573008537292483 -0.037730821441592906 -24.641444354797304 21.051450729370121 2.3814769108502323 0.0030017544553711905 8.4463647915078752 0.40784931182861334 4.5000000000000009 303.07790499124792 0.0003775410437062403 0.17538740001641093 -0.017778846041316708 0.0019969731294224593 0.089408582863644809
decision_type=2 8 10 8 10 8 10 8 10 8 8 8 10 8 8 8 8
left_child=3 2 10 4 5 -1 -4 8 -3 12 -2 15 -5 -11 -15 -12 -16
right_child=1 7 6 9 -6 -7 -8 -9 -10 13 11 -13 -14 14 16 -17 -18
leaf_value=-0.011365453536315611 0.099644750033555607 -0.028142851232815142 -0.056532234792390161 0.054194409921315523 -0.056359184973310029 0.10800655474651132 0.049973850620739307 -0.055282366847638591 0.089018855671725294 -0.00047526100001004946 0.056623409181379786 -0.00052367634892626889 -0.048559008215612987 -0.00092485833414662766 -0.017457757400584605 0.10082347307537701 -0.057517728015699258
leaf_weight=7.9994569048285493 43.717459872364998 6.744802772998808 7.6630634665489223 6.4360572546720487 12.376472935080526 7.5965361297130594 8.3404860943555814 13.673735328018667 4.799671471118927 6.9877828508615485 17.730898901820183 10.886524721980093 4.4565395563840866 3.522092305123806 5.2408243492245701 8.6222259998321551 110.467190541327
leaf_count=45 64 42 47 25 87 17 30 105 14 47 40 39 34 23 35 12 934
internal_value=-0.00129528 0.0482595 0.0659186 -0.0380408 0.00249589 0.0497831 -0.00135044 -0.019562 0.0237809 -0.046269 0.0790705 0.0529432 0.0116063 -0.0513157 -0.0542665 0.0742421 -0.0558684
internal_weight=287.262 122.179 96.9607 165.083 27.9725 15.596 16.0035 25.2182 11.5445 137.11 80.9571 37.2396 10.8926 126.218 119.23 26.3531 115.708
internal_count=1640 393 232 1247 149 62 77 161 56 1098 155 91 59 1039 992 52 969
is_linear=0
shrinkage=0.05


Tree=10
num_leaves=22
num_cat=0
split_feature=22 162 179 150 8 42 162 184 144 136 56 136 35 143 166 164 37 108 148 137 152
split_gain=145.865 56.2816 43.5191 36.1693 27.6872 24.8976 24.9848 19.3516 17.9982 17.7682 16.108 11.4877 10.8649 16.6448 16.9575 9.25448 11.8574 23.0895 6.61155 4.32482 1.51743
threshold=-0.0052423056151776814 16.643500328063968 17.529500000000002 0.17310309410095218 5.7762235802523696 0.031365583609806867 20.342999458312992 20.224299430847172 1.663524100962648 0.00021046393377237928 -0.065555214881896959 0.00098734093718918039 0.053342816500711245 0.24590401113667437 0.88200092315673839 0.19945001602172849 0.47831040620803839 41.591518214271666 0.25227272727272732 -0.018006230988902871 -1.5440660313111128
decision_type=10 8 10 10 8 8 10 10 10 10 2 8 8 10 10 10 10 8 8 8 10
left_child=2 -2 5 7 10 11 12 -3 -8 -6 -5 -1 13 -7 -15 16 17 18 -11 -14 -17
right_child=1 3 -4 4 9 6 8 -9 -10 15 -12 -13 19 14 -16 20 -18 -19 -20 -21 -22
leaf_value=0.071295892110445777 -0.055566139044462892 -0.055663696242392868 0.098799217575143927 -0.053994117970896476 0.0030435217804136586 -0.054741764877762916 -0.029822567520227401 0.062770110138678392 0.079420593124180927 -0.056849211133587818 0.04297653116774755 -0.020527731812972502 -0.001282676169757478 0.071438167324458776 -0.046922981299457753 0.069129453174916214 0.08663557505863588 0.088207371378491176 0.020173653531838382 -0.057638836881470951 0.10523250552161419
leaf_weight=6.570898458361623 12.772522352635859 10.434154883027075 5.3006141483783713 6.6133359596133223 8.2226613238453847 12.322143346071245 7.2748418971896154 3.9991546869277945 6.053751029074192 5.4396757408976599 8.7889014258980733 5.5485096871852884 3.5719016417860985 6.8078654780983907 4.0697344318032265 13.196784473955629 16.373395249247551 7.0706213414668992 4.2061925008893022 99.030371464788914 31.418399401009083
leaf_count=16 97 78 8 48 34 101 48 10 13 34 33 35 24 24 34 28 25 16 17 846 49
internal_value=0.00160438 0.0409045 -0.0307178 0.0519331 0.0624114 -0.0358759 -0.0418713 -0.0209074 0.0218749 0.073359 0.000586363 0.0308968 -0.0487444 -0.0169169 0.0269324 0.0806665 0.0573771 0.0254467 -0.0245224 -0.0557082 0.0963031
internal_weight=285.086 128.536 156.551 115.763 101.33 151.25 139.131 14.4333 13.3286 85.9277 15.4022 12.1194 125.802 23.1997 10.8776 77.7051 33.0899 16.7165 9.64587 102.602 44.6152
internal_count=1618 469 1149 372 284 1141 1090 88 61 203 81 51 1029 159 58 169 92 67 51 870 77
is_linear=0
shrinkage=0.05


Tree=11
num_leaves=19
num_cat=0
split_feature=52 162 157 40 163 150 121 31 39 7 3 110 29 121 157 48 40 39
split_gain=196.815 51.4079 38.311 20.2366 30.3763 19.9015 18.7115 15.8395 13.42 28.4015 12.8794 7.04174 9.25845 6.97963 8.27588 3.23452 2.5189 2.46946
threshold=15.957702636718752 16.643500328063968 25.037488937377933 0.5249118292422007 0.81839990615844738 0.32595676183700567 9.9805669784545916 1.1805629905093475 0.27651806768368598 11.225800450561218 -63.2927163273066 5.8627660849597847 0.81566566683178976 14.868027687072756 48.930479049682624 5.4219788299252452 0.82991583219596332 0.0070947111474678809
decision_type=2 8 2 8 8 8 2 10 8 10 8 8 10 2 2 2 10 10
left_child=3 -2 6 4 -1 17 -3 -8 10 -10 -4 12 -5 -12 -15 -13 -11 -6
right_child=1 2 8 11 5 -7 7 -9 9 16 13 15 -14 14 -16 -17 -18 -19
leaf_value=-0.056289147453769207 -0.054948477746926384 0.05127843414907042 0.033681143185139199 -0.046550327821418575 -0.049641427299781091 0.066185229049484817 -0.056154472759643803 0.038934383534283828 0.084360641948623152 -0.055267764494326833 0.10142986367937101 -0.011299147979196324 0.053947419405520697 0.028425208413227696 0.085503659137607879 -0.056800310583100734 -0.0013867227107198831 0.0045235061193129155
leaf_weight=17.222351931035519 11.492094680666922 11.026890069246294 16.889900356531143 4.3097089007496825 4.7221490889787701 13.358787156641482 13.291778579354288 5.485121749341487 8.7853854820132273 5.3681259229779226 36.086163952946663 4.6607272177934638 3.0354223474860191 12.307116791605951 16.284996256232262 93.341813027858734 3.3693369328975677 3.0829486325383186
leaf_count=134 88 34 43 39 35 49 101 22 23 33 47 37 14 32 24 844 20 20
internal_value=0.000964782 0.0429185 0.0520001 -0.0400255 -0.00865702 0.030895 0.00216425 -0.0278129 0.0668179 0.0252386 0.0753363 -0.0512665 -0.00353117 0.0855356 0.0627258 -0.0547724 -0.0367664 -0.0301628
internal_weight=284.121 140.387 128.895 143.734 38.3862 21.1639 29.8038 18.7769 99.091 17.5228 81.5682 105.348 7.34513 64.6783 28.5921 98.0025 8.73746 7.8051
internal_count=1639 467 379 1172 238 104 157 123 222 76 146 934 53 103 56 881 53 55
is_linear=0
shrinkage=0.05


Tree=12
num_leaves=20
num_cat=0
split_feature=157 56 40 4 15 136 7 181 54 148 161 106 3 30 142 185 133 1 142
split_gain=139.723 51.7282 45.8653 30.0228 29.4339 26.2391 23.8739 20.7599 13.3734 12.8526 11.6211 6.61751 14.0647 17.9208 3.60335 3.49726 2.14894 0.967719 3.20115
threshold=25.037488937377933 0.044710874557495124 0.89750702600730103 10.668096072325389 0.38956639566395673 0.0007345969293451564 4.1766536039516415 4.6910000000000016 0.80243902439024406 0.22070015220700154 21.129949569702152 0.41636793650089082 12.492281777294467 0.19882981464429036 0.73211183025807514 18.831049919128422 1.8756422261056691 1.4932169637019441 0.80505353698872362
decision_type=2 2 8 8 2 10 8 10 2 8 10 8 8 10 10 10 8 10 8
left_child=1 7 4 5 6 -3 -2 10 -8 -10 11 12 13 -1 16 -14 -6 -13 -19
right_child=2 3 -4 -5 14 -7 8 -9 9 -11 -12 17 15 -15 -16 -17 -18 18 -20
leaf_value=-0.046539858873795262 -0.054802959196393747 -0.013770369304491492 -0.053255065328332254 -0.05259650282160299 0.096460377133127162 0.094835554714964715 0.070609275643327599 0.057793885188165139 0.040236580157448819 -0.03624436760687437 0.03378276923786238 -0.056768517122138866 -0.054601352480235898 0.07819047873031669 0.051684870548531985 0.0039940609520589202 0.062915704563453245 -0.050526466166357004 0.009308260784712228
leaf_weight=4.4406475797295553 7.3070570155978221 8.1214355602860504 10.133616782724856 7.3415031507611266 26.957281529903412 15.197207249701021 17.058562628924847 4.3189112842082968 13.427699916064741 7.9270595461130133 3.892561011016368 79.049387581646442 20.110383063554767 5.2480408027768135 17.788455605506897 2.7469908073544493 17.300564602017403 5.9542053639888737 2.8912838771939287
leaf_count=42 52 46 86 57 33 31 43 14 39 48 19 723 186 20 41 17 34 51 20
internal_value=0.00354318 -0.026931 0.0446015 0.0306926 0.0542083 0.0579994 0.0230481 -0.0407945 0.0388718 0.0114949 -0.044653 -0.0474452 -0.0268991 0.0220168 0.0764397 -0.0476871 0.0850275 -0.054665 -0.0320096
internal_weight=277.213 159.313 117.9 30.6601 107.767 23.3186 45.7204 128.652 38.4133 21.3548 124.334 120.441 32.5461 9.68869 62.0463 22.8574 44.2578 87.8949 8.84549
internal_count=1602 1226 376 134 290 77 182 1092 130 87 1078 1059 265 62 108 203 67 794 71
is_linear=0
shrinkage=0.05


Tree=13
num_leaves=18
num_cat=0
split_feature=52 170 46 163 56 181 49 120 105 105 6 27 165 24 163 32 31
split_gain=144.218 41.5883 30.8052 29.74 28.7218 21.9267 19.6593 22.2823 19.1266 16.2604 12.0563 11.9411 4.64863 3.89591 3.09365 2.78762 0.470546
threshold=15.957702636718752 -18.717547109775619 0.089408582863644809 0.80474948883056652 -0.03835713863372802 4.6910000000000016 73.796278238296523 0.74537037037037046 0.2610242366790772 0.36536228656768804 0.29740461701159199 -0.59758049249649037 0.87200069427490245 -0.012218677836245308 0.54419994354248058 1.5780761448236615 0.077784166420696535
decision_type=2 10 8 8 2 10 2 2 10 10 8 2 10 8 10 8 8
left_child=2 4 3 -1 6 12 7 13 -8 -10 -5 -6 15 -2 -3 -4 -13
right_child=1 14 5 10 11 -7 8 -9 9 -11 -12 16 -14 -15 -16 -17 -18
leaf_value=-0.053720058173755331 0.0042287015058322039 -0.057350840986325993 -0.014956836297630026 0.090928698996626214 0.024162930409905088 0.049228713764672735 -0.022036951273272713 0.062532377961431865 0.083980531713279738 0.0018076126969759064 0.0071356440683746332 0.089572267487268042 0.0072162069652975339 -0.056979695047636725 -0.0014746040094286586 -0.056193513041682436 0.065233359703951319
leaf_weight=9.7953314110636693 3.0195982530713081 10.051753021776674 5.1814137771725646 8.2993047237396294 12.931938998401163 4.8202370032668105 8.4769914075732213 5.5575335323810569 20.512520506978039 8.4217288196086866 8.3168997615575773 27.896209552884102 2.9428540393710128 13.223148062825208 3.2621045112609854 96.510640278458595 21.647557869553566
leaf_count=78 20 72 44 19 40 18 42 14 41 38 43 37 21 100 20 936 38
internal_value=0.000253174 0.0367177 -0.0359826 0.0121164 0.0459197 -0.0475935 0.020452 -0.0168145 0.0420403 0.0609223 0.0517737 0.0693543 -0.0524776 -0.0460155 -0.0447198 -0.0542585 0.0804387
internal_weight=270.868 135.001 135.867 26.4115 121.687 109.455 59.2115 21.8003 37.4112 28.9342 16.6162 62.4757 104.635 16.2427 13.3139 101.692 49.5438
internal_count=1621 462 1159 140 370 1019 255 134 121 79 62 115 1001 120 92 980 75
is_linear=0
shrinkage=0.05


Tree=14
num_leaves=17
num_cat=0
split_feature=157 161 40 15 170 43 114 161 144 4 2 4 10 107 2 115
split_gain=141.26 40.5883 34.5349 29.1842 19.8289 21.4275 18.3069 16.7102 13.902 13.2063 16.8574 11.3063 5.27738 3.84904 5.89187 2.76003
threshold=25.037488937377933 16.976949691772464 0.50765887042374869 0.16515151515151519 -24.340320510623716 33.500000000000007 0.14415584415584418 20.909749984741214 28.69957641747877 9.6316471522801059 115.32878399005573 1.3517072133762316 0.12132352941176472 159.62941476955569 181.82813416593288 0.054299754299754303
decision_type=2 8 8 2 8 2 8 10 10 10 10 8 10 8 10 10
left_child=2 -2 4 8 -1 6 -6 12 -3 11 -11 -5 -4 -13 -15 -16
right_child=1 3 7 9 5 -7 -8 -9 -10 10 -12 13 -14 14 15 -17
leaf_value=0.064197783149775201 -0.05351198953569547 -0.053995759917766561 -0.056071560952383505 0.0073613563279639558 0.041477250639590034 0.044108686669490013 -0.056780364833715569 0.026759339075776697 0.045995189296424654 0.064126862963059097 -0.027313466485532213 0.090922578912134511 0.012388009286577687 0.019018022976354597 0.052015219530821992 0.086090789665791548
leaf_weight=9.4353577122092229 9.7190399989485723 8.761206425726412 90.68648125231266 7.4136688113212577 5.2120240032672909 10.576071381568907 21.692005671560764 6.274749018251895 4.4831164926290503 9.0726203396916407 9.2531747668981534 26.104061953723431 2.5659697577357283 7.8637044057250014 20.614666484296322 17.609512090682983
leaf_count=23 81 74 904 30 23 45 177 31 15 17 41 41 17 27 43 22
internal_value=0.000694113 0.040516 -0.0322324 0.0491397 0.00312487 -0.0135186 -0.036941 -0.0487645 -0.0192966 0.0584966 0.018932 0.0672568 -0.0540764 0.0732231 0.0614801 0.0695081
internal_weight=267.337 120.895 146.443 111.176 46.9155 37.4801 26.904 99.5272 13.2443 97.9314 18.3258 79.6056 93.2525 72.1919 46.0879 38.2242
internal_count=1611 391 1220 310 268 245 200 952 89 221 58 163 921 133 92 65
is_linear=0
shrinkage=0.05


Tree=15
num_leaves=17
num_cat=0
split_feature=52 166 39 40 163 20 11 110 23 181 180 20 52 1 7 109
split_gain=127.822 42.3919 31.3556 21.8269 25.668 20.0388 17.8436 17.5008 15.9586 13.8571 9.49412 9.34731 8.73232 3.88501 2.04097 0.00756786
threshold=15.957702636718752 1.9328994750976565 0.25593132326113333 0.5249118292422007 0.84645080566406261 2.2820409667721218 1.9278717488037838 17.303082135941555 0.0010512837085184712 4.6910000000000016 0.48849999999999932 1.695936799153013 37.949188232421882 0.17538740001641093 13.104305606109174 4.8547173716867471
decision_type=2 10 8 8 8 8 8 8 8 10 8 10 2 8 10 10
left_child=3 2 5 4 -1 10 -4 -8 -6 13 12 -10 -2 -5 -12 -16
right_child=1 -3 6 9 8 -7 7 -9 11 -11 14 -13 -14 -15 15 -17
leaf_value=-0.054193174899469891 0.0052239608151727138 -0.054521925999545744 0.04933423602629386 -0.0029276181508014545 0.061876952915445919 -0.0061705577183493307 0.043152982365483872 -0.057654213015336291 -0.051410498760794079 0.04047217557309437 0.05554335552858946 0.041948510764457402 0.0673656534257569 -0.055368431801168683 0.065591373998946031 0.091485926894004865
leaf_weight=14.354888580739496 12.263949960470205 11.513216391205786 9.8472396433353442 3.8082694113254538 13.497328758239748 11.046372473239897 5.1651847213506725 14.246562570333479 6.5117780938744527 3.443945810198783 19.672160163521767 3.2639022320508957 9.7880453169345838 82.262166619300842 15.619972348213194 25.055842071771622
leaf_count=129 45 95 37 31 48 41 24 110 53 14 43 13 15 872 24 27
internal_value=-1.1551e-05 0.0338983 0.0425683 -0.0357939 -0.00368644 0.05658 -0.00257253 -0.0300309 0.0284155 -0.0491007 0.0649653 -0.0192396 0.0345321 -0.0531084 0.0753419 0.0833546
internal_weight=261.361 134.219 122.705 127.142 37.6279 93.4463 29.259 19.4117 23.273 89.5144 82.4 9.77568 22.052 86.0704 60.348 40.6758
internal_count=1621 461 366 1160 243 195 171 134 114 917 154 66 60 903 94 51
is_linear=0
shrinkage=0.05


Tree=16
num_leaves=18
num_cat=0
split_feature=157 46 15 161 181 119 51 4 23 180 161 118 153 157 167 10 51
split_gain=113.24 41.3026 30.5481 24.6094 15.8606 13.868 13.8628 12.9979 12.252 12.1066 11.2697 7.88973 7.42608 6.0971 8.92636 4.0664 2.38186
threshold=28.938073158264164 -0.03745897285621199 0.16515151515151519 20.810350418090824 4.9350000000000005 0.0032913464331584836 0.81724234914900296 3.2533844144626971 0.0011645498218784301 0.73750000000000082 inf 25686.594506296151 12.805415813518534 25.037488937377933 10.500000000000002 0.12132352941176472 0.86195328788856018
decision_type=2 8 2 10 10 10 10 8 8 10 8 10 2 2 8 10 10
left_child=1 8 11 4 9 6 -4 -5 -1 13 -10 -2 16 15 -15 -3 -7
right_child=2 3 5 7 -6 12 -8 -9 10 -11 -12 -13 -14 14 -16 -17 -18
leaf_value=0.068122606377447367 -0.053321461559143774 -0.055881884599251246 0.050008335380398145 0.071521822642050259 0.060102937327350149 0.055417609190969323 -0.028420496602543362 -0.02555133208814497 -0.051191508958520475 0.041200727166459512 0.045355913430516183 0.027855502282960232 0.033293087768836382 -0.052686673070820457 0.029661425946910139 0.0011657279844785654 0.086628234954833169
leaf_weight=11.496043756604196 9.0552053898572904 102.39949716627598 11.534862175583841 6.4902927950024578 2.6855781450867644 20.27340517193079 9.353671655058859 5.6573303118348131 5.3160798177123043 3.0055275335907927 4.8068541362881669 3.5278420597314826 18.188568964600563 5.8765051513910267 5.4103256091475496 3.1793586835265151 24.615327060222626
leaf_count=24 84 1074 29 19 8 42 48 35 40 10 17 16 48 47 20 22 31
internal_value=-0.00174356 -0.0279804 0.0405882 -0.0382691 -0.0449907 0.051425 0.0151948 0.0278085 0.0349843 -0.0478229 -0.00539017 -0.0301871 0.0629986 -0.0504426 -0.0140118 -0.0541692 0.0740472
internal_weight=252.872 156.323 96.5489 134.704 122.557 83.9658 20.8885 12.1476 21.619 119.871 10.1229 12.583 63.0773 116.866 11.2868 105.579 44.8887
internal_count=1614 1316 298 1235 1181 198 77 54 81 1173 57 100 121 1163 67 1096 73
is_linear=0
shrinkage=0.05


Tree=17
num_leaves=20
num_cat=0
split_feature=52 162 39 107 39 164 155 26 162 143 112 4 7 33 13 6 39 42 134
split_gain=117.272 34.055 24.4055 18.9863 17.4341 17.3824 17.27 11.4373 11.0893 10.3751 16.6628 19.2551 10.0166 5.99393 5.89364 5.22618 5.15205 13.2092 4.38177
threshold=15.957702636718752 16.643500328063968 0.27651806768368598 136.32823968069556 -0.037730821441592906 0.38219928741455084 0.17952342358231613 0.0024732615209798778 19.949099540710453 0.24337160869909602 14.731500485675516 1.1115729773064393 21.150247396737601 0.069203800525454717 11.657000859457975 0.61300250481130325 -0.084789321105927212 0.25565374552582704 120.70826141380856
decision_type=2 8 8 10 8 8 10 8 10 8 10 10 10 10 10 8 10 8 8
left_child=4 -2 7 14 5 -1 -7 13 -5 -6 18 -12 -9 -3 -4 16 -15 -18 -11
right_child=1 2 3 8 9 6 -8 12 -10 10 11 -13 -14 15 -16 -17 17 -19 -20
leaf_value=-0.051519006973032591 -0.052554629080370889 0.029411108287761879 0.010087583748559253 -0.055018082588372347 -0.054757282648001615 -0.02542146107027804 0.077936584064417683 -0.024169973461283231 0.040163020672036004 -0.052963706039443441 -0.045554411273432301 0.078715777433727555 0.048830486927374551 0.075422955989990451 0.074258877729465461 0.083569384826824841 -0.008455704705340265 0.068534314284185008 0.01450294177177037
leaf_weight=7.7612937018275261 9.6610598340630514 14.850207284092901 7.6405324712395686 12.749211370944975 63.066413693130016 6.2307775318622616 8.7757699191570264 8.0538813620805758 3.1488470658659926 17.964742913842208 4.4406141638755781 6.5811200737953186 8.9396074935793859 13.277964845299715 6.3995075970888138 30.997347265481949 10.000767186284074 11.043762378394598 2.3262255787849417
leaf_count=69 87 38 39 111 718 41 21 40 10 198 49 29 18 17 14 39 32 19 15
internal_value=0.00280023 0.0341348 0.0410829 0.00151322 -0.0337605 0.00533073 0.0361148 0.0531355 -0.0349049 -0.0431478 -0.0187943 0.0290232 0.0148122 0.0609763 0.0423298 0.0676008 0.0512217 0.0332233 -0.0449112
internal_weight=253.91 136.763 127.102 29.9381 117.147 22.7678 15.0065 97.1635 15.8981 94.3791 31.3127 11.0217 16.9935 80.17 14.04 65.3198 34.3225 21.0445 20.291
internal_count=1604 464 377 174 1140 131 62 203 121 1009 291 78 58 145 53 107 68 51 213
is_linear=0
shrinkage=0.05


Tree=18
num_leaves=20
num_cat=0
split_feature=157 169 15 170 42 170 39 12 133 181 13 35 25 162 144 16 51 25 7
split_gain=85.7529 37.4236 29.7983 20.6944 15.2748 15.3157 14.7616 18.2199 19.5102 14.093 14.4673 10.7896 20.4661 9.024 5.70063 3.3124 3.25989 11.811 1.11821
threshold=25.037488937377933 0.98079967498779308 0.16515151515151519 -22.287462806278981 0.03637841755213838 -24.250491185823517 -0.032608261585912915 0.35765614337701745 -0.93016385380956967 4.6910000000000016 3621.9767587347974 0.21240601503759401 0.1563768826497082 20.074449539184574 0.22871899585833236 24.052886962890629 0.80102493140786879 0.12061783563075931 20.451099193354519
decision_type=2 8 2 8 8 10 8 10 10 10 10 10 10 10 8 2 8 10 8
left_child=1 3 13 -1 5 -3 18 -8 -9 10 15 12 14 -2 -10 -5 17 -6 -4
right_child=2 4 6 9 16 -7 7 8 11 -11 -12 -13 -14 -15 -16 -17 -18 -19 -20
leaf_value=0.068566994457742877 -0.053112826116416427 0.049415893415613581 0.052122595353248126 -0.054241149588658388 -0.050959063831067623 -0.051535406739626456 -0.04147466531567507 -0.027786255952398788 -0.058442198505032884 0.070118875230504002 0.045326385678626513 0.080228515126094302 0.05993954966741652 0.037415218732788309 0.013237118394616923 0.0053211649969244169 -0.054993702414554674 0.045661223702392999 0.081130274167082128
leaf_weight=11.498207338154314 11.139755524694918 7.775195799767971 15.958348691463469 14.965469524264345 10.636036008596419 5.5822123512625677 7.5294733047485343 8.8615242913365346 5.2381162047386178 3.6874694004654875 4.8225306272506705 17.972196348011494 17.858130432665348 2.7807660102844229 4.4446651116013536 2.5360648632049552 70.306714460253716 3.4701463654637328 17.537619546055794
leaf_count=28 112 27 32 149 121 42 39 41 33 8 21 28 35 9 18 15 806 21 20
internal_value=1.33693e-05 -0.026515 0.032784 0.0156425 -0.0426834 0.0065762 0.0427392 0.027537 0.0376697 -0.00942468 -0.0250066 0.0507376 0.0293561 -0.0337333 -0.0273803 -0.0457891 -0.0504639 -0.0257411 0.0692219
internal_weight=244.601 135.28 109.321 37.5097 97.7703 13.3574 95.4001 61.9041 54.3746 26.0115 22.3241 45.5131 27.5409 13.9205 9.68278 17.5015 84.4129 14.1062 33.496
internal_count=1605 1238 367 221 1017 69 246 194 155 193 185 114 86 121 51 164 948 142 52
is_linear=0
shrinkage=0.05


Tree=19
num_leaves=19
num_cat=0
split_feature=52 161 40 147 170 25 39 34 119 181 7 5 168 12 1 18 170 140
split_gain=95.3997 33.1442 28.4232 23.1231 19.5401 21.0742 17.3495 17.6885 13.149 11.5017 11.0167 10.8058 10.1588 8.30115 3.85709 2.42846 1.17342 0.907909
threshold=15.957702636718752 16.976949691772464 0.5249118292422007 0.16918027400970462 -22.287462806278981 0.12328940209563989 0.19903010254104933 0.082747846841812148 0.0011636177992805103 4.6910000000000016 10.988027595589312 71.171241987008031 0.78456017316580395 0.39849678792215493 0.17538740001641093 0.57783739281217816 -20.577373487881275 -0.28140246868133539
decision_type=2 8 8 8 8 10 8 8 10 10 10 8 10 10 8 10 8 2
left_child=2 -2 4 6 -1 -6 10 8 -8 14 13 -5 -7 -3 -4 -9 -12 -18
right_child=1 3 9 11 5 12 7 15 -10 -11 16 -13 -14 -15 -16 -17 17 -19
leaf_value=0.063734985798375471 -0.052336112826170102 -0.010664969969254711 -0.0014037146698063193 -0.060135894391794766 -0.053850575271840666 0.068140042360474079 -0.026762774596099756 -0.054148593731064815 0.060568125974447211 0.032581455536746975 0.080784676559582838 0.029548065577281919 -0.019204831284724444 0.049322272904674475 -0.054189270598857468 0.00030458207997185424 0.04376600850153109 0.068820808548834322
leaf_weight=9.6055486500263196 9.9342138022184354 8.8146607950329798 3.6965430527925482 7.3176390826702091 15.045120492577555 6.8456901609897596 5.1626880094409051 6.9084115624427778 15.646823510527609 3.645068645477294 25.779612362384796 4.8380933851003656 5.1686067506670952 14.170052520930765 69.346407525241375 2.7477634623646736 16.289085514843464 17.219050653278828
leaf_count=26 95 34 33 50 146 22 31 55 49 15 29 14 40 32 866 18 32 25
internal_value=0.00358991 0.0319062 -0.0300755 0.0389695 0.00605454 -0.0159626 0.0460154 0.0132286 0.0386683 -0.0472051 0.0578517 -0.0249081 0.0319755 0.0268316 -0.0515729 -0.0400789 0.0692331 0.0582623
internal_weight=248.181 134.828 113.353 124.894 36.665 27.0594 112.738 30.4657 20.8095 76.688 82.2725 12.1557 12.0143 22.9847 73.043 9.65618 59.2877 33.5081
internal_count=1612 464 1148 369 234 208 305 153 80 914 152 64 62 66 899 73 86 57
is_linear=0
shrinkage=0.05


Tree=20
num_leaves=18
num_cat=0
split_feature=157 52 3 46 161 158 27 3 44 39 136 8 3 56 166 133 157
split_gain=81.9368 32.3471 31.633 27.9345 21.0964 18.4328 20.5497 13.2786 11.7036 10.3322 15.8916 9.35049 6.21082 3.55709 5.63854 1.60476 2.26631
threshold=28.997019767761234 15.957702636718752 12.492281777294467 0.0185439094579757 20.609549522399906 2.0799344672918569 -0.64871287345886219 -85.411707886963384 0.0070103519797269616 0.35169306651435123 0.00075318024560498827 6.844823554628169 -33.634374298950824 -0.053526639938354485 0.99959945678710949 -1.7764256149250375 12.048599720001222
decision_type=2 2 8 8 10 8 2 8 8 8 8 10 10 2 8 8 2
left_child=2 -2 3 12 15 6 11 -3 -6 13 -11 -5 -1 14 -9 16 -4
right_child=1 7 4 5 8 -7 -8 9 -10 10 -12 -13 -14 -15 -16 -17 -18
leaf_value=0.012897077814088442 -0.050744160819511268 -0.0044971425024415467 -0.043336930936505348 -0.013984197179053741 0.072116502620402353 -0.055129236488734371 -0.051578639512699136 0.068690529168171352 -0.025575936153455103 -0.034524544362446695 0.072969191999207345 0.068596987280387878 0.069282578404189762 0.073164899534579095 0.019691540396470874 -0.05524567021489947 0.013195922788829355
leaf_weight=8.3968584463000315 8.8292679488658887 11.178108893334864 3.4861529320478439 4.5104181170463589 4.7546300739049894 19.309844948351383 7.7747372984886161 11.426478803157801 5.7596323862671852 7.3344002738594982 4.8795084282755861 10.215142749249933 12.817958399653433 35.114961668848998 13.31240329146385 67.815057851374149 2.3158720657229424
leaf_count=35 97 38 40 40 10 212 83 15 41 45 10 33 29 47 40 804 16
internal_value=-0.000608698 0.036159 -0.0237029 0.00310108 -0.0435829 -0.0205556 0.0101989 0.045869 0.0210278 0.0536358 0.0106919 0.0440217 0.0485503 0.0620793 0.0441128 -0.052969 -0.0221493
internal_weight=239.231 92.0751 147.156 63.025 84.1313 41.8101 22.5003 83.2459 10.5143 72.0678 12.2139 14.7256 21.2148 59.8538 24.7389 73.6171 5.80202
internal_count=1635 292 1343 432 911 368 156 195 51 157 55 73 64 102 55 860 56
is_linear=0
shrinkage=0.05


Tree=21
num_leaves=18
num_cat=0
split_feature=40 170 115 132 120 158 31 16 109 158 85 4 30 5 107 169 152
split_gain=73.6929 47.3629 23.6066 24.3782 16.0496 14.2342 11.7445 10.9198 10.5913 14.7151 6.33608 4.85714 7.67523 5.25755 3.13709 1.84282 1.41788
threshold=0.77143550250265347 -20.210517483593815 0.024695121951219517 0.17906314134597781 0.55277777777777792 1.8658319013306621 0.077069021436293059 7.9588656425476083 3.489313190521369 1.9882203624042056 2.0761834383010869 4.5209943973095834 0.23632065063610211 18.772257638378861 696.97236577161163 1.8800992965698247 -0.7325523264994992
decision_type=8 8 8 10 2 8 8 2 8 10 10 10 10 8 10 8 8
left_child=1 7 8 4 14 -2 15 -1 9 -3 -7 13 -13 -9 -4 -5 -11
right_child=5 2 3 6 -6 10 -8 11 -10 16 -12 12 -14 -15 -16 -17 -18
leaf_value=-0.0046202260766730636 0.025382052142863404 0.042036436749131607 -0.057845190766159404 0.077782864878386385 0.023656538922660716 -0.054094955155036241 0.0019871036891065605 0.029863431762838635 -0.056943729181188091 -0.007743063122298258 0.027343390652580093 -0.0056735291128520958 0.060749212482512929 0.075762711176998065 0.0017257513251654304 0.039260442019212943 -0.053666269503695276
leaf_weight=7.8060033544898024 6.1791655346751204 8.2002464607357997 13.71808229386807 13.332161314785482 12.765589356422423 57.106484562158585 11.052752159535883 9.83413018286228 20.619983948767185 2.5699656158685684 1.9139189422130574 7.584381818771365 8.7232506275176984 34.251322068274021 2.5335631966590872 8.7971233576536161 7.4448411315679532
leaf_count=36 44 38 126 21 49 734 49 38 203 19 14 34 19 58 16 30 74
internal_value=0.00124341 0.0186456 -0.00315053 0.0158825 -0.0173109 -0.0435255 0.0445669 0.0505147 -0.0332678 -0.0048972 -0.0510425 0.0576002 0.0313143 0.0664134 -0.0489966 0.0648285 -0.0436545
internal_weight=234.433 169.233 101.034 62.1993 29.0172 65.1996 33.182 68.1991 38.835 18.2151 59.0204 60.3931 16.3076 44.0855 16.2516 22.1293 10.0148
internal_count=1602 810 625 291 191 792 100 185 334 131 748 149 53 96 142 51 93
is_linear=0
shrinkage=0.05


Tree=22
num_leaves=18
num_cat=0
split_feature=52 42 39 27 4 170 107 179 170 8 179 112 145 148 183 105 14
split_gain=77.8346 28.354 19.6956 17.8322 14.8855 19.5667 13.8939 12.8241 8.88914 12.1167 7.3799 5.83702 5.11922 10.6499 5.57214 0.468718 0.460574
threshold=16.933964729309086 0.49775367713577695 -0.037730821441592906 -0.49805927276611323 9.6316471522801059 -22.558162959140656 133.28442894340409 17.529500000000002 -20.617118974371333 24.897667743998451 16.517000000000007 9.3797113097473641 1.8238441008060315 0.059411764705882358 21.743399620056156 0.30932143330574041 0.0057181171458762833
decision_type=2 8 8 2 8 10 8 10 10 10 8 10 8 10 10 8 8
left_child=2 4 3 11 8 16 -3 12 10 -10 -2 -1 13 -4 -14 -12 -6
right_child=1 6 7 -5 5 -7 -8 -9 9 -11 15 -13 14 -15 -16 -17 -18
leaf_value=0.0067656293889273647 0.020882119235516392 0.026393784751175105 0.056861014499112295 -0.050975959992890223 -0.026592085405509322 0.046483973510965483 -0.053384036484346531 0.052740675787935121 -0.026221840028276912 0.056084509428545426 0.07137164679604327 0.066748373405083314 -0.053895411549271556 -0.04673145323804638 0.022256839505767085 0.050890082265335194 -0.060258332989111311
leaf_weight=8.1605706289410609 13.622354984283445 7.8739779219031361 2.9286670461297017 7.5218004882335654 4.4762150049209612 9.7472689151763898 13.802873224020002 2.5519591420888892 8.6171022132039088 7.4396397769451132 30.022657476365566 7.5904051959514609 69.157415438443422 5.7915358245372772 1.9742328822612751 19.882204592227936 5.3373862579464912
leaf_count=48 40 36 16 71 22 25 144 5 41 14 43 18 940 75 12 36 29
internal_value=-0.000884708 0.0264271 -0.0320657 0.00827947 0.0376995 -0.00135833 -0.0245192 -0.0434228 0.0471972 0.0129658 0.0555143 0.0379305 -0.0471103 -0.00966959 -0.0515026 0.0643718 -0.0487816
internal_weight=226.498 120.822 105.677 23.2728 99.1448 19.5609 21.6769 82.4038 79.584 16.0567 63.5272 15.751 79.8519 8.7202 71.1316 49.9049 9.8136
internal_count=1615 430 1185 137 250 76 180 1048 174 55 119 66 1043 91 952 79 51
is_linear=0
shrinkage=0.05


Tree=23
num_leaves=18
num_cat=0
split_feature=52 162 40 163 40 150 181 167 54 23 8 164 33 9 121 23 144
split_gain=83.1212 28.2508 25.4334 22.1248 18.3052 12.2943 11.6533 10.1665 13.634 10.7458 8.14094 5.36292 5.02576 3.20207 3.03903 2.81317 1.27899
threshold=15.957702636718752 17.172150611877445 0.50765887042374869 0.84645080566406261 0.96148630678653724 0.33784332871437078 4.6910000000000016 4.5000000000000009 0.98344017094017111 0.00071048262547829624 10.397007656805785 0.22214984893798828 0.11408741825657213 0.29289215686274517 27.005353927612308 0.0031583923364115721 0.080385660480884844
decision_type=2 8 8 8 8 8 10 8 2 10 10 10 10 10 2 8 10
left_child=2 14 3 -1 7 10 -4 11 9 16 -5 -3 -10 -13 -2 -6 -9
right_child=1 4 6 5 15 -7 -8 8 12 -11 -12 13 -14 -15 -16 -17 -18
leaf_value=-0.05145449951951251 -0.052292148569403035 0.026254280895686079 -0.053369659459136132 -0.04887662608657057 -0.048268907779917269 0.059845674448847308 0.033016838640165878 -0.016502990681311957 0.025010323007654364 0.024308865892786843 0.041714939398312445 0.042007504618820024 0.067540074502204991 0.074197407376097285 0.0070280684659763358 0.010659249722602774 -0.060669554225104477
leaf_weight=10.667920671403406 9.7105691321194154 14.388634622097014 62.569077935069799 5.2737381532788294 5.8991793319582913 14.115436263382433 3.5115877762436858 3.5818143263459223 17.207302235066894 11.225561417639254 3.1612669825553894 17.200462095439434 13.397989876568316 30.747835338115692 2.430646736174821 2.4241051971912393 5.1670912355184555
leaf_count=120 97 39 907 51 63 45 14 18 46 39 13 38 21 43 18 17 32
internal_value=0.00382746 0.02952 -0.0306337 0.00500241 0.0368365 0.0327612 -0.0483552 0.0421309 0.0247235 -0.0072745 -0.014102 0.0556418 0.0451764 0.0637441 -0.0407853 -0.031804 -0.0461353
internal_weight=232.68 133.381 99.299 33.2184 121.24 22.5504 66.0807 112.917 50.5798 19.9745 8.43501 62.3369 30.6053 47.9483 12.1412 8.32328 8.74891
internal_count=1621 471 1150 229 356 109 921 276 156 89 64 120 67 81 115 80 50
is_linear=0
shrinkage=0.05


Tree=24
num_leaves=22
num_cat=0
split_feature=157 170 170 3 15 106 7 2 98 144 181 169 179 111 47 111 105 136 166 160 105
split_gain=70.7342 23.3755 19.6957 17.7309 15.3458 13.7558 12.9736 17.5024 12.0605 11.8802 10.447 9.86583 8.77843 7.85541 7.61014 15.2549 7.38228 6.69327 9.87895 2.88595 0.0421306
threshold=25.037488937377933 -19.85212167953852 -18.745537741012971 12.492281777294467 0.16515151515151519 0.48083228520360072 10.854778326837156 81.234466732121106 15.960942745208742 28.69957641747877 4.6910000000000016 0.070850372314453111 17.020000000000007 1.0860772514418469 -0.88675669225007137 0.31481924455924698 0.39792338013648992 0.00032887983138907837 1.236299514770508 12.345109007287151 0.31083101034164434
decision_type=2 8 10 8 2 10 8 10 10 10 10 8 10 8 8 8 10 10 8 10 10
left_child=1 3 4 5 9 -1 7 -6 10 -2 14 -7 19 -9 15 -3 -4 18 -8 -5 -19
right_child=2 8 16 12 6 11 17 13 -10 -11 -12 -13 -14 -15 -16 -17 -18 20 -20 -21 -22
leaf_value=0.085330508061420465 -0.051879353200084459 0.039264642409664541 -0.054647643425062835 -0.052936528573451207 0.06317400948309157 0.053935182259868847 0.059044327614132169 -0.061196598465869272 0.056853184315541427 0.047766952176694494 0.037616774842182087 -0.046407070358500113 0.046350235702859247 0.016247597544145866 -0.053859027296351294 -0.051245241766410848 0.026776579812477719 0.072358464915592738 -0.0021839579093048691 0.0070770211118962581 0.052861941389865712
leaf_weight=8.9709114134311694 7.1116612590849382 6.9068914465606239 7.6411259546875936 10.539044573903082 7.6340749040246072 3.3728221133351308 14.081658951938154 6.6916065290570232 2.4131557792425147 3.7990744337439537 3.2782532572746268 4.5729481317102918 2.5691767781972876 5.1085223034024247 57.942032210528851 10.478489276021717 3.3767140433192253 29.394876517355442 11.575036253780125 2.1600939556956282 17.747322522103786
leaf_count=19 79 41 72 122 12 6 24 38 7 12 13 53 6 18 822 131 10 42 45 14 32
internal_value=0.00432826 -0.0235748 0.0319616 0.0122045 0.038752 0.0462166 0.0453419 0.00851503 -0.0377637 -0.0160855 -0.0413461 -0.00254592 -0.026004 -0.0290193 -0.0452304 -0.0151075 -0.0295414 0.0549245 0.0323755 -0.0429569 0.0662692
internal_weight=227.365 113.204 114.162 32.185 103.144 16.9167 92.2331 19.4342 81.0188 10.9107 78.6057 7.94577 15.2683 11.8001 75.3274 17.3854 11.0178 72.7989 25.6567 12.6991 47.1422
internal_count=1618 1234 384 220 302 78 211 68 1014 91 1007 59 142 56 994 172 82 143 69 136 74
is_linear=0
shrinkage=0.05


Tree=25
num_leaves=21
num_cat=0
split_feature=40 161 157 108 17 180 108 136 165 164 105 148 1 110 55 56 5 55 44 137
split_gain=56.9021 31.7721 20.0893 19.6876 18.925 14.568 11.3281 9.60936 9.29714 7.51727 7.11535 9.22566 6.66601 7.0016 6.04175 4.77319 6.25224 3.18169 3.28902 2.83167
threshold=0.77143550250265347 16.976949691772464 25.928940773010257 26.6756468122725 0.96204030513763439 0.23799999999999957 -32.127155832805904 0.00023594613952208974 0.39120006561279302 0.22214984893798828 0.22480112314224246 0.133974358974359 0.22187162461836943 40.654519081092396 -2.9710528850555415 0.044710874557495124 36.617318742748523 -7.0021468997001639 0.0099762079861157264 0.0078098344192132551
decision_type=8 8 2 8 2 8 10 8 10 10 8 8 8 10 2 2 10 2 8 10
left_child=1 -1 3 5 -2 -3 9 14 19 -7 11 -9 13 -6 -4 16 -8 -12 -19 -5
right_child=4 2 7 8 12 6 15 10 -10 -11 17 -13 -14 -15 -16 -17 -18 18 -20 -21
leaf_value=-0.051965117846768043 0.057119442828863755 -0.048754681396110687 -0.026437804188553168 -0.053559317250496764 -0.042286182722028887 -0.047743768281873142 -0.013849929068996032 0.050184043658347999 0.037025760184817277 0.033786650043476363 0.065903990630510501 -0.026042348538049161 -0.053257255062364228 0.049523623242020559 0.03447798302823641 0.076722257475613467 0.060742121720878221 0.024577818118252315 0.060811044752011739 0.0057070587745007588
leaf_weight=13.849264211952685 3.8999679647386065 4.9163343235850334 7.7544845566153526 17.002841774374254 3.4102595411241046 4.7443648502230662 4.7586248591542262 7.1058612614870045 3.1460121348500243 4.6032732613384724 31.501963518559929 6.8909590579569349 48.053373899310827 2.92499790340662 6.6112972870469076 12.061942033469675 4.9340440854430199 18.460935488343246 11.000532746315001 2.0648417249321929
leaf_count=175 15 51 38 200 47 50 41 15 14 16 51 36 723 15 13 21 12 42 15 12
internal_value=0.00272882 0.0180221 0.0248964 0.00196213 -0.0392095 0.0245671 0.0373148 0.0396601 -0.0341703 -0.00820881 0.046753 0.0134219 -0.0470234 0.00107523 0.0020157 0.0563768 0.0262507 0.0540655 0.039659 -0.0471768
internal_weight=219.696 161.408 147.558 58.2323 58.2886 36.0186 31.1022 89.326 22.2137 9.34764 74.9603 13.9968 54.3886 6.33526 14.3658 21.7546 9.69267 60.9634 29.4615 19.0677
internal_count=1602 802 627 417 800 191 140 210 226 66 159 51 785 62 51 74 53 108 57 212
is_linear=0
shrinkage=0.05


Tree=26
num_leaves=19
num_cat=0
split_feature=52 166 46 111 158 38 115 23 161 144 178 56 54 52 137 23 17 7
split_gain=67.2105 24.9017 16.9194 17.4597 12.7219 14.1665 13.1767 9.96795 9.70308 9.32456 8.77452 5.56331 8.55687 3.7881 3.27659 3.01381 2.84894 1.53581
threshold=14.998906135559084 1.9328994750976565 0.089408582863644809 0.43585271918236529 2.1290655022574696 0.29325298835279262 0.10582306830907055 0.0002960076261205831 21.129949569702152 0.079397380539247095 2.1602534306323649 -0.084013581275939928 0.81365740740740755 13.98640012741089 0.0016528540255528136 0.00060373115513839197 4.5007760524749765 18.253747391816123
decision_type=2 10 8 8 8 10 8 10 10 8 10 2 2 2 10 10 2 10
left_child=2 4 3 -1 10 6 15 -7 13 -9 11 12 14 -4 -2 -6 -5 -13
right_child=1 -3 8 16 5 7 -8 9 -10 -11 -12 17 -14 -15 -16 -17 -18 -19
leaf_value=0.049460340762811091 0.020135385469702213 -0.052050869891874907 -0.05297393595862239 -0.051882400032750242 -0.064166848823057746 0.065909962626562943 0.039908209663532132 0.041352748220075397 0.027916063093057521 -0.036671877962058105 0.0001723671442625442 0.043057111638275997 -0.018650741361315278 -7.8178093692653363e-05 0.070305732288951914 -0.0076286971864454522 0.0057637266585904585 0.068744510871535866
leaf_weight=10.518256168812515 7.4778117127716559 8.9120308049023134 56.985408548265696 7.6831035465002042 9.3149665743112582 10.909543938934805 4.8302628993988028 6.7044908516108963 3.6670518070459357 6.6173114627599725 10.36867557838559 17.520536825060844 6.6105119735002509 3.5976578295230857 6.8845737539231777 3.4387589357793322 2.5989950560033321 26.796978354454041
leaf_count=41 40 100 914 73 58 19 13 21 18 47 45 39 31 44 11 28 17 33
internal_value=0.00158521 0.0246385 -0.0325605 0.00641917 0.0308466 0.00843513 -0.0249174 0.0326664 -0.0450848 0.00274133 0.0429614 0.0496516 0.0265369 -0.0498851 0.0471955 -0.0505856 -0.0380919 0.0597634
internal_weight=211.437 126.386 85.0505 20.8004 117.474 41.8153 17.584 24.2313 64.2501 13.3218 75.6591 65.2904 20.9729 60.5831 14.3624 12.7537 10.2821 44.3175
internal_count=1592 485 1107 131 385 186 99 87 976 68 199 154 82 958 51 86 90 72
is_linear=0
shrinkage=0.05


Tree=27
num_leaves=20
num_cat=0
split_feature=157 56 15 3 162 39 133 12 179 31 29 121 7 111 10 158 147 159 7
split_gain=65.7365 23.0961 21.1838 13.7958 10.7942 10.5448 14.8123 11.9414 7.65722 6.23196 7.80052 5.79284 10.495 5.59564 4.19975 3.23319 2.25109 1.64961 1.27937
threshold=25.037488937377933 0.045687556266784675 0.16515151515151519 15.484560317443144 20.954750061035156 -0.032608261585912915 -0.93016385380956967 0.35765614337701745 17.296500000000005 0.077784166420696535 0.68024643999642975 28.908801642246548 1.3475972291244604 0.35637607643580682 0.12132352941176472 2.458366089375835 0.075735807418823256 96.776866912841811 19.611442159158099
decision_type=2 2 2 8 10 8 10 10 10 10 10 2 8 8 10 10 10 2 10
left_child=1 4 15 13 8 18 -7 -8 11 16 -11 14 -13 -3 -1 -2 -9 -5 -4
right_child=2 3 5 17 -6 6 7 9 -10 10 -12 12 -14 -15 -16 -17 -18 -19 -20
leaf_value=-0.053740710572404586 -0.050947490975386582 0.067628941245151161 0.043005726090607155 -0.049484299315320925 0.041766782554339577 -0.032243123455127663 -0.018140605583582641 0.035861904068819346 0.024871404535707357 0.049826545314426464 -0.015914673792628831 0.066322448520351032 -0.044652179669609555 0.0095876376288290561 0.0088976507863328148 0.014637324611039081 0.070497466069216072 -0.0010014894469707685 0.069526861475650584
leaf_weight=62.252248913049698 7.8304328098893148 8.3514956161379832 16.810557492077351 5.3100894391536739 3.1731814853847018 9.240754444152115 8.7034066170454008 11.694269895553591 3.3544501662254325 8.1617114916443843 8.1681341305375081 2.4228344298899165 4.6475134678184986 8.160746578127144 2.5197857767343512 1.9042252413928507 16.73761922866106 2.4882864430546761 18.289738044142723
leaf_count=972 101 20 35 52 15 46 38 34 14 19 38 10 71 46 19 15 25 20 22
internal_value=0.00238542 -0.0260989 0.0295723 0.0159821 -0.0391894 0.0366088 0.0237037 0.0337879 -0.0431089 0.0440605 0.0179222 -0.0465809 -0.00311796 0.041129 -0.0512057 -0.0379498 0.0579541 -0.0358866 0.0583682
internal_weight=210.221 102.681 107.541 24.3106 78.37 97.8062 62.7059 53.4651 75.1968 44.7617 16.3298 71.8424 7.07035 16.5122 64.772 9.73466 28.4319 7.79838 35.1003
internal_count=1612 1239 373 138 1101 257 200 154 1086 116 57 1072 81 66 991 116 59 72 57
is_linear=0
shrinkage=0.05


Tree=28
num_leaves=21
num_cat=0
split_feature=42 170 4 4 30 1 1 150 170 166 22 105 150 150 170 42 144 29 29 41
split_gain=45.2184 36.1043 30.5603 16.1156 12.9584 12.6553 12.9486 12.37 10.1477 9.29393 10.1722 8.08708 6.85112 5.19128 6.52113 4.73118 4.1347 2.88327 1.6857 0.0266306
threshold=0.50896841664250736 -19.85212167953852 11.216077530005384 1.1115729773064393 0.1457680595773117 2.4763715723915882 0.18911121763725125 0.64448592066764843 -24.962350746875753 1.1801996231079104 -0.0035017532501722252 0.26656329631805425 0.56389641761779796 0.32595676183700567 -20.45703888778354 0.16018974643506842 183.45500986204837 0.71885533154132897 0.8396127266559853 0.4823994657157788
decision_type=8 10 8 10 8 10 8 10 10 10 10 10 8 10 8 10 10 10 10 8
left_child=1 2 3 11 8 6 17 -3 -4 12 -11 -1 13 14 -5 -16 -8 -2 19 -15
right_child=5 7 4 9 -6 -7 16 -9 -10 10 -12 -13 -14 18 15 -17 -18 -19 -20 -21
leaf_value=-0.051939536738189775 0.053729664882653932 -0.056406615724725342 -0.033733791076086948 0.055909930465393942 -0.057905225984626635 0.059957452313701545 -0.053073707911412915 0.018475390204925286 0.048094043317294076 -0.047038804062589638 0.040409996129631691 0.028529573211563904 0.016566381842153081 0.047899208275129869 0.038562525361908406 -0.028628034239742268 0.019763482987399831 -0.0073751468434365948 0.085593616149200621 0.068308586088730125
leaf_weight=6.0826062411069852 2.7544769421219817 19.09584774076939 5.9495623633265495 13.486042823642491 11.704488687217234 2.4115095622837535 45.1364188157022 7.0385759212076655 7.42653362080455 4.7717146463692188 6.8547730557620508 4.7221879325807095 12.824390072375534 20.333572834730152 3.6661496870219725 4.9754197560250759 1.5488245636224736 3.5432085283100605 14.862878799438475 11.109692081809042
leaf_count=65 15 228 45 28 117 9 746 29 20 62 21 22 42 39 10 40 11 35 17 21
internal_value=0.00246375 0.016331 0.0272105 0.0391246 -0.0216569 -0.0359165 -0.04131 -0.0363016 0.011883 0.0458067 0.00363655 -0.0173333 0.0517229 0.0579776 0.035403 0.000920389 -0.0502935 0.0230511 0.0677886 0.0569936
internal_weight=210.299 154.904 128.77 103.689 25.0806 55.3944 52.9829 26.1344 13.3761 92.8846 11.6265 10.8048 81.2581 68.4338 22.1276 8.64157 46.6852 6.29769 46.3061 31.4433
internal_count=1622 806 549 367 182 816 807 257 65 280 83 87 197 155 78 50 757 50 77 60
is_linear=0
shrinkage=0.05


Tree=29
num_leaves=19
num_cat=0
split_feature=52 169 136 3 26 11 4 3 44 151 150 46 114 52 26 160 9 118
split_gain=63.9145 17.663 13.9056 13.039 11.2208 10.0773 9.55754 10.2431 7.39588 6.86051 6.59144 5.91151 8.4309 5.5761 5.32859 5.06301 3.52411 0.594071
threshold=24.887847900390629 0.44264984130859375 0.00071389874981447248 9.4662106061507227 0.0021598921092892179 8.3350187599977925 1.1268999096054333 -97.277962743797616 0.0096795438566903546 0.35223773299280042 0.36958366632461553 0.33344306744542235 0.24509048902579902 14.998906135559084 0.0033932611693331355 0.37113080551345601 0.10263157894736843 0.53575668552975608
decision_type=2 8 10 8 8 10 8 8 8 10 8 8 10 2 8 10 10 10
left_child=1 4 16 5 8 -4 10 -8 -1 11 -2 17 -13 -5 -7 -10 -3 -9
right_child=6 2 3 13 -6 14 7 9 15 -11 -12 12 -14 -15 -16 -17 -18 -19
leaf_value=0.060080451416376579 -0.054335522740079113 0.014373120223029666 -0.043242884963036438 -0.0510256938413578 -0.049325046849971375 0.075783602620485946 -0.010863765043311421 0.065459853592441872 0.035907335816449171 0.0020860737304295111 0.02133280654986628 -0.030926377059020505 0.043189622530038489 0.008979991098208925 0.010356799733436586 -0.045187140239530667 -0.054351396389661757 0.045285202315966749
leaf_weight=9.6464458890259266 4.492327015846965 1.5479921475052822 3.67601454257965 15.62380898371339 4.2008264958858481 5.4049270972609493 9.9402320906519872 24.83096323907376 2.6003218367695817 9.2959642447531206 5.2177385874092588 4.7713373154401699 11.109765704721211 4.6959862112998954 6.7767681479454049 3.1833384893834591 51.466843578964472 20.147911913692951
leaf_count=28 37 10 52 252 43 13 37 34 11 35 27 30 37 31 43 41 819 38
internal_value=-0.00097723 -0.026634 -0.0360162 -0.0116566 0.0156734 0.0215763 0.0300634 0.0357074 0.0352942 0.0423659 -0.0154795 0.0483852 0.0204092 -0.0373874 0.0429331 -0.00880869 -0.0521157 0.0576042
internal_weight=198.63 108.823 89.1923 36.1775 19.6309 15.8577 89.8062 80.0962 15.4301 70.1559 9.71007 60.86 15.8811 20.3198 12.1817 5.78366 53.0148 44.9789
internal_count=1618 1343 1220 391 123 108 275 211 80 174 64 139 67 283 56 52 829 72
is_linear=0
shrinkage=0.05


Tree=30
num_leaves=19
num_cat=0
split_feature=157 42 166 137 138 3 3 164 35 39 39 10 117 179 150 148 117 31
split_gain=51.6192 25.1611 23.4309 11.4982 11.3656 10.736 9.94212 8.3042 8.90698 8.04906 10.5961 3.87501 3.77939 3.7376 2.94543 2.8111 2.40475 1.15386
threshold=28.997019767761234 0.03637841755213838 0.97495079040527355 -0.002668986908917018 0.043675381981769928 23.648192134634254 -97.277962743797616 0.29024982452392584 0.42261904761904767 0.35169306651435123 0.70167015017806633 0.12132352941176472 0.34050610656062663 17.529500000000002 0.37219315767288214 0.084219858156028379 0.40037111045808832 0.048948550986308993
decision_type=2 8 8 10 10 8 8 10 10 8 10 10 10 10 10 10 10 10
left_child=1 5 3 7 16 17 -6 8 -3 12 -11 13 -8 -4 -14 -9 -2 -1
right_child=4 2 11 -5 6 -7 9 15 -10 10 -12 -13 14 -15 -16 -17 -18 -19
leaf_value=0.06053847503532666 -0.047694858382830968 -0.047195960452771933 -0.053604111133815885 -0.053432343312070973 -0.012390547326259814 -0.030963090919584962 0.021524255254953391 0.071927743932565485 0.05383084750934989 -0.051056987198449783 0.042739205426922423 0.009013753581822841 0.032359653132402431 0.017856988851770814 0.064087801405460221 0.022155965784000989 0.011051489529548526 0.029302010537679432
leaf_weight=6.3710787966847446 4.2267750240862361 5.6251898109912934 56.964655321091413 5.143584828823804 8.678682539612053 5.8424670808017281 11.483539197593926 5.6339096836745721 2.2980472482740879 4.3554186634719354 5.8801854997873306 2.4751568809151641 13.566887021064757 1.4405329301953305 35.061099246144295 7.2909769751131535 2.1333919316530228 12.161828387528656
leaf_count=12 51 81 976 58 40 49 35 11 6 39 22 21 36 5 52 43 14 43
internal_value=0.00264346 -0.019731 -0.0322605 0.00731503 0.0316856 0.0244346 0.0368863 0.0240621 -0.0151453 0.043054 0.00183543 -0.0490017 0.0499277 -0.0515706 0.0560663 0.0474587 -0.0291653 0.0425898
internal_weight=196.633 111.247 86.8721 25.9917 85.386 24.3754 79.0258 20.8481 7.92324 70.3471 10.2356 60.8803 60.1115 58.4052 48.628 12.9249 6.36017 18.5329
internal_count=1594 1305 1201 199 289 104 224 141 87 184 61 1002 123 981 88 54 65 55
is_linear=0
shrinkage=0.05


Tree=31
num_leaves=19
num_cat=0
split_feature=40 170 4 186 146 148 22 160 16 155 121 40 18 121 34 8 146 4
split_gain=42.9196 28.4824 20.8334 18.4126 17.232 14.9842 12.8253 9.80184 7.95451 9.1573 9.14996 11.1239 7.73295 4.34741 4.27388 3.8346 3.49867 1.65584
threshold=0.77143550250265347 -19.85212167953852 10.668096072325389 0.067700386047363267 0.048143753879744587 0.45227272727272733 0.00058737389062041832 11.544600469974872 8.0818748474121112 0.22846484317118354 15.061052322387697 0.40065065207069417 0.12847417593002322 32.954160690307624 0.16248229146003726 12263.990306464248 0.10000058442067171 6.6104806642207929
decision_type=8 10 8 10 10 10 10 10 2 10 2 8 10 2 10 10 10 8
left_child=1 2 4 7 12 15 13 -4 9 -6 16 -12 -1 -2 -13 -3 -10 -14
right_child=6 5 3 -5 8 -7 -8 -9 10 -11 11 14 17 -15 -16 -17 -18 -19
leaf_value=0.038361777942773512 -0.052062623187569351 -0.057065996169780558 -0.057622110387380243 0.053072280345214988 -0.038532901337718278 0.040321702345660002 0.033642806729599163 0.021645596698875755 0.072174176758169992 0.044578605796640858 0.046186355621880733 -0.054715787398522814 -0.051228059462707976 0.0077289768692293988 0.012201990426200869 0.010799082338235179 0.037306602439093478 -0.00069812401735299366
leaf_weight=3.558869954198598 38.361788265407085 18.305186625570066 14.474261485040193 6.6344934850931159 5.4054866768419725 5.0153977721929541 4.7709237821400157 4.6197047755122176 34.373214162886143 5.8812968544661999 17.58996906876564 3.8087797537446049 6.9044704511761639 3.0343675464391699 4.1487681679427624 2.0090931281447402 13.754082005470989 2.0747315399348745
leaf_count=12 731 223 156 19 40 15 22 18 64 16 35 32 87 41 21 15 49 14
internal_value=0.00293324 0.0160343 0.0259577 -0.0136498 0.0364419 -0.0313951 -0.0386699 -0.0383208 0.0444583 0.00487814 0.0503753 0.0247975 -0.017151 -0.0476009 -0.02236 -0.0501623 0.0631718 -0.0407926
internal_weight=194.725 148.558 123.228 25.7285 97.4997 25.3297 46.1671 19.094 84.9616 11.2868 73.6748 25.5475 12.5381 41.3962 7.95755 20.3143 48.1273 8.9792
internal_count=1610 816 563 193 370 253 794 174 257 56 201 88 113 772 53 238 113 101
is_linear=0
shrinkage=0.05


Tree=32
num_leaves=18
num_cat=0
split_feature=40 170 166 20 7 150 150 0 8 179 39 155 1 3 141 22 21
split_gain=44.0464 30.8147 20.1395 13.0976 12.5964 11.5842 11.4899 11.199 7.53366 8.22017 5.86113 5.4342 3.90738 2.97599 1.8938 1.36247 1.13974
threshold=0.77143550250265347 -19.85212167953852 1.1801996231079104 2.2820409667721218 31.354221403557769 0.64448592066764843 0.17310309410095218 0.062894225120544447 8.1684823377627431 17.296500000000005 -0.010975134558975695 0.1516296174871849 0.17538740001641093 -213.9555132792857 2.2540429830551152 0.00073070383498782159 0.6584469406773853
decision_type=8 10 10 8 10 10 8 8 8 8 10 8 8 8 2 10 10
left_child=1 2 3 6 13 -3 16 -2 9 -8 -11 -12 -9 -4 -10 -16 -1
right_child=7 5 4 -5 -6 -7 8 12 14 10 11 -13 -14 -15 15 -17 -18
leaf_value=-0.00040011656727917383 0.048622039518437438 -0.055750098236712335 0.0083785438681573607 -0.019328401045757417 0.0381703782278624 0.01937260454789938 -0.021845233939977796 0.003886635802735463 0.062890999383099749 0.055095892369326195 0.038068997310683722 -0.023657606726603976 -0.052026450920558867 -0.052807625888749793 0.021444485354400661 0.052847559572697947 -0.045683903250719228
leaf_weight=2.1983467862009993 2.4573919847607604 17.743750046938661 2.0392665676772594 9.9061021432280523 5.76125444471836 6.4843091815710059 6.895227324217557 3.2476651929318896 36.14407604560256 16.440701089799404 6.5059678144752988 5.8676958121359357 38.53096342086792 12.382901918143036 9.5275406055152434 7.9161813855171195 2.8616003282368183
leaf_count=21 7 234 10 47 24 28 40 37 72 38 27 39 761 167 39 12 31
internal_value=0.00186174 0.0149194 0.0249749 0.0337838 -0.0199767 -0.0356736 0.039504 -0.0413839 0.0436856 0.0248357 0.0363644 0.00921748 -0.0476908 -0.0441737 0.0555616 0.0377883 -0.0293225
internal_weight=192.911 148.675 124.447 104.263 20.1834 24.2281 94.3573 44.236 89.2974 35.7096 28.8144 12.3737 41.7786 14.4222 53.5878 17.4437 5.05995
internal_count=1634 829 567 366 201 262 319 805 267 144 104 66 798 177 123 51 52
is_linear=0
shrinkage=0.05


Tree=33
num_leaves=18
num_cat=0
split_feature=52 40 162 167 141 24 111 34 110 30 162 35 6 164 21 29 147
split_gain=39.6957 19.1731 13.9559 13.1881 15.3999 17.3187 12.2336 9.3764 7.29048 6.25678 6.03953 4.88901 3.72615 3.55866 2.82412 2.76266 0.530935
threshold=16.933964729309086 0.5249118292422007 16.643500328063968 3.5000000000000004 2.1976587772369389 0.0042129228503016234 0.35637607643580682 0.21906417608261111 5.8627660849597847 0.093086785198304864 19.024549484252933 0.10977242302543509 0.59494908711666528 0.51090049743652355 2.895070716829923 0.80460207810713702 0.042549252510070808
decision_type=2 8 8 8 2 10 8 10 8 10 10 10 8 10 10 10 8
left_child=1 6 -2 11 9 16 15 13 10 -5 -3 -4 -13 -8 -11 -1 -6
right_child=2 8 3 4 5 -7 7 -9 -10 14 -12 12 -14 -15 -16 -17 -18
leaf_value=0.01431200025562992 -0.047986953267347733 -0.036781422791730252 0.0095932467008299094 -0.016838705220960495 -0.023223322455812632 0.029705998854179558 -0.051432495679037682 0.026997051944936158 -0.051763292513749573 0.01540883774283427 0.060188914278413178 0.029156032079338912 0.06329734605412593 0.016438925553770304 0.053092343011746625 0.063215115162423161 -0.062270252732527655
leaf_weight=6.0927288681268674 5.947028409689664 2.3029921241104594 9.1743761189281923 5.0932329371571567 2.7238413877785215 8.8399943821132165 11.858333997428419 6.5800647102296344 41.986630920320749 8.521921634674074 2.1806743331253529 15.737556777894495 24.991188198328018 1.7866302430629719 16.138876102864742 6.1842046119272709 10.897673893719912
leaf_count=37 77 49 33 24 24 21 160 31 890 36 4 44 42 12 35 19 91
internal_value=0.00162748 -0.0251388 0.0212389 0.0256966 0.00787399 -0.0228052 0.00432135 -0.0193586 -0.0454005 0.0310224 0.0127565 0.043824 0.05112 -0.0420299 0.0411782 0.0418516 -0.0565845
internal_weight=187.038 78.9723 108.066 102.119 52.2155 22.4615 32.502 20.225 46.4703 29.754 4.48367 49.9031 40.7287 13.645 24.6608 12.2769 13.6215
internal_count=1629 1202 427 350 231 136 259 203 943 95 53 119 86 172 71 56 115
is_linear=0
shrinkage=0.05


Tree=34
num_leaves=23
num_cat=0
split_feature=39 19 4 52 178 150 107 52 46 151 52 106 19 43 144 49 51 55 163 3 144 144
split_gain=34.4073 22.4095 17.6042 12.9604 12.0873 11.7522 11.8849 9.48509 8.01232 5.33324 10.2167 7.50417 5.0514 5.03679 11.2338 4.76032 4.80314 6.30778 4.19203 2.40724 1.21229 0.260367
threshold=0.13247079941344245 0.18298402428627017 10.668096072325389 25.963974952697757 2.5823001224123208 0.17310309410095218 205.39161432302959 5.9739930629730233 0.045395345857553816 0.30397784679292855 33.88678169250489 0.58073464350775028 0.52068766951560985 29.500000000000004 0.027257017984522073 98.77469416521491 0.93635454748720937 -7.9941667057573786 0.48250007629394537 17.222817237997205 27.390119809523373 0.092986141612923526
decision_type=8 8 8 2 10 8 10 2 8 8 2 8 10 2 10 2 10 2 8 8 10 10
left_child=2 5 4 -4 7 -2 13 12 -6 18 11 -11 -1 14 -7 16 -3 -18 -9 21 -8 -20
right_child=1 15 3 -5 8 6 20 9 -10 10 -12 -13 -14 -15 -16 -17 17 -19 19 -21 -22 -23
leaf_value=-0.044643089544401049 -0.047448503965273781 -0.054268969717308671 -0.052685803154993785 0.022053600331748639 0.020406543385636661 0.059939992216333809 -0.045932761172260472 0.020987505100246977 -0.057545372249111632 0.028451699142592074 0.057598769329090506 -0.055186214613348966 0.034297638252264014 0.065785952917391463 -0.044457831961960431 0.0048693202086869574 0.04312233479506962 -0.04458039339117395 0.050419193511696249 0.030674696676507421 0.0028299234022091408 0.074938591246663452
leaf_weight=4.270570643246173 5.7687510065734413 36.983815472573042 11.323603823781015 10.156597971916197 6.6635049842298013 4.6511593610048347 3.9442028366029254 9.8758783414959925 4.8844548277556896 4.1731143742799768 7.7253246754407874 4.7349134236574182 2.384291660040617 10.941552110016344 3.7867942787706852 4.6061650551855555 2.7151514664292336 3.5959820114076129 13.112173937261103 8.42574270442128 1.5678189061582086 19.026420064270496
leaf_count=61 101 708 152 27 22 13 61 40 49 17 11 36 8 30 53 48 15 67 31 34 14 28
internal_value=0.00348872 -0.0214705 0.0218848 -0.0179374 0.0320073 0.0117025 0.0267142 0.0393921 -0.0145233 0.0449944 0.0188996 -0.0170876 -0.0155746 0.0447266 0.0133419 -0.0425088 -0.0475455 -0.00611187 0.0530648 0.0601816 -0.0337582 0.0667583
internal_weight=185.318 78.5614 106.757 21.4802 85.2764 30.6603 24.8915 73.7284 11.548 67.0736 16.6334 8.90803 6.65486 19.3795 8.43795 47.9011 43.2949 6.31113 50.4402 40.5643 5.51202 32.1386
internal_count=1626 1110 516 179 337 272 171 266 71 197 64 53 69 96 66 838 790 82 133 93 75 59
is_linear=0
shrinkage=0.05


Tree=35
num_leaves=21
num_cat=0
split_feature=52 161 170 150 111 170 20 179 133 46 152 3 46 145 4 143 135 145 16 144
split_gain=39.7675 16.6369 12.6369 13.0866 12.6213 11.6711 11.2666 10.2267 9.03924 8.45022 7.40818 7.08658 6.8314 4.89037 4.60189 3.34705 4.46991 1.9294 0.878526 1.10405
threshold=13.98640012741089 16.976949691772464 -19.85212167953852 0.64448592066764843 0.35637607643580682 -22.287462806278981 2.2820409667721218 17.529500000000002 -0.94328817862381953 0.12007476649525851 0.16842819460784839 -17.645200505534863 0.177949981388518 1.7126408117382153 9.3470774131425607 0.12011336483312819 0.00015691720821860614 1.9103344553046757 10.065328727941962 0.17679523849706344
decision_type=2 8 10 10 8 10 8 10 8 10 10 10 8 8 10 10 10 10 2 10
left_child=4 -2 6 -4 5 9 8 13 12 -1 -11 -8 -3 -6 15 16 -10 -14 -17 -20
right_child=1 2 3 -5 7 -7 11 -9 14 10 -12 -13 17 -15 -16 18 -18 -19 19 -21
leaf_value=0.065082376301209291 -0.048493749160376132 0.031074643242342378 -0.056213357777996131 0.033216975873216675 0.026889661130551412 -0.046865456706709413 -0.046359681518020161 0.04447605569137611 -0.0073183042840295007 -0.043708687866575488 0.048538539690583964 0.026491052635851144 0.00082857037136754787 -0.052515903767778441 0.010841787214196139 0.037678934056554342 0.045918727557224759 -0.052887690619226872 0.0483557081680666 0.075278283026366341
leaf_weight=6.8767227716743964 7.2845531627535811 7.8027017861604673 8.1701021678745729 6.4966919347643843 1.4524099640548218 6.5765515640377989 6.2489169463515282 2.3745498657226554 5.6382902003824737 4.6198182292282581 2.5737615376710892 5.2975740656256658 2.5175785087049007 39.756953962147236 9.1296355351805669 10.839991275221108 10.456220641732214 3.8023819886147976 18.717724531888962 15.669953640550373
leaf_count=15 113 18 82 20 10 130 44 5 42 97 14 14 17 811 32 29 22 33 41 26
internal_value=0.00320683 0.0203808 0.0253028 -0.0170083 -0.0281918 0.00394457 0.0318675 -0.0431626 0.0381449 0.0292274 -0.00880808 -0.0134881 0.00148575 -0.0491465 0.04537 0.0502541 0.0279314 -0.0342997 0.0574216 0.0624045
internal_weight=182.303 118.072 110.788 14.6668 64.2308 20.6469 96.121 43.5839 84.5745 14.0703 7.19358 11.5465 14.1227 41.2094 70.4518 61.3222 16.0945 6.31996 45.2277 34.3877
internal_count=1615 533 420 102 1082 256 318 826 260 126 111 58 68 821 192 160 64 50 96 67
is_linear=0
shrinkage=0.05


Tree=36
num_leaves=23
num_cat=0
split_feature=39 8 162 164 25 11 147 22 179 132 39 31 3 13 147 7 157 21 4 110 3 143
split_gain=32.5307 20.3123 13.0769 9.83426 9.08827 8.23735 9.2603 7.89677 7.39867 10.0264 7.2869 7.01413 5.21472 4.79262 3.75024 3.48168 3.37146 3.16954 3.08642 3.01732 2.52933 0.488156
threshold=0.25593132326113333 4.3736846456694671 20.954750061035156 0.19819927215576169 0.1814216162815358 2.5241364639344437 0.057793855667114265 -0.0029280649681430833 15.919500000000001 0.19288955628871921 -0.13096976586218387 0.016890464722251124 -88.886987300646055 404237.21201961028 0.12879341840744021 -3.4469066361365228 38.428009033203132 2.2897482410433896 2.9835361085117573 4.4294961855191728 24.509527746011397 0.17999870274719879
decision_type=8 10 10 8 10 8 10 10 8 10 10 8 10 10 10 8 2 10 10 8 8 8
left_child=1 4 5 7 11 6 -2 -3 9 -5 -6 -1 -10 19 17 -13 -8 18 -14 -7 -12 -19
right_child=2 3 -4 8 10 13 16 -9 12 -11 20 15 14 -15 -16 -17 -18 21 -20 -21 -22 -23
leaf_value=0.032092727766676814 -0.047406848537177367 -0.052441607753493429 0.057545684786416522 -0.042952012622679302 0.05476939585197288 0.0064580181211619271 -0.0038334223313605644 0.022977304428942517 0.0077289540512674171 0.036225324645346856 -0.044377877167296159 0.014568432417552318 -0.0045243768726446068 0.030715649910625111 0.019428389888038876 -0.054026294261712564 0.057978049016246813 0.047829914609353139 0.048631446818852217 -0.053052186760444681 0.019729060626862038 0.070788284384894526
leaf_weight=2.5749295465648236 5.1106354892253858 5.2735811732709408 3.2766069807112208 5.8492567203938952 5.5778878182172775 2.049584485590457 3.5841829441487789 6.8734489046037179 9.3830437920987588 8.6166637726128084 3.1955956816673261 1.6604073569178581 4.5296333692967874 1.3128526918590058 10.511951074004172 15.782389864325523 4.2890682704746723 16.194630529731512 5.3256643265485764 34.254582662135363 1.7036501951515672 19.870893735438585
leaf_count=14 71 66 8 38 13 26 47 20 36 43 42 14 42 9 40 251 7 36 14 720 11 33
internal_value=0.00412003 0.0182907 -0.0279551 0.0298884 -0.0166944 -0.0344995 -4.35659e-05 -0.0112638 0.036177 0.00350302 0.0198147 -0.0358366 0.0431986 -0.0460832 0.0488588 -0.0470608 0.0325784 0.0550383 0.0260341 -0.0496094 -0.02252 0.0620478
internal_weight=176.801 122.924 53.8775 92.4288 30.4949 50.6009 12.9839 12.147 80.2817 14.4659 10.4771 20.0177 65.8158 37.617 56.4328 17.4428 7.87325 45.9208 9.8553 36.3042 4.89925 36.0655
internal_count=1601 713 888 368 345 880 125 86 282 81 66 279 201 755 165 265 54 125 56 746 53 69
is_linear=0
shrinkage=0.05


Tree=37
num_leaves=21
num_cat=0
split_feature=170 166 22 178 132 8 46 120 4 5 107 119 179 146 105 105 121 108 169 122
split_gain=29.611 23.3422 15.4825 11.8147 11.6256 11.6108 13.3523 10.0502 5.99059 7.68912 6.37186 5.47068 4.81935 3.78292 3.61207 2.898 2.67469 1.75554 1.37816 1.34628
threshold=-18.773406540378669 0.91009998321533214 -0.0047743840167638234 1.3835652707484842 0.1497088968753815 5.9208148181356384 0.25525558451423275 0.55277777777777792 1.0937627686751048 10.706025585615416 163.52483748011687 0.0091784417838581614 17.272500000000004 0.098697692474146712 0.25485423207283026 0.33607646822929388 37.906655788421638 -264.18164430241353 2.3332500457763676 3.4092218875885014
decision_type=10 10 10 10 10 8 10 2 8 10 8 8 8 8 8 10 2 10 8 2
left_child=1 3 -3 5 18 6 13 12 9 -7 -10 -6 17 -1 -12 -16 -2 -5 -4 -11
right_child=16 2 4 7 11 8 -8 -9 10 19 14 -13 -14 -15 15 -17 -18 -19 -20 -21
leaf_value=0.043384080896839303 -0.052677419579087587 -0.051167523787336681 -0.054861543208087005 -0.0025025077569619529 0.047377018881908678 0.047017420432195152 -0.049932654119352375 0.038672396895274352 0.068181823159992244 -0.045806146366628095 -0.0014226190325480215 -0.013628730012086225 0.020022196858266738 -0.0049333803156760697 0.054143607337973111 0.017022930948918328 0.0049933859526825573 -0.056868189660101057 -0.0051043505855695448 0.0051586759652693147
leaf_weight=10.695010151714092 20.673964099958543 18.871199779212475 4.8160650469362736 1.8642950057983405 12.059110723435877 4.9597105607390386 7.3375575318932524 6.1726144589483729 24.922645729035139 3.7101290673017502 6.2624505460262325 4.5913282055407789 2.7076198086142549 5.91074289754033 14.917524781078102 9.7468459662049991 2.034600105136632 8.7279869914054853 2.120333660393956 1.5300082080066202
leaf_count=40 419 408 51 18 41 17 137 15 50 63 42 32 9 33 30 38 23 97 24 17
internal_value=0.00450811 0.0125445 -0.0186218 0.024692 0.00843921 0.0322705 0.00228388 -0.0101973 0.0429446 0.00692053 0.0492862 0.0307357 -0.0339965 0.0268823 0.0324004 0.0407092 -0.0475177 -0.0483409 -0.0422113 -0.0324835
internal_weight=174.632 151.923 42.458 109.465 23.5868 89.9926 23.9433 19.4725 66.0493 10.1998 55.8495 16.6504 13.2999 16.6058 30.9268 24.6644 22.7086 10.5923 6.9364 5.24014
internal_count=1604 1162 556 606 148 467 210 139 257 97 160 73 124 73 110 68 442 115 75 80
is_linear=0
shrinkage=0.05


Tree=38
num_leaves=18
num_cat=0
split_feature=52 170 40 166 40 151 132 156 26 181 132 51 179 41 143 5 3
split_gain=30.8347 17.0536 15.2948 10.7251 10.4727 7.87054 7.14275 7.66643 6.97287 5.6661 4.18651 7.96367 4.13509 3.47908 2.43935 1.992 1.3243
threshold=13.98640012741089 -18.717547109775619 0.50765887042374869 0.84679889678955089 0.89750702600730103 0.2525198923300383 0.36491908133029943 0.74670672178380049 0.00045199330291297084 3.8434999999999993 0.16967934370040896 0.81588691173153427 17.529500000000002 -0.022551992209628221 0.060629770546625029 71.171241987008031 11.704644734851351
decision_type=2 10 8 10 8 8 10 8 8 10 10 8 10 8 10 8 8
left_child=2 4 3 5 6 8 7 -2 -1 10 11 -9 -4 -6 -3 16 -12
right_child=1 14 12 -5 13 -7 -8 9 -10 -11 15 -13 -14 -15 -16 -17 -18
leaf_value=0.042776971362171318 -0.011329460778863444 0.0052277453415893122 -0.050873189031762613 -0.047317784676140444 0.025400236501825119 0.046466230587291588 -0.013753073481841066 0.046286162576906188 -0.04700134551201024 -0.00068600200153248823 0.062131026107268277 -0.015334329830523623 0.025287683858591689 -0.046646759244491735 -0.054015611324306205 0.028224724545552957 0.03380063529679541
leaf_weight=2.424001954495913 8.453095715492962 1.9641570039093474 33.078852672129869 6.6661432180553666 1.5118217878043649 11.63708360865712 8.5546185262501222 11.727789077907802 5.0981751829385757 8.588482875376938 28.361308261752139 8.2519524581730348 1.3040542826056469 5.823167895898222 7.6915228217840195 11.9163236990571 9.8431638740002985
leaf_count=8 44 18 863 114 10 38 48 30 65 38 51 43 4 102 93 37 30
internal_value=0.00263309 0.0180233 -0.0259954 0.0031425 0.02406 0.0221756 0.0285168 0.0327753 -0.0164458 0.0375959 0.0422298 0.0213181 -0.0473516 -0.0305313 -0.0426047 0.0499858 0.0558802
internal_weight=172.896 112.687 60.2083 25.8254 103.032 19.1593 95.6967 87.1421 7.52218 78.689 70.1005 19.9797 34.3829 7.33499 9.65568 50.1208 38.2045
internal_count=1636 544 1092 225 433 111 321 273 73 229 191 73 867 112 111 118 81
is_linear=0
shrinkage=0.05


Tree=39
num_leaves=20
num_cat=0
split_feature=52 161 161 111 133 39 47 3 26 8 161 48 105 105 6 6 23 109 20
split_gain=29.9752 14.5725 11.2527 10.9317 7.59958 8.75542 8.14117 7.37314 7.48139 7.66707 7.18226 5.5214 5.11484 5.92959 4.82186 2.77479 2.23367 1.32493 2.66949
threshold=18.983154296875004 19.362700462341312 16.976949691772464 0.51264367322128257 -0.94328817862381953 -0.037730821441592906 -1.7329687508434442 12.492281777294467 0.0024732615209798778 1.9846481340241067 21.129949569702152 7.1163977959657823 0.24820712208747867 0.18087962269783023 0.26284117600912965 0.29039516170334617 0.0008417831235797039 1.5902997224639803 -0.91576459129643373
decision_type=2 8 8 10 8 8 10 10 8 8 10 2 8 10 8 10 10 8 10
left_child=1 -1 -2 7 5 -4 -6 8 16 -10 -9 -7 13 -8 -5 -14 -3 -17 -19
right_child=2 3 4 14 6 11 12 10 9 -11 -12 -13 15 -15 -16 17 -18 18 -20
leaf_value=-0.050874514677422211 -0.046416837382358557 0.017396797476568294 0.036976097862716044 0.0085805853607654574 -0.017662944758011483 0.013907615496679918 0.032391570578992508 -0.046972898839402859 0.052429835384388092 -0.045537756663594123 0.04173737005006866 -0.061737747441227786 0.020383387257328137 -0.022761367119203107 -0.050441323603940158 0.067575802482254851 0.065923857447253265 0.058810434775581524 0.024598697056431789
leaf_weight=25.974020326510072 4.9913751725107423 4.3725576084107223 5.8092999830842018 4.3277192190289524 7.1641360186040393 3.2183132618665677 13.163440812379124 6.5855981409549695 2.1634828560054293 4.50016157515347 2.374876856803894 5.9353566318750381 11.303597260266541 6.5698455274105063 12.271089958027003 11.853521734476088 8.5691807717084867 12.180288136005396 14.571276528760796
leaf_count=654 71 29 13 47 39 19 44 130 4 71 6 37 38 38 255 19 30 20 44
internal_value=0.00267762 -0.0217879 0.0207036 -0.00432055 0.0248153 -0.0073749 0.0311007 0.014349 0.0310452 -0.0110397 -0.0216314 -0.0363914 0.036296 0.0138172 -0.0354397 0.0447379 0.0519521 0.0511742 0.0417336
internal_weight=167.899 71.1387 96.7605 45.1647 91.7691 14.963 76.8061 28.5659 19.6054 6.66364 8.96047 9.15367 69.642 19.7333 16.5988 49.9087 12.9417 38.6051 26.7516
internal_count=1608 1226 382 572 311 69 242 270 134 75 136 56 203 82 302 121 59 83 64
is_linear=0
shrinkage=0.05


Tree=40
num_leaves=22
num_cat=0
split_feature=39 170 4 135 165 28 23 132 28 144 84 112 184 146 56 32 141 46 153 37 135
split_gain=28.9451 15.0484 14.6805 12.9761 9.83529 9.57702 10.9516 9.15007 9.83472 5.50264 5.19873 3.60068 2.53962 2.60069 4.9154 2.48712 2.44618 4.55141 1.56124 0.595738 0.317941
threshold=0.22294642260441416 -20.154863111864731 10.668096072325389 0.0023801237703491812 0.24914979934692383 1.9070840477943423 0.000846246826697728 0.16967934370040896 2.1231369972229008 0.028490415391195404 -0.073005437850952135 392.47599604510572 19.870600700378422 0.10933909955811009 0.044008731842041023 1.8559695781716981 2.1697953939437871 0.36267700930723734 7.4797209870970098 0.39341551065444952 0.001113330180393695
decision_type=8 10 8 10 10 2 8 10 2 10 8 10 10 10 2 10 2 8 2 10 8
left_child=1 2 7 -3 9 6 -2 8 15 -4 -7 -8 13 19 -15 -1 17 -12 -11 -9 -10
right_child=5 3 4 -5 -6 10 11 12 20 18 16 -13 -14 14 -16 -17 -18 -19 -20 -21 -22
leaf_value=0.0044014922714090323 0.041786994405435984 -0.052226017698028898 0.021982866593295337 0.032547727115220249 0.040570296516527125 0.038670117509201483 -0.047121192395292229 0.034757221928404226 -0.051709897813544341 0.0009103529299241608 0.018392210338395599 0.029095666059723014 0.016568152539012813 -0.0041911490708163605 0.053179497068378427 0.048941362798043203 -0.052603496162612756 -0.045947426456417195 -0.056128113659639295 0.060214862283546368 -0.014447835449115981
leaf_weight=5.8730513844639081 8.7095812316983956 11.641854491084816 2.8231464345008161 6.1862106323242179 5.2723681814968577 1.2570200785994528 7.1031622309237701 8.0064033642411214 4.1429704334586841 1.317911049351095 3.9974457342177612 1.201130826026201 8.2790965512394887 6.6128156706690771 7.188501663506031 6.2984114643186331 24.522981891408563 5.5542774815112352 9.5538096204400045 30.594147980213165 1.7772996351122863
leaf_count=33 37 210 15 21 18 5 156 31 51 6 29 6 28 39 13 18 581 128 115 70 14
internal_value=0.00473292 0.0186678 0.0263561 -0.0226438 -0.0126076 -0.0258055 0.00488218 0.0357785 0.00426244 -0.0344482 -0.0403107 -0.0341549 0.0449534 0.0490438 0.0272647 0.0294156 -0.0442437 -0.0198298 -0.0497194 0.0559456 -0.0442278
internal_weight=167.914 115.568 97.7399 17.8281 18.9672 52.3456 17.0139 78.7727 18.0917 13.6949 35.3317 8.30429 60.681 52.4019 13.8013 12.1715 34.0747 9.55172 10.8717 38.6006 5.92027
internal_count=1624 682 451 231 154 942 199 297 116 136 743 162 181 153 52 51 738 157 121 101 65
is_linear=0
shrinkage=0.05


Tree=41
num_leaves=24
num_cat=0
split_feature=161 39 0 4 145 21 110 107 157 168 16 122 152 152 148 166 111 113 25 155 107 52 56
split_gain=23.2687 17.7278 14.7638 10.2694 10.2609 7.70015 7.66858 6.96344 5.55177 5.26748 4.50073 5.47519 5.08497 4.5127 8.06109 6.18724 3.90309 4.05118 2.53071 2.10409 2.04839 4.01768 5.99935
threshold=16.976949691772464 0.22294642260441416 0.1643062233924866 12.291260219314234 1.7274801832934223 1.1942022850668235 4.4294961855191728 121.64066380313828 51.401973724365241 7.5725067080611295 7.9588656425476083 1.0044293403625491 -2.0102890424670816 -0.28209542753899203 0.067424242424242428 0.47870063781738287 0.32436024558936521 13.603829647178296 0.026184338826805331 0.20646585804578546 273.46029013345895 27.986377716064457 -0.030640840530395504
decision_type=8 8 8 8 10 10 8 8 2 10 2 2 10 10 8 8 8 10 10 10 10 2 2
left_child=-1 3 7 5 -5 9 -4 -3 18 -2 11 -7 -12 20 -15 -16 17 -8 -6 -9 -14 22 -22
right_child=1 2 6 4 8 10 16 19 -10 -11 12 -13 13 14 15 -17 -18 -19 -20 -21 21 -23 -24
leaf_value=-0.049775954297402239 -0.051003908369263808 0.048446764914788158 0.038549754739931469 0.048187966521461192 0.0084680276315413205 0.046203119471422631 -0.041697100980384101 -0.042109051236891022 0.018065843739334054 0.030462987616096511 -0.0078625816316167715 -0.030306014789666259 0.057489519575142624 0.054485767621805126 0.029980077996422629 -0.052857806933540419 -0.053099110733850631 0.026346626054922096 -0.054388975068152871 0.017668477762536786 0.04535242311484005 0.050475704226125365 -0.028233227097806363
leaf_weight=15.985297236591576 3.9609811492264262 9.6614477820694411 2.4860553164035109 4.9246304668486145 1.5908106509596098 2.7870404943823806 3.3456488177180317 2.9808926712721595 4.1047267094254485 2.4557182975113392 5.1999892443418494 5.1142498906701803 31.088798088952899 5.7064739894121859 3.0338424183428296 4.3673871103674173 20.10164568759501 3.4568592328578234 9.7743470147252065 1.6279455367475746 4.2829845994710878 13.622726961970328 4.8624432161450448
leaf_count=424 61 40 17 10 15 5 77 48 12 7 21 49 72 16 9 51 431 25 123 14 13 23 38
internal_value=0.00576864 0.0119564 -0.0146563 0.022863 -0.00871016 0.0303231 -0.0345463 0.0258877 -0.028649 -0.0199223 0.034546 -0.00116 0.0384179 0.0420745 0.0143634 -0.0193749 -0.0424401 -0.00817401 -0.0456174 -0.0216087 0.048434 0.0341706 0.00730186
internal_weight=166.523 150.538 43.6605 106.877 20.3945 86.4826 29.3902 14.2703 15.4699 6.4167 80.0659 7.90129 72.1646 66.9647 13.1077 7.40123 26.9042 6.80251 11.3652 4.60884 53.857 22.7682 9.14543
internal_count=1601 1177 652 525 160 365 550 102 150 68 297 54 243 222 76 60 533 102 138 62 146 74 51
is_linear=0
shrinkage=0.05


Tree=42
num_leaves=24
num_cat=0
split_feature=170 8 131 131 141 8 39 120 108 4 138 145 32 4 164 141 140 119 139 146 26 162 107
split_gain=21.8933 12.9266 12.2425 14.3512 9.64374 8.98984 9.81338 7.39312 6.29625 6.13129 5.50107 5.35918 3.85504 3.80375 3.56034 3.56825 3.86574 2.57617 2.53343 2.38076 1.65916 1.26958 0.0669585
threshold=-20.286039327296717 4.3736846456694671 0.33473487864370105 0.45791613189327768 2.013413786888123 6.3807768325922369 -0.17052176762372254 0.74537037037037046 133.69740877762845 1.2278013617570367 0.018663958649906925 1.7928754488627119 1.9382447290633407 1.4379001368720956 0.34210062026977545 2.0622655153274541 -0.48625725507736201 -0.00012330999869584219 0.0078784631628242875 0.095053523987692332 0.0015276813666827043 20.526550292968754 176.52854587928053
decision_type=8 10 8 10 2 8 10 2 10 8 10 10 8 10 8 2 2 10 10 10 10 10 8
left_child=5 7 4 14 -3 6 -1 18 11 10 -7 -5 22 -8 15 -4 -17 -6 -2 -13 -16 -19 -11
right_child=1 2 3 8 17 9 13 -9 -10 12 -12 19 -14 -15 20 16 -18 21 -20 -21 -22 -23 -24
leaf_value=0.043628338771674824 -0.051437503637536686 0.021629331670437523 0.044844320935427943 0.023627266950294778 0.011950654560235809 0.04319712257472804 0.021469869552620331 0.019024347173416386 0.037921303486713472 0.065208257759114097 -0.044565447784408886 0.0002258670868246353 0.018928941477544623 -0.053272015563021191 0.025560026417747225 0.025523030819734012 -0.047423225616119849 -0.055535030145570166 0.0033856424968122488 -0.055779595678888773 0.05968151999742493 -0.0045800471152204342 0.043635350895277904
leaf_weight=4.9004685245454302 24.473079608753331 6.6907982397824552 3.0030377581715566 2.8351930119097259 1.4046425484120906 2.0681003406643859 1.576474517583845 4.4421107918024054 3.1263907961547366 12.869871666654946 3.3289904184639454 2.2918865624815217 11.064888056367634 6.9083369839936495 8.1972428448498302 2.477871650829913 2.9758291747421008 14.72533464245498 2.1673469189554444 9.8083185255527479 12.343953831121324 1.5305636674165715 12.945748362690209
leaf_count=13 623 40 8 19 15 7 12 24 15 22 55 29 49 94 40 24 33 264 20 146 23 12 37
internal_value=0.00278167 -0.0109154 0.000916184 0.0157337 -0.0272101 0.02775 -0.00754583 -0.0372793 -0.0186261 0.038841 -0.00944027 -0.0320999 0.0459691 -0.0385855 0.0370426 0.00843131 -0.015461 -0.0458808 -0.0470162 -0.0459642 0.0478836 -0.0512808 0.0564208
internal_weight=158.156 102.494 71.4111 47.0597 24.3513 55.6629 13.3853 31.0825 18.0618 42.2776 5.39709 14.9354 36.8805 8.48481 28.9979 8.45674 5.4537 17.6605 26.6404 12.1002 20.5412 16.2559 25.8156
internal_count=1624 1335 668 337 331 289 119 667 209 170 62 194 108 106 128 65 57 291 643 175 63 276 59
is_linear=0
shrinkage=0.05


Tree=43
num_leaves=24
num_cat=0
split_feature=161 150 147 180 167 164 161 54 46 32 113 15 150 165 148 30 117 54 18 16 178 106 16
split_gain=18.6922 13.7546 12.4518 9.96136 10.859 7.52551 9.78497 7.49613 6.47379 12.6354 5.62076 3.61093 3.57183 3.46697 3.25802 3.16038 3.05831 4.31745 3.07939 2.56142 2.33885 1.50276 0.820315
threshold=16.976949691772464 0.17310309410095218 0.21457478404045108 0.20300000000000026 4.5000000000000009 0.22214984893798828 20.493499755859379 0.95959183673469395 0.0099306974187895695 1.9670560351618522 4.2007096849004943 0.50675675675675691 0.46736669540405279 -0.056000232696533141 0.041739130434782619 0.082830043485573948 0.42052475389384375 0.77346041055718484 0.24476480301660788 15.956302165985109 0.20531212015354497 0.35752544785951407 11.84772038459778
decision_type=8 8 10 8 10 10 8 2 8 8 8 2 10 10 8 8 10 2 10 2 8 10 2
left_child=-1 20 3 7 5 6 -5 21 -8 10 -10 -6 14 19 -9 -11 17 18 -12 -7 -2 -3 -15
right_child=1 2 -4 4 11 13 8 12 9 15 16 -13 -14 22 -16 -17 -18 -19 -20 -21 -22 -23 -24
leaf_value=-0.049226301117715705 0.013725261898146613 0.00094811480193700791 -0.052777885219949652 -0.049532650514948977 -0.044887573705478225 -0.021105605093033931 0.048466998914173526 0.024752315300956368 -0.03746291460717726 0.015988101823819892 0.02667599032405071 0.013970568626543554 0.039715024040979076 0.031847169565140714 -0.044478118258945404 -0.057250204421454114 0.055374006048060524 0.033082189032858859 -0.047460970385282235 0.032599257544468609 -0.051096997231742727 -0.053678572303653062 0.054667148034991821
leaf_weight=15.017655448988078 1.1726177632808656 1.4232195001095629 6.0070263110101214 4.5350840333849183 6.670114088803528 3.1644374877214423 13.865172088146208 2.1868040859699232 2.3825630452483919 1.3730539958924044 1.4168136212974811 3.3615310173481703 5.0198661778122187 11.343240668997167 2.837284579873085 6.3895925097167492 8.5472870040684921 10.991698421537874 2.7891074307262897 3.8667508251965046 9.8258327357470989 8.0238639432936889 24.770422669127584
leaf_count=436 3 19 102 82 105 28 29 9 58 10 11 14 17 43 44 87 30 50 46 22 197 135 68
internal_value=0.00200859 0.00773491 0.0123454 0.0158702 0.0219202 0.0271388 0.0139704 -0.0163391 0.0208932 0.00854636 0.0251884 -0.0256861 0.0133362 0.0424206 -0.0152379 -0.0439496 0.0327348 0.0173697 -0.0221601 0.00881059 -0.0436179 -0.046146 0.0485507
internal_weight=156.981 141.963 130.965 124.958 105.467 95.4352 52.2904 19.491 47.7553 33.8901 26.1275 10.0316 10.044 43.1449 5.02409 7.76265 23.7449 15.1976 4.20592 7.03119 10.9985 9.44708 36.1137
internal_count=1645 1209 1009 907 683 564 403 224 321 292 195 119 70 161 53 97 137 107 57 50 200 154 111
is_linear=0
shrinkage=0.05


Tree=44
num_leaves=19
num_cat=0
split_feature=52 161 46 181 147 167 23 132 52 136 183 178 134 39 109 16 2 26
split_gain=20.8825 9.85152 9.54982 9.99419 7.42617 8.71556 6.71066 6.16784 9.32505 5.06327 4.28907 3.30747 3.58579 4.26822 6.32088 1.49728 1.44413 1.28111
threshold=13.98640012741089 16.976949691772464 0.089408582863644809 4.6910000000000016 0.13072657585144046 3.5000000000000004 0.0018723098980727832 0.12894040346145633 40.87408638000489 0.0007345969293451564 21.819399833679203 2.8084921483724083 1.688187512859024 0.13247079941344245 4.2677878143159704 13.957690238952638 31.412331730839409 0.00056145260200570239
decision_type=2 8 8 10 10 8 8 8 2 10 10 10 10 8 10 2 10 8
left_child=2 -2 6 10 7 -6 9 8 17 -1 -4 12 -9 15 -15 -14 -7 -3
right_child=1 4 3 -5 5 16 -8 11 -10 -11 -12 -13 13 14 -16 -17 -18 -19
leaf_value=-0.018808958788175137 -0.045316407200814202 -0.0066881317706660353 -0.050362298346396328 0.032661340047959925 0.022200982006494618 -0.0052083933814423842 -0.04382561123292486 0.0026526617676813635 0.028615165056318548 0.043477919238242291 0.026352549669592652 0.0048564493943345803 0.037202043665546379 0.042646505403106341 -0.022534486430272411 0.063526576501042584 -0.05674161198560105 -0.053708161796668319
leaf_weight=4.0662073027342585 5.1418633684515944 2.3608544841408756 29.293862484395508 3.8707410953938952 9.4152054712176341 1.9740317724645127 3.7634052652865639 6.4319959580898276 10.981377474963663 9.4301575291901809 1.342845432460307 8.9404624849557859 17.095598004758358 8.3764095772057754 5.3511452171951523 17.700975768268108 5.7478416077792645 4.7415668088942766
leaf_count=44 109 20 925 16 37 16 54 31 35 39 9 38 40 32 44 26 59 45
internal_value=0.0038023 0.0166491 -0.0218964 -0.0367484 0.0202842 -0.00921568 0.00818369 0.0264875 0.000628924 0.0247091 -0.0462731 0.0336835 0.0382026 0.0427661 0.0174334 0.0519939 -0.0456752 -0.0408331
internal_weight=156.027 104.259 51.7672 34.5074 99.1175 17.1371 17.2598 81.9804 18.0838 13.4964 30.6367 63.8966 54.9561 48.5241 13.7276 34.7966 7.72187 7.10242
internal_count=1619 532 1087 950 423 112 137 311 100 83 934 211 173 142 76 66 75 65
is_linear=0
shrinkage=0.05


Tree=45
num_leaves=21
num_cat=0
split_feature=39 4 170 14 1 6 145 109 56 2 107 164 162 13 183 146 150 118 144 16
split_gain=19.7696 14.0984 11.4407 11.2137 9.99771 8.30616 7.68969 6.73768 6.45673 6.28153 4.50916 4.43159 7.45135 3.63231 2.77901 2.65117 2.43205 4.92441 1.26133 0.437134
threshold=0.22294642260441416 10.668096072325389 -20.210517483593815 -0.00038642755936347276 2.4763715723915882 15.559796088459471 1.7274801832934223 1.1583790708334745 0.071916818618774428 79.248703438875779 20.563810661031507 0.19819927215576169 21.146299362182621 0.05972461912867074 21.915249824523929 0.10410858516648958 0.273302972316742 19.477093483866177 0.080385660480884844 11.84772038459778
decision_type=8 8 10 8 10 8 10 10 2 8 8 8 10 10 10 10 10 10 10 2
left_child=1 2 7 -2 10 -4 -3 8 -1 -8 -5 12 18 -11 -12 16 17 -13 -9 -18
right_child=3 6 5 4 -6 -7 9 11 -10 13 14 15 -14 -15 -16 -17 19 -19 -20 -21
leaf_value=-0.050622817838006817 0.034653353179890031 0.035837527231814208 -0.050881417850397563 0.010622630104082032 0.036151322795638229 0.038186632730057957 0.022496972588697352 -0.0014359911968996964 0.033578765900162906 0.018403089549081243 -0.052064007803320947 -0.01177708517803599 0.046467572894879024 -0.055623361936092956 0.01917676999158012 0.016597908871208305 0.038551445634791875 0.05148791432974073 -0.050900100993335251 0.061021224852696433
leaf_weight=3.9386750217527142 5.8847212437540293 4.0599457696080234 7.185496719554064 3.1176571585237971 3.6452570147812358 2.9894579201936731 3.3451447114348438 1.9970222003757969 3.2959715910255909 1.3945066984742869 30.204326117411259 5.0193856414407474 4.4159918427467346 13.228768825531004 0.9491632916033258 9.9512923471629602 11.309570938348768 5.8594044912606478 2.9677457828074694 20.918279241770506
leaf_count=51 32 12 138 26 18 8 15 22 12 11 838 44 7 209 6 37 31 14 33 41
internal_value=0.00236096 0.0144182 0.0241389 -0.0253787 -0.0353468 -0.0236373 -0.0203357 0.0313518 -0.0128428 -0.0342481 -0.0437611 0.0365943 0.00437402 -0.047838 -0.0493646 0.0421046 0.047483 0.0237638 -0.0345801 0.0545335
internal_weight=145.678 101.877 79.8483 43.8011 37.9164 10.175 22.0284 69.6733 7.23465 17.9684 34.2711 62.4387 9.38076 14.6233 31.1535 53.0579 43.1066 10.8788 4.96477 32.2279
internal_count=1605 685 438 920 888 146 247 292 63 235 870 229 62 220 844 167 130 58 55 72
is_linear=0
shrinkage=0.05


Tree=46
num_leaves=20
num_cat=0
split_feature=52 40 163 166 189 47 147 169 150 43 143 122 47 180 31 107 39 185 118
split_gain=21.5483 9.09289 8.12765 7.86563 7.75867 6.56549 5.40111 7.65906 6.31465 4.59377 4.79207 4.09275 3.83339 3.63935 3.17108 2.18527 2.34981 2.17797 1.08119
threshold=13.98640012741089 0.61126819700002677 0.84645080566406261 1.9328994750976565 18.500000000000004 -1.5934619211803434 0.13072657585144046 0.32964992523193365 0.21343398094177249 29.500000000000004 0.15831770742275372 2.0307292938232426 -2.5120507597178188 0.26400000000000029 0.012305437972959911 261.79025144821424 -0.010975134558975695 18.040400505065922 0.98312116560616836
decision_type=2 8 8 10 8 10 10 8 8 2 10 2 10 8 10 8 8 10 10
left_child=1 2 -1 4 17 12 8 -8 -7 10 -4 -9 -6 -10 -5 18 -17 -2 -15
right_child=3 -3 9 14 5 6 7 11 13 -11 -12 -13 -14 15 -16 16 -18 -19 -20
leaf_value=-0.046885628101894609 0.0010504862718237549 -0.049450256398865536 0.019316224200742121 0.027429622957960961 0.014815945798310063 -0.012977528651045787 0.037774043578573217 0.015658269879251997 0.0087670231830690466 0.042827890524415935 -0.044820016913742752 -0.054345866917690271 -0.050728190302301038 0.036331172547602202 -0.048047669826770403 0.046503200880754283 0.010667052167213122 -0.054265707155428111 0.064257514529228218
leaf_weight=6.9441632330417633 2.9799615573137999 21.643348123878241 6.1237404886633211 1.0591531544923771 3.609819708392024 6.0532991848886004 6.1464672423899156 2.5928309597074986 9.0101696569472587 6.7980399932712308 3.9641184266656637 5.1991826482117176 3.6562029533088198 11.421366417780513 5.6556676886975765 8.7958429381251317 10.052429419010879 3.2840119227766991 15.554940037429331
leaf_count=155 22 777 45 5 23 47 15 19 45 28 66 55 29 34 110 17 48 29 27
internal_value=0.00121111 -0.0267486 -0.00496904 0.0147237 0.0187769 0.0229398 0.0273523 -0.0007157 0.0336854 0.0139264 -0.00765595 -0.0319202 -0.0203123 0.0389767 -0.0341301 0.0446026 0.0288909 -0.0314283 0.0541552
internal_weight=140.545 45.4734 23.8301 95.0713 88.3565 82.0926 74.8265 13.9385 60.888 16.8859 10.0879 7.79201 7.26602 54.8347 6.71482 45.8246 18.8483 6.26397 26.9763
internal_count=1596 1071 294 525 410 359 307 89 218 139 111 74 52 171 115 126 65 51 61
is_linear=0
shrinkage=0.05


Tree=47
num_leaves=20
num_cat=0
split_feature=157 56 179 170 39 156 178 170 147 1 49 110 153 20 25 9 111 39 148
split_gain=22.5302 11.7719 7.18724 7.10021 6.55586 11.9761 6.87948 5.92354 5.43732 4.84513 5.29006 4.61516 4.36371 3.12479 6.66066 2.94625 2.69499 2.18899 1.53817
threshold=25.037488937377933 0.045687556266784675 17.296500000000005 -24.340320510623716 -0.027325232091936325 0.8903913214537752 0.99642408334323973 -20.65600639598734 0.082341253757476821 5.2536759428767512 98.896823883056655 133.97302280672906 9.8082722936072244 0.9313375799403093 0.16325402403401532 0.12701612903225809 0.35637607643580682 -0.23914549445213226 0.16904761904761909
decision_type=2 2 10 10 8 8 10 8 8 10 2 8 2 10 10 8 8 10 10
left_child=1 2 9 16 18 6 7 -6 -8 10 15 13 -13 14 -9 -1 -3 -5 -2
right_child=4 3 -4 17 5 -7 8 11 -10 -11 -12 12 -14 -15 -16 -17 -18 -19 -20
leaf_value=0.0066904708214703124 0.053353815886821969 0.054118869390741453 0.028646453213707408 0.013734202206339552 0.052793796122291681 -0.055147856551282105 -0.052773882200926096 -0.035661757632628154 0.018902671225873746 0.041403316834961554 0.017729202940592763 0.024838327301556926 -0.04910420960754773 0.042766269717168695 0.036990153511462204 -0.051904967200350052 0.0062663007312528593 -0.045784173104031455 0.025124772031454787
leaf_weight=2.0565625019371501 11.991896815598013 6.4752453453838834 3.452221054583787 1.6740357689559466 13.000785075128077 5.420835042372345 4.7194275949150297 4.8107302244752699 4.1889534126967201 0.99902397394180198 2.7854986675083628 2.465176459401845 4.1607474498450756 9.6996042560785991 5.9162416942417622 34.160218756645918 5.3362538460642108 4.0766320619732124 13.141084967181085
leaf_count=25 22 18 16 11 32 58 59 45 14 1 33 9 52 26 15 1014 46 64 41
internal_value=0.00204936 -0.0206168 -0.0343532 0.0133903 0.0194822 0.00939208 0.0174985 0.0262586 -0.0205635 -0.0403563 -0.0434332 0.0120791 -0.0219443 0.0236246 0.00414531 -0.0484873 0.0346764 -0.0289903 0.0401201
internal_weight=140.531 61.0157 43.4535 17.5622 79.5155 54.3825 48.9617 40.0533 8.90838 40.0013 39.0023 27.0525 6.62592 20.4266 10.727 36.2168 11.8115 5.75067 25.133
internal_count=1601 1228 1089 139 373 310 252 179 73 1073 1072 147 61 86 60 1039 64 75 63
is_linear=0
shrinkage=0.05


Tree=48
num_leaves=21
num_cat=0
split_feature=170 161 150 107 26 7 39 157 160 8 8 116 171 14 39 2 7 18 38 122
split_gain=17.8952 13.4851 9.70979 9.17777 8.58454 8.02788 9.6312 9.54755 5.8452 5.28215 5.93028 5.12953 4.37675 4.25069 5.02091 4.06955 2.33392 2.01979 1.99254 1.46792
threshold=-18.773406540378669 17.056049346923832 0.17310309410095218 163.52483748011687 0.00065635780811979405 20.02318798411757 -0.12345905230557988 51.401973724365241 15.976233234806806 6.1639328410991441 69.157783888255224 20.634366702269809 1.8739821400069157 0.018659640222395565 0.025784499943256382 661.011822638323 13.104305606109174 0.50813203401193985 0.36463884922642859 1.0867691040039065
decision_type=10 8 8 8 10 10 8 2 10 8 8 10 10 8 8 8 10 10 8 2
left_child=1 -1 18 9 -5 6 -6 8 16 11 -11 19 -2 17 -15 -12 -8 -7 -3 -4
right_child=12 2 3 4 5 13 7 -9 -10 10 15 -13 -14 14 -16 -17 -18 -19 -20 -21
leaf_value=-0.047363395668893901 -0.05174415961276612 -0.048423447932944973 0.0096567224450099486 -0.049496916498401961 0.034849496815639015 0.018919998215057326 -0.056109735572292999 0.039277895338453571 0.021203405607906248 0.061401033871442794 -0.026090737140356691 0.043738424053480385 0.03400504251651059 0.037531968654334252 -0.045964352226699944 0.037951313844407475 -0.011290758636568685 0.054380695300891561 0.01122189039498774 -0.044940279026232668
leaf_weight=8.7685444541275483 15.480293359607458 6.1631945539265862 1.3012092616409052 5.1786647029221049 10.62136762216687 7.7635416779667166 12.753729248419413 4.633801093325018 3.3440214414149514 20.439478585496548 3.5919853243976805 3.0096323285251856 0.95735604688525278 2.4990682229399708 2.7308119833469391 4.4950193874537954 4.4333732426166526 13.051790328696368 1.3310249019414184 3.2644183281809092
leaf_count=286 441 129 11 105 37 37 224 11 14 46 38 7 2 7 44 20 44 34 16 63
internal_value=0.00227181 0.0091133 0.0139749 0.0180612 0.00690038 0.0123365 -0.00311731 -0.0198614 -0.0344133 0.0380331 0.0475892 0.000694205 -0.0450863 0.0329003 -0.00644594 0.00976504 -0.0458053 0.0426284 -0.037756 -0.0304408
internal_weight=135.812 119.375 110.606 103.112 67.0102 61.8315 35.7863 25.1649 20.5311 36.1017 28.5265 7.57526 16.4376 26.0452 5.22988 8.087 17.1871 20.8153 7.49422 4.56563
internal_count=1616 1173 887 742 557 452 330 293 282 185 104 81 443 122 51 58 268 71 145 74
is_linear=0
shrinkage=0.05


Tree=49
num_leaves=23
num_cat=0
split_feature=40 166 178 155 141 16 24 14 164 153 122 131 158 110 142 160 144 22 22 52 141 3
split_gain=17.8472 13.0476 7.68855 11.068 9.13234 7.3719 5.92966 4.38807 4.27503 4.45854 4.2109 3.86798 3.50063 3.11886 2.88571 2.74667 1.65854 2.82299 3.0437 1.85299 1.08134 1.00408
threshold=0.89358033736546838 1.7884502410888674 1.2424418262022956 0.15031773956663019 2.5652891397476201 7.9588656425476083 -0.0058759487923480767 -0.0029610410551247665 0.19819927215576169 12.848127531436079 1.9567971155047419 0.61582847545678032 2.2576846318100814 7127.2132085342064 0.54536246420769552 2.1413493403260646 0.078566419861887574 -0.0039218923928227654 -0.019260419277716063 27.986377716064457 2.1657228469848637 -178.32622573091999
decision_type=8 10 10 8 2 2 10 8 8 2 2 10 10 10 8 8 8 10 10 2 2 10
left_child=1 2 4 -4 5 10 20 -2 11 14 -1 -7 -11 -3 -10 -6 17 18 -16 -20 -5 -12
right_child=7 13 3 6 15 8 -8 -9 9 12 21 -13 -14 -15 16 -17 -18 -19 19 -21 -22 -23
leaf_value=0.024865879102883418 0.034138832921367539 -0.049370779053849109 -0.053344816719044445 0.0054148954688990024 0.014015176136075053 -0.037692345421605038 0.030002705073901743 -0.049168130349620649 0.0052420883024694434 -0.034908621575116032 -0.0022178236023004871 0.030337327549653209 0.025922632877792763 0.024916355307755614 0.043786782070793166 -0.051051927979631928 0.055399625778843345 0.043363827306112011 -0.039963976876251271 0.016040387425494185 -0.044441682121321421 -0.051864327890475896
leaf_weight=3.2210396099835616 1.0427778158336878 9.5203444175422174 8.0746733192354458 1.2076019365340496 1.820593625307082 3.3213534206152007 13.450570918619631 16.509417207911614 5.1856961026787678 2.9921573456376782 1.4181755445897577 3.0659408289939165 4.8048240076750517 1.0120059847831715 2.0395082533359465 4.2884828075766563 25.024444987997413 17.331138771027337 2.6539746783673746 1.7591872960329054 3.1155012361705303 3.6988704707473516
leaf_count=15 3 253 132 11 15 49 44 603 29 33 19 16 26 6 6 57 71 46 57 6 56 52
internal_value=0.00302062 0.0100551 0.0153091 -0.00824916 0.0226895 0.0274507 0.0139882 -0.0426455 0.0328425 0.0368129 -0.0154322 -0.00535137 0.00126357 -0.0406912 0.0418301 -0.0324172 0.0455341 0.0333375 0.0042027 -0.0188003 -0.0321139 -0.0407169
internal_weight=136.558 119.006 108.474 25.8483 82.6254 76.5163 17.7737 17.5522 68.1782 61.7909 8.33809 6.38729 7.79698 10.5324 53.994 6.10908 48.8083 23.7838 6.45267 4.41316 4.3231 5.11705
internal_count=1605 999 740 243 497 425 111 606 339 274 86 65 59 259 215 72 186 115 69 63 67 71
is_linear=0
shrinkage=0.05


Tree=50
num_leaves=24
num_cat=0
split_feature=39 0 179 132 35 157 167 56 55 112 132 132 54 113 141 121 24 46 45 14 9 137 141
split_gain=11.9889 11.7647 6.5499 6.24692 6.233 5.22919 7.24087 6.9367 4.8693 4.4209 7.30789 4.43517 4.12841 4.08427 5.66867 3.4021 2.70062 2.46824 2.34932 3.23882 2.10846 1.29707 0.776671
threshold=0.22294642260441416 0.1643062233924866 14.175500000000001 0.067432180047035231 0.47722567287784684 51.401973724365241 3.5000000000000004 -0.06801664829254149 -10.98495292663574 9.1543467314948632 0.18733188509941104 0.29963135719299322 0.76794871794871811 37.171744231621368 1.9628878235816958 6.0452082455158243 0.002374485916848267 0.33344306744542235 0.19595003994470664 0.008732039795432146 0.54006410256410264 0.00018189320257298356 2.013413786888123
decision_type=8 8 8 8 10 2 10 2 2 8 10 10 2 8 2 2 10 8 10 8 10 10 2
left_child=2 13 -1 -4 15 6 7 12 -9 10 -10 21 -5 14 -2 17 22 -3 19 -11 -17 -12 -8
right_child=1 4 3 5 -6 -7 16 8 9 18 11 -13 -14 -15 -16 20 -18 -19 -20 -21 -22 -23 -24
leaf_value=-0.045149001975658215 0.040741185966651355 0.038741237911052023 -0.043876955011880103 0.015821119315384082 0.034716142067589786 0.043281739210677156 -6.1922063547965062e-05 -0.029543004184819161 -0.046799826444243145 0.039894268671366952 0.01718174604317399 -0.018568551776717072 -0.055829169271196466 0.043874647764209927 -0.043287407719012821 -0.051736021058245311 0.014234260981784317 -0.031428127541449052 0.049697262868356212 -0.0070834874920859079 0.011216296024994556 0.056990900540397987 -0.049348710337633384
leaf_weight=3.4761911537498227 2.4972224887460444 1.595423623919493 3.1043905802071086 2.9046063479036084 2.1709633674472562 17.921208595857024 0.91831768676638414 3.037513241171836 3.7262674607336619 7.8101925645023496 4.9021872971206886 3.6967637967318288 3.6850317250937223 7.0684198774397382 3.763650132343173 22.042311089113358 2.303625401109457 1.4444981981068852 20.673555213958025 5.839682050049305 1.0701213497668494 5.1609826181083918 5.301102239638567
leaf_count=74 6 4 58 23 17 40 11 29 68 26 41 49 40 50 88 711 11 48 70 33 15 10 103
internal_value=0.00461734 -0.0174624 0.0144343 0.0171768 -0.0352992 0.0198029 0.0132633 0.0193028 0.0251578 0.0288635 0.00779658 0.0247506 -0.0263235 0.0202574 -0.0087765 -0.0421759 -0.027727 0.00587237 0.0390716 0.0206846 -0.048477 0.0409042 -0.043088
internal_weight=136.114 41.6526 94.4616 90.9854 28.3233 87.881 69.9598 61.4368 54.8471 51.8096 17.4862 13.7599 6.58964 13.3293 6.26087 26.1524 8.52305 3.03992 34.3234 13.6499 23.1124 10.0632 6.21942
internal_count=1625 939 686 612 795 554 514 389 326 297 168 100 63 144 94 778 125 52 129 59 726 51 114
is_linear=0
shrinkage=0.05


Tree=51
num_leaves=18
num_cat=0
split_feature=52 170 170 14 3 4 106 29 29 112 148 141 158 29 22 154 155
split_gain=15.8835 8.86942 7.66647 7.80648 7.05641 6.54357 6.0208 4.75008 5.78452 5.30664 3.4557 4.79272 3.14365 2.21575 1.2603 1.10319 0.710204
threshold=15.957702636718752 -22.287462806278981 -19.85212167953852 0.015632392536155209 -56.077384529911718 6.8980882960570602 0.5378785618795251 0.43412239836994021 0.8608157112786966 21.811440336164875 0.41042780748663105 2.2580131292343144 2.0473955196374178 0.68542188731443032 -0.0044641558798336764 41.895942118018873 0.075459340834277591
decision_type=2 8 8 8 8 10 8 8 10 10 8 2 10 10 10 2 10
left_child=1 12 5 4 -4 14 16 -3 -9 -10 11 13 -1 -8 -2 -14 -6
right_child=2 7 3 -5 6 -7 10 8 9 -11 -12 -13 15 -15 -16 -17 -18
leaf_value=0.037893041292204721 0.022777753665011856 0.022522379507941764 -0.038680031888372921 -0.050659417851296198 -0.0048429419998839403 -0.0069181813824784255 0.039856533969811495 -0.050478929838457413 -0.039323871093769495 0.038638077607941856 0.048295651512268778 -0.022897235670459162 0.015102337309862712 0.0024514676984606146 0.049805686115121699 -0.035260571929307406 -0.04584440672779929
leaf_weight=6.3279996998608095 8.8229764271527547 2.7986143473535767 5.6270069275051355 5.2214448181912294 1.8809308521449555 8.2236884925514442 10.233132412657147 23.862916637212042 3.1864404939115039 3.561781688593328 9.8929691500961763 5.9390585031360379 1.0106262248009446 6.3274052143096915 20.299508575350046 1.954787081107497 2.527204979211092
leaf_count=32 41 30 47 84 18 38 34 842 127 36 30 47 8 35 46 54 32
internal_value=0.00273875 -0.0218293 0.0151925 0.00176184 0.00923113 0.0318355 0.0173864 -0.0336494 -0.0393349 0.00150117 0.0249419 0.0130552 0.0198047 0.0265184 0.0426453 -0.0186166 -0.0324797
internal_weight=127.698 42.7032 84.9953 47.6492 42.4277 37.3462 36.8007 33.4098 30.6111 6.74822 32.3926 22.4996 9.29341 16.5605 29.1225 2.96541 4.40814
internal_count=1581 1129 452 327 243 125 196 1035 1005 163 146 116 94 69 87 62 50
is_linear=0
shrinkage=0.05


Tree=52
num_leaves=17
num_cat=0
split_feature=40 170 35 166 150 4 52 147 132 32 39 52 8 38 28 48
split_gain=16.0221 12.1219 9.21059 8.09809 6.48283 5.74504 7.00827 5.49625 5.99199 4.73462 9.10887 5.24528 3.75777 3.24552 0.966372 0.219486
threshold=0.77143550250265347 -19.85212167953852 0.3877099911582671 0.91009998321533214 0.67762756347656261 10.668096072325389 32.96763992309571 0.063412785530090346 0.22790955007076266 1.9760095282034442 -0.12345905230557988 40.87408638000489 6.1639328410991441 0.37276293835196145 2.0386599302291875 8.8736003834439945
decision_type=8 10 10 10 10 10 2 10 10 8 8 2 8 10 2 2
left_child=1 3 -2 5 -3 9 -7 -5 -9 12 -11 -12 13 -1 -14 -10
right_child=2 4 -4 7 -6 6 -8 8 15 10 11 -13 14 -15 -16 -17
leaf_value=-0.017741544875486341 -0.049309976528283894 -0.051469049499837119 0.02859044388700939 -0.049093630694841642 0.015327288139283924 -0.049763654691522441 0.025236726194733029 0.033796891305175769 -0.0081421399654165814 0.043237471572340473 -0.048246265847544052 0.019073795071965938 0.030987440744705774 0.035845322068889643 0.054159977495035372 -0.041267023881493906
leaf_weight=4.6865096073597652 18.534831235185269 9.9272179864346963 4.0082006715238085 5.6502475365996387 4.8750561960041514 4.598123846575616 6.0825102478265762 7.1677176710218173 1.2427097363397477 9.1603176295757276 6.2072956897318381 4.1168525442481041 12.461660694330929 4.7449853718280792 21.899124808609486 2.9711774736642838
leaf_count=44 758 226 47 115 24 56 15 43 20 20 72 12 48 17 51 56
internal_value=0.00252614 0.0107386 -0.034833 0.0176016 -0.0298922 0.0247039 -0.0085478 -0.0128983 0.00758418 0.0303622 0.00923525 -0.022088 0.0393461 0.0100698 0.04687 -0.0349335
internal_weight=128.335 105.792 22.543 90.9892 14.8023 73.9574 10.6806 17.0319 11.3816 63.2767 19.4845 10.3241 43.7923 9.43149 34.3608 4.21389
internal_count=1624 819 805 569 250 335 71 234 119 264 104 84 160 61 99 76
is_linear=0
shrinkage=0.05


Tree=53
num_leaves=22
num_cat=0
split_feature=166 170 56 24 108 179 25 31 108 11 29 170 4 7 38 120 4 4 4 46 107
split_gain=15.8829 12.6868 10.5547 6.16575 7.83755 5.88939 5.59942 5.49515 5.01406 4.48483 5.71367 4.21277 4.20423 5.83311 4.98567 4.14284 3.38561 1.07371 1.03828 1.00757 0.686466
threshold=1.236299514770508 -20.154863111864731 -0.17420041561126706 -0.0041623126789189597 2.3814769108502323 15.890000000000002 0.15089672472386781 0.033180572462458431 128.41004985603328 57.418640086547548 0.72596930865133957 -17.58574146024193 1.1115729773064393 9.5297515733547886 0.22079307565381048 0.66369047619047628 11.216077530005384 4.3687131718082695 16.692585586482796 0.17604317441143832 219.3899721408475
decision_type=10 10 2 10 10 8 8 8 8 8 8 8 8 8 10 2 10 8 8 10 8
left_child=1 2 8 -2 -5 6 -4 18 -1 12 -11 -6 15 14 -14 -7 20 -15 -3 -13 -16
right_child=3 7 5 4 11 9 -8 -9 -10 10 -12 19 13 17 16 -17 -18 -19 -20 -21 -22
leaf_value=-0.052127206866753706 -0.049158813602449038 -0.0081393666511399756 -0.04861058485396403 -0.048078077191820355 0.049232811928065508 -0.041676556103509815 0.025614929839544432 -0.050141580572810922 0.021791718649032295 0.037752671392422298 -0.047440728587976884 0.012006513288708786 -0.033481382630350054 0.056009505890330796 0.053147317803577857 0.038875375291889086 -0.0059162798180343494 0.031915909340961272 0.034428422661651997 -0.035236550938104121 0.021738902931568806
leaf_weight=5.7214555181562883 13.734145340509714 2.1082983268424842 3.8913016729056809 4.7213807739317408 5.4711739793419838 2.7418658612295976 4.3711391584947714 8.6727611273527145 2.794182950630784 2.7695717588067046 3.1511313589289784 1.2362212948501095 3.2589827850461104 30.046937132254236 6.145734243094922 1.8117628283798692 5.0740261748433104 11.433761408552526 2.0672948518767953 1.7926137018948791 5.3227232713252315
leaf_count=122 567 39 70 72 19 56 18 224 27 14 47 7 36 69 24 5 48 40 11 46 37
internal_value=0.00655848 0.0156336 0.0223971 -0.0269122 -0.0019711 0.0280552 -0.0108166 -0.029224 -0.0281315 0.0326183 -0.00789245 0.0260043 0.036325 0.0397297 0.0162822 -0.00839807 0.0274357 0.050276 0.0155156 -0.0177602 0.0414827
internal_weight=128.338 101.383 88.5346 26.9555 13.2214 80.0189 8.26244 12.8484 8.51564 71.7565 5.9207 8.50001 65.8358 61.2822 19.8015 4.55363 16.5425 41.4807 4.17559 3.02883 11.4685
internal_count=1598 887 613 711 144 464 88 274 149 376 61 72 315 254 145 61 109 109 50 53 61
is_linear=0
shrinkage=0.05


Tree=54
num_leaves=18
num_cat=0
split_feature=52 40 161 12 111 23 147 46 117 169 14 137 26 109 118 111 137
split_gain=15.7889 11.7096 7.30177 6.85294 6.56921 5.61489 5.44496 6.42329 4.72165 4.41417 4.02416 7.56768 2.788 2.21196 2.14279 1.03245 0.149354
threshold=13.98640012741089 0.50765887042374869 16.976949691772464 0.35975748303856314 0.35637607643580682 0.00043034990038073054 0.13072657585144046 -0.020524085482806577 0.40037111045808832 0.85184955596923839 0.0046391193755754645 0.0019908628673041642 0.00081934403365930782 4.2677878143159704 1.0024965776085568 0.27014763392469304 -0.0053167071389136509
decision_type=2 8 8 10 8 8 10 10 10 8 8 10 10 8 8 10 8
left_child=1 4 -2 5 16 -4 10 -8 -9 -6 11 15 -10 -12 -15 -5 -1
right_child=2 -3 3 6 9 -7 7 8 12 -11 13 -13 -14 14 -16 -17 -18
leaf_value=0.042183849858911028 -0.0426995876989806 -0.048908264762254752 0.012906481316249824 -0.0027540304628217828 0.015153569324936578 -0.051250115714480404 0.046312464557689559 0.02856140423531375 0.0074592922177805056 -0.046397047277180185 0.054172030766122738 0.035910676147498405 -0.054395597061817604 0.037735204347149005 0.0021182870476562673 -0.045940539051506489 0.019142644195338704
leaf_weight=4.9298038203269243 4.0409901924431315 18.85107222571969 7.6496365889906857 2.202725756913428 4.3938110582530481 4.745931552723051 4.0789771229028711 2.7840413507074091 2.1660778634250146 5.8623547274619341 18.82014695554971 9.7894806358963233 5.9914649371057749 13.993269236758353 6.0514049027115098 3.4549850579351187 4.1458363309502619
leaf_count=19 118 888 28 11 31 64 8 11 11 137 50 25 71 49 33 45 31
internal_value=0.00446577 -0.0219201 0.0163295 0.019729 0.00550809 -0.0136495 0.0258058 -0.000835846 -0.0208189 -0.0210247 0.0330558 0.0105777 -0.0389502 0.0415005 0.0275942 -0.0320658 0.0346029
internal_weight=123.952 38.1829 85.7691 81.7281 19.3318 12.3956 69.3326 15.0206 10.9416 10.2562 54.312 15.4472 8.15754 38.8648 20.0447 5.65771 9.07564
internal_count=1630 1106 524 406 218 92 314 101 93 168 213 81 82 132 82 56 50
is_linear=0
shrinkage=0.05


Tree=55
num_leaves=18
num_cat=0
split_feature=52 170 170 26 3 39 35 111 119 54 7 31 111 189 145 113 22
split_gain=13.5411 7.65834 6.36527 7.16597 5.75878 6.18812 6.67502 4.30307 5.31452 3.85822 3.75618 3.54902 2.80068 2.44391 1.82998 1.33773 1.16114
threshold=13.98640012741089 -22.287462806278981 -19.85212167953852 0.0031272612658441762 -63.2927163273066 0.35169306651435123 0.47722567287784684 0.47238556889440625 0.0049091999914875851 0.86285266457680254 10.241721485118381 0.053761333443194802 0.45391054393026448 77.500000000000014 1.8181462756225042 10.048010634441825 -0.0043418078518524953
decision_type=2 8 8 8 8 8 10 8 10 2 8 10 10 8 10 10 10
left_child=1 12 10 4 11 13 -7 8 -3 -10 -2 -4 -1 -6 -14 -15 -12
right_child=2 7 3 -5 5 6 -8 -9 9 -11 16 -13 14 15 -16 -17 -18
leaf_value=0.040946952247995258 0.0027975581713951371 -0.044111567463503559 0.011948698316008814 -0.048089522398457353 0.0021697001004991573 -0.046323965582956129 0.046135591186734895 -0.049038056018527398 -0.034529665951144088 0.034549444547328535 0.020528384995550333 -0.054071399311466206 0.025480178569572964 0.016615407279106386 -0.036480522648639706 0.045250552731139725 0.046810606559624414
leaf_weight=5.1545626297593099 8.9086923245340568 5.3745492538437265 2.9226676002144814 4.8098993673920623 6.7707334142178297 5.497425775974988 1.8773337639868257 15.116880853660403 1.9307720828801391 6.0299475444480777 8.2692992873489874 3.9971895357593894 1.0827099140733483 7.7474691271781984 2.0169749530032277 14.906413547694681 20.326400870457292
leaf_count=26 43 214 18 95 33 125 3 641 86 48 47 35 4 40 55 39 48
internal_value=0.00559627 -0.0194883 0.0163996 0.00426029 0.0109663 0.0188823 -0.0200888 -0.0315715 -0.00973188 0.0158115 0.0315888 -0.0281993 0.0210733 0.0289889 -0.0139018 0.036574 0.0401607
internal_weight=122.74 36.7064 86.0335 48.5291 43.7192 36.7994 7.37476 28.4521 13.3353 7.96072 37.5044 6.91986 8.25425 29.4246 3.09968 22.6539 28.5957
internal_count=1600 1074 526 388 293 240 128 989 348 134 138 53 85 112 59 79 95
is_linear=0
shrinkage=0.05


Tree=56
num_leaves=21
num_cat=0
split_feature=166 40 179 8 134 189 8 8 41 4 7 44 49 113 14 32 137 169 134 44
split_gain=11.7791 7.66741 6.07369 5.60326 9.43804 5.68692 6.5508 5.45972 5.20026 4.09063 3.90838 3.5255 3.32235 3.31287 3.22541 3.06731 4.52756 2.70075 2.09854 1.39125
threshold=2.0461988449096684 0.96148630678653724 14.039500000000002 5.9208148181356384 9.2143378659670638 17.500000000000004 6.4108215782688776 69.157783888255224 0.29010628220258344 9.3470774131425607 -37.298993678757697 0.0033808972206822783 30.908987998962406 12.748033900717914 -0.0029610410551247665 1.9382447290633407 -0.00042421669439601594 0.44264984130859375 5.9268760533441478 0.023423282618293018
decision_type=10 8 8 8 8 8 8 10 10 10 10 8 2 10 8 8 10 8 10 8
left_child=1 2 -1 4 11 6 -5 9 -6 12 -9 -4 13 -7 -3 18 17 -17 -14 -10
right_child=-2 14 3 5 8 7 -8 10 19 -11 -12 -13 15 -15 -16 16 -18 -19 -20 -21
leaf_value=-0.044727801261911171 -0.047552769865376612 0.030774704339553094 0.015609101868120168 0.037349595385514071 -0.026764560788151565 -0.040367960693927479 -0.05563881590566272 0.030642356721070407 0.015848194654840102 -0.004049043887188135 -0.045094700178778091 -0.051407501422448099 0.055692144054721796 0.034617590634173842 -0.045702631781535191 0.018529242906972537 0.035501427787578352 -0.044473845836182253 0.023788062710377127 0.053502818503388762
leaf_weight=3.5000495845451942 9.180163284763692 0.92379371449351311 1.9612400243058816 2.2084030378609896 3.6312183886766425 2.2388542527332898 3.9145419262349606 1.8274134993553159 6.0341149764135471 7.3664503917098036 3.6468268362805238 8.7700170231983048 23.454269549809396 1.7282699747011063 7.4312578756362182 2.321611016988756 12.20810387469828 2.7745709707960495 9.4248783104121667 5.263538588769733
leaf_count=86 404 2 15 6 43 56 55 4 44 34 85 214 72 8 320 12 35 48 33 18
internal_value=0.00398068 0.00864467 0.0125019 0.0149578 -0.00500325 0.0219363 -0.0215651 0.026171 0.0202552 0.0304286 -0.0189843 -0.0388731 0.0351072 -0.00730801 -0.034861 0.0385375 0.0198087 -0.0174409 0.0475189 0.0363155
internal_weight=119.81 110.629 102.274 98.7743 25.6601 73.1142 6.12294 66.9912 14.9289 61.517 5.47424 10.7313 54.1506 3.96712 8.35505 50.1834 17.3043 5.09618 32.8791 11.2977
internal_count=1594 1190 868 782 334 448 61 387 105 298 89 229 264 64 322 200 95 60 105 62
is_linear=0
shrinkage=0.05


Tree=57
num_leaves=24
num_cat=0
split_feature=40 164 181 151 35 155 132 169 56 28 111 3 134 139 154 116 138 148 114 1 112 37 22
split_gain=9.63006 8.53921 7.90934 6.54506 6.19264 5.30609 4.62894 3.59995 3.51948 4.74963 5.08022 4.65319 4.88747 3.15733 2.76869 1.86774 1.81852 1.32292 2.39461 4.55779 1.03756 0.315828 0.127258
threshold=0.89750702600730103 0.19945001602172849 3.3065000000000002 0.089435717017603139 0.47722567287784684 0.2081715083871952 0.53631970286369335 0.86155033111572277 -0.068637371063232408 1.9536494016647341 0.42497236095811891 -88.886987300646055 5.1650117076915425 0.00045977969384755477 92.830979526042952 1.7197448780700535 0.05452218039746181 0.18677325581395351 0.13079116179615113 1.0802141868061852 659.56588356292787 0.49015963077545172 -0.0090189429243858806
decision_type=8 8 8 8 10 10 10 8 2 2 8 10 10 10 2 8 10 10 8 10 8 10 10
left_child=1 5 -3 -4 -2 -1 8 -7 9 14 -11 12 -10 15 16 -13 -5 21 -19 22 -12 -15 -20
right_child=4 2 3 6 -6 7 -8 -9 11 10 20 13 -14 17 -16 -17 -18 18 19 -21 -22 -23 -24
leaf_value=-0.051661572896215896 -0.047359596949440363 -0.045910208789725376 -0.041664321664187112 0.026974358438043217 0.033115122239317139 0.027232851343502257 -0.027351058119920647 -0.037780731294241886 0.033516942195802889 0.017690689193921479 -0.052283812097093041 0.02905837359313292 -0.037900753515162318 0.054108837007103942 0.043991652699996206 -0.034754867956900207 -0.025471889002615874 0.04806919068756188 -0.011200467341125515 0.034218648449205843 0.00018441700202369705 0.033267863930152596 -0.042850585474480563
leaf_weight=7.1224696841090935 11.298903003334997 3.892910284921526 3.2380328411236396 2.0019519710913327 2.2108008153736582 5.3212471604347229 3.5917944442480794 2.2274299999698997 3.7047491101548067 6.0404201503843042 4.5934089543297896 1.0159918405115598 3.8883658712729812 19.182155596092347 8.7971740793436748 1.7641439586877821 2.6856698580086231 5.6245992779731724 1.4333977000787856 4.8435907587409019 1.1246877666562793 9.8060172637924534 1.6873557642102248
leaf_count=187 567 85 91 14 17 22 42 61 19 48 79 3 37 63 26 50 38 20 33 17 14 46 20
internal_value=0.005425 0.0106783 0.016529 0.0198883 -0.0328156 -0.0235725 0.0227992 0.00587353 0.0254191 0.00954855 -0.0131287 0.0326679 -0.00321001 0.0386138 0.028864 -0.00991658 -0.00226901 0.0419375 0.0257722 0.00641986 -0.0434726 0.0484033 -0.0345592
internal_weight=117.097 103.588 88.9164 85.0235 13.5097 14.6711 81.7855 7.54868 78.1937 25.2433 11.7585 52.9504 7.59311 45.3573 13.4848 2.78014 4.68762 42.5771 13.5889 7.96434 5.7181 28.9882 3.12075
internal_count=1599 1015 745 660 584 270 569 83 527 219 141 308 56 252 78 53 52 199 90 70 93 109 53
is_linear=0
shrinkage=0.05


Tree=58
num_leaves=22
num_cat=0
split_feature=166 39 34 181 183 31 18 105 106 30 134 30 56 27 169 143 112 157 112 16 153
split_gain=14.735 6.79486 5.90085 5.7036 5.44916 4.95027 4.36171 4.24043 5.92928 3.55659 4.57755 3.35496 3.3448 2.61934 3.70037 2.56177 1.93532 1.47843 1.22139 0.621284 0.387488
threshold=1.1801996231079104 0.29583228544696522 0.044454783201217658 4.4815000000000005 21.819399833679203 0.010718946614284143 0.47361335497997464 0.29239040613174444 0.70229930615940628 0.17444111376921723 25.076123556784996 0.098073813685242567 0.060505390167236335 -0.74172335863113392 1.0801496505737307 0.092131723917001015 -507.92622555504198 36.910861968994148 9.3797113097473641 13.873461723327638 8.109551670979247
decision_type=10 8 8 8 10 8 10 10 8 8 10 10 2 2 8 10 8 2 10 2 2
left_child=1 3 -3 9 -4 -2 7 8 15 11 20 -1 16 14 -8 -5 -7 -10 19 -15 -11
right_child=5 2 4 6 -6 12 13 -9 17 10 -12 -13 -14 18 -16 -17 -18 -19 -20 -21 -22
leaf_value=-0.021635326673357744 0.034456990414952406 0.02402059848277098 -0.049904673956133072 0.01921473009179285 0.034338165328987348 0.014573789514053713 0.032221184099182378 -0.03221918919804511 0.012145235103736392 -0.0093604475689031286 0.023459957575297931 0.03249801836894365 0.0058511008186671537 0.0077552422955659813 -0.024868248471660744 -0.048141408074975328 -0.051931531281547719 0.050369715378720092 0.054430648319474133 0.036072378741428691 -0.055182923604465195
leaf_weight=3.7826776960864681 1.664757084101441 5.0251941867172745 10.111223929561673 1.4949855152517617 1.5825017429888237 0.75264121778309345 7.2929190555587393 4.5549228191375724 5.0001376820728165 1.0009118672460298 2.3202233090996742 6.4295051712542772 3.0712210480123749 3.9435756374150532 3.4336008736863732 3.0409380663186312 17.523330906406052 6.643427312374115 14.048942727036772 4.7879894012585282 5.1082924325019121
leaf_count=30 7 46 351 9 7 6 37 25 45 12 12 37 40 31 44 46 671 16 39 23 79
internal_value=0.000648708 0.00987246 -0.0181216 0.0164525 -0.0366972 -0.0341814 0.0245377 0.00608709 0.018119 -0.00712473 -0.0294727 0.0123053 -0.0408365 0.0354479 0.0133843 -0.0264809 -0.0485787 0.0362137 0.0448371 0.0253942 -0.0500482
internal_weight=112.614 89.602 16.7189 72.883 11.6937 23.012 54.2414 20.7344 16.1795 18.6416 8.42943 10.2122 21.3472 33.507 10.7265 4.53592 18.276 11.6436 22.7805 8.73157 6.1092
internal_count=1613 889 404 485 358 724 315 141 116 170 103 67 717 174 81 55 677 61 93 54 91
is_linear=0
shrinkage=0.05


Tree=59
num_leaves=22
num_cat=0
split_feature=22 166 39 133 4 6 36 153 11 117 114 6 113 163 112 22 166 111 149 179 105
split_gain=9.88799 7.14782 4.73331 7.34899 5.95751 6.97849 4.57357 5.62967 4.55889 3.56436 2.68186 2.56906 1.86553 1.92971 2.61979 1.81066 1.42193 1.32529 1.17527 0.445812 0.305944
threshold=-0.0051702860792281107 0.91009998321533214 -0.027325232091936325 -0.93016385380956967 4.2336360020613251 0.92996751118853582 18.500000000000004 9.6199206704514477 21.117042432988654 0.33764602913424208 0.18808962264150947 0.39500463750436926 6.008259752665988 0.3982000350952149 28.813204834680832 -0.024147109006891179 0.67875003814697277 0.20056665662815934 24.500000000000004 17.272500000000004 0.27405092120170599
decision_type=10 8 8 10 10 8 2 2 10 10 10 10 10 10 8 10 8 8 2 10 10
left_child=1 8 11 -4 9 16 19 -8 10 -5 -1 -2 -11 14 -14 -9 -6 -17 -10 -3 -18
right_child=2 6 3 4 5 -7 7 15 18 12 -12 -13 13 -15 -16 17 20 -19 -20 -21 -22
leaf_value=0.024022232719470699 0.0066505747074979407 -0.049882720391642564 -0.049121528514472622 -0.026495744035297409 -0.0040553353519421969 0.025479518143404406 0.033846973579503253 0.023427655333663686 0.0090399325159541272 -0.0011878205326426516 -0.043835147098639192 0.041273060561004132 0.036424391846906663 0.051142703855013606 -0.014086449994982373 0.011605955729063901 -0.020727859615686531 -0.048064275506522369 0.045575657399777578 -0.0022058088178653458 -0.058266915130123234
leaf_weight=1.3546102251857508 8.4771759547293204 15.722655847668651 4.9357692021876565 2.28245481848717 2.4335746280848936 6.1073512556031355 4.2860292401164752 0.62150222063064564 4.5873354617506248 3.7539934683591154 3.7117717638611794 15.963367616757749 5.488457108847796 10.26043619122356 3.543467732146385 0.68539193179458369 2.3727760054171094 5.6169431498274207 4.7041084999218583 0.60286894440651018 4.5045008882880211
leaf_count=10 49 659 87 40 15 33 43 1 43 41 95 49 25 33 33 5 39 256 22 7 35
internal_value=0.00128245 -0.01769 0.0127064 0.00301098 0.0103513 -0.0136113 -0.0322155 -0.00668098 0.0104507 0.0249008 -0.0247228 0.0299977 0.0308811 0.0368723 0.0171788 -0.0328742 -0.0392368 -0.0408743 0.0301685 -0.048351 -0.0495908
internal_weight=112.017 41.8932 70.1233 45.6828 40.747 15.4182 27.5354 11.2099 14.3578 25.3288 5.06638 24.4405 23.0464 19.2924 9.03192 6.92384 9.31085 6.30234 9.29144 16.3255 6.87728
internal_count=1620 1141 479 381 294 122 971 305 170 172 105 98 132 91 58 262 89 261 65 666 74
is_linear=0
shrinkage=0.05


Tree=60
num_leaves=22
num_cat=0
split_feature=166 114 170 170 135 32 49 22 163 142 147 12 54 39 34 140 166 156 55 32 55
split_gain=12.2475 7.18794 5.14362 5.12913 7.89238 5.5612 6.24584 4.69006 4.38247 4.20241 4.07543 2.66366 2.18041 1.60472 3.52791 3.04548 1.28038 0.878864 0.783266 0.620454 0.183038
threshold=1.7762994766235354 0.37807807807807814 -25.4093112717457 -20.154863111864731 0.0023801237703491812 1.9547875589364538 30.908987998962406 -0.00052617078098472195 0.98605012893676769 0.54536246420769552 0.096147954463958754 0.42872299244153295 0.68301435406698574 0.11114012133029681 0.08498814702033998 -0.39877247810363764 0.17939949035644534 0.57312873427151978 3.5127372741699223 1.8388955295085909 -1.9514701366424558
decision_type=10 10 8 10 10 8 2 10 10 8 10 10 2 8 10 2 8 10 2 10 2
left_child=1 3 -3 5 -5 6 -1 10 16 -8 17 12 -12 20 19 -16 -4 -7 -18 -15 -11
right_child=-2 2 8 4 -6 7 9 -9 -10 13 11 -13 -14 14 15 -17 18 -19 -20 -21 -22
leaf_value=-0.040477218471759592 -0.048079054007775832 0.033972378636403532 6.2315977000980689e-05 -0.047861255822506089 0.024117256917878704 0.0023678794503428869 -0.016470259377834428 0.022944821158014304 0.027980219241821626 0.033180331697904741 0.021367455810921601 0.039405332080566811 -0.042662693462882026 0.020278800318635493 0.02028250565570705 -0.043295125525925786 -0.053107797724641505 -0.05142639851569393 -0.0032481044066108885 0.05167341098972731 0.054162818738587575
leaf_weight=2.2451218208298078 10.505853866226969 2.5758543787524104 1.4695189315825707 7.097244496457277 6.3287831097841263 0.75840333290398287 3.3385891877114764 9.9253896251320821 1.7995962873101223 9.2979698143899459 1.4627868579700591 2.5840879185125232 2.2194949081167579 4.8569482611492223 3.5639475435018495 2.2380458544939792 10.172909739427267 5.7951476965099573 0.99297461844980794 5.408382261171937 12.645808823406702
leaf_count=55 498 12 14 237 28 8 38 35 9 33 15 14 42 41 48 45 272 126 18 13 30
internal_value=0.00072315 0.00645853 -0.0222019 0.0127698 -0.0146121 0.0184461 0.0287089 -0.0016046 -0.0337774 0.0333325 -0.0208961 0.00777601 -0.0180956 0.0380168 0.0235709 -0.00700138 -0.0439802 -0.0457118 -0.0493053 0.039938 0.0471058
internal_weight=107.283 96.777 17.0109 79.7662 13.426 66.3401 43.5948 22.7453 14.435 41.3497 12.8199 6.26637 3.68228 38.0111 16.0673 5.80199 12.6354 6.55355 11.1659 10.2653 21.9438
internal_count=1631 1133 325 808 265 543 303 240 313 248 205 71 57 210 147 93 304 134 290 54 63
is_linear=0
shrinkage=0.05


Tree=61
num_leaves=23
num_cat=0
split_feature=166 39 34 138 164 13 3 115 49 147 56 54 132 178 158 115 170 183 52 112 121 3
split_gain=9.54946 7.11361 6.49966 4.98388 4.4266 6.82748 5.09287 7.26777 3.94601 3.67385 7.31013 3.19728 3.02491 4.54493 2.26048 2.05454 2.01031 1.57837 1.39696 2.00863 1.09614 0.709548
threshold=2.0461988449096684 0.22294642260441416 0.081443160772323622 0.04247533595514897 0.19945001602172849 0.18253930587172371 -67.271569809688927 0.079473684210526321 66.766222715377822 0.13459289073944095 0.027644515037536625 0.8320512820512822 0.1859492510557175 6.1028931186403392 1.8658319013306621 0.072299651567944254 -20.781671630076755 22.042949676513675 27.986377716064457 9.8388438454253428 6.0452082455158243 -132.72471779207768
decision_type=10 8 8 8 8 8 10 8 2 10 2 2 10 8 8 10 8 10 2 10 2 10
left_child=1 3 8 -1 5 -5 7 16 14 12 -11 -10 13 -8 -3 -13 -6 20 19 -15 -4 -7
right_child=-2 2 17 4 6 21 9 -9 11 10 -12 15 -14 18 -16 -17 -18 -19 -20 -21 -22 -23
leaf_value=-0.041677842472222448 -0.046247885290310965 0.02583439934436781 -0.00031596170921542203 0.033260033117599279 0.0022030659396416971 -0.0045612225009141446 -0.015860217303461571 0.037486650739655868 0.046077027621105562 -0.050360119556303186 0.033403627727679942 -0.036933629175421777 0.050491115681793708 -0.020853596358640088 -0.041810962344886439 0.023834521434395434 -0.052811923963753477 0.016568400696375159 0.047280468700114736 0.034920477002101317 -0.049025434921783823 -0.051299265242187822
leaf_weight=2.5385526325553647 7.4023082330822936 0.93014896847307937 1.3103868477046461 4.2192209567874661 2.2775129601359367 1.2012298209592698 5.2711903369054225 4.8880254589021215 6.1776590980589372 3.1318610627204162 6.0539752850309014 1.9235481685027482 21.905605092644691 2.0565865617245427 3.5677102142944932 1.7237304290756581 4.4451527874916765 0.68487020023167211 8.6067505180835706 2.5676944116130471 9.630384252406655 4.4013253925368199
leaf_count=69 397 5 29 25 17 15 44 18 33 44 24 42 83 40 109 11 57 5 18 13 406 77
internal_value=0.00503191 0.00926854 -0.0128921 0.0171533 0.0198055 -0.0104911 0.0247578 -0.00472822 0.00956422 0.031618 0.00270448 0.0265744 0.0379668 0.0213101 -0.0256675 -0.0092653 -0.036302 -0.0391246 0.0361925 0.0108182 -0.0437065 -0.0434868
internal_weight=106.915 99.5131 25.9484 73.5647 71.0261 9.82178 61.2044 11.6107 14.3228 49.5937 9.18584 9.82494 40.4078 18.5022 4.49786 3.64728 6.72267 11.6256 13.231 4.62428 10.9408 5.60256
internal_count=1581 1184 640 544 475 117 358 92 200 266 68 86 198 115 114 53 74 440 71 53 435 92
is_linear=0
shrinkage=0.05


Tree=62
num_leaves=24
num_cat=0
split_feature=170 161 19 189 150 189 121 16 178 178 145 170 110 155 120 142 31 111 110 7 54 0 115
split_gain=11.8453 7.70535 5.98598 4.31958 4.07289 4.07274 3.23091 3.20802 3.9782 3.24039 3.83658 3.0963 3.32072 5.69198 3.65888 3.36402 2.65301 2.34568 2.14369 2.11754 1.53614 1.59383 1.19886
threshold=-18.773406540378669 16.976949691772464 0.57721956074237835 18.500000000000004 0.17310309410095218 72.500000000000014 10.036857604980471 11.002905607223513 4.4365289248020057 6.2213527876235242 2.0571929876710859 -19.85212167953852 40.654519081092396 0.15907404924203836 0.66969696969696979 0.77786944203037411 0.040756955059086462 0.095281657406558348 863.17801140086533 26.066227187747536 0.82972848596410509 0.3973835706710816 0.028991596638655467
decision_type=10 8 8 8 8 10 2 2 10 8 10 8 8 8 2 10 10 8 10 8 2 10 8
left_child=1 -1 3 6 5 -5 -3 9 11 16 22 -9 20 14 15 -14 -6 -4 -2 -12 21 -13 -11
right_child=18 2 17 4 7 -7 -8 8 -10 10 19 12 13 -15 -16 -17 -18 -19 -20 -21 -22 -23 -24
leaf_value=-0.043542750223133024 -0.049208783123448979 0.015571717906192443 0.025603005055375307 -0.043793572198245173 0.023340864291097881 0.036799444212947285 -0.044623820657799317 0.047176813580900263 -0.012388693740572741 0.0080209819896526601 -0.043966932035092408 -0.028595874807770233 -0.041115375294128925 -0.049602908235032502 0.04934273374617635 0.031959118736448411 -0.041023361275430242 -0.047147393519790332 0.01439178971167239 0.018644400023833156 0.047466047494489169 0.029193722702850318 0.039724291071104145
leaf_weight=5.2496395632624617 9.8395544178783876 3.3930759131908417 0.71441878098994394 3.8164255730807772 1.559009962715211 1.4354977747425435 3.8671943638473749 23.850642257370055 4.4838616596534839 5.0723404325544843 2.4982611797749987 1.1705467114225059 2.5706213656812871 2.9596224380657086 4.3773018848150969 1.8702029902487991 4.1333018820732832 4.38494554720819 1.0632287142798293 1.4760902933776381 8.8157102270051819 1.6695888796821234 9.2040773052722216
leaf_count=278 435 30 2 120 11 4 64 102 40 46 41 37 57 34 9 9 76 118 7 19 37 16 44
internal_value=0.00488528 0.0104789 0.0139472 0.0170979 0.0204276 -0.0194026 -0.0180121 0.0234075 0.0303225 0.00784015 0.0179948 0.0345454 0.0202845 0.00108342 0.0214147 -0.0101231 -0.0225417 -0.0344285 -0.0423185 -0.0216395 0.0380677 0.00413177 0.0297227
internal_weight=109.475 98.5724 93.3227 88.2234 80.9631 5.25192 7.26027 75.7112 51.7681 23.9431 18.2508 47.2842 23.4336 11.7777 8.81813 4.44082 5.69231 5.09936 10.9028 3.97435 11.6558 2.84014 14.2764
internal_count=1636 1194 916 796 702 124 94 578 341 237 150 301 199 109 75 66 87 120 442 60 90 53 90
is_linear=0
shrinkage=0.05


Tree=63
num_leaves=22
num_cat=0
split_feature=162 52 47 167 151 164 169 46 42 47 106 52 164 16 132 39 30 110 157 119 117
split_gain=8.26736 6.70045 6.03151 5.67624 5.43783 4.01446 4.42865 4.20827 5.93583 3.61767 3.46683 3.18096 3.11612 2.14355 1.18897 1.14058 2.11786 0.808331 0.802749 0.545745 0.31258
threshold=16.643500328063968 5.9739930629730233 -1.7329687508434442 4.5000000000000009 0.4590174930346374 0.21355056762695312 0.44264984130859375 0.089408582863644809 0.2840651366859675 -2.5120507597178188 1.4187365117264019 14.998906135559084 0.49910068511962896 9.8410292863845843 0.12894040346145633 0.35169306651435123 0.065934295513314145 137.10726250941227 25.928940773010257 0.030514332003192843 0.41409417965957923
decision_type=8 2 10 10 8 10 10 8 10 8 10 2 8 2 10 8 10 8 2 8 10
left_child=-1 4 9 5 -2 6 7 18 -9 -3 -5 -10 14 -13 -7 -15 -17 -18 -4 -8 -16
right_child=1 2 3 10 -6 12 19 8 11 -11 -12 13 -14 15 20 16 17 -19 -20 -21 -22
leaf_value=-0.045095452271950824 -0.046430003403479532 0.016778025513757702 0.019165524899410327 -0.04697845034281839 0.026254485228349535 0.016163869381617939 -0.044804371991102349 -0.047864751439141394 -0.034402105652232416 -0.050687963540540074 0.013163322412855179 -0.01238991525027823 0.00028349495506576965 0.04020743494446323 0.053063652000827494 0.040415837829921218 -0.033367125379853112 0.010116025561159616 0.044537049258865292 0.0020571253432936777 0.029069747160976513
leaf_weight=6.8260592548176637 8.1363472118973696 2.4326555989682674 8.5632528997957795 4.3943502036854607 2.8343583177775153 5.2794403703883317 2.7391037214547387 3.9399907179176763 2.0744964359328177 4.7263914076611391 3.6847101710736752 3.1778238182887462 5.5267178174108293 8.3431018665432894 13.910842968150975 1.7187456320971257 1.6750347474589946 1.1682397872209547 8.5577661171555501 0.64313706196844611 6.5966483810916534
leaf_count=404 381 10 36 103 29 35 68 35 132 71 32 30 47 25 44 4 46 10 22 6 36
internal_value=0.00447974 0.00827213 0.0128675 0.0167809 -0.0270269 0.0211502 0.0107578 0.0157439 0.00104924 -0.0285163 -0.0211202 0.0136076 0.0345181 0.0214515 0.0415709 0.0300766 0.0076512 -0.0175174 0.0336051 -0.0374576 0.047056
internal_weight=106.949 100.123 89.1524 81.9934 10.9707 73.9143 42.6007 39.2185 22.0974 7.15905 8.07906 18.1574 31.3136 16.0829 25.7869 12.9051 4.56202 2.84327 17.121 3.38224 20.5075
internal_count=1606 1202 792 711 410 576 414 340 282 81 135 247 162 115 115 85 60 56 58 74 80
is_linear=0
shrinkage=0.05


Tree=64
num_leaves=21
num_cat=0
split_feature=170 135 161 7 178 133 56 146 28 165 39 141 46 153 118 2 140 36 156 11
split_gain=9.50855 6.17477 6.12608 5.39497 5.29601 4.33855 4.10082 5.90459 3.6548 2.97814 5.45201 3.6137 4.27224 3.2993 2.15138 1.16644 1.10065 0.987302 0.760478 0.297583
threshold=-19.85212167953852 0.0031301427745204966 16.95730018615723 9.5297515733547886 0.71596499516019307 3.664160205999353 0.045687556266784675 0.072934793933282935 2.0605098009109502 -0.018650054931640597 0.33642599849651261 2.1813951730728154 0.0099306974187895695 11.256275333997342 0.096202313606138359 133.60276192292432 -0.40250021219253534 18.500000000000004 0.88078615804890148 4.751834862650818
decision_type=10 10 8 10 10 8 2 10 2 10 8 2 8 2 8 8 2 2 10 10
left_child=2 -2 -1 4 6 9 7 8 19 10 11 -5 -13 -14 -6 -9 -10 18 -11 -4
right_child=1 -3 3 5 14 -7 -8 15 16 17 -12 12 13 -15 -16 -17 -18 -19 -20 -21
leaf_value=-0.042040149309852393 -0.049229811303899279 0.017045374078303983 0.016066057518752817 0.042001690135489295 0.020074955511557413 -0.01934000748991057 0.035088028072311032 0.0049695263147371792 0.015839519296175476 -0.0031657357357150785 -0.039783936730101312 0.038457956725248849 0.013478943980281509 -0.050555035875740034 -0.048986856822306156 -0.051117570094679099 -0.038078136372540067 0.047100114576046369 0.031525534927378064 0.044908309302447817
leaf_weight=4.2806547423824659 11.234635928645728 4.3425210053101173 3.2201717887073809 11.630981651134791 0.78118118923157354 4.6897550374269477 8.1019033798947913 0.90176282729953428 0.69100035633891765 2.4516595965251353 2.9868919039145139 3.8155358359217608 3.1245639426633733 3.3420158661901951 5.8588296808302402 4.9035256067290902 2.2555766534060249 16.849695101380348 2.7297929190099239 3.6469843592494726
leaf_count=246 531 31 30 40 6 46 36 11 7 36 113 9 20 45 132 100 66 53 15 22
internal_value=0.00392263 -0.0308402 0.0104815 0.0136975 -0.00299361 0.0233848 0.0083473 -0.00680034 0.0165815 0.0279686 0.015181 0.0240824 0.00188614 -0.0219533 -0.0392978 -0.0429553 -0.0246243 0.0411347 0.0172543 0.0351448
internal_weight=101.84 15.5772 86.2625 81.9818 30.3609 51.6209 23.7209 15.619 9.81373 46.9311 24.9 21.9131 10.2821 6.46658 6.64001 5.80529 2.94658 22.0311 5.18145 6.86716
internal_count=1595 562 1033 787 410 377 272 236 125 331 227 114 74 65 138 111 73 104 51 52
is_linear=0
shrinkage=0.05


Tree=65
num_leaves=21
num_cat=0
split_feature=170 40 161 4 167 186 3 108 9 14 178 167 121 151 21 121 121 1 159 155
split_gain=9.17803 6.83491 5.05202 4.91352 6.5819 5.46368 4.79524 3.53882 3.74558 2.6393 2.54222 4.0781 1.96908 1.84906 4.50327 3.33702 2.2786 2.71835 0.91046 0.761089
threshold=-18.773406540378669 0.89750702600730103 16.976949691772464 10.668096072325389 4.5000000000000009 0.067700386047363267 67.093982220029389 98.312498618351455 0.2022727272727273 -0.0029610410551247665 2.6793712810089247 2.5000000000000004 37.906655788421638 0.31367841014194697 2.0339527415745295 16.000364303588871 15.881715297698976 0.81495442829263431 95.659069061279311 0.10831866867468344
decision_type=10 8 8 10 10 10 10 8 8 8 10 10 2 10 8 2 2 10 2 10
left_child=1 2 -1 4 7 6 -5 10 -9 -3 13 -12 -2 16 -15 -16 19 -18 -6 -4
right_child=12 9 3 5 18 -7 -8 8 -10 -11 11 -13 -14 14 15 -17 17 -19 -20 -21
leaf_value=-0.040621419798305469 -0.048519218827579397 0.027813977949298064 0.019705868749149928 -0.052391304694633316 -0.046733364662355732 0.033768401608631857 0.024917260260036433 0.031774739192603402 -0.04370481977615287 -0.045050083447746581 -0.036893526088753563 0.033555947867807454 0.013509466703158376 0.042539458237461233 -0.035088344191555411 0.022786579393337125 -0.017942731600804705 0.034435763531818056 -0.0023950447632484079 0.047950487084593485
leaf_weight=3.4469456421211353 8.7899905545636994 0.78249550983309746 4.8630391862243512 6.7690328769385797 2.8307100208476177 3.382514150813221 2.0296221738681197 1.868251929990939 3.0242156563326716 6.8273046398535362 3.1504854522645465 3.0707867918536067 1.0366211775690306 6.6522330446168754 4.5678805001080036 3.5937269227579236 3.5732012791559082 4.6420390782877803 1.8214574260637162 23.25689494702965
leaf_count=153 433 2 44 106 48 15 14 10 68 403 38 14 19 24 43 23 39 20 15 86
internal_value=0.00221787 0.00736619 0.0116645 0.0144218 0.0197112 -0.0139251 -0.0338352 0.0240973 -0.014381 -0.0351974 0.0275688 -0.00228865 -0.0413323 0.0311747 0.0148496 -0.00989918 0.0372544 0.012179 -0.0328687 0.0439103
internal_weight=99.9794 90.1528 82.543 79.0961 66.9149 12.1812 8.79866 62.2628 4.89247 7.6098 57.3703 6.22127 9.82661 51.149 14.8138 8.16161 36.3352 8.21524 4.65217 28.1199
internal_count=1617 1165 760 607 472 135 120 409 78 405 331 52 452 279 90 66 189 59 63 130
is_linear=0
shrinkage=0.05


Tree=66
num_leaves=21
num_cat=0
split_feature=52 151 154 147 56 154 117 131 150 149 122 111 31 52 119 26 111 168 39 21
split_gain=7.76743 5.69733 6.37983 4.40744 4.82544 4.21696 3.51451 3.07533 4.44794 2.98075 2.83911 2.48005 2.5527 2.24755 2.49181 1.83324 1.49924 1.37623 0.594532 0.536049
threshold=13.98640012741089 0.25136025284156432 61.92230415344239 0.12418362498283388 0.071916818618774428 98.807823393493905 0.39979163533650147 0.30241024840660208 0.25111997127532965 10.500000000000002 2.0102090835571294 0.43585271918236529 0.031769026136270688 28.430821418762211 0.001612760117020481 0.00072494254955942554 0.34470076000851407 13.494514086663353 0.097009875857371045 10.629777883205724
decision_type=2 8 2 10 2 2 10 8 8 2 2 8 8 2 8 8 10 10 10 8
left_child=1 17 11 5 6 7 -5 8 13 -9 -8 -3 -13 14 -2 -10 -11 -1 -7 -18
right_child=3 2 -4 4 -6 18 10 9 15 16 -12 12 -14 -15 -16 -17 19 -19 -20 -21
leaf_value=-0.047543914515172814 -0.038521905426603324 0.041993272057595225 -0.042509559939290453 0.016410151889156944 0.036230914282666338 -0.0010754971482900397 0.0098893132637958275 -0.0035885037160394932 0.0060322100244311495 0.015226136914225724 -0.054963447638714684 0.03225192898544952 -0.036138511407527461 0.034673833020778588 0.027301971614906575 -0.049452610497384197 0.04816721555296466 0.0088450161638761442 -0.033106276282492235 0.024276887871938962
leaf_weight=11.326380722690374 2.093176906928421 6.0556649891659591 4.2883015009574583 2.9257940342649809 3.0397115088999263 2.3591274153441182 1.8020204761996845 5.479166602715849 1.9870772324502457 8.4846335807815212 6.8407236132770777 1.454296587035061 2.1210567182861269 7.8973938543349504 1.7429984062910091 3.2522293087095022 15.979493982158603 0.87333220336586315 3.0628177523612976 6.8345829192548981
leaf_count=653 45 49 249 21 8 11 20 44 17 47 113 9 86 34 7 41 61 10 40 39
internal_value=0.00335973 -0.0196033 0.00253715 0.0116423 -0.0123305 0.0176671 -0.0269578 0.0219393 0.00400469 0.029891 -0.0418183 0.0247066 -0.00735125 0.0207515 -0.00915306 -0.0308151 0.0356816 -0.043143 -0.0215071 0.0423302
internal_weight=99.9 26.119 13.9193 73.7809 14.6082 59.1727 11.5685 53.7508 16.9729 36.7779 8.64274 9.63102 3.57535 11.7336 3.83618 5.23931 31.2987 12.1997 5.42195 22.8141
internal_count=1604 1056 393 548 162 386 154 335 144 191 133 144 95 86 52 58 147 663 51 100
is_linear=0
shrinkage=0.05


Tree=67
num_leaves=23
num_cat=0
split_feature=166 170 40 112 15 106 5 171 106 141 31 179 28 31 107 162 17 169 108 146 107 18
split_gain=7.49584 6.08113 4.18361 3.4341 4.25437 3.30218 3.25818 2.7945 2.73605 2.2039 2.17879 4.34396 2.99697 2.01624 1.93887 3.53292 2.77358 1.92944 1.45195 1.01916 0.234711 0.101504
threshold=2.0461988449096684 -18.773406540378669 0.96148630678653724 14.731500485675516 0.10435571687840291 1.906969662451991 9.3566537995338379 1.8739821400069157 0.29316013816500303 1.9628878235816958 0.031769026136270688 17.296500000000005 2.0437979698181157 0.037078756276307433 167.03307781759142 19.238650321960453 2.0470857620239262 0.72334957122802745 4.2513710492016132 0.10181850917760416 100.35641500156261 0.49714609772752288
decision_type=10 10 8 10 2 10 8 10 8 2 8 8 2 10 10 10 2 10 10 10 10 10
left_child=1 2 3 4 -1 8 -5 -3 -6 -4 -10 17 -13 18 20 16 -16 -12 -8 21 -15 -14
right_child=-2 7 9 6 5 -7 13 -9 10 -11 11 12 19 14 15 -17 -18 -19 -20 -21 -22 -23
leaf_value=-0.041249249145755146 -0.044900585609307514 -0.045880262129292269 0.027150426039778935 -0.020107831919211214 -0.026312576574463276 -0.026455888800232724 0.023658491925712174 0.028893708008672893 0.045633261835211582 -0.041632380044279535 -0.045768461754749745 -0.014071333432288897 0.023779541618337834 0.028678964568789718 0.025171294073313227 0.041185119738815612 -0.029982327531390619 0.005650043343913295 -0.027912486985487706 0.0092952492602451208 0.055493987965424818 0.046460831707211381
leaf_weight=3.4220579396933308 6.0576439243741325 5.8576920810155562 0.75136608257889648 2.770169290713965 2.6585662164725354 4.3831581929698578 1.6206232737749808 0.81377600878477085 5.8159645376727012 4.2078178529627621 2.8603776907548335 3.6609999258071211 4.7548492038622516 5.2341753086075213 3.2559074396267524 8.1564942030236107 3.9426231868565083 3.0898521575145423 1.8700650064274666 4.369543449021875 9.043908507563172 7.1376988906413317
leaf_count=128 396 284 2 32 43 38 16 2 24 245 44 33 36 38 18 30 34 36 35 38 26 25
internal_value=0.00481248 0.00862869 0.0124355 0.0153569 0.00546025 0.0105216 0.0265163 -0.034182 0.0158553 -0.0284038 0.0200896 0.0128634 0.0238615 0.0308905 0.0350018 0.020547 -0.00500878 -0.0220965 -0.00403294 0.0327216 0.0481845 0.0399403
internal_weight=95.7353 89.6777 83.0062 78.047 42.1531 38.731 35.894 6.67147 34.3479 4.95918 31.6893 25.8733 19.9231 33.1238 29.6331 15.355 7.19853 5.95023 3.49069 16.2621 14.2781 11.8925
internal_count=1603 1207 921 674 445 317 229 286 279 247 236 212 132 197 146 82 52 80 51 99 64 61
is_linear=0
shrinkage=0.05


Tree=68
num_leaves=18
num_cat=0
split_feature=52 56 170 147 146 2 11 150 183 12 56 7 142 142 164 142 0
split_gain=9.03634 6.55984 4.63056 5.27539 4.32566 4.31797 3.88649 3.61808 2.55727 2.75157 2.50767 2.48429 2.34092 2.32622 1.15947 0.94734 0.277778
threshold=18.983154296875004 0.045687556266784675 -19.85212167953852 0.13072657585144046 0.078773771591099079 303.07790499124792 34.897618672163524 0.37219315767288214 21.304100036621101 0.45368758276400262 -0.0085597038269042951 10.169411301368255 0.92372714234569953 0.60117945416584229 0.41870021820068365 0.71546748866425902 0.14953729510307315
decision_type=2 2 8 10 10 8 10 8 10 10 2 10 10 8 8 8 10
left_child=1 8 11 5 -3 7 -7 10 9 12 16 -2 -1 -9 -13 -6 -4
right_child=2 4 3 -5 15 6 -8 13 -10 -11 -12 14 -14 -15 -16 -17 -18
leaf_value=-0.049564332331882274 0.00097645871422057042 -0.037427016049271289 -0.0085393222350613994 -0.048500110257632296 0.043493544354619135 -0.050801171103373469 0.015243021068272753 0.0016182667858646402 0.014145854806951337 0.014642054830059337 0.022756892856254391 0.048079398865763082 0.013673242521999205 0.042848422590173317 0.019697405180278894 0.0078876309632424351 -0.041703361344938877
leaf_weight=17.224951263982813 6.2601011842489269 2.3319182144477955 1.5479720747098329 3.7340959846042088 4.2980935163795921 4.0871862368658176 3.3167435135692358 4.8731105895712998 1.9750018185004581 1.6772478907369066 2.4827202260494294 10.746686407364901 1.1779252416454244 11.157604578882454 8.4409976126626169 3.713139310479165 2.4187693372368813
leaf_count=1011 34 69 19 58 20 57 15 31 35 36 10 34 27 43 37 44 39
internal_value=0.00142336 -0.0194423 0.0130015 0.00066795 0.0125983 0.00818309 -0.022922 0.0189676 -0.034363 -0.0395789 -0.0114205 0.0286537 -0.0450206 0.031146 0.0371879 0.0296972 -0.0330865
internal_weight=91.4643 32.3983 59.066 33.6182 10.3432 29.8841 7.40393 22.4802 22.0551 20.0801 6.44946 25.4478 18.4029 16.0307 19.1877 8.01123 3.96674
internal_count=1619 1242 377 272 133 214 72 142 1109 1074 68 105 1038 74 71 64 58
is_linear=0
shrinkage=0.05


Tree=69
num_leaves=22
num_cat=0
split_feature=170 157 162 167 105 138 4 2 4 178 120 8 138 142 37 178 118 22 11 141 117
split_gain=7.7381 6.22163 5.63603 4.72493 6.97616 6.83213 6.15286 3.64754 2.93188 2.65729 3.17169 2.43331 2.25992 2.0779 1.62544 1.53809 1.15974 1.14018 2.33231 2.63004 0.596474
threshold=-19.85212167953852 46.896480560302741 16.643500328063968 4.5000000000000009 0.35608810186386114 0.058874490467103739 11.216077530005384 45.614422370254275 1.2584606123842959 6.6205175393401392 0.50454545454545463 4.042485557293511 0.11035847248529047 0.58320829852883538 0.092345386743545546 0.10106296510446271 0.26200582290972169 -0.0052423056151776814 21.117042432988654 2.0787255764007573 0.40619630538903778
decision_type=10 2 8 8 10 8 10 8 10 8 2 8 8 8 8 8 8 10 10 2 8
left_child=2 -2 -1 6 5 15 11 -6 14 10 -10 12 -4 -13 -7 -5 -8 18 19 -15 -11
right_child=1 -3 3 4 7 8 16 -9 9 20 -12 13 -14 17 -16 -17 -18 -19 -20 -21 -22
leaf_value=-0.040827863260461839 -0.048371181815205423 0.015944329934528611 0.02760888963794568 0.018029711437084577 0.025154817080188182 0.023244413076367612 0.0071660088811087048 -0.053232022262199266 -0.035292035130505717 0.022933533033571388 0.03110946835423016 0.0086675114312434829 -0.037296513580081563 0.030496623616469844 -0.038005924356163234 -0.046017026815736668 -0.041806738897726063 0.049954080563178002 0.04037994202574291 -0.037977919262205798 0.049675713188747667
leaf_weight=3.6968619264662257 9.3172491304576379 5.2920908415690056 1.6956877727061503 0.58476064354181545 1.2404767032712687 0.8774025272578031 1.4195403512567271 6.0168961402960122 2.3883095299825099 6.3548699240200195 2.8324288614094257 6.1767340973019591 1.6962251164950428 1.6944070812314733 1.9831570317037401 4.138074076268822 2.6687891166657209 18.936149327084426 6.8159693218767643 1.9564180895686147 9.25768609251827
leaf_count=237 510 45 21 2 7 5 15 128 46 45 11 45 38 11 57 139 52 63 38 51 32
internal_value=0.00687503 -0.0255446 0.0128581 0.0158593 0.00226607 0.0136069 0.0268139 -0.0384099 0.0246271 0.0310478 -5.71499e-05 0.03296 -0.00595068 0.0367307 -0.0180644 -0.0363222 -0.026736 0.042147 0.024898 -0.00647375 0.0408264
internal_weight=97.0402 14.6093 82.4308 78.734 35.6741 28.4167 43.0599 7.25737 23.6939 20.8333 5.22074 38.9716 3.39191 35.5797 2.86056 4.72283 4.08833 29.4029 10.4668 3.65083 15.6126
internal_count=1598 555 1043 806 472 337 334 135 196 134 57 267 59 208 62 141 67 163 100 62 77
is_linear=0
shrinkage=0.05


Tree=70
num_leaves=20
num_cat=0
split_feature=40 166 189 119 44 8 46 17 56 30 111 117 117 140 121 165 8 49 116
split_gain=7.36428 5.66379 4.26983 3.78329 4.54395 3.65504 4.50547 5.02081 2.49087 2.00194 1.86487 1.84135 2.06555 2.58819 1.719 1.43231 0.742967 1.2519 1.27158
threshold=0.96148630678653724 2.0461988449096684 17.500000000000004 0.0029069788530170265 0.0060200375580628501 6.844823554628169 0.02555778302039554 3.0679097175598149 0.079495668411254897 0.14338884459215093 0.31481924455924698 0.42715809927452325 0.3830573789310695 -0.21612918376922605 8.020851135253908 0.10219955444335936 12.756915327746514 69.836125373840346 57.576235583429551
decision_type=8 10 8 8 8 8 8 2 2 8 8 10 8 2 2 8 8 2 8
left_child=1 2 8 4 9 6 -5 -8 15 -4 -6 12 13 -7 -9 -1 -14 18 -18
right_child=-2 -3 3 5 10 11 7 14 -10 -11 -12 -13 16 -15 -16 -17 17 -19 -20
leaf_value=0.0038378690061354991 -0.043937599424635751 -0.042429482356366496 0.034336370111394683 0.026954911430396591 0.0045559410789805027 -0.011298784240520818 -0.050042559014978671 0.041933089119834815 0.020911279212828569 -0.0095891213856723889 -0.046361911196957893 0.0014321505796933932 0.048353146251694804 0.031381742526827384 -0.010054635488232702 -0.0507072374776322 -0.030009159876123809 0.036017786935429744 0.02239123770240764
leaf_weight=1.4103552820160987 6.0866662696935228 4.0969297047704449 5.4947960823774347 8.7550927149131876 2.2938448465429273 5.1050507170148185 5.1429098718799668 2.0612139441072941 1.748372860252857 3.7289715372025976 5.227955253329128 5.4247351707890621 16.027075839228932 8.2233499670401198 2.675024336669594 3.9897414813749488 1.2415498904883855 5.3417782499454916 1.4107264736667273
leaf_count=22 470 247 29 47 41 40 132 5 6 36 182 47 52 29 45 86 43 25 13
internal_value=0.00523461 0.00903145 0.011966 0.0154002 -0.00541388 0.0210719 0.00239153 -0.0198537 -0.0228624 0.0173773 -0.0321215 0.0289693 0.0328272 0.0153866 0.0159364 -0.0380878 0.0415026 0.023919 -0.00363825
internal_weight=95.4861 89.3995 85.3025 78.1541 16.7456 61.4085 18.6342 9.87915 7.14847 9.22377 7.5218 42.7743 37.3495 13.3284 4.73624 5.4001 24.0211 7.99405 2.65228
internal_count=1597 1127 880 766 288 478 229 182 114 65 223 249 202 69 50 108 133 81 56
is_linear=0
shrinkage=0.05


Tree=71
num_leaves=24
num_cat=0
split_feature=161 170 150 147 117 137 1 18 170 33 164 6 37 158 56 56 25 117 147 7 46 7 108
split_gain=6.34811 4.68924 4.31853 4.31247 5.20936 6.17482 4.09977 3.81562 3.04236 3.66502 2.81861 2.28287 1.89952 1.66478 4.93953 1.61921 1.06421 1.39963 1.24616 0.645332 0.535658 0.457722 0.295816
threshold=16.976949691772464 -21.872492472157859 0.20708209276199344 0.13459289073944095 0.40443981351636998 0.0036443461838042506 0.50746562136952533 0.42924807234807366 -20.349383976743812 0.059462196226293326 0.21355056762695312 0.29039516170334617 0.62028041481971752 2.1427010278637488 0.060505390167236335 -0.045594811439514153 0.12061783563075931 0.40784984257367635 0.052929788827896125 22.792173520674897 0.033601493059186215 10.854778326837156 -143.59481026908091
decision_type=8 8 8 10 10 8 8 10 10 8 10 10 10 10 2 2 10 10 10 10 10 10 8
left_child=-1 13 12 4 5 7 15 20 16 -10 19 -7 -3 21 -15 -5 17 -6 -19 -9 -4 -2 -12
right_child=1 2 3 6 8 11 -8 10 9 -11 22 -13 -14 14 -16 -17 -18 18 -20 -21 -22 -23 -24
leaf_value=-0.043345811855349088 0.020283800270028275 -0.045850835726257838 -0.0063134250295840029 -0.028018905686270364 0.03799383666692803 -0.0057071456848534971 -0.048690346763662865 -0.039695781680688477 0.037494224653774492 -0.041793535815692208 0.036566057073381904 0.036468227101183449 0.021861016891365156 -0.03750604278081001 0.041871873391144732 0.024467421514936648 0.047878663173182213 0.02195584512119517 -0.032577281886058511 0.00027576671601144235 -0.053758738076107031 0.044675417280464313 0.0067666243560414452
leaf_weight=5.4733770582824937 5.9451148398220566 5.2087375293485811 0.96889466419816184 1.1589983515441415 1.9075847184285546 4.5428256299346677 5.4396836655214438 2.2089949082583193 1.6741767982020967 2.235989021603018 2.1548585793934762 8.2504661744460446 0.62600482534617174 2.7504923283122471 3.1179854273796082 3.909090002998707 11.568167389370499 0.95110073313117061 1.4012868017889557 1.453386655077338 5.7799142007716 8.7403095467016083 1.8825867725536225
leaf_count=434 46 224 10 59 7 36 167 80 7 68 16 32 3 62 11 40 41 7 47 32 113 37 37
internal_value=0.00445985 0.00805335 0.00117772 0.00555471 0.0120636 -0.00223202 -0.022066 -0.0238695 0.03095 -0.00712343 0.000937849 0.022164 -0.0364505 0.0281985 0.00462426 0.00982517 0.04022 0.014274 -0.0105565 -0.0271765 -0.048641 0.0367236 0.0267727
internal_weight=89.35 83.8766 63.3227 57.488 46.9802 27.2419 10.5078 14.4486 19.7383 3.91017 7.69983 12.7933 5.83474 20.5539 5.86848 5.06809 15.8281 4.25997 2.35239 3.66238 6.74881 14.6854 4.03745
internal_count=1616 1182 1026 799 533 356 266 288 177 75 165 68 227 156 73 99 102 61 54 112 123 83 53
is_linear=0
shrinkage=0.05


Tree=72
num_leaves=24
num_cat=0
split_feature=8 170 137 8 152 20 111 41 189 115 107 33 11 16 114 170 189 153 146 110 167 52 39
split_gain=7.09055 5.56091 4.87109 4.85298 4.16965 3.82219 3.28601 2.97574 2.61513 2.46786 2.42589 3.33841 2.68735 1.98999 2.90889 1.50466 1.1824 0.868419 0.599123 0.540704 0.418351 0.482072 0.37688
threshold=4.3736846456694671 -19.85212167953852 0.0029086751717004849 74.098081183597813 -1.5440660313111128 2.4371204554215362 0.095281657406558348 0.032934530661367346 92.500000000000014 0.077935222672064791 163.52483748011687 0.073534818026802923 4.5309695321095393 16.0234489440918 0.19292803970223329 -22.767120030344586 66.500000000000014 6.8009008872232171 0.059145677676499496 58.741648475702441 3.5000000000000004 29.113628387451175 -0.024329498643055555
decision_type=10 10 10 8 8 10 8 8 10 10 8 10 10 2 10 10 10 2 10 10 8 2 10
left_child=2 3 6 5 -3 10 -1 -4 17 -9 18 12 -12 15 -15 20 -5 -8 22 -16 -13 -22 -2
right_child=1 4 7 16 -6 -7 8 9 -10 -11 11 13 -14 14 19 -17 -18 -19 -20 -21 21 -23 -24
leaf_value=0.023246373577988925 0.033001072020464775 0.017015628636062274 0.041397093864191825 -0.040960223415772087 -0.046305602994328635 -0.012059164386579708 0.0060906557084376691 -0.042702544031686884 0.025789529559551067 0.023759917498568348 0.017039216654039121 0.045156042412380248 -0.044840713243481531 0.031161337043592436 -0.0020125714107924035 0.0041428789356914844 0.015853769608009809 -0.04878925770969305 0.050324326636216776 -0.042166412062821873 0.0049984469782299312 0.033764209845842739 0.0044122761253960465
leaf_weight=1.6464075036346919 1.9512575506232668 3.7179694855585694 3.6585866203531614 3.1210170560516413 5.3197742095217091 6.2426898861303917 0.5411927099339654 2.1892468850128357 0.75433654338121492 1.6276495503261683 2.7024208363145581 11.644364339299502 2.529897041618824 2.895026732236146 1.3640698045492174 4.0603835904039505 0.59884668327867974 12.63983271550387 11.415940110571681 1.7181064356118438 3.0762062380090347 2.7064382918179035 2.4834675043821335
leaf_count=23 9 36 17 150 244 42 11 46 4 14 21 52 36 13 24 30 7 695 42 26 44 11 48
internal_value=0.00555061 0.013694 -0.0178837 0.0193422 -0.0211563 0.0232031 -0.0331284 0.0140518 -0.0408994 -0.015312 0.0278893 0.0191193 -0.0152747 0.0259781 0.000287162 0.0327941 -0.0303928 -0.0462654 0.0437721 -0.0292419 0.0388826 0.0214547 0.0207489
internal_weight=90.6051 67.5479 23.0573 58.5101 9.03774 54.7903 15.5818 7.47548 13.9354 3.8169 48.5476 32.6969 5.23232 27.4646 5.9772 21.4874 3.71986 13.181 15.8507 3.08218 17.427 5.78264 4.43473
internal_count=1645 835 810 555 280 398 733 77 710 60 356 257 57 200 63 137 157 706 99 50 107 55 57
is_linear=0
shrinkage=0.05


Tree=73
num_leaves=24
num_cat=0
split_feature=166 117 157 4 32 121 118 117 132 9 109 154 20 179 166 137 1 164 34 109 158 16 20
split_gain=5.78738 4.28707 4.31699 4.34552 3.30683 2.99982 3.10757 2.82083 2.43308 2.30332 2.21604 3.08483 2.03816 1.99755 1.57514 1.52886 1.40341 1.28724 1.4774 1.22975 0.899611 0.892911 0.472793
threshold=2.0461988449096684 0.32582581324122006 28.997019767761234 10.668096072325389 1.6814573615316364 19.030469417572025 0.24216679774517558 0.42388193702896099 0.11101534962654115 0.54772727272727284 3.5893566786626283 52.870034832507379 2.2130580644755238 17.975500000000004 0.49510002136230474 0.0019908628673041642 1.5055593580124664 0.21355056762695312 0.14943999052047732 76.649884278036055 1.8952771423014954 12.918020248413088 -0.089632257534006485
decision_type=10 8 2 8 10 2 10 8 10 10 10 2 8 10 8 10 10 10 10 10 10 2 10
left_child=1 14 3 4 -3 6 9 12 -8 16 22 21 15 -5 -1 17 -6 18 -4 -7 -13 -12 -10
right_child=-2 2 7 13 5 19 8 -9 10 -11 11 20 -14 -15 -16 -17 -18 -19 -20 -21 -22 -23 -24
leaf_value=0.011229072825197365 -0.0432542873259694 -0.041295433989597383 -0.022347826816994154 -0.04533689336513419 -0.043389409715654879 -0.039843012881838502 -0.028645459750098134 -0.0095923373980698959 0.048024778103216675 0.031504943182374477 0.0038151607740041418 0.013494381471132168 0.0012894446088004838 0.023363189745632146 -0.046082657465186097 0.044468437638412503 0.012303671737874305 0.031278618246763402 0.021849995234145762 0.015359937735587002 -0.040158938570883831 0.042910194388427678 0.017736407837132217
leaf_weight=1.139165655709802 5.0987168168649069 2.3667597942985585 2.7597089949995297 5.6889632903039447 3.3800643039867344 2.8188829193823035 1.2001222674734915 5.5329717807471743 9.1064084256067854 1.1625711536034939 2.668029642198233 0.48873481713235412 6.1653010454028836 0.61960715055465687 3.9284370206296444 14.129006261937318 1.0255325790494678 6.8456366495229304 2.8036291282624006 0.7687317389063536 2.2331447745673358 2.9205549899488688 3.382409472018483
leaf_count=6 410 113 33 254 117 112 61 35 53 4 42 3 35 1 95 48 10 38 18 10 88 13 43
internal_value=0.00384431 0.0072127 0.0102436 -0.00131995 0.00612721 0.010902 0.0166463 0.022016 0.0248936 -0.0147675 0.0291552 0.00778434 0.0274896 -0.0363159 -0.033472 0.0333086 -0.0305474 0.0182332 -0.000138961 -0.0272447 -0.0294878 0.0276578 0.0417447
internal_weight=88.2331 83.1344 78.0668 39.8305 33.5219 31.1552 27.5676 38.2363 21.9994 5.56817 20.7993 8.31046 32.7033 6.30857 5.0676 26.538 4.4056 12.409 5.56334 3.58761 2.72188 5.58858 12.4888
internal_count=1642 1232 1131 924 669 556 434 207 303 131 242 146 172 255 101 137 127 89 51 122 91 55 96
is_linear=0
shrinkage=0.05


Tree=74
num_leaves=21
num_cat=0
split_feature=170 152 40 167 16 56 32 25 135 105 15 164 28 105 168 122 6 118 153 8
split_gain=6.29443 5.35011 4.66257 3.52171 4.00572 3.80278 3.5805 3.85755 2.99641 2.87297 2.4632 2.19214 1.74835 3.56592 1.43713 1.26093 1.09258 1.08411 0.0785848 0.0505018
threshold=-19.85212167953852 -1.7711663437624805 0.96148630678653724 4.5000000000000009 8.0818748474121112 0.10824906826019288 1.9547875589364538 0.15945713286343957 0.0062052831923943069 0.45421290397644049 0.50675675675675691 0.37714958190917974 2.0352652072906499 0.25893411040306097 3.1252104407497989 2.0360240936279301 15.559796088459471 0.19585761105856603 8.4306817426621752 5.050577429681252
decision_type=10 8 8 10 2 2 8 10 8 10 2 10 2 8 10 2 10 10 2 10
left_child=2 16 3 4 5 9 12 8 11 -1 18 -8 13 14 -6 -9 -2 -14 -5 -19
right_child=1 -3 -4 10 6 -7 7 15 -10 -11 -12 -13 17 -15 -16 -17 -18 19 -20 -21
leaf_value=-0.05027143294997867 -0.0086332996610726971 -0.048502805307555796 -0.040078401535278974 -0.0071965808064959821 -0.042236167891160081 0.033940397379674074 -0.049282086832849403 0.042319155014443943 0.022988619866473575 0.012893078228733857 0.015137166732751218 0.0054300735745899014 0.01207409980069071 0.030343227917710675 0.010710869717316818 0.0033754574591739642 0.038704148663058477 0.025137100510672045 -0.044151162270734824 0.047858652188488955
leaf_weight=4.7456957735121232 1.6084178173914554 8.702335868496446 3.6781226606108239 0.60400216933339734 2.2506276112981118 2.1611906811594963 4.9410194768570381 4.2619999777525646 2.5414172085002065 2.1207350250333548 2.455245038960129 2.3817076995037496 4.2065004506148425 8.7088552890345454 1.568787269759923 3.7458026129752398 1.8396692778915165 4.2055204263888326 3.5126865389756858 13.110040181782095
leaf_count=120 48 498 314 11 45 7 123 15 12 11 14 23 29 43 21 37 5 52 119 54
internal_value=0.00271512 -0.02914 0.00847956 0.011671 0.0154673 -0.0140927 0.020776 0.00242116 -0.0177658 -0.0316037 -0.0209301 -0.0329727 0.0300659 0.0136616 -0.0227787 0.0264995 0.0196461 0.0385845 -0.0411953 0.0440139
internal_weight=83.3504 12.1504 71.2 67.5218 60.9499 9.02762 51.9223 17.8719 9.86414 6.86643 6.57193 7.32273 34.0503 12.5283 3.81941 8.0078 3.44809 21.5221 4.11669 17.3156
internal_count=1601 551 1050 736 592 138 454 210 158 131 144 146 244 109 66 52 53 135 130 106
is_linear=0
shrinkage=0.05


Tree=75
num_leaves=19
num_cat=0
split_feature=39 170 4 189 140 137 183 1 8 151 2 46 2 134 55 46 53 144
split_gain=8.02036 4.70433 5.02277 5.49558 4.56341 4.38235 3.73029 3.09412 2.83995 3.98106 2.09787 2.78607 1.90977 1.38544 2.74762 1.32374 0.529155 0.759844
threshold=0.27651806768368598 -20.210517483593815 9.3470774131425607 18.500000000000004 -0.021210014820098873 0.0050380203652706105 21.819399833679203 2.0218159648904401 6.844823554628169 0.28474783324868813 1.0000000180025095e-35 -0.083155609839358643 164.2426357638096 9.4023318783573195 -0.041712760925292962 -0.013969225902504684 2.0604551735920409 0.068784915261837401
decision_type=8 10 8 10 2 10 10 10 10 8 8 8 10 10 2 10 10 10
left_child=1 2 7 10 6 -3 -2 8 9 13 -4 -12 -10 14 -1 -11 -14 -18
right_child=4 5 3 -5 -6 -7 -8 -9 12 15 11 -13 16 -15 -16 -17 17 -19
leaf_value=-0.034633033522805945 -0.04914454218055482 -0.046013614832810461 0.025514203474535986 0.040050119677667639 0.019256088801922498 0.020907283513342406 0.025250471919444118 -0.018262375883256892 0.010134906430450598 0.0063524876698138047 0.011649367819459392 -0.051373869019741315 0.052108840249789547 0.042687074547346181 0.030227386076690895 -0.044163245147067196 0.0062442973615563051 0.038832335850632657
leaf_weight=1.7389700585044847 12.179881618358197 5.6855655689723772 0.79922336339950284 2.8048858023248604 3.4166885591112068 3.1215573390945792 1.3088714089244593 3.4679528940469018 6.127024018205705 1.6411497723311184 1.8521357476711271 6.7071897606365383 11.657737717032434 4.545546967536211 3.0725264232605731 2.7415967253036806 3.2882122308947137 4.5943122431635857
leaf_count=59 794 270 2 13 34 18 9 21 48 10 19 155 38 19 23 46 33 24
internal_value=0.00147372 0.00963596 0.0151022 -0.0124915 -0.0281686 -0.0225812 -0.0406812 0.0230367 0.0270332 0.00790398 -0.0305851 -0.0379444 0.0365927 0.0255832 0.00485985 -0.0275813 0.0439915 0.0274716
internal_weight=80.751 63.8456 55.0385 12.1634 16.9054 8.80712 13.4888 42.875 39.4071 13.7398 9.35855 8.55933 25.6673 9.35704 4.8115 4.38275 19.5403 7.88252
internal_count=1635 798 510 189 837 288 803 321 300 157 176 174 143 101 82 56 95 57
is_linear=0
shrinkage=0.05


Tree=76
num_leaves=22
num_cat=0
split_feature=161 8 8 107 56 133 14 17 189 146 116 7 139 135 44 44 168 114 54 52 49
split_gain=5.0458 4.24255 4.31504 5.79994 3.9153 3.70008 4.04203 6.35176 2.1347 2.0853 1.9687 1.79213 1.48736 1.31078 1.01225 1.38101 0.880557 0.801982 0.775794 2.07412 2.12426
threshold=16.976949691772464 4.3736846456694671 54.658823927440054 163.52483748011687 0.045687556266784675 -1.2722340169023572 0.01066565425543249 3.0012559890747075 1.0000000180025095e-35 0.051517234890151052 2.1758380009748581 -135.37179146552754 0.001070901093550428 0.018962423958076482 0.0098988207545302066 0.015615091562181724 3.0705078776065591 0.26006441223832533 1.0722996515679444 26.432535171508793 89.74668994545938
decision_type=8 8 10 8 2 8 10 2 10 8 10 10 8 8 8 10 8 8 2 2 2
left_child=-1 4 3 10 11 -5 7 9 18 -7 -3 -2 -9 -4 -12 -16 -14 -6 19 20 -8
right_child=1 2 13 5 17 6 8 12 -10 -11 14 -13 16 -15 15 -17 -18 -19 -20 -21 -22
leaf_value=-0.042415778564924511 0.020722955793594428 -0.0031131210195907105 -0.042153708311326928 -0.043240080819317295 0.02681782495980238 -0.0018045390753297294 -0.036565142709599867 -0.0085896719463524462 -0.0087080982280616486 -0.053401988545037631 0.048059416968137703 -0.047079932120411727 0.0415159152563832 0.017927138675357994 -0.019009478508840195 0.031737874365850939 0.0065811285238296761 -0.0066406459202652665 0.046218791672809179 0.038877474750250392 0.028088749065925536
leaf_weight=4.7355591249652198 0.54097074270248402 2.6533839656040099 3.6775386892259112 2.8414188707247376 2.8448684467002749 2.9062749473378071 1.9321059416979571 3.397313172463325 3.2655372014269224 5.4951831116341063 13.832184237893667 6.9654488824307901 4.2212482006289074 0.53262400440871704 1.3070964431390213 2.6085333083756268 3.4316792069002986 2.7554090362973511 6.3985620359890163 4.0044576320797205 1.3032518345862625
leaf_count=430 1 36 180 69 18 39 62 40 35 55 60 363 24 3 31 36 35 41 22 15 6
internal_value=0.0028946 0.00619288 0.0115328 0.0151345 -0.0187788 0.00360728 0.00832821 -0.00712634 0.0255168 -0.0376436 0.0360785 -0.0403318 0.0172743 -0.032571 0.0417914 0.0143767 0.0284216 0.0118438 0.0337466 0.0184523 -0.0100387
internal_weight=81.6506 76.9151 63.8084 59.5982 13.1067 39.197 36.3556 19.4517 16.9039 8.40146 20.4012 7.50642 11.0502 4.21016 17.7478 3.91563 7.65293 5.60028 13.6384 7.23982 3.23536
internal_count=1601 1171 748 565 423 402 333 193 140 94 163 364 99 183 127 67 59 59 105 83 68
is_linear=0
shrinkage=0.05


Tree=77
num_leaves=22
num_cat=0
split_feature=170 150 131 164 136 8 23 163 39 2 43 112 2 23 26 37 4 13 115 166 51
split_gain=5.76834 4.07076 4.024 4.39877 3.44368 3.21077 2.57667 2.51632 2.24232 2.0419 4.48465 2.62037 2.67983 1.91961 1.70472 1.53838 1.44514 1.31631 0.899377 0.868114 0.363308
threshold=-20.687655828212907 0.21550941467285159 0.48208896079430735 0.21355056762695312 0.00023594613952208974 6.844823554628169 0.0010920143125518098 0.64435005187988292 0.21153200417757037 164.2426357638096 31.500000000000004 9.7310529735248625 244.4380378965183 0.0035215322676006469 0.0022026089023097924 0.62028041481971752 9.6316471522801059 0.19382718667562757 0.062996031746031758 0.11920070648193355 0.86143606468801459
decision_type=8 10 10 8 10 10 8 10 10 8 2 8 8 10 8 10 10 8 10 10 10
left_child=9 15 3 19 7 -4 16 -5 -7 10 -1 12 -11 17 -13 -2 18 -8 20 -3 -6
right_child=1 2 5 4 6 8 13 -9 -10 11 -12 14 -14 -15 -16 -17 -18 -19 -20 -21 -22
leaf_value=-0.04495754360519031 -0.046237937864438264 0.012419114777161538 -0.047743505303786703 -0.044565331658947029 0.048159397217052161 0.014512790738793413 0.019147179107353432 0.022801251006540305 -0.036668772664067331 0.026127846223918179 0.031024759550170974 0.047848087655353262 -0.035398904137948203 0.025435357468603054 0.0089900655565230674 0.014316420673808578 -0.00089844504162494773 -0.040032425297264577 0.010491221211436991 -0.044843598992931 0.021988765089877474
leaf_weight=2.5901183462701765 6.5678029460832468 0.34372286684811415 5.918723128270357 2.9448723271489134 8.5021355091594248 6.0214348062872869 0.58333467878401224 1.3764949804171918 2.0791687942110002 2.8626217423006866 3.2437648442573845 11.079227485693993 2.2709263041615486 1.7877827906049786 4.3878959924913952 0.74856081791222084 3.2781975022517136 2.8355363658629358 3.9555702898651353 3.2391970339231193 4.8169071217998853
leaf_count=44 402 2 308 66 37 43 5 17 103 25 25 59 45 24 40 9 44 108 39 143 50
internal_value=0.00244921 -0.00678401 -0.00113005 0.00825988 0.0147915 -0.0227262 0.021725 -0.0228546 -0.00120967 0.0212068 -0.00435201 0.0283112 -0.00242359 -0.00842985 0.0380398 -0.0390659 0.0294008 -0.0278871 0.0348852 -0.037839 0.0408913
internal_weight=81.434 54.9994 47.6831 33.6638 30.0808 14.0193 25.7595 4.32137 8.1006 26.4346 5.83388 20.6007 5.13355 5.20665 15.4671 7.31636 20.5528 3.41887 17.2746 3.58292 13.319
internal_count=1638 1400 989 535 390 454 307 83 146 238 69 169 70 137 99 411 170 113 126 145 87
is_linear=0
shrinkage=0.05


Tree=78
num_leaves=22
num_cat=0
split_feature=170 106 3 50 25 120 112 48 141 46 42 141 111 162 122 162 189 158 133 143 26
split_gain=4.65192 6.59858 3.87116 2.8545 2.8026 3.80881 2.2126 2.11042 3.34513 3.01986 1.97444 1.81225 1.80875 1.6536 1.5336 1.38811 1.25386 1.05311 0.563549 0.534155 0.311847
threshold=-19.85212167953852 0.65236135632223202 -63.2927163273066 0.28303946088827975 0.08759637470848626 0.66969696969696979 20.348539154647025 9.9376586106836395 2.3261342048645024 0.0066504516571587189 0.35499078920111066 2.0185550451278691 0.2983849007841331 19.968549728393558 2.0468873977661137 16.78810024261475 2.5000000000000004 1.8153358168248921 3.3930920831215876 0.076500112892822159 0.0016650187455497433
decision_type=8 8 8 8 10 2 10 2 2 8 8 2 8 10 2 8 8 8 8 10 8
left_child=7 16 13 4 5 -4 10 11 -9 -10 -6 -1 -11 -3 -13 -12 -2 -5 19 -18 -16
right_child=1 2 3 17 6 -7 -8 8 9 12 15 14 -14 -15 20 -17 18 -19 -20 -21 -22
leaf_value=-0.0070989435472857106 0.0089148175034761881 -0.047528452827419229 -0.041040368745055122 0.017245635059573057 0.021335290465568466 0.020191417716509577 0.042666470399775079 -0.035531571899473806 0.041548170969902376 0.017715311554624268 0.019224904647244974 -0.00061297438943687973 -0.037704280192546492 0.0092657424465605858 0.045002476923889624 -0.040690144781668408 0.0023660398569564662 -0.039529870134126288 0.0046971052711247147 -0.048942399301924455 0.021458318191950723
leaf_weight=3.0378820113837746 0.89671873161569238 3.6573858154006302 3.5609742309898191 0.43672880530357305 7.1664764760062116 4.7998085622675717 9.1936871851794404 3.4140983847901216 4.5063960682600728 1.9554616375826288 0.73499503545463118 2.9196965754963484 2.1176811293698847 1.3734687892720101 9.6716020628809893 1.8955661701038478 0.43981725350022216 2.6184444059617817 0.38234550599008521 8.9807144971564394 5.2351857814937839
leaf_count=31 33 93 244 1 43 29 38 38 13 18 17 43 80 9 49 68 17 147 12 532 47
internal_value=0.0033133 -0.00688795 0.00375968 0.0107098 0.0160351 -0.00748631 0.026247 0.0174176 0.000519318 0.0170768 0.00831416 0.0266634 -0.0128506 -0.0330577 0.0324884 -0.0232652 -0.0394605 -0.0291626 -0.0443012 -0.0465498 0.0386027
internal_weight=78.9951 46.1371 35.4375 30.4067 27.3515 8.36078 18.9907 32.858 11.9936 8.57954 9.79704 20.8644 4.07314 5.03085 17.8265 2.63056 10.6996 3.05517 9.80288 9.42053 14.9068
internal_count=1602 1283 689 587 439 273 166 319 149 111 128 170 98 102 139 85 594 148 561 549 96
is_linear=0
shrinkage=0.05


Tree=79
num_leaves=20
num_cat=0
split_feature=167 157 111 7 22 12 26 54 26 157 2 32 31 47 151 109 157 7 47
split_gain=5.03995 4.02423 4.00241 3.2399 4.12495 4.23085 3.48041 2.54865 3.90752 2.48718 2.15406 2.21972 2.41516 1.53558 1.00687 0.912866 0.738322 0.597359 0.0607895
threshold=4.5000000000000009 25.037488937377933 0.70670468340124082 20.275136808890817 0.00058737389062041832 0.4237562025509703 0.00074158085048286245 0.86285266457680254 0.00043933058484383361 46.896480560302741 144.55872707463178 1.945467956364155 0.11738205779112131 -0.36780208848617685 0.30640511642750778 3.5391626895346233 24.009750366210941 16.035049764308656 -0.40619682850645855
decision_type=10 2 10 8 10 10 10 2 8 2 8 10 10 10 8 8 2 8 8
left_child=1 2 7 4 5 18 13 8 -1 -2 -9 15 -13 -5 -8 -12 -4 -17 -3
right_child=9 3 16 6 -6 -7 14 10 -10 -11 11 12 -14 -15 -16 17 -18 -19 -20
leaf_value=0.031751803764215922 -0.047939391156118095 -0.049783328465267618 -0.044461069887959476 -0.038851778748222064 0.027349601935288667 0.01592005827507165 0.044531132968614662 -0.030894659706571511 -0.042891427577079984 0.0060643369058403715 0.048281541220013109 -0.037023523564345011 0.022733443916772306 0.013314394346746342 0.017796443015499052 -0.0096627457374239903 0.0037605627798103928 0.025981787736427689 -0.015208815399333084
leaf_weight=1.7180611961521268 5.685371258761732 4.3156826989725232 5.5894463364966205 1.6694969767704608 7.0266376165673128 4.2398900431580842 13.340632035862656 1.3416992840357096 4.5221795965917408 2.8297493387944996 5.0188673953525722 2.0400793184526265 2.8327375403605402 2.2135687908157733 7.3627806273289016 1.5032357075251637 0.73390404833480705 1.4492800757288935 1.3161933752708153
leaf_count=24 304 57 393 26 28 45 57 65 310 33 18 76 29 25 38 45 16 17 32
internal_value=0.00292732 0.007581 -0.0073776 0.0171729 0.000172404 -0.0199084 0.0283941 0.00381444 -0.0207936 -0.0312416 0.0152957 0.0220038 -0.00432895 -0.0124774 0.0362815 0.0367891 -0.0391151 0.00998062 -0.0452148
internal_weight=76.7495 68.2344 26.7495 41.4849 16.8984 9.87177 24.5865 20.4261 6.24024 8.51512 14.1859 12.8442 4.87282 3.88307 20.7034 7.97138 6.32335 2.95252 5.63188
internal_count=1638 1301 993 308 162 134 146 584 334 337 250 185 105 51 95 80 409 62 89
is_linear=0
shrinkage=0.05


Tree=80
num_leaves=22
num_cat=0
split_feature=161 170 143 4 189 167 118 171 2 142 22 178 167 48 39 107 153 185 149 52 53
split_gain=4.50513 3.38329 5.08065 3.6292 7.28546 3.09859 2.51063 2.32638 2.20778 1.92637 5.79481 1.76323 1.60527 3.56276 2.14937 1.71659 0.923453 0.841797 0.523308 0.396607 0.411335
threshold=16.976949691772464 -19.85212167953852 0.056800565375409819 10.668096072325389 18.500000000000004 4.5000000000000009 0.078677397726205953 1.8739821400069157 1.0000000180025095e-35 0.57698168963450625 -0.00013686060311691911 0.24752425503003783 4.5000000000000009 9.8906022071738438 0.11114012133029681 20.563810661031507 9.0273896807107885 17.824399948120121 18.500000000000004 15.985121726989748 2.0604551735920409
decision_type=8 10 8 8 10 10 10 10 8 10 10 8 8 2 8 8 2 10 2 2 10
left_child=-1 3 -3 5 8 6 -2 -4 -5 10 -8 -10 17 14 -14 -16 -7 19 -15 20 -11
right_child=1 2 7 4 -6 16 9 -9 11 12 -12 -13 13 18 15 -17 -18 -19 -20 -21 -22
leaf_value=-0.041242492584515802 -0.025523827959765003 0.033109979513964653 -0.047333901424140352 0.024150502943864251 0.038340404278851041 0.0045108195489060353 -0.046769904507165866 0.024574537149228748 0.015846958559254484 0.031817356823446573 0.033344318291754292 -0.050412844518578054 0.03947895073565897 -0.0011633853542431687 0.027922041080702828 -0.033224222897083114 -0.03832749666994989 0.013346995559743278 -0.040865826370581851 0.047851048561490847 0.002895447190000071
leaf_weight=4.0977688073180607 1.8871969217434514 2.6394853671081338 6.678799923043699 0.73970475792884549 4.052031554747372 1.8372217598371201 2.8024624884128571 0.68383469711989153 0.6766378693282612 3.2362721976824167 4.554688290692865 7.2710830727592111 7.7549344338476738 1.2903206530027085 1.0496880812570357 1.6905894926749168 2.0085007147863507 4.3514906531199804 1.6763142417185006 12.511715035885571 2.0383282764814794
leaf_count=423 46 23 364 2 27 18 73 2 3 37 16 199 33 24 5 81 72 41 27 43 40
internal_value=0.00428148 0.00742638 -0.0183224 0.0118452 -0.0112586 0.0179952 0.0217408 -0.0385151 -0.0359625 0.0243507 0.000882656 -0.0436311 0.029044 0.0139291 0.02727 -0.00859863 -0.0211548 0.037236 -0.0282442 0.042059 0.0228834
internal_weight=75.5291 71.4313 10.0021 61.4292 12.7395 48.6897 44.844 7.36263 8.68743 42.9568 7.35715 7.94772 35.5997 13.4618 10.4952 2.74028 3.84572 22.1378 2.96663 17.7863 5.2746
internal_count=1599 1176 389 787 231 556 466 366 204 420 89 202 331 170 119 86 90 161 51 120 77
is_linear=0
shrinkage=0.05


Tree=81
num_leaves=19
num_cat=0
split_feature=164 46 37 17 179 158 39 8 118 105 25 17 121 152 56 164 25 53
split_gain=5.05533 4.33691 3.23496 3.10977 2.93833 2.86342 3.80642 3.15727 2.74175 2.66932 1.4537 1.39698 1.3492 1.47407 2.66162 1.27637 0.656734 0.323342
threshold=0.19945001602172849 0.39506262160963213 0.2015793323516846 0.942327380180359 15.845000000000001 2.1190368420837333 -0.18877450190484521 16.604889684861156 0.09800355679647349 0.26656329631805425 0.046725348797913395 3.4893127679824834 7.9797916412353525 -0.45150675867741868 0.00090610980987548839 0.48660039901733404 0.24544611389138424 1.8943952286906967
decision_type=8 8 8 2 8 10 10 10 8 10 8 2 2 10 2 8 10 10
left_child=8 4 10 -4 9 12 -7 15 -1 -2 -3 -11 -6 17 -15 -8 -10 -14
right_child=1 2 3 -5 5 6 7 -9 16 11 -12 -13 13 14 -16 -17 -18 -19
leaf_value=0.020396784706716974 -0.045096501753164459 -0.024236933523543547 0.026808241062736094 -0.047584305262787674 -0.0029474732287522987 0.04060201988634235 -0.0042373362393877461 0.020917625432950945 -0.049408622006293236 -0.017840686448897303 0.031393501226404455 0.029618603187157717 0.021088972180802149 -0.036784123044722151 0.027603273872743212 -0.049560630250229332 -0.0059311270109373574 0.041561640415669045
leaf_weight=1.4057376696728141 3.1468593128956845 0.8616633145138598 1.0102604422718284 7.5579320958349854 3.492187273688617 2.6908283317461601 2.4902316862717262 2.8511183694936335 6.8907767932396382 1.9310963549651203 2.701166414655745 2.439224252011627 6.6885736305266681 1.5786169804632653 3.2736919904127717 4.2604287080466738 1.3096068850718436 11.851412170566617
leaf_count=30 99 46 6 548 38 8 48 25 353 46 42 15 42 50 35 84 29 65
internal_value=-0.00162954 0.00403442 -0.0214957 -0.0369277 0.0109787 0.0164536 -0.00339197 -0.0183878 -0.0334243 -0.0161364 0.0155762 0.00923078 0.0253239 0.0294923 0.00394985 -0.0355453 -0.0438646 0.0356331
internal_weight=68.4314 58.8253 12.131 8.56819 46.6943 39.1771 12.2926 9.60178 9.60612 7.51718 3.56283 4.37032 26.8845 23.3923 4.85231 6.75066 8.20038 18.54
internal_count=1609 1197 642 554 555 395 165 157 412 160 88 61 230 192 85 132 382 107
is_linear=0
shrinkage=0.05


Tree=82
num_leaves=21
num_cat=0
split_feature=39 164 120 162 162 179 150 4 156 52 13 37 131 109 147 56 156 113 146 11
split_gain=5.88008 3.45181 3.35992 3.12514 3.0291 2.59797 3.9364 2.52764 4.13822 2.27351 1.44853 1.38072 2.47197 1.15917 1.01587 1.62164 0.768403 0.720524 0.281071 0.246251
threshold=0.25593132326113333 0.20794963836669922 0.85449735449735453 21.09799957275391 21.146299362182621 15.919500000000001 0.43457150459289556 11.216077530005384 0.82464242178608294 45.922819137573249 404237.21201961028 0.35819581151008612 0.28436902961326288 0.00038859906231509286 0.13459289073944095 0.045687556266784675 0.80299443932288705 0.25926494691173657 0.048143753879744587 7.7658692283631909
decision_type=8 8 2 10 10 8 10 8 10 2 10 10 8 8 8 2 8 8 10 10
left_child=1 4 3 10 9 6 -3 11 16 17 13 12 18 -2 19 -16 -9 -1 -7 -13
right_child=2 5 -4 -5 -6 7 -8 8 -10 -11 -12 14 -14 -15 15 -17 -18 -19 -20 -21
leaf_value=0.005779181844195562 0.012546909371073393 -0.043643490079902959 0.020834337043026469 0.027609311573474557 0.025882952215926888 0.007667663728533042 0.019418903828155601 0.00035417368370062834 -0.044582974997950484 0.018316907696439896 0.013190570575794642 0.019549438455910024 -0.024180621539702404 -0.048300334545242317 -0.0092473245760520441 0.035699712787848732 0.034878022287423302 -0.047817039685881399 0.036761978880268636 0.044500173723093166
leaf_weight=0.47405013395473172 0.44900626875459693 3.2557609698269498 3.0257058693096033 1.2332195984199632 2.5127920545637608 1.8915738952346171 4.9861674113199115 2.6637564892880601 2.6364191602915525 1.3318181717768309 0.7440416896715768 3.595186523627496 2.7286981674842536 10.419142790837213 3.3097122469916931 3.0811500549316406 3.1628670673817396 5.1643380080349743 2.809495700057596 13.991064545698462
leaf_count=13 9 117 27 8 10 45 44 34 74 5 15 24 31 800 44 9 19 190 14 75
internal_value=0.00446204 0.011897 -0.0216247 -0.0324082 -0.0145577 0.0173016 -0.00751915 0.0224909 -0.00165192 -0.030555 -0.0404658 0.0288468 0.00854756 -0.0449411 0.0345429 0.0143207 0.0214587 -0.0431191 0.0284536 0.0407257
internal_weight=73.466 57.5949 15.8711 12.8454 9.483 48.1119 8.24193 39.8699 8.46304 6.97021 11.6122 31.4069 7.42977 10.8681 23.9771 6.39086 5.82662 5.63839 4.70107 17.5863
internal_count=1607 748 859 832 218 530 161 369 127 208 824 242 90 809 152 53 53 203 59 99
is_linear=0
shrinkage=0.05


Tree=83
num_leaves=24
num_cat=0
split_feature=161 26 135 119 189 165 54 15 105 146 140 46 41 55 178 23 4 21 122 183 15 143 119
split_gain=4.04409 3.56705 3.2996 3.10901 3.01006 2.00478 2.17349 1.82338 2.42948 2.1962 3.24875 1.6665 1.40222 1.52885 1.21948 1.0189 1.14967 0.972023 0.960724 0.764876 0.382166 0.378028 0.132789
threshold=16.976949691772464 0.0033932611693331355 -0.00046119890660547934 0.0005747449503760697 17.500000000000004 -0.018650054931640597 0.77032967032967048 0.7543103448275863 0.4867981374263764 0.058467879189730995 -0.28140246868133539 0.11473408015156951 0.212488536643962 -0.03449654579162597 1.2424418262022956 0.0011645498218784301 9.6316471522801059 1.4032975756298223 3.9159011840820317 20.801850318908695 0.061553030303030311 0.076500112892822159 0.012131659317777144
decision_type=8 8 10 8 8 8 2 2 8 10 2 8 10 2 8 10 10 10 2 10 2 10 8
left_child=-1 3 -3 19 14 6 -6 8 9 10 -7 -10 -12 -14 -5 16 20 -17 -4 -2 -11 -8 -16
right_child=1 2 18 4 5 7 21 -9 11 15 12 -13 13 -15 22 17 -18 -19 -20 -21 -22 -23 -24
leaf_value=-0.040053425892185197 -0.038835257781019455 -0.044902644259932262 -0.0094291797261957921 0.014199021658158763 0.022464470460963462 -0.038500644446376305 -9.4515242420210031e-05 -0.0074487095363920189 0.018721190961823387 0.01446383394223162 0.038665541242742241 -0.039049627035122797 -0.031442410839875583 0.024910848260124019 -0.0411446045551149 -0.02424320799839378 0.0085044537276269955 0.021021565363593665 0.027764450340416632 0.010037364518182948 0.043684749529853073 -0.040883963346684926 -0.0038050857802726847
leaf_weight=3.6482771579176179 2.5742958770133586 4.6785054332576692 2.8926848210394365 1.0341173275373878 2.215181248029694 2.071498564677313 0.69759819656610522 4.3290083836764088 1.5162977436557401 2.5155769819393852 3.8912630327977222 1.6595509708859029 1.4221885930746796 1.4097661939449606 2.2621439318172634 0.88346639485098366 3.6467689536511889 2.2964762840420008 2.2968686809763312 0.58071756176650513 21.738308783387765 2.1717998771928251 0.49303825898095999
leaf_count=430 121 190 41 8 42 81 13 25 7 64 19 48 59 17 73 50 48 35 20 11 120 57 27
internal_value=0.00524475 0.00816623 -0.0184163 0.0128134 0.0156669 0.0188537 -0.00946801 0.0220259 0.0250916 0.0284294 0.00558858 -0.0135892 0.0223991 -0.00420937 -0.0231805 0.0345168 0.0374969 0.00565458 0.00885862 -0.0295889 0.0413467 -0.0335546 -0.0372554
internal_weight=72.9254 69.2771 9.86806 59.4091 56.254 52.4648 5.08458 47.3802 43.0512 39.8753 8.79472 3.17585 6.72322 2.83195 3.7893 31.0806 27.9007 3.17994 5.18955 3.15501 24.2539 2.8694 2.75518
internal_count=1606 1176 251 925 793 685 112 573 548 493 176 55 95 76 108 317 232 85 61 132 184 70 100
is_linear=0
shrinkage=0.05


Tree=84
num_leaves=22
num_cat=0
split_feature=170 52 147 136 163 3 4 164 106 29 14 50 151 110 14 39 179 137 140 154 108
split_gain=4.8677 3.4135 3.68358 3.04735 2.50893 2.34312 3.10382 1.58332 1.54889 1.62969 3.20991 2.57109 1.46008 1.32593 1.23185 0.938823 0.916934 0.677675 0.55653 0.441902 0.356228
threshold=-18.867160934808574 13.98640012741089 0.1758559048175812 0.0007345969293451564 0.87164926528930675 -88.886987300646055 4.3687131718082695 0.38554954528808599 0.28491343449854062 0.73592571559130981 0.011435947838651555 0.061127539976079309 0.25136025284156432 863.17801140086533 0.0072574449233359364 -0.010975134558975695 17.529500000000002 0.0019908628673041642 -0.55264419317245472 54.987209905870266 -13.727858290718634
decision_type=10 2 8 8 8 8 10 10 10 8 10 8 8 10 8 10 10 8 2 2 10
left_child=1 3 5 16 -5 6 -3 8 -7 20 11 -11 19 -2 -9 -4 -1 -13 -14 -6 -10
right_child=13 2 15 4 12 7 -8 14 9 10 -12 17 18 -15 -16 -17 -18 -19 -20 -21 -22
leaf_value=-0.04383422311905745 -0.04498434731460417 0.023770597057810854 0.0049700764725864521 -0.034737264363022193 -0.027698285679731045 -0.010462445620646984 -0.03880871117861525 -0.021045866962026996 0.022068060503376553 0.030652100984842008 0.036157404318704324 -0.043258604981405879 0.0052361812347800083 0.012235592114590188 0.019523609165061555 -0.042896858613616695 0.012493461917869805 -0.0017199714988031243 0.039364287202094436 0.0095955199428154406 0.044556702121832915
leaf_weight=5.4798727512825254 5.3797865535598239 2.8345259358175099 1.1796519923955204 2.0603398024104536 1.1143735158257184 2.1912272721529034 3.201240552123636 3.0020835357718161 6.0619084471836713 1.5063749551773051 5.8729724180884659 2.682414977345613 2.0865570572204888 0.7644430948421358 2.524400741327554 2.4979481159243724 0.38106223568320263 1.4556931992992783 3.5674631814472377 0.63613077253103245 11.704923511017116
leaf_count=476 443 24 12 145 59 24 35 29 43 4 38 52 36 9 21 55 2 15 23 6 56
internal_value=0.00200076 0.00640573 0.0130739 -0.0134757 0.00447057 0.0173271 -0.0102186 0.021971 0.0261846 0.0291817 0.0129271 -0.0130475 0.0182154 -0.0371491 -0.00236242 -0.0297627 -0.0388848 -0.0318249 0.0294494 -0.0155844 0.0384685
internal_weight=68.1854 62.0412 46.7154 15.3258 9.46486 43.0378 6.03577 37.002 31.4755 29.2843 11.5175 5.64448 7.40452 6.14423 5.52648 3.6776 5.86093 4.13811 5.65402 1.7505 17.7668
internal_count=1607 1155 408 747 269 341 59 282 232 208 109 71 124 452 50 67 478 67 59 65 99
is_linear=0
shrinkage=0.05


Tree=85
num_leaves=24
num_cat=0
split_feature=164 162 40 181 107 147 169 38 31 150 24 41 14 121 184 8 46 115 8 111 14 46 34
split_gain=3.89368 4.92706 3.06278 2.75476 2.28846 2.40411 2.49415 2.36005 2.59008 2.01247 1.9021 1.82384 1.82384 1.79169 1.3583 1.3094 3.32874 0.984595 0.819369 0.725468 0.480261 0.375412 0.298404
threshold=0.21815013885498047 21.09799957275391 0.89750702600730103 3.4240000000000017 163.52483748011687 0.12418362498283388 -1.0000000180025095e-35 0.22678892178873053 0.081756603935674466 0.17762991786003116 0.003616179030832552 0.52394873702346734 -0.0029610410551247665 21.896215438842777 20.224299430847172 5.6972981377495531 0.02555778302039554 0.097800095648015326 69.157783888255224 0.33434602565842669 0.028753382811871561 0.40820674501841975 0.082211881875991835
decision_type=8 8 8 8 10 10 8 10 10 8 10 8 8 2 10 8 8 10 8 8 8 8 10
left_child=1 17 3 19 9 7 -7 13 22 14 11 -10 -4 -6 -5 16 -11 -1 -17 -2 -8 -20 -9
right_child=2 -3 12 4 5 6 20 8 10 15 -12 -13 -14 -15 -16 18 -18 -19 21 -21 -22 -23 -24
leaf_value=-0.047917428279629068 0.004736270482948929 0.027513528899696483 0.023785045326839324 -0.033010061939743846 -0.039598907043563961 0.021781549115389296 -0.046807842007769551 0.014428422558186937 -0.043334951481602359 0.0332984620940548 0.024681094655569488 0.015654128112658372 -0.040194837816237658 0.012393951207693243 0.021834232403416934 0.044631454545133467 -0.03741968496173631 0.0022921000287345365 0.0010053228053365016 -0.039207109018794511 -0.0033295182363490615 0.027021864298137202 0.041744087599664664
leaf_weight=6.711527826264498 1.0582253788597875 2.8260330194607386 0.73553492315113544 1.6222872799262433 2.4010756001807811 1.6933293677866457 3.1782131954096253 2.7932741367258149 2.4801178786437923 3.3575818920508054 2.6818685047328472 1.4426283666398405 3.6665791200939557 2.5272013582289219 1.083718955516815 11.952674833592029 1.715140219312161 1.0164155175443736 2.5974541474133721 2.1517260479740798 0.93974039074964766 2.1861363889183849 7.4080195773858577
leaf_count=415 21 14 3 94 68 10 65 19 43 16 14 21 439 23 8 53 62 30 28 74 28 24 57
internal_value=0.00421456 -0.0224708 0.00922684 0.0125485 0.0154527 0.00524376 -0.0210484 0.0128904 0.0215667 0.0262686 -0.00285366 -0.022868 -0.0270806 -0.0153439 -0.0110808 0.0311855 0.00716336 -0.0418076 0.0376522 -0.0270364 -0.0394751 0.0155115 0.0362205
internal_weight=70.2265 10.554 59.6725 55.2704 52.0605 27.5455 5.81128 21.7342 16.8059 24.515 6.60461 3.92275 4.40211 4.92828 2.70601 21.809 5.07272 7.72794 16.7363 3.20995 4.11795 4.78359 10.2013
internal_count=1629 459 1170 728 633 348 103 245 154 285 78 64 442 91 102 183 78 445 105 95 93 52 76
is_linear=0
shrinkage=0.05


Tree=86
num_leaves=19
num_cat=0
split_feature=40 170 3 164 132 162 178 38 8 54 8 154 15 110 32 45 144 14
split_gain=5.20533 3.74614 4.49731 2.98079 2.8821 2.41754 2.35021 2.2671 2.75664 2.16861 2.04455 1.42403 1.36818 1.24979 1.12152 0.73736 0.304531 0.28677
threshold=0.89750702600730103 -20.65600639598734 -56.077384529911718 0.21355056762695312 0.14287757873535159 20.342999458312992 1.0289779507841399 0.27059803071923599 8.2237057815381558 0.78319623971797891 5.6419210784895624 98.990104675292983 0.39736842105263165 48.641501298813473 1.947550193817295 0.040028005894962741 0.076397168434474583 0.004188335538177798
decision_type=8 8 10 8 8 10 10 10 10 2 8 2 2 8 8 10 10 10
left_child=1 6 5 11 12 15 10 17 9 -9 -1 -4 -5 -8 -12 -3 -10 -6
right_child=-2 2 3 4 7 -7 13 8 16 -11 14 -13 -14 -15 -16 -17 -18 -19
leaf_value=-0.0060705985898791039 -0.042137957052246877 0.003945069287655408 -0.042276479790960969 -0.03844644742982798 0.01623478369114743 0.016460497800269629 0.016185526560313353 0.016018973298067469 0.034748161700426161 -0.041458935975507753 0.046811991430601857 0.014882295023122225 0.0052219669021058629 -0.030046225543331102 0.015100885881553092 -0.050122630522716052 0.0097787461398188801 0.041582398183121073
leaf_weight=2.9320884393528166 4.7531101731583467 0.54146598698571224 3.1460740235634166 2.543884349288418 3.4672929774969834 1.4414599463343618 1.8693029219284643 1.9845181885175387 3.0087192519567907 3.2377218876499683 10.225800479762253 0.90599793475121249 3.2110853001940995 2.1309466934762895 5.4517720816656956 5.7909134635701776 3.3418229019735008 7.6351979961618781
leaf_count=44 589 20 162 149 36 7 24 47 25 91 41 8 26 28 44 181 33 43
internal_value=0.00348571 0.00754095 -0.00169227 0.00669885 0.0126132 -0.0335212 0.0233558 0.0205053 0.00428471 -0.0205525 0.0305492 -0.0290803 -0.0169149 -0.00952591 0.0373513 -0.0455919 0.0247265 0.0356619
internal_weight=67.6192 62.8661 40.2562 32.4823 28.4302 7.77384 22.6099 22.6753 11.5728 5.22224 18.6097 4.05207 5.75497 4.00025 15.6776 6.33238 6.35054 11.1025
internal_count=1598 1009 828 620 450 208 181 275 196 138 129 170 175 52 85 201 58 79
is_linear=0
shrinkage=0.05


Tree=87
num_leaves=24
num_cat=0
split_feature=170 42 153 138 48 139 30 164 141 178 30 138 40 52 153 166 164 10 154 41 52 169 44
split_gain=3.92821 3.46474 2.65417 2.47668 3.39571 2.471 2.41671 2.87775 2.15868 1.98597 1.97422 2.53185 1.23777 1.46316 1.1564 0.942191 1.10855 0.852338 0.636689 0.621899 0.514707 1.54905 0.199889
threshold=-20.65600639598734 0.50896841664250736 8.0428059907216234 0.069349847491641872 6.5571316475554093 0.0019533003749748557 0.18939514532446503 0.30789995193481451 1.9628878235816958 1.4727530898899146 0.10790409449505983 0.091527774932782149 0.50765887042374869 24.887847900390629 12.255801823983154 0.73869991302490245 0.37714958190917974 0.037749287749287756 92.926788330078139 0.064956816844642176 13.98640012741089 0.38455009460449224 0.0046510517430959309
decision_type=8 8 2 8 2 10 8 10 2 10 10 10 10 2 2 10 10 10 2 10 2 8 10
left_child=5 2 -2 4 -4 9 10 12 -3 20 11 -5 19 -14 -7 -12 18 -9 -17 -8 21 -1 -13
right_child=1 8 3 6 -6 14 7 17 -10 -11 15 22 13 -15 -16 16 -18 -19 -20 -21 -22 -23 -24
leaf_value=0.031728032581712758 -0.039501166021467443 0.023396372390279394 0.028870568058641112 0.030213588728116515 -0.04418828109659928 -0.032109780511875963 -0.0028543742289242708 -0.0011420043174263431 -0.044291812954609405 -0.006687592927662806 0.039368193892446585 -0.0065438804552989289 -0.027913114215260628 0.030795167378260282 0.012056815192800758 -0.029866313283742986 0.030569704912870956 0.035455727690645637 0.01031333103670188 -0.046803347983767771 0.039249981818618718 -0.02591103441644978 -0.036537868590641363
leaf_weight=2.0242354325018859 2.657813490368425 0.75906489323824544 1.5067452704533923 2.2474420452490511 4.0646558154840022 2.1374706882052115 1.1443324899300913 2.7536303028464317 6.2169998227618635 3.1576517308130851 9.3762660929933173 1.3359033064916732 1.0300816192757341 1.2376407533884046 2.0527641461230814 1.1516306737903499 1.7384858024306593 2.5815629423595965 1.1133749950677154 3.5311379006598145 12.318091982044278 0.97763215890154542 1.8778386858757583
leaf_count=12 50 10 11 15 213 48 15 37 727 43 51 12 62 4 18 42 12 13 8 64 63 63 42
internal_value=0.00350702 -0.00486509 0.00119607 0.00511393 -0.0230434 0.0200992 0.0107155 -0.00626961 -0.0349168 0.0277057 0.0215426 -0.00345433 -0.0259279 0.00374653 -0.0123187 0.0312762 0.00824412 0.019368 -0.0130062 -0.0384449 0.03477 0.0111724 -0.0285817
internal_weight=68.9925 46.3246 39.3485 36.6907 5.5714 22.6678 31.1193 12.2784 6.97606 18.4776 18.8409 5.46118 6.94319 2.26772 4.19023 13.3798 4.00349 5.33519 2.26501 4.67547 15.32 3.00187 3.21374
internal_count=1635 1388 651 601 224 247 377 195 737 181 182 69 145 66 66 113 62 50 50 79 138 75 54
is_linear=0
shrinkage=0.05


Tree=88
num_leaves=18
num_cat=0
split_feature=162 23 114 27 39 27 146 4 15 106 138 116 40 54 134 29 181
split_gain=3.25377 2.71364 3.57864 3.9261 2.57541 3.12855 3.35368 2.82545 2.18235 1.06174 1.64151 0.950395 0.920157 0.837526 0.656819 0.295178 0.170376
threshold=16.643500328063968 0.0011645498218784301 0.14415584415584418 -0.032840728759765618 -0.084789321105927212 -0.74172335863113392 0.058467879189730995 9.1626787416195672 0.37321428571428578 1.1907696280100135 0.12871679594309446 15.96434151027762 0.49288117571880946 1.0370879120879124 10.911575221999557 0.51460570208444389 4.6859999999999999
decision_type=8 8 10 2 8 2 10 10 2 10 8 8 10 2 10 10 8
left_child=-1 4 14 -4 13 11 8 9 -7 12 -11 16 -8 -2 -3 -13 -6
right_child=1 2 3 -5 5 6 7 -9 -10 10 -12 15 -14 -15 -16 -17 -18
leaf_value=-0.038939921267154023 0.012376584783217013 -0.00056511315240724558 -0.047537622965434262 0.018810108672646861 0.014923311638892045 -0.041190421512185021 0.011376059765893606 -0.01270567399432929 0.0093848076403887388 0.030326044759320964 -0.0096203130723410499 0.0017851671328180476 0.045135402610303715 0.040700858335593663 0.03681090555345614 -0.042843488151490111 -0.0078030277551731867
leaf_weight=3.172796042636036 5.5544289522804302 1.828107075300067 6.633225080324336 2.5146194996777913 0.6578660584054804 3.5258301675785395 3.6647259853780332 4.9871414699591687 3.4617241220548749 4.3727675653062734 4.2286394173279414 0.32010729052126441 8.2300553305540216 7.3778886650688946 2.1485854429192841 3.311088521964848 0.75787523854523908
leaf_count=415 39 42 349 31 17 249 27 45 26 26 29 13 63 34 12 189 35
internal_value=0.00394895 0.00665926 -0.0129173 -0.0292432 0.0119042 0.00494217 0.0108059 0.0191151 -0.0180967 0.0270886 0.011731 -0.0283319 0.0364231 0.0302971 0.0229679 -0.0393733 0.00456345
internal_weight=66.7475 63.5747 13.1245 9.14784 50.4501 37.5178 32.4709 25.4833 6.98755 20.4962 8.60141 5.04694 11.8948 12.9323 3.97669 3.6312 1.41574
internal_count=1641 1226 434 380 792 719 465 190 275 145 55 254 90 73 54 202 52
is_linear=0
shrinkage=0.05


Tree=89
num_leaves=24
num_cat=0
split_feature=26 131 184 148 166 23 135 46 3 110 14 2 138 39 1 159 159 115 39 111 148 48 111
split_gain=3.06742 2.67729 3.31235 3.06204 2.6063 3.46967 3.19036 2.13268 1.91355 1.73508 1.63669 1.34665 1.13353 1.12129 1.97761 1.05364 1.75143 0.96633 0.853855 0.607523 0.499474 0.178631 0.134726
threshold=0.0033932611693331355 0.30241024840660208 20.125299453735355 0.41421568627450983 1.236299514770508 0.00057739025975355417 -0.0044368163576728528 -0.11293517000682769 53.625456770923883 20.067503106237925 0.0096211395645276112 361.23823983180256 0.098786192566238704 0.33642599849651261 2.4763715723915882 85.863632202148452 54.906366348266609 0.10582306830907055 -0.18877450190484521 0.14836118543960794 0.20156250000000003 8.2424521547710849 0.32875206556043796
decision_type=8 8 10 8 8 10 8 8 10 10 8 10 8 8 10 2 2 8 10 8 8 2 8
left_child=1 2 3 7 13 8 11 -1 12 -2 -11 -7 21 15 -15 16 -3 19 -12 -9 -8 -6 -23
right_child=9 4 -4 -5 5 6 20 17 -10 10 18 -13 -14 14 -16 -17 -18 -19 -20 -21 -22 22 -24
leaf_value=0.022566716587856653 -0.042987399609168947 0.036035400114327071 0.027891902849264086 0.019916262936662394 0.015599108505844847 -0.034380972351776833 0.043587199606329688 0.0036420507855359943 0.011121106368914601 0.022980018483346243 0.015099155334271969 0.017454954226725907 -0.0451975567338063 -0.032620110469545598 0.032873259274465244 0.040106982038635337 -0.011940287905278645 0.007900465713824063 -0.036744584602020069 -0.049098307049036657 0.014050831055205042 0.0076213076064918757 -0.016207153107289374
leaf_weight=0.85083574336022139 3.9367532092146558 2.6248666539322612 3.6687502716667941 2.7494608147535482 0.54184550093487061 2.4779710297007118 5.0342214370612028 0.44207971822469794 2.6856393897905946 2.5502368800807744 0.46093575702980194 1.1948824233841149 4.5433730443473905 1.4574643105734169 1.1744787096977232 11.480748147703705 3.238581913523376 0.61991818784736175 1.9805628901813177 7.4462995042558759 3.6489396796096125 0.24278957233764231 0.45024500344879925
leaf_count=5 231 17 47 46 11 204 32 14 48 38 5 26 111 69 2 62 37 13 85 432 36 8 46
internal_value=0.00377959 0.00815384 -0.00893979 -0.0213758 0.0148203 0.00217838 0.0184989 -0.0342578 -0.0210843 -0.0219665 -0.000980708 -0.0173908 -0.0354853 0.0272642 -0.00239006 0.0316492 0.0116579 -0.0417161 -0.0254135 -0.0460654 0.033908 0.0044829 -0.00828847
internal_weight=65.5019 56.5734 15.7773 12.1086 40.796 20.8199 12.356 9.35913 8.46389 8.92849 4.99174 3.67285 5.77825 19.9761 2.63194 17.3442 5.86345 8.5083 2.4415 7.88838 8.68316 1.23488 0.693035
internal_count=1625 1266 557 510 709 522 298 464 224 359 128 230 176 187 71 116 54 459 90 446 68 65 54
is_linear=0
shrinkage=0.05


Tree=90
num_leaves=21
num_cat=0
split_feature=166 20 52 119 159 20 2 2 5 105 25 165 28 109 114 5 119 136 122 135
split_gain=3.8801 2.34467 2.75593 3.30228 2.74041 2.33089 2.57116 2.26518 1.82524 1.48844 1.44769 1.48693 1.0942 1.09359 1.03727 0.901916 0.671602 0.617275 0.567114 0.391637
threshold=1.7762994766235354 2.9092926645181039 13.98640012741089 0.0049091999914875851 62.000953674316413 -0.56815313026764958 191.10071634647974 45.614422370254275 77.335644963331873 0.33607646822929388 0.12626922950335054 0.55589962005615245 2.437259435653687 19438.982134896716 0.14039408866995076 9.7937132231060033 0.0049756257648002683 0.00046855200453536715 1.9723668759688737 0.0083842002524581131
decision_type=10 8 2 10 2 10 8 10 10 8 10 8 2 10 10 10 10 10 2 8
left_child=1 2 3 -1 15 6 8 14 -4 17 -7 -12 -11 -2 -3 18 -6 -8 -5 -16
right_child=13 7 5 4 16 10 9 -9 -10 12 11 -13 -14 -15 19 -17 -18 -19 -20 -21
leaf_value=-0.040952377297264121 -0.041988064380153296 0.033921687649560814 -0.045085612753130153 0.017378531959222215 0.013338169142019124 0.038765153438641918 0.0097380027673749352 -0.040094857363784563 0.010825940647145444 -0.029116458602523317 0.026717151999991431 -0.010112177821289479 0.01424439390313542 0.015975051756279311 -0.026237613517004058 0.034909193439096965 -0.035915219697060817 0.03929669820546311 -0.023602866406617105 0.010722458794552442
leaf_weight=3.8933670553378752 4.2656024377793065 1.4507069597020739 2.7671692580916014 0.63821352599188486 0.32312098145484958 13.228185403626414 4.0917630549520219 3.6330783679150045 1.8584639644250271 1.8736490434966993 5.5620676181279105 3.9909327351488173 2.0681797072757035 0.42468138225376595 0.83864601817913331 4.8940903746988624 2.2299169525504112 3.9930201061069965 0.80256073968484998 0.47209443314932287
leaf_count=360 502 4 60 9 1 83 43 55 12 26 35 34 24 2 49 50 197 19 50 6
internal_value=0.00470994 0.00840775 0.0119566 -0.0077691 0.0094385 0.0183842 0.00379142 -0.0182686 -0.0246905 0.0158005 0.028443 0.0118308 -0.00808731 -0.0348547 0.0134722 0.026133 -0.027682 0.0270554 -0.00576696 -0.0140462
internal_weight=63.2995 58.6092 52.2147 12.7813 8.8879 39.4334 16.6522 6.39453 4.62563 12.0266 22.7812 9.553 3.94183 4.69028 2.76145 6.33486 2.55304 8.08478 1.44077 1.31074
internal_count=1621 1117 1003 667 307 336 184 114 72 112 152 69 50 504 59 109 198 62 59 55
is_linear=0
shrinkage=0.05


Tree=91
num_leaves=20
num_cat=0
split_feature=167 52 56 150 143 47 112 114 34 144 168 132 121 51 137 29 115 114 107
split_gain=3.93034 3.29878 3.61155 2.38833 2.16636 1.9212 1.89223 1.53903 2.06001 1.68053 1.38663 1.12772 2.13342 1.66844 1.11306 0.565474 0.4508 0.140569 0.0514503
threshold=4.5000000000000009 13.98640012741089 0.044710874557495124 0.33999928832054144 0.034209554193416099 -1.7329687508434442 -14.499546866308183 0.36788399570354463 0.11281710863113405 63.189172594850952 1.9011617546103905 0.1859492510557175 14.985029220581056 0.81724234914900296 0.0060579615439595317 0.76735706969677253 0.045983086680761107 0.091206179441473564 258.0257403036681
decision_type=10 2 2 10 10 10 8 10 8 8 10 10 2 10 8 10 10 10 8
left_child=1 2 4 -4 -1 14 -2 9 -9 11 -10 12 16 -14 -3 18 -7 -8 -13
right_child=6 5 3 -5 -6 7 17 8 10 -11 -12 15 13 -15 -16 -17 -18 -19 -20
leaf_value=0.018248389318208241 0.0089519116338182998 -0.036336038029844558 -0.030073991615801002 0.030898003299816706 -0.044349863403248528 0.039428377983462763 -0.0019909457911316776 -0.037064170528752292 -0.009667546226404141 -0.010485978650039869 0.032121938644310503 0.04791195940323225 0.019797958751948775 -0.031238765388556314 0.011958180981925116 0.016449703528634299 0.012002775358176015 -0.045702238754206523 0.024653187701418514
leaf_weight=1.1210817974060754 1.9769374104216693 1.8704514477867622 1.3393353067804126 4.7096166000701487 6.2980936132371426 3.8867283714935237 0.28716050460934539 1.8394912944640935 3.0796909071505079 2.8548001474700859 3.2103545379359275 6.9424638263881215 1.8492527483031151 2.8820484979078174 1.3863677410408857 5.0852420188020906 3.9810626150574535 4.5128530017100275 4.3719376898370692
leaf_count=24 31 44 64 45 736 21 15 40 46 35 28 27 20 45 10 47 40 290 39
internal_value=0.00416047 0.00859761 -0.0123651 0.0150466 -0.0338469 0.0152589 -0.0292998 0.0183201 -0.00103392 0.0231407 0.0131418 0.0266903 0.0137951 -0.011317 -0.0177983 0.0352349 0.0284696 -0.0438813 0.0416565
internal_weight=63.485 56.708 13.4681 6.04895 7.41918 43.2399 6.77695 39.9831 8.12954 31.8535 6.29005 28.9987 12.5991 4.7313 3.25682 16.3996 7.86779 4.80001 11.3144
internal_count=1647 1311 869 109 760 442 336 388 114 274 74 239 126 65 54 113 61 305 66
is_linear=0
shrinkage=0.05


Tree=92
num_leaves=22
num_cat=0
split_feature=170 148 189 4 183 16 40 140 32 137 8 16 8 185 2 144 4 144 1 160 24
split_gain=3.66595 4.23032 2.82232 2.72648 4.2312 2.69886 2.55744 1.70194 1.65638 2.34475 1.37349 2.07097 1.20541 1.20045 1.01359 0.963604 0.604427 1.73736 0.553821 0.482355 0.226722
threshold=-19.85212167953852 0.41421568627450983 18.500000000000004 10.668096072325389 20.599850654602054 8.8696465492248553 0.96148630678653724 -0.42912173271179194 2.0202433529354278 0.00066753592354623192 6.3065344996488433 12.918020248413088 1.5287028120690138 21.737450599670414 22.926242767046244 28.69957641747877 1.0937627686751048 14.752273279320505 0.927055587205044 4.7352745229990978 -0.010352333072555541
decision_type=10 10 8 10 10 2 8 2 8 10 8 2 8 10 10 10 8 10 8 8 8
left_child=2 -2 13 5 14 7 8 15 10 12 11 -7 -10 -1 -5 18 17 -12 -4 -18 -13
right_child=1 -3 3 4 -6 6 -8 -9 9 -11 16 20 -14 -15 -16 -17 19 -19 -20 -21 -22
leaf_value=-0.042198241398961632 -0.045211566197951518 0.023898147577416744 -0.027906367616352346 0.010428184467532029 0.033623604151533142 -0.029011437646426243 -0.029770801379374042 -0.039515447957970302 0.019659154916225521 0.024007303716841039 -0.019622538326875879 0.033624797560316527 -0.038632148861093958 0.012560279529938351 -0.045294459264980415 0.030576487991555018 0.020249718037944484 0.036935438848861933 0.013011613625873325 0.045709911673185485 0.0070970803413458313
leaf_weight=2.5565594348590825 5.783883781405164 2.5304562943056226 1.0291336374357343 0.57646806165575881 2.2613097461871803 1.6754593062214578 1.4005755668040354 2.177169947186484 0.50899767875671331 4.8629408972337842 1.6153222140856116 2.3578648648690432 2.4069111391436309 0.86607259325683106 4.2756013779435307 1.5110507458448408 4.9739323877729502 2.0181155232712626 0.63012346392497431 13.636850609909741 1.9401275694835929
leaf_count=98 530 44 52 3 8 38 186 90 1 33 46 18 112 7 155 10 28 8 16 76 41
internal_value=0.00523434 -0.0238706 0.0101322 0.0133042 -0.0139102 0.0180476 0.0227534 -0.0132625 0.0255465 0.00442002 0.0310199 0.00805267 -0.026035 -0.028635 -0.0380234 0.00991867 0.0365758 0.0129831 -0.0133177 0.040285 0.0252499
internal_weight=61.5949 8.31434 53.2806 49.858 7.11338 42.7446 37.3971 5.34748 35.9965 7.77885 28.2177 5.97345 2.91591 3.42263 4.85207 3.17031 22.2442 3.63344 1.65926 18.6108 4.29799
internal_count=1600 574 1026 921 166 755 587 168 401 146 255 97 113 105 158 78 158 54 68 104 59
is_linear=0
shrinkage=0.05


Tree=93
num_leaves=21
num_cat=0
split_feature=39 8 115 43 20 145 50 8 26 56 131 7 3 15 20 167 3 8 5 158
split_gain=3.40084 3.02997 2.14889 1.99917 2.5111 1.90703 3.20607 3.38918 1.8455 1.70255 1.64403 1.53653 1.44802 1.25642 2.69975 0.776298 0.749082 0.491743 0.456438 0.075181
threshold=0.35169306651435123 4.3736846456694671 0.03883861236802414 81.500000000000014 -1.9805747711136741 1.8785558583339057 0.15629114022654716 15.631870741426917 0.0015162397606891163 0.086557626724243178 0.42837223283920173 28.965666184882068 74.853123376044735 0.42678571428571432 -1.287071483382533 3.5000000000000004 -16.402911564550646 6.4856678889414399 38.354398872801902 2.1427010278637488
decision_type=8 10 10 2 8 10 10 10 10 2 8 10 10 2 8 8 10 10 10 10
left_child=1 2 11 4 -2 16 7 -7 13 12 -10 -1 -4 14 18 -12 -3 -16 19 -8
right_child=3 5 9 -5 -6 6 8 -9 10 -11 15 -13 -14 -15 17 -17 -18 -19 -20 -21
leaf_value=-0.04382776876608746 0.019012600174475248 0.0066790316726827552 -0.035236102136981355 0.021577749080795537 -0.045253225694750703 -0.047353073090528788 0.0064180029010668591 0.015565354412715199 0.044236273635672459 0.035835996247621626 0.020679212846011503 0.019119262915859126 0.021623140849861899 0.024462265454424217 -0.0013275292948773695 -0.012454514578349115 0.038713003183721111 -0.043106665576614939 0.031420134975013052 -0.0091507253964253701
leaf_weight=4.5557310678996128 1.3224028616677967 2.8776130666956297 1.851622825721279 1.3457057529594747 6.2196772659663093 3.7664893968030837 0.4755281482357534 3.1955087610986084 6.6031915629282567 1.9741666531190274 2.9402677142061302 0.58209078852087248 0.99616473075002421 2.6593964323401451 0.93957025627605828 2.3145668688230217 8.152249967446549 2.8879334779921919 1.8613244423177091 0.74684029980562627
leaf_count=309 36 22 111 25 654 72 20 38 33 9 29 3 16 14 18 27 59 87 9 32
internal_value=0.0034277 0.00863626 -0.0149621 -0.0234576 -0.0330784 0.0148212 0.00744689 -0.0201461 0.0169102 0.00846202 0.0292842 -0.0347431 -0.014896 0.000258711 -0.0109696 0.00642708 0.0316055 -0.0352502 0.0204198 -0.00293152
internal_weight=58.268 49.3803 9.95978 8.88779 7.54208 39.4205 28.3906 6.962 21.4286 4.82195 11.858 5.13782 2.84779 9.57059 6.9112 5.25483 11.0299 3.8275 3.08369 1.22237
internal_count=1623 908 448 715 690 460 379 110 269 136 89 312 127 180 166 56 81 105 61 52
is_linear=0
shrinkage=0.05


Tree=94
num_leaves=23
num_cat=0
split_feature=40 167 114 169 16 17 154 32 46 165 152 98 109 109 19 45 138 113 37 131 47 42
split_gain=3.63851 2.79424 2.30781 2.81679 2.21197 2.37272 2.15862 2.02947 2.32213 2.38761 1.34848 1.34665 1.05624 1.36321 2.04861 0.971411 0.967897 0.615365 0.447306 0.580534 0.392553 0.159457
threshold=0.96148630678653724 4.5000000000000009 0.37807807807807814 0.91414928436279308 8.0307984352111834 2.0711469650268559 95.79737670719625 1.9883746306101482 0.02555778302039554 -0.018650054931640597 -3.2125149308703493 0.99686241149902355 6.1772358984579609 55.362473135331925 0.30246254801750189 0.24711451213520205 0.14582480281493224 0.21119865274445626 0.19605705142021182 0.45791613189327768 -0.36780208848617685 -0.068725497772296265
decision_type=8 10 10 8 2 2 2 8 10 10 10 10 10 10 10 10 10 8 10 10 10 10
left_child=1 2 4 15 5 -1 17 12 -9 10 -10 -5 18 14 -14 -4 21 -3 -6 -20 -11 -7
right_child=-2 6 3 11 7 16 -8 8 9 20 -12 -13 13 -15 -16 -17 -18 -19 19 -21 -22 -23
leaf_value=-0.040613691147940854 -0.038480456900124242 0.0093128296458704785 -0.0068965945691356195 -0.044028404334141916 0.005336050530640817 0.0052409514160606761 0.017905117741705518 0.029383308298372608 0.016758506394040744 -0.0035279229806892175 -0.045199289855336666 0.017585386171965221 -0.032257846949441664 0.034285941357487332 0.022753897031025105 0.032287990163131566 0.032229488081823895 -0.042787387272368478 0.043380664589043091 0.014821756851120228 0.028981780629503781 -0.021341575826021402
leaf_weight=2.2612696310970923 3.1403638469055286 0.28368654265068372 2.2653876235708577 3.6817218523938209 1.4397009338717968 0.35892204288393281 1.8990123106632379 4.3688907052855921 0.5440005632117394 1.1256333172786983 3.4211564993020147 0.52303752629086364 2.2990041717421255 2.9301972745452076 2.5003531526308507 2.666770446812734 2.0614438429474831 3.7504634952638298 13.816574311815204 3.6031888276338568 1.6601354712620375 0.69955997471697628
leaf_count=77 497 5 27 200 21 4 37 35 5 27 115 4 47 30 34 24 17 174 112 49 26 55
internal_value=0.00706647 0.0101347 0.0138833 -0.00823455 0.0186536 -0.00986221 -0.020106 0.0228726 0.00440553 -0.0134644 -0.0350357 -0.034458 0.0301561 0.0123693 -0.00461639 0.0161615 0.016874 -0.0380015 0.0364561 0.0385988 0.0183837 -0.0141606
internal_weight=61.3005 58.1601 52.2269 9.13692 43.09 5.3812 5.93316 37.7088 11.1198 6.75093 3.96516 4.20476 26.589 7.72955 4.79936 4.93216 3.11993 4.03415 18.8595 17.4198 2.78577 1.05848
internal_count=1622 1125 909 255 654 153 216 501 208 173 120 204 293 111 81 51 76 179 182 161 53 59
is_linear=0
shrinkage=0.05


Tree=95
num_leaves=24
num_cat=0
split_feature=161 167 180 158 52 107 164 136 16 153 48 161 4 17 150 47 4 6 23 46 143 10 46
split_gain=2.77624 2.29991 3.17409 2.24798 2.17486 1.77504 2.06596 2.9326 2.02797 1.99393 1.4048 1.17674 0.961836 0.905478 0.837695 1.15552 0.827241 1.14683 0.571431 0.434738 0.436753 0.385613 0.218148
threshold=16.989199638366703 4.5000000000000009 0.20300000000000026 2.5210119275611871 51.948982238769538 163.52483748011687 0.49910068511962896 0.00034718729711096381 8.8696465492248553 10.27609361465962 17.494962111567833 21.129949569702152 1.4379001368720956 0.96204030513763439 0.17310309410095218 -1.1441199154856763 4.7542895862786585 0.66352304035586707 0.0007876819063045783 0.26894946494072519 0.12450344958030227 0.045983086680761107 0.033601493059186215
decision_type=8 10 8 10 2 10 8 8 2 2 2 10 10 2 10 8 8 10 8 8 10 8 10
left_child=-1 2 10 5 -3 8 16 -8 18 12 11 13 -9 -2 15 -10 19 -18 -4 -7 -21 -16 -5
right_child=1 4 3 22 -6 6 7 9 14 -11 -12 -13 -14 -15 21 -17 17 -19 -20 20 -22 -23 -24
leaf_value=-0.036991138908464311 0.013300375304600204 -0.040207028137488166 0.011161266214234321 0.0023603650948257663 0.014418810313314261 0.039944741337230805 -0.039817752325303914 0.012134437890404364 0.026088818829174 0.029095535164209558 0.021070059462972947 0.017257660052809858 -0.035390683663928758 -0.043725489586770007 0.042763136683212383 -0.025373394657392481 -0.016381684173282614 0.026497247003643944 -0.029473710191281779 0.022801122067777221 -0.010737732498845312 0.015024638901819458 -0.033435120044272126
leaf_weight=2.6301734973676494 0.34434046177193689 3.4988991650752714 0.78938328707590932 0.36317701451480289 2.3802475547417998 4.7567413428332648 3.324201433453708 1.1073627083096664 1.5627181765157727 4.5771039049141109 0.9722069150302558 0.5707985246554016 1.6962101154495028 4.1872796597890556 12.601378125138577 0.92312980140559675 2.3783550502266744 1.9237982314079998 1.0546110167633742 1.0351543875876816 1.0223457701504228 2.991263452451677 1.4663988456595687
leaf_count=424 3 197 12 5 14 24 98 20 8 76 12 4 40 231 110 59 44 18 47 15 44 29 80
internal_value=0.00558069 0.00821593 0.0117788 0.0165311 -0.01921 0.0190926 0.0086327 -0.00681427 0.0295893 0.0110277 -0.0198277 -0.029796 -0.0183641 -0.0377712 0.0345765 0.00518151 0.0228426 0.00417367 -0.0142705 0.0325866 0.0080747 0.038668 -0.0280066
internal_weight=58.1573 55.5271 49.648 43.5733 5.87915 41.7438 21.8213 10.7049 19.9225 7.38068 6.07463 5.10242 2.80357 4.53162 18.0785 2.48585 11.1164 4.30215 1.84399 6.81424 2.0575 15.5926 1.82958
internal_count=1614 1190 979 729 211 644 379 234 265 136 250 238 60 234 206 67 145 62 59 83 59 139 85
is_linear=0
shrinkage=0.05


Tree=96
num_leaves=24
num_cat=0
split_feature=170 165 189 170 30 148 146 138 10 56 20 2 40 54 110 169 139 179 26 21 18 143 20
split_gain=3.24449 2.04598 1.94579 2.04753 3.41978 2.45506 2.1786 1.57141 1.51305 1.44797 1.23477 1.14693 1.1332 1.13294 1.02414 1.01181 0.997286 0.838409 0.803366 0.752644 0.455332 0.580324 0.253769
threshold=-18.867160934808574 -0.018650054931640597 17.500000000000004 -20.65600639598734 0.18716599409056919 0.16904761904761909 0.095858384048166864 0.044908820773779869 0.069204980842911892 0.079495668411254897 2.9092926645181039 164.2426357638096 0.61126819700002677 0.85880398671096347 863.17801140086533 0.26644992828369146 0.0025310672720810358 15.804 0.0017966733547273561 17.58623569107904 0.61063455592096727 0.2740544843400245 -0.40613035727828212
decision_type=10 8 8 8 8 8 10 8 10 2 8 8 8 2 10 10 10 8 10 8 10 10 8
left_child=1 13 9 11 7 6 12 -5 -7 -3 17 15 -6 18 -2 -4 -13 19 -1 -9 -19 -22 -14
right_child=14 2 3 4 5 8 -8 10 -10 -11 -12 16 22 -15 -16 -17 -18 20 -20 -21 21 -23 -24
leaf_value=-0.022755560667313508 -0.040984392346088416 -0.037080417098999383 -0.020422704557996184 -0.025690222868724862 0.028943823357992605 -0.047416380873480206 -0.035044566757550459 -0.024317798442693703 0.014286417870533705 0.017466540215062609 -0.01164893547769986 0.039730129831842563 -0.02452417950010986 -0.039302437560496201 0.0132786350217881 0.021054285271069478 0.0055386436980404616 0.038536423191726205 0.021000934492671236 0.019920631415267752 -0.0084456267130859942 0.026507616371461009 0.0082353800973937099
leaf_weight=0.76788811595179174 3.6001162338070563 2.4660848136991267 1.7100865247193753 0.92475575092249229 4.7821792042814169 4.1938481924589732 1.534854360623285 0.85106992837972462 0.74449471570551384 1.1435481533408163 1.6042782180011279 11.503741499036549 0.83111185347661376 2.2488455905113369 0.56773102586157609 2.2294237555470318 3.0035912038292727 9.38300783629529 1.6274101496674118 1.0057089510373771 1.5272083021700393 1.5649823716375975 0.2895659622736273
leaf_count=61 430 101 35 70 44 171 76 52 7 5 36 99 69 94 8 19 44 81 42 11 52 12 9
internal_value=0.00564391 0.00900265 0.011958 0.0147156 0.00611225 -0.013241 0.00524302 0.0202636 -0.0372749 -0.0197594 0.0242896 0.0273358 0.0192778 -0.0199745 -0.0324537 0.00256016 0.0334648 0.0288099 0.00440279 -0.00177086 0.0331551 0.0113992 -0.0161677
internal_weight=60.1055 55.9377 51.2935 47.6839 29.2371 12.3761 7.43771 16.861 4.93834 3.60963 15.9363 18.4468 5.90286 4.64414 4.16785 3.93951 14.5073 14.332 2.3953 1.85678 12.4752 3.09219 1.12068
internal_count=1628 1190 993 887 690 376 198 314 178 106 244 197 122 197 438 54 143 208 103 63 145 64 78
is_linear=0
shrinkage=0.05


Tree=97
num_leaves=24
num_cat=0
split_feature=178 167 16 153 134 186 135 1 24 112 14 135 159 41 141 142 164 23 133 119 110 114 113
split_gain=3.30442 2.67319 2.70094 2.1076 1.96382 1.79122 1.7655 1.74757 1.39773 1.29099 1.25856 1.1745 2.89292 0.866114 0.849796 0.659706 0.871823 0.627344 0.47617 0.468188 0.267295 0.232238 0.023395
threshold=2.5823001224123208 4.5000000000000009 8.0307984352111834 12.848127531436079 11.216707535257376 0.30385017395019531 0.0019969731294224593 1.2713554953135786 -0.00059653222115509932 -14.499546866308183 0.032576646625611175 -0.0047279448729527782 62.878957748413093 0.2315707080002524 1.9628878235816958 0.53881156415923859 0.49910068511962896 0.00045930820356068156 -0.84531155390928114 0.0011636177992805103 47.036516263333546 0.0897583429228999 7.8499501118012427
decision_type=10 10 2 2 10 8 10 10 10 8 10 8 2 8 2 8 10 8 8 10 10 8 8
left_child=1 2 4 5 14 17 10 8 -5 -3 -2 12 18 -9 -1 -13 19 -4 -7 20 -17 -11 -21
right_child=6 9 3 7 -6 11 -8 13 -10 21 -12 15 -14 -15 -16 16 -18 -19 -20 22 -22 -23 -24
leaf_value=0.012665864614127251 -0.045535943571016174 0.013754512028805231 0.011371633751486386 -0.040129408486700692 0.01534325823113309 0.03651591217992757 0.0086850269092696667 0.029291391095491667 0.0095652631578407865 0.0035758629812207652 0.012148663250146281 0.0024325473412441846 -0.033195215917822783 -0.0083784581252326438 -0.043991836995133489 -0.0064886814987485768 0.0058532003687719785 -0.031509630897858694 0.0023074692989144994 0.019467332028925966 0.020235871410032052 -0.041166846783207832 0.044095127745204285
leaf_weight=0.3346882583573455 4.7478219212498498 1.0608624259475616 0.74092895677313175 2.796748754568398 2.2864116251002997 3.0814863420091569 2.5896622510626912 3.1299435833934695 1.7436241256073097 0.14950406714342479 0.69636875810101617 1.8943011248484349 2.0383810013299808 1.8470919528044758 3.1172111558262259 0.87586205359548985 2.7530573040712616 1.1674306597560644 1.5445138975046573 2.4719256700482193 1.5352170255500821 2.918802504427731 13.184637886472046
leaf_count=3 287 21 8 209 47 35 35 21 16 7 27 34 128 48 164 30 24 50 38 45 35 238 87
internal_value=0.00477576 0.00958131 0.013124 0.0176474 -0.0168877 0.0237475 -0.0232401 -0.00275736 -0.0227634 -0.0251246 -0.0374172 0.0268357 0.00705222 0.0162484 -0.0368873 0.0320979 0.0345617 -0.0166753 0.0275348 0.0383998 0.0114716 -0.0386437 0.041609
internal_weight=58.7065 50.6726 46.5435 40.8052 5.73831 31.2877 8.03385 9.51741 4.54037 4.12917 5.44419 29.3794 6.66438 4.97704 3.4519 22.715 20.8207 1.90836 4.626 18.0676 2.41108 3.06831 15.6566
internal_count=1637 1288 1022 808 214 514 349 294 225 266 314 456 201 69 167 255 221 58 73 197 65 245 132
is_linear=0
shrinkage=0.05


Tree=98
num_leaves=22
num_cat=0
split_feature=112 122 162 115 19 4 105 166 133 118 52 56 5 13 111 46 121 138 154 26 41
split_gain=2.82232 2.84274 2.40855 2.28974 2.20119 2.15528 2.26972 1.64092 2.54124 1.26103 1.25813 1.0907 1.08529 1.07398 1.12371 0.939854 0.633926 0.554104 0.499692 0.451356 0.342771
threshold=14.50805852362862 4.0631132125854501 17.223800659179691 0.025978407557354928 0.1361258924007416 1.1268999096054333 0.32665890455245977 1.236299514770508 2.2240990807351362 1.0184003565301838 51.948982238769538 0.10824906826019288 9.4506883831178818 0.13787804682090751 39.715098078918707 0.30124151942531796 11.990261077880861 0.14163317730272282 67.93109512329103 0.00045199330291297084 0.40981333330273634
decision_type=10 2 10 10 10 10 10 8 10 10 2 2 10 8 10 8 2 10 2 8 8
left_child=1 3 5 11 -4 -2 15 8 16 20 -8 -1 -6 -9 -15 -7 -5 -17 -14 -11 -3
right_child=2 9 4 7 12 6 10 13 -10 19 -12 -13 18 14 -16 17 -18 -19 -20 -21 -22
leaf_value=-0.046391379707057354 -0.037871052322459624 0.034617789365807165 -0.025264088537681573 0.0020979023135185332 -0.0036773800818561591 0.034863671612785523 -0.039639851730457643 0.012797920577834999 -0.023644754513607549 0.012756680294141268 0.011728904088523624 0.0048098400426606755 0.0072071971560326966 -0.042916976531401405 0.012262025226212296 -0.023775417877472709 0.037032719525361225 0.017193646700621349 0.040489122693622918 -0.026867795299158184 0.0015049721828013119
leaf_weight=5.8248440426541555 2.3597993004368645 3.9835408756043758 1.1579264509491611 1.9823895003646574 1.714233437553047 4.5328747755847854 1.9986589057371023 1.0302206804044551 3.0677115267608315 0.38107313774526086 1.3755347374826667 1.0189722543582318 1.7925038828980167 3.7287696684943512 0.6772675672546028 0.829406688804738 3.6150853440631181 0.57086863787844777 10.652313442551529 1.0579608494881541 1.0381602843990543
leaf_count=447 240 52 37 35 35 33 53 40 42 7 7 14 33 222 6 62 29 5 104 77 53
internal_value=0.00254893 -0.00860384 0.0137787 -0.0174212 0.0261947 -0.00330246 0.00828598 -0.00499352 0.00837913 0.018485 -0.0208047 -0.0391267 0.031792 -0.0242991 -0.0337359 0.0254445 0.0268536 -0.00686836 0.0365879 -0.0154467 0.029159
internal_weight=54.3901 27.406 26.9841 20.9453 15.317 11.6671 9.30734 14.1014 8.66519 6.46074 3.37419 6.84382 14.1591 5.43626 4.40604 5.93315 5.59747 1.40028 12.4448 1.43903 5.0217
internal_count=1633 1024 609 835 209 400 160 374 106 189 60 461 172 268 228 100 64 67 137 84 105
is_linear=0
shrinkage=0.05


Tree=99
num_leaves=21
num_cat=0
split_feature=167 3 162 26 135 162 135 7 112 46 157 48 138 179 157 26 53 178 26 151
split_gain=2.45078 2.24891 1.86831 1.68741 1.75856 1.53178 1.2716 1.14163 1.7914 1.92345 1.79777 1.31907 1.00633 0.865596 0.783518 0.707086 0.696687 0.559841 1.15039 0.351414
threshold=4.5000000000000009 -67.271569809688927 16.643500328063968 0.0033932611693331355 -0.00046119890660547934 19.307199478149418 0.0069197199446133202 45.928116668324684 13.156893123230764 0.045395345857553816 28.997019767761234 6.3772287799985969 0.04247533595514897 17.670000000000005 46.896480560302741 0.00028269389472130083 1.7741985665841717 1.2531897087819619 0.0015276813666827043 0.31475812836303202
decision_type=10 8 8 8 10 10 8 10 8 10 2 2 8 10 2 10 10 10 10 10
left_child=1 5 -3 7 -5 6 -1 8 9 -4 13 -9 15 -11 -2 -10 -13 19 -19 -14
right_child=14 2 3 4 -6 -7 -8 11 12 10 -12 16 17 -15 -16 -17 -18 18 -20 -21
leaf_value=-0.042046476390671134 -0.039511680191167547 -0.031091390938104809 0.030157881570693296 -0.037070950272816081 0.013666302800577419 0.014010448787061473 0.01375655574101089 0.024240960814889703 0.020368204142659104 -0.039806936893727593 0.0099459408400696409 0.0074578629063271592 0.042296618041122662 0.014548629124029889 0.00082360115445254231 -0.024916308915562305 -0.036961169648397622 -0.01198125222629691 0.032842469025319676 0.015897007641367096
leaf_weight=3.8638764256611466 3.0102694862289345 1.5353803274920199 3.9838675484061268 2.2842592960223556 2.7598608229309312 1.982569853775203 0.77301626186817873 1.3162337399553501 0.60722421249374636 3.0405308683402823 5.237414913251996 0.87212196923792396 10.711527641629802 0.35766425728797901 1.6631522804964332 0.91780984122306108 1.7700870938133446 2.03767452458851 1.9304648009128866 3.3183798303361973
leaf_count=130 306 254 29 142 43 19 5 13 6 280 44 10 85 1 30 64 51 41 18 40
internal_value=0.00371082 0.00716214 0.0114144 0.0137006 -0.0116423 -0.018155 -0.0319535 0.01746 0.0205192 0.00523154 -0.00820416 -0.00650928 0.0296645 -0.0320788 -0.0275423 -0.00595971 -0.0242775 0.0328379 0.0120465 0.0375257
internal_weight=53.9734 49.3 42.6805 41.1451 5.04412 6.61946 4.63689 36.101 32.1426 12.6195 8.63561 3.95844 19.5231 3.3982 4.67342 1.52503 2.64221 17.998 3.96814 14.0299
internal_count=1611 1275 1121 867 185 154 135 682 608 354 325 74 254 281 336 70 61 184 59 125
is_linear=0
shrinkage=0.05


Tree=100
num_leaves=20
num_cat=0
split_feature=52 39 138 3 18 150 143 133 5 170 39 163 148 140 42 14 170 106 14
split_gain=2.54503 2.14865 4.62295 3.25064 1.88085 1.83281 1.56939 1.53172 1.05981 1.18805 0.931144 0.754976 0.839843 0.564693 1.10349 0.422976 0.325966 0.266433 0.146528
threshold=5.9739930629730233 0.19256899775937203 0.060386748185529852 -67.271569809688927 0.50813203401193985 0.17310309410095218 0.66993056846254473 0.93075622639936972 18.978044910258649 -23.655380190573265 -0.060789433494210239 0.5744004249572755 0.16904761904761909 -0.40518617630004877 0.42643313284767309 0.004188335538177798 -18.871873590438373 0.44047683163423151 0.01300886965423192
decision_type=2 8 8 10 10 10 8 10 10 10 8 8 8 2 8 10 8 10 8
left_child=6 3 5 4 -2 -3 -1 -6 9 10 -5 12 -10 14 -4 -13 -7 -11 -18
right_child=1 2 13 8 7 16 -8 -9 11 17 -12 15 -14 -15 -16 -17 18 -19 -20
leaf_value=-0.040708146119567662 -0.03708531858284822 -0.026059013453331795 0.016433144014121125 0.030290044291598484 -0.019779900452481597 0.038961752895945084 0.016302629587901584 0.030619813912696744 0.022097102762299089 0.00094219967087835136 -0.0078594859946676723 0.013367234169626258 -0.014176427189571933 -0.045749586289072129 -0.031992521138980712 0.037285188228311138 -0.003859879366133231 -0.031684930665520174 0.017259637915689657
leaf_weight=3.859879733179695 3.452897996408864 0.95961518678813895 1.2671059584245083 3.0618914584629238 1.8956963166128842 3.4996559575665742 0.99868378019891668 2.2419821901712567 2.7072366904467327 0.8012707731686558 2.08188845240511 4.0237844078801599 1.9078296676743773 4.1841616558376735 1.6774606340331932 11.086097076185977 1.0660134584177285 1.1629694707226006 0.63733061705715921
leaf_count=547 63 79 24 20 38 25 19 17 33 20 38 29 45 157 258 82 37 33 23
internal_value=0.00300558 0.00669759 -0.00986907 0.0131922 -0.0143349 0.0201789 -0.0282071 0.0081734 0.0212144 0.0039438 0.0160834 0.0269474 0.00724774 -0.0351317 -0.0122708 0.0321409 0.0315331 -0.0225476 0.00750373
internal_weight=52.5735 47.7149 13.2913 34.4235 7.59058 6.16262 4.85856 4.13768 26.833 7.10802 5.14378 19.7249 4.61507 7.12873 2.94457 15.1099 5.203 1.96424 1.70334
internal_count=1587 1021 603 418 118 164 566 55 300 111 58 189 78 439 282 111 85 53 60
is_linear=0
shrinkage=0.05


Tree=101
num_leaves=23
num_cat=0
split_feature=26 161 4 170 8 187 189 21 44 109 134 47 171 140 109 146 51 156 8 142 135 135
split_gain=2.90067 2.28908 2.05083 2.20776 2.03705 1.92594 1.62367 1.56687 1.55592 1.38399 1.37472 1.29308 1.00691 0.983936 0.969113 0.836896 0.711252 0.562849 0.581835 0.503325 0.0758841 0.0328117
threshold=0.0033932611693331355 16.976949691772464 9.6316471522801059 -18.745537741012971 54.658823927440054 0.24685001373291013 79.500000000000014 2.9185777912789543 0.004744550265184189 5.1720773575718875 3.3546421992491333 -0.6074265653827321 1.8739821400069157 -0.35288298130035395 242.58400217341224 0.047731720251687988 0.80283716717134701 0.91514624976608339 6.7614117000684946 0.71418534180356585 -0.0047279448729527782 -0.0015464228426192528
decision_type=8 8 10 10 10 10 8 10 10 10 10 10 10 2 10 8 10 8 8 10 10 8
left_child=1 -1 3 4 6 7 8 10 -3 -2 -4 -10 -5 21 -6 16 -8 18 19 -17 -21 -11
right_child=9 2 5 12 14 -7 15 -9 11 13 -12 -13 -14 -15 -16 17 -18 -19 -20 20 -22 -23
leaf_value=-0.032727746326138667 -0.040675041541318735 0.023068186913067473 -0.026464575582352518 -0.034654301340602892 -0.033097107878610643 0.028645630355251625 0.02024259126171922 -0.039484431770006073 0.014863274185505041 -0.025282860107109152 0.028678530273089694 -0.036316325503258272 0.019067803211764919 0.02136875749903306 0.018953555862803027 -0.0078221858642507549 -0.023208793761736023 0.0081435837638405909 0.041325674317047076 0.0084139879799993381 0.030716008289973062 -0.001820948807001947
leaf_weight=1.7782671572640527 3.172254266566596 4.0890445017721504 0.97771819098852519 1.8786669354885881 1.632421639747917 1.7482479084283111 0.95555425318888854 3.3957787739345804 1.3322469515260311 0.94463508692570031 1.7046760007506234 2.0961731150746346 0.50837077293544997 1.8883165612351147 0.57212041970342387 1.1906282599084139 0.81801504781469703 2.57818344910629 16.427254054462537 1.6684295558370648 1.6047686215024444 0.34051532088778935
leaf_count=320 250 29 54 179 124 23 13 100 17 67 21 50 2 35 3 37 70 39 113 39 14 7
internal_value=0.00779357 0.0121527 0.0145897 0.0193821 0.0226426 -0.00788687 0.0258193 -0.0209571 0.00465141 -0.0217261 0.00685061 -0.0175631 -0.0209613 0.00242311 -0.0178897 0.0317057 -0.000940467 0.0341104 0.0367966 0.0156163 0.0239774 -0.0225836
internal_weight=53.3023 46.9566 45.1783 37.3519 34.9648 7.82642 32.7603 6.07817 7.51746 6.34572 2.68239 3.42842 2.38704 3.17347 2.20454 25.2428 1.77357 23.4693 20.8911 4.46383 3.2732 1.28515
internal_count=1606 1247 927 729 548 198 421 175 96 359 75 67 181 109 127 325 83 242 203 90 53 74
is_linear=0
shrinkage=0.05


Tree=102
num_leaves=21
num_cat=0
split_feature=166 170 147 156 22 117 31 114 51 16 15 118 55 3 107 3 155 157 157 12
split_gain=3.45253 2.52667 1.92324 2.20546 3.00571 1.93442 1.83121 1.71542 1.33076 1.20969 1.00799 0.974904 0.965233 0.931051 1.48577 0.805377 0.635121 0.395409 0.0307977 0.0125611
threshold=1.3592491149902346 -20.687655828212907 0.13459289073944095 0.87161321780996392 0.00039361526800130213 0.4051563120086627 0.010718946614284143 0.09449404761904763 0.80102493140786879 7.9291143417358407 0.34891304347826091 432808.20000762492 1.9931139945983889 7.560246349586401 246.98444570129422 -263.56097351688663 0.14001882060652429 38.428009033203132 33.040086746215827 0.43110460198294681
decision_type=10 8 10 10 10 10 8 8 10 2 2 10 2 10 8 8 10 2 2 8
left_child=1 9 3 4 5 7 -2 -3 -6 -1 11 -7 -4 18 -15 -8 17 -5 -11 -9
right_child=6 2 12 16 8 10 15 19 -10 13 -12 -13 -14 14 -16 -17 -18 -19 -20 -21
leaf_value=-0.011692703804419167 0.02246676614087717 0.010487076850918882 -0.040764532381294155 -0.019023122582395163 0.034647765655522189 -0.031765309702170494 0.0079900259418025869 -0.047301016258757871 -0.0040654010010303448 0.020680953570256257 0.026415735993214836 0.020165227178287632 0.0085281017201718958 0.02562284935246294 -0.01843222453144926 -0.043578967239119956 0.037336755810663619 0.016577412294589727 0.042916081640266016 -0.008215064025468061
leaf_weight=1.6798651888966585 0.8453280043322583 1.3182532105129299 2.9097525762626897 0.58593793213367351 4.2557362318038932 1.4343420197255912 0.54634573485236615 4.9440053998259827 3.5148807317018509 3.5661619964521361 1.9718419699929652 0.59962882380932558 0.92736833496019233 4.2838468314148477 2.1254765023477376 5.0020756718004122 4.326432537054643 0.54433792107738554 5.5761147022712976 0.49794426071457554
leaf_count=35 6 19 168 68 22 85 17 252 31 41 13 3 22 37 47 626 56 5 27 42
internal_value=0.00371233 0.00873787 -0.000714981 0.00489447 -0.00368406 -0.0200339 -0.0280981 -0.0346836 0.0186697 0.0232069 0.00667876 -0.0148554 -0.0295511 0.0274554 0.0104973 -0.0380563 0.0300933 -0.00214449 0.037137 -0.045555
internal_weight=51.4557 45.0619 27.8305 23.9933 18.5366 10.766 6.39375 6.7602 7.77062 17.2315 4.00581 2.03397 3.83712 15.5516 6.40932 5.54842 5.45671 1.13028 9.14228 5.44195
internal_count=1622 973 786 596 467 414 649 313 53 187 101 88 190 152 84 643 129 73 68 294
is_linear=0
shrinkage=0.05


Tree=103
num_leaves=21
num_cat=0
split_feature=52 16 56 107 56 132 55 51 155 147 38 159 2 0 31 181 154 2 134 55
split_gain=2.1965 2.40766 2.3269 2.19797 2.07974 2.0313 1.99088 1.74941 1.45776 1.57172 1.01533 1.16354 1.00207 0.972126 0.792715 0.790844 0.662186 0.429491 0.253944 0.365496
threshold=27.986377716064457 11.002905607223513 -0.051395297050476067 273.46029013345895 0.10824906826019288 0.11101534962654115 -9.9605031013488752 0.83816140506110826 0.15322510703217099 0.090928554534912123 0.50377582657042963 99.989196777343764 76.088694781408421 0.31673809885978704 0.08501367572221448 4.9870000000000019 47.967911481857307 164.2426357638096 0.16082636007375997 -26.932922959327694
decision_type=2 2 2 8 2 10 2 8 8 10 10 2 10 10 8 8 2 10 8 2
left_child=1 4 6 5 10 -3 -2 13 9 -5 11 -1 -7 -8 -4 16 -14 18 -17 -20
right_child=2 3 14 8 -6 12 7 -9 -10 -11 -12 -13 15 -15 -16 17 -18 -19 19 -21
leaf_value=-0.047082587348125163 0.022385709892888971 -0.029493696041825425 0.037292357433961483 -0.028463138742114643 0.020876188021386813 -0.018883834061480323 -0.01791106872308245 -0.04318885616521928 -0.039988197791056931 0.028808741904127296 0.01009112246749785 0.014867015011611112 0.019727330274752611 0.019063344207344582 0.0079467998769146998 0.020474127208700298 -0.023686526804660393 0.039421910969341875 0.013995307157243939 -0.020911006414091372
leaf_weight=6.7396442609606328 3.9347718372009695 1.2851489001186589 6.7896921942010495 1.1193833365105086 1.1903539476916192 0.59348387131467362 2.4328809792641568 2.7573083359748125 2.9474213771754876 1.789279388845898 0.6582316270796581 0.3834244799800216 0.73667120118625173 2.692737864330411 4.2086081765592107 0.53349637985229548 0.79369059461168945 5.9448666345560923 0.45259496360085893 0.66642055159900349
leaf_count=533 27 144 38 114 17 82 35 60 246 23 35 3 13 21 33 1 68 71 6 54
internal_value=0.00110256 -0.00872954 0.0121343 0.00263827 -0.0282175 0.0154039 -0.00334663 -0.0172651 -0.0201017 0.00512485 -0.0372498 -0.0423282 0.0235367 0.00145444 0.0276612 0.0278871 -0.00325108 0.033808 0.00636377 -0.00685083
internal_weight=48.6501 25.8341 22.816 16.8625 8.97165 11.0064 11.8177 7.88293 5.85608 2.90866 7.7813 7.12307 9.72122 5.12562 10.9983 9.12774 1.53036 7.59738 1.65251 1.11902
internal_count=1624 1410 214 822 588 439 143 116 383 137 571 536 295 56 71 213 81 132 61 60
is_linear=0
shrinkage=0.05


Tree=104
num_leaves=24
num_cat=0
split_feature=132 114 145 50 147 159 56 114 12 160 45 180 110 39 111 120 10 162 182 166 139 151 166
split_gain=2.50534 2.55166 2.46792 2.09784 2.07523 2.50469 1.89767 1.74181 1.65852 1.11094 1.48116 1.32595 0.962579 1.06711 0.830222 0.824511 0.584523 0.351164 0.175364 0.165546 0.156159 0.142032 0.0804878
threshold=0.1497088968753815 0.36700680272108849 1.7928754488627119 0.052520042731427012 0.10478860139846803 98.812549591064467 0.045687556266784675 0.13079116179615113 0.44551008668897857 2.050318022451409 0.21397333224045909 0.31700000000000111 244.25271116135039 -0.20698699494823811 1.1037265824318003 0.55277777777777792 0.05634920634920635 21.146299362182621 1.2895459603475079 0.85749912261962902 0.0013347074116351503 0.26561569597567486 0.79015064239501964
decision_type=10 10 10 8 10 2 2 8 10 10 10 8 10 10 10 2 10 10 10 10 10 10 8
left_child=3 4 -3 -1 9 6 16 15 -9 11 19 14 13 -4 -2 22 21 18 -15 -11 -12 -6 -5
right_child=1 2 12 7 5 -7 -8 8 -10 10 20 -13 -14 17 -16 -17 -18 -19 -20 -21 -22 -23 -24
leaf_value=0.022330509768028639 -0.024021587188747209 0.027019983766307751 0.013884890246091443 0.00021071853330125454 -0.0075556850031369156 0.031455899187125588 0.020410555237474034 -0.04690714758512337 0.01695735663613963 -0.0012536951716308994 0.0031199101597865187 0.0396321435914333 0.012769009238732166 -0.045016326774925362 0.020221552937971399 0.019861625609093235 0.0015010199336004844 -0.0033062122067294948 -0.0020394297431769819 -0.030175903591334319 0.029574392462269145 -0.044526998981101809 -0.024648567189019477
leaf_weight=1.9680582112632663 1.0605647385818948 2.0427531853783858 0.61147062899544824 0.37485706247389239 0.77641079411841785 2.553452042513527 1.5027507548220453 6.0638027668464938 0.66897163586691011 0.75420116679742832 1.0072705043712633 10.630788513692094 0.84521020809188474 4.6677146875299513 1.18869615602307 2.0203863780479878 0.92478374857455481 0.81334548443555821 0.34970292472280551 1.2031587703386319 1.9541905635269357 3.1713336341781542 0.8471312577603386
leaf_count=27 34 37 7 7 40 38 17 466 23 10 46 103 9 361 23 23 31 7 10 47 25 144 58
internal_value=0.00182658 0.00840625 -0.0131397 -0.0171528 0.0161302 -0.00336501 -0.0196857 -0.0262676 -0.0391892 0.0255687 0.00421526 0.0328323 -0.0262989 -0.0324516 -0.00161243 0.00347691 -0.0334217 -0.0386322 -0.0428576 -0.0232239 0.0236354 -0.0402525 -0.0203599
internal_weight=48.001 36.0578 9.3302 11.9432 26.7276 8.92873 6.37528 9.97515 6.73277 17.7989 4.91882 12.88 7.28744 6.44223 2.24926 3.24237 4.87253 5.83076 5.01742 1.95736 2.96146 3.94774 1.22199
internal_count=1593 989 431 604 558 270 232 577 489 288 128 160 394 385 57 88 215 378 371 57 71 184 65
is_linear=0
shrinkage=0.05


Tree=105
num_leaves=24
num_cat=0
split_feature=3 51 179 178 111 55 170 156 161 24 24 160 117 161 160 142 20 1 27 55 28 142 118
split_gain=2.33046 2.03758 2.16481 2.15466 2.06958 1.42291 1.42277 1.41048 1.33418 1.08386 1.01287 0.952066 0.749372 0.714637 0.591958 1.32152 0.604798 0.577765 0.532848 0.400385 0.369041 0.435503 0.272021
threshold=-67.271569809688927 0.87826230959432849 14.351500000000001 2.1602534306323649 9.5526264764332982 -2.0186396837234493 -25.127146080641776 0.7265227110263176 16.976949691772464 -0.010232414004625786 0.01160137487575265 16.510994221732847 0.44698486115831054 21.452750205993656 2.6841923560758523 0.52504672301157818 -1.2366673139079309 1.4232981688616191 -0.74172335863113392 1.9267349243164065 1.8419014215469363 0.5689789649456819 235823.79236130844
decision_type=8 8 10 10 8 2 8 8 8 10 8 10 10 10 10 10 10 10 2 2 2 10 10
left_child=6 3 11 7 -5 -4 -1 -2 -9 -8 14 12 13 22 16 -16 -10 -17 -18 -11 -20 -22 -3
right_child=1 2 5 4 -6 -7 9 8 10 19 -12 -13 -14 -15 15 17 18 -19 20 -21 21 -23 -24
leaf_value=0.020613370173310646 -0.019878758642068162 -0.044686761138057605 0.029173611450185377 -0.038847069657440642 0.020795694207348895 -0.021971649062559676 0.0096157425633631704 -0.022448861241896604 0.0010474723882735587 -0.045180795785723947 -0.013618250992057879 0.013015403336975945 0.0092810256840343153 0.0058783362195982628 0.031580138908774487 -0.027983893490355391 0.0020365543947234838 0.012163986720187219 0.0056623043774124641 -0.006723997401695431 0.0097680474220704066 0.041650690475181489 0.0017110037089896929
leaf_weight=1.0304342899471519 1.2613219905179054 4.499998555518685 3.7135827408637851 2.433651966857723 1.6896773151820523 1.0774452780606223 1.058520265156403 0.7699518144363563 1.5665108372923118 3.5985938563244417 0.97785799112171901 0.89116323622874904 0.62179000652395178 0.62862427998334158 1.8824421144090582 1.5055910481605681 1.338508439599553 0.69107378786429752 1.3047862185630688 1.2571037668967617 1.94087168725673 13.431737288134171 0.25867318233940739
leaf_count=13 48 456 75 143 32 82 42 123 49 105 12 22 23 9 17 73 43 10 29 28 28 137 17
internal_value=0.00473755 0.00920337 -0.00807771 0.015812 -0.0151178 0.0158637 -0.0203025 0.0209674 0.0236709 -0.0293816 0.0259315 -0.0246048 -0.0312449 -0.036643 0.0280519 0.00816717 0.0315959 -0.0154993 0.0340574 -0.0380732 0.0363667 0.0384678 -0.0423055
internal_weight=49.4299 42.4853 11.6913 30.794 4.12333 4.79103 6.94465 26.6707 25.4093 5.91422 24.6394 6.90025 6.00909 5.3873 23.6615 4.07911 19.5824 2.19666 18.0159 4.8557 16.6774 15.3726 4.75867
internal_count=1616 1428 684 744 175 157 188 569 521 175 398 527 505 482 386 100 286 83 237 133 194 165 473
is_linear=0
shrinkage=0.05


Tree=106
num_leaves=24
num_cat=0
split_feature=112 39 7 165 48 134 110 145 3 13 25 105 20 148 181 33 112 133 168 157 154 168 145
split_gain=1.91285 2.47956 1.81397 1.65547 1.88766 2.09997 1.74891 1.61694 1.39523 1.26641 1.12705 1.06258 0.944814 0.858572 0.825521 0.765854 0.753257 0.708522 0.704469 0.700571 0.532013 0.206383 0.113872
threshold=14.50805852362862 -0.050662962174309142 20.77158206926336 -0.018650054931640597 9.340866354252606 1.1686152593339927 83.189289339048074 2.2686337431271872 -41.383390176140836 261435.42090081013 0.12328940209563989 0.31083101034164434 3.6449187081240697 0.13100686498855837 5.0360000000000005 0.13596090668787089 3.7008862185937494 2.4888909732850348 0.061538216806708561 51.401973724365241 17.009589433670047 19.672699283947143 1.8809249895014641
decision_type=8 8 10 10 2 8 8 10 10 10 10 10 10 10 10 10 10 10 8 2 2 10 10
left_child=1 8 9 4 5 20 13 -6 -1 14 22 -7 -8 15 18 -5 -10 -9 -3 -13 -2 -20 -4
right_child=3 2 10 6 7 11 12 17 16 -11 -12 19 -14 -15 -16 -17 -18 -19 21 -21 -22 -23 -24
leaf_value=-0.021138298257302932 0.010877265530665205 0.010668263557388062 0.0025600647811708965 -0.021264173181947361 -0.038321063787498416 0.03545219334917292 -0.02762272349622873 -0.018860703679433224 0.032145033895077592 0.015872690921993015 0.026126054692626965 -0.025663225579234301 0.018561593868919753 0.039690663971105183 0.012591178287537426 0.02236241494852027 -4.2253900316345364e-05 0.025085065350477526 -0.045758473927396098 0.018435950801603828 -0.034514730586318626 -0.0012255747613715818 -0.025728556692386412
leaf_weight=1.7227559569291768 0.34410449233837503 0.25652236072346557 0.23113802890293234 0.90089324850123054 3.4767802654532707 5.2321430617012092 1.6066750533645984 0.56225247215479646 4.2365170037373883 0.67957099201157767 2.0908386330120265 0.91180812427774049 1.0270060636103151 7.9055044482229277 0.32958766166120756 1.1479042626451699 2.7800301767420024 1.5168571379035709 7.3105040288064629 0.75580442324280739 1.4852867049630729 0.32630163244903077 0.9149671474006027
leaf_count=42 8 2 8 35 84 79 102 69 53 18 23 59 14 117 3 20 34 23 635 4 96 5 76
internal_value=0.00291386 -0.00822024 -0.0221062 0.011549 -0.000313611 0.0136796 0.0240431 -0.0210322 0.0113575 -0.0328298 0.00817426 0.0258552 -0.0094612 0.0329621 -0.0381393 0.00249653 0.0209776 0.0109351 -0.0414352 -0.00625775 -0.0251499 -0.0442179 -0.021489
internal_weight=47.7518 20.8787 12.1394 26.873 14.285 8.72915 12.588 5.55589 8.7393 8.90249 3.23694 6.89976 2.63368 9.9543 8.22292 2.0488 7.01655 2.07911 7.89333 1.66761 1.82939 7.63681 1.14611
internal_count=1609 899 770 710 422 246 288 176 129 663 107 142 116 172 645 55 87 92 642 63 104 640 84
is_linear=0
shrinkage=0.05


Tree=107
num_leaves=24
num_cat=0
split_feature=164 165 42 133 38 162 29 44 47 139 13 121 158 12 52 45 156 25 12 52 36 166 149
split_gain=1.94757 2.19439 2.25261 2.03746 1.92366 1.52826 1.37803 1.1613 1.1157 0.98238 0.839767 0.812179 0.793151 0.667795 0.595577 0.533753 0.326885 0.293064 0.262567 0.222916 0.258928 0.21943 0.206225
threshold=0.49910068511962896 -0.018650054931640597 0.03637841755213838 -0.93016385380956967 0.12645311364391959 16.643500328063968 0.67050387261753197 0.015695377072337598 0.041366094192314233 0.0008974020715790264 0.10018872341143401 8.8458995819091815 2.2176347225928796 0.36685417407776749 28.430821418762211 0.32548059622430608 0.70187794762546185 0.049613463810753523 0.44204136894820545 18.983154296875004 18.500000000000004 0.19260025024414065 8.5000000000000018
decision_type=10 10 8 10 8 10 8 10 10 10 8 2 8 10 2 10 8 10 10 2 2 8 2
left_child=1 2 12 7 17 -5 9 -3 -2 21 -8 -7 -1 -13 15 -11 -12 -4 -18 20 -15 -6 -9
right_child=8 3 4 5 6 11 10 22 -10 14 16 13 -14 19 -16 -17 18 -19 -20 -21 -22 -23 -24
leaf_value=0.0014435094165336948 -0.041748958926807057 -0.034560983015593676 -4.2329476184979049e-05 -0.022426819794877047 0.0037652834290116742 -0.0040342476101517836 0.0028805217940591557 0.022650342775605313 0.0088658090236624354 -0.024035630943845917 0.00018847529196738865 0.0005062796834109589 0.033068775262634853 -0.0024394808027468464 0.027106734179826078 0.0145175200660577 -0.043439013564464335 0.029488177270276701 -0.0050748526938841493 0.042348477565374666 0.024683065368427931 -0.03027061307622227 -0.0043604380443514534
leaf_weight=3.9446799729485074 2.6515491810860108 1.7266740358900308 1.262580404523763 0.79356935084797342 0.33995284303091167 1.3300145706161846 1.3222137043485407 0.86138127208687343 1.1212598318234084 0.86904781730845593 0.51964879105798978 1.3528746035881329 3.1904598099645227 1.134442557813599 1.9852552486117927 0.81636344292201102 6.2989339302293956 1.4942422129679469 0.77998237858992059 8.499272726941852 1.3822351825656367 1.3518495343159884 0.69900429889094085
leaf_count=48 116 102 47 172 3 38 50 13 48 63 19 36 25 61 14 27 416 16 40 45 30 112 77
internal_value=0.00236658 0.00568567 -0.00412036 0.0185286 -0.0138271 0.0262994 -0.0211275 -0.0138752 -0.0280006 -0.000594228 -0.0321664 0.0304558 0.0179113 0.0341889 0.0133527 -0.00690943 -0.0378907 0.0195524 -0.0403633 0.037939 0.0152399 -0.0245734 0.0135732
internal_weight=45.7275 41.9547 24.1752 17.7795 17.0401 14.4924 14.2832 3.28706 3.77281 5.36247 8.92078 13.6988 7.13514 12.3688 3.67067 1.68541 7.59857 2.75682 7.07892 11.016 2.51668 1.6918 1.56039
internal_count=1618 1454 880 574 807 382 744 192 164 219 525 210 73 172 104 90 475 63 456 136 91 115 90
is_linear=0
shrinkage=0.05


Tree=108
num_leaves=24
num_cat=0
split_feature=161 3 22 29 132 114 55 143 122 7 163 52 8 47 56 51 52 30 48 113 104 166 109
split_gain=1.93553 1.61587 1.65134 1.31519 1.49481 1.47724 1.27171 1.22796 1.18071 1.00065 0.922351 0.917155 0.848675 0.680136 0.72174 2.28813 0.637285 1.21909 0.616939 0.887385 0.501799 0.440684 0.36145
threshold=16.976949691772464 -67.271569809688927 -0.013687345701557233 0.88542766901410064 0.063666284084320082 0.37807807807807814 -7.9941667057573786 0.099491939231638141 3.0009837150573735 60.733695834969481 0.3982000350952149 5.9739930629730233 8.7707785157605223 -1.7329687508434442 -0.11044144630432128 0.85320240444267925 29.113628387451175 0.12255438133052458 9.8906022071738438 3.0802192736004819 8.5000000000000018 0.6163005828857423 1.1140497782140193
decision_type=8 8 10 10 8 10 2 10 2 10 10 2 10 10 2 10 2 10 2 8 2 8 10
left_child=-1 8 6 4 -4 9 -3 -7 10 11 -2 20 -9 -13 15 -15 17 -16 -19 -20 -6 -5 -17
right_child=1 2 3 21 5 7 -8 12 -10 -11 -12 13 -14 14 16 22 -18 18 19 -21 -22 -23 -24
leaf_value=-0.03404654403364548 -0.040424820906000233 0.017462421824505296 -0.027018514327234205 0.0061504396869474613 0.01630011801115808 0.027533223507175034 -0.035738545304785027 -0.03616160404479557 0.01305692057469561 -0.0085402762274157714 0.0033392523860279323 -0.00039801976791981254 0.0051372502369622514 0.031291830398782777 -0.012928070814202448 0.0029753231758206382 0.046132868234220081 0.036585466174318702 0.028114052780503718 -0.014812163312716869 -0.024154979286063024 -0.030813307009312996 -0.034487374873499156
leaf_weight=2.0176219964632756 2.834779754281044 0.97828734375070814 1.0420894193230186 0.82376289006788228 0.40873369574547413 1.0054542823927466 2.2497380746062836 1.9284901587525385 2.0161268162773922 1.9430676582269359 1.54655374167487 2.068132363259795 1.782524505862966 3.8307543927803662 1.4758273558691168 0.6882136792410164 7.3985125180333844 6.6710595327895117 1.3072112756781282 1.604635083582252 0.89705135731492192 1.2160156230675054 1.3046356902923433
leaf_count=441 67 21 77 9 1 7 226 129 46 32 25 26 49 46 22 14 33 69 16 40 128 53 46
internal_value=0.00499137 0.00734053 0.0110426 0.0140961 0.0164565 0.0185045 -0.0192987 -0.00636543 -0.0144827 0.0225461 -0.0272268 0.0249521 -0.0194447 0.0269794 0.0292347 0.0112412 0.0340425 0.0227989 0.0290028 0.00671928 -0.0099145 -0.018773 -0.0248786
internal_weight=49.0393 47.0217 40.6242 37.3962 35.3564 34.3143 3.22803 4.71647 6.39746 29.5978 4.38133 27.6548 3.71101 26.349 24.2808 5.8236 18.4572 11.0587 9.58291 2.91185 1.30579 2.03978 1.99285
internal_count=1623 1182 1044 797 735 658 247 185 138 473 92 441 178 312 286 106 180 147 125 56 129 62 60
is_linear=0
shrinkage=0.05


Tree=109
num_leaves=18
num_cat=0
split_feature=157 170 30 12 16 187 8 55 164 157 136 152 39 0 113 160 181
split_gain=3.18789 2.74245 1.70059 1.73812 1.44884 1.39477 1.19391 1.73639 1.11992 1.11445 1.13398 1.07976 0.755138 0.752754 0.724774 0.59343 0.130359
threshold=6.0145833492279062 -20.154863111864731 0.22202498540878826 0.35765614337701745 24.944924754090611 0.25509929656982427 14.196830631384975 -2.9793748855590816 0.34434986114501959 25.037488937377933 0.0010498660987904699 -3.6685203011598086 0.10675157577945638 0.34640967845916754 1.7042524825549321 24.92298799708394 3.4330000000000012
decision_type=2 8 8 10 2 8 8 2 10 2 10 10 8 10 8 8 10
left_child=-1 6 3 11 5 -5 7 15 -4 10 -7 -3 -10 -9 -13 -2 -11
right_child=1 2 8 4 -6 9 -8 13 12 16 -12 14 -14 -15 -16 -17 -18
leaf_value=-0.038677134354995618 -0.032969376778732441 0.01859437581358905 -0.040714430579661627 -0.025166953596605215 -0.02539780087257414 -0.028584837208651761 0.038424082808226248 0.00034647798869967024 0.023385597294431931 0.035269515652394418 0.019683825455856962 0.010304377105588049 -0.021781445716626574 0.031676132509910776 -0.041308465502051861 0.0038686836645062932 0.011736161042111537
leaf_weight=2.9772302922792724 1.4526061712531384 0.60972137050703201 3.1843442174140355 0.86826162599027157 1.3354183855699364 1.2468420194927579 6.3632394506130359 2.7557033265475184 1.0932753259548915 6.5228399678599072 1.668709789868444 0.41381663910579591 0.68159972329158325 5.4737445472273976 2.6298941562417895 1.6347789210267363 2.1014828167390078
leaf_count=397 61 5 325 51 60 208 66 36 18 69 47 6 67 42 106 25 38
internal_value=0.00420347 0.00825702 -0.00341602 0.00425359 0.0124596 0.0181243 0.0224101 0.0110172 -0.02652 0.0231287 -0.00298686 -0.0226596 0.00444158 0.0223594 -0.0334784 -0.0172892 0.0313504
internal_weight=43.0135 40.0363 22.3562 17.397 13.7436 12.4081 17.6801 11.3168 4.95922 11.5399 2.91555 3.65343 1.77488 8.22945 3.04371 3.08739 8.62432
internal_count=1627 1230 1000 590 473 413 230 164 410 362 255 117 85 78 112 86 107
is_linear=0
shrinkage=0.05


Tree=110
num_leaves=21
num_cat=0
split_feature=170 6 40 4 187 133 51 106 144 16 140 114 105 6 4 34 144 30 139 116
split_gain=2.30373 2.31852 1.54898 1.5019 3.45364 1.65907 1.07886 0.984089 0.941579 1.47855 0.984689 0.912481 0.749687 1.3512 0.815869 0.725067 0.627655 0.544942 0.235852 0.17693
threshold=-20.154863111864731 15.559796088459471 0.96148630678653724 11.216077530005384 0.13954925537109372 3.8646209594601095 0.84499026383725329 0.25858691818000917 0.048930144749542361 11.84772038459778 -0.35288298130035395 0.098387096774193564 0.35608810186386114 1.4089716427564059 1.2278013617570367 0.043328702449798591 0.027581732124813536 0.17176514914818852 0.00059054235024921917 5.7929883841755156
decision_type=10 8 8 10 10 10 8 8 8 2 2 10 8 8 8 10 8 10 10 10
left_child=2 -2 3 5 16 7 -3 -1 9 -9 -11 -7 14 17 15 -10 -5 -14 -16 -12
right_child=1 6 -4 4 -6 11 -8 8 12 10 19 -13 13 -15 18 -17 -18 -19 -20 -21
leaf_value=-0.016713840870992619 -0.042408968247054035 0.030066778426465587 -0.030827436021189033 0.0077270392995945 0.032393537194232089 0.012007390237249707 -0.021910105491744786 -0.029064686291648479 0.023268991121557718 -0.011503457854061809 0.0079267785540008389 -0.032147075634237847 0.0079002154497952205 0.025948226944569178 0.012634772909858967 -0.018699454941837619 -0.042465220348753982 -0.029681367570082912 0.039570222902649804 0.034341966625621605
leaf_weight=1.2312810014700577 4.0843685120344153 1.7109528656583282 1.551461393595672 0.40228782827034537 1.9461173766758291 1.2378532334696495 0.7038772654486819 1.5464545347495029 0.9707512282766414 1.7572674909606565 1.7113411118043593 2.0014199714642018 1.0339901195839041 3.3611281014746055 2.2015380406519407 1.1596886251354588 3.4602255867794156 1.4397205382119862 9.8111458392813784 2.4323378269327804
leaf_count=45 475 27 319 14 13 12 89 63 10 48 40 47 18 36 31 49 134 37 105 22
internal_value=0.00265281 -0.0228618 0.00733997 0.00966639 -0.0122101 0.0139004 0.012937 0.0177661 0.0198476 0.00398175 0.0155989 -0.0164217 0.0252904 0.00831304 0.031283 0.00174812 -0.0367236 -0.0162205 0.0359841 0.0270945
internal_weight=45.7552 6.4992 39.256 37.7045 5.80863 31.8959 2.41483 28.6566 27.4254 7.4474 5.90095 3.23927 19.978 5.83484 14.1431 2.13044 3.86251 2.47371 12.0127 4.14368
internal_count=1634 591 1043 724 161 563 116 504 459 173 110 59 286 91 195 59 148 55 136 62
is_linear=0
shrinkage=0.05


Tree=111
num_leaves=20
num_cat=0
split_feature=147 56 52 156 161 189 159 146 44 162 17 179 142 51 162 143 182 39 39
split_gain=1.84156 2.42969 2.12936 1.51397 1.45439 1.29749 1.10986 0.896569 2.05604 0.88955 1.56339 0.801654 0.668767 0.662597 0.595897 0.545579 0.458998 0.0669014 0.0226711
threshold=0.13459289073944095 0.045687556266784675 5.9739930629730233 0.7265227110263176 16.976949691772464 17.500000000000004 98.944652557373061 0.057069908142127611 0.0055962167478822997 20.457500457763675 2.0289494991302495 17.975500000000004 0.64933989511418577 0.80533621149515944 19.307199478149418 0.049277417141290643 0.9245243569095335 0.13247079941344245 0.33262249904995173
decision_type=10 2 2 8 8 8 2 8 10 8 2 10 10 8 10 10 8 8 10
left_child=2 6 11 14 -5 13 -2 8 -7 10 -9 -1 -12 -6 -4 -10 -15 -11 -19
right_child=1 -3 3 4 5 7 -8 9 15 17 12 -13 -14 16 -16 -17 -18 18 -20
leaf_value=-0.035542092490189241 -0.043430786111617825 0.019127304435598035 -0.032740202522252675 -0.02614455786251009 0.015014579123899014 0.023436629552963471 0.0040882246937435354 -0.01800400919088575 0.01162735788937707 0.039971077420083219 0.001953928594875606 0.015441949193724311 0.032922211914808722 -0.033236262074719136 0.0086583577298245378 -0.035097940158431838 0.0053075723634108136 0.0049597094245479017 0.020956395127349967
leaf_weight=2.3389984756940971 3.963554860558359 2.7841679314151406 1.4457560071023174 1.0378624742152158 1.1103936585132035 4.3986447702627691 1.419005954521708 2.1651205661473814 0.2755515277385715 8.8521771719679219 2.6161777853267267 0.38356733322143544 5.160533934016712 1.3544407730223609 0.81788858701474954 1.9003700773464514 0.78930604353081468 1.0934401483973482 1.8473953453358261
leaf_count=444 333 42 73 156 16 45 41 34 1 59 44 1 45 40 15 132 13 23 39
internal_value=0.00579672 -0.0145418 0.010478 0.0139867 0.0168436 0.0190166 -0.0322256 0.0223927 0.00522278 0.0271282 0.0139738 -0.0261406 0.0239138 -0.00871369 -0.0197125 -0.0273828 -0.0218707 0.0362586 0.0177764
internal_weight=45.7544 8.16673 37.5876 34.8651 32.6014 31.5636 5.38256 28.3094 6.57457 21.7348 9.94183 2.72257 7.77671 3.25414 2.26364 2.17592 2.14375 11.793 2.94084
internal_count=1596 416 1180 735 647 491 374 422 178 244 123 445 89 69 88 133 53 121 62
is_linear=0
shrinkage=0.05


Tree=112
num_leaves=23
num_cat=0
split_feature=166 56 162 18 17 155 18 154 168 114 163 56 161 155 158 22 22 163 178 18 147 111
split_gain=1.55207 1.32356 1.71576 2.3877 1.45877 1.81532 1.95316 1.78665 1.2253 1.17898 1.10814 0.693057 0.859995 0.932155 0.671494 0.666839 0.643415 0.669196 0.597647 0.230055 0.0144083 0.00993051
threshold=2.0461988449096684 0.058798849582672126 20.908599853515629 0.65177881205328714 2.0269038677215581 0.11553285977375577 0.11976298629917893 94.854679215699448 8.9100097818391699 0.36788399570354463 0.98605012893676769 -0.11175310611724852 17.575449943542484 0.23010623148803644 1.8658319013306621 0.0045783112056494617 -0.0052423056151776814 0.32864952087402349 1.8598152978206441 0.51702208909821945 0.094363033771514906 0.38693054348942274
decision_type=10 2 10 8 2 8 10 2 10 10 10 2 8 10 10 8 10 10 10 10 10 8
left_child=1 2 3 4 7 6 -6 19 -5 11 20 12 -7 -14 -9 -8 17 21 -13 -1 -11 -3
right_child=-2 16 -4 8 5 9 15 14 -10 10 -12 18 13 -15 -16 -17 -18 -19 -20 -21 -22 -23
leaf_value=-0.04168105490464525 -0.032734956016300061 -0.0024951624233876986 0.029517976782976543 -0.042431376210331315 0.02525497072259493 0.026471970538413284 -0.040257090482153875 0.029510417679123681 0.0086731602864832287 -0.0039219512263403379 0.023161417165267845 0.034296054932151286 -0.032491547070704944 0.017350907814710201 -0.0081658646660385057 0.011113443591695752 0.035641012816850413 0.020392416322193435 0.0073729432627231478 -0.0019277029651223875 -0.031416287785343631 -0.020883202879967998
leaf_weight=2.6777684590779276 1.749283289653248 0.39608361339196574 3.9702182626351705 3.7408588188700369 1.2271253159269715 1.0026455719489633 2.9210843419423327 1.2157866184134039 1.1632043619174508 0.37276254664175157 0.71567165851593006 8.3029901294503343 1.4245630614459517 0.73340113181620825 1.8363762669032437 0.31173833785578642 3.9927444744389495 1.3884503606241194 3.4944663075730196 0.51522350532468397 1.3466089926660059 0.66751304618082952
leaf_count=128 385 9 40 294 9 13 243 6 27 15 2 74 62 19 44 3 27 23 38 25 78 42
internal_value=0.00387256 0.00605126 0.00211823 -0.00194918 0.00399072 0.0100691 -0.0159393 -0.0157328 -0.0308939 0.0172422 -0.0114608 0.0223401 0.00103645 -0.0154219 0.0104209 -0.0338482 0.0252991 0.00301265 0.0275206 -0.037256 -0.0290897 -0.018563
internal_weight=45.1666 43.4173 36.9725 33.0023 28.0982 21.8531 4.45995 6.24515 4.90406 17.3931 2.43504 14.9581 3.16061 2.15796 3.05216 3.23282 6.44479 2.45205 11.7975 3.19299 1.71937 1.0636
internal_count=1606 1221 1120 1080 759 556 255 203 321 301 95 206 94 81 50 246 101 74 112 153 93 51
is_linear=0
shrinkage=0.05


Tree=113
num_leaves=23
num_cat=0
split_feature=170 107 3 39 145 52 20 112 118 169 7 46 107 171 39 52 39 170 52 112 52 52
split_gain=1.96777 1.59346 2.0257 1.49808 1.80265 1.17506 1.25167 1.06143 1.13073 1.03559 1.01781 0.961733 0.882733 0.834521 0.628534 0.69589 0.290586 0.184598 0.143115 0.100495 0.0787198 0.100082
threshold=-18.773406540378669 163.52483748011687 12.492281777294467 -0.14034916181699369 1.9390747763893823 14.998906135559084 2.2820409667721218 -155.76459379047341 0.26200582290972169 0.045350074768066406 39.255265490524842 0.17604317441143832 157.35471737599713 1.8739821400069157 0.33642599849651261 19.001545906066898 -0.15672654254982868 -22.339127445547522 21.98368072509766 -54.855284674274635 11.969287872314455 1.0000000180025095e-35
decision_type=10 8 10 8 8 2 8 10 10 8 10 10 10 10 8 2 10 8 2 10 2 2
left_child=1 2 16 18 10 9 11 -4 -9 -6 17 -7 19 -2 -13 -16 -1 -5 -3 -10 21 -18
right_child=13 3 7 4 5 6 -8 8 12 -11 -12 14 -14 -15 15 -17 20 -19 -20 -21 -22 -23
leaf_value=0.0041402261987133994 -0.03761015569138796 0.0084247215998590457 0.022763723247849824 -0.0052956726951699402 0.01527179647505719 -0.0069547221008768728 -0.021366009641476447 0.015797898323425753 -0.0029575722949638887 -0.034939355294182788 0.0053019842419863685 0.030786830594175748 0.01483928213184961 0.014901645703321881 0.019947650247597992 -0.023455741224051571 0.01980966510606709 -0.041693000873891689 0.030501682610298689 -0.038892048810606997 0.040310075146636065 -0.00057843531882484031
leaf_weight=1.0276193958707143 2.6161148423561822 2.2806354442145675 2.1746844253502795 0.7238163840956986 0.83557841752189788 2.7894338183104983 1.7514482416445378 1.5794418565928916 0.39024842146318528 2.1677360886242272 1.5566306493710724 6.4739181047771135 0.49429292045533646 0.37975138286128629 0.88423076807520995 0.81633526808582246 0.87096024036873287 3.5601896052248838 2.3744290396571159 2.5119500277796756 6.4691134626045823 0.80610682279802859
leaf_count=13 443 41 18 15 21 39 41 30 10 386 17 49 11 2 25 49 25 133 13 159 51 64
internal_value=0.00487164 0.00785833 0.0196247 7.92006e-05 -0.00569205 0.00342687 0.0102031 -0.000675662 -0.0130147 -0.0206444 -0.0271468 0.0166105 -0.0269589 -0.0288904 0.0245333 -0.00185795 0.0339592 -0.0377094 0.023088 -0.0360563 0.0368568 0.0134544
internal_weight=45.5347 42.5388 16.3244 26.2144 21.5593 15.7187 12.7154 7.15062 4.97593 3.00331 5.84064 10.9639 3.39649 2.99587 8.17448 1.70057 9.1738 4.28401 4.65506 2.9022 8.14618 1.67707
internal_count=1655 1210 381 829 775 610 203 228 210 407 165 162 180 445 123 74 153 148 54 169 140 89
is_linear=0
shrinkage=0.05


Tree=114
num_leaves=22
num_cat=0
split_feature=16 150 48 170 107 142 148 45 170 142 166 150 111 121 121 16 49 24 84 143 121
split_gain=1.97158 1.48601 1.47049 1.43225 1.70521 1.36877 1.33389 1.93467 1.58581 1.40124 1.2755 0.844981 0.82717 1.21308 0.741448 0.69831 0.569854 0.493657 0.416821 0.275673 0.0548676
threshold=8.0307984352111834 0.17310309410095218 11.382423841314347 -19.85212167953852 178.35327879958029 0.53881156415923859 0.41421568627450983 0.17503719511398633 -19.816214402168551 0.62163684456669677 0.63235092163085949 0.53594172000885021 0.49528896196147987 8.9365803003311175 8.9870948791503924 9.9769897460937518 99.00119781494142 0.0042129228503016234 -0.1367455720901489 0.13745832089051233 12.843911647796633
decision_type=2 8 2 8 10 8 10 10 10 8 8 10 10 2 2 2 2 10 8 10 2
left_child=2 18 -1 4 19 17 7 9 11 -7 -6 12 -9 -14 -4 -12 -13 -5 -2 -3 -17
right_child=1 3 14 5 10 6 -8 8 -10 -11 15 16 13 -15 -16 20 -18 -19 -20 -21 -22
leaf_value=-0.041295059739742686 0.0097680326607710536 0.014197558311530795 -0.021079928594647121 -0.036814032963239512 0.020420374940697678 0.0088015039698120454 0.032666872387493488 0.033734680929497551 -0.028242965654190939 -0.041050365024983326 0.01044924777023958 -0.02662200088848686 0.02550129673758866 -0.028056641694332887 0.022437963517493078 -0.0064298422878088001 0.016136317159528828 0.0062462316873429834 -0.033432235532477837 0.042070084906117404 -0.033833434052230542
leaf_weight=2.976677951286546 0.22572433948516846 2.6814499695319665 0.64429180126171592 1.844785711262378 3.6045713445637366 1.7322125611826802 2.847504509263671 5.6694043943425623 1.2266025288263325 2.9202516578370705 1.0479453087318691 0.89088477310724534 1.1566022461047398 1.0750563875772057 1.5432184061501173 0.80434945388697121 0.47249293024651706 0.53243359364569176 1.756564242648891 5.4596893517300487 1.529177527874708
leaf_count=256 1 33 62 104 34 25 32 100 241 121 21 74 16 91 40 38 4 8 226 36 59
internal_value=0.00335079 0.00748612 -0.0230061 0.0100899 0.0212239 0.00121454 0.00637716 -0.000283538 0.0115136 -0.024216 0.00228575 0.019016 0.0249147 -0.000997308 0.0070284 -0.0172939 -0.011246 -0.0281759 -0.0268871 0.0354471 -0.02915
internal_weight=42.6419 37.4777 5.16419 35.4954 15.1272 20.3682 17.991 15.1435 10.491 4.65246 6.98604 9.26444 7.90106 2.23166 2.18751 3.38147 1.36338 2.37722 1.98229 8.14114 2.33353
internal_count=1622 1264 358 1037 221 816 704 672 526 146 152 285 207 107 102 118 78 112 227 69 97
is_linear=0
shrinkage=0.05


Tree=115
num_leaves=22
num_cat=0
split_feature=166 112 46 112 178 118 52 105 4 40 27 8 1 34 147 45 26 151 133 111 52
split_gain=1.69611 1.54867 1.56535 1.88755 1.37652 1.24297 1.08343 1.06228 0.800055 0.740502 0.71843 0.893232 0.677738 1.0391 0.853239 0.52801 0.431196 0.396045 0.382134 0.247842 0.202667
threshold=1.9328994750976565 14.50805852362862 -0.020524085482806577 -155.76459379047341 4.4365289248020057 7642.2861233955418 5.9993979930877694 0.16827839612960818 4.4367013792019998 0.22615168077339023 -0.31679224967956537 14.196830631384975 1.0802141868061852 0.12370622158050538 0.019722521305084232 0.20101912413370457 0.0022026089023097924 0.13663443055972882 -2.3694662643462787 0.14836118543960794 52.968767166137702
decision_type=10 10 8 8 10 10 2 10 10 10 2 8 10 10 10 10 8 8 10 8 2
left_child=1 2 15 -4 5 6 18 8 17 -7 16 -12 14 -14 -9 -1 -8 20 -3 -16 -5
right_child=-2 4 3 7 -6 9 10 12 -10 -11 11 -13 13 -15 19 -17 -18 -19 -20 -21 -22
leaf_value=0.001971446580935191 -0.03371005883665807 0.012798722196472843 0.02063511635801709 -0.017122627912616671 -0.02348894936230618 0.016134880550108456 0.039953443263808744 0.012243654358205892 -0.023912391427305599 -0.027487599288164907 -0.010475439184747727 0.024464093422756558 -0.029246196717148745 0.015175852276595798 -0.00058383742663144504 0.030554243446943893 0.009498207945900318 0.027347774925930449 -0.024447013939805657 -0.045133488255079693 0.010884478986645884
leaf_weight=3.3791751468088478 1.9075681997928757 0.31161353643983603 2.6794252697145566 0.50437810248695658 1.2722706490894768 0.77473053336143438 7.7633439949713692 0.36185649037360956 0.80151440389454354 1.4615411306731401 2.4265281555708418 3.2877705418504775 1.5749331912957134 1.7933655077358706 0.35737899516243476 2.3816374088637531 2.2122996347025046 1.5882224618690086 0.92299263912719698 4.9466013410128653 0.25539866089820862
leaf_count=48 429 2 29 82 47 8 73 6 70 63 31 28 51 48 26 16 43 26 153 359 1
internal_value=0.00334512 0.00582736 -0.00378902 -0.0122227 0.0152575 0.0188677 0.0233989 -0.0204659 0.00376166 -0.0120592 0.0269407 0.0102769 -0.0284454 -0.00753504 -0.0378811 0.0165596 0.0346801 0.0175291 -0.0135256 -0.0427005 -0.00687277
internal_weight=42.9645 41.057 20.6239 14.8631 20.4331 19.1608 16.9245 12.1836 3.14951 2.23627 15.6899 5.7143 9.03414 3.3683 5.66584 5.76081 9.97564 2.348 1.23461 5.30398 0.759777
internal_count=1639 1210 762 698 448 401 330 669 179 71 175 59 490 99 391 64 116 109 155 385 83
is_linear=0
shrinkage=0.05


Tree=116
num_leaves=24
num_cat=0
split_feature=170 55 37 134 14 51 46 16 178 13 131 39 150 159 140 112 48 162 110 54 122 52 41
split_gain=1.71387 1.43804 1.90294 2.0363 1.59654 1.4081 1.39053 1.12874 0.94362 0.906444 0.88402 0.877892 0.664771 0.599718 0.550294 0.605318 0.518161 0.482222 0.460123 0.410949 0.313014 0.312227 0.0107029
threshold=-20.65600639598734 0.020780563354492191 0.49015963077545172 2.5364020922252619 -0.00074761164561832326 0.86143606468801459 0.39506262160963213 7.9291143417358407 1.0086217504673816 1.3694051102233613 0.48208896079430735 -0.20698699494823811 0.65217089653015148 94.830932617187514 -0.63454782962799061 9.3040214105110124 8.2424521547710849 18.107999801635746 4.0367213344157511 1.0745370370370373 0.50431815383490186 34.043292999267585 0.36165448054671295
decision_type=8 2 8 10 10 8 8 2 10 10 10 8 10 2 2 8 2 10 8 2 2 2 10
left_child=7 2 3 4 -2 10 9 -1 14 13 17 -4 22 -5 -9 -16 21 -3 -12 -11 -8 -13 -7
right_child=1 5 11 6 -6 12 20 8 -10 19 18 16 -14 -15 15 -17 -18 -19 -20 -21 -22 -23 -24
leaf_value=-0.017028083033336069 0.020862423799963611 0.035844077588836273 0.013261770244533413 0.035837689622947477 -0.04098375197689394 -0.030664026151734899 0.0086919774929103046 -0.0016283503471435203 -0.0056570600243077696 -0.024196898266123781 0.015203309619302878 -0.017195110912668392 0.013907865579572005 0.0011971583506142913 0.0070659700627315782 0.039022682008412357 -0.044159126975506925 0.0026872264226042034 -0.02401878057893099 0.011225301148845219 -0.02953924194829349 0.01544026495586532 -0.0049142286201088823
leaf_weight=1.2655063926940773 0.72673867968842421 4.8550995312398273 0.46935300249606371 4.882475230144335 2.9116267713834594 1.3443507490446802 0.21250681532546778 1.2373188689816714 2.0543675849912679 0.76597866229712941 0.40191448654513773 0.49697912303963576 0.69216783624142397 1.6763663321034981 2.4350227296818079 7.1722889593802366 4.1145331220468506 1.5603426874149589 0.83106245449744176 0.71387763670645654 1.2018300979398189 0.44338017608970404 0.49005254788789887
leaf_count=41 6 92 8 76 333 87 3 42 47 41 3 95 23 32 42 67 252 26 58 12 159 4 76
internal_value=0.00509612 -0.0020032 -0.0100984 0.000832809 -0.0267959 0.0123856 0.0130129 0.0187067 0.0231854 0.0210789 0.0224416 -0.0321603 -0.0157874 0.0283136 0.0286656 0.0323528 -0.0378715 0.0292297 -0.0101506 -0.0094733 -0.022574 -0.00178037 -0.0279458
internal_weight=42.9551 28.7906 18.6156 13.0914 3.63837 10.175 9.45303 14.1645 12.899 8.0387 7.64842 5.52425 2.52657 6.55884 10.8446 9.60731 5.05489 6.41544 1.23298 1.47986 1.41434 0.940359 1.8344
internal_count=1625 1386 1021 662 339 365 323 239 198 161 179 359 186 108 151 109 351 118 61 53 162 99 163
is_linear=0
shrinkage=0.05


Tree=117
num_leaves=22
num_cat=0
split_feature=52 29 138 39 0 178 152 16 24 3 163 132 53 183 145 117 47 118 39 136 11
split_gain=1.57413 2.0413 1.4982 1.51604 1.29355 0.844279 1.17475 0.945188 0.785289 0.760048 0.702753 0.682116 0.627303 0.529901 0.519427 0.82866 0.213431 0.139216 0.133094 0.342425 0.0803436
threshold=13.98640012741089 0.85735065892224593 0.19103800108750427 -0.15672654254982868 0.54144999384880077 2.5990251473299417 -1.0757855445141018 8.0307984352111834 -0.0024851672691940346 -263.56097351688663 0.42195034027099615 0.27288194000720983 2.3204229255551962 20.801850318908695 2.0685494414647798 0.41545924006091212 -0.43420393172777283 20533.136361897708 0.29583228544696522 0.00036388833278308232 22.52964809541567
decision_type=2 10 8 8 10 10 10 2 8 8 10 10 8 10 10 10 8 10 8 10 10
left_child=1 4 5 -4 9 7 -7 8 -2 -1 -5 -3 13 14 18 16 -16 20 -9 -20 -6
right_child=2 11 3 10 17 6 -8 12 -10 -11 -12 -13 -14 -15 15 -17 -18 -19 19 -21 -22
leaf_value=0.010378933141836633 0.013868968635673643 -0.016025263257667396 0.023328380245314601 -0.040088014177532674 0.007304753161938367 0.013392312578222765 -0.032335824195278404 0.035399888530165596 -0.029612364915660591 -0.042245107328549608 0.0049174619851782286 0.028104337860217724 -0.0042777917319016786 0.00012075850973062319 -0.024899643263003101 0.02314315703570401 0.0041042651523123903 0.020489345524513872 -0.0012759664157721104 0.026285621761955105 -0.011285874295813458
leaf_weight=0.38610896992031485 1.2115932621527461 0.46468748943880234 1.0804382544010875 2.4817526042461391 0.16299302875995614 2.5048444521380593 1.3861660999245931 8.9999637957662291 1.0907128165708955 4.7422122485004348 0.88865714927669603 2.2712993497261778 1.9069111979333673 2.1110950009897342 0.84057175484485924 2.1361926648532972 0.59296829288359665 0.61754108453169465 1.7421255944064022 1.7905400531599296 0.28598955168854445
leaf_count=15 26 112 8 66 1 35 55 72 27 825 36 72 40 18 30 29 25 3 32 26 62
internal_value=0.00415922 -0.0133528 0.00950321 -0.0149987 -0.0279464 0.014045 -0.00617882 0.0176684 -0.00945958 -0.037236 -0.0298117 0.018326 0.0210735 0.0238122 0.0267296 0.00728484 -0.0161459 0.0131255 0.0313206 0.0154108 -0.00415336
internal_weight=39.6954 8.93083 30.7645 4.45085 6.19484 26.3137 3.89101 22.4227 2.30231 5.12832 3.37041 2.73599 20.1204 18.2135 16.1024 3.56973 1.43354 1.06652 12.5326 3.53267 0.448983
internal_count=1615 1090 525 110 906 415 90 325 53 840 102 184 272 232 214 84 55 66 130 58 63
is_linear=0
shrinkage=0.05


Tree=118
num_leaves=19
num_cat=0
split_feature=39 8 107 8 166 157 112 4 7 179 121 9 135 45 141 12 26 136
split_gain=1.87239 2.48021 1.69099 2.37033 1.22278 1.51919 1.01641 0.994266 1.07984 0.922584 0.851161 0.834437 0.702951 0.384968 0.442685 0.351019 0.289493 0.202768
threshold=-0.032608261585912915 6.0080713394716243 157.35471737599713 69.157783888255224 0.99959945678710949 51.401973724365241 13.156893123230764 1.2278013617570367 13.983657399854099 17.529500000000002 15.025115966796877 0.12701612903225809 0.0050219559309586754 0.23533741836581876 2.1813951730728154 0.41949844232371442 0.0033406635704327369 0.00030725825025960761
decision_type=8 8 8 10 8 2 10 10 8 8 2 10 10 10 2 10 10 10
left_child=7 11 3 10 6 13 -4 -1 9 17 -3 -2 -12 -6 -15 16 -11 -9
right_child=1 2 4 -5 5 -7 -8 8 -10 15 12 -13 -14 14 -16 -17 -18 -19
leaf_value=-0.013751764347160012 0.011429094890103911 0.037599903627091119 -0.017958415905572702 -0.029702856491708358 -0.042653369712564837 0.010096843772940851 0.023719047931693979 0.0025369969007769315 0.036622022680774351 -0.0098535459194615937 -0.024222845764208103 -0.042013029208508433 0.021007536294644642 0.010349614152002485 -0.024475185409046387 0.026782997810644939 0.014047544430168403 -0.026901097636177786
leaf_weight=1.6673974487930525 0.42413612978998827 5.5590635688859056 1.3886710801161797 1.2488508142414501 3.3105709262308674 2.3131599386688322 3.111848367145285 0.60189197841100295 5.3331641184631726 1.5086716295918452 0.75836051616352029 3.9521817188360728 0.69065091898664832 0.97715168201830216 0.86859118146821856 2.6717369343386963 1.6080814530141649 1.0012568170204756
leaf_count=47 11 82 44 94 217 32 40 9 35 33 70 599 5 47 142 31 17 44
internal_value=0.00289178 -0.00547117 0.00243558 0.0186614 -0.00933284 -0.0207426 0.00993222 0.0166148 0.0213059 0.00720788 0.0299128 -0.0356712 -0.00288936 -0.0339703 -0.00888041 0.0162419 0.00289496 -0.0191199
internal_weight=38.9954 24.6032 20.2269 8.25693 11.97 7.46947 4.50052 14.3922 12.7248 7.39164 7.00808 4.37632 1.44901 5.15631 1.84574 5.78849 3.11675 1.60315
internal_count=1599 1383 773 251 522 438 84 216 169 134 157 610 75 406 189 81 50 53
is_linear=0
shrinkage=0.05


Tree=119
num_leaves=21
num_cat=0
split_feature=40 13 185 185 167 158 3 4 46 46 147 140 161 160 26 26 105 52 108 3
split_gain=1.76443 1.4158 1.78563 1.21344 1.18767 1.09229 1.0196 1.46917 1.95014 0.79917 0.630662 0.612451 1.08047 0.492249 0.473099 0.657625 0.330216 0.653321 0.404834 0.0894829
threshold=0.7664963458975157 2.5129375584445 20.317749977111824 20.484600067138675 4.5000000000000009 1.8658319013306621 -3.7859522693113159 3.738827694515177 -0.066340574214645773 -0.041934935177937081 0.035332262516021735 -0.44918942451477045 19.362700462341312 8.865473223901212 0.00065635780811979405 0.00031896674580831637 0.22159174084663394 28.430821418762211 -143.59481026908091 54.323052933845283
decision_type=8 8 8 8 10 8 8 8 10 10 8 2 10 10 10 10 8 2 8 8
left_child=1 2 19 -3 6 -2 7 -4 -9 -5 -11 12 -8 -6 15 -13 17 18 -16 -1
right_child=5 3 4 9 13 -7 11 8 -10 10 -12 14 -14 -15 16 -17 -18 -19 -20 -21
leaf_value=-0.032026864650262638 0.013456950402168511 0.015849679348066758 0.023920353506462069 0.0079009334316145277 -0.029868216084589519 -0.038036594057963641 -0.024747897278840601 0.020982411332386038 -0.034946996548057892 0.0011877779827539309 -0.038349025870040451 0.025160023056402678 0.024032155340860256 0.01080171901079389 0.014070941279206476 -0.014963201305285776 0.040224342999368376 0.028062782538396287 -0.023354197113127327 -0.002854177485682936
leaf_weight=1.2661832736339418 0.81700414919760023 2.2261385669698939 3.7281088700983647 1.3621314263436941 1.1717555120703753 2.997389342810493 1.0738468903582572 1.7464129384607074 2.898134373128415 1.2134717655135299 3.6433826378197409 0.99903347343207061 1.51862446218729 0.50539682712405909 0.36026316275820136 1.1536445190431548 7.1639953695703307 1.5237902617081998 0.82304469938389713 0.53687375609297294
leaf_count=52 48 36 49 27 74 752 68 15 73 43 127 15 15 16 2 40 46 7 89 18
internal_value=0.00198198 0.00574527 0.0113575 -0.011185 0.0151541 -0.026503 0.0182398 0.00368053 -0.0139252 -0.0217173 -0.0299547 0.02581 0.0025622 -0.0181557 0.0302409 0.00573173 0.0345669 0.0127833 -0.010734 -0.0274576
internal_weight=38.7286 34.9142 26.4691 8.44512 24.6661 3.81439 22.9889 8.37266 4.64455 6.21899 4.85685 14.6162 2.59247 1.67715 12.0238 2.15268 9.87109 2.7071 1.18331 1.80306
internal_count=1612 812 579 233 509 800 419 137 88 197 170 282 83 90 199 55 144 98 91 70
is_linear=0
shrinkage=0.05


Tree=120
num_leaves=24
num_cat=0
split_feature=170 3 105 168 187 8 161 178 166 136 140 32 158 164 7 180 105 45 42 170 108 39 115
split_gain=1.71911 2.16603 1.6162 1.54739 1.15928 0.988411 0.927121 0.915551 0.707602 0.633663 0.722514 0.564161 0.968562 0.526335 0.478531 0.456277 0.434113 0.404461 0.387214 0.38526 0.290829 0.221009 0.34545
threshold=-20.617118974371333 -63.2927163273066 0.22159174084663394 2.665849719410232 0.23680019378662107 4.7255607545641878 20.810350418090824 4.4365289248020057 0.17939949035644534 0.00021046393377237928 -0.55660873651504505 1.9382447290633407 2.2422456530709698 0.33640098571777349 -135.37179146552754 0.54300000000000115 0.24270495772361758 0.13921645984553449 0.18224823824130001 -20.37088716831563 32.703033737830289 0.19256899775937203 0.037386443046820407
decision_type=8 10 10 10 8 8 10 8 8 10 2 8 10 10 10 10 10 10 8 8 10 10 10
left_child=5 6 8 4 -4 20 19 -5 -3 17 13 -7 -13 -11 -10 -16 -9 -6 -14 -2 -1 -12 -23
right_child=1 2 3 7 9 11 -8 16 14 10 21 12 18 -15 15 -17 -18 -19 -20 -21 -22 22 -24
leaf_value=-0.024386119414982584 0.0034592583555210291 0.015643529009499169 -0.020261454159679049 0.015337952090383127 0.015452681689167589 0.030300908722179012 0.009674588330853726 0.0073093914718301602 0.010575157953800771 -0.018145622298705782 0.039514711228753441 -0.019394235051772523 0.031500007209865087 0.019174692567889413 -0.036797824516897212 0.008074447354557996 -0.036140385921188616 -0.021752081240290863 -0.00017065206041619145 -0.042842527331137144 0.0073228736859452734 0.025397291183196537 -0.0034758396977254795
leaf_weight=0.88405871530994484 0.34025748330168426 0.50670562195591884 0.90264395589474589 0.99141431349562426 0.38388043642043779 7.6538650311995289 0.79348142072558392 0.34706194186583195 0.28198814741335843 1.014975541853343 5.5536870299838483 1.4499522119294859 1.7552679926156998 0.78011064208112646 3.1760845407261518 0.28807629237417121 1.957649301853962 0.66633059945888817 1.4689183763694018 3.6026740767410987 0.58325413684360683 1.563419461483136 1.3813905135029925
leaf_count=50 6 8 64 32 1 86 8 14 4 122 53 25 13 14 436 7 154 62 44 302 26 34 30
internal_value=0.00454724 -0.00344252 0.00419846 0.0116942 0.0196243 0.0180276 -0.0305422 -0.0154791 -0.0202067 0.0241824 0.0277471 0.0225896 0.00684768 -0.000869351 -0.0273302 -0.0320934 -0.0293655 -0.00724876 0.0204465 -0.0389554 -0.0139224 0.0332467 0.0144054
internal_weight=38.3271 24.5318 19.7954 15.5426 12.2464 13.7953 4.73641 3.29613 4.25285 11.3438 10.2936 12.328 4.67414 1.79509 3.74615 3.46416 2.30471 1.05021 3.22419 3.94293 1.46731 8.4985 2.94481
internal_count=1595 1351 1035 580 380 244 316 200 455 316 253 168 82 136 447 443 168 63 57 308 76 117 64
is_linear=0
shrinkage=0.05


Tree=121
num_leaves=24
num_cat=0
split_feature=114 148 148 163 109 111 108 149 25 121 23 31 139 166 31 29 29 143 131 22 20 42 169
split_gain=1.25566 1.07444 1.603 1.34095 1.55069 1.43353 0.963429 0.955946 0.885651 0.870265 0.688793 0.707593 0.802969 0.661104 0.60504 0.504097 0.503146 0.376772 0.370087 0.543843 0.318276 0.295921 0.256012
threshold=0.37807807807807814 0.27888888888888896 0.41421568627450983 0.3982000350952149 3.8883544738842137 3.3068715950390528 22.926494433526635 22.500000000000004 0.19502410629568562 16.000364303588871 0.0017568929683114769 0.036703014989016167 0.0012960094503559688 0.5352001190185548 1.4501341122494706 0.81221703673119461 0.64017282677839993 0.13745832089051233 0.53407961626274425 -0.0034198708324146786 4.2024457636365611 -0.023116440119924562 0.73869991302490245
decision_type=10 10 8 8 10 10 8 2 10 2 8 10 10 10 10 10 10 10 8 10 10 8 8
left_child=1 3 14 9 10 8 7 17 15 -1 11 12 -5 -4 -3 -6 -10 -2 -13 -20 -12 -15 -11
right_child=6 2 13 4 5 -7 -8 -9 16 22 20 18 -14 21 -16 -17 -18 -19 19 -21 -22 -23 -24
leaf_value=-0.031354871693965246 0.0094441436633193893 -0.038733165353888342 0.021472786855544535 -0.024096087513478207 -0.03510691892339065 0.026104686440921579 -0.036339052687606503 0.018970520177739533 0.024124167591656889 0.020943969714402773 -0.019670129121303705 0.040202220093999347 0.02320596605314483 0.0093857537858152117 0.0026296495004729872 0.0039122555895735531 -0.0097030784227540058 -0.030133953314835656 -0.013946667050774818 0.025121246388752478 0.013866505649885867 -0.023589249881849683 -0.0077312985647037986
leaf_weight=1.8342621523770533 0.2887116569327185 2.6381046227179445 3.1900865248171622 0.7622580088209403 2.5755703184404397 2.5355402187560685 2.2822217923821881 2.1566335167153738 1.1332542174495759 0.87534076324664034 0.63262277405010614 7.6828469963511425 0.82764787133783102 0.40785804484039545 1.0082447391469029 0.83595772780245159 1.4489484596997497 1.2935455280821768 0.80379603675100952 0.89350066985935039 0.33811438083648682 0.81496609852183588 0.64189477358013391
leaf_count=119 11 157 45 68 151 49 313 63 13 11 100 116 5 5 34 56 40 88 47 5 1 76 50
internal_value=0.00271558 0.00675086 -0.00830767 0.0119749 0.0167452 0.000173181 -0.016569 0.000620433 -0.0129607 -0.0143134 0.0276544 0.0310298 -1.97647e-05 0.0111535 -0.0291916 -0.0268262 0.00773285 -0.0220516 0.0357875 0.00830838 -0.00688013 -0.0133163 0.0105604
internal_weight=37.9019 31.8808 8.05926 23.8216 20.4701 8.52927 6.02111 3.73889 5.99373 3.3515 11.9408 10.97 1.58991 4.41291 3.64635 3.41153 2.5822 1.58226 9.38014 1.6973 0.970737 1.22282 1.51724
internal_count=1623 1148 317 831 651 309 475 162 260 180 342 241 73 126 191 207 53 99 168 52 101 81 61
is_linear=0
shrinkage=0.05


Tree=122
num_leaves=24
num_cat=0
split_feature=166 7 112 56 112 121 7 108 26 112 120 26 18 154 26 159 160 133 110 138 40 12 179
split_gain=1.58923 1.23664 1.39197 1.49189 1.47371 1.71112 1.17542 1.19621 1.04285 0.781417 0.77792 0.702102 0.611788 0.597725 0.554428 0.502602 0.506439 0.498653 0.474904 0.426326 0.33019 0.142121 0.00229846
threshold=1.7762994766235354 49.671676929913211 21.811440336164875 0.036757230758666999 -213.9497542683923 28.908801642246548 10.988027595589312 -102.54200442321468 0.0035455301710312537 23.282192022813987 0.79814814814814827 0.00065635780811979405 0.49714609772752288 44.976515655405827 0.00028269389472130083 99.938568115234389 0.067602919605938214 -1.5659263893030861 34511.654322071721 0.058430196827149783 0.30706499889492994 0.3859464105842399 16.356000000000005
decision_type=10 10 8 2 8 2 10 10 8 8 2 10 10 2 10 2 8 10 10 8 8 10 8
left_child=1 2 3 4 -1 6 15 -8 11 -3 -10 14 -5 -9 -4 16 -6 -11 -2 20 -13 -15 -21
right_child=18 9 8 12 5 -7 7 13 10 17 -12 19 -14 21 -16 -17 -18 -19 -20 22 -22 -23 -24
leaf_value=0.027391928904751391 -0.034980785214599179 0.0083159948874409161 0.018407744940856743 -0.0048634956843000557 0.008217589652826986 0.022817883813133377 0.022113257389219074 0.009176974454487518 -0.027303252431834475 0.0071228482730011922 0.019903895949183646 0.016496498375611922 0.028932488983814005 -6.9424131448064488e-05 -0.022577478671808773 0.0065544933291560087 -0.043992241209110126 -0.037611445915479338 0.010252125756988839 0.01593111701599521 -0.016265567456934464 -0.035233663883321331 0.039140242328207037
leaf_weight=1.596113243838772 2.1296422416926357 1.6057178186019871 0.62442831764928708 1.445925676729529 0.19634788902476952 1.732514516217633 1.8414430900011209 0.7616996658034626 1.0851250665728009 0.43108760006725777 0.58938068477436889 0.62634059053379754 4.3133993908995762 0.32602407957892898 0.70003135921433568 0.34139888599747781 4.5201603129971772 2.0112598884152253 0.24400773900561024 2.0486387473065397 0.46372595289722085 1.6973675169865599 6.5179459719220185
leaf_count=15 482 31 12 28 3 30 22 29 69 10 3 8 69 21 66 7 365 92 2 30 54 91 73
internal_value=0.00434737 0.00728198 0.010701 0.00176743 -0.00762772 -0.0143353 -0.0224954 -0.0028667 0.0228526 -0.0161241 -0.00945813 0.0281579 0.0209835 -0.0208616 -0.00364831 -0.0370129 -0.0407614 -0.0299402 -0.0286703 0.0324533 0.00144521 -0.0314647 0.0358354
internal_weight=37.8497 35.4761 31.428 18.7724 13.0131 11.417 9.68444 4.62653 12.6556 4.04807 1.67451 10.9811 5.75933 2.78509 1.32446 5.05791 4.71651 2.44235 2.37365 9.65665 1.09007 2.02339 8.56658
internal_count=1612 1128 995 680 583 568 538 163 315 133 72 243 97 141 78 375 368 102 484 165 62 112 103
is_linear=0
shrinkage=0.05


Tree=123
num_leaves=21
num_cat=0
split_feature=52 154 8 151 26 16 157 16 133 152 140 144 156 111 140 3 151 153 52 18
split_gain=1.65929 1.30579 1.08416 0.854819 1.07584 0.949964 1.44635 0.861479 0.825916 0.896739 0.966122 0.745355 0.636417 0.619626 0.312119 0.438232 0.262635 0.230543 0.116271 0.102401
threshold=14.998906135559084 61.92230415344239 8.1684823377627431 0.35373504090384383 0.0012698145734476908 11.458300590515138 41.989576339721687 9.9769897460937518 3.8646209594601095 -0.39494757022603882 -0.39338481426239008 183.45500986204837 0.84263196649359695 0.056829245841615736 -0.23300760984420774 5.9215535229356542 0.25136025284156432 9.5317610402303181 11.969287872314455 0.48347790571173027
decision_type=2 2 10 8 8 2 2 2 8 8 2 8 10 8 2 10 10 2 2 10
left_child=1 2 11 5 -5 6 12 -6 9 14 -11 13 19 -1 15 -7 18 -14 -4 -2
right_child=3 -3 16 4 7 8 -8 -9 -10 10 -12 -13 17 -15 -16 -17 -18 -19 -20 -21
leaf_value=0.011749388844676831 -0.03607498935362629 -0.037719463450955622 -0.012430332871378687 0.018335608919352261 0.0083667309867665098 -0.0026470925188778176 0.02058124112143226 -0.037528398333356916 -0.0089148409673778014 0.017873640308167984 -0.026159649886864457 0.015008370213715573 0.017298379708539292 -0.035234172211189525 0.035881212622999127 0.025891496726774613 0.028999488256357314 -0.0085019561631009873 0.0089669174934086937 -0.0072219758590177851
leaf_weight=0.37315457256045093 1.7362236414337595 2.8146951380185783 0.32457067730138112 1.5209229645552103 1.0701122471364217 2.1458638458279937 3.1498870812356472 2.0684261344140396 1.7678528500255257 2.0029477233765651 1.129026792943473 0.75480726547539223 0.68278220784850396 2.1894849960226566 7.0244632533285705 1.9804134006844831 1.6389283595490267 0.90253388311248273 0.27041987609118223 1.0334742140257729
leaf_count=10 53 647 62 23 27 49 26 60 30 40 32 21 9 346 58 26 23 41 4 21
internal_value=0.00322152 -0.0151977 0.000236001 0.00901628 -0.00911931 0.0128289 -0.00176968 -0.0236395 0.0193584 0.0232123 -0.00048911 -0.0161921 -0.0187601 -0.0270151 0.0293618 0.0134288 0.0220953 0.00500293 -0.00318065 -0.0300806
internal_weight=36.581 8.36606 5.55137 28.2149 4.65946 23.5555 7.5049 3.13854 16.0506 14.2827 3.13197 3.31745 4.35501 2.56264 11.1507 4.12628 2.23392 1.58532 0.594991 2.7697
internal_count=1608 1113 466 495 110 385 150 87 235 205 72 377 124 356 133 75 89 50 66 74
is_linear=0
shrinkage=0.05


Tree=124
num_leaves=22
num_cat=0
split_feature=56 7 157 147 12 170 117 108 156 4 56 160 156 117 46 56 22 139 158 46 157
split_gain=1.44368 1.91364 1.86983 1.41763 1.39761 1.26928 1.31909 1.1332 0.956877 0.926844 0.982965 0.49723 0.45432 0.379036 0.361336 0.342925 0.664956 0.316139 0.138623 0.112755 0.0457416
threshold=0.048161983489990241 20.77158206926336 51.401973724365241 0.1758559048175812 0.43981490861331168 -18.773406540378669 0.34478467479382741 40.012452619199316 0.89621383796263021 1.1115729773064393 -0.40434515476226801 0.067602919605938214 0.90158308804699172 0.33501976057939881 0.20367986406615018 -0.12133681774139403 0.00058737389062041832 0.0014010007226779974 1.8396975298312876 0.11473408015156951 7.4620368480682382
decision_type=2 8 2 10 8 10 8 8 8 8 2 8 10 8 8 2 10 10 10 10 2
left_child=1 2 4 5 8 6 -3 20 11 10 -8 -1 -10 -9 -6 16 17 -11 -13 -5 -2
right_child=7 3 -4 19 14 -7 9 13 12 15 -12 18 -14 -15 -16 -17 -18 -19 -20 -21 -22
leaf_value=0.0082466235933823431 0.010067191675874132 -0.016930658980732271 0.014433092266556544 0.00019905893753791664 0.020958049528911723 -0.025650515823720545 0.021974221444033271 0.011601351347561614 0.01701924684027389 -0.022969874512041258 -0.027213215847027839 -1.8244305391744825e-05 -0.018966593995541896 -0.024744123810690119 -0.013405772928371862 0.037861057598842326 0.025950504252124751 0.009492857199611654 -0.043972544106845167 -0.030962477082888063 0.034027905138767953
leaf_weight=0.19401561969425074 1.3535704652313132 1.5490019394201198 3.0674908765358859 0.31991912145167667 1.2553514698520309 0.95215562917292018 1.0021624239161613 0.4130564900115129 0.97004513337742604 0.7380654434673446 1.0834502847865213 0.18455520481802512 0.5842630288680084 0.89582772762514662 0.34451956104021508 5.8510264251381203 2.119484071386978 0.57739369792398065 6.6184174056397751 1.1937235577497629 3.9805968726286665
leaf_count=3 30 49 44 8 22 158 19 7 27 37 128 16 113 65 86 70 20 34 536 76 51
internal_value=0.00195068 -0.0031058 -0.0164394 0.00865342 -0.0262261 0.0140834 0.0186438 0.0212815 -0.0336808 0.0244664 -0.00411634 -0.0406623 0.00136264 -0.0132173 0.011248 0.0306622 0.0126277 -0.010775 -0.0429353 -0.0269173 0.030497
internal_weight=35.2481 28.605 13.2187 15.3864 10.1512 13.8727 12.9206 6.64305 8.5513 11.3716 2.08561 6.99699 1.55431 1.30888 1.59987 9.28597 3.43494 1.31546 6.80297 1.51364 5.33417
internal_count=1599 1446 847 599 803 515 357 153 695 308 147 555 140 72 108 161 91 71 552 84 81
is_linear=0
shrinkage=0.05


Tree=125
num_leaves=24
num_cat=0
split_feature=170 55 152 51 17 107 179 2 49 48 48 25 20 15 160 104 137 109 3 183 144 104 168
split_gain=1.60176 1.74398 1.60372 1.35822 1.325 1.16643 1.06291 1.00018 1.4424 0.877881 0.858174 0.741738 0.599964 0.555054 0.449 0.512014 0.382528 0.271964 0.2204 0.121464 0.121144 0.0623179 0.0383007
threshold=-20.617118974371333 0.020780563354492191 -0.78798576009220511 0.88273783595730626 2.0169270038604741 512.33183939577793 17.529500000000002 164.2426357638096 97.892818450927749 9.9376586106836395 12.288155632057512 0.046996618327270569 2.2820409667721218 0.29099462365591405 2.860428723245461 64.500000000000014 0.0019908628673041642 1.0291027491567581 -43.31909278501152 19.05474948883057 0.09516904108685216 29.500000000000004 0.21736926523573852
decision_type=8 2 8 8 2 8 10 8 2 2 2 10 8 2 10 2 10 8 10 8 10 2 8
left_child=7 2 4 11 20 12 19 8 -1 -9 -11 -3 13 16 21 -16 -6 -7 -12 -4 -2 -13 -5
right_child=1 3 6 22 5 17 -8 9 -10 10 18 14 -14 -15 15 -17 -18 -19 -20 -21 -22 -23 -24
leaf_value=-0.030406339325209482 -0.0021746530317133203 -0.01462373984694618 -0.0015495039850274084 0.00010069077356510666 -0.019164652508723849 0.0071401971209941852 0.014622077648205133 0.034676568912663255 0.025316723814266376 -0.018029739358869354 -5.2194271913403498e-05 0.0079923667639728007 -0.011403715725425645 0.034186319329159075 -0.017420506246886909 0.020457810575312867 0.015965189673412032 -0.028535246405493458 0.027447579775082345 -0.043189641321440937 -0.033785014318013833 0.034677316098059401 -0.026766909810103764
leaf_weight=1.6956939439987739 0.50966020696796333 0.68981003039516231 0.25967097218381241 0.13398774666711744 0.58996371435932793 0.26522173534613069 0.47783536417409767 5.8760593708138913 1.0873712725006042 1.6289267563261089 1.009401203948072 0.98489776533097018 0.70590840996010218 3.4625078431563452 0.86126991291530408 0.7154533457942307 0.52889315306674689 1.1083330151159316 1.5843232824699964 4.4079382572672356 1.515947892097756 4.0851589237572625 1.0158253338304348
leaf_count=64 23 64 42 4 97 15 5 77 7 41 28 47 25 32 50 6 13 87 32 598 68 64 127
internal_value=0.00339186 -0.00471569 -0.0152564 0.0122617 -0.00127717 0.00990926 -0.0348079 0.0167664 -0.00769767 0.0235944 0.00448617 0.0204115 0.0202061 0.0262471 0.0254844 0.00103626 -0.00286099 -0.0215406 0.019709 -0.0415552 -0.029179 0.0316642 -0.0250455
internal_weight=35.2001 22.3183 13.8319 8.4864 8.68644 6.66083 5.14544 12.8818 2.78307 10.0987 4.22265 7.33659 5.28727 4.58136 6.64678 1.57672 1.11886 1.37355 2.59372 4.66761 2.02561 5.07006 1.14981
internal_count=1616 1367 1005 362 360 269 645 249 71 178 101 231 167 142 167 56 110 102 60 640 91 111 131
is_linear=0
shrinkage=0.05


Tree=126
num_leaves=24
num_cat=0
split_feature=167 4 170 7 16 56 155 150 108 4 109 1 115 166 136 164 135 166 16 13 186 157 47
split_gain=1.64466 1.30657 1.19834 1.35373 1.16979 1.00614 0.942741 0.926572 1.37825 0.891821 1.24307 0.760471 0.642539 0.522891 0.692187 0.443388 0.382399 0.345356 0.289412 0.246877 0.0865319 0.0359103 0.0291814
threshold=4.5000000000000009 11.216077530005384 -19.85212167953852 -37.298993678757697 8.0818748474121112 0.07671296596527101 0.084232901621405773 0.53594172000885021 -36.286965789981529 1.1115729773064393 0.72849210786081153 0.21802380376054334 0.10263157894736843 1.236299514770508 0.00050819133902638678 0.31064987182617193 0.0033729236027622797 0.093851089477539062 22.025451183319095 0.21217014577596985 0.21560001373291018 42.915723800659187 -1.5012485661978279
decision_type=10 10 10 10 2 2 10 8 10 10 10 10 10 10 8 8 10 10 2 8 10 2 8
left_child=1 2 4 22 5 19 20 9 -9 10 21 -8 17 18 -15 -10 -17 -2 -11 -1 -3 -6 -4
right_child=12 6 3 -5 7 -7 11 8 15 13 -12 -13 -14 14 -16 16 -18 -19 -20 -21 -22 -23 -24
leaf_value=3.0453239978606134e-05 0.0067563201079015867 -0.0014660903129272006 0.021568196123522492 -0.034688723830212743 0.0049746057575415651 0.017774684515060989 0.013090558960340693 -0.031938512083564317 0.028313076301751922 0.035741292016065219 -0.029009268489526858 -0.038342504226895877 0.011635550267888416 -0.022157050014626502 0.020537236271182428 -0.01883007239642813 0.01444659050852426 -0.037485163672391873 0.0098316583605419037 -0.033732805119152352 0.019523042716212156 0.02583752395553221 0.002244566639575128
leaf_weight=0.68539524584776135 0.18949871254153539 0.51902215852169253 0.72423664620146155 1.9726651136297757 0.88757713453379172 1.2420456940308211 0.37884522858075831 1.3333058749558402 1.6841869087074877 10.056872382527215 1.1860939475009216 2.4630005702492781 0.45708269986789662 0.69563079095678282 1.1695207709562965 0.78497453761519842 0.70389620959758759 2.650819537229836 2.2413935004733494 1.5454847055952994 0.61113137460779399 0.96765957830939442 0.5108935621683488
leaf_count=23 3 47 10 310 43 12 5 48 27 124 125 149 15 43 37 51 4 320 36 108 7 7 56
internal_value=0.00320413 0.00687357 0.0107115 -0.0148624 0.0144122 -0.0102759 -0.0171969 0.0186399 -0.00136577 0.0236671 -0.000788746 -0.0298633 -0.0260299 0.0286242 0.00243819 0.0160558 -0.00361437 -0.0335428 0.0321136 -0.0265609 0.0137207 0.0210944 0.0181555
internal_weight=35.6612 32.3638 28.3918 3.2078 25.184 3.47293 3.972 21.7111 4.50636 17.2047 3.04133 2.84185 3.2974 14.1634 1.86515 3.17306 1.48887 2.84032 12.2983 2.23088 1.13015 1.85524 1.23513
internal_count=1610 1272 1064 376 688 143 208 545 130 415 175 154 338 240 80 82 55 323 160 131 54 50 66
is_linear=0
shrinkage=0.05


Tree=127
num_leaves=24
num_cat=0
split_feature=26 147 107 3 25 168 24 31 160 169 109 183 48 23 113 168 54 169 3 119 48 6 20
split_gain=1.09397 0.834556 0.828617 1.35226 1.31163 1.45007 1.07616 0.987262 0.976719 0.979163 0.954238 0.847031 0.729977 0.580363 0.798352 0.437575 0.402376 0.288256 0.268493 0.143887 0.0869642 0.0345604 0.018657
threshold=0.0033932611693331355 0.091251790523529067 163.52483748011687 16.688684021487809 0.15372155550995095 1.5121574664220467 0.0038692368037963865 0.096884327538245121 2.050318022451409 -0.097999572753906181 55.362473135331925 20.703450202941898 9.6153296736079721 0.0011645498218784301 7.9370941361914893 14.547569941259747 0.79057017543859665 0.070850372314453111 16.122908596654156 0.0081093307322690922 11.382423841314347 0.23368798316325015 -1.625640094468167
decision_type=8 8 10 10 10 10 8 10 8 10 10 10 2 10 8 10 2 8 8 8 2 8 10
left_child=2 12 3 13 5 6 -4 19 -7 20 11 17 -2 -1 -15 -11 -9 -5 -18 -6 -10 -14 -19
right_child=1 -3 4 10 7 8 -8 16 9 15 -12 -13 21 14 -16 -17 18 22 -20 -21 -22 -23 -24
leaf_value=0.03361808240052671 -0.022958407000815778 -0.035646941287442863 -0.039659255206949441 0.0047752305605059265 0.03315822312749641 0.028423014926781016 0.01419035377728857 0.013620016393881286 -0.00049817548007298604 -0.03468301961874401 0.020218555416129241 0.013632261135711036 0.022978711377088679 0.021472178688036369 -0.02395750316324936 0.0069565843475437377 -0.026739416667277957 -0.0022551973661329417 0.0046272948821566833 0.0075561270917536673 0.021400428628012572 0.0040388905592095518 -0.036221305449756519
leaf_weight=5.8156035722931865 0.78638014610623885 2.1003196009551175 3.842104728333652 0.27385788370156694 2.6119831171818069 1.6724053060752337 0.61020984128117728 0.63308843050617758 0.53899124142481036 1.7166042879689487 1.5290920095867475 0.88967660116031755 0.81611638399772313 1.1683686207397836 0.74857311008963745 0.4422306534834205 1.239916576421819 0.18174205918330777 0.61057203012751449 1.5174444995354859 0.87704149127239361 0.87598445196636032 2.0524445254704915
leaf_count=109 90 215 313 11 24 27 5 26 41 170 56 20 9 38 48 7 43 16 27 43 26 44 200
internal_value=0.00208111 -0.018323 0.00580957 0.0149015 -0.0016994 -0.0128987 -0.0310299 0.0142638 0.00498995 -0.00978919 -0.005104 -0.0185062 0.00238508 0.0267729 0.00160036 -0.0266513 -0.0086689 -0.0305428 -0.0183974 0.0270574 0.0163089 0.0183161 -0.0350099
internal_weight=33.5508 4.5788 28.972 12.6594 16.3126 9.69959 4.45231 6.613 5.24727 3.57487 4.92681 3.39772 2.47848 7.73255 1.91694 2.15883 2.48358 2.50804 1.85049 4.12943 1.41603 1.6921 2.23419
internal_count=1608 358 1250 498 752 589 318 163 271 244 303 247 143 195 86 177 96 227 70 67 67 53 216
is_linear=0
shrinkage=0.05


Tree=128
num_leaves=24
num_cat=0
split_feature=189 133 108 6 20 7 16 169 170 148 56 20 52 53 148 165 165 52 106 18 41 122 113
split_gain=1.13908 0.988218 1.00141 0.856694 1.23011 1.0025 0.982326 0.919932 1.46636 1.32368 0.713919 0.6724 0.559935 0.53969 0.481613 0.389177 0.386193 0.368448 0.812926 0.353914 0.241867 0.191053 0.146044
threshold=17.500000000000004 -0.94328817862381953 26.6756468122725 1.0784216801202502 2.2820409667721218 95.575165729778689 8.0307984352111834 0.32964992523193365 -20.687655828212907 0.16904761904761909 0.079495668411254897 -1.12375962299196 15.957702636718752 1.958417174238319 0.12973352033660593 0.25380039215087896 0.29099941253662115 25.872355461120609 0.73880259961279682 0.1022915501216204 0.47271777778808194 3.0303144454956059 2.3018012189274164
decision_type=8 8 8 8 10 10 2 10 10 8 2 10 2 10 10 10 10 2 8 10 8 2 10
left_child=10 2 11 4 7 6 -5 8 17 14 -1 20 15 -13 -9 -8 -11 18 21 -10 -2 -3 -20
right_child=1 3 -4 5 -6 -7 12 9 19 16 -12 13 -14 -15 -16 -17 -18 -19 22 -21 -22 -23 -24
leaf_value=-0.034011042389200691 -0.026898298443514365 0.029352508163435105 -0.033627839797292988 -0.017207274054617916 -0.026539019000226535 -0.016178038260039763 -0.017740577670909596 -0.010289160295918568 0.010269754555312996 -0.034771946467069124 0.0097957772849990733 -0.011276554826136318 0.038032688442271451 0.024443394625358272 0.025942430310972538 0.017292806174244415 0.0059629762744011225 0.035096937159365106 0.0042314347867405825 -0.028370118626828901 0.0051251629972281802 0.0016830181332874669 -0.023407119948908706
leaf_weight=2.076218649046496 0.89982916007284053 1.7899255571537702 1.81470092915697 0.49126361456000989 1.9076440077042196 0.83016314078122366 0.54054896568413802 0.71760100213577915 0.23896685242653326 2.0714820100693037 0.80579759902320791 0.83502785244490985 6.1784532949095592 2.4461721139959991 1.7689915589289738 0.63347084471024573 0.3950846399529836 4.1274853973882273 0.29246078291907884 1.1357971595134584 0.45646088046487421 0.96836730005452398 0.74872863758355379
leaf_count=184 33 39 276 80 60 29 138 58 1 155 7 47 69 47 47 17 15 40 13 97 38 35 58
internal_value=0.00333587 0.0063261 -0.0100301 0.010799 0.00351601 0.0226035 0.0280732 0.00901413 0.0176505 -0.00744493 -0.0223946 0.00353097 0.0327966 0.0148424 0.0155343 0.00042183 -0.0284092 0.025731 0.0103637 -0.0201573 -0.0185196 0.022671 -0.0173741
internal_weight=34.1706 31.2886 6.45219 24.8364 16.1625 8.6739 7.84374 14.2549 9.30173 4.95316 2.88202 4.63749 7.35247 3.2812 2.48659 1.17402 2.46657 7.92697 3.79948 1.37476 1.35629 2.75829 1.04119
internal_count=1583 1392 441 951 618 333 304 558 283 275 191 165 224 94 105 155 170 185 145 98 71 74 71
is_linear=0
shrinkage=0.05


Tree=129
num_leaves=22
num_cat=0
split_feature=39 8 107 8 23 114 150 3 105 14 170 109 121 38 179 2 1 1 49 32 10
split_gain=1.0515 1.69515 1.29682 1.47919 1.13983 1.11611 0.942783 1.08991 1.44602 0.982769 0.812027 0.867548 0.654718 0.509306 0.451538 0.509362 0.332574 0.225102 0.167449 0.0505896 0.0118351
threshold=-0.032608261585912915 6.0080713394716243 161.85198480322057 69.157783888255224 0.0011645498218784301 0.20126582278481017 0.41257843375205999 57.825819987236898 0.35232177376747137 0.0079222994985652488 -21.155544460697158 14.793051990941597 17.864792346954349 0.39627624286410051 17.670000000000005 1.0000000180025095e-35 0.31516029256275852 0.31106189485991859 54.815798759460456 1.9614109180190349 0.028991596638655467
decision_type=8 8 8 10 8 8 8 8 8 10 10 10 2 8 10 10 8 10 2 10 10
left_child=4 14 3 12 10 -6 16 8 9 -8 19 -12 -3 -14 15 -2 17 -4 -10 -1 -9
right_child=1 2 6 -5 5 -7 7 20 18 -11 11 -13 13 -15 -16 -17 -18 -19 -20 -21 -22
leaf_value=0.036216007664500505 0.009502667503936895 0.034084128750369695 -0.014022416992295589 -0.024459500727693553 0.015867661212642461 -0.031991922433333805 -0.016312216637239203 0.0073423614248977025 -0.0016891807095116554 0.027087850506329249 -0.022008856530866094 0.021057533209370635 -0.021815401227179485 0.017970135091779731 0.0094324650038259163 -0.039234848164955836 -0.035482666346047922 0.014435732736534524 -0.037363477753354871 0.014747329608362746 0.030214300822760904
leaf_weight=4.1374629633501163 0.22453969344497071 5.1067235016380463 0.37733355152886128 0.87996405287412915 1.5288858261192229 1.4776703014504162 1.346058705239557 0.90885039168642867 0.48091868485789779 2.2007460212917067 1.3510962179861938 1.3274902242701498 0.65043025580234792 0.58781612117309134 0.24699722789227951 3.1334416286554188 1.9674688215018248 0.40329610335174948 1.9344385124277321 2.5878757733153179 1.3146366546861825
leaf_count=36 2 105 68 94 34 70 29 59 23 46 32 19 39 13 2 602 201 5 80 40 9
internal_value=0.00366463 -0.00299591 0.00368388 0.0188072 0.0146973 -0.00976847 -0.00704804 0.00220345 -0.00915096 0.0106519 0.0227065 -0.000743149 0.0273209 -0.00333812 -0.0301361 -0.0345432 -0.0278407 0.000530184 -0.0328347 0.0309333 0.0260434
internal_weight=34.1741 21.7637 18.1587 7.22493 12.4105 3.00656 10.9337 8.18565 5.96216 3.5468 9.40393 2.67859 6.34497 1.23825 3.60498 3.35798 2.7481 0.78063 2.41536 6.72534 2.22349
internal_count=1608 1377 771 251 231 104 520 246 178 75 127 51 157 52 606 604 274 73 103 76 68
is_linear=0
shrinkage=0.05


Tree=130
num_leaves=24
num_cat=0
split_feature=133 161 179 17 105 157 106 25 21 42 163 46 19 180 158 51 113 157 3 41 41 41 160
split_gain=1.01477 0.940784 0.794371 1.3941 0.947519 1.05706 0.95932 0.778164 0.753329 0.724452 0.718889 0.631486 0.481754 0.507138 0.48012 0.453159 0.405598 0.365967 0.336336 0.276115 0.142495 0.0276017 0.0266968
threshold=-1.2722340169023572 16.976949691772464 17.296500000000005 3.4893127679824834 0.36536228656768804 4.1132001876831064 0.25429185279692706 0.092036236002227725 35.829557741110584 0.15069174797584617 0.41139984130859375 0.0185439094579757 0.052943184971809394 0.54300000000000115 2.0892051020781266 0.88402855866845076 7.7739346666232647 39.980585098266609 -70.07665573992486 0.022047497332096103 0.57138322032988087 0.62366358000026267 0.67230776748502918
decision_type=8 8 8 2 10 2 8 8 10 8 8 8 8 10 10 8 8 2 8 10 10 8 10
left_child=11 -2 3 8 5 -4 -7 -6 12 -9 17 -1 -3 19 -5 18 -17 22 -12 -14 -21 -22 -8
right_child=1 2 4 14 7 6 10 9 -10 -11 15 -13 13 -15 -16 16 -18 -19 -20 20 21 -23 -24
leaf_value=0.0075401564487988602 -0.026325432415014918 0.0092350443454871419 -0.021545017030245514 -0.0084028126020243409 0.018436787902362643 -0.019868564665250433 -0.00035311872721304404 0.0054402654774823693 0.016088288178047749 -0.033664600868709364 0.0065458212411239518 -0.033685737808308969 0.0016306431612285726 0.005587224249080907 0.029035890232660694 -0.017946291931805376 0.015799114552920195 0.013463121418770744 0.035450116313658256 -0.041264691461572946 0.0032278528941912586 -0.0078836934366521387 -0.020552225925847014
leaf_weight=0.94049517519306391 1.071999800158667 0.5053412867710011 0.70939199102577433 0.65845986682688851 1.4611620833165933 0.55496665346435925 0.22098093602107149 1.722099701408297 0.72466068918583904 1.6264804863603783 1.6782663555350152 1.7286680752295072 0.39935444522416252 0.64682501042261709 2.2269597994163632 0.50773139926604982 1.2068735687062144 0.78816112247295678 9.8971234263153764 2.9540382306440738 0.29156708542723198 0.18609339091926813 0.65032816701568663
leaf_count=25 341 7 97 39 31 28 12 22 14 95 32 265 21 9 48 52 41 11 146 144 9 58 62
internal_value=0.00402028 0.00679779 0.00881738 -0.00369532 0.0138675 0.0193824 0.022447 -0.00485986 -0.0171757 -0.0169275 0.0251651 -0.0210635 -0.0238933 -0.0286353 0.0205285 0.0288065 0.00287646 -0.00386349 0.0321132 -0.0343739 -0.0379863 -0.00350677 -0.0183556
internal_weight=33.358 30.6889 29.6169 8.5933 21.0236 16.2138 15.5044 4.80974 5.70788 3.34858 14.9495 2.66916 4.98322 4.47788 2.88542 13.29 1.7146 1.65947 11.5754 3.83105 3.4317 0.47766 0.871309
internal_count=1609 1319 978 349 629 481 384 148 262 117 356 290 248 241 87 271 93 85 178 232 211 67 74
is_linear=0
shrinkage=0.05


Tree=131
num_leaves=24
num_cat=0
split_feature=8 170 26 156 135 26 147 11 111 16 49 41 7 140 45 31 150 158 170 162 150 47 111
split_gain=1.76634 0.832852 0.902597 0.827847 1.44392 1.34604 0.769445 0.67867 0.672572 0.621494 0.53784 0.446003 0.43539 0.394671 0.439172 0.336833 0.324547 0.298829 0.288666 0.205971 0.144486 0.126983 0.034084
threshold=4.3736846456694671 -20.65600639598734 0.0033932611693331355 0.86730348418563474 0.0017045726312573408 0.0014928671231865507 0.12530142068862918 29.904816000315261 1.4102250752038892 7.9291143417358407 22.945879220962528 0.3277008590959905 -135.37179146552754 -0.30573880672454828 0.32548059622430608 0.076361349478660315 0.27744698524475103 2.0269116653361734 -26.458812205963682 20.181300163269047 0.26986140012741094 -0.61067945467201734 0.079786269362590048
decision_type=8 8 8 8 10 10 10 10 10 2 2 10 10 2 10 8 10 10 8 8 8 8 8
left_child=10 9 3 4 5 8 16 -8 -3 -2 22 -7 -12 14 15 -11 20 -10 -14 -6 -5 -15 -1
right_child=1 2 -4 6 19 11 7 -9 17 13 12 -13 18 21 -16 -17 -18 -19 -20 -21 -22 -23 -24
leaf_value=0.010690499995960917 -0.01215974862232868 -0.039854044282759814 -0.029148068701455809 -0.012048686118079478 0.0031650258253227768 -0.011658273610771305 -0.025468354649772762 0.016646784753539971 0.014313466100172395 0.0086216578441813841 0.008989744579049868 0.021729273317907177 0.0053188533885773102 0.035937711851554997 0.020703278232889526 -0.021667772414097296 0.036048689726226588 -0.016211110026440743 -0.038903004308728083 0.025458902894176062 0.010902398113532072 0.01252977626104272 -0.0017806586611481012
leaf_weight=0.3063806890277182 0.8941986613208418 3.3275456719566225 1.2799347769469012 0.30556554131908287 2.0284153720131144 0.81266284419689361 0.91226332972291835 0.96632829331792891 0.79989502951502778 0.97467385081108582 0.21949047129601273 1.6588393313577396 0.16200548491906375 3.2078286721371114 1.3946719613159073 0.93473186437040579 2.7564396147499792 0.44838615698972717 3.0181696624495093 2.1419193494366482 0.44439573376439512 2.523929141694679 0.52794496965361759
leaf_count=5 28 268 175 64 30 39 52 44 20 33 2 36 6 25 24 20 36 75 520 20 12 39 53
internal_value=0.00236418 0.00715167 0.00047856 0.00428868 -0.00359892 -0.016595 0.0187099 -0.00554756 -0.0305224 0.0180257 -0.0244422 0.0105551 -0.0316332 0.0219269 0.00573437 -0.0085572 0.0300532 0.00101535 -0.0359168 0.0173248 9.73045e-06 0.0290227 0.00613038
internal_weight=32.0466 27.8126 17.8826 16.6027 11.2177 7.04733 5.38499 1.87859 4.57583 9.93003 4.23399 2.4715 3.39967 9.03584 3.30408 1.90941 3.5064 1.24828 3.18018 4.17033 0.749961 5.73176 0.834326
internal_count=1626 1040 871 696 488 438 208 96 363 169 586 75 528 141 77 53 112 95 526 50 76 64 58
is_linear=0
shrinkage=0.05


Tree=132
num_leaves=21
num_cat=0
split_feature=29 166 7 4 120 121 16 107 44 166 6 4 0 44 169 179 137 114 29 29
split_gain=1.02824 1.05426 0.973444 1.0379 0.944137 0.922217 0.986095 1.20997 0.891198 0.798343 0.763518 0.567389 0.530443 0.46639 0.404517 0.362589 0.149738 0.0930088 0.059566 0.00975186
threshold=0.88542766901410064 1.9328994750976565 9.5297515733547886 0.80354515033601104 0.56904761904761914 16.020798683166507 13.922401428222658 65.929273418347705 0.015615091562181724 0.99959945678710949 0.29740461701159199 7.8264788560137211 0.49816700816154486 -0.00027633947566104567 -0.047949790954589795 17.236500000000003 -0.0038290618401649597 0.14415584415584418 0.59186209587522232 0.61887191260601304
decision_type=8 10 8 8 2 2 2 8 10 8 8 10 10 10 8 10 8 10 10 10
left_child=1 2 4 -4 8 6 7 -5 14 -7 -9 -10 18 -11 -1 -2 -13 -6 -12 -15
right_child=15 -3 3 5 17 9 -8 10 11 13 12 16 -14 19 -16 -17 -18 -19 -20 -21
leaf_value=0.0041235246266028112 -0.03348019109673557 -0.028916015570374973 -0.024538739322658491 0.032928321638501151 0.020863347377055853 0.013938996151232931 0.034496872482735669 0.013437436798529219 -0.020233845948235223 0.010288125458929105 -0.0037948963918120479 0.021907824684553222 0.0087316341043801628 -0.0045929017809741715 -0.038287910579735789 0.0079159916259877571 -0.0036747129694537639 0.0022010962845527655 -0.033010376030721697 -0.029390287064181481
leaf_weight=0.4506210726685822 1.6710121384239744 1.3029558470007021 0.91147426475073245 1.8656711674993873 1.1529390008654448 2.9505033871391779 6.4658247625920922 1.9683331094565799 0.65480420534731854 0.54681168100796673 0.49171213526278812 1.3995987260714171 0.72194049833342422 0.47096856735879589 2.6386668300256155 0.24963799631223071 0.41688925831113 1.3518295594258232 1.7338136803591622 1.6008824960445052
leaf_count=7 188 380 183 16 13 42 93 41 123 14 15 49 14 20 193 4 42 37 96 64
internal_value=0.00113432 0.00384936 0.00633632 0.0121481 -0.00765121 0.0150738 0.0218235 0.00685973 -0.018208 -0.00185973 -0.00692771 0.00399859 -0.0204865 -0.0185933 -0.032606 -0.0272316 0.0168164 0.0142931 -0.0297332 -0.0270836
internal_weight=31.0169 29.0962 27.7933 19.7279 8.06535 18.8165 13.2473 6.78147 5.56058 5.56917 4.9158 2.47129 2.94747 2.61866 3.08929 1.92065 1.81649 2.50477 2.22553 2.07185
internal_count=1634 1442 1062 598 464 415 275 182 414 140 166 214 125 98 200 192 91 50 111 84
is_linear=0
shrinkage=0.05


Tree=133
num_leaves=23
num_cat=0
split_feature=107 3 46 146 157 4 132 109 184 55 9 46 41 32 13 156 52 162 16 153 131 153
split_gain=1.27232 1.45953 1.1894 1.28097 1.04006 1.11017 1.35204 0.878254 1.01429 0.626632 0.582715 0.521442 0.494689 0.433515 0.404702 0.337757 0.200008 0.110728 0.0848001 0.0379882 0.00725735 0.0060273
threshold=163.52483748011687 11.704644734851351 -0.020524085482806577 0.11315003019821081 41.989576339721687 3.4311845714309359 0.16967934370040896 55.362473135331925 20.125299453735355 -11.989149808883665 0.32392686804451515 0.52677450646792223 0.25741443894803534 1.9426784068611644 0.30279335413515218 0.80729476894907515 31.054172515869144 19.726699829101566 9.02453660964966 7.4244681446835648 0.46242011502232577 8.7157688017317607
decision_type=8 10 8 10 2 10 8 10 10 2 10 8 10 8 10 8 2 10 2 2 10 2
left_child=1 9 12 4 5 6 -4 8 14 -1 -6 13 15 -8 17 -2 -15 21 -11 -16 -9 -3
right_child=2 7 3 -5 10 -7 11 20 -10 18 -12 -13 -14 16 19 -17 -18 -19 -20 -21 -22 -23
leaf_value=-0.0061604934881287071 0.011763677614518749 0.00045321856290912396 -0.03117047167717938 -0.03897791052882163 -0.0053874723818291559 -0.037374781199593886 0.030558410851818065 0.0048360605474653687 0.016518211690758847 0.0081066891588157854 0.025397625218615723 -0.015253962917069925 0.02452063945141375 -0.016298601963230807 -0.0029632654498028973 -0.016088444514342215 0.010752905061310172 0.012449664668798016 0.036422041246997348 -0.037119500641216739 0.023626394243921846 -0.0092943176205036587
leaf_weight=0.84226010733982537 1.1349674602970483 0.080062639724929219 1.3435275931260564 2.6637611871701656 2.2631313607562333 2.4490918710362166 2.3352448740042764 0.71551305288448908 1.0474131159717215 0.99292545003117805 2.4234022275195457 0.42652160831494157 2.746904966654256 0.45562791352858756 0.27248330693692002 1.2674754635663701 0.3668934116140008 0.32790098304394633 4.7602480467758141 2.1633608003030531 0.80883972346782684 0.22180228866636753
leaf_count=38 17 8 186 284 48 261 57 49 30 60 31 118 38 53 14 35 4 6 96 152 4 59
internal_value=0.00181757 0.0138997 -0.00592784 -0.012988 -0.00470463 -0.0156173 -0.00032319 -0.00462158 -0.0159803 0.0282547 0.0121983 0.0155167 0.0130927 0.0223421 -0.0284158 -0.00334027 -0.00495282 0.00347633 0.0334592 -0.0352732 0.0202161 -0.00834673
internal_weight=32.1094 12.2328 19.8765 14.7272 12.0634 7.37691 4.92782 5.63738 4.11302 6.59543 4.68653 3.58429 5.14935 3.15777 3.06561 2.40244 0.822521 0.629766 5.75317 2.43584 1.52435 0.301865
internal_count=1648 516 1132 1042 758 679 418 322 269 194 79 232 90 114 239 52 57 73 156 166 53 67
is_linear=0
shrinkage=0.05


Tree=134
num_leaves=24
num_cat=0
split_feature=120 156 154 39 157 111 42 142 142 184 23 14 42 52 112 115 30 32 118 15 110 122 168
split_gain=0.925043 1.32263 1.11463 1.03317 1.25716 0.935584 0.868154 0.707694 0.697117 0.579834 0.530322 0.451034 0.370403 0.365402 0.27237 0.261573 0.248007 0.163395 0.102859 0.0788972 0.0555454 0.0518251 0.0503606
threshold=0.56904761904761914 0.86730348418563474 91.218895554542556 -0.084789321105927212 46.896480560302741 0.83172216883358197 0.17648493401555895 0.63808321373256816 0.62163684456669677 21.04119968414307 0.00027488518143520935 0.03458077101167676 0.51188243596698169 22.986840248107914 13.156893123230764 0.13961038961038963 0.11612923793346454 1.9547875589364538 52459.396851643272 0.73030303030303034 450.12388229607103 3.4092218875885014 0.21736926523573852
decision_type=2 10 2 8 2 8 10 10 10 8 8 10 10 2 10 8 8 8 10 2 10 2 8
left_child=1 3 13 7 9 6 -3 -1 -4 14 -7 19 -8 15 -5 18 -14 -9 -2 20 -11 -16 -12
right_child=2 5 8 4 -6 10 12 17 -10 11 22 -13 16 -15 21 -17 -18 -19 -20 -21 -22 -23 -24
leaf_value=-0.017467235776439698 -0.017400835870647068 -0.013133783017597447 0.012451598380968685 -0.016729348278505054 0.0090353110352593049 0.013158902410076001 0.033172307170199984 0.027354007631152734 -0.023615116891694751 -0.042038024451497458 0.0008462529231885147 0.0059067432438317238 0.013831650444739838 0.033629655692402678 -0.0011696096567286739 0.016464843058673188 -0.015188963695553795 0.0031481105512669253 0.0049618407635280302 -0.0019117171598868701 -0.0022245931564846893 0.016189740013174768 -0.028178626408735648
leaf_weight=1.040730251464993 0.52069976128404749 0.96496621926780513 1.8514491872629153 0.47193404805147998 2.2318838028004393 0.57912619441049229 4.4081928829546086 1.4725320050492885 1.6043404218507928 4.682888338225899 0.099243659409694263 0.33001405303366471 0.51955308514880005 4.3521885051159188 0.42414317443035543 0.60920908977277588 0.42840848461491987 1.3794165825238449 0.2415427069645375 0.23475014977157105 0.20632116578053672 0.5177431246265769 1.1723029324784875
leaf_count=40 70 28 23 74 37 36 97 19 33 585 10 22 22 39 42 7 144 34 9 7 29 11 196
internal_value=0.00333336 -0.00251353 0.0157366 -0.0120869 -0.0206544 0.0123655 0.0208871 0.00806887 -0.00583437 -0.030225 -0.0138573 -0.0365799 0.0281183 0.0276913 -0.000711868 0.00261201 -0.000348116 0.0195029 -0.01152 -0.0398339 -0.041021 0.0117958 -0.026538
internal_weight=30.3436 21.1642 9.17943 12.9924 9.09968 8.17179 6.32112 3.89268 3.45579 6.86779 1.85067 5.45397 5.35615 5.72364 1.41382 1.37145 0.947962 2.85195 0.762242 5.12396 4.88921 0.941886 1.27155
internal_count=1614 1433 181 900 807 533 291 93 56 770 242 643 263 125 127 86 166 53 79 621 614 53 206
is_linear=0
shrinkage=0.05


Tree=135
num_leaves=21
num_cat=0
split_feature=170 148 20 184 8 189 150 56 107 166 6 13 171 8 2 40 143 182 156 46
split_gain=0.993425 1.42407 1.2477 1.25573 0.942504 0.847761 0.941789 0.771825 0.643396 1.31118 0.676421 0.587609 0.50972 0.453416 0.353271 0.317488 0.191742 0.167114 0.129035 0.035715
threshold=-19.85212167953852 0.41421568627450983 2.2820409667721218 21.371800422668461 4.3736846456694671 17.500000000000004 0.17310309410095218 0.045687556266784675 205.39161432302959 1.1801996231079104 0.15628471820660336 0.10018872341143401 1.8739821400069157 69.157783888255224 1.0000000180025095e-35 0.65513123141394736 0.10703690679438632 0.9245243569095335 0.83932383523201559 -0.050814398677799258
decision_type=10 10 8 8 8 8 8 2 10 8 8 10 10 8 10 10 10 8 10 10
left_child=2 12 4 -4 7 17 -7 14 13 18 -11 -12 -2 -8 -1 -15 -13 -6 -10 -5
right_child=1 -3 3 19 5 6 8 -9 9 10 11 16 -14 15 -16 -17 -18 -19 -20 -21
leaf_value=0.0087879829302927575 -0.03794661266668866 0.01806931591931344 0.019486862950828979 -0.0033859237576297006 -0.023290576279202321 -0.020645252630184685 0.03560379805466473 0.011583087992594984 0.0079049757211943298 0.016386140075143607 0.0085490241841482233 0.0013684237434354737 0.0098933069546002436 -0.012416150029242547 -0.032333258091122793 0.017026844210383543 -0.035339159290242443 0.0037085709232365289 0.031339404764033324 -0.036033512097241795
leaf_weight=0.20030519366264643 2.692017831082921 1.3603370517957953 0.86946779541904107 0.31557560613146129 0.71929842920508236 0.65375323971966892 7.0744842776912273 1.7018642891198394 1.7095068604685337 0.9293129629804765 0.82382170215714756 0.32446567225270007 0.23583591263741244 0.7446971829049297 1.6681332461303098 1.0055682280217295 1.799948707106523 0.50063075852813177 2.9335414599627256 1.9783634594059609
leaf_count=1 506 45 17 14 32 93 92 43 37 11 34 31 2 24 303 42 100 20 35 111
internal_value=0.0038769 -0.0161158 0.00765567 -0.018097 0.0118409 0.016129 0.0189793 -0.00972042 0.0215168 0.00995357 -0.0102366 -0.0206531 -0.0325555 0.0305319 -0.026398 0.00453995 -0.0310892 -0.0155312 0.025641 -0.0339336
internal_weight=30.2409 4.28819 25.9527 3.16341 22.7893 19.219 17.9991 3.5703 17.3453 8.5206 3.87755 2.94824 2.92785 8.82475 1.86844 1.75027 2.12441 1.21993 4.64305 2.29394
internal_count=1593 553 1040 142 898 551 499 347 406 248 176 165 508 158 304 66 131 52 72 125
is_linear=0
shrinkage=0.05


Tree=136
num_leaves=24
num_cat=0
split_feature=164 131 2 181 40 41 132 20 20 106 155 13 54 161 111 41 30 7 160 13 45 46 108
split_gain=1.17987 0.83336 0.79686 0.820005 0.744502 0.739478 0.579419 0.52571 0.812198 0.507771 0.489534 0.470884 0.740678 0.553793 0.451082 0.397811 0.359524 0.284177 0.238782 0.193771 0.176658 0.080592 0.0617757
threshold=0.20794963836669922 0.61582847545678032 693.66770132987824 3.334000000000001 0.89750702600730103 -0.055749932924906424 0.063666284084320082 2.2820409667721218 5.7655711109464898 0.23335532115190791 0.28451792053740682 0.59130180272767008 0.98344017094017111 19.817799568176273 0.21473876286100355 -0.15797108017736008 0.11430419988095263 20.77158206926336 15.976233234806806 0.17394819848042614 0.088604027436630456 -1.0000000180025095e-35 -112.94579490697916
decision_type=8 10 10 8 8 10 8 8 10 8 10 10 2 10 10 8 10 10 10 8 10 10 10
left_child=1 18 3 19 5 -5 21 9 -9 -8 -3 12 13 14 -11 -6 -13 -16 -1 -2 -4 -7 -14
right_child=2 10 20 4 15 6 7 8 -10 11 -12 16 22 -15 17 -17 -18 -19 -20 -21 -22 -23 -24
leaf_value=-0.034913067455315784 0.0055718814944480406 0.021161998796168969 0.0045822328306956272 -0.017097655005627099 0.012278885998249632 0.0039073807114621655 -0.010118594491986288 -0.022149877286212347 0.019985814783059039 0.013458740452940571 -0.015322984530312139 0.00070577491564061178 0.032780795607607431 0.01800581742866262 -0.031007148200190401 -0.02575331299937543 0.034298874151279697 -0.00033093164617502795 0.0022698230881662996 -0.025684789516664714 -0.026534608568471819 -0.018244286067085037 0.010148421362200573
leaf_weight=2.3376882231677887 0.25720407854533767 1.1907510855235157 0.25692107842769363 0.87233437184478546 0.32427123532397673 0.1524441484361887 0.63864589855073717 1.2881034790189176 1.2899082787334917 0.54143090778962077 0.67286708531901229 0.91634786810027336 1.8739563760464082 1.2731167275924233 1.318146189383697 1.0259971792111269 8.4380135716055502 1.1519111642264759 0.36172381276264776 0.94500886410241958 0.96173497737618163 0.55006339593090459 1.7807384167099369
leaf_count=322 18 52 3 45 8 4 28 54 11 14 61 27 20 20 80 347 155 30 14 113 85 70 52
internal_value=0.00450111 -0.0166655 0.00871798 0.0109381 0.013234 0.0155639 0.0176163 0.019297 -0.00137382 0.0221843 0.00723817 0.0238651 0.0124746 -0.00206566 -0.0129243 -0.0152815 0.0313941 -0.0209193 -0.0306638 -0.0195041 -0.0208659 -0.0139657 0.0263026
internal_weight=30.4193 4.56303 25.8563 24.6376 23.4354 22.0852 21.2128 20.5103 2.57801 17.9323 1.86362 17.2937 7.9393 4.2846 3.01149 1.35027 9.35436 2.47006 2.69941 1.20221 1.21866 0.702508 3.65469
internal_count=1633 449 1184 1096 965 610 565 491 65 426 113 398 216 144 124 355 182 110 336 131 88 74 72
is_linear=0
shrinkage=0.05


Tree=137
num_leaves=19
num_cat=0
split_feature=170 8 144 179 8 34 40 52 106 37 48 115 4 106 167 25 6 23
split_gain=0.842201 0.824441 0.974623 0.939855 0.844161 0.777264 0.785259 0.754789 1.64349 0.661358 0.676147 0.461903 0.458314 0.430179 0.322828 0.26508 0.17554 0.0259288
threshold=-19.85212167953852 13.227526712368293 0.050105447325418939 15.748000000000003 6.1639328410991441 0.017713099718093876 0.21633438835851851 21.98368072509766 0.48083228520360072 0.46638229489326483 8.747985088415577 0.080540540540540564 6.8980882960570602 0.34635841874665912 3.5000000000000004 0.15945713286343957 0.2924098795370525 0.00031021104279188382
decision_type=8 8 8 8 10 8 8 2 10 10 2 10 10 8 8 10 10 10
left_child=7 2 15 -4 9 -3 -7 8 13 10 -5 -10 14 -1 -9 -2 -6 -11
right_child=1 5 3 4 16 6 -8 12 11 17 -12 -13 -14 -15 -16 -17 -18 -19
leaf_value=-0.004451034957287635 -0.030699435983636825 0.01573631556987878 -0.024370539915291364 -0.018450908458474826 0.0054041011546044175 0.003450037198625449 -0.039818699763898818 0.03401620123651327 -0.03556516843570761 -0.00095638274819782746 0.024407285575502299 0.0056363696420649286 -0.00065392077258689171 0.028552657875702617 0.0063412113126459059 0.0050840968815240297 0.031472769811619887 -0.026209411539911839
leaf_weight=1.1027416936121865 1.4283667828422029 0.55050645867595527 0.89318943410762486 0.53927582158939991 1.3137589051621033 1.2370232524117455 2.8394285759422928 3.5721105625852942 2.0054694741847929 0.18932829925324746 1.6521541679976506 0.56236829154659052 2.0010848953388631 2.0713286811951548 2.0790288078133017 0.33637405961053435 3.5046827300684527 0.99478452780749649
leaf_count=49 197 14 179 92 30 40 435 31 145 31 68 21 24 30 38 32 50 123
internal_value=0.00187032 -0.00591469 0.00196564 0.0090265 0.0149217 -0.0214617 -0.0285954 0.0106529 -0.00292925 -0.00390551 0.0113839 -0.0274911 0.020005 0.0187671 0.0263189 -0.0245069 0.0265155 -0.0244583
internal_weight=28.873 15.4789 10.8519 9.08717 8.19398 4.62696 4.07645 13.3941 5.74191 3.37554 2.19143 2.56784 7.65222 3.17407 5.65114 1.76474 4.81844 1.18411
internal_count=1629 1291 802 573 394 489 475 338 245 314 160 166 93 79 69 229 80 154
is_linear=0
shrinkage=0.05


Tree=138
num_leaves=24
num_cat=0
split_feature=170 4 187 181 32 32 183 15 144 8 105 3 52 181 131 109 2 7 166 113 147 136 46
split_gain=0.860146 1.06508 1.00474 0.800553 0.747741 1.21748 0.930263 0.659488 0.635409 0.61458 0.878869 0.597545 0.457524 0.351013 0.342856 0.323733 0.316092 0.295545 0.239699 0.3433 0.206329 0.149963 0.0985977
threshold=-18.773406540378669 10.668096072325389 0.13954925537109372 3.3169999999999997 1.9934883232911431 2.1746645053227751 20.811550140380863 0.29814814814814822 0.15770984847804526 6.1639328410991441 0.28529679775238043 73.757850725664824 3.0642129182815556 3.3445000000000005 0.46001867489455611 90.631815766983252 201.38303015461267 54.008038492731188 0.76990032196044933 15.052257596992821 0.26108402013778692 0.00017562914475081722 -0.041934935177937081
decision_type=10 10 10 8 8 10 10 2 10 8 8 8 2 8 10 10 10 10 10 10 10 10 10
left_child=1 3 11 -1 6 8 9 13 21 10 16 -3 20 -7 -10 -2 -5 18 -14 -20 -11 -6 -12
right_child=15 2 -4 4 5 7 -8 -9 14 12 22 -13 17 -15 -16 -17 -18 -19 19 -21 -22 -23 -24
leaf_value=-0.021715316601064405 -0.030547852702801956 -0.037086583546864886 0.018189343355026279 -0.0063318630764350268 0.0002562322954737542 0.013613190698745913 -0.012501348960441193 0.029555043942464155 -0.012584145252106963 -0.016029899831654322 0.0020546410830265629 0.0077783373295567983 0.038613311809418828 -0.021724178982862215 0.018731225784747025 0.0071786972133056903 0.027189716072756855 0.0055497044887682463 -0.0072946752704967175 0.023460910099265472 0.011641594807438741 -0.035279911285215119 -0.02634186380087284
leaf_weight=1.0081188798649332 1.4632389372854948 2.3320000600069752 0.84094178990926582 0.53694237710442516 0.3150564461830071 0.33090889453887951 1.5951583019923408 2.2702669201535173 0.74791664729127638 0.45950822852319184 0.20061943680047989 0.56556825258303511 6.1116088386625034 0.71863295621005829 0.81362089305184782 0.31675247228122305 1.4598422062699681 1.5320938816294063 0.99095131945796344 1.0152805146062744 0.31283004872966558 1.8762806133017873 0.96502529649296753
leaf_count=96 413 179 19 82 12 1 42 29 41 83 5 17 84 108 19 36 21 37 50 18 6 132 87
internal_value=0.00301129 0.00555258 -0.0164418 0.00961957 0.011912 -0.00145277 0.0178439 0.0179255 -0.0187597 0.02202 0.00188715 -0.0285806 0.0274288 -0.00937672 0.00467505 -0.023667 0.0190707 0.0301797 0.0337097 0.0108964 -0.00457719 -0.0316914 -0.0227625
internal_weight=28.7792 26.9992 3.73851 23.2607 22.2525 7.07268 15.1799 3.31981 3.75287 13.5847 3.16243 2.89757 10.4223 1.04954 1.56154 1.77999 1.99678 9.64993 8.11784 2.00623 0.772338 2.19134 1.16564
internal_count=1617 1168 215 953 857 342 515 138 204 473 195 196 278 109 60 449 103 189 152 68 89 144 92
is_linear=0
shrinkage=0.05


Tree=139
num_leaves=24
num_cat=0
split_feature=23 132 114 54 6 150 46 26 23 6 150 38 170 15 12 8 105 117 132 54 109 166 2
split_gain=0.855019 0.89166 0.827128 0.798286 1.00661 1.01833 1.15249 0.821913 0.757038 0.756967 0.739284 0.562796 0.521989 0.327586 0.306818 0.282285 0.274297 0.240192 0.233136 0.190335 0.172396 0.150027 0.139205
threshold=0.0011645498218784301 0.53205609321594249 0.14415584415584418 0.80243902439024406 1.5110923969412002 0.4691379070281983 0.089408582863644809 0.00052584615065889482 0.0047777228379232194 0.068392304870817947 0.44196680188179022 0.068384783346755393 -19.85212167953852 0.38348416289592763 0.42355422396668435 8.2237057815381558 0.22159174084663394 0.42330794048818593 0.17747572064399722 0.79873417721519002 0.00038859906231509286 0.079200744628906208 22.926242767046244
decision_type=8 8 10 2 10 10 8 10 10 8 10 10 10 2 10 10 10 10 10 2 8 8 8
left_child=1 3 18 12 5 6 -5 -6 9 -4 11 -8 16 15 -7 -9 17 -1 -2 -14 -13 -11 -3
right_child=2 22 8 4 7 14 10 13 -10 21 -12 20 19 -15 -16 -17 -18 -19 -20 -21 -22 -23 -24
leaf_value=-0.014098126829658209 -0.005315713022514601 0.0026966728323002034 0.0082152488766761272 0.022691417054013448 -0.017366230647200862 -0.029337107646953461 0.011785151122112333 -0.014906698956552762 0.012610217667457206 0.0021788149419302272 0.016561198718042468 0.0043617786893242853 -0.017269035600886284 0.036665454839984526 0.0019507944724834166 0.015493757963562744 0.033396025553793673 0.014607664159518377 0.022583696914556271 0.01014967203182395 -0.033810364220507004 -0.039821525919440173 -0.027827406217987006
leaf_weight=0.36934036610182364 0.72546827013138571 0.25546200200915214 0.71623290370916937 3.7002986849984083 0.48687937174690787 2.8861340496805501 0.4044353697099784 0.39341995667200558 0.72359111323021341 0.11829710472375188 0.82442088430980209 0.093186475336551999 0.49769612887758796 2.5281314715975896 0.83241088408976782 0.71710972557775676 4.1524930233717896 0.57056560087949038 0.88482085434952751 0.24926733737811446 2.2486424562812317 3.1796170810703188 1.0699134213500656
leaf_count=50 48 3 31 47 45 81 6 48 59 3 12 1 114 22 31 36 105 16 16 2 272 453 97
internal_value=0.00205311 0.00668403 -0.0128979 0.00955697 0.00293464 -0.00517788 0.0058461 0.0213387 -0.0223377 -0.029896 -0.012756 -0.0236284 0.0237633 0.029145 -0.0234041 0.00276385 0.0288408 0.00187492 0.0127933 -0.00754687 -0.0314407 -0.0381585 -0.0233144
internal_weight=28.6278 22.2798 6.34803 20.9544 15.1151 10.9895 7.27098 4.12554 4.73774 4.01415 3.57069 2.74626 5.83936 3.63866 3.71854 1.11053 5.0924 0.939906 1.61029 0.746963 2.34183 3.29791 1.32538
internal_count=1598 988 610 888 601 450 338 151 546 487 291 279 287 106 112 84 171 66 64 116 273 456 100
is_linear=0
shrinkage=0.05


Tree=140
num_leaves=20
num_cat=0
split_feature=52 156 179 166 120 44 31 170 117 8 160 35 149 164 164 109 42 19 121
split_gain=1.00256 0.731663 0.823819 1.00882 0.894058 0.717006 0.672057 0.557522 0.630139 0.760635 0.717095 0.510756 0.441029 0.419938 0.443356 0.389937 0.280195 0.252183 0.0925063
threshold=5.9739930629730233 0.9040347001996446 17.296500000000005 0.99959945678710949 0.49358974358974367 0.00029311178180630143 0.055506785467214131 -20.154863111864731 0.40619630538903778 7.0491105369136458 0.27371241948971592 0.46410256410256417 37.500000000000007 0.32434988021850591 0.38919973373413091 0.00082427010604180239 -0.095189666489777322 0.2493725121021271 6.0383510589599618
decision_type=2 10 8 10 2 10 8 10 8 8 10 10 2 8 10 8 10 8 2
left_child=15 2 4 7 5 -2 -6 8 9 16 17 -9 -3 -5 -15 -1 -4 -11 -7
right_child=1 12 3 13 6 18 -8 11 -10 10 -12 -13 -14 14 -16 -17 -18 -19 -20
leaf_value=0.0084142361819864661 0.010042794764728641 -0.030582403884161603 0.0076202161729201998 -0.027487338614543229 0.020662430721693346 0.00085449024645530924 -0.014363813127095374 -0.023833044975432514 0.0317640518644993 -0.015387083402570188 0.030572826100886422 0.015245118333357663 0.010621164101815741 0.016726237790275773 -0.018152546350503205 -0.032945973190921546 -0.024041110829697638 0.0094150724120015388 -0.036507798914808431
leaf_weight=0.27850478637265341 0.70689173019491791 1.3611753851873789 0.46487552765756834 1.084828455292153 2.4634995968663138 0.12719866470433805 1.3776823538355527 0.83954237838042256 5.6604933788767093 1.0864582377253102 2.7613955241395161 0.62854379415512085 0.32789450342534099 1.2879393225884999 0.53676861070562143 1.8546668215712996 1.1617539044236824 1.0889545965474097 2.2110372357419692
leaf_count=19 22 134 5 158 33 16 42 76 82 27 33 4 12 28 67 546 73 24 222
internal_value=0.000150378 0.00334452 0.00594809 0.0117812 -0.00782508 -0.0245042 0.00772781 0.0173088 0.0206683 0.00816445 0.0172752 -0.00770417 -0.0216085 -0.012005 0.00367201 -0.026584 -0.0155364 -0.00391661 -0.0348282
internal_weight=27.3101 25.1769 23.4879 16.6016 6.88631 3.04513 3.84118 13.692 12.2239 6.56344 4.93681 1.46809 1.68907 2.90954 1.82471 2.13317 1.62663 2.17541 2.33824
internal_count=1623 1058 912 577 335 260 75 324 244 162 84 80 146 253 95 565 78 51 238
is_linear=0
shrinkage=0.05


Tree=141
num_leaves=23
num_cat=0
split_feature=116 135 117 9 47 54 138 162 6 37 140 168 150 42 131 151 155 189 51 52 155 110
split_gain=0.950167 0.951768 1.48493 1.10181 0.822481 0.888114 0.744031 0.890125 0.720576 0.667484 0.615315 0.529169 0.474888 0.284897 0.250811 0.247589 0.24228 0.135366 0.118146 0.102048 0.0408475 0.0251235
threshold=77.184434196583524 0.0019969731294224593 0.40902452112569937 0.41421362489486968 -0.8147199694898859 0.78319623971797891 0.04543823545503059 20.342999458312992 0.37741231530565328 0.69579774141311657 -0.55264419317245472 13.494514086663353 0.41366979479789739 0.33058071728893806 0.10340040922164918 0.26067529980527993 0.15766126111935211 1.0000000180025095e-35 0.81588691173153427 36.982517242431648 0.21560502017342251 4.4294961855191728
decision_type=10 8 10 10 8 2 10 10 8 10 2 10 10 8 10 8 8 10 10 2 10 8
left_child=1 2 3 6 15 -6 13 14 10 11 20 19 18 -1 -8 -3 -7 -12 -5 -10 -4 -16
right_child=-2 4 8 12 5 16 7 -9 9 -11 17 -13 -14 -15 21 -17 -18 -19 -20 -21 -22 -23
leaf_value=0.014277576509386825 -0.029879433202294456 0.005610771112017696 0.0021831411672369036 0.0062374294287668077 0.021959155658255201 0.0023891392243613934 0.0048345484029567983 0.004954525000284123 -0.031249302274841489 0.018265946462136664 0.032467020529764919 0.011653539768324589 0.025340712667725612 -0.014649707058907797 -0.0041930266276586818 0.033191558849531559 -0.029735469475665511 0.0043506213989944172 -0.017480063060105421 0.00049132658579218737 -0.015009670521329455 -0.041421037731658082
leaf_weight=1.2569103026180544 1.2939504577661853 1.5579225917463189 0.16064364073099557 0.18643626000266555 1.022151594574104 0.61512232327368077 0.11347393097821612 1.2042616049293426 1.5114984143001509 1.0785683803842401 3.4128580832038979 0.54506050224881608 1.3091646297252735 0.40927177687990468 0.28864116594195355 3.6404156249482185 1.1583589281071909 0.85445134720066551 0.52271726654726081 0.24759248131886114 0.40000064444029704 4.4756223052390851
leaf_count=46 145 39 14 9 16 30 3 31 242 33 103 10 36 143 19 32 40 34 113 14 51 398
internal_value=0.00105613 0.0036481 -0.00284894 -0.0153279 0.0169512 -0.00419333 -0.0233565 -0.0304865 0.0120473 -0.00499625 0.0227971 -0.0181179 0.0130202 0.00434246 -0.0385907 0.0271645 -0.0217492 0.028732 -0.0112435 -0.0282229 -0.0118411 -0.0402843
internal_weight=27.2651 25.9711 17.9772 9.7665 7.99397 2.79563 7.74818 6.082 8.21067 3.38272 4.82795 2.30415 2.01832 1.66618 4.87774 5.19834 1.77348 4.26731 0.709154 1.75909 0.560644 4.76426
internal_count=1601 1456 1299 798 157 86 640 451 501 299 202 266 158 189 420 71 70 137 122 256 65 417
is_linear=0
shrinkage=0.05


Tree=142
num_leaves=20
num_cat=0
split_feature=42 49 186 7 41 45 169 4 54 153 122 132 1 114 2 8 54 4 55
split_gain=0.877621 0.780416 0.703223 0.563833 1.00297 0.98569 0.750184 0.660952 0.836372 0.656048 0.605708 0.506008 0.503662 0.531273 0.465655 0.443384 0.269714 0.265811 0.021916
threshold=0.49775367713577695 30.908987998962406 0.55144977569580089 20.275136808890817 0.06057317268445301 0.20101912413370457 1.2428503036499026 1.2278013617570367 0.78192934782608703 10.378560508392789 4.9760992527008066 0.21848732233047488 5.2536759428767512 0.56696428571428581 181.82813416593288 10.144268178255173 1.0444664031620554 9.1626787416195672 -8.9946650401689094
decision_type=8 2 10 10 8 8 8 10 2 2 2 10 10 10 10 10 2 10 2
left_child=1 17 12 4 -3 10 11 8 -5 16 -6 15 13 -2 -9 -7 18 -1 -8
right_child=2 3 -4 7 5 6 9 14 -10 -11 -12 -13 -14 -15 -16 -17 -18 -19 -20
leaf_value=-0.02905520482004266 -0.038162335882258376 0.022975400531199217 0.012685020193825287 0.018131806875051473 -0.035825376238996502 -0.02159768950088118 0.0010591728839885195 0.0022420753818601286 -0.027767175951217561 -0.029936615503850919 0.0071864920137846098 0.029243193134620482 0.011149328835739186 0.0097041961291524283 0.029764332982960974 0.015314057575788964 0.020006788863260662 0.0025268251408185295 -0.012292888895200084
leaf_weight=1.2448629718855979 2.8651125097821968 2.4070511434692885 0.79801754315849383 0.9820104370010071 2.4981194588472149 0.67794899386353724 0.20985171152278781 2.3311247443780303 1.0591856004321014 1.3209707014320882 0.68631527444813389 1.9985207178397102 0.27442212402820576 0.2691883083898573 4.7704030149616301 0.62658742279745638 0.80894414085196331 0.73601590760517854 0.31384228024399108
leaf_count=136 811 35 33 20 94 53 12 23 55 150 22 34 2 10 52 7 16 27 41
internal_value=-0.000278166 0.00381947 -0.0188541 0.00697307 -0.000536219 -0.00838242 0.00405307 0.0155757 -0.00698421 -0.0131816 -0.0270533 0.0177446 -0.0274402 -0.0326985 0.0221219 -0.00491646 0.00914059 -0.0204095 -0.00975883
internal_weight=26.8785 22.6718 4.20674 20.6909 11.5482 9.1411 5.95667 9.14272 2.0412 2.65361 3.18443 3.30306 3.40872 3.1343 7.10153 1.30454 1.33264 1.98088 0.523694
internal_count=1633 777 856 614 464 429 313 150 75 219 116 94 823 821 75 60 69 163 53
is_linear=0
shrinkage=0.05


Tree=143
num_leaves=22
num_cat=0
split_feature=52 7 142 157 40 153 168 164 116 23 110 30 161 120 140 153 6 23 109 150 24
split_gain=1.07671 0.788313 0.833868 0.922966 0.787595 0.672965 1.05388 0.727231 0.626098 0.523412 0.612769 0.424701 0.407295 0.396369 0.234873 0.234706 0.19623 0.277644 0.129627 0.43429 0.118741
threshold=5.9739930629730233 138.11547986499315 0.58320829852883538 62.295618057250984 0.96148630678653724 12.848127531436079 3.7525657967191108 0.20649957656860354 39.083405338962045 0.0011517832262553545 25.317538535415924 0.56520300004342239 21.08539962768555 0.21352583586626142 -0.55660873651504505 7.7999004938064092 1.0784216801202502 0.00063014600144774941 3.8883544738842137 0.36496067047119146 0.017394085410645552
decision_type=2 10 8 2 8 2 8 8 10 8 10 10 10 2 2 2 10 10 10 10 8
left_child=11 2 3 8 5 7 16 12 15 14 20 -1 -4 -8 -9 -2 17 -7 -16 -20 -11
right_child=1 -3 4 -5 -6 6 13 9 -10 10 -12 -13 -14 -15 18 -17 -18 -19 19 -21 -22
leaf_value=-0.032552964259229593 0.00076807401489995333 -0.025760966068461889 -0.023435628206265404 0.015633330811166492 -0.021577804518407559 -0.015994517807904125 0.0054709099833943793 0.0040383603802774627 0.01047690980593413 -0.02338431117412406 0.018481563011471906 0.0099132428692794185 0.013664859803871332 -0.032067228275281849 0.036862153538162544 -0.035426156002790941 0.025595235021467329 0.014050683901503144 -0.0049196228199933001 0.025790221057487794 0.0030590588400023272
leaf_weight=1.8001238190045143 0.47066932613962098 0.91425251215696235 0.8126490752328952 1.7114944444037972 0.73933831584873644 0.44592646206729047 0.62606466683791984 1.2583906045765711 0.6771316464873961 0.80123784067109338 1.4840720269130541 0.25423950713593502 0.41314904578030109 1.4590569709835106 5.2860913421027345 2.2657167899014894 1.3726909575634634 0.64220702141756192 1.3462693981709892 2.2874751824419945 0.28270631603663787
leaf_count=582 9 42 79 16 249 34 41 38 20 71 41 6 5 63 56 134 35 25 49 25 11
internal_value=0.00244003 0.00562415 0.00776953 -0.00891449 0.0124306 0.0148243 -0.0016737 0.0199454 -0.0219759 0.0234096 0.00216162 -0.0257726 -0.0104098 -0.0226763 0.0280976 -0.0306612 0.0175325 -2.52689e-05 0.0307425 0.0158062 -0.0183291
internal_weight=27.351 25.2966 24.3823 5.12501 19.2573 18.518 4.54595 13.972 3.41352 12.7462 2.56802 2.05436 1.2258 2.08512 10.1782 2.73639 2.46082 1.08813 8.91984 3.63374 1.08394
internal_count=1631 1043 1001 179 822 573 198 375 163 291 123 588 84 104 168 143 94 59 130 74 82
is_linear=0
shrinkage=0.05


Tree=144
num_leaves=24
num_cat=0
split_feature=26 8 8 170 21 3 166 44 112 136 18 112 25 163 12 36 4 112 176 112 154 40 162
split_gain=0.724122 0.718456 0.754797 1.40489 0.775038 0.857945 0.744606 0.783387 0.588708 0.470138 0.464529 0.438552 0.410832 0.382002 0.620618 0.355785 0.33966 0.277707 0.267505 0.237292 0.182012 0.063219 0.0341015
threshold=0.0033932611693331355 74.098081183597813 16.604889684861156 -18.871873590438373 1.1942022850668235 -63.2927163273066 1.236299514770508 0.0021909083128455044 14.731500485675516 0.00023594613952208974 0.62902926685262639 -155.76459379047341 0.19502410629568562 0.85319995880126964 0.42691157883298197 14.500000000000002 0.74341825773691583 392.47599604510572 20.631532500000002 -507.92622555504198 61.995334625244148 -1.0000000180025095e-35 20.634399414062504
decision_type=8 10 8 8 10 8 10 8 8 10 8 8 10 8 10 2 10 10 10 8 2 10 8
left_child=1 2 4 -4 16 15 7 -7 9 -9 12 -5 17 -11 20 -6 -1 -2 -3 -8 -15 -13 -10
right_child=10 18 3 11 5 6 19 8 22 13 -12 21 -14 14 -16 -17 -18 -19 -20 -21 -22 -23 -24
leaf_value=0.0093784380194398276 -0.023008941046743763 -0.026897221116951722 0.035243226650886056 0.014061829846231716 0.0055949975988090674 -0.015573871565263334 0.0085252130095552752 -0.018931870154284637 0.010946320537256825 0.02293054817506281 -0.028729603454061583 0.0008878096903878306 0.017747984201227758 0.0029167791216752111 0.018846285765285343 -0.028708150705937869 -0.029737372581695322 0.010430415897076521 0.0081677662183348848 -0.024431555948805819 -0.026018350099554607 -0.026503620201852471 0.034821880750991963
leaf_weight=0.21554787456990609 0.82659136020811252 1.0919645504618518 4.5916234370670281 0.37653254275210202 0.73386179469525803 1.0175754904630503 0.19359242916107178 0.55593005774426263 1.4307022105203993 2.5558668076991986 1.5564857340359592 0.1651200260967014 1.0105726126930674 0.50398873159429569 1.0256332152057437 1.1646222447743637 1.2941942272300364 0.24323959648609161 0.22159760503564019 0.89666373076033667 0.90324412932386622 0.97348067769780666 3.707170021138154
leaf_count=1 162 238 68 4 19 23 1 57 35 58 171 4 29 17 36 48 220 1 14 221 46 109 49
internal_value=0.00392255 0.00721634 0.00960933 0.0232389 0.00341861 0.00736948 0.0121868 0.0160804 0.0201706 0.00689486 -0.0144113 -0.0126886 0.0021501 0.0124536 -0.00202653 -0.0180927 -0.0226411 -0.01404 -0.0200082 -0.0173007 -0.0187487 -0.0239736 0.03104
internal_weight=27.2558 23.6189 22.3053 6.10676 16.1986 14.6889 12.7904 11.7001 10.6825 5.54466 3.63689 1.51513 2.0804 4.98873 2.43287 1.89848 1.50974 1.06983 1.31356 1.09026 1.40723 1.1386 5.13787
internal_count=1631 1268 1016 185 831 610 543 321 298 214 363 117 192 157 99 67 221 163 252 222 63 113 84
is_linear=0
shrinkage=0.05


Tree=145
num_leaves=24
num_cat=0
split_feature=189 39 147 117 157 108 166 154 8 53 117 8 108 116 16 29 111 47 157 109 133 157 111
split_gain=0.864485 0.841029 0.890181 0.810736 0.899568 1.03975 0.703941 0.693548 0.646008 0.515283 0.498083 0.376464 0.353041 0.289324 0.274485 0.246471 0.243634 0.222993 0.208743 0.165089 0.13338 0.0988055 0.0500972
threshold=18.500000000000004 -0.032608261585912915 0.13072657585144046 0.40443981351636998 46.896480560302741 -108.67616219891111 0.92649936676025402 98.933616638183608 16.604889684861156 2.1037933623768663 0.35329295857552462 6.2278636324489378 32.703033737830289 9.8860630489404784 10.065328727941962 0.67245417365554616 0.34470076000851407 -0.89591679183830364 25.928940773010257 0.00038859906231509286 -0.6456859656199504 45.919988632202156 0.17133856248375687
decision_type=8 8 10 8 2 8 10 2 8 8 10 8 10 8 2 10 8 10 2 8 10 2 8
left_child=11 6 3 4 5 17 13 10 -6 14 -4 15 -8 18 20 -1 22 -3 -2 -7 -5 -11 -16
right_child=1 2 7 9 8 19 12 -9 -10 21 -12 -13 -14 -15 16 -17 -18 -19 -20 -21 -22 -23 -24
leaf_value=0.016030557271296146 -0.006654218478595886 -0.010126925200451907 0.010134206784692833 -0.012770510594998015 -0.010719353185219549 0.0036761715306903122 -0.022404829412349118 0.013134727309197647 0.022965683393474743 -0.016460919415098894 -0.03658277601698473 -0.030124596338596446 0.01114306410723649 0.031131776444787769 0.0083824053827109557 -0.013311261553892079 0.03437688082179885 0.018646130335752284 0.01600757724978686 -0.035943975587069771 0.0098093334575033789 0.0056519008968658356 -0.0050060329652425626
leaf_weight=0.57002349110553074 1.1016273106797583 0.24394722000579339 0.24540724186226714 0.31891481217462569 1.5683019717689601 0.095957393525176182 0.75333268573740475 0.60672788968076918 2.6642751562758349 0.47118262402364042 2.2213771505630575 1.5233196974149903 0.5985139511176385 4.6013843325199559 0.40147861355217207 0.35169926733942702 3.0106294024735689 1.1137956231832502 1.2175877345725892 2.4670086332480423 0.32401451771147627 0.16939983144402504 0.47412160586100072
leaf_count=20 33 36 2 40 37 4 59 30 47 91 312 105 26 56 18 84 87 85 18 380 13 6 37
internal_value=0.00373803 0.00677587 -2.84042e-05 0.00583868 -0.00405869 -0.0190567 0.018811 -0.0206509 0.0108211 0.0195759 -0.0303525 -0.0199819 -0.00912933 0.0247323 0.0250283 0.0037339 0.0291106 0.0113739 0.00648151 -0.0338452 -0.00234673 -0.0107326 0.00232899
internal_weight=27.114 24.669 16.3965 13.323 8.15329 3.92071 8.27245 3.07351 4.23258 5.16974 2.46678 2.44504 1.35185 6.9206 4.52916 0.921723 3.88623 1.35774 2.31922 2.56297 0.642929 0.640582 0.8756
internal_count=1626 1417 1225 881 589 505 192 344 84 292 314 209 85 107 195 104 142 121 51 384 53 97 55
is_linear=0
shrinkage=0.05


Tree=146
num_leaves=24
num_cat=0
split_feature=26 170 20 25 164 8 111 117 8 161 164 10 142 151 146 2 32 180 140 149 24 118 46
split_gain=0.836501 0.807691 1.10047 0.880582 0.608632 0.592431 0.584036 0.428573 0.492899 0.373661 0.371365 0.29667 0.290991 0.282935 0.26127 0.149516 0.139849 0.235082 0.139372 0.138579 0.123925 0.038422 0.0310616
threshold=0.0033932611693331355 -18.773406540378669 2.2130580644755238 0.068314072485982341 0.51090049743652355 3.299596967376218 0.35637607643580682 0.4260758705585036 5.9208148181356384 21.244349479675297 0.49360036849975586 0.080540540540540564 0.56174608482028654 0.28283733916730736 0.047250281168908968 1.0000000180025095e-35 1.9969447387589352 0.094500000000000015 -0.35288298130035395 25.500000000000004 -1.0000000180025095e-35 7642.2861233955418 0.056140900175801631
decision_type=8 8 10 10 10 10 8 10 8 10 10 10 10 10 8 8 10 8 2 2 8 10 10
left_child=1 7 3 10 5 15 18 8 13 22 -3 -8 -7 -1 20 -5 -14 -18 -2 -16 21 -10 -9
right_child=6 2 -4 4 -6 12 11 9 14 -11 -12 -13 16 -15 19 -17 17 -19 -20 -21 -22 -23 -24
leaf_value=-0.018372073216111132 -0.006523404025416419 -0.028359110496642467 -0.028601312918308933 0.0073260170250730172 -0.01711670333690159 -0.0041517123759284543 -0.033059518287826675 -0.00068337395380554196 -0.012664850746996715 0.014336842777845693 0.0081268082649163572 0.0036605054635152909 0.029144306108111914 0.011019404093658253 0.033156392358544971 -0.019295398579956893 0.016991475184463502 -0.010911516935892877 0.017142853683484317 0.008157074162055333 0.011691564436342582 0.0021018217663378476 -0.020482090298690688
leaf_weight=0.55324018356622839 0.33002763544209301 1.2466634140291768 1.7760365504946083 0.16351793706417073 0.6213812164205591 0.62431054963963095 1.7476584526884837 0.30642103613354155 0.31878847256302834 0.74325979314744473 0.48484401637688268 0.45747395959915582 4.8510368189308792 0.78473475994542241 5.2640580724109896 0.57446519390214235 0.54302593367174246 0.54595732397865504 0.67191076106973857 1.4872899342444723 0.40070619992911882 0.29427606385434046 0.63430488010635599
leaf_count=71 57 365 85 1 45 29 236 6 38 5 51 23 135 30 84 136 7 54 23 41 5 12 54
internal_value=0.00526367 0.00881247 -0.000605171 0.00674556 0.013842 0.0182207 -0.0155729 0.0179971 0.0219247 -0.00349253 -0.0189076 -0.0266763 0.0228877 -0.00379368 0.0262834 -0.0125755 0.0259184 0.00447564 0.00998283 0.029412 0.00118908 -0.00866792 -0.0177082
internal_weight=25.4254 22.2183 11.4312 9.6552 7.92369 7.30231 3.20707 10.7871 9.10309 1.68399 1.73151 2.20513 6.56433 1.33797 7.76512 0.737983 5.94002 1.08898 1.00194 6.75135 1.01377 0.613065 0.940726
internal_count=1593 1254 908 823 407 362 339 346 281 65 416 259 225 101 180 137 196 61 80 125 55 50 60
is_linear=0
shrinkage=0.05


Tree=147
num_leaves=24
num_cat=0
split_feature=170 56 148 104 54 161 142 29 16 17 51 171 54 29 17 13 17 145 24 170 20 104 42
split_gain=0.908852 0.647567 0.894677 0.818514 0.713416 0.632814 0.584171 0.510521 0.391215 0.437867 0.387601 0.45054 0.376251 0.347112 0.397692 0.33863 0.245788 0.236228 0.400787 0.140954 0.0900005 0.0625443 0.0168877
threshold=-20.687655828212907 0.060505390167236335 0.41421568627450983 54.500000000000007 0.78679653679653694 21.129949569702152 0.50451565776591212 0.85874680509657653 9.02453660964966 1.9780266284942629 0.80283716717134701 1.8739821400069157 1.0944940476190479 0.55395049284920461 2.0436878204345708 0.68611691053665591 0.96204030513763439 1.8893839180469516 -0.0010329742751729123 -20.37088716831563 1.3509285042729953 60.500000000000007 0.0077880018701155995
decision_type=8 2 8 2 2 10 8 8 2 2 8 10 2 10 2 10 2 8 10 8 10 2 10
left_child=7 2 3 5 -5 10 22 8 9 -1 15 19 16 -10 -15 20 -6 -3 -19 -12 -2 -18 -4
right_child=1 17 6 4 12 -7 -8 -9 13 -11 11 -13 -14 14 -16 -17 21 18 -20 -21 -22 -23 -24
leaf_value=0.015796569213341199 0.015174177248472302 0.023967550585403147 -0.00080066038469865587 0.02103643897252705 0.004930347230423196 0.010378957267297628 0.023544939939019838 -0.012824640934913357 -0.0039388109120128629 -0.018960438242055379 -0.0021541790638670236 0.0081204826098979829 0.0093198109526977952 -0.00088909262876245884 0.031256375439993205 -0.021251566078541031 -0.0012486116280559427 -0.019186940691255948 0.016728631784156466 -0.042122764192884993 -0.0039590634760629491 -0.030905197335769477 -0.016327754351670574
leaf_weight=0.74514964991248767 0.65369476878550237 1.2213476701872417 0.32191920420155051 1.6011213474848771 0.38550637778826091 0.61528973944950838 2.0182190336054191 0.9564079033443712 0.86777424276806403 0.91290689766174182 0.3472750109503977 0.20295591192552809 0.74442507597268548 1.0991458104108458 4.529786852246616 0.70293461566325266 0.2873107170453294 0.5917621327098459 0.52819364145398118 4.0357060845417436 0.44732537426170893 1.2655982504657002 0.46030201643588953
leaf_count=12 32 20 7 71 7 15 65 38 25 43 14 9 25 38 99 91 29 57 7 735 43 95 44
internal_value=0.000946388 -0.00600695 -0.0101375 -0.0162039 0.00116976 -0.0256475 0.0121465 0.0128398 0.0169219 -0.00327389 -0.0300516 -0.0367443 -0.0131793 0.0218253 0.0257922 -0.00600103 -0.022051 0.0144446 -0.00234743 -0.0399444 0.00921619 -0.0280567 -0.0139724
internal_weight=25.5421 16.4309 14.0896 11.2891 4.28396 7.00518 2.80044 9.11117 8.15476 1.65806 6.38989 4.58594 2.68284 6.49671 5.62893 1.80395 1.93842 2.3413 1.11996 4.38298 1.10102 1.55291 0.782221
internal_count=1621 1366 1282 1166 227 939 116 255 217 55 924 758 156 162 137 166 131 84 64 749 75 124 51
is_linear=0
shrinkage=0.05


Tree=148
num_leaves=23
num_cat=0
split_feature=39 139 12 112 170 109 2 8 108 50 9 31 139 164 160 2 181 12 7 148 3 135
split_gain=1.09829 0.935852 1.00897 0.950404 0.856865 0.784517 0.703372 0.653219 0.589634 0.557712 0.454454 0.397393 0.317843 0.533141 0.214369 0.165726 0.162605 0.0962755 0.0889286 0.0627668 0.0504069 0.0484518
threshold=-0.032608261585912915 0.0021352730798837702 0.35975748303856314 13.156893123230764 -21.391663354488184 26.141022606742172 585.57530736593355 6.0080713394716243 -146.18734211553252 0.13517404607357481 0.48923395445134582 195.43037892309982 0.00059054235024921917 0.37819910049438477 0.067602919605938214 1.0000000180025095e-35 3.839 0.37378798634835103 39.255265490524842 0.11882352941176472 -102.43485040305266 0.0031301427745204966
decision_type=8 8 10 10 10 10 8 8 10 10 10 8 10 8 8 10 8 10 8 8 10 8
left_child=4 2 11 6 9 18 10 15 17 -1 14 -2 13 -10 -4 -5 -8 -9 -6 -11 -16 -18
right_child=1 -3 3 7 5 -7 16 8 12 19 -12 -13 -14 -15 20 -17 21 -19 -20 -21 -22 -23
leaf_value=-0.0054278351674191105 -0.033677579595741025 -0.03264311024297472 0.0056591136241148149 0.0071902190737904636 -0.028473425175782215 0.018709561571068119 0.021401659537560069 0.0046083244455204847 0.01891980393912401 0.008851221453640824 0.0085473743646298228 0.0078079226316729259 0.030581294502477901 -0.019372409737710938 0.00041192009168438824 -0.021370740605922298 -0.010249399058614614 -0.017678608791763487 -0.00056878895875821494 0.032312696668807449 -0.032500663166492909 0.005043663094790444
leaf_weight=1.0904677071957847 1.6993838449998357 1.7257695068547025 0.12747804878745128 0.16017071902751912 1.1705444857943785 0.85854679311159987 0.77012024659779821 0.22472395765362296 1.1670833783864512 1.3155427855672313 0.55585472070379172 0.32260352373123158 4.5980901762959547 0.58651114036911112 0.094654600252399468 0.67650348736788146 0.24839374676230375 0.45348135437234305 0.37648331420496117 4.2737354018026963 2.4998759045556636 0.10885738581418991
leaf_count=30 128 296 3 1 66 17 19 10 59 28 40 31 110 71 9 112 61 48 13 68 404 1
internal_value=0.00203688 -0.00579167 -0.000627322 0.00534877 0.015046 -0.00816695 -0.0116438 0.0151045 0.0201013 0.0233806 -0.0218844 -0.0266652 0.0246832 0.00372831 -0.0287256 -0.0149652 0.014422 -0.0119482 -0.0245721 0.0289719 -0.0315194 -0.00530674
internal_weight=25.1049 16.0196 14.2938 12.2718 9.08532 2.40557 4.40523 7.86656 7.02989 6.67975 3.27786 2.02199 6.35168 1.75359 2.72201 0.836674 1.12737 0.678205 1.54703 5.58928 2.59453 0.357251
internal_count=1625 1403 1107 948 222 96 537 411 298 126 456 159 240 130 416 113 81 58 79 96 413 62
is_linear=0
shrinkage=0.05


Tree=149
num_leaves=22
num_cat=0
split_feature=161 4 2 170 8 16 121 2 32 55 32 151 8 13 2 171 163 27 138 32 156
split_gain=0.658767 0.58917 0.969513 0.847523 0.803601 0.640431 0.758818 0.889741 0.659659 0.430119 0.449911 0.383399 0.394872 0.366334 0.3013 0.265351 0.265081 0.16865 0.185856 0.138348 0.124783
threshold=16.976949691772464 10.668096072325389 95.989146245766122 -18.773406540378669 69.157783888255224 8.0818748474121112 15.881715297698976 151.77989802357044 1.9831300859267897 2.1137437820434575 2.2180345012196185 0.32782682971217464 7.1603417491855534 0.05972461912867074 477.48970421348503 1.8739821400069157 0.44795036315917974 -0.51292502880096424 0.071459412811654702 2.0202433529354278 0.92414843865513119
decision_type=8 10 10 10 10 2 2 8 8 2 10 10 10 10 10 10 8 2 8 8 8
left_child=-1 3 -3 4 5 9 11 -8 17 10 -2 16 -13 -4 -10 -5 -7 18 -9 -18 -6
right_child=1 2 13 15 20 6 7 8 14 -11 -12 12 -14 -15 -16 -17 19 -19 -20 -21 -22
leaf_value=-0.024930022298074658 -0.02710889583465171 0.014629483609081662 0.00850868890518219 -0.027544819153173 -0.024323397804344296 0.0052435462495183808 -0.02531202838112034 0.015703385418133868 -0.022336483681588734 0.015304763218248111 0.011761384034015662 -0.014681532414899466 0.016731157014524024 -0.034234828936532735 0.0093460951275350021 0.0081783132738259701 0.036389875797366189 0.029580330077642349 -0.0082314265009945271 0.00985976403259025 0.0035867090326072043
leaf_weight=0.96474642862449655 1.4799764214549349 1.4147163086454377 0.1931717544794086 1.1371589273621783 0.87225542258238298 1.4807488413643912 1.1732833849382576 0.56933453981764581 0.85965749539900549 0.61166272225091223 0.40391364437527943 0.84019801748217959 1.2344363585580138 1.8595671449438667 0.5352834130753763 0.189682226628065 5.5862799910246519 1.954211019095965 0.77703547349665325 1.5410730912117285 0.21715211833361547
leaf_count=441 121 41 1 239 117 43 52 15 45 16 15 49 16 172 21 2 105 33 41 40 9
internal_value=0.00318061 0.00518787 -0.0117334 0.00832218 0.0111694 0.0138302 0.017281 0.00221339 0.0123279 -0.00745271 -0.0175865 0.0246607 0.00337204 -0.0287429 -0.0113528 -0.0211179 0.0289065 0.0226488 0.00426886 0.0325725 -0.0197061
internal_weight=25.8955 24.9308 3.46746 21.4633 20.1365 19.0471 16.5515 5.86881 4.69552 2.49555 1.88389 10.6827 2.07463 2.05274 1.39494 1.32684 8.6081 3.30058 1.34637 7.12735 1.08941
internal_count=1634 1193 214 979 738 612 460 207 155 152 136 253 65 173 66 241 188 89 56 145 126
is_linear=0
shrinkage=0.05


Tree=150
num_leaves=24
num_cat=0
split_feature=39 3 152 106 1 170 109 3 105 3 143 8 3 118 5 183 131 22 109 112 114 131 119
split_gain=0.820055 0.879482 0.776651 0.77263 1.38456 0.586562 1.23566 0.571026 0.584525 0.419366 0.38367 0.356467 0.350876 0.308892 0.295182 0.234746 0.180016 0.177982 0.12811 0.0968797 0.0812672 0.0602739 0.0475249
threshold=-0.032608261585912915 42.248088760023016 -0.8918964801975372 0.37958929862211493 1.0802141868061852 -21.391663354488184 26.141022606742172 -63.2927163273066 0.37038227915763861 -165.00711533417385 0.12597232621513751 4.042485557293511 5.1331679539273347 1.0184003565301838 14.742169563091869 21.796999931335453 0.31875101734997108 -0.00013686060311691911 0.0023906452050143868 53.594874053391372 0.16441441441441443 0.17638800249056888 0.02154755413042924
decision_type=8 8 10 8 10 10 10 10 10 10 10 10 10 10 8 10 10 10 8 10 10 10 8
left_child=5 3 13 12 9 11 -7 -6 16 -5 19 14 -2 -3 -1 18 21 -15 -11 -4 -14 -9 -10
right_child=1 2 10 4 7 6 -8 8 22 15 -12 -13 20 17 -16 -17 -18 -19 -20 -21 -22 -23 -24
leaf_value=0.015561900365149275 0.023964847832506391 0.031481592386465827 -0.0050556002284143226 0.0038879251382354495 -0.019176847383788366 -0.029092705558606574 0.023601350974437274 0.0080595741795400234 -0.017678217371890615 0.0012344411452772741 -0.02315274771716324 0.02882840881853016 0.0055617634471988898 -0.013864854396030952 -0.01274147139431854 0.0034513313976582537 0.027879627461052298 0.011588704816265026 -0.04105004865736267 0.015327633557946968 -0.014779520034630289 -0.006627848194027443 0.00051095673129997697
leaf_weight=0.82831581542268362 1.3232650635472971 2.5943437601090413 0.31127283719252108 0.49955952423624861 1.0388824369292704 1.246690629923249 1.2193229209515264 0.33195425476878959 0.46426915162010107 0.12670020730001752 0.9523430154658854 4.8876339479465969 0.12096709758043278 0.36829064021003466 0.86775193846551713 0.17521067499183107 1.9832752199727108 0.38948992069344923 3.6312771845550742 0.60942581039853394 0.40347082033986226 0.47265813796548173 0.40341954841278493
leaf_count=13 43 68 53 23 44 78 21 14 31 14 229 65 1 80 49 4 52 8 563 22 106 38 21
internal_value=0.00482811 -0.00201541 0.0133529 -0.00983635 -0.0156961 0.0160604 -0.00374589 0.00349096 0.0126683 -0.0329184 -0.00945433 0.0229947 0.0144568 0.0253409 0.00172628 -0.0374337 0.0222148 -0.00163204 -0.0396646 0.00939211 -0.009517 0.000539966 -0.0134758
internal_weight=25.2498 16.2001 5.22517 10.9749 9.12721 9.04972 2.46601 4.69446 3.65558 4.43275 1.87304 6.5837 1.8477 3.35212 1.69607 3.93319 2.78789 0.757781 3.75798 0.920699 0.524438 0.804612 0.867689
internal_count=1640 1414 460 954 804 226 99 200 156 604 304 127 150 156 62 581 104 88 577 75 107 52 52
is_linear=0
shrinkage=0.05


Tree=151
num_leaves=23
num_cat=0
split_feature=56 17 131 150 128 52 189 154 42 7 7 105 107 3 112 178 135 117 132 55 110 148
split_gain=0.733651 0.733835 0.75631 0.878292 0.679638 0.567348 0.646409 0.557518 0.46133 0.744419 0.489409 0.778249 0.390385 0.367303 0.29829 0.295238 0.288391 0.288285 0.25817 0.134656 0.0397107 0.038702
threshold=0.058798849582672126 2.0269038677215581 0.68882556043703158 0.17310309410095218 1.0000000180025095e-35 81.966514587402358 17.500000000000004 94.854679215699448 0.49775367713577695 0.51188999659778445 20.77158206926336 0.25485423207283026 171.40036539494278 -35.904139494536338 9.3797113097473641 1.2424418262022956 0.018962423958076482 0.46648056263446108 0.1179901957511902 0.044241428375244148 40.654519081092396 0.16441441441441443
decision_type=2 2 10 8 10 2 8 2 8 10 10 8 10 8 10 8 10 10 10 2 10 10
left_child=1 4 3 -3 7 6 15 -1 10 20 11 18 -9 -13 16 -5 19 -4 -8 -2 -10 -15
right_child=14 2 17 5 -6 -7 8 12 9 -11 -12 13 -14 21 -16 -17 -18 -19 -20 -21 -22 -23
leaf_value=-0.034658588379673276 -0.018502518195575423 -0.024170502437224742 -0.02804484144920686 0.010326179438659856 0.017511517144006099 -0.018809226211424862 0.0065206215241889786 0.015389165124726455 0.00057193647793425261 -0.024581431851550501 0.032247572296022119 -0.0035428156993948948 -0.016935688174039839 0.0083452631032479019 0.031011796918196999 -0.023485759584585202 0.018056235175839333 0.0084032951689025567 -0.023459140349933103 0.005209373441910737 0.021515768679370537 0.030711721556132734
leaf_weight=2.2152339935710255 0.56535991095006399 0.87617650296306315 1.1548721190774802 0.30852047150256079 0.57016475783893827 0.51149242720566768 0.56584295193897016 0.98704076017020248 0.32349351042649066 0.92128815114847373 5.1034068648004904 1.0887562095886094 0.76269390658126213 1.261244453606196 2.3100623935461044 0.78027316383668233 0.52624298632144928 0.22005758224986482 1.0405654424394013 0.4064318478340283 0.77494616317562759 2.0634252193267457
leaf_count=258 61 220 153 8 10 10 39 27 63 261 71 35 54 36 39 90 3 5 91 16 32 40
internal_value=0.00491823 0.000930406 0.00578929 0.00928763 -0.0150336 0.012685 0.0149775 -0.022298 0.0181314 -0.00274254 0.0218353 0.00967174 0.000264194 0.0194985 0.0225812 -0.013548 0.00237056 -0.0211293 -0.0144489 -0.010973 0.0185596 0.0261185
internal_weight=25.3376 21.5295 16.9944 15.6194 4.53513 14.7433 14.2318 3.96497 13.143 2.01973 11.1232 6.01983 1.74973 4.41343 3.8081 1.08879 1.49803 1.37493 1.60641 0.971792 1.09844 3.32467
internal_count=1622 1503 1154 996 349 776 766 339 668 356 312 241 81 111 119 98 80 158 130 77 95 76
is_linear=0
shrinkage=0.05


Tree=152
num_leaves=20
num_cat=0
split_feature=56 157 132 146 161 4 52 143 12 111 170 111 151 178 17 151 168 53 52
split_gain=0.730183 0.747032 1.24016 1.13403 0.682146 0.601652 0.779763 0.708378 0.421557 0.383406 0.321448 0.285832 0.272239 0.144559 0.139528 0.0890635 0.0520146 0.00870014 0.00492538
threshold=0.058798849582672126 39.980585098266609 0.18011364340782168 0.075399988897161624 20.810350418090824 4.5762876314094472 54.961856842041023 0.10605529996822058 0.44587512570669047 0.36252314234631527 -21.514680019921013 0.056829245841615736 0.21520499136989779 0.68611499353008532 0.97957730293273937 0.18460727269404306 12.594673719835225 2.0419309326737669 11.117002487182619
decision_type=2 2 8 10 10 10 2 8 10 8 10 8 10 8 2 8 10 10 2
left_child=1 2 8 9 11 6 -3 -7 -1 -4 18 -5 -13 -14 -15 17 -16 -11 -2
right_child=10 5 3 4 -6 7 -8 -9 -10 15 -12 12 13 14 16 -17 -18 -19 -20
leaf_value=-0.038119068944993589 0.0091232321937671501 0.028917643863418219 -0.0084173845212960619 0.0083390738696518737 0.011727370596313149 0.012854475328778295 -0.0089950945128108584 -0.024291470935483572 0.0072773312157025337 0.0049696489830577456 -0.0034507760054907606 0.004908898785627217 0.0033635952264936945 0.002846302746391356 -0.035223343177628208 0.029071334802483025 -0.0021505123149898461 -0.0013931029696551312 0.030363362811276485
leaf_weight=2.6994617462914952 1.2424387566279627 3.4835715133231115 0.52562440047040615 0.21847739140503142 1.3049177223583681 1.6480963706853802 1.3877625870518384 1.5959485911298541 0.26136930228676636 0.25237701126025092 0.95015286200214077 0.35082107083871994 0.12154120823834125 0.12267351493937928 2.7017402500205212 2.2955248941434547 0.26304953507496964 0.34833506008726545 1.6086414149031041
leaf_count=512 54 80 46 7 25 28 21 38 29 21 48 23 18 11 502 71 11 40 20
internal_value=0.00185574 -0.00231707 -0.0101753 0.000525581 -0.0135312 0.00868386 0.0184245 -0.0068377 -0.0332861 0.0197449 0.0193567 -0.0228834 -0.0262082 -0.0299681 -0.0317822 0.0257045 -0.0335715 0.00271473 0.0258799
internal_weight=23.3825 19.5813 11.4659 8.50508 5.08322 8.11538 4.87133 3.24404 2.96083 3.42186 3.80123 3.7783 3.55983 3.209 3.08746 2.89624 2.96479 0.600712 2.85108
internal_count=1605 1483 1316 775 597 167 101 66 541 178 122 572 565 542 524 132 513 61 74
is_linear=0
shrinkage=0.05


Tree=153
num_leaves=20
num_cat=0
split_feature=166 132 121 10 55 150 1 157 158 170 12 5 32 5 5 43 166 46 146
split_gain=0.901036 0.600589 0.666449 0.623312 0.616594 0.599575 0.564306 0.540893 0.518536 0.41322 0.485354 0.447517 0.242685 0.210451 0.147589 0.111988 0.107549 0.076254 0.0535535
threshold=1.7762994766235354 0.53631970286369335 15.881715297698976 0.053342816500711245 -1.9968808470293877 0.20708209276199344 1.0802141868061852 42.915723800659187 1.8751954739345109 -20.349383976743812 0.36385652296428289 60.46190410100666 1.9831300859267897 54.535951372145199 8.386132086867109 3.5000000000000004 0.5352001190185548 -0.013969225902504684 0.058467879189730995
decision_type=10 10 2 8 2 8 10 2 8 10 10 10 10 10 8 2 10 10 10
left_child=1 2 3 5 -5 15 7 8 -4 11 -11 14 -8 16 -7 -1 -6 -3 -16
right_child=-2 17 6 4 13 9 12 -9 -10 10 -12 -13 -14 -15 18 -17 -18 -19 -20
leaf_value=0.0059176377736415006 -0.028055810510167437 0.0010189131121819846 0.0075422306976542994 -0.024916562161737672 -0.012962255557918051 0.0036314024454144073 0.021890851970227995 0.0036358133665933753 -0.034313840629537136 0.017814782080908746 -0.020507833399167889 -0.00069906609602025265 -0.0037561860787614018 0.020423373487330313 0.0080838075029586662 -0.01838619045398996 0.0067328724826056646 -0.024311224153355133 0.03556080985443244
leaf_weight=0.12938666343689575 1.2290053170290764 0.26164057850837708 0.57090756771503892 1.0660347895754969 0.44887549724080678 0.72780161298578949 1.353859947412275 2.5054124591988511 1.9799698294082189 0.6521524066338269 0.66026735756895505 1.2478604019852353 1.1018273274530654 1.0080730397021396 0.90400328452233214 0.54391931821010076 0.46938062243862078 0.84009283580235095 5.2872219637501985
leaf_count=1 483 3 19 71 27 35 34 48 267 14 124 38 37 11 47 111 24 71 118
internal_value=0.00241731 0.00529566 0.00757132 0.0139979 -0.00484785 0.0194891 -0.00399765 -0.0128232 -0.0254602 0.0228123 -0.00199607 0.0265819 0.0126265 0.0109776 0.030969 -0.0129704 -0.00463314 -0.0206731 0.0332308
internal_weight=22.9877 21.7587 20.657 13.145 2.99236 10.1526 7.51198 5.05629 2.55088 9.47931 1.31242 8.16689 2.45569 1.92633 6.91903 0.673306 0.918256 1.10173 6.19123
internal_count=1583 1100 1026 621 133 488 405 334 286 376 138 238 71 62 200 112 51 74 165
is_linear=0
shrinkage=0.05


Tree=154
num_leaves=24
num_cat=0
split_feature=170 6 158 26 16 145 148 46 3 140 107 44 6 121 140 161 161 111 56 27 3 119 152
split_gain=0.873452 0.604618 0.676999 0.593198 0.588559 0.482453 0.461392 0.385693 0.382521 0.331263 0.313965 0.299872 0.375381 0.259648 0.252347 0.247282 0.209345 0.219814 0.193841 0.166134 0.136848 0.078488 0.0722448
threshold=-20.617118974371333 1.6153361804466395 1.9003488531941073 0.0017966733547273561 9.02453660964966 1.8305688709020618 0.16064516129032261 0.20367986406615018 27.560870913066921 -1.0768728852272031 100.35641500156261 0.0070103519797269616 0.32000497065992273 6.9857635498046884 -0.44918942451477045 20.255350112915043 21.292300224304203 0.11133273701001606 0.033556461334228523 -0.67267501354217518 -10.415636936156835 0.0048459481054865918 -0.78798576009220511
decision_type=8 10 10 10 2 8 10 8 10 2 10 10 8 2 2 10 10 8 2 2 8 10 8
left_child=4 2 5 10 19 18 7 14 11 -8 -3 -6 -13 -9 -4 -10 17 -11 -2 -1 -14 -12 -7
right_child=1 3 6 -5 8 22 9 13 15 16 21 12 20 -15 -16 -17 -18 -19 -20 -21 -22 -23 -24
leaf_value=0.003681965103363426 -0.022480958427901442 -0.0061627017487155041 -0.010224045605372309 -0.017707786940014961 0.03138120915406669 0.022514027113060307 0.0073283926098464255 0.0072631886142873643 -0.018238230209716325 0.0024104480267463421 0.0022399586424901472 0.018537653401876915 0.0042161124736445448 -0.026934897049292684 0.016042237585125293 0.010017575305197585 0.0028521244582363041 -0.039813535824511061 0.0057401974283110653 -0.021027785096872018 -0.018929874200097462 0.02821525600878394 0.0011747632523677067
leaf_weight=0.72049633704591542 0.68102382076904378 0.66301900221151289 0.62274781393352929 0.79181485975277599 2.9298766353167593 1.1268912015948442 0.17471828119596411 0.27595068063237738 0.51640164415584855 0.21409164374927225 0.53328198971576091 1.414760881860275 0.57808991597266868 1.095043816429097 1.4314620706136336 0.67365371587220579 0.2055742279626428 3.1695467534009367 0.43631621851818636 0.67150158417643779 0.55765349126886554 1.6613555434159932 0.62947519720182743
leaf_count=15 61 33 35 100 44 17 5 32 45 13 43 26 21 306 53 12 7 514 14 42 39 69 56
internal_value=-0.000589501 -0.00808694 -0.0140583 0.00786058 0.0116472 0.00522829 -0.0214648 -0.00559235 0.0175173 -0.0317029 0.017699 0.0224147 0.00617693 -0.0198914 0.00733906 -0.00497272 -0.0347858 -0.0372015 -0.0139544 -0.0120456 -0.0106908 0.0245804 0.0180669
internal_weight=21.7747 13.7123 10.0628 3.64947 8.06243 2.87371 7.18914 3.4252 6.67044 3.76393 2.85766 5.48038 2.5505 1.37099 2.05421 1.19006 3.58921 3.38364 1.11734 1.392 1.13574 2.19464 1.75637
internal_count=1602 1358 1113 245 244 148 965 426 187 539 145 130 86 338 88 57 534 527 75 57 60 112 73
is_linear=0
shrinkage=0.05


Tree=155
num_leaves=23
num_cat=0
split_feature=170 148 13 163 8 106 113 39 7 142 120 37 24 135 165 8 150 51 22 121 15 39
split_gain=0.845661 0.909025 0.718836 1.20953 0.650588 0.550962 0.484434 0.456758 0.431568 0.424331 0.373969 0.363505 0.318456 0.27641 0.271326 0.242137 0.221116 0.20559 0.168742 0.13692 0.0624781 0.0068724
threshold=-19.85212167953852 0.41421568627450983 0.32278880964547813 0.23779964447021487 16.604889684861156 0.37958929862211493 7.1827758675544588 -0.037730821441592906 3.957067278919816 0.53881156415923859 0.97434210526315801 0.5665884017944337 -0.0041623126789189597 -0.027791129830866245 0.088649749755859361 1.243586908319734 0.1845698952674866 0.86214359391466155 0.0037651733054827781 22.976499557495121 0.92582417582417598 -0.010975134558975695
decision_type=8 8 8 10 8 8 8 8 10 10 2 10 10 10 10 8 10 10 10 2 2 10
left_child=4 2 3 19 5 -1 14 8 -4 18 15 -5 13 -6 16 -9 -7 -8 -3 -2 -17 -13
right_child=1 9 7 11 12 6 17 10 -10 -11 -12 21 -14 -15 -16 20 -18 -19 -20 -21 -22 -23
leaf_value=0.018638623301043614 -0.028974984754350869 -0.017206311785194231 -0.020940761704683085 0.027867242244495591 0.014826224738414466 0.010560899332157776 -0.027938777769356927 0.0030677856950328403 0.012728391439631163 0.025451823196671219 0.0081524463886568678 0.00031544276420913345 0.030360180889273454 -0.016152103097585191 0.019442705400264555 -0.039087213985584734 -0.017806084903928005 -0.00062285898319386942 0.0076481773427773169 0.0022417028407323938 -0.001675029021337772 -0.0099429617292196501
leaf_weight=1.6615555465687037 1.2071378498803818 0.50745288023608859 0.66120500437682483 2.0046096844016579 0.42334557091817293 0.33233404468046479 1.5603864357108252 0.23819025210105005 1.2450743424706159 1.659758790861815 0.1841449886560439 0.11925836349837482 3.0162033287342647 0.4623288920847699 0.95784532348625362 3.4795276028744415 0.64295592153212056 1.0060079417889936 0.46462936059106141 0.25656552627333429 0.20888810511678446 0.24049273625132617
leaf_count=40 163 76 61 131 4 6 44 55 25 44 1 9 36 75 21 644 53 37 7 17 3 55
internal_value=0.000544609 -0.00788768 -0.0146851 0.00219843 0.0107676 -4.10487e-05 -0.00907381 -0.0242091 -0.002137 0.0145821 -0.0320237 0.0213262 0.0243612 -0.00133472 0.00780115 -0.0351801 -0.00768696 -0.0204082 -0.00747228 -0.0248142 -0.0377776 -0.00881125
internal_weight=22.5399 12.4769 9.84509 3.82806 10.063 6.16109 4.49953 6.01703 1.90628 2.63184 4.11075 2.36436 3.90188 0.885674 1.93314 3.92661 0.97529 2.56639 0.972082 1.4637 3.68842 0.359751
internal_count=1607 1291 1164 375 316 201 161 789 86 127 703 195 115 79 80 702 59 81 83 180 647 64
is_linear=0
shrinkage=0.05


Tree=156
num_leaves=23
num_cat=0
split_feature=166 7 178 122 112 39 11 13 56 108 108 51 134 44 159 115 140 160 115 5 15 134
split_gain=0.838656 0.850105 0.684292 0.707412 0.490002 0.50462 0.597901 0.443543 0.403904 0.415557 0.385938 0.371661 0.300912 0.286422 0.237866 0.205941 0.194241 0.158552 0.122329 0.110936 0.0979261 0.0536706
threshold=1.236299514770508 45.928116668324684 1.3491733318245565 4.0631132125854501 11.447178850449536 -0.032608261585912915 1.9278717488037838 0.32477790203755846 -0.1402819752693176 44.052258327771071 -108.67616219891111 0.8968160487989435 0.74043369688427052 0.011549556442238354 99.971324920654311 0.082650273224043724 -0.61647778749465931 0.10058632178116392 0.084523809523809543 69.076415755566131 0.53137254901960795 18.535427827207148
decision_type=10 10 10 2 10 8 8 10 2 10 8 10 8 8 2 10 2 8 10 10 2 10
left_child=1 2 4 11 5 7 -7 -1 9 -6 -8 -4 20 19 15 -14 -10 -12 -17 -3 -2 -13
right_child=12 13 3 -5 8 6 10 -9 16 -11 17 21 14 -15 -16 18 -18 -19 -20 -21 -22 -23
leaf_value=-0.0094170979878420522 -0.0072758893765140671 -0.029867637283742466 -0.031897752739768796 0.016476338926658028 -0.019835666210936794 0.017016587485917136 0.0055517441586276682 0.023169266244780697 0.0028370941056895926 0.016072169400984847 0.0034190114321612439 -0.0044985112413563214 -0.033670666175627542 0.007359094228860618 0.0069202008650569918 0.010504921454495237 0.030424690253734617 -0.032203735101236079 -0.011253267755447981 -0.0026593606585099119 0.013397120251811055 0.01094233267469924
leaf_weight=0.83749498205725137 0.16957607728545498 1.2435241841594677 1.4819996652659027 0.90445362858008582 0.59147955453954615 0.72324042062974525 0.75609308769344352 2.5730903633520938 0.96037247875938092 0.64368571876548231 0.15224873344413947 0.26069826429011289 1.906497946445598 0.43724189803469959 0.1617097925627603 0.30626901949290175 4.9723709794634496 1.5703494701592717 0.27888727656682022 0.70458684675395478 0.36907606013119221 0.29632772534387186
leaf_count=22 106 57 122 28 51 16 39 53 33 31 5 47 521 30 6 11 110 218 47 34 3 8
internal_value=0.00115588 0.00535054 0.00951034 -0.00996029 0.0140617 0.00337861 -0.00946285 0.0148466 0.0222969 -0.00230429 -0.0198597 -0.0232498 -0.0192418 -0.0180085 -0.02477 -0.0282196 0.0270123 -0.0289559 -0.000422297 -0.024267 0.00638999 0.00546785
internal_weight=22.3013 19.1093 16.7239 2.94348 13.7804 6.61252 3.20193 3.41059 7.16791 1.23517 2.47869 2.03903 3.19202 2.38535 2.65336 2.49165 5.93274 1.7226 0.585156 1.94811 0.538652 0.557026
internal_count=1598 904 783 205 578 353 278 75 225 82 262 177 694 121 585 579 143 223 58 91 109 55
is_linear=0
shrinkage=0.05


Tree=157
num_leaves=23
num_cat=0
split_feature=26 107 8 8 166 121 26 22 4 23 131 118 53 147 19 23 55 56 135 41 141 9
split_gain=0.792706 0.520624 0.821083 0.852811 0.666015 0.599574 0.534412 0.679847 0.522553 0.635142 0.441437 0.400778 0.364134 0.327777 0.313419 0.273335 0.194957 0.190658 0.150187 0.135217 0.0759221 0.0541966
threshold=0.0033932611693331355 161.85198480322057 69.157783888255224 6.1639328410991441 1.3592491149902346 15.025115966796877 0.0015162397606891163 0.0049241829308572333 4.7542895862786585 0.0003591414426767768 0.43852619462677472 0.17883109641035819 2.0862971456979098 0.091251790523529067 0.29721105098724371 0.0010657707815670623 -43.454445838928216 0.22904032468795779 0.018962423958076482 0.54800985730154628 1.9415804147720339 0.43437243642329787
decision_type=8 10 10 8 8 2 10 8 8 10 10 10 8 8 10 10 2 2 8 8 2 10
left_child=1 2 3 12 8 -5 7 16 11 -10 -8 -3 20 14 -2 -7 -6 -12 -4 -18 -1 -21
right_child=13 4 18 5 6 15 10 -9 9 -11 17 -13 -14 -15 -16 -17 19 -19 -20 21 -22 -23
leaf_value=0.0025718078551446536 -0.017134821290670094 -0.0085628925904597288 -0.02291720916455077 0.035140168371656018 0.0042088619281467569 0.012388381143738707 0.018969042086594914 0.014959984702139072 0.015785055456808486 -0.022742283167059507 -0.021243454650279516 0.027353364094153426 0.011485244130829114 -0.030038515435896713 0.013212095273547534 -0.015248551434594554 -0.03664724483900756 0.008195372447935563 0.0059333716846854973 -0.0094447666506977251 -0.023935589063908705 0.0054809113350513606
leaf_weight=0.10669504269026719 0.50484843051526629 0.48092878295574104 0.78778598294593383 4.6535951874102466 0.16121243505040483 1.0565444706007836 1.3272395481180868 0.4052688404917747 1.0400916757935195 1.339624683052534 0.69174550121533673 2.6853945719485637 0.67220245258067746 1.3734032754728103 0.95764034948660992 0.58428097760770459 2.2801186555006931 0.18522840738296509 0.14602548233233392 0.22227503114845948 0.85129422484897077 0.30334994496661238
leaf_count=6 107 33 103 95 8 39 49 3 26 53 121 91 37 217 33 38 265 1 4 82 178 42
internal_value=0.00246407 0.00619137 0.0145618 0.0199143 -0.00112649 0.0274165 -0.0122828 -0.0225738 0.0102538 -0.00621515 0.00559275 0.0211522 -0.00846325 -0.0185652 3.21715e-05 0.000499566 -0.0301794 -0.013972 -0.0176704 -0.0327421 -0.0211776 -0.00288443
internal_weight=22.8168 19.9809 8.85842 7.92461 11.1225 6.29442 5.57644 3.37222 5.54604 2.37972 2.20421 3.16632 1.63019 2.83589 1.46249 1.64083 2.96696 0.876974 0.933811 2.80574 0.957989 0.525625
internal_count=1631 1274 500 393 774 172 571 400 203 79 171 124 221 357 140 77 397 122 107 389 184 124
is_linear=0
shrinkage=0.05


Tree=158
num_leaves=23
num_cat=0
split_feature=164 131 39 0 3 21 23 164 8 20 109 133 36 52 118 156 184 30 160 109 137 139
split_gain=0.561714 0.720822 0.609168 0.947737 0.672443 0.675167 0.630907 0.524676 0.309956 0.298211 0.289392 0.277697 0.258523 0.249489 0.557556 0.227212 0.212598 0.156208 0.132294 0.114436 0.0605749 0.00976926
threshold=0.21355056762695312 0.61582847545678032 0.25593132326113333 0.1643062233924866 -56.077384529911718 1.1942022850668235 0.00069775142190919902 0.49910068511962896 7.0491105369136458 -1.5036339850378464 0.76526674330066258 0.52465626265433196 26.500000000000004 28.430821418762211 0.32941583911437661 0.79380698880569922 19.620100021362308 0.033605675163026587 15.976233234806806 0.00038859906231509286 0.0048193860572088281 0.0011989905677404129
decision_type=8 10 8 8 10 10 10 10 10 10 10 8 2 2 10 10 10 10 8 8 8 10
left_child=1 18 4 10 6 12 -2 9 -3 -7 -4 20 -6 14 -11 -16 19 -12 -1 -5 -8 -17
right_child=2 8 3 16 5 7 11 -9 -10 13 17 -13 -14 -15 15 21 -18 -19 -20 -21 -22 -23
leaf_value=-0.032137902620634609 -0.026692056940043913 -0.012770417304360925 0.023615801460981193 0.0030128681683931897 -0.020809615212402377 -0.0025497053257608673 -0.014439184173138487 -0.0083663739698206247 0.019239738470746826 -0.012196410295348703 0.0093981605411351671 0.01894894562204167 0.009749902820438909 0.035223061538145348 -0.0013294350144272416 0.0069793621007095538 0.0018840064134131758 -0.01577947984605917 0.00090179978683761644 -0.033101503706188508 0.0037222524659662193 0.028078337482042234
leaf_weight=1.5827508547808975 1.2261201669462019 0.33585417608264823 1.1551506186660905 0.06749788991874095 0.92411369364708551 0.84639799408614358 0.37448135303566232 0.98482923023402769 1.1370124527602454 0.93421176489209568 0.22074506036005903 1.2258054674020966 0.35522128420416266 3.8701172024011612 0.84429280564654607 0.89651058887830037 0.45525382520281699 0.44435298928874545 0.28265864547574904 1.7669281082926318 0.19166886061429955 2.633938267827034
leaf_count=328 46 79 31 4 84 49 50 43 41 44 2 31 10 39 34 47 49 66 15 489 3 62
internal_value=0.00320466 -0.0133213 0.00655909 -0.00901271 0.0110362 0.0159996 -0.00812671 0.0199376 0.00972804 0.0232246 0.0140332 0.00958682 -0.0117696 0.0256182 0.0141432 0.0209907 -0.0260304 -0.00679743 -0.028564 -0.0311785 -0.00983986 0.0254437
internal_weight=22.7559 3.33828 19.4176 4.10993 15.3077 12.2896 3.01808 11.0103 1.47287 10.0255 1.82025 1.79196 1.27933 9.17907 5.30895 4.37474 2.28968 0.665098 1.86541 1.83443 0.56615 3.53045
internal_count=1646 463 1183 641 542 412 130 318 120 275 99 84 94 226 187 143 542 68 343 493 53 109
is_linear=0
shrinkage=0.05


Tree=159
num_leaves=22
num_cat=0
split_feature=39 19 7 36 109 9 137 140 10 170 109 111 44 180 49 108 7 111 5 109 30
split_gain=0.570626 0.755018 0.610398 1.08648 0.744615 0.632716 0.567692 0.527535 0.478457 0.384172 0.575641 0.325064 0.349566 0.280582 0.256516 0.116353 0.0581053 0.0553313 0.0488292 0.0467525 0.0372452
threshold=-0.037730821441592906 0.16066214442253116 -135.37179146552754 18.500000000000004 1.2653721365269281 0.41421362489486968 0.0029086751717004849 -0.044491291046142571 0.10697940503432495 -21.391663354488184 26.141022606742172 0.23900116315010064 0.017158093600466245 0.73750000000000082 93.812557220458999 21.044908052590426 23.135422956547504 0.1919575894698162 18496.655630278688 9.0416870543595369 0.42480470785147578
decision_type=8 10 10 2 8 10 8 2 10 10 10 8 8 10 2 10 8 10 10 8 10
left_child=1 -1 6 8 15 7 -2 11 13 19 16 -6 -13 20 17 18 -11 -7 -5 -3 -4
right_child=2 9 3 4 5 14 -8 -9 -10 10 -12 12 -14 -15 -16 -17 -18 -19 -20 -21 -22
leaf_value=-0.017540961652741747 -0.015689788777736038 0.027550449559358245 -0.038111189548430645 -0.0080945010486063503 0.0051890854938820867 0.004432447436197611 0.025794632237304521 0.0094906573316904802 0.0053906987921553103 -0.022556436026967341 0.020139318323189864 -0.03547297438148618 0.006470607961540184 0.0053470155859899025 0.02121935228832493 0.025251699366351205 1.6409475344664968e-05 -0.012869120008156508 0.006471261336933657 0.0070383694466565373 -0.0010318734934190255
leaf_weight=1.1702765947557052 0.43251292002969666 2.9151532131363629 3.2459683831257271 0.19026287406450126 0.44042630877811451 0.10730958962813009 1.538677808595821 0.83804208860965479 0.60643779340898607 0.7619325070409112 0.71884543146006752 2.4745968301722319 0.25742736319079984 0.17019839695421968 1.1683691583166362 1.626673435734119 0.33839174528839056 0.32969978803885169 0.14264920353889465 1.2368275756598448 0.1263779682049061
leaf_count=46 154 43 634 63 16 2 37 13 43 54 12 181 35 6 43 72 11 71 1 44 43
internal_value=-0.000775076 0.00987966 -0.00662509 -0.0110314 0.000897438 -0.00852372 0.0144752 -0.0180021 -0.028756 0.0169991 -0.00181067 -0.0257986 -0.030846 -0.0345014 0.012976 0.0216543 -0.0189118 -0.00849262 -0.00168068 0.0239923 -0.0372755
internal_weight=20.8371 7.14143 13.6956 11.7244 7.57546 5.61587 1.97119 4.01049 4.14898 5.97115 1.81917 3.17245 2.73202 3.54254 1.60538 1.95959 1.10032 0.437009 0.332912 4.15198 3.37235
internal_count=1624 210 1414 1223 497 361 191 245 726 164 77 232 216 683 116 136 65 73 64 87 677
is_linear=0
shrinkage=0.05


Tree=160
num_leaves=24
num_cat=0
split_feature=26 189 7 132 44 3 44 40 47 169 184 32 6 12 11 42 34 138 119 114 8 5 114
split_gain=0.764585 0.612623 0.628512 0.700517 0.839132 0.433664 0.498647 0.440415 0.364263 0.348134 0.339925 0.328866 0.281196 0.269345 0.259176 0.232812 0.13045 0.123892 0.113543 0.0483013 0.19606 0.0418169 0.0203786
threshold=0.0033932611693331355 18.500000000000004 138.11547986499315 0.17906314134597781 0.0062306531527401765 -56.077384529911718 0.0098988207545302066 0.96148630678653724 -1.2540443270032517 -0.12459945678710929 20.250900268554691 1.8571800061066948 1.0898940476024837 0.44042940074832265 0.74132276365642447 0.031365583609806867 0.078452527523040785 0.05983004472582288 0.0036813607087554903 0.37807807807807814 8.2237057815381558 29.074777405700782 0.49358974358974367
decision_type=8 8 10 8 10 8 10 8 8 8 8 10 10 8 10 10 10 8 10 10 10 8 10
left_child=1 10 3 4 11 6 -5 13 16 -10 -1 14 15 17 -3 -6 -2 21 -14 -19 22 -7 -21
right_child=8 2 -4 5 12 7 -8 -9 9 -11 -12 -13 18 -15 -16 -17 -18 19 -20 20 -22 -23 -24
leaf_value=0.010276881302389299 -0.0087288953351342801 0.01161511427895268 -0.020669063203499372 -0.021739791515646464 0.0017098032770676086 -0.0035709765932188165 0.015621984616985241 -0.011541462952797683 0.0087473415547760069 -0.032109034376619695 -0.02563223329840976 0.022813565680250475 -0.0083701762490615093 -0.00013470866472569887 -0.015819523401111046 -0.031443047491782526 0.01255459912418715 0.032867093377106804 0.01321016769824794 -0.010548271628166378 0.018405571900772258 0.0092230352782589672 0.0013133037050360784
leaf_weight=0.31902328622527421 0.34924949196283683 0.68814268027200787 0.64170309735345554 0.69505811843555398 0.54579625517362806 0.4691312792128749 0.90478393615921959 0.29816735145869699 0.19926410913467407 1.6377027629641809 1.1154390260344369 2.1546670098323375 0.1962231796060222 0.88942343567032445 0.8088726332935039 1.5110704105463808 0.70031519915210083 5.9911438279959839 0.41304728563409299 0.25520420706015989 0.70300869981292635 0.33236292086075991 0.23182932793861255
leaf_count=29 42 8 59 29 16 41 32 192 1 291 129 52 60 44 45 300 30 132 15 43 15 21 10
internal_value=0.00391661 0.0076827 0.0104424 0.0126889 -0.000641863 0.0198989 -0.00272851 0.0237266 -0.0166304 -0.026156 -0.0167051 0.0135352 -0.018455 0.0259609 -0.00360732 -0.0249644 0.00466895 0.0285598 0.00537759 0.0304969 0.00900548 0.00390909 -0.00781588
internal_weight=22.0506 19.1641 17.7296 17.0879 6.31782 10.7701 1.59984 9.17027 2.88653 1.83697 1.43446 3.65168 2.66614 8.8721 1.49702 2.05687 1.04956 7.98268 0.60927 7.18119 1.19004 0.801494 0.487034
internal_count=1636 1272 1114 1055 496 559 61 498 364 292 158 105 391 306 53 316 72 262 75 200 68 62 53
is_linear=0
shrinkage=0.05


Tree=161
num_leaves=24
num_cat=0
split_feature=164 164 112 50 41 108 23 26 26 12 12 148 3 38 162 112 137 52 6 113 112 8 165
split_gain=0.512687 0.718967 0.699615 0.978768 0.697643 0.626932 0.521467 0.464982 0.544477 0.312109 0.286098 0.247307 0.243545 0.242701 0.23878 0.196706 0.184587 0.155829 0.155066 0.120994 0.111641 0.0877111 0.0832632
threshold=0.20794963836669922 0.41870021820068365 -155.76459379047341 0.17113905443768643 -1.0000000180025095e-35 98.312498618351455 0.00027488518143520935 0.0014421398654618012 0.0031928520422299851 0.36798759320333668 0.4237562025509703 0.12973352033660593 37.314086787466486 0.49012851156355719 21.46039962768555 13.559881118954042 0.0075134465157326675 11.117002487182619 0.10128227570003712 0.21119865274445626 33.541151176454143 12.155985114693298 0.87200069427490245
decision_type=8 8 10 10 8 8 8 10 10 10 10 10 8 10 10 10 8 2 8 8 10 10 10
left_child=6 5 -3 4 -4 11 20 10 15 -10 -5 13 -12 -2 19 21 17 22 -6 -8 -1 -9 -13
right_child=1 2 3 7 18 -7 14 8 9 -11 12 16 -14 -15 -16 -17 -18 -19 -20 -21 -22 -23 -24
leaf_value=-0.0044999960856610477 -0.012571975125675811 0.020911797533946442 0.0096257717736776809 -0.022486386925718381 0.0011726122323066507 -0.015950408218967982 0.0033010199413202306 -0.0078393645017604176 0.011379140346159895 -0.021775404326763659 0.013133800939896826 -0.0089626815316408183 -0.014042156175838302 0.015586844405607803 0.0049640057271710045 0.028736166766967521 -0.0023445773729422973 0.032886532830277773 -0.037322291330267231 -0.03079451290037474 0.017732155442440736 0.0097156627646927049 0.0095317732066161013
leaf_weight=0.3719773342018019 0.63205351005308308 1.9369695013447259 0.69516492748516612 1.0132918638410049 0.21883218310540442 0.44981331075541664 0.087952349655097462 0.49757576521369662 0.40520156454294898 0.71653037559008226 1.220429668726865 0.21647936655790623 0.35052924984483969 0.44346145915915258 0.32796584395691741 2.180963144171983 0.32146402201033097 3.877033413562458 2.3903217100596521 1.7542342387896497 0.55572925432352349 0.36045012209797278 0.21954187750816345
leaf_count=47 88 63 31 133 16 79 9 58 14 71 70 124 29 11 5 43 7 97 238 373 14 10 1
internal_value=0.00326841 0.00657689 -0.000842886 -0.00654913 -0.0252742 0.019116 -0.0129871 0.00470303 0.0138543 -0.0100805 -0.0097854 0.0238438 0.00396675 0.000954401 -0.0235421 0.0229974 0.0280436 0.0303235 -0.0346633 -0.028578 0.0111078 0.00079527 0.000502416
internal_weight=21.244 18.1461 11.9863 10.0493 3.30432 6.15985 3.09786 6.74497 4.16072 1.12173 2.58425 5.71003 1.57096 1.07551 2.17015 3.03899 4.63452 4.31305 2.60915 1.84219 0.927707 0.858026 0.436021
internal_count=1631 1183 776 713 285 407 448 428 196 85 232 328 99 99 387 111 229 222 254 382 61 68 125
is_linear=0
shrinkage=0.05


Tree=162
num_leaves=24
num_cat=0
split_feature=107 8 8 11 39 8 7 118 137 116 105 180 45 119 7 119 45 1 147 40 39 39 55
split_gain=0.596079 0.710738 0.836277 0.612655 0.564794 0.792084 0.54708 0.4836 0.411477 0.378154 0.257732 0.257533 0.215409 0.19557 0.179849 0.167456 0.0822362 0.0777141 0.0652928 0.0606005 0.0576014 0.0376174 0.0370443
threshold=163.52483748011687 69.157783888255224 6.1639328410991441 20.448230081545425 -0.1027488326653838 15.430353226636134 3.957067278919816 0.22982786498955479 0.00081755826932246962 20.634366702269809 0.15307337045669558 0.26749999999999924 0.34273020376298052 0.00077493648566867265 -263.05585190867828 0.02154755413042924 0.085148478961645499 0.21802380376054334 0.074016600847244277 0.60195026546716701 -0.18877450190484521 -0.024329498643055555 -13.979108333587645
decision_type=8 10 8 10 8 8 10 10 8 8 8 8 10 10 8 8 10 10 8 8 10 10 2
left_child=1 2 9 4 -2 10 14 11 -7 17 -6 -8 16 21 -5 19 -12 -1 -10 -9 -3 -4 -14
right_child=3 20 13 6 5 8 7 15 18 -11 12 -13 22 -15 -16 -17 -18 -19 -20 -21 -22 -23 -24
leaf_value=0.0028158910701976351 0.011404066264032231 0.0014089492918982229 0.0061332816457629847 0.0073569983420859924 0.0033678947774981372 -0.017335830924197215 0.010649933194167424 0.030383889285674304 0.0013882508569066363 0.011899496715336307 -0.0016718415477253064 -0.018680461287501584 0.0064812945154412204 0.03001764111497749 -0.022310314124528045 -0.0026691914475763666 -0.035959472786619331 -0.024378975117157534 0.020225960358893461 0.0026916472339942577 -0.020680947078399837 -0.005982427074898676 -0.0057713362519884043
leaf_weight=0.084135741111824758 1.366733848757576 0.21199980168603361 0.22992191248340532 0.16428326070308685 0.4029744701110739 0.51709880822454579 0.48545336630195357 2.186082824133337 0.80334825985482905 0.60808473936049279 0.28671896338346448 0.68723682934069075 0.21130939084105194 4.3854542115295772 0.76917055933154088 0.32640520611312229 3.452646871242905 0.89467403717571869 0.9908449643990026 0.43246927679865654 0.67125678944285017 0.3388227947289123 0.25964361432124849
leaf_count=5 47 4 9 1 47 176 33 41 38 15 18 84 12 127 173 21 203 211 21 118 93 45 72
internal_value=0.00189982 0.0123849 0.0181924 -0.00439132 -0.0122156 -0.0177284 0.00834846 0.0159101 0.00497391 -0.00927831 -0.0279622 -0.00722532 -0.0310317 0.0270721 -0.0159844 0.024619 -0.0342379 -0.0217997 0.0153068 0.0278181 -0.0174461 -0.000297022 0.000395
internal_weight=20.7668 7.42435 6.54109 13.3424 8.29132 6.92459 5.0511 4.11765 2.31129 1.58689 4.61329 1.17269 4.21032 4.9542 0.933454 2.94496 3.73937 0.97881 1.79419 2.61855 0.883257 0.568745 0.470953
internal_count=1614 509 412 1105 634 587 471 297 235 231 352 117 305 181 174 180 221 216 59 159 97 54 84
is_linear=0
shrinkage=0.05


Tree=163
num_leaves=20
num_cat=0
split_feature=170 3 146 138 107 36 114 145 161 148 46 169 7 22 114 3 108 106 116
split_gain=0.647034 0.627421 0.683901 0.76656 0.46091 0.432577 0.426353 0.395908 0.369853 0.352106 0.347323 0.322569 0.286552 0.139606 0.117154 0.111577 0.103645 0.0656989 0.0431208
threshold=-20.286039327296717 -56.077384529911718 0.11489406420788854 0.13238821546119617 178.35327879958029 13.500000000000002 0.32071428571428579 2.0685494414647798 20.810350418090824 0.22305140961857381 -0.041934935177937081 1.1450500488281252 12.970608059352285 0.00073070383498782159 0.36451048951048953 12.492281777294467 15.529663487323839 0.96514564502209177 11.740652469491469
decision_type=8 10 8 10 8 2 10 10 10 10 10 8 8 8 10 10 8 10 8
left_child=4 8 3 5 15 -3 12 9 -2 14 -8 -5 -6 -11 -7 -1 -14 -16 -4
right_child=1 2 18 11 6 7 10 -9 -10 13 -12 -13 16 -15 17 -17 -18 -19 -20
leaf_value=0.028106356382969974 -0.033215086553020093 -0.025953688705999053 0.0010526866663138829 -0.0030155892392591177 -0.0082374374706320492 0.023894177997318043 0.0080212321994428976 -0.01886828090539602 0.0056019017292837621 -0.017565638868488595 -0.025104691206601911 0.027311171826033917 0.024164645080372794 0.0069519587026680672 -0.0089978888412320292 0.0051971867435287866 0.0018741721103440172 0.0073665890744033201 -0.026939544558495315
leaf_weight=2.0124914216576122 1.7714209545520128 1.0214051047223627 0.069068767130375464 0.91459594835760072 0.83116233453620336 1.5426321099221252 0.63786491681821655 0.58553380609373551 0.45828598830848921 0.50230040523456398 1.2068910273083016 2.61998762463918 1.1963078292901625 0.26327947387471795 0.21163287459057745 1.3066044514416715 0.92177302349591661 0.25387377047445625 1.0827840561396442
leaf_count=41 323 272 4 31 42 66 9 201 8 57 81 103 35 4 46 38 29 10 213
internal_value=0.000456188 -0.00704836 -0.000276988 0.00585462 0.0105324 -0.00760076 -0.000116496 0.00265317 -0.0259726 0.0109924 -0.0148574 0.0205294 0.0105313 -0.00997213 0.019643 0.0223792 0.0181762 -0.00113637 -0.0255519
internal_weight=19.4099 11.2968 9.06709 7.91524 8.1131 4.38066 4.794 3.35925 2.22971 2.77372 1.84476 3.53458 2.94924 0.76558 2.00814 3.3191 2.11808 0.465507 1.15185
internal_count=1613 1338 1007 790 275 656 196 384 331 183 90 134 106 61 122 79 64 56 217
is_linear=0
shrinkage=0.05


Tree=164
num_leaves=23
num_cat=0
split_feature=166 178 146 111 56 170 31 9 133 140 22 107 157 34 4 146 133 120 113 36 163 23
split_gain=0.574065 0.519421 0.6903 0.512885 0.510492 0.762583 0.446597 0.412718 0.322708 0.316929 0.276741 0.258957 0.255279 0.241844 0.224766 0.206556 0.170756 0.169345 0.14005 0.0993533 0.0282154 0.028053
threshold=1.236299514770508 1.3835652707484842 0.099324649843668109 136.07852399845891 -0.17420041561126706 -20.154863111864731 0.055506785467214131 0.25166666666666676 3.1844257371243292 -0.55660873651504505 -0.0035017532501722252 3.6780757704364597 8.0211863517761248 0.19080677628517154 10.668096072325389 0.022204248918267309 11.701449491979455 0.59687500000000016 16.105496268908102 25.500000000000004 0.5084509849548341 0.0010260854607457583
decision_type=10 10 8 8 2 10 8 8 10 2 10 10 2 10 8 8 8 2 10 2 10 10
left_child=1 3 13 4 7 8 10 -1 9 12 -2 -9 -6 -3 21 -8 -7 19 -10 -4 -12 -11
right_child=6 2 17 -5 5 16 15 11 18 14 20 -13 -14 -15 -16 -17 -18 -19 -20 -21 -22 -23
leaf_value=0.011824700111360244 -0.014288935977535175 -0.031119638558494894 -0.012624390972535536 -0.016400871690931355 0.015132382260269989 -0.021959108276243908 0.0052063985125630971 0.0082244641666870781 -0.010853763247952803 0.034986661089770874 0.0013485245613344082 -0.027127269909288848 -0.010989920836318411 0.004676325015409359 0.003317340281543095 -0.031051391374589999 0.0071479017207109466 0.020842422897862842 0.0093369887413896398 0.0077885806220021449 0.017995045475303742 0.01179085676937963
leaf_weight=0.92017735808622392 0.39499328151578073 1.4661231281061184 0.32749702842556849 0.83964014961384315 0.9076306108618144 0.74317987926769902 0.1606103326193985 0.18596330285072316 0.69290819542948223 4.4436469537904477 0.50912983017042213 1.0290340075443962 0.87210601987317204 0.2925670051772612 1.0694167987676335 1.5313654630590463 0.15913011133670807 0.71991642517969012 0.74831206985982135 0.19993604149203748 0.62224869290366769 1.5645637793058993
leaf_count=47 253 142 60 53 29 130 20 1 36 94 29 123 48 22 40 412 1 7 14 9 21 44
internal_value=0.00222062 0.00598329 -0.0105506 0.0099536 0.0126412 0.0167043 -0.0145235 -0.00720302 0.0206929 0.0239264 0.00447067 -0.0204462 0.00298327 -0.0256282 0.0281714 -0.0269541 -0.0157668 0.0126523 -0.00083993 -0.00485327 0.0146513 0.0314907
internal_weight=20.4001 17.1817 3.00604 14.1757 13.3361 11.2009 3.21835 2.13517 10.2986 8.85736 1.52637 1.215 1.77974 1.75869 7.07763 1.69198 0.90231 1.24735 1.44122 0.527433 1.13138 6.00821
internal_count=1635 900 240 660 607 436 735 171 305 255 303 124 77 164 178 432 131 76 50 69 50 138
is_linear=0
shrinkage=0.05


Tree=165
num_leaves=20
num_cat=0
split_feature=157 39 15 3 39 53 117 18 139 38 144 111 12 123 43 118 169 132 7
split_gain=0.69328 0.728299 0.71377 0.688727 0.626001 0.4514 0.419372 0.391044 0.338794 0.32 0.296267 0.443222 0.22408 0.255058 0.210607 0.171555 0.156713 0.0863718 0.016763
threshold=25.037488937377933 -0.032608261585912915 0.11429608127721337 42.248088760023016 -0.23914549445213226 2.055308821885077 0.41372661224693291 0.50813203401193985 0.0008974020715790264 0.34921881511440328 0.2827646105271423 0.19549709272350888 0.44587512570669047 -0.31145111251856389 47.500000000000007 0.16731766611559409 -0.11034965515136713 0.4469964355230332 19.611442159158099
decision_type=2 8 2 8 8 8 8 10 10 10 10 8 10 8 2 10 8 10 10
left_child=2 18 5 7 -4 6 17 10 14 -9 11 -3 13 -6 -5 -11 -7 -1 -2
right_child=1 3 4 8 12 16 -8 9 -10 15 -12 -13 -14 -15 -16 -17 -18 -19 -20
leaf_value=-0.014995349751195245 0.011213598394354117 0.0067168144725114317 0.0094920691398029736 -0.017005590785893573 0.0057504823287532454 0.0068168809498125489 0.026549492640909469 0.018925603701082122 0.024432163369993556 0.0068498384797013841 0.0012676127811375353 -0.034097776459027944 0.0032997293526510849 -0.036160501750745623 0.0099379145489648536 -0.018352623814416259 -0.020534464063317062 0.0057800108651732841 0.030360329308217957
leaf_weight=0.42370179769932637 2.092770265298896 0.49502176814712484 0.8014013294596225 0.47119169603684019 0.12542165815830231 0.19137381424661726 1.6704860699246635 1.0178934823779857 2.1961588452686556 0.46614073216915108 1.3084763804217798 1.8031457599427083 0.2794542119372635 2.7072050477436291 0.52132529020309448 0.6233191286737565 0.67496331603615534 0.12726206565275788 1.8011703360825775
leaf_count=212 40 11 24 40 1 6 104 26 32 11 45 103 44 557 11 43 274 2 21
internal_value=0.00227304 0.00896904 -0.00955699 0.000405639 -0.0216266 0.00728847 0.0174042 -0.00955801 0.0162795 0.00593448 -0.0179334 -0.0259354 -0.0299996 -0.0332886 -0.00496843 -0.00945189 -0.0140773 -0.00956394 0.024464
internal_weight=19.7979 12.7966 7.00127 8.90267 3.91348 3.08779 2.22145 5.714 3.18868 2.10735 3.60664 2.29817 3.11208 2.83263 0.992517 1.08946 0.866337 0.550964 3.89394
internal_count=1607 383 1224 322 626 598 318 239 83 80 159 114 602 558 51 54 280 214 61
is_linear=0
shrinkage=0.05


Tree=166
num_leaves=24
num_cat=0
split_feature=20 133 184 166 106 40 45 119 181 158 167 16 27 113 165 118 21 28 164 181 109 164 40
split_gain=0.630197 0.979173 0.530157 0.466326 0.444941 0.434382 0.429725 0.373206 0.377589 0.322068 0.272118 0.251123 0.205743 0.182582 0.163149 0.153508 0.142258 0.125639 0.181172 0.110868 0.0929415 0.0679364 0.0623188
threshold=2.2820409667721218 -0.94328817862381953 21.371800422668461 1.9328994750976565 0.25858691818000917 0.96148630678653724 0.36521172393458012 0.0005747449503760697 3.922000000000001 1.8318398735221202 4.5000000000000009 30.474205017089847 -0.71287667751312245 0.50440497868751366 -0.0024003982543944493 25.827403866290705 11.382098378110387 1.8388915657997134 0.39300012588500982 4.6690000000000014 4.2677878143159704 0.23894977569580078 0.1548483753576875
decision_type=8 10 8 10 10 8 10 10 10 8 10 2 2 8 10 10 10 2 10 10 8 10 10
left_child=1 6 -2 4 -3 7 9 22 10 -1 12 19 15 -4 -10 21 -8 -14 -19 -11 -12 -9 -6
right_child=2 3 13 -5 5 -7 16 8 14 11 20 -13 17 -15 -16 -17 -18 18 -20 -21 -22 -23 -24
leaf_value=0.0082017409060910467 0.0099590063570721959 -0.013655899820063681 0.0039909088714258313 -0.017055298790296831 0.0040459222659866003 -0.014284788071306877 -0.0079151615554827436 -0.013446335117963892 -0.01617629775045111 -0.033585277452276782 0.0078758846880721232 0.0057699263744484149 0.0029152263366587299 -0.032317340942006674 0.0085404753153974899 0.014273114577930714 0.016951121287731383 0.033032756289821587 0.0061282907467605377 0.0010253998067709658 -0.010482731806163145 0.0035223978099764106 -0.014293351676213137
leaf_weight=0.29616722237552284 0.70415150455664843 0.62902435311115645 0.16597072064178342 0.50108477190951894 0.16788033791817447 0.39289405994350168 0.18432899235631328 0.35262806375976363 0.43577670335071161 2.1428852499229842 0.36260108271380964 0.20621828772709694 0.70756413461640111 1.6042645740672015 0.3964200986374643 0.64606615414959379 0.56460480522946455 6.0545398600515909 1.2617128461133686 0.18711050029378373 0.44240851525682956 0.46918355580419302 0.38470147055340931
leaf_count=8 34 62 7 233 4 167 83 50 37 326 16 18 18 175 18 18 38 152 28 7 35 17 67
internal_value=0.00156535 0.0052993 -0.0179997 0.0115352 0.0138252 0.0161919 -0.015192 0.0182625 0.0203368 -0.0226352 0.0228352 -0.0275373 0.0250056 -0.0287014 -0.00616717 0.00424723 0.00980463 0.0279116 0.0296878 -0.0313326 -0.0024314 -0.0071428 -0.0097044
internal_weight=19.2602 16.7858 2.47439 13.2045 12.7034 12.0744 3.58132 11.6815 11.1289 2.83238 10.2967 2.53621 9.49169 1.77024 0.832197 1.46788 0.748934 8.02382 7.31625 2.33 0.80501 0.821812 0.552582
internal_count=1618 1402 216 922 689 627 480 460 389 359 334 351 283 182 55 85 121 198 180 333 51 67 71
is_linear=0
shrinkage=0.05


Tree=167
num_leaves=23
num_cat=0
split_feature=132 114 169 108 4 135 112 39 40 93 159 160 169 3 110 19 136 20 132 140 160 153
split_gain=0.702737 0.55068 0.514754 0.475663 0.409409 0.38798 0.375538 0.328285 0.326088 0.313606 0.294365 0.288573 0.483483 0.276872 0.218099 0.174566 0.0958869 0.0921992 0.0722643 0.0569899 0.032874 0.0228785
threshold=0.16967934370040896 0.36788399570354463 0.72334957122802745 -146.18734211553252 2.5378223057115243 0.0021755026036458804 23.532979756810569 -0.027325232091936325 0.96148630678653724 4.5000000000000009 99.883937835693374 2.1413493403260646 0.24954986572265628 -85.411707886963384 77.527648678637817 0.43141812086105352 0.00044272411281678854 1.9565274164318247 0.2056279927492142 -0.55264419317245472 1.5425011334839358 9.4122303979635671
decision_type=8 10 8 8 10 10 10 8 8 10 2 10 10 10 10 10 10 8 10 2 8 2
left_child=5 3 4 18 -3 7 16 14 11 17 15 13 -13 -5 -1 -9 -7 -4 -2 20 -15 -21
right_child=1 2 9 8 -6 6 -8 10 -10 -11 -12 12 -14 19 -16 -17 -18 -19 -20 21 -22 -23
leaf_value=-0.01348375672558689 0.0030097136030049257 0.0214928303830621 -0.030580972404277165 -0.002143471284572335 -0.010632417945027263 0.0038457118194237571 0.019146061977551726 -0.035416173256296937 -0.011893277780705735 0.0089684603390362168 0.0054785492979384683 0.016026656168041199 -0.018806205918843962 0.0089520407389206968 0.012739626222125672 0.0033821854087071183 -0.018352238550144475 0.0020014178612122136 -0.018169241254015183 0.0095768269858969492 -0.002899686334615167 0.031370028386169042
leaf_weight=0.45614923705579691 0.21039610868319869 1.1334658893756562 1.4549961485172387 0.81827971019083356 1.0142677378607912 0.28455911157652714 0.92050397570710629 2.128277993411761 0.3063248238177011 0.2125850295415147 0.29080665751826007 1.2957948554540055 0.76256311140605237 0.39053669929853274 0.74766473122872412 0.13879766713944253 0.54511903037200682 0.10942366052768226 0.52383777321665548 1.3220269625308034 0.37054948339937255 3.6880418516520876
leaf_count=37 21 25 339 39 42 7 16 460 146 3 22 42 73 18 26 30 52 23 59 33 32 63
internal_value=0.000820729 0.00687065 -0.00762336 0.0129061 0.00776358 -0.0128817 0.00485558 -0.0204209 0.0162735 -0.0223193 -0.0280696 0.0184006 0.0011924 0.0229106 0.00119349 -0.0327326 -0.0127981 -0.0284102 -0.0138644 0.0262548 0.00481179 0.0281697
internal_weight=19.125 13.6131 3.92474 9.68835 2.14773 5.51188 1.75018 3.7617 8.95412 1.777 2.55788 8.64779 2.05836 6.58943 1.20381 2.26708 0.829678 1.56442 0.734234 5.77115 0.761086 5.01007
internal_count=1608 958 432 526 67 650 75 575 446 365 512 300 115 185 63 490 59 362 80 146 50 96
is_linear=0
shrinkage=0.05


Tree=168
num_leaves=24
num_cat=0
split_feature=132 52 147 167 168 17 185 12 122 168 5 5 141 178 5 168 113 147 141 47 116 42 44
split_gain=0.491104 0.533918 0.509024 0.622602 0.475451 0.470499 0.467162 0.273904 0.3126 0.271312 0.263568 0.323938 0.193987 0.189336 0.198828 0.142231 0.127565 0.101604 0.101319 0.0963027 0.0755263 0.0882516 0.0636882
threshold=0.16967934370040896 40.87408638000489 0.091251790523529067 3.5000000000000004 2.050318022451409 2.0048403739929204 17.553999900817875 0.29102136698205094 5.4412646293640146 6.490762997439135 39.988469152090595 9.7937132231060033 1.974931597709656 0.86650618233913013 4.6340829874042653 19.672699283947143 0.21119865274445626 0.094363033771514906 1.9769887924194338 -0.4309817339234116 10.510254722283635 -0.081393298506736739 0.019935026951264864
decision_type=8 2 10 8 10 2 10 8 2 10 10 8 2 8 8 8 8 10 2 10 10 10 8
left_child=1 7 4 6 -2 20 10 -1 12 -6 11 22 -9 -7 -15 -3 -14 -16 -19 -13 -5 -22 -4
right_child=2 15 3 5 9 13 -8 8 -10 -11 -12 19 16 14 17 -17 -18 18 -20 -21 21 -23 -24
leaf_value=0.0075177316015683478 0.024683739870870608 -0.0036825288689074317 -0.011943234459434224 0.015492155733224711 -0.019135140803491411 0.0052181673962057029 -0.014839954448222802 0.0006641531956968525 0.0047699028307867349 0.010192507534840092 -0.0043214179216576947 0.0033250336456974562 0.0025945704193218286 0.0041880900388226961 0.0013254709639900807 0.01546411789135721 -0.035125840028901102 0.0024431206186285581 -0.033440218881102809 0.031111194474261375 0.0081594976231714848 -0.011003721591434144 0.0050949581595951601
leaf_weight=0.367134120373524 4.1045123323856378 1.1930885877227413 0.2911789779027435 0.46663928043563041 0.58437829610193126 0.21252039866521988 0.70909407848375838 0.44339534619939591 0.53476486905128684 0.68195263153756969 0.87475918058771629 0.63759627108811434 0.10012269308208521 0.23738518744357895 0.16572251648176495 1.1694637462496755 2.1344671845581615 0.071465426124632692 2.0290930837800261 2.0822539709333796 0.1891414076089859 0.27294981054728851 0.21558740510954522
leaf_count=9 143 29 29 9 66 22 58 36 62 26 33 60 16 20 11 22 492 4 305 73 2 55 22
internal_value=0.0019765 -0.00910583 0.00703253 -0.000905153 0.0177095 -0.0144683 0.0100931 -0.019365 -0.0234923 -0.00581291 0.0164678 0.0217929 -0.0288984 -0.0230401 -0.0262435 0.00757542 -0.0331561 -0.0297374 -0.0318252 0.0272424 0.00954878 -0.00294399 -0.00612403
internal_weight=19.7687 5.94244 13.8262 8.45539 5.37084 3.64492 4.81047 3.57988 3.21275 1.26633 4.10138 3.22662 2.67799 2.71619 2.50367 2.36255 2.23459 2.26628 2.10056 2.71985 0.92873 0.462091 0.506766
internal_count=1604 666 938 703 235 428 275 615 606 92 217 184 544 362 340 51 508 320 309 133 66 57 51
is_linear=0
shrinkage=0.05


Tree=169
num_leaves=24
num_cat=0
split_feature=164 23 147 105 142 154 110 107 40 17 181 6 39 39 45 132 169 37 160 160 22 52 121
split_gain=0.514331 0.443381 0.423267 0.558269 0.590774 0.501438 0.712097 0.356669 0.245191 0.235738 0.228265 0.212677 0.202258 0.152726 0.144988 0.122687 0.135933 0.120669 0.113075 0.112724 0.0977389 0.0563124 0.0553504
threshold=0.20794963836669922 0.00027488518143520935 0.13459289073944095 0.25893411040306097 0.50151744356596606 87.784686923027053 32.54453522869639 148.78265096127245 0.65880231199593398 2.0470857620239262 4.3755000000000015 0.20450942160005744 -0.20698699494823811 0.15339212563999916 0.18985153341089006 0.36090739071369177 0.38455009460449224 0.56285327672958385 12.345109007287151 11.262096956351149 0.0009326963620254309 33.88678169250489 16.008716583251957
decision_type=8 8 10 8 8 2 10 8 8 2 10 8 8 8 8 10 8 8 10 10 8 2 2
left_child=1 22 3 5 20 6 10 -4 17 21 -2 -7 -9 -10 -15 -3 -17 -6 -14 -13 -5 -8 -1
right_child=2 15 7 4 8 11 9 12 13 -11 -12 19 18 14 -16 16 -18 -19 -20 -21 -22 -23 -24
leaf_value=-0.0025396228978829451 -0.024253135874812703 -0.029269688174541605 0.0087840270778501584 -0.017735934800423684 0.031386240260553158 0.0057487667903453471 -0.010681023450609475 0.0068980634595552917 0.012556278941206166 0.024406414228473887 0.0077996284563549281 -0.028174878954109001 -0.02829928224394412 0.007543858818929561 -0.017050224926987666 0.010639953577401551 -0.012222466444245 0.0083096258026214998 0.0011184292035871517 0.0021697427940072559 0.0041026570168188848 0.0050752151391256113 0.014604423143919644
leaf_weight=0.32132857927354086 0.88948256688309324 1.2851282908668507 1.1301663970516522 0.51464816427324045 3.9202560973353684 0.33219996295520071 0.26490811345865983 0.18771274981554598 0.57927649849443708 2.4159958825039212 0.23615623734076507 1.1646120316145241 1.1918532348208826 0.26968580301036094 0.48075741445063613 0.29378607321996231 0.31693669219384901 1.6804407960735259 0.29721152526326466 0.19914560174220253 0.30575585388578475 0.23130460409447551 0.44386322522768751
leaf_count=41 200 292 34 47 64 26 46 4 21 115 8 164 237 24 100 8 85 37 16 15 7 6 18
internal_value=0.00317744 -0.0140627 0.00664385 0.0102561 0.0182104 -0.00160397 0.00792531 -0.00884507 0.0228062 0.0194547 -0.0170228 -0.0188161 -0.0195698 0.00178602 -0.0089514 -0.0239016 -0.0014468 0.0267702 -0.0243373 -0.0247004 -0.0118142 -0.00485317 0.0100449
internal_weight=18.9526 2.66104 16.2916 13.4846 7.75082 5.73381 4.03785 2.80694 6.93042 2.91221 1.12564 1.69596 1.67678 1.32972 0.750443 1.89585 0.610723 5.6007 1.48906 1.36376 0.820404 0.496213 0.765192
internal_count=1615 444 1171 880 300 580 375 291 246 167 208 205 257 145 124 385 93 101 253 179 54 52 59
is_linear=0
shrinkage=0.05


Tree=170
num_leaves=24
num_cat=0
split_feature=170 30 118 166 160 30 118 155 7 51 111 163 8 118 11 133 143 4 160 53 31 13 131
split_gain=0.409213 0.462816 0.567641 0.510377 0.43097 0.401653 0.397402 0.385026 0.537292 0.372913 0.272886 0.251649 0.212522 0.208067 0.196865 0.164581 0.148901 0.101942 0.0995771 0.0897929 0.0893978 0.0384712 0.0166026
threshold=-18.773406540378669 0.18939514532446503 267.41279703691953 0.91009998321533214 1.6968216663180085 0.13191283507616067 7642.2861233955418 0.16617977722580063 21.323651296217058 0.84456034715546802 0.2983849007841331 0.64785003662109386 7.0491105369136458 0.11541163604985745 0.65192947502526122 -0.26248901123229346 0.079780326403126586 1.8880291161390692 13.132155264054337 2.2049042451558618 0.012305437972959911 0.13787804682090751 0.22501344492420119
decision_type=10 8 10 10 10 8 10 8 8 10 8 10 10 8 8 10 8 8 10 10 10 8 10
left_child=1 3 4 7 10 20 -4 8 18 -6 21 -2 13 -11 -12 -7 -9 -10 22 -8 -5 -3 -1
right_child=11 2 6 5 9 15 19 16 17 12 14 -13 -14 -15 -16 -17 -18 -19 -20 -21 -22 -23 -24
leaf_value=-0.0016836980243188457 -0.025652468812287534 0.0079284508429474741 0.026002600201464332 0.0021811806998570491 -0.018096533081002755 -0.0091293116702975737 -0.014176262594895007 0.0020458532484641488 0.00014184971716472186 0.011530550427257364 0.0052460196616482 0.0065668698757285829 0.020423383925102324 -0.016320093442312909 -0.030719424374746875 0.0156448239747023 0.028717796805984266 0.02202275380484052 0.0024558375836640843 0.0055785116326329742 -0.024895966427912371 -0.0042648773585534901 -0.022184382064217127
leaf_weight=0.29146540383226749 1.0068972609878972 0.32962002384010647 1.1847554257547015 0.18322444322984688 0.51258903526468236 0.22004308926989313 0.52008545299759124 0.77472537040011946 0.72216368559747945 0.3067243613477334 0.13212055037729475 0.3848190932185388 1.2880674191401338 0.46781362456385978 2.3668043348006904 1.075850969093153 3.5120669892639853 1.1741092402953655 0.38717499468475569 0.25065075358725153 0.9244837099686265 0.38365993893239647 0.72771938459482044
leaf_count=37 392 9 40 4 49 69 63 24 47 9 3 55 54 123 204 60 108 20 12 15 145 41 44
internal_value=0.00187379 0.00427537 -0.00459112 0.0109381 -0.0121367 -0.00704926 0.014291 0.0167922 0.00256308 0.00292847 -0.0220423 -0.0177228 0.0123563 -0.0050084 -0.027862 0.00929406 0.0251963 0.0166159 -0.0154159 -0.00822955 -0.0215073 0.00270866 -0.020059
internal_weight=19.1276 17.7359 7.74289 9.99303 5.7874 2.4036 1.95549 7.58943 3.30263 2.57519 3.2122 1.39172 2.06261 0.774538 2.49892 1.29589 4.28679 1.89627 1.40636 0.770736 1.10771 0.71328 1.01918
internal_count=1627 1180 610 570 492 278 118 292 160 235 257 447 186 132 207 129 132 67 93 78 149 50 81
is_linear=0
shrinkage=0.05


Tree=171
num_leaves=24
num_cat=0
split_feature=39 4 2 170 111 156 18 21 156 37 51 111 110 108 135 166 110 29 181 189 42 9 16
split_gain=0.649251 0.600628 0.519308 0.487018 0.530229 0.401099 0.467345 0.514616 0.421656 0.34311 0.336045 0.261612 0.197827 0.187776 0.199793 0.129976 0.129408 0.0796043 0.0718202 0.0600739 0.0499198 0.0266411 0.0127592
threshold=-0.032608261585912915 3.7808850760995574 1.0000000180025095e-35 -21.207534387801605 39.715098078918707 0.86129964621116317 0.15628293672820351 5.1180809055585881 0.9040347001996446 0.35819581151008612 0.95321841045058242 0.14836118543960794 769.9853603521608 66.919491175378965 -0.0042821416598841557 1.6758503913879397 3.4111565852825438 0.57019365202730787 4.2245000000000017 28.500000000000004 0.094183712894658739 0.13423423423423428 8.9796113967895526
decision_type=8 10 10 10 10 8 8 10 10 10 10 8 10 10 8 8 8 10 10 10 10 8 2
left_child=3 5 -3 9 19 6 -2 20 13 -1 11 -4 -13 14 16 -9 -7 -15 -10 -5 -8 -22 -17
right_child=1 2 10 4 -6 8 7 15 18 -11 -12 12 -14 17 -16 22 -18 -19 -20 -21 21 -23 -24
leaf_value=-0.0049840755708929086 0.014464311090595898 0.013648922107101821 0.0042398354066543213 -0.02464611596807274 0.017694128717333585 0.010471051775910942 0.0010598135427581396 0.013470574988867287 -0.01703709359806729 0.024627276155542333 0.0082713128565784135 -0.036535321719849731 0.00045811792126406522 0.0072238638328815568 0.027701257409232669 0.00097156508796979483 -0.012110218994806301 -0.011336053918079722 0.0040744103791491753 -0.0006636031814057509 -0.00092687177228127377 -0.031549201726587796 -0.0096151628003984281
leaf_weight=0.85380605323007319 0.81174381024902897 0.3622501537902284 0.2937601300072864 0.90158893406623952 0.52070576697587956 0.24432277679443359 0.063729065004736518 0.79006014688638937 0.49088836860028084 3.8289626321056858 0.24304283171659324 2.7173934265592838 0.37310435858671542 0.16099891066551197 2.1396081615821472 0.15272097598062839 0.31131176522467285 0.27913645970693324 0.1122221183613874 0.36835611425340176 0.13670908141648364 1.5407244710222585 0.22974375935154967
leaf_count=43 27 4 19 71 4 1 10 37 129 77 13 436 20 1 73 12 102 53 7 17 13 401 42
internal_value=0.000246153 -0.00675784 -0.0202076 0.0118844 -0.00747756 0.00196935 -0.0085642 -0.0170364 0.0120583 0.0193013 -0.0258077 -0.0295835 -0.0330491 0.0188633 0.0227645 0.00617203 -0.00183263 -0.00424506 -0.0130177 -0.0210467 -0.0292154 -0.0303318 -0.00774287
internal_weight=17.9269 11.4535 3.98955 6.47342 1.79065 7.46392 3.72543 2.91369 3.73849 4.68277 3.6273 3.38426 3.0905 3.13538 2.69524 1.17252 0.555635 0.440135 0.60311 1.26995 1.74116 1.67743 0.382465
internal_count=1612 1400 492 212 92 908 542 515 366 120 488 475 456 230 176 91 103 54 136 88 424 414 54
is_linear=0
shrinkage=0.05


Tree=172
num_leaves=19
num_cat=0
split_feature=40 170 105 20 38 17 44 148 14 108 169 3 15 108 47 17 144 49
split_gain=0.531698 0.432861 0.631537 0.593902 0.549083 0.50435 0.43219 0.274033 0.260701 0.257539 0.226824 0.18983 0.180704 0.157573 0.152075 0.141348 0.11173 0.0547385
threshold=0.77143550250265347 -21.872492472157859 0.22750446200370791 2.2820409667721218 0.34921881511440328 2.0269038677215581 0.025642194232974525 0.14760348583878 -0.0029610410551247665 14.813114604771977 1.0801496505737307 -63.2927163273066 0.28024390243902447 16.638590873690582 -1.0994782582282838 2.0575124025344853 245.62747838649389 94.897224426269545
decision_type=8 8 8 8 10 2 10 10 8 8 8 10 2 8 10 2 10 2
left_child=1 10 7 4 5 13 14 9 -2 -3 -1 -7 -12 -4 -6 -5 -10 -16
right_child=8 2 3 15 6 11 -8 -9 16 -11 12 -13 -14 -15 17 -17 -18 -19
leaf_value=0.023235530238007562 0.0083403338576381898 0.013194814860250301 -0.016254464043034898 0.0014242680831132804 0.00430108307847541 0.0024650922922241783 0.014520479262996086 -0.02949457766799677 -0.02880574120324967 -0.015517025737897885 0.010944331863560218 0.029109023215492059 -0.011716746987771864 0.0070729780915893868 -0.026470988405718383 -0.02434943051578901 0.0034162695644667364 -0.00047194463528612098
leaf_weight=2.4567369229625911 0.19215244776569307 0.71538669994333515 0.60152609497890785 0.60044853715226032 0.27111482515465479 1.018561340519226 0.62788122432539228 1.3334909030963897 1.3263966217928125 0.43394098262069747 0.82730340276611991 3.4627346748020509 0.69647033745422959 0.54392582146101631 1.0512347810145 0.84302714400109835 0.083067917585139983 0.26549076210358191
leaf_count=44 2 32 29 21 13 29 15 219 780 88 35 76 20 22 111 37 6 12
internal_value=0.000545508 0.00378411 -0.00133603 0.00499537 0.0106282 0.0180737 -0.00802018 -0.0196512 -0.0205144 0.000178526 0.0161511 0.0246076 4.81426e-05 -0.00704364 -0.0191002 -0.017433 -0.026277 -0.0236953
internal_weight=17.3509 15.7493 11.7688 9.28595 7.84247 5.62675 2.21572 2.48282 1.60162 1.14933 3.98051 4.4813 1.52377 1.14545 1.58784 1.44348 1.40946 1.31673
internal_count=1591 803 704 365 307 156 151 339 788 120 99 105 55 51 136 58 786 123
is_linear=0
shrinkage=0.05


Tree=173
num_leaves=24
num_cat=0
split_feature=170 164 161 181 118 2 47 143 136 158 147 120 132 23 162 8 118 12 5 0 154 118 41
split_gain=0.542051 0.419764 0.453972 0.413388 0.396638 0.37413 0.307851 0.303284 0.293044 0.204672 0.157923 0.155823 0.153314 0.131414 0.129543 0.162049 0.175141 0.159158 0.103793 0.0911569 0.0776535 0.0461187 0.00889677
threshold=-18.773406540378669 0.21355056762695312 19.817799568176273 3.334000000000001 0.17883109641035819 111.41546226271679 0.5449534294860624 0.29622119448830908 0.00017945430087291537 1.8473030680120892 0.019335150718688968 0.16496598639455784 0.067432180047035231 0.00031021104279188382 17.136349678039554 4.6306815214592989 0.96293632553068587 0.42872299244153295 3.2490038581571281 0.35222962498664862 97.89194488525392 0.22982786498955479 0.58349311832887929
decision_type=10 8 10 8 8 8 8 10 8 8 8 2 8 8 8 8 8 10 8 8 2 8 8
left_child=1 2 -1 21 5 -5 7 8 22 -10 -2 -9 -11 -4 17 16 -16 -14 -8 -7 -17 -3 -6
right_child=10 3 13 4 6 19 18 11 9 12 -12 -13 14 -15 15 20 -18 -19 -20 -21 -22 -23 -24
leaf_value=-0.02601445256628241 0.0050747120575858288 0.0018328532180735884 0.016941304563812848 0.013947867215851074 -0.0099828761044291111 0.00019756958084326694 0.0064915325589014741 0.008129217672468882 -0.0025095170369793048 -0.0022305771429447885 -0.025253939038411912 -0.016000346771480305 -0.011931733693854314 -0.0049779611306768456 0.012554159230244055 0.029853313073812771 -0.011775732474901962 0.012539959221069314 -0.015832384771188028 -0.023398760975863075 0.0066809429286825879 -0.018374329285139251 0.00038005310401283257
leaf_weight=1.0180511883663728 0.17792954333708499 0.14106385916238906 0.52710381324868616 0.58437372010666755 0.24165116660878361 0.50706795603036869 0.14313863217830913 0.40839715319452885 0.68881712947040696 0.43186578988388546 0.97515869040216796 0.44549616106087342 0.30385434944764611 0.60747561231255542 0.78683079758775298 6.2585008334135646 0.30124056633212615 0.35821008236962371 0.43275356845697388 0.81439917394891392 1.1001479256083255 0.54381279883091338 0.16367097885813564
leaf_count=239 32 15 9 16 38 26 1 24 27 46 405 46 68 46 52 149 43 24 100 79 25 75 16
internal_value=0.00359221 0.00629017 -0.0109843 0.00936706 0.0115507 -0.00690276 0.0147711 0.0166744 0.0189019 0.0206486 -0.0203907 -0.00629986 0.0224001 0.00837129 0.023673 0.025176 0.00340462 0.000887244 -0.00968542 -0.0181596 0.0276027 -0.0155947 -0.00850552
internal_weight=17.961 16.8079 2.15263 14.6553 13.9704 1.90584 12.0646 11.4887 10.6348 10.2295 1.15309 0.853893 9.54065 1.13458 9.10878 8.44672 1.08807 0.662064 0.575892 1.32147 7.35865 0.684877 0.405322
internal_count=1601 1164 294 870 780 121 659 558 488 434 437 70 407 55 361 269 95 92 101 105 174 90 54
is_linear=0
shrinkage=0.05


Tree=174
num_leaves=23
num_cat=0
split_feature=157 35 116 51 108 148 12 167 41 19 10 117 105 46 168 164 148 157 26 139 111 14
split_gain=0.514809 0.453564 0.458797 0.439482 0.385302 0.390725 0.390346 0.308547 0.378809 0.297108 0.22851 0.211098 0.191899 0.175953 0.166226 0.133543 0.0791586 0.0760959 0.0573822 0.0395609 0.0179761 0.0163034
threshold=25.037488937377933 0.15894736842105264 324.36769246263719 0.87393051591528137 -13.727858290718634 0.17902930402930406 0.43137311810564039 4.5000000000000009 0.44571860775983013 0.16066214442253116 0.080540540540540564 0.41071871687362732 0.35608810186386114 -0.13824823030641967 1.913772079689295 0.55895042419433605 0.1731634182908546 0.020549800246953968 0.00029213762717824953 0.00057063939959059137 0.11133273701001606 0.01066565425543249
decision_type=2 8 8 10 8 10 8 10 8 10 10 10 8 10 8 10 10 2 10 8 8 10
left_child=1 3 20 9 5 14 7 8 19 -1 21 -10 16 -5 -2 -15 -11 -14 -18 -6 -3 -7
right_child=4 2 -4 13 6 10 -8 -9 11 12 -12 -13 17 15 -16 -17 18 -19 -20 -21 -22 -23
leaf_value=-0.012127289755386746 0.019712917620336567 -0.0008489039044758521 0.010104636521819589 0.0071146229858921094 0.0074513756312445225 -0.025267001681341529 -0.009568414030897112 -0.0051729961558749094 -0.014533965646579425 0.025884534596249238 0.0046450481301635689 0.011844404762435623 0.0069238634843248248 -0.025091241353003946 -0.0027136563165328538 0.0035796345528278533 0.0079198208134994268 -0.011322512241662077 -0.0076291107533963207 0.031072102902455413 -0.031638442187028076 -0.004176663577059616
leaf_weight=0.30376451382472014 0.90292084089014646 0.10551969954394746 0.37866687326459203 0.22690083418274287 0.99166794400662084 0.92472219251794763 0.7880627421545795 0.77840509146335524 0.56393525673774891 1.6633739387616522 0.74678695597685862 0.49453898481442593 0.15463098007603537 0.9575075790780827 1.0868691690557171 0.2294141071033664 0.1968666563334408 0.28492878680117428 0.17793938469549175 3.4537492372037377 1.6416723157017259 0.5872236107243225
leaf_count=41 17 24 17 9 47 50 46 40 43 82 15 19 2 326 36 28 10 56 56 64 588 14
internal_value=0.00252616 -0.0081278 -0.0225813 0.00213284 0.00865281 -0.00291478 0.0151036 0.0190874 0.0227863 0.0124467 -0.014468 -0.00244271 0.0180803 -0.0149085 0.0106526 -0.0204468 0.0228533 -0.00455286 0.000358116 0.0281389 -0.0307648 -0.0219994
internal_weight=17.6401 6.32119 2.12586 4.19533 11.3189 4.24852 7.07036 6.2823 5.50389 2.7815 2.25873 1.05847 2.47774 1.41382 1.98979 1.18692 2.03818 0.43956 0.374806 4.44542 1.74719 1.51195
internal_count=1630 1239 629 610 391 132 259 213 173 247 79 62 206 363 53 354 148 58 66 111 612 64
is_linear=0
shrinkage=0.05


Tree=175
num_leaves=24
num_cat=0
split_feature=22 7 7 6 137 166 6 116 137 166 136 144 118 133 107 23 12 23 2 107 52 136 56
split_gain=0.459439 0.386468 0.443549 0.440066 0.379515 0.322415 0.468768 0.366864 0.316363 0.292754 0.373173 0.281974 0.242787 0.171556 0.130647 0.145548 0.0961444 0.0684103 0.0458839 0.0431335 0.0354562 0.0201626 0.00931657
threshold=-0.0052423056151776814 138.11547986499315 10.988027595589312 0.54657492103965033 0.0029086751717004849 0.91009998321533214 0.27952332989284884 20.395042326870826 -0.0067639779590801625 1.9328994750976565 0.00032887983138907837 0.041105567547755038 0.93771260206535567 0.31096062444689815 261.79025144821424 0.0017263771196629246 0.44587512570669047 0.00032854368533510712 184.84659442691648 20.563810661031507 40.87408638000489 0.00084283211087193605 -0.10532391071319579
decision_type=10 10 8 10 10 8 8 8 10 8 10 10 10 8 8 10 10 10 10 8 2 10 2
left_child=5 2 3 8 17 7 12 16 -2 11 -11 -4 -7 -12 -9 -16 -1 -5 21 -8 -21 -14 -13
right_child=1 -3 9 4 -6 6 19 14 -10 10 13 22 18 -15 15 -17 -18 -19 -20 20 -22 -23 -24
leaf_value=-0.018118688033257311 0.0095948508561151842 -0.015825326881250715 -0.0007118700951230148 0.0035333293807039224 0.022476835871487175 -0.013640861133298376 0.00047834990448277566 0.02252744892412481 -0.025290427223339608 -0.013581250149120309 -0.0025066647728066299 0.0099328093061826477 -0.0055960473765633038 0.02159275124167372 -0.012612798209583213 0.010940185610701382 0.0043736832706835664 -0.015638574909557935 0.016711712415677957 -0.031126488920390574 0.00027809701987905363 0.0039935399499429593 0.032038673810394769
leaf_weight=0.67805857441271955 0.30108871334232379 0.66161364939762357 0.96392429730621998 0.23820466137840401 1.1555223097093401 0.36520208293222856 0.087964000180363322 0.93117501569213312 1.3410106819064798 1.1259869296627587 0.84082105905690774 1.2960228790761905 0.12440808415703919 1.139265730686019 0.32743066709372226 0.30649429594632238 0.21106502186739817 0.4217766797519289 0.80517839422100224 1.5793728522985473 0.074886282731313369 0.11976541692274623 2.5542227564146742
leaf_count=93 11 44 32 24 17 120 11 14 103 46 46 34 44 27 44 8 10 37 40 731 16 13 42
internal_value=0.00277542 0.00809527 0.0106524 -0.00361891 0.0108648 -0.00813721 -0.0167781 0.00461687 -0.0176834 0.0165898 0.00309414 0.0232674 0.00402753 0.013952 0.0160053 -0.00149904 -0.0132905 -0.0107589 0.0138323 -0.0289792 -0.0301357 -0.00146315 0.0281797
internal_weight=17.6505 12.0395 11.3778 3.4576 1.8155 5.611 3.15678 2.45422 1.6421 7.92024 3.10607 4.81417 1.41455 1.98009 1.5651 0.633925 0.889124 0.659981 1.04935 1.74222 1.65426 0.244174 3.85025
internal_count=1607 463 419 192 78 1144 975 169 114 227 119 108 217 73 66 52 103 61 97 758 747 57 76
is_linear=0
shrinkage=0.05


Tree=176
num_leaves=21
num_cat=0
split_feature=39 45 164 3 21 31 161 32 164 20 111 112 118 162 156 156 39 110 38 20
split_gain=0.645313 0.76089 0.466078 0.458208 0.4953 0.323942 0.31418 0.308243 0.26629 0.241964 0.183517 0.165845 0.188404 0.160089 0.124195 0.118744 0.106987 0.0662493 0.0509999 0.0400245
threshold=0.22294642260441416 0.14556985002928644 0.20794963836669922 -67.271569809688927 1.1942022850668235 0.048549468582773918 21.08539962768555 1.8798328226520904 0.49360036849975586 -1.5036339850378464 0.2609943472859178 14.36996335806232 0.32941583911437661 17.172150611877445 0.79431790592712859 0.88078615804890148 0.23367133797569711 4.4294961855191728 0.31644454510326814 -2.5009285529692726
decision_type=8 8 8 10 10 8 10 8 10 10 10 8 10 10 10 10 8 8 10 8
left_child=2 7 6 5 15 -4 -1 13 9 -6 -7 12 -11 19 -14 -5 -3 -18 -16 -2
right_child=1 16 3 4 8 10 -8 -9 -10 11 -12 -13 14 -15 18 -17 17 -19 -20 -21
leaf_value=-0.023736620031731503 0.0044873668993226602 0.0020952486287335688 0.010602547992313163 -0.017664773289974144 -0.002807085602715996 0.0040728443528787392 0.0083237827216806667 -0.014049502852128387 -0.0041732420829049014 -0.0061404836112387111 -0.025352064791823711 0.032344722634072273 -0.00075571860747239699 0.021740093696436188 0.024501668851606151 0.0052099129597799089 0.0012246957124089205 -0.033359395564808603 0.0038266806867854777 -0.0094019292957031875
leaf_weight=1.0169660778919913 0.12584440450882539 0.12096177283092291 0.76440438607823979 0.62074143360950884 0.72218037347192421 0.39379713410744421 0.58824779838323582 0.38022981371614162 0.82029638206586231 0.65549237193773269 0.9360026396025205 3.0730697306571488 0.78691776949563097 1.1599494956317355 1.4539858758507764 0.31669336301274598 0.072896672849311561 1.8651418945955811 0.82900532835628826 0.22729727219848705
leaf_count=176 5 17 36 61 48 23 9 115 38 29 59 62 24 31 35 18 23 671 46 68
internal_value=0.00128053 -0.0143039 0.00671047 0.0103821 0.0149003 -0.00798194 -0.0133025 0.00728543 0.0187263 0.0214206 -0.0186303 0.0240242 0.0117683 0.0161039 0.0161614 -0.0112366 -0.030048 -0.0320845 0.0204465 -0.00479394
internal_weight=16.9301 3.95232 12.9778 11.3726 9.27838 2.0942 1.60521 1.89332 8.34095 7.52065 1.3298 6.79847 3.7254 1.51309 3.06991 0.937435 2.059 1.93804 2.28299 0.353142
internal_count=1594 930 664 479 361 118 185 219 282 244 82 196 134 104 105 79 711 694 81 73
is_linear=0
shrinkage=0.05


Tree=177
num_leaves=24
num_cat=0
split_feature=39 4 167 164 114 54 152 5 146 23 153 113 44 113 39 13 112 159 49 159 15 51 144
split_gain=0.44723 0.430693 0.409512 0.389226 0.373978 0.368797 0.325148 0.314506 0.275078 0.260495 0.330128 0.25409 0.2153 0.182282 0.121434 0.117058 0.115325 0.114213 0.0880629 0.0865825 0.0831941 0.0658337 0.0560663
threshold=-0.032608261585912915 3.7808850760995574 4.5000000000000009 0.19819927215576169 0.09449404761904763 0.72850122850122856 -0.54672902249307398 9.4506883831178818 0.072934793933282935 0.0011645498218784301 10.378560508392789 140.31660048238385 0.0039970966729552726 7.8499501118012427 0.11855486139172207 0.27138257315176939 34.797851431022472 80.855144500732436 74.734722506254926 45.955375671386726 0.26491228070175443 0.77289313079690225 0.027581732124813536
decision_type=8 10 8 8 8 2 8 8 8 8 2 10 8 10 8 8 8 2 2 2 2 10 8
left_child=3 2 7 15 -3 14 13 21 12 20 -11 22 -9 18 -6 -1 -15 19 -4 -10 -5 -2 -7
right_child=1 4 6 9 5 11 -8 8 17 10 -12 -13 -14 16 -16 -17 -18 -19 -20 -21 -22 -23 -24
leaf_value=0.0044905715688526157 0.0043638513973330625 0.0099201495690781558 -0.015819893839972524 0.0051524979934948513 0.013444379650553348 -0.0017649733597079227 -0.024464706103588696 0.011296010414125821 0.010923603504571141 -0.018314299263489455 0.013390051011648658 0.0055250381951185397 -0.015309118434601421 0.017281046800727631 -0.0086606705750784645 -0.017858719613271481 -0.0051308721631092196 0.028904162401354461 0.0051540207391394359 -0.0067047944622455422 0.025918006242495996 -0.015420377874039074 -0.033859343335011942
leaf_weight=0.42671293241437525 0.093233652412893053 0.56744691109634038 0.44055322287022125 1.240856262331363 0.46518787500099312 0.2615480229433168 0.91381417941011056 0.54262549546547245 0.46684810947044786 0.54304621787741758 0.76745838019996881 0.21595483407145355 0.53117220666899823 0.91568852128693823 0.20368685355060734 0.52049542847089469 0.29106666233565182 1.7055339498328974 0.18225863232510164 0.41998218950175215 2.669502101955004 0.41615089925471693 2.1625054329342674
leaf_count=17 1 24 81 40 17 35 282 25 24 38 32 26 142 32 76 51 70 78 13 61 47 94 304
internal_value=0.00156603 -0.00450861 0.00310464 0.0113436 -0.0159476 -0.0216564 -0.00989376 0.0119063 0.0168636 0.0164059 -0.00198807 -0.0281837 -0.00290066 0.00345805 0.00555692 -0.0106549 0.0119999 0.0235788 -0.0102883 0.0034463 0.0217198 -0.0113072 -0.0319233
internal_weight=16.9633 10.7953 6.91893 6.16807 3.87633 3.30888 2.74338 4.17555 3.66616 5.22086 1.3105 2.64001 1.0738 1.82957 0.668875 0.947208 1.20676 2.59236 0.622812 0.88683 3.91036 0.509385 2.42405
internal_count=1610 1385 903 225 482 458 478 425 330 157 70 365 167 196 93 68 102 163 94 85 87 95 339
is_linear=0
shrinkage=0.05


Tree=178
num_leaves=24
num_cat=0
split_feature=107 3 152 18 119 181 44 7 184 110 168 51 55 55 47 156 151 113 40 39 13 154 39
split_gain=0.460312 0.544115 0.412231 0.552337 0.59684 0.479934 0.409905 0.372465 0.307209 0.416829 0.271177 0.257535 0.254694 0.219403 0.206988 0.202614 0.103544 0.0763975 0.111018 0.0579764 0.0570106 0.0244474 0.0158685
threshold=163.52483748011687 10.531208020133997 -0.8918964801975372 0.42924807234807366 0.011660061867934781 3.8365000000000005 0.011549556442238354 8.9909197388362205 19.891300201416019 188.89701532841954 14.302890532984826 0.92068821213852858 -26.932922959327694 -11.989149808883665 -2.3285551444241102 0.85610204304789472 0.11045647134512422 9.9603860350120499 0.17178859993627951 0.058282749167119625 0.16755659920150437 39.88153990730644 0.27651806768368598
decision_type=8 10 10 10 8 10 10 10 10 10 10 10 2 2 10 10 8 8 8 8 10 2 8
left_child=1 13 3 5 17 12 10 -8 9 11 14 -3 -2 -1 -4 -9 -14 18 -5 -17 -6 -15 -21
right_child=2 8 6 4 20 -7 7 15 -10 -11 -12 -13 16 21 -16 19 -18 -19 -20 22 -22 -23 -24
leaf_value=-0.0035270624173646538 0.0062121331581653106 -0.028707455637994927 0.0048405605879028061 0.011563289902423416 0.0018760987436120475 0.013047203420672719 -0.017946122316661064 -0.008881736725147844 0.01529843769444258 0.0097928186472962253 0.0061226025362140883 0.0057594104737240803 0.0017476159252178922 0.0031440856056034884 -0.03414745881182759 0.022984702334369576 -0.029878288452872482 0.027958639962317167 -0.0093938237529445287 0.0039074341124365006 -0.01705707194224999 0.028413914939560015 -0.0043741198694112532
leaf_weight=0.45696818767464753 0.31770022437558521 1.3170243693457457 0.12852291340823341 0.34388597356155548 0.29717235057614777 0.70661506391479623 0.54015074021299359 0.20761812261480361 0.60209845218923863 0.91625226623727929 0.24144775985041622 0.32854867863352399 0.17039955208019897 0.37683964111784307 1.912937378016065 0.89351486251689483 1.5019418138836045 2.005554511633818 0.22584100518724881 0.22642611138871871 0.48857005321769975 2.4144783224328421 0.094773911638185271
leaf_count=41 22 210 10 7 14 34 220 57 33 46 6 27 32 41 276 16 122 88 58 30 43 111 57
internal_value=0.00125408 0.0108766 -0.00516704 0.00323655 0.0149274 -0.0114309 -0.015489 0.00174175 -0.00374385 -0.0112579 -0.0263199 -0.0222501 -0.0215792 0.0226465 -0.0309084 0.0135405 -0.0272077 0.024629 0.00256376 0.0196528 -0.0128557 0.0267315 2.65433e-06
internal_weight=16.7153 6.41221 10.3031 6.05768 3.36102 2.69666 4.24539 1.96248 3.16392 2.56183 2.28291 1.64557 1.99004 3.24829 2.04146 1.42233 1.67234 2.57528 0.569727 1.21471 0.785742 2.79132 0.3212
internal_count=1601 509 1092 420 210 210 672 380 316 283 292 237 176 193 286 160 154 153 65 103 57 152 87
is_linear=0
shrinkage=0.05


Tree=179
num_leaves=19
num_cat=0
split_feature=20 164 162 3 111 3 150 38 120 152 120 148 9 52 147 168 112 105
split_gain=0.428722 0.551909 0.730796 0.402859 0.352809 0.324857 0.411766 0.338879 0.31002 0.380657 0.246517 0.201288 0.194095 0.169324 0.0911391 0.0658675 0.0304648 0.0288255
threshold=2.2820409667721218 0.2853999137878418 19.758950233459476 18.360855178189844 5.1759288025618506 -67.271569809688927 0.561069816350937 0.17684923250010801 0.62019230769230782 0.34883182462681867 0.66369047619047628 0.15971014492753624 0.07417582417582419 52.968767166137702 0.10478860139846803 0.33208152454428175 1.9982039500725508 0.35435181856155401
decision_type=8 8 10 8 10 10 10 10 2 10 2 10 8 2 8 8 10 10
left_child=1 2 -1 5 12 10 7 -7 9 13 -3 -4 -2 15 -10 -5 -8 -9
right_child=4 3 11 8 -6 6 16 17 14 -11 -12 -13 -14 -15 -16 -17 -18 -19
leaf_value=-0.029976761839258279 0.0045219942457330742 -0.016485038671505244 -0.0076997064957567462 0.0016451024791181519 0.0083414381268035482 -0.0054216718811070288 0.0017680170779286613 0.02978610802426403 0.015857835197366221 0.011074210383154974 0.012114927599304812 0.017893893627238502 -0.02956655096916512 0.0039632971358292768 -0.0019488763524665232 -0.028766661255258549 -0.012374282575850574 0.0051323266854948583
leaf_weight=1.4049516612867585 0.21883931430056791 0.69325911335181423 0.52311246914905485 0.080529944505541295 0.58980539593903802 0.53392401058226813 0.22664269487722766 4.1612314602098195 0.96082997031044182 0.53754030563868571 0.42680464312434196 1.0286022566724566 1.3039264321414521 0.25926813390105952 0.8252485333941878 1.2585820936801611 0.31444202014245093 0.60564765072194848
leaf_count=447 7 73 48 14 31 32 10 183 38 66 6 45 163 6 16 343 43 34
internal_value=0.00108693 0.00456674 -0.0120103 0.00970164 -0.0158539 0.0161936 0.020398 0.0243869 -0.00277104 -0.0131306 -0.00501297 0.00962963 -0.024817 -0.0223999 0.0098839 -0.0270164 -0.00914716 0.0280869
internal_weight=15.9532 13.8406 2.95667 10.884 2.11257 6.96195 5.84189 5.3008 3.922 2.13592 1.12006 1.55171 1.52277 1.59838 1.78608 1.33911 0.541085 4.76688
internal_count=1605 1404 540 864 201 381 302 249 483 429 79 93 170 363 54 357 53 217
is_linear=0
shrinkage=0.05


Tree=180
num_leaves=24
num_cat=0
split_feature=26 3 4 56 110 112 12 110 17 170 43 152 122 139 110 17 137 4 150 46 141 112 112
split_gain=0.541604 0.383966 0.3827 0.448972 0.481284 0.45863 0.372293 0.405796 0.295137 0.247224 0.227916 0.212057 0.182366 0.133663 0.128561 0.123291 0.117701 0.114463 0.110644 0.0718691 0.0470601 0.0279119 0.011919
threshold=0.0033932611693331355 -63.2927163273066 1.1115729773064393 -0.12133681774139403 149.28486107005043 13.156893123230764 0.42518556480752573 769.9853603521608 2.0306879281997685 -21.918315582788104 30.500000000000004 0.036694514217114636 2.0265541076660161 0.0014010007226779974 194.85901121118329 1.0112619549036028 0.0050380203652706105 3.8945016034533784 0.69686132669448864 0.50910219804817614 2.0345475673675542 9.3797113097473641 4.4151176354087776
decision_type=8 8 8 2 8 8 10 10 2 8 2 8 2 8 10 2 10 10 8 10 2 10 8
left_child=1 10 8 4 13 6 7 12 19 -2 17 -8 21 15 -11 -4 -10 -1 20 -3 -7 22 -5
right_child=9 2 3 5 -6 18 11 -9 16 14 -12 -13 -14 -15 -16 -17 -18 -19 -20 -21 -22 -23 -24
leaf_value=0.012577167568939089 0.0036400968435124992 -0.0040936057128442291 0.0040180036702483534 -0.005902193501001342 0.014426012654581681 0.0054135192781403253 0.022201707475294614 0.014069931556944757 -0.024014643224433758 -0.028346468219098871 -0.022107972077820989 -0.0082009129282138646 -0.025718161342338949 0.0043520812806341251 0.0037381417355171333 -0.02689967552188581 0.0041491316311771708 -0.0070568158079713983 0.0034308018538745928 0.013828652100134585 0.032307428353204548 0.0078142796379237784 0.0021803645953710577
leaf_weight=0.52116622898029141 0.75605352554703131 0.3122560615011033 0.10515997000038546 0.13155781934620092 0.97860675434640132 0.64720697214943301 1.3589358570752661 0.52719958696980018 0.87538756063440792 1.249491674388991 0.84996751759899769 0.18962055417068779 1.1349394602293612 0.1949844309128822 0.11553976763389062 1.04243339295499 0.13863071892410517 0.55628209914721083 0.74227625399362285 0.54330961550294887 3.1506306474475423 0.18896941328421235 0.10079348571889568
leaf_count=45 28 36 2 42 45 22 111 10 254 322 62 41 152 38 7 138 3 35 22 45 122 5 8
internal_value=0.0020762 0.00584373 0.00913738 0.0127417 -0.00504524 0.0177931 0.00306771 -0.00921261 -0.0084829 -0.0170463 -0.0111872 0.0167218 -0.0195185 -0.0193375 -0.0251984 -0.0235148 -0.0200159 0.00392287 0.0268931 0.00860656 0.0298079 0.00352658 -0.00347185
internal_weight=16.4114 14.2903 12.3629 10.4933 2.32118 8.17213 3.63202 2.08346 1.86958 2.12108 1.92742 1.54856 1.55626 1.34258 1.36503 1.14759 1.01402 1.07745 4.54011 0.855566 3.79784 0.421321 0.232351
internal_count=1595 1238 1096 758 223 535 369 217 338 357 142 152 207 178 329 140 257 80 166 81 144 55 50
is_linear=0
shrinkage=0.05


Tree=181
num_leaves=24
num_cat=0
split_feature=170 21 141 157 117 122 182 170 48 14 165 31 134 30 179 4 163 142 5 153 13 55 17
split_gain=0.520305 0.441559 0.352791 0.333358 0.327327 0.324854 0.301152 0.27444 0.260924 0.394415 0.224022 0.274581 0.20077 0.194308 0.189354 0.164343 0.143294 0.0871217 0.0733357 0.060561 0.0363893 0.0292181 0.00196943
threshold=-20.617118974371333 22.347461874060265 2.2552900314331059 8.1089758872985858 0.40927533230813579 0.99579584598541271 0.07483733210821801 -19.85212167953852 9.1279924348542156 -0.0014982079233105434 0.058700561523437451 0.05932480247851301 23.882966235990846 0.21793585450805661 15.919500000000001 6.0126527872470295 0.53915023803710949 0.59778708545787462 16.009073468201262 11.919250671269817 0.13224596725047691 4.9830093383789071 2.0346415042877202
decision_type=8 10 2 2 10 2 8 10 2 8 10 8 8 10 10 8 10 8 8 2 8 2 2
left_child=3 2 4 22 8 -4 -7 15 9 -2 11 -5 -3 -13 20 -6 19 -14 -17 -10 -11 -22 -1
right_child=1 12 5 10 7 6 -8 -9 16 14 -12 13 17 -15 -16 18 -18 -19 -20 -21 21 -23 -24
leaf_value=-0.00072807188178614904 0.011348242772999664 0.020505831591481356 0.0072719361656661818 0.016282239087147127 0.021796627415962437 0.0070937035143284685 -0.033494113034733784 -0.012318104664871189 -0.012580736895513926 0.00083194569411913365 0.025405655436865085 -0.017909689822303187 0.0061741727064479283 0.0060897570726259238 0.0030083282500635495 0.0069209625868358578 0.014601650266404765 -0.012638858051180372 -0.010962807850520206 0.004078027951130739 -0.031732781113169926 -0.0010623513470554439 -0.012853787738848639
leaf_weight=0.16442748793633644 0.34330019680783153 1.1767013997014133 0.35159210002166252 1.3434438400145157 1.5423372637596913 0.17897986015304923 1.8759839548292805 0.31568381177203253 0.32651100752991602 0.0425823327386744 2.3063016579835676 0.75750184225034878 0.32410863667610113 0.90368511938140728 0.32756253646221001 0.15356937050819408 0.61600027160602622 0.32899849706154782 0.2749535852635745 0.29633668485621456 1.5233951166883342 0.15339576998667337 0.33871313679264858
leaf_count=14 8 33 38 41 74 3 520 100 38 13 60 42 13 42 31 1 26 73 65 29 256 32 52
internal_value=0.0015506 -0.0051927 -0.0100751 0.0123592 -0.00228262 -0.0229371 -0.0287942 0.0101062 -0.0105853 -0.0180502 0.0162055 0.00456301 0.0127264 -0.0074716 -0.025087 0.0166353 0.00544668 -0.00521548 -0.00419542 -0.00702591 -0.0295775 -0.0303721 -0.0120117
internal_weight=15.9661 10.152 8.32218 5.81407 5.91563 2.40656 2.05496 2.28654 3.62908 2.39024 5.31093 3.00463 1.82981 1.66119 2.04694 1.97086 1.23885 0.653107 0.428523 0.622848 1.71937 1.67679 0.503141
internal_count=1604 1353 1234 251 673 561 523 240 433 340 185 125 119 84 332 140 93 86 66 67 301 288 66
is_linear=0
shrinkage=0.05


Tree=182
num_leaves=21
num_cat=0
split_feature=39 11 134 4 189 187 110 27 13 111 2 147 135 45 141 134 121 54 122 36
split_gain=0.425487 0.531542 0.465834 0.352402 0.409458 0.381621 0.30337 0.296558 0.308637 0.246619 0.218193 0.187729 0.183166 0.159411 0.120894 0.118818 0.110024 0.09233 0.0694023 0.0635296
threshold=0.22294642260441416 1.9278717488037838 1.3766616191772061 10.668096072325389 92.500000000000014 0.13954925537109372 10.337885186126218 -0.80607873201370228 1.1656556113801908 3.2111631097708195 81.234466732121106 0.034532070159912116 0.0062052831923943069 0.35044470099223612 1.9904969930648806 0.38043747337168271 13.006661415100099 1.1241438356164386 2.9999248981475835 22.500000000000004
decision_type=8 8 8 10 8 10 8 2 8 8 10 10 10 10 2 10 2 2 2 2
left_child=2 9 11 4 12 10 19 13 17 15 -5 -1 18 -6 -8 -2 -10 -9 -4 -3
right_child=1 6 3 5 7 -7 14 8 16 -11 -12 -13 -14 -15 -16 -17 -18 -19 -20 -21
leaf_value=0.0041867972371981872 0.0072458098565263002 -0.0059075367807402473 -0.019793351315125125 0.0061703140483598679 -0.013162063700985348 0.014504272690071008 0.0021073869986026976 0.029394931888000238 -0.010469647890291821 0.01970746660239394 -0.025668806050589205 -0.022279805934350281 0.0096631901887875432 0.010139085168854086 -0.032392662180038022 -0.015603541112113498 0.0081808201120397699 0.004870217042254002 0.0008759598439012109 0.011175971107516895
leaf_weight=0.60590902410330894 0.19678114546695824 0.13271136986441012 0.61477049932000205 0.29182191676227442 0.65203427826054106 0.48066026694141317 0.1511594755866098 3.9574325834109922 0.4970539842470314 0.75609706179238867 0.98091202494106255 0.96310845499101561 0.35573850153014053 0.38019959122175351 1.7235775930021189 0.43849966833658982 0.68289126217132434 0.9056459183921105 0.433883768186206 0.29363004633341916
leaf_count=48 10 95 53 9 43 10 31 121 43 16 118 104 6 30 695 68 29 32 35 12
internal_value=0.000735415 -0.0121893 0.00541538 0.0094669 0.0134755 -0.00777252 -0.0236383 0.0179992 0.0217376 0.00871221 -0.0188657 -0.0144079 -0.00732199 -0.00381365 -0.0298455 -0.00842304 -0.000874424 0.0264374 -0.0149882 0.00544473
internal_weight=15.4945 3.69246 11.8021 10.233 8.47965 1.75339 2.30108 7.07526 6.04302 1.39138 1.27273 1.56902 1.40439 1.03223 1.87474 0.635281 1.17995 4.86308 1.04865 0.426341
internal_count=1608 927 681 529 392 137 833 298 225 94 127 152 94 73 726 78 72 153 88 107
is_linear=0
shrinkage=0.05


Tree=183
num_leaves=19
num_cat=0
split_feature=52 41 152 47 48 104 143 14 42 163 41 164 34 22 179 4 110 110
split_gain=0.487295 0.480778 0.447836 0.403779 0.391249 0.388137 0.367065 0.301337 0.27905 0.268725 0.190796 0.177436 0.141408 0.123399 0.0575861 0.0517034 0.0418655 0.0253541
threshold=18.983154296875004 0.52781271159294119 -0.8918964801975372 -1.7329687508434442 7.2279418321414068 42.500000000000007 0.22293252265151006 0.011435947838651555 0.03637841755213838 0.71559906005859386 0.26471684624751418 0.30135059356689459 0.12572538852691653 -0.0020779476447415185 17.721000000000004 1.6878746587498965 10.149644884154517 9.9201245168106045
decision_type=2 10 10 10 2 2 10 10 8 10 10 10 10 10 10 8 8 10
left_child=1 8 3 -2 -5 9 14 11 10 15 -1 -7 -8 -6 -3 -4 17 -10
right_child=2 6 5 4 13 7 12 -9 16 -11 -12 -13 -14 -15 -16 -17 -18 -19
leaf_value=-0.014006201439641906 -0.0079301715073852794 -0.016589269083050046 -0.002227475896824834 -0.0041471438545247407 0.0049805045558559526 -0.016356000510931317 -0.0056665537016870049 0.019570253389872297 -0.0060984434698072966 0.0074581507679242851 0.010588259268553404 0.00754751804905591 0.022672270858176424 0.030290828141110945 0.003539184543072952 -0.026495158161944754 -0.030652118377057305 0.0046436415737449019
leaf_weight=0.38134073605761132 0.96296188933774818 0.49057096948672541 0.46504473235108723 1.0139955088088752 1.0506903872592368 0.70600669737905286 0.12583807943155978 1.3359992832993155 0.13812704059819103 0.45359792932867993 0.83757016353774816 0.62280843406915665 1.2033362844667861 3.2775902609573682 0.074684105813503265 1.136140117974719 1.512139645870775 0.10134459167602472
leaf_count=51 41 303 31 31 48 36 48 41 92 18 28 15 124 55 1 58 588 4
internal_value=0.00241797 -0.00955994 0.00805895 0.0158607 0.0207233 -0.0033147 0.00782573 0.00820255 -0.019826 -0.0160468 4.92731e-05 -0.00672242 0.0187084 0.0262346 -0.0133678 -0.0230129 -0.0286483 -0.00147366
internal_weight=15.8898 4.86495 11.0248 6.30524 5.34228 4.7196 1.89443 2.66481 2.97052 2.05478 1.21891 1.32882 1.32917 4.32828 0.565255 1.60118 1.75161 0.239472
internal_count=1613 1239 374 175 134 199 476 92 763 107 79 51 172 103 304 89 684 96
is_linear=0
shrinkage=0.05


Tree=184
num_leaves=22
num_cat=0
split_feature=167 180 52 16 146 169 108 112 153 52 56 41 23 153 32 47 31 40 42 162 142
split_gain=0.391691 0.37457 0.302574 0.329324 0.299764 0.548753 0.443968 0.291127 0.26999 0.261477 0.258219 0.221873 0.190038 0.159796 0.138672 0.0835973 0.0727985 0.0676561 0.0537143 0.0416726 0.0260267
threshold=4.5000000000000009 0.26400000000000029 69.882099151611342 7.9588656425476083 0.11315003019821081 0.86155033111572277 77.615133973901081 -14.499546866308183 17.511106443620982 5.9739930629730233 0.10824906826019288 0.046831679840882608 0.0011517832262553545 9.3419583948513267 2.1042713782726197 -2.050446645813119 0.010718946614284143 0.55546232734037493 0.5270699290797497 19.758950233459476 0.81397687676752162
decision_type=10 8 2 2 10 8 10 8 2 2 2 8 8 2 10 8 8 10 8 10 10
left_child=1 8 3 10 6 -6 9 -2 11 15 17 -1 14 -14 18 -5 -8 -3 -11 -13 -19
right_child=7 2 -4 4 5 -7 16 -9 -10 12 -12 19 13 -15 -16 -17 -18 20 -20 -21 -22
leaf_value=0.0045816969909303236 0.0066910993213455021 -0.021186120596849461 -0.012244630573245109 0.0070046576196441572 0.015592627358913909 -0.022404999257703766 0.0046509370738879131 -0.025005034452992538 0.010218781865909314 0.032264015534397505 0.011972264321771928 -0.026594303385427034 -0.011912751698791571 0.011285118326776684 0.0039420724759046894 -0.012156694433670691 -0.015616537760359192 -0.0047368541991127961 0.0055198704038199745 0.00051811213566777925 0.0060926567393601791
leaf_weight=0.51479007564194001 0.5950737688690424 0.68577808512781924 0.67956254520686421 0.15673101192805916 1.0774825468979541 0.76190694340039034 0.11191540845902626 1.022825213425677 0.50788598482904479 4.2151214659970764 0.34677768300753087 1.0785136284539474 0.29640256930724695 0.77037811477202922 0.91634245193563391 0.31781393996788931 0.43896092794602737 0.10318828749586828 0.68140212498837627 0.11168367171194415 0.15719247239758261
leaf_count=37 29 62 19 2 35 119 5 308 57 101 6 302 35 48 39 151 96 52 58 9 19
internal_value=0.00282455 0.00580367 0.00935754 0.0115943 0.014643 -0.00249424 0.0184629 -0.0152443 -0.0100694 0.0217512 -0.00774831 -0.0176564 0.024066 0.00219433 0.0271686 -0.00536963 -0.0111551 -0.017414 0.0301096 -0.0249752 0.00144776
internal_weight=15.5477 13.9298 11.717 11.0374 9.74446 1.83939 7.90507 1.6179 2.21287 7.35419 1.29294 1.70499 6.87965 1.06678 5.81287 0.474545 0.550876 0.946159 4.89652 1.1902 0.260381
internal_count=1589 1252 847 828 689 154 535 337 405 434 139 348 281 83 198 153 101 133 159 311 71
is_linear=0
shrinkage=0.05


Tree=185
num_leaves=24
num_cat=0
split_feature=108 189 165 116 26 7 54 107 182 4 143 10 140 184 121 158 2 42 160 144 120 2 185
split_gain=0.426548 0.379766 0.320222 0.268139 0.275508 0.277276 0.253077 0.218647 0.213143 0.199106 0.33326 0.209064 0.18021 0.135617 0.145031 0.119906 0.117809 0.114778 0.160338 0.0401745 0.0379779 0.0400464 0.0373814
threshold=98.312498618351455 18.500000000000004 -0.018650054931640597 2.0897192604519015 0.0033932611693331355 43.720700899836864 0.77032967032967048 144.46981668121921 0.86681298575834742 11.216077530005384 0.17115096323502776 0.072299651567944254 -0.35288298130035395 20.250900268554691 3.9936518669128422 2.0750248519445074 177.49495987242338 -0.29046923283021892 0.38986641289587814 82.236981086081954 0.66369047619047628 92.578742329634821 20.880000114440922
decision_type=10 8 8 8 8 10 2 8 10 10 10 10 2 8 2 10 10 10 8 8 2 10 10
left_child=1 13 6 16 5 8 -3 -7 9 11 20 17 -6 -1 -15 -14 -4 -5 -19 -20 21 -11 -2
right_child=22 2 3 4 12 7 -8 -9 -10 10 -12 -13 15 14 -16 -17 -18 18 19 -21 -22 -23 -24
leaf_value=0.0056549193835804933 -0.021733162483790789 0.0082477786032473868 -0.016744497340377903 -0.0038398048954132111 -0.016053253013745866 0.010657112756129973 -0.021270271922673681 -0.015050737264319439 -0.0058334833059702721 0.0068080251552029361 -0.016614649388870043 -0.0030737928794633356 -0.006378408811506437 0.0056697539430851001 -0.023461745660185593 0.014525500267005172 0.0061333633700192992 -0.0042314744529138651 0.029202481119632164 0.0040935318702195423 0.018166749335321912 -0.0059137758890371256 0.00085534341446983275
leaf_weight=0.25485265368479304 0.73489025342860337 0.55316395832051035 0.47752200889226237 0.078602947294705738 0.56797956203808997 0.65650475499569316 0.69900639455590863 0.70067843327706225 0.42481205667718391 0.23146060630097032 0.46524948341539119 0.46853429824113835 0.44499045191332764 0.12555724469711982 0.93764354533050209 0.59263764094794169 0.25775169814005494 0.1534758414200067 5.5542895932885585 0.53106364721315902 0.63086872154963203 0.24968712237023283 0.12274319032439962
leaf_count=41 184 94 86 4 174 30 129 76 32 11 49 23 40 2 144 26 13 21 351 31 8 53 8
internal_value=0.00318192 0.00564034 0.00831481 0.0108166 0.0127757 0.0156259 -0.0103581 -0.00336966 0.0186041 0.0203358 0.0024353 0.0236493 -0.00431917 -0.0137973 -0.0189409 0.00683006 -0.00981177 0.0257804 0.0266325 0.0278983 0.0144985 0.000670727 -0.0197802
internal_weight=15.914 15.0563 13.7383 12.4861 11.7508 10.1452 1.25217 1.35718 8.78804 8.36323 1.57727 6.78597 1.60561 1.31805 1.0632 1.03763 0.735274 6.31743 6.23883 6.08535 1.11202 0.481148 0.857633
internal_count=1630 1438 1251 1028 929 689 223 106 583 551 121 430 240 187 146 66 99 407 403 382 72 64 192
is_linear=0
shrinkage=0.05


Tree=186
num_leaves=24
num_cat=0
split_feature=39 3 143 161 182 39 18 154 101 136 146 117 3 157 122 19 108 1 110 186 153 117 40
split_gain=0.551722 0.650896 0.439141 0.405459 0.305643 0.263743 0.263501 0.245701 0.201005 0.16792 0.163536 0.154371 0.126636 0.0970868 0.0637184 0.0614334 0.0486902 0.0466363 0.0391315 0.0397817 0.0258522 0.0218642 0.0132537
threshold=-0.032608261585912915 45.664360105249351 0.22293252265151006 20.810350418090824 0.52016761662396849 0.27651806768368598 0.65177881205328714 97.796975227072849 54.947175979614265 0.0010677120341663711 0.059739040356558394 0.42959733298244585 27.069339372226665 11.913460731506349 7.9935009479522714 0.33538119494915014 91.480355428150418 5.2536759428767512 4.4294961855191728 0.16090011596679688 7.3670570667731292 0.42052475389384375 0.51996871741379025
decision_type=8 8 10 10 8 8 8 2 10 10 8 10 8 2 2 10 8 10 8 8 2 10 10
left_child=4 2 3 8 -1 11 7 13 14 10 -6 22 -13 17 18 -11 -15 -3 -2 -20 -8 -21 -4
right_child=1 6 5 -5 9 -7 20 -9 -10 15 -12 12 -14 16 -16 -17 -18 -19 19 21 -22 -23 -24
leaf_value=-0.0088539576918160567 0.00043133800943183099 -0.0076088934796622642 0.0020717734889807585 0.0070637775185604839 8.6699068303300439e-05 -0.015091441807478113 0.0021178981015878753 -0.0073015291089012979 0.0054236028992224565 -0.0087661911754472084 0.024668283000134 -0.013684000699711924 0.0089465100132013701 0.027754908982570849 0.0001402373004667267 0.0063205846732990664 0.0026180460367799868 0.0065974945474972157 -0.0010231727666997557 -0.033619299113175474 -0.012907216367881408 -0.0032175418199947899 0.020120331827138245
leaf_weight=0.71546208311337978 0.072423607605743512 0.17826974390482009 0.37473014724673681 0.63145503049599927 0.81308159179752681 0.41514241724507916 0.05074426089413453 0.39823487849207584 0.14720672453404393 0.39687606249935914 3.2511722142808139 0.36243999999715004 0.22825672550243326 1.487380053673405 0.16638934848015186 0.35276132042054087 0.45323690689110652 0.14570125937461853 0.17339935641211923 2.7648573124315599 0.33586682760505937 0.29040910377807438 0.85829417647619266
leaf_count=28 17 132 27 24 46 172 5 29 9 36 85 47 11 67 25 16 63 1 30 494 129 47 49
internal_value=0.00186915 -0.00532701 -0.0136708 -0.0216449 0.0131931 0.00346605 0.0114112 0.0167155 -0.027104 0.0174292 0.0207388 0.0115389 -0.00481237 0.0218818 -0.0293898 -0.00211189 0.0247709 -0.00106239 -0.0305648 -0.0311976 -0.01083 -0.0322356 0.0180193
internal_weight=15.0638 9.53444 6.485 4.24614 5.52935 2.23886 3.04943 2.66282 3.61469 4.81389 4.06425 1.82372 0.590697 2.26459 3.46748 0.749637 1.94062 0.323971 3.30109 3.22867 0.386611 3.05527 1.23302
internal_count=1589 1378 952 646 211 306 426 292 622 183 131 134 58 263 613 52 130 133 588 571 134 541 76
is_linear=0
shrinkage=0.05


Tree=187
num_leaves=24
num_cat=0
split_feature=55 31 150 27 150 28 145 115 8 109 49 39 189 114 17 55 29 7 157 6 1 27 56
split_gain=0.326146 0.576134 0.411725 0.376767 0.387141 0.387133 0.352667 0.301077 0.286645 0.209598 0.189786 0.171851 0.159525 0.164569 0.151052 0.125266 0.115266 0.10061 0.0477784 0.0380589 0.0270356 0.0264004 0.0253795
threshold=-7.9612035751342765 0.073871683263235247 0.2277043163776398 -0.2737854123115539 0.44672423601150518 2.1297644376754765 2.3233143992913079 0.10582306830907055 4.9153577349845792 13.954790842111867 97.839305877685561 -0.13096976586218387 45.500000000000007 0.09449404761904763 2.1086094379425053 0.081678804010152831 0.61567317721325765 35.821262802465988 26.949109077453617 0.42145589580763193 1.2713554953135786 -1.1611320376396177 0.091922283172607436
decision_type=2 8 8 2 8 2 10 8 10 10 2 8 10 8 2 2 8 10 2 10 10 2 2
left_child=1 2 -1 4 5 8 11 10 22 17 -5 -6 13 -3 -4 -13 -8 -7 -17 -10 21 -11 -2
right_child=3 12 14 7 6 9 16 -9 19 20 -12 15 -14 -15 -16 18 -18 -19 -20 -21 -22 -23 -24
leaf_value=-0.011654301754221941 -0.010842762598357321 0.0066118665648897835 0.0001888735782084484 -0.02887736253811329 0.0034373399130137061 -0.020734847377722302 0.016782872206793982 0.0081704085973361915 0.026861298552384789 0.004730803187672339 0.0031496244580076272 -0.027162351768853649 0.0057085367708598067 -0.021696342756116455 0.029387040419234213 -0.0069217453385191814 -0.0058307375204566551 0.0039094579538648672 0.006837463231818235 0.0043211645193123212 0.01186948070548745 -0.0062260051779689058 0.0025563009500248072
leaf_weight=0.29679835942806798 0.27179772924864609 0.17776950623374399 0.52129181416239623 1.686370013761916 0.51425940962508321 0.77584408779512137 0.596577254065778 0.39954534353455518 1.9231055734708209 0.10162968188524246 0.33868936821818341 1.4529199909156894 0.6621629956352989 1.0212630882015219 2.5337935827119509 0.26278772903606284 0.25759165205818135 0.18097385391592979 0.26103235210757703 0.67148524902586348 0.34060629829764366 0.14094245705928188 0.053148925304412842
leaf_count=119 153 8 33 179 19 189 25 17 72 1 8 216 26 153 99 55 75 24 8 49 13 81 1
internal_value=0.000906225 0.0100503 0.0204559 -0.00423384 0.00163333 0.0103414 -0.00968386 -0.0180821 0.019044 -0.00715927 -0.0242504 -0.0176283 -0.00928921 -0.0164012 0.0256801 -0.0224224 0.0104966 -0.0164578 -7.77209e-05 0.0238528 0.00885584 -0.00152258 -0.00837591
internal_weight=15.4424 5.21308 3.35188 10.2293 7.8047 4.45953 3.34517 2.4246 2.91954 1.54 2.02506 2.491 1.8612 1.19903 3.05509 1.97674 0.854169 0.956818 0.52382 2.59459 0.583178 0.242572 0.324947
internal_count=1623 438 251 1185 981 583 398 204 275 308 187 298 187 161 132 279 100 213 63 121 95 82 154
is_linear=0
shrinkage=0.05


Tree=188
num_leaves=23
num_cat=0
split_feature=8 156 157 157 39 144 167 6 106 120 170 21 144 8 39 55 6 8 12 155 111 117
split_gain=0.412332 0.360738 0.540299 0.382362 0.353837 0.293441 0.220219 0.206731 0.180466 0.184057 0.179045 0.174229 0.166948 0.160039 0.180386 0.150223 0.139682 0.130527 0.0716362 0.0341656 0.0155563 0.00807261
threshold=4.3736846456694671 0.86730348418563474 46.896480560302741 60.407569885253913 -0.17885549829031028 0.16860217364214483 4.5000000000000009 0.3584611671854056 0.47127968022942074 0.61326979472140775 -18.773406540378669 26.602846923013217 0.044534735018665499 1.5581533988216234 -0.23914549445213226 -8.9123662710189802 0.025373465625619145 1.1960915260180756 0.43936935441290809 0.071116341173228931 0.12288080729214883 0.38817730467807815
decision_type=8 8 2 2 8 10 8 8 10 2 8 10 8 10 10 2 8 10 8 10 8 10
left_child=13 2 4 6 -2 11 12 -8 -7 18 -4 16 19 17 -15 -12 -6 -1 -10 -3 -18 -9
right_child=1 3 10 -5 5 8 7 21 9 -11 15 -13 -14 14 -16 -17 20 -19 -20 -21 -22 -23
leaf_value=-0.010526513409757441 0.010713802240035828 0.0051500006321029343 0.019868007187946041 -0.01164051831088659 0.0037102769413214533 0.013082462220078606 0.011973907764530268 0.00026689766906147001 -0.020920448348961982 0.007501825071854905 0.0089653578311618583 0.0036684647755163783 0.028415926158287964 0.0052684717080168225 -0.027108361042519548 -0.011472891437269532 -0.0015068211585098975 0.011481448793445939 0.0028344480274172528 -0.0068094292418609996 -0.032237958686911219 -0.014608813670830204
leaf_weight=0.26366540069284328 0.75992784585105255 0.20266495688702102 1.6476072184741495 0.53358350420603518 0.097883574664591744 0.51589862510445517 0.66087165505450651 0.059775828238343931 0.68846006570674922 0.48225063693826087 0.92961282398027834 0.23190954595338542 2.5510661758016795 0.18272442044690262 1.1349875477317251 0.68717287108302139 0.14467582826910108 0.46874603194009978 0.12617988014244474 0.22309655550634488 1.8776647655176928 0.40028238340164535
leaf_count=121 20 8 31 20 2 52 41 14 141 14 49 13 98 6 418 19 12 44 24 53 312 109
internal_value=0.000936896 0.004555 -0.0019241 0.0143188 -0.0115153 -0.0168603 0.0193194 -0.000135077 -0.000419502 -0.00914787 0.0118529 -0.0256261 0.0248369 -0.0157645 -0.0222827 -0.00078611 -0.0289791 0.00205571 -0.0177067 -0.00149735 -0.0312655 -0.013817
internal_weight=14.8707 12.8206 8.18924 4.63134 4.92485 4.16492 4.09776 1.12093 1.81279 1.29689 3.26439 2.35213 2.97683 2.05012 1.31771 1.61679 2.12022 0.732411 0.81464 0.425762 2.02234 0.460058
internal_count=1621 1032 689 343 590 570 323 164 231 179 99 339 159 589 424 68 326 165 165 61 324 123
is_linear=0
shrinkage=0.05


Tree=189
num_leaves=24
num_cat=0
split_feature=56 31 159 121 5 108 140 135 108 109 165 144 111 30 55 118 101 153 150 138 137 47 137
split_gain=0.342023 0.540209 0.417581 0.359587 0.502797 0.321435 0.270785 0.264597 0.261508 0.237828 0.237406 0.228147 0.222896 0.193806 0.158582 0.106902 0.089444 0.0798954 0.0547637 0.0357144 0.0355175 0.0235856 0.0206794
threshold=0.048161983489990241 0.079761247601937535 99.883937835693374 14.815826177597048 49.051302015785502 23.235517059527307 -0.55660873651504505 0.00064713985245289194 -691.83739184829494 185.74017333401528 0.45790004730224609 1.7990245466353914 4.7891843998924708 0.3829282740696866 -8.9730663299560529 0.51797817533043633 30.024976730346683 8.9570387019564954 0.20708209276199344 0.015739966487851861 -0.010509522264952118 -3.0193224282663302 -0.010588275554700476
decision_type=2 8 2 2 10 8 2 10 8 10 10 10 10 8 2 8 10 2 8 10 8 10 10
left_child=1 3 8 4 6 -2 -1 11 -3 10 16 13 -6 -5 -9 -7 20 -8 19 -19 22 -22 -10
right_child=5 2 -4 7 12 15 17 14 9 -11 -12 -13 -14 -15 -16 -17 -18 18 -20 -21 21 -23 -24
leaf_value=-0.0081229144272013578 0.022472830250881152 0.0082911449892582763 0.011480465327870795 -0.027210944974348235 -0.019741099171665204 0.006417607771654104 -0.0005625887079731721 0.016679536973751536 -0.0058126139617426199 0.0060334260156296102 0.0043716879729416673 0.0069289215141979266 0.0093012031658838337 0.0055478216473144673 -0.0059225353683772623 -0.014803721422011945 0.0011510021724386419 0.0070229112349780888 0.030194041985266009 -0.0055616342315425032 -0.00059359245228926463 -0.032667438655738117 0.0039895416285150847
leaf_weight=0.19060911743144915 2.1614929731877064 0.28069547213090118 0.70001264009624709 1.1288038942293497 0.61636210036522232 0.28262487472966347 0.21381772938184296 0.75859717131243087 0.1301407350183581 0.29234587794053357 0.32908537251933001 0.41576318859006267 0.35270899164606817 0.20006722935067967 0.69218606993672416 0.40717510863032658 0.15808426251169283 0.16252519808767862 2.4325254585564835 0.12452470949210692 0.096281521939092118 2.6663758918293765 0.096166006318526343
leaf_count=99 71 17 35 271 64 23 39 26 69 26 23 51 12 36 25 59 11 6 115 84 41 418 4
internal_value=0.00217937 -0.00182698 -0.0134874 0.00648154 0.0148969 0.0151761 0.0230838 -0.00527927 -0.0192227 -0.022581 -0.0257978 -0.0151056 -0.00981526 -0.0220145 0.00787934 -0.00745653 -0.029246 0.0266612 0.0283774 0.0014841 -0.0307392 -0.0320045 -0.00179064
internal_weight=14.889 12.0377 4.74919 7.28849 4.09307 2.85129 3.124 3.19542 4.04918 3.76848 3.47613 1.74463 0.969071 1.32887 1.45078 0.6898 3.14705 2.93339 2.71958 0.28705 2.98896 2.76266 0.226307
internal_count=1625 1472 644 828 419 153 343 409 609 592 566 358 76 307 51 82 543 244 205 90 532 459 73
is_linear=0
shrinkage=0.05


Tree=190
num_leaves=24
num_cat=0
split_feature=170 20 30 147 8 39 166 49 7 49 166 36 30 24 135 121 115 7 2 16 150 37 39
split_gain=0.436731 0.2932 0.477976 0.348948 0.267199 0.307207 0.25954 0.315322 0.241664 0.232555 0.185723 0.183427 0.175261 0.162467 0.134634 0.0753124 0.0737224 0.0650108 0.0773182 0.059881 0.0177252 0.019909 0.00213107
threshold=-19.85212167953852 2.9092926645181039 0.18939514532446503 0.034532070159912116 16.604889684861156 0.12666303788622221 0.91009998321533214 91.736036503687515 11.570426347036912 98.77469416521491 0.19260025024414065 10.500000000000002 0.13681976373015553 -0.0041623126789189597 -0.021258994980997339 7.0310564041137704 0.037386443046820407 9.5297515733547886 147.83569220025151 5.1011255979537973 0.53245979547500621 0.62028041481971752 0.33642599849651261
decision_type=8 8 10 8 8 10 10 2 10 2 8 2 8 10 10 2 10 8 10 2 10 10 8
left_child=4 2 6 20 5 8 7 17 11 10 -5 -1 -8 14 -6 -7 -14 18 -2 -12 21 -4 -19
right_child=1 -3 3 9 13 15 12 -9 -10 -11 19 -13 16 -15 -16 -17 -18 22 -20 -21 -22 -23 -24
leaf_value=0.0083681381110045413 0.0096339366339916067 -0.024246524346981768 -0.0050698596707857181 0.0036087798890824755 0.01048910218874885 0.00302423386887124 -0.017894905195688256 -0.010765152553392377 0.016261462777687457 0.0056317074865048136 0.00036519485021393848 -0.015940226012967813 -0.0060090452270374663 0.024380687426525632 -0.012238112402667967 -0.020399073649162176 0.012352350928591821 0.025621274021407622 -0.0074530679522037194 -0.030764535449146764 0.012396700120439003 0.0044408672278882433 0.0043764747622096877
leaf_weight=0.56893169938121013 0.43309353958466101 0.88579476028098536 0.11216396941745221 0.26719365204917345 0.30060221673920762 0.1427935262036043 0.53097784527926672 0.37338195448683098 1.9241968203568829 0.3529077614948618 0.13873029261594627 0.72915387596003711 0.1349821033072659 1.969996372645255 0.31727490836055972 0.6526844901527511 0.43919233643100597 1.5154448055836836 0.27807913212745916 1.8505452631943624 0.3283123764267657 0.098479559004772455 0.49376295211550436
leaf_count=20 26 145 76 13 4 13 159 49 41 32 30 44 90 38 73 91 42 44 49 474 8 4 66
internal_value=0.000740588 -0.00661346 -0.00183753 -0.0143145 0.00957083 0.000570074 0.00847156 0.0147743 0.00784354 -0.0208035 -0.0253977 -0.00628091 -0.00780915 0.0194911 -0.00153214 -0.0168519 0.00696063 0.020231 0.00250163 -0.0291977 0.0102059 -0.000628024 0.0235897
internal_weight=14.8387 8.23304 7.34725 3.14833 6.60563 4.01776 4.19891 3.09376 3.22228 2.60938 2.25647 1.29809 1.10515 2.58787 0.617877 0.795478 0.574174 2.72038 0.711173 1.98928 0.538956 0.210644 2.00921
internal_count=1631 1307 1162 637 324 209 525 234 105 549 517 64 291 115 77 104 132 185 75 504 88 80 110
is_linear=0
shrinkage=0.05


Tree=191
num_leaves=24
num_cat=0
split_feature=56 157 152 156 108 50 3 165 38 54 5 3 129 111 117 113 160 25 46 31 3 40 143
split_gain=0.341737 0.490197 0.52072 0.466009 0.362691 0.334344 0.319694 0.265737 0.237224 0.265462 0.218921 0.139918 0.135001 0.131001 0.110815 0.110421 0.0515058 0.0293658 0.0208123 0.016958 0.0144924 0.0110946 0.00667718
threshold=0.044710874557495124 41.989576339721687 -0.8918964801975372 0.86730348418563474 41.591518214271666 0.26726113078130737 1.0000000180025095e-35 -0.28084993362426752 0.47502178881073015 2.9473684210526323 39.988469152090595 28.745015072148629 0.039914589728426444 30.771140798537278 0.33501976057939881 4.2007096849004943 26.133436795883444 0.2484486950566458 -0.020524085482806577 0.070376863706985607 -31.881170048884318 0.71489230915904056 0.07475889464864445
decision_type=2 2 8 8 8 8 8 8 10 2 10 10 10 10 8 10 10 10 8 10 8 10 10
left_child=1 3 6 7 18 10 -3 -1 9 12 15 -4 13 17 -6 16 -5 -9 -2 21 -10 -17 -22
right_child=4 2 11 5 14 -7 -8 8 20 -11 -12 -13 -14 -15 -16 19 -18 -19 -20 -21 22 -23 -24
leaf_value=0.0072030309665069917 0.025137719854128035 -0.0017365742596360937 0.0035908663058975957 -0.0085990792752438632 0.0066412178220420174 -0.01614497667585562 0.026561676693160903 -0.034520651999955278 0.0077855676238846143 0.0070518806451251208 -0.0080877840596651675 -0.01892909144187814 0.0032459159313527452 0.0016368907816807438 -0.015810390008353877 -0.0019533312087058633 0.0063948233060738078 -0.00064475111016759732 0.0052320941620584878 0.024791182996225406 0.0020326426897788168 0.0054832100153544873 -0.0038501031840246685
leaf_weight=0.38562853433541022 1.7486227168701587 1.2645287090854254 0.69373926747357451 0.20494639678509052 0.1895009673899043 0.46309536678018037 2.2964934964838903 2.5752969626410058 0.18867005020729266 0.17421582498354826 0.40526446168951213 0.75319638795917854 0.11058502228115674 0.18521078553749237 0.44592509085487109 0.18324422108707938 0.1408061683177948 0.10438083762710437 0.81030470383120823 1.1207902991591252 0.047298867779318132 0.25718632685311604 0.082354516416671686
leaf_count=51 41 45 34 120 6 203 49 631 9 6 49 31 10 16 67 26 1 19 61 51 4 39 48
internal_value=0.00291338 -0.00138343 0.0094081 -0.00970061 0.0151644 0.00506068 0.0183353 -0.0191838 -0.0230734 -0.0265823 0.0128999 -0.0110769 -0.0298301 -0.0316163 -0.00914802 0.018608 -0.00227841 -0.0337349 0.0220757 0.0223171 0.00547368 0.0031811 -0.00180444
internal_weight=14.8313 11.6369 5.00796 6.62897 3.19435 2.77533 3.56102 3.85364 3.46801 3.14969 2.31224 1.44694 2.97547 2.86489 0.635426 1.90697 0.345753 2.67968 2.55893 1.56122 0.318323 0.440431 0.129653
internal_count=1617 1442 159 1283 175 489 94 794 743 682 286 65 676 666 73 237 121 650 102 116 61 65 52
is_linear=0
shrinkage=0.05


Tree=192
num_leaves=21
num_cat=0
split_feature=8 170 8 189 107 116 5 108 51 111 1 142 26 3 108 189 170 47 18 4
split_gain=0.416823 0.465765 0.322386 0.313666 0.292807 0.322633 0.271407 0.263382 0.246566 0.218503 0.260602 0.169216 0.120084 0.11851 0.110304 0.066442 0.0502802 0.0405473 0.0343106 0.0271268
threshold=4.3736846456694671 -19.85212167953852 74.098081183597813 17.500000000000004 205.39161432302959 2.1758380009748581 216.7702565956501 15.529663487323839 0.81232887734082981 0.095281657406558348 0.25393080464958911 0.82789864939327873 0.0011900591193039097 7.560246349586401 -9.8667193046871002 66.500000000000014 -25.760216759776515 -1.5012485661978279 0.47697523938990832 0.027120364057694378
decision_type=8 10 10 8 10 8 8 8 10 8 10 10 10 10 10 10 8 8 10 8
left_child=9 2 3 13 5 -5 -3 8 -6 -1 -11 12 18 -2 -7 -4 -12 -8 -10 -19
right_child=1 6 15 4 7 14 17 -9 11 10 16 -13 -14 -15 -16 -17 -18 19 -20 -21
leaf_value=0.0084310018019707837 -0.016520855872813631 -0.024071028388218427 -0.016670789279222158 -0.0059132005244574007 -0.0079904135201684153 0.0030632185604700926 0.011262696785413369 -0.015165471423248323 -0.0054364212947262611 0.0064271316508379868 0.0012110564777565187 -0.0040213836328040486 0.023686770332214752 0.0051935734868060321 0.030605082576457682 0.003922809562491387 -0.028217906964744813 0.0041781913996559615 0.0057084130111234128 -0.0071993080552008211
leaf_weight=0.28411142554250424 0.45892646227730438 0.88875707195256892 0.48414146431605409 0.47719546694133352 0.89346179357381039 0.65917721649748307 0.29961194308998529 0.41905521613079599 0.31113342641037967 0.35181876525166456 0.069846873520873487 0.61791090661426995 1.969975333442562 0.46483276539947838 3.2765627685876098 0.10037037287838757 1.2473219211096873 0.092181537649594358 0.47084844420896843 0.16495404262968805
leaf_count=13 31 261 140 41 48 47 12 73 24 43 8 23 57 21 116 6 523 2 31 70
internal_value=0.00276744 0.00644658 0.0102359 0.0126325 0.0154223 0.0235052 -0.0141691 0.00500864 0.00949621 -0.014427 -0.0200191 0.0149 0.019088 -0.00857436 0.0275474 -0.0128906 -0.0268082 0.00694629 0.000711756 -0.00304145
internal_weight=14.0022 12.0491 10.6036 10.0191 9.09532 4.41294 1.4455 4.68239 4.26333 1.9531 1.66899 3.36987 2.75196 0.923759 3.93574 0.584512 1.31717 0.556748 0.781982 0.257136
internal_count=1590 1003 658 512 460 204 345 256 183 587 574 135 112 52 163 146 531 84 55 72
is_linear=0
shrinkage=0.05


Tree=193
num_leaves=24
num_cat=0
split_feature=166 30 30 166 134 117 45 13 7 136 6 7 115 107 39 117 49 42 142 111 113 111 20
split_gain=0.418677 0.371504 0.523883 0.339915 0.32975 0.35611 0.248693 0.188371 0.187065 0.242845 0.179472 0.144388 0.141225 0.122718 0.0980313 0.0934108 0.0366853 0.0319496 0.0233379 0.0192067 0.0110389 0.00850724 0.0156511
threshold=1.236299514770508 0.18939514532446503 0.23632065063610211 0.70689964294433605 1.1686152593339927 0.32947124453770532 0.091026953066768904 10.193893741073287 10.988027595589312 0.00051660094286885827 0.22999178467874415 43.720700899836864 0.082650273224043724 6.566863547871673 -0.22219319113840655 0.4075329227149419 98.77469416521491 0.21733046576771289 0.77446630761677726 0.31481924455924698 3.4214526083685368 0.2609943472859178 -1.538611837769164
decision_type=10 8 10 8 8 8 8 10 8 8 8 10 10 8 10 10 2 10 10 8 10 10 10
left_child=1 4 10 18 13 -6 -2 14 9 -7 -3 19 -8 -1 -5 -11 -16 -13 -4 -10 -9 -14 -23
right_child=6 2 3 7 5 8 12 20 11 15 -12 17 21 -15 16 -17 -18 -19 -20 -21 -22 22 -24
leaf_value=0.0065105243155960989 0.0068859558797545314 0.0025323501742927522 0.0022418209035919277 0.004880793460224242 -0.011723677983871771 -0.01460822675388531 -0.02824054335130808 0.0099901504768660949 0.0057290485821746215 -0.0022734449724543288 -0.027817428572348604 0.0065711442272441524 0.0045813408194551476 -0.016938242436210057 -0.020523357603330648 0.018087448048688434 0.00066841295484059847 -0.0043865336522092768 0.021154389063317947 0.030354061462277572 0.00011801300425699894 0.0033763901155217518 -0.0052730376831346334
leaf_weight=0.21347992238588354 0.38923218546551708 0.41848662894335631 0.46164025409962084 0.12015066249295925 0.43718876654747862 0.39509813449694786 1.2464632338669615 0.30948204585001793 0.64151669485727358 0.54653046108433045 1.3410239711520262 0.27424514247104514 0.10300261768861685 0.59031418924860191 0.94927238475065789 0.68567746168992016 0.15942660468863323 0.42764369878568687 1.021908984694164 2.2550327288336121 0.39217427381663583 0.079024309394299053 0.11608663493825588
leaf_count=8 73 26 40 3 31 64 575 13 22 33 148 7 4 99 177 22 11 46 30 84 38 4 51
internal_value=-0.000414074 0.00356235 -0.00583089 0.0057842 0.0108517 0.0150179 -0.0174053 -0.00700125 0.0187789 0.0025097 -0.0222971 0.0239905 -0.0238272 -0.0105537 -0.0151484 0.0120838 -0.0186042 0.00124029 0.0185416 0.0277702 0.00778431 0.00216566 -0.00187594
internal_weight=13.5741 11.6403 5.17357 3.41406 6.46673 5.66293 1.93381 1.93051 5.22574 1.62731 1.75951 3.59844 1.54458 0.803794 1.22885 1.23221 1.1087 0.701889 1.48355 2.89655 0.701656 0.298114 0.195111
internal_count=1609 902 486 312 416 309 707 242 278 119 174 159 634 107 191 55 188 53 70 106 51 59 55
is_linear=0
shrinkage=0.05


Tree=194
num_leaves=24
num_cat=0
split_feature=136 107 166 3 5 143 52 184 106 5 153 142 42 52 143 145 178 131 153 3 168 55 131
split_gain=0.341031 0.320869 0.523715 0.416566 0.319474 0.518018 0.296088 0.212318 0.192426 0.170973 0.155669 0.15318 0.101038 0.0721908 0.0687871 0.0647121 0.0540045 0.0660935 0.0496236 0.0349769 0.0162055 0.00827955 0.00801112
threshold=0.0012115912327008338 163.52483748011687 1.1801996231079104 12.492281777294467 10.513849324075958 0.11459245307685061 16.933964729309086 19.891300201416019 1.3553665558904353 40.758277853516113 8.0428059907216234 0.54192040832526878 -0.21545764471271203 28.430821418762211 0.1827437053867674 1.7274801832934223 0.86650618233913013 0.24785802870651 7.2145966991205626 -3.7859522693113159 0.45440339057776274 -11.989149808883665 0.24529694173995156
decision_type=10 10 8 10 8 10 2 10 10 10 2 10 8 2 10 10 8 10 2 10 8 2 10
left_child=1 3 6 10 14 11 15 8 18 -8 -1 -6 -2 -14 -4 -3 -7 22 -5 -13 -20 -12 -18
right_child=12 2 4 7 5 16 9 -9 -10 -11 21 19 13 -15 -16 -17 17 -19 20 -21 -22 -23 -24
leaf_value=-0.0023671812442658119 0.0042047321541796414 0.0043638920081358638 -0.0050970229447457821 0.001904261640952654 -0.010151432311905002 0.00033275930560932817 0.024137950679497099 0.01272830683667367 0.0037684091672027437 0.00045146092424046573 0.0036813926624200801 -0.00019410741544240506 -0.023726655916938386 0.0023967730836967284 0.013570054310801719 -0.015163861587066367 -0.0028824573712894789 -0.033332696573658054 0.00035925320070047688 0.015602790680630842 -0.022514730377569726 0.026836728050584652 0.0032624257607659496
leaf_weight=0.40128535934490939 0.1329993037506938 0.09323457628488574 0.11176126619102422 0.081315646966687249 0.35007169110758718 0.11602626826788798 1.4825147452938838 0.60827230973518442 1.1099838611553421 1.1551337046548722 0.39724999426107466 0.42221777948725503 0.86767059060366658 0.1099547827616334 0.53731634901487269 0.4267565764603205 0.060895267990417667 1.8089732574735533 0.048513011410250328 0.53967576676222961 0.78747324639698491 2.2903922083351058 0.068851244548568502
leaf_count=32 4 1 60 8 79 22 37 34 47 27 39 41 231 3 81 120 52 314 16 40 209 118 2
internal_value=0.00135203 0.00411438 -0.00288276 0.0120074 -0.0134761 -0.0189589 0.0105905 -0.00258195 -0.00986276 0.0167404 0.0220425 0.0043435 -0.0174779 -0.0210623 0.00921412 -0.0110951 -0.0303889 -0.031715 -0.0197197 0.0121042 -0.0217146 0.0253406 0.000379786
internal_weight=14.0085 12.8979 7.17343 5.72449 4.01579 3.36671 3.15764 2.63556 2.02729 2.63765 3.08893 1.31197 1.11062 0.977625 0.649078 0.519991 2.05475 1.93872 0.917302 0.961894 0.835986 2.68764 0.129747
internal_count=1617 1379 876 503 691 550 185 314 280 64 189 160 238 234 141 121 390 368 233 81 225 157 54
is_linear=0
shrinkage=0.05


Tree=195
num_leaves=23
num_cat=0
split_feature=121 157 168 39 8 108 2 147 148 106 43 10 40 109 161 34 122 108 169 42 42 148
split_gain=0.36608 0.454196 0.299221 0.260282 0.259886 0.329117 0.247497 0.237734 0.265037 0.232196 0.227638 0.163247 0.130055 0.127617 0.121432 0.0914229 0.0613361 0.0584031 0.0753293 0.0394812 0.0516943 0.011059
threshold=15.881715297698976 36.011787414550788 1.924174246891043 -0.18877450190484521 6.3807768325922369 -16.834808487788326 153.76111684161222 0.13459289073944095 0.057189542483660136 0.34326864613991015 56.500000000000007 0.059411764705882358 0.069013646094558345 1569.7665687759811 18.575149536132812 0.065749764442443862 2.9815182685852055 23.795994758050437 0.18819999694824219 0.5270699290797497 0.87669185351635992 0.16441441441441443
decision_type=2 2 10 8 10 8 8 10 10 8 2 8 8 10 10 10 2 10 8 8 10 10
left_child=2 3 7 -2 -4 16 -3 9 -9 -1 11 19 -13 -5 -8 -12 -6 -7 -19 -11 -21 -17
right_child=1 6 4 13 5 17 14 8 -10 10 15 12 -14 -15 -16 21 -18 18 -20 20 -22 -23
leaf_value=-0.0094882689844899629 0.0057032344431589407 -0.010997634139937519 -0.020577558665256897 -0.030717813824525538 -0.016510509533614288 0.020151776883250795 -0.0022490354009387123 0.012034592867793618 -0.01843685814413203 0.027638690430970409 0.0077750387276128768 0.010651584112683059 -0.011655653809392947 0.0034897536080731174 0.018558691559573126 0.00011821157792366859 0.002209823807428157 0.0086213469915061691 -0.0088666733266166819 -0.006172027149935852 0.0087029533230111693 -0.011899227676344378
leaf_weight=0.22769657436583468 0.34205399407073855 0.88919103640364516 0.67582132904499337 1.6122508114640379 0.59221784195688087 0.81623979286814596 0.74663703772239376 0.40612274856539432 0.55976061643741559 3.0893383634538636 0.38001420954242338 0.32308879389893252 0.29265129858686123 0.093093463336117455 1.1760727225337175 0.20166933206201065 0.31286459609691519 0.25669377477606736 0.20745196852658432 0.13867675821529601 0.30499487556517124 0.299186956093763
leaf_count=69 18 43 245 514 45 27 39 16 128 131 10 9 49 6 25 20 26 10 47 75 23 40
internal_value=0.000941654 -0.00906146 0.00666029 -0.0225681 -0.00547555 0.00418828 0.00411348 0.0122257 -0.00602018 0.0160042 0.0185405 0.0226035 -0.000602637 -0.0282508 0.0124736 -0.00243909 -0.0122762 0.0161064 8.76354e-05 0.0258886 0.00299886 -0.0102057
internal_weight=13.9438 4.8593 9.08449 2.0474 2.86129 2.18547 2.8119 6.2232 0.965883 5.25732 5.02962 4.14875 0.61574 1.70534 1.92271 0.88087 0.905082 1.28039 0.464146 3.53301 0.443672 0.500856
internal_count=1615 645 970 538 400 155 107 570 144 426 357 287 58 520 64 70 71 84 57 229 98 60
is_linear=0
shrinkage=0.05


Tree=196
num_leaves=24
num_cat=0
split_feature=170 134 109 11 189 5 104 2 55 56 37 108 185 26 132 26 166 23 22 44 113 144 122
split_gain=0.399266 0.334056 0.458206 0.335962 0.328464 0.246315 0.203499 0.201506 0.20109 0.197047 0.187978 0.18775 0.141952 0.141363 0.137314 0.135299 0.10513 0.0681466 0.0665673 0.0652911 0.0387666 0.0250925 0.0163173
threshold=-19.85212167953852 2.5364020922252619 4.9502848923516245 0.51481221845910496 22.500000000000004 19.505028537786711 33.500000000000007 299.31042908107736 -7.0021468997001639 0.044710874557495124 0.62028041481971752 -143.59481026908091 21.510800361633304 0.0012698145734476908 0.10963544249534608 0.00081934403365930782 1.6286497116088869 0.0010033352594053379 -0.0055317212629096028 0.035261298708264603 10.758210573531438 0.03525087372666439 1.0044293403625491
decision_type=8 10 8 8 8 8 2 8 2 2 10 8 10 10 10 8 8 8 10 8 10 10 2
left_child=4 3 6 -2 -1 9 16 -8 13 19 -5 -7 15 21 -13 -10 -3 -18 -16 -6 -9 -4 -17
right_child=1 2 8 10 5 11 7 20 12 -11 -12 14 -14 -15 18 22 17 -19 -20 -21 -22 -23 -24
leaf_value=-0.012955023623280704 0.0099980259864125998 -0.013105006353490553 0.0018589826660025549 -0.030475209510763365 -0.017117834989212061 -0.0024982881806794701 0.025194267663434189 0.0042552927822159144 0.0028667072295407979 0.011044385369792964 0.0034994599831571801 -0.00070152884793821604 0.0050685434725510452 0.012173859118141978 0.0040812479427239203 -0.00041564063935805662 0.011970114158968039 -0.0058145157322448057 0.028920166372997338 0.0033073645159187991 -0.0092045400506801725 -0.011871585517281871 -0.027046978546169654
leaf_weight=0.54113816682365723 0.27260576558182914 0.34013013195362907 0.12956425720767561 1.4613137926280613 0.63576158943760652 0.66388642232050188 1.5678020855120844 0.17646811134181928 0.26372149448434368 0.53223851541406475 0.26021405920619156 0.50085672680870663 0.19325621455209319 0.7497347708849702 0.6940990045841321 0.091437067720107845 0.37396179639472393 0.13097877423570026 2.3884629217791371 0.14723006269196048 0.21933041597367264 0.29517977172508836 1.2446532007452331
leaf_count=38 9 43 12 512 86 33 89 23 56 18 31 36 5 43 58 14 33 113 46 8 38 58 225
internal_value=0.00147171 -0.00576484 0.00107963 -0.0193296 0.0101989 0.0140823 0.013334 0.0197317 -0.0109561 -0.00314602 -0.0259409 0.0190001 -0.0184363 0.00369055 0.0226591 -0.0221331 -0.00416896 0.00655865 0.0256968 -0.0135763 -0.0044542 -0.00931816 -0.0261825
internal_weight=13.874 7.77035 5.77622 1.99413 6.10367 5.56254 2.80867 1.9636 2.96755 1.31523 1.72153 4.24731 1.79307 1.17448 3.58342 1.59981 0.845071 0.504941 3.08256 0.782992 0.395799 0.424744 1.33609
internal_count=1627 1304 752 552 323 285 339 150 413 112 543 173 300 113 140 295 189 146 104 94 61 70 239
is_linear=0
shrinkage=0.05


Tree=197
num_leaves=23
num_cat=0
split_feature=178 114 6 22 142 107 187 167 179 2 47 2 135 41 5 6 162 158 180 42 20 162
split_gain=0.345614 0.337719 0.524472 0.356596 0.366941 0.291549 0.264819 0.254994 0.272764 0.209126 0.208617 0.18653 0.136184 0.129439 0.0990872 0.0963607 0.0878228 0.0794696 0.0618926 0.0533616 0.0524873 0.00309305
threshold=2.5823001224123208 0.28102564102564109 0.33793815815823314 -0.00013686060311691911 0.5866500411627521 795.65010623965009 0.27364921569824224 1.0000000180025095e-35 17.529500000000002 169.84958910909083 -1.4217152318546888 177.49495987242338 0.012641222219890681 0.25270726735647203 52.200626960100898 0.54657492103965033 21.302949905395511 1.8518684289617042 0.75799999999999923 -0.095189666489777322 -1.6921668617381629 20.074449539184574
decision_type=10 8 10 10 10 10 10 8 10 10 10 10 8 10 10 8 10 8 8 10 10 8
left_child=1 3 9 4 20 6 18 -4 10 12 -9 17 19 -11 -13 -5 -12 -6 -2 -3 -1 -15
right_child=5 2 7 15 11 -7 -8 8 -10 13 16 14 -14 21 -16 -17 -18 -19 -20 -21 -22 -23
leaf_value=0.0018812173228773333 -0.029466453283410389 0.0030375029549689746 0.0084779996791498856 0.0037215579163346912 0.0058107437092806431 0.0097514353284427063 0.007720209067540282 0.0034583336081480589 0.008190654491849244 -0.003174830709137222 -0.032880833849849682 0.019682293735663086 0.0085236251082989219 0.0030102182431414222 -0.0025712058162103944 0.025407088072764629 0.00089732340804548011 -0.013678040930671695 0.0012096731215313268 -0.017279299864547799 -0.021579131495808201 0.022988468117190321
leaf_weight=0.10294457396958023 1.3310795462821268 0.079589793327613845 0.28964821950648945 1.0873758699162839 0.14552142834872972 0.34292498885770317 0.20598276349483047 0.30199919900041994 0.20503825973719347 0.40163569530704979 1.7833297386969214 1.2370405235560609 0.26245402067434054 0.362129489672952 0.37440923856047437 2.0555157340713777 0.15071855811402191 0.37040888878982514 0.094513057498261221 0.50793501763837512 0.71199274959508363 1.028515473153675
leaf_count=16 293 5 8 35 6 39 9 21 4 28 433 80 6 60 32 45 5 136 6 182 152 39
internal_value=0.000212598 0.00385506 -0.00485055 0.0111415 -0.00163874 -0.0151147 -0.0220606 -0.0174709 -0.0221188 0.00940809 -0.0265703 0.00908365 -0.00649527 0.0165753 0.0155072 0.0206136 -0.0308399 -0.0079741 -0.0277724 -0.0143474 -0.0192119 0.0212214
internal_weight=13.4327 11.4582 5.37299 6.08521 2.94232 1.9745 1.63158 2.73073 2.44109 2.64226 2.23605 2.12738 0.849979 1.79228 1.61145 3.14289 1.93405 0.51593 1.42559 0.587525 0.814937 1.39064
internal_count=1640 1293 791 502 422 347 308 471 463 320 459 254 193 127 112 80 438 142 299 187 168 99
is_linear=0
shrinkage=0.05


end of trees

feature_importances:
M_pseudo=119
g_r_early=112
g_t_peak=99
g_bazin_rise_time=89
g_bazin_fall_over_rise=84
g_bazin_baseline=83
host_ext=78
g_bazin_reference_time=68
gr_peak_logflux_ratio=64
g_r_wmean=62
r_bazin_reduced_chi2=62
r_t_peak=62
g_r_late=55
host_ri=55
host_r=53
g_linear_trend_sigma=50
r_bazin_reference_time=50
r_bazin_amplitude=49
r_percent_amplitude=49
g_bazin_amplitude=48
g_gap_max=47
host_i=46
r_bazin_baseline=45
r_median_absolute_deviation=42
w1=42
r_bazin_fall_over_rise=40
r_gap_max=40
g_bazin_reduced_chi2=39
g_kurtosis=39
r_bazin_fall_time=39
g_linear_fit_slope=38
g_linear_fit_slope_sigma=38
r_inter_percentile_range_25=38
r_median_buffer_range_percentage_10=38
g_r_mean=37
r_amplitude=37
r_cusum=36
r_eta_e=34
r_magnitude_percentage_ratio_20_10=34
r_maximum_slope=34
wise_sep=34
g_maximum_slope=33
gr_peak_dt=33
r_beyond_1_std=33
r_linear_fit_slope=33
near_ext=33
n_ext_30=32
g_anderson_darling_normal=31
g_bazin_fall_time=31
g_cusum=31
g_eta_e=30
g_skew=30
gr_n_ratio=30
r_magnitude_percentage_ratio_40_5=30
pos_ndet=30
g_mean=29
r_linear_fit_slope_sigma=29
r_logflux_last_minus_peak=29
r_snr_mean=29
host_sep=29
w2w3=29
g_gap_median=28
g_magnitude_percentage_ratio_40_5=28
r_kurtosis=28
r_stetson_K=28
r_weighted_mean=28
g_r_late_minus_early=27
g_r_slope=27
g_stetson_K=27
r_linear_trend=27
r_mean_variance=27
near_sep=27
g_excess_variance=26
r_anderson_darling_normal=26
r_bazin_rise_time=26
r_gap_median=26
host_gr=26
g_frac_obs_before_peak=25
g_linear_trend_noise=25
g_magnitude_percentage_ratio_20_10=25
r_inter_percentile_range_10=25
r_logflux_peak=24
r_span=24
r_beyond_2_std=22
r_frac_obs_before_peak=22
r_linear_trend_noise=22
g_inter_percentile_range_10=21
r_excess_variance=21
r_linear_fit_reduced_chi2=21
r_percent_difference_magnitude_percentile_5=21
r_skew=21
host_iz=21
g_r_std=20
g_snr_mean=20
g_span=20
r_mean=20
g_chi2=19
r_standard_deviation=19
span_total=19
g_linear_trend=18
g_linear_fit_reduced_chi2=17
g_percent_amplitude=17
g_percent_difference_magnitude_percentile_5=17
r_linear_trend_sigma=17
g_median_absolute_deviation=16
r_chi2=16
g_beyond_1_std=15
g_beyond_2_std=15
pos_g=15
g_logflux_last_minus_peak=14
w1w2=14
pos_r=13
g_inter_percentile_range_25=12
g_amplitude=11
g_logflux_peak=11
g_median_buffer_range_percentage_10=11
g_weighted_mean=11
g_n_obs=10
pos_i=10
g_r_n=9
n_obs_total=8
r_n_obs=8
gaia_sep=8
g_standard_deviation=7
pos_sep=7
pos_ri=7
pos_gr=6
g_mean_variance=5
i_logflux_last_minus_peak=2
i_span=2
i_t_peak=2
i_logflux_peak=1
i_n_obs=1
i_snr_mean=1
r_i_early=1
r_i_slope=1
r_i_std=1
gaia_g=1

parameters:
[boosting: gbdt]
[objective: binary]
[metric: auc]
[tree_learner: serial]
[device_type: cpu]
[data_sample_strategy: bagging]
[data: ]
[valid: ]
[num_iterations: 198]
[learning_rate: 0.05]
[num_leaves: 24]
[num_threads: 4]
[seed: 42]
[deterministic: 0]
[force_col_wise: 0]
[force_row_wise: 0]
[histogram_pool_size: -1]
[max_depth: -1]
[min_data_in_leaf: 25]
[min_sum_hessian_in_leaf: 0.001]
[bagging_fraction: 0.85]
[pos_bagging_fraction: 1]
[neg_bagging_fraction: 1]
[bagging_freq: 1]
[bagging_seed: 400]
[bagging_by_query: 0]
[feature_fraction: 0.6]
[feature_fraction_bynode: 1]
[feature_fraction_seed: 30056]
[extra_trees: 0]
[extra_seed: 12879]
[early_stopping_round: 0]
[early_stopping_min_delta: 0]
[first_metric_only: 0]
[max_delta_step: 0]
[lambda_l1: 0]
[lambda_l2: 1]
[linear_lambda: 0]
[min_gain_to_split: 0]
[drop_rate: 0.1]
[max_drop: 50]
[skip_drop: 0.5]
[xgboost_dart_mode: 0]
[uniform_drop: 0]
[drop_seed: 17869]
[top_rate: 0.2]
[other_rate: 0.1]
[min_data_per_group: 100]
[max_cat_threshold: 32]
[cat_l2: 10]
[cat_smooth: 10]
[max_cat_to_onehot: 4]
[top_k: 20]
[monotone_constraints: ]
[monotone_constraints_method: basic]
[monotone_penalty: 0]
[feature_contri: ]
[forcedsplits_filename: ]
[refit_decay_rate: 0.9]
[cegb_tradeoff: 1]
[cegb_penalty_split: 0]
[cegb_penalty_feature_lazy: ]
[cegb_penalty_feature_coupled: ]
[path_smooth: 0]
[interaction_constraints: ]
[verbosity: -1]
[saved_feature_importance_type: 0]
[use_quantized_grad: 0]
[num_grad_quant_bins: 4]
[quant_train_renew_leaf: 0]
[stochastic_rounding: 1]
[linear_tree: 0]
[max_bin: 255]
[max_bin_by_feature: ]
[min_data_in_bin: 3]
[bin_construct_sample_cnt: 200000]
[data_random_seed: 175]
[is_enable_sparse: 1]
[enable_bundle: 1]
[use_missing: 1]
[zero_as_missing: 0]
[feature_pre_filter: 1]
[pre_partition: 0]
[two_round: 0]
[header: 0]
[label_column: ]
[weight_column: ]
[group_column: ]
[ignore_column: ]
[categorical_feature: ]
[forcedbins_filename: ]
[precise_float_parser: 0]
[parser_config_file: ]
[objective_seed: 16083]
[num_class: 1]
[is_unbalance: 0]
[scale_pos_weight: 1]
[sigmoid: 1]
[boost_from_average: 1]
[reg_sqrt: 0]
[alpha: 0.9]
[fair_c: 1]
[poisson_max_delta_step: 0.7]
[tweedie_variance_power: 1.5]
[lambdarank_truncation_level: 30]
[lambdarank_norm: 1]
[label_gain: ]
[lambdarank_position_bias_regularization: 0]
[eval_at: ]
[multi_error_top_k: 1]
[auc_mu_weights: ]
[num_machines: 1]
[local_listen_port: 12400]
[time_out: 120]
[machine_list_filename: ]
[machines: ]
[gpu_platform_id: -1]
[gpu_device_id: -1]
[gpu_use_dp: 0]
[num_gpu: 1]

end of parameters

pandas_categorical:[]
